frame_id,landmark,x,y,z,visibility,image_path
0,NOSE,0.896157443523407,0.06037046015262604,-0.10804294049739838,0.9999071359634399,CapturedFrames_-3.0_1.0_1.0/video.mp4#frame=0
0,LEFT_EYE_INNER,0.9008815884590149,0.05175618454813957,-0.11135874688625336,0.9996979236602783,CapturedFrames_-3.0_1.0_1.0/video.mp4#frame=0
0,LEFT_EYE,0.9029241800308228,0.051743943244218826,-0.11136941611766815,0.9997391104698181,CapturedFrames_-3.0_1.0_1.0/video.mp4#frame=0
0,LEFT_EYE_OUTER,0.9053934216499329,0.05170644819736481,-0.11135749518871307,0.9997099041938782,CapturedFrames_-3.0_1.0_1.0/video.mp4#frame=0
0,RIGHT_EYE_INNER,0.897072970867157,0.0518316887319088,-0.09958086162805557,0.999698281288147,CapturedFrames_-3.0_1.0_1.0/video.mp4#frame=0
0,RIGHT_EYE,0.8965433239936829,0.051839787513017654,-0.0995606780052185,0.9996629953384399,CapturedFrames_-3.0_1.0_1.0/video.mp4#frame=0
0,RIGHT_EYE_OUTER,0.8960041999816895,0.05185204744338989,-0.09957338124513626,0.9996359348297119,CapturedFrames_-3.0_1.0_1.0/video.mp4#frame=0
0,LEFT_EAR,0.9134329557418823,0.057051897048950195,-0.10164545476436615,0.9996140599250793,CapturedFrames_-3.0_1.0_1.0/video.mp4#frame=0
0,RIGHT_EAR,0.9000364542007446,0.056402549147605896,-0.04762734845280647,0.9989843964576721,CapturedFrames_-3.0_1.0_1.0/video.mp4#frame=0
0,MOUTH_LEFT,0.9003832936286926,0.07209964096546173,-0.10275597870349884,0.9998210072517395,CapturedFrames_-3.0_1.0_1.0/video.mp4#frame=0
0,MOUTH_RIGHT,0.8955506086349487,0.0713857114315033,-0.08709320425987244,0.9996978044509888,CapturedFrames_-3.0_1.0_1.0/video.mp4#frame=0
0,LEFT_SHOULDER,0.9299821853637695,0.11376611143350601,-0.10663892328739166,0.9999686479568481,CapturedFrames_-3.0_1.0_1.0/video.mp4#frame=0
0,RIGHT_SHOULDER,0.8859460949897766,0.12211629748344421,0.0014526882441714406,0.9999305009841919,CapturedFrames_-3.0_1.0_1.0/video.mp4#frame=0
0,LEFT_ELBOW,0.9287331700325012,0.18896611034870148,-0.12161599099636078,0.9958571791648865,CapturedFrames_-3.0_1.0_1.0/video.mp4#frame=0
0,RIGHT_ELBOW,0.8718303442001343,0.19183394312858582,0.03288508206605911,0.7238976359367371,CapturedFrames_-3.0_1.0_1.0/video.mp4#frame=0
0,LEFT_WRIST,0.9176756143569946,0.2564656734466553,-0.14381526410579681,0.9909624457359314,CapturedFrames_-3.0_1.0_1.0/video.mp4#frame=0
0,RIGHT_WRIST,0.853921115398407,0.24760884046554565,-0.00638141855597496,0.8771545886993408,CapturedFrames_-3.0_1.0_1.0/video.mp4#frame=0
0,LEFT_PINKY,0.916956901550293,0.2785910367965698,-0.15893206000328064,0.9793886542320251,CapturedFrames_-3.0_1.0_1.0/video.mp4#frame=0
0,RIGHT_PINKY,0.8493959307670593,0.26904916763305664,-0.015476134605705738,0.8253446221351624,CapturedFrames_-3.0_1.0_1.0/video.mp4#frame=0
0,LEFT_INDEX,0.91160649061203,0.275384783744812,-0.1655079573392868,0.9790415167808533,CapturedFrames_-3.0_1.0_1.0/video.mp4#frame=0
0,RIGHT_INDEX,0.8506104350090027,0.2685733437538147,-0.03316068276762962,0.8323241472244263,CapturedFrames_-3.0_1.0_1.0/video.mp4#frame=0
0,LEFT_THUMB,0.9096997976303101,0.26841306686401367,-0.1460893154144287,0.9724920988082886,CapturedFrames_-3.0_1.0_1.0/video.mp4#frame=0
0,RIGHT_THUMB,0.8530676960945129,0.26164230704307556,-0.015521948225796223,0.8339470028877258,CapturedFrames_-3.0_1.0_1.0/video.mp4#frame=0
0,LEFT_HIP,0.9033740162849426,0.24812327325344086,-0.034900300204753876,0.999626636505127,CapturedFrames_-3.0_1.0_1.0/video.mp4#frame=0
0,RIGHT_HIP,0.8780191540718079,0.2402302473783493,0.03487905114889145,0.9999164342880249,CapturedFrames_-3.0_1.0_1.0/video.mp4#frame=0
0,LEFT_KNEE,0.8909003138542175,0.3355812728404999,0.018881414085626602,0.988804280757904,CapturedFrames_-3.0_1.0_1.0/video.mp4#frame=0
0,RIGHT_KNEE,0.8574713468551636,0.32599350810050964,0.015343410894274712,0.9832709431648254,CapturedFrames_-3.0_1.0_1.0/video.mp4#frame=0
0,LEFT_ANKLE,0.9032486081123352,0.39784714579582214,0.1300637274980545,0.9782228469848633,CapturedFrames_-3.0_1.0_1.0/video.mp4#frame=0
0,RIGHT_ANKLE,0.852151095867157,0.4134925305843353,0.07322686165571213,0.9808712601661682,CapturedFrames_-3.0_1.0_1.0/video.mp4#frame=0
0,LEFT_HEEL,0.9088782072067261,0.4032442271709442,0.1393178552389145,0.8403767347335815,CapturedFrames_-3.0_1.0_1.0/video.mp4#frame=0
0,RIGHT_HEEL,0.8570274114608765,0.4297751188278198,0.0767844170331955,0.9293102025985718,CapturedFrames_-3.0_1.0_1.0/video.mp4#frame=0
0,LEFT_FOOT_INDEX,0.8903223276138306,0.4377419054508209,0.10107327997684479,0.9611909985542297,CapturedFrames_-3.0_1.0_1.0/video.mp4#frame=0
0,RIGHT_FOOT_INDEX,0.8270862698554993,0.43359053134918213,0.03731263801455498,0.9682908654212952,CapturedFrames_-3.0_1.0_1.0/video.mp4#frame=0
1,NOSE,0.8933179974555969,0.05166374146938324,-0.1253228336572647,0.9996819496154785,CapturedFrames_-3.0_1.0_1.0/video.mp4#frame=1
1,LEFT_EYE_INNER,0.8980920910835266,0.042927637696266174,-0.1271335333585739,0.9989972710609436,CapturedFrames_-3.0_1.0_1.0/video.mp4#frame=1
1,LEFT_EYE,0.9001023173332214,0.04305961728096008,-0.12715023756027222,0.9992027878761292,CapturedFrames_-3.0_1.0_1.0/video.mp4#frame=1
1,LEFT_EYE_OUTER,0.9022730588912964,0.04330058395862579,-0.1271486133337021,0.9991117119789124,CapturedFrames_-3.0_1.0_1.0/video.mp4#frame=1
1,RIGHT_EYE_INNER,0.894641101360321,0.04278656840324402,-0.11652525514364243,0.9989989399909973,CapturedFrames_-3.0_1.0_1.0/video.mp4#frame=1
1,RIGHT_EYE,0.894075870513916,0.04262712597846985,-0.11653158813714981,0.9989858269691467,CapturedFrames_-3.0_1.0_1.0/video.mp4#frame=1
1,RIGHT_EYE_OUTER,0.893417239189148,0.042487531900405884,-0.11655016988515854,0.9988580942153931,CapturedFrames_-3.0_1.0_1.0/video.mp4#frame=1
1,LEFT_EAR,0.9103484153747559,0.05080753564834595,-0.11285725980997086,0.9988667964935303,CapturedFrames_-3.0_1.0_1.0/video.mp4#frame=1
1,RIGHT_EAR,0.897545337677002,0.04861697554588318,-0.0636211484670639,0.9963709115982056,CapturedFrames_-3.0_1.0_1.0/video.mp4#frame=1
1,MOUTH_LEFT,0.896659255027771,0.06329038739204407,-0.11859183013439178,0.9994673132896423,CapturedFrames_-3.0_1.0_1.0/video.mp4#frame=1
1,MOUTH_RIGHT,0.8921340107917786,0.06293030083179474,-0.10433318465948105,0.998985230922699,CapturedFrames_-3.0_1.0_1.0/video.mp4#frame=1
1,LEFT_SHOULDER,0.9272063970565796,0.10989230126142502,-0.11356820166110992,0.9998948574066162,CapturedFrames_-3.0_1.0_1.0/video.mp4#frame=1
1,RIGHT_SHOULDER,0.8814860582351685,0.11694969236850739,-0.014086565002799034,0.9997184872627258,CapturedFrames_-3.0_1.0_1.0/video.mp4#frame=1
1,LEFT_ELBOW,0.9271051287651062,0.18795505166053772,-0.12220315635204315,0.9954981803894043,CapturedFrames_-3.0_1.0_1.0/video.mp4#frame=1
1,RIGHT_ELBOW,0.8667830228805542,0.1878945231437683,0.020351821556687355,0.6336379051208496,CapturedFrames_-3.0_1.0_1.0/video.mp4#frame=1
1,LEFT_WRIST,0.9193859100341797,0.2551925778388977,-0.1388029158115387,0.9805183410644531,CapturedFrames_-3.0_1.0_1.0/video.mp4#frame=1
1,RIGHT_WRIST,0.8488502502441406,0.24409320950508118,-0.016437716782093048,0.7952997088432312,CapturedFrames_-3.0_1.0_1.0/video.mp4#frame=1
1,LEFT_PINKY,0.9183843731880188,0.2764323949813843,-0.15197324752807617,0.9564123749732971,CapturedFrames_-3.0_1.0_1.0/video.mp4#frame=1
1,RIGHT_PINKY,0.8443070650100708,0.26482823491096497,-0.024266792461276054,0.7219588756561279,CapturedFrames_-3.0_1.0_1.0/video.mp4#frame=1
1,LEFT_INDEX,0.9135130643844604,0.274394690990448,-0.16051118075847626,0.9570996165275574,CapturedFrames_-3.0_1.0_1.0/video.mp4#frame=1
1,RIGHT_INDEX,0.8450394868850708,0.26500222086906433,-0.042606838047504425,0.7361319661140442,CapturedFrames_-3.0_1.0_1.0/video.mp4#frame=1
1,LEFT_THUMB,0.9122596979141235,0.2666155993938446,-0.1418430656194687,0.9478740692138672,CapturedFrames_-3.0_1.0_1.0/video.mp4#frame=1
1,RIGHT_THUMB,0.8477082252502441,0.2585113048553467,-0.025751372799277306,0.7456175088882446,CapturedFrames_-3.0_1.0_1.0/video.mp4#frame=1
1,LEFT_HIP,0.9004872441291809,0.244068443775177,-0.03386135399341583,0.9990571141242981,CapturedFrames_-3.0_1.0_1.0/video.mp4#frame=1
1,RIGHT_HIP,0.8746196627616882,0.23756428062915802,0.033797331154346466,0.9995284080505371,CapturedFrames_-3.0_1.0_1.0/video.mp4#frame=1
1,LEFT_KNEE,0.8847078084945679,0.33251550793647766,0.011841865256428719,0.9856523275375366,CapturedFrames_-3.0_1.0_1.0/video.mp4#frame=1
1,RIGHT_KNEE,0.8585343360900879,0.3256286084651947,0.04424094036221504,0.9551853537559509,CapturedFrames_-3.0_1.0_1.0/video.mp4#frame=1
1,LEFT_ANKLE,0.8911153078079224,0.40603023767471313,0.09962175041437149,0.9828042984008789,CapturedFrames_-3.0_1.0_1.0/video.mp4#frame=1
1,RIGHT_ANKLE,0.8506218194961548,0.41163235902786255,0.11181322485208511,0.972480058670044,CapturedFrames_-3.0_1.0_1.0/video.mp4#frame=1
1,LEFT_HEEL,0.896604061126709,0.41243696212768555,0.10565666109323502,0.848202645778656,CapturedFrames_-3.0_1.0_1.0/video.mp4#frame=1
1,RIGHT_HEEL,0.855819582939148,0.42807310819625854,0.11571238934993744,0.9040797352790833,CapturedFrames_-3.0_1.0_1.0/video.mp4#frame=1
1,LEFT_FOOT_INDEX,0.8768518567085266,0.4437404274940491,0.05748115852475166,0.9708859324455261,CapturedFrames_-3.0_1.0_1.0/video.mp4#frame=1
1,RIGHT_FOOT_INDEX,0.8273886442184448,0.4330790340900421,0.0710391104221344,0.9654474854469299,CapturedFrames_-3.0_1.0_1.0/video.mp4#frame=1
2,NOSE,0.8904927372932434,0.051055967807769775,-0.12732575833797455,0.9995936751365662,CapturedFrames_-3.0_1.0_1.0/video.mp4#frame=2
2,LEFT_EYE_INNER,0.8951395153999329,0.04138094186782837,-0.12942054867744446,0.9986885190010071,CapturedFrames_-3.0_1.0_1.0/video.mp4#frame=2
2,LEFT_EYE,0.8968212008476257,0.041168347001075745,-0.1294303983449936,0.9990585446357727,CapturedFrames_-3.0_1.0_1.0/video.mp4#frame=2
2,LEFT_EYE_OUTER,0.8987705111503601,0.04103448987007141,-0.12943695485591888,0.9988943934440613,CapturedFrames_-3.0_1.0_1.0/video.mp4#frame=2
2,RIGHT_EYE_INNER,0.891720175743103,0.041566357016563416,-0.11917819082736969,0.9985175728797913,CapturedFrames_-3.0_1.0_1.0/video.mp4#frame=2
2,RIGHT_EYE,0.8908872604370117,0.04161028563976288,-0.11918149888515472,0.9986316561698914,CapturedFrames_-3.0_1.0_1.0/video.mp4#frame=2
2,RIGHT_EYE_OUTER,0.8901728391647339,0.04160122573375702,-0.11919690668582916,0.9982561469078064,CapturedFrames_-3.0_1.0_1.0/video.mp4#frame=2
2,LEFT_EAR,0.9072967767715454,0.04732665419578552,-0.11663518846035004,0.9987008571624756,CapturedFrames_-3.0_1.0_1.0/video.mp4#frame=2
2,RIGHT_EAR,0.8943349719047546,0.046531882137060165,-0.06910421699285507,0.9957017302513123,CapturedFrames_-3.0_1.0_1.0/video.mp4#frame=2
2,MOUTH_LEFT,0.8935826420783997,0.06156448647379875,-0.12095509469509125,0.9993546605110168,CapturedFrames_-3.0_1.0_1.0/video.mp4#frame=2
2,MOUTH_RIGHT,0.8890918493270874,0.06174731254577637,-0.10719230026006699,0.998479425907135,CapturedFrames_-3.0_1.0_1.0/video.mp4#frame=2
2,LEFT_SHOULDER,0.9250242114067078,0.10642151534557343,-0.11304029077291489,0.9999344348907471,CapturedFrames_-3.0_1.0_1.0/video.mp4#frame=2
2,RIGHT_SHOULDER,0.8791092038154602,0.1118461936712265,-0.020982520654797554,0.9995006322860718,CapturedFrames_-3.0_1.0_1.0/video.mp4#frame=2
2,LEFT_ELBOW,0.9282161593437195,0.17951108515262604,-0.11588826030492783,0.9969483017921448,CapturedFrames_-3.0_1.0_1.0/video.mp4#frame=2
2,RIGHT_ELBOW,0.8612443804740906,0.17859581112861633,0.015961356461048126,0.6583406329154968,CapturedFrames_-3.0_1.0_1.0/video.mp4#frame=2
2,LEFT_WRIST,0.9230068325996399,0.25089672207832336,-0.13476328551769257,0.9872081875801086,CapturedFrames_-3.0_1.0_1.0/video.mp4#frame=2
2,RIGHT_WRIST,0.8417400121688843,0.23283861577510834,-0.014290740713477135,0.8389227390289307,CapturedFrames_-3.0_1.0_1.0/video.mp4#frame=2
2,LEFT_PINKY,0.9234668016433716,0.2722148895263672,-0.14553309977054596,0.9698770046234131,CapturedFrames_-3.0_1.0_1.0/video.mp4#frame=2
2,RIGHT_PINKY,0.8358667492866516,0.2548057734966278,-0.020205959677696228,0.7735245823860168,CapturedFrames_-3.0_1.0_1.0/video.mp4#frame=2
2,LEFT_INDEX,0.9182263612747192,0.2704142928123474,-0.15687642991542816,0.9714381098747253,CapturedFrames_-3.0_1.0_1.0/video.mp4#frame=2
2,RIGHT_INDEX,0.8370973467826843,0.25419920682907104,-0.03868952766060829,0.7859312891960144,CapturedFrames_-3.0_1.0_1.0/video.mp4#frame=2
2,LEFT_THUMB,0.9169599413871765,0.2627421021461487,-0.13900116086006165,0.967203676700592,CapturedFrames_-3.0_1.0_1.0/video.mp4#frame=2
2,RIGHT_THUMB,0.8400136828422546,0.24781133234500885,-0.023292941972613335,0.7874550819396973,CapturedFrames_-3.0_1.0_1.0/video.mp4#frame=2
2,LEFT_HIP,0.8965317010879517,0.23736229538917542,-0.03297807648777962,0.9985936284065247,CapturedFrames_-3.0_1.0_1.0/video.mp4#frame=2
2,RIGHT_HIP,0.8711463212966919,0.2306932806968689,0.032899439334869385,0.9982748031616211,CapturedFrames_-3.0_1.0_1.0/video.mp4#frame=2
2,LEFT_KNEE,0.876374363899231,0.32990896701812744,-0.019855713471770287,0.973717451095581,CapturedFrames_-3.0_1.0_1.0/video.mp4#frame=2
2,RIGHT_KNEE,0.8606389760971069,0.3241748511791229,0.05127250403165817,0.8495597243309021,CapturedFrames_-3.0_1.0_1.0/video.mp4#frame=2
2,LEFT_ANKLE,0.8750779032707214,0.41760361194610596,0.03611617907881737,0.9654111266136169,CapturedFrames_-3.0_1.0_1.0/video.mp4#frame=2
2,RIGHT_ANKLE,0.8557079434394836,0.4087068438529968,0.10746201127767563,0.8852331042289734,CapturedFrames_-3.0_1.0_1.0/video.mp4#frame=2
2,LEFT_HEEL,0.8784356117248535,0.43357765674591064,0.0386490635573864,0.7851220369338989,CapturedFrames_-3.0_1.0_1.0/video.mp4#frame=2
2,RIGHT_HEEL,0.8597766160964966,0.42553722858428955,0.11020183563232422,0.7712883949279785,CapturedFrames_-3.0_1.0_1.0/video.mp4#frame=2
2,LEFT_FOOT_INDEX,0.8545926809310913,0.44256752729415894,-0.016421763226389885,0.9461199641227722,CapturedFrames_-3.0_1.0_1.0/video.mp4#frame=2
2,RIGHT_FOOT_INDEX,0.8313834071159363,0.43100932240486145,0.0687389075756073,0.9017685055732727,CapturedFrames_-3.0_1.0_1.0/video.mp4#frame=2
3,NOSE,0.8877898454666138,0.052148621529340744,-0.1299159675836563,0.9998536109924316,CapturedFrames_-3.0_1.0_1.0/video.mp4#frame=3
3,LEFT_EYE_INNER,0.8919126391410828,0.043119803071022034,-0.13009516894817352,0.9995504021644592,CapturedFrames_-3.0_1.0_1.0/video.mp4#frame=3
3,LEFT_EYE,0.8939434289932251,0.04305510222911835,-0.13011056184768677,0.9996442794799805,CapturedFrames_-3.0_1.0_1.0/video.mp4#frame=3
3,LEFT_EYE_OUTER,0.8962886929512024,0.04302644729614258,-0.13011066615581512,0.999602735042572,CapturedFrames_-3.0_1.0_1.0/video.mp4#frame=3
3,RIGHT_EYE_INNER,0.8888069987297058,0.042721375823020935,-0.12105624377727509,0.9995428323745728,CapturedFrames_-3.0_1.0_1.0/video.mp4#frame=3
3,RIGHT_EYE,0.8881193399429321,0.042521268129348755,-0.1210697665810585,0.9995558857917786,CapturedFrames_-3.0_1.0_1.0/video.mp4#frame=3
3,RIGHT_EYE_OUTER,0.8873007893562317,0.04231083393096924,-0.12108731269836426,0.9995087385177612,CapturedFrames_-3.0_1.0_1.0/video.mp4#frame=3
3,LEFT_EAR,0.9047123193740845,0.048346370458602905,-0.1092778891324997,0.9995630383491516,CapturedFrames_-3.0_1.0_1.0/video.mp4#frame=3
3,RIGHT_EAR,0.8907997012138367,0.046556174755096436,-0.0677727609872818,0.9988831877708435,CapturedFrames_-3.0_1.0_1.0/video.mp4#frame=3
3,MOUTH_LEFT,0.8908554315567017,0.063768669962883,-0.12077925354242325,0.9997839331626892,CapturedFrames_-3.0_1.0_1.0/video.mp4#frame=3
3,MOUTH_RIGHT,0.8868138194084167,0.06329110264778137,-0.10872408002614975,0.9995993971824646,CapturedFrames_-3.0_1.0_1.0/video.mp4#frame=3
3,LEFT_SHOULDER,0.9223698377609253,0.10827413201332092,-0.10328380763530731,0.999954104423523,CapturedFrames_-3.0_1.0_1.0/video.mp4#frame=3
3,RIGHT_SHOULDER,0.8735400438308716,0.10901235044002533,-0.017908910289406776,0.9998134970664978,CapturedFrames_-3.0_1.0_1.0/video.mp4#frame=3
3,LEFT_ELBOW,0.925876259803772,0.18088409304618835,-0.10654385387897491,0.9970868229866028,CapturedFrames_-3.0_1.0_1.0/video.mp4#frame=3
3,RIGHT_ELBOW,0.8562868237495422,0.17118045687675476,0.01590101234614849,0.8975050449371338,CapturedFrames_-3.0_1.0_1.0/video.mp4#frame=3
3,LEFT_WRIST,0.9221609830856323,0.250838965177536,-0.13322915136814117,0.9831398129463196,CapturedFrames_-3.0_1.0_1.0/video.mp4#frame=3
3,RIGHT_WRIST,0.8349194526672363,0.22758334875106812,-0.022058356553316116,0.9363546967506409,CapturedFrames_-3.0_1.0_1.0/video.mp4#frame=3
3,LEFT_PINKY,0.9212486147880554,0.2712392508983612,-0.14561526477336884,0.9610477089881897,CapturedFrames_-3.0_1.0_1.0/video.mp4#frame=3
3,RIGHT_PINKY,0.8292802572250366,0.24719564616680145,-0.029687175527215004,0.884331464767456,CapturedFrames_-3.0_1.0_1.0/video.mp4#frame=3
3,LEFT_INDEX,0.9172222018241882,0.2689836919307709,-0.15738718211650848,0.9627477526664734,CapturedFrames_-3.0_1.0_1.0/video.mp4#frame=3
3,RIGHT_INDEX,0.8304005861282349,0.2473929226398468,-0.04844628646969795,0.8937606811523438,CapturedFrames_-3.0_1.0_1.0/video.mp4#frame=3
3,LEFT_THUMB,0.9165061712265015,0.26126402616500854,-0.13806143403053284,0.959087610244751,CapturedFrames_-3.0_1.0_1.0/video.mp4#frame=3
3,RIGHT_THUMB,0.8327381014823914,0.24106121063232422,-0.03134464845061302,0.8958737850189209,CapturedFrames_-3.0_1.0_1.0/video.mp4#frame=3
3,LEFT_HIP,0.8934592008590698,0.2402966171503067,-0.03180135041475296,0.9984623193740845,CapturedFrames_-3.0_1.0_1.0/video.mp4#frame=3
3,RIGHT_HIP,0.8682735562324524,0.23423762619495392,0.03179193288087845,0.9980060458183289,CapturedFrames_-3.0_1.0_1.0/video.mp4#frame=3
3,LEFT_KNEE,0.8720489740371704,0.32489249110221863,-0.04022892937064171,0.9189437031745911,CapturedFrames_-3.0_1.0_1.0/video.mp4#frame=3
3,RIGHT_KNEE,0.8588882684707642,0.3176639676094055,0.026545220986008644,0.6970096826553345,CapturedFrames_-3.0_1.0_1.0/video.mp4#frame=3
3,LEFT_ANKLE,0.8597509264945984,0.4170815348625183,0.0025512678548693657,0.8608123660087585,CapturedFrames_-3.0_1.0_1.0/video.mp4#frame=3
3,RIGHT_ANKLE,0.8543368577957153,0.4063869118690491,0.06543824821710587,0.7336680889129639,CapturedFrames_-3.0_1.0_1.0/video.mp4#frame=3
3,LEFT_HEEL,0.8624056577682495,0.4369276165962219,0.003596894908696413,0.6074299812316895,CapturedFrames_-3.0_1.0_1.0/video.mp4#frame=3
3,RIGHT_HEEL,0.8586366772651672,0.42313075065612793,0.06665447354316711,0.6732348203659058,CapturedFrames_-3.0_1.0_1.0/video.mp4#frame=3
3,LEFT_FOOT_INDEX,0.8353673815727234,0.4330163300037384,-0.04931587353348732,0.8200408816337585,CapturedFrames_-3.0_1.0_1.0/video.mp4#frame=3
3,RIGHT_FOOT_INDEX,0.829126238822937,0.4199105501174927,0.024441922083497047,0.7866237163543701,CapturedFrames_-3.0_1.0_1.0/video.mp4#frame=3
4,NOSE,0.8840805888175964,0.04865176975727081,-0.14393146336078644,0.9999476671218872,CapturedFrames_-3.0_1.0_1.0/video.mp4#frame=4
4,LEFT_EYE_INNER,0.8891640901565552,0.039891958236694336,-0.14367443323135376,0.9998370409011841,CapturedFrames_-3.0_1.0_1.0/video.mp4#frame=4
4,LEFT_EYE,0.8912871479988098,0.04009431600570679,-0.14368143677711487,0.9998736381530762,CapturedFrames_-3.0_1.0_1.0/video.mp4#frame=4
4,LEFT_EYE_OUTER,0.8937257528305054,0.04045194387435913,-0.1436794251203537,0.9998633861541748,CapturedFrames_-3.0_1.0_1.0/video.mp4#frame=4
4,RIGHT_EYE_INNER,0.8851971626281738,0.03925371170043945,-0.13499730825424194,0.999813973903656,CapturedFrames_-3.0_1.0_1.0/video.mp4#frame=4
4,RIGHT_EYE,0.8845856785774231,0.03899490833282471,-0.1350092589855194,0.9998186230659485,CapturedFrames_-3.0_1.0_1.0/video.mp4#frame=4
4,RIGHT_EYE_OUTER,0.8839953541755676,0.038755014538764954,-0.13501568138599396,0.9998034834861755,CapturedFrames_-3.0_1.0_1.0/video.mp4#frame=4
4,LEFT_EAR,0.9016345143318176,0.047697439789772034,-0.12133479118347168,0.9998279809951782,CapturedFrames_-3.0_1.0_1.0/video.mp4#frame=4
4,RIGHT_EAR,0.8878418803215027,0.04444657266139984,-0.08144157379865646,0.9995177984237671,CapturedFrames_-3.0_1.0_1.0/video.mp4#frame=4
4,MOUTH_LEFT,0.8879317045211792,0.060973841696977615,-0.13434003293514252,0.9999374151229858,CapturedFrames_-3.0_1.0_1.0/video.mp4#frame=4
4,MOUTH_RIGHT,0.8830071687698364,0.060033321380615234,-0.12272368371486664,0.9998756647109985,CapturedFrames_-3.0_1.0_1.0/video.mp4#frame=4
4,LEFT_SHOULDER,0.9182099103927612,0.1075691431760788,-0.11514247953891754,0.9999815225601196,CapturedFrames_-3.0_1.0_1.0/video.mp4#frame=4
4,RIGHT_SHOULDER,0.8693267107009888,0.1084703579545021,-0.0294774379581213,0.999868631362915,CapturedFrames_-3.0_1.0_1.0/video.mp4#frame=4
4,LEFT_ELBOW,0.9235509037971497,0.17953816056251526,-0.1173429936170578,0.9981076717376709,CapturedFrames_-3.0_1.0_1.0/video.mp4#frame=4
4,RIGHT_ELBOW,0.8508426547050476,0.16797254979610443,0.005795238073915243,0.9379832148551941,CapturedFrames_-3.0_1.0_1.0/video.mp4#frame=4
4,LEFT_WRIST,0.9213026165962219,0.24834732711315155,-0.1484268456697464,0.9883636236190796,CapturedFrames_-3.0_1.0_1.0/video.mp4#frame=4
4,RIGHT_WRIST,0.8268319368362427,0.2231694608926773,-0.030993402004241943,0.9571114182472229,CapturedFrames_-3.0_1.0_1.0/video.mp4#frame=4
4,LEFT_PINKY,0.920883059501648,0.26807722449302673,-0.1628553569316864,0.9715204834938049,CapturedFrames_-3.0_1.0_1.0/video.mp4#frame=4
4,RIGHT_PINKY,0.8205903768539429,0.24289533495903015,-0.039908863604068756,0.9134712219238281,CapturedFrames_-3.0_1.0_1.0/video.mp4#frame=4
4,LEFT_INDEX,0.9161882400512695,0.26639825105667114,-0.17503516376018524,0.9732474088668823,CapturedFrames_-3.0_1.0_1.0/video.mp4#frame=4
4,RIGHT_INDEX,0.8221036791801453,0.2433238923549652,-0.05833985283970833,0.9211251139640808,CapturedFrames_-3.0_1.0_1.0/video.mp4#frame=4
4,LEFT_THUMB,0.9152700304985046,0.2592844069004059,-0.15369145572185516,0.970544159412384,CapturedFrames_-3.0_1.0_1.0/video.mp4#frame=4
4,RIGHT_THUMB,0.8242164850234985,0.23814569413661957,-0.0403328537940979,0.9239957332611084,CapturedFrames_-3.0_1.0_1.0/video.mp4#frame=4
4,LEFT_HIP,0.8888275027275085,0.23982134461402893,-0.03307335078716278,0.9994344115257263,CapturedFrames_-3.0_1.0_1.0/video.mp4#frame=4
4,RIGHT_HIP,0.8642480969429016,0.23318326473236084,0.03302527591586113,0.9987978935241699,CapturedFrames_-3.0_1.0_1.0/video.mp4#frame=4
4,LEFT_KNEE,0.8659267425537109,0.32429057359695435,-0.015158328227698803,0.9501681327819824,CapturedFrames_-3.0_1.0_1.0/video.mp4#frame=4
4,RIGHT_KNEE,0.8554853200912476,0.3171203136444092,0.0612700991332531,0.7357615232467651,CapturedFrames_-3.0_1.0_1.0/video.mp4#frame=4
4,LEFT_ANKLE,0.8517624139785767,0.41176602244377136,0.04262423515319824,0.9336689114570618,CapturedFrames_-3.0_1.0_1.0/video.mp4#frame=4
4,RIGHT_ANKLE,0.8538258671760559,0.3941037058830261,0.1241002082824707,0.7874240279197693,CapturedFrames_-3.0_1.0_1.0/video.mp4#frame=4
4,LEFT_HEEL,0.8534456491470337,0.4293544888496399,0.045525018125772476,0.7138566970825195,CapturedFrames_-3.0_1.0_1.0/video.mp4#frame=4
4,RIGHT_HEEL,0.8574408292770386,0.4066135287284851,0.12820710241794586,0.6851214170455933,CapturedFrames_-3.0_1.0_1.0/video.mp4#frame=4
4,LEFT_FOOT_INDEX,0.8299772143363953,0.4339488446712494,-0.007008747197687626,0.9104758501052856,CapturedFrames_-3.0_1.0_1.0/video.mp4#frame=4
4,RIGHT_FOOT_INDEX,0.8323029279708862,0.4194638431072235,0.09019297361373901,0.842756450176239,CapturedFrames_-3.0_1.0_1.0/video.mp4#frame=4
5,NOSE,0.8815733194351196,0.04836568236351013,-0.16310277581214905,0.9999781847000122,CapturedFrames_-3.0_1.0_1.0/video.mp4#frame=5
5,LEFT_EYE_INNER,0.8872288465499878,0.039165690541267395,-0.16063477098941803,0.9999309778213501,CapturedFrames_-3.0_1.0_1.0/video.mp4#frame=5
5,LEFT_EYE,0.889546275138855,0.03979402780532837,-0.16066069900989532,0.9999467134475708,CapturedFrames_-3.0_1.0_1.0/video.mp4#frame=5
5,LEFT_EYE_OUTER,0.8921507596969604,0.04055750370025635,-0.16067884862422943,0.9999457597732544,CapturedFrames_-3.0_1.0_1.0/video.mp4#frame=5
5,RIGHT_EYE_INNER,0.882622241973877,0.037861600518226624,-0.15290185809135437,0.9999257326126099,CapturedFrames_-3.0_1.0_1.0/video.mp4#frame=5
5,RIGHT_EYE,0.881574273109436,0.03747133910655975,-0.1529138684272766,0.9999169111251831,CapturedFrames_-3.0_1.0_1.0/video.mp4#frame=5
5,RIGHT_EYE_OUTER,0.8806802034378052,0.03712974488735199,-0.15291881561279297,0.9999121427536011,CapturedFrames_-3.0_1.0_1.0/video.mp4#frame=5
5,LEFT_EAR,0.8986164331436157,0.04755149781703949,-0.12957701086997986,0.9999488592147827,CapturedFrames_-3.0_1.0_1.0/video.mp4#frame=5
5,RIGHT_EAR,0.8837490081787109,0.0435168594121933,-0.09388068318367004,0.999804675579071,CapturedFrames_-3.0_1.0_1.0/video.mp4#frame=5
5,MOUTH_LEFT,0.8857957720756531,0.060907527804374695,-0.15045063197612762,0.9999798536300659,CapturedFrames_-3.0_1.0_1.0/video.mp4#frame=5
5,MOUTH_RIGHT,0.8796188235282898,0.05911731719970703,-0.1400536447763443,0.9999593496322632,CapturedFrames_-3.0_1.0_1.0/video.mp4#frame=5
5,LEFT_SHOULDER,0.9143613576889038,0.11094827950000763,-0.12207753956317902,0.9999885559082031,CapturedFrames_-3.0_1.0_1.0/video.mp4#frame=5
5,RIGHT_SHOULDER,0.8638235330581665,0.10986585915088654,-0.036480166018009186,0.9999287128448486,CapturedFrames_-3.0_1.0_1.0/video.mp4#frame=5
5,LEFT_ELBOW,0.9193412065505981,0.18326064944267273,-0.13009057939052582,0.998526930809021,CapturedFrames_-3.0_1.0_1.0/video.mp4#frame=5
5,RIGHT_ELBOW,0.8415825963020325,0.17090407013893127,-0.006750882603228092,0.9581086039543152,CapturedFrames_-3.0_1.0_1.0/video.mp4#frame=5
5,LEFT_WRIST,0.9190060496330261,0.24849089980125427,-0.16898204386234283,0.9896106719970703,CapturedFrames_-3.0_1.0_1.0/video.mp4#frame=5
5,RIGHT_WRIST,0.8172949552536011,0.2235950529575348,-0.04840610921382904,0.9668551087379456,CapturedFrames_-3.0_1.0_1.0/video.mp4#frame=5
5,LEFT_PINKY,0.9186824560165405,0.26814788579940796,-0.18485292792320251,0.9735191464424133,CapturedFrames_-3.0_1.0_1.0/video.mp4#frame=5
5,RIGHT_PINKY,0.8109525442123413,0.244098499417305,-0.05772056058049202,0.9243777394294739,CapturedFrames_-3.0_1.0_1.0/video.mp4#frame=5
5,LEFT_INDEX,0.913787841796875,0.2671446204185486,-0.19617989659309387,0.9759314656257629,CapturedFrames_-3.0_1.0_1.0/video.mp4#frame=5
5,RIGHT_INDEX,0.8133560419082642,0.2439233511686325,-0.07507532089948654,0.9320601224899292,CapturedFrames_-3.0_1.0_1.0/video.mp4#frame=5
5,LEFT_THUMB,0.912821888923645,0.2606944739818573,-0.1740001142024994,0.9733483195304871,CapturedFrames_-3.0_1.0_1.0/video.mp4#frame=5
5,RIGHT_THUMB,0.8157082796096802,0.23833033442497253,-0.057461220771074295,0.9357235431671143,CapturedFrames_-3.0_1.0_1.0/video.mp4#frame=5
5,LEFT_HIP,0.8852289915084839,0.2402219921350479,-0.030245374888181686,0.9996531009674072,CapturedFrames_-3.0_1.0_1.0/video.mp4#frame=5
5,RIGHT_HIP,0.8596455454826355,0.23367905616760254,0.030236665159463882,0.9990573525428772,CapturedFrames_-3.0_1.0_1.0/video.mp4#frame=5
5,LEFT_KNEE,0.8604248762130737,0.31608545780181885,-0.06592115014791489,0.9321544766426086,CapturedFrames_-3.0_1.0_1.0/video.mp4#frame=5
5,RIGHT_KNEE,0.8497673273086548,0.31281089782714844,0.027685826644301414,0.6867664456367493,CapturedFrames_-3.0_1.0_1.0/video.mp4#frame=5
5,LEFT_ANKLE,0.845126748085022,0.40682193636894226,-0.010216683149337769,0.9362468719482422,CapturedFrames_-3.0_1.0_1.0/video.mp4#frame=5
5,RIGHT_ANKLE,0.8521395921707153,0.39491385221481323,0.08874277025461197,0.7975320219993591,CapturedFrames_-3.0_1.0_1.0/video.mp4#frame=5
5,LEFT_HEEL,0.8448250889778137,0.4250648021697998,-0.007600747048854828,0.7761205434799194,CapturedFrames_-3.0_1.0_1.0/video.mp4#frame=5
5,RIGHT_HEEL,0.8576299548149109,0.4147149920463562,0.09197074174880981,0.7062520980834961,CapturedFrames_-3.0_1.0_1.0/video.mp4#frame=5
5,LEFT_FOOT_INDEX,0.8235093355178833,0.42249542474746704,-0.06269524991512299,0.9242386221885681,CapturedFrames_-3.0_1.0_1.0/video.mp4#frame=5
5,RIGHT_FOOT_INDEX,0.8326743841171265,0.41684260964393616,0.04817832261323929,0.8430566191673279,CapturedFrames_-3.0_1.0_1.0/video.mp4#frame=5
6,NOSE,0.8762272596359253,0.0503261499106884,-0.13872569799423218,0.9999139308929443,CapturedFrames_-3.0_1.0_1.0/video.mp4#frame=6
6,LEFT_EYE_INNER,0.8815778493881226,0.041658446192741394,-0.1368817836046219,0.9997106194496155,CapturedFrames_-3.0_1.0_1.0/video.mp4#frame=6
6,LEFT_EYE,0.8837167024612427,0.04190202057361603,-0.136919304728508,0.9997878670692444,CapturedFrames_-3.0_1.0_1.0/video.mp4#frame=6
6,LEFT_EYE_OUTER,0.8860880732536316,0.0422888845205307,-0.13692842423915863,0.9997852444648743,CapturedFrames_-3.0_1.0_1.0/video.mp4#frame=6
6,RIGHT_EYE_INNER,0.8774585723876953,0.04113131761550903,-0.1287250518798828,0.9996811151504517,CapturedFrames_-3.0_1.0_1.0/video.mp4#frame=6
6,RIGHT_EYE,0.8766667246818542,0.04093077778816223,-0.1287367194890976,0.9996559619903564,CapturedFrames_-3.0_1.0_1.0/video.mp4#frame=6
6,RIGHT_EYE_OUTER,0.8759390115737915,0.04071034491062164,-0.12874966859817505,0.9996546506881714,CapturedFrames_-3.0_1.0_1.0/video.mp4#frame=6
6,LEFT_EAR,0.8932175636291504,0.05034293234348297,-0.11066548526287079,0.9997473359107971,CapturedFrames_-3.0_1.0_1.0/video.mp4#frame=6
6,RIGHT_EAR,0.8795040249824524,0.047271326184272766,-0.07313507050275803,0.9991735816001892,CapturedFrames_-3.0_1.0_1.0/video.mp4#frame=6
6,MOUTH_LEFT,0.8799794912338257,0.0630674958229065,-0.1279865801334381,0.9999065399169922,CapturedFrames_-3.0_1.0_1.0/video.mp4#frame=6
6,MOUTH_RIGHT,0.8748214840888977,0.06216982379555702,-0.11706404387950897,0.9998297691345215,CapturedFrames_-3.0_1.0_1.0/video.mp4#frame=6
6,LEFT_SHOULDER,0.9102299809455872,0.11506664752960205,-0.10984812676906586,0.9999796152114868,CapturedFrames_-3.0_1.0_1.0/video.mp4#frame=6
6,RIGHT_SHOULDER,0.8586958050727844,0.11419419944286346,-0.020915720611810684,0.9998785257339478,CapturedFrames_-3.0_1.0_1.0/video.mp4#frame=6
6,LEFT_ELBOW,0.9145380258560181,0.18645097315311432,-0.12660619616508484,0.9978285431861877,CapturedFrames_-3.0_1.0_1.0/video.mp4#frame=6
6,RIGHT_ELBOW,0.8345144987106323,0.17097195982933044,0.005973511375486851,0.9230811595916748,CapturedFrames_-3.0_1.0_1.0/video.mp4#frame=6
6,LEFT_WRIST,0.9159755706787109,0.250526487827301,-0.16786889731884003,0.9860964417457581,CapturedFrames_-3.0_1.0_1.0/video.mp4#frame=6
6,RIGHT_WRIST,0.8098865747451782,0.22140787541866302,-0.041245631873607635,0.9454098343849182,CapturedFrames_-3.0_1.0_1.0/video.mp4#frame=6
6,LEFT_PINKY,0.9162904024124146,0.2685738801956177,-0.1838189959526062,0.9677172899246216,CapturedFrames_-3.0_1.0_1.0/video.mp4#frame=6
6,RIGHT_PINKY,0.8035770654678345,0.241189643740654,-0.05255662649869919,0.891572892665863,CapturedFrames_-3.0_1.0_1.0/video.mp4#frame=6
6,LEFT_INDEX,0.9114476442337036,0.2690471112728119,-0.19558554887771606,0.9697161316871643,CapturedFrames_-3.0_1.0_1.0/video.mp4#frame=6
6,RIGHT_INDEX,0.8056060075759888,0.24162007868289948,-0.0703437328338623,0.9032139778137207,CapturedFrames_-3.0_1.0_1.0/video.mp4#frame=6
6,LEFT_THUMB,0.9102290868759155,0.2630689740180969,-0.17330943048000336,0.9669559597969055,CapturedFrames_-3.0_1.0_1.0/video.mp4#frame=6
6,RIGHT_THUMB,0.8082929849624634,0.23618222773075104,-0.05095338076353073,0.9093973636627197,CapturedFrames_-3.0_1.0_1.0/video.mp4#frame=6
6,LEFT_HIP,0.8793852925300598,0.24450060725212097,-0.03199958801269531,0.9993665814399719,CapturedFrames_-3.0_1.0_1.0/video.mp4#frame=6
6,RIGHT_HIP,0.8553255200386047,0.23821891844272614,0.0320015512406826,0.9988909363746643,CapturedFrames_-3.0_1.0_1.0/video.mp4#frame=6
6,LEFT_KNEE,0.8507663607597351,0.3241674304008484,-0.01861243136227131,0.9216720461845398,CapturedFrames_-3.0_1.0_1.0/video.mp4#frame=6
6,RIGHT_KNEE,0.8464285135269165,0.3206937611103058,0.032035864889621735,0.7175748348236084,CapturedFrames_-3.0_1.0_1.0/video.mp4#frame=6
6,LEFT_ANKLE,0.8336728811264038,0.4084882140159607,0.03903365507721901,0.9429531097412109,CapturedFrames_-3.0_1.0_1.0/video.mp4#frame=6
6,RIGHT_ANKLE,0.8495670557022095,0.4020766019821167,0.0893317237496376,0.8495321273803711,CapturedFrames_-3.0_1.0_1.0/video.mp4#frame=6
6,LEFT_HEEL,0.8346454501152039,0.4196135103702545,0.041947171092033386,0.7748069763183594,CapturedFrames_-3.0_1.0_1.0/video.mp4#frame=6
6,RIGHT_HEEL,0.8566608428955078,0.4189152717590332,0.09251831471920013,0.7708454132080078,CapturedFrames_-3.0_1.0_1.0/video.mp4#frame=6
6,LEFT_FOOT_INDEX,0.8153642416000366,0.4155234098434448,-0.010934246703982353,0.935745894908905,CapturedFrames_-3.0_1.0_1.0/video.mp4#frame=6
6,RIGHT_FOOT_INDEX,0.8317863345146179,0.4222361147403717,0.048668425530195236,0.903753936290741,CapturedFrames_-3.0_1.0_1.0/video.mp4#frame=6
7,NOSE,0.8706539869308472,0.053657159209251404,-0.1340341717004776,0.9999376535415649,CapturedFrames_-3.0_1.0_1.0/video.mp4#frame=7
7,LEFT_EYE_INNER,0.8760259747505188,0.04493294656276703,-0.13336795568466187,0.9997813105583191,CapturedFrames_-3.0_1.0_1.0/video.mp4#frame=7
7,LEFT_EYE,0.8781858682632446,0.045193806290626526,-0.13341227173805237,0.9998396635055542,CapturedFrames_-3.0_1.0_1.0/video.mp4#frame=7
7,LEFT_EYE_OUTER,0.8806239366531372,0.04561425745487213,-0.1334271878004074,0.9998435974121094,CapturedFrames_-3.0_1.0_1.0/video.mp4#frame=7
7,RIGHT_EYE_INNER,0.8719728589057922,0.04406741261482239,-0.12411574274301529,0.999736487865448,CapturedFrames_-3.0_1.0_1.0/video.mp4#frame=7
7,RIGHT_EYE,0.8711986541748047,0.04373277723789215,-0.12411998212337494,0.9997013211250305,CapturedFrames_-3.0_1.0_1.0/video.mp4#frame=7
7,RIGHT_EYE_OUTER,0.8705512881278992,0.04342760145664215,-0.12413214147090912,0.9996854066848755,CapturedFrames_-3.0_1.0_1.0/video.mp4#frame=7
7,LEFT_EAR,0.887734055519104,0.052754536271095276,-0.11107932031154633,0.9998067021369934,CapturedFrames_-3.0_1.0_1.0/video.mp4#frame=7
7,RIGHT_EAR,0.874615490436554,0.04893225431442261,-0.06902797520160675,0.9992940425872803,CapturedFrames_-3.0_1.0_1.0/video.mp4#frame=7
7,MOUTH_LEFT,0.8743608593940735,0.06707960367202759,-0.12468214333057404,0.9999371767044067,CapturedFrames_-3.0_1.0_1.0/video.mp4#frame=7
7,MOUTH_RIGHT,0.8691926002502441,0.06590063869953156,-0.11241058260202408,0.9998724460601807,CapturedFrames_-3.0_1.0_1.0/video.mp4#frame=7
7,LEFT_SHOULDER,0.904390811920166,0.11650216579437256,-0.11120392382144928,0.9999897480010986,CapturedFrames_-3.0_1.0_1.0/video.mp4#frame=7
7,RIGHT_SHOULDER,0.8560755848884583,0.11296533048152924,-0.015282136388123035,0.9998623132705688,CapturedFrames_-3.0_1.0_1.0/video.mp4#frame=7
7,LEFT_ELBOW,0.9091914296150208,0.18640437722206116,-0.12880563735961914,0.9984806180000305,CapturedFrames_-3.0_1.0_1.0/video.mp4#frame=7
7,RIGHT_ELBOW,0.828872561454773,0.17157119512557983,0.007981708273291588,0.905724823474884,CapturedFrames_-3.0_1.0_1.0/video.mp4#frame=7
7,LEFT_WRIST,0.9119665026664734,0.25285524129867554,-0.16892288625240326,0.9923757910728455,CapturedFrames_-3.0_1.0_1.0/video.mp4#frame=7
7,RIGHT_WRIST,0.8018404841423035,0.22367438673973083,-0.03857017681002617,0.9389170408248901,CapturedFrames_-3.0_1.0_1.0/video.mp4#frame=7
7,LEFT_PINKY,0.9116731882095337,0.27118560671806335,-0.18484245240688324,0.9811745882034302,CapturedFrames_-3.0_1.0_1.0/video.mp4#frame=7
7,RIGHT_PINKY,0.7957215905189514,0.24258941411972046,-0.048074837774038315,0.8807078003883362,CapturedFrames_-3.0_1.0_1.0/video.mp4#frame=7
7,LEFT_INDEX,0.9066358804702759,0.26959508657455444,-0.19675509631633759,0.9825949668884277,CapturedFrames_-3.0_1.0_1.0/video.mp4#frame=7
7,RIGHT_INDEX,0.7976476550102234,0.2434379756450653,-0.06612180173397064,0.8926084041595459,CapturedFrames_-3.0_1.0_1.0/video.mp4#frame=7
7,LEFT_THUMB,0.9054495692253113,0.2645789086818695,-0.17403046786785126,0.980152428150177,CapturedFrames_-3.0_1.0_1.0/video.mp4#frame=7
7,RIGHT_THUMB,0.8001536130905151,0.23738117516040802,-0.04815899208188057,0.9021952748298645,CapturedFrames_-3.0_1.0_1.0/video.mp4#frame=7
7,LEFT_HIP,0.8735138177871704,0.24631288647651672,-0.032666947692632675,0.9995229244232178,CapturedFrames_-3.0_1.0_1.0/video.mp4#frame=7
7,RIGHT_HIP,0.8495728373527527,0.23833152651786804,0.03267260640859604,0.9988693594932556,CapturedFrames_-3.0_1.0_1.0/video.mp4#frame=7
7,LEFT_KNEE,0.8447121381759644,0.3290066123008728,-0.02269689366221428,0.9262715578079224,CapturedFrames_-3.0_1.0_1.0/video.mp4#frame=7
7,RIGHT_KNEE,0.841882586479187,0.3285812437534332,0.03564627468585968,0.6998143196105957,CapturedFrames_-3.0_1.0_1.0/video.mp4#frame=7
7,LEFT_ANKLE,0.8222371935844421,0.4149783253669739,0.024445559829473495,0.9601228833198547,CapturedFrames_-3.0_1.0_1.0/video.mp4#frame=7
7,RIGHT_ANKLE,0.8481137156486511,0.40668898820877075,0.08874743431806564,0.8431580662727356,CapturedFrames_-3.0_1.0_1.0/video.mp4#frame=7
7,LEFT_HEEL,0.8179027438163757,0.4368719458580017,0.02620554342865944,0.8707017302513123,CapturedFrames_-3.0_1.0_1.0/video.mp4#frame=7
7,RIGHT_HEEL,0.8562213182449341,0.420272558927536,0.0916416198015213,0.79390549659729,CapturedFrames_-3.0_1.0_1.0/video.mp4#frame=7
7,LEFT_FOOT_INDEX,0.803252100944519,0.4149535000324249,-0.026093970984220505,0.9460896849632263,CapturedFrames_-3.0_1.0_1.0/video.mp4#frame=7
7,RIGHT_FOOT_INDEX,0.8312140703201294,0.42692795395851135,0.05036889761686325,0.8936217427253723,CapturedFrames_-3.0_1.0_1.0/video.mp4#frame=7
8,NOSE,0.8667511940002441,0.05517550930380821,-0.12825962901115417,0.9999772310256958,CapturedFrames_-3.0_1.0_1.0/video.mp4#frame=8
8,LEFT_EYE_INNER,0.8724713325500488,0.04681996628642082,-0.12595820426940918,0.9999138116836548,CapturedFrames_-3.0_1.0_1.0/video.mp4#frame=8
8,LEFT_EYE,0.8747783899307251,0.04727305471897125,-0.1259889006614685,0.9999370574951172,CapturedFrames_-3.0_1.0_1.0/video.mp4#frame=8
8,LEFT_EYE_OUTER,0.8772625923156738,0.04789695143699646,-0.12598709762096405,0.9999312162399292,CapturedFrames_-3.0_1.0_1.0/video.mp4#frame=8
8,RIGHT_EYE_INNER,0.8684595823287964,0.04562291502952576,-0.11804918944835663,0.9999140501022339,CapturedFrames_-3.0_1.0_1.0/video.mp4#frame=8
8,RIGHT_EYE,0.8676859736442566,0.04532304406166077,-0.11807086318731308,0.999919056892395,CapturedFrames_-3.0_1.0_1.0/video.mp4#frame=8
8,RIGHT_EYE_OUTER,0.8668962717056274,0.044951364398002625,-0.11807864904403687,0.9999125003814697,CapturedFrames_-3.0_1.0_1.0/video.mp4#frame=8
8,LEFT_EAR,0.8839906454086304,0.05480043590068817,-0.10059217363595963,0.9998824596405029,CapturedFrames_-3.0_1.0_1.0/video.mp4#frame=8
8,RIGHT_EAR,0.8711941838264465,0.05047926306724548,-0.06514877080917358,0.9997947812080383,CapturedFrames_-3.0_1.0_1.0/video.mp4#frame=8
8,MOUTH_LEFT,0.8701502680778503,0.06877397000789642,-0.11826320737600327,0.9999598264694214,CapturedFrames_-3.0_1.0_1.0/video.mp4#frame=8
8,MOUTH_RIGHT,0.8650561571121216,0.06716068089008331,-0.10791196674108505,0.9999303817749023,CapturedFrames_-3.0_1.0_1.0/video.mp4#frame=8
8,LEFT_SHOULDER,0.8996158838272095,0.11879777163267136,-0.09797129780054092,0.9999758005142212,CapturedFrames_-3.0_1.0_1.0/video.mp4#frame=8
8,RIGHT_SHOULDER,0.8494927287101746,0.11665502190589905,-0.015591232106089592,0.9999034404754639,CapturedFrames_-3.0_1.0_1.0/video.mp4#frame=8
8,LEFT_ELBOW,0.9038395881652832,0.18881475925445557,-0.10804738849401474,0.9959949254989624,CapturedFrames_-3.0_1.0_1.0/video.mp4#frame=8
8,RIGHT_ELBOW,0.823347270488739,0.17284801602363586,0.0056253462098538876,0.9574337005615234,CapturedFrames_-3.0_1.0_1.0/video.mp4#frame=8
8,LEFT_WRIST,0.906855583190918,0.25747746229171753,-0.14498087763786316,0.9725229740142822,CapturedFrames_-3.0_1.0_1.0/video.mp4#frame=8
8,RIGHT_WRIST,0.7982121706008911,0.2231273651123047,-0.03411099687218666,0.9558631181716919,CapturedFrames_-3.0_1.0_1.0/video.mp4#frame=8
8,LEFT_PINKY,0.9079557657241821,0.2738463580608368,-0.1576053649187088,0.9412527084350586,CapturedFrames_-3.0_1.0_1.0/video.mp4#frame=8
8,RIGHT_PINKY,0.7896076440811157,0.243460014462471,-0.04256894066929817,0.9035269618034363,CapturedFrames_-3.0_1.0_1.0/video.mp4#frame=8
8,LEFT_INDEX,0.9031573534011841,0.27452513575553894,-0.16891832649707794,0.9451026320457458,CapturedFrames_-3.0_1.0_1.0/video.mp4#frame=8
8,RIGHT_INDEX,0.791266143321991,0.2439277172088623,-0.057786572724580765,0.9129356741905212,CapturedFrames_-3.0_1.0_1.0/video.mp4#frame=8
8,LEFT_THUMB,0.901656985282898,0.26865458488464355,-0.15024521946907043,0.9451996088027954,CapturedFrames_-3.0_1.0_1.0/video.mp4#frame=8
8,RIGHT_THUMB,0.7941862940788269,0.23891274631023407,-0.04253941401839256,0.9189093112945557,CapturedFrames_-3.0_1.0_1.0/video.mp4#frame=8
8,LEFT_HIP,0.8704873323440552,0.24827983975410461,-0.03120466135442257,0.9996552467346191,CapturedFrames_-3.0_1.0_1.0/video.mp4#frame=8
8,RIGHT_HIP,0.8457393646240234,0.24265669286251068,0.031171124428510666,0.9991493225097656,CapturedFrames_-3.0_1.0_1.0/video.mp4#frame=8
8,LEFT_KNEE,0.8399838209152222,0.3285786211490631,-0.054171495139598846,0.9592756032943726,CapturedFrames_-3.0_1.0_1.0/video.mp4#frame=8
8,RIGHT_KNEE,0.8405653238296509,0.3292289972305298,0.049490977078676224,0.802072286605835,CapturedFrames_-3.0_1.0_1.0/video.mp4#frame=8
8,LEFT_ANKLE,0.8164702653884888,0.42402365803718567,-0.03226639702916145,0.9816557765007019,CapturedFrames_-3.0_1.0_1.0/video.mp4#frame=8
8,RIGHT_ANKLE,0.8517840504646301,0.40381675958633423,0.09371991455554962,0.8741923570632935,CapturedFrames_-3.0_1.0_1.0/video.mp4#frame=8
8,LEFT_HEEL,0.8150134086608887,0.4430951476097107,-0.03261909633874893,0.9272488355636597,CapturedFrames_-3.0_1.0_1.0/video.mp4#frame=8
8,RIGHT_HEEL,0.8573771715164185,0.41767555475234985,0.09584229439496994,0.7684205174446106,CapturedFrames_-3.0_1.0_1.0/video.mp4#frame=8
8,LEFT_FOOT_INDEX,0.7956108450889587,0.4267668128013611,-0.08598595857620239,0.9740256667137146,CapturedFrames_-3.0_1.0_1.0/video.mp4#frame=8
8,RIGHT_FOOT_INDEX,0.8342744708061218,0.42830097675323486,0.06097547337412834,0.9034327268600464,CapturedFrames_-3.0_1.0_1.0/video.mp4#frame=8
9,NOSE,0.8639189600944519,0.05645056441426277,-0.13356103003025055,0.9999871253967285,CapturedFrames_-3.0_1.0_1.0/video.mp4#frame=9
9,LEFT_EYE_INNER,0.8696767091751099,0.04753259941935539,-0.1297082006931305,0.999934196472168,CapturedFrames_-3.0_1.0_1.0/video.mp4#frame=9
9,LEFT_EYE,0.8719673156738281,0.04791608452796936,-0.12973380088806152,0.9999537467956543,CapturedFrames_-3.0_1.0_1.0/video.mp4#frame=9
9,LEFT_EYE_OUTER,0.8745220899581909,0.048472438007593155,-0.1297341287136078,0.9999468326568604,CapturedFrames_-3.0_1.0_1.0/video.mp4#frame=9
9,RIGHT_EYE_INNER,0.8651227951049805,0.04660986363887787,-0.12338922917842865,0.9999315738677979,CapturedFrames_-3.0_1.0_1.0/video.mp4#frame=9
9,RIGHT_EYE,0.8640227317810059,0.04650470241904259,-0.12340625375509262,0.9999356269836426,CapturedFrames_-3.0_1.0_1.0/video.mp4#frame=9
9,RIGHT_EYE_OUTER,0.8630515933036804,0.046347007155418396,-0.12342073768377304,0.9999257326126099,CapturedFrames_-3.0_1.0_1.0/video.mp4#frame=9
9,LEFT_EAR,0.8806837201118469,0.056363385170698166,-0.09874878823757172,0.9998965263366699,CapturedFrames_-3.0_1.0_1.0/video.mp4#frame=9
9,RIGHT_EAR,0.8655471801757812,0.05305670201778412,-0.0702759325504303,0.9998447895050049,CapturedFrames_-3.0_1.0_1.0/video.mp4#frame=9
9,MOUTH_LEFT,0.8672808408737183,0.06982545554637909,-0.12180352210998535,0.9999798536300659,CapturedFrames_-3.0_1.0_1.0/video.mp4#frame=9
9,MOUTH_RIGHT,0.8614267110824585,0.06851552426815033,-0.11338887363672256,0.9999680519104004,CapturedFrames_-3.0_1.0_1.0/video.mp4#frame=9
9,LEFT_SHOULDER,0.8955634236335754,0.12247823178768158,-0.09327937662601471,0.9999891519546509,CapturedFrames_-3.0_1.0_1.0/video.mp4#frame=9
9,RIGHT_SHOULDER,0.8441436886787415,0.11816783249378204,-0.02674180641770363,0.9999315738677979,CapturedFrames_-3.0_1.0_1.0/video.mp4#frame=9
9,LEFT_ELBOW,0.8979930877685547,0.19163690507411957,-0.10873576253652573,0.9954484105110168,CapturedFrames_-3.0_1.0_1.0/video.mp4#frame=9
9,RIGHT_ELBOW,0.817867636680603,0.17587414383888245,-0.01790885627269745,0.9736349582672119,CapturedFrames_-3.0_1.0_1.0/video.mp4#frame=9
9,LEFT_WRIST,0.9018079042434692,0.25863131880760193,-0.15813182294368744,0.9741243124008179,CapturedFrames_-3.0_1.0_1.0/video.mp4#frame=9
9,RIGHT_WRIST,0.7926211357116699,0.22886061668395996,-0.05595321208238602,0.9704988598823547,CapturedFrames_-3.0_1.0_1.0/video.mp4#frame=9
9,LEFT_PINKY,0.9031633138656616,0.27649232745170593,-0.1726042926311493,0.9478814601898193,CapturedFrames_-3.0_1.0_1.0/video.mp4#frame=9
9,RIGHT_PINKY,0.7846567630767822,0.2483299821615219,-0.06610891222953796,0.929826557636261,CapturedFrames_-3.0_1.0_1.0/video.mp4#frame=9
9,LEFT_INDEX,0.8985389471054077,0.27712056040763855,-0.18521155416965485,0.9541158080101013,CapturedFrames_-3.0_1.0_1.0/video.mp4#frame=9
9,RIGHT_INDEX,0.7863557934761047,0.24840818345546722,-0.07989664375782013,0.9367671012878418,CapturedFrames_-3.0_1.0_1.0/video.mp4#frame=9
9,LEFT_THUMB,0.8969737887382507,0.2712046205997467,-0.16421760618686676,0.956299901008606,CapturedFrames_-3.0_1.0_1.0/video.mp4#frame=9
9,RIGHT_THUMB,0.7892844080924988,0.24330805242061615,-0.06360606849193573,0.9419402480125427,CapturedFrames_-3.0_1.0_1.0/video.mp4#frame=9
9,LEFT_HIP,0.8642458915710449,0.2507145404815674,-0.025208529084920883,0.9998230338096619,CapturedFrames_-3.0_1.0_1.0/video.mp4#frame=9
9,RIGHT_HIP,0.8392277956008911,0.2429640293121338,0.025181274861097336,0.9993164539337158,CapturedFrames_-3.0_1.0_1.0/video.mp4#frame=9
9,LEFT_KNEE,0.8341785669326782,0.33392682671546936,-0.05913056060671806,0.9647279977798462,CapturedFrames_-3.0_1.0_1.0/video.mp4#frame=9
9,RIGHT_KNEE,0.8402155637741089,0.3355534076690674,0.06053097918629646,0.8182229399681091,CapturedFrames_-3.0_1.0_1.0/video.mp4#frame=9
9,LEFT_ANKLE,0.8128597140312195,0.4287298917770386,-0.0301053486764431,0.9886717796325684,CapturedFrames_-3.0_1.0_1.0/video.mp4#frame=9
9,RIGHT_ANKLE,0.8522936105728149,0.4046182334423065,0.12655620276927948,0.9028777480125427,CapturedFrames_-3.0_1.0_1.0/video.mp4#frame=9
9,LEFT_HEEL,0.8122611045837402,0.44788995385169983,-0.029776979237794876,0.947263777256012,CapturedFrames_-3.0_1.0_1.0/video.mp4#frame=9
9,RIGHT_HEEL,0.8586675524711609,0.4193931221961975,0.13094425201416016,0.808768630027771,CapturedFrames_-3.0_1.0_1.0/video.mp4#frame=9
9,LEFT_FOOT_INDEX,0.7918829917907715,0.44498226046562195,-0.08440244197845459,0.9805474281311035,CapturedFrames_-3.0_1.0_1.0/video.mp4#frame=9
9,RIGHT_FOOT_INDEX,0.8364495038986206,0.4320572018623352,0.09942284226417542,0.9197246432304382,CapturedFrames_-3.0_1.0_1.0/video.mp4#frame=9
10,NOSE,0.8596308827400208,0.0528562068939209,-0.13258035480976105,0.9999903440475464,CapturedFrames_-3.0_1.0_1.0/video.mp4#frame=10
10,LEFT_EYE_INNER,0.8649157285690308,0.04464264586567879,-0.12960155308246613,0.9999610185623169,CapturedFrames_-3.0_1.0_1.0/video.mp4#frame=10
10,LEFT_EYE,0.8669846653938293,0.04519909620285034,-0.12962715327739716,0.9999710321426392,CapturedFrames_-3.0_1.0_1.0/video.mp4#frame=10
10,LEFT_EYE_OUTER,0.8693078756332397,0.04583242908120155,-0.12963056564331055,0.9999680519104004,CapturedFrames_-3.0_1.0_1.0/video.mp4#frame=10
10,RIGHT_EYE_INNER,0.8609482049942017,0.04363405704498291,-0.12192615121603012,0.9999555349349976,CapturedFrames_-3.0_1.0_1.0/video.mp4#frame=10
10,RIGHT_EYE,0.860156238079071,0.04346051812171936,-0.1219491958618164,0.9999533891677856,CapturedFrames_-3.0_1.0_1.0/video.mp4#frame=10
10,RIGHT_EYE_OUTER,0.8593124151229858,0.04325306415557861,-0.12195370346307755,0.9999468326568604,CapturedFrames_-3.0_1.0_1.0/video.mp4#frame=10
10,LEFT_EAR,0.8763846158981323,0.05471748113632202,-0.10162065923213959,0.999948263168335,CapturedFrames_-3.0_1.0_1.0/video.mp4#frame=10
10,RIGHT_EAR,0.8618286848068237,0.05113564431667328,-0.06697598844766617,0.9998974800109863,CapturedFrames_-3.0_1.0_1.0/video.mp4#frame=10
10,MOUTH_LEFT,0.8623141050338745,0.06661424040794373,-0.1217695102095604,0.9999873638153076,CapturedFrames_-3.0_1.0_1.0/video.mp4#frame=10
10,MOUTH_RIGHT,0.8574835658073425,0.06522925198078156,-0.11157329380512238,0.9999746084213257,CapturedFrames_-3.0_1.0_1.0/video.mp4#frame=10
10,LEFT_SHOULDER,0.8916621208190918,0.1237901970744133,-0.09830322861671448,0.999994158744812,CapturedFrames_-3.0_1.0_1.0/video.mp4#frame=10
10,RIGHT_SHOULDER,0.8395431637763977,0.12114283442497253,-0.020458074286580086,0.9999251365661621,CapturedFrames_-3.0_1.0_1.0/video.mp4#frame=10
10,LEFT_ELBOW,0.8940865397453308,0.1943041980266571,-0.11413570493459702,0.9971247315406799,CapturedFrames_-3.0_1.0_1.0/video.mp4#frame=10
10,RIGHT_ELBOW,0.8149355053901672,0.1820017248392105,-0.010827618651092052,0.9460020661354065,CapturedFrames_-3.0_1.0_1.0/video.mp4#frame=10
10,LEFT_WRIST,0.8965169191360474,0.26400214433670044,-0.159791961312294,0.9820273518562317,CapturedFrames_-3.0_1.0_1.0/video.mp4#frame=10
10,RIGHT_WRIST,0.7895650863647461,0.23488470911979675,-0.05431618541479111,0.9453750848770142,CapturedFrames_-3.0_1.0_1.0/video.mp4#frame=10
10,LEFT_PINKY,0.8968337774276733,0.28321781754493713,-0.17491182684898376,0.9624848365783691,CapturedFrames_-3.0_1.0_1.0/video.mp4#frame=10
10,RIGHT_PINKY,0.7812573313713074,0.25504326820373535,-0.06522919982671738,0.8856152892112732,CapturedFrames_-3.0_1.0_1.0/video.mp4#frame=10
10,LEFT_INDEX,0.8925849199295044,0.28302502632141113,-0.18771250545978546,0.9661908149719238,CapturedFrames_-3.0_1.0_1.0/video.mp4#frame=10
10,RIGHT_INDEX,0.7831650972366333,0.25558337569236755,-0.08074767142534256,0.8962807655334473,CapturedFrames_-3.0_1.0_1.0/video.mp4#frame=10
10,LEFT_THUMB,0.8911250233650208,0.2779497802257538,-0.16567294299602509,0.965842068195343,CapturedFrames_-3.0_1.0_1.0/video.mp4#frame=10
10,RIGHT_THUMB,0.7862838506698608,0.24978430569171906,-0.06278566271066666,0.9031326770782471,CapturedFrames_-3.0_1.0_1.0/video.mp4#frame=10
10,LEFT_HIP,0.8590977787971497,0.25057682394981384,-0.0328294113278389,0.9999076128005981,CapturedFrames_-3.0_1.0_1.0/video.mp4#frame=10
10,RIGHT_HIP,0.8352059125900269,0.2434961348772049,0.03284204378724098,0.9995144605636597,CapturedFrames_-3.0_1.0_1.0/video.mp4#frame=10
10,LEFT_KNEE,0.828532338142395,0.33616286516189575,-0.07434146106243134,0.9613277912139893,CapturedFrames_-3.0_1.0_1.0/video.mp4#frame=10
10,RIGHT_KNEE,0.8354951739311218,0.3373429477214813,0.07957276701927185,0.7130930423736572,CapturedFrames_-3.0_1.0_1.0/video.mp4#frame=10
10,LEFT_ANKLE,0.8085356950759888,0.44118279218673706,-0.058385830372571945,0.9892299771308899,CapturedFrames_-3.0_1.0_1.0/video.mp4#frame=10
10,RIGHT_ANKLE,0.8499530553817749,0.40634989738464355,0.159147709608078,0.8639668226242065,CapturedFrames_-3.0_1.0_1.0/video.mp4#frame=10
10,LEFT_HEEL,0.8103716969490051,0.4633844494819641,-0.06000383943319321,0.9429739713668823,CapturedFrames_-3.0_1.0_1.0/video.mp4#frame=10
10,RIGHT_HEEL,0.8592484593391418,0.41875195503234863,0.1645827442407608,0.821412980556488,CapturedFrames_-3.0_1.0_1.0/video.mp4#frame=10
10,LEFT_FOOT_INDEX,0.785292387008667,0.46058791875839233,-0.1203574389219284,0.9818353652954102,CapturedFrames_-3.0_1.0_1.0/video.mp4#frame=10
10,RIGHT_FOOT_INDEX,0.8317086100578308,0.43408992886543274,0.1332525759935379,0.9046868085861206,CapturedFrames_-3.0_1.0_1.0/video.mp4#frame=10
11,NOSE,0.8559276461601257,0.05552108585834503,-0.14388541877269745,0.9999942779541016,CapturedFrames_-3.0_1.0_1.0/video.mp4#frame=11
11,LEFT_EYE_INNER,0.8606363534927368,0.0471949428319931,-0.14047588407993317,0.9999845027923584,CapturedFrames_-3.0_1.0_1.0/video.mp4#frame=11
11,LEFT_EYE,0.8628280758857727,0.04763511195778847,-0.1404930204153061,0.9999876022338867,CapturedFrames_-3.0_1.0_1.0/video.mp4#frame=11
11,LEFT_EYE_OUTER,0.8653420209884644,0.048144012689590454,-0.14049465954303741,0.9999879598617554,CapturedFrames_-3.0_1.0_1.0/video.mp4#frame=11
11,RIGHT_EYE_INNER,0.8571175336837769,0.04606274887919426,-0.1329779475927353,0.9999778270721436,CapturedFrames_-3.0_1.0_1.0/video.mp4#frame=11
11,RIGHT_EYE,0.8563448190689087,0.04569205641746521,-0.13299192488193512,0.9999747276306152,CapturedFrames_-3.0_1.0_1.0/video.mp4#frame=11
11,RIGHT_EYE_OUTER,0.8554154634475708,0.045259278267621994,-0.1329832226037979,0.9999734163284302,CapturedFrames_-3.0_1.0_1.0/video.mp4#frame=11
11,LEFT_EAR,0.8730728030204773,0.05592247471213341,-0.10848268121480942,0.9999788999557495,CapturedFrames_-3.0_1.0_1.0/video.mp4#frame=11
11,RIGHT_EAR,0.8583304286003113,0.0514196939766407,-0.07391966879367828,0.9999380111694336,CapturedFrames_-3.0_1.0_1.0/video.mp4#frame=11
11,MOUTH_LEFT,0.8587133288383484,0.06883586943149567,-0.13121259212493896,0.9999946355819702,CapturedFrames_-3.0_1.0_1.0/video.mp4#frame=11
11,MOUTH_RIGHT,0.8539890050888062,0.06704111397266388,-0.12109003961086273,0.999985933303833,CapturedFrames_-3.0_1.0_1.0/video.mp4#frame=11
11,LEFT_SHOULDER,0.8871394395828247,0.12311989814043045,-0.10456987470388412,0.9999974966049194,CapturedFrames_-3.0_1.0_1.0/video.mp4#frame=11
11,RIGHT_SHOULDER,0.8365508317947388,0.11951979249715805,-0.019773783162236214,0.9999116659164429,CapturedFrames_-3.0_1.0_1.0/video.mp4#frame=11
11,LEFT_ELBOW,0.8904733657836914,0.19798977673053741,-0.11304353177547455,0.9986926913261414,CapturedFrames_-3.0_1.0_1.0/video.mp4#frame=11
11,RIGHT_ELBOW,0.8130761981010437,0.1827588677406311,-0.009112824685871601,0.9063748717308044,CapturedFrames_-3.0_1.0_1.0/video.mp4#frame=11
11,LEFT_WRIST,0.8909306526184082,0.26677125692367554,-0.15610137581825256,0.9949257373809814,CapturedFrames_-3.0_1.0_1.0/video.mp4#frame=11
11,RIGHT_WRIST,0.7879530787467957,0.24066424369812012,-0.05897415429353714,0.926956295967102,CapturedFrames_-3.0_1.0_1.0/video.mp4#frame=11
11,LEFT_PINKY,0.8904092907905579,0.2865194082260132,-0.1708219349384308,0.9879683256149292,CapturedFrames_-3.0_1.0_1.0/video.mp4#frame=11
11,RIGHT_PINKY,0.7801588773727417,0.2628876268863678,-0.07093663513660431,0.8661831021308899,CapturedFrames_-3.0_1.0_1.0/video.mp4#frame=11
11,LEFT_INDEX,0.8858869671821594,0.28587865829467773,-0.18494166433811188,0.9892240166664124,CapturedFrames_-3.0_1.0_1.0/video.mp4#frame=11
11,RIGHT_INDEX,0.7820572257041931,0.26380762457847595,-0.08751114457845688,0.8765441179275513,CapturedFrames_-3.0_1.0_1.0/video.mp4#frame=11
11,LEFT_THUMB,0.8845607042312622,0.2803521156311035,-0.16201244294643402,0.9881851673126221,CapturedFrames_-3.0_1.0_1.0/video.mp4#frame=11
11,RIGHT_THUMB,0.78476482629776,0.257755845785141,-0.06795655190944672,0.8827565908432007,CapturedFrames_-3.0_1.0_1.0/video.mp4#frame=11
11,LEFT_HIP,0.8521097898483276,0.251677542924881,-0.03723122924566269,0.9998565912246704,CapturedFrames_-3.0_1.0_1.0/video.mp4#frame=11
11,RIGHT_HIP,0.8285826444625854,0.24374571442604065,0.037183940410614014,0.9991750121116638,CapturedFrames_-3.0_1.0_1.0/video.mp4#frame=11
11,LEFT_KNEE,0.8227323293685913,0.34070608019828796,-0.04797792807221413,0.9663398861885071,CapturedFrames_-3.0_1.0_1.0/video.mp4#frame=11
11,RIGHT_KNEE,0.8229485750198364,0.3382396399974823,0.06984210759401321,0.8269771337509155,CapturedFrames_-3.0_1.0_1.0/video.mp4#frame=11
11,LEFT_ANKLE,0.8079918622970581,0.4416149854660034,-0.011704837903380394,0.9922295212745667,CapturedFrames_-3.0_1.0_1.0/video.mp4#frame=11
11,RIGHT_ANKLE,0.8427491188049316,0.3965647518634796,0.14306606352329254,0.925089418888092,CapturedFrames_-3.0_1.0_1.0/video.mp4#frame=11
11,LEFT_HEEL,0.8110057711601257,0.462143212556839,-0.012005181983113289,0.9344807863235474,CapturedFrames_-3.0_1.0_1.0/video.mp4#frame=11
11,RIGHT_HEEL,0.8527628183364868,0.4043417274951935,0.1479557305574417,0.9080678224563599,CapturedFrames_-3.0_1.0_1.0/video.mp4#frame=11
11,LEFT_FOOT_INDEX,0.7874183058738708,0.4604089856147766,-0.07328876852989197,0.9855278134346008,CapturedFrames_-3.0_1.0_1.0/video.mp4#frame=11
11,RIGHT_FOOT_INDEX,0.8295069932937622,0.43402719497680664,0.11505160480737686,0.9501349925994873,CapturedFrames_-3.0_1.0_1.0/video.mp4#frame=11
12,NOSE,0.8518415689468384,0.05217166617512703,-0.18754222989082336,0.9999909400939941,CapturedFrames_-3.0_1.0_1.0/video.mp4#frame=12
12,LEFT_EYE_INNER,0.8574838638305664,0.043770015239715576,-0.18351823091506958,0.9999767541885376,CapturedFrames_-3.0_1.0_1.0/video.mp4#frame=12
12,LEFT_EYE,0.8598021268844604,0.044381991028785706,-0.18354102969169617,0.9999818801879883,CapturedFrames_-3.0_1.0_1.0/video.mp4#frame=12
12,LEFT_EYE_OUTER,0.8622540235519409,0.045077767223119736,-0.18356846272945404,0.9999837875366211,CapturedFrames_-3.0_1.0_1.0/video.mp4#frame=12
12,RIGHT_EYE_INNER,0.8535612225532532,0.0426911860704422,-0.176295205950737,0.9999648332595825,CapturedFrames_-3.0_1.0_1.0/video.mp4#frame=12
12,RIGHT_EYE,0.8528169393539429,0.04228775203227997,-0.17632415890693665,0.9999608993530273,CapturedFrames_-3.0_1.0_1.0/video.mp4#frame=12
12,RIGHT_EYE_OUTER,0.8519676327705383,0.04190906882286072,-0.17632511258125305,0.9999580383300781,CapturedFrames_-3.0_1.0_1.0/video.mp4#frame=12
12,LEFT_EAR,0.8692299127578735,0.05326488986611366,-0.1464734971523285,0.9999709129333496,CapturedFrames_-3.0_1.0_1.0/video.mp4#frame=12
12,RIGHT_EAR,0.8550014495849609,0.04816311597824097,-0.11280590295791626,0.9998877048492432,CapturedFrames_-3.0_1.0_1.0/video.mp4#frame=12
12,MOUTH_LEFT,0.8544929623603821,0.06543794274330139,-0.17282654345035553,0.999993085861206,CapturedFrames_-3.0_1.0_1.0/video.mp4#frame=12
12,MOUTH_RIGHT,0.8496900796890259,0.06361375749111176,-0.16300621628761292,0.9999792575836182,CapturedFrames_-3.0_1.0_1.0/video.mp4#frame=12
12,LEFT_SHOULDER,0.8831120729446411,0.12471257150173187,-0.13576819002628326,0.9999964237213135,CapturedFrames_-3.0_1.0_1.0/video.mp4#frame=12
12,RIGHT_SHOULDER,0.8317989110946655,0.11906760185956955,-0.05406700447201729,0.9998223185539246,CapturedFrames_-3.0_1.0_1.0/video.mp4#frame=12
12,LEFT_ELBOW,0.8855411410331726,0.2040911614894867,-0.14391115307807922,0.9987388253211975,CapturedFrames_-3.0_1.0_1.0/video.mp4#frame=12
12,RIGHT_ELBOW,0.8101743459701538,0.186549574136734,-0.03718994930386543,0.9071571230888367,CapturedFrames_-3.0_1.0_1.0/video.mp4#frame=12
12,LEFT_WRIST,0.8830384016036987,0.272448867559433,-0.19144389033317566,0.9952994585037231,CapturedFrames_-3.0_1.0_1.0/video.mp4#frame=12
12,RIGHT_WRIST,0.7873086333274841,0.24779850244522095,-0.087636798620224,0.9205041527748108,CapturedFrames_-3.0_1.0_1.0/video.mp4#frame=12
12,LEFT_PINKY,0.8822551965713501,0.2927200198173523,-0.20876219868659973,0.9878954887390137,CapturedFrames_-3.0_1.0_1.0/video.mp4#frame=12
12,RIGHT_PINKY,0.781017541885376,0.26925036311149597,-0.10097222030162811,0.8608298897743225,CapturedFrames_-3.0_1.0_1.0/video.mp4#frame=12
12,LEFT_INDEX,0.8775334358215332,0.2917030155658722,-0.22177982330322266,0.9889074563980103,CapturedFrames_-3.0_1.0_1.0/video.mp4#frame=12
12,RIGHT_INDEX,0.781927227973938,0.2699885070323944,-0.11763207614421844,0.869601309299469,CapturedFrames_-3.0_1.0_1.0/video.mp4#frame=12
12,LEFT_THUMB,0.8763139843940735,0.2850453555583954,-0.1970462054014206,0.9868190288543701,CapturedFrames_-3.0_1.0_1.0/video.mp4#frame=12
12,RIGHT_THUMB,0.7843151092529297,0.2648993730545044,-0.0964672639966011,0.8685282468795776,CapturedFrames_-3.0_1.0_1.0/video.mp4#frame=12
12,LEFT_HIP,0.8478280305862427,0.25416943430900574,-0.0341208390891552,0.9998501539230347,CapturedFrames_-3.0_1.0_1.0/video.mp4#frame=12
12,RIGHT_HIP,0.8226131200790405,0.24400906264781952,0.03405918553471565,0.9989917874336243,CapturedFrames_-3.0_1.0_1.0/video.mp4#frame=12
12,LEFT_KNEE,0.8173617124557495,0.34471869468688965,-0.06872627884149551,0.9734547138214111,CapturedFrames_-3.0_1.0_1.0/video.mp4#frame=12
12,RIGHT_KNEE,0.8111861944198608,0.33867621421813965,0.061497874557971954,0.8780895471572876,CapturedFrames_-3.0_1.0_1.0/video.mp4#frame=12
12,LEFT_ANKLE,0.8088928461074829,0.4405978322029114,0.0008913371711969376,0.9910065531730652,CapturedFrames_-3.0_1.0_1.0/video.mp4#frame=12
12,RIGHT_ANKLE,0.8312751054763794,0.3929731249809265,0.1808985322713852,0.9040685296058655,CapturedFrames_-3.0_1.0_1.0/video.mp4#frame=12
12,LEFT_HEEL,0.809914767742157,0.4577312171459198,0.0038871236611157656,0.9060545563697815,CapturedFrames_-3.0_1.0_1.0/video.mp4#frame=12
12,RIGHT_HEEL,0.8430560231208801,0.3907194435596466,0.190651074051857,0.8566758036613464,CapturedFrames_-3.0_1.0_1.0/video.mp4#frame=12
12,LEFT_FOOT_INDEX,0.788358747959137,0.4625042676925659,-0.06512153893709183,0.984606146812439,CapturedFrames_-3.0_1.0_1.0/video.mp4#frame=12
12,RIGHT_FOOT_INDEX,0.819884181022644,0.432295024394989,0.15581361949443817,0.9283123016357422,CapturedFrames_-3.0_1.0_1.0/video.mp4#frame=12
13,NOSE,0.845164954662323,0.05091146007180214,-0.170409694314003,0.9999865293502808,CapturedFrames_-3.0_1.0_1.0/video.mp4#frame=13
13,LEFT_EYE_INNER,0.8505727052688599,0.042161524295806885,-0.1677393764257431,0.9999686479568481,CapturedFrames_-3.0_1.0_1.0/video.mp4#frame=13
13,LEFT_EYE,0.8528257608413696,0.04252728819847107,-0.16775038838386536,0.9999748468399048,CapturedFrames_-3.0_1.0_1.0/video.mp4#frame=13
13,LEFT_EYE_OUTER,0.8552483320236206,0.04301649332046509,-0.16776297986507416,0.9999773502349854,CapturedFrames_-3.0_1.0_1.0/video.mp4#frame=13
13,RIGHT_EYE_INNER,0.8469735383987427,0.04120089113712311,-0.15933744609355927,0.9999545812606812,CapturedFrames_-3.0_1.0_1.0/video.mp4#frame=13
13,RIGHT_EYE,0.8464013934135437,0.04091194272041321,-0.15936802327632904,0.999951958656311,CapturedFrames_-3.0_1.0_1.0/video.mp4#frame=13
13,RIGHT_EYE_OUTER,0.8457540273666382,0.04059213399887085,-0.1593790501356125,0.9999521970748901,CapturedFrames_-3.0_1.0_1.0/video.mp4#frame=13
13,LEFT_EAR,0.8630088567733765,0.051510706543922424,-0.13586461544036865,0.9999618530273438,CapturedFrames_-3.0_1.0_1.0/video.mp4#frame=13
13,RIGHT_EAR,0.8493069410324097,0.047072067856788635,-0.09717585891485214,0.9998921155929565,CapturedFrames_-3.0_1.0_1.0/video.mp4#frame=13
13,MOUTH_LEFT,0.8478854894638062,0.0639115571975708,-0.15762431919574738,0.9999874830245972,CapturedFrames_-3.0_1.0_1.0/video.mp4#frame=13
13,MOUTH_RIGHT,0.8434632420539856,0.06241166964173317,-0.14640408754348755,0.9999678134918213,CapturedFrames_-3.0_1.0_1.0/video.mp4#frame=13
13,LEFT_SHOULDER,0.8773900866508484,0.12115591764450073,-0.13157561421394348,0.9999926090240479,CapturedFrames_-3.0_1.0_1.0/video.mp4#frame=13
13,RIGHT_SHOULDER,0.8273955583572388,0.1165420189499855,-0.03915347531437874,0.999854326248169,CapturedFrames_-3.0_1.0_1.0/video.mp4#frame=13
13,LEFT_ELBOW,0.8773209452629089,0.20100268721580505,-0.14132414758205414,0.9982189536094666,CapturedFrames_-3.0_1.0_1.0/video.mp4#frame=13
13,RIGHT_ELBOW,0.8077656626701355,0.1853289008140564,-0.017287928611040115,0.913173496723175,CapturedFrames_-3.0_1.0_1.0/video.mp4#frame=13
13,LEFT_WRIST,0.8734837770462036,0.2709157466888428,-0.18612968921661377,0.9935210347175598,CapturedFrames_-3.0_1.0_1.0/video.mp4#frame=13
13,RIGHT_WRIST,0.7854133248329163,0.2452756017446518,-0.06929938495159149,0.9350524544715881,CapturedFrames_-3.0_1.0_1.0/video.mp4#frame=13
13,LEFT_PINKY,0.8735548853874207,0.29304468631744385,-0.2030954360961914,0.9843046069145203,CapturedFrames_-3.0_1.0_1.0/video.mp4#frame=13
13,RIGHT_PINKY,0.7792291641235352,0.2681148648262024,-0.08293844014406204,0.8857703804969788,CapturedFrames_-3.0_1.0_1.0/video.mp4#frame=13
13,LEFT_INDEX,0.8683871030807495,0.2918110191822052,-0.21561641991138458,0.9851206541061401,CapturedFrames_-3.0_1.0_1.0/video.mp4#frame=13
13,RIGHT_INDEX,0.780345618724823,0.26860934495925903,-0.09990091621875763,0.8924213647842407,CapturedFrames_-3.0_1.0_1.0/video.mp4#frame=13
13,LEFT_THUMB,0.8674752116203308,0.28421613574028015,-0.1915617287158966,0.982006311416626,CapturedFrames_-3.0_1.0_1.0/video.mp4#frame=13
13,RIGHT_THUMB,0.7830291390419006,0.2616517245769501,-0.078569196164608,0.8903213739395142,CapturedFrames_-3.0_1.0_1.0/video.mp4#frame=13
13,LEFT_HIP,0.8442190885543823,0.2533922493457794,-0.03798593953251839,0.9996938705444336,CapturedFrames_-3.0_1.0_1.0/video.mp4#frame=13
13,RIGHT_HIP,0.8188146352767944,0.24388112127780914,0.037919819355010986,0.9989957213401794,CapturedFrames_-3.0_1.0_1.0/video.mp4#frame=13
13,LEFT_KNEE,0.8146357536315918,0.345016747713089,-0.059465158730745316,0.9752134680747986,CapturedFrames_-3.0_1.0_1.0/video.mp4#frame=13
13,RIGHT_KNEE,0.8019620180130005,0.3367449641227722,0.02867143414914608,0.9293539524078369,CapturedFrames_-3.0_1.0_1.0/video.mp4#frame=13
13,LEFT_ANKLE,0.8102660179138184,0.43540114164352417,0.020227394998073578,0.9856947064399719,CapturedFrames_-3.0_1.0_1.0/video.mp4#frame=13
13,RIGHT_ANKLE,0.8268779516220093,0.38593170046806335,0.14764124155044556,0.8843445181846619,CapturedFrames_-3.0_1.0_1.0/video.mp4#frame=13
13,LEFT_HEEL,0.811740517616272,0.4554218649864197,0.024768171831965446,0.8727495670318604,CapturedFrames_-3.0_1.0_1.0/video.mp4#frame=13
13,RIGHT_HEEL,0.8387743234634399,0.3848623037338257,0.1578962355852127,0.8451389074325562,CapturedFrames_-3.0_1.0_1.0/video.mp4#frame=13
13,LEFT_FOOT_INDEX,0.792766809463501,0.4588582217693329,-0.03636980429291725,0.9765560030937195,CapturedFrames_-3.0_1.0_1.0/video.mp4#frame=13
13,RIGHT_FOOT_INDEX,0.8207696676254272,0.43023163080215454,0.13120688498020172,0.8973336815834045,CapturedFrames_-3.0_1.0_1.0/video.mp4#frame=13
14,NOSE,0.8405635952949524,0.04679232835769653,-0.16104687750339508,0.999995231628418,CapturedFrames_-3.0_1.0_1.0/video.mp4#frame=14
14,LEFT_EYE_INNER,0.8468982577323914,0.03777116537094116,-0.15750698745250702,0.9999902248382568,CapturedFrames_-3.0_1.0_1.0/video.mp4#frame=14
14,LEFT_EYE,0.8492252230644226,0.038418471813201904,-0.15751974284648895,0.999991774559021,CapturedFrames_-3.0_1.0_1.0/video.mp4#frame=14
14,LEFT_EYE_OUTER,0.8517282605171204,0.0392315536737442,-0.15753120183944702,0.9999926090240479,CapturedFrames_-3.0_1.0_1.0/video.mp4#frame=14
14,RIGHT_EYE_INNER,0.8422740697860718,0.03657767176628113,-0.14930197596549988,0.9999867677688599,CapturedFrames_-3.0_1.0_1.0/video.mp4#frame=14
14,RIGHT_EYE,0.8414560556411743,0.03630442917346954,-0.14932507276535034,0.9999861717224121,CapturedFrames_-3.0_1.0_1.0/video.mp4#frame=14
14,RIGHT_EYE_OUTER,0.8407400250434875,0.036056458950042725,-0.14932213723659515,0.999985933303833,CapturedFrames_-3.0_1.0_1.0/video.mp4#frame=14
14,LEFT_EAR,0.8583652377128601,0.04759172722697258,-0.12194174528121948,0.999988317489624,CapturedFrames_-3.0_1.0_1.0/video.mp4#frame=14
14,RIGHT_EAR,0.8435085415840149,0.042488664388656616,-0.08364126086235046,0.9999691247940063,CapturedFrames_-3.0_1.0_1.0/video.mp4#frame=14
14,MOUTH_LEFT,0.8444402813911438,0.06062483787536621,-0.14698399603366852,0.9999970197677612,CapturedFrames_-3.0_1.0_1.0/video.mp4#frame=14
14,MOUTH_RIGHT,0.8384304046630859,0.05882703885436058,-0.13595111668109894,0.9999916553497314,CapturedFrames_-3.0_1.0_1.0/video.mp4#frame=14
14,LEFT_SHOULDER,0.8715533018112183,0.11685559153556824,-0.12089358270168304,0.9999974966049194,CapturedFrames_-3.0_1.0_1.0/video.mp4#frame=14
14,RIGHT_SHOULDER,0.821841835975647,0.11446692049503326,-0.023458819836378098,0.9999297857284546,CapturedFrames_-3.0_1.0_1.0/video.mp4#frame=14
14,LEFT_ELBOW,0.8708873987197876,0.20061740279197693,-0.12446503341197968,0.9989519119262695,CapturedFrames_-3.0_1.0_1.0/video.mp4#frame=14
14,RIGHT_ELBOW,0.8036350011825562,0.19066251814365387,0.002246028510853648,0.8553459644317627,CapturedFrames_-3.0_1.0_1.0/video.mp4#frame=14
14,LEFT_WRIST,0.862051784992218,0.27396640181541443,-0.1642369031906128,0.9950063228607178,CapturedFrames_-3.0_1.0_1.0/video.mp4#frame=14
14,RIGHT_WRIST,0.7830092310905457,0.2502772808074951,-0.05458149313926697,0.8964645862579346,CapturedFrames_-3.0_1.0_1.0/video.mp4#frame=14
14,LEFT_PINKY,0.860897421836853,0.29578647017478943,-0.1810905486345291,0.9872111082077026,CapturedFrames_-3.0_1.0_1.0/video.mp4#frame=14
14,RIGHT_PINKY,0.776218593120575,0.2736089825630188,-0.06915991753339767,0.8436500430107117,CapturedFrames_-3.0_1.0_1.0/video.mp4#frame=14
14,LEFT_INDEX,0.855685830116272,0.2940486967563629,-0.1933247596025467,0.987837553024292,CapturedFrames_-3.0_1.0_1.0/video.mp4#frame=14
14,RIGHT_INDEX,0.7776385545730591,0.27358880639076233,-0.08755199611186981,0.8498462438583374,CapturedFrames_-3.0_1.0_1.0/video.mp4#frame=14
14,LEFT_THUMB,0.8548070788383484,0.2854560613632202,-0.16900160908699036,0.9841926693916321,CapturedFrames_-3.0_1.0_1.0/video.mp4#frame=14
14,RIGHT_THUMB,0.7807376384735107,0.26751646399497986,-0.06440133601427078,0.843022882938385,CapturedFrames_-3.0_1.0_1.0/video.mp4#frame=14
14,LEFT_HIP,0.8383633494377136,0.2579001486301422,-0.04057115316390991,0.9998846054077148,CapturedFrames_-3.0_1.0_1.0/video.mp4#frame=14
14,RIGHT_HIP,0.8112759590148926,0.2481430619955063,0.04046207293868065,0.9995231628417969,CapturedFrames_-3.0_1.0_1.0/video.mp4#frame=14
14,LEFT_KNEE,0.8126519918441772,0.3544345498085022,-0.053711991757154465,0.9902569055557251,CapturedFrames_-3.0_1.0_1.0/video.mp4#frame=14
14,RIGHT_KNEE,0.7866432070732117,0.3400071859359741,0.027879154309630394,0.9628634452819824,CapturedFrames_-3.0_1.0_1.0/video.mp4#frame=14
14,LEFT_ANKLE,0.8117083311080933,0.43806999921798706,0.030907491222023964,0.9921626448631287,CapturedFrames_-3.0_1.0_1.0/video.mp4#frame=14
14,RIGHT_ANKLE,0.8147858381271362,0.39393848180770874,0.17308714985847473,0.893555223941803,CapturedFrames_-3.0_1.0_1.0/video.mp4#frame=14
14,LEFT_HEEL,0.8155051469802856,0.45997747778892517,0.03593900427222252,0.9101200103759766,CapturedFrames_-3.0_1.0_1.0/video.mp4#frame=14
14,RIGHT_HEEL,0.8235602378845215,0.3930533528327942,0.1862340122461319,0.8501439094543457,CapturedFrames_-3.0_1.0_1.0/video.mp4#frame=14
14,LEFT_FOOT_INDEX,0.789985716342926,0.4627915322780609,-0.025308722630143166,0.9860026836395264,CapturedFrames_-3.0_1.0_1.0/video.mp4#frame=14
14,RIGHT_FOOT_INDEX,0.8060578107833862,0.43864673376083374,0.16568505764007568,0.9125939011573792,CapturedFrames_-3.0_1.0_1.0/video.mp4#frame=14
15,NOSE,0.8319690823554993,0.04303741455078125,-0.126588374376297,0.9999872446060181,CapturedFrames_-3.0_1.0_1.0/video.mp4#frame=15
15,LEFT_EYE_INNER,0.8374737501144409,0.03359426558017731,-0.1270538717508316,0.9999723434448242,CapturedFrames_-3.0_1.0_1.0/video.mp4#frame=15
15,LEFT_EYE,0.839529812335968,0.033931195735931396,-0.12707212567329407,0.999976634979248,CapturedFrames_-3.0_1.0_1.0/video.mp4#frame=15
15,LEFT_EYE_OUTER,0.8416849374771118,0.034335196018218994,-0.12709131836891174,0.9999794960021973,CapturedFrames_-3.0_1.0_1.0/video.mp4#frame=15
15,RIGHT_EYE_INNER,0.8339996337890625,0.0329553484916687,-0.11636630445718765,0.9999624490737915,CapturedFrames_-3.0_1.0_1.0/video.mp4#frame=15
15,RIGHT_EYE,0.8335273861885071,0.032769933342933655,-0.1163724809885025,0.9999613761901855,CapturedFrames_-3.0_1.0_1.0/video.mp4#frame=15
15,RIGHT_EYE_OUTER,0.8330093622207642,0.032464414834976196,-0.11637561023235321,0.9999598264694214,CapturedFrames_-3.0_1.0_1.0/video.mp4#frame=15
15,LEFT_EAR,0.8494049310684204,0.042635515332221985,-0.10963653028011322,0.9999735355377197,CapturedFrames_-3.0_1.0_1.0/video.mp4#frame=15
15,RIGHT_EAR,0.8369075059890747,0.0386565625667572,-0.059806279838085175,0.9999268054962158,CapturedFrames_-3.0_1.0_1.0/video.mp4#frame=15
15,MOUTH_LEFT,0.8349478840827942,0.055179595947265625,-0.11914141476154327,0.9999934434890747,CapturedFrames_-3.0_1.0_1.0/video.mp4#frame=15
15,MOUTH_RIGHT,0.8303838968276978,0.05360895395278931,-0.104736328125,0.9999809265136719,CapturedFrames_-3.0_1.0_1.0/video.mp4#frame=15
15,LEFT_SHOULDER,0.864916205406189,0.11171935498714447,-0.11415298283100128,0.9999974966049194,CapturedFrames_-3.0_1.0_1.0/video.mp4#frame=15
15,RIGHT_SHOULDER,0.8164671659469604,0.11366330087184906,-0.010402344167232513,0.999915599822998,CapturedFrames_-3.0_1.0_1.0/video.mp4#frame=15
15,LEFT_ELBOW,0.861742377281189,0.19647938013076782,-0.12510064244270325,0.9985685348510742,CapturedFrames_-3.0_1.0_1.0/video.mp4#frame=15
15,RIGHT_ELBOW,0.7991448044776917,0.19103392958641052,0.016777412965893745,0.7096098065376282,CapturedFrames_-3.0_1.0_1.0/video.mp4#frame=15
15,LEFT_WRIST,0.8485713005065918,0.2694087028503418,-0.15598535537719727,0.995512068271637,CapturedFrames_-3.0_1.0_1.0/video.mp4#frame=15
15,RIGHT_WRIST,0.781199038028717,0.25306349992752075,-0.03269054740667343,0.8401409983634949,CapturedFrames_-3.0_1.0_1.0/video.mp4#frame=15
15,LEFT_PINKY,0.8470255732536316,0.2926163673400879,-0.17236410081386566,0.9890179634094238,CapturedFrames_-3.0_1.0_1.0/video.mp4#frame=15
15,RIGHT_PINKY,0.7753259539604187,0.2734949588775635,-0.044002749025821686,0.7868262529373169,CapturedFrames_-3.0_1.0_1.0/video.mp4#frame=15
15,LEFT_INDEX,0.8428725004196167,0.28872931003570557,-0.18152852356433868,0.9890457391738892,CapturedFrames_-3.0_1.0_1.0/video.mp4#frame=15
15,RIGHT_INDEX,0.7766006588935852,0.27379730343818665,-0.06262142211198807,0.7933314442634583,CapturedFrames_-3.0_1.0_1.0/video.mp4#frame=15
15,LEFT_THUMB,0.842033863067627,0.2805691659450531,-0.15914644300937653,0.9850695729255676,CapturedFrames_-3.0_1.0_1.0/video.mp4#frame=15
15,RIGHT_THUMB,0.7792928218841553,0.2694868743419647,-0.04218059405684471,0.7907056212425232,CapturedFrames_-3.0_1.0_1.0/video.mp4#frame=15
15,LEFT_HIP,0.8319926261901855,0.25439831614494324,-0.03601595759391785,0.9999138116836548,CapturedFrames_-3.0_1.0_1.0/video.mp4#frame=15
15,RIGHT_HIP,0.8051254153251648,0.24549269676208496,0.03591775894165039,0.9997162222862244,CapturedFrames_-3.0_1.0_1.0/video.mp4#frame=15
15,LEFT_KNEE,0.8119615316390991,0.35230717062950134,-0.053015731275081635,0.9943519830703735,CapturedFrames_-3.0_1.0_1.0/video.mp4#frame=15
15,RIGHT_KNEE,0.7771365642547607,0.3363516330718994,0.020602678880095482,0.9752888679504395,CapturedFrames_-3.0_1.0_1.0/video.mp4#frame=15
15,LEFT_ANKLE,0.8079742193222046,0.43964043259620667,0.04631122946739197,0.9905356764793396,CapturedFrames_-3.0_1.0_1.0/video.mp4#frame=15
15,RIGHT_ANKLE,0.8008280992507935,0.39938274025917053,0.16634638607501984,0.8922199010848999,CapturedFrames_-3.0_1.0_1.0/video.mp4#frame=15
15,LEFT_HEEL,0.8142024278640747,0.4587424397468567,0.05295945331454277,0.8516635298728943,CapturedFrames_-3.0_1.0_1.0/video.mp4#frame=15
15,RIGHT_HEEL,0.8061973452568054,0.40432536602020264,0.17961078882217407,0.8017418384552002,CapturedFrames_-3.0_1.0_1.0/video.mp4#frame=15
15,LEFT_FOOT_INDEX,0.7872205972671509,0.4623216986656189,-0.0023627281188964844,0.9787862300872803,CapturedFrames_-3.0_1.0_1.0/video.mp4#frame=15
15,RIGHT_FOOT_INDEX,0.7875006794929504,0.4341975450515747,0.1609945148229599,0.9057217240333557,CapturedFrames_-3.0_1.0_1.0/video.mp4#frame=15
16,NOSE,0.8248298764228821,0.04182112216949463,-0.11153028160333633,0.9999587535858154,CapturedFrames_-3.0_1.0_1.0/video.mp4#frame=16
16,LEFT_EYE_INNER,0.8300992846488953,0.032494500279426575,-0.11276356875896454,0.999921441078186,CapturedFrames_-3.0_1.0_1.0/video.mp4#frame=16
16,LEFT_EYE,0.832316517829895,0.03276064991950989,-0.1128009781241417,0.9999380111694336,CapturedFrames_-3.0_1.0_1.0/video.mp4#frame=16
16,LEFT_EYE_OUTER,0.8346599340438843,0.03304123878479004,-0.11283308267593384,0.9999513626098633,CapturedFrames_-3.0_1.0_1.0/video.mp4#frame=16
16,RIGHT_EYE_INNER,0.8263648748397827,0.0316036194562912,-0.09991732984781265,0.9998733997344971,CapturedFrames_-3.0_1.0_1.0/video.mp4#frame=16
16,RIGHT_EYE,0.8256999850273132,0.03131385147571564,-0.09989865124225616,0.9998514652252197,CapturedFrames_-3.0_1.0_1.0/video.mp4#frame=16
16,RIGHT_EYE_OUTER,0.8249416351318359,0.0309554785490036,-0.09991341829299927,0.9998432397842407,CapturedFrames_-3.0_1.0_1.0/video.mp4#frame=16
16,LEFT_EAR,0.8426024317741394,0.040829747915267944,-0.09863035380840302,0.9999490976333618,CapturedFrames_-3.0_1.0_1.0/video.mp4#frame=16
16,RIGHT_EAR,0.8299579620361328,0.037044838070869446,-0.038538817316293716,0.9996815919876099,CapturedFrames_-3.0_1.0_1.0/video.mp4#frame=16
16,MOUTH_LEFT,0.8283716440200806,0.055041197687387466,-0.10514140129089355,0.9999836683273315,CapturedFrames_-3.0_1.0_1.0/video.mp4#frame=16
16,MOUTH_RIGHT,0.8235446810722351,0.05384012684226036,-0.08781228214502335,0.9999383687973022,CapturedFrames_-3.0_1.0_1.0/video.mp4#frame=16
16,LEFT_SHOULDER,0.8575555682182312,0.10909521579742432,-0.11139766871929169,0.9999977350234985,CapturedFrames_-3.0_1.0_1.0/video.mp4#frame=16
16,RIGHT_SHOULDER,0.8142277002334595,0.10873368382453918,0.01895996555685997,0.999698281288147,CapturedFrames_-3.0_1.0_1.0/video.mp4#frame=16
16,LEFT_ELBOW,0.852155327796936,0.19221913814544678,-0.13136377930641174,0.9977941513061523,CapturedFrames_-3.0_1.0_1.0/video.mp4#frame=16
16,RIGHT_ELBOW,0.7989811301231384,0.18564240634441376,0.049822162836790085,0.38858509063720703,CapturedFrames_-3.0_1.0_1.0/video.mp4#frame=16
16,LEFT_WRIST,0.8350039720535278,0.2626792788505554,-0.16428250074386597,0.9954326152801514,CapturedFrames_-3.0_1.0_1.0/video.mp4#frame=16
16,RIGHT_WRIST,0.7823886871337891,0.24711354076862335,-0.0019910314586013556,0.6421337723731995,CapturedFrames_-3.0_1.0_1.0/video.mp4#frame=16
16,LEFT_PINKY,0.8318430185317993,0.28699660301208496,-0.18295451998710632,0.990407407283783,CapturedFrames_-3.0_1.0_1.0/video.mp4#frame=16
16,RIGHT_PINKY,0.7773500680923462,0.26280519366264343,-0.013345839455723763,0.5990840792655945,CapturedFrames_-3.0_1.0_1.0/video.mp4#frame=16
16,LEFT_INDEX,0.825020432472229,0.2804146409034729,-0.19153276085853577,0.9899466633796692,CapturedFrames_-3.0_1.0_1.0/video.mp4#frame=16
16,RIGHT_INDEX,0.7784090638160706,0.2629602253437042,-0.03190044313669205,0.6079500317573547,CapturedFrames_-3.0_1.0_1.0/video.mp4#frame=16
16,LEFT_THUMB,0.8235338926315308,0.2746327221393585,-0.16680516302585602,0.9842294454574585,CapturedFrames_-3.0_1.0_1.0/video.mp4#frame=16
16,RIGHT_THUMB,0.7808962464332581,0.2584434449672699,-0.011917480267584324,0.6040840148925781,CapturedFrames_-3.0_1.0_1.0/video.mp4#frame=16
16,LEFT_HIP,0.826758861541748,0.25604721903800964,-0.03822268173098564,0.999915599822998,CapturedFrames_-3.0_1.0_1.0/video.mp4#frame=16
16,RIGHT_HIP,0.801129937171936,0.24561837315559387,0.03816025331616402,0.9996416568756104,CapturedFrames_-3.0_1.0_1.0/video.mp4#frame=16
16,LEFT_KNEE,0.8124480247497559,0.3564426302909851,-0.05559288710355759,0.9965546131134033,CapturedFrames_-3.0_1.0_1.0/video.mp4#frame=16
16,RIGHT_KNEE,0.7693821787834167,0.33370620012283325,0.03108697012066841,0.9871044158935547,CapturedFrames_-3.0_1.0_1.0/video.mp4#frame=16
16,LEFT_ANKLE,0.808642566204071,0.44347673654556274,0.06264767050743103,0.9935752749443054,CapturedFrames_-3.0_1.0_1.0/video.mp4#frame=16
16,RIGHT_ANKLE,0.7918800711631775,0.3976503908634186,0.19325777888298035,0.9455131888389587,CapturedFrames_-3.0_1.0_1.0/video.mp4#frame=16
16,LEFT_HEEL,0.8130626678466797,0.4602976441383362,0.0704553946852684,0.8149368762969971,CapturedFrames_-3.0_1.0_1.0/video.mp4#frame=16
16,RIGHT_HEEL,0.799366295337677,0.4045892357826233,0.20795293152332306,0.8633787631988525,CapturedFrames_-3.0_1.0_1.0/video.mp4#frame=16
16,LEFT_FOOT_INDEX,0.7845902442932129,0.4665393531322479,0.006999379955232143,0.984157145023346,CapturedFrames_-3.0_1.0_1.0/video.mp4#frame=16
16,RIGHT_FOOT_INDEX,0.7756630778312683,0.4386522173881531,0.18500664830207825,0.9500518441200256,CapturedFrames_-3.0_1.0_1.0/video.mp4#frame=16
17,NOSE,0.81755530834198,0.03959295153617859,-0.1114574447274208,0.9998483657836914,CapturedFrames_-3.0_1.0_1.0/video.mp4#frame=17
17,LEFT_EYE_INNER,0.8230668902397156,0.02887575328350067,-0.1148126870393753,0.999692440032959,CapturedFrames_-3.0_1.0_1.0/video.mp4#frame=17
17,LEFT_EYE,0.824841320514679,0.02858803980052471,-0.11484341323375702,0.9997672438621521,CapturedFrames_-3.0_1.0_1.0/video.mp4#frame=17
17,LEFT_EYE_OUTER,0.8271225690841675,0.028217464685440063,-0.11487115919589996,0.9998013377189636,CapturedFrames_-3.0_1.0_1.0/video.mp4#frame=17
17,RIGHT_EYE_INNER,0.8188194036483765,0.028828201815485954,-0.10100307315587997,0.999541163444519,CapturedFrames_-3.0_1.0_1.0/video.mp4#frame=17
17,RIGHT_EYE,0.8180187940597534,0.02886386215686798,-0.1009780764579773,0.9994868040084839,CapturedFrames_-3.0_1.0_1.0/video.mp4#frame=17
17,RIGHT_EYE_OUTER,0.8172610998153687,0.028673246502876282,-0.10098916292190552,0.999370276927948,CapturedFrames_-3.0_1.0_1.0/video.mp4#frame=17
17,LEFT_EAR,0.8365248441696167,0.034585222601890564,-0.1056009978055954,0.9998154044151306,CapturedFrames_-3.0_1.0_1.0/video.mp4#frame=17
17,RIGHT_EAR,0.8222243189811707,0.03345459699630737,-0.04119352996349335,0.9987359642982483,CapturedFrames_-3.0_1.0_1.0/video.mp4#frame=17
17,MOUTH_LEFT,0.8210523724555969,0.05111329257488251,-0.1063442975282669,0.9998877048492432,CapturedFrames_-3.0_1.0_1.0/video.mp4#frame=17
17,MOUTH_RIGHT,0.8160325288772583,0.05046375095844269,-0.08779192715883255,0.9995924830436707,CapturedFrames_-3.0_1.0_1.0/video.mp4#frame=17
17,LEFT_SHOULDER,0.8516241312026978,0.10223399102687836,-0.11814292520284653,0.9999864101409912,CapturedFrames_-3.0_1.0_1.0/video.mp4#frame=17
17,RIGHT_SHOULDER,0.8107582330703735,0.10128279030323029,0.023596500977873802,0.9990720748901367,CapturedFrames_-3.0_1.0_1.0/video.mp4#frame=17
17,LEFT_ELBOW,0.8430682420730591,0.1869456022977829,-0.12671399116516113,0.9959320425987244,CapturedFrames_-3.0_1.0_1.0/video.mp4#frame=17
17,RIGHT_ELBOW,0.8006030917167664,0.1783708930015564,0.061771564185619354,0.1354210376739502,CapturedFrames_-3.0_1.0_1.0/video.mp4#frame=17
17,LEFT_WRIST,0.8214608430862427,0.25328221917152405,-0.13028563559055328,0.9909707307815552,CapturedFrames_-3.0_1.0_1.0/video.mp4#frame=17
17,RIGHT_WRIST,0.7855268716812134,0.22733019292354584,0.01678994670510292,0.39002537727355957,CapturedFrames_-3.0_1.0_1.0/video.mp4#frame=17
17,LEFT_PINKY,0.8183639645576477,0.2778964936733246,-0.14427527785301208,0.981024980545044,CapturedFrames_-3.0_1.0_1.0/video.mp4#frame=17
17,RIGHT_PINKY,0.7805149555206299,0.2436024397611618,0.008320480585098267,0.3968595564365387,CapturedFrames_-3.0_1.0_1.0/video.mp4#frame=17
17,LEFT_INDEX,0.8102978467941284,0.2705802321434021,-0.15138831734657288,0.9800833463668823,CapturedFrames_-3.0_1.0_1.0/video.mp4#frame=17
17,RIGHT_INDEX,0.7810262441635132,0.24291062355041504,-0.008454278111457825,0.4016058146953583,CapturedFrames_-3.0_1.0_1.0/video.mp4#frame=17
17,LEFT_THUMB,0.8096426129341125,0.2647629976272583,-0.13129179179668427,0.9701462388038635,CapturedFrames_-3.0_1.0_1.0/video.mp4#frame=17
17,RIGHT_THUMB,0.7835989594459534,0.23914042115211487,0.007837819866836071,0.39907464385032654,CapturedFrames_-3.0_1.0_1.0/video.mp4#frame=17
17,LEFT_HIP,0.8228116035461426,0.25361016392707825,-0.04083620011806488,0.9994544386863708,CapturedFrames_-3.0_1.0_1.0/video.mp4#frame=17
17,RIGHT_HIP,0.7980824112892151,0.24345986545085907,0.04078475385904312,0.998883068561554,CapturedFrames_-3.0_1.0_1.0/video.mp4#frame=17
17,LEFT_KNEE,0.8108888864517212,0.35659897327423096,-0.04570845514535904,0.9919609427452087,CapturedFrames_-3.0_1.0_1.0/video.mp4#frame=17
17,RIGHT_KNEE,0.7612179517745972,0.32587867975234985,0.03409821167588234,0.9778105020523071,CapturedFrames_-3.0_1.0_1.0/video.mp4#frame=17
17,LEFT_ANKLE,0.8071726560592651,0.4444032311439514,0.05035431310534477,0.9873301982879639,CapturedFrames_-3.0_1.0_1.0/video.mp4#frame=17
17,RIGHT_ANKLE,0.7787794470787048,0.40342289209365845,0.1375695765018463,0.9659184813499451,CapturedFrames_-3.0_1.0_1.0/video.mp4#frame=17
17,LEFT_HEEL,0.8129895329475403,0.4649248719215393,0.055949609726667404,0.7765268683433533,CapturedFrames_-3.0_1.0_1.0/video.mp4#frame=17
17,RIGHT_HEEL,0.7861649990081787,0.41562619805336,0.14552533626556396,0.8947807550430298,CapturedFrames_-3.0_1.0_1.0/video.mp4#frame=17
17,LEFT_FOOT_INDEX,0.7821454405784607,0.46713393926620483,-0.006299997679889202,0.9698894619941711,CapturedFrames_-3.0_1.0_1.0/video.mp4#frame=17
17,RIGHT_FOOT_INDEX,0.7570155262947083,0.4367520213127136,0.11363983154296875,0.9569931626319885,CapturedFrames_-3.0_1.0_1.0/video.mp4#frame=17
18,NOSE,0.8098384141921997,0.037598296999931335,-0.12265072017908096,0.9998061060905457,CapturedFrames_-3.0_1.0_1.0/video.mp4#frame=18
18,LEFT_EYE_INNER,0.8148543238639832,0.02632300555706024,-0.1254713386297226,0.9996041655540466,CapturedFrames_-3.0_1.0_1.0/video.mp4#frame=18
18,LEFT_EYE,0.8165987730026245,0.02614094503223896,-0.12549731135368347,0.9996861219406128,CapturedFrames_-3.0_1.0_1.0/video.mp4#frame=18
18,LEFT_EYE_OUTER,0.8189748525619507,0.02584916166961193,-0.12553174793720245,0.9997459053993225,CapturedFrames_-3.0_1.0_1.0/video.mp4#frame=18
18,RIGHT_EYE_INNER,0.8108585476875305,0.02634480595588684,-0.1117321103811264,0.999484658241272,CapturedFrames_-3.0_1.0_1.0/video.mp4#frame=18
18,RIGHT_EYE,0.8099901080131531,0.026328131556510925,-0.1117146834731102,0.9993875026702881,CapturedFrames_-3.0_1.0_1.0/video.mp4#frame=18
18,RIGHT_EYE_OUTER,0.8092421293258667,0.026170894503593445,-0.11172995716333389,0.999312162399292,CapturedFrames_-3.0_1.0_1.0/video.mp4#frame=18
18,LEFT_EAR,0.8285651206970215,0.03217931091785431,-0.11358648538589478,0.9998044371604919,CapturedFrames_-3.0_1.0_1.0/video.mp4#frame=18
18,RIGHT_EAR,0.8141986131668091,0.03053954243659973,-0.04958745464682579,0.9987175464630127,CapturedFrames_-3.0_1.0_1.0/video.mp4#frame=18
18,MOUTH_LEFT,0.8132522702217102,0.04870482161641121,-0.11669914424419403,0.9998382329940796,CapturedFrames_-3.0_1.0_1.0/video.mp4#frame=18
18,MOUTH_RIGHT,0.8085870742797852,0.048761069774627686,-0.09823949635028839,0.9994263648986816,CapturedFrames_-3.0_1.0_1.0/video.mp4#frame=18
18,LEFT_SHOULDER,0.8437063097953796,0.09828406572341919,-0.12394461780786514,0.9999728202819824,CapturedFrames_-3.0_1.0_1.0/video.mp4#frame=18
18,RIGHT_SHOULDER,0.8058942556381226,0.09769999980926514,0.018801458179950714,0.9987381100654602,CapturedFrames_-3.0_1.0_1.0/video.mp4#frame=18
18,LEFT_ELBOW,0.8333112597465515,0.18003086745738983,-0.1300838589668274,0.9958712458610535,CapturedFrames_-3.0_1.0_1.0/video.mp4#frame=18
18,RIGHT_ELBOW,0.8002074956893921,0.17295801639556885,0.06044624000787735,0.08567332476377487,CapturedFrames_-3.0_1.0_1.0/video.mp4#frame=18
18,LEFT_WRIST,0.8050230145454407,0.2415665239095688,-0.12599626183509827,0.9827536344528198,CapturedFrames_-3.0_1.0_1.0/video.mp4#frame=18
18,RIGHT_WRIST,0.7862234115600586,0.22948673367500305,0.015400444157421589,0.17787069082260132,CapturedFrames_-3.0_1.0_1.0/video.mp4#frame=18
18,LEFT_PINKY,0.7993310689926147,0.2640351355075836,-0.14012378454208374,0.9628601670265198,CapturedFrames_-3.0_1.0_1.0/video.mp4#frame=18
18,RIGHT_PINKY,0.7826858758926392,0.247849702835083,0.005771893076598644,0.18137530982494354,CapturedFrames_-3.0_1.0_1.0/video.mp4#frame=18
18,LEFT_INDEX,0.7932661175727844,0.26014578342437744,-0.146479070186615,0.9608766436576843,CapturedFrames_-3.0_1.0_1.0/video.mp4#frame=18
18,RIGHT_INDEX,0.7820680141448975,0.24727247655391693,-0.010847315192222595,0.18515807390213013,CapturedFrames_-3.0_1.0_1.0/video.mp4#frame=18
18,LEFT_THUMB,0.7932785749435425,0.2532190978527069,-0.1265571564435959,0.9391804933547974,CapturedFrames_-3.0_1.0_1.0/video.mp4#frame=18
18,RIGHT_THUMB,0.7840586304664612,0.24068516492843628,0.006303410045802593,0.19298352301120758,CapturedFrames_-3.0_1.0_1.0/video.mp4#frame=18
18,LEFT_HIP,0.8208515048027039,0.24005088210105896,-0.040485356003046036,0.999474823474884,CapturedFrames_-3.0_1.0_1.0/video.mp4#frame=18
18,RIGHT_HIP,0.7944886088371277,0.2306506633758545,0.040455691516399384,0.9995009899139404,CapturedFrames_-3.0_1.0_1.0/video.mp4#frame=18
18,LEFT_KNEE,0.807026743888855,0.34588754177093506,-0.05024609714746475,0.9914265871047974,CapturedFrames_-3.0_1.0_1.0/video.mp4#frame=18
18,RIGHT_KNEE,0.7516193389892578,0.3144305944442749,-0.01593608781695366,0.987619161605835,CapturedFrames_-3.0_1.0_1.0/video.mp4#frame=18
18,LEFT_ANKLE,0.8091851472854614,0.44144207239151,0.040983229875564575,0.9875597357749939,CapturedFrames_-3.0_1.0_1.0/video.mp4#frame=18
18,RIGHT_ANKLE,0.7627604603767395,0.4087066352367401,0.06807452440261841,0.9785909652709961,CapturedFrames_-3.0_1.0_1.0/video.mp4#frame=18
18,LEFT_HEEL,0.8134664297103882,0.4618699252605438,0.0459507554769516,0.7333608269691467,CapturedFrames_-3.0_1.0_1.0/video.mp4#frame=18
18,RIGHT_HEEL,0.7675295472145081,0.4220825731754303,0.0732298493385315,0.9192199110984802,CapturedFrames_-3.0_1.0_1.0/video.mp4#frame=18
18,LEFT_FOOT_INDEX,0.7857745885848999,0.462243914604187,-0.020460860803723335,0.9651462435722351,CapturedFrames_-3.0_1.0_1.0/video.mp4#frame=18
18,RIGHT_FOOT_INDEX,0.7349463701248169,0.4333515167236328,0.03155618533492088,0.9626610279083252,CapturedFrames_-3.0_1.0_1.0/video.mp4#frame=18
19,NOSE,0.8015591502189636,0.037292420864105225,-0.13188278675079346,0.9996080994606018,CapturedFrames_-3.0_1.0_1.0/video.mp4#frame=19
19,LEFT_EYE_INNER,0.8060548901557922,0.026383832097053528,-0.1367529332637787,0.9992924928665161,CapturedFrames_-3.0_1.0_1.0/video.mp4#frame=19
19,LEFT_EYE,0.8080403208732605,0.02610665373504162,-0.1367781162261963,0.9993553757667542,CapturedFrames_-3.0_1.0_1.0/video.mp4#frame=19
19,LEFT_EYE_OUTER,0.8103729486465454,0.025707334280014038,-0.13679470121860504,0.9994832277297974,CapturedFrames_-3.0_1.0_1.0/video.mp4#frame=19
19,RIGHT_EYE_INNER,0.8031030893325806,0.026705101132392883,-0.1225103959441185,0.999273955821991,CapturedFrames_-3.0_1.0_1.0/video.mp4#frame=19
19,RIGHT_EYE,0.8024994134902954,0.02665378339588642,-0.12250266224145889,0.9991582632064819,CapturedFrames_-3.0_1.0_1.0/video.mp4#frame=19
19,RIGHT_EYE_OUTER,0.8018344044685364,0.02646610140800476,-0.12251840531826019,0.9991428852081299,CapturedFrames_-3.0_1.0_1.0/video.mp4#frame=19
19,LEFT_EAR,0.8196693658828735,0.03166098892688751,-0.12909714877605438,0.9995015859603882,CapturedFrames_-3.0_1.0_1.0/video.mp4#frame=19
19,RIGHT_EAR,0.8076270222663879,0.030818700790405273,-0.06376667320728302,0.9973986148834229,CapturedFrames_-3.0_1.0_1.0/video.mp4#frame=19
19,MOUTH_LEFT,0.8051881790161133,0.048133283853530884,-0.1272715926170349,0.9993898868560791,CapturedFrames_-3.0_1.0_1.0/video.mp4#frame=19
19,MOUTH_RIGHT,0.8009640574455261,0.04845808446407318,-0.10843547433614731,0.9983204007148743,CapturedFrames_-3.0_1.0_1.0/video.mp4#frame=19
19,LEFT_SHOULDER,0.8352628946304321,0.09560009837150574,-0.14533020555973053,0.9997716546058655,CapturedFrames_-3.0_1.0_1.0/video.mp4#frame=19
19,RIGHT_SHOULDER,0.8008090257644653,0.09748205542564392,0.008464069105684757,0.9981023669242859,CapturedFrames_-3.0_1.0_1.0/video.mp4#frame=19
19,LEFT_ELBOW,0.8235081434249878,0.1792825311422348,-0.14843346178531647,0.9905875325202942,CapturedFrames_-3.0_1.0_1.0/video.mp4#frame=19
19,RIGHT_ELBOW,0.7983549237251282,0.1746778041124344,0.04562773555517197,0.06789284944534302,CapturedFrames_-3.0_1.0_1.0/video.mp4#frame=19
19,LEFT_WRIST,0.7895095944404602,0.23156167566776276,-0.12219248712062836,0.9408480525016785,CapturedFrames_-3.0_1.0_1.0/video.mp4#frame=19
19,RIGHT_WRIST,0.787883460521698,0.23202088475227356,-0.00227104383520782,0.10949134826660156,CapturedFrames_-3.0_1.0_1.0/video.mp4#frame=19
19,LEFT_PINKY,0.7837337851524353,0.25228431820869446,-0.13315007090568542,0.8858331441879272,CapturedFrames_-3.0_1.0_1.0/video.mp4#frame=19
19,RIGHT_PINKY,0.7827765345573425,0.2514932155609131,-0.010700027458369732,0.11020828038454056,CapturedFrames_-3.0_1.0_1.0/video.mp4#frame=19
19,LEFT_INDEX,0.7793562412261963,0.24755623936653137,-0.13665618002414703,0.8823989629745483,CapturedFrames_-3.0_1.0_1.0/video.mp4#frame=19
19,RIGHT_INDEX,0.7824119925498962,0.2509296238422394,-0.02764107659459114,0.11385063827037811,CapturedFrames_-3.0_1.0_1.0/video.mp4#frame=19
19,LEFT_THUMB,0.7805947065353394,0.24173660576343536,-0.12105615437030792,0.834534764289856,CapturedFrames_-3.0_1.0_1.0/video.mp4#frame=19
19,RIGHT_THUMB,0.7846001982688904,0.24435004591941833,-0.011500554159283638,0.11771412193775177,CapturedFrames_-3.0_1.0_1.0/video.mp4#frame=19
19,LEFT_HIP,0.8160253763198853,0.23984313011169434,-0.04500632733106613,0.9989547729492188,CapturedFrames_-3.0_1.0_1.0/video.mp4#frame=19
19,RIGHT_HIP,0.7922421097755432,0.23194773495197296,0.044977862387895584,0.999238133430481,CapturedFrames_-3.0_1.0_1.0/video.mp4#frame=19
19,LEFT_KNEE,0.8063676953315735,0.34460774064064026,-0.03899415582418442,0.9839854836463928,CapturedFrames_-3.0_1.0_1.0/video.mp4#frame=19
19,RIGHT_KNEE,0.7450595498085022,0.30918192863464355,0.016946852207183838,0.972362220287323,CapturedFrames_-3.0_1.0_1.0/video.mp4#frame=19
19,LEFT_ANKLE,0.8094192743301392,0.4407476782798767,0.03829880431294441,0.9828231930732727,CapturedFrames_-3.0_1.0_1.0/video.mp4#frame=19
19,RIGHT_ANKLE,0.7437756061553955,0.4130294919013977,0.07917305082082748,0.9765617847442627,CapturedFrames_-3.0_1.0_1.0/video.mp4#frame=19
19,LEFT_HEEL,0.8131555318832397,0.4593941271305084,0.042245518416166306,0.7633732557296753,CapturedFrames_-3.0_1.0_1.0/video.mp4#frame=19
19,RIGHT_HEEL,0.7506466507911682,0.4309881925582886,0.08175951987504959,0.923259437084198,CapturedFrames_-3.0_1.0_1.0/video.mp4#frame=19
19,LEFT_FOOT_INDEX,0.7845350503921509,0.45927777886390686,-0.017687704414129257,0.9655161499977112,CapturedFrames_-3.0_1.0_1.0/video.mp4#frame=19
19,RIGHT_FOOT_INDEX,0.7170979380607605,0.42767536640167236,0.042001716792583466,0.9613167643547058,CapturedFrames_-3.0_1.0_1.0/video.mp4#frame=19
20,NOSE,0.7924151420593262,0.03878547251224518,-0.14254452288150787,0.9997841715812683,CapturedFrames_-3.0_1.0_1.0/video.mp4#frame=20
20,LEFT_EYE_INNER,0.7967979311943054,0.02760857529938221,-0.14786790311336517,0.9996011853218079,CapturedFrames_-3.0_1.0_1.0/video.mp4#frame=20
20,LEFT_EYE,0.7987444400787354,0.02732081711292267,-0.14789706468582153,0.9996331930160522,CapturedFrames_-3.0_1.0_1.0/video.mp4#frame=20
20,LEFT_EYE_OUTER,0.801051914691925,0.026882052421569824,-0.1479274183511734,0.9997151494026184,CapturedFrames_-3.0_1.0_1.0/video.mp4#frame=20
20,RIGHT_EYE_INNER,0.793926477432251,0.027740495279431343,-0.13383784890174866,0.999617338180542,CapturedFrames_-3.0_1.0_1.0/video.mp4#frame=20
20,RIGHT_EYE,0.7934245467185974,0.02763541042804718,-0.13383999466896057,0.9995760321617126,CapturedFrames_-3.0_1.0_1.0/video.mp4#frame=20
20,RIGHT_EYE_OUTER,0.7928681373596191,0.027464332059025764,-0.1338651031255722,0.9995978474617004,CapturedFrames_-3.0_1.0_1.0/video.mp4#frame=20
20,LEFT_EAR,0.810564398765564,0.031426429748535156,-0.139646515250206,0.9997407793998718,CapturedFrames_-3.0_1.0_1.0/video.mp4#frame=20
20,RIGHT_EAR,0.7995189428329468,0.031277552247047424,-0.07541690766811371,0.9987130165100098,CapturedFrames_-3.0_1.0_1.0/video.mp4#frame=20
20,MOUTH_LEFT,0.7962731719017029,0.04946020618081093,-0.1373022347688675,0.9996999502182007,CapturedFrames_-3.0_1.0_1.0/video.mp4#frame=20
20,MOUTH_RIGHT,0.792262077331543,0.049613937735557556,-0.11889994144439697,0.9992160797119141,CapturedFrames_-3.0_1.0_1.0/video.mp4#frame=20
20,LEFT_SHOULDER,0.8271341323852539,0.09658003598451614,-0.15436701476573944,0.999775230884552,CapturedFrames_-3.0_1.0_1.0/video.mp4#frame=20
20,RIGHT_SHOULDER,0.7954696416854858,0.09446991980075836,0.0010174940107390285,0.9987190961837769,CapturedFrames_-3.0_1.0_1.0/video.mp4#frame=20
20,LEFT_ELBOW,0.814206600189209,0.17949964106082916,-0.15756584703922272,0.991784930229187,CapturedFrames_-3.0_1.0_1.0/video.mp4#frame=20
20,RIGHT_ELBOW,0.7947475910186768,0.17405147850513458,0.03182459622621536,0.07455707341432571,CapturedFrames_-3.0_1.0_1.0/video.mp4#frame=20
20,LEFT_WRIST,0.7761146426200867,0.22131767868995667,-0.1254100650548935,0.9312149882316589,CapturedFrames_-3.0_1.0_1.0/video.mp4#frame=20
20,RIGHT_WRIST,0.7814688086509705,0.23543046414852142,-0.015162843279540539,0.0948319360613823,CapturedFrames_-3.0_1.0_1.0/video.mp4#frame=20
20,LEFT_PINKY,0.768932580947876,0.242289200425148,-0.13605783879756927,0.8610270023345947,CapturedFrames_-3.0_1.0_1.0/video.mp4#frame=20
20,RIGHT_PINKY,0.77797931432724,0.2512449324131012,-0.02375299297273159,0.09015005826950073,CapturedFrames_-3.0_1.0_1.0/video.mp4#frame=20
20,LEFT_INDEX,0.765020489692688,0.2380637526512146,-0.1373738795518875,0.8579736948013306,CapturedFrames_-3.0_1.0_1.0/video.mp4#frame=20
20,RIGHT_INDEX,0.7768310904502869,0.25213178992271423,-0.040196292102336884,0.09483269602060318,CapturedFrames_-3.0_1.0_1.0/video.mp4#frame=20
20,LEFT_THUMB,0.7670122385025024,0.23263520002365112,-0.12329363822937012,0.7998634576797485,CapturedFrames_-3.0_1.0_1.0/video.mp4#frame=20
20,RIGHT_THUMB,0.7776410579681396,0.24641364812850952,-0.024208759889006615,0.09755626320838928,CapturedFrames_-3.0_1.0_1.0/video.mp4#frame=20
20,LEFT_HIP,0.808780312538147,0.2390972524881363,-0.045644473284482956,0.9989995360374451,CapturedFrames_-3.0_1.0_1.0/video.mp4#frame=20
20,RIGHT_HIP,0.7859993577003479,0.23146700859069824,0.04559975862503052,0.9992914199829102,CapturedFrames_-3.0_1.0_1.0/video.mp4#frame=20
20,LEFT_KNEE,0.8044581413269043,0.34403321146965027,-0.02095399983227253,0.9894546270370483,CapturedFrames_-3.0_1.0_1.0/video.mp4#frame=20
20,RIGHT_KNEE,0.741277813911438,0.309628963470459,0.03308156877756119,0.9802952408790588,CapturedFrames_-3.0_1.0_1.0/video.mp4#frame=20
20,LEFT_ANKLE,0.809929370880127,0.4428606331348419,0.05801333859562874,0.9900121092796326,CapturedFrames_-3.0_1.0_1.0/video.mp4#frame=20
20,RIGHT_ANKLE,0.7272258400917053,0.4149426817893982,0.08156579732894897,0.9867761731147766,CapturedFrames_-3.0_1.0_1.0/video.mp4#frame=20
20,LEFT_HEEL,0.8132714033126831,0.45946088433265686,0.06177424639463425,0.7530324459075928,CapturedFrames_-3.0_1.0_1.0/video.mp4#frame=20
20,RIGHT_HEEL,0.7312700748443604,0.4357730746269226,0.08259633928537369,0.9305698275566101,CapturedFrames_-3.0_1.0_1.0/video.mp4#frame=20
20,LEFT_FOOT_INDEX,0.7875531911849976,0.46055030822753906,-0.0018686801195144653,0.9797499179840088,CapturedFrames_-3.0_1.0_1.0/video.mp4#frame=20
20,RIGHT_FOOT_INDEX,0.6988893151283264,0.42016950249671936,0.03894154354929924,0.9784474968910217,CapturedFrames_-3.0_1.0_1.0/video.mp4#frame=20
21,NOSE,0.7838476896286011,0.040745943784713745,-0.13832661509513855,0.9995803236961365,CapturedFrames_-3.0_1.0_1.0/video.mp4#frame=21
21,LEFT_EYE_INNER,0.7890019416809082,0.02914614975452423,-0.1423822045326233,0.9991647005081177,CapturedFrames_-3.0_1.0_1.0/video.mp4#frame=21
21,LEFT_EYE,0.7911263108253479,0.02866983413696289,-0.14242008328437805,0.9990874528884888,CapturedFrames_-3.0_1.0_1.0/video.mp4#frame=21
21,LEFT_EYE_OUTER,0.7935004234313965,0.028055531904101372,-0.14244787395000458,0.9992613196372986,CapturedFrames_-3.0_1.0_1.0/video.mp4#frame=21
21,RIGHT_EYE_INNER,0.7852423191070557,0.029137134552001953,-0.12881742417812347,0.9993077516555786,CapturedFrames_-3.0_1.0_1.0/video.mp4#frame=21
21,RIGHT_EYE,0.784647524356842,0.028771087527275085,-0.12882088124752045,0.9992276430130005,CapturedFrames_-3.0_1.0_1.0/video.mp4#frame=21
21,RIGHT_EYE_OUTER,0.7841343283653259,0.02827601134777069,-0.12884843349456787,0.9993205070495605,CapturedFrames_-3.0_1.0_1.0/video.mp4#frame=21
21,LEFT_EAR,0.8020572662353516,0.032140105962753296,-0.12781809270381927,0.9991162419319153,CapturedFrames_-3.0_1.0_1.0/video.mp4#frame=21
21,RIGHT_EAR,0.7917187213897705,0.03104768507182598,-0.0659216120839119,0.9972151517868042,CapturedFrames_-3.0_1.0_1.0/video.mp4#frame=21
21,MOUTH_LEFT,0.7886410355567932,0.051242515444755554,-0.13073047995567322,0.9993322491645813,CapturedFrames_-3.0_1.0_1.0/video.mp4#frame=21
21,MOUTH_RIGHT,0.7837250232696533,0.05131426453590393,-0.11305071413516998,0.9987886548042297,CapturedFrames_-3.0_1.0_1.0/video.mp4#frame=21
21,LEFT_SHOULDER,0.8177825212478638,0.09583477675914764,-0.14286264777183533,0.9995386600494385,CapturedFrames_-3.0_1.0_1.0/video.mp4#frame=21
21,RIGHT_SHOULDER,0.7865995168685913,0.09463749825954437,0.01426330953836441,0.9989936947822571,CapturedFrames_-3.0_1.0_1.0/video.mp4#frame=21
21,LEFT_ELBOW,0.8056318163871765,0.17741604149341583,-0.14744602143764496,0.9899547100067139,CapturedFrames_-3.0_1.0_1.0/video.mp4#frame=21
21,RIGHT_ELBOW,0.789724588394165,0.17875996232032776,0.04745256528258324,0.07933109253644943,CapturedFrames_-3.0_1.0_1.0/video.mp4#frame=21
21,LEFT_WRIST,0.7655879855155945,0.21339751780033112,-0.11591708660125732,0.9281429648399353,CapturedFrames_-3.0_1.0_1.0/video.mp4#frame=21
21,RIGHT_WRIST,0.7752710580825806,0.23763123154640198,-0.0026556591037660837,0.09665384143590927,CapturedFrames_-3.0_1.0_1.0/video.mp4#frame=21
21,LEFT_PINKY,0.7563163042068481,0.23266005516052246,-0.12581723928451538,0.8530654311180115,CapturedFrames_-3.0_1.0_1.0/video.mp4#frame=21
21,RIGHT_PINKY,0.7702159285545349,0.25041627883911133,-0.010789315216243267,0.09242529422044754,CapturedFrames_-3.0_1.0_1.0/video.mp4#frame=21
21,LEFT_INDEX,0.7526029348373413,0.22812721133232117,-0.12444989383220673,0.8479015231132507,CapturedFrames_-3.0_1.0_1.0/video.mp4#frame=21
21,RIGHT_INDEX,0.7682573199272156,0.24972136318683624,-0.027911866083741188,0.09643694013357162,CapturedFrames_-3.0_1.0_1.0/video.mp4#frame=21
21,LEFT_THUMB,0.7555133700370789,0.22226089239120483,-0.11275295913219452,0.7879058718681335,CapturedFrames_-3.0_1.0_1.0/video.mp4#frame=21
21,RIGHT_THUMB,0.7704054713249207,0.24576878547668457,-0.011939454823732376,0.10110857337713242,CapturedFrames_-3.0_1.0_1.0/video.mp4#frame=21
21,LEFT_HIP,0.802942156791687,0.24029146134853363,-0.04399137943983078,0.9991227984428406,CapturedFrames_-3.0_1.0_1.0/video.mp4#frame=21
21,RIGHT_HIP,0.7795712351799011,0.23444151878356934,0.043935377150774,0.9994568228721619,CapturedFrames_-3.0_1.0_1.0/video.mp4#frame=21
21,LEFT_KNEE,0.8024441599845886,0.34612369537353516,-0.00475162360817194,0.9909153580665588,CapturedFrames_-3.0_1.0_1.0/video.mp4#frame=21
21,RIGHT_KNEE,0.7377513647079468,0.31845608353614807,0.039481766521930695,0.9824436902999878,CapturedFrames_-3.0_1.0_1.0/video.mp4#frame=21
21,LEFT_ANKLE,0.8109709024429321,0.4363948106765747,0.08525991439819336,0.9873736500740051,CapturedFrames_-3.0_1.0_1.0/video.mp4#frame=21
21,RIGHT_ANKLE,0.7162328362464905,0.4148268699645996,0.08014223724603653,0.9858793616294861,CapturedFrames_-3.0_1.0_1.0/video.mp4#frame=21
21,LEFT_HEEL,0.816393256187439,0.4539310932159424,0.09065131098031998,0.7350770235061646,CapturedFrames_-3.0_1.0_1.0/video.mp4#frame=21
21,RIGHT_HEEL,0.7193852066993713,0.4365278482437134,0.08054812997579575,0.9304071068763733,CapturedFrames_-3.0_1.0_1.0/video.mp4#frame=21
21,LEFT_FOOT_INDEX,0.7859812378883362,0.4570824205875397,0.03206343948841095,0.9723725318908691,CapturedFrames_-3.0_1.0_1.0/video.mp4#frame=21
21,RIGHT_FOOT_INDEX,0.6906321048736572,0.41807082295417786,0.0368560366332531,0.9758729934692383,CapturedFrames_-3.0_1.0_1.0/video.mp4#frame=21
22,NOSE,0.7756704688072205,0.04421451687812805,-0.13149778544902802,0.9996405839920044,CapturedFrames_-3.0_1.0_1.0/video.mp4#frame=22
22,LEFT_EYE_INNER,0.7801634073257446,0.0325789600610733,-0.13513056933879852,0.9993321299552917,CapturedFrames_-3.0_1.0_1.0/video.mp4#frame=22
22,LEFT_EYE,0.7818730473518372,0.03219883143901825,-0.13516977429389954,0.9993127584457397,CapturedFrames_-3.0_1.0_1.0/video.mp4#frame=22
22,LEFT_EYE_OUTER,0.7839729189872742,0.03167383372783661,-0.13520090281963348,0.999437153339386,CapturedFrames_-3.0_1.0_1.0/video.mp4#frame=22
22,RIGHT_EYE_INNER,0.776664137840271,0.03307230770587921,-0.121514692902565,0.9994205236434937,CapturedFrames_-3.0_1.0_1.0/video.mp4#frame=22
22,RIGHT_EYE,0.7760961055755615,0.0329618901014328,-0.12152419984340668,0.9993771910667419,CapturedFrames_-3.0_1.0_1.0/video.mp4#frame=22
22,RIGHT_EYE_OUTER,0.7755786180496216,0.032734379172325134,-0.1215539425611496,0.9994375109672546,CapturedFrames_-3.0_1.0_1.0/video.mp4#frame=22
22,LEFT_EAR,0.7938065528869629,0.03543353080749512,-0.12187828868627548,0.9992892742156982,CapturedFrames_-3.0_1.0_1.0/video.mp4#frame=22
22,RIGHT_EAR,0.7822228074073792,0.03540581464767456,-0.05988723039627075,0.9975636005401611,CapturedFrames_-3.0_1.0_1.0/video.mp4#frame=22
22,MOUTH_LEFT,0.779977023601532,0.0541684627532959,-0.12466464191675186,0.9994192123413086,CapturedFrames_-3.0_1.0_1.0/video.mp4#frame=22
22,MOUTH_RIGHT,0.7758460640907288,0.054384857416152954,-0.10701040923595428,0.999040424823761,CapturedFrames_-3.0_1.0_1.0/video.mp4#frame=22
22,LEFT_SHOULDER,0.8111303448677063,0.10033409297466278,-0.13684064149856567,0.9994658827781677,CapturedFrames_-3.0_1.0_1.0/video.mp4#frame=22
22,RIGHT_SHOULDER,0.7787981033325195,0.0973665863275528,0.013989430852234364,0.998837411403656,CapturedFrames_-3.0_1.0_1.0/video.mp4#frame=22
22,LEFT_ELBOW,0.7950608730316162,0.18186666071414948,-0.14617113769054413,0.992566704750061,CapturedFrames_-3.0_1.0_1.0/video.mp4#frame=22
22,RIGHT_ELBOW,0.7791721820831299,0.17881706357002258,0.04059692472219467,0.08113942295312881,CapturedFrames_-3.0_1.0_1.0/video.mp4#frame=22
22,LEFT_WRIST,0.7543743252754211,0.21109065413475037,-0.11448252201080322,0.9449471831321716,CapturedFrames_-3.0_1.0_1.0/video.mp4#frame=22
22,RIGHT_WRIST,0.767357587814331,0.2326628416776657,-0.008935424499213696,0.06985854357481003,CapturedFrames_-3.0_1.0_1.0/video.mp4#frame=22
22,LEFT_PINKY,0.7433395981788635,0.2291608452796936,-0.1254194974899292,0.8805862069129944,CapturedFrames_-3.0_1.0_1.0/video.mp4#frame=22
22,RIGHT_PINKY,0.7635918259620667,0.2460000216960907,-0.017770612612366676,0.06573899835348129,CapturedFrames_-3.0_1.0_1.0/video.mp4#frame=22
22,LEFT_INDEX,0.740397036075592,0.22387021780014038,-0.12272815406322479,0.8777809739112854,CapturedFrames_-3.0_1.0_1.0/video.mp4#frame=22
22,RIGHT_INDEX,0.7638146281242371,0.24971254169940948,-0.03312245383858681,0.06882377713918686,CapturedFrames_-3.0_1.0_1.0/video.mp4#frame=22
22,LEFT_THUMB,0.7441022992134094,0.21789813041687012,-0.11079277843236923,0.8129374384880066,CapturedFrames_-3.0_1.0_1.0/video.mp4#frame=22
22,RIGHT_THUMB,0.7644569873809814,0.24266208708286285,-0.017336342483758926,0.07184387743473053,CapturedFrames_-3.0_1.0_1.0/video.mp4#frame=22
22,LEFT_HIP,0.7947998046875,0.24569402635097504,-0.041234590113162994,0.9990322589874268,CapturedFrames_-3.0_1.0_1.0/video.mp4#frame=22
22,RIGHT_HIP,0.7718530297279358,0.23943814635276794,0.04118860512971878,0.9994286894798279,CapturedFrames_-3.0_1.0_1.0/video.mp4#frame=22
22,LEFT_KNEE,0.799975574016571,0.34522539377212524,-0.0029759143944829702,0.9916256070137024,CapturedFrames_-3.0_1.0_1.0/video.mp4#frame=22
22,RIGHT_KNEE,0.7351391315460205,0.32756006717681885,0.027956243604421616,0.9848260879516602,CapturedFrames_-3.0_1.0_1.0/video.mp4#frame=22
22,LEFT_ANKLE,0.8102251887321472,0.4382842183113098,0.0786844938993454,0.9898180365562439,CapturedFrames_-3.0_1.0_1.0/video.mp4#frame=22
22,RIGHT_ANKLE,0.7065454125404358,0.4206681251525879,0.05382736772298813,0.9911754131317139,CapturedFrames_-3.0_1.0_1.0/video.mp4#frame=22
22,LEFT_HEEL,0.8144420385360718,0.4548775851726532,0.08310794830322266,0.7466793060302734,CapturedFrames_-3.0_1.0_1.0/video.mp4#frame=22
22,RIGHT_HEEL,0.7078161239624023,0.4432743191719055,0.05280997231602669,0.9321296215057373,CapturedFrames_-3.0_1.0_1.0/video.mp4#frame=22
22,LEFT_FOOT_INDEX,0.7871957421302795,0.45697423815727234,0.024699116125702858,0.9780478477478027,CapturedFrames_-3.0_1.0_1.0/video.mp4#frame=22
22,RIGHT_FOOT_INDEX,0.6802812218666077,0.4168446958065033,0.004739817697554827,0.9851480722427368,CapturedFrames_-3.0_1.0_1.0/video.mp4#frame=22
23,NOSE,0.7670404314994812,0.04711362347006798,-0.13229167461395264,0.9992179870605469,CapturedFrames_-3.0_1.0_1.0/video.mp4#frame=23
23,LEFT_EYE_INNER,0.7714369893074036,0.03666701912879944,-0.13697049021720886,0.9986275434494019,CapturedFrames_-3.0_1.0_1.0/video.mp4#frame=23
23,LEFT_EYE,0.7730703353881836,0.036454007029533386,-0.13701994717121124,0.9986535310745239,CapturedFrames_-3.0_1.0_1.0/video.mp4#frame=23
23,LEFT_EYE_OUTER,0.775088906288147,0.035940349102020264,-0.13705337047576904,0.9989205598831177,CapturedFrames_-3.0_1.0_1.0/video.mp4#frame=23
23,RIGHT_EYE_INNER,0.7682563662528992,0.03641512989997864,-0.12209926545619965,0.9988412261009216,CapturedFrames_-3.0_1.0_1.0/video.mp4#frame=23
23,RIGHT_EYE,0.7678018808364868,0.03602933883666992,-0.12210188806056976,0.9987290501594543,CapturedFrames_-3.0_1.0_1.0/video.mp4#frame=23
23,RIGHT_EYE_OUTER,0.7674093842506409,0.03543746471405029,-0.12213580310344696,0.9988564252853394,CapturedFrames_-3.0_1.0_1.0/video.mp4#frame=23
23,LEFT_EAR,0.7855290770530701,0.038929760456085205,-0.12700793147087097,0.9986795783042908,CapturedFrames_-3.0_1.0_1.0/video.mp4#frame=23
23,RIGHT_EAR,0.774789035320282,0.037475064396858215,-0.059207551181316376,0.9952591061592102,CapturedFrames_-3.0_1.0_1.0/video.mp4#frame=23
23,MOUTH_LEFT,0.7713478803634644,0.057943254709243774,-0.12651345133781433,0.9987723231315613,CapturedFrames_-3.0_1.0_1.0/video.mp4#frame=23
23,MOUTH_RIGHT,0.7673682570457458,0.05790744721889496,-0.1072201281785965,0.9981659054756165,CapturedFrames_-3.0_1.0_1.0/video.mp4#frame=23
23,LEFT_SHOULDER,0.8019117116928101,0.1038772463798523,-0.14588461816310883,0.9992448091506958,CapturedFrames_-3.0_1.0_1.0/video.mp4#frame=23
23,RIGHT_SHOULDER,0.7718103528022766,0.09970077872276306,0.016875341534614563,0.9987843632698059,CapturedFrames_-3.0_1.0_1.0/video.mp4#frame=23
23,LEFT_ELBOW,0.7861480712890625,0.18557675182819366,-0.15984880924224854,0.9866494536399841,CapturedFrames_-3.0_1.0_1.0/video.mp4#frame=23
23,RIGHT_ELBOW,0.7726443409919739,0.18249359726905823,0.04118923470377922,0.04401405528187752,CapturedFrames_-3.0_1.0_1.0/video.mp4#frame=23
23,LEFT_WRIST,0.7439467906951904,0.21227586269378662,-0.12884759902954102,0.899451732635498,CapturedFrames_-3.0_1.0_1.0/video.mp4#frame=23
23,RIGHT_WRIST,0.7623404264450073,0.23624175786972046,-0.015653004869818687,0.035202138125896454,CapturedFrames_-3.0_1.0_1.0/video.mp4#frame=23
23,LEFT_PINKY,0.7320299744606018,0.2287743091583252,-0.14175596833229065,0.8104463219642639,CapturedFrames_-3.0_1.0_1.0/video.mp4#frame=23
23,RIGHT_PINKY,0.7622727751731873,0.24795673787593842,-0.026041632518172264,0.03679145500063896,CapturedFrames_-3.0_1.0_1.0/video.mp4#frame=23
23,LEFT_INDEX,0.7289090156555176,0.22369734942913055,-0.139084130525589,0.8053699731826782,CapturedFrames_-3.0_1.0_1.0/video.mp4#frame=23
23,RIGHT_INDEX,0.7615470886230469,0.24908074736595154,-0.041984740644693375,0.03827260434627533,CapturedFrames_-3.0_1.0_1.0/video.mp4#frame=23
23,LEFT_THUMB,0.7326307892799377,0.21817658841609955,-0.12533463537693024,0.7142400741577148,CapturedFrames_-3.0_1.0_1.0/video.mp4#frame=23
23,RIGHT_THUMB,0.7607081532478333,0.24468925595283508,-0.024712199345231056,0.03953768312931061,CapturedFrames_-3.0_1.0_1.0/video.mp4#frame=23
23,LEFT_HIP,0.7880251407623291,0.24988341331481934,-0.042575448751449585,0.9985077977180481,CapturedFrames_-3.0_1.0_1.0/video.mp4#frame=23
23,RIGHT_HIP,0.7644248604774475,0.24500203132629395,0.04256264492869377,0.9994441866874695,CapturedFrames_-3.0_1.0_1.0/video.mp4#frame=23
23,LEFT_KNEE,0.7967209815979004,0.3474828600883484,0.020537909120321274,0.994045078754425,CapturedFrames_-3.0_1.0_1.0/video.mp4#frame=23
23,RIGHT_KNEE,0.7274933457374573,0.3331278860569,0.03402265906333923,0.9930911064147949,CapturedFrames_-3.0_1.0_1.0/video.mp4#frame=23
23,LEFT_ANKLE,0.8100560903549194,0.4324124753475189,0.12741737067699432,0.989935576915741,CapturedFrames_-3.0_1.0_1.0/video.mp4#frame=23
23,RIGHT_ANKLE,0.7008039951324463,0.4261389970779419,0.06373593211174011,0.9946335554122925,CapturedFrames_-3.0_1.0_1.0/video.mp4#frame=23
23,LEFT_HEEL,0.8155525922775269,0.4494474530220032,0.13424457609653473,0.7068614959716797,CapturedFrames_-3.0_1.0_1.0/video.mp4#frame=23
23,RIGHT_HEEL,0.7019796371459961,0.44927307963371277,0.06312903761863708,0.9376235008239746,CapturedFrames_-3.0_1.0_1.0/video.mp4#frame=23
23,LEFT_FOOT_INDEX,0.7873089909553528,0.4567711353302002,0.07428263872861862,0.9760861992835999,CapturedFrames_-3.0_1.0_1.0/video.mp4#frame=23
23,RIGHT_FOOT_INDEX,0.6735984086990356,0.42545974254608154,0.01016981154680252,0.9897026419639587,CapturedFrames_-3.0_1.0_1.0/video.mp4#frame=23
24,NOSE,0.7592335939407349,0.051662083715200424,-0.1204032301902771,0.999250590801239,CapturedFrames_-3.0_1.0_1.0/video.mp4#frame=24
24,LEFT_EYE_INNER,0.7629976272583008,0.04033803939819336,-0.12695571780204773,0.9987008571624756,CapturedFrames_-3.0_1.0_1.0/video.mp4#frame=24
24,LEFT_EYE,0.7647317051887512,0.039958447217941284,-0.1269952952861786,0.9987322688102722,CapturedFrames_-3.0_1.0_1.0/video.mp4#frame=24
24,LEFT_EYE_OUTER,0.7662833333015442,0.039430320262908936,-0.1270212084054947,0.9989738464355469,CapturedFrames_-3.0_1.0_1.0/video.mp4#frame=24
24,RIGHT_EYE_INNER,0.7601803541183472,0.04027087986469269,-0.1115867868065834,0.998845100402832,CapturedFrames_-3.0_1.0_1.0/video.mp4#frame=24
24,RIGHT_EYE,0.7598947882652283,0.03989166021347046,-0.11158967018127441,0.9987350106239319,CapturedFrames_-3.0_1.0_1.0/video.mp4#frame=24
24,RIGHT_EYE_OUTER,0.7596453428268433,0.039398953318595886,-0.11162257194519043,0.9989168643951416,CapturedFrames_-3.0_1.0_1.0/video.mp4#frame=24
24,LEFT_EAR,0.7768679857254028,0.04271197319030762,-0.1252971589565277,0.9988299012184143,CapturedFrames_-3.0_1.0_1.0/video.mp4#frame=24
24,RIGHT_EAR,0.7671963572502136,0.04237106442451477,-0.0551217719912529,0.9960286617279053,CapturedFrames_-3.0_1.0_1.0/video.mp4#frame=24
24,MOUTH_LEFT,0.7633031010627747,0.061829909682273865,-0.11757580935955048,0.9988858103752136,CapturedFrames_-3.0_1.0_1.0/video.mp4#frame=24
24,MOUTH_RIGHT,0.7599407434463501,0.061997052282094955,-0.09757868945598602,0.9982649683952332,CapturedFrames_-3.0_1.0_1.0/video.mp4#frame=24
24,LEFT_SHOULDER,0.7943834066390991,0.1062421053647995,-0.1446036994457245,0.9992941617965698,CapturedFrames_-3.0_1.0_1.0/video.mp4#frame=24
24,RIGHT_SHOULDER,0.7657447457313538,0.10274435579776764,0.014802584424614906,0.9988904595375061,CapturedFrames_-3.0_1.0_1.0/video.mp4#frame=24
24,LEFT_ELBOW,0.7805420160293579,0.188262477517128,-0.15680758655071259,0.9900159239768982,CapturedFrames_-3.0_1.0_1.0/video.mp4#frame=24
24,RIGHT_ELBOW,0.767470121383667,0.18073876202106476,0.038074102252721786,0.05079938843846321,CapturedFrames_-3.0_1.0_1.0/video.mp4#frame=24
24,LEFT_WRIST,0.73594069480896,0.21591386198997498,-0.12170181423425674,0.9202969670295715,CapturedFrames_-3.0_1.0_1.0/video.mp4#frame=24
24,RIGHT_WRIST,0.7586480379104614,0.23416641354560852,-0.014745418913662434,0.038291048258543015,CapturedFrames_-3.0_1.0_1.0/video.mp4#frame=24
24,LEFT_PINKY,0.7240159511566162,0.23027175664901733,-0.13385634124279022,0.8477720618247986,CapturedFrames_-3.0_1.0_1.0/video.mp4#frame=24
24,RIGHT_PINKY,0.7592155337333679,0.25196290016174316,-0.02530328556895256,0.03818149492144585,CapturedFrames_-3.0_1.0_1.0/video.mp4#frame=24
24,LEFT_INDEX,0.7213927507400513,0.22597813606262207,-0.1315132975578308,0.8420622944831848,CapturedFrames_-3.0_1.0_1.0/video.mp4#frame=24
24,RIGHT_INDEX,0.757246196269989,0.2526182234287262,-0.04018236696720123,0.03954329714179039,CapturedFrames_-3.0_1.0_1.0/video.mp4#frame=24
24,LEFT_THUMB,0.7250328063964844,0.22045081853866577,-0.11823411285877228,0.7589771151542664,CapturedFrames_-3.0_1.0_1.0/video.mp4#frame=24
24,RIGHT_THUMB,0.7567349076271057,0.24600306153297424,-0.023192238062620163,0.040560442954301834,CapturedFrames_-3.0_1.0_1.0/video.mp4#frame=24
24,LEFT_HIP,0.7806941866874695,0.25261953473091125,-0.04133641719818115,0.9988473653793335,CapturedFrames_-3.0_1.0_1.0/video.mp4#frame=24
24,RIGHT_HIP,0.75685054063797,0.24651063978672028,0.041291434317827225,0.9995511174201965,CapturedFrames_-3.0_1.0_1.0/video.mp4#frame=24
24,LEFT_KNEE,0.7906991243362427,0.34810158610343933,0.01236717589199543,0.9952961802482605,CapturedFrames_-3.0_1.0_1.0/video.mp4#frame=24
24,RIGHT_KNEE,0.7180794477462769,0.3335408568382263,0.025656336918473244,0.9939707517623901,CapturedFrames_-3.0_1.0_1.0/video.mp4#frame=24
24,LEFT_ANKLE,0.8085781931877136,0.43244612216949463,0.10876695811748505,0.9946944117546082,CapturedFrames_-3.0_1.0_1.0/video.mp4#frame=24
24,RIGHT_ANKLE,0.6963122487068176,0.4294784963130951,0.05996895954012871,0.9957798719406128,CapturedFrames_-3.0_1.0_1.0/video.mp4#frame=24
24,LEFT_HEEL,0.8153887987136841,0.4467984437942505,0.1145181879401207,0.7690654993057251,CapturedFrames_-3.0_1.0_1.0/video.mp4#frame=24
24,RIGHT_HEEL,0.6999948024749756,0.4500935971736908,0.05990506336092949,0.9545409679412842,CapturedFrames_-3.0_1.0_1.0/video.mp4#frame=24
24,LEFT_FOOT_INDEX,0.7880820035934448,0.46060794591903687,0.05300489068031311,0.9864713549613953,CapturedFrames_-3.0_1.0_1.0/video.mp4#frame=24
24,RIGHT_FOOT_INDEX,0.669565737247467,0.43612051010131836,0.010712521150708199,0.992286205291748,CapturedFrames_-3.0_1.0_1.0/video.mp4#frame=24
25,NOSE,0.7521010637283325,0.05133993923664093,-0.11778837442398071,0.9992690682411194,CapturedFrames_-3.0_1.0_1.0/video.mp4#frame=25
25,LEFT_EYE_INNER,0.7561072111129761,0.041016340255737305,-0.12416759878396988,0.9986306428909302,CapturedFrames_-3.0_1.0_1.0/video.mp4#frame=25
25,LEFT_EYE,0.7573971152305603,0.040613725781440735,-0.12420780956745148,0.9986279010772705,CapturedFrames_-3.0_1.0_1.0/video.mp4#frame=25
25,LEFT_EYE_OUTER,0.7591058015823364,0.0401201993227005,-0.12423457205295563,0.9989160299301147,CapturedFrames_-3.0_1.0_1.0/video.mp4#frame=25
25,RIGHT_EYE_INNER,0.7532958388328552,0.041146114468574524,-0.10834407806396484,0.9988083839416504,CapturedFrames_-3.0_1.0_1.0/video.mp4#frame=25
25,RIGHT_EYE,0.752906322479248,0.04093258082866669,-0.1083407998085022,0.9986312985420227,CapturedFrames_-3.0_1.0_1.0/video.mp4#frame=25
25,RIGHT_EYE_OUTER,0.7525643706321716,0.04061996936798096,-0.10836578905582428,0.9988478422164917,CapturedFrames_-3.0_1.0_1.0/video.mp4#frame=25
25,LEFT_EAR,0.7695574760437012,0.04383265972137451,-0.12266074120998383,0.9987366795539856,CapturedFrames_-3.0_1.0_1.0/video.mp4#frame=25
25,RIGHT_EAR,0.7596498131752014,0.04393604397773743,-0.05037059634923935,0.9956957101821899,CapturedFrames_-3.0_1.0_1.0/video.mp4#frame=25
25,MOUTH_LEFT,0.7562101483345032,0.06121912598609924,-0.11519847065210342,0.9988036155700684,CapturedFrames_-3.0_1.0_1.0/video.mp4#frame=25
25,MOUTH_RIGHT,0.7525874972343445,0.06171397492289543,-0.09459798038005829,0.9980837106704712,CapturedFrames_-3.0_1.0_1.0/video.mp4#frame=25
25,LEFT_SHOULDER,0.7861171364784241,0.10790625959634781,-0.14493988454341888,0.9994237422943115,CapturedFrames_-3.0_1.0_1.0/video.mp4#frame=25
25,RIGHT_SHOULDER,0.7577905654907227,0.10471886396408081,0.020739223808050156,0.9991201758384705,CapturedFrames_-3.0_1.0_1.0/video.mp4#frame=25
25,LEFT_ELBOW,0.7745007276535034,0.19003264605998993,-0.16082234680652618,0.9908285140991211,CapturedFrames_-3.0_1.0_1.0/video.mp4#frame=25
25,RIGHT_ELBOW,0.7596079111099243,0.1846301555633545,0.045493241399526596,0.04725628346204758,CapturedFrames_-3.0_1.0_1.0/video.mp4#frame=25
25,LEFT_WRIST,0.732687771320343,0.21988937258720398,-0.12786051630973816,0.9229893684387207,CapturedFrames_-3.0_1.0_1.0/video.mp4#frame=25
25,RIGHT_WRIST,0.7518247365951538,0.23499765992164612,-0.009986747056245804,0.03780712932348251,CapturedFrames_-3.0_1.0_1.0/video.mp4#frame=25
25,LEFT_PINKY,0.721222460269928,0.23490364849567413,-0.14044976234436035,0.8460196256637573,CapturedFrames_-3.0_1.0_1.0/video.mp4#frame=25
25,RIGHT_PINKY,0.7516739368438721,0.2548833191394806,-0.02123025245964527,0.037946667522192,CapturedFrames_-3.0_1.0_1.0/video.mp4#frame=25
25,LEFT_INDEX,0.718600332736969,0.22891871631145477,-0.13702964782714844,0.839745283126831,CapturedFrames_-3.0_1.0_1.0/video.mp4#frame=25
25,RIGHT_INDEX,0.7501882314682007,0.2533210217952728,-0.03661473095417023,0.03909670189023018,CapturedFrames_-3.0_1.0_1.0/video.mp4#frame=25
25,LEFT_THUMB,0.7226067185401917,0.22382299602031708,-0.12400870025157928,0.7565572261810303,CapturedFrames_-3.0_1.0_1.0/video.mp4#frame=25
25,RIGHT_THUMB,0.7495624423027039,0.24996326863765717,-0.018940556794404984,0.040197715163230896,CapturedFrames_-3.0_1.0_1.0/video.mp4#frame=25
25,LEFT_HIP,0.7729741930961609,0.25411131978034973,-0.04446016997098923,0.9991372227668762,CapturedFrames_-3.0_1.0_1.0/video.mp4#frame=25
25,RIGHT_HIP,0.749894917011261,0.2490491420030594,0.044422250241041183,0.9997652173042297,CapturedFrames_-3.0_1.0_1.0/video.mp4#frame=25
25,LEFT_KNEE,0.7837610244750977,0.3500298261642456,0.02047366090118885,0.9958451390266418,CapturedFrames_-3.0_1.0_1.0/video.mp4#frame=25
25,RIGHT_KNEE,0.7085753679275513,0.3349842131137848,0.014249247498810291,0.9949971437454224,CapturedFrames_-3.0_1.0_1.0/video.mp4#frame=25
25,LEFT_ANKLE,0.8081472516059875,0.43174171447753906,0.1286247968673706,0.9951499104499817,CapturedFrames_-3.0_1.0_1.0/video.mp4#frame=25
25,RIGHT_ANKLE,0.6930032968521118,0.4362194538116455,0.057906169444322586,0.996320366859436,CapturedFrames_-3.0_1.0_1.0/video.mp4#frame=25
25,LEFT_HEEL,0.8160259127616882,0.4431155025959015,0.13592329621315002,0.7965537309646606,CapturedFrames_-3.0_1.0_1.0/video.mp4#frame=25
25,RIGHT_HEEL,0.6969837546348572,0.456662654876709,0.058684755116701126,0.9605121612548828,CapturedFrames_-3.0_1.0_1.0/video.mp4#frame=25
25,LEFT_FOOT_INDEX,0.7886156439781189,0.4626707434654236,0.0749901533126831,0.9873803853988647,CapturedFrames_-3.0_1.0_1.0/video.mp4#frame=25
25,RIGHT_FOOT_INDEX,0.6670096516609192,0.4460122883319855,0.0071970755234360695,0.9930490255355835,CapturedFrames_-3.0_1.0_1.0/video.mp4#frame=25
26,NOSE,0.7442976236343384,0.050736311823129654,-0.128994882106781,0.9993723034858704,CapturedFrames_-3.0_1.0_1.0/video.mp4#frame=26
26,LEFT_EYE_INNER,0.7484170198440552,0.0395866334438324,-0.13592372834682465,0.9987149238586426,CapturedFrames_-3.0_1.0_1.0/video.mp4#frame=26
26,LEFT_EYE,0.750164270401001,0.03927946090698242,-0.13595610857009888,0.9988172650337219,CapturedFrames_-3.0_1.0_1.0/video.mp4#frame=26
26,LEFT_EYE_OUTER,0.7521149516105652,0.03886999189853668,-0.13597747683525085,0.9990391731262207,CapturedFrames_-3.0_1.0_1.0/video.mp4#frame=26
26,RIGHT_EYE_INNER,0.7458557486534119,0.03928358852863312,-0.11952445656061172,0.9987019300460815,CapturedFrames_-3.0_1.0_1.0/video.mp4#frame=26
26,RIGHT_EYE,0.745464026927948,0.039034873247146606,-0.11950995773077011,0.9984002709388733,CapturedFrames_-3.0_1.0_1.0/video.mp4#frame=26
26,RIGHT_EYE_OUTER,0.7451146245002747,0.03876534104347229,-0.11952849477529526,0.9984745383262634,CapturedFrames_-3.0_1.0_1.0/video.mp4#frame=26
26,LEFT_EAR,0.7618984580039978,0.042178213596343994,-0.1352750062942505,0.9992152452468872,CapturedFrames_-3.0_1.0_1.0/video.mp4#frame=26
26,RIGHT_EAR,0.7523636221885681,0.04288138449192047,-0.059150926768779755,0.9939853549003601,CapturedFrames_-3.0_1.0_1.0/video.mp4#frame=26
26,MOUTH_LEFT,0.7482948303222656,0.06197455897927284,-0.12645718455314636,0.9991683959960938,CapturedFrames_-3.0_1.0_1.0/video.mp4#frame=26
26,MOUTH_RIGHT,0.7450211048126221,0.061998095363378525,-0.10473455488681793,0.9980522394180298,CapturedFrames_-3.0_1.0_1.0/video.mp4#frame=26
26,LEFT_SHOULDER,0.7786635160446167,0.10387307405471802,-0.15756793320178986,0.9998553991317749,CapturedFrames_-3.0_1.0_1.0/video.mp4#frame=26
26,RIGHT_SHOULDER,0.749748706817627,0.1071222722530365,0.016794908791780472,0.9991378784179688,CapturedFrames_-3.0_1.0_1.0/video.mp4#frame=26
26,LEFT_ELBOW,0.768885612487793,0.18751780688762665,-0.17807070910930634,0.9954593777656555,CapturedFrames_-3.0_1.0_1.0/video.mp4#frame=26
26,RIGHT_ELBOW,0.7561503052711487,0.18871347606182098,0.049531422555446625,0.037112973630428314,CapturedFrames_-3.0_1.0_1.0/video.mp4#frame=26
26,LEFT_WRIST,0.7289749979972839,0.2298748791217804,-0.15692588686943054,0.969001054763794,CapturedFrames_-3.0_1.0_1.0/video.mp4#frame=26
26,RIGHT_WRIST,0.7446141242980957,0.24645790457725525,-0.0066243549808859825,0.0614539310336113,CapturedFrames_-3.0_1.0_1.0/video.mp4#frame=26
26,LEFT_PINKY,0.7178820967674255,0.24804387986660004,-0.17170676589012146,0.9262318015098572,CapturedFrames_-3.0_1.0_1.0/video.mp4#frame=26
26,RIGHT_PINKY,0.7424944639205933,0.2623160183429718,-0.01758587919175625,0.06595512479543686,CapturedFrames_-3.0_1.0_1.0/video.mp4#frame=26
26,LEFT_INDEX,0.714313805103302,0.24176669120788574,-0.16888780891895294,0.9210845232009888,CapturedFrames_-3.0_1.0_1.0/video.mp4#frame=26
26,RIGHT_INDEX,0.7415119409561157,0.26275748014450073,-0.03591650351881981,0.06808619946241379,CapturedFrames_-3.0_1.0_1.0/video.mp4#frame=26
26,LEFT_THUMB,0.718386709690094,0.2356199324131012,-0.15342862904071808,0.8738977909088135,CapturedFrames_-3.0_1.0_1.0/video.mp4#frame=26
26,RIGHT_THUMB,0.7430240511894226,0.25656068325042725,-0.01694117672741413,0.06921784579753876,CapturedFrames_-3.0_1.0_1.0/video.mp4#frame=26
26,LEFT_HIP,0.7640864253044128,0.25569480657577515,-0.04842894896864891,0.9991760849952698,CapturedFrames_-3.0_1.0_1.0/video.mp4#frame=26
26,RIGHT_HIP,0.740700364112854,0.25022366642951965,0.0483965240418911,0.9998032450675964,CapturedFrames_-3.0_1.0_1.0/video.mp4#frame=26
26,LEFT_KNEE,0.7735177278518677,0.35672932863235474,0.02306724525988102,0.9971797466278076,CapturedFrames_-3.0_1.0_1.0/video.mp4#frame=26
26,RIGHT_KNEE,0.7010065913200378,0.3348238170146942,0.023611798882484436,0.99652498960495,CapturedFrames_-3.0_1.0_1.0/video.mp4#frame=26
26,LEFT_ANKLE,0.8033388257026672,0.4281110167503357,0.14896170794963837,0.9948888421058655,CapturedFrames_-3.0_1.0_1.0/video.mp4#frame=26
26,RIGHT_ANKLE,0.6914461851119995,0.4389926493167877,0.0786125436425209,0.9968609809875488,CapturedFrames_-3.0_1.0_1.0/video.mp4#frame=26
26,LEFT_HEEL,0.8118280172348022,0.43765586614608765,0.15804751217365265,0.7790275812149048,CapturedFrames_-3.0_1.0_1.0/video.mp4#frame=26
26,RIGHT_HEEL,0.6969021558761597,0.4600021243095398,0.0802454799413681,0.9683899283409119,CapturedFrames_-3.0_1.0_1.0/video.mp4#frame=26
26,LEFT_FOOT_INDEX,0.7901038527488708,0.46769651770591736,0.09425517171621323,0.9878554940223694,CapturedFrames_-3.0_1.0_1.0/video.mp4#frame=26
26,RIGHT_FOOT_INDEX,0.6656672954559326,0.453610360622406,0.02554628811776638,0.9937120676040649,CapturedFrames_-3.0_1.0_1.0/video.mp4#frame=26
27,NOSE,0.7360671162605286,0.05041499808430672,-0.1285330057144165,0.999864935874939,CapturedFrames_-3.0_1.0_1.0/video.mp4#frame=27
27,LEFT_EYE_INNER,0.7403279542922974,0.039611443877220154,-0.1358931064605713,0.9997660517692566,CapturedFrames_-3.0_1.0_1.0/video.mp4#frame=27
27,LEFT_EYE,0.7418022751808167,0.03933550417423248,-0.13591377437114716,0.9997661709785461,CapturedFrames_-3.0_1.0_1.0/video.mp4#frame=27
27,LEFT_EYE_OUTER,0.7437028884887695,0.038822099566459656,-0.13595320284366608,0.9998233914375305,CapturedFrames_-3.0_1.0_1.0/video.mp4#frame=27
27,RIGHT_EYE_INNER,0.7374616265296936,0.03961259126663208,-0.11990009248256683,0.9997220635414124,CapturedFrames_-3.0_1.0_1.0/video.mp4#frame=27
27,RIGHT_EYE,0.7369871139526367,0.039519116282463074,-0.11988328397274017,0.9996242523193359,CapturedFrames_-3.0_1.0_1.0/video.mp4#frame=27
27,RIGHT_EYE_OUTER,0.736574649810791,0.03931288421154022,-0.11989520490169525,0.9996296167373657,CapturedFrames_-3.0_1.0_1.0/video.mp4#frame=27
27,LEFT_EAR,0.7534989714622498,0.04204516112804413,-0.13631299138069153,0.9998927116394043,CapturedFrames_-3.0_1.0_1.0/video.mp4#frame=27
27,RIGHT_EAR,0.7438934445381165,0.043045878410339355,-0.06238193437457085,0.9986769556999207,CapturedFrames_-3.0_1.0_1.0/video.mp4#frame=27
27,MOUTH_LEFT,0.7403159141540527,0.06177729368209839,-0.12628862261772156,0.9999006986618042,CapturedFrames_-3.0_1.0_1.0/video.mp4#frame=27
27,MOUTH_RIGHT,0.7367798686027527,0.06200200319290161,-0.10515538603067398,0.9997268319129944,CapturedFrames_-3.0_1.0_1.0/video.mp4#frame=27
27,LEFT_SHOULDER,0.7700174450874329,0.10550586134195328,-0.1546614170074463,0.9999651908874512,CapturedFrames_-3.0_1.0_1.0/video.mp4#frame=27
27,RIGHT_SHOULDER,0.7419968843460083,0.108535997569561,0.01008901558816433,0.9995762705802917,CapturedFrames_-3.0_1.0_1.0/video.mp4#frame=27
27,LEFT_ELBOW,0.7595403790473938,0.19329270720481873,-0.1666640341281891,0.9956320524215698,CapturedFrames_-3.0_1.0_1.0/video.mp4#frame=27
27,RIGHT_ELBOW,0.7464694380760193,0.19153830409049988,0.036406565457582474,0.04672643542289734,CapturedFrames_-3.0_1.0_1.0/video.mp4#frame=27
27,LEFT_WRIST,0.7240201830863953,0.24404285848140717,-0.13867594301700592,0.9658257365226746,CapturedFrames_-3.0_1.0_1.0/video.mp4#frame=27
27,RIGHT_WRIST,0.7378368377685547,0.25688841938972473,-0.008847900666296482,0.06455211341381073,CapturedFrames_-3.0_1.0_1.0/video.mp4#frame=27
27,LEFT_PINKY,0.7154921889305115,0.26340240240097046,-0.15187320113182068,0.9186164736747742,CapturedFrames_-3.0_1.0_1.0/video.mp4#frame=27
27,RIGHT_PINKY,0.7354806661605835,0.27497389912605286,-0.01644166186451912,0.07117315381765366,CapturedFrames_-3.0_1.0_1.0/video.mp4#frame=27
27,LEFT_INDEX,0.7114176750183105,0.2596498429775238,-0.1513337343931198,0.9132143259048462,CapturedFrames_-3.0_1.0_1.0/video.mp4#frame=27
27,RIGHT_INDEX,0.7345589399337769,0.276393860578537,-0.03362008556723595,0.07406371831893921,CapturedFrames_-3.0_1.0_1.0/video.mp4#frame=27
27,LEFT_THUMB,0.7135908007621765,0.25445738434791565,-0.1359550952911377,0.8729829788208008,CapturedFrames_-3.0_1.0_1.0/video.mp4#frame=27
27,RIGHT_THUMB,0.7354262471199036,0.2703798711299896,-0.017917120829224586,0.0740450993180275,CapturedFrames_-3.0_1.0_1.0/video.mp4#frame=27
27,LEFT_HIP,0.756769597530365,0.25329911708831787,-0.043749287724494934,0.9999269247055054,CapturedFrames_-3.0_1.0_1.0/video.mp4#frame=27
27,RIGHT_HIP,0.7329990267753601,0.25084763765335083,0.04366333410143852,0.9999610185623169,CapturedFrames_-3.0_1.0_1.0/video.mp4#frame=27
27,LEFT_KNEE,0.7611581087112427,0.3659822642803192,-0.06586093455553055,0.998256266117096,CapturedFrames_-3.0_1.0_1.0/video.mp4#frame=27
27,RIGHT_KNEE,0.6929847002029419,0.34055444598197937,0.030335035175085068,0.9943324327468872,CapturedFrames_-3.0_1.0_1.0/video.mp4#frame=27
27,LEFT_ANKLE,0.7960801720619202,0.41616058349609375,0.09639011323451996,0.9885311126708984,CapturedFrames_-3.0_1.0_1.0/video.mp4#frame=27
27,RIGHT_ANKLE,0.6911126375198364,0.4430589973926544,0.08307162672281265,0.996090829372406,CapturedFrames_-3.0_1.0_1.0/video.mp4#frame=27
27,LEFT_HEEL,0.8054341077804565,0.41594985127449036,0.11108750104904175,0.8154451251029968,CapturedFrames_-3.0_1.0_1.0/video.mp4#frame=27
27,RIGHT_HEEL,0.6957895755767822,0.46215391159057617,0.08546901494264603,0.9653154611587524,CapturedFrames_-3.0_1.0_1.0/video.mp4#frame=27
27,LEFT_FOOT_INDEX,0.7890104651451111,0.464861124753952,0.0758190006017685,0.9782627820968628,CapturedFrames_-3.0_1.0_1.0/video.mp4#frame=27
27,RIGHT_FOOT_INDEX,0.6643645167350769,0.456032931804657,0.04487321153283119,0.9917729496955872,CapturedFrames_-3.0_1.0_1.0/video.mp4#frame=27
28,NOSE,0.7290331721305847,0.04705645143985748,-0.08708303421735764,0.9999376535415649,CapturedFrames_-3.0_1.0_1.0/video.mp4#frame=28
28,LEFT_EYE_INNER,0.7327659726142883,0.035687416791915894,-0.09571748226881027,0.9998877048492432,CapturedFrames_-3.0_1.0_1.0/video.mp4#frame=28
28,LEFT_EYE,0.7345157861709595,0.035352617502212524,-0.09572739154100418,0.9998886585235596,CapturedFrames_-3.0_1.0_1.0/video.mp4#frame=28
28,LEFT_EYE_OUTER,0.7363656163215637,0.03496329486370087,-0.09573092311620712,0.9999110698699951,CapturedFrames_-3.0_1.0_1.0/video.mp4#frame=28
28,RIGHT_EYE_INNER,0.7305487990379333,0.03570333123207092,-0.07881078124046326,0.9998418092727661,CapturedFrames_-3.0_1.0_1.0/video.mp4#frame=28
28,RIGHT_EYE,0.730329155921936,0.03548240661621094,-0.07877916097640991,0.999777615070343,CapturedFrames_-3.0_1.0_1.0/video.mp4#frame=28
28,RIGHT_EYE_OUTER,0.730159342288971,0.035164713859558105,-0.0787753239274025,0.9997767806053162,CapturedFrames_-3.0_1.0_1.0/video.mp4#frame=28
28,LEFT_EAR,0.7468616962432861,0.039020925760269165,-0.10582812130451202,0.9999206066131592,CapturedFrames_-3.0_1.0_1.0/video.mp4#frame=28
28,RIGHT_EAR,0.7380507588386536,0.03912842273712158,-0.028135845437645912,0.9992222785949707,CapturedFrames_-3.0_1.0_1.0/video.mp4#frame=28
28,MOUTH_LEFT,0.7329720258712769,0.05839301645755768,-0.0887756273150444,0.9999237060546875,CapturedFrames_-3.0_1.0_1.0/video.mp4#frame=28
28,MOUTH_RIGHT,0.7299556136131287,0.0585770457983017,-0.06647084653377533,0.9997664093971252,CapturedFrames_-3.0_1.0_1.0/video.mp4#frame=28
28,LEFT_SHOULDER,0.7637126445770264,0.10515494644641876,-0.13466180860996246,0.9999805688858032,CapturedFrames_-3.0_1.0_1.0/video.mp4#frame=28
28,RIGHT_SHOULDER,0.7354570627212524,0.10405075550079346,0.03032350167632103,0.9997391104698181,CapturedFrames_-3.0_1.0_1.0/video.mp4#frame=28
28,LEFT_ELBOW,0.7540122270584106,0.1868821531534195,-0.15384072065353394,0.9927988052368164,CapturedFrames_-3.0_1.0_1.0/video.mp4#frame=28
28,RIGHT_ELBOW,0.7379446625709534,0.18386061489582062,0.05449261516332626,0.034663837403059006,CapturedFrames_-3.0_1.0_1.0/video.mp4#frame=28
28,LEFT_WRIST,0.7245630025863647,0.2487379014492035,-0.12664225697517395,0.9731965661048889,CapturedFrames_-3.0_1.0_1.0/video.mp4#frame=28
28,RIGHT_WRIST,0.7293002009391785,0.2454877644777298,0.007419202476739883,0.07182203233242035,CapturedFrames_-3.0_1.0_1.0/video.mp4#frame=28
28,LEFT_PINKY,0.7188384532928467,0.2733454704284668,-0.1387893557548523,0.9438638687133789,CapturedFrames_-3.0_1.0_1.0/video.mp4#frame=28
28,RIGHT_PINKY,0.7241283655166626,0.2653829753398895,-0.001257364172488451,0.0865267813205719,CapturedFrames_-3.0_1.0_1.0/video.mp4#frame=28
28,LEFT_INDEX,0.7146861553192139,0.26926353573799133,-0.13888509571552277,0.9391084909439087,CapturedFrames_-3.0_1.0_1.0/video.mp4#frame=28
28,RIGHT_INDEX,0.7227836847305298,0.2661594748497009,-0.018750548362731934,0.08870813250541687,CapturedFrames_-3.0_1.0_1.0/video.mp4#frame=28
28,LEFT_THUMB,0.7157938480377197,0.26294538378715515,-0.12431206554174423,0.9161637425422668,CapturedFrames_-3.0_1.0_1.0/video.mp4#frame=28
28,RIGHT_THUMB,0.7251238226890564,0.2593544125556946,-0.0022954235319048166,0.09369897842407227,CapturedFrames_-3.0_1.0_1.0/video.mp4#frame=28
28,LEFT_HIP,0.749413788318634,0.25651052594184875,-0.04370054602622986,0.9999384880065918,CapturedFrames_-3.0_1.0_1.0/video.mp4#frame=28
28,RIGHT_HIP,0.7264217138290405,0.25066623091697693,0.04363323003053665,0.9999737739562988,CapturedFrames_-3.0_1.0_1.0/video.mp4#frame=28
28,LEFT_KNEE,0.7469714879989624,0.3645647168159485,-0.04602904990315437,0.9979038238525391,CapturedFrames_-3.0_1.0_1.0/video.mp4#frame=28
28,RIGHT_KNEE,0.6875552535057068,0.34043383598327637,0.022260811179876328,0.9938633441925049,CapturedFrames_-3.0_1.0_1.0/video.mp4#frame=28
28,LEFT_ANKLE,0.7861284017562866,0.40986526012420654,0.10224759578704834,0.990166425704956,CapturedFrames_-3.0_1.0_1.0/video.mp4#frame=28
28,RIGHT_ANKLE,0.6901913285255432,0.4426381289958954,0.07297366857528687,0.995404839515686,CapturedFrames_-3.0_1.0_1.0/video.mp4#frame=28
28,LEFT_HEEL,0.7973921298980713,0.40395477414131165,0.1159377321600914,0.816723108291626,CapturedFrames_-3.0_1.0_1.0/video.mp4#frame=28
28,RIGHT_HEEL,0.6958518028259277,0.4626590609550476,0.07526298612356186,0.959251344203949,CapturedFrames_-3.0_1.0_1.0/video.mp4#frame=28
28,LEFT_FOOT_INDEX,0.7821542620658875,0.46465378999710083,0.08578738570213318,0.9820483326911926,CapturedFrames_-3.0_1.0_1.0/video.mp4#frame=28
28,RIGHT_FOOT_INDEX,0.662091076374054,0.4583008587360382,0.03889895975589752,0.9910547137260437,CapturedFrames_-3.0_1.0_1.0/video.mp4#frame=28
29,NOSE,0.7216408848762512,0.043656617403030396,-0.1247188076376915,0.9999276399612427,CapturedFrames_-3.0_1.0_1.0/video.mp4#frame=29
29,LEFT_EYE_INNER,0.7265929579734802,0.030630871653556824,-0.13112607598304749,0.9998725652694702,CapturedFrames_-3.0_1.0_1.0/video.mp4#frame=29
29,LEFT_EYE,0.728561520576477,0.02975177764892578,-0.13112199306488037,0.9998766183853149,CapturedFrames_-3.0_1.0_1.0/video.mp4#frame=29
29,LEFT_EYE_OUTER,0.7307729721069336,0.028781607747077942,-0.13110192120075226,0.9998878240585327,CapturedFrames_-3.0_1.0_1.0/video.mp4#frame=29
29,RIGHT_EYE_INNER,0.723166286945343,0.0316377729177475,-0.11575647443532944,0.9998186230659485,CapturedFrames_-3.0_1.0_1.0/video.mp4#frame=29
29,RIGHT_EYE,0.722826361656189,0.03143028914928436,-0.1157195121049881,0.9997547268867493,CapturedFrames_-3.0_1.0_1.0/video.mp4#frame=29
29,RIGHT_EYE_OUTER,0.7225621342658997,0.031061843037605286,-0.11568846553564072,0.9997186064720154,CapturedFrames_-3.0_1.0_1.0/video.mp4#frame=29
29,LEFT_EAR,0.7401842474937439,0.03193989396095276,-0.13055340945720673,0.9998394250869751,CapturedFrames_-3.0_1.0_1.0/video.mp4#frame=29
29,RIGHT_EAR,0.7308040857315063,0.03283432126045227,-0.061623573303222656,0.999006450176239,CapturedFrames_-3.0_1.0_1.0/video.mp4#frame=29
29,MOUTH_LEFT,0.7267711162567139,0.053770024329423904,-0.12282587587833405,0.9998382329940796,CapturedFrames_-3.0_1.0_1.0/video.mp4#frame=29
29,MOUTH_RIGHT,0.7223612070083618,0.0543300062417984,-0.10293196141719818,0.9996764659881592,CapturedFrames_-3.0_1.0_1.0/video.mp4#frame=29
29,LEFT_SHOULDER,0.7566205263137817,0.09837953746318817,-0.15737420320510864,0.9999654293060303,CapturedFrames_-3.0_1.0_1.0/video.mp4#frame=29
29,RIGHT_SHOULDER,0.7289057374000549,0.10006794333457947,0.005988770630210638,0.999723494052887,CapturedFrames_-3.0_1.0_1.0/video.mp4#frame=29
29,LEFT_ELBOW,0.7480412721633911,0.1901412159204483,-0.17482294142246246,0.994926929473877,CapturedFrames_-3.0_1.0_1.0/video.mp4#frame=29
29,RIGHT_ELBOW,0.7274798154830933,0.18540331721305847,0.039233461022377014,0.13115030527114868,CapturedFrames_-3.0_1.0_1.0/video.mp4#frame=29
29,LEFT_WRIST,0.7234253287315369,0.2630082964897156,-0.14829549193382263,0.9899954795837402,CapturedFrames_-3.0_1.0_1.0/video.mp4#frame=29
29,RIGHT_WRIST,0.7155334949493408,0.2490863800048828,-0.003275494324043393,0.22643204033374786,CapturedFrames_-3.0_1.0_1.0/video.mp4#frame=29
29,LEFT_PINKY,0.7206749320030212,0.2882102131843567,-0.16048990190029144,0.9741541743278503,CapturedFrames_-3.0_1.0_1.0/video.mp4#frame=29
29,RIGHT_PINKY,0.7106761336326599,0.27099600434303284,-0.008377661928534508,0.2270798534154892,CapturedFrames_-3.0_1.0_1.0/video.mp4#frame=29
29,LEFT_INDEX,0.7158135175704956,0.285974383354187,-0.1582256406545639,0.9719265699386597,CapturedFrames_-3.0_1.0_1.0/video.mp4#frame=29
29,RIGHT_INDEX,0.7099960446357727,0.27151715755462646,-0.02702421508729458,0.22529125213623047,CapturedFrames_-3.0_1.0_1.0/video.mp4#frame=29
29,LEFT_THUMB,0.7159899473190308,0.28027644753456116,-0.1450546383857727,0.9608678817749023,CapturedFrames_-3.0_1.0_1.0/video.mp4#frame=29
29,RIGHT_THUMB,0.7120088934898376,0.2641441226005554,-0.012791755609214306,0.236653670668602,CapturedFrames_-3.0_1.0_1.0/video.mp4#frame=29
29,LEFT_HIP,0.7410086393356323,0.25886350870132446,-0.04556006193161011,0.9998998641967773,CapturedFrames_-3.0_1.0_1.0/video.mp4#frame=29
29,RIGHT_HIP,0.7178653478622437,0.2527616024017334,0.04547920078039169,0.9999701976776123,CapturedFrames_-3.0_1.0_1.0/video.mp4#frame=29
29,LEFT_KNEE,0.7371119856834412,0.3634476661682129,0.005177808925509453,0.9924913048744202,CapturedFrames_-3.0_1.0_1.0/video.mp4#frame=29
29,RIGHT_KNEE,0.6864708662033081,0.34131473302841187,0.005421011243015528,0.9873318076133728,CapturedFrames_-3.0_1.0_1.0/video.mp4#frame=29
29,LEFT_ANKLE,0.7709295749664307,0.4109744727611542,0.13708408176898956,0.9756801128387451,CapturedFrames_-3.0_1.0_1.0/video.mp4#frame=29
29,RIGHT_ANKLE,0.6920695304870605,0.4395574927330017,0.03777565434575081,0.9861785173416138,CapturedFrames_-3.0_1.0_1.0/video.mp4#frame=29
29,LEFT_HEEL,0.7810473442077637,0.40986311435699463,0.14959105849266052,0.804050862789154,CapturedFrames_-3.0_1.0_1.0/video.mp4#frame=29
29,RIGHT_HEEL,0.6990282535552979,0.46238595247268677,0.03895406797528267,0.9359551072120667,CapturedFrames_-3.0_1.0_1.0/video.mp4#frame=29
29,LEFT_FOOT_INDEX,0.7681207656860352,0.4634137451648712,0.12327108532190323,0.9586769938468933,CapturedFrames_-3.0_1.0_1.0/video.mp4#frame=29
29,RIGHT_FOOT_INDEX,0.6591061949729919,0.4627198576927185,0.0037595187313854694,0.9767780303955078,CapturedFrames_-3.0_1.0_1.0/video.mp4#frame=29
30,NOSE,0.7137850522994995,0.0426793098449707,-0.10531995445489883,0.9996533393859863,CapturedFrames_-3.0_1.0_1.0/video.mp4#frame=30
30,LEFT_EYE_INNER,0.7178505659103394,0.02923142910003662,-0.113755963742733,0.9992758631706238,CapturedFrames_-3.0_1.0_1.0/video.mp4#frame=30
30,LEFT_EYE,0.7193034291267395,0.02870701067149639,-0.11378345638513565,0.9993709921836853,CapturedFrames_-3.0_1.0_1.0/video.mp4#frame=30
30,LEFT_EYE_OUTER,0.7211164236068726,0.027859823778271675,-0.1137913316488266,0.9994698166847229,CapturedFrames_-3.0_1.0_1.0/video.mp4#frame=30
30,RIGHT_EYE_INNER,0.7147993445396423,0.030059559270739555,-0.0976567268371582,0.9988800883293152,CapturedFrames_-3.0_1.0_1.0/video.mp4#frame=30
30,RIGHT_EYE,0.7144287824630737,0.03010954149067402,-0.09763090312480927,0.9985241293907166,CapturedFrames_-3.0_1.0_1.0/video.mp4#frame=30
30,RIGHT_EYE_OUTER,0.7141135931015015,0.030034439638257027,-0.09765584766864777,0.9984197616577148,CapturedFrames_-3.0_1.0_1.0/video.mp4#frame=30
30,LEFT_EAR,0.7321171164512634,0.029962211847305298,-0.12208056449890137,0.9994733929634094,CapturedFrames_-3.0_1.0_1.0/video.mp4#frame=30
30,RIGHT_EAR,0.7219667434692383,0.03181526064872742,-0.04914240911602974,0.9950191974639893,CapturedFrames_-3.0_1.0_1.0/video.mp4#frame=30
30,MOUTH_LEFT,0.7187923789024353,0.0523964948952198,-0.10635171085596085,0.9995143413543701,CapturedFrames_-3.0_1.0_1.0/video.mp4#frame=30
30,MOUTH_RIGHT,0.7148664593696594,0.05315935239195824,-0.08529333025217056,0.9987244009971619,CapturedFrames_-3.0_1.0_1.0/video.mp4#frame=30
30,LEFT_SHOULDER,0.7525119781494141,0.09673847258090973,-0.1482016146183014,0.9999572038650513,CapturedFrames_-3.0_1.0_1.0/video.mp4#frame=30
30,RIGHT_SHOULDER,0.7194214463233948,0.09890188276767731,0.013769170269370079,0.9993348717689514,CapturedFrames_-3.0_1.0_1.0/video.mp4#frame=30
30,LEFT_ELBOW,0.7454478740692139,0.1827850192785263,-0.16955040395259857,0.9935697317123413,CapturedFrames_-3.0_1.0_1.0/video.mp4#frame=30
30,RIGHT_ELBOW,0.7158802151679993,0.17782124876976013,0.05211576074361801,0.10397908091545105,CapturedFrames_-3.0_1.0_1.0/video.mp4#frame=30
30,LEFT_WRIST,0.7326367497444153,0.26018962264060974,-0.15974768996238708,0.9870525002479553,CapturedFrames_-3.0_1.0_1.0/video.mp4#frame=30
30,RIGHT_WRIST,0.7056198120117188,0.24324990808963776,0.014440903440117836,0.28079667687416077,CapturedFrames_-3.0_1.0_1.0/video.mp4#frame=30
30,LEFT_PINKY,0.7328507304191589,0.2870134115219116,-0.17411410808563232,0.9730474352836609,CapturedFrames_-3.0_1.0_1.0/video.mp4#frame=30
30,RIGHT_PINKY,0.6997777819633484,0.2640116810798645,0.009664027951657772,0.2810416519641876,CapturedFrames_-3.0_1.0_1.0/video.mp4#frame=30
30,LEFT_INDEX,0.7239649891853333,0.2856352925300598,-0.17632417380809784,0.9716212749481201,CapturedFrames_-3.0_1.0_1.0/video.mp4#frame=30
30,RIGHT_INDEX,0.6991255283355713,0.265109658241272,-0.01024794951081276,0.29009294509887695,CapturedFrames_-3.0_1.0_1.0/video.mp4#frame=30
30,LEFT_THUMB,0.7221790552139282,0.27900516986846924,-0.15868063271045685,0.9582723379135132,CapturedFrames_-3.0_1.0_1.0/video.mp4#frame=30
30,RIGHT_THUMB,0.701939582824707,0.2601643204689026,0.004445740487426519,0.3021871745586395,CapturedFrames_-3.0_1.0_1.0/video.mp4#frame=30
30,LEFT_HIP,0.736547589302063,0.25403934717178345,-0.04551045596599579,0.9998370409011841,CapturedFrames_-3.0_1.0_1.0/video.mp4#frame=30
30,RIGHT_HIP,0.7111817598342896,0.24740777909755707,0.045472390949726105,0.9999146461486816,CapturedFrames_-3.0_1.0_1.0/video.mp4#frame=30
30,LEFT_KNEE,0.724601686000824,0.35918566584587097,-0.02092236839234829,0.9930070638656616,CapturedFrames_-3.0_1.0_1.0/video.mp4#frame=30
30,RIGHT_KNEE,0.6842169761657715,0.3465137481689453,0.028969135135412216,0.9777697324752808,CapturedFrames_-3.0_1.0_1.0/video.mp4#frame=30
30,LEFT_ANKLE,0.7538419961929321,0.41461342573165894,0.12369760125875473,0.9809859395027161,CapturedFrames_-3.0_1.0_1.0/video.mp4#frame=30
30,RIGHT_ANKLE,0.6902531385421753,0.44298696517944336,0.09948519617319107,0.9829307198524475,CapturedFrames_-3.0_1.0_1.0/video.mp4#frame=30
30,LEFT_HEEL,0.7650830149650574,0.4179229736328125,0.13689665496349335,0.814903199672699,CapturedFrames_-3.0_1.0_1.0/video.mp4#frame=30
30,RIGHT_HEEL,0.6969350576400757,0.46181514859199524,0.10421738773584366,0.9281492233276367,CapturedFrames_-3.0_1.0_1.0/video.mp4#frame=30
30,LEFT_FOOT_INDEX,0.7457982301712036,0.46936771273612976,0.10936486721038818,0.968151867389679,CapturedFrames_-3.0_1.0_1.0/video.mp4#frame=30
30,RIGHT_FOOT_INDEX,0.6625754833221436,0.4631557762622833,0.07170083373785019,0.9741698503494263,CapturedFrames_-3.0_1.0_1.0/video.mp4#frame=30
31,NOSE,0.7096615433692932,0.03588961064815521,-0.11528977006673813,0.9997355341911316,CapturedFrames_-3.0_1.0_1.0/video.mp4#frame=31
31,LEFT_EYE_INNER,0.713528037071228,0.022628886625170708,-0.12337205559015274,0.9994692206382751,CapturedFrames_-3.0_1.0_1.0/video.mp4#frame=31
31,LEFT_EYE,0.7154934406280518,0.021745115518569946,-0.12338344752788544,0.9995695948600769,CapturedFrames_-3.0_1.0_1.0/video.mp4#frame=31
31,LEFT_EYE_OUTER,0.7176600098609924,0.020702898502349854,-0.12339016050100327,0.9996194839477539,CapturedFrames_-3.0_1.0_1.0/video.mp4#frame=31
31,RIGHT_EYE_INNER,0.7109584808349609,0.023541733622550964,-0.10882685333490372,0.9991965889930725,CapturedFrames_-3.0_1.0_1.0/video.mp4#frame=31
31,RIGHT_EYE,0.7106643915176392,0.0234918761998415,-0.10881838947534561,0.9990479350090027,CapturedFrames_-3.0_1.0_1.0/video.mp4#frame=31
31,RIGHT_EYE_OUTER,0.7103720307350159,0.02330021560192108,-0.10884565114974976,0.998986542224884,CapturedFrames_-3.0_1.0_1.0/video.mp4#frame=31
31,LEFT_EAR,0.727706253528595,0.023803189396858215,-0.1304311603307724,0.9995369911193848,CapturedFrames_-3.0_1.0_1.0/video.mp4#frame=31
31,RIGHT_EAR,0.7178871631622314,0.0264723002910614,-0.06403914093971252,0.9969323873519897,CapturedFrames_-3.0_1.0_1.0/video.mp4#frame=31
31,MOUTH_LEFT,0.714336633682251,0.04599602520465851,-0.11566032469272614,0.9996254444122314,CapturedFrames_-3.0_1.0_1.0/video.mp4#frame=31
31,MOUTH_RIGHT,0.7106346487998962,0.04695478081703186,-0.09644612669944763,0.9989721775054932,CapturedFrames_-3.0_1.0_1.0/video.mp4#frame=31
31,LEFT_SHOULDER,0.7496467232704163,0.09194143116474152,-0.14507636427879333,0.9999440908432007,CapturedFrames_-3.0_1.0_1.0/video.mp4#frame=31
31,RIGHT_SHOULDER,0.7106073498725891,0.09732934832572937,-0.00838572159409523,0.9994322657585144,CapturedFrames_-3.0_1.0_1.0/video.mp4#frame=31
31,LEFT_ELBOW,0.7452868819236755,0.18208900094032288,-0.15989863872528076,0.99281245470047,CapturedFrames_-3.0_1.0_1.0/video.mp4#frame=31
31,RIGHT_ELBOW,0.703508734703064,0.18205437064170837,0.03323317691683769,0.2765797972679138,CapturedFrames_-3.0_1.0_1.0/video.mp4#frame=31
31,LEFT_WRIST,0.7356598377227783,0.2667219936847687,-0.15820662677288055,0.986003041267395,CapturedFrames_-3.0_1.0_1.0/video.mp4#frame=31
31,RIGHT_WRIST,0.6881654858589172,0.24755507707595825,0.004501907620579004,0.5915246605873108,CapturedFrames_-3.0_1.0_1.0/video.mp4#frame=31
31,LEFT_PINKY,0.7371246814727783,0.29005110263824463,-0.17088867723941803,0.9722021222114563,CapturedFrames_-3.0_1.0_1.0/video.mp4#frame=31
31,RIGHT_PINKY,0.6826503276824951,0.2686499357223511,0.0003855674294754863,0.5615731477737427,CapturedFrames_-3.0_1.0_1.0/video.mp4#frame=31
31,LEFT_INDEX,0.7313147187232971,0.28815221786499023,-0.17705532908439636,0.9711838364601135,CapturedFrames_-3.0_1.0_1.0/video.mp4#frame=31
31,RIGHT_INDEX,0.6822652816772461,0.26909783482551575,-0.020009241998195648,0.5763890147209167,CapturedFrames_-3.0_1.0_1.0/video.mp4#frame=31
31,LEFT_THUMB,0.729675829410553,0.2827327251434326,-0.15900680422782898,0.9612295627593994,CapturedFrames_-3.0_1.0_1.0/video.mp4#frame=31
31,RIGHT_THUMB,0.6851724982261658,0.2634448707103729,-0.005437970627099276,0.5903716087341309,CapturedFrames_-3.0_1.0_1.0/video.mp4#frame=31
31,LEFT_HIP,0.7280418872833252,0.25295835733413696,-0.04067090526223183,0.9995108842849731,CapturedFrames_-3.0_1.0_1.0/video.mp4#frame=31
31,RIGHT_HIP,0.7048717141151428,0.24426476657390594,0.04060685262084007,0.9996906518936157,CapturedFrames_-3.0_1.0_1.0/video.mp4#frame=31
31,LEFT_KNEE,0.7145307064056396,0.3541888892650604,-0.0034107796382158995,0.9920777678489685,CapturedFrames_-3.0_1.0_1.0/video.mp4#frame=31
31,RIGHT_KNEE,0.6880518794059753,0.3459858000278473,0.0528232678771019,0.9609817862510681,CapturedFrames_-3.0_1.0_1.0/video.mp4#frame=31
31,LEFT_ANKLE,0.738514244556427,0.42775818705558777,0.09719853103160858,0.9876998662948608,CapturedFrames_-3.0_1.0_1.0/video.mp4#frame=31
31,RIGHT_ANKLE,0.6884871125221252,0.43996861577033997,0.127426877617836,0.9705246090888977,CapturedFrames_-3.0_1.0_1.0/video.mp4#frame=31
31,LEFT_HEEL,0.7488608360290527,0.43513599038124084,0.1050167828798294,0.8564390540122986,CapturedFrames_-3.0_1.0_1.0/video.mp4#frame=31
31,RIGHT_HEEL,0.693930447101593,0.4585486650466919,0.1324896514415741,0.8981406688690186,CapturedFrames_-3.0_1.0_1.0/video.mp4#frame=31
31,LEFT_FOOT_INDEX,0.7251606583595276,0.47643953561782837,0.06549956649541855,0.9759959578514099,CapturedFrames_-3.0_1.0_1.0/video.mp4#frame=31
31,RIGHT_FOOT_INDEX,0.6620609760284424,0.46280622482299805,0.1008814126253128,0.9593823552131653,CapturedFrames_-3.0_1.0_1.0/video.mp4#frame=31
32,NOSE,0.7022534012794495,0.028858201578259468,-0.12105941772460938,0.9999239444732666,CapturedFrames_-3.0_1.0_1.0/video.mp4#frame=32
32,LEFT_EYE_INNER,0.706739068031311,0.015751004219055176,-0.13004285097122192,0.9998582601547241,CapturedFrames_-3.0_1.0_1.0/video.mp4#frame=32
32,LEFT_EYE,0.7083694934844971,0.015209853649139404,-0.13005872070789337,0.9998801946640015,CapturedFrames_-3.0_1.0_1.0/video.mp4#frame=32
32,LEFT_EYE_OUTER,0.7103385925292969,0.014478132128715515,-0.130072221159935,0.9998983144760132,CapturedFrames_-3.0_1.0_1.0/video.mp4#frame=32
32,RIGHT_EYE_INNER,0.703549325466156,0.016428202390670776,-0.1141812801361084,0.999811589717865,CapturedFrames_-3.0_1.0_1.0/video.mp4#frame=32
32,RIGHT_EYE,0.7030633091926575,0.01644529402256012,-0.11419083923101425,0.9998028874397278,CapturedFrames_-3.0_1.0_1.0/video.mp4#frame=32
32,RIGHT_EYE_OUTER,0.7026430368423462,0.016396090388298035,-0.11423493921756744,0.9998160004615784,CapturedFrames_-3.0_1.0_1.0/video.mp4#frame=32
32,LEFT_EAR,0.7214437127113342,0.01830098032951355,-0.1431497186422348,0.9998708963394165,CapturedFrames_-3.0_1.0_1.0/video.mp4#frame=32
32,RIGHT_EAR,0.7104551196098328,0.020552948117256165,-0.07155285775661469,0.9995560050010681,CapturedFrames_-3.0_1.0_1.0/video.mp4#frame=32
32,MOUTH_LEFT,0.7067777514457703,0.03976501524448395,-0.12404525279998779,0.999914288520813,CapturedFrames_-3.0_1.0_1.0/video.mp4#frame=32
32,MOUTH_RIGHT,0.7027508616447449,0.04081600904464722,-0.1032593697309494,0.9997840523719788,CapturedFrames_-3.0_1.0_1.0/video.mp4#frame=32
32,LEFT_SHOULDER,0.7435700297355652,0.08972667157649994,-0.1550828218460083,0.9999659061431885,CapturedFrames_-3.0_1.0_1.0/video.mp4#frame=32
32,RIGHT_SHOULDER,0.7044385075569153,0.09577354788780212,-0.014757846482098103,0.9997144341468811,CapturedFrames_-3.0_1.0_1.0/video.mp4#frame=32
32,LEFT_ELBOW,0.741278350353241,0.1789391040802002,-0.1652921885251999,0.9943957328796387,CapturedFrames_-3.0_1.0_1.0/video.mp4#frame=32
32,RIGHT_ELBOW,0.6947364211082458,0.18189674615859985,0.03008143976330757,0.4209943413734436,CapturedFrames_-3.0_1.0_1.0/video.mp4#frame=32
32,LEFT_WRIST,0.7378643751144409,0.2586069107055664,-0.17098690569400787,0.983937680721283,CapturedFrames_-3.0_1.0_1.0/video.mp4#frame=32
32,RIGHT_WRIST,0.6773800253868103,0.24867454171180725,0.003476028563454747,0.759983479976654,CapturedFrames_-3.0_1.0_1.0/video.mp4#frame=32
32,LEFT_PINKY,0.7409394979476929,0.28261736035346985,-0.18494157493114471,0.967639148235321,CapturedFrames_-3.0_1.0_1.0/video.mp4#frame=32
32,RIGHT_PINKY,0.6722384095191956,0.2700776755809784,0.00033176239230670035,0.7019678354263306,CapturedFrames_-3.0_1.0_1.0/video.mp4#frame=32
32,LEFT_INDEX,0.7358734011650085,0.2825498580932617,-0.1921263486146927,0.9669151902198792,CapturedFrames_-3.0_1.0_1.0/video.mp4#frame=32
32,RIGHT_INDEX,0.6730678677558899,0.2710491418838501,-0.019758835434913635,0.716546893119812,CapturedFrames_-3.0_1.0_1.0/video.mp4#frame=32
32,LEFT_THUMB,0.7330535054206848,0.27383577823638916,-0.17264029383659363,0.9546915292739868,CapturedFrames_-3.0_1.0_1.0/video.mp4#frame=32
32,RIGHT_THUMB,0.6755268573760986,0.2643911838531494,-0.006009221076965332,0.7161625027656555,CapturedFrames_-3.0_1.0_1.0/video.mp4#frame=32
32,LEFT_HIP,0.7238972783088684,0.24144960939884186,-0.04185682162642479,0.9995250701904297,CapturedFrames_-3.0_1.0_1.0/video.mp4#frame=32
32,RIGHT_HIP,0.7018723487854004,0.23652441799640656,0.041762396693229675,0.9994698166847229,CapturedFrames_-3.0_1.0_1.0/video.mp4#frame=32
32,LEFT_KNEE,0.7021462321281433,0.3480178415775299,-0.03685712069272995,0.9902576208114624,CapturedFrames_-3.0_1.0_1.0/video.mp4#frame=32
32,RIGHT_KNEE,0.6877903342247009,0.3431662917137146,0.05103874206542969,0.9015843868255615,CapturedFrames_-3.0_1.0_1.0/video.mp4#frame=32
32,LEFT_ANKLE,0.7216315865516663,0.4405336081981659,0.035278964787721634,0.9881190657615662,CapturedFrames_-3.0_1.0_1.0/video.mp4#frame=32
32,RIGHT_ANKLE,0.6864027976989746,0.44180160760879517,0.11681332439184189,0.943599283695221,CapturedFrames_-3.0_1.0_1.0/video.mp4#frame=32
32,LEFT_HEEL,0.7295204401016235,0.4538021385669708,0.039642028510570526,0.8920936584472656,CapturedFrames_-3.0_1.0_1.0/video.mp4#frame=32
32,RIGHT_HEEL,0.69217449426651,0.46120330691337585,0.12076632678508759,0.8500024676322937,CapturedFrames_-3.0_1.0_1.0/video.mp4#frame=32
32,LEFT_FOOT_INDEX,0.7029336094856262,0.4812244474887848,-0.004245092626661062,0.9783757328987122,CapturedFrames_-3.0_1.0_1.0/video.mp4#frame=32
32,RIGHT_FOOT_INDEX,0.6586398482322693,0.4627557098865509,0.08723792433738708,0.9489896297454834,CapturedFrames_-3.0_1.0_1.0/video.mp4#frame=32
33,NOSE,0.6993283629417419,0.025675354525446892,-0.11715619266033173,0.999841570854187,CapturedFrames_-3.0_1.0_1.0/video.mp4#frame=33
33,LEFT_EYE_INNER,0.7038074731826782,0.01261948049068451,-0.12439785152673721,0.9997255206108093,CapturedFrames_-3.0_1.0_1.0/video.mp4#frame=33
33,LEFT_EYE,0.705558717250824,0.01218627393245697,-0.12442240864038467,0.9997594952583313,CapturedFrames_-3.0_1.0_1.0/video.mp4#frame=33
33,LEFT_EYE_OUTER,0.7076573371887207,0.011533558368682861,-0.1244552880525589,0.9998179078102112,CapturedFrames_-3.0_1.0_1.0/video.mp4#frame=33
33,RIGHT_EYE_INNER,0.7003927826881409,0.013072819449007511,-0.1097908616065979,0.9996657371520996,CapturedFrames_-3.0_1.0_1.0/video.mp4#frame=33
33,RIGHT_EYE,0.6997746825218201,0.013059958815574646,-0.1098051443696022,0.9996166229248047,CapturedFrames_-3.0_1.0_1.0/video.mp4#frame=33
33,RIGHT_EYE_OUTER,0.699256956577301,0.012921348214149475,-0.10986055433750153,0.9996525049209595,CapturedFrames_-3.0_1.0_1.0/video.mp4#frame=33
33,LEFT_EAR,0.7178913354873657,0.015609696507453918,-0.13141752779483795,0.9997934699058533,CapturedFrames_-3.0_1.0_1.0/video.mp4#frame=33
33,RIGHT_EAR,0.7059661149978638,0.017464593052864075,-0.06636642664670944,0.9993314743041992,CapturedFrames_-3.0_1.0_1.0/video.mp4#frame=33
33,MOUTH_LEFT,0.7035418152809143,0.036949217319488525,-0.11795942485332489,0.9998722076416016,CapturedFrames_-3.0_1.0_1.0/video.mp4#frame=33
33,MOUTH_RIGHT,0.699345588684082,0.03765076398849487,-0.09899722784757614,0.9996652603149414,CapturedFrames_-3.0_1.0_1.0/video.mp4#frame=33
33,LEFT_SHOULDER,0.7387926578521729,0.08500514924526215,-0.14629776775836945,0.9999691247940063,CapturedFrames_-3.0_1.0_1.0/video.mp4#frame=33
33,RIGHT_SHOULDER,0.6989302635192871,0.09186328947544098,-0.006132612004876137,0.999504566192627,CapturedFrames_-3.0_1.0_1.0/video.mp4#frame=33
33,LEFT_ELBOW,0.7425759434700012,0.1737455576658249,-0.15386265516281128,0.996575653553009,CapturedFrames_-3.0_1.0_1.0/video.mp4#frame=33
33,RIGHT_ELBOW,0.68772292137146,0.1735551655292511,0.034311868250370026,0.4693492650985718,CapturedFrames_-3.0_1.0_1.0/video.mp4#frame=33
33,LEFT_WRIST,0.7404470443725586,0.2528120279312134,-0.16436386108398438,0.9879355430603027,CapturedFrames_-3.0_1.0_1.0/video.mp4#frame=33
33,RIGHT_WRIST,0.6668534874916077,0.23817500472068787,0.009675472043454647,0.758765459060669,CapturedFrames_-3.0_1.0_1.0/video.mp4#frame=33
33,LEFT_PINKY,0.7437589764595032,0.2781601548194885,-0.17834070324897766,0.9746971130371094,CapturedFrames_-3.0_1.0_1.0/video.mp4#frame=33
33,RIGHT_PINKY,0.6624156832695007,0.2602526545524597,0.008354585617780685,0.704184353351593,CapturedFrames_-3.0_1.0_1.0/video.mp4#frame=33
33,LEFT_INDEX,0.7367374300956726,0.2778899073600769,-0.18590372800827026,0.9747405052185059,CapturedFrames_-3.0_1.0_1.0/video.mp4#frame=33
33,RIGHT_INDEX,0.6632297039031982,0.261543333530426,-0.011384415440261364,0.7197256088256836,CapturedFrames_-3.0_1.0_1.0/video.mp4#frame=33
33,LEFT_THUMB,0.7340273857116699,0.27056431770324707,-0.16621902585029602,0.9666060209274292,CapturedFrames_-3.0_1.0_1.0/video.mp4#frame=33
33,RIGHT_THUMB,0.6651789546012878,0.2543964087963104,0.0004663970321416855,0.719201385974884,CapturedFrames_-3.0_1.0_1.0/video.mp4#frame=33
33,LEFT_HIP,0.7192391753196716,0.23864556849002838,-0.044038739055395126,0.9990692734718323,CapturedFrames_-3.0_1.0_1.0/video.mp4#frame=33
33,RIGHT_HIP,0.6980718374252319,0.23427946865558624,0.043953780084848404,0.9981672763824463,CapturedFrames_-3.0_1.0_1.0/video.mp4#frame=33
33,LEFT_KNEE,0.694480836391449,0.3440145254135132,-0.045702606439590454,0.9421188235282898,CapturedFrames_-3.0_1.0_1.0/video.mp4#frame=33
33,RIGHT_KNEE,0.6858866214752197,0.33691591024398804,0.05248941853642464,0.5183390974998474,CapturedFrames_-3.0_1.0_1.0/video.mp4#frame=33
33,LEFT_ANKLE,0.6993972659111023,0.4475363492965698,-0.007274226285517216,0.9340808987617493,CapturedFrames_-3.0_1.0_1.0/video.mp4#frame=33
33,RIGHT_ANKLE,0.6909366846084595,0.4364215135574341,0.10509350150823593,0.5440065264701843,CapturedFrames_-3.0_1.0_1.0/video.mp4#frame=33
33,LEFT_HEEL,0.7075292468070984,0.46769917011260986,-0.0063923015259206295,0.8236127495765686,CapturedFrames_-3.0_1.0_1.0/video.mp4#frame=33
33,RIGHT_HEEL,0.6977216005325317,0.4534074664115906,0.10795773565769196,0.5467774868011475,CapturedFrames_-3.0_1.0_1.0/video.mp4#frame=33
33,LEFT_FOOT_INDEX,0.6748844385147095,0.4720573127269745,-0.052983105182647705,0.907126247882843,CapturedFrames_-3.0_1.0_1.0/video.mp4#frame=33
33,RIGHT_FOOT_INDEX,0.6640846729278564,0.4566188454627991,0.07680507749319077,0.6633080840110779,CapturedFrames_-3.0_1.0_1.0/video.mp4#frame=33
34,NOSE,0.6922462582588196,0.017899945378303528,-0.1325773298740387,0.9999364614486694,CapturedFrames_-3.0_1.0_1.0/video.mp4#frame=34
34,LEFT_EYE_INNER,0.6973313689231873,0.005622460972517729,-0.13911320269107819,0.9999114274978638,CapturedFrames_-3.0_1.0_1.0/video.mp4#frame=34
34,LEFT_EYE,0.6995640397071838,0.005733237136155367,-0.13914375007152557,0.9999191761016846,CapturedFrames_-3.0_1.0_1.0/video.mp4#frame=34
34,LEFT_EYE_OUTER,0.7020278573036194,0.005692436825484037,-0.13919204473495483,0.9999402761459351,CapturedFrames_-3.0_1.0_1.0/video.mp4#frame=34
34,RIGHT_EYE_INNER,0.6936392784118652,0.00450664758682251,-0.12459494173526764,0.9998878240585327,CapturedFrames_-3.0_1.0_1.0/video.mp4#frame=34
34,RIGHT_EYE,0.6930297613143921,0.004011631011962891,-0.12461783736944199,0.9998770952224731,CapturedFrames_-3.0_1.0_1.0/video.mp4#frame=34
34,RIGHT_EYE_OUTER,0.6924043297767639,0.0034986287355422974,-0.1246836930513382,0.9998942613601685,CapturedFrames_-3.0_1.0_1.0/video.mp4#frame=34
34,LEFT_EAR,0.7121530175209045,0.01088164746761322,-0.14417274296283722,0.9999393224716187,CapturedFrames_-3.0_1.0_1.0/video.mp4#frame=34
34,RIGHT_EAR,0.6999232172966003,0.009383857250213623,-0.08054272830486298,0.9998427629470825,CapturedFrames_-3.0_1.0_1.0/video.mp4#frame=34
34,MOUTH_LEFT,0.6965457797050476,0.030440375208854675,-0.1329723298549652,0.9999701976776123,CapturedFrames_-3.0_1.0_1.0/video.mp4#frame=34
34,MOUTH_RIGHT,0.6921257376670837,0.0311221182346344,-0.11444246768951416,0.9999282360076904,CapturedFrames_-3.0_1.0_1.0/video.mp4#frame=34
34,LEFT_SHOULDER,0.7338696718215942,0.08586028218269348,-0.15988260507583618,0.9999785423278809,CapturedFrames_-3.0_1.0_1.0/video.mp4#frame=34
34,RIGHT_SHOULDER,0.6898895502090454,0.09018174558877945,-0.015751035884022713,0.9997543692588806,CapturedFrames_-3.0_1.0_1.0/video.mp4#frame=34
34,LEFT_ELBOW,0.7402287721633911,0.17301911115646362,-0.16154499351978302,0.9966926574707031,CapturedFrames_-3.0_1.0_1.0/video.mp4#frame=34
34,RIGHT_ELBOW,0.6771764755249023,0.16944871842861176,0.029539812356233597,0.5828706622123718,CapturedFrames_-3.0_1.0_1.0/video.mp4#frame=34
34,LEFT_WRIST,0.7401825189590454,0.25600188970565796,-0.17400050163269043,0.9851319193840027,CapturedFrames_-3.0_1.0_1.0/video.mp4#frame=34
34,RIGHT_WRIST,0.6530987024307251,0.23356999456882477,-0.0003446802729740739,0.7748993635177612,CapturedFrames_-3.0_1.0_1.0/video.mp4#frame=34
34,LEFT_PINKY,0.7422307729721069,0.2777763605117798,-0.1903677135705948,0.9694498777389526,CapturedFrames_-3.0_1.0_1.0/video.mp4#frame=34
34,RIGHT_PINKY,0.6481359601020813,0.25490087270736694,-0.003048486076295376,0.7119396328926086,CapturedFrames_-3.0_1.0_1.0/video.mp4#frame=34
34,LEFT_INDEX,0.7363139390945435,0.27832359075546265,-0.20014290511608124,0.969331681728363,CapturedFrames_-3.0_1.0_1.0/video.mp4#frame=34
34,RIGHT_INDEX,0.6491851806640625,0.2557494342327118,-0.024043433368206024,0.7302196621894836,CapturedFrames_-3.0_1.0_1.0/video.mp4#frame=34
34,LEFT_THUMB,0.7342315316200256,0.27113717794418335,-0.17712973058223724,0.9622166752815247,CapturedFrames_-3.0_1.0_1.0/video.mp4#frame=34
34,RIGHT_THUMB,0.6512385010719299,0.2485506236553192,-0.010387335903942585,0.7305736541748047,CapturedFrames_-3.0_1.0_1.0/video.mp4#frame=34
34,LEFT_HIP,0.7140827775001526,0.23771756887435913,-0.04405178129673004,0.9995118379592896,CapturedFrames_-3.0_1.0_1.0/video.mp4#frame=34
34,RIGHT_HIP,0.6909925937652588,0.23484978079795837,0.04402751475572586,0.9987722039222717,CapturedFrames_-3.0_1.0_1.0/video.mp4#frame=34
34,LEFT_KNEE,0.6893815994262695,0.3449137806892395,-0.019009120762348175,0.9645603895187378,CapturedFrames_-3.0_1.0_1.0/video.mp4#frame=34
34,RIGHT_KNEE,0.6862841248512268,0.3362646698951721,0.09778720885515213,0.5271686911582947,CapturedFrames_-3.0_1.0_1.0/video.mp4#frame=34
34,LEFT_ANKLE,0.6855197548866272,0.45206528902053833,0.0356837622821331,0.9403117895126343,CapturedFrames_-3.0_1.0_1.0/video.mp4#frame=34
34,RIGHT_ANKLE,0.6877642273902893,0.4320523142814636,0.1781550943851471,0.5931641459465027,CapturedFrames_-3.0_1.0_1.0/video.mp4#frame=34
34,LEFT_HEEL,0.6904124617576599,0.4707989990711212,0.03804801404476166,0.888969898223877,CapturedFrames_-3.0_1.0_1.0/video.mp4#frame=34
34,RIGHT_HEEL,0.6936482787132263,0.45135194063186646,0.18362870812416077,0.6129864454269409,CapturedFrames_-3.0_1.0_1.0/video.mp4#frame=34
34,LEFT_FOOT_INDEX,0.6599264144897461,0.47616949677467346,-0.010459110140800476,0.9244408011436462,CapturedFrames_-3.0_1.0_1.0/video.mp4#frame=34
34,RIGHT_FOOT_INDEX,0.6642711162567139,0.4575912356376648,0.15226472914218903,0.7447095513343811,CapturedFrames_-3.0_1.0_1.0/video.mp4#frame=34
35,NOSE,0.6877554059028625,0.0203721821308136,-0.1185237392783165,0.9999798536300659,CapturedFrames_-3.0_1.0_1.0/video.mp4#frame=35
35,LEFT_EYE_INNER,0.6919335722923279,0.009872227907180786,-0.12330247461795807,0.9999545812606812,CapturedFrames_-3.0_1.0_1.0/video.mp4#frame=35
35,LEFT_EYE,0.6939318180084229,0.009807780385017395,-0.12332355976104736,0.9999611377716064,CapturedFrames_-3.0_1.0_1.0/video.mp4#frame=35
35,LEFT_EYE_OUTER,0.69614577293396,0.009745299816131592,-0.12336208671331406,0.9999675750732422,CapturedFrames_-3.0_1.0_1.0/video.mp4#frame=35
35,RIGHT_EYE_INNER,0.688593327999115,0.009282857179641724,-0.10925837606191635,0.9999487400054932,CapturedFrames_-3.0_1.0_1.0/video.mp4#frame=35
35,RIGHT_EYE,0.6880615949630737,0.00888708233833313,-0.10925568640232086,0.9999428987503052,CapturedFrames_-3.0_1.0_1.0/video.mp4#frame=35
35,RIGHT_EYE_OUTER,0.6875431537628174,0.008511006832122803,-0.10935078561306,0.9999417066574097,CapturedFrames_-3.0_1.0_1.0/video.mp4#frame=35
35,LEFT_EAR,0.7062225341796875,0.014954224228858948,-0.11900542676448822,0.9999707937240601,CapturedFrames_-3.0_1.0_1.0/video.mp4#frame=35
35,RIGHT_EAR,0.6947131752967834,0.013394579291343689,-0.057692088186740875,0.9999217987060547,CapturedFrames_-3.0_1.0_1.0/video.mp4#frame=35
35,MOUTH_LEFT,0.6922196745872498,0.033895447850227356,-0.11590608209371567,0.9999926090240479,CapturedFrames_-3.0_1.0_1.0/video.mp4#frame=35
35,MOUTH_RIGHT,0.6881643533706665,0.0339062362909317,-0.09815115481615067,0.999982476234436,CapturedFrames_-3.0_1.0_1.0/video.mp4#frame=35
35,LEFT_SHOULDER,0.7277988195419312,0.08429598808288574,-0.1395844668149948,0.999992847442627,CapturedFrames_-3.0_1.0_1.0/video.mp4#frame=35
35,RIGHT_SHOULDER,0.685237467288971,0.09044987708330154,0.011611385270953178,0.9998540878295898,CapturedFrames_-3.0_1.0_1.0/video.mp4#frame=35
35,LEFT_ELBOW,0.7370995283126831,0.17131775617599487,-0.15115469694137573,0.999110996723175,CapturedFrames_-3.0_1.0_1.0/video.mp4#frame=35
35,RIGHT_ELBOW,0.6679711937904358,0.16674423217773438,0.05113721638917923,0.5458263158798218,CapturedFrames_-3.0_1.0_1.0/video.mp4#frame=35
35,LEFT_WRIST,0.7400451898574829,0.2539769113063812,-0.17213761806488037,0.9954482913017273,CapturedFrames_-3.0_1.0_1.0/video.mp4#frame=35
35,RIGHT_WRIST,0.6432592272758484,0.22841723263263702,0.006591385696083307,0.8165821433067322,CapturedFrames_-3.0_1.0_1.0/video.mp4#frame=35
35,LEFT_PINKY,0.7429395914077759,0.2772446274757385,-0.19007909297943115,0.9885297417640686,CapturedFrames_-3.0_1.0_1.0/video.mp4#frame=35
35,RIGHT_PINKY,0.6373043060302734,0.2475389838218689,0.0015551784308627248,0.7556729912757874,CapturedFrames_-3.0_1.0_1.0/video.mp4#frame=35
35,LEFT_INDEX,0.7354388236999512,0.27686649560928345,-0.20257583260536194,0.9884394407272339,CapturedFrames_-3.0_1.0_1.0/video.mp4#frame=35
35,RIGHT_INDEX,0.6384148597717285,0.24819257855415344,-0.019184071570634842,0.7770978212356567,CapturedFrames_-3.0_1.0_1.0/video.mp4#frame=35
35,LEFT_THUMB,0.7331668138504028,0.27141526341438293,-0.17625227570533752,0.9858196973800659,CapturedFrames_-3.0_1.0_1.0/video.mp4#frame=35
35,RIGHT_THUMB,0.6405798196792603,0.24254463613033295,-0.003617817535996437,0.77712082862854,CapturedFrames_-3.0_1.0_1.0/video.mp4#frame=35
35,LEFT_HIP,0.7075884342193604,0.23720677196979523,-0.047506190836429596,0.9998589754104614,CapturedFrames_-3.0_1.0_1.0/video.mp4#frame=35
35,RIGHT_HIP,0.6873211860656738,0.23467780649662018,0.047558046877384186,0.9995254278182983,CapturedFrames_-3.0_1.0_1.0/video.mp4#frame=35
35,LEFT_KNEE,0.680171549320221,0.34219837188720703,-0.05352438613772392,0.9949166774749756,CapturedFrames_-3.0_1.0_1.0/video.mp4#frame=35
35,RIGHT_KNEE,0.6824602484703064,0.3373810946941376,0.11133553832769394,0.6045700907707214,CapturedFrames_-3.0_1.0_1.0/video.mp4#frame=35
35,LEFT_ANKLE,0.6642835140228271,0.4504667818546295,-0.031657397747039795,0.9823560118675232,CapturedFrames_-3.0_1.0_1.0/video.mp4#frame=35
35,RIGHT_ANKLE,0.6904891729354858,0.4340112805366516,0.20358708500862122,0.8129057884216309,CapturedFrames_-3.0_1.0_1.0/video.mp4#frame=35
35,LEFT_HEEL,0.6667234897613525,0.4684706926345825,-0.03275829926133156,0.9708319902420044,CapturedFrames_-3.0_1.0_1.0/video.mp4#frame=35
35,RIGHT_HEEL,0.6998600363731384,0.45411112904548645,0.20955929160118103,0.8395466208457947,CapturedFrames_-3.0_1.0_1.0/video.mp4#frame=35
35,LEFT_FOOT_INDEX,0.6351571083068848,0.4685590863227844,-0.09069442749023438,0.9710455536842346,CapturedFrames_-3.0_1.0_1.0/video.mp4#frame=35
35,RIGHT_FOOT_INDEX,0.6681311130523682,0.4547228217124939,0.1758965700864792,0.8794887065887451,CapturedFrames_-3.0_1.0_1.0/video.mp4#frame=35
36,NOSE,0.6817826628684998,0.02231280505657196,-0.12044249475002289,0.9999901056289673,CapturedFrames_-3.0_1.0_1.0/video.mp4#frame=36
36,LEFT_EYE_INNER,0.6858264207839966,0.010900795459747314,-0.12509074807167053,0.9999724626541138,CapturedFrames_-3.0_1.0_1.0/video.mp4#frame=36
36,LEFT_EYE,0.68766850233078,0.010770469903945923,-0.12510862946510315,0.9999774694442749,CapturedFrames_-3.0_1.0_1.0/video.mp4#frame=36
36,LEFT_EYE_OUTER,0.6898972392082214,0.010504037141799927,-0.12514476478099823,0.9999788999557495,CapturedFrames_-3.0_1.0_1.0/video.mp4#frame=36
36,RIGHT_EYE_INNER,0.6826322078704834,0.010635778307914734,-0.11047704517841339,0.999972939491272,CapturedFrames_-3.0_1.0_1.0/video.mp4#frame=36
36,RIGHT_EYE,0.6819373369216919,0.010433301329612732,-0.11048091948032379,0.9999703168869019,CapturedFrames_-3.0_1.0_1.0/video.mp4#frame=36
36,RIGHT_EYE_OUTER,0.6812997460365295,0.010215744376182556,-0.11057617515325546,0.9999680519104004,CapturedFrames_-3.0_1.0_1.0/video.mp4#frame=36
36,LEFT_EAR,0.6997658610343933,0.01512676477432251,-0.12046293914318085,0.9999830722808838,CapturedFrames_-3.0_1.0_1.0/video.mp4#frame=36
36,RIGHT_EAR,0.6873906850814819,0.0160607248544693,-0.05584978312253952,0.9999648332595825,CapturedFrames_-3.0_1.0_1.0/video.mp4#frame=36
36,MOUTH_LEFT,0.68572998046875,0.03452298045158386,-0.11777369678020477,0.9999957084655762,CapturedFrames_-3.0_1.0_1.0/video.mp4#frame=36
36,MOUTH_RIGHT,0.6817521452903748,0.034721165895462036,-0.09903756529092789,0.9999896287918091,CapturedFrames_-3.0_1.0_1.0/video.mp4#frame=36
36,LEFT_SHOULDER,0.7225823998451233,0.08758962154388428,-0.13742604851722717,0.9999910593032837,CapturedFrames_-3.0_1.0_1.0/video.mp4#frame=36
36,RIGHT_SHOULDER,0.6789233088493347,0.09216152131557465,0.01276687253266573,0.9998971223831177,CapturedFrames_-3.0_1.0_1.0/video.mp4#frame=36
36,LEFT_ELBOW,0.7325447797775269,0.17425860464572906,-0.14848019182682037,0.9985242486000061,CapturedFrames_-3.0_1.0_1.0/video.mp4#frame=36
36,RIGHT_ELBOW,0.6584877371788025,0.1657308042049408,0.04822329059243202,0.5904412865638733,CapturedFrames_-3.0_1.0_1.0/video.mp4#frame=36
36,LEFT_WRIST,0.7378168106079102,0.25951462984085083,-0.171144038438797,0.9876892566680908,CapturedFrames_-3.0_1.0_1.0/video.mp4#frame=36
36,RIGHT_WRIST,0.6326059699058533,0.22339990735054016,0.004104930907487869,0.8075518608093262,CapturedFrames_-3.0_1.0_1.0/video.mp4#frame=36
36,LEFT_PINKY,0.7397377490997314,0.27872711420059204,-0.18761177361011505,0.9717397093772888,CapturedFrames_-3.0_1.0_1.0/video.mp4#frame=36
36,RIGHT_PINKY,0.6258368492126465,0.24145589768886566,-0.0007195229409262538,0.7166355848312378,CapturedFrames_-3.0_1.0_1.0/video.mp4#frame=36
36,LEFT_INDEX,0.7345951199531555,0.2785750925540924,-0.20189186930656433,0.9723117351531982,CapturedFrames_-3.0_1.0_1.0/video.mp4#frame=36
36,RIGHT_INDEX,0.6266722679138184,0.2416679859161377,-0.02091592364013195,0.7448123097419739,CapturedFrames_-3.0_1.0_1.0/video.mp4#frame=36
36,LEFT_THUMB,0.7333700656890869,0.2731892168521881,-0.17630288004875183,0.9691644906997681,CapturedFrames_-3.0_1.0_1.0/video.mp4#frame=36
36,RIGHT_THUMB,0.6290796995162964,0.235489159822464,-0.006126377731561661,0.757997453212738,CapturedFrames_-3.0_1.0_1.0/video.mp4#frame=36
36,LEFT_HIP,0.7023516893386841,0.23687848448753357,-0.050276048481464386,0.9998403787612915,CapturedFrames_-3.0_1.0_1.0/video.mp4#frame=36
36,RIGHT_HIP,0.680255651473999,0.2333231419324875,0.050334565341472626,0.9995416402816772,CapturedFrames_-3.0_1.0_1.0/video.mp4#frame=36
36,LEFT_KNEE,0.6688814759254456,0.3365248441696167,-0.07226589322090149,0.995157778263092,CapturedFrames_-3.0_1.0_1.0/video.mp4#frame=36
36,RIGHT_KNEE,0.6794224977493286,0.33939459919929504,0.11419795453548431,0.574927806854248,CapturedFrames_-3.0_1.0_1.0/video.mp4#frame=36
36,LEFT_ANKLE,0.6462590098381042,0.4505872428417206,-0.0570383258163929,0.9877030253410339,CapturedFrames_-3.0_1.0_1.0/video.mp4#frame=36
36,RIGHT_ANKLE,0.691328227519989,0.44040459394454956,0.20789000391960144,0.8294949531555176,CapturedFrames_-3.0_1.0_1.0/video.mp4#frame=36
36,LEFT_HEEL,0.6453429460525513,0.4731907844543457,-0.059187114238739014,0.9688816070556641,CapturedFrames_-3.0_1.0_1.0/video.mp4#frame=36
36,RIGHT_HEEL,0.6976718902587891,0.45951181650161743,0.21374046802520752,0.8709716200828552,CapturedFrames_-3.0_1.0_1.0/video.mp4#frame=36
36,LEFT_FOOT_INDEX,0.6199328899383545,0.4530816376209259,-0.12415679544210434,0.9754475355148315,CapturedFrames_-3.0_1.0_1.0/video.mp4#frame=36
36,RIGHT_FOOT_INDEX,0.6620661020278931,0.4578956961631775,0.17549866437911987,0.8883841037750244,CapturedFrames_-3.0_1.0_1.0/video.mp4#frame=36
37,NOSE,0.6753822565078735,0.024167554453015327,-0.14102767407894135,0.9999958276748657,CapturedFrames_-3.0_1.0_1.0/video.mp4#frame=37
37,LEFT_EYE_INNER,0.6798446774482727,0.012729242444038391,-0.14300327003002167,0.9999867677688599,CapturedFrames_-3.0_1.0_1.0/video.mp4#frame=37
37,LEFT_EYE,0.6818826794624329,0.012606472708284855,-0.1430334895849228,0.9999895095825195,CapturedFrames_-3.0_1.0_1.0/video.mp4#frame=37
37,LEFT_EYE_OUTER,0.6841747760772705,0.012393549084663391,-0.1430715024471283,0.9999904632568359,CapturedFrames_-3.0_1.0_1.0/video.mp4#frame=37
37,RIGHT_EYE_INNER,0.676112711429596,0.012806519865989685,-0.1304008513689041,0.9999865293502808,CapturedFrames_-3.0_1.0_1.0/video.mp4#frame=37
37,RIGHT_EYE,0.6752398014068604,0.012669846415519714,-0.13040794432163239,0.9999836683273315,CapturedFrames_-3.0_1.0_1.0/video.mp4#frame=37
37,RIGHT_EYE_OUTER,0.6743524074554443,0.012621954083442688,-0.13047048449516296,0.9999805688858032,CapturedFrames_-3.0_1.0_1.0/video.mp4#frame=37
37,LEFT_EAR,0.6939754486083984,0.017665639519691467,-0.1273442804813385,0.9999901056289673,CapturedFrames_-3.0_1.0_1.0/video.mp4#frame=37
37,RIGHT_EAR,0.6806910037994385,0.017333775758743286,-0.07138841599225998,0.9999704360961914,CapturedFrames_-3.0_1.0_1.0/video.mp4#frame=37
37,MOUTH_LEFT,0.6795133948326111,0.036849215626716614,-0.13428933918476105,0.999997615814209,CapturedFrames_-3.0_1.0_1.0/video.mp4#frame=37
37,MOUTH_RIGHT,0.6750447154045105,0.0383986234664917,-0.11799595504999161,0.9999927282333374,CapturedFrames_-3.0_1.0_1.0/video.mp4#frame=37
37,LEFT_SHOULDER,0.7153629064559937,0.09160519391298294,-0.13859973847866058,0.9999958276748657,CapturedFrames_-3.0_1.0_1.0/video.mp4#frame=37
37,RIGHT_SHOULDER,0.6712299585342407,0.0971686914563179,-0.0007215018849819899,0.9998902082443237,CapturedFrames_-3.0_1.0_1.0/video.mp4#frame=37
37,LEFT_ELBOW,0.7273395657539368,0.17928041517734528,-0.14646750688552856,0.9991304278373718,CapturedFrames_-3.0_1.0_1.0/video.mp4#frame=37
37,RIGHT_ELBOW,0.6488516926765442,0.16798058152198792,0.025149786844849586,0.7326211333274841,CapturedFrames_-3.0_1.0_1.0/video.mp4#frame=37
37,LEFT_WRIST,0.7341106534004211,0.2570151388645172,-0.1700172871351242,0.9945496916770935,CapturedFrames_-3.0_1.0_1.0/video.mp4#frame=37
37,RIGHT_WRIST,0.6210528016090393,0.22508637607097626,-0.0233717430382967,0.8546305894851685,CapturedFrames_-3.0_1.0_1.0/video.mp4#frame=37
37,LEFT_PINKY,0.7377354502677917,0.27731242775917053,-0.18647120893001556,0.9859164357185364,CapturedFrames_-3.0_1.0_1.0/video.mp4#frame=37
37,RIGHT_PINKY,0.6137521266937256,0.24357791244983673,-0.03003239631652832,0.7710725665092468,CapturedFrames_-3.0_1.0_1.0/video.mp4#frame=37
37,LEFT_INDEX,0.7318304181098938,0.27739405632019043,-0.20165877044200897,0.9871565103530884,CapturedFrames_-3.0_1.0_1.0/video.mp4#frame=37
37,RIGHT_INDEX,0.6145303845405579,0.24327322840690613,-0.04971082881093025,0.7961112856864929,CapturedFrames_-3.0_1.0_1.0/video.mp4#frame=37
37,LEFT_THUMB,0.7303445935249329,0.27052566409111023,-0.17551591992378235,0.9855243563652039,CapturedFrames_-3.0_1.0_1.0/video.mp4#frame=37
37,RIGHT_THUMB,0.6170846223831177,0.23763005435466766,-0.03347579017281532,0.8072918653488159,CapturedFrames_-3.0_1.0_1.0/video.mp4#frame=37
37,LEFT_HIP,0.6960375308990479,0.24041080474853516,-0.05021335929632187,0.9998186230659485,CapturedFrames_-3.0_1.0_1.0/video.mp4#frame=37
37,RIGHT_HIP,0.6744155883789062,0.236866295337677,0.05026615411043167,0.999344527721405,CapturedFrames_-3.0_1.0_1.0/video.mp4#frame=37
37,LEFT_KNEE,0.6607404351234436,0.3371138572692871,-0.07800719141960144,0.9872084259986877,CapturedFrames_-3.0_1.0_1.0/video.mp4#frame=37
37,RIGHT_KNEE,0.6739518046379089,0.35093358159065247,0.1169278472661972,0.5029140114784241,CapturedFrames_-3.0_1.0_1.0/video.mp4#frame=37
37,LEFT_ANKLE,0.633323073387146,0.44589751958847046,-0.06271514296531677,0.9871373176574707,CapturedFrames_-3.0_1.0_1.0/video.mp4#frame=37
37,RIGHT_ANKLE,0.6892520189285278,0.4408613443374634,0.21233336627483368,0.8028751611709595,CapturedFrames_-3.0_1.0_1.0/video.mp4#frame=37
37,LEFT_HEEL,0.6318742036819458,0.4706113040447235,-0.06481297314167023,0.9712244272232056,CapturedFrames_-3.0_1.0_1.0/video.mp4#frame=37
37,RIGHT_HEEL,0.6977069973945618,0.46098026633262634,0.21892865002155304,0.8753364086151123,CapturedFrames_-3.0_1.0_1.0/video.mp4#frame=37
37,LEFT_FOOT_INDEX,0.6060653328895569,0.437190979719162,-0.12876157462596893,0.9750781655311584,CapturedFrames_-3.0_1.0_1.0/video.mp4#frame=37
37,RIGHT_FOOT_INDEX,0.6630312204360962,0.46030867099761963,0.18305791914463043,0.8656184673309326,CapturedFrames_-3.0_1.0_1.0/video.mp4#frame=37
38,NOSE,0.6679435968399048,0.028012797236442566,-0.12680432200431824,0.9999871253967285,CapturedFrames_-3.0_1.0_1.0/video.mp4#frame=38
38,LEFT_EYE_INNER,0.672889232635498,0.015180274844169617,-0.13131017982959747,0.9999600648880005,CapturedFrames_-3.0_1.0_1.0/video.mp4#frame=38
38,LEFT_EYE,0.6746810674667358,0.01494242250919342,-0.13135558366775513,0.9999663829803467,CapturedFrames_-3.0_1.0_1.0/video.mp4#frame=38
38,LEFT_EYE_OUTER,0.6768655180931091,0.014609292149543762,-0.13141748309135437,0.9999706745147705,CapturedFrames_-3.0_1.0_1.0/video.mp4#frame=38
38,RIGHT_EYE_INNER,0.6694756746292114,0.015025467611849308,-0.1165141835808754,0.9999632835388184,CapturedFrames_-3.0_1.0_1.0/video.mp4#frame=38
38,RIGHT_EYE,0.6687616109848022,0.014844000339508057,-0.11653114855289459,0.9999542236328125,CapturedFrames_-3.0_1.0_1.0/video.mp4#frame=38
38,RIGHT_EYE_OUTER,0.6681002378463745,0.014610230922698975,-0.1166069358587265,0.99994957447052,CapturedFrames_-3.0_1.0_1.0/video.mp4#frame=38
38,LEFT_EAR,0.6864418387413025,0.019829481840133667,-0.12705446779727936,0.9999709129333496,CapturedFrames_-3.0_1.0_1.0/video.mp4#frame=38
38,RIGHT_EAR,0.6743397116661072,0.01989653706550598,-0.06122230365872383,0.9999376535415649,CapturedFrames_-3.0_1.0_1.0/video.mp4#frame=38
38,MOUTH_LEFT,0.6716564893722534,0.04082071781158447,-0.12410521507263184,0.9999939203262329,CapturedFrames_-3.0_1.0_1.0/video.mp4#frame=38
38,MOUTH_RIGHT,0.6674796938896179,0.04084399342536926,-0.10495252907276154,0.999983549118042,CapturedFrames_-3.0_1.0_1.0/video.mp4#frame=38
38,LEFT_SHOULDER,0.7083871364593506,0.09564650058746338,-0.14088572561740875,0.9999911785125732,CapturedFrames_-3.0_1.0_1.0/video.mp4#frame=38
38,RIGHT_SHOULDER,0.6638148427009583,0.09749530255794525,0.004015871789306402,0.9998981952667236,CapturedFrames_-3.0_1.0_1.0/video.mp4#frame=38
38,LEFT_ELBOW,0.7202218174934387,0.1821613311767578,-0.1564396619796753,0.9978072047233582,CapturedFrames_-3.0_1.0_1.0/video.mp4#frame=38
38,RIGHT_ELBOW,0.6395156383514404,0.1689089983701706,0.03329978883266449,0.7977295517921448,CapturedFrames_-3.0_1.0_1.0/video.mp4#frame=38
38,LEFT_WRIST,0.7285151481628418,0.25905781984329224,-0.1815948635339737,0.9753350615501404,CapturedFrames_-3.0_1.0_1.0/video.mp4#frame=38
38,RIGHT_WRIST,0.6113123893737793,0.22302453219890594,-0.010118264704942703,0.8662432432174683,CapturedFrames_-3.0_1.0_1.0/video.mp4#frame=38
38,LEFT_PINKY,0.7314372062683105,0.27992480993270874,-0.19948266446590424,0.9456355571746826,CapturedFrames_-3.0_1.0_1.0/video.mp4#frame=38
38,RIGHT_PINKY,0.6042617559432983,0.242314875125885,-0.016958551481366158,0.7731161117553711,CapturedFrames_-3.0_1.0_1.0/video.mp4#frame=38
38,LEFT_INDEX,0.7264130711555481,0.28027454018592834,-0.2129746675491333,0.9483351707458496,CapturedFrames_-3.0_1.0_1.0/video.mp4#frame=38
38,RIGHT_INDEX,0.6050668954849243,0.24350348114967346,-0.036047015339136124,0.7995697855949402,CapturedFrames_-3.0_1.0_1.0/video.mp4#frame=38
38,LEFT_THUMB,0.7252890467643738,0.2744133174419403,-0.18682493269443512,0.9454362392425537,CapturedFrames_-3.0_1.0_1.0/video.mp4#frame=38
38,RIGHT_THUMB,0.6078089475631714,0.23672504723072052,-0.020145650953054428,0.8108417391777039,CapturedFrames_-3.0_1.0_1.0/video.mp4#frame=38
38,LEFT_HIP,0.687511682510376,0.24684493243694305,-0.05048155039548874,0.9999227523803711,CapturedFrames_-3.0_1.0_1.0/video.mp4#frame=38
38,RIGHT_HIP,0.668337881565094,0.24392932653427124,0.050571657717227936,0.9997057318687439,CapturedFrames_-3.0_1.0_1.0/video.mp4#frame=38
38,LEFT_KNEE,0.6485031247138977,0.34220510721206665,-0.08124452084302902,0.9933212399482727,CapturedFrames_-3.0_1.0_1.0/video.mp4#frame=38
38,RIGHT_KNEE,0.6712287068367004,0.3538379669189453,0.14744558930397034,0.45355936884880066,CapturedFrames_-3.0_1.0_1.0/video.mp4#frame=38
38,LEFT_ANKLE,0.6244036555290222,0.4525846838951111,-0.06441245973110199,0.9907054305076599,CapturedFrames_-3.0_1.0_1.0/video.mp4#frame=38
38,RIGHT_ANKLE,0.6882186532020569,0.43786096572875977,0.2745596170425415,0.7206150889396667,CapturedFrames_-3.0_1.0_1.0/video.mp4#frame=38
38,LEFT_HEEL,0.6231620907783508,0.47632187604904175,-0.06554383039474487,0.9772987961769104,CapturedFrames_-3.0_1.0_1.0/video.mp4#frame=38
38,RIGHT_HEEL,0.6967812180519104,0.4577632546424866,0.28485986590385437,0.8037301301956177,CapturedFrames_-3.0_1.0_1.0/video.mp4#frame=38
38,LEFT_FOOT_INDEX,0.5974210500717163,0.4418978691101074,-0.12769418954849243,0.9773854613304138,CapturedFrames_-3.0_1.0_1.0/video.mp4#frame=38
38,RIGHT_FOOT_INDEX,0.6622137427330017,0.45951974391937256,0.2550899386405945,0.7983706593513489,CapturedFrames_-3.0_1.0_1.0/video.mp4#frame=38
39,NOSE,0.6614549160003662,0.029956936836242676,-0.12146808952093124,0.9999879598617554,CapturedFrames_-3.0_1.0_1.0/video.mp4#frame=39
39,LEFT_EYE_INNER,0.6663158535957336,0.016635864973068237,-0.12492571026086807,0.9999580383300781,CapturedFrames_-3.0_1.0_1.0/video.mp4#frame=39
39,LEFT_EYE,0.6681272983551025,0.01651395857334137,-0.12496481835842133,0.9999675750732422,CapturedFrames_-3.0_1.0_1.0/video.mp4#frame=39
39,LEFT_EYE_OUTER,0.6702182292938232,0.01637999713420868,-0.12500199675559998,0.9999697208404541,CapturedFrames_-3.0_1.0_1.0/video.mp4#frame=39
39,RIGHT_EYE_INNER,0.6633210182189941,0.016422241926193237,-0.11112896353006363,0.9999607801437378,CapturedFrames_-3.0_1.0_1.0/video.mp4#frame=39
39,RIGHT_EYE,0.6627483367919922,0.01627323031425476,-0.1111517921090126,0.9999533891677856,CapturedFrames_-3.0_1.0_1.0/video.mp4#frame=39
39,RIGHT_EYE_OUTER,0.6621788740158081,0.016078144311904907,-0.11120539903640747,0.9999468326568604,CapturedFrames_-3.0_1.0_1.0/video.mp4#frame=39
39,LEFT_EAR,0.6791737079620361,0.022665664553642273,-0.11828474700450897,0.9999622106552124,CapturedFrames_-3.0_1.0_1.0/video.mp4#frame=39
39,RIGHT_EAR,0.6683610677719116,0.022133156657218933,-0.05703800171613693,0.9999133348464966,CapturedFrames_-3.0_1.0_1.0/video.mp4#frame=39
39,MOUTH_LEFT,0.6648958921432495,0.04304972290992737,-0.11787949502468109,0.9999921321868896,CapturedFrames_-3.0_1.0_1.0/video.mp4#frame=39
39,MOUTH_RIGHT,0.6611636877059937,0.04367782175540924,-0.09999290853738785,0.9999774694442749,CapturedFrames_-3.0_1.0_1.0/video.mp4#frame=39
39,LEFT_SHOULDER,0.7018691301345825,0.10025318711996078,-0.13222625851631165,0.9999915361404419,CapturedFrames_-3.0_1.0_1.0/video.mp4#frame=39
39,RIGHT_SHOULDER,0.654334306716919,0.10211822390556335,0.0013038665056228638,0.9999004602432251,CapturedFrames_-3.0_1.0_1.0/video.mp4#frame=39
39,LEFT_ELBOW,0.7132166624069214,0.18447209894657135,-0.15117645263671875,0.9982098340988159,CapturedFrames_-3.0_1.0_1.0/video.mp4#frame=39
39,RIGHT_ELBOW,0.6310871839523315,0.17149944603443146,0.022776886820793152,0.8479568958282471,CapturedFrames_-3.0_1.0_1.0/video.mp4#frame=39
39,LEFT_WRIST,0.7213186025619507,0.26163795590400696,-0.17539450526237488,0.9852942228317261,CapturedFrames_-3.0_1.0_1.0/video.mp4#frame=39
39,RIGHT_WRIST,0.603345513343811,0.2270480841398239,-0.019148902967572212,0.9002894163131714,CapturedFrames_-3.0_1.0_1.0/video.mp4#frame=39
39,LEFT_PINKY,0.7236282229423523,0.2835392653942108,-0.1908656358718872,0.9675359129905701,CapturedFrames_-3.0_1.0_1.0/video.mp4#frame=39
39,RIGHT_PINKY,0.5956099629402161,0.24786576628684998,-0.02651066705584526,0.8208066821098328,CapturedFrames_-3.0_1.0_1.0/video.mp4#frame=39
39,LEFT_INDEX,0.7196782827377319,0.2835657298564911,-0.20389440655708313,0.969860315322876,CapturedFrames_-3.0_1.0_1.0/video.mp4#frame=39
39,RIGHT_INDEX,0.5961472988128662,0.2480059564113617,-0.04423751309514046,0.8435493111610413,CapturedFrames_-3.0_1.0_1.0/video.mp4#frame=39
39,LEFT_THUMB,0.7182661890983582,0.27646201848983765,-0.18026649951934814,0.968079149723053,CapturedFrames_-3.0_1.0_1.0/video.mp4#frame=39
39,RIGHT_THUMB,0.5989623069763184,0.24141955375671387,-0.028676414862275124,0.8523588180541992,CapturedFrames_-3.0_1.0_1.0/video.mp4#frame=39
39,LEFT_HIP,0.680936336517334,0.2500031292438507,-0.048369087278842926,0.9999183416366577,CapturedFrames_-3.0_1.0_1.0/video.mp4#frame=39
39,RIGHT_HIP,0.6606205105781555,0.24871674180030823,0.04845080152153969,0.9996380805969238,CapturedFrames_-3.0_1.0_1.0/video.mp4#frame=39
39,LEFT_KNEE,0.6423697471618652,0.3478095829486847,-0.09444162994623184,0.988369345664978,CapturedFrames_-3.0_1.0_1.0/video.mp4#frame=39
39,RIGHT_KNEE,0.6685894727706909,0.36195728182792664,0.13884800672531128,0.5304242968559265,CapturedFrames_-3.0_1.0_1.0/video.mp4#frame=39
39,LEFT_ANKLE,0.6175727248191833,0.4599006175994873,-0.09389694780111313,0.9925248026847839,CapturedFrames_-3.0_1.0_1.0/video.mp4#frame=39
39,RIGHT_ANKLE,0.6874391436576843,0.44021254777908325,0.2576946020126343,0.7986405491828918,CapturedFrames_-3.0_1.0_1.0/video.mp4#frame=39
39,LEFT_HEEL,0.6177147626876831,0.4848872721195221,-0.09678436070680618,0.981449544429779,CapturedFrames_-3.0_1.0_1.0/video.mp4#frame=39
39,RIGHT_HEEL,0.6967247128486633,0.4554651379585266,0.2674589455127716,0.8890182375907898,CapturedFrames_-3.0_1.0_1.0/video.mp4#frame=39
39,LEFT_FOOT_INDEX,0.5914711952209473,0.4624153971672058,-0.15998613834381104,0.9784530997276306,CapturedFrames_-3.0_1.0_1.0/video.mp4#frame=39
39,RIGHT_FOOT_INDEX,0.6616713404655457,0.4615074694156647,0.23971983790397644,0.8238331079483032,CapturedFrames_-3.0_1.0_1.0/video.mp4#frame=39
40,NOSE,0.6539260745048523,0.02529066987335682,-0.12462674081325531,0.9999891519546509,CapturedFrames_-3.0_1.0_1.0/video.mp4#frame=40
40,LEFT_EYE_INNER,0.6589963436126709,0.015475153923034668,-0.12863129377365112,0.9999686479568481,CapturedFrames_-3.0_1.0_1.0/video.mp4#frame=40
40,LEFT_EYE,0.6610795855522156,0.015497088432312012,-0.12867970764636993,0.9999731779098511,CapturedFrames_-3.0_1.0_1.0/video.mp4#frame=40
40,LEFT_EYE_OUTER,0.6635366678237915,0.015528650023043156,-0.12872594594955444,0.9999769926071167,CapturedFrames_-3.0_1.0_1.0/video.mp4#frame=40
40,RIGHT_EYE_INNER,0.6552819013595581,0.014812633395195007,-0.11371608078479767,0.999967098236084,CapturedFrames_-3.0_1.0_1.0/video.mp4#frame=40
40,RIGHT_EYE,0.6546410322189331,0.014451861381530762,-0.11373348534107208,0.9999569654464722,CapturedFrames_-3.0_1.0_1.0/video.mp4#frame=40
40,RIGHT_EYE_OUTER,0.6539837718009949,0.01410539448261261,-0.11378450691699982,0.9999566078186035,CapturedFrames_-3.0_1.0_1.0/video.mp4#frame=40
40,LEFT_EAR,0.6729950904846191,0.02187030017375946,-0.12297813594341278,0.9999741315841675,CapturedFrames_-3.0_1.0_1.0/video.mp4#frame=40
40,RIGHT_EAR,0.6598795652389526,0.019716575741767883,-0.05702909082174301,0.9999278783798218,CapturedFrames_-3.0_1.0_1.0/video.mp4#frame=40
40,MOUTH_LEFT,0.6578235030174255,0.03902558982372284,-0.12130190432071686,0.9999940395355225,CapturedFrames_-3.0_1.0_1.0/video.mp4#frame=40
40,MOUTH_RIGHT,0.6533889174461365,0.03939324617385864,-0.10208939015865326,0.9999843835830688,CapturedFrames_-3.0_1.0_1.0/video.mp4#frame=40
40,LEFT_SHOULDER,0.6935394406318665,0.10186122357845306,-0.1393626630306244,0.9999910593032837,CapturedFrames_-3.0_1.0_1.0/video.mp4#frame=40
40,RIGHT_SHOULDER,0.6470491290092468,0.10123884677886963,0.006221506744623184,0.9999083280563354,CapturedFrames_-3.0_1.0_1.0/video.mp4#frame=40
40,LEFT_ELBOW,0.704626202583313,0.19149479269981384,-0.15862217545509338,0.9965852499008179,CapturedFrames_-3.0_1.0_1.0/video.mp4#frame=40
40,RIGHT_ELBOW,0.6245065331459045,0.17421963810920715,0.03222272917628288,0.8319282531738281,CapturedFrames_-3.0_1.0_1.0/video.mp4#frame=40
40,LEFT_WRIST,0.713641881942749,0.269093781709671,-0.1795842945575714,0.96986323595047,CapturedFrames_-3.0_1.0_1.0/video.mp4#frame=40
40,RIGHT_WRIST,0.5959836840629578,0.233948215842247,-0.010928839445114136,0.8719017505645752,CapturedFrames_-3.0_1.0_1.0/video.mp4#frame=40
40,LEFT_PINKY,0.7166495323181152,0.2896191477775574,-0.19561921060085297,0.943086564540863,CapturedFrames_-3.0_1.0_1.0/video.mp4#frame=40
40,RIGHT_PINKY,0.5887660980224609,0.2548133432865143,-0.018253248184919357,0.781488835811615,CapturedFrames_-3.0_1.0_1.0/video.mp4#frame=40
40,LEFT_INDEX,0.7118515968322754,0.2905780076980591,-0.20779773592948914,0.9454657435417175,CapturedFrames_-3.0_1.0_1.0/video.mp4#frame=40
40,RIGHT_INDEX,0.5888546109199524,0.25496190786361694,-0.036693278700113297,0.8097073435783386,CapturedFrames_-3.0_1.0_1.0/video.mp4#frame=40
40,LEFT_THUMB,0.7097514867782593,0.2846485376358032,-0.18401631712913513,0.9414929747581482,CapturedFrames_-3.0_1.0_1.0/video.mp4#frame=40
40,RIGHT_THUMB,0.5914788842201233,0.24845069646835327,-0.020908841863274574,0.819208562374115,CapturedFrames_-3.0_1.0_1.0/video.mp4#frame=40
40,LEFT_HIP,0.6733860969543457,0.25366172194480896,-0.05159293860197067,0.9999592304229736,CapturedFrames_-3.0_1.0_1.0/video.mp4#frame=40
40,RIGHT_HIP,0.6523246765136719,0.25144290924072266,0.05163303017616272,0.99977046251297,CapturedFrames_-3.0_1.0_1.0/video.mp4#frame=40
40,LEFT_KNEE,0.6367183923721313,0.35440319776535034,-0.08697659522294998,0.9899001717567444,CapturedFrames_-3.0_1.0_1.0/video.mp4#frame=40
40,RIGHT_KNEE,0.6662700772285461,0.35997146368026733,0.1582602858543396,0.5464902520179749,CapturedFrames_-3.0_1.0_1.0/video.mp4#frame=40
40,LEFT_ANKLE,0.6133394837379456,0.4728440046310425,-0.0731818899512291,0.9959654808044434,CapturedFrames_-3.0_1.0_1.0/video.mp4#frame=40
40,RIGHT_ANKLE,0.6875810623168945,0.43665164709091187,0.2967633008956909,0.8001558184623718,CapturedFrames_-3.0_1.0_1.0/video.mp4#frame=40
40,LEFT_HEEL,0.6175111532211304,0.4968653917312622,-0.07496453076601028,0.9807553291320801,CapturedFrames_-3.0_1.0_1.0/video.mp4#frame=40
40,RIGHT_HEEL,0.6960901618003845,0.45123082399368286,0.3086024522781372,0.8704893589019775,CapturedFrames_-3.0_1.0_1.0/video.mp4#frame=40
40,LEFT_FOOT_INDEX,0.5818338990211487,0.4850156903266907,-0.1428874433040619,0.9875730872154236,CapturedFrames_-3.0_1.0_1.0/video.mp4#frame=40
40,RIGHT_FOOT_INDEX,0.6615597009658813,0.4629825949668884,0.27825531363487244,0.8577107787132263,CapturedFrames_-3.0_1.0_1.0/video.mp4#frame=40
41,NOSE,0.6480925679206848,0.02746930718421936,-0.15091216564178467,0.9999822378158569,CapturedFrames_-3.0_1.0_1.0/video.mp4#frame=41
41,LEFT_EYE_INNER,0.6526082158088684,0.015160784125328064,-0.15283291041851044,0.999946117401123,CapturedFrames_-3.0_1.0_1.0/video.mp4#frame=41
41,LEFT_EYE,0.6547589302062988,0.01506747305393219,-0.15286527574062347,0.999954104423523,CapturedFrames_-3.0_1.0_1.0/video.mp4#frame=41
41,LEFT_EYE_OUTER,0.6571782827377319,0.014944255352020264,-0.15290959179401398,0.9999593496322632,CapturedFrames_-3.0_1.0_1.0/video.mp4#frame=41
41,RIGHT_EYE_INNER,0.649263858795166,0.014680400490760803,-0.13968977332115173,0.9999451637268066,CapturedFrames_-3.0_1.0_1.0/video.mp4#frame=41
41,RIGHT_EYE,0.6486147046089172,0.014400586485862732,-0.13971194624900818,0.9999326467514038,CapturedFrames_-3.0_1.0_1.0/video.mp4#frame=41
41,RIGHT_EYE_OUTER,0.6479502320289612,0.014104768633842468,-0.13976866006851196,0.9999357461929321,CapturedFrames_-3.0_1.0_1.0/video.mp4#frame=41
41,LEFT_EAR,0.6667370200157166,0.02098529040813446,-0.13808612525463104,0.9999392032623291,CapturedFrames_-3.0_1.0_1.0/video.mp4#frame=41
41,RIGHT_EAR,0.6536933183670044,0.02094125747680664,-0.07927828282117844,0.9998860359191895,CapturedFrames_-3.0_1.0_1.0/video.mp4#frame=41
41,MOUTH_LEFT,0.6517174243927002,0.04146242141723633,-0.14423906803131104,0.9999874830245972,CapturedFrames_-3.0_1.0_1.0/video.mp4#frame=41
41,MOUTH_RIGHT,0.6476229429244995,0.04143008589744568,-0.12711653113365173,0.9999724626541138,CapturedFrames_-3.0_1.0_1.0/video.mp4#frame=41
41,LEFT_SHOULDER,0.6893500685691833,0.10410317033529282,-0.14658519625663757,0.9999793767929077,CapturedFrames_-3.0_1.0_1.0/video.mp4#frame=41
41,RIGHT_SHOULDER,0.6406106352806091,0.10180939733982086,-0.01753379963338375,0.9998974800109863,CapturedFrames_-3.0_1.0_1.0/video.mp4#frame=41
41,LEFT_ELBOW,0.6978020668029785,0.19514790177345276,-0.16325491666793823,0.9938716888427734,CapturedFrames_-3.0_1.0_1.0/video.mp4#frame=41
41,RIGHT_ELBOW,0.6179901957511902,0.18122848868370056,0.0059527321718633175,0.8027675151824951,CapturedFrames_-3.0_1.0_1.0/video.mp4#frame=41
41,LEFT_WRIST,0.7063693404197693,0.27192744612693787,-0.1852969080209732,0.9483378529548645,CapturedFrames_-3.0_1.0_1.0/video.mp4#frame=41
41,RIGHT_WRIST,0.5920820236206055,0.2449204921722412,-0.03644179180264473,0.8636273741722107,CapturedFrames_-3.0_1.0_1.0/video.mp4#frame=41
41,LEFT_PINKY,0.7086902260780334,0.2944781482219696,-0.20004478096961975,0.9119488596916199,CapturedFrames_-3.0_1.0_1.0/video.mp4#frame=41
41,RIGHT_PINKY,0.5836690664291382,0.26560238003730774,-0.045451629906892776,0.77304607629776,CapturedFrames_-3.0_1.0_1.0/video.mp4#frame=41
41,LEFT_INDEX,0.7040725946426392,0.2950393259525299,-0.21338513493537903,0.9163613319396973,CapturedFrames_-3.0_1.0_1.0/video.mp4#frame=41
41,RIGHT_INDEX,0.5855623483657837,0.26622989773750305,-0.06252732127904892,0.7973836660385132,CapturedFrames_-3.0_1.0_1.0/video.mp4#frame=41
41,LEFT_THUMB,0.7022491097450256,0.28843262791633606,-0.19051684439182281,0.917424738407135,CapturedFrames_-3.0_1.0_1.0/video.mp4#frame=41
41,RIGHT_THUMB,0.5887149572372437,0.2610217332839966,-0.04563761129975319,0.8029279112815857,CapturedFrames_-3.0_1.0_1.0/video.mp4#frame=41
41,LEFT_HIP,0.6649350523948669,0.25561949610710144,-0.04854511842131615,0.9999347925186157,CapturedFrames_-3.0_1.0_1.0/video.mp4#frame=41
41,RIGHT_HIP,0.6435823440551758,0.2527559995651245,0.04858710244297981,0.9996423721313477,CapturedFrames_-3.0_1.0_1.0/video.mp4#frame=41
41,LEFT_KNEE,0.6288067102432251,0.35584452748298645,-0.09832584857940674,0.9905179142951965,CapturedFrames_-3.0_1.0_1.0/video.mp4#frame=41
41,RIGHT_KNEE,0.6574421525001526,0.36250096559524536,0.15923427045345306,0.531039297580719,CapturedFrames_-3.0_1.0_1.0/video.mp4#frame=41
41,LEFT_ANKLE,0.6104634404182434,0.47960853576660156,-0.0930786281824112,0.9942506551742554,CapturedFrames_-3.0_1.0_1.0/video.mp4#frame=41
41,RIGHT_ANKLE,0.6842367053031921,0.43620699644088745,0.300780326128006,0.776897132396698,CapturedFrames_-3.0_1.0_1.0/video.mp4#frame=41
41,LEFT_HEEL,0.6166314482688904,0.5032661557197571,-0.0958576649427414,0.9666564464569092,CapturedFrames_-3.0_1.0_1.0/video.mp4#frame=41
41,RIGHT_HEEL,0.6942076086997986,0.4494803249835968,0.31282564997673035,0.8692992329597473,CapturedFrames_-3.0_1.0_1.0/video.mp4#frame=41
41,LEFT_FOOT_INDEX,0.5828806757926941,0.5002126097679138,-0.16786006093025208,0.9831880927085876,CapturedFrames_-3.0_1.0_1.0/video.mp4#frame=41
41,RIGHT_FOOT_INDEX,0.6602939367294312,0.46946001052856445,0.28464120626449585,0.8619738817214966,CapturedFrames_-3.0_1.0_1.0/video.mp4#frame=41
42,NOSE,0.6417755484580994,0.027977988123893738,-0.1501968950033188,0.9999958276748657,CapturedFrames_-3.0_1.0_1.0/video.mp4#frame=42
42,LEFT_EYE_INNER,0.6465063095092773,0.015609531663358212,-0.15205872058868408,0.9999909400939941,CapturedFrames_-3.0_1.0_1.0/video.mp4#frame=42
42,LEFT_EYE,0.648435115814209,0.015454382635653019,-0.15210744738578796,0.9999916553497314,CapturedFrames_-3.0_1.0_1.0/video.mp4#frame=42
42,LEFT_EYE_OUTER,0.6508578062057495,0.015237227082252502,-0.15217779576778412,0.9999935626983643,CapturedFrames_-3.0_1.0_1.0/video.mp4#frame=42
42,RIGHT_EYE_INNER,0.6425789594650269,0.01542818546295166,-0.139162078499794,0.9999887943267822,CapturedFrames_-3.0_1.0_1.0/video.mp4#frame=42
42,RIGHT_EYE,0.6417461037635803,0.01535266637802124,-0.1391759067773819,0.9999837875366211,CapturedFrames_-3.0_1.0_1.0/video.mp4#frame=42
42,RIGHT_EYE_OUTER,0.6409584879875183,0.01522161066532135,-0.13920903205871582,0.9999856948852539,CapturedFrames_-3.0_1.0_1.0/video.mp4#frame=42
42,LEFT_EAR,0.6608262062072754,0.021129220724105835,-0.13627904653549194,0.9999926090240479,CapturedFrames_-3.0_1.0_1.0/video.mp4#frame=42
42,RIGHT_EAR,0.6466726660728455,0.021761581301689148,-0.07795988768339157,0.9999769926071167,CapturedFrames_-3.0_1.0_1.0/video.mp4#frame=42
42,MOUTH_LEFT,0.6456804275512695,0.04108276963233948,-0.14297723770141602,0.9999982118606567,CapturedFrames_-3.0_1.0_1.0/video.mp4#frame=42
42,MOUTH_RIGHT,0.6408793330192566,0.041397273540496826,-0.12603718042373657,0.9999948740005493,CapturedFrames_-3.0_1.0_1.0/video.mp4#frame=42
42,LEFT_SHOULDER,0.6814019083976746,0.1015363484621048,-0.14002768695354462,0.9999951124191284,CapturedFrames_-3.0_1.0_1.0/video.mp4#frame=42
42,RIGHT_SHOULDER,0.6340722441673279,0.10145722329616547,-0.01598145253956318,0.9999432563781738,CapturedFrames_-3.0_1.0_1.0/video.mp4#frame=42
42,LEFT_ELBOW,0.6901063919067383,0.1988173872232437,-0.1494164764881134,0.994843602180481,CapturedFrames_-3.0_1.0_1.0/video.mp4#frame=42
42,RIGHT_ELBOW,0.6159868836402893,0.18455272912979126,0.006348532624542713,0.7929434180259705,CapturedFrames_-3.0_1.0_1.0/video.mp4#frame=42
42,LEFT_WRIST,0.6956218481063843,0.2812722325325012,-0.16951711475849152,0.9531306624412537,CapturedFrames_-3.0_1.0_1.0/video.mp4#frame=42
42,RIGHT_WRIST,0.5904065370559692,0.25106102228164673,-0.039056457579135895,0.844333827495575,CapturedFrames_-3.0_1.0_1.0/video.mp4#frame=42
42,LEFT_PINKY,0.6980729103088379,0.30198097229003906,-0.18529856204986572,0.9223427772521973,CapturedFrames_-3.0_1.0_1.0/video.mp4#frame=42
42,RIGHT_PINKY,0.5823132991790771,0.27127090096473694,-0.050290655344724655,0.7646008133888245,CapturedFrames_-3.0_1.0_1.0/video.mp4#frame=42
42,LEFT_INDEX,0.6924299001693726,0.3012716472148895,-0.19935829937458038,0.9264008402824402,CapturedFrames_-3.0_1.0_1.0/video.mp4#frame=42
42,RIGHT_INDEX,0.5845675468444824,0.27303826808929443,-0.06708415597677231,0.7883095145225525,CapturedFrames_-3.0_1.0_1.0/video.mp4#frame=42
42,LEFT_THUMB,0.6902137994766235,0.29539918899536133,-0.17463445663452148,0.9268045425415039,CapturedFrames_-3.0_1.0_1.0/video.mp4#frame=42
42,RIGHT_THUMB,0.5878933668136597,0.26671063899993896,-0.04820123687386513,0.7937845587730408,CapturedFrames_-3.0_1.0_1.0/video.mp4#frame=42
42,LEFT_HIP,0.6572644114494324,0.2557870149612427,-0.04533030465245247,0.9999839067459106,CapturedFrames_-3.0_1.0_1.0/video.mp4#frame=42
42,RIGHT_HIP,0.635058581829071,0.251488596200943,0.04534456878900528,0.9998680353164673,CapturedFrames_-3.0_1.0_1.0/video.mp4#frame=42
42,LEFT_KNEE,0.6202853322029114,0.35844549536705017,-0.10283495485782623,0.9930267333984375,CapturedFrames_-3.0_1.0_1.0/video.mp4#frame=42
42,RIGHT_KNEE,0.6413653492927551,0.3638588488101959,0.14357134699821472,0.6298994421958923,CapturedFrames_-3.0_1.0_1.0/video.mp4#frame=42
42,LEFT_ANKLE,0.6097478866577148,0.48454585671424866,-0.08390091359615326,0.9958989024162292,CapturedFrames_-3.0_1.0_1.0/video.mp4#frame=42
42,RIGHT_ANKLE,0.6776477098464966,0.4275340735912323,0.27377262711524963,0.816681981086731,CapturedFrames_-3.0_1.0_1.0/video.mp4#frame=42
42,LEFT_HEEL,0.6160653829574585,0.5064221024513245,-0.0847306102514267,0.9713005423545837,CapturedFrames_-3.0_1.0_1.0/video.mp4#frame=42
42,RIGHT_HEEL,0.6921679973602295,0.4346418082714081,0.2849668562412262,0.8462547063827515,CapturedFrames_-3.0_1.0_1.0/video.mp4#frame=42
42,LEFT_FOOT_INDEX,0.5812821984291077,0.5030115246772766,-0.14899016916751862,0.9892367720603943,CapturedFrames_-3.0_1.0_1.0/video.mp4#frame=42
42,RIGHT_FOOT_INDEX,0.6627987623214722,0.46632134914398193,0.25976094603538513,0.8841125965118408,CapturedFrames_-3.0_1.0_1.0/video.mp4#frame=42
43,NOSE,0.6330398917198181,0.023673279210925102,-0.1451587975025177,0.9999954700469971,CapturedFrames_-3.0_1.0_1.0/video.mp4#frame=43
43,LEFT_EYE_INNER,0.638292133808136,0.01208296325057745,-0.14954669773578644,0.9999940395355225,CapturedFrames_-3.0_1.0_1.0/video.mp4#frame=43
43,LEFT_EYE,0.6402438282966614,0.012023046612739563,-0.14957548677921295,0.9999940395355225,CapturedFrames_-3.0_1.0_1.0/video.mp4#frame=43
43,LEFT_EYE_OUTER,0.6424760222434998,0.012010440230369568,-0.14964659512043,0.9999960660934448,CapturedFrames_-3.0_1.0_1.0/video.mp4#frame=43
43,RIGHT_EYE_INNER,0.6345779299736023,0.01205010712146759,-0.1360093057155609,0.9999916553497314,CapturedFrames_-3.0_1.0_1.0/video.mp4#frame=43
43,RIGHT_EYE,0.6338201761245728,0.012021093629300594,-0.13602615892887115,0.9999884366989136,CapturedFrames_-3.0_1.0_1.0/video.mp4#frame=43
43,RIGHT_EYE_OUTER,0.6330832242965698,0.01199850533157587,-0.13607646524906158,0.9999911785125732,CapturedFrames_-3.0_1.0_1.0/video.mp4#frame=43
43,LEFT_EAR,0.6522960066795349,0.019556894898414612,-0.14457586407661438,0.9999957084655762,CapturedFrames_-3.0_1.0_1.0/video.mp4#frame=43
43,RIGHT_EAR,0.639376699924469,0.01852130889892578,-0.08407536149024963,0.9999853372573853,CapturedFrames_-3.0_1.0_1.0/video.mp4#frame=43
43,MOUTH_LEFT,0.6367111802101135,0.03708288073539734,-0.14183148741722107,0.9999985694885254,CapturedFrames_-3.0_1.0_1.0/video.mp4#frame=43
43,MOUTH_RIGHT,0.6323279738426208,0.03757058084011078,-0.12432505935430527,0.9999955892562866,CapturedFrames_-3.0_1.0_1.0/video.mp4#frame=43
43,LEFT_SHOULDER,0.6732587218284607,0.10180041193962097,-0.15741726756095886,0.9999943971633911,CapturedFrames_-3.0_1.0_1.0/video.mp4#frame=43
43,RIGHT_SHOULDER,0.6269946694374084,0.10122236609458923,-0.02285074070096016,0.9999246597290039,CapturedFrames_-3.0_1.0_1.0/video.mp4#frame=43
43,LEFT_ELBOW,0.6803906559944153,0.20026032626628876,-0.16079211235046387,0.9968294501304626,CapturedFrames_-3.0_1.0_1.0/video.mp4#frame=43
43,RIGHT_ELBOW,0.6121196150779724,0.18781395256519318,0.0009685588884167373,0.6672770380973816,CapturedFrames_-3.0_1.0_1.0/video.mp4#frame=43
43,LEFT_WRIST,0.6819722652435303,0.28542086482048035,-0.16012541949748993,0.9758091568946838,CapturedFrames_-3.0_1.0_1.0/video.mp4#frame=43
43,RIGHT_WRIST,0.5879584550857544,0.2590109407901764,-0.039718057960271835,0.7583155035972595,CapturedFrames_-3.0_1.0_1.0/video.mp4#frame=43
43,LEFT_PINKY,0.68556147813797,0.3062852621078491,-0.17347022891044617,0.9555410742759705,CapturedFrames_-3.0_1.0_1.0/video.mp4#frame=43
43,RIGHT_PINKY,0.5815659165382385,0.2798900604248047,-0.04936419427394867,0.691967785358429,CapturedFrames_-3.0_1.0_1.0/video.mp4#frame=43
43,LEFT_INDEX,0.6797561645507812,0.3080752193927765,-0.18702547252178192,0.9564554691314697,CapturedFrames_-3.0_1.0_1.0/video.mp4#frame=43
43,RIGHT_INDEX,0.5828765630722046,0.28069382905960083,-0.06607753038406372,0.7205803990364075,CapturedFrames_-3.0_1.0_1.0/video.mp4#frame=43
43,LEFT_THUMB,0.6772093772888184,0.30066561698913574,-0.1643015742301941,0.9558538794517517,CapturedFrames_-3.0_1.0_1.0/video.mp4#frame=43
43,RIGHT_THUMB,0.5852127075195312,0.2741551697254181,-0.04879177361726761,0.7241362929344177,CapturedFrames_-3.0_1.0_1.0/video.mp4#frame=43
43,LEFT_HIP,0.6498486995697021,0.2533164620399475,-0.04742296412587166,0.9999712705612183,CapturedFrames_-3.0_1.0_1.0/video.mp4#frame=43
43,RIGHT_HIP,0.627650797367096,0.24974443018436432,0.04739314690232277,0.9998565912246704,CapturedFrames_-3.0_1.0_1.0/video.mp4#frame=43
43,LEFT_KNEE,0.6137915849685669,0.3615539073944092,-0.08303381502628326,0.995161235332489,CapturedFrames_-3.0_1.0_1.0/video.mp4#frame=43
43,RIGHT_KNEE,0.6236605644226074,0.3601139783859253,0.12538839876651764,0.7451820969581604,CapturedFrames_-3.0_1.0_1.0/video.mp4#frame=43
43,LEFT_ANKLE,0.609137773513794,0.48172008991241455,-0.04692062735557556,0.9952935576438904,CapturedFrames_-3.0_1.0_1.0/video.mp4#frame=43
43,RIGHT_ANKLE,0.6663476228713989,0.4221535623073578,0.23339037597179413,0.9024121165275574,CapturedFrames_-3.0_1.0_1.0/video.mp4#frame=43
43,LEFT_HEEL,0.6162660717964172,0.5062456130981445,-0.04575185105204582,0.9769080877304077,CapturedFrames_-3.0_1.0_1.0/video.mp4#frame=43
43,RIGHT_HEEL,0.6793352961540222,0.4208284616470337,0.242466539144516,0.9077648520469666,CapturedFrames_-3.0_1.0_1.0/video.mp4#frame=43
43,LEFT_FOOT_INDEX,0.5809875726699829,0.5032272934913635,-0.09737464040517807,0.990113377571106,CapturedFrames_-3.0_1.0_1.0/video.mp4#frame=43
43,RIGHT_FOOT_INDEX,0.6569802761077881,0.4674746096134186,0.2226860523223877,0.9326841831207275,CapturedFrames_-3.0_1.0_1.0/video.mp4#frame=43
44,NOSE,0.6231293678283691,0.02359624207019806,-0.14745183289051056,0.9999765157699585,CapturedFrames_-3.0_1.0_1.0/video.mp4#frame=44
44,LEFT_EYE_INNER,0.6284630298614502,0.011468708515167236,-0.1543513536453247,0.9999728202819824,CapturedFrames_-3.0_1.0_1.0/video.mp4#frame=44
44,LEFT_EYE,0.6302229762077332,0.011350885033607483,-0.15437686443328857,0.9999758005142212,CapturedFrames_-3.0_1.0_1.0/video.mp4#frame=44
44,LEFT_EYE_OUTER,0.6322173476219177,0.011022761464118958,-0.1544448286294937,0.9999834299087524,CapturedFrames_-3.0_1.0_1.0/video.mp4#frame=44
44,RIGHT_EYE_INNER,0.6250249743461609,0.011096581816673279,-0.1393924355506897,0.9999620914459229,CapturedFrames_-3.0_1.0_1.0/video.mp4#frame=44
44,RIGHT_EYE,0.6244699954986572,0.010832101106643677,-0.13941052556037903,0.9999539852142334,CapturedFrames_-3.0_1.0_1.0/video.mp4#frame=44
44,RIGHT_EYE_OUTER,0.6239922046661377,0.010441958904266357,-0.13946589827537537,0.9999641180038452,CapturedFrames_-3.0_1.0_1.0/video.mp4#frame=44
44,LEFT_EAR,0.6424674391746521,0.016506031155586243,-0.15805155038833618,0.9999845027923584,CapturedFrames_-3.0_1.0_1.0/video.mp4#frame=44
44,RIGHT_EAR,0.6312056183815002,0.016788184642791748,-0.09085988998413086,0.9999483823776245,CapturedFrames_-3.0_1.0_1.0/video.mp4#frame=44
44,MOUTH_LEFT,0.6278076171875,0.03584498167037964,-0.14682021737098694,0.9999916553497314,CapturedFrames_-3.0_1.0_1.0/video.mp4#frame=44
44,MOUTH_RIGHT,0.6235088109970093,0.03674402832984924,-0.12741369009017944,0.9999762773513794,CapturedFrames_-3.0_1.0_1.0/video.mp4#frame=44
44,LEFT_SHOULDER,0.6627171039581299,0.09750263392925262,-0.17443184554576874,0.999991774559021,CapturedFrames_-3.0_1.0_1.0/video.mp4#frame=44
44,RIGHT_SHOULDER,0.6206302642822266,0.10099268704652786,-0.02375258319079876,0.9998534917831421,CapturedFrames_-3.0_1.0_1.0/video.mp4#frame=44
44,LEFT_ELBOW,0.6694904565811157,0.19668519496917725,-0.17252397537231445,0.9963129162788391,CapturedFrames_-3.0_1.0_1.0/video.mp4#frame=44
44,RIGHT_ELBOW,0.6076021790504456,0.18893486261367798,0.0057614813558757305,0.5830774307250977,CapturedFrames_-3.0_1.0_1.0/video.mp4#frame=44
44,LEFT_WRIST,0.6667694449424744,0.2847263813018799,-0.16109755635261536,0.9788124561309814,CapturedFrames_-3.0_1.0_1.0/video.mp4#frame=44
44,RIGHT_WRIST,0.5852864384651184,0.2635068893432617,-0.03462641313672066,0.7454007863998413,CapturedFrames_-3.0_1.0_1.0/video.mp4#frame=44
44,LEFT_PINKY,0.6711345911026001,0.305724561214447,-0.17509403824806213,0.9593701362609863,CapturedFrames_-3.0_1.0_1.0/video.mp4#frame=44
44,RIGHT_PINKY,0.5805320739746094,0.2851599156856537,-0.04328553378582001,0.6911402344703674,CapturedFrames_-3.0_1.0_1.0/video.mp4#frame=44
44,LEFT_INDEX,0.663709282875061,0.304932564496994,-0.18730010092258453,0.960593581199646,CapturedFrames_-3.0_1.0_1.0/video.mp4#frame=44
44,RIGHT_INDEX,0.5813779830932617,0.2852587401866913,-0.06108180433511734,0.7170064449310303,CapturedFrames_-3.0_1.0_1.0/video.mp4#frame=44
44,LEFT_THUMB,0.661164402961731,0.29902487993240356,-0.16445046663284302,0.957059919834137,CapturedFrames_-3.0_1.0_1.0/video.mp4#frame=44
44,RIGHT_THUMB,0.5836203694343567,0.27861684560775757,-0.044113919138908386,0.7170690298080444,CapturedFrames_-3.0_1.0_1.0/video.mp4#frame=44
44,LEFT_HIP,0.6430438160896301,0.2527744174003601,-0.053211212158203125,0.9999167919158936,CapturedFrames_-3.0_1.0_1.0/video.mp4#frame=44
44,RIGHT_HIP,0.6206544637680054,0.2487567663192749,0.05316517874598503,0.999665379524231,CapturedFrames_-3.0_1.0_1.0/video.mp4#frame=44
44,LEFT_KNEE,0.60773104429245,0.3631760776042938,-0.055860161781311035,0.9927736520767212,CapturedFrames_-3.0_1.0_1.0/video.mp4#frame=44
44,RIGHT_KNEE,0.6087846755981445,0.3532787263393402,0.11739040911197662,0.7746856808662415,CapturedFrames_-3.0_1.0_1.0/video.mp4#frame=44
44,LEFT_ANKLE,0.608546257019043,0.4855918884277344,-0.016407033428549767,0.9931889772415161,CapturedFrames_-3.0_1.0_1.0/video.mp4#frame=44
44,RIGHT_ANKLE,0.6535767912864685,0.411283016204834,0.21292725205421448,0.8790139555931091,CapturedFrames_-3.0_1.0_1.0/video.mp4#frame=44
44,LEFT_HEEL,0.6158367395401001,0.5057745575904846,-0.015297861769795418,0.9663651585578918,CapturedFrames_-3.0_1.0_1.0/video.mp4#frame=44
44,RIGHT_HEEL,0.6672433614730835,0.4139403998851776,0.22090859711170197,0.8812238574028015,CapturedFrames_-3.0_1.0_1.0/video.mp4#frame=44
44,LEFT_FOOT_INDEX,0.5804240107536316,0.5054425001144409,-0.06559082865715027,0.9873397350311279,CapturedFrames_-3.0_1.0_1.0/video.mp4#frame=44
44,RIGHT_FOOT_INDEX,0.6439731121063232,0.4626639187335968,0.2042372226715088,0.9150641560554504,CapturedFrames_-3.0_1.0_1.0/video.mp4#frame=44
45,NOSE,0.6146534085273743,0.02020972967147827,-0.16190123558044434,0.9999680519104004,CapturedFrames_-3.0_1.0_1.0/video.mp4#frame=45
45,LEFT_EYE_INNER,0.6198194026947021,0.007885769009590149,-0.16711722314357758,0.9999629259109497,CapturedFrames_-3.0_1.0_1.0/video.mp4#frame=45
45,LEFT_EYE,0.6218665242195129,0.0076248194091022015,-0.1671438217163086,0.999967098236084,CapturedFrames_-3.0_1.0_1.0/video.mp4#frame=45
45,LEFT_EYE_OUTER,0.6242230534553528,0.00730104697868228,-0.167192742228508,0.9999774694442749,CapturedFrames_-3.0_1.0_1.0/video.mp4#frame=45
45,RIGHT_EYE_INNER,0.6158342957496643,0.007997527718544006,-0.15135759115219116,0.9999436140060425,CapturedFrames_-3.0_1.0_1.0/video.mp4#frame=45
45,RIGHT_EYE,0.6150100827217102,0.007787213195115328,-0.15137545764446259,0.9999290704727173,CapturedFrames_-3.0_1.0_1.0/video.mp4#frame=45
45,RIGHT_EYE_OUTER,0.6142367124557495,0.007506906986236572,-0.15142616629600525,0.9999427795410156,CapturedFrames_-3.0_1.0_1.0/video.mp4#frame=45
45,LEFT_EAR,0.6347478628158569,0.01326720416545868,-0.1638898402452469,0.9999744892120361,CapturedFrames_-3.0_1.0_1.0/video.mp4#frame=45
45,RIGHT_EAR,0.6217474341392517,0.012681336142122746,-0.093122199177742,0.9998868703842163,CapturedFrames_-3.0_1.0_1.0/video.mp4#frame=45
45,MOUTH_LEFT,0.6191660165786743,0.03219594061374664,-0.15878033638000488,0.9999842643737793,CapturedFrames_-3.0_1.0_1.0/video.mp4#frame=45
45,MOUTH_RIGHT,0.6150319576263428,0.03351201117038727,-0.13831980526447296,0.9999523162841797,CapturedFrames_-3.0_1.0_1.0/video.mp4#frame=45
45,LEFT_SHOULDER,0.6542353630065918,0.09233347326517105,-0.18303892016410828,0.9999938011169434,CapturedFrames_-3.0_1.0_1.0/video.mp4#frame=45
45,RIGHT_SHOULDER,0.6135899424552917,0.09498079121112823,-0.020059186965227127,0.9996694326400757,CapturedFrames_-3.0_1.0_1.0/video.mp4#frame=45
45,LEFT_ELBOW,0.6567407250404358,0.19560757279396057,-0.19543136656284332,0.9975392818450928,CapturedFrames_-3.0_1.0_1.0/video.mp4#frame=45
45,RIGHT_ELBOW,0.6040555834770203,0.18828529119491577,0.007968096062541008,0.5490779876708984,CapturedFrames_-3.0_1.0_1.0/video.mp4#frame=45
45,LEFT_WRIST,0.6493690609931946,0.2835494875907898,-0.20072874426841736,0.9913559556007385,CapturedFrames_-3.0_1.0_1.0/video.mp4#frame=45
45,RIGHT_WRIST,0.5849389433860779,0.2634243667125702,-0.03831055760383606,0.7966469526290894,CapturedFrames_-3.0_1.0_1.0/video.mp4#frame=45
45,LEFT_PINKY,0.6503518223762512,0.30598175525665283,-0.21918675303459167,0.9825242161750793,CapturedFrames_-3.0_1.0_1.0/video.mp4#frame=45
45,RIGHT_PINKY,0.5783882141113281,0.28510138392448425,-0.04770442843437195,0.7482300400733948,CapturedFrames_-3.0_1.0_1.0/video.mp4#frame=45
45,LEFT_INDEX,0.6445120573043823,0.30418848991394043,-0.22801680862903595,0.9831439852714539,CapturedFrames_-3.0_1.0_1.0/video.mp4#frame=45
45,RIGHT_INDEX,0.5801386833190918,0.28575828671455383,-0.06633218377828598,0.7697946429252625,CapturedFrames_-3.0_1.0_1.0/video.mp4#frame=45
45,LEFT_THUMB,0.6421223878860474,0.2973977327346802,-0.20295462012290955,0.9772713780403137,CapturedFrames_-3.0_1.0_1.0/video.mp4#frame=45
45,RIGHT_THUMB,0.5835426449775696,0.27917343378067017,-0.048172835260629654,0.759871780872345,CapturedFrames_-3.0_1.0_1.0/video.mp4#frame=45
45,LEFT_HIP,0.6330143809318542,0.25440117716789246,-0.058543331921100616,0.9998867511749268,CapturedFrames_-3.0_1.0_1.0/video.mp4#frame=45
45,RIGHT_HIP,0.6118713021278381,0.24865467846393585,0.05844720080494881,0.9992741942405701,CapturedFrames_-3.0_1.0_1.0/video.mp4#frame=45
45,LEFT_KNEE,0.6019526124000549,0.3690494894981384,-0.06394621729850769,0.9839768409729004,CapturedFrames_-3.0_1.0_1.0/video.mp4#frame=45
45,RIGHT_KNEE,0.5935272574424744,0.35779643058776855,0.0819644033908844,0.868765652179718,CapturedFrames_-3.0_1.0_1.0/video.mp4#frame=45
45,LEFT_ANKLE,0.6092031002044678,0.48911574482917786,0.0012312592007219791,0.9947065711021423,CapturedFrames_-3.0_1.0_1.0/video.mp4#frame=45
45,RIGHT_ANKLE,0.6296941041946411,0.4193248450756073,0.1978166252374649,0.9045923948287964,CapturedFrames_-3.0_1.0_1.0/video.mp4#frame=45
45,LEFT_HEEL,0.6152586340904236,0.5076970458030701,0.003902244847267866,0.9611795544624329,CapturedFrames_-3.0_1.0_1.0/video.mp4#frame=45
45,RIGHT_HEEL,0.6461876630783081,0.41826361417770386,0.20782986283302307,0.8955663442611694,CapturedFrames_-3.0_1.0_1.0/video.mp4#frame=45
45,LEFT_FOOT_INDEX,0.5822420120239258,0.5094336271286011,-0.05489727854728699,0.9915429353713989,CapturedFrames_-3.0_1.0_1.0/video.mp4#frame=45
45,RIGHT_FOOT_INDEX,0.619671642780304,0.4614103436470032,0.18525488674640656,0.9336327314376831,CapturedFrames_-3.0_1.0_1.0/video.mp4#frame=45
46,NOSE,0.6058295965194702,0.01644909381866455,-0.13498461246490479,0.9998701810836792,CapturedFrames_-3.0_1.0_1.0/video.mp4#frame=46
46,LEFT_EYE_INNER,0.6112629175186157,0.003413259983062744,-0.14361873269081116,0.9998520612716675,CapturedFrames_-3.0_1.0_1.0/video.mp4#frame=46
46,LEFT_EYE,0.6131066083908081,0.0033891797065734863,-0.14363551139831543,0.9998846054077148,CapturedFrames_-3.0_1.0_1.0/video.mp4#frame=46
46,LEFT_EYE_OUTER,0.6150753498077393,0.0032529234886169434,-0.14367210865020752,0.9999072551727295,CapturedFrames_-3.0_1.0_1.0/video.mp4#frame=46
46,RIGHT_EYE_INNER,0.6081061959266663,0.0029555857181549072,-0.12478868663311005,0.9997385144233704,CapturedFrames_-3.0_1.0_1.0/video.mp4#frame=46
46,RIGHT_EYE,0.6077761650085449,0.0027592480182647705,-0.12480811774730682,0.9997275471687317,CapturedFrames_-3.0_1.0_1.0/video.mp4#frame=46
46,RIGHT_EYE_OUTER,0.6075393557548523,0.002477198839187622,-0.12483812868595123,0.9997164607048035,CapturedFrames_-3.0_1.0_1.0/video.mp4#frame=46
46,LEFT_EAR,0.6256129741668701,0.009325772523880005,-0.15102873742580414,0.9998931884765625,CapturedFrames_-3.0_1.0_1.0/video.mp4#frame=46
46,RIGHT_EAR,0.6161873936653137,0.008255690336227417,-0.06672537326812744,0.999472439289093,CapturedFrames_-3.0_1.0_1.0/video.mp4#frame=46
46,MOUTH_LEFT,0.6105977296829224,0.02937452495098114,-0.1351214349269867,0.9999212026596069,CapturedFrames_-3.0_1.0_1.0/video.mp4#frame=46
46,MOUTH_RIGHT,0.6068726778030396,0.029034972190856934,-0.11082635819911957,0.9997356534004211,CapturedFrames_-3.0_1.0_1.0/video.mp4#frame=46
46,LEFT_SHOULDER,0.6450662612915039,0.09039974212646484,-0.1774400770664215,0.999984860420227,CapturedFrames_-3.0_1.0_1.0/video.mp4#frame=46
46,RIGHT_SHOULDER,0.6107032895088196,0.084928497672081,0.008152555674314499,0.9992498755455017,CapturedFrames_-3.0_1.0_1.0/video.mp4#frame=46
46,LEFT_ELBOW,0.6448203325271606,0.18825723230838776,-0.19033503532409668,0.9978368878364563,CapturedFrames_-3.0_1.0_1.0/video.mp4#frame=46
46,RIGHT_ELBOW,0.602344274520874,0.17953020334243774,0.04312260076403618,0.19125621020793915,CapturedFrames_-3.0_1.0_1.0/video.mp4#frame=46
46,LEFT_WRIST,0.6324148178100586,0.27982020378112793,-0.18279816210269928,0.9948291182518005,CapturedFrames_-3.0_1.0_1.0/video.mp4#frame=46
46,RIGHT_WRIST,0.5870450735092163,0.24913038313388824,-0.0007311510271392763,0.4513612389564514,CapturedFrames_-3.0_1.0_1.0/video.mp4#frame=46
46,LEFT_PINKY,0.6316441297531128,0.30393874645233154,-0.19880332052707672,0.9880788922309875,CapturedFrames_-3.0_1.0_1.0/video.mp4#frame=46
46,RIGHT_PINKY,0.5814529061317444,0.27226197719573975,-0.007657828740775585,0.4515611529350281,CapturedFrames_-3.0_1.0_1.0/video.mp4#frame=46
46,LEFT_INDEX,0.6262193918228149,0.30158403515815735,-0.2042577564716339,0.9880405068397522,CapturedFrames_-3.0_1.0_1.0/video.mp4#frame=46
46,RIGHT_INDEX,0.5816053748130798,0.2722056806087494,-0.027131032198667526,0.4671075940132141,CapturedFrames_-3.0_1.0_1.0/video.mp4#frame=46
46,LEFT_THUMB,0.6242250800132751,0.29508328437805176,-0.182774618268013,0.9824419617652893,CapturedFrames_-3.0_1.0_1.0/video.mp4#frame=46
46,RIGHT_THUMB,0.5840266942977905,0.2663753926753998,-0.011000667698681355,0.45293471217155457,CapturedFrames_-3.0_1.0_1.0/video.mp4#frame=46
46,LEFT_HIP,0.6228621602058411,0.25879615545272827,-0.06119176000356674,0.999327540397644,CapturedFrames_-3.0_1.0_1.0/video.mp4#frame=46
46,RIGHT_HIP,0.6041883826255798,0.2511790096759796,0.06109284609556198,0.9976606369018555,CapturedFrames_-3.0_1.0_1.0/video.mp4#frame=46
46,LEFT_KNEE,0.5928252935409546,0.37233927845954895,-0.05435294657945633,0.9647823572158813,CapturedFrames_-3.0_1.0_1.0/video.mp4#frame=46
46,RIGHT_KNEE,0.5803143382072449,0.3581956624984741,0.06945239007472992,0.809132993221283,CapturedFrames_-3.0_1.0_1.0/video.mp4#frame=46
46,LEFT_ANKLE,0.6083722710609436,0.48456645011901855,0.03424345701932907,0.9747313261032104,CapturedFrames_-3.0_1.0_1.0/video.mp4#frame=46
46,RIGHT_ANKLE,0.6206097602844238,0.42443519830703735,0.1603267341852188,0.8291367888450623,CapturedFrames_-3.0_1.0_1.0/video.mp4#frame=46
46,LEFT_HEEL,0.6158086657524109,0.5086677074432373,0.03988819196820259,0.9053528308868408,CapturedFrames_-3.0_1.0_1.0/video.mp4#frame=46
46,RIGHT_HEEL,0.6359657645225525,0.4341113269329071,0.16812269389629364,0.8500294089317322,CapturedFrames_-3.0_1.0_1.0/video.mp4#frame=46
46,LEFT_FOOT_INDEX,0.5825350880622864,0.5063079595565796,-0.012397299520671368,0.9625616073608398,CapturedFrames_-3.0_1.0_1.0/video.mp4#frame=46
46,RIGHT_FOOT_INDEX,0.6079059839248657,0.49366074800491333,0.14443928003311157,0.8646507263183594,CapturedFrames_-3.0_1.0_1.0/video.mp4#frame=46
47,NOSE,0.5968442559242249,0.019258126616477966,-0.11429266631603241,0.9996693134307861,CapturedFrames_-3.0_1.0_1.0/video.mp4#frame=47
47,LEFT_EYE_INNER,0.601473867893219,0.006023436784744263,-0.12758472561836243,0.9996287822723389,CapturedFrames_-3.0_1.0_1.0/video.mp4#frame=47
47,LEFT_EYE,0.6028230786323547,0.005339950323104858,-0.12759602069854736,0.9997363686561584,CapturedFrames_-3.0_1.0_1.0/video.mp4#frame=47
47,LEFT_EYE_OUTER,0.6042032837867737,0.0045185089111328125,-0.12764589488506317,0.9997777342796326,CapturedFrames_-3.0_1.0_1.0/video.mp4#frame=47
47,RIGHT_EYE_INNER,0.5997382998466492,0.006347477436065674,-0.10773775726556778,0.9993205070495605,CapturedFrames_-3.0_1.0_1.0/video.mp4#frame=47
47,RIGHT_EYE,0.5998607873916626,0.006020694971084595,-0.10773849487304688,0.9993482232093811,CapturedFrames_-3.0_1.0_1.0/video.mp4#frame=47
47,RIGHT_EYE_OUTER,0.5999982953071594,0.005491375923156738,-0.10776881873607635,0.9992295503616333,CapturedFrames_-3.0_1.0_1.0/video.mp4#frame=47
47,LEFT_EAR,0.6126898527145386,0.007509827613830566,-0.15377776324748993,0.9997730851173401,CapturedFrames_-3.0_1.0_1.0/video.mp4#frame=47
47,RIGHT_EAR,0.6075195670127869,0.007362276315689087,-0.06472282111644745,0.9989373087882996,CapturedFrames_-3.0_1.0_1.0/video.mp4#frame=47
47,MOUTH_LEFT,0.6018730998039246,0.02989014983177185,-0.12090077251195908,0.9997586607933044,CapturedFrames_-3.0_1.0_1.0/video.mp4#frame=47
47,MOUTH_RIGHT,0.5997315645217896,0.03054407238960266,-0.09526629745960236,0.999131977558136,CapturedFrames_-3.0_1.0_1.0/video.mp4#frame=47
47,LEFT_SHOULDER,0.6337595582008362,0.08418203890323639,-0.1833256036043167,0.9999839067459106,CapturedFrames_-3.0_1.0_1.0/video.mp4#frame=47
47,RIGHT_SHOULDER,0.6093223094940186,0.07580523192882538,-0.0013141806703060865,0.998250424861908,CapturedFrames_-3.0_1.0_1.0/video.mp4#frame=47
47,LEFT_ELBOW,0.6258507966995239,0.1837674230337143,-0.18567493557929993,0.9963974356651306,CapturedFrames_-3.0_1.0_1.0/video.mp4#frame=47
47,RIGHT_ELBOW,0.6061255931854248,0.16793778538703918,0.034670133143663406,0.0492643378674984,CapturedFrames_-3.0_1.0_1.0/video.mp4#frame=47
47,LEFT_WRIST,0.6096588373184204,0.2731773555278778,-0.15612390637397766,0.9923602938652039,CapturedFrames_-3.0_1.0_1.0/video.mp4#frame=47
47,RIGHT_WRIST,0.5947164297103882,0.24384324252605438,0.007012120448052883,0.09799709916114807,CapturedFrames_-3.0_1.0_1.0/video.mp4#frame=47
47,LEFT_PINKY,0.6094441413879395,0.2963687479496002,-0.1696329414844513,0.9837713241577148,CapturedFrames_-3.0_1.0_1.0/video.mp4#frame=47
47,RIGHT_PINKY,0.5902594327926636,0.26721346378326416,0.003976718056946993,0.12120148539543152,CapturedFrames_-3.0_1.0_1.0/video.mp4#frame=47
47,LEFT_INDEX,0.6043571829795837,0.29284971952438354,-0.17205718159675598,0.9833821654319763,CapturedFrames_-3.0_1.0_1.0/video.mp4#frame=47
47,RIGHT_INDEX,0.5890533924102783,0.26710987091064453,-0.013755634427070618,0.12296351045370102,CapturedFrames_-3.0_1.0_1.0/video.mp4#frame=47
47,LEFT_THUMB,0.6037574410438538,0.28686851263046265,-0.15445175766944885,0.974764883518219,CapturedFrames_-3.0_1.0_1.0/video.mp4#frame=47
47,RIGHT_THUMB,0.5920725464820862,0.26157400012016296,-0.001788963214494288,0.12179602682590485,CapturedFrames_-3.0_1.0_1.0/video.mp4#frame=47
47,LEFT_HIP,0.6177697777748108,0.26197582483291626,-0.055009566247463226,0.9994120597839355,CapturedFrames_-3.0_1.0_1.0/video.mp4#frame=47
47,RIGHT_HIP,0.5969207286834717,0.2517138421535492,0.05494459718465805,0.9981763362884521,CapturedFrames_-3.0_1.0_1.0/video.mp4#frame=47
47,LEFT_KNEE,0.5994636416435242,0.38134777545928955,-0.062355898320674896,0.9867061972618103,CapturedFrames_-3.0_1.0_1.0/video.mp4#frame=47
47,RIGHT_KNEE,0.562800943851471,0.35246512293815613,0.04160728678107262,0.8728667497634888,CapturedFrames_-3.0_1.0_1.0/video.mp4#frame=47
47,LEFT_ANKLE,0.6070064306259155,0.47639000415802,0.03089500591158867,0.9743951559066772,CapturedFrames_-3.0_1.0_1.0/video.mp4#frame=47
47,RIGHT_ANKLE,0.5995950102806091,0.4344150424003601,0.1495846062898636,0.7707443833351135,CapturedFrames_-3.0_1.0_1.0/video.mp4#frame=47
47,LEFT_HEEL,0.615524172782898,0.4992087185382843,0.03812061995267868,0.8806474208831787,CapturedFrames_-3.0_1.0_1.0/video.mp4#frame=47
47,RIGHT_HEEL,0.6071850657463074,0.44928744435310364,0.16013164818286896,0.7391036748886108,CapturedFrames_-3.0_1.0_1.0/video.mp4#frame=47
47,LEFT_FOOT_INDEX,0.5806586742401123,0.5043035745620728,-0.006360766477882862,0.9507244825363159,CapturedFrames_-3.0_1.0_1.0/video.mp4#frame=47
47,RIGHT_FOOT_INDEX,0.5806800127029419,0.4755503833293915,0.15261715650558472,0.7881128191947937,CapturedFrames_-3.0_1.0_1.0/video.mp4#frame=47
48,NOSE,0.5891156196594238,0.015191526152193546,-0.11809215694665909,0.9988184571266174,CapturedFrames_-3.0_1.0_1.0/video.mp4#frame=48
48,LEFT_EYE_INNER,0.5929705500602722,0.0001201629638671875,-0.13230691850185394,0.9983285069465637,CapturedFrames_-3.0_1.0_1.0/video.mp4#frame=48
48,LEFT_EYE,0.5943243503570557,-0.000622868537902832,-0.1323222517967224,0.9988994598388672,CapturedFrames_-3.0_1.0_1.0/video.mp4#frame=48
48,LEFT_EYE_OUTER,0.59571772813797,-0.0012756586074829102,-0.13236410915851593,0.9991531372070312,CapturedFrames_-3.0_1.0_1.0/video.mp4#frame=48
48,RIGHT_EYE_INNER,0.5911794900894165,0.0008819103240966797,-0.11241020262241364,0.9973577857017517,CapturedFrames_-3.0_1.0_1.0/video.mp4#frame=48
48,RIGHT_EYE,0.5913063883781433,0.000573575496673584,-0.11240361630916595,0.9973534345626831,CapturedFrames_-3.0_1.0_1.0/video.mp4#frame=48
48,RIGHT_EYE_OUTER,0.5914227962493896,0.00022932887077331543,-0.1124497503042221,0.9970097541809082,CapturedFrames_-3.0_1.0_1.0/video.mp4#frame=48
48,LEFT_EAR,0.6047020554542542,0.001655489206314087,-0.1614886224269867,0.999222993850708,CapturedFrames_-3.0_1.0_1.0/video.mp4#frame=48
48,RIGHT_EAR,0.5995039939880371,0.0017470717430114746,-0.07148848474025726,0.9960724115371704,CapturedFrames_-3.0_1.0_1.0/video.mp4#frame=48
48,MOUTH_LEFT,0.5945507287979126,0.025295287370681763,-0.12590910494327545,0.9992923736572266,CapturedFrames_-3.0_1.0_1.0/video.mp4#frame=48
48,MOUTH_RIGHT,0.5917924046516418,0.02535662055015564,-0.09986995160579681,0.9971930384635925,CapturedFrames_-3.0_1.0_1.0/video.mp4#frame=48
48,LEFT_SHOULDER,0.6243041753768921,0.07028412818908691,-0.19691409170627594,0.9999891519546509,CapturedFrames_-3.0_1.0_1.0/video.mp4#frame=48
48,RIGHT_SHOULDER,0.6009388566017151,0.0670381486415863,-0.0004881939967162907,0.9980815649032593,CapturedFrames_-3.0_1.0_1.0/video.mp4#frame=48
48,LEFT_ELBOW,0.6160330176353455,0.17706458270549774,-0.20528563857078552,0.9958652257919312,CapturedFrames_-3.0_1.0_1.0/video.mp4#frame=48
48,RIGHT_ELBOW,0.5973458290100098,0.16194164752960205,0.04062088206410408,0.08498938381671906,CapturedFrames_-3.0_1.0_1.0/video.mp4#frame=48
48,LEFT_WRIST,0.5914480090141296,0.2589062750339508,-0.1782868653535843,0.9915876984596252,CapturedFrames_-3.0_1.0_1.0/video.mp4#frame=48
48,RIGHT_WRIST,0.5857315063476562,0.23421692848205566,0.01372228842228651,0.17312434315681458,CapturedFrames_-3.0_1.0_1.0/video.mp4#frame=48
48,LEFT_PINKY,0.5889885425567627,0.2881956100463867,-0.19515033066272736,0.9822176098823547,CapturedFrames_-3.0_1.0_1.0/video.mp4#frame=48
48,RIGHT_PINKY,0.5815918445587158,0.2602721154689789,0.009218188002705574,0.18119867146015167,CapturedFrames_-3.0_1.0_1.0/video.mp4#frame=48
48,LEFT_INDEX,0.583099365234375,0.28468969464302063,-0.19995161890983582,0.9807832837104797,CapturedFrames_-3.0_1.0_1.0/video.mp4#frame=48
48,RIGHT_INDEX,0.5813412070274353,0.2640693187713623,-0.009448211640119553,0.18195204436779022,CapturedFrames_-3.0_1.0_1.0/video.mp4#frame=48
48,LEFT_THUMB,0.5833740830421448,0.2760850787162781,-0.17769725620746613,0.9694916605949402,CapturedFrames_-3.0_1.0_1.0/video.mp4#frame=48
48,RIGHT_THUMB,0.5829936861991882,0.25460678339004517,0.004219193011522293,0.1864965856075287,CapturedFrames_-3.0_1.0_1.0/video.mp4#frame=48
48,LEFT_HIP,0.6125693917274475,0.25093430280685425,-0.0572565421462059,0.9995906949043274,CapturedFrames_-3.0_1.0_1.0/video.mp4#frame=48
48,RIGHT_HIP,0.5919325947761536,0.2461843490600586,0.0572090670466423,0.9987577199935913,CapturedFrames_-3.0_1.0_1.0/video.mp4#frame=48
48,LEFT_KNEE,0.5992204546928406,0.37294209003448486,-0.040728576481342316,0.9939925074577332,CapturedFrames_-3.0_1.0_1.0/video.mp4#frame=48
48,RIGHT_KNEE,0.5510392189025879,0.3427355885505676,0.0820162296295166,0.9218456149101257,CapturedFrames_-3.0_1.0_1.0/video.mp4#frame=48
48,LEFT_ANKLE,0.6070241928100586,0.48476076126098633,0.03509347885847092,0.990100085735321,CapturedFrames_-3.0_1.0_1.0/video.mp4#frame=48
48,RIGHT_ANKLE,0.5824931859970093,0.4305563271045685,0.19741813838481903,0.8719431757926941,CapturedFrames_-3.0_1.0_1.0/video.mp4#frame=48
48,LEFT_HEEL,0.6138044595718384,0.5063216090202332,0.038632914423942566,0.881432056427002,CapturedFrames_-3.0_1.0_1.0/video.mp4#frame=48
48,RIGHT_HEEL,0.5922761559486389,0.4447239637374878,0.20714707672595978,0.7838149070739746,CapturedFrames_-3.0_1.0_1.0/video.mp4#frame=48
48,LEFT_FOOT_INDEX,0.5736645460128784,0.5083048343658447,-0.027089815586805344,0.9765634536743164,CapturedFrames_-3.0_1.0_1.0/video.mp4#frame=48
48,RIGHT_FOOT_INDEX,0.558588445186615,0.4701940417289734,0.19123077392578125,0.8942631483078003,CapturedFrames_-3.0_1.0_1.0/video.mp4#frame=48
49,NOSE,0.578087329864502,0.02089916169643402,-0.14303328096866608,0.9988177418708801,CapturedFrames_-3.0_1.0_1.0/video.mp4#frame=49
49,LEFT_EYE_INNER,0.5811529159545898,0.008101046085357666,-0.15749600529670715,0.9984026551246643,CapturedFrames_-3.0_1.0_1.0/video.mp4#frame=49
49,LEFT_EYE,0.5825455188751221,0.007659435272216797,-0.15750469267368317,0.9987290501594543,CapturedFrames_-3.0_1.0_1.0/video.mp4#frame=49
49,LEFT_EYE_OUTER,0.583988606929779,0.00722697377204895,-0.15753553807735443,0.9990409016609192,CapturedFrames_-3.0_1.0_1.0/video.mp4#frame=49
49,RIGHT_EYE_INNER,0.579197108745575,0.008089631795883179,-0.1352616548538208,0.9979925155639648,CapturedFrames_-3.0_1.0_1.0/video.mp4#frame=49
49,RIGHT_EYE,0.5793086290359497,0.007696390151977539,-0.13526257872581482,0.9979692101478577,CapturedFrames_-3.0_1.0_1.0/video.mp4#frame=49
49,RIGHT_EYE_OUTER,0.5794735550880432,0.00717473030090332,-0.13530325889587402,0.9980360865592957,CapturedFrames_-3.0_1.0_1.0/video.mp4#frame=49
49,LEFT_EAR,0.5942544341087341,0.009406328201293945,-0.18251465260982513,0.9990781545639038,CapturedFrames_-3.0_1.0_1.0/video.mp4#frame=49
49,RIGHT_EAR,0.5886690020561218,0.008479595184326172,-0.08220595121383667,0.9967294931411743,CapturedFrames_-3.0_1.0_1.0/video.mp4#frame=49
49,MOUTH_LEFT,0.5837764143943787,0.030125662684440613,-0.14932295680046082,0.9988573789596558,CapturedFrames_-3.0_1.0_1.0/video.mp4#frame=49
49,MOUTH_RIGHT,0.5810024738311768,0.029908759519457817,-0.1203448548913002,0.9967880249023438,CapturedFrames_-3.0_1.0_1.0/video.mp4#frame=49
49,LEFT_SHOULDER,0.6135243773460388,0.0804983377456665,-0.21489456295967102,0.9999512434005737,CapturedFrames_-3.0_1.0_1.0/video.mp4#frame=49
49,RIGHT_SHOULDER,0.5941333770751953,0.07020483911037445,-0.0019475065637379885,0.9984997510910034,CapturedFrames_-3.0_1.0_1.0/video.mp4#frame=49
49,LEFT_ELBOW,0.6024857759475708,0.1824752241373062,-0.23247389495372772,0.9929206967353821,CapturedFrames_-3.0_1.0_1.0/video.mp4#frame=49
49,RIGHT_ELBOW,0.5929756164550781,0.16533061861991882,0.03794277086853981,0.040525272488594055,CapturedFrames_-3.0_1.0_1.0/video.mp4#frame=49
49,LEFT_WRIST,0.5726231336593628,0.24872222542762756,-0.20569376647472382,0.9720379710197449,CapturedFrames_-3.0_1.0_1.0/video.mp4#frame=49
49,RIGHT_WRIST,0.5800380110740662,0.24251866340637207,0.00014624468167312443,0.07629471272230148,CapturedFrames_-3.0_1.0_1.0/video.mp4#frame=49
49,LEFT_PINKY,0.567046582698822,0.27207598090171814,-0.2248809039592743,0.9421802759170532,CapturedFrames_-3.0_1.0_1.0/video.mp4#frame=49
49,RIGHT_PINKY,0.5738731026649475,0.26619410514831543,-0.0042678252793848515,0.08232882618904114,CapturedFrames_-3.0_1.0_1.0/video.mp4#frame=49
49,LEFT_INDEX,0.5643463134765625,0.2692496180534363,-0.2248411625623703,0.9384953379631042,CapturedFrames_-3.0_1.0_1.0/video.mp4#frame=49
49,RIGHT_INDEX,0.5736400485038757,0.26542213559150696,-0.02540801838040352,0.08363370597362518,CapturedFrames_-3.0_1.0_1.0/video.mp4#frame=49
49,LEFT_THUMB,0.5657103657722473,0.26392510533332825,-0.2037825584411621,0.8985353112220764,CapturedFrames_-3.0_1.0_1.0/video.mp4#frame=49
49,RIGHT_THUMB,0.575447142124176,0.2589922845363617,-0.010711570270359516,0.08678422123193741,CapturedFrames_-3.0_1.0_1.0/video.mp4#frame=49
49,LEFT_HIP,0.6043665409088135,0.24453513324260712,-0.060620058327913284,0.9994762539863586,CapturedFrames_-3.0_1.0_1.0/video.mp4#frame=49
49,RIGHT_HIP,0.5834295749664307,0.2393815815448761,0.06055128574371338,0.9990680813789368,CapturedFrames_-3.0_1.0_1.0/video.mp4#frame=49
49,LEFT_KNEE,0.5952434539794922,0.37168771028518677,-0.05502431467175484,0.9874057173728943,CapturedFrames_-3.0_1.0_1.0/video.mp4#frame=49
49,RIGHT_KNEE,0.5374101996421814,0.33307284116744995,0.05556562542915344,0.9333838224411011,CapturedFrames_-3.0_1.0_1.0/video.mp4#frame=49
49,LEFT_ANKLE,0.606367826461792,0.48491787910461426,0.015151393599808216,0.9882025122642517,CapturedFrames_-3.0_1.0_1.0/video.mp4#frame=49
49,RIGHT_ANKLE,0.5612291097640991,0.43865713477134705,0.15201549232006073,0.9155211448669434,CapturedFrames_-3.0_1.0_1.0/video.mp4#frame=49
49,LEFT_HEEL,0.6145103573799133,0.5087765455245972,0.01825348101556301,0.8696122169494629,CapturedFrames_-3.0_1.0_1.0/video.mp4#frame=49
49,RIGHT_HEEL,0.5662257671356201,0.45563560724258423,0.1592833548784256,0.8515152335166931,CapturedFrames_-3.0_1.0_1.0/video.mp4#frame=49
49,LEFT_FOOT_INDEX,0.5790401101112366,0.5123770236968994,-0.04900182783603668,0.9750633239746094,CapturedFrames_-3.0_1.0_1.0/video.mp4#frame=49
49,RIGHT_FOOT_INDEX,0.5298610925674438,0.4676976799964905,0.13264721632003784,0.9175637364387512,CapturedFrames_-3.0_1.0_1.0/video.mp4#frame=49
50,NOSE,0.56798255443573,0.02005980908870697,-0.13639722764492035,0.9988341927528381,CapturedFrames_-3.0_1.0_1.0/video.mp4#frame=50
50,LEFT_EYE_INNER,0.5708637237548828,0.007187217473983765,-0.1510113775730133,0.9983591437339783,CapturedFrames_-3.0_1.0_1.0/video.mp4#frame=50
50,LEFT_EYE,0.5722127556800842,0.00683842645958066,-0.15103210508823395,0.9986644983291626,CapturedFrames_-3.0_1.0_1.0/video.mp4#frame=50
50,LEFT_EYE_OUTER,0.5736184120178223,0.006505622994154692,-0.15105286240577698,0.9989182949066162,CapturedFrames_-3.0_1.0_1.0/video.mp4#frame=50
50,RIGHT_EYE_INNER,0.5689176321029663,0.0070428550243377686,-0.1287684440612793,0.9983123540878296,CapturedFrames_-3.0_1.0_1.0/video.mp4#frame=50
50,RIGHT_EYE,0.5690106749534607,0.006611853837966919,-0.12876173853874207,0.9981855750083923,CapturedFrames_-3.0_1.0_1.0/video.mp4#frame=50
50,RIGHT_EYE_OUTER,0.5691317319869995,0.0060373093001544476,-0.12880438566207886,0.9981414079666138,CapturedFrames_-3.0_1.0_1.0/video.mp4#frame=50
50,LEFT_EAR,0.5833938121795654,0.008688613772392273,-0.174054354429245,0.9991262555122375,CapturedFrames_-3.0_1.0_1.0/video.mp4#frame=50
50,RIGHT_EAR,0.5782830119132996,0.00726909888908267,-0.07337948679924011,0.9962485432624817,CapturedFrames_-3.0_1.0_1.0/video.mp4#frame=50
50,MOUTH_LEFT,0.573330283164978,0.029461652040481567,-0.14169271290302277,0.9988347887992859,CapturedFrames_-3.0_1.0_1.0/video.mp4#frame=50
50,MOUTH_RIGHT,0.5704523921012878,0.02912570722401142,-0.11264295876026154,0.9972226619720459,CapturedFrames_-3.0_1.0_1.0/video.mp4#frame=50
50,LEFT_SHOULDER,0.6005023717880249,0.07762549817562103,-0.21172228455543518,0.9999485015869141,CapturedFrames_-3.0_1.0_1.0/video.mp4#frame=50
50,RIGHT_SHOULDER,0.5852727890014648,0.06581871211528778,0.014671397395431995,0.9987455606460571,CapturedFrames_-3.0_1.0_1.0/video.mp4#frame=50
50,LEFT_ELBOW,0.5885881781578064,0.17905186116695404,-0.2289302796125412,0.9935089945793152,CapturedFrames_-3.0_1.0_1.0/video.mp4#frame=50
50,RIGHT_ELBOW,0.5858398675918579,0.16667108237743378,0.05059518665075302,0.025226766243577003,CapturedFrames_-3.0_1.0_1.0/video.mp4#frame=50
50,LEFT_WRIST,0.5542985200881958,0.2377256453037262,-0.19505034387111664,0.9713225960731506,CapturedFrames_-3.0_1.0_1.0/video.mp4#frame=50
50,RIGHT_WRIST,0.571942150592804,0.23931196331977844,0.0003212321607861668,0.055939190089702606,CapturedFrames_-3.0_1.0_1.0/video.mp4#frame=50
50,LEFT_PINKY,0.5482935905456543,0.25994235277175903,-0.2147194892168045,0.9410251975059509,CapturedFrames_-3.0_1.0_1.0/video.mp4#frame=50
50,RIGHT_PINKY,0.566947340965271,0.2596795856952667,-0.0052147600799798965,0.06408458948135376,CapturedFrames_-3.0_1.0_1.0/video.mp4#frame=50
50,LEFT_INDEX,0.5452930331230164,0.2584100663661957,-0.2142927646636963,0.9379546046257019,CapturedFrames_-3.0_1.0_1.0/video.mp4#frame=50
50,RIGHT_INDEX,0.5664123892784119,0.2594344913959503,-0.027504581958055496,0.06534416228532791,CapturedFrames_-3.0_1.0_1.0/video.mp4#frame=50
50,LEFT_THUMB,0.5466975569725037,0.25306209921836853,-0.19264334440231323,0.8937769532203674,CapturedFrames_-3.0_1.0_1.0/video.mp4#frame=50
50,RIGHT_THUMB,0.5673492550849915,0.2539999186992645,-0.011193879880011082,0.06580305099487305,CapturedFrames_-3.0_1.0_1.0/video.mp4#frame=50
50,LEFT_HIP,0.5956509709358215,0.24560929834842682,-0.06428886950016022,0.9995077848434448,CapturedFrames_-3.0_1.0_1.0/video.mp4#frame=50
50,RIGHT_HIP,0.573675274848938,0.2383534163236618,0.06425295770168304,0.9991751313209534,CapturedFrames_-3.0_1.0_1.0/video.mp4#frame=50
50,LEFT_KNEE,0.5933429002761841,0.3697381019592285,-0.051308561116456985,0.9940633177757263,CapturedFrames_-3.0_1.0_1.0/video.mp4#frame=50
50,RIGHT_KNEE,0.5291337966918945,0.3310115933418274,0.09052550047636032,0.9569659233093262,CapturedFrames_-3.0_1.0_1.0/video.mp4#frame=50
50,LEFT_ANKLE,0.6086243391036987,0.4832342267036438,0.013570589013397694,0.9955612421035767,CapturedFrames_-3.0_1.0_1.0/video.mp4#frame=50
50,RIGHT_ANKLE,0.5395150184631348,0.4437624514102936,0.19133225083351135,0.9703149795532227,CapturedFrames_-3.0_1.0_1.0/video.mp4#frame=50
50,LEFT_HEEL,0.61554354429245,0.5049097537994385,0.015563925728201866,0.9344984889030457,CapturedFrames_-3.0_1.0_1.0/video.mp4#frame=50
50,RIGHT_HEEL,0.5458714962005615,0.464156836271286,0.19796612858772278,0.928156316280365,CapturedFrames_-3.0_1.0_1.0/video.mp4#frame=50
50,LEFT_FOOT_INDEX,0.5790116190910339,0.5057618618011475,-0.0568099319934845,0.9915019273757935,CapturedFrames_-3.0_1.0_1.0/video.mp4#frame=50
50,RIGHT_FOOT_INDEX,0.5061954259872437,0.4616566002368927,0.1646837443113327,0.9681159853935242,CapturedFrames_-3.0_1.0_1.0/video.mp4#frame=50
51,NOSE,0.5559524893760681,0.012925653718411922,-0.11761602014303207,0.9993901252746582,CapturedFrames_-3.0_1.0_1.0/video.mp4#frame=51
51,LEFT_EYE_INNER,0.5589565634727478,0.0010873973369598389,-0.1333392709493637,0.9991918206214905,CapturedFrames_-3.0_1.0_1.0/video.mp4#frame=51
51,LEFT_EYE,0.5600302815437317,0.0007770657539367676,-0.13337114453315735,0.9993392825126648,CapturedFrames_-3.0_1.0_1.0/video.mp4#frame=51
51,LEFT_EYE_OUTER,0.5610771179199219,0.0005456805229187012,-0.1333920955657959,0.99944669008255,CapturedFrames_-3.0_1.0_1.0/video.mp4#frame=51
51,RIGHT_EYE_INNER,0.5578278303146362,0.0017514526844024658,-0.10973461717367172,0.9991503953933716,CapturedFrames_-3.0_1.0_1.0/video.mp4#frame=51
51,RIGHT_EYE,0.5581439733505249,0.0017048418521881104,-0.10972410440444946,0.9991466999053955,CapturedFrames_-3.0_1.0_1.0/video.mp4#frame=51
51,RIGHT_EYE_OUTER,0.558465838432312,0.0014982819557189941,-0.10977168381214142,0.9991728663444519,CapturedFrames_-3.0_1.0_1.0/video.mp4#frame=51
51,LEFT_EAR,0.5703030824661255,0.0051590800285339355,-0.16542616486549377,0.9996531009674072,CapturedFrames_-3.0_1.0_1.0/video.mp4#frame=51
51,RIGHT_EAR,0.5677671432495117,0.0034824907779693604,-0.05844936519861221,0.9985170960426331,CapturedFrames_-3.0_1.0_1.0/video.mp4#frame=51
51,MOUTH_LEFT,0.5609747767448425,0.02348281629383564,-0.1265706866979599,0.9994749426841736,CapturedFrames_-3.0_1.0_1.0/video.mp4#frame=51
51,MOUTH_RIGHT,0.5592989325523376,0.023880839347839355,-0.09574080258607864,0.9987959861755371,CapturedFrames_-3.0_1.0_1.0/video.mp4#frame=51
51,LEFT_SHOULDER,0.5872194170951843,0.07369187474250793,-0.21087774634361267,0.9999808073043823,CapturedFrames_-3.0_1.0_1.0/video.mp4#frame=51
51,RIGHT_SHOULDER,0.5784379839897156,0.0664873868227005,0.029662663117051125,0.9995682835578918,CapturedFrames_-3.0_1.0_1.0/video.mp4#frame=51
51,LEFT_ELBOW,0.5740325450897217,0.17579752206802368,-0.22270610928535461,0.9955109357833862,CapturedFrames_-3.0_1.0_1.0/video.mp4#frame=51
51,RIGHT_ELBOW,0.5731913447380066,0.1651868224143982,0.06357287615537643,0.04394105076789856,CapturedFrames_-3.0_1.0_1.0/video.mp4#frame=51
51,LEFT_WRIST,0.5340780019760132,0.2266480177640915,-0.18078285455703735,0.9824089407920837,CapturedFrames_-3.0_1.0_1.0/video.mp4#frame=51
51,RIGHT_WRIST,0.5573896169662476,0.2329462617635727,0.009665623307228088,0.08766591548919678,CapturedFrames_-3.0_1.0_1.0/video.mp4#frame=51
51,LEFT_PINKY,0.5267276167869568,0.24905727803707123,-0.201303631067276,0.9633918404579163,CapturedFrames_-3.0_1.0_1.0/video.mp4#frame=51
51,RIGHT_PINKY,0.5529386401176453,0.25062328577041626,0.0033726883120834827,0.08824926614761353,CapturedFrames_-3.0_1.0_1.0/video.mp4#frame=51
51,LEFT_INDEX,0.5236033201217651,0.2496284693479538,-0.20156101882457733,0.9620534777641296,CapturedFrames_-3.0_1.0_1.0/video.mp4#frame=51
51,RIGHT_INDEX,0.5492900609970093,0.2537703812122345,-0.017858099192380905,0.09255094081163406,CapturedFrames_-3.0_1.0_1.0/video.mp4#frame=51
51,LEFT_THUMB,0.5263603925704956,0.24397246539592743,-0.17841209471225739,0.9271538257598877,CapturedFrames_-3.0_1.0_1.0/video.mp4#frame=51
51,RIGHT_THUMB,0.5518971085548401,0.2464543730020523,-0.0014939513057470322,0.09019780158996582,CapturedFrames_-3.0_1.0_1.0/video.mp4#frame=51
51,LEFT_HIP,0.5860549807548523,0.24846376478672028,-0.06911878287792206,0.9996540546417236,CapturedFrames_-3.0_1.0_1.0/video.mp4#frame=51
51,RIGHT_HIP,0.5669358968734741,0.24103108048439026,0.06906861811876297,0.9996775388717651,CapturedFrames_-3.0_1.0_1.0/video.mp4#frame=51
51,LEFT_KNEE,0.5908157229423523,0.3661257326602936,-0.03154944255948067,0.9944944977760315,CapturedFrames_-3.0_1.0_1.0/video.mp4#frame=51
51,RIGHT_KNEE,0.5190449953079224,0.3338817358016968,0.07903030514717102,0.9701828956604004,CapturedFrames_-3.0_1.0_1.0/video.mp4#frame=51
51,LEFT_ANKLE,0.6084966659545898,0.4801603853702545,0.060205407440662384,0.9971005320549011,CapturedFrames_-3.0_1.0_1.0/video.mp4#frame=51
51,RIGHT_ANKLE,0.5141210556030273,0.452595591545105,0.16438904404640198,0.9867423176765442,CapturedFrames_-3.0_1.0_1.0/video.mp4#frame=51
51,LEFT_HEEL,0.6148362755775452,0.5019500255584717,0.06499889492988586,0.9335734248161316,CapturedFrames_-3.0_1.0_1.0/video.mp4#frame=51
51,RIGHT_HEEL,0.5204043388366699,0.477811336517334,0.16923955082893372,0.9601829648017883,CapturedFrames_-3.0_1.0_1.0/video.mp4#frame=51
51,LEFT_FOOT_INDEX,0.5791988372802734,0.504452109336853,-0.001961616100743413,0.9939804077148438,CapturedFrames_-3.0_1.0_1.0/video.mp4#frame=51
51,RIGHT_FOOT_INDEX,0.4826701581478119,0.4581841230392456,0.13362491130828857,0.984234631061554,CapturedFrames_-3.0_1.0_1.0/video.mp4#frame=51
52,NOSE,0.5468732118606567,0.01711861789226532,-0.09291838109493256,0.9993017911911011,CapturedFrames_-3.0_1.0_1.0/video.mp4#frame=52
52,LEFT_EYE_INNER,0.5488126873970032,0.004891127347946167,-0.10812995582818985,0.9991044402122498,CapturedFrames_-3.0_1.0_1.0/video.mp4#frame=52
52,LEFT_EYE,0.549712598323822,0.0047938525676727295,-0.1081702932715416,0.9992703795433044,CapturedFrames_-3.0_1.0_1.0/video.mp4#frame=52
52,LEFT_EYE_OUTER,0.5506302118301392,0.004837587475776672,-0.10818538814783096,0.9993840456008911,CapturedFrames_-3.0_1.0_1.0/video.mp4#frame=52
52,RIGHT_EYE_INNER,0.5481789708137512,0.005409121513366699,-0.08521725237369537,0.9990500807762146,CapturedFrames_-3.0_1.0_1.0/video.mp4#frame=52
52,RIGHT_EYE,0.5487044453620911,0.005509108304977417,-0.08520214259624481,0.9990237951278687,CapturedFrames_-3.0_1.0_1.0/video.mp4#frame=52
52,RIGHT_EYE_OUTER,0.5492393970489502,0.0055421143770217896,-0.08524207770824432,0.9990098476409912,CapturedFrames_-3.0_1.0_1.0/video.mp4#frame=52
52,LEFT_EAR,0.5599691271781921,0.009653285145759583,-0.14054067432880402,0.9995858073234558,CapturedFrames_-3.0_1.0_1.0/video.mp4#frame=52
52,RIGHT_EAR,0.5583957433700562,0.00849074125289917,-0.03726444020867348,0.9980633854866028,CapturedFrames_-3.0_1.0_1.0/video.mp4#frame=52
52,MOUTH_LEFT,0.5520225763320923,0.028465867042541504,-0.10206590592861176,0.9994175434112549,CapturedFrames_-3.0_1.0_1.0/video.mp4#frame=52
52,MOUTH_RIGHT,0.5505524277687073,0.02873597852885723,-0.07231971621513367,0.9987279772758484,CapturedFrames_-3.0_1.0_1.0/video.mp4#frame=52
52,LEFT_SHOULDER,0.5748574733734131,0.07339315116405487,-0.19527025520801544,0.9999847412109375,CapturedFrames_-3.0_1.0_1.0/video.mp4#frame=52
52,RIGHT_SHOULDER,0.5717340707778931,0.06733277440071106,0.05037195608019829,0.9993327260017395,CapturedFrames_-3.0_1.0_1.0/video.mp4#frame=52
52,LEFT_ELBOW,0.5588657855987549,0.17108510434627533,-0.2108643501996994,0.9984638690948486,CapturedFrames_-3.0_1.0_1.0/video.mp4#frame=52
52,RIGHT_ELBOW,0.5668470859527588,0.1603575050830841,0.0836256593465805,0.03650188073515892,CapturedFrames_-3.0_1.0_1.0/video.mp4#frame=52
52,LEFT_WRIST,0.5158584713935852,0.2182992696762085,-0.16868546605110168,0.9935585856437683,CapturedFrames_-3.0_1.0_1.0/video.mp4#frame=52
52,RIGHT_WRIST,0.5560077428817749,0.22760803997516632,0.031772512942552567,0.060854606330394745,CapturedFrames_-3.0_1.0_1.0/video.mp4#frame=52
52,LEFT_PINKY,0.5079923272132874,0.24169746041297913,-0.18923507630825043,0.984526515007019,CapturedFrames_-3.0_1.0_1.0/video.mp4#frame=52
52,RIGHT_PINKY,0.5566654801368713,0.24785223603248596,0.025982748717069626,0.06496942788362503,CapturedFrames_-3.0_1.0_1.0/video.mp4#frame=52
52,LEFT_INDEX,0.5058661699295044,0.24145185947418213,-0.1873106211423874,0.9841666221618652,CapturedFrames_-3.0_1.0_1.0/video.mp4#frame=52
52,RIGHT_INDEX,0.5542885065078735,0.24946849048137665,0.006686958484351635,0.06774671375751495,CapturedFrames_-3.0_1.0_1.0/video.mp4#frame=52
52,LEFT_THUMB,0.5076815485954285,0.23450028896331787,-0.16518856585025787,0.9657627940177917,CapturedFrames_-3.0_1.0_1.0/video.mp4#frame=52
52,RIGHT_THUMB,0.5537403225898743,0.24271002411842346,0.021488655358552933,0.06285325437784195,CapturedFrames_-3.0_1.0_1.0/video.mp4#frame=52
52,LEFT_HIP,0.5757880806922913,0.24933552742004395,-0.06802142411470413,0.999744713306427,CapturedFrames_-3.0_1.0_1.0/video.mp4#frame=52
52,RIGHT_HIP,0.5598338842391968,0.2444467693567276,0.06791998445987701,0.9997095465660095,CapturedFrames_-3.0_1.0_1.0/video.mp4#frame=52
52,LEFT_KNEE,0.5860801339149475,0.364773690700531,-0.020633263513445854,0.995439350605011,CapturedFrames_-3.0_1.0_1.0/video.mp4#frame=52
52,RIGHT_KNEE,0.513955295085907,0.3400340676307678,0.07542974501848221,0.9751140475273132,CapturedFrames_-3.0_1.0_1.0/video.mp4#frame=52
52,LEFT_ANKLE,0.607960045337677,0.4767535328865051,0.0673355907201767,0.9976581335067749,CapturedFrames_-3.0_1.0_1.0/video.mp4#frame=52
52,RIGHT_ANKLE,0.49825319647789,0.4536501169204712,0.14524869620800018,0.9904187321662903,CapturedFrames_-3.0_1.0_1.0/video.mp4#frame=52
52,LEFT_HEEL,0.6174642443656921,0.4971536099910736,0.07258397340774536,0.9595200419425964,CapturedFrames_-3.0_1.0_1.0/video.mp4#frame=52
52,RIGHT_HEEL,0.5015659928321838,0.4795904755592346,0.14880508184432983,0.9697473049163818,CapturedFrames_-3.0_1.0_1.0/video.mp4#frame=52
52,LEFT_FOOT_INDEX,0.5818188190460205,0.5027990341186523,0.012932839803397655,0.9955306649208069,CapturedFrames_-3.0_1.0_1.0/video.mp4#frame=52
52,RIGHT_FOOT_INDEX,0.465520441532135,0.45307132601737976,0.11395944654941559,0.9890347719192505,CapturedFrames_-3.0_1.0_1.0/video.mp4#frame=52
53,NOSE,0.5342483520507812,0.018720805644989014,-0.09769203513860703,0.9991301894187927,CapturedFrames_-3.0_1.0_1.0/video.mp4#frame=53
53,LEFT_EYE_INNER,0.5354489684104919,0.006691157817840576,-0.1138351708650589,0.9990215301513672,CapturedFrames_-3.0_1.0_1.0/video.mp4#frame=53
53,LEFT_EYE,0.5363742709159851,0.006707713473588228,-0.11387772858142853,0.9991337656974792,CapturedFrames_-3.0_1.0_1.0/video.mp4#frame=53
53,LEFT_EYE_OUTER,0.5372899770736694,0.006792530883103609,-0.11389867216348648,0.9992781281471252,CapturedFrames_-3.0_1.0_1.0/video.mp4#frame=53
53,RIGHT_EYE_INNER,0.5349053144454956,0.006585359573364258,-0.09016941487789154,0.9988960027694702,CapturedFrames_-3.0_1.0_1.0/video.mp4#frame=53
53,RIGHT_EYE,0.5355209708213806,0.0064247106201946735,-0.09017080813646317,0.9989548921585083,CapturedFrames_-3.0_1.0_1.0/video.mp4#frame=53
53,RIGHT_EYE_OUTER,0.5361509919166565,0.006182029377669096,-0.0902097076177597,0.9991025924682617,CapturedFrames_-3.0_1.0_1.0/video.mp4#frame=53
53,LEFT_EAR,0.5469440221786499,0.010255217552185059,-0.14876152575016022,0.999262273311615,CapturedFrames_-3.0_1.0_1.0/video.mp4#frame=53
53,RIGHT_EAR,0.544571042060852,0.008466824889183044,-0.04181556776165962,0.9978431463241577,CapturedFrames_-3.0_1.0_1.0/video.mp4#frame=53
53,MOUTH_LEFT,0.5395909547805786,0.030135348439216614,-0.10753152519464493,0.9991672039031982,CapturedFrames_-3.0_1.0_1.0/video.mp4#frame=53
53,MOUTH_RIGHT,0.5383881330490112,0.02998359501361847,-0.07678136974573135,0.9985737800598145,CapturedFrames_-3.0_1.0_1.0/video.mp4#frame=53
53,LEFT_SHOULDER,0.5636759400367737,0.07575711607933044,-0.1970106065273285,0.999954342842102,CapturedFrames_-3.0_1.0_1.0/video.mp4#frame=53
53,RIGHT_SHOULDER,0.5582523345947266,0.06382501125335693,0.041296880692243576,0.9994801878929138,CapturedFrames_-3.0_1.0_1.0/video.mp4#frame=53
53,LEFT_ELBOW,0.5444788932800293,0.17013102769851685,-0.2095661461353302,0.9971195459365845,CapturedFrames_-3.0_1.0_1.0/video.mp4#frame=53
53,RIGHT_ELBOW,0.5518086552619934,0.15519358217716217,0.07579317688941956,0.05881311744451523,CapturedFrames_-3.0_1.0_1.0/video.mp4#frame=53
53,LEFT_WRIST,0.4992232322692871,0.21333354711532593,-0.16471412777900696,0.986415684223175,CapturedFrames_-3.0_1.0_1.0/video.mp4#frame=53
53,RIGHT_WRIST,0.5417541861534119,0.22264085710048676,0.028202679008245468,0.07189235091209412,CapturedFrames_-3.0_1.0_1.0/video.mp4#frame=53
53,LEFT_PINKY,0.490622341632843,0.2312747985124588,-0.18575111031532288,0.970565140247345,CapturedFrames_-3.0_1.0_1.0/video.mp4#frame=53
53,RIGHT_PINKY,0.5403026342391968,0.23948296904563904,0.02333877980709076,0.07380020618438721,CapturedFrames_-3.0_1.0_1.0/video.mp4#frame=53
53,LEFT_INDEX,0.48849743604660034,0.2288515567779541,-0.1814819574356079,0.969860315322876,CapturedFrames_-3.0_1.0_1.0/video.mp4#frame=53
53,RIGHT_INDEX,0.5403786897659302,0.2371455281972885,0.0029812613502144814,0.07754632085561752,CapturedFrames_-3.0_1.0_1.0/video.mp4#frame=53
53,LEFT_THUMB,0.4912583827972412,0.2233072966337204,-0.16068154573440552,0.9382483959197998,CapturedFrames_-3.0_1.0_1.0/video.mp4#frame=53
53,RIGHT_THUMB,0.5411087274551392,0.23128001391887665,0.017964063212275505,0.070913165807724,CapturedFrames_-3.0_1.0_1.0/video.mp4#frame=53
53,LEFT_HIP,0.5664567351341248,0.25052064657211304,-0.06332264095544815,0.9997101426124573,CapturedFrames_-3.0_1.0_1.0/video.mp4#frame=53
53,RIGHT_HIP,0.5512272715568542,0.2452080249786377,0.0632416307926178,0.9997181296348572,CapturedFrames_-3.0_1.0_1.0/video.mp4#frame=53
53,LEFT_KNEE,0.5848252773284912,0.3658618628978729,0.0030069935601204634,0.9944090247154236,CapturedFrames_-3.0_1.0_1.0/video.mp4#frame=53
53,RIGHT_KNEE,0.510533332824707,0.35319775342941284,0.0854080319404602,0.9770150184631348,CapturedFrames_-3.0_1.0_1.0/video.mp4#frame=53
53,LEFT_ANKLE,0.6080081462860107,0.4730311930179596,0.10258016735315323,0.9967920184135437,CapturedFrames_-3.0_1.0_1.0/video.mp4#frame=53
53,RIGHT_ANKLE,0.4863136410713196,0.4582476019859314,0.13877931237220764,0.9894484281539917,CapturedFrames_-3.0_1.0_1.0/video.mp4#frame=53
53,LEFT_HEEL,0.6166273355484009,0.4917406439781189,0.1092972606420517,0.9450830221176147,CapturedFrames_-3.0_1.0_1.0/video.mp4#frame=53
53,RIGHT_HEEL,0.48814624547958374,0.4868914783000946,0.1413148194551468,0.9574092030525208,CapturedFrames_-3.0_1.0_1.0/video.mp4#frame=53
53,LEFT_FOOT_INDEX,0.5807098150253296,0.5013142228126526,0.052717424929142,0.993226945400238,CapturedFrames_-3.0_1.0_1.0/video.mp4#frame=53
53,RIGHT_FOOT_INDEX,0.45330071449279785,0.45248734951019287,0.10577614605426788,0.9884782433509827,CapturedFrames_-3.0_1.0_1.0/video.mp4#frame=53
54,NOSE,0.521543025970459,0.021623924374580383,-0.0981275737285614,0.9992675185203552,CapturedFrames_-3.0_1.0_1.0/video.mp4#frame=54
54,LEFT_EYE_INNER,0.5239768624305725,0.008517876267433167,-0.11407272517681122,0.9991525411605835,CapturedFrames_-3.0_1.0_1.0/video.mp4#frame=54
54,LEFT_EYE,0.5251766443252563,0.008443370461463928,-0.11411713063716888,0.999254047870636,CapturedFrames_-3.0_1.0_1.0/video.mp4#frame=54
54,LEFT_EYE_OUTER,0.5264357328414917,0.008377164602279663,-0.1141359955072403,0.9993900060653687,CapturedFrames_-3.0_1.0_1.0/video.mp4#frame=54
54,RIGHT_EYE_INNER,0.5229595303535461,0.00814366340637207,-0.09062550216913223,0.9991635084152222,CapturedFrames_-3.0_1.0_1.0/video.mp4#frame=54
54,RIGHT_EYE,0.523499071598053,0.007780745159834623,-0.09062736481428146,0.9991863369941711,CapturedFrames_-3.0_1.0_1.0/video.mp4#frame=54
54,RIGHT_EYE_OUTER,0.5241119265556335,0.007302135229110718,-0.09066173434257507,0.9992924928665161,CapturedFrames_-3.0_1.0_1.0/video.mp4#frame=54
54,LEFT_EAR,0.5365700721740723,0.010961979627609253,-0.14754866063594818,0.9993357062339783,CapturedFrames_-3.0_1.0_1.0/video.mp4#frame=54
54,RIGHT_EAR,0.534115731716156,0.009022101759910583,-0.041465263813734055,0.9982543587684631,CapturedFrames_-3.0_1.0_1.0/video.mp4#frame=54
54,MOUTH_LEFT,0.5267621874809265,0.031778380274772644,-0.10719923675060272,0.9991366267204285,CapturedFrames_-3.0_1.0_1.0/video.mp4#frame=54
54,MOUTH_RIGHT,0.5254355072975159,0.03173162043094635,-0.07678187638521194,0.9986775517463684,CapturedFrames_-3.0_1.0_1.0/video.mp4#frame=54
54,LEFT_SHOULDER,0.5504825711250305,0.08007603883743286,-0.19839632511138916,0.9999520778656006,CapturedFrames_-3.0_1.0_1.0/video.mp4#frame=54
54,RIGHT_SHOULDER,0.548791766166687,0.06500226259231567,0.044479940086603165,0.9995676875114441,CapturedFrames_-3.0_1.0_1.0/video.mp4#frame=54
54,LEFT_ELBOW,0.5333793759346008,0.17061834037303925,-0.2128518521785736,0.997589111328125,CapturedFrames_-3.0_1.0_1.0/video.mp4#frame=54
54,RIGHT_ELBOW,0.5456663966178894,0.15107564628124237,0.07983171939849854,0.05436090752482414,CapturedFrames_-3.0_1.0_1.0/video.mp4#frame=54
54,LEFT_WRIST,0.4874874949455261,0.21258091926574707,-0.16336455941200256,0.9863540530204773,CapturedFrames_-3.0_1.0_1.0/video.mp4#frame=54
54,RIGHT_WRIST,0.5440381765365601,0.22583255171775818,0.03160523250699043,0.05714760348200798,CapturedFrames_-3.0_1.0_1.0/video.mp4#frame=54
54,LEFT_PINKY,0.4781971871852875,0.22986920177936554,-0.18364517390727997,0.9685657024383545,CapturedFrames_-3.0_1.0_1.0/video.mp4#frame=54
54,RIGHT_PINKY,0.5434333086013794,0.24443496763706207,0.025417590513825417,0.058036044239997864,CapturedFrames_-3.0_1.0_1.0/video.mp4#frame=54
54,LEFT_INDEX,0.4761360287666321,0.2267131805419922,-0.1790301501750946,0.9675593376159668,CapturedFrames_-3.0_1.0_1.0/video.mp4#frame=54
54,RIGHT_INDEX,0.5438466668128967,0.24223531782627106,0.005967726465314627,0.060649022459983826,CapturedFrames_-3.0_1.0_1.0/video.mp4#frame=54
54,LEFT_THUMB,0.4789356589317322,0.22146956622600555,-0.15901772677898407,0.9323399066925049,CapturedFrames_-3.0_1.0_1.0/video.mp4#frame=54
54,RIGHT_THUMB,0.5442677140235901,0.23579706251621246,0.021592089906334877,0.05356462672352791,CapturedFrames_-3.0_1.0_1.0/video.mp4#frame=54
54,LEFT_HIP,0.55775386095047,0.25499725341796875,-0.06504777818918228,0.999695897102356,CapturedFrames_-3.0_1.0_1.0/video.mp4#frame=54
54,RIGHT_HIP,0.5411474704742432,0.24980121850967407,0.06496670842170715,0.9998227953910828,CapturedFrames_-3.0_1.0_1.0/video.mp4#frame=54
54,LEFT_KNEE,0.5815191864967346,0.36713743209838867,0.012434950098395348,0.9968923926353455,CapturedFrames_-3.0_1.0_1.0/video.mp4#frame=54
54,RIGHT_KNEE,0.5025619268417358,0.35381367802619934,0.058933746069669724,0.9885586500167847,CapturedFrames_-3.0_1.0_1.0/video.mp4#frame=54
54,LEFT_ANKLE,0.6085015535354614,0.47140198945999146,0.12392027676105499,0.9977593421936035,CapturedFrames_-3.0_1.0_1.0/video.mp4#frame=54
54,RIGHT_ANKLE,0.47906845808029175,0.46272605657577515,0.1136188954114914,0.9945017099380493,CapturedFrames_-3.0_1.0_1.0/video.mp4#frame=54
54,LEFT_HEEL,0.6179885864257812,0.49075737595558167,0.1316870003938675,0.9503312110900879,CapturedFrames_-3.0_1.0_1.0/video.mp4#frame=54
54,RIGHT_HEEL,0.4805665910243988,0.4923434853553772,0.11590056121349335,0.9690749049186707,CapturedFrames_-3.0_1.0_1.0/video.mp4#frame=54
54,LEFT_FOOT_INDEX,0.5817901492118835,0.5016608238220215,0.07152651250362396,0.9951537847518921,CapturedFrames_-3.0_1.0_1.0/video.mp4#frame=54
54,RIGHT_FOOT_INDEX,0.44608864188194275,0.46176135540008545,0.0753597691655159,0.9939483404159546,CapturedFrames_-3.0_1.0_1.0/video.mp4#frame=54
55,NOSE,0.5113459229469299,0.022334394976496696,-0.10250961780548096,0.9992445707321167,CapturedFrames_-3.0_1.0_1.0/video.mp4#frame=55
55,LEFT_EYE_INNER,0.5140269994735718,0.009274423122406006,-0.11929072439670563,0.9989155530929565,CapturedFrames_-3.0_1.0_1.0/video.mp4#frame=55
55,LEFT_EYE,0.5151084065437317,0.009148374199867249,-0.1193336620926857,0.99907386302948,CapturedFrames_-3.0_1.0_1.0/video.mp4#frame=55
55,LEFT_EYE_OUTER,0.5162379741668701,0.009019702672958374,-0.11934168636798859,0.9992051720619202,CapturedFrames_-3.0_1.0_1.0/video.mp4#frame=55
55,RIGHT_EYE_INNER,0.5131950378417969,0.008854076266288757,-0.09443823993206024,0.9989640712738037,CapturedFrames_-3.0_1.0_1.0/video.mp4#frame=55
55,RIGHT_EYE,0.5137627720832825,0.008388727903366089,-0.0944305881857872,0.9989713430404663,CapturedFrames_-3.0_1.0_1.0/video.mp4#frame=55
55,RIGHT_EYE_OUTER,0.5144289135932922,0.0077783167362213135,-0.09446686506271362,0.9990482926368713,CapturedFrames_-3.0_1.0_1.0/video.mp4#frame=55
55,LEFT_EAR,0.5263454914093018,0.011521950364112854,-0.155185267329216,0.9992308616638184,CapturedFrames_-3.0_1.0_1.0/video.mp4#frame=55
55,RIGHT_EAR,0.5243555903434753,0.008748933672904968,-0.04229283705353737,0.9975099563598633,CapturedFrames_-3.0_1.0_1.0/video.mp4#frame=55
55,MOUTH_LEFT,0.5166069269180298,0.03329826891422272,-0.11241906881332397,0.9990842342376709,CapturedFrames_-3.0_1.0_1.0/video.mp4#frame=55
55,MOUTH_RIGHT,0.5150799751281738,0.03313884139060974,-0.08007409423589706,0.9984846711158752,CapturedFrames_-3.0_1.0_1.0/video.mp4#frame=55
55,LEFT_SHOULDER,0.5415367484092712,0.07905110716819763,-0.20955725014209747,0.9999682903289795,CapturedFrames_-3.0_1.0_1.0/video.mp4#frame=55
55,RIGHT_SHOULDER,0.5397422313690186,0.06927551329135895,0.04907933995127678,0.9996045231819153,CapturedFrames_-3.0_1.0_1.0/video.mp4#frame=55
55,LEFT_ELBOW,0.5244706273078918,0.17297625541687012,-0.23128899931907654,0.997149646282196,CapturedFrames_-3.0_1.0_1.0/video.mp4#frame=55
55,RIGHT_ELBOW,0.5394375324249268,0.15899188816547394,0.08958698064088821,0.03754475340247154,CapturedFrames_-3.0_1.0_1.0/video.mp4#frame=55
55,LEFT_WRIST,0.48034754395484924,0.21481791138648987,-0.18111200630664825,0.9866004586219788,CapturedFrames_-3.0_1.0_1.0/video.mp4#frame=55
55,RIGHT_WRIST,0.5352644920349121,0.23073641955852509,0.04625125229358673,0.04872832074761391,CapturedFrames_-3.0_1.0_1.0/video.mp4#frame=55
55,LEFT_PINKY,0.46950817108154297,0.23243752121925354,-0.20128992199897766,0.9693158864974976,CapturedFrames_-3.0_1.0_1.0/video.mp4#frame=55
55,RIGHT_PINKY,0.5319129228591919,0.24848543107509613,0.03917907550930977,0.05094880983233452,CapturedFrames_-3.0_1.0_1.0/video.mp4#frame=55
55,LEFT_INDEX,0.46754351258277893,0.2286778837442398,-0.19798308610916138,0.9678273797035217,CapturedFrames_-3.0_1.0_1.0/video.mp4#frame=55
55,RIGHT_INDEX,0.5315533876419067,0.24673332273960114,0.019986595958471298,0.05364004150032997,CapturedFrames_-3.0_1.0_1.0/video.mp4#frame=55
55,LEFT_THUMB,0.47052663564682007,0.22339452803134918,-0.17726437747478485,0.9302783012390137,CapturedFrames_-3.0_1.0_1.0/video.mp4#frame=55
55,RIGHT_THUMB,0.5329137444496155,0.2406240850687027,0.0356699675321579,0.04894202947616577,CapturedFrames_-3.0_1.0_1.0/video.mp4#frame=55
55,LEFT_HIP,0.5485394597053528,0.2585165202617645,-0.07235508412122726,0.9997538924217224,CapturedFrames_-3.0_1.0_1.0/video.mp4#frame=55
55,RIGHT_HIP,0.5306525826454163,0.2541444003582001,0.07221639156341553,0.9999078512191772,CapturedFrames_-3.0_1.0_1.0/video.mp4#frame=55
55,LEFT_KNEE,0.5724369883537292,0.3701150119304657,0.028992319479584694,0.9981961846351624,CapturedFrames_-3.0_1.0_1.0/video.mp4#frame=55
55,RIGHT_KNEE,0.489616721868515,0.35420122742652893,0.04967466741800308,0.9942378997802734,CapturedFrames_-3.0_1.0_1.0/video.mp4#frame=55
55,LEFT_ANKLE,0.606776773929596,0.46916115283966064,0.1623687446117401,0.9989826083183289,CapturedFrames_-3.0_1.0_1.0/video.mp4#frame=55
55,RIGHT_ANKLE,0.47209587693214417,0.47233670949935913,0.12022805213928223,0.9974964261054993,CapturedFrames_-3.0_1.0_1.0/video.mp4#frame=55
55,LEFT_HEEL,0.6189069747924805,0.4850142300128937,0.1723756641149521,0.9524446725845337,CapturedFrames_-3.0_1.0_1.0/video.mp4#frame=55
55,RIGHT_HEEL,0.47670191526412964,0.4977729916572571,0.1236509457230568,0.9818742275238037,CapturedFrames_-3.0_1.0_1.0/video.mp4#frame=55
55,LEFT_FOOT_INDEX,0.580399751663208,0.5070022344589233,0.10354651510715485,0.9977396726608276,CapturedFrames_-3.0_1.0_1.0/video.mp4#frame=55
55,RIGHT_FOOT_INDEX,0.4389439523220062,0.47611409425735474,0.07544837146997452,0.9970816969871521,CapturedFrames_-3.0_1.0_1.0/video.mp4#frame=55
56,NOSE,0.499373197555542,0.016566202044487,-0.11964467912912369,0.9993558526039124,CapturedFrames_-3.0_1.0_1.0/video.mp4#frame=56
56,LEFT_EYE_INNER,0.5022025108337402,0.005805626045912504,-0.1359703242778778,0.999079704284668,CapturedFrames_-3.0_1.0_1.0/video.mp4#frame=56
56,LEFT_EYE,0.5034014582633972,0.0061352550983428955,-0.13601958751678467,0.999167799949646,CapturedFrames_-3.0_1.0_1.0/video.mp4#frame=56
56,LEFT_EYE_OUTER,0.5046588182449341,0.006507322657853365,-0.1360476166009903,0.9993158578872681,CapturedFrames_-3.0_1.0_1.0/video.mp4#frame=56
56,RIGHT_EYE_INNER,0.5011633038520813,0.004794090986251831,-0.11079510301351547,0.9991210103034973,CapturedFrames_-3.0_1.0_1.0/video.mp4#frame=56
56,RIGHT_EYE,0.5017111897468567,0.004371583461761475,-0.11078830063343048,0.9990672469139099,CapturedFrames_-3.0_1.0_1.0/video.mp4#frame=56
56,RIGHT_EYE_OUTER,0.5023319721221924,0.00392913818359375,-0.11082599312067032,0.9992095232009888,CapturedFrames_-3.0_1.0_1.0/video.mp4#frame=56
56,LEFT_EAR,0.5157844424247742,0.010969102382659912,-0.17001259326934814,0.9993278980255127,CapturedFrames_-3.0_1.0_1.0/video.mp4#frame=56
56,RIGHT_EAR,0.5126359462738037,0.007879778742790222,-0.05574275180697441,0.9982398748397827,CapturedFrames_-3.0_1.0_1.0/video.mp4#frame=56
56,MOUTH_LEFT,0.5049086809158325,0.030040502548217773,-0.12903627753257751,0.9992488026618958,CapturedFrames_-3.0_1.0_1.0/video.mp4#frame=56
56,MOUTH_RIGHT,0.503311812877655,0.02919025719165802,-0.09626692533493042,0.998820960521698,CapturedFrames_-3.0_1.0_1.0/video.mp4#frame=56
56,LEFT_SHOULDER,0.5316295623779297,0.08427508175373077,-0.2188926488161087,0.9999464750289917,CapturedFrames_-3.0_1.0_1.0/video.mp4#frame=56
56,RIGHT_SHOULDER,0.5277612209320068,0.07135967910289764,0.03507905825972557,0.9996252059936523,CapturedFrames_-3.0_1.0_1.0/video.mp4#frame=56
56,LEFT_ELBOW,0.5136613845825195,0.1818009912967682,-0.24531316757202148,0.9972726702690125,CapturedFrames_-3.0_1.0_1.0/video.mp4#frame=56
56,RIGHT_ELBOW,0.5263966917991638,0.16298481822013855,0.07391668856143951,0.040970951318740845,CapturedFrames_-3.0_1.0_1.0/video.mp4#frame=56
56,LEFT_WRIST,0.4686719477176666,0.2249668389558792,-0.20102563500404358,0.9839943647384644,CapturedFrames_-3.0_1.0_1.0/video.mp4#frame=56
56,RIGHT_WRIST,0.5244515538215637,0.2365405410528183,0.028190070763230324,0.04554084315896034,CapturedFrames_-3.0_1.0_1.0/video.mp4#frame=56
56,LEFT_PINKY,0.4593140482902527,0.24386979639530182,-0.2232944518327713,0.9645151495933533,CapturedFrames_-3.0_1.0_1.0/video.mp4#frame=56
56,RIGHT_PINKY,0.5232480764389038,0.25527578592300415,0.020562374964356422,0.04769542068243027,CapturedFrames_-3.0_1.0_1.0/video.mp4#frame=56
56,LEFT_INDEX,0.45713090896606445,0.23915697634220123,-0.2178642451763153,0.9626132249832153,CapturedFrames_-3.0_1.0_1.0/video.mp4#frame=56
56,RIGHT_INDEX,0.5236576795578003,0.2535061538219452,0.00106712244451046,0.04949307069182396,CapturedFrames_-3.0_1.0_1.0/video.mp4#frame=56
56,LEFT_THUMB,0.4598870277404785,0.233915314078331,-0.1965986043214798,0.9188838005065918,CapturedFrames_-3.0_1.0_1.0/video.mp4#frame=56
56,RIGHT_THUMB,0.524296760559082,0.24722988903522491,0.01777603290975094,0.04590195044875145,CapturedFrames_-3.0_1.0_1.0/video.mp4#frame=56
56,LEFT_HIP,0.5381048321723938,0.26141852140426636,-0.07140611112117767,0.9998273253440857,CapturedFrames_-3.0_1.0_1.0/video.mp4#frame=56
56,RIGHT_HIP,0.5217505693435669,0.2566577196121216,0.07129266858100891,0.9999275207519531,CapturedFrames_-3.0_1.0_1.0/video.mp4#frame=56
56,LEFT_KNEE,0.5628753900527954,0.3768242597579956,0.015055154450237751,0.9967353940010071,CapturedFrames_-3.0_1.0_1.0/video.mp4#frame=56
56,RIGHT_KNEE,0.47849616408348083,0.35504764318466187,0.037039171904325485,0.9915848970413208,CapturedFrames_-3.0_1.0_1.0/video.mp4#frame=56
56,LEFT_ANKLE,0.6035010814666748,0.46602973341941833,0.14429406821727753,0.9986515641212463,CapturedFrames_-3.0_1.0_1.0/video.mp4#frame=56
56,RIGHT_ANKLE,0.4680905342102051,0.476987361907959,0.11250214278697968,0.99631267786026,CapturedFrames_-3.0_1.0_1.0/video.mp4#frame=56
56,LEFT_HEEL,0.6153228282928467,0.4808200001716614,0.15391111373901367,0.9549575448036194,CapturedFrames_-3.0_1.0_1.0/video.mp4#frame=56
56,RIGHT_HEEL,0.47462645173072815,0.5039174556732178,0.11666364967823029,0.9806447625160217,CapturedFrames_-3.0_1.0_1.0/video.mp4#frame=56
56,LEFT_FOOT_INDEX,0.579395055770874,0.5089818239212036,0.08799470961093903,0.9967727065086365,CapturedFrames_-3.0_1.0_1.0/video.mp4#frame=56
56,RIGHT_FOOT_INDEX,0.4360501766204834,0.48865631222724915,0.07018870860338211,0.9956824779510498,CapturedFrames_-3.0_1.0_1.0/video.mp4#frame=56
57,NOSE,0.4893121123313904,0.021550744771957397,-0.09451764822006226,0.9995654225349426,CapturedFrames_-3.0_1.0_1.0/video.mp4#frame=57
57,LEFT_EYE_INNER,0.4923599362373352,0.008465945720672607,-0.11096043884754181,0.9993317723274231,CapturedFrames_-3.0_1.0_1.0/video.mp4#frame=57
57,LEFT_EYE,0.493506520986557,0.008272439241409302,-0.1109972596168518,0.9994271993637085,CapturedFrames_-3.0_1.0_1.0/video.mp4#frame=57
57,LEFT_EYE_OUTER,0.4946729242801666,0.008210808038711548,-0.11100022494792938,0.999521017074585,CapturedFrames_-3.0_1.0_1.0/video.mp4#frame=57
57,RIGHT_EYE_INNER,0.49162155389785767,0.008637994527816772,-0.08526899665594101,0.9992942810058594,CapturedFrames_-3.0_1.0_1.0/video.mp4#frame=57
57,RIGHT_EYE,0.4923112988471985,0.008427530527114868,-0.08524517714977264,0.9992651343345642,CapturedFrames_-3.0_1.0_1.0/video.mp4#frame=57
57,RIGHT_EYE_OUTER,0.49308139085769653,0.008159518241882324,-0.08526591211557388,0.9993294477462769,CapturedFrames_-3.0_1.0_1.0/video.mp4#frame=57
57,LEFT_EAR,0.5052681565284729,0.012931644916534424,-0.1490752100944519,0.9995970129966736,CapturedFrames_-3.0_1.0_1.0/video.mp4#frame=57
57,RIGHT_EAR,0.5032770037651062,0.010543525218963623,-0.03170919418334961,0.9982892870903015,CapturedFrames_-3.0_1.0_1.0/video.mp4#frame=57
57,MOUTH_LEFT,0.494873583316803,0.033983513712882996,-0.10577178001403809,0.9995606541633606,CapturedFrames_-3.0_1.0_1.0/video.mp4#frame=57
57,MOUTH_RIGHT,0.49354100227355957,0.0339941680431366,-0.07212012261152267,0.9992363452911377,CapturedFrames_-3.0_1.0_1.0/video.mp4#frame=57
57,LEFT_SHOULDER,0.5211877226829529,0.08444871008396149,-0.20816385746002197,0.9999819993972778,CapturedFrames_-3.0_1.0_1.0/video.mp4#frame=57
57,RIGHT_SHOULDER,0.5179987549781799,0.07467670738697052,0.057855796068906784,0.9996769428253174,CapturedFrames_-3.0_1.0_1.0/video.mp4#frame=57
57,LEFT_ELBOW,0.5039622783660889,0.18486705422401428,-0.22977128624916077,0.997469425201416,CapturedFrames_-3.0_1.0_1.0/video.mp4#frame=57
57,RIGHT_ELBOW,0.5168202519416809,0.1737566888332367,0.08784835785627365,0.04651457071304321,CapturedFrames_-3.0_1.0_1.0/video.mp4#frame=57
57,LEFT_WRIST,0.4626217484474182,0.23738081753253937,-0.17869266867637634,0.9898803234100342,CapturedFrames_-3.0_1.0_1.0/video.mp4#frame=57
57,RIGHT_WRIST,0.5096839070320129,0.24995292723178864,0.0308980792760849,0.06131935864686966,CapturedFrames_-3.0_1.0_1.0/video.mp4#frame=57
57,LEFT_PINKY,0.453422874212265,0.261484831571579,-0.20070675015449524,0.9763487577438354,CapturedFrames_-3.0_1.0_1.0/video.mp4#frame=57
57,RIGHT_PINKY,0.5039031505584717,0.2652949392795563,0.0223576370626688,0.061747193336486816,CapturedFrames_-3.0_1.0_1.0/video.mp4#frame=57
57,LEFT_INDEX,0.4503440260887146,0.26016685366630554,-0.1974029242992401,0.975421667098999,CapturedFrames_-3.0_1.0_1.0/video.mp4#frame=57
57,RIGHT_INDEX,0.5024712681770325,0.26135674118995667,0.002395911142230034,0.06394810974597931,CapturedFrames_-3.0_1.0_1.0/video.mp4#frame=57
57,LEFT_THUMB,0.452212393283844,0.2527061998844147,-0.1750859171152115,0.9466577768325806,CapturedFrames_-3.0_1.0_1.0/video.mp4#frame=57
57,RIGHT_THUMB,0.5077000260353088,0.2614498436450958,0.019595319405198097,0.060928452759981155,CapturedFrames_-3.0_1.0_1.0/video.mp4#frame=57
57,LEFT_HIP,0.5269899964332581,0.2656663954257965,-0.07597189396619797,0.9998494386672974,CapturedFrames_-3.0_1.0_1.0/video.mp4#frame=57
57,RIGHT_HIP,0.509699821472168,0.2591763138771057,0.07581856101751328,0.9999237060546875,CapturedFrames_-3.0_1.0_1.0/video.mp4#frame=57
57,LEFT_KNEE,0.5483947992324829,0.38168829679489136,0.0005478952662087977,0.998435914516449,CapturedFrames_-3.0_1.0_1.0/video.mp4#frame=57
57,RIGHT_KNEE,0.4651956558227539,0.3578532040119171,0.059883665293455124,0.9935967922210693,CapturedFrames_-3.0_1.0_1.0/video.mp4#frame=57
57,LEFT_ANKLE,0.5969859957695007,0.4611744284629822,0.12206639349460602,0.9991974234580994,CapturedFrames_-3.0_1.0_1.0/video.mp4#frame=57
57,RIGHT_ANKLE,0.4665817320346832,0.4806438386440277,0.13148654997348785,0.997115969657898,CapturedFrames_-3.0_1.0_1.0/video.mp4#frame=57
57,LEFT_HEEL,0.6113154888153076,0.4703548550605774,0.13112390041351318,0.9599677324295044,CapturedFrames_-3.0_1.0_1.0/video.mp4#frame=57
57,RIGHT_HEEL,0.47372812032699585,0.5041399002075195,0.1351495087146759,0.9826516509056091,CapturedFrames_-3.0_1.0_1.0/video.mp4#frame=57
57,LEFT_FOOT_INDEX,0.5830451250076294,0.5136305689811707,0.06343482434749603,0.9983249306678772,CapturedFrames_-3.0_1.0_1.0/video.mp4#frame=57
57,RIGHT_FOOT_INDEX,0.4348643720149994,0.496850848197937,0.08989867568016052,0.9965758919715881,CapturedFrames_-3.0_1.0_1.0/video.mp4#frame=57
58,NOSE,0.47794991731643677,0.017777293920516968,-0.09254593402147293,0.9993689656257629,CapturedFrames_-3.0_1.0_1.0/video.mp4#frame=58
58,LEFT_EYE_INNER,0.48154836893081665,0.005185037851333618,-0.10808415710926056,0.9991452693939209,CapturedFrames_-3.0_1.0_1.0/video.mp4#frame=58
58,LEFT_EYE,0.48267048597335815,0.0048618316650390625,-0.10811828076839447,0.9991449117660522,CapturedFrames_-3.0_1.0_1.0/video.mp4#frame=58
58,LEFT_EYE_OUTER,0.4838360846042633,0.00462004542350769,-0.10812295973300934,0.9993762373924255,CapturedFrames_-3.0_1.0_1.0/video.mp4#frame=58
58,RIGHT_EYE_INNER,0.48107782006263733,0.0055800676345825195,-0.08294403553009033,0.998986542224884,CapturedFrames_-3.0_1.0_1.0/video.mp4#frame=58
58,RIGHT_EYE,0.4818987250328064,0.005379706621170044,-0.08291560411453247,0.998792290687561,CapturedFrames_-3.0_1.0_1.0/video.mp4#frame=58
58,RIGHT_EYE_OUTER,0.48282164335250854,0.0050615668296813965,-0.0829363539814949,0.9989627599716187,CapturedFrames_-3.0_1.0_1.0/video.mp4#frame=58
58,LEFT_EAR,0.49418145418167114,0.009313702583312988,-0.14504645764827728,0.9994493126869202,CapturedFrames_-3.0_1.0_1.0/video.mp4#frame=58
58,RIGHT_EAR,0.49276095628738403,0.007905721664428711,-0.030490338802337646,0.997042715549469,CapturedFrames_-3.0_1.0_1.0/video.mp4#frame=58
58,MOUTH_LEFT,0.4836885929107666,0.030041053891181946,-0.10385672748088837,0.9995118379592896,CapturedFrames_-3.0_1.0_1.0/video.mp4#frame=58
58,MOUTH_RIGHT,0.4826384484767914,0.030748724937438965,-0.07091331481933594,0.9990454316139221,CapturedFrames_-3.0_1.0_1.0/video.mp4#frame=58
58,LEFT_SHOULDER,0.511172890663147,0.08304198086261749,-0.2054937779903412,0.9999823570251465,CapturedFrames_-3.0_1.0_1.0/video.mp4#frame=58
58,RIGHT_SHOULDER,0.5061954855918884,0.0758780688047409,0.05773076415061951,0.9997156262397766,CapturedFrames_-3.0_1.0_1.0/video.mp4#frame=58
58,LEFT_ELBOW,0.4968046545982361,0.18921434879302979,-0.23033955693244934,0.9957916736602783,CapturedFrames_-3.0_1.0_1.0/video.mp4#frame=58
58,RIGHT_ELBOW,0.5050472617149353,0.17794989049434662,0.08241596817970276,0.031049024313688278,CapturedFrames_-3.0_1.0_1.0/video.mp4#frame=58
58,LEFT_WRIST,0.46060067415237427,0.2520639896392822,-0.1843244880437851,0.9879242181777954,CapturedFrames_-3.0_1.0_1.0/video.mp4#frame=58
58,RIGHT_WRIST,0.4904633164405823,0.25571662187576294,0.02013426460325718,0.05206047371029854,CapturedFrames_-3.0_1.0_1.0/video.mp4#frame=58
58,LEFT_PINKY,0.45255666971206665,0.27540871500968933,-0.20824512839317322,0.9718661308288574,CapturedFrames_-3.0_1.0_1.0/video.mp4#frame=58
58,RIGHT_PINKY,0.48799172043800354,0.26964518427848816,0.013525605201721191,0.05779546871781349,CapturedFrames_-3.0_1.0_1.0/video.mp4#frame=58
58,LEFT_INDEX,0.44813233613967896,0.2738133668899536,-0.20364490151405334,0.9705110192298889,CapturedFrames_-3.0_1.0_1.0/video.mp4#frame=58
58,RIGHT_INDEX,0.4869809150695801,0.2689957022666931,-0.009836697950959206,0.05854831635951996,CapturedFrames_-3.0_1.0_1.0/video.mp4#frame=58
58,LEFT_THUMB,0.4502432942390442,0.26804041862487793,-0.18049293756484985,0.9431313276290894,CapturedFrames_-3.0_1.0_1.0/video.mp4#frame=58
58,RIGHT_THUMB,0.48809999227523804,0.2681928277015686,0.007710952311754227,0.05937374755740166,CapturedFrames_-3.0_1.0_1.0/video.mp4#frame=58
58,LEFT_HIP,0.5176397562026978,0.266227126121521,-0.07502825558185577,0.9998949766159058,CapturedFrames_-3.0_1.0_1.0/video.mp4#frame=58
58,RIGHT_HIP,0.5016442537307739,0.2611479163169861,0.07493433356285095,0.9999206066131592,CapturedFrames_-3.0_1.0_1.0/video.mp4#frame=58
58,LEFT_KNEE,0.5292720794677734,0.38908419013023376,-0.028751784935593605,0.9974595904350281,CapturedFrames_-3.0_1.0_1.0/video.mp4#frame=58
58,RIGHT_KNEE,0.4600331783294678,0.36344093084335327,0.10899718105792999,0.9761150479316711,CapturedFrames_-3.0_1.0_1.0/video.mp4#frame=58
58,LEFT_ANKLE,0.5863919854164124,0.4576714336872101,0.0876338928937912,0.996480405330658,CapturedFrames_-3.0_1.0_1.0/video.mp4#frame=58
58,RIGHT_ANKLE,0.46631795167922974,0.4835716784000397,0.17321771383285522,0.9895765781402588,CapturedFrames_-3.0_1.0_1.0/video.mp4#frame=58
58,LEFT_HEEL,0.6008201837539673,0.45311376452445984,0.09715256094932556,0.9418653845787048,CapturedFrames_-3.0_1.0_1.0/video.mp4#frame=58
58,RIGHT_HEEL,0.47368544340133667,0.5124779939651489,0.17632369697093964,0.9623560905456543,CapturedFrames_-3.0_1.0_1.0/video.mp4#frame=58
58,LEFT_FOOT_INDEX,0.5792938470840454,0.5177427530288696,0.047379136085510254,0.9943049550056458,CapturedFrames_-3.0_1.0_1.0/video.mp4#frame=58
58,RIGHT_FOOT_INDEX,0.43236860632896423,0.5019397139549255,0.13931505382061005,0.9881672263145447,CapturedFrames_-3.0_1.0_1.0/video.mp4#frame=58
59,NOSE,0.4698718190193176,0.021709829568862915,-0.08442129194736481,0.9991378784179688,CapturedFrames_-3.0_1.0_1.0/video.mp4#frame=59
59,LEFT_EYE_INNER,0.47234877943992615,0.00716477632522583,-0.09971539676189423,0.9987683892250061,CapturedFrames_-3.0_1.0_1.0/video.mp4#frame=59
59,LEFT_EYE,0.4732780456542969,0.006567716598510742,-0.09974998980760574,0.998769223690033,CapturedFrames_-3.0_1.0_1.0/video.mp4#frame=59
59,LEFT_EYE_OUTER,0.4742192327976227,0.00603058934211731,-0.09975143522024155,0.9991039633750916,CapturedFrames_-3.0_1.0_1.0/video.mp4#frame=59
59,RIGHT_EYE_INNER,0.47187528014183044,0.007932484149932861,-0.07596443593502045,0.9983579516410828,CapturedFrames_-3.0_1.0_1.0/video.mp4#frame=59
59,RIGHT_EYE,0.47251662611961365,0.007733821868896484,-0.07593440264463425,0.9979678988456726,CapturedFrames_-3.0_1.0_1.0/video.mp4#frame=59
59,RIGHT_EYE_OUTER,0.4732317328453064,0.007400155067443848,-0.07596330344676971,0.998236894607544,CapturedFrames_-3.0_1.0_1.0/video.mp4#frame=59
59,LEFT_EAR,0.48388439416885376,0.009296327829360962,-0.13650132715702057,0.9992302656173706,CapturedFrames_-3.0_1.0_1.0/video.mp4#frame=59
59,RIGHT_EAR,0.48289960622787476,0.00884401798248291,-0.028348540887236595,0.994746744632721,CapturedFrames_-3.0_1.0_1.0/video.mp4#frame=59
59,MOUTH_LEFT,0.4753114581108093,0.033018410205841064,-0.09567422419786453,0.9993242025375366,CapturedFrames_-3.0_1.0_1.0/video.mp4#frame=59
59,MOUTH_RIGHT,0.4742065966129303,0.03347790241241455,-0.06449076533317566,0.9984477758407593,CapturedFrames_-3.0_1.0_1.0/video.mp4#frame=59
59,LEFT_SHOULDER,0.49993258714675903,0.08362123370170593,-0.1965789645910263,0.9999842643737793,CapturedFrames_-3.0_1.0_1.0/video.mp4#frame=59
59,RIGHT_SHOULDER,0.4982169270515442,0.07581207156181335,0.0582357756793499,0.9996441602706909,CapturedFrames_-3.0_1.0_1.0/video.mp4#frame=59
59,LEFT_ELBOW,0.4892299771308899,0.19446730613708496,-0.2194875180721283,0.9928584098815918,CapturedFrames_-3.0_1.0_1.0/video.mp4#frame=59
59,RIGHT_ELBOW,0.49456900358200073,0.18502119183540344,0.07962902635335922,0.01833220012485981,CapturedFrames_-3.0_1.0_1.0/video.mp4#frame=59
59,LEFT_WRIST,0.4610039293766022,0.2670961320400238,-0.17571736872196198,0.9829572439193726,CapturedFrames_-3.0_1.0_1.0/video.mp4#frame=59
59,RIGHT_WRIST,0.4780504107475281,0.2628059387207031,0.02546044811606407,0.04984201863408089,CapturedFrames_-3.0_1.0_1.0/video.mp4#frame=59
59,LEFT_PINKY,0.4543989300727844,0.2901524305343628,-0.19644775986671448,0.9640792608261108,CapturedFrames_-3.0_1.0_1.0/video.mp4#frame=59
59,RIGHT_PINKY,0.4715292453765869,0.2830651104450226,0.023730067536234856,0.061101026833057404,CapturedFrames_-3.0_1.0_1.0/video.mp4#frame=59
59,LEFT_INDEX,0.44936496019363403,0.2880287170410156,-0.19262176752090454,0.9621192216873169,CapturedFrames_-3.0_1.0_1.0/video.mp4#frame=59
59,RIGHT_INDEX,0.46716246008872986,0.28362342715263367,-0.002041852567344904,0.06187622249126434,CapturedFrames_-3.0_1.0_1.0/video.mp4#frame=59
59,LEFT_THUMB,0.45096951723098755,0.2830050587654114,-0.17230446636676788,0.9366085529327393,CapturedFrames_-3.0_1.0_1.0/video.mp4#frame=59
59,RIGHT_THUMB,0.47140973806381226,0.2771671712398529,0.012452753260731697,0.06577344983816147,CapturedFrames_-3.0_1.0_1.0/video.mp4#frame=59
59,LEFT_HIP,0.5070927739143372,0.26857301592826843,-0.07513029873371124,0.9998979568481445,CapturedFrames_-3.0_1.0_1.0/video.mp4#frame=59
59,RIGHT_HIP,0.49075108766555786,0.2621677815914154,0.07506247609853745,0.9998797178268433,CapturedFrames_-3.0_1.0_1.0/video.mp4#frame=59
59,LEFT_KNEE,0.5072676539421082,0.392162948846817,-0.0676969438791275,0.9958668947219849,CapturedFrames_-3.0_1.0_1.0/video.mp4#frame=59
59,RIGHT_KNEE,0.45576152205467224,0.36440008878707886,0.13893833756446838,0.9041118025779724,CapturedFrames_-3.0_1.0_1.0/video.mp4#frame=59
59,LEFT_ANKLE,0.5705656409263611,0.4471041262149811,0.027422215789556503,0.9908101558685303,CapturedFrames_-3.0_1.0_1.0/video.mp4#frame=59
59,RIGHT_ANKLE,0.4662453234195709,0.481964111328125,0.18786537647247314,0.9685165882110596,CapturedFrames_-3.0_1.0_1.0/video.mp4#frame=59
59,LEFT_HEEL,0.5859808325767517,0.44215139746665955,0.03561106324195862,0.9254555702209473,CapturedFrames_-3.0_1.0_1.0/video.mp4#frame=59
59,RIGHT_HEEL,0.4730164408683777,0.5072569847106934,0.1893870234489441,0.9364223480224609,CapturedFrames_-3.0_1.0_1.0/video.mp4#frame=59
59,LEFT_FOOT_INDEX,0.569126546382904,0.5123728513717651,0.0031618052162230015,0.9893803596496582,CapturedFrames_-3.0_1.0_1.0/video.mp4#frame=59
59,RIGHT_FOOT_INDEX,0.43201741576194763,0.5020731687545776,0.1628107726573944,0.9712673425674438,CapturedFrames_-3.0_1.0_1.0/video.mp4#frame=59
60,NOSE,0.45592671632766724,0.015018641948699951,-0.10460519790649414,0.999607264995575,CapturedFrames_-3.0_1.0_1.0/video.mp4#frame=60
60,LEFT_EYE_INNER,0.45949459075927734,0.0017271041870117188,-0.12047214806079865,0.9994516968727112,CapturedFrames_-3.0_1.0_1.0/video.mp4#frame=60
60,LEFT_EYE,0.46064671874046326,0.0014168322086334229,-0.12049581110477448,0.9994662404060364,CapturedFrames_-3.0_1.0_1.0/video.mp4#frame=60
60,LEFT_EYE_OUTER,0.4618500769138336,0.0012056827545166016,-0.12051232159137726,0.9996336698532104,CapturedFrames_-3.0_1.0_1.0/video.mp4#frame=60
60,RIGHT_EYE_INNER,0.45864683389663696,0.0021040141582489014,-0.09670715779066086,0.9992879033088684,CapturedFrames_-3.0_1.0_1.0/video.mp4#frame=60
60,RIGHT_EYE,0.4592213034629822,0.0019370019435882568,-0.09668926149606705,0.9991286396980286,CapturedFrames_-3.0_1.0_1.0/video.mp4#frame=60
60,RIGHT_EYE_OUTER,0.45986002683639526,0.0017004013061523438,-0.09672044217586517,0.9992976188659668,CapturedFrames_-3.0_1.0_1.0/video.mp4#frame=60
60,LEFT_EAR,0.4726603627204895,0.005894184112548828,-0.15634500980377197,0.9996997117996216,CapturedFrames_-3.0_1.0_1.0/video.mp4#frame=60
60,RIGHT_EAR,0.47006887197494507,0.0044585466384887695,-0.048510048538446426,0.9982140064239502,CapturedFrames_-3.0_1.0_1.0/video.mp4#frame=60
60,MOUTH_LEFT,0.4612661302089691,0.02639293670654297,-0.1153249591588974,0.9997360110282898,CapturedFrames_-3.0_1.0_1.0/video.mp4#frame=60
60,MOUTH_RIGHT,0.45975399017333984,0.027064770460128784,-0.0842239037156105,0.9994474053382874,CapturedFrames_-3.0_1.0_1.0/video.mp4#frame=60
60,LEFT_SHOULDER,0.49138984084129333,0.07839132845401764,-0.2075888216495514,0.9999831914901733,CapturedFrames_-3.0_1.0_1.0/video.mp4#frame=60
60,RIGHT_SHOULDER,0.4861373007297516,0.0727217048406601,0.037941329181194305,0.9996856451034546,CapturedFrames_-3.0_1.0_1.0/video.mp4#frame=60
60,LEFT_ELBOW,0.48297443985939026,0.19013309478759766,-0.22640171647071838,0.9952830672264099,CapturedFrames_-3.0_1.0_1.0/video.mp4#frame=60
60,RIGHT_ELBOW,0.4869112968444824,0.18016457557678223,0.06391362100839615,0.0393533781170845,CapturedFrames_-3.0_1.0_1.0/video.mp4#frame=60
60,LEFT_WRIST,0.4623170793056488,0.27807706594467163,-0.1847662627696991,0.9836132526397705,CapturedFrames_-3.0_1.0_1.0/video.mp4#frame=60
60,RIGHT_WRIST,0.47647276520729065,0.2698677182197571,0.019814508035779,0.08035968989133835,CapturedFrames_-3.0_1.0_1.0/video.mp4#frame=60
60,LEFT_PINKY,0.46099844574928284,0.30384668707847595,-0.20596230030059814,0.9624966979026794,CapturedFrames_-3.0_1.0_1.0/video.mp4#frame=60
60,RIGHT_PINKY,0.47192543745040894,0.2903577387332916,0.019151510670781136,0.08351101726293564,CapturedFrames_-3.0_1.0_1.0/video.mp4#frame=60
60,LEFT_INDEX,0.457033634185791,0.30407336354255676,-0.20310111343860626,0.9606583714485168,CapturedFrames_-3.0_1.0_1.0/video.mp4#frame=60
60,RIGHT_INDEX,0.4707396626472473,0.29137730598449707,-0.005614813417196274,0.08516652882099152,CapturedFrames_-3.0_1.0_1.0/video.mp4#frame=60
60,LEFT_THUMB,0.4572882056236267,0.29661107063293457,-0.18177683651447296,0.9342820048332214,CapturedFrames_-3.0_1.0_1.0/video.mp4#frame=60
60,RIGHT_THUMB,0.4718765616416931,0.2852195203304291,0.007896749302744865,0.09002427756786346,CapturedFrames_-3.0_1.0_1.0/video.mp4#frame=60
60,LEFT_HIP,0.49665236473083496,0.259316623210907,-0.07068599760532379,0.9998636245727539,CapturedFrames_-3.0_1.0_1.0/video.mp4#frame=60
60,RIGHT_HIP,0.4822266101837158,0.2559201419353485,0.07062473893165588,0.9998699426651001,CapturedFrames_-3.0_1.0_1.0/video.mp4#frame=60
60,LEFT_KNEE,0.4916350245475769,0.39093318581581116,-0.069912388920784,0.9970793724060059,CapturedFrames_-3.0_1.0_1.0/video.mp4#frame=60
60,RIGHT_KNEE,0.4533690810203552,0.36704587936401367,0.10832514613866806,0.9494330286979675,CapturedFrames_-3.0_1.0_1.0/video.mp4#frame=60
60,LEFT_ANKLE,0.5504361987113953,0.4503084719181061,0.039736948907375336,0.9947776794433594,CapturedFrames_-3.0_1.0_1.0/video.mp4#frame=60
60,RIGHT_ANKLE,0.4646328091621399,0.4799458682537079,0.17936232686042786,0.9803651571273804,CapturedFrames_-3.0_1.0_1.0/video.mp4#frame=60
60,LEFT_HEEL,0.5656383633613586,0.44602257013320923,0.048581693321466446,0.9494770765304565,CapturedFrames_-3.0_1.0_1.0/video.mp4#frame=60
60,RIGHT_HEEL,0.472930371761322,0.5062630772590637,0.1833338439464569,0.9452406167984009,CapturedFrames_-3.0_1.0_1.0/video.mp4#frame=60
60,LEFT_FOOT_INDEX,0.54762864112854,0.51531982421875,0.008442782796919346,0.9923917651176453,CapturedFrames_-3.0_1.0_1.0/video.mp4#frame=60
60,RIGHT_FOOT_INDEX,0.4307249188423157,0.5044217109680176,0.14988668262958527,0.9807345271110535,CapturedFrames_-3.0_1.0_1.0/video.mp4#frame=60
61,NOSE,0.44731348752975464,0.0175895094871521,-0.10374270379543304,0.9990584254264832,CapturedFrames_-3.0_1.0_1.0/video.mp4#frame=61
61,LEFT_EYE_INNER,0.4497399926185608,0.0030475854873657227,-0.11916016042232513,0.9986352324485779,CapturedFrames_-3.0_1.0_1.0/video.mp4#frame=61
61,LEFT_EYE,0.4507618546485901,0.0026877522468566895,-0.1191786676645279,0.9988706707954407,CapturedFrames_-3.0_1.0_1.0/video.mp4#frame=61
61,LEFT_EYE_OUTER,0.45173749327659607,0.0024679899215698242,-0.11918969452381134,0.9990143775939941,CapturedFrames_-3.0_1.0_1.0/video.mp4#frame=61
61,RIGHT_EYE_INNER,0.4488367438316345,0.0030530989170074463,-0.09579919278621674,0.9979851245880127,CapturedFrames_-3.0_1.0_1.0/video.mp4#frame=61
61,RIGHT_EYE,0.4493076205253601,0.002639085054397583,-0.09578559547662735,0.9977914094924927,CapturedFrames_-3.0_1.0_1.0/video.mp4#frame=61
61,RIGHT_EYE_OUTER,0.4497649669647217,0.002156585454940796,-0.09581854939460754,0.9977836012840271,CapturedFrames_-3.0_1.0_1.0/video.mp4#frame=61
61,LEFT_EAR,0.4614536166191101,0.00499117374420166,-0.15543901920318604,0.9987630844116211,CapturedFrames_-3.0_1.0_1.0/video.mp4#frame=61
61,RIGHT_EAR,0.45903974771499634,0.0032297074794769287,-0.05060041695833206,0.9954772591590881,CapturedFrames_-3.0_1.0_1.0/video.mp4#frame=61
61,MOUTH_LEFT,0.4533962607383728,0.02679648995399475,-0.11462225764989853,0.9988162517547607,CapturedFrames_-3.0_1.0_1.0/video.mp4#frame=61
61,MOUTH_RIGHT,0.45179110765457153,0.0266951322555542,-0.08435341715812683,0.9973540306091309,CapturedFrames_-3.0_1.0_1.0/video.mp4#frame=61
61,LEFT_SHOULDER,0.48205384612083435,0.0752469003200531,-0.20029905438423157,0.9999502897262573,CapturedFrames_-3.0_1.0_1.0/video.mp4#frame=61
61,RIGHT_SHOULDER,0.47596272826194763,0.0670231282711029,0.023150455206632614,0.9993312358856201,CapturedFrames_-3.0_1.0_1.0/video.mp4#frame=61
61,LEFT_ELBOW,0.4801788926124573,0.19011151790618896,-0.22294719517230988,0.9899752736091614,CapturedFrames_-3.0_1.0_1.0/video.mp4#frame=61
61,RIGHT_ELBOW,0.476901113986969,0.16960296034812927,0.05618124455213547,0.022978493943810463,CapturedFrames_-3.0_1.0_1.0/video.mp4#frame=61
61,LEFT_WRIST,0.4664764404296875,0.27900493144989014,-0.1899029165506363,0.9676331281661987,CapturedFrames_-3.0_1.0_1.0/video.mp4#frame=61
61,RIGHT_WRIST,0.47047120332717896,0.2543140649795532,0.019974511116743088,0.0422925166785717,CapturedFrames_-3.0_1.0_1.0/video.mp4#frame=61
61,LEFT_PINKY,0.46593528985977173,0.3050771951675415,-0.2092868834733963,0.9390278458595276,CapturedFrames_-3.0_1.0_1.0/video.mp4#frame=61
61,RIGHT_PINKY,0.4679167866706848,0.27855032682418823,0.020149921998381615,0.05520449951291084,CapturedFrames_-3.0_1.0_1.0/video.mp4#frame=61
61,LEFT_INDEX,0.462150514125824,0.303834468126297,-0.20681151747703552,0.9370052814483643,CapturedFrames_-3.0_1.0_1.0/video.mp4#frame=61
61,RIGHT_INDEX,0.46734005212783813,0.2789039611816406,-0.003558721859008074,0.05522451922297478,CapturedFrames_-3.0_1.0_1.0/video.mp4#frame=61
61,LEFT_THUMB,0.4621865153312683,0.29758840799331665,-0.1873505562543869,0.906747043132782,CapturedFrames_-3.0_1.0_1.0/video.mp4#frame=61
61,RIGHT_THUMB,0.46777790784835815,0.274035781621933,0.008911370299756527,0.057540763169527054,CapturedFrames_-3.0_1.0_1.0/video.mp4#frame=61
61,LEFT_HIP,0.48855894804000854,0.25606831908226013,-0.0669805258512497,0.9997292160987854,CapturedFrames_-3.0_1.0_1.0/video.mp4#frame=61
61,RIGHT_HIP,0.47472745180130005,0.25275975465774536,0.06698586046695709,0.999711811542511,CapturedFrames_-3.0_1.0_1.0/video.mp4#frame=61
61,LEFT_KNEE,0.4692065119743347,0.3804992139339447,-0.06250583380460739,0.9930671453475952,CapturedFrames_-3.0_1.0_1.0/video.mp4#frame=61
61,RIGHT_KNEE,0.4499431252479553,0.36591964960098267,0.0943119153380394,0.8487415313720703,CapturedFrames_-3.0_1.0_1.0/video.mp4#frame=61
61,LEFT_ANKLE,0.5277875661849976,0.4562472999095917,0.0172866340726614,0.9902425408363342,CapturedFrames_-3.0_1.0_1.0/video.mp4#frame=61
61,RIGHT_ANKLE,0.46449002623558044,0.4826663136482239,0.1597074568271637,0.9377861618995667,CapturedFrames_-3.0_1.0_1.0/video.mp4#frame=61
61,LEFT_HEEL,0.542352020740509,0.4573892056941986,0.0241638645529747,0.9584546685218811,CapturedFrames_-3.0_1.0_1.0/video.mp4#frame=61
61,RIGHT_HEEL,0.4743725657463074,0.5074375867843628,0.1631132960319519,0.8827543258666992,CapturedFrames_-3.0_1.0_1.0/video.mp4#frame=61
61,LEFT_FOOT_INDEX,0.5211091637611389,0.5187823176383972,-0.008439111523330212,0.9871399998664856,CapturedFrames_-3.0_1.0_1.0/video.mp4#frame=61
61,RIGHT_FOOT_INDEX,0.42762595415115356,0.5040057897567749,0.1324438750743866,0.9422480463981628,CapturedFrames_-3.0_1.0_1.0/video.mp4#frame=61
62,NOSE,0.44010791182518005,0.010536015033721924,-0.10015325248241425,0.999504804611206,CapturedFrames_-3.0_1.0_1.0/video.mp4#frame=62
62,LEFT_EYE_INNER,0.44137507677078247,-0.003964364528656006,-0.11517222225666046,0.9992792010307312,CapturedFrames_-3.0_1.0_1.0/video.mp4#frame=62
62,LEFT_EYE,0.4423066973686218,-0.0042074620723724365,-0.11518212407827377,0.9994151592254639,CapturedFrames_-3.0_1.0_1.0/video.mp4#frame=62
62,LEFT_EYE_OUTER,0.4431551396846771,-0.004480242729187012,-0.1151873841881752,0.9994943141937256,CapturedFrames_-3.0_1.0_1.0/video.mp4#frame=62
62,RIGHT_EYE_INNER,0.44034188985824585,-0.004332244396209717,-0.09276431053876877,0.9990413784980774,CapturedFrames_-3.0_1.0_1.0/video.mp4#frame=62
62,RIGHT_EYE,0.4407319128513336,-0.004764288663864136,-0.0927647277712822,0.9989732503890991,CapturedFrames_-3.0_1.0_1.0/video.mp4#frame=62
62,RIGHT_EYE_OUTER,0.4410962164402008,-0.0053521692752838135,-0.09280786663293839,0.9989926218986511,CapturedFrames_-3.0_1.0_1.0/video.mp4#frame=62
62,LEFT_EAR,0.45156699419021606,-0.0015855133533477783,-0.1472344845533371,0.9993901252746582,CapturedFrames_-3.0_1.0_1.0/video.mp4#frame=62
62,RIGHT_EAR,0.4491472840309143,-0.002652764320373535,-0.04781083017587662,0.9983286261558533,CapturedFrames_-3.0_1.0_1.0/video.mp4#frame=62
62,MOUTH_LEFT,0.4459157884120941,0.018902018666267395,-0.1091831773519516,0.9993053674697876,CapturedFrames_-3.0_1.0_1.0/video.mp4#frame=62
62,MOUTH_RIGHT,0.4445589482784271,0.018900156021118164,-0.08039944618940353,0.9986029267311096,CapturedFrames_-3.0_1.0_1.0/video.mp4#frame=62
62,LEFT_SHOULDER,0.4722886085510254,0.06372952461242676,-0.19000615179538727,0.9999592304229736,CapturedFrames_-3.0_1.0_1.0/video.mp4#frame=62
62,RIGHT_SHOULDER,0.46485763788223267,0.06334218382835388,0.027639463543891907,0.9993777275085449,CapturedFrames_-3.0_1.0_1.0/video.mp4#frame=62
62,LEFT_ELBOW,0.473069965839386,0.17610397934913635,-0.21114830672740936,0.9922388195991516,CapturedFrames_-3.0_1.0_1.0/video.mp4#frame=62
62,RIGHT_ELBOW,0.47016674280166626,0.16419771313667297,0.06453240662813187,0.053498633205890656,CapturedFrames_-3.0_1.0_1.0/video.mp4#frame=62
62,LEFT_WRIST,0.4691367745399475,0.26823869347572327,-0.19128689169883728,0.980649471282959,CapturedFrames_-3.0_1.0_1.0/video.mp4#frame=62
62,RIGHT_WRIST,0.4654894471168518,0.24494051933288574,0.033459294587373734,0.12397677451372147,CapturedFrames_-3.0_1.0_1.0/video.mp4#frame=62
62,LEFT_PINKY,0.4721352458000183,0.29312998056411743,-0.20998945832252502,0.9627495408058167,CapturedFrames_-3.0_1.0_1.0/video.mp4#frame=62
62,RIGHT_PINKY,0.4620020389556885,0.2691412568092346,0.03450024873018265,0.1371695101261139,CapturedFrames_-3.0_1.0_1.0/video.mp4#frame=62
62,LEFT_INDEX,0.46851611137390137,0.2931525409221649,-0.20841450989246368,0.9611524343490601,CapturedFrames_-3.0_1.0_1.0/video.mp4#frame=62
62,RIGHT_INDEX,0.46167105436325073,0.2692849934101105,0.012496603652834892,0.13799042999744415,CapturedFrames_-3.0_1.0_1.0/video.mp4#frame=62
62,LEFT_THUMB,0.46744126081466675,0.2849011719226837,-0.18902558088302612,0.9399059414863586,CapturedFrames_-3.0_1.0_1.0/video.mp4#frame=62
62,RIGHT_THUMB,0.4632512032985687,0.26339539885520935,0.023423291742801666,0.13750581443309784,CapturedFrames_-3.0_1.0_1.0/video.mp4#frame=62
62,LEFT_HIP,0.47991934418678284,0.2530250549316406,-0.0661042109131813,0.9995657801628113,CapturedFrames_-3.0_1.0_1.0/video.mp4#frame=62
62,RIGHT_HIP,0.4691733419895172,0.2450486570596695,0.0660928264260292,0.9994553923606873,CapturedFrames_-3.0_1.0_1.0/video.mp4#frame=62
62,LEFT_KNEE,0.4583894610404968,0.37347379326820374,-0.06927623599767685,0.9873330593109131,CapturedFrames_-3.0_1.0_1.0/video.mp4#frame=62
62,RIGHT_KNEE,0.44690316915512085,0.36309105157852173,0.06124640628695488,0.7764366865158081,CapturedFrames_-3.0_1.0_1.0/video.mp4#frame=62
62,LEFT_ANKLE,0.5076411366462708,0.467903733253479,-0.009223268367350101,0.9872616529464722,CapturedFrames_-3.0_1.0_1.0/video.mp4#frame=62
62,RIGHT_ANKLE,0.46232128143310547,0.4794177711009979,0.12474866211414337,0.8828663229942322,CapturedFrames_-3.0_1.0_1.0/video.mp4#frame=62
62,LEFT_HEEL,0.5245847702026367,0.47093021869659424,-0.004884755704551935,0.9628217816352844,CapturedFrames_-3.0_1.0_1.0/video.mp4#frame=62
62,RIGHT_HEEL,0.46911343932151794,0.5046607255935669,0.12846259772777557,0.8540626168251038,CapturedFrames_-3.0_1.0_1.0/video.mp4#frame=62
62,LEFT_FOOT_INDEX,0.4929068684577942,0.5276823043823242,-0.0432576946914196,0.9821255207061768,CapturedFrames_-3.0_1.0_1.0/video.mp4#frame=62
62,RIGHT_FOOT_INDEX,0.4258107542991638,0.5056859850883484,0.0995994508266449,0.9016636610031128,CapturedFrames_-3.0_1.0_1.0/video.mp4#frame=62
63,NOSE,0.42757710814476013,-0.007006436586380005,-0.1225733533501625,0.9989584684371948,CapturedFrames_-3.0_1.0_1.0/video.mp4#frame=63
63,LEFT_EYE_INNER,0.4293820261955261,-0.018109172582626343,-0.1378875970840454,0.9988088607788086,CapturedFrames_-3.0_1.0_1.0/video.mp4#frame=63
63,LEFT_EYE,0.43043702840805054,-0.017286568880081177,-0.13790135085582733,0.9990991353988647,CapturedFrames_-3.0_1.0_1.0/video.mp4#frame=63
63,LEFT_EYE_OUTER,0.4313974976539612,-0.01662394404411316,-0.13792747259140015,0.9992994070053101,CapturedFrames_-3.0_1.0_1.0/video.mp4#frame=63
63,RIGHT_EYE_INNER,0.4287024438381195,-0.018215060234069824,-0.11452525854110718,0.9981853365898132,CapturedFrames_-3.0_1.0_1.0/video.mp4#frame=63
63,RIGHT_EYE,0.4293001592159271,-0.017706364393234253,-0.11453273147344589,0.9981247782707214,CapturedFrames_-3.0_1.0_1.0/video.mp4#frame=63
63,RIGHT_EYE_OUTER,0.4298248887062073,-0.017429888248443604,-0.11459605395793915,0.9982399940490723,CapturedFrames_-3.0_1.0_1.0/video.mp4#frame=63
63,LEFT_EAR,0.44144970178604126,-0.008786827325820923,-0.17236579954624176,0.9993448853492737,CapturedFrames_-3.0_1.0_1.0/video.mp4#frame=63
63,RIGHT_EAR,0.43874597549438477,-0.01196277141571045,-0.0692162960767746,0.9971743822097778,CapturedFrames_-3.0_1.0_1.0/video.mp4#frame=63
63,MOUTH_LEFT,0.4342818856239319,0.00605282187461853,-0.13222895562648773,0.9993744492530823,CapturedFrames_-3.0_1.0_1.0/video.mp4#frame=63
63,MOUTH_RIGHT,0.4330071806907654,0.006314218044281006,-0.10221431404352188,0.9984822869300842,CapturedFrames_-3.0_1.0_1.0/video.mp4#frame=63
63,LEFT_SHOULDER,0.46222177147865295,0.056374747306108475,-0.21792611479759216,0.9999897480010986,CapturedFrames_-3.0_1.0_1.0/video.mp4#frame=63
63,RIGHT_SHOULDER,0.4537709653377533,0.060811206698417664,0.019587326794862747,0.9988864064216614,CapturedFrames_-3.0_1.0_1.0/video.mp4#frame=63
63,LEFT_ELBOW,0.4675524830818176,0.17303289473056793,-0.23076169192790985,0.9971129894256592,CapturedFrames_-3.0_1.0_1.0/video.mp4#frame=63
63,RIGHT_ELBOW,0.4551223814487457,0.1683540642261505,0.06917160749435425,0.10837230831384659,CapturedFrames_-3.0_1.0_1.0/video.mp4#frame=63
63,LEFT_WRIST,0.4699435234069824,0.27824676036834717,-0.2294161319732666,0.9963094592094421,CapturedFrames_-3.0_1.0_1.0/video.mp4#frame=63
63,RIGHT_WRIST,0.4414702355861664,0.2505895495414734,0.04086130112409592,0.31996461749076843,CapturedFrames_-3.0_1.0_1.0/video.mp4#frame=63
63,LEFT_PINKY,0.47396573424339294,0.3015318512916565,-0.25340235233306885,0.9916681051254272,CapturedFrames_-3.0_1.0_1.0/video.mp4#frame=63
63,RIGHT_PINKY,0.4348999559879303,0.27346450090408325,0.04417362064123154,0.31875669956207275,CapturedFrames_-3.0_1.0_1.0/video.mp4#frame=63
63,LEFT_INDEX,0.4692242741584778,0.3023994565010071,-0.25331243872642517,0.9913181066513062,CapturedFrames_-3.0_1.0_1.0/video.mp4#frame=63
63,RIGHT_INDEX,0.43330374360084534,0.2739747166633606,0.019593337550759315,0.32536014914512634,CapturedFrames_-3.0_1.0_1.0/video.mp4#frame=63
63,LEFT_THUMB,0.4668266773223877,0.29486700892448425,-0.22765657305717468,0.984438955783844,CapturedFrames_-3.0_1.0_1.0/video.mp4#frame=63
63,RIGHT_THUMB,0.4361359477043152,0.26834937930107117,0.029969578608870506,0.32100680470466614,CapturedFrames_-3.0_1.0_1.0/video.mp4#frame=63
63,LEFT_HIP,0.46663469076156616,0.2454633116722107,-0.07341048866510391,0.998704195022583,CapturedFrames_-3.0_1.0_1.0/video.mp4#frame=63
63,RIGHT_HIP,0.4563426077365875,0.23558934032917023,0.07333660870790482,0.99591064453125,CapturedFrames_-3.0_1.0_1.0/video.mp4#frame=63
63,LEFT_KNEE,0.44440001249313354,0.37387412786483765,-0.016390545293688774,0.9523351788520813,CapturedFrames_-3.0_1.0_1.0/video.mp4#frame=63
63,RIGHT_KNEE,0.4419423043727875,0.35690638422966003,0.135042205452919,0.32150906324386597,CapturedFrames_-3.0_1.0_1.0/video.mp4#frame=63
63,LEFT_ANKLE,0.475071519613266,0.49139371514320374,0.06359711289405823,0.9634850025177002,CapturedFrames_-3.0_1.0_1.0/video.mp4#frame=63
63,RIGHT_ANKLE,0.4699781835079193,0.47022438049316406,0.23251700401306152,0.43064403533935547,CapturedFrames_-3.0_1.0_1.0/video.mp4#frame=63
63,LEFT_HEEL,0.48670315742492676,0.5137693881988525,0.06889281421899796,0.9500762224197388,CapturedFrames_-3.0_1.0_1.0/video.mp4#frame=63
63,RIGHT_HEEL,0.4824783205986023,0.489684134721756,0.24054870009422302,0.582683265209198,CapturedFrames_-3.0_1.0_1.0/video.mp4#frame=63
63,LEFT_FOOT_INDEX,0.44257092475891113,0.5211390256881714,0.017632141709327698,0.9557813405990601,CapturedFrames_-3.0_1.0_1.0/video.mp4#frame=63
63,RIGHT_FOOT_INDEX,0.4352661967277527,0.5022473335266113,0.21347661316394806,0.6474181413650513,CapturedFrames_-3.0_1.0_1.0/video.mp4#frame=63
64,NOSE,0.4208777844905853,-0.016419529914855957,-0.12697450816631317,0.9927511215209961,CapturedFrames_-3.0_1.0_1.0/video.mp4#frame=64
64,LEFT_EYE_INNER,0.42500025033950806,-0.02589145302772522,-0.14128895103931427,0.9890831708908081,CapturedFrames_-3.0_1.0_1.0/video.mp4#frame=64
64,LEFT_EYE,0.4263399541378021,-0.025221943855285645,-0.1413211226463318,0.9918089509010315,CapturedFrames_-3.0_1.0_1.0/video.mp4#frame=64
64,LEFT_EYE_OUTER,0.4276793599128723,-0.02581849694252014,-0.1413521021604538,0.9929681420326233,CapturedFrames_-3.0_1.0_1.0/video.mp4#frame=64
64,RIGHT_EYE_INNER,0.4226873815059662,-0.02548655867576599,-0.12035820633172989,0.9862247705459595,CapturedFrames_-3.0_1.0_1.0/video.mp4#frame=64
64,RIGHT_EYE,0.42251500487327576,-0.024822145700454712,-0.12037744373083115,0.9869118928909302,CapturedFrames_-3.0_1.0_1.0/video.mp4#frame=64
64,RIGHT_EYE_OUTER,0.4222989082336426,-0.02437514252960682,-0.12046327441930771,0.9865575432777405,CapturedFrames_-3.0_1.0_1.0/video.mp4#frame=64
64,LEFT_EAR,0.4359906315803528,-0.017805397510528564,-0.16781002283096313,0.991651713848114,CapturedFrames_-3.0_1.0_1.0/video.mp4#frame=64
64,RIGHT_EAR,0.4284448027610779,-0.02008768916130066,-0.07489873468875885,0.978213906288147,CapturedFrames_-3.0_1.0_1.0/video.mp4#frame=64
64,MOUTH_LEFT,0.43045908212661743,-0.0042653679847717285,-0.1330682784318924,0.9935572743415833,CapturedFrames_-3.0_1.0_1.0/video.mp4#frame=64
64,MOUTH_RIGHT,0.4275427758693695,-0.0028788745403289795,-0.10606767982244492,0.9857099056243896,CapturedFrames_-3.0_1.0_1.0/video.mp4#frame=64
64,LEFT_SHOULDER,0.45736759901046753,0.04295392334461212,-0.20633454620838165,0.999923586845398,CapturedFrames_-3.0_1.0_1.0/video.mp4#frame=64
64,RIGHT_SHOULDER,0.44162970781326294,0.05143844708800316,0.009016399271786213,0.9978694915771484,CapturedFrames_-3.0_1.0_1.0/video.mp4#frame=64
64,LEFT_ELBOW,0.4663875699043274,0.1610858142375946,-0.2215031087398529,0.9908835291862488,CapturedFrames_-3.0_1.0_1.0/video.mp4#frame=64
64,RIGHT_ELBOW,0.43764758110046387,0.16795003414154053,0.05611832067370415,0.13937850296497345,CapturedFrames_-3.0_1.0_1.0/video.mp4#frame=64
64,LEFT_WRIST,0.4714851379394531,0.26111623644828796,-0.22327375411987305,0.9870304465293884,CapturedFrames_-3.0_1.0_1.0/video.mp4#frame=64
64,RIGHT_WRIST,0.42080608010292053,0.2481793463230133,0.02796589769423008,0.4135509133338928,CapturedFrames_-3.0_1.0_1.0/video.mp4#frame=64
64,LEFT_PINKY,0.47694092988967896,0.28621676564216614,-0.2421676367521286,0.9756703972816467,CapturedFrames_-3.0_1.0_1.0/video.mp4#frame=64
64,RIGHT_PINKY,0.4150608479976654,0.27086883783340454,0.02952086552977562,0.4181180000305176,CapturedFrames_-3.0_1.0_1.0/video.mp4#frame=64
64,LEFT_INDEX,0.47426795959472656,0.2880810499191284,-0.24650947749614716,0.9754838347434998,CapturedFrames_-3.0_1.0_1.0/video.mp4#frame=64
64,RIGHT_INDEX,0.4140355587005615,0.2719607353210449,0.00502433069050312,0.4265711009502411,CapturedFrames_-3.0_1.0_1.0/video.mp4#frame=64
64,LEFT_THUMB,0.4704691469669342,0.2810729444026947,-0.2233542501926422,0.9644185304641724,CapturedFrames_-3.0_1.0_1.0/video.mp4#frame=64
64,RIGHT_THUMB,0.4171421527862549,0.2656639814376831,0.016871469095349312,0.41496187448501587,CapturedFrames_-3.0_1.0_1.0/video.mp4#frame=64
64,LEFT_HIP,0.45973342657089233,0.23528677225112915,-0.07063692063093185,0.9977726340293884,CapturedFrames_-3.0_1.0_1.0/video.mp4#frame=64
64,RIGHT_HIP,0.44381850957870483,0.23354318737983704,0.07053671032190323,0.9949262142181396,CapturedFrames_-3.0_1.0_1.0/video.mp4#frame=64
64,LEFT_KNEE,0.4384513795375824,0.37070709466934204,-0.02101639285683632,0.9489327073097229,CapturedFrames_-3.0_1.0_1.0/video.mp4#frame=64
64,RIGHT_KNEE,0.4324963688850403,0.3602984547615051,0.11961062252521515,0.4369315207004547,CapturedFrames_-3.0_1.0_1.0/video.mp4#frame=64
64,LEFT_ANKLE,0.45761823654174805,0.5024099349975586,0.05875995755195618,0.9649681448936462,CapturedFrames_-3.0_1.0_1.0/video.mp4#frame=64
64,RIGHT_ANKLE,0.4589924216270447,0.4696752429008484,0.21144776046276093,0.5784562826156616,CapturedFrames_-3.0_1.0_1.0/video.mp4#frame=64
64,LEFT_HEEL,0.46857935190200806,0.5184956789016724,0.0640239417552948,0.9497808814048767,CapturedFrames_-3.0_1.0_1.0/video.mp4#frame=64
64,RIGHT_HEEL,0.47053250670433044,0.49293118715286255,0.21884438395500183,0.6516072750091553,CapturedFrames_-3.0_1.0_1.0/video.mp4#frame=64
64,LEFT_FOOT_INDEX,0.42670387029647827,0.5369272232055664,0.014006951823830605,0.9517675638198853,CapturedFrames_-3.0_1.0_1.0/video.mp4#frame=64
64,RIGHT_FOOT_INDEX,0.4338805079460144,0.509783923625946,0.19231495261192322,0.7114198803901672,CapturedFrames_-3.0_1.0_1.0/video.mp4#frame=64
65,NOSE,0.41094207763671875,-0.010944545269012451,-0.10527507960796356,0.9998205304145813,CapturedFrames_-3.0_1.0_1.0/video.mp4#frame=65
65,LEFT_EYE_INNER,0.4124740958213806,-0.02442854829132557,-0.11984919011592865,0.9997146725654602,CapturedFrames_-3.0_1.0_1.0/video.mp4#frame=65
65,LEFT_EYE,0.41321006417274475,-0.025364398956298828,-0.11984638124704361,0.9997714161872864,CapturedFrames_-3.0_1.0_1.0/video.mp4#frame=65
65,LEFT_EYE_OUTER,0.414018452167511,-0.024259863421320915,-0.11988706886768341,0.9998014569282532,CapturedFrames_-3.0_1.0_1.0/video.mp4#frame=65
65,RIGHT_EYE_INNER,0.41143113374710083,-0.023407012224197388,-0.1005026251077652,0.999672532081604,CapturedFrames_-3.0_1.0_1.0/video.mp4#frame=65
65,RIGHT_EYE,0.41159433126449585,-0.022091209888458252,-0.10049138218164444,0.9996700286865234,CapturedFrames_-3.0_1.0_1.0/video.mp4#frame=65
65,RIGHT_EYE_OUTER,0.41169270873069763,-0.02104330062866211,-0.10062143951654434,0.9996846914291382,CapturedFrames_-3.0_1.0_1.0/video.mp4#frame=65
65,LEFT_EAR,0.42132726311683655,-0.012596516869962215,-0.14673182368278503,0.9998903274536133,CapturedFrames_-3.0_1.0_1.0/video.mp4#frame=65
65,RIGHT_EAR,0.4193764626979828,-0.013886034488677979,-0.06141281872987747,0.9998075366020203,CapturedFrames_-3.0_1.0_1.0/video.mp4#frame=65
65,MOUTH_LEFT,0.41723865270614624,0.002138674259185791,-0.112060546875,0.9999490976333618,CapturedFrames_-3.0_1.0_1.0/video.mp4#frame=65
65,MOUTH_RIGHT,0.41503435373306274,0.0025624334812164307,-0.08727121353149414,0.9998950958251953,CapturedFrames_-3.0_1.0_1.0/video.mp4#frame=65
65,LEFT_SHOULDER,0.4486826956272125,0.048235613852739334,-0.1831364929676056,0.9999959468841553,CapturedFrames_-3.0_1.0_1.0/video.mp4#frame=65
65,RIGHT_SHOULDER,0.4332146644592285,0.061336979269981384,0.019206220284104347,0.9998301267623901,CapturedFrames_-3.0_1.0_1.0/video.mp4#frame=65
65,LEFT_ELBOW,0.46387702226638794,0.15995708107948303,-0.1927379071712494,0.996698796749115,CapturedFrames_-3.0_1.0_1.0/video.mp4#frame=65
65,RIGHT_ELBOW,0.42721110582351685,0.16857808828353882,0.06310592591762543,0.29497599601745605,CapturedFrames_-3.0_1.0_1.0/video.mp4#frame=65
65,LEFT_WRIST,0.469605028629303,0.2647409439086914,-0.2014799416065216,0.9952003955841064,CapturedFrames_-3.0_1.0_1.0/video.mp4#frame=65
65,RIGHT_WRIST,0.4004305899143219,0.24146777391433716,0.03001881204545498,0.6714909672737122,CapturedFrames_-3.0_1.0_1.0/video.mp4#frame=65
65,LEFT_PINKY,0.4802841246128082,0.28653964400291443,-0.22299189865589142,0.9904627203941345,CapturedFrames_-3.0_1.0_1.0/video.mp4#frame=65
65,RIGHT_PINKY,0.3963138163089752,0.26417043805122375,0.03006075881421566,0.6054670810699463,CapturedFrames_-3.0_1.0_1.0/video.mp4#frame=65
65,LEFT_INDEX,0.4720044732093811,0.28957682847976685,-0.23308105766773224,0.9896813035011292,CapturedFrames_-3.0_1.0_1.0/video.mp4#frame=65
65,RIGHT_INDEX,0.3973672389984131,0.2630092203617096,0.006533358246088028,0.6245846748352051,CapturedFrames_-3.0_1.0_1.0/video.mp4#frame=65
65,LEFT_THUMB,0.4660731256008148,0.28158241510391235,-0.20472970604896545,0.9858022332191467,CapturedFrames_-3.0_1.0_1.0/video.mp4#frame=65
65,RIGHT_THUMB,0.39891719818115234,0.25659260153770447,0.018946807831525803,0.6320988535881042,CapturedFrames_-3.0_1.0_1.0/video.mp4#frame=65
65,LEFT_HIP,0.45046669244766235,0.23414690792560577,-0.06523691117763519,0.999711811542511,CapturedFrames_-3.0_1.0_1.0/video.mp4#frame=65
65,RIGHT_HIP,0.44188064336776733,0.23468731343746185,0.06526413559913635,0.9990666508674622,CapturedFrames_-3.0_1.0_1.0/video.mp4#frame=65
65,LEFT_KNEE,0.42023807764053345,0.36613667011260986,-0.04723814129829407,0.9977340698242188,CapturedFrames_-3.0_1.0_1.0/video.mp4#frame=65
65,RIGHT_KNEE,0.4452248513698578,0.3659610450267792,0.13884396851062775,0.5338002443313599,CapturedFrames_-3.0_1.0_1.0/video.mp4#frame=65
65,LEFT_ANKLE,0.4240826666355133,0.5120660066604614,-0.012325155548751354,0.9876877665519714,CapturedFrames_-3.0_1.0_1.0/video.mp4#frame=65
65,RIGHT_ANKLE,0.4619695246219635,0.47837671637535095,0.23234620690345764,0.7851884365081787,CapturedFrames_-3.0_1.0_1.0/video.mp4#frame=65
65,LEFT_HEEL,0.43119925260543823,0.5363662838935852,-0.012810048647224903,0.9782766699790955,CapturedFrames_-3.0_1.0_1.0/video.mp4#frame=65
65,RIGHT_HEEL,0.47082430124282837,0.5008350610733032,0.2386947125196457,0.8468211889266968,CapturedFrames_-3.0_1.0_1.0/video.mp4#frame=65
65,LEFT_FOOT_INDEX,0.3913036584854126,0.5363903045654297,-0.07316842675209045,0.9742375612258911,CapturedFrames_-3.0_1.0_1.0/video.mp4#frame=65
65,RIGHT_FOOT_INDEX,0.43060439825057983,0.49661317467689514,0.20675551891326904,0.8650777339935303,CapturedFrames_-3.0_1.0_1.0/video.mp4#frame=65
66,NOSE,0.4008745551109314,-0.012508601881563663,-0.11048847436904907,0.9996640682220459,CapturedFrames_-3.0_1.0_1.0/video.mp4#frame=66
66,LEFT_EYE_INNER,0.4027958810329437,-0.0275404155254364,-0.12639638781547546,0.99943608045578,CapturedFrames_-3.0_1.0_1.0/video.mp4#frame=66
66,LEFT_EYE,0.4037237763404846,-0.026423931121826172,-0.1264355182647705,0.9995428323745728,CapturedFrames_-3.0_1.0_1.0/video.mp4#frame=66
66,LEFT_EYE_OUTER,0.40460556745529175,-0.02535831928253174,-0.12648651003837585,0.9996603727340698,CapturedFrames_-3.0_1.0_1.0/video.mp4#frame=66
66,RIGHT_EYE_INNER,0.40187913179397583,-0.026640981435775757,-0.10315271466970444,0.9993517994880676,CapturedFrames_-3.0_1.0_1.0/video.mp4#frame=66
66,RIGHT_EYE,0.4022004008293152,-0.025240182876586914,-0.10313612222671509,0.9992930889129639,CapturedFrames_-3.0_1.0_1.0/video.mp4#frame=66
66,RIGHT_EYE_OUTER,0.402548223733902,-0.02222159504890442,-0.10323488712310791,0.999377965927124,CapturedFrames_-3.0_1.0_1.0/video.mp4#frame=66
66,LEFT_EAR,0.4124089777469635,-0.015976756811141968,-0.15856550633907318,0.9997572302818298,CapturedFrames_-3.0_1.0_1.0/video.mp4#frame=66
66,RIGHT_EAR,0.4104839265346527,-0.017080336809158325,-0.05490083247423172,0.9992165565490723,CapturedFrames_-3.0_1.0_1.0/video.mp4#frame=66
66,MOUTH_LEFT,0.40682053565979004,-0.00011602044105529785,-0.11907339096069336,0.9998928308486938,CapturedFrames_-3.0_1.0_1.0/video.mp4#frame=66
66,MOUTH_RIGHT,0.40528374910354614,0.0005033016204833984,-0.08892636001110077,0.9997373223304749,CapturedFrames_-3.0_1.0_1.0/video.mp4#frame=66
66,LEFT_SHOULDER,0.44026535749435425,0.04757207632064819,-0.19451716542243958,0.9999935626983643,CapturedFrames_-3.0_1.0_1.0/video.mp4#frame=66
66,RIGHT_SHOULDER,0.42268887162208557,0.05604511499404907,0.03171807900071144,0.999728262424469,CapturedFrames_-3.0_1.0_1.0/video.mp4#frame=66
66,LEFT_ELBOW,0.45991653203964233,0.16103866696357727,-0.20915761590003967,0.9927927255630493,CapturedFrames_-3.0_1.0_1.0/video.mp4#frame=66
66,RIGHT_ELBOW,0.4155023694038391,0.16217488050460815,0.07795662432909012,0.2619783878326416,CapturedFrames_-3.0_1.0_1.0/video.mp4#frame=66
66,LEFT_WRIST,0.46982231736183167,0.261618971824646,-0.21015596389770508,0.986224889755249,CapturedFrames_-3.0_1.0_1.0/video.mp4#frame=66
66,RIGHT_WRIST,0.3839753270149231,0.23086769878864288,0.03657648339867592,0.625709593296051,CapturedFrames_-3.0_1.0_1.0/video.mp4#frame=66
66,LEFT_PINKY,0.47930869460105896,0.2849752902984619,-0.2337154597043991,0.9748022556304932,CapturedFrames_-3.0_1.0_1.0/video.mp4#frame=66
66,RIGHT_PINKY,0.37913835048675537,0.2545922100543976,0.035638172179460526,0.5668084621429443,CapturedFrames_-3.0_1.0_1.0/video.mp4#frame=66
66,LEFT_INDEX,0.4732140004634857,0.28578251600265503,-0.2416108101606369,0.9729317426681519,CapturedFrames_-3.0_1.0_1.0/video.mp4#frame=66
66,RIGHT_INDEX,0.38016292452812195,0.25504279136657715,0.008386440575122833,0.5904059410095215,CapturedFrames_-3.0_1.0_1.0/video.mp4#frame=66
66,LEFT_THUMB,0.46841326355934143,0.278400182723999,-0.21238544583320618,0.9619340300559998,CapturedFrames_-3.0_1.0_1.0/video.mp4#frame=66
66,RIGHT_THUMB,0.38175103068351746,0.24708209931850433,0.023396098986268044,0.6045669913291931,CapturedFrames_-3.0_1.0_1.0/video.mp4#frame=66
66,LEFT_HIP,0.4437284469604492,0.23819580674171448,-0.07056040316820145,0.9998337030410767,CapturedFrames_-3.0_1.0_1.0/video.mp4#frame=66
66,RIGHT_HIP,0.43437665700912476,0.23685699701309204,0.07059765607118607,0.9993122816085815,CapturedFrames_-3.0_1.0_1.0/video.mp4#frame=66
66,LEFT_KNEE,0.40966057777404785,0.36493223905563354,-0.027788106352090836,0.9959218502044678,CapturedFrames_-3.0_1.0_1.0/video.mp4#frame=66
66,RIGHT_KNEE,0.43786317110061646,0.36492887139320374,0.18191120028495789,0.6736063361167908,CapturedFrames_-3.0_1.0_1.0/video.mp4#frame=66
66,LEFT_ANKLE,0.3947349190711975,0.5077338814735413,0.030788611620664597,0.9963713884353638,CapturedFrames_-3.0_1.0_1.0/video.mp4#frame=66
66,RIGHT_ANKLE,0.46308964490890503,0.4764580726623535,0.3044181168079376,0.884289562702179,CapturedFrames_-3.0_1.0_1.0/video.mp4#frame=66
66,LEFT_HEEL,0.3995492458343506,0.5375815033912659,0.03278365731239319,0.9881587624549866,CapturedFrames_-3.0_1.0_1.0/video.mp4#frame=66
66,RIGHT_HEEL,0.47163406014442444,0.5003461837768555,0.31441301107406616,0.8779365420341492,CapturedFrames_-3.0_1.0_1.0/video.mp4#frame=66
66,LEFT_FOOT_INDEX,0.3593723773956299,0.5252522826194763,-0.030634483322501183,0.9913860559463501,CapturedFrames_-3.0_1.0_1.0/video.mp4#frame=66
66,RIGHT_FOOT_INDEX,0.43181362748146057,0.5016926527023315,0.28444111347198486,0.9172046780586243,CapturedFrames_-3.0_1.0_1.0/video.mp4#frame=66
67,NOSE,0.39139464497566223,-0.009403795003890991,-0.10885144770145416,0.999909520149231,CapturedFrames_-3.0_1.0_1.0/video.mp4#frame=67
67,LEFT_EYE_INNER,0.39266839623451233,-0.020502537488937378,-0.12394927442073822,0.999847412109375,CapturedFrames_-3.0_1.0_1.0/video.mp4#frame=67
67,LEFT_EYE,0.3937265872955322,-0.01953071355819702,-0.12398873269557953,0.9998761415481567,CapturedFrames_-3.0_1.0_1.0/video.mp4#frame=67
67,LEFT_EYE_OUTER,0.3945508897304535,-0.01880088448524475,-0.12404286861419678,0.9999110698699951,CapturedFrames_-3.0_1.0_1.0/video.mp4#frame=67
67,RIGHT_EYE_INNER,0.3924844264984131,-0.02020561695098877,-0.10004810988903046,0.999822199344635,CapturedFrames_-3.0_1.0_1.0/video.mp4#frame=67
67,RIGHT_EYE,0.3934871554374695,-0.01945933699607849,-0.10003751516342163,0.999799907207489,CapturedFrames_-3.0_1.0_1.0/video.mp4#frame=67
67,RIGHT_EYE_OUTER,0.39426326751708984,-0.019324839115142822,-0.10012129694223404,0.9998297691345215,CapturedFrames_-3.0_1.0_1.0/video.mp4#frame=67
67,LEFT_EAR,0.4044888913631439,-0.010704904794692993,-0.15639691054821014,0.9999364614486694,CapturedFrames_-3.0_1.0_1.0/video.mp4#frame=67
67,RIGHT_EAR,0.40250134468078613,-0.012921154499053955,-0.05072211101651192,0.9998052716255188,CapturedFrames_-3.0_1.0_1.0/video.mp4#frame=67
67,MOUTH_LEFT,0.3971371352672577,0.0024512112140655518,-0.11838939040899277,0.999972939491272,CapturedFrames_-3.0_1.0_1.0/video.mp4#frame=67
67,MOUTH_RIGHT,0.3962916433811188,0.0028897225856781006,-0.08755019307136536,0.9999302625656128,CapturedFrames_-3.0_1.0_1.0/video.mp4#frame=67
67,LEFT_SHOULDER,0.43013662099838257,0.04703136160969734,-0.1953214555978775,0.999995231628418,CapturedFrames_-3.0_1.0_1.0/video.mp4#frame=67
67,RIGHT_SHOULDER,0.4111558496952057,0.05715985968708992,0.03624420613050461,0.9998453855514526,CapturedFrames_-3.0_1.0_1.0/video.mp4#frame=67
67,LEFT_ELBOW,0.4543055593967438,0.1604781150817871,-0.21197839081287384,0.9964380264282227,CapturedFrames_-3.0_1.0_1.0/video.mp4#frame=67
67,RIGHT_ELBOW,0.4006066918373108,0.15981930494308472,0.08092229813337326,0.4871665835380554,CapturedFrames_-3.0_1.0_1.0/video.mp4#frame=67
67,LEFT_WRIST,0.4677085280418396,0.26200270652770996,-0.21860921382904053,0.9920557141304016,CapturedFrames_-3.0_1.0_1.0/video.mp4#frame=67
67,RIGHT_WRIST,0.3671586811542511,0.22569698095321655,0.04004364088177681,0.7763044834136963,CapturedFrames_-3.0_1.0_1.0/video.mp4#frame=67
67,LEFT_PINKY,0.47869452834129333,0.28299394249916077,-0.24442851543426514,0.9833431243896484,CapturedFrames_-3.0_1.0_1.0/video.mp4#frame=67
67,RIGHT_PINKY,0.36140742897987366,0.25043269991874695,0.03972627967596054,0.7002952694892883,CapturedFrames_-3.0_1.0_1.0/video.mp4#frame=67
67,LEFT_INDEX,0.4714176058769226,0.28792351484298706,-0.2512713074684143,0.9818381071090698,CapturedFrames_-3.0_1.0_1.0/video.mp4#frame=67
67,RIGHT_INDEX,0.3616858124732971,0.25168952345848083,0.012332637794315815,0.7202879190444946,CapturedFrames_-3.0_1.0_1.0/video.mp4#frame=67
67,LEFT_THUMB,0.46594685316085815,0.2807678282260895,-0.22054728865623474,0.9738566279411316,CapturedFrames_-3.0_1.0_1.0/video.mp4#frame=67
67,RIGHT_THUMB,0.36335331201553345,0.2437942773103714,0.02666853740811348,0.7343084812164307,CapturedFrames_-3.0_1.0_1.0/video.mp4#frame=67
67,LEFT_HIP,0.4366818964481354,0.24088270962238312,-0.06943321228027344,0.9998468160629272,CapturedFrames_-3.0_1.0_1.0/video.mp4#frame=67
67,RIGHT_HIP,0.42722517251968384,0.23974083364009857,0.06951383501291275,0.9995239973068237,CapturedFrames_-3.0_1.0_1.0/video.mp4#frame=67
67,LEFT_KNEE,0.39347565174102783,0.36912745237350464,-0.03184418007731438,0.9943214654922485,CapturedFrames_-3.0_1.0_1.0/video.mp4#frame=67
67,RIGHT_KNEE,0.43400898575782776,0.36880555748939514,0.18627633154392242,0.6640973687171936,CapturedFrames_-3.0_1.0_1.0/video.mp4#frame=67
67,LEFT_ANKLE,0.3703540861606598,0.5053857564926147,0.027727628126740456,0.9959259033203125,CapturedFrames_-3.0_1.0_1.0/video.mp4#frame=67
67,RIGHT_ANKLE,0.462656170129776,0.4761720299720764,0.3099580407142639,0.8531450033187866,CapturedFrames_-3.0_1.0_1.0/video.mp4#frame=67
67,LEFT_HEEL,0.3741210103034973,0.5390139818191528,0.030384043231606483,0.9912531971931458,CapturedFrames_-3.0_1.0_1.0/video.mp4#frame=67
67,RIGHT_HEEL,0.47163838148117065,0.5031179189682007,0.3202791213989258,0.8601793050765991,CapturedFrames_-3.0_1.0_1.0/video.mp4#frame=67
67,LEFT_FOOT_INDEX,0.3278089165687561,0.5079535245895386,-0.02865874394774437,0.9904636144638062,CapturedFrames_-3.0_1.0_1.0/video.mp4#frame=67
67,RIGHT_FOOT_INDEX,0.4297144412994385,0.5028522610664368,0.29111841320991516,0.8793554902076721,CapturedFrames_-3.0_1.0_1.0/video.mp4#frame=67
68,NOSE,0.38390251994132996,-0.006679445505142212,-0.08756326138973236,0.9998847246170044,CapturedFrames_-3.0_1.0_1.0/video.mp4#frame=68
68,LEFT_EYE_INNER,0.38516634702682495,-0.018737494945526123,-0.10234065353870392,0.9998413324356079,CapturedFrames_-3.0_1.0_1.0/video.mp4#frame=68
68,LEFT_EYE,0.3859001100063324,-0.017484158277511597,-0.10240700095891953,0.9998592138290405,CapturedFrames_-3.0_1.0_1.0/video.mp4#frame=68
68,LEFT_EYE_OUTER,0.3864843249320984,-0.016271471977233887,-0.10245780646800995,0.9999076128005981,CapturedFrames_-3.0_1.0_1.0/video.mp4#frame=68
68,RIGHT_EYE_INNER,0.3843998908996582,-0.01806098222732544,-0.07842741906642914,0.9997971653938293,CapturedFrames_-3.0_1.0_1.0/video.mp4#frame=68
68,RIGHT_EYE,0.38468918204307556,-0.016644716262817383,-0.07841500639915466,0.9997312426567078,CapturedFrames_-3.0_1.0_1.0/video.mp4#frame=68
68,RIGHT_EYE_OUTER,0.3848586976528168,-0.01566144824028015,-0.07848814874887466,0.9997785687446594,CapturedFrames_-3.0_1.0_1.0/video.mp4#frame=68
68,LEFT_EAR,0.3935742676258087,-0.007215648889541626,-0.13618697226047516,0.9999223947525024,CapturedFrames_-3.0_1.0_1.0/video.mp4#frame=68
68,RIGHT_EAR,0.39153340458869934,-0.008009374141693115,-0.030388643965125084,0.9996813535690308,CapturedFrames_-3.0_1.0_1.0/video.mp4#frame=68
68,MOUTH_LEFT,0.38947856426239014,0.005677342414855957,-0.09752441942691803,0.9999572038650513,CapturedFrames_-3.0_1.0_1.0/video.mp4#frame=68
68,MOUTH_RIGHT,0.3874458074569702,0.006620913743972778,-0.06659501045942307,0.9998781681060791,CapturedFrames_-3.0_1.0_1.0/video.mp4#frame=68
68,LEFT_SHOULDER,0.4184669554233551,0.05507047474384308,-0.17622268199920654,0.9999939203262329,CapturedFrames_-3.0_1.0_1.0/video.mp4#frame=68
68,RIGHT_SHOULDER,0.4025193154811859,0.06649622321128845,0.05226670950651169,0.9997718930244446,CapturedFrames_-3.0_1.0_1.0/video.mp4#frame=68
68,LEFT_ELBOW,0.44484439492225647,0.16628918051719666,-0.19503717124462128,0.9880169630050659,CapturedFrames_-3.0_1.0_1.0/video.mp4#frame=68
68,RIGHT_ELBOW,0.3849181532859802,0.16548115015029907,0.08564785867929459,0.4806179702281952,CapturedFrames_-3.0_1.0_1.0/video.mp4#frame=68
68,LEFT_WRIST,0.4636167883872986,0.2625868618488312,-0.19963344931602478,0.9788934588432312,CapturedFrames_-3.0_1.0_1.0/video.mp4#frame=68
68,RIGHT_WRIST,0.34828880429267883,0.22757098078727722,0.03771303966641426,0.7431208491325378,CapturedFrames_-3.0_1.0_1.0/video.mp4#frame=68
68,LEFT_PINKY,0.4726288914680481,0.28542694449424744,-0.22190234065055847,0.9639114141464233,CapturedFrames_-3.0_1.0_1.0/video.mp4#frame=68
68,RIGHT_PINKY,0.3415756821632385,0.25111067295074463,0.035949960350990295,0.6726130247116089,CapturedFrames_-3.0_1.0_1.0/video.mp4#frame=68
68,LEFT_INDEX,0.4681183695793152,0.28892889618873596,-0.2321184128522873,0.9624632000923157,CapturedFrames_-3.0_1.0_1.0/video.mp4#frame=68
68,RIGHT_INDEX,0.34263575077056885,0.25157254934310913,0.010984662920236588,0.695252537727356,CapturedFrames_-3.0_1.0_1.0/video.mp4#frame=68
68,LEFT_THUMB,0.46330776810646057,0.28184065222740173,-0.2027629315853119,0.9496278762817383,CapturedFrames_-3.0_1.0_1.0/video.mp4#frame=68
68,RIGHT_THUMB,0.3449450731277466,0.2444899082183838,0.024701807647943497,0.7124873399734497,CapturedFrames_-3.0_1.0_1.0/video.mp4#frame=68
68,LEFT_HIP,0.42469364404678345,0.2526685297489166,-0.07219858467578888,0.9998183846473694,CapturedFrames_-3.0_1.0_1.0/video.mp4#frame=68
68,RIGHT_HIP,0.41712838411331177,0.25025683641433716,0.07223185151815414,0.9994039535522461,CapturedFrames_-3.0_1.0_1.0/video.mp4#frame=68
68,LEFT_KNEE,0.37607041001319885,0.3674505352973938,-0.04963169991970062,0.9791834950447083,CapturedFrames_-3.0_1.0_1.0/video.mp4#frame=68
68,RIGHT_KNEE,0.43184608221054077,0.3744378685951233,0.17860934138298035,0.6308475136756897,CapturedFrames_-3.0_1.0_1.0/video.mp4#frame=68
68,LEFT_ANKLE,0.3472749590873718,0.5042493343353271,-0.004531586077064276,0.9955763816833496,CapturedFrames_-3.0_1.0_1.0/video.mp4#frame=68
68,RIGHT_ANKLE,0.4604072570800781,0.4780028760433197,0.2869160771369934,0.8450321555137634,CapturedFrames_-3.0_1.0_1.0/video.mp4#frame=68
68,LEFT_HEEL,0.3476307988166809,0.5391463041305542,-0.003606518032029271,0.9892410635948181,CapturedFrames_-3.0_1.0_1.0/video.mp4#frame=68
68,RIGHT_HEEL,0.4710952341556549,0.5025429725646973,0.29613837599754333,0.847428023815155,CapturedFrames_-3.0_1.0_1.0/video.mp4#frame=68
68,LEFT_FOOT_INDEX,0.30518364906311035,0.4937531054019928,-0.06437478214502335,0.9907143115997314,CapturedFrames_-3.0_1.0_1.0/video.mp4#frame=68
68,RIGHT_FOOT_INDEX,0.4301060736179352,0.501081109046936,0.2700544595718384,0.8647624850273132,CapturedFrames_-3.0_1.0_1.0/video.mp4#frame=68
69,NOSE,0.36957210302352905,0.002228081226348877,-0.09490618109703064,0.9999244213104248,CapturedFrames_-3.0_1.0_1.0/video.mp4#frame=69
69,LEFT_EYE_INNER,0.3707849681377411,-0.01048743724822998,-0.11084069311618805,0.9998376369476318,CapturedFrames_-3.0_1.0_1.0/video.mp4#frame=69
69,LEFT_EYE,0.3715657889842987,-0.009890854358673096,-0.11089193820953369,0.9998712539672852,CapturedFrames_-3.0_1.0_1.0/video.mp4#frame=69
69,LEFT_EYE_OUTER,0.37223681807518005,-0.009326457977294922,-0.11093159019947052,0.9999089241027832,CapturedFrames_-3.0_1.0_1.0/video.mp4#frame=69
69,RIGHT_EYE_INNER,0.3705953359603882,-0.009946435689926147,-0.08565989136695862,0.9998171925544739,CapturedFrames_-3.0_1.0_1.0/video.mp4#frame=69
69,RIGHT_EYE,0.37122854590415955,-0.009886711835861206,-0.08565904945135117,0.9997827410697937,CapturedFrames_-3.0_1.0_1.0/video.mp4#frame=69
69,RIGHT_EYE_OUTER,0.3717890977859497,-0.009970247745513916,-0.08572668582201004,0.9998175501823425,CapturedFrames_-3.0_1.0_1.0/video.mp4#frame=69
69,LEFT_EAR,0.38108474016189575,-0.003003627061843872,-0.14642685651779175,0.999913215637207,CapturedFrames_-3.0_1.0_1.0/video.mp4#frame=69
69,RIGHT_EAR,0.3794849216938019,-0.006402105093002319,-0.0340072363615036,0.9997027516365051,CapturedFrames_-3.0_1.0_1.0/video.mp4#frame=69
69,MOUTH_LEFT,0.37572452425956726,0.01198875904083252,-0.10481276363134384,0.9999608993530273,CapturedFrames_-3.0_1.0_1.0/video.mp4#frame=69
69,MOUTH_RIGHT,0.3746071755886078,0.012010007165372372,-0.07207108289003372,0.9998898506164551,CapturedFrames_-3.0_1.0_1.0/video.mp4#frame=69
69,LEFT_SHOULDER,0.40570172667503357,0.058186426758766174,-0.1839221864938736,0.9999963045120239,CapturedFrames_-3.0_1.0_1.0/video.mp4#frame=69
69,RIGHT_SHOULDER,0.39087894558906555,0.06385205686092377,0.05143089219927788,0.999893069267273,CapturedFrames_-3.0_1.0_1.0/video.mp4#frame=69
69,LEFT_ELBOW,0.4346424639225006,0.16909071803092957,-0.20332130789756775,0.9929554462432861,CapturedFrames_-3.0_1.0_1.0/video.mp4#frame=69
69,RIGHT_ELBOW,0.3703864514827728,0.16545841097831726,0.08712998032569885,0.5202167630195618,CapturedFrames_-3.0_1.0_1.0/video.mp4#frame=69
69,LEFT_WRIST,0.45632290840148926,0.2684268057346344,-0.21429471671581268,0.9864484667778015,CapturedFrames_-3.0_1.0_1.0/video.mp4#frame=69
69,RIGHT_WRIST,0.3342224359512329,0.22928133606910706,0.03540026769042015,0.8067359924316406,CapturedFrames_-3.0_1.0_1.0/video.mp4#frame=69
69,LEFT_PINKY,0.4658523201942444,0.28803226351737976,-0.23873171210289001,0.9745761752128601,CapturedFrames_-3.0_1.0_1.0/video.mp4#frame=69
69,RIGHT_PINKY,0.32674312591552734,0.2515667676925659,0.03184457868337631,0.7450896501541138,CapturedFrames_-3.0_1.0_1.0/video.mp4#frame=69
69,LEFT_INDEX,0.4617459177970886,0.2910767197608948,-0.24845170974731445,0.9740453362464905,CapturedFrames_-3.0_1.0_1.0/video.mp4#frame=69
69,RIGHT_INDEX,0.32645177841186523,0.25367429852485657,0.005096841603517532,0.7629191875457764,CapturedFrames_-3.0_1.0_1.0/video.mp4#frame=69
69,LEFT_THUMB,0.4568644165992737,0.28592875599861145,-0.21763181686401367,0.9647930264472961,CapturedFrames_-3.0_1.0_1.0/video.mp4#frame=69
69,RIGHT_THUMB,0.32863378524780273,0.2474726140499115,0.021616803482174873,0.7684325575828552,CapturedFrames_-3.0_1.0_1.0/video.mp4#frame=69
69,LEFT_HIP,0.41143250465393066,0.2602691054344177,-0.0758538618683815,0.9999053478240967,CapturedFrames_-3.0_1.0_1.0/video.mp4#frame=69
69,RIGHT_HIP,0.4077293276786804,0.2535572052001953,0.0759400799870491,0.9996389150619507,CapturedFrames_-3.0_1.0_1.0/video.mp4#frame=69
69,LEFT_KNEE,0.3623071312904358,0.37542691826820374,-0.06404910236597061,0.9861175417900085,CapturedFrames_-3.0_1.0_1.0/video.mp4#frame=69
69,RIGHT_KNEE,0.42708665132522583,0.3779488503932953,0.22019915282726288,0.6170650124549866,CapturedFrames_-3.0_1.0_1.0/video.mp4#frame=69
69,LEFT_ANKLE,0.3311721384525299,0.5118741393089294,-0.029721539467573166,0.9964967370033264,CapturedFrames_-3.0_1.0_1.0/video.mp4#frame=69
69,RIGHT_ANKLE,0.4603758454322815,0.47401130199432373,0.3550112545490265,0.8391515612602234,CapturedFrames_-3.0_1.0_1.0/video.mp4#frame=69
69,LEFT_HEEL,0.3339168131351471,0.5435514450073242,-0.02940632775425911,0.9891152381896973,CapturedFrames_-3.0_1.0_1.0/video.mp4#frame=69
69,RIGHT_HEEL,0.4717489182949066,0.4960829019546509,0.3675251305103302,0.8684031963348389,CapturedFrames_-3.0_1.0_1.0/video.mp4#frame=69
69,LEFT_FOOT_INDEX,0.2912755012512207,0.5012032985687256,-0.09564128518104553,0.9931991696357727,CapturedFrames_-3.0_1.0_1.0/video.mp4#frame=69
69,RIGHT_FOOT_INDEX,0.4287564158439636,0.5008338093757629,0.35066428780555725,0.8831458687782288,CapturedFrames_-3.0_1.0_1.0/video.mp4#frame=69
70,NOSE,0.35610106587409973,0.0011293888092041016,-0.10100380331277847,0.9999641180038452,CapturedFrames_-3.0_1.0_1.0/video.mp4#frame=70
70,LEFT_EYE_INNER,0.3574543297290802,-0.009364336729049683,-0.11610231548547745,0.9999386072158813,CapturedFrames_-3.0_1.0_1.0/video.mp4#frame=70
70,LEFT_EYE,0.358195960521698,-0.008871316909790039,-0.11614103615283966,0.9999467134475708,CapturedFrames_-3.0_1.0_1.0/video.mp4#frame=70
70,LEFT_EYE_OUTER,0.3589134216308594,-0.008405864238739014,-0.11616846174001694,0.9999648332595825,CapturedFrames_-3.0_1.0_1.0/video.mp4#frame=70
70,RIGHT_EYE_INNER,0.3574928939342499,-0.008997827768325806,-0.09103424847126007,0.9999212026596069,CapturedFrames_-3.0_1.0_1.0/video.mp4#frame=70
70,RIGHT_EYE,0.35828697681427,-0.008657842874526978,-0.09103568643331528,0.999903678894043,CapturedFrames_-3.0_1.0_1.0/video.mp4#frame=70
70,RIGHT_EYE_OUTER,0.35902005434036255,-0.00850445032119751,-0.09109696000814438,0.9999302625656128,CapturedFrames_-3.0_1.0_1.0/video.mp4#frame=70
70,LEFT_EAR,0.3684439957141876,-0.0038456618785858154,-0.15106746554374695,0.9999626874923706,CapturedFrames_-3.0_1.0_1.0/video.mp4#frame=70
70,RIGHT_EAR,0.36755824089050293,-0.005411505699157715,-0.03943776339292526,0.9998815059661865,CapturedFrames_-3.0_1.0_1.0/video.mp4#frame=70
70,MOUTH_LEFT,0.3612547814846039,0.010741472244262695,-0.1113094836473465,0.9999856948852539,CapturedFrames_-3.0_1.0_1.0/video.mp4#frame=70
70,MOUTH_RIGHT,0.36050987243652344,0.01127734687179327,-0.07871831208467484,0.9999600648880005,CapturedFrames_-3.0_1.0_1.0/video.mp4#frame=70
70,LEFT_SHOULDER,0.3961975574493408,0.06167849898338318,-0.18637244403362274,0.9999954700469971,CapturedFrames_-3.0_1.0_1.0/video.mp4#frame=70
70,RIGHT_SHOULDER,0.3783421516418457,0.0665329247713089,0.04291434586048126,0.999885082244873,CapturedFrames_-3.0_1.0_1.0/video.mp4#frame=70
70,LEFT_ELBOW,0.4234812259674072,0.17394515872001648,-0.20338492095470428,0.9919664859771729,CapturedFrames_-3.0_1.0_1.0/video.mp4#frame=70
70,RIGHT_ELBOW,0.35917210578918457,0.16886654496192932,0.07521606981754303,0.5705137848854065,CapturedFrames_-3.0_1.0_1.0/video.mp4#frame=70
70,LEFT_WRIST,0.4459097981452942,0.2728240489959717,-0.21600529551506042,0.9852724671363831,CapturedFrames_-3.0_1.0_1.0/video.mp4#frame=70
70,RIGHT_WRIST,0.32186025381088257,0.23459389805793762,0.021482208743691444,0.8068103194236755,CapturedFrames_-3.0_1.0_1.0/video.mp4#frame=70
70,LEFT_PINKY,0.4568959176540375,0.292478084564209,-0.24097613990306854,0.9738596677780151,CapturedFrames_-3.0_1.0_1.0/video.mp4#frame=70
70,RIGHT_PINKY,0.3147895932197571,0.2570440173149109,0.016401460394263268,0.742999792098999,CapturedFrames_-3.0_1.0_1.0/video.mp4#frame=70
70,LEFT_INDEX,0.45294421911239624,0.29733961820602417,-0.25063005089759827,0.9730122089385986,CapturedFrames_-3.0_1.0_1.0/video.mp4#frame=70
70,RIGHT_INDEX,0.314850389957428,0.25853753089904785,-0.010486218146979809,0.7623485326766968,CapturedFrames_-3.0_1.0_1.0/video.mp4#frame=70
70,LEFT_THUMB,0.4477052092552185,0.2918127179145813,-0.21936598420143127,0.9635302424430847,CapturedFrames_-3.0_1.0_1.0/video.mp4#frame=70
70,RIGHT_THUMB,0.31711164116859436,0.25134438276290894,0.007474652025848627,0.7715651988983154,CapturedFrames_-3.0_1.0_1.0/video.mp4#frame=70
70,LEFT_HIP,0.40087470412254333,0.26386722922325134,-0.0732835978269577,0.9998517036437988,CapturedFrames_-3.0_1.0_1.0/video.mp4#frame=70
70,RIGHT_HIP,0.3962478041648865,0.2563716769218445,0.07333914190530777,0.9994669556617737,CapturedFrames_-3.0_1.0_1.0/video.mp4#frame=70
70,LEFT_KNEE,0.3523288071155548,0.3831135630607605,-0.05228067561984062,0.9865777492523193,CapturedFrames_-3.0_1.0_1.0/video.mp4#frame=70
70,RIGHT_KNEE,0.4220563769340515,0.3827877342700958,0.21081659197807312,0.6867561340332031,CapturedFrames_-3.0_1.0_1.0/video.mp4#frame=70
70,LEFT_ANKLE,0.32594573497772217,0.5238088369369507,-0.011168893426656723,0.9976392984390259,CapturedFrames_-3.0_1.0_1.0/video.mp4#frame=70
70,RIGHT_ANKLE,0.45917758345603943,0.4726719260215759,0.3456472158432007,0.8685492873191833,CapturedFrames_-3.0_1.0_1.0/video.mp4#frame=70
70,LEFT_HEEL,0.3306550979614258,0.5547184944152832,-0.0108092175796628,0.9901297688484192,CapturedFrames_-3.0_1.0_1.0/video.mp4#frame=70
70,RIGHT_HEEL,0.4719153344631195,0.490694522857666,0.3582566976547241,0.8978375792503357,CapturedFrames_-3.0_1.0_1.0/video.mp4#frame=70
70,LEFT_FOOT_INDEX,0.283248633146286,0.525651216506958,-0.081012062728405,0.9945198893547058,CapturedFrames_-3.0_1.0_1.0/video.mp4#frame=70
70,RIGHT_FOOT_INDEX,0.43046218156814575,0.5046021342277527,0.33808329701423645,0.9079310297966003,CapturedFrames_-3.0_1.0_1.0/video.mp4#frame=70
71,NOSE,0.342992901802063,0.002399265766143799,-0.1056717038154602,0.9999727010726929,CapturedFrames_-3.0_1.0_1.0/video.mp4#frame=71
71,LEFT_EYE_INNER,0.34407445788383484,-0.009947210550308228,-0.12174351513385773,0.9999440908432007,CapturedFrames_-3.0_1.0_1.0/video.mp4#frame=71
71,LEFT_EYE,0.3449631929397583,-0.009612232446670532,-0.12178043276071548,0.9999520778656006,CapturedFrames_-3.0_1.0_1.0/video.mp4#frame=71
71,LEFT_EYE_OUTER,0.345626562833786,-0.009261071681976318,-0.12180794775485992,0.9999668598175049,CapturedFrames_-3.0_1.0_1.0/video.mp4#frame=71
71,RIGHT_EYE_INNER,0.3438810706138611,-0.009482592344284058,-0.09648369997739792,0.9999327659606934,CapturedFrames_-3.0_1.0_1.0/video.mp4#frame=71
71,RIGHT_EYE,0.34451860189437866,-0.009142100811004639,-0.0964839980006218,0.9999198913574219,CapturedFrames_-3.0_1.0_1.0/video.mp4#frame=71
71,RIGHT_EYE_OUTER,0.3453690707683563,-0.009096860885620117,-0.09654101729393005,0.9999392032623291,CapturedFrames_-3.0_1.0_1.0/video.mp4#frame=71
71,LEFT_EAR,0.3551250696182251,-0.002627462148666382,-0.15749558806419373,0.9999675750732422,CapturedFrames_-3.0_1.0_1.0/video.mp4#frame=71
71,RIGHT_EAR,0.3546907305717468,-0.004155516624450684,-0.04406827688217163,0.9999010562896729,CapturedFrames_-3.0_1.0_1.0/video.mp4#frame=71
71,MOUTH_LEFT,0.3490740656852722,0.011886417865753174,-0.1155143529176712,0.9999886751174927,CapturedFrames_-3.0_1.0_1.0/video.mp4#frame=71
71,MOUTH_RIGHT,0.3482033610343933,0.012515366077423096,-0.08247162401676178,0.9999666213989258,CapturedFrames_-3.0_1.0_1.0/video.mp4#frame=71
71,LEFT_SHOULDER,0.3818856477737427,0.06396055221557617,-0.18998894095420837,0.9999982118606567,CapturedFrames_-3.0_1.0_1.0/video.mp4#frame=71
71,RIGHT_SHOULDER,0.36746054887771606,0.06809930503368378,0.04107224568724632,0.9999473094940186,CapturedFrames_-3.0_1.0_1.0/video.mp4#frame=71
71,LEFT_ELBOW,0.4110945165157318,0.18314877152442932,-0.20499129593372345,0.9924744963645935,CapturedFrames_-3.0_1.0_1.0/video.mp4#frame=71
71,RIGHT_ELBOW,0.3486075699329376,0.1750181019306183,0.07635793834924698,0.5418250560760498,CapturedFrames_-3.0_1.0_1.0/video.mp4#frame=71
71,LEFT_WRIST,0.43125635385513306,0.27900564670562744,-0.21585722267627716,0.9876077771186829,CapturedFrames_-3.0_1.0_1.0/video.mp4#frame=71
71,RIGHT_WRIST,0.313496470451355,0.24152305722236633,0.01976289600133896,0.8375608921051025,CapturedFrames_-3.0_1.0_1.0/video.mp4#frame=71
71,LEFT_PINKY,0.44253531098365784,0.30002260208129883,-0.2398504763841629,0.9777848720550537,CapturedFrames_-3.0_1.0_1.0/video.mp4#frame=71
71,RIGHT_PINKY,0.30632781982421875,0.26621589064598083,0.013823514804244041,0.7830405235290527,CapturedFrames_-3.0_1.0_1.0/video.mp4#frame=71
71,LEFT_INDEX,0.4386506676673889,0.3027971386909485,-0.2506142258644104,0.9774398803710938,CapturedFrames_-3.0_1.0_1.0/video.mp4#frame=71
71,RIGHT_INDEX,0.30652251839637756,0.267231822013855,-0.012801045551896095,0.7999924421310425,CapturedFrames_-3.0_1.0_1.0/video.mp4#frame=71
71,LEFT_THUMB,0.43226519227027893,0.2967352867126465,-0.21946993470191956,0.9687188267707825,CapturedFrames_-3.0_1.0_1.0/video.mp4#frame=71
71,RIGHT_THUMB,0.3086300492286682,0.2600035071372986,0.005898078437894583,0.8010126948356628,CapturedFrames_-3.0_1.0_1.0/video.mp4#frame=71
71,LEFT_HIP,0.3905881941318512,0.2662581503391266,-0.07641776651144028,0.9999324083328247,CapturedFrames_-3.0_1.0_1.0/video.mp4#frame=71
71,RIGHT_HIP,0.3837517201900482,0.2596416473388672,0.0764433816075325,0.999681830406189,CapturedFrames_-3.0_1.0_1.0/video.mp4#frame=71
71,LEFT_KNEE,0.34309524297714233,0.38501688838005066,-0.07051917910575867,0.9910145401954651,CapturedFrames_-3.0_1.0_1.0/video.mp4#frame=71
71,RIGHT_KNEE,0.4135109782218933,0.3773481547832489,0.22108177840709686,0.7086979746818542,CapturedFrames_-3.0_1.0_1.0/video.mp4#frame=71
71,LEFT_ANKLE,0.3214914798736572,0.5312527418136597,-0.03776600956916809,0.9982727766036987,CapturedFrames_-3.0_1.0_1.0/video.mp4#frame=71
71,RIGHT_ANKLE,0.4571238160133362,0.472182959318161,0.35540634393692017,0.887130081653595,CapturedFrames_-3.0_1.0_1.0/video.mp4#frame=71
71,LEFT_HEEL,0.32874858379364014,0.5631245374679565,-0.03810510411858559,0.9889834523200989,CapturedFrames_-3.0_1.0_1.0/video.mp4#frame=71
71,RIGHT_HEEL,0.4704671800136566,0.4897861182689667,0.3679716885089874,0.9013647437095642,CapturedFrames_-3.0_1.0_1.0/video.mp4#frame=71
71,LEFT_FOOT_INDEX,0.27879077196121216,0.5463255643844604,-0.10921595990657806,0.9959834814071655,CapturedFrames_-3.0_1.0_1.0/video.mp4#frame=71
71,RIGHT_FOOT_INDEX,0.42929807305336,0.5087934732437134,0.35367724299430847,0.9276214838027954,CapturedFrames_-3.0_1.0_1.0/video.mp4#frame=71
72,NOSE,0.33173689246177673,-0.0016508400440216064,-0.11006703227758408,0.9999758005142212,CapturedFrames_-3.0_1.0_1.0/video.mp4#frame=72
72,LEFT_EYE_INNER,0.3338957726955414,-0.013074069283902645,-0.1255372017621994,0.9999473094940186,CapturedFrames_-3.0_1.0_1.0/video.mp4#frame=72
72,LEFT_EYE,0.33478525280952454,-0.012917608954012394,-0.1255658119916916,0.9999545812606812,CapturedFrames_-3.0_1.0_1.0/video.mp4#frame=72
72,LEFT_EYE_OUTER,0.3355218172073364,-0.012701272964477539,-0.12558795511722565,0.9999680519104004,CapturedFrames_-3.0_1.0_1.0/video.mp4#frame=72
72,RIGHT_EYE_INNER,0.3333311975002289,-0.01268911361694336,-0.10140416771173477,0.999937891960144,CapturedFrames_-3.0_1.0_1.0/video.mp4#frame=72
72,RIGHT_EYE,0.3338269293308258,-0.012420744635164738,-0.1014118418097496,0.9999279975891113,CapturedFrames_-3.0_1.0_1.0/video.mp4#frame=72
72,RIGHT_EYE_OUTER,0.33428752422332764,-0.01225501298904419,-0.1014641523361206,0.9999449253082275,CapturedFrames_-3.0_1.0_1.0/video.mp4#frame=72
72,LEFT_EAR,0.3442234694957733,-0.00749620795249939,-0.15884368121623993,0.9999662637710571,CapturedFrames_-3.0_1.0_1.0/video.mp4#frame=72
72,RIGHT_EAR,0.3420681655406952,-0.008208990097045898,-0.05037827417254448,0.9999027252197266,CapturedFrames_-3.0_1.0_1.0/video.mp4#frame=72
72,MOUTH_LEFT,0.3372611105442047,0.00761103630065918,-0.11902397871017456,0.999988317489624,CapturedFrames_-3.0_1.0_1.0/video.mp4#frame=72
72,MOUTH_RIGHT,0.3358055055141449,0.00855293869972229,-0.08740556985139847,0.9999675750732422,CapturedFrames_-3.0_1.0_1.0/video.mp4#frame=72
72,LEFT_SHOULDER,0.37229084968566895,0.06246298551559448,-0.19127950072288513,0.9999974966049194,CapturedFrames_-3.0_1.0_1.0/video.mp4#frame=72
72,RIGHT_SHOULDER,0.3523729741573334,0.07124583423137665,0.032837752252817154,0.9999098777770996,CapturedFrames_-3.0_1.0_1.0/video.mp4#frame=72
72,LEFT_ELBOW,0.3975257873535156,0.18098574876785278,-0.20638713240623474,0.9932287931442261,CapturedFrames_-3.0_1.0_1.0/video.mp4#frame=72
72,RIGHT_ELBOW,0.3395712375640869,0.17760580778121948,0.06388524919748306,0.3827345669269562,CapturedFrames_-3.0_1.0_1.0/video.mp4#frame=72
72,LEFT_WRIST,0.41609400510787964,0.28412434458732605,-0.21033819019794464,0.983707845211029,CapturedFrames_-3.0_1.0_1.0/video.mp4#frame=72
72,RIGHT_WRIST,0.30761775374412537,0.25587984919548035,0.009700242429971695,0.6841045022010803,CapturedFrames_-3.0_1.0_1.0/video.mp4#frame=72
72,LEFT_PINKY,0.42815589904785156,0.30589964985847473,-0.23252058029174805,0.9709149599075317,CapturedFrames_-3.0_1.0_1.0/video.mp4#frame=72
72,RIGHT_PINKY,0.3006441295146942,0.278927743434906,0.0034059961326420307,0.6356006860733032,CapturedFrames_-3.0_1.0_1.0/video.mp4#frame=72
72,LEFT_INDEX,0.4228118062019348,0.31062909960746765,-0.24190910160541534,0.9701078534126282,CapturedFrames_-3.0_1.0_1.0/video.mp4#frame=72
72,RIGHT_INDEX,0.3008612394332886,0.27877962589263916,-0.024182628840208054,0.6593931913375854,CapturedFrames_-3.0_1.0_1.0/video.mp4#frame=72
72,LEFT_THUMB,0.4149763584136963,0.3035948574542999,-0.21308478713035583,0.9621132612228394,CapturedFrames_-3.0_1.0_1.0/video.mp4#frame=72
72,RIGHT_THUMB,0.30342811346054077,0.2721374034881592,-0.004413800314068794,0.6699758172035217,CapturedFrames_-3.0_1.0_1.0/video.mp4#frame=72
72,LEFT_HIP,0.37734195590019226,0.2708170711994171,-0.07473765313625336,0.9998838901519775,CapturedFrames_-3.0_1.0_1.0/video.mp4#frame=72
72,RIGHT_HIP,0.3692578077316284,0.26468783617019653,0.07475540786981583,0.9994164705276489,CapturedFrames_-3.0_1.0_1.0/video.mp4#frame=72
72,LEFT_KNEE,0.329219788312912,0.39592283964157104,-0.06919639557600021,0.991151750087738,CapturedFrames_-3.0_1.0_1.0/video.mp4#frame=72
72,RIGHT_KNEE,0.40512552857398987,0.38736000657081604,0.20559577643871307,0.6673416495323181,CapturedFrames_-3.0_1.0_1.0/video.mp4#frame=72
72,LEFT_ANKLE,0.3163721561431885,0.5433395504951477,-0.03976326808333397,0.9982830286026001,CapturedFrames_-3.0_1.0_1.0/video.mp4#frame=72
72,RIGHT_ANKLE,0.45220813155174255,0.4728143811225891,0.3359781503677368,0.8852565884590149,CapturedFrames_-3.0_1.0_1.0/video.mp4#frame=72
72,LEFT_HEEL,0.3253091871738434,0.5703474283218384,-0.04091385751962662,0.9899820685386658,CapturedFrames_-3.0_1.0_1.0/video.mp4#frame=72
72,RIGHT_HEEL,0.4656602740287781,0.485041081905365,0.3481478691101074,0.9184128046035767,CapturedFrames_-3.0_1.0_1.0/video.mp4#frame=72
72,LEFT_FOOT_INDEX,0.27767881751060486,0.5705893039703369,-0.1113886684179306,0.9948242902755737,CapturedFrames_-3.0_1.0_1.0/video.mp4#frame=72
72,RIGHT_FOOT_INDEX,0.42852646112442017,0.5156770348548889,0.3353371024131775,0.922250509262085,CapturedFrames_-3.0_1.0_1.0/video.mp4#frame=72
73,NOSE,0.31863218545913696,0.0005088448524475098,-0.08535362035036087,0.9998910427093506,CapturedFrames_-3.0_1.0_1.0/video.mp4#frame=73
73,LEFT_EYE_INNER,0.3207434415817261,-0.011749773286283016,-0.1009126678109169,0.9998451471328735,CapturedFrames_-3.0_1.0_1.0/video.mp4#frame=73
73,LEFT_EYE,0.3217344284057617,-0.01135298702865839,-0.10095073282718658,0.9998586177825928,CapturedFrames_-3.0_1.0_1.0/video.mp4#frame=73
73,LEFT_EYE_OUTER,0.3225468397140503,-0.010885626077651978,-0.10100369155406952,0.9999033212661743,CapturedFrames_-3.0_1.0_1.0/video.mp4#frame=73
73,RIGHT_EYE_INNER,0.3198927640914917,-0.01119619607925415,-0.07751909643411636,0.9997788071632385,CapturedFrames_-3.0_1.0_1.0/video.mp4#frame=73
73,RIGHT_EYE,0.3202950954437256,-0.01069369912147522,-0.07749979943037033,0.9997056126594543,CapturedFrames_-3.0_1.0_1.0/video.mp4#frame=73
73,RIGHT_EYE_OUTER,0.32062891125679016,-0.010417193174362183,-0.0775572806596756,0.9997729659080505,CapturedFrames_-3.0_1.0_1.0/video.mp4#frame=73
73,LEFT_EAR,0.33182135224342346,-0.0033214986324310303,-0.1322222650051117,0.9999291896820068,CapturedFrames_-3.0_1.0_1.0/video.mp4#frame=73
73,RIGHT_EAR,0.3305493891239166,-0.005048602819442749,-0.02676314488053322,0.9996923208236694,CapturedFrames_-3.0_1.0_1.0/video.mp4#frame=73
73,MOUTH_LEFT,0.32466942071914673,0.009500741958618164,-0.092925526201725,0.9999593496322632,CapturedFrames_-3.0_1.0_1.0/video.mp4#frame=73
73,MOUTH_RIGHT,0.32321760058403015,0.010273545980453491,-0.06234079599380493,0.9998891353607178,CapturedFrames_-3.0_1.0_1.0/video.mp4#frame=73
73,LEFT_SHOULDER,0.3593333661556244,0.0647735744714737,-0.17074938118457794,0.9999984502792358,CapturedFrames_-3.0_1.0_1.0/video.mp4#frame=73
73,RIGHT_SHOULDER,0.3406807482242584,0.0766809731721878,0.058266110718250275,0.9999240636825562,CapturedFrames_-3.0_1.0_1.0/video.mp4#frame=73
73,LEFT_ELBOW,0.38198378682136536,0.1819147765636444,-0.18737255036830902,0.9941494464874268,CapturedFrames_-3.0_1.0_1.0/video.mp4#frame=73
73,RIGHT_ELBOW,0.3343867063522339,0.18265612423419952,0.09588680416345596,0.2821258306503296,CapturedFrames_-3.0_1.0_1.0/video.mp4#frame=73
73,LEFT_WRIST,0.3982234597206116,0.28764545917510986,-0.18269586563110352,0.9888259172439575,CapturedFrames_-3.0_1.0_1.0/video.mp4#frame=73
73,RIGHT_WRIST,0.30563172698020935,0.2596093714237213,0.04119715467095375,0.6654688119888306,CapturedFrames_-3.0_1.0_1.0/video.mp4#frame=73
73,LEFT_PINKY,0.4084870219230652,0.31164613366127014,-0.20490078628063202,0.9807132482528687,CapturedFrames_-3.0_1.0_1.0/video.mp4#frame=73
73,RIGHT_PINKY,0.2985741198062897,0.2827627658843994,0.03529146686196327,0.649114191532135,CapturedFrames_-3.0_1.0_1.0/video.mp4#frame=73
73,LEFT_INDEX,0.40359359979629517,0.31614524126052856,-0.21451537311077118,0.9804377555847168,CapturedFrames_-3.0_1.0_1.0/video.mp4#frame=73
73,RIGHT_INDEX,0.29948049783706665,0.2817525267601013,0.009223314002156258,0.675373375415802,CapturedFrames_-3.0_1.0_1.0/video.mp4#frame=73
73,LEFT_THUMB,0.3976317048072815,0.30994829535484314,-0.1849410980939865,0.9747918248176575,CapturedFrames_-3.0_1.0_1.0/video.mp4#frame=73
73,RIGHT_THUMB,0.3024336099624634,0.2750452160835266,0.02797062136232853,0.678568422794342,CapturedFrames_-3.0_1.0_1.0/video.mp4#frame=73
73,LEFT_HIP,0.361061692237854,0.2690673768520355,-0.0763169676065445,0.9999301433563232,CapturedFrames_-3.0_1.0_1.0/video.mp4#frame=73
73,RIGHT_HIP,0.3565773367881775,0.2647334039211273,0.07631520926952362,0.9997243285179138,CapturedFrames_-3.0_1.0_1.0/video.mp4#frame=73
73,LEFT_KNEE,0.3116382658481598,0.3904651999473572,-0.06088908761739731,0.9985274076461792,CapturedFrames_-3.0_1.0_1.0/video.mp4#frame=73
73,RIGHT_KNEE,0.38443952798843384,0.3915683627128601,0.17703953385353088,0.8591745495796204,CapturedFrames_-3.0_1.0_1.0/video.mp4#frame=73
73,LEFT_ANKLE,0.3177221417427063,0.5385904312133789,-0.009381408803164959,0.9990357160568237,CapturedFrames_-3.0_1.0_1.0/video.mp4#frame=73
73,RIGHT_ANKLE,0.439826101064682,0.4629916846752167,0.28767603635787964,0.9641855359077454,CapturedFrames_-3.0_1.0_1.0/video.mp4#frame=73
73,LEFT_HEEL,0.32670384645462036,0.5665749311447144,-0.0065530771389603615,0.99583899974823,CapturedFrames_-3.0_1.0_1.0/video.mp4#frame=73
73,RIGHT_HEEL,0.45961347222328186,0.46927952766418457,0.2978014349937439,0.9634204506874084,CapturedFrames_-3.0_1.0_1.0/video.mp4#frame=73
73,LEFT_FOOT_INDEX,0.2774862051010132,0.5702760815620422,-0.05220913887023926,0.9957063794136047,CapturedFrames_-3.0_1.0_1.0/video.mp4#frame=73
73,RIGHT_FOOT_INDEX,0.4297792315483093,0.514205813407898,0.2871222496032715,0.9544766545295715,CapturedFrames_-3.0_1.0_1.0/video.mp4#frame=73
74,NOSE,0.3060053586959839,-0.0004610121250152588,-0.09140074253082275,0.9998268485069275,CapturedFrames_-3.0_1.0_1.0/video.mp4#frame=74
74,LEFT_EYE_INNER,0.30842819809913635,-0.014698326587677002,-0.10808998346328735,0.9997965693473816,CapturedFrames_-3.0_1.0_1.0/video.mp4#frame=74
74,LEFT_EYE,0.3092968463897705,-0.013598978519439697,-0.10812525451183319,0.999819815158844,CapturedFrames_-3.0_1.0_1.0/video.mp4#frame=74
74,LEFT_EYE_OUTER,0.3099859356880188,-0.012533366680145264,-0.10816432535648346,0.9998767375946045,CapturedFrames_-3.0_1.0_1.0/video.mp4#frame=74
74,RIGHT_EYE_INNER,0.307699978351593,-0.014189720153808594,-0.08297552913427353,0.9996706247329712,CapturedFrames_-3.0_1.0_1.0/video.mp4#frame=74
74,RIGHT_EYE,0.3081761300563812,-0.01153576374053955,-0.0829681009054184,0.9995288848876953,CapturedFrames_-3.0_1.0_1.0/video.mp4#frame=74
74,RIGHT_EYE_OUTER,0.30853161215782166,-0.010824829339981079,-0.0830281600356102,0.9996247291564941,CapturedFrames_-3.0_1.0_1.0/video.mp4#frame=74
74,LEFT_EAR,0.31899943947792053,-0.002847820520401001,-0.14596357941627502,0.999919056892395,CapturedFrames_-3.0_1.0_1.0/video.mp4#frame=74
74,RIGHT_EAR,0.3180338740348816,-0.004788786172866821,-0.03280331566929817,0.9994242191314697,CapturedFrames_-3.0_1.0_1.0/video.mp4#frame=74
74,MOUTH_LEFT,0.31248053908348083,0.009566426277160645,-0.10137025266885757,0.9999293088912964,CapturedFrames_-3.0_1.0_1.0/video.mp4#frame=74
74,MOUTH_RIGHT,0.31106236577033997,0.010116904973983765,-0.06857667118310928,0.9997768998146057,CapturedFrames_-3.0_1.0_1.0/video.mp4#frame=74
74,LEFT_SHOULDER,0.34651023149490356,0.06474223732948303,-0.18844705820083618,0.9999984502792358,CapturedFrames_-3.0_1.0_1.0/video.mp4#frame=74
74,RIGHT_SHOULDER,0.3301992118358612,0.07592858374118805,0.05448703095316887,0.9998390674591064,CapturedFrames_-3.0_1.0_1.0/video.mp4#frame=74
74,LEFT_ELBOW,0.3671926259994507,0.1893412470817566,-0.20596417784690857,0.9961663484573364,CapturedFrames_-3.0_1.0_1.0/video.mp4#frame=74
74,RIGHT_ELBOW,0.32445427775382996,0.18534237146377563,0.09623312950134277,0.2425253987312317,CapturedFrames_-3.0_1.0_1.0/video.mp4#frame=74
74,LEFT_WRIST,0.37695425748825073,0.2938295602798462,-0.19509682059288025,0.9952508211135864,CapturedFrames_-3.0_1.0_1.0/video.mp4#frame=74
74,RIGHT_WRIST,0.304900586605072,0.26494094729423523,0.05192214250564575,0.6301129460334778,CapturedFrames_-3.0_1.0_1.0/video.mp4#frame=74
74,LEFT_PINKY,0.38637036085128784,0.3206813633441925,-0.2152833491563797,0.9909948706626892,CapturedFrames_-3.0_1.0_1.0/video.mp4#frame=74
74,RIGHT_PINKY,0.2988373041152954,0.28777265548706055,0.047652360051870346,0.6048576831817627,CapturedFrames_-3.0_1.0_1.0/video.mp4#frame=74
74,LEFT_INDEX,0.3809169828891754,0.32524773478507996,-0.2234940081834793,0.990706741809845,CapturedFrames_-3.0_1.0_1.0/video.mp4#frame=74
74,RIGHT_INDEX,0.2987990081310272,0.28701984882354736,0.02394353598356247,0.6281384825706482,CapturedFrames_-3.0_1.0_1.0/video.mp4#frame=74
74,LEFT_THUMB,0.37468570470809937,0.31731295585632324,-0.19610628485679626,0.9865824580192566,CapturedFrames_-3.0_1.0_1.0/video.mp4#frame=74
74,RIGHT_THUMB,0.30161216855049133,0.2802298665046692,0.039586249738931656,0.6343960165977478,CapturedFrames_-3.0_1.0_1.0/video.mp4#frame=74
74,LEFT_HIP,0.3461250960826874,0.27300402522087097,-0.07802440971136093,0.9999616146087646,CapturedFrames_-3.0_1.0_1.0/video.mp4#frame=74
74,RIGHT_HIP,0.34492361545562744,0.26975011825561523,0.07793501019477844,0.9998300075531006,CapturedFrames_-3.0_1.0_1.0/video.mp4#frame=74
74,LEFT_KNEE,0.30161052942276,0.3948090970516205,-0.0619380846619606,0.9968538880348206,CapturedFrames_-3.0_1.0_1.0/video.mp4#frame=74
74,RIGHT_KNEE,0.36383652687072754,0.39877238869667053,0.1633233278989792,0.9136962890625,CapturedFrames_-3.0_1.0_1.0/video.mp4#frame=74
74,LEFT_ANKLE,0.31539711356163025,0.5421339273452759,-0.0078095728531479836,0.9986667633056641,CapturedFrames_-3.0_1.0_1.0/video.mp4#frame=74
74,RIGHT_ANKLE,0.4255152642726898,0.4547761380672455,0.26968133449554443,0.9796857237815857,CapturedFrames_-3.0_1.0_1.0/video.mp4#frame=74
74,LEFT_HEEL,0.32448089122772217,0.566741406917572,-0.005252892151474953,0.9937760829925537,CapturedFrames_-3.0_1.0_1.0/video.mp4#frame=74
74,RIGHT_HEEL,0.4413987100124359,0.45024120807647705,0.2798074781894684,0.9804952144622803,CapturedFrames_-3.0_1.0_1.0/video.mp4#frame=74
74,LEFT_FOOT_INDEX,0.27518022060394287,0.5730584859848022,-0.05482318997383118,0.9969415068626404,CapturedFrames_-3.0_1.0_1.0/video.mp4#frame=74
74,RIGHT_FOOT_INDEX,0.4244590699672699,0.5161285996437073,0.2693961560726166,0.9810356497764587,CapturedFrames_-3.0_1.0_1.0/video.mp4#frame=74
75,NOSE,0.2927616834640503,-0.01785820722579956,-0.08248836547136307,0.999879002571106,CapturedFrames_-3.0_1.0_1.0/video.mp4#frame=75
75,LEFT_EYE_INNER,0.29592588543891907,-0.027740478515625,-0.10009374469518661,0.9998902082443237,CapturedFrames_-3.0_1.0_1.0/video.mp4#frame=75
75,LEFT_EYE,0.29764461517333984,-0.029058275744318962,-0.10011762380599976,0.9999058246612549,CapturedFrames_-3.0_1.0_1.0/video.mp4#frame=75
75,LEFT_EYE_OUTER,0.29934775829315186,-0.030332861468195915,-0.10014555603265762,0.9999258518218994,CapturedFrames_-3.0_1.0_1.0/video.mp4#frame=75
75,RIGHT_EYE_INNER,0.2952147126197815,-0.026006847620010376,-0.07468302547931671,0.9997696280479431,CapturedFrames_-3.0_1.0_1.0/video.mp4#frame=75
75,RIGHT_EYE,0.29604876041412354,-0.025910796597599983,-0.07467814534902573,0.9997175335884094,CapturedFrames_-3.0_1.0_1.0/video.mp4#frame=75
75,RIGHT_EYE_OUTER,0.29634931683540344,-0.034055233001708984,-0.07473058998584747,0.9997629523277283,CapturedFrames_-3.0_1.0_1.0/video.mp4#frame=75
75,LEFT_EAR,0.3074875771999359,-0.019720852375030518,-0.1432812511920929,0.9999481439590454,CapturedFrames_-3.0_1.0_1.0/video.mp4#frame=75
75,RIGHT_EAR,0.3058414161205292,-0.025662003085017204,-0.02986631914973259,0.9996181726455688,CapturedFrames_-3.0_1.0_1.0/video.mp4#frame=75
75,MOUTH_LEFT,0.30095770955085754,-0.0027353763580322266,-0.09457889199256897,0.9999388456344604,CapturedFrames_-3.0_1.0_1.0/video.mp4#frame=75
75,MOUTH_RIGHT,0.2990390658378601,-0.00040465593338012695,-0.061760880053043365,0.9998100399971008,CapturedFrames_-3.0_1.0_1.0/video.mp4#frame=75
75,LEFT_SHOULDER,0.3340732157230377,0.05693262815475464,-0.1920529156923294,0.9999971389770508,CapturedFrames_-3.0_1.0_1.0/video.mp4#frame=75
75,RIGHT_SHOULDER,0.3208722174167633,0.06168116629123688,0.05487721413373947,0.9995679259300232,CapturedFrames_-3.0_1.0_1.0/video.mp4#frame=75
75,LEFT_ELBOW,0.3490341901779175,0.19082537293434143,-0.19080454111099243,0.9942830204963684,CapturedFrames_-3.0_1.0_1.0/video.mp4#frame=75
75,RIGHT_ELBOW,0.32080963253974915,0.1752975732088089,0.08572537451982498,0.11347272247076035,CapturedFrames_-3.0_1.0_1.0/video.mp4#frame=75
75,LEFT_WRIST,0.3517586290836334,0.3050505518913269,-0.14698486030101776,0.9901695847511292,CapturedFrames_-3.0_1.0_1.0/video.mp4#frame=75
75,RIGHT_WRIST,0.3037523329257965,0.2553674876689911,0.04162900522351265,0.24639764428138733,CapturedFrames_-3.0_1.0_1.0/video.mp4#frame=75
75,LEFT_PINKY,0.3588850796222687,0.329047292470932,-0.16381517052650452,0.9821855425834656,CapturedFrames_-3.0_1.0_1.0/video.mp4#frame=75
75,RIGHT_PINKY,0.29791533946990967,0.28181418776512146,0.03748307004570961,0.2680935561656952,CapturedFrames_-3.0_1.0_1.0/video.mp4#frame=75
75,LEFT_INDEX,0.3544807434082031,0.33034393191337585,-0.1684967428445816,0.9816785454750061,CapturedFrames_-3.0_1.0_1.0/video.mp4#frame=75
75,RIGHT_INDEX,0.29802483320236206,0.2839430272579193,0.017162952572107315,0.2810489535331726,CapturedFrames_-3.0_1.0_1.0/video.mp4#frame=75
75,LEFT_THUMB,0.3503006100654602,0.32196536660194397,-0.14565223455429077,0.9759539365768433,CapturedFrames_-3.0_1.0_1.0/video.mp4#frame=75
75,RIGHT_THUMB,0.30078691244125366,0.27776139974594116,0.030625436455011368,0.2961772680282593,CapturedFrames_-3.0_1.0_1.0/video.mp4#frame=75
75,LEFT_HIP,0.33358755707740784,0.2707716226577759,-0.08111075311899185,0.9999281167984009,CapturedFrames_-3.0_1.0_1.0/video.mp4#frame=75
75,RIGHT_HIP,0.32998475432395935,0.26316747069358826,0.0809626579284668,0.9995162487030029,CapturedFrames_-3.0_1.0_1.0/video.mp4#frame=75
75,LEFT_KNEE,0.29269593954086304,0.3971610963344574,-0.036220792680978775,0.9958113431930542,CapturedFrames_-3.0_1.0_1.0/video.mp4#frame=75
75,RIGHT_KNEE,0.33525845408439636,0.3983096778392792,0.18266968429088593,0.8463892340660095,CapturedFrames_-3.0_1.0_1.0/video.mp4#frame=75
75,LEFT_ANKLE,0.3150150775909424,0.5412651300430298,0.035941511392593384,0.9979281425476074,CapturedFrames_-3.0_1.0_1.0/video.mp4#frame=75
75,RIGHT_ANKLE,0.4036478102207184,0.4500660002231598,0.2955366373062134,0.9569244980812073,CapturedFrames_-3.0_1.0_1.0/video.mp4#frame=75
75,LEFT_HEEL,0.3257039785385132,0.5714372396469116,0.041151873767375946,0.9927224516868591,CapturedFrames_-3.0_1.0_1.0/video.mp4#frame=75
75,RIGHT_HEEL,0.4190181791782379,0.4454975128173828,0.30739450454711914,0.9697487354278564,CapturedFrames_-3.0_1.0_1.0/video.mp4#frame=75
75,LEFT_FOOT_INDEX,0.2719782590866089,0.5766676068305969,0.003842826932668686,0.9958634376525879,CapturedFrames_-3.0_1.0_1.0/video.mp4#frame=75
75,RIGHT_FOOT_INDEX,0.4064313471317291,0.5101330876350403,0.30701422691345215,0.968478262424469,CapturedFrames_-3.0_1.0_1.0/video.mp4#frame=75
76,NOSE,0.2796919643878937,-0.017992466688156128,-0.0894831046462059,0.99870765209198,CapturedFrames_-3.0_1.0_1.0/video.mp4#frame=76
76,LEFT_EYE_INNER,0.2816142141819,-0.03740173578262329,-0.10491813719272614,0.9988909363746643,CapturedFrames_-3.0_1.0_1.0/video.mp4#frame=76
76,LEFT_EYE,0.28247395157814026,-0.03603637218475342,-0.10494979470968246,0.9990494847297668,CapturedFrames_-3.0_1.0_1.0/video.mp4#frame=76
76,LEFT_EYE_OUTER,0.2831413745880127,-0.03494700789451599,-0.10499696433544159,0.9992602467536926,CapturedFrames_-3.0_1.0_1.0/video.mp4#frame=76
76,RIGHT_EYE_INNER,0.2813788652420044,-0.037658125162124634,-0.08170831203460693,0.9978971481323242,CapturedFrames_-3.0_1.0_1.0/video.mp4#frame=76
76,RIGHT_EYE,0.2821146249771118,-0.03680872917175293,-0.08170811831951141,0.9979078769683838,CapturedFrames_-3.0_1.0_1.0/video.mp4#frame=76
76,RIGHT_EYE_OUTER,0.28268203139305115,-0.0365695059299469,-0.08175256848335266,0.9984418749809265,CapturedFrames_-3.0_1.0_1.0/video.mp4#frame=76
76,LEFT_EAR,0.293315052986145,-0.025008708238601685,-0.14464379847049713,0.9993095397949219,CapturedFrames_-3.0_1.0_1.0/video.mp4#frame=76
76,RIGHT_EAR,0.2931055724620819,-0.02985924668610096,-0.0410340279340744,0.997646152973175,CapturedFrames_-3.0_1.0_1.0/video.mp4#frame=76
76,MOUTH_LEFT,0.28603672981262207,-0.007625669240951538,-0.1006898283958435,0.9992493987083435,CapturedFrames_-3.0_1.0_1.0/video.mp4#frame=76
76,MOUTH_RIGHT,0.2850751578807831,-0.00656089186668396,-0.07068219035863876,0.9985401630401611,CapturedFrames_-3.0_1.0_1.0/video.mp4#frame=76
76,LEFT_SHOULDER,0.3157973885536194,0.04980139061808586,-0.1960175484418869,0.9999778270721436,CapturedFrames_-3.0_1.0_1.0/video.mp4#frame=76
76,RIGHT_SHOULDER,0.3142985701560974,0.04779632389545441,0.03690814971923828,0.9981878399848938,CapturedFrames_-3.0_1.0_1.0/video.mp4#frame=76
76,LEFT_ELBOW,0.32652831077575684,0.1830674111843109,-0.19732554256916046,0.9782739281654358,CapturedFrames_-3.0_1.0_1.0/video.mp4#frame=76
76,RIGHT_ELBOW,0.32352322340011597,0.16994832456111908,0.05577141046524048,0.053136639297008514,CapturedFrames_-3.0_1.0_1.0/video.mp4#frame=76
76,LEFT_WRIST,0.32593777775764465,0.29743048548698425,-0.1513025015592575,0.9511979222297668,CapturedFrames_-3.0_1.0_1.0/video.mp4#frame=76
76,RIGHT_WRIST,0.32639193534851074,0.2718855142593384,0.01722816377878189,0.07132301479578018,CapturedFrames_-3.0_1.0_1.0/video.mp4#frame=76
76,LEFT_PINKY,0.3287249803543091,0.32372942566871643,-0.17061686515808105,0.928892195224762,CapturedFrames_-3.0_1.0_1.0/video.mp4#frame=76
76,RIGHT_PINKY,0.3233658969402313,0.29747459292411804,0.013674488291144371,0.09005129337310791,CapturedFrames_-3.0_1.0_1.0/video.mp4#frame=76
76,LEFT_INDEX,0.32364422082901,0.3267204761505127,-0.16868643462657928,0.925296425819397,CapturedFrames_-3.0_1.0_1.0/video.mp4#frame=76
76,RIGHT_INDEX,0.32362639904022217,0.2959274649620056,-0.004921417683362961,0.09087872505187988,CapturedFrames_-3.0_1.0_1.0/video.mp4#frame=76
76,LEFT_THUMB,0.32250627875328064,0.3164709508419037,-0.1483975499868393,0.8991602659225464,CapturedFrames_-3.0_1.0_1.0/video.mp4#frame=76
76,RIGHT_THUMB,0.3258509635925293,0.2863638997077942,0.0074843489564955235,0.09718292206525803,CapturedFrames_-3.0_1.0_1.0/video.mp4#frame=76
76,LEFT_HIP,0.3197220265865326,0.2720106840133667,-0.08037988096475601,0.9994290471076965,CapturedFrames_-3.0_1.0_1.0/video.mp4#frame=76
76,RIGHT_HIP,0.3208566904067993,0.26618140935897827,0.08026762306690216,0.9970365762710571,CapturedFrames_-3.0_1.0_1.0/video.mp4#frame=76
76,LEFT_KNEE,0.2910440266132355,0.40688833594322205,-0.030979866161942482,0.9877910614013672,CapturedFrames_-3.0_1.0_1.0/video.mp4#frame=76
76,RIGHT_KNEE,0.3043651282787323,0.39715543389320374,0.1458117514848709,0.6485894322395325,CapturedFrames_-3.0_1.0_1.0/video.mp4#frame=76
76,LEFT_ANKLE,0.3156627416610718,0.5444217920303345,0.04785410687327385,0.9956880211830139,CapturedFrames_-3.0_1.0_1.0/video.mp4#frame=76
76,RIGHT_ANKLE,0.3770928382873535,0.4492942690849304,0.24163028597831726,0.8310824632644653,CapturedFrames_-3.0_1.0_1.0/video.mp4#frame=76
76,LEFT_HEEL,0.3259139955043793,0.574837327003479,0.05310434848070145,0.9871734380722046,CapturedFrames_-3.0_1.0_1.0/video.mp4#frame=76
76,RIGHT_HEEL,0.3954639136791229,0.451816588640213,0.25028565526008606,0.8841375708580017,CapturedFrames_-3.0_1.0_1.0/video.mp4#frame=76
76,LEFT_FOOT_INDEX,0.2741047143936157,0.5814089775085449,0.009006239473819733,0.9924494028091431,CapturedFrames_-3.0_1.0_1.0/video.mp4#frame=76
76,RIGHT_FOOT_INDEX,0.3787742853164673,0.5149506330490112,0.23879781365394592,0.8934786319732666,CapturedFrames_-3.0_1.0_1.0/video.mp4#frame=76
77,NOSE,0.2663990557193756,-0.014811158180236816,-0.07586706429719925,0.9995169639587402,CapturedFrames_-3.0_1.0_1.0/video.mp4#frame=77
77,LEFT_EYE_INNER,0.27044785022735596,-0.03609210252761841,-0.09041108191013336,0.9995228052139282,CapturedFrames_-3.0_1.0_1.0/video.mp4#frame=77
77,LEFT_EYE,0.2714274227619171,-0.03482601046562195,-0.09043324738740921,0.9995649456977844,CapturedFrames_-3.0_1.0_1.0/video.mp4#frame=77
77,LEFT_EYE_OUTER,0.27245864272117615,-0.03390434384346008,-0.09044981002807617,0.9996923208236694,CapturedFrames_-3.0_1.0_1.0/video.mp4#frame=77
77,RIGHT_EYE_INNER,0.2699359357357025,-0.0364263653755188,-0.06683345139026642,0.9992527365684509,CapturedFrames_-3.0_1.0_1.0/video.mp4#frame=77
77,RIGHT_EYE,0.2706634998321533,-0.035715967416763306,-0.06683438271284103,0.9991806149482727,CapturedFrames_-3.0_1.0_1.0/video.mp4#frame=77
77,RIGHT_EYE_OUTER,0.2712520956993103,-0.035609662532806396,-0.06689266115427017,0.9994080066680908,CapturedFrames_-3.0_1.0_1.0/video.mp4#frame=77
77,LEFT_EAR,0.2826002836227417,-0.02323591709136963,-0.12690067291259766,0.9995779395103455,CapturedFrames_-3.0_1.0_1.0/video.mp4#frame=77
77,RIGHT_EAR,0.28190383315086365,-0.028381405398249626,-0.023407315835356712,0.9990077614784241,CapturedFrames_-3.0_1.0_1.0/video.mp4#frame=77
77,MOUTH_LEFT,0.27600333094596863,-0.007043391466140747,-0.08635921776294708,0.9995167255401611,CapturedFrames_-3.0_1.0_1.0/video.mp4#frame=77
77,MOUTH_RIGHT,0.27440929412841797,-0.006841599941253662,-0.05634797737002373,0.999233603477478,CapturedFrames_-3.0_1.0_1.0/video.mp4#frame=77
77,LEFT_SHOULDER,0.3014276623725891,0.045716047286987305,-0.19148960709571838,0.9999808073043823,CapturedFrames_-3.0_1.0_1.0/video.mp4#frame=77
77,RIGHT_SHOULDER,0.30099719762802124,0.04275833070278168,0.059015244245529175,0.9990180730819702,CapturedFrames_-3.0_1.0_1.0/video.mp4#frame=77
77,LEFT_ELBOW,0.3047682046890259,0.18275149166584015,-0.20413462817668915,0.984258770942688,CapturedFrames_-3.0_1.0_1.0/video.mp4#frame=77
77,RIGHT_ELBOW,0.3083789348602295,0.1684529185295105,0.06498367339372635,0.05465700104832649,CapturedFrames_-3.0_1.0_1.0/video.mp4#frame=77
77,LEFT_WRIST,0.2947003245353699,0.2906579077243805,-0.1580822467803955,0.9719064235687256,CapturedFrames_-3.0_1.0_1.0/video.mp4#frame=77
77,RIGHT_WRIST,0.3021291494369507,0.26701250672340393,0.023680683225393295,0.06928438693284988,CapturedFrames_-3.0_1.0_1.0/video.mp4#frame=77
77,LEFT_PINKY,0.2979864180088043,0.31879696249961853,-0.17793236672878265,0.9536426663398743,CapturedFrames_-3.0_1.0_1.0/video.mp4#frame=77
77,RIGHT_PINKY,0.3010160028934479,0.30298715829849243,0.02091718092560768,0.07940176874399185,CapturedFrames_-3.0_1.0_1.0/video.mp4#frame=77
77,LEFT_INDEX,0.2944318950176239,0.3205709159374237,-0.17571766674518585,0.9514866471290588,CapturedFrames_-3.0_1.0_1.0/video.mp4#frame=77
77,RIGHT_INDEX,0.30161282420158386,0.3033730387687683,0.002672029659152031,0.08019450306892395,CapturedFrames_-3.0_1.0_1.0/video.mp4#frame=77
77,LEFT_THUMB,0.293977290391922,0.3105625510215759,-0.1551692932844162,0.9281365871429443,CapturedFrames_-3.0_1.0_1.0/video.mp4#frame=77
77,RIGHT_THUMB,0.3019867539405823,0.29139721393585205,0.013889066874980927,0.0848010703921318,CapturedFrames_-3.0_1.0_1.0/video.mp4#frame=77
77,LEFT_HIP,0.31192585825920105,0.26304885745048523,-0.08330558985471725,0.9992401599884033,CapturedFrames_-3.0_1.0_1.0/video.mp4#frame=77
77,RIGHT_HIP,0.31199899315834045,0.2561514377593994,0.08316758275032043,0.9976970553398132,CapturedFrames_-3.0_1.0_1.0/video.mp4#frame=77
77,LEFT_KNEE,0.28389856219291687,0.40435391664505005,-0.04208787530660629,0.9420925974845886,CapturedFrames_-3.0_1.0_1.0/video.mp4#frame=77
77,RIGHT_KNEE,0.28995391726493835,0.3843739926815033,0.11028893291950226,0.5679691433906555,CapturedFrames_-3.0_1.0_1.0/video.mp4#frame=77
77,LEFT_ANKLE,0.3131365180015564,0.5490772128105164,0.036281973123550415,0.975642204284668,CapturedFrames_-3.0_1.0_1.0/video.mp4#frame=77
77,RIGHT_ANKLE,0.3533804416656494,0.4583055377006531,0.20190739631652832,0.6975054740905762,CapturedFrames_-3.0_1.0_1.0/video.mp4#frame=77
77,LEFT_HEEL,0.3245617747306824,0.5746556520462036,0.04119585081934929,0.9468907117843628,CapturedFrames_-3.0_1.0_1.0/video.mp4#frame=77
77,RIGHT_HEEL,0.3711276650428772,0.4663706123828888,0.20981363952159882,0.8234902024269104,CapturedFrames_-3.0_1.0_1.0/video.mp4#frame=77
77,LEFT_FOOT_INDEX,0.27604228258132935,0.5803747773170471,-0.003046531928703189,0.9689896106719971,CapturedFrames_-3.0_1.0_1.0/video.mp4#frame=77
77,RIGHT_FOOT_INDEX,0.34813597798347473,0.5197625756263733,0.1956067681312561,0.7865386009216309,CapturedFrames_-3.0_1.0_1.0/video.mp4#frame=77
78,NOSE,0.2582458555698395,-0.008788883686065674,-0.09546186774969101,0.987000048160553,CapturedFrames_-3.0_1.0_1.0/video.mp4#frame=78
78,LEFT_EYE_INNER,0.26241374015808105,-0.01892101764678955,-0.10989870876073837,0.9899196624755859,CapturedFrames_-3.0_1.0_1.0/video.mp4#frame=78
78,LEFT_EYE,0.26338401436805725,-0.018566995859146118,-0.10994870960712433,0.9916462302207947,CapturedFrames_-3.0_1.0_1.0/video.mp4#frame=78
78,LEFT_EYE_OUTER,0.264421671628952,-0.018393099308013916,-0.10999181121587753,0.9934746623039246,CapturedFrames_-3.0_1.0_1.0/video.mp4#frame=78
78,RIGHT_EYE_INNER,0.26150649785995483,-0.019683897495269775,-0.08660555630922318,0.9832252860069275,CapturedFrames_-3.0_1.0_1.0/video.mp4#frame=78
78,RIGHT_EYE,0.2622470557689667,-0.019738346338272095,-0.08657529205083847,0.9789875149726868,CapturedFrames_-3.0_1.0_1.0/video.mp4#frame=78
78,RIGHT_EYE_OUTER,0.26296278834342957,-0.01991325616836548,-0.086654894053936,0.9823634624481201,CapturedFrames_-3.0_1.0_1.0/video.mp4#frame=78
78,LEFT_EAR,0.2707602083683014,-0.0135154128074646,-0.14022842049598694,0.9957839846611023,CapturedFrames_-3.0_1.0_1.0/video.mp4#frame=78
78,RIGHT_EAR,0.2720124125480652,-0.01421809196472168,-0.036764226853847504,0.980252742767334,CapturedFrames_-3.0_1.0_1.0/video.mp4#frame=78
78,MOUTH_LEFT,0.26470717787742615,0.003474414348602295,-0.1032939925789833,0.9918762445449829,CapturedFrames_-3.0_1.0_1.0/video.mp4#frame=78
78,MOUTH_RIGHT,0.26354333758354187,0.0028391778469085693,-0.07328954339027405,0.9865853786468506,CapturedFrames_-3.0_1.0_1.0/video.mp4#frame=78
78,LEFT_SHOULDER,0.28181979060173035,0.052090540528297424,-0.20919767022132874,0.9999834299087524,CapturedFrames_-3.0_1.0_1.0/video.mp4#frame=78
78,RIGHT_SHOULDER,0.2942388653755188,0.06018805503845215,0.055088866502046585,0.9970266222953796,CapturedFrames_-3.0_1.0_1.0/video.mp4#frame=78
78,LEFT_ELBOW,0.2833091616630554,0.17671656608581543,-0.23460178077220917,0.9479151368141174,CapturedFrames_-3.0_1.0_1.0/video.mp4#frame=78
78,RIGHT_ELBOW,0.29577475786209106,0.1746765524148941,0.06459290534257889,0.03736435994505882,CapturedFrames_-3.0_1.0_1.0/video.mp4#frame=78
78,LEFT_WRIST,0.267408549785614,0.28370293974876404,-0.19043761491775513,0.8838067650794983,CapturedFrames_-3.0_1.0_1.0/video.mp4#frame=78
78,RIGHT_WRIST,0.2954002618789673,0.26948636770248413,0.015533128753304482,0.05116576701402664,CapturedFrames_-3.0_1.0_1.0/video.mp4#frame=78
78,LEFT_PINKY,0.2688598036766052,0.3107810616493225,-0.21324309706687927,0.8590317368507385,CapturedFrames_-3.0_1.0_1.0/video.mp4#frame=78
78,RIGHT_PINKY,0.2933765947818756,0.29441896080970764,0.009885471314191818,0.061966512352228165,CapturedFrames_-3.0_1.0_1.0/video.mp4#frame=78
78,LEFT_INDEX,0.2665458619594574,0.31278613209724426,-0.2119622677564621,0.8550578951835632,CapturedFrames_-3.0_1.0_1.0/video.mp4#frame=78
78,RIGHT_INDEX,0.2942633330821991,0.2918870747089386,-0.00535090547055006,0.061202868819236755,CapturedFrames_-3.0_1.0_1.0/video.mp4#frame=78
78,LEFT_THUMB,0.26637959480285645,0.3052566945552826,-0.18785764276981354,0.7820387482643127,CapturedFrames_-3.0_1.0_1.0/video.mp4#frame=78
78,RIGHT_THUMB,0.2957476079463959,0.2837809920310974,0.006184648722410202,0.06197486072778702,CapturedFrames_-3.0_1.0_1.0/video.mp4#frame=78
78,LEFT_HIP,0.295710027217865,0.2608526945114136,-0.09034211933612823,0.9998652935028076,CapturedFrames_-3.0_1.0_1.0/video.mp4#frame=78
78,RIGHT_HIP,0.30106815695762634,0.2572280764579773,0.09018946439027786,0.999066174030304,CapturedFrames_-3.0_1.0_1.0/video.mp4#frame=78
78,LEFT_KNEE,0.27348750829696655,0.39621320366859436,-0.07127105444669724,0.9621536731719971,CapturedFrames_-3.0_1.0_1.0/video.mp4#frame=78
78,RIGHT_KNEE,0.27953529357910156,0.3756955564022064,0.13753728568553925,0.525523841381073,CapturedFrames_-3.0_1.0_1.0/video.mp4#frame=78
78,LEFT_ANKLE,0.3126128315925598,0.539924681186676,-0.0016526816179975867,0.9916410446166992,CapturedFrames_-3.0_1.0_1.0/video.mp4#frame=78
78,RIGHT_ANKLE,0.32982179522514343,0.4749225080013275,0.2665017247200012,0.7615981698036194,CapturedFrames_-3.0_1.0_1.0/video.mp4#frame=78
78,LEFT_HEEL,0.3235126733779907,0.5669864416122437,0.0017533391946926713,0.971693754196167,CapturedFrames_-3.0_1.0_1.0/video.mp4#frame=78
78,RIGHT_HEEL,0.3466964662075043,0.4788946509361267,0.2778536081314087,0.8356906771659851,CapturedFrames_-3.0_1.0_1.0/video.mp4#frame=78
78,LEFT_FOOT_INDEX,0.27548399567604065,0.5739240646362305,-0.05016761273145676,0.9889315366744995,CapturedFrames_-3.0_1.0_1.0/video.mp4#frame=78
78,RIGHT_FOOT_INDEX,0.31060707569122314,0.5187896490097046,0.2652107775211334,0.8424614071846008,CapturedFrames_-3.0_1.0_1.0/video.mp4#frame=78
79,NOSE,0.2480151355266571,-0.010761648416519165,-0.12488257884979248,0.9958307147026062,CapturedFrames_-3.0_1.0_1.0/video.mp4#frame=79
79,LEFT_EYE_INNER,0.25339922308921814,-0.032472044229507446,-0.13801468908786774,0.9960624575614929,CapturedFrames_-3.0_1.0_1.0/video.mp4#frame=79
79,LEFT_EYE,0.2549402713775635,-0.032283902168273926,-0.1380814164876938,0.996584415435791,CapturedFrames_-3.0_1.0_1.0/video.mp4#frame=79
79,LEFT_EYE_OUTER,0.25647643208503723,-0.03207451105117798,-0.13813313841819763,0.9974333643913269,CapturedFrames_-3.0_1.0_1.0/video.mp4#frame=79
79,RIGHT_EYE_INNER,0.2518989145755768,-0.03290128707885742,-0.11438890546560287,0.9946032166481018,CapturedFrames_-3.0_1.0_1.0/video.mp4#frame=79
79,RIGHT_EYE,0.2520867884159088,-0.03297659754753113,-0.11434429883956909,0.9920198321342468,CapturedFrames_-3.0_1.0_1.0/video.mp4#frame=79
79,RIGHT_EYE_OUTER,0.25229623913764954,-0.033036619424819946,-0.11441407352685928,0.9932095408439636,CapturedFrames_-3.0_1.0_1.0/video.mp4#frame=79
79,LEFT_EAR,0.2658618092536926,-0.023915110155940056,-0.16283783316612244,0.9987409710884094,CapturedFrames_-3.0_1.0_1.0/video.mp4#frame=79
79,RIGHT_EAR,0.261371910572052,-0.026182979345321655,-0.057016175240278244,0.992389976978302,CapturedFrames_-3.0_1.0_1.0/video.mp4#frame=79
79,MOUTH_LEFT,0.2534811794757843,0.0003553330898284912,-0.13133011758327484,0.9977657794952393,CapturedFrames_-3.0_1.0_1.0/video.mp4#frame=79
79,MOUTH_RIGHT,0.25259673595428467,0.00041681528091430664,-0.10071559995412827,0.9959742426872253,CapturedFrames_-3.0_1.0_1.0/video.mp4#frame=79
79,LEFT_SHOULDER,0.27598506212234497,0.0570148266851902,-0.2252415120601654,0.9999825954437256,CapturedFrames_-3.0_1.0_1.0/video.mp4#frame=79
79,RIGHT_SHOULDER,0.27298498153686523,0.054835155606269836,0.038227975368499756,0.9978310465812683,CapturedFrames_-3.0_1.0_1.0/video.mp4#frame=79
79,LEFT_ELBOW,0.2620300054550171,0.1773751676082611,-0.24746529757976532,0.9694199562072754,CapturedFrames_-3.0_1.0_1.0/video.mp4#frame=79
79,RIGHT_ELBOW,0.27524760365486145,0.17023703455924988,0.06099974364042282,0.025586996227502823,CapturedFrames_-3.0_1.0_1.0/video.mp4#frame=79
79,LEFT_WRIST,0.236503005027771,0.27055108547210693,-0.1968500018119812,0.9433454871177673,CapturedFrames_-3.0_1.0_1.0/video.mp4#frame=79
79,RIGHT_WRIST,0.269808828830719,0.26136210560798645,0.018110154196619987,0.058771662414073944,CapturedFrames_-3.0_1.0_1.0/video.mp4#frame=79
79,LEFT_PINKY,0.23652005195617676,0.2991437613964081,-0.21980781853199005,0.927853524684906,CapturedFrames_-3.0_1.0_1.0/video.mp4#frame=79
79,RIGHT_PINKY,0.26655060052871704,0.28544121980667114,0.011974035762250423,0.07886676490306854,CapturedFrames_-3.0_1.0_1.0/video.mp4#frame=79
79,LEFT_INDEX,0.2339811623096466,0.29921460151672363,-0.22101564705371857,0.9237702488899231,CapturedFrames_-3.0_1.0_1.0/video.mp4#frame=79
79,RIGHT_INDEX,0.2679893672466278,0.2841570973396301,-0.005543493665754795,0.07908482849597931,CapturedFrames_-3.0_1.0_1.0/video.mp4#frame=79
79,LEFT_THUMB,0.23395936191082,0.29115909337997437,-0.19499585032463074,0.8716768026351929,CapturedFrames_-3.0_1.0_1.0/video.mp4#frame=79
79,RIGHT_THUMB,0.2701925039291382,0.2766668200492859,0.00813271850347519,0.07872529327869415,CapturedFrames_-3.0_1.0_1.0/video.mp4#frame=79
79,LEFT_HIP,0.28737637400627136,0.25512629747390747,-0.08384361118078232,0.9998800754547119,CapturedFrames_-3.0_1.0_1.0/video.mp4#frame=79
79,RIGHT_HIP,0.2777402400970459,0.2528136372566223,0.08371000736951828,0.999497652053833,CapturedFrames_-3.0_1.0_1.0/video.mp4#frame=79
79,LEFT_KNEE,0.273085355758667,0.39673009514808655,-0.0926969051361084,0.9671128392219543,CapturedFrames_-3.0_1.0_1.0/video.mp4#frame=79
79,RIGHT_KNEE,0.24892432987689972,0.37237852811813354,0.09157341718673706,0.7475091814994812,CapturedFrames_-3.0_1.0_1.0/video.mp4#frame=79
79,LEFT_ANKLE,0.3112441599369049,0.5363799333572388,-0.042779579758644104,0.9921252131462097,CapturedFrames_-3.0_1.0_1.0/video.mp4#frame=79
79,RIGHT_ANKLE,0.30662715435028076,0.4879191517829895,0.20243719220161438,0.8705890774726868,CapturedFrames_-3.0_1.0_1.0/video.mp4#frame=79
79,LEFT_HEEL,0.32353928685188293,0.5674203634262085,-0.04185224696993828,0.9552341103553772,CapturedFrames_-3.0_1.0_1.0/video.mp4#frame=79
79,RIGHT_HEEL,0.3171151876449585,0.4982244372367859,0.21115045249462128,0.8760110139846802,CapturedFrames_-3.0_1.0_1.0/video.mp4#frame=79
79,LEFT_FOOT_INDEX,0.27712681889533997,0.5729959011077881,-0.10792659223079681,0.991985559463501,CapturedFrames_-3.0_1.0_1.0/video.mp4#frame=79
79,RIGHT_FOOT_INDEX,0.2817045748233795,0.5295011401176453,0.1871262490749359,0.9192919731140137,CapturedFrames_-3.0_1.0_1.0/video.mp4#frame=79
80,NOSE,0.2381550520658493,-0.021692901849746704,-0.11043372005224228,0.9989849925041199,CapturedFrames_-3.0_1.0_1.0/video.mp4#frame=80
80,LEFT_EYE_INNER,0.24318282306194305,-0.031978338956832886,-0.12162026017904282,0.998396098613739,CapturedFrames_-3.0_1.0_1.0/video.mp4#frame=80
80,LEFT_EYE,0.24469275772571564,-0.03177440166473389,-0.12168445438146591,0.9987478256225586,CapturedFrames_-3.0_1.0_1.0/video.mp4#frame=80
80,LEFT_EYE_OUTER,0.24620704352855682,-0.03154870867729187,-0.12174512445926666,0.9989843964576721,CapturedFrames_-3.0_1.0_1.0/video.mp4#frame=80
80,RIGHT_EYE_INNER,0.2413272112607956,-0.031995177268981934,-0.10068543255329132,0.9985511898994446,CapturedFrames_-3.0_1.0_1.0/video.mp4#frame=80
80,RIGHT_EYE,0.24125656485557556,-0.031790703535079956,-0.10063859075307846,0.9981661438941956,CapturedFrames_-3.0_1.0_1.0/video.mp4#frame=80
80,RIGHT_EYE_OUTER,0.2412206381559372,-0.03158503770828247,-0.10069805383682251,0.998145341873169,CapturedFrames_-3.0_1.0_1.0/video.mp4#frame=80
80,LEFT_EAR,0.25385043025016785,-0.02198845148086548,-0.14065012335777283,0.9994375109672546,CapturedFrames_-3.0_1.0_1.0/video.mp4#frame=80
80,RIGHT_EAR,0.24799194931983948,-0.023040056228637695,-0.04641242325305939,0.9981898665428162,CapturedFrames_-3.0_1.0_1.0/video.mp4#frame=80
80,MOUTH_LEFT,0.24162077903747559,-0.005889922380447388,-0.11470086872577667,0.998813271522522,CapturedFrames_-3.0_1.0_1.0/video.mp4#frame=80
80,MOUTH_RIGHT,0.23878774046897888,-0.005624055862426758,-0.08754092454910278,0.9978285431861877,CapturedFrames_-3.0_1.0_1.0/video.mp4#frame=80
80,LEFT_SHOULDER,0.25930675864219666,0.051741823554039,-0.20283012092113495,0.9999854564666748,CapturedFrames_-3.0_1.0_1.0/video.mp4#frame=80
80,RIGHT_SHOULDER,0.2592322826385498,0.0607079416513443,0.042614590376615524,0.9984298348426819,CapturedFrames_-3.0_1.0_1.0/video.mp4#frame=80
80,LEFT_ELBOW,0.2404596507549286,0.16415151953697205,-0.22050520777702332,0.9943663477897644,CapturedFrames_-3.0_1.0_1.0/video.mp4#frame=80
80,RIGHT_ELBOW,0.26927995681762695,0.17305108904838562,0.053976066410541534,0.09790697693824768,CapturedFrames_-3.0_1.0_1.0/video.mp4#frame=80
80,LEFT_WRIST,0.20732346177101135,0.25070905685424805,-0.17363972961902618,0.9558230638504028,CapturedFrames_-3.0_1.0_1.0/video.mp4#frame=80
80,RIGHT_WRIST,0.27455300092697144,0.2679758071899414,0.01592538133263588,0.1354372501373291,CapturedFrames_-3.0_1.0_1.0/video.mp4#frame=80
80,LEFT_PINKY,0.2052023708820343,0.2807712256908417,-0.1915261596441269,0.9290280938148499,CapturedFrames_-3.0_1.0_1.0/video.mp4#frame=80
80,RIGHT_PINKY,0.2779291570186615,0.28411927819252014,0.008918735198676586,0.1398184895515442,CapturedFrames_-3.0_1.0_1.0/video.mp4#frame=80
80,LEFT_INDEX,0.20288774371147156,0.28152865171432495,-0.19433660805225372,0.9243804812431335,CapturedFrames_-3.0_1.0_1.0/video.mp4#frame=80
80,RIGHT_INDEX,0.2770114243030548,0.2829107344150543,-0.002932751551270485,0.1367802917957306,CapturedFrames_-3.0_1.0_1.0/video.mp4#frame=80
80,LEFT_THUMB,0.20433136820793152,0.27185776829719543,-0.17204049229621887,0.8678497672080994,CapturedFrames_-3.0_1.0_1.0/video.mp4#frame=80
80,RIGHT_THUMB,0.2784525752067566,0.27927660942077637,0.007969376631081104,0.12123364955186844,CapturedFrames_-3.0_1.0_1.0/video.mp4#frame=80
80,LEFT_HIP,0.2774878442287445,0.2517685294151306,-0.08086585253477097,0.9998282194137573,CapturedFrames_-3.0_1.0_1.0/video.mp4#frame=80
80,RIGHT_HIP,0.25854742527008057,0.2512785792350769,0.08067048341035843,0.9995513558387756,CapturedFrames_-3.0_1.0_1.0/video.mp4#frame=80
80,LEFT_KNEE,0.27865076065063477,0.3985283374786377,-0.0807451531291008,0.9958367347717285,CapturedFrames_-3.0_1.0_1.0/video.mp4#frame=80
80,RIGHT_KNEE,0.22401785850524902,0.36245086789131165,0.07371717691421509,0.9521295428276062,CapturedFrames_-3.0_1.0_1.0/video.mp4#frame=80
80,LEFT_ANKLE,0.30994126200675964,0.5345288515090942,-0.01382902730256319,0.9981076717376709,CapturedFrames_-3.0_1.0_1.0/video.mp4#frame=80
80,RIGHT_ANKLE,0.27439752221107483,0.48635852336883545,0.202371746301651,0.9786377549171448,CapturedFrames_-3.0_1.0_1.0/video.mp4#frame=80
80,LEFT_HEEL,0.3232448995113373,0.5632532835006714,-0.011803223751485348,0.9646934866905212,CapturedFrames_-3.0_1.0_1.0/video.mp4#frame=80
80,RIGHT_HEEL,0.28573867678642273,0.5031269788742065,0.2121884524822235,0.9601077437400818,CapturedFrames_-3.0_1.0_1.0/video.mp4#frame=80
80,LEFT_FOOT_INDEX,0.2754378318786621,0.5765429735183716,-0.08504017442464828,0.9970857501029968,CapturedFrames_-3.0_1.0_1.0/video.mp4#frame=80
80,RIGHT_FOOT_INDEX,0.24020972847938538,0.5239136219024658,0.18691568076610565,0.9820199608802795,CapturedFrames_-3.0_1.0_1.0/video.mp4#frame=80
81,NOSE,0.23250755667686462,-0.028081804513931274,-0.04734288528561592,0.9992727637290955,CapturedFrames_-3.0_1.0_1.0/video.mp4#frame=81
81,LEFT_EYE_INNER,0.2339286506175995,-0.03947773575782776,-0.06720484048128128,0.998377799987793,CapturedFrames_-3.0_1.0_1.0/video.mp4#frame=81
81,LEFT_EYE,0.23373863101005554,-0.03933393955230713,-0.06726163625717163,0.9986166954040527,CapturedFrames_-3.0_1.0_1.0/video.mp4#frame=81
81,LEFT_EYE_OUTER,0.2335454523563385,-0.03917413949966431,-0.06730969250202179,0.9985325336456299,CapturedFrames_-3.0_1.0_1.0/video.mp4#frame=81
81,RIGHT_EYE_INNER,0.23592200875282288,-0.03910881280899048,-0.048617031425237656,0.9988691210746765,CapturedFrames_-3.0_1.0_1.0/video.mp4#frame=81
81,RIGHT_EYE,0.23697595298290253,-0.03879183530807495,-0.048548877239227295,0.9985742568969727,CapturedFrames_-3.0_1.0_1.0/video.mp4#frame=81
81,RIGHT_EYE_OUTER,0.23807752132415771,-0.038463979959487915,-0.04860633611679077,0.9980220794677734,CapturedFrames_-3.0_1.0_1.0/video.mp4#frame=81
81,LEFT_EAR,0.23684196174144745,-0.030306905508041382,-0.12633980810642242,0.9991233944892883,CapturedFrames_-3.0_1.0_1.0/video.mp4#frame=81
81,RIGHT_EAR,0.24419879913330078,-0.03023478388786316,-0.041156742721796036,0.9974763989448547,CapturedFrames_-3.0_1.0_1.0/video.mp4#frame=81
81,MOUTH_LEFT,0.23285719752311707,-0.013600020669400692,-0.06486964225769043,0.9985249638557434,CapturedFrames_-3.0_1.0_1.0/video.mp4#frame=81
81,MOUTH_RIGHT,0.234366774559021,-0.012979716993868351,-0.04063590243458748,0.997771680355072,CapturedFrames_-3.0_1.0_1.0/video.mp4#frame=81
81,LEFT_SHOULDER,0.22968032956123352,0.03428611159324646,-0.203325554728508,0.9999821186065674,CapturedFrames_-3.0_1.0_1.0/video.mp4#frame=81
81,RIGHT_SHOULDER,0.2594089210033417,0.050826892256736755,0.022473502904176712,0.9980461597442627,CapturedFrames_-3.0_1.0_1.0/video.mp4#frame=81
81,LEFT_ELBOW,0.2176245152950287,0.15366852283477783,-0.22521758079528809,0.9995792508125305,CapturedFrames_-3.0_1.0_1.0/video.mp4#frame=81
81,RIGHT_ELBOW,0.2801767587661743,0.16569063067436218,0.041699424386024475,0.635181725025177,CapturedFrames_-3.0_1.0_1.0/video.mp4#frame=81
81,LEFT_WRIST,0.1788664013147354,0.24169446527957916,-0.1686246246099472,0.991800844669342,CapturedFrames_-3.0_1.0_1.0/video.mp4#frame=81
81,RIGHT_WRIST,0.2911144495010376,0.25803452730178833,0.023219173774123192,0.7625976800918579,CapturedFrames_-3.0_1.0_1.0/video.mp4#frame=81
81,LEFT_PINKY,0.1769934892654419,0.26898518204689026,-0.18008935451507568,0.9784376621246338,CapturedFrames_-3.0_1.0_1.0/video.mp4#frame=81
81,RIGHT_PINKY,0.2962319850921631,0.28435391187667847,0.019809812307357788,0.6924794912338257,CapturedFrames_-3.0_1.0_1.0/video.mp4#frame=81
81,LEFT_INDEX,0.1761237531900406,0.2694578170776367,-0.18249326944351196,0.9770665764808655,CapturedFrames_-3.0_1.0_1.0/video.mp4#frame=81
81,RIGHT_INDEX,0.2950289845466614,0.28406861424446106,0.01035027764737606,0.6792925596237183,CapturedFrames_-3.0_1.0_1.0/video.mp4#frame=81
81,LEFT_THUMB,0.17677481472492218,0.26139330863952637,-0.16627608239650726,0.9547393321990967,CapturedFrames_-3.0_1.0_1.0/video.mp4#frame=81
81,RIGHT_THUMB,0.2922373116016388,0.27625179290771484,0.017011180520057678,0.6109982132911682,CapturedFrames_-3.0_1.0_1.0/video.mp4#frame=81
81,LEFT_HIP,0.26513275504112244,0.25174885988235474,-0.08508194237947464,0.9999105930328369,CapturedFrames_-3.0_1.0_1.0/video.mp4#frame=81
81,RIGHT_HIP,0.24837040901184082,0.2519630193710327,0.08478327840566635,0.9996986389160156,CapturedFrames_-3.0_1.0_1.0/video.mp4#frame=81
81,LEFT_KNEE,0.2742473781108856,0.400829941034317,-0.06689499318599701,0.9995929598808289,CapturedFrames_-3.0_1.0_1.0/video.mp4#frame=81
81,RIGHT_KNEE,0.20419320464134216,0.3573015332221985,0.10987897217273712,0.9864331483840942,CapturedFrames_-3.0_1.0_1.0/video.mp4#frame=81
81,LEFT_ANKLE,0.31008201837539673,0.5352514982223511,0.0020233290269970894,0.9996743202209473,CapturedFrames_-3.0_1.0_1.0/video.mp4#frame=81
81,RIGHT_ANKLE,0.2374885529279709,0.4854547381401062,0.24761733412742615,0.9957287907600403,CapturedFrames_-3.0_1.0_1.0/video.mp4#frame=81
81,LEFT_HEEL,0.32168471813201904,0.560196042060852,0.005300919990986586,0.9896676540374756,CapturedFrames_-3.0_1.0_1.0/video.mp4#frame=81
81,RIGHT_HEEL,0.2471761256456375,0.5083087682723999,0.2582998275756836,0.9863844513893127,CapturedFrames_-3.0_1.0_1.0/video.mp4#frame=81
81,LEFT_FOOT_INDEX,0.27433162927627563,0.572858452796936,-0.06489510089159012,0.9988441467285156,CapturedFrames_-3.0_1.0_1.0/video.mp4#frame=81
81,RIGHT_FOOT_INDEX,0.20094013214111328,0.519881010055542,0.23115749657154083,0.9930395483970642,CapturedFrames_-3.0_1.0_1.0/video.mp4#frame=81
82,NOSE,0.213100865483284,-0.03585436940193176,-0.030514229089021683,0.9993171691894531,CapturedFrames_-3.0_1.0_1.0/video.mp4#frame=82
82,LEFT_EYE_INNER,0.2137080430984497,-0.0479147769510746,-0.05273296684026718,0.9984349608421326,CapturedFrames_-3.0_1.0_1.0/video.mp4#frame=82
82,LEFT_EYE,0.21321745216846466,-0.04786709323525429,-0.05278182029724121,0.9986966252326965,CapturedFrames_-3.0_1.0_1.0/video.mp4#frame=82
82,LEFT_EYE_OUTER,0.21271800994873047,-0.047780126333236694,-0.05281251668930054,0.9986271858215332,CapturedFrames_-3.0_1.0_1.0/video.mp4#frame=82
82,RIGHT_EYE_INNER,0.21894192695617676,-0.053584516048431396,-0.03338269889354706,0.9986528158187866,CapturedFrames_-3.0_1.0_1.0/video.mp4#frame=82
82,RIGHT_EYE,0.21803534030914307,-0.04721847176551819,-0.03332036733627319,0.9983910322189331,CapturedFrames_-3.0_1.0_1.0/video.mp4#frame=82
82,RIGHT_EYE_OUTER,0.21949687600135803,-0.046932220458984375,-0.033373065292835236,0.9976271986961365,CapturedFrames_-3.0_1.0_1.0/video.mp4#frame=82
82,LEFT_EAR,0.2159852683544159,-0.03927251696586609,-0.12005205452442169,0.999167799949646,CapturedFrames_-3.0_1.0_1.0/video.mp4#frame=82
82,RIGHT_EAR,0.22639460861682892,-0.03926703333854675,-0.03106573596596718,0.9962286949157715,CapturedFrames_-3.0_1.0_1.0/video.mp4#frame=82
82,MOUTH_LEFT,0.21334585547447205,-0.02159857749938965,-0.05086459964513779,0.9988734126091003,CapturedFrames_-3.0_1.0_1.0/video.mp4#frame=82
82,MOUTH_RIGHT,0.215999573469162,-0.020861446857452393,-0.025600407272577286,0.9976463913917542,CapturedFrames_-3.0_1.0_1.0/video.mp4#frame=82
82,LEFT_SHOULDER,0.20804306864738464,0.02930826134979725,-0.2018355131149292,0.9999895095825195,CapturedFrames_-3.0_1.0_1.0/video.mp4#frame=82
82,RIGHT_SHOULDER,0.2461245059967041,0.043912917375564575,0.03529288247227669,0.997973620891571,CapturedFrames_-3.0_1.0_1.0/video.mp4#frame=82
82,LEFT_ELBOW,0.19492965936660767,0.14431890845298767,-0.228960782289505,0.9997846484184265,CapturedFrames_-3.0_1.0_1.0/video.mp4#frame=82
82,RIGHT_ELBOW,0.26969999074935913,0.1579570174217224,0.051589805632829666,0.7672464847564697,CapturedFrames_-3.0_1.0_1.0/video.mp4#frame=82
82,LEFT_WRIST,0.1524166762828827,0.23039662837982178,-0.18455779552459717,0.9960604310035706,CapturedFrames_-3.0_1.0_1.0/video.mp4#frame=82
82,RIGHT_WRIST,0.28415393829345703,0.25601282715797424,0.025155192241072655,0.8847528696060181,CapturedFrames_-3.0_1.0_1.0/video.mp4#frame=82
82,LEFT_PINKY,0.1494947373867035,0.2567417621612549,-0.19853995740413666,0.9884271025657654,CapturedFrames_-3.0_1.0_1.0/video.mp4#frame=82
82,RIGHT_PINKY,0.29114922881126404,0.2810020446777344,0.0214230939745903,0.8364280462265015,CapturedFrames_-3.0_1.0_1.0/video.mp4#frame=82
82,LEFT_INDEX,0.14960043132305145,0.25672054290771484,-0.2019728422164917,0.9879364371299744,CapturedFrames_-3.0_1.0_1.0/video.mp4#frame=82
82,RIGHT_INDEX,0.28986793756484985,0.2824491858482361,0.009542439132928848,0.8250588178634644,CapturedFrames_-3.0_1.0_1.0/video.mp4#frame=82
82,LEFT_THUMB,0.15096712112426758,0.2486128956079483,-0.18296809494495392,0.9758555889129639,CapturedFrames_-3.0_1.0_1.0/video.mp4#frame=82
82,RIGHT_THUMB,0.285595566034317,0.2747644782066345,0.017720405012369156,0.7707312703132629,CapturedFrames_-3.0_1.0_1.0/video.mp4#frame=82
82,LEFT_HIP,0.2537393867969513,0.2506486773490906,-0.09146647900342941,0.9999098777770996,CapturedFrames_-3.0_1.0_1.0/video.mp4#frame=82
82,RIGHT_HIP,0.238247349858284,0.2530449330806732,0.09120196849107742,0.9995110034942627,CapturedFrames_-3.0_1.0_1.0/video.mp4#frame=82
82,LEFT_KNEE,0.27070915699005127,0.40020740032196045,-0.08988117426633835,0.9995840191841125,CapturedFrames_-3.0_1.0_1.0/video.mp4#frame=82
82,RIGHT_KNEE,0.1896148920059204,0.36162540316581726,0.13466164469718933,0.9853906631469727,CapturedFrames_-3.0_1.0_1.0/video.mp4#frame=82
82,LEFT_ANKLE,0.3110088109970093,0.5359143018722534,-0.023817619308829308,0.9996150732040405,CapturedFrames_-3.0_1.0_1.0/video.mp4#frame=82
82,RIGHT_ANKLE,0.20722684264183044,0.4990774393081665,0.28185969591140747,0.9954038858413696,CapturedFrames_-3.0_1.0_1.0/video.mp4#frame=82
82,LEFT_HEEL,0.3244098126888275,0.558751106262207,-0.021588416770100594,0.9857290983200073,CapturedFrames_-3.0_1.0_1.0/video.mp4#frame=82
82,RIGHT_HEEL,0.21657457947731018,0.5270593166351318,0.29307636618614197,0.986862301826477,CapturedFrames_-3.0_1.0_1.0/video.mp4#frame=82
82,LEFT_FOOT_INDEX,0.2737070918083191,0.5725414752960205,-0.10579590499401093,0.9985721111297607,CapturedFrames_-3.0_1.0_1.0/video.mp4#frame=82
82,RIGHT_FOOT_INDEX,0.1650380641222,0.5170577764511108,0.26108232140541077,0.9922417402267456,CapturedFrames_-3.0_1.0_1.0/video.mp4#frame=82
83,NOSE,0.19226649403572083,-0.021227598190307617,-0.008078101091086864,0.9994151592254639,CapturedFrames_-3.0_1.0_1.0/video.mp4#frame=83
83,LEFT_EYE_INNER,0.1932711899280548,-0.03478926420211792,-0.032522838562726974,0.9990400671958923,CapturedFrames_-3.0_1.0_1.0/video.mp4#frame=83
83,LEFT_EYE,0.19325286149978638,-0.03511062264442444,-0.03256456181406975,0.9991050362586975,CapturedFrames_-3.0_1.0_1.0/video.mp4#frame=83
83,LEFT_EYE_OUTER,0.1932121366262436,-0.03537067770957947,-0.032580114901065826,0.9991081357002258,CapturedFrames_-3.0_1.0_1.0/video.mp4#frame=83
83,RIGHT_EYE_INNER,0.1953958123922348,-0.03437039256095886,-0.010457264259457588,0.999235987663269,CapturedFrames_-3.0_1.0_1.0/video.mp4#frame=83
83,RIGHT_EYE,0.19671282172203064,-0.034354716539382935,-0.01041099987924099,0.9991405010223389,CapturedFrames_-3.0_1.0_1.0/video.mp4#frame=83
83,RIGHT_EYE_OUTER,0.19808143377304077,-0.034337013959884644,-0.010462610051035881,0.9989176988601685,CapturedFrames_-3.0_1.0_1.0/video.mp4#frame=83
83,LEFT_EAR,0.19888347387313843,-0.03017088770866394,-0.1060536652803421,0.9992290735244751,CapturedFrames_-3.0_1.0_1.0/video.mp4#frame=83
83,RIGHT_EAR,0.20661422610282898,-0.03024640679359436,-0.0051643624901771545,0.9979903697967529,CapturedFrames_-3.0_1.0_1.0/video.mp4#frame=83
83,MOUTH_LEFT,0.19594840705394745,-0.009921729564666748,-0.03032950684428215,0.9989669322967529,CapturedFrames_-3.0_1.0_1.0/video.mp4#frame=83
83,MOUTH_RIGHT,0.196202352643013,-0.007688611745834351,-0.0016370275989174843,0.9981630444526672,CapturedFrames_-3.0_1.0_1.0/video.mp4#frame=83
83,LEFT_SHOULDER,0.19376546144485474,0.029226377606391907,-0.1941811889410019,0.9999897480010986,CapturedFrames_-3.0_1.0_1.0/video.mp4#frame=83
83,RIGHT_SHOULDER,0.23303422331809998,0.05153807997703552,0.059928011149168015,0.9990981817245483,CapturedFrames_-3.0_1.0_1.0/video.mp4#frame=83
83,LEFT_ELBOW,0.172539621591568,0.142411008477211,-0.22584903240203857,0.9998809099197388,CapturedFrames_-3.0_1.0_1.0/video.mp4#frame=83
83,RIGHT_ELBOW,0.2623912990093231,0.15969309210777283,0.07905463874340057,0.8460990190505981,CapturedFrames_-3.0_1.0_1.0/video.mp4#frame=83
83,LEFT_WRIST,0.12875717878341675,0.22605112195014954,-0.1829034388065338,0.9977758526802063,CapturedFrames_-3.0_1.0_1.0/video.mp4#frame=83
83,RIGHT_WRIST,0.2794053852558136,0.2585929334163666,0.059289343655109406,0.8830398321151733,CapturedFrames_-3.0_1.0_1.0/video.mp4#frame=83
83,LEFT_PINKY,0.12734343111515045,0.2496892511844635,-0.19602517783641815,0.9924933314323425,CapturedFrames_-3.0_1.0_1.0/video.mp4#frame=83
83,RIGHT_PINKY,0.2866677939891815,0.28064465522766113,0.060445256531238556,0.8124361634254456,CapturedFrames_-3.0_1.0_1.0/video.mp4#frame=83
83,LEFT_INDEX,0.1266355812549591,0.24873042106628418,-0.19214801490306854,0.9920765161514282,CapturedFrames_-3.0_1.0_1.0/video.mp4#frame=83
83,RIGHT_INDEX,0.28502243757247925,0.28235214948654175,0.04905126243829727,0.8031885623931885,CapturedFrames_-3.0_1.0_1.0/video.mp4#frame=83
83,LEFT_THUMB,0.1273355633020401,0.2420867532491684,-0.17776083946228027,0.9819967150688171,CapturedFrames_-3.0_1.0_1.0/video.mp4#frame=83
83,RIGHT_THUMB,0.28062719106674194,0.27579396963119507,0.05304615572094917,0.752615749835968,CapturedFrames_-3.0_1.0_1.0/video.mp4#frame=83
83,LEFT_HIP,0.23884692788124084,0.25674787163734436,-0.09469018131494522,0.9998894929885864,CapturedFrames_-3.0_1.0_1.0/video.mp4#frame=83
83,RIGHT_HIP,0.22957774996757507,0.25988954305648804,0.09432821720838547,0.9994489550590515,CapturedFrames_-3.0_1.0_1.0/video.mp4#frame=83
83,LEFT_KNEE,0.265016108751297,0.4007266163825989,-0.0712367594242096,0.9988601207733154,CapturedFrames_-3.0_1.0_1.0/video.mp4#frame=83
83,RIGHT_KNEE,0.18230177462100983,0.36947202682495117,0.17210960388183594,0.9514670968055725,CapturedFrames_-3.0_1.0_1.0/video.mp4#frame=83
83,LEFT_ANKLE,0.30990734696388245,0.5292794704437256,-0.00907045416533947,0.9987043142318726,CapturedFrames_-3.0_1.0_1.0/video.mp4#frame=83
83,RIGHT_ANKLE,0.1805933564901352,0.5018097758293152,0.2976526916027069,0.9851412773132324,CapturedFrames_-3.0_1.0_1.0/video.mp4#frame=83
83,LEFT_HEEL,0.32409873604774475,0.5511479377746582,-0.005886668339371681,0.9789573550224304,CapturedFrames_-3.0_1.0_1.0/video.mp4#frame=83
83,RIGHT_HEEL,0.18895801901817322,0.5326294898986816,0.30805081129074097,0.9690292477607727,CapturedFrames_-3.0_1.0_1.0/video.mp4#frame=83
83,LEFT_FOOT_INDEX,0.2739759683609009,0.5696681141853333,-0.07508791238069534,0.9961953163146973,CapturedFrames_-3.0_1.0_1.0/video.mp4#frame=83
83,RIGHT_FOOT_INDEX,0.13593173027038574,0.5086392164230347,0.2849178612232208,0.9808713793754578,CapturedFrames_-3.0_1.0_1.0/video.mp4#frame=83
84,NOSE,0.17289383709430695,-0.010508447885513306,0.011667010374367237,0.9984261989593506,CapturedFrames_-3.0_1.0_1.0/video.mp4#frame=84
84,LEFT_EYE_INNER,0.1729278564453125,-0.02487415261566639,-0.015820087864995003,0.9977328777313232,CapturedFrames_-3.0_1.0_1.0/video.mp4#frame=84
84,LEFT_EYE,0.17237330973148346,-0.025276273488998413,-0.015866965055465698,0.9979503750801086,CapturedFrames_-3.0_1.0_1.0/video.mp4#frame=84
84,LEFT_EYE_OUTER,0.17181025445461273,-0.0256155114620924,-0.015890905633568764,0.9978111386299133,CapturedFrames_-3.0_1.0_1.0/video.mp4#frame=84
84,RIGHT_EYE_INNER,0.17645525932312012,-0.024560747668147087,0.0050352029502391815,0.9978679418563843,CapturedFrames_-3.0_1.0_1.0/video.mp4#frame=84
84,RIGHT_EYE,0.17823414504528046,-0.024744568392634392,0.005088621284812689,0.9978965520858765,CapturedFrames_-3.0_1.0_1.0/video.mp4#frame=84
84,RIGHT_EYE_OUTER,0.1800612211227417,-0.024944305419921875,0.005035476293414831,0.9971922039985657,CapturedFrames_-3.0_1.0_1.0/video.mp4#frame=84
84,LEFT_EAR,0.17664627730846405,-0.02162069082260132,-0.1021512970328331,0.9980473518371582,CapturedFrames_-3.0_1.0_1.0/video.mp4#frame=84
84,RIGHT_EAR,0.1890527755022049,-0.022080838680267334,-0.005945626180619001,0.9949554800987244,CapturedFrames_-3.0_1.0_1.0/video.mp4#frame=84
84,MOUTH_LEFT,0.17421725392341614,0.001574099063873291,-0.01472445111721754,0.9974526762962341,CapturedFrames_-3.0_1.0_1.0/video.mp4#frame=84
84,MOUTH_RIGHT,0.177629292011261,0.0020751953125,0.012584003619849682,0.9950246214866638,CapturedFrames_-3.0_1.0_1.0/video.mp4#frame=84
84,LEFT_SHOULDER,0.1763646900653839,0.03055231273174286,-0.17795681953430176,0.9999814033508301,CapturedFrames_-3.0_1.0_1.0/video.mp4#frame=84
84,RIGHT_SHOULDER,0.21486100554466248,0.0556613989174366,0.040014974772930145,0.9989245533943176,CapturedFrames_-3.0_1.0_1.0/video.mp4#frame=84
84,LEFT_ELBOW,0.1496070921421051,0.13821740448474884,-0.20392784476280212,0.9997544884681702,CapturedFrames_-3.0_1.0_1.0/video.mp4#frame=84
84,RIGHT_ELBOW,0.25238507986068726,0.16239845752716064,0.04663325473666191,0.8982265591621399,CapturedFrames_-3.0_1.0_1.0/video.mp4#frame=84
84,LEFT_WRIST,0.10768316686153412,0.22155117988586426,-0.17203360795974731,0.9954403638839722,CapturedFrames_-3.0_1.0_1.0/video.mp4#frame=84
84,RIGHT_WRIST,0.2700662314891815,0.25906476378440857,0.02513493224978447,0.9413325786590576,CapturedFrames_-3.0_1.0_1.0/video.mp4#frame=84
84,LEFT_PINKY,0.10379710048437119,0.24331705272197723,-0.18194276094436646,0.9858890175819397,CapturedFrames_-3.0_1.0_1.0/video.mp4#frame=84
84,RIGHT_PINKY,0.27729904651641846,0.2820139527320862,0.02392391487956047,0.9048615097999573,CapturedFrames_-3.0_1.0_1.0/video.mp4#frame=84
84,LEFT_INDEX,0.1029607281088829,0.24255608022212982,-0.17882327735424042,0.9853421449661255,CapturedFrames_-3.0_1.0_1.0/video.mp4#frame=84
84,RIGHT_INDEX,0.27505964040756226,0.28388917446136475,0.015204563736915588,0.8936097621917725,CapturedFrames_-3.0_1.0_1.0/video.mp4#frame=84
84,LEFT_THUMB,0.10470964759588242,0.23624460399150848,-0.16729767620563507,0.9691784977912903,CapturedFrames_-3.0_1.0_1.0/video.mp4#frame=84
84,RIGHT_THUMB,0.27045130729675293,0.27694207429885864,0.019935790449380875,0.8540902733802795,CapturedFrames_-3.0_1.0_1.0/video.mp4#frame=84
84,LEFT_HIP,0.22334475815296173,0.2594706118106842,-0.08598968386650085,0.9998910427093506,CapturedFrames_-3.0_1.0_1.0/video.mp4#frame=84
84,RIGHT_HIP,0.21842817962169647,0.26396307349205017,0.08561474829912186,0.9992165565490723,CapturedFrames_-3.0_1.0_1.0/video.mp4#frame=84
84,LEFT_KNEE,0.2610223889350891,0.3997002840042114,-0.057573772966861725,0.9984037280082703,CapturedFrames_-3.0_1.0_1.0/video.mp4#frame=84
84,RIGHT_KNEE,0.18134857714176178,0.387437641620636,0.1793002188205719,0.949700117111206,CapturedFrames_-3.0_1.0_1.0/video.mp4#frame=84
84,LEFT_ANKLE,0.3086868226528168,0.5285756587982178,0.0011469405144453049,0.998238205909729,CapturedFrames_-3.0_1.0_1.0/video.mp4#frame=84
84,RIGHT_ANKLE,0.1606758087873459,0.5155278444290161,0.28295785188674927,0.9871615767478943,CapturedFrames_-3.0_1.0_1.0/video.mp4#frame=84
84,LEFT_HEEL,0.32315462827682495,0.5514484643936157,0.0036583770997822285,0.9732147455215454,CapturedFrames_-3.0_1.0_1.0/video.mp4#frame=84
84,RIGHT_HEEL,0.1650158315896988,0.5447654724121094,0.29164496064186096,0.9690959453582764,CapturedFrames_-3.0_1.0_1.0/video.mp4#frame=84
84,LEFT_FOOT_INDEX,0.27218446135520935,0.568048357963562,-0.06666545569896698,0.9946838021278381,CapturedFrames_-3.0_1.0_1.0/video.mp4#frame=84
84,RIGHT_FOOT_INDEX,0.11524105072021484,0.5117190480232239,0.2653481364250183,0.9820589423179626,CapturedFrames_-3.0_1.0_1.0/video.mp4#frame=84
85,NOSE,0.15455830097198486,-0.004745990037918091,-0.0038177401293069124,0.9965380430221558,CapturedFrames_-3.0_1.0_1.0/video.mp4#frame=85
85,LEFT_EYE_INNER,0.15500852465629578,-0.019780606031417847,-0.03245428204536438,0.9948394894599915,CapturedFrames_-3.0_1.0_1.0/video.mp4#frame=85
85,LEFT_EYE,0.15048494935035706,-0.0060381293296813965,-0.03250250965356827,0.9955198764801025,CapturedFrames_-3.0_1.0_1.0/video.mp4#frame=85
85,LEFT_EYE_OUTER,0.1502700299024582,-0.006842553615570068,-0.03252977505326271,0.9949413537979126,CapturedFrames_-3.0_1.0_1.0/video.mp4#frame=85
85,RIGHT_EYE_INNER,0.15715882182121277,-0.020756393671035767,-0.00989807303994894,0.9950175881385803,CapturedFrames_-3.0_1.0_1.0/video.mp4#frame=85
85,RIGHT_EYE,0.1574447602033615,-0.019453823566436768,-0.009842484258115292,0.9951937794685364,CapturedFrames_-3.0_1.0_1.0/video.mp4#frame=85
85,RIGHT_EYE_OUTER,0.15767133235931396,-0.01801532506942749,-0.009906363673508167,0.993459165096283,CapturedFrames_-3.0_1.0_1.0/video.mp4#frame=85
85,LEFT_EAR,0.15666943788528442,-0.007908999919891357,-0.11826523393392563,0.9956374764442444,CapturedFrames_-3.0_1.0_1.0/video.mp4#frame=85
85,RIGHT_EAR,0.16679322719573975,-0.008523046970367432,-0.013952563516795635,0.9895407557487488,CapturedFrames_-3.0_1.0_1.0/video.mp4#frame=85
85,MOUTH_LEFT,0.15575909614562988,0.005754723679274321,-0.029398415237665176,0.9940261840820312,CapturedFrames_-3.0_1.0_1.0/video.mp4#frame=85
85,MOUTH_RIGHT,0.15717187523841858,0.0090465247631073,0.00026998246903531253,0.9874774217605591,CapturedFrames_-3.0_1.0_1.0/video.mp4#frame=85
85,LEFT_SHOULDER,0.15795189142227173,0.03589479625225067,-0.18449126183986664,0.9999834299087524,CapturedFrames_-3.0_1.0_1.0/video.mp4#frame=85
85,RIGHT_SHOULDER,0.20115701854228973,0.0573866032063961,0.03274567425251007,0.9990065693855286,CapturedFrames_-3.0_1.0_1.0/video.mp4#frame=85
85,LEFT_ELBOW,0.12830650806427002,0.14161717891693115,-0.20839150249958038,0.9996707439422607,CapturedFrames_-3.0_1.0_1.0/video.mp4#frame=85
85,RIGHT_ELBOW,0.23701918125152588,0.15836241841316223,0.03966318815946579,0.8972949981689453,CapturedFrames_-3.0_1.0_1.0/video.mp4#frame=85
85,LEFT_WRIST,0.08927952498197556,0.219137504696846,-0.1829873025417328,0.9947751760482788,CapturedFrames_-3.0_1.0_1.0/video.mp4#frame=85
85,RIGHT_WRIST,0.2600157856941223,0.2566642463207245,0.016804376617074013,0.9378828406333923,CapturedFrames_-3.0_1.0_1.0/video.mp4#frame=85
85,LEFT_PINKY,0.08533837646245956,0.24169927835464478,-0.19260932505130768,0.9857833385467529,CapturedFrames_-3.0_1.0_1.0/video.mp4#frame=85
85,RIGHT_PINKY,0.26793038845062256,0.28188854455947876,0.015218431130051613,0.8996924161911011,CapturedFrames_-3.0_1.0_1.0/video.mp4#frame=85
85,LEFT_INDEX,0.08430369943380356,0.24136556684970856,-0.18997810781002045,0.9852058291435242,CapturedFrames_-3.0_1.0_1.0/video.mp4#frame=85
85,RIGHT_INDEX,0.26449134945869446,0.28320425748825073,0.006275732070207596,0.8862344622612,CapturedFrames_-3.0_1.0_1.0/video.mp4#frame=85
85,LEFT_THUMB,0.08618980646133423,0.2345603108406067,-0.17841918766498566,0.9677762389183044,CapturedFrames_-3.0_1.0_1.0/video.mp4#frame=85
85,RIGHT_THUMB,0.2604885399341583,0.2763294577598572,0.011396044865250587,0.8453011512756348,CapturedFrames_-3.0_1.0_1.0/video.mp4#frame=85
85,LEFT_HIP,0.21155181527137756,0.26458442211151123,-0.08461350202560425,0.9998770952224731,CapturedFrames_-3.0_1.0_1.0/video.mp4#frame=85
85,RIGHT_HIP,0.2081567943096161,0.2676079571247101,0.08421728014945984,0.9988794922828674,CapturedFrames_-3.0_1.0_1.0/video.mp4#frame=85
85,LEFT_KNEE,0.2560885548591614,0.40056371688842773,-0.06322810053825378,0.9986065030097961,CapturedFrames_-3.0_1.0_1.0/video.mp4#frame=85
85,RIGHT_KNEE,0.1671433299779892,0.3900638222694397,0.1673705130815506,0.9560443162918091,CapturedFrames_-3.0_1.0_1.0/video.mp4#frame=85
85,LEFT_ANKLE,0.3102102279663086,0.5265510082244873,-0.011793206445872784,0.9985710382461548,CapturedFrames_-3.0_1.0_1.0/video.mp4#frame=85
85,RIGHT_ANKLE,0.1508691906929016,0.5202085375785828,0.2706054747104645,0.9883481860160828,CapturedFrames_-3.0_1.0_1.0/video.mp4#frame=85
85,LEFT_HEEL,0.3253568112850189,0.5465882420539856,-0.010220502503216267,0.9741578698158264,CapturedFrames_-3.0_1.0_1.0/video.mp4#frame=85
85,RIGHT_HEEL,0.15649166703224182,0.5486706495285034,0.2795049250125885,0.9728026986122131,CapturedFrames_-3.0_1.0_1.0/video.mp4#frame=85
85,LEFT_FOOT_INDEX,0.2746184468269348,0.5669142603874207,-0.08474130928516388,0.9955227375030518,CapturedFrames_-3.0_1.0_1.0/video.mp4#frame=85
85,RIGHT_FOOT_INDEX,0.10394340753555298,0.5236014127731323,0.25557881593704224,0.983656644821167,CapturedFrames_-3.0_1.0_1.0/video.mp4#frame=85
86,NOSE,0.14012280106544495,0.0018917620182037354,0.0047366004437208176,0.996315062046051,CapturedFrames_-3.0_1.0_1.0/video.mp4#frame=86
86,LEFT_EYE_INNER,0.13882167637348175,-0.0027913153171539307,-0.024330317974090576,0.9951657056808472,CapturedFrames_-3.0_1.0_1.0/video.mp4#frame=86
86,LEFT_EYE,0.1386120468378067,-0.0034767091274261475,-0.02438526041805744,0.995475709438324,CapturedFrames_-3.0_1.0_1.0/video.mp4#frame=86
86,LEFT_EYE_OUTER,0.1383856236934662,-0.004089295864105225,-0.024412358179688454,0.9952958226203918,CapturedFrames_-3.0_1.0_1.0/video.mp4#frame=86
86,RIGHT_EYE_INNER,0.1420004814863205,-0.011904656887054443,-0.0008772012661211193,0.9952646493911743,CapturedFrames_-3.0_1.0_1.0/video.mp4#frame=86
86,RIGHT_EYE,0.14248648285865784,-0.01115429401397705,-0.0008173355599865317,0.9950088262557983,CapturedFrames_-3.0_1.0_1.0/video.mp4#frame=86
86,RIGHT_EYE_OUTER,0.1429681032896042,-0.010612934827804565,-0.0008655249257571995,0.9935975074768066,CapturedFrames_-3.0_1.0_1.0/video.mp4#frame=86
86,LEFT_EAR,0.14528292417526245,-0.0031050443649291992,-0.11250629276037216,0.9956165552139282,CapturedFrames_-3.0_1.0_1.0/video.mp4#frame=86
86,RIGHT_EAR,0.15600013732910156,-0.0041387081146240234,-0.004055013880133629,0.9877766370773315,CapturedFrames_-3.0_1.0_1.0/video.mp4#frame=86
86,MOUTH_LEFT,0.14252620935440063,0.014372393488883972,-0.02189948596060276,0.9938544034957886,CapturedFrames_-3.0_1.0_1.0/video.mp4#frame=86
86,MOUTH_RIGHT,0.14408516883850098,0.01515605952590704,0.008942632004618645,0.9863924384117126,CapturedFrames_-3.0_1.0_1.0/video.mp4#frame=86
86,LEFT_SHOULDER,0.14454419910907745,0.04076576232910156,-0.18808989226818085,0.9999773502349854,CapturedFrames_-3.0_1.0_1.0/video.mp4#frame=86
86,RIGHT_SHOULDER,0.18743634223937988,0.06465977430343628,0.047267332673072815,0.9985800981521606,CapturedFrames_-3.0_1.0_1.0/video.mp4#frame=86
86,LEFT_ELBOW,0.1103152185678482,0.14669644832611084,-0.21657606959342957,0.9998027682304382,CapturedFrames_-3.0_1.0_1.0/video.mp4#frame=86
86,RIGHT_ELBOW,0.2261277139186859,0.1662003993988037,0.056668978184461594,0.8837242722511292,CapturedFrames_-3.0_1.0_1.0/video.mp4#frame=86
86,LEFT_WRIST,0.07116972655057907,0.22602348029613495,-0.1894199401140213,0.996204674243927,CapturedFrames_-3.0_1.0_1.0/video.mp4#frame=86
86,RIGHT_WRIST,0.24690508842468262,0.2653214633464813,0.03134491294622421,0.940792977809906,CapturedFrames_-3.0_1.0_1.0/video.mp4#frame=86
86,LEFT_PINKY,0.0666787251830101,0.2481503188610077,-0.20177702605724335,0.9890163540840149,CapturedFrames_-3.0_1.0_1.0/video.mp4#frame=86
86,RIGHT_PINKY,0.2549980878829956,0.28858351707458496,0.0300484336912632,0.90793377161026,CapturedFrames_-3.0_1.0_1.0/video.mp4#frame=86
86,LEFT_INDEX,0.06592133641242981,0.24717697501182556,-0.1975591778755188,0.988698422908783,CapturedFrames_-3.0_1.0_1.0/video.mp4#frame=86
86,RIGHT_INDEX,0.25264158844947815,0.2898824214935303,0.018849989399313927,0.8976075053215027,CapturedFrames_-3.0_1.0_1.0/video.mp4#frame=86
86,LEFT_THUMB,0.0685262531042099,0.24076518416404724,-0.18445609509944916,0.9752389788627625,CapturedFrames_-3.0_1.0_1.0/video.mp4#frame=86
86,RIGHT_THUMB,0.2478342354297638,0.28309351205825806,0.025071877986192703,0.8610129356384277,CapturedFrames_-3.0_1.0_1.0/video.mp4#frame=86
86,LEFT_HIP,0.1980450600385666,0.27373695373535156,-0.09112582355737686,0.9998987913131714,CapturedFrames_-3.0_1.0_1.0/video.mp4#frame=86
86,RIGHT_HIP,0.1910601407289505,0.2760521471500397,0.09072811901569366,0.9990032315254211,CapturedFrames_-3.0_1.0_1.0/video.mp4#frame=86
86,LEFT_KNEE,0.24704667925834656,0.4068538248538971,-0.06620855629444122,0.9985800981521606,CapturedFrames_-3.0_1.0_1.0/video.mp4#frame=86
86,RIGHT_KNEE,0.14684508740901947,0.38950732350349426,0.183322936296463,0.9551054239273071,CapturedFrames_-3.0_1.0_1.0/video.mp4#frame=86
86,LEFT_ANKLE,0.30689480900764465,0.5245782136917114,-0.0023558824323117733,0.9986692667007446,CapturedFrames_-3.0_1.0_1.0/video.mp4#frame=86
86,RIGHT_ANKLE,0.1414262056350708,0.5253137350082397,0.30345821380615234,0.9872310757637024,CapturedFrames_-3.0_1.0_1.0/video.mp4#frame=86
86,LEFT_HEEL,0.32432618737220764,0.5418211817741394,0.0008417583885602653,0.978469729423523,CapturedFrames_-3.0_1.0_1.0/video.mp4#frame=86
86,RIGHT_HEEL,0.15029501914978027,0.5538879036903381,0.3141820728778839,0.9720573425292969,CapturedFrames_-3.0_1.0_1.0/video.mp4#frame=86
86,LEFT_FOOT_INDEX,0.2730376720428467,0.5743995904922485,-0.07363146543502808,0.9956770539283752,CapturedFrames_-3.0_1.0_1.0/video.mp4#frame=86
86,RIGHT_FOOT_INDEX,0.09675800800323486,0.5364863872528076,0.29154935479164124,0.9821155071258545,CapturedFrames_-3.0_1.0_1.0/video.mp4#frame=86
87,NOSE,0.12746314704418182,-0.008099466562271118,-0.0005371459992602468,0.9963061809539795,CapturedFrames_-3.0_1.0_1.0/video.mp4#frame=87
87,LEFT_EYE_INNER,0.12389296293258667,-0.01160332653671503,-0.030280407518148422,0.9940641522407532,CapturedFrames_-3.0_1.0_1.0/video.mp4#frame=87
87,LEFT_EYE,0.12376958131790161,-0.012484817765653133,-0.030332088470458984,0.9947513937950134,CapturedFrames_-3.0_1.0_1.0/video.mp4#frame=87
87,LEFT_EYE_OUTER,0.12362494319677353,-0.0132942795753479,-0.03036528453230858,0.9947740435600281,CapturedFrames_-3.0_1.0_1.0/video.mp4#frame=87
87,RIGHT_EYE_INNER,0.1268230527639389,-0.010751694440841675,-0.005799393635243177,0.993915855884552,CapturedFrames_-3.0_1.0_1.0/video.mp4#frame=87
87,RIGHT_EYE,0.12851300835609436,-0.010957390069961548,-0.005727982614189386,0.9929459691047668,CapturedFrames_-3.0_1.0_1.0/video.mp4#frame=87
87,RIGHT_EYE_OUTER,0.13024434447288513,-0.011177659034729004,-0.0057695480063557625,0.990661084651947,CapturedFrames_-3.0_1.0_1.0/video.mp4#frame=87
87,LEFT_EAR,0.1306910663843155,-0.012170166708528996,-0.11957664787769318,0.9961031675338745,CapturedFrames_-3.0_1.0_1.0/video.mp4#frame=87
87,RIGHT_EAR,0.14079827070236206,-0.0112248370423913,-0.006710193119943142,0.9851750731468201,CapturedFrames_-3.0_1.0_1.0/video.mp4#frame=87
87,MOUTH_LEFT,0.1289743185043335,0.007608160842210054,-0.027371862903237343,0.9945235252380371,CapturedFrames_-3.0_1.0_1.0/video.mp4#frame=87
87,MOUTH_RIGHT,0.1300198882818222,0.008962452411651611,0.004687709733843803,0.9868584871292114,CapturedFrames_-3.0_1.0_1.0/video.mp4#frame=87
87,LEFT_SHOULDER,0.12828329205513,0.04002712666988373,-0.19974923133850098,0.9999881982803345,CapturedFrames_-3.0_1.0_1.0/video.mp4#frame=87
87,RIGHT_SHOULDER,0.17402195930480957,0.06677615642547607,0.051930319517850876,0.9983885288238525,CapturedFrames_-3.0_1.0_1.0/video.mp4#frame=87
87,LEFT_ELBOW,0.09733100235462189,0.15163514018058777,-0.2253132313489914,0.9999257326126099,CapturedFrames_-3.0_1.0_1.0/video.mp4#frame=87
87,RIGHT_ELBOW,0.2120506465435028,0.1765047013759613,0.06815492361783981,0.8642017245292664,CapturedFrames_-3.0_1.0_1.0/video.mp4#frame=87
87,LEFT_WRIST,0.056595154106616974,0.23505282402038574,-0.17744293808937073,0.9983483552932739,CapturedFrames_-3.0_1.0_1.0/video.mp4#frame=87
87,RIGHT_WRIST,0.23288369178771973,0.2743147909641266,0.05233784765005112,0.9367558360099792,CapturedFrames_-3.0_1.0_1.0/video.mp4#frame=87
87,LEFT_PINKY,0.052160948514938354,0.25841057300567627,-0.1877276599407196,0.9944087862968445,CapturedFrames_-3.0_1.0_1.0/video.mp4#frame=87
87,RIGHT_PINKY,0.24044451117515564,0.29644015431404114,0.05233030766248703,0.8994859457015991,CapturedFrames_-3.0_1.0_1.0/video.mp4#frame=87
87,LEFT_INDEX,0.05125458166003227,0.25815513730049133,-0.18303503096103668,0.9941107630729675,CapturedFrames_-3.0_1.0_1.0/video.mp4#frame=87
87,RIGHT_INDEX,0.2372024953365326,0.2991248369216919,0.04073682427406311,0.8902000784873962,CapturedFrames_-3.0_1.0_1.0/video.mp4#frame=87
87,LEFT_THUMB,0.053312432020902634,0.25137850642204285,-0.17133226990699768,0.986596405506134,CapturedFrames_-3.0_1.0_1.0/video.mp4#frame=87
87,RIGHT_THUMB,0.23254218697547913,0.2923111319541931,0.04575822502374649,0.8552689552307129,CapturedFrames_-3.0_1.0_1.0/video.mp4#frame=87
87,LEFT_HIP,0.18350856006145477,0.27506256103515625,-0.09276144206523895,0.9999241828918457,CapturedFrames_-3.0_1.0_1.0/video.mp4#frame=87
87,RIGHT_HIP,0.17638695240020752,0.28022170066833496,0.09237712621688843,0.9993520379066467,CapturedFrames_-3.0_1.0_1.0/video.mp4#frame=87
87,LEFT_KNEE,0.23190072178840637,0.41313570737838745,-0.07124397158622742,0.9991235136985779,CapturedFrames_-3.0_1.0_1.0/video.mp4#frame=87
87,RIGHT_KNEE,0.13063621520996094,0.39190173149108887,0.16616129875183105,0.9760279655456543,CapturedFrames_-3.0_1.0_1.0/video.mp4#frame=87
87,LEFT_ANKLE,0.3016376495361328,0.5212003588676453,-1.1813949640782084e-05,0.9991729855537415,CapturedFrames_-3.0_1.0_1.0/video.mp4#frame=87
87,RIGHT_ANKLE,0.13771860301494598,0.5325334072113037,0.3016546964645386,0.9922693967819214,CapturedFrames_-3.0_1.0_1.0/video.mp4#frame=87
87,LEFT_HEEL,0.3199395537376404,0.5359340906143188,0.004162236582487822,0.9830804467201233,CapturedFrames_-3.0_1.0_1.0/video.mp4#frame=87
87,RIGHT_HEEL,0.15007007122039795,0.5598448514938354,0.3137893080711365,0.9812699556350708,CapturedFrames_-3.0_1.0_1.0/video.mp4#frame=87
87,LEFT_FOOT_INDEX,0.27449092268943787,0.5774701833724976,-0.07056886702775955,0.9970200657844543,CapturedFrames_-3.0_1.0_1.0/video.mp4#frame=87
87,RIGHT_FOOT_INDEX,0.09498942643404007,0.5547770857810974,0.29153090715408325,0.9877663850784302,CapturedFrames_-3.0_1.0_1.0/video.mp4#frame=87
88,NOSE,0.11239193379878998,-0.006188124418258667,1.0184542588831391e-05,0.991418719291687,CapturedFrames_-3.0_1.0_1.0/video.mp4#frame=88
88,LEFT_EYE_INNER,0.11223278939723969,-0.013875901699066162,-0.02912580966949463,0.9851012229919434,CapturedFrames_-3.0_1.0_1.0/video.mp4#frame=88
88,LEFT_EYE,0.11221226304769516,-0.01294088363647461,-0.02916109189391136,0.9870156049728394,CapturedFrames_-3.0_1.0_1.0/video.mp4#frame=88
88,LEFT_EYE_OUTER,0.11215070635080338,-0.012029080651700497,-0.02918737195432186,0.9870703816413879,CapturedFrames_-3.0_1.0_1.0/video.mp4#frame=88
88,RIGHT_EYE_INNER,0.11305291950702667,-0.01366171333938837,-0.008951159194111824,0.9836031198501587,CapturedFrames_-3.0_1.0_1.0/video.mp4#frame=88
88,RIGHT_EYE,0.11436791718006134,-0.011450200341641903,-0.008889488875865936,0.9817080497741699,CapturedFrames_-3.0_1.0_1.0/video.mp4#frame=88
88,RIGHT_EYE_OUTER,0.11495576798915863,-0.01095271110534668,-0.00892059039324522,0.9762016534805298,CapturedFrames_-3.0_1.0_1.0/video.mp4#frame=88
88,LEFT_EAR,0.113897904753685,-0.0074697136878967285,-0.11993858963251114,0.9898737668991089,CapturedFrames_-3.0_1.0_1.0/video.mp4#frame=88
88,RIGHT_EAR,0.12838251888751984,-0.009171217679977417,-0.02663440629839897,0.9514726400375366,CapturedFrames_-3.0_1.0_1.0/video.mp4#frame=88
88,MOUTH_LEFT,0.11330634355545044,0.007159501314163208,-0.02759758196771145,0.9872642755508423,CapturedFrames_-3.0_1.0_1.0/video.mp4#frame=88
88,MOUTH_RIGHT,0.11492600291967392,0.00859445333480835,-0.0011881990358233452,0.9686064124107361,CapturedFrames_-3.0_1.0_1.0/video.mp4#frame=88
88,LEFT_SHOULDER,0.11043150722980499,0.046518474817276,-0.1940273940563202,0.999970555305481,CapturedFrames_-3.0_1.0_1.0/video.mp4#frame=88
88,RIGHT_SHOULDER,0.158584326505661,0.0724000334739685,0.023044385015964508,0.9968119263648987,CapturedFrames_-3.0_1.0_1.0/video.mp4#frame=88
88,LEFT_ELBOW,0.08381808549165726,0.1614762544631958,-0.20526428520679474,0.9998338222503662,CapturedFrames_-3.0_1.0_1.0/video.mp4#frame=88
88,RIGHT_ELBOW,0.19566811621189117,0.17686119675636292,0.03812260925769806,0.8606581687927246,CapturedFrames_-3.0_1.0_1.0/video.mp4#frame=88
88,LEFT_WRIST,0.04620567709207535,0.2511219382286072,-0.14506685733795166,0.9968921542167664,CapturedFrames_-3.0_1.0_1.0/video.mp4#frame=88
88,RIGHT_WRIST,0.2152855098247528,0.2788682281970978,0.030650530010461807,0.9472542405128479,CapturedFrames_-3.0_1.0_1.0/video.mp4#frame=88
88,LEFT_PINKY,0.042014122009277344,0.27328550815582275,-0.15272733569145203,0.9902640581130981,CapturedFrames_-3.0_1.0_1.0/video.mp4#frame=88
88,RIGHT_PINKY,0.22514531016349792,0.2998336851596832,0.028500694781541824,0.9210026264190674,CapturedFrames_-3.0_1.0_1.0/video.mp4#frame=88
88,LEFT_INDEX,0.04112724959850311,0.2741442918777466,-0.15033972263336182,0.9900298714637756,CapturedFrames_-3.0_1.0_1.0/video.mp4#frame=88
88,RIGHT_INDEX,0.2211000621318817,0.30309373140335083,0.01966341771185398,0.9133884310722351,CapturedFrames_-3.0_1.0_1.0/video.mp4#frame=88
88,LEFT_THUMB,0.04317168891429901,0.26794740557670593,-0.13984602689743042,0.979816198348999,CapturedFrames_-3.0_1.0_1.0/video.mp4#frame=88
88,RIGHT_THUMB,0.21607144176959991,0.29674142599105835,0.025398755446076393,0.8812153339385986,CapturedFrames_-3.0_1.0_1.0/video.mp4#frame=88
88,LEFT_HIP,0.1699097752571106,0.2787468135356903,-0.08648833632469177,0.9999279975891113,CapturedFrames_-3.0_1.0_1.0/video.mp4#frame=88
88,RIGHT_HIP,0.15912654995918274,0.2846185564994812,0.08609725534915924,0.9994105100631714,CapturedFrames_-3.0_1.0_1.0/video.mp4#frame=88
88,LEFT_KNEE,0.20825520157814026,0.42595401406288147,-0.067374087870121,0.9989590644836426,CapturedFrames_-3.0_1.0_1.0/video.mp4#frame=88
88,RIGHT_KNEE,0.11817635595798492,0.39947831630706787,0.16251300275325775,0.9657624959945679,CapturedFrames_-3.0_1.0_1.0/video.mp4#frame=88
88,LEFT_ANKLE,0.28869128227233887,0.5153996348381042,0.006898549385368824,0.9991687536239624,CapturedFrames_-3.0_1.0_1.0/video.mp4#frame=88
88,RIGHT_ANKLE,0.13663801550865173,0.5362685918807983,0.3101840317249298,0.9912002682685852,CapturedFrames_-3.0_1.0_1.0/video.mp4#frame=88
88,LEFT_HEEL,0.31089508533477783,0.5207104682922363,0.011673089116811752,0.9789010286331177,CapturedFrames_-3.0_1.0_1.0/video.mp4#frame=88
88,RIGHT_HEEL,0.14995798468589783,0.5625187158584595,0.3232211768627167,0.9740170836448669,CapturedFrames_-3.0_1.0_1.0/video.mp4#frame=88
88,LEFT_FOOT_INDEX,0.27730879187583923,0.5866032242774963,-0.06564861536026001,0.9970698356628418,CapturedFrames_-3.0_1.0_1.0/video.mp4#frame=88
88,RIGHT_FOOT_INDEX,0.09470042586326599,0.5679060220718384,0.29405486583709717,0.9863173961639404,CapturedFrames_-3.0_1.0_1.0/video.mp4#frame=88
89,NOSE,0.10084076970815659,0.0013411939144134521,0.015448255464434624,0.9986597299575806,CapturedFrames_-3.0_1.0_1.0/video.mp4#frame=89
89,LEFT_EYE_INNER,0.09944955259561539,-0.005821526050567627,-0.01370561309158802,0.9979056119918823,CapturedFrames_-3.0_1.0_1.0/video.mp4#frame=89
89,LEFT_EYE,0.09848040342330933,-0.0052384138107299805,-0.013715632259845734,0.997944176197052,CapturedFrames_-3.0_1.0_1.0/video.mp4#frame=89
89,LEFT_EYE_OUTER,0.09735947847366333,-0.004614472389221191,-0.013729920610785484,0.9977940320968628,CapturedFrames_-3.0_1.0_1.0/video.mp4#frame=89
89,RIGHT_EYE_INNER,0.10313034057617188,-0.007196933031082153,0.006365330424159765,0.9972810745239258,CapturedFrames_-3.0_1.0_1.0/video.mp4#frame=89
89,RIGHT_EYE,0.10439357906579971,-0.00767168402671814,0.0064316242933273315,0.9965572357177734,CapturedFrames_-3.0_1.0_1.0/video.mp4#frame=89
89,RIGHT_EYE_OUTER,0.10550504922866821,-0.008302122354507446,0.006433474365621805,0.9956085085868835,CapturedFrames_-3.0_1.0_1.0/video.mp4#frame=89
89,LEFT_EAR,0.10059137642383575,-0.005508482456207275,-0.10437245666980743,0.99875807762146,CapturedFrames_-3.0_1.0_1.0/video.mp4#frame=89
89,RIGHT_EAR,0.11574222892522812,-0.005774438381195068,-0.010950569994747639,0.9930665493011475,CapturedFrames_-3.0_1.0_1.0/video.mp4#frame=89
89,MOUTH_LEFT,0.10167764127254486,0.011523306369781494,-0.01195799931883812,0.9978735446929932,CapturedFrames_-3.0_1.0_1.0/video.mp4#frame=89
89,MOUTH_RIGHT,0.10533596575260162,0.011192739009857178,0.014568525366485119,0.9949302077293396,CapturedFrames_-3.0_1.0_1.0/video.mp4#frame=89
89,LEFT_SHOULDER,0.09351649880409241,0.04771725833415985,-0.17107036709785461,0.9999943971633911,CapturedFrames_-3.0_1.0_1.0/video.mp4#frame=89
89,RIGHT_SHOULDER,0.150664284825325,0.06959386169910431,0.028776219114661217,0.9994481205940247,CapturedFrames_-3.0_1.0_1.0/video.mp4#frame=89
89,LEFT_ELBOW,0.07428740710020065,0.16461890935897827,-0.19518806040287018,0.9997287392616272,CapturedFrames_-3.0_1.0_1.0/video.mp4#frame=89
89,RIGHT_ELBOW,0.18227499723434448,0.179441437125206,0.03236645460128784,0.9212962985038757,CapturedFrames_-3.0_1.0_1.0/video.mp4#frame=89
89,LEFT_WRIST,0.03907274454832077,0.26599520444869995,-0.1437384933233261,0.9958321452140808,CapturedFrames_-3.0_1.0_1.0/video.mp4#frame=89
89,RIGHT_WRIST,0.19705148041248322,0.2840934097766876,0.02479817345738411,0.9604445099830627,CapturedFrames_-3.0_1.0_1.0/video.mp4#frame=89
89,LEFT_PINKY,0.033970169723033905,0.2939777672290802,-0.15309329330921173,0.9870651960372925,CapturedFrames_-3.0_1.0_1.0/video.mp4#frame=89
89,RIGHT_PINKY,0.20724889636039734,0.30687183141708374,0.023291079327464104,0.9340361952781677,CapturedFrames_-3.0_1.0_1.0/video.mp4#frame=89
89,LEFT_INDEX,0.03262598067522049,0.292782187461853,-0.14851532876491547,0.9868584871292114,CapturedFrames_-3.0_1.0_1.0/video.mp4#frame=89
89,RIGHT_INDEX,0.2040172815322876,0.30984896421432495,0.015476802363991737,0.9247633814811707,CapturedFrames_-3.0_1.0_1.0/video.mp4#frame=89
89,LEFT_THUMB,0.03489615023136139,0.2840328514575958,-0.13863298296928406,0.9748401641845703,CapturedFrames_-3.0_1.0_1.0/video.mp4#frame=89
89,RIGHT_THUMB,0.19814446568489075,0.3038026988506317,0.02004818059504032,0.9010313153266907,CapturedFrames_-3.0_1.0_1.0/video.mp4#frame=89
89,LEFT_HIP,0.15064594149589539,0.278314471244812,-0.08906151354312897,0.9999840259552002,CapturedFrames_-3.0_1.0_1.0/video.mp4#frame=89
89,RIGHT_HIP,0.14311446249485016,0.2857103943824768,0.08876316249370575,0.9998325109481812,CapturedFrames_-3.0_1.0_1.0/video.mp4#frame=89
89,LEFT_KNEE,0.17729656398296356,0.4319155812263489,-0.10084079205989838,0.99964439868927,CapturedFrames_-3.0_1.0_1.0/video.mp4#frame=89
89,RIGHT_KNEE,0.10704058408737183,0.3995738923549652,0.1735972911119461,0.9733437299728394,CapturedFrames_-3.0_1.0_1.0/video.mp4#frame=89
89,LEFT_ANKLE,0.2722832262516022,0.5120275616645813,-0.052049167454242706,0.9997448325157166,CapturedFrames_-3.0_1.0_1.0/video.mp4#frame=89
89,RIGHT_ANKLE,0.13585759699344635,0.5362594127655029,0.3134663701057434,0.9942464232444763,CapturedFrames_-3.0_1.0_1.0/video.mp4#frame=89
89,LEFT_HEEL,0.29438501596450806,0.5084745287895203,-0.0490911491215229,0.9947798252105713,CapturedFrames_-3.0_1.0_1.0/video.mp4#frame=89
89,RIGHT_HEEL,0.1461118906736374,0.5641674399375916,0.325583815574646,0.9849274158477783,CapturedFrames_-3.0_1.0_1.0/video.mp4#frame=89
89,LEFT_FOOT_INDEX,0.27264952659606934,0.5841765403747559,-0.11956898868083954,0.9991173148155212,CapturedFrames_-3.0_1.0_1.0/video.mp4#frame=89
89,RIGHT_FOOT_INDEX,0.09531626850366592,0.5689032673835754,0.2994830310344696,0.9893626570701599,CapturedFrames_-3.0_1.0_1.0/video.mp4#frame=89
90,NOSE,0.0806015357375145,0.020495891571044922,-0.03988011181354523,0.9914878606796265,CapturedFrames_-3.0_1.0_1.0/video.mp4#frame=90
90,LEFT_EYE_INNER,0.08004460483789444,0.013416409492492676,-0.06497903168201447,0.9880120754241943,CapturedFrames_-3.0_1.0_1.0/video.mp4#frame=90
90,LEFT_EYE,0.07919789850711823,0.013575971126556396,-0.06496741622686386,0.9866843819618225,CapturedFrames_-3.0_1.0_1.0/video.mp4#frame=90
90,LEFT_EYE_OUTER,0.07729834318161011,0.014274537563323975,-0.06499100476503372,0.9849298596382141,CapturedFrames_-3.0_1.0_1.0/video.mp4#frame=90
90,RIGHT_EYE_INNER,0.08300880342721939,0.012754649855196476,-0.04673183336853981,0.9843897223472595,CapturedFrames_-3.0_1.0_1.0/video.mp4#frame=90
90,RIGHT_EYE,0.08498351275920868,0.008030086755752563,-0.04669547826051712,0.9802895188331604,CapturedFrames_-3.0_1.0_1.0/video.mp4#frame=90
90,RIGHT_EYE_OUTER,0.0869404524564743,0.007423430681228638,-0.04672170430421829,0.9781569838523865,CapturedFrames_-3.0_1.0_1.0/video.mp4#frame=90
90,LEFT_EAR,0.08386383205652237,0.017410948872566223,-0.14401127398014069,0.9865614771842957,CapturedFrames_-3.0_1.0_1.0/video.mp4#frame=90
90,RIGHT_EAR,0.09670622646808624,0.011359870433807373,-0.06036383658647537,0.9623985886573792,CapturedFrames_-3.0_1.0_1.0/video.mp4#frame=90
90,MOUTH_LEFT,0.08080148696899414,0.03555785119533539,-0.06395162642002106,0.9816235303878784,CapturedFrames_-3.0_1.0_1.0/video.mp4#frame=90
90,MOUTH_RIGHT,0.08653324842453003,0.028572797775268555,-0.04002046585083008,0.9673731327056885,CapturedFrames_-3.0_1.0_1.0/video.mp4#frame=90
90,LEFT_SHOULDER,0.07474595308303833,0.07193237543106079,-0.18196289241313934,0.9999628067016602,CapturedFrames_-3.0_1.0_1.0/video.mp4#frame=90
90,RIGHT_SHOULDER,0.13720571994781494,0.08020935952663422,-0.029514098539948463,0.9990354776382446,CapturedFrames_-3.0_1.0_1.0/video.mp4#frame=90
90,LEFT_ELBOW,0.0612887442111969,0.1778782308101654,-0.1842074692249298,0.9986703395843506,CapturedFrames_-3.0_1.0_1.0/video.mp4#frame=90
90,RIGHT_ELBOW,0.16609415411949158,0.18442273139953613,0.008024427108466625,0.8496690392494202,CapturedFrames_-3.0_1.0_1.0/video.mp4#frame=90
90,LEFT_WRIST,0.034731633961200714,0.2833329141139984,-0.12604640424251556,0.9925427436828613,CapturedFrames_-3.0_1.0_1.0/video.mp4#frame=90
90,RIGHT_WRIST,0.17909441888332367,0.280746191740036,0.04204939678311348,0.9437697529792786,CapturedFrames_-3.0_1.0_1.0/video.mp4#frame=90
90,LEFT_PINKY,0.032541751861572266,0.31172600388526917,-0.13106638193130493,0.9802886247634888,CapturedFrames_-3.0_1.0_1.0/video.mp4#frame=90
90,RIGHT_PINKY,0.1880539208650589,0.30132466554641724,0.04630159214138985,0.9191123843193054,CapturedFrames_-3.0_1.0_1.0/video.mp4#frame=90
90,LEFT_INDEX,0.03194273263216019,0.3111465275287628,-0.1310841143131256,0.979716956615448,CapturedFrames_-3.0_1.0_1.0/video.mp4#frame=90
90,RIGHT_INDEX,0.18147754669189453,0.3081144690513611,0.037233296781778336,0.9092999696731567,CapturedFrames_-3.0_1.0_1.0/video.mp4#frame=90
90,LEFT_THUMB,0.032571204006671906,0.3023449182510376,-0.1220182329416275,0.9650573134422302,CapturedFrames_-3.0_1.0_1.0/video.mp4#frame=90
90,RIGHT_THUMB,0.1762886941432953,0.30205467343330383,0.038768257945775986,0.8961966037750244,CapturedFrames_-3.0_1.0_1.0/video.mp4#frame=90
90,LEFT_HIP,0.12276893854141235,0.27211084961891174,-0.06650844216346741,0.9999843835830688,CapturedFrames_-3.0_1.0_1.0/video.mp4#frame=90
90,RIGHT_HIP,0.14719326794147491,0.2653499245643616,0.06617499142885208,0.9998449087142944,CapturedFrames_-3.0_1.0_1.0/video.mp4#frame=90
90,LEFT_KNEE,0.1539795994758606,0.41933268308639526,-0.07273000478744507,0.9973300695419312,CapturedFrames_-3.0_1.0_1.0/video.mp4#frame=90
90,RIGHT_KNEE,0.11148874461650848,0.4028342366218567,0.15938226878643036,0.6432573795318604,CapturedFrames_-3.0_1.0_1.0/video.mp4#frame=90
90,LEFT_ANKLE,0.24276933073997498,0.5046295523643494,-0.0765802189707756,0.9986974596977234,CapturedFrames_-3.0_1.0_1.0/video.mp4#frame=90
90,RIGHT_ANKLE,0.13268731534481049,0.5409637093544006,0.2311859428882599,0.9685425162315369,CapturedFrames_-3.0_1.0_1.0/video.mp4#frame=90
90,LEFT_HEEL,0.2612156271934509,0.49932482838630676,-0.07749561220407486,0.9936238527297974,CapturedFrames_-3.0_1.0_1.0/video.mp4#frame=90
90,RIGHT_HEEL,0.14432252943515778,0.5626266598701477,0.23634538054466248,0.924313485622406,CapturedFrames_-3.0_1.0_1.0/video.mp4#frame=90
90,LEFT_FOOT_INDEX,0.25662481784820557,0.5534476041793823,-0.12347476184368134,0.996863842010498,CapturedFrames_-3.0_1.0_1.0/video.mp4#frame=90
90,RIGHT_FOOT_INDEX,0.09618556499481201,0.5683501958847046,0.2077925205230713,0.9580352306365967,CapturedFrames_-3.0_1.0_1.0/video.mp4#frame=90
91,NOSE,0.05828426033258438,0.010295122861862183,-0.1248825415968895,0.9991108775138855,CapturedFrames_-3.0_1.0_1.0/video.mp4#frame=91
91,LEFT_EYE_INNER,0.05657055228948593,-0.005562722682952881,-0.14705035090446472,0.9987635612487793,CapturedFrames_-3.0_1.0_1.0/video.mp4#frame=91
91,LEFT_EYE,0.05571281164884567,-0.004625976085662842,-0.14702971279621124,0.9986473917961121,CapturedFrames_-3.0_1.0_1.0/video.mp4#frame=91
91,LEFT_EYE_OUTER,0.05486583709716797,-0.003642857074737549,-0.1470673829317093,0.9984340071678162,CapturedFrames_-3.0_1.0_1.0/video.mp4#frame=91
91,RIGHT_EYE_INNER,0.06241236999630928,-0.002601325511932373,-0.12407772243022919,0.9983351826667786,CapturedFrames_-3.0_1.0_1.0/video.mp4#frame=91
91,RIGHT_EYE,0.06401529908180237,-0.002810746431350708,-0.1240658313035965,0.9977117776870728,CapturedFrames_-3.0_1.0_1.0/video.mp4#frame=91
91,RIGHT_EYE_OUTER,0.0656597912311554,-0.0030330121517181396,-0.1240878701210022,0.9973517656326294,CapturedFrames_-3.0_1.0_1.0/video.mp4#frame=91
91,LEFT_EAR,0.06877808272838593,0.0029343366622924805,-0.2111453115940094,0.9984089732170105,CapturedFrames_-3.0_1.0_1.0/video.mp4#frame=91
91,RIGHT_EAR,0.07710379362106323,0.0009955763816833496,-0.1064697653055191,0.9954723715782166,CapturedFrames_-3.0_1.0_1.0/video.mp4#frame=91
91,MOUTH_LEFT,0.06185076758265495,0.02319278009235859,-0.14360567927360535,0.997789740562439,CapturedFrames_-3.0_1.0_1.0/video.mp4#frame=91
91,MOUTH_RIGHT,0.06366530060768127,0.0235881507396698,-0.11334957182407379,0.9956803321838379,CapturedFrames_-3.0_1.0_1.0/video.mp4#frame=91
91,LEFT_SHOULDER,0.06048346683382988,0.06177791953086853,-0.2458018809556961,0.9999867677688599,CapturedFrames_-3.0_1.0_1.0/video.mp4#frame=91
91,RIGHT_SHOULDER,0.11656683683395386,0.06823298335075378,-0.048277564346790314,0.9996939897537231,CapturedFrames_-3.0_1.0_1.0/video.mp4#frame=91
91,LEFT_ELBOW,0.05365360900759697,0.18149256706237793,-0.24869532883167267,0.9961948394775391,CapturedFrames_-3.0_1.0_1.0/video.mp4#frame=91
91,RIGHT_ELBOW,0.14646747708320618,0.17918166518211365,-0.0064974031411111355,0.8206808567047119,CapturedFrames_-3.0_1.0_1.0/video.mp4#frame=91
91,LEFT_WRIST,0.03417539596557617,0.2919880151748657,-0.19677995145320892,0.9858710169792175,CapturedFrames_-3.0_1.0_1.0/video.mp4#frame=91
91,RIGHT_WRIST,0.15862083435058594,0.2852455675601959,0.02007901668548584,0.9387229681015015,CapturedFrames_-3.0_1.0_1.0/video.mp4#frame=91
91,LEFT_PINKY,0.03445553034543991,0.3195553421974182,-0.20544834434986115,0.973259687423706,CapturedFrames_-3.0_1.0_1.0/video.mp4#frame=91
91,RIGHT_PINKY,0.1621623933315277,0.30575549602508545,0.02705017849802971,0.9214677214622498,CapturedFrames_-3.0_1.0_1.0/video.mp4#frame=91
91,LEFT_INDEX,0.03608185797929764,0.3189537525177002,-0.20801404118537903,0.9729489088058472,CapturedFrames_-3.0_1.0_1.0/video.mp4#frame=91
91,RIGHT_INDEX,0.15811145305633545,0.3084522485733032,0.013144142925739288,0.9151427745819092,CapturedFrames_-3.0_1.0_1.0/video.mp4#frame=91
91,LEFT_THUMB,0.03630766272544861,0.3110683560371399,-0.1940145194530487,0.9558007121086121,CapturedFrames_-3.0_1.0_1.0/video.mp4#frame=91
91,RIGHT_THUMB,0.15513622760772705,0.3021273910999298,0.01486834418028593,0.9008412957191467,CapturedFrames_-3.0_1.0_1.0/video.mp4#frame=91
91,LEFT_HIP,0.10460100322961807,0.2626739740371704,-0.07756245136260986,0.9999735355377197,CapturedFrames_-3.0_1.0_1.0/video.mp4#frame=91
91,RIGHT_HIP,0.13064146041870117,0.25992351770401,0.07721462845802307,0.9998403787612915,CapturedFrames_-3.0_1.0_1.0/video.mp4#frame=91
91,LEFT_KNEE,0.11157257854938507,0.4220745861530304,-0.06509626656770706,0.9924793243408203,CapturedFrames_-3.0_1.0_1.0/video.mp4#frame=91
91,RIGHT_KNEE,0.10166792571544647,0.4034050703048706,0.16311120986938477,0.4611641764640808,CapturedFrames_-3.0_1.0_1.0/video.mp4#frame=91
91,LEFT_ANKLE,0.212391659617424,0.5050461888313293,-0.05139724165201187,0.9967754483222961,CapturedFrames_-3.0_1.0_1.0/video.mp4#frame=91
91,RIGHT_ANKLE,0.12896744906902313,0.5401920080184937,0.23450212180614471,0.9098299145698547,CapturedFrames_-3.0_1.0_1.0/video.mp4#frame=91
91,LEFT_HEEL,0.2325374186038971,0.5030913352966309,-0.050630442798137665,0.9881200790405273,CapturedFrames_-3.0_1.0_1.0/video.mp4#frame=91
91,RIGHT_HEEL,0.14334264397621155,0.5659406781196594,0.2395029515028,0.8584750890731812,CapturedFrames_-3.0_1.0_1.0/video.mp4#frame=91
91,LEFT_FOOT_INDEX,0.2196519374847412,0.5768747329711914,-0.09444278478622437,0.9939630627632141,CapturedFrames_-3.0_1.0_1.0/video.mp4#frame=91
91,RIGHT_FOOT_INDEX,0.09071172773838043,0.5717352032661438,0.21270819008350372,0.905704140663147,CapturedFrames_-3.0_1.0_1.0/video.mp4#frame=91
92,NOSE,0.041665658354759216,0.002143174409866333,-0.07441134005784988,0.9925615191459656,CapturedFrames_-3.0_1.0_1.0/video.mp4#frame=92
92,LEFT_EYE_INNER,0.0417540967464447,-0.013416915200650692,-0.09685555845499039,0.9900949001312256,CapturedFrames_-3.0_1.0_1.0/video.mp4#frame=92
92,LEFT_EYE,0.042145512998104095,-0.014097392559051514,-0.09687798470258713,0.989193856716156,CapturedFrames_-3.0_1.0_1.0/video.mp4#frame=92
92,LEFT_EYE_OUTER,0.04250773787498474,-0.01472506020218134,-0.09693676978349686,0.9884523749351501,CapturedFrames_-3.0_1.0_1.0/video.mp4#frame=92
92,RIGHT_EYE_INNER,0.04296143352985382,-0.013366222381591797,-0.07309115678071976,0.98783278465271,CapturedFrames_-3.0_1.0_1.0/video.mp4#frame=92
92,RIGHT_EYE,0.044043246656656265,-0.013803958892822266,-0.073033407330513,0.9816861152648926,CapturedFrames_-3.0_1.0_1.0/video.mp4#frame=92
92,RIGHT_EYE_OUTER,0.045187633484601974,-0.014261901378631592,-0.0730738416314125,0.982227623462677,CapturedFrames_-3.0_1.0_1.0/video.mp4#frame=92
92,LEFT_EAR,0.04972146451473236,-0.014430670998990536,-0.1617451310157776,0.9918040037155151,CapturedFrames_-3.0_1.0_1.0/video.mp4#frame=92
92,RIGHT_EAR,0.05467338114976883,-0.014897525310516357,-0.053323470056056976,0.9799741506576538,CapturedFrames_-3.0_1.0_1.0/video.mp4#frame=92
92,MOUTH_LEFT,0.04651553928852081,0.012704730033874512,-0.09274788945913315,0.9866210222244263,CapturedFrames_-3.0_1.0_1.0/video.mp4#frame=92
92,MOUTH_RIGHT,0.04730374366044998,0.013491363264620304,-0.06132890656590462,0.9794402718544006,CapturedFrames_-3.0_1.0_1.0/video.mp4#frame=92
92,LEFT_SHOULDER,0.04594137892127037,0.04021733999252319,-0.21883825957775116,0.9999916553497314,CapturedFrames_-3.0_1.0_1.0/video.mp4#frame=92
92,RIGHT_SHOULDER,0.09371112287044525,0.04945991933345795,0.02075231820344925,0.999483585357666,CapturedFrames_-3.0_1.0_1.0/video.mp4#frame=92
92,LEFT_ELBOW,0.04483998566865921,0.17267128825187683,-0.23584334552288055,0.9915379285812378,CapturedFrames_-3.0_1.0_1.0/video.mp4#frame=92
92,RIGHT_ELBOW,0.11573829501867294,0.1683276891708374,0.06544598191976547,0.22238458693027496,CapturedFrames_-3.0_1.0_1.0/video.mp4#frame=92
92,LEFT_WRIST,0.03493613749742508,0.3004693388938904,-0.18321426212787628,0.9781614542007446,CapturedFrames_-3.0_1.0_1.0/video.mp4#frame=92
92,RIGHT_WRIST,0.1216072216629982,0.28266671299934387,0.08370395004749298,0.4908512234687805,CapturedFrames_-3.0_1.0_1.0/video.mp4#frame=92
92,LEFT_PINKY,0.03919728100299835,0.3278887867927551,-0.19722089171409607,0.9670553207397461,CapturedFrames_-3.0_1.0_1.0/video.mp4#frame=92
92,RIGHT_PINKY,0.12223241478204727,0.30604422092437744,0.09434497356414795,0.4963396191596985,CapturedFrames_-3.0_1.0_1.0/video.mp4#frame=92
92,LEFT_INDEX,0.03969360142946243,0.32672280073165894,-0.19356048107147217,0.965596079826355,CapturedFrames_-3.0_1.0_1.0/video.mp4#frame=92
92,RIGHT_INDEX,0.1180887371301651,0.30766505002975464,0.07801801711320877,0.4793320596218109,CapturedFrames_-3.0_1.0_1.0/video.mp4#frame=92
92,LEFT_THUMB,0.03913727402687073,0.3201434910297394,-0.17858140170574188,0.93984454870224,CapturedFrames_-3.0_1.0_1.0/video.mp4#frame=92
92,RIGHT_THUMB,0.11885280907154083,0.30265703797340393,0.07707538455724716,0.4629153609275818,CapturedFrames_-3.0_1.0_1.0/video.mp4#frame=92
92,LEFT_HIP,0.0909348726272583,0.2631815969944,-0.08499372750520706,0.9999769926071167,CapturedFrames_-3.0_1.0_1.0/video.mp4#frame=92
92,RIGHT_HIP,0.11577825248241425,0.25825586915016174,0.0846545547246933,0.9998832941055298,CapturedFrames_-3.0_1.0_1.0/video.mp4#frame=92
92,LEFT_KNEE,0.09153600037097931,0.41240283846855164,-0.08053801953792572,0.9908624887466431,CapturedFrames_-3.0_1.0_1.0/video.mp4#frame=92
92,RIGHT_KNEE,0.09057097882032394,0.3960147500038147,0.14775016903877258,0.3552462160587311,CapturedFrames_-3.0_1.0_1.0/video.mp4#frame=92
92,LEFT_ANKLE,0.18386277556419373,0.5097528696060181,-0.10138048976659775,0.9969592094421387,CapturedFrames_-3.0_1.0_1.0/video.mp4#frame=92
92,RIGHT_ANKLE,0.12607549130916595,0.5432693958282471,0.18094393610954285,0.8900899291038513,CapturedFrames_-3.0_1.0_1.0/video.mp4#frame=92
92,LEFT_HEEL,0.20488736033439636,0.5102404356002808,-0.10281207412481308,0.9918550252914429,CapturedFrames_-3.0_1.0_1.0/video.mp4#frame=92
92,RIGHT_HEEL,0.1377834528684616,0.5682128667831421,0.18242868781089783,0.8748133778572083,CapturedFrames_-3.0_1.0_1.0/video.mp4#frame=92
92,LEFT_FOOT_INDEX,0.18193766474723816,0.5860610008239746,-0.1297505497932434,0.9946923851966858,CapturedFrames_-3.0_1.0_1.0/video.mp4#frame=92
92,RIGHT_FOOT_INDEX,0.08922111988067627,0.5771889686584473,0.16208544373512268,0.8926150798797607,CapturedFrames_-3.0_1.0_1.0/video.mp4#frame=92
