frame_id,time_sec,Hips_X,Hips_Y,Hips_Z,LeftUpperLeg_X,LeftUpperLeg_Y,LeftUpperLeg_Z,RightUpperLeg_X,RightUpperLeg_Y,RightUpperLeg_Z,LeftLowerLeg_X,LeftLowerLeg_Y,LeftLowerLeg_Z,RightLowerLeg_X,RightLowerLeg_Y,RightLowerLeg_Z,LeftFoot_X,LeftFoot_Y,LeftFoot_Z,RightFoot_X,RightFoot_Y,RightFoot_Z,Spine_X,Spine_Y,Spine_Z,Chest_X,Chest_Y,Chest_Z,Neck_X,Neck_Y,Neck_Z,Head_X,Head_Y,Head_Z,LeftShoulder_X,LeftShoulder_Y,LeftShoulder_Z,RightShoulder_X,RightShoulder_Y,RightShoulder_Z,LeftUpperArm_X,LeftUpperArm_Y,LeftUpperArm_Z,RightUpperArm_X,RightUpperArm_Y,RightUpperArm_Z,LeftLowerArm_X,LeftLowerArm_Y,LeftLowerArm_Z,RightLowerArm_X,RightLowerArm_Y,RightLowerArm_Z,LeftHand_X,LeftHand_Y,LeftHand_Z,RightHand_X,RightHand_Y,RightHand_Z,LeftToes_X,LeftToes_Y,LeftToes_Z,RightToes_X,RightToes_Y,RightToes_Z,LeftEye_X,LeftEye_Y,LeftEye_Z,RightEye_X,RightEye_Y,RightEye_Z,Jaw_X,Jaw_Y,Jaw_Z,LeftThumbProximal_X,LeftThumbProximal_Y,LeftThumbProximal_Z,LeftThumbIntermediate_X,LeftThumbIntermediate_Y,LeftThumbIntermediate_Z,LeftThumbDistal_X,LeftThumbDistal_Y,LeftThumbDistal_Z,LeftIndexProximal_X,LeftIndexProximal_Y,LeftIndexProximal_Z,LeftIndexIntermediate_X,LeftIndexIntermediate_Y,LeftIndexIntermediate_Z,LeftIndexDistal_X,LeftIndexDistal_Y,LeftIndexDistal_Z,LeftMiddleProximal_X,LeftMiddleProximal_Y,LeftMiddleProximal_Z,LeftMiddleIntermediate_X,LeftMiddleIntermediate_Y,LeftMiddleIntermediate_Z,LeftMiddleDistal_X,LeftMiddleDistal_Y,LeftMiddleDistal_Z,LeftRingProximal_X,LeftRingProximal_Y,LeftRingProximal_Z,LeftRingIntermediate_X,LeftRingIntermediate_Y,LeftRingIntermediate_Z,LeftRingDistal_X,LeftRingDistal_Y,LeftRingDistal_Z,LeftLittleProximal_X,LeftLittleProximal_Y,LeftLittleProximal_Z,LeftLittleIntermediate_X,LeftLittleIntermediate_Y,LeftLittleIntermediate_Z,LeftLittleDistal_X,LeftLittleDistal_Y,LeftLittleDistal_Z,RightThumbProximal_X,RightThumbProximal_Y,RightThumbProximal_Z,RightThumbIntermediate_X,RightThumbIntermediate_Y,RightThumbIntermediate_Z,RightThumbDistal_X,RightThumbDistal_Y,RightThumbDistal_Z,RightIndexProximal_X,RightIndexProximal_Y,RightIndexProximal_Z,RightIndexIntermediate_X,RightIndexIntermediate_Y,RightIndexIntermediate_Z,RightIndexDistal_X,RightIndexDistal_Y,RightIndexDistal_Z,RightMiddleProximal_X,RightMiddleProximal_Y,RightMiddleProximal_Z,RightMiddleIntermediate_X,RightMiddleIntermediate_Y,RightMiddleIntermediate_Z,RightMiddleDistal_X,RightMiddleDistal_Y,RightMiddleDistal_Z,RightRingProximal_X,RightRingProximal_Y,RightRingProximal_Z,RightRingIntermediate_X,RightRingIntermediate_Y,RightRingIntermediate_Z,RightRingDistal_X,RightRingDistal_Y,RightRingDistal_Z,RightLittleProximal_X,RightLittleProximal_Y,RightLittleProximal_Z,RightLittleIntermediate_X,RightLittleIntermediate_Y,RightLittleIntermediate_Z,RightLittleDistal_X,RightLittleDistal_Y,RightLittleDistal_Z,UpperChest_X,UpperChest_Y,UpperChest_Z
0,0.000,-0.094331,0.962481,-3.335987,-0.214031,0.963347,-3.343529,0.025368,0.961616,-3.328445,-0.285115,0.557708,-3.172539,0.027330,0.535604,-3.196755,-0.237584,0.268221,-3.467839,0.027712,0.129062,-3.286125,-0.093605,1.079705,-3.334063,-0.096223,1.293533,-3.318688,-0.086550,1.533968,-3.287125,-0.081547,1.630654,-3.249332,-0.123853,1.483210,-3.289559,-0.053164,1.481094,-3.295064,-0.261240,1.429335,-3.266029,0.080595,1.417420,-3.308269,-0.324771,1.146057,-3.276390,0.143610,1.133269,-3.316699,-0.345236,0.870065,-3.218385,0.167791,0.868452,-3.220535,-0.258640,0.095560,-3.425051,0.046770,0.044697,-3.129263,,,,,,,,,,-0.328141,0.856994,-3.205714,-0.302492,0.810197,-3.206075,-0.292347,0.776415,-3.212634,-0.326065,0.776729,-3.204860,-0.312617,0.745346,-3.218821,-0.298878,0.728571,-3.234268,-0.345265,0.776346,-3.221873,-0.332939,0.746425,-3.244157,-0.321500,0.731947,-3.262720,-0.360898,0.777429,-3.236101,-0.350193,0.749515,-3.258683,-0.339297,0.739811,-3.276409,-0.373232,0.784266,-3.252820,-0.363228,0.761735,-3.274504,-0.352243,0.753134,-3.292444,0.155168,0.859458,-3.200954,0.122523,0.818141,-3.192287,0.109160,0.785374,-3.198219,0.146977,0.780922,-3.186372,0.126019,0.750694,-3.189125,0.104321,0.737817,-3.197630,0.158962,0.775867,-3.208487,0.138292,0.743134,-3.215188,0.116629,0.735103,-3.227498,0.168703,0.773074,-3.227070,0.149027,0.742379,-3.235702,0.129501,0.740904,-3.247682,0.174967,0.776065,-3.247812,0.156427,0.750576,-3.256996,0.137605,0.743463,-3.267576,,,
1,0.033,-0.094331,0.962481,-3.335987,-0.214031,0.963347,-3.343529,0.025368,0.961616,-3.328445,-0.285115,0.557708,-3.172539,0.027330,0.535604,-3.196755,-0.237584,0.268221,-3.467839,0.027712,0.129062,-3.286125,-0.093605,1.079705,-3.334063,-0.096223,1.293533,-3.318688,-0.086550,1.533968,-3.287125,-0.081547,1.630654,-3.249332,-0.123853,1.483210,-3.289559,-0.053164,1.481094,-3.295064,-0.261240,1.429335,-3.266029,0.080595,1.417420,-3.308269,-0.324771,1.146057,-3.276390,0.143610,1.133269,-3.316699,-0.345236,0.870065,-3.218385,0.167791,0.868452,-3.220535,-0.258640,0.095560,-3.425051,0.046770,0.044697,-3.129263,,,,,,,,,,-0.328141,0.856994,-3.205714,-0.302492,0.810197,-3.206075,-0.292347,0.776415,-3.212634,-0.326065,0.776729,-3.204860,-0.312617,0.745346,-3.218821,-0.298878,0.728571,-3.234268,-0.345265,0.776346,-3.221873,-0.332939,0.746425,-3.244157,-0.321500,0.731947,-3.262720,-0.360898,0.777429,-3.236101,-0.350193,0.749515,-3.258683,-0.339297,0.739811,-3.276409,-0.373232,0.784266,-3.252820,-0.363228,0.761735,-3.274504,-0.352243,0.753134,-3.292444,0.155168,0.859458,-3.200954,0.122523,0.818141,-3.192287,0.109160,0.785374,-3.198219,0.146977,0.780922,-3.186372,0.126019,0.750694,-3.189125,0.104321,0.737817,-3.197630,0.158962,0.775867,-3.208487,0.138292,0.743134,-3.215188,0.116629,0.735103,-3.227498,0.168703,0.773074,-3.227070,0.149027,0.742379,-3.235702,0.129501,0.740904,-3.247682,0.174967,0.776065,-3.247812,0.156427,0.750576,-3.256996,0.137605,0.743463,-3.267576,,,
2,0.067,-0.103269,0.978026,-3.278619,-0.223108,0.978598,-3.283519,0.016569,0.977455,-3.273720,-0.285528,0.583496,-3.086463,0.016936,0.538673,-3.194328,-0.247733,0.234324,-3.309878,0.021527,0.131170,-3.279088,-0.102771,1.095258,-3.277119,-0.104281,1.308926,-3.259538,-0.096247,1.549242,-3.226636,-0.092872,1.645909,-3.188615,-0.133245,1.498295,-3.229703,-0.062494,1.496593,-3.234517,-0.270542,1.443065,-3.208956,0.072199,1.434499,-3.245589,-0.331521,1.161456,-3.245939,0.139029,1.151158,-3.239645,-0.361772,0.881456,-3.220643,0.151608,0.894900,-3.120758,-0.272552,0.079662,-3.222989,0.042525,0.046442,-3.122670,,,,,,,,,,-0.345015,0.866348,-3.209938,-0.318816,0.820545,-3.217920,-0.307624,0.788614,-3.229849,-0.342018,0.787319,-3.223835,-0.328047,0.757731,-3.240863,-0.313544,0.742818,-3.257478,-0.360554,0.789999,-3.241370,-0.347524,0.763452,-3.267238,-0.335402,0.751650,-3.287210,-0.375649,0.793622,-3.255758,-0.364635,0.769019,-3.281781,-0.353297,0.761742,-3.300371,-0.387422,0.803374,-3.271400,-0.376992,0.784922,-3.296474,-0.365588,0.779543,-3.315382,0.136777,0.888704,-3.101646,0.103126,0.848718,-3.090841,0.090298,0.815306,-3.093382,0.126537,0.813030,-3.076820,0.106346,0.782162,-3.077002,0.085852,0.767511,-3.085625,0.140948,0.804953,-3.096450,0.121162,0.771239,-3.100384,0.101019,0.761080,-3.113665,0.152738,0.799601,-3.113194,0.134360,0.767508,-3.119206,0.116348,0.763796,-3.132944,0.161353,0.799619,-3.133298,0.144079,0.772722,-3.140779,0.126654,0.763805,-3.152341,,,
3,0.100,-0.108828,0.988784,-3.235378,-0.228714,0.989703,-3.238830,0.011059,0.987865,-3.231925,-0.282316,0.597586,-3.033394,0.008978,0.542916,-3.202798,-0.249533,0.201742,-3.157878,0.015297,0.136729,-3.293552,-0.108015,1.105985,-3.232413,-0.109053,1.319556,-3.213649,-0.105112,1.560070,-3.181454,-0.104145,1.656877,-3.143654,-0.141333,1.508624,-3.185347,-0.070459,1.507849,-3.188200,-0.279005,1.452423,-3.170546,0.065540,1.447963,-3.194361,-0.336814,1.174612,-3.232748,0.141351,1.167708,-3.172137,-0.369761,0.893786,-3.230225,0.145478,0.921874,-3.032463,-0.277944,0.076088,-3.033419,0.036662,0.052831,-3.136737,,,,,,,,,,-0.353345,0.878493,-3.219257,-0.324096,0.834838,-3.228574,-0.309868,0.804689,-3.241830,-0.344814,0.801325,-3.239749,-0.327789,0.773660,-3.257226,-0.310943,0.760611,-3.273187,-0.361672,0.804819,-3.258771,-0.344981,0.780992,-3.285180,-0.330436,0.771332,-3.304679,-0.375467,0.809107,-3.274242,-0.361037,0.787051,-3.300870,-0.347708,0.781671,-3.318772,-0.386163,0.819756,-3.290071,-0.372617,0.803998,-3.315490,-0.359277,0.800753,-3.333601,0.129123,0.915877,-3.014569,0.094985,0.875778,-3.005931,0.082538,0.842252,-3.008842,0.117394,0.840559,-2.989323,0.097365,0.809621,-2.990820,0.077736,0.794776,-3.000983,0.133484,0.832272,-3.007508,0.114139,0.798468,-3.012668,0.095227,0.788103,-3.027508,0.146697,0.826737,-3.023090,0.128991,0.794472,-3.030115,0.112220,0.790479,-3.045272,0.156990,0.826481,-3.042387,0.140473,0.799394,-3.050830,0.124099,0.790232,-3.063664,,,
4,0.133,-0.112973,0.991182,-3.182911,-0.232879,0.991248,-3.185764,0.006933,0.991116,-3.180058,-0.274060,0.591944,-2.991616,0.007606,0.545264,-3.186979,-0.251669,0.176301,-2.989845,0.011931,0.142389,-3.291558,-0.113012,1.108344,-3.178584,-0.112637,1.321830,-3.158858,-0.113099,1.562458,-3.127285,-0.114348,1.659429,-3.089914,-0.148456,1.510505,-3.132250,-0.077523,1.510704,-3.132689,-0.286182,1.453104,-3.124006,0.060102,1.454315,-3.132676,-0.336879,1.180388,-3.210294,0.147497,1.179415,-3.092980,-0.369404,0.900240,-3.230647,0.138516,0.948283,-2.930322,-0.284927,0.088248,-2.837443,0.034348,0.058775,-3.134738,,,,,,,,,,-0.353576,0.884833,-3.218997,-0.321803,0.842888,-3.227889,-0.305050,0.814156,-3.241343,-0.339921,0.809487,-3.243165,-0.320211,0.783540,-3.260454,-0.301376,0.772079,-3.275376,-0.354903,0.813633,-3.263577,-0.334678,0.792098,-3.289479,-0.317851,0.784184,-3.307900,-0.367228,0.818445,-3.280097,-0.349329,0.798631,-3.306380,-0.334063,0.794851,-3.323107,-0.376693,0.829729,-3.296267,-0.359983,0.816086,-3.321018,-0.344734,0.814455,-3.337790,0.120391,0.942563,-2.914123,0.086166,0.902099,-2.907852,0.074164,0.868402,-2.910645,0.107180,0.867915,-2.887651,0.087492,0.836890,-2.890886,0.069219,0.821776,-2.902994,0.125306,0.859346,-2.903660,0.106870,0.825263,-2.910145,0.089832,0.814396,-2.926786,0.140242,0.853558,-2.917496,0.123507,0.821030,-2.925605,0.108526,0.816578,-2.942419,0.152599,0.852861,-2.935529,0.137012,0.825500,-2.944815,0.122055,0.815931,-2.959010,,,
5,0.167,-0.116162,0.984959,-3.133227,-0.236034,0.981483,-3.135292,0.003710,0.988434,-3.131161,-0.268671,0.587521,-2.928987,0.013862,0.543248,-3.154364,-0.263924,0.183374,-2.829459,0.014816,0.149731,-3.290038,-0.119647,1.102032,-3.127990,-0.116502,1.315493,-3.108235,-0.122208,1.556164,-3.077521,-0.125241,1.653289,-3.040656,-0.156472,1.503606,-3.083635,-0.085586,1.505007,-3.081406,-0.293771,1.444651,-3.081474,0.053393,1.452517,-3.074340,-0.333436,1.177500,-3.188464,0.152866,1.185607,-3.013941,-0.362217,0.899367,-3.230518,0.134670,0.968633,-2.833520,-0.300066,0.134865,-2.660857,0.037227,0.063497,-3.134642,,,,,,,,,,-0.347425,0.883708,-3.217882,-0.313923,0.842793,-3.225059,-0.295038,0.815016,-3.237668,-0.329483,0.809836,-3.243738,-0.307495,0.785023,-3.259907,-0.286921,0.774561,-3.273176,-0.342213,0.814675,-3.265482,-0.318826,0.794698,-3.289931,-0.299924,0.787923,-3.306720,-0.352747,0.820042,-3.283038,-0.331628,0.801817,-3.308050,-0.314539,0.799100,-3.323140,-0.360625,0.831907,-3.299638,-0.340951,0.819742,-3.322938,-0.323895,0.819168,-3.337947,0.114926,0.963541,-2.819103,0.080890,0.922756,-2.813992,0.068976,0.888946,-2.815504,0.100049,0.890471,-2.789317,0.081007,0.859132,-2.793296,0.064387,0.843236,-2.806713,0.120011,0.881322,-2.802587,0.102827,0.846600,-2.809122,0.087956,0.834499,-2.826948,0.136510,0.875009,-2.814246,0.120981,0.841881,-2.822321,0.108034,0.836320,-2.840443,0.150838,0.873442,-2.830697,0.136301,0.845474,-2.839880,0.122940,0.834971,-2.854977,,,
6,0.200,-0.119113,0.973096,-3.077771,-0.238853,0.966192,-3.078242,0.000628,0.980000,-3.077299,-0.266197,0.586157,-2.846600,0.020093,0.536624,-3.120558,-0.284287,0.200921,-2.689981,0.017873,0.155192,-3.287198,-0.125875,1.090001,-3.072012,-0.121428,1.303542,-3.053410,-0.131614,1.544254,-3.024207,-0.135894,1.641517,-2.987834,-0.164898,1.491159,-3.031058,-0.094140,1.493631,-3.026708,-0.301910,1.431571,-3.033948,0.045037,1.443099,-3.012687,-0.330682,1.169970,-3.156941,0.153096,1.185785,-2.929643,-0.355863,0.895261,-3.219034,0.126970,0.981044,-2.736358,-0.322179,0.193036,-2.515087,0.040551,0.065606,-3.133749,,,,,,,,,,-0.342196,0.879036,-3.205858,-0.307570,0.838875,-3.211871,-0.287148,0.812022,-3.224078,-0.320710,0.806900,-3.233829,-0.296488,0.783870,-3.249433,-0.274411,0.774912,-3.261315,-0.331257,0.812858,-3.256447,-0.305057,0.794984,-3.279638,-0.284414,0.789689,-3.294835,-0.340048,0.819123,-3.274653,-0.315975,0.803109,-3.298482,-0.297362,0.801790,-3.311859,-0.346384,0.831843,-3.291279,-0.324240,0.821455,-3.313181,-0.305764,0.822064,-3.326401,0.106076,0.976756,-2.723370,0.072547,0.935659,-2.717471,0.061063,0.901676,-2.716684,0.089976,0.906405,-2.688168,0.071874,0.874406,-2.691159,0.056868,0.857022,-2.704634,0.111269,0.896634,-2.698629,0.095475,0.860982,-2.703433,0.082599,0.846906,-2.721360,0.128907,0.889737,-2.708081,0.114730,0.855657,-2.714515,0.103632,0.848199,-2.733175,0.144734,0.887049,-2.722936,0.131429,0.858039,-2.730630,0.119608,0.845878,-2.745768,,,
7,0.233,-0.122935,0.957941,-3.018759,-0.242583,0.949741,-3.017101,-0.003287,0.966141,-3.020418,-0.266609,0.589704,-2.755130,0.021073,0.526228,-3.089092,-0.296050,0.213878,-2.578633,0.016888,0.158842,-3.284729,-0.130853,1.074745,-3.012454,-0.127489,1.288401,-2.994976,-0.139627,1.529180,-2.967103,-0.144576,1.626597,-2.931230,-0.172467,1.475852,-2.974281,-0.101811,1.478774,-2.968709,-0.309524,1.416716,-2.981319,0.036773,1.428486,-2.949070,-0.330538,1.159024,-3.113769,0.149762,1.180367,-2.846824,-0.354653,0.888617,-3.192848,0.119788,0.984161,-2.645416,-0.333586,0.239083,-2.405308,0.040799,0.067378,-3.132582,,,,,,,,,,-0.341717,0.871726,-3.179772,-0.306513,0.832081,-3.185849,-0.285049,0.805967,-3.197871,-0.318053,0.801341,-3.210326,-0.291705,0.781476,-3.226812,-0.268586,0.775098,-3.238373,-0.327221,0.808520,-3.233188,-0.298850,0.793731,-3.255994,-0.277092,0.790572,-3.270196,-0.334912,0.815764,-3.251529,-0.308449,0.802818,-3.274677,-0.288876,0.803388,-3.286664,-0.340295,0.829374,-3.267782,-0.316425,0.820859,-3.288656,-0.297079,0.822661,-3.300444,0.098325,0.980084,-2.633318,0.066005,0.938262,-2.625947,0.056142,0.903884,-2.623074,0.082699,0.912192,-2.593390,0.065954,0.879360,-2.594888,0.052426,0.860403,-2.607795,0.104915,0.902488,-2.601789,0.090819,0.865915,-2.604496,0.079594,0.849938,-2.621934,0.123322,0.895577,-2.609628,0.110793,0.860553,-2.614122,0.101120,0.851226,-2.632733,0.140092,0.892351,-2.623293,0.128248,0.862306,-2.629194,0.117744,0.848475,-2.643862,,,
8,0.267,-0.127825,0.944124,-2.957326,-0.247460,0.936214,-2.954085,-0.008190,0.952034,-2.960568,-0.271067,0.578707,-2.688633,0.016623,0.517533,-3.057653,-0.293769,0.202436,-2.512087,0.014340,0.164589,-3.278310,-0.135377,1.060948,-2.950940,-0.134126,1.274635,-2.933568,-0.147340,1.515344,-2.905577,-0.153259,1.612794,-2.869941,-0.179911,1.461966,-2.913563,-0.109401,1.465013,-2.906433,-0.316478,1.402356,-2.924854,0.028724,1.415517,-2.882102,-0.331191,1.145357,-3.059483,0.143359,1.172932,-2.768986,-0.354814,0.878884,-3.151075,0.115267,0.979850,-2.564314,-0.326212,0.222562,-2.337077,0.038806,0.066891,-3.130179,,,,,,,,,,-0.342013,0.861370,-3.138705,-0.306497,0.822268,-3.146298,-0.284733,0.796959,-3.159449,-0.317452,0.792843,-3.172593,-0.290392,0.775049,-3.190250,-0.267012,0.770243,-3.202044,-0.326267,0.801204,-3.195190,-0.297151,0.788528,-3.218328,-0.275069,0.786756,-3.232267,-0.333682,0.809393,-3.213244,-0.306413,0.798477,-3.236502,-0.286581,0.800189,-3.247943,-0.338860,0.823836,-3.228832,-0.314403,0.816660,-3.249528,-0.294790,0.819238,-3.260716,0.093558,0.975982,-2.552594,0.062213,0.933820,-2.543225,0.053540,0.899362,-2.538240,0.078600,0.910617,-2.508420,0.062824,0.877276,-2.508116,0.050244,0.857083,-2.520071,0.101335,0.901025,-2.515451,0.088429,0.863919,-2.515908,0.078237,0.846399,-2.532475,0.120167,0.894143,-2.522233,0.108761,0.858536,-2.524656,0.099949,0.847679,-2.542861,0.137444,0.890477,-2.535135,0.126625,0.859747,-2.539197,0.116969,0.844605,-2.553135,,,
9,0.300,-0.133725,0.931927,-2.893154,-0.253477,0.926001,-2.890001,-0.013973,0.937853,-2.896307,-0.274626,0.560021,-2.636143,0.007020,0.511199,-3.024206,-0.287347,0.176546,-2.474747,0.011605,0.172710,-3.266421,-0.139402,1.048952,-2.888833,-0.140635,1.262814,-2.873760,-0.155856,1.503636,-2.847841,-0.163669,1.601324,-2.813236,-0.187913,1.450039,-2.856420,-0.117662,1.453494,-2.847221,-0.323362,1.388496,-2.870470,0.020275,1.405892,-2.818452,-0.335333,1.128716,-2.999934,0.135366,1.164221,-2.703854,-0.359141,0.862904,-3.093381,0.114974,0.967705,-2.501553,-0.310811,0.158989,-2.298035,0.037042,0.062500,-3.127522,,,,,,,,,,-0.346276,0.844646,-3.082211,-0.312007,0.805106,-3.092708,-0.291527,0.779955,-3.108044,-0.324668,0.776974,-3.119644,-0.298749,0.759422,-3.139155,-0.275991,0.754662,-3.152126,-0.334167,0.786400,-3.141535,-0.306260,0.773927,-3.166220,-0.284767,0.772164,-3.181053,-0.342092,0.795448,-3.158951,-0.315974,0.784857,-3.183638,-0.296555,0.786576,-3.195765,-0.347540,0.810597,-3.173757,-0.323966,0.803574,-3.195504,-0.304678,0.806060,-3.207262,0.093309,0.963942,-2.489716,0.062828,0.921621,-2.478414,0.055301,0.887160,-2.471846,0.079577,0.900467,-2.442494,0.064682,0.866816,-2.439983,0.052589,0.845585,-2.450564,0.102534,0.891036,-2.448997,0.090581,0.853649,-2.447277,0.080841,0.834934,-2.462775,0.121531,0.884239,-2.455392,0.111128,0.848246,-2.455764,0.102656,0.836125,-2.473322,0.138929,0.880326,-2.468058,0.129193,0.849064,-2.470454,0.120122,0.832883,-2.483594,,,
10,0.333,-0.140820,0.922090,-2.825954,-0.260668,0.917552,-2.824741,-0.020972,0.926629,-2.827166,-0.277348,0.543074,-2.583244,-0.003435,0.511708,-2.989542,-0.283015,0.150248,-2.445698,0.012416,0.186550,-3.248934,-0.145227,1.039215,-2.823102,-0.149001,1.253313,-2.812455,-0.165067,1.494709,-2.793257,-0.175430,1.592978,-2.761049,-0.196845,1.440866,-2.801311,-0.126876,1.444650,-2.790281,-0.331532,1.378012,-2.816817,0.010701,1.398361,-2.757873,-0.345728,1.113361,-2.935761,0.123221,1.153147,-2.648359,-0.371876,0.844308,-3.018718,0.111917,0.948014,-2.454057,-0.305424,0.091809,-2.277863,0.039120,0.054585,-3.130789,,,,,,,,,,-0.358930,0.825550,-3.008512,-0.326607,0.785095,-3.021420,-0.308118,0.759630,-3.038651,-0.341750,0.757646,-3.047774,-0.317610,0.739615,-3.069052,-0.295852,0.734367,-3.083470,-0.352263,0.767586,-3.068962,-0.326177,0.754537,-3.095287,-0.305618,0.752287,-3.111329,-0.360947,0.777052,-3.085783,-0.336629,0.765969,-3.112043,-0.317905,0.767243,-3.125269,-0.366810,0.792514,-3.100099,-0.344648,0.784869,-3.123085,-0.325936,0.786787,-3.135839,0.090285,0.944386,-2.442120,0.059937,0.902172,-2.430080,0.053274,0.867630,-2.423019,0.076810,0.881642,-2.393857,0.062500,0.847949,-2.389318,0.050541,0.826016,-2.398531,0.099779,0.872167,-2.400253,0.088297,0.834751,-2.396813,0.078605,0.815268,-2.411366,0.118782,0.865318,-2.406575,0.109026,0.829159,-2.405452,0.100649,0.816207,-2.422452,0.136166,0.861247,-2.419210,0.127238,0.829688,-2.420684,0.118557,0.812954,-2.433389,,,
11,0.367,-0.150516,0.916057,-2.761748,-0.270404,0.912687,-2.762804,-0.030628,0.919428,-2.760692,-0.291324,0.542656,-2.514869,-0.004721,0.503245,-2.918659,-0.288563,0.136851,-2.422249,0.016552,0.204659,-3.207895,-0.153824,1.033243,-2.760250,-0.160661,1.247400,-2.752798,-0.174538,1.489368,-2.740242,-0.186947,1.588254,-2.710761,-0.206760,1.435637,-2.747206,-0.136880,1.439042,-2.735504,-0.341643,1.373124,-2.762383,0.000033,1.391993,-2.701424,-0.364332,1.103823,-2.868927,0.106737,1.138874,-2.604840,-0.397176,0.830765,-2.934624,0.104479,0.920885,-2.424739,-0.311895,0.049157,-2.267810,0.043739,0.044751,-3.131892,,,,,,,,,,-0.384170,0.812304,-2.923963,-0.352680,0.770923,-2.935962,-0.335208,0.744631,-2.953010,-0.368855,0.742554,-2.960677,-0.345477,0.723611,-2.982014,-0.324211,0.717687,-2.996896,-0.379831,0.751700,-2.981987,-0.354494,0.737337,-3.008359,-0.334349,0.734237,-3.024781,-0.388864,0.760540,-2.998966,-0.365301,0.748085,-3.025298,-0.346896,0.748582,-3.039014,-0.394941,0.775441,-3.013777,-0.373203,0.766280,-3.036614,-0.354649,0.767218,-3.049704,0.082848,0.917525,-2.412720,0.051660,0.875781,-2.401198,0.043970,0.841353,-2.394646,0.068308,0.854271,-2.365443,0.053690,0.820808,-2.360235,0.041277,0.798917,-2.368933,0.091024,0.844409,-2.372153,0.079039,0.807181,-2.368399,0.068844,0.787729,-2.382647,0.109833,0.837257,-2.378718,0.099675,0.801214,-2.377444,0.090960,0.788326,-2.394322,0.127042,0.833026,-2.391536,0.117814,0.801566,-2.393239,0.108896,0.784965,-2.405953,,,
12,0.400,-0.161646,0.913491,-2.700611,-0.281521,0.910733,-2.703415,-0.041771,0.916250,-2.697806,-0.311589,0.553706,-2.437972,0.006541,0.486260,-2.805540,-0.295654,0.138200,-2.418889,0.024766,0.230754,-3.133638,-0.164347,1.030702,-2.700450,-0.171799,1.244891,-2.694682,-0.185707,1.487020,-2.685799,-0.199398,1.586232,-2.658032,-0.217931,1.433182,-2.691871,-0.148027,1.436780,-2.680373,-0.352609,1.369620,-2.704250,-0.011051,1.389646,-2.646664,-0.384288,1.095990,-2.796515,0.093692,1.128673,-2.571126,-0.421698,0.818985,-2.839219,0.104053,0.895701,-2.411197,-0.321541,0.050782,-2.264701,0.043306,0.052725,-3.126693,,,,,,,,,,-0.408685,0.801622,-2.826856,-0.377712,0.758909,-2.834873,-0.361267,0.731002,-2.850299,-0.394481,0.728257,-2.856239,-0.371808,0.706973,-2.876079,-0.350973,0.699291,-2.890764,-0.405698,0.735218,-2.878238,-0.380850,0.717944,-2.903296,-0.360966,0.712959,-2.919572,-0.414911,0.742311,-2.895925,-0.391956,0.726794,-2.921144,-0.373791,0.725566,-2.935133,-0.421087,0.755631,-2.912136,-0.399445,0.743640,-2.933719,-0.380887,0.742797,-2.946810,0.082755,0.891709,-2.398784,0.051838,0.849412,-2.388632,0.043742,0.814819,-2.383620,0.069430,0.826042,-2.354535,0.055099,0.792310,-2.350367,0.042492,0.770763,-2.359625,0.091939,0.816550,-2.362377,0.080237,0.779136,-2.359771,0.069670,0.760172,-2.374401,0.110551,0.809757,-2.369825,0.100512,0.773659,-2.369958,0.091338,0.761528,-2.387152,0.127397,0.806211,-2.383317,0.118183,0.774844,-2.386317,0.108947,0.758831,-2.399549,,,
13,0.433,-0.171905,0.915101,-2.640747,-0.291731,0.912846,-2.645445,-0.052078,0.917356,-2.636049,-0.326112,0.552196,-2.385480,0.014046,0.477645,-2.669433,-0.300081,0.137845,-2.415469,0.027518,0.269672,-3.029751,-0.174072,1.032319,-2.641728,-0.180677,1.246558,-2.636848,-0.193870,1.488758,-2.628854,-0.208022,1.587974,-2.601334,-0.226300,1.434976,-2.634298,-0.156252,1.438445,-2.623667,-0.360836,1.370534,-2.643168,-0.019049,1.390560,-2.592004,-0.401736,1.092937,-2.718379,0.081496,1.122773,-2.537558,-0.441684,0.813393,-2.733015,0.100262,0.877222,-2.398587,-0.327492,0.050500,-2.261503,0.047400,0.096277,-3.070065,,,,,,,,,,-0.428898,0.797182,-2.718967,-0.398992,0.753131,-2.722593,-0.384317,0.723552,-2.736624,-0.416720,0.720733,-2.740294,-0.395240,0.696481,-2.757932,-0.375009,0.686364,-2.771972,-0.428070,0.725513,-2.762801,-0.404057,0.704875,-2.786064,-0.384556,0.697558,-2.801915,-0.437357,0.730848,-2.781057,-0.415494,0.711690,-2.804695,-0.397691,0.708186,-2.818762,-0.443449,0.742460,-2.798562,-0.422206,0.727418,-2.818573,-0.403734,0.724500,-2.831486,0.079316,0.872474,-2.385845,0.048476,0.829697,-2.377660,0.040750,0.794773,-2.374838,0.066931,0.804012,-2.345755,0.052533,0.770110,-2.343781,0.039583,0.749371,-2.354323,0.089148,0.794993,-2.354884,0.077450,0.757489,-2.354412,0.066413,0.739530,-2.369935,0.107495,0.788653,-2.363322,0.097279,0.752680,-2.365656,0.087553,0.741788,-2.383368,0.123918,0.785969,-2.377516,0.114538,0.754858,-2.382201,0.104868,0.739711,-2.396123,,,
14,0.467,-0.180750,0.920101,-2.582441,-0.300456,0.918544,-2.589767,-0.061044,0.921659,-2.575116,-0.335495,0.546141,-2.347030,0.008692,0.483177,-2.533842,-0.303955,0.135917,-2.410161,0.020507,0.296925,-2.905909,-0.182152,1.037317,-2.584448,-0.187271,1.251606,-2.579981,-0.197763,1.493877,-2.570307,-0.210796,1.592991,-2.541883,-0.230887,1.440451,-2.575030,-0.160514,1.443165,-2.566550,-0.365488,1.375704,-2.579716,-0.022870,1.393837,-2.539325,-0.414348,1.094783,-2.635267,0.070236,1.120752,-2.500091,-0.454870,0.815454,-2.618276,0.097847,0.865441,-2.381708,-0.333218,0.049008,-2.256289,0.058222,0.127217,-2.949074,,,,,,,,,,-0.442143,0.800462,-2.602885,-0.413057,0.755719,-2.602588,-0.399660,0.724724,-2.614710,-0.431614,0.722079,-2.616773,-0.411219,0.695371,-2.631983,-0.391565,0.683123,-2.645117,-0.443234,0.724843,-2.639479,-0.420207,0.701235,-2.660836,-0.401200,0.691766,-2.676139,-0.452715,0.728536,-2.658039,-0.431833,0.706377,-2.679872,-0.414401,0.700907,-2.693776,-0.458883,0.738491,-2.676512,-0.438289,0.721077,-2.695237,-0.420100,0.716497,-2.708070,0.077234,0.859788,-2.368795,0.046549,0.816527,-2.362887,0.040036,0.781243,-2.362658,0.065791,0.788627,-2.333398,0.051353,0.754686,-2.333764,0.038110,0.734865,-2.345626,0.087747,0.780290,-2.343729,0.076012,0.742849,-2.345741,0.064561,0.726109,-2.362293,0.105856,0.774576,-2.353078,0.095559,0.738860,-2.357794,0.085380,0.729301,-2.376014,0.121897,0.772918,-2.367854,0.112596,0.742123,-2.374408,0.102667,0.727886,-2.389088,,,
15,0.500,-0.187489,0.928639,-2.525397,-0.307044,0.927824,-2.534958,-0.067934,0.929454,-2.515835,-0.337718,0.537800,-2.321013,-0.001276,0.502353,-2.406410,-0.305739,0.131586,-2.406049,0.007714,0.299864,-2.769977,-0.188058,1.045844,-2.528272,-0.191680,1.260164,-2.523857,-0.199384,1.502431,-2.511763,-0.209817,1.601489,-2.482095,-0.233206,1.449350,-2.515261,-0.162477,1.451354,-2.510256,-0.367837,1.384529,-2.513147,-0.024142,1.400491,-2.490338,-0.421817,1.101041,-2.546468,0.061964,1.123384,-2.466228,-0.457862,0.825293,-2.495294,0.101906,0.860757,-2.369316,-0.335973,0.044359,-2.252545,0.051713,0.127614,-2.791887,,,,,,,,,,-0.444500,0.811938,-2.478961,-0.415823,0.767100,-2.475066,-0.403283,0.734753,-2.484210,-0.435365,0.732351,-2.484438,-0.416005,0.703653,-2.497176,-0.397116,0.689568,-2.509569,-0.448098,0.732720,-2.506709,-0.426481,0.706396,-2.526293,-0.408395,0.694887,-2.541309,-0.458477,0.734446,-2.525075,-0.438748,0.709893,-2.545367,-0.422030,0.702825,-2.559425,-0.465488,0.742355,-2.544224,-0.446069,0.722902,-2.562181,-0.428647,0.716883,-2.575475,0.082239,0.853765,-2.355606,0.052562,0.809636,-2.351143,0.047468,0.774200,-2.353532,0.074019,0.779914,-2.325173,0.060190,0.745758,-2.326817,0.046504,0.726481,-2.339067,0.095372,0.772786,-2.337481,0.083957,0.735416,-2.341581,0.071645,0.719799,-2.358605,0.112917,0.768127,-2.348366,0.102962,0.732616,-2.354976,0.091788,0.724168,-2.373163,0.127997,0.767892,-2.364207,0.119028,0.737456,-2.372637,0.108550,0.724165,-2.387814,,,
16,0.533,-0.191133,0.939551,-2.469520,-0.310607,0.939470,-2.480074,-0.071658,0.939633,-2.458966,-0.332708,0.530750,-2.303179,-0.006933,0.531059,-2.292501,-0.304955,0.127258,-2.401604,-0.005808,0.291566,-2.632950,-0.190906,1.056741,-2.472996,-0.193623,1.271077,-2.468710,-0.199330,1.513340,-2.455480,-0.206751,1.612363,-2.424807,-0.233581,1.460449,-2.457254,-0.162673,1.462065,-2.456178,-0.368194,1.396456,-2.446488,-0.023887,1.409781,-2.444988,-0.424975,1.111747,-2.456811,0.056909,1.130078,-2.440329,-0.449032,0.843405,-2.370970,0.109131,0.861741,-2.368021,-0.334397,0.040081,-2.247918,0.029409,0.116126,-2.624762,,,,,,,,,,-0.434213,0.832116,-2.354339,-0.405230,0.787855,-2.347339,-0.392902,0.754580,-2.352625,-0.425492,0.752393,-2.350359,-0.406954,0.722303,-2.360920,-0.389027,0.706748,-2.372982,-0.440207,0.750038,-2.371244,-0.420282,0.721337,-2.389217,-0.403552,0.707927,-2.404229,-0.452221,0.749504,-2.388661,-0.433926,0.722931,-2.407712,-0.418385,0.714434,-2.422320,-0.460964,0.754968,-2.407951,-0.443321,0.733342,-2.425242,-0.427238,0.725675,-2.439350,0.091266,0.853111,-2.352856,0.062676,0.808195,-2.349230,0.057748,0.773041,-2.354453,0.087271,0.776577,-2.328891,0.074089,0.742217,-2.331373,0.059378,0.723476,-2.343260,0.107091,0.771053,-2.344218,0.095622,0.733963,-2.350251,0.081511,0.719625,-2.367003,0.123276,0.767779,-2.357461,0.113230,0.732680,-2.365887,0.100130,0.725487,-2.383311,0.136395,0.769327,-2.374893,0.127118,0.739557,-2.385163,0.115238,0.727449,-2.400298,,,
17,0.567,-0.191078,0.951950,-2.413669,-0.310507,0.952695,-2.424707,-0.071650,0.951205,-2.402631,-0.325189,0.527952,-2.289760,-0.013061,0.564397,-2.188669,-0.303242,0.126686,-2.398237,-0.017206,0.280718,-2.493254,-0.189997,1.069125,-2.417459,-0.193131,1.283472,-2.414072,-0.196265,1.525801,-2.401203,-0.200751,1.624804,-2.369901,-0.230974,1.473178,-2.401086,-0.160093,1.474236,-2.403639,-0.365574,1.411184,-2.381827,-0.021599,1.420104,-2.400542,-0.425045,1.127075,-2.370195,0.053077,1.139112,-2.416365,-0.431303,0.870689,-2.251107,0.111071,0.866564,-2.368253,-0.331642,0.039893,-2.244138,0.010444,0.110624,-2.444369,,,,,,,,,,-0.414437,0.861691,-2.235037,-0.384008,0.818808,-2.225921,-0.370606,0.785557,-2.227288,-0.403812,0.783178,-2.221982,-0.385751,0.752180,-2.230555,-0.368850,0.735388,-2.242438,-0.420814,0.778098,-2.240514,-0.402518,0.747407,-2.256856,-0.387361,0.732247,-2.271873,-0.434764,0.775281,-2.256180,-0.418057,0.746785,-2.273861,-0.404059,0.736757,-2.289047,-0.445797,0.778182,-2.274842,-0.430064,0.754471,-2.291219,-0.415678,0.745061,-2.306085,0.095083,0.856758,-2.351765,0.065749,0.812272,-2.348845,0.058946,0.777955,-2.356807,0.091748,0.778245,-2.335265,0.077617,0.744374,-2.338964,0.061015,0.726946,-2.350347,0.109183,0.773954,-2.353593,0.095881,0.737845,-2.361516,0.079232,0.725457,-2.377474,0.123366,0.771757,-2.369150,0.111433,0.737750,-2.379397,0.095972,0.732426,-2.395509,0.134119,0.774848,-2.387944,0.122915,0.746363,-2.399814,0.108932,0.735911,-2.414375,,,
18,0.600,-0.190452,0.963045,-2.357267,-0.309796,0.964632,-2.369096,-0.071107,0.961458,-2.345437,-0.317018,0.527437,-2.281682,-0.018929,0.598445,-2.091801,-0.301026,0.128449,-2.399225,-0.024175,0.266767,-2.343249,-0.188528,1.080213,-2.360960,-0.191992,1.294559,-2.357915,-0.191826,1.536906,-2.345002,-0.193258,1.635803,-2.313083,-0.227073,1.484672,-2.343225,-0.156384,1.484943,-2.349124,-0.361492,1.425050,-2.316613,-0.018783,1.428666,-2.353499,-0.423998,1.143114,-2.285074,0.048886,1.147843,-2.390145,-0.405739,0.903539,-2.135992,0.107685,0.872403,-2.364930,-0.328203,0.040901,-2.245333,0.001624,0.116128,-2.249823,,,,,,,,,,-0.386561,0.897228,-2.121294,-0.353028,0.856958,-2.111201,-0.337557,0.824613,-2.109939,-0.370295,0.821380,-2.100556,-0.351670,0.790240,-2.107186,-0.335350,0.772681,-2.118771,-0.389174,0.813421,-2.115999,-0.371442,0.781546,-2.130603,-0.357455,0.765123,-2.145427,-0.404793,0.808174,-2.129284,-0.388992,0.778130,-2.145142,-0.376464,0.766643,-2.160575,-0.418192,0.808335,-2.146570,-0.403502,0.783223,-2.161787,-0.390636,0.772469,-2.177127,0.093100,0.861756,-2.347681,0.061495,0.818803,-2.345645,0.051657,0.785921,-2.356101,0.086640,0.782221,-2.338737,0.070107,0.749674,-2.344023,0.051255,0.734399,-2.354988,0.101541,0.778988,-2.359371,0.085107,0.744660,-2.369126,0.065962,0.734911,-2.384084,0.113671,0.777710,-2.376670,0.098476,0.745637,-2.388682,0.080952,0.742852,-2.403245,0.122370,0.782205,-2.396228,0.108158,0.755703,-2.409399,0.091990,0.747529,-2.423131,,,
19,0.633,-0.189965,0.969916,-2.302026,-0.309203,0.972242,-2.314770,-0.070727,0.967591,-2.289281,-0.308632,0.528106,-2.275077,-0.023930,0.627135,-2.005146,-0.298953,0.131436,-2.400867,-0.027192,0.251640,-2.184747,-0.187354,1.087089,-2.305072,-0.191096,1.301405,-2.300533,-0.187148,1.543620,-2.285876,-0.185638,1.642260,-2.253175,-0.222965,1.491832,-2.282892,-0.152616,1.491239,-2.291971,-0.356998,1.434585,-2.249885,-0.016223,1.433150,-2.303920,-0.423975,1.156090,-2.201470,0.043865,1.154233,-2.362044,-0.373357,0.938263,-2.028425,0.099806,0.877083,-2.357691,-0.324769,0.043473,-2.246977,0.000658,0.133023,-2.053442,,,,,,,,,,-0.352335,0.934886,-2.015374,-0.315604,0.897880,-2.004000,-0.297906,0.866918,-2.000095,-0.329486,0.863436,-1.986732,-0.309816,0.832511,-1.990888,-0.293759,0.814175,-2.001603,-0.349463,0.852605,-1.998641,-0.331553,0.819740,-2.010593,-0.318289,0.801960,-2.024487,-0.366125,0.844895,-2.009173,-0.350506,0.813453,-2.022256,-0.339100,0.800301,-2.037224,-0.381343,0.842072,-2.024628,-0.367017,0.815633,-2.037807,-0.355320,0.803310,-2.052900,0.086060,0.865418,-2.340410,0.052130,0.824229,-2.340035,0.039483,0.793238,-2.352958,0.075443,0.785835,-2.339196,0.056414,0.755085,-2.346471,0.035768,0.742242,-2.357323,0.088364,0.784072,-2.361292,0.069015,0.751979,-2.373093,0.048119,0.745004,-2.387236,0.098924,0.784035,-2.379635,0.080711,0.754391,-2.393542,0.061895,0.754217,-2.406691,0.106244,0.790154,-2.399317,0.089324,0.766041,-2.413810,0.071574,0.760302,-2.426802,,,
20,0.667,-0.188398,0.972714,-2.247393,-0.307563,0.975788,-2.260657,-0.069233,0.969641,-2.234129,-0.303625,0.529912,-2.264137,-0.032777,0.643369,-1.932385,-0.297218,0.137205,-2.401992,-0.025215,0.236862,-2.021596,-0.185179,1.089898,-2.249158,-0.189898,1.304132,-2.242253,-0.181494,1.546059,-2.224959,-0.177588,1.644349,-2.191411,-0.217972,1.494795,-2.221068,-0.148085,1.493233,-2.233115,-0.351472,1.440032,-2.182208,-0.013153,1.433809,-2.252668,-0.424450,1.166227,-2.118217,0.038222,1.158311,-2.331696,-0.339565,0.972211,-1.930847,0.088955,0.880486,-2.345848,-0.321653,0.048724,-2.248174,0.003377,0.150867,-1.867085,,,,,,,,,,-0.317226,0.971422,-1.919711,-0.278179,0.937509,-1.906551,-0.258712,0.908185,-1.899599,-0.288955,0.906019,-1.882687,-0.268633,0.875265,-1.884033,-0.253056,0.855816,-1.893407,-0.309609,0.892995,-1.890563,-0.291670,0.859043,-1.898883,-0.279141,0.839544,-1.911044,-0.326945,0.883342,-1.897931,-0.311529,0.850512,-1.907328,-0.301177,0.835335,-1.921098,-0.343522,0.877746,-1.911056,-0.329448,0.849844,-1.921121,-0.318754,0.835470,-1.935105,0.075927,0.867475,-2.328977,0.040323,0.827755,-2.330594,0.025404,0.798869,-2.345773,0.061925,0.788689,-2.335632,0.040847,0.759887,-2.344944,0.018879,0.749318,-2.355653,0.073209,0.788930,-2.358673,0.051604,0.759176,-2.372513,0.029487,0.754698,-2.385782,0.082474,0.790553,-2.377635,0.061886,0.763455,-2.393309,0.042208,0.765533,-2.404945,0.088688,0.798558,-2.397018,0.069590,0.776919,-2.412665,0.050685,0.773370,-2.424782,,,
21,0.700,-0.186638,0.972161,-2.190949,-0.305637,0.977699,-2.204880,-0.067638,0.966623,-2.177017,-0.303736,0.534320,-2.252249,-0.046898,0.635971,-1.878569,-0.298044,0.146324,-2.402883,-0.022498,0.220623,-1.866142,-0.181197,1.089277,-2.190865,-0.188215,1.303388,-2.182333,-0.174681,1.544863,-2.162196,-0.168972,1.642719,-2.127654,-0.211928,1.494215,-2.157587,-0.142590,1.491562,-2.172318,-0.344692,1.441974,-2.113133,-0.009410,1.430954,-2.198961,-0.424354,1.174481,-2.032564,0.031940,1.159694,-2.296390,-0.309811,1.002122,-1.839879,0.076220,0.882067,-2.326764,-0.321109,0.055961,-2.249950,0.005783,0.169788,-1.696724,,,,,,,,,,-0.286570,1.003385,-1.830830,-0.245718,0.972465,-1.815893,-0.224599,0.945196,-1.806017,-0.253603,0.945241,-1.786332,-0.232799,0.914859,-1.784169,-0.217634,0.894206,-1.791400,-0.274550,0.930907,-1.790075,-0.256524,0.896216,-1.793992,-0.244564,0.875045,-1.803679,-0.292229,0.920012,-1.794170,-0.276888,0.886201,-1.799191,-0.267384,0.869000,-1.811062,-0.309754,0.912177,-1.804651,-0.295718,0.883184,-1.811002,-0.285780,0.866790,-1.823206,0.064008,0.867707,-2.310385,0.026966,0.829406,-2.313375,0.009775,0.802703,-2.330072,0.046710,0.790503,-2.324098,0.023639,0.763804,-2.334842,0.000463,0.755418,-2.344916,0.056268,0.792876,-2.347789,0.032558,0.765501,-2.363021,0.009375,0.763196,-2.374961,0.064164,0.796247,-2.367136,0.041332,0.771733,-2.383918,0.020939,0.775719,-2.393676,0.069219,0.806089,-2.386003,0.048145,0.786820,-2.402201,0.028252,0.785075,-2.413065,,,
22,0.733,-0.185225,0.967492,-2.132283,-0.303981,0.975240,-2.147201,-0.066469,0.959744,-2.117365,-0.305305,0.536963,-2.229323,-0.055240,0.609327,-1.841838,-0.299147,0.158321,-2.402112,-0.022540,0.205407,-1.746744,-0.177866,1.084482,-2.130095,-0.186129,1.298514,-2.120717,-0.169000,1.539602,-2.098771,-0.162284,1.637150,-2.063546,-0.206733,1.489373,-2.093561,-0.137881,1.486009,-2.110293,-0.338114,1.437996,-2.044258,-0.006157,1.425070,-2.142777,-0.423294,1.177917,-1.946826,0.026451,1.157915,-2.253902,-0.282056,1.025434,-1.755108,0.065478,0.881173,-2.296926,-0.321543,0.064962,-2.250889,0.004335,0.190515,-1.570273,,,,,,,,,,-0.258552,1.028680,-1.747318,-0.216369,1.001558,-1.729071,-0.193565,0.977288,-1.715726,-0.222457,0.979500,-1.695107,-0.200712,0.950542,-1.688093,-0.185113,0.929306,-1.691902,-0.243124,0.964305,-1.695586,-0.224240,0.929897,-1.693778,-0.211951,0.907607,-1.699878,-0.260633,0.952510,-1.697111,-0.244527,0.918686,-1.696512,-0.234906,0.899846,-1.705433,-0.278297,0.942667,-1.705444,-0.263586,0.913363,-1.707132,-0.253532,0.895330,-1.716630,0.054021,0.865682,-2.281038,0.015742,0.828680,-2.284712,-0.003463,0.803967,-2.302257,0.033526,0.790454,-2.300228,0.008682,0.765708,-2.311674,-0.015469,0.759139,-2.320758,0.041469,0.794731,-2.324246,0.015920,0.769481,-2.340161,-0.008090,0.768887,-2.350577,0.048088,0.799648,-2.343740,0.023292,0.777438,-2.360938,0.002408,0.782870,-2.368765,0.052101,0.811032,-2.361980,0.029297,0.793821,-2.378155,0.008622,0.793509,-2.387601,,,
23,0.767,-0.184779,0.958048,-2.070951,-0.303397,0.966862,-2.086368,-0.066161,0.949234,-2.055534,-0.302108,0.539078,-2.212191,-0.053348,0.569569,-1.822031,-0.300329,0.165995,-2.396770,-0.027128,0.186690,-1.660849,-0.176656,1.074928,-2.066628,-0.183157,1.288939,-2.055545,-0.164479,1.529787,-2.032262,-0.157273,1.627211,-1.996792,-0.202372,1.479707,-2.026780,-0.133817,1.476123,-2.044645,-0.332592,1.428327,-1.974490,-0.003105,1.415615,-2.081702,-0.421984,1.175647,-1.862456,0.022905,1.151693,-2.201920,-0.261988,1.037350,-1.674759,0.058515,0.876235,-2.254984,-0.321662,0.069320,-2.247489,-0.006726,0.187730,-1.482891,,,,,,,,,,-0.238646,1.042789,-1.667741,-0.195260,1.020669,-1.645916,-0.170694,1.000379,-1.629424,-0.200308,1.003795,-1.608943,-0.177153,0.977681,-1.597004,-0.160392,0.956996,-1.597062,-0.220267,0.987799,-1.606940,-0.199828,0.955085,-1.599468,-0.186473,0.932695,-1.601796,-0.237226,0.975141,-1.606513,-0.219627,0.942648,-1.600332,-0.209115,0.923045,-1.606019,-0.254436,0.963366,-1.613111,-0.238495,0.934818,-1.610142,-0.227659,0.915935,-1.616663,0.047706,0.859587,-2.239831,0.008689,0.823469,-2.244427,-0.011935,0.800516,-2.262735,0.024967,0.786493,-2.264076,-0.001025,0.763278,-2.276160,-0.025785,0.757950,-2.284376,0.031637,0.792698,-2.288061,0.004887,0.769177,-2.304639,-0.019653,0.769748,-2.313736,0.037246,0.799172,-2.307417,0.011128,0.778843,-2.324979,-0.010063,0.785194,-2.331111,0.040426,0.812013,-2.324835,0.016377,0.796539,-2.340959,-0.004830,0.797350,-2.349106,,,
24,0.800,-0.181310,0.943819,-2.012337,-0.300007,0.951918,-2.027534,-0.062612,0.935720,-1.997141,-0.294243,0.535876,-2.187871,-0.052993,0.557636,-1.760935,-0.300567,0.175894,-2.396766,-0.031331,0.170124,-1.610508,-0.173905,1.060741,-2.007862,-0.178496,1.274737,-1.995596,-0.158872,1.515380,-1.971005,-0.151028,1.612767,-1.935569,-0.196870,1.465383,-1.965498,-0.128485,1.461700,-1.983984,-0.326906,1.414764,-1.912021,0.001371,1.401133,-2.023850,-0.418974,1.167169,-1.791150,0.023351,1.138694,-2.148053,-0.251915,1.034242,-1.605740,0.057218,0.864515,-2.208382,-0.321043,0.069236,-2.254321,-0.011062,0.157464,-1.432983,,,,,,,,,,-0.228763,1.041330,-1.599628,-0.184246,1.023342,-1.576333,-0.159065,1.005453,-1.558082,-0.188192,1.010044,-1.537800,-0.163966,0.985693,-1.524356,-0.146580,0.965567,-1.523140,-0.207420,0.993503,-1.533936,-0.185540,0.962397,-1.524065,-0.171335,0.940422,-1.524704,-0.223810,0.980250,-1.532014,-0.204749,0.949170,-1.523384,-0.193516,0.929587,-1.527560,-0.240561,0.967162,-1.537166,-0.223255,0.939791,-1.531753,-0.211620,0.920883,-1.536612,0.046617,0.846788,-2.194346,0.006934,0.811682,-2.200731,-0.014622,0.790589,-2.220167,0.022048,0.776289,-2.223907,-0.004625,0.754497,-2.237105,-0.029687,0.750165,-2.244987,0.028087,0.784407,-2.247485,0.000651,0.762576,-2.265213,-0.024120,0.764101,-2.273541,0.033210,0.792416,-2.266396,0.006341,0.773928,-2.284838,-0.014929,0.780989,-2.289806,0.036060,0.806637,-2.282767,0.011380,0.792790,-2.299410,-0.010034,0.794431,-2.306861,,,
25,0.833,-0.176675,0.930850,-1.952887,-0.295641,0.935935,-1.967266,-0.057708,0.925766,-1.938508,-0.284806,0.526401,-2.143325,-0.053118,0.564022,-1.677831,-0.298192,0.186102,-2.382660,-0.035245,0.162436,-1.569788,-0.171945,1.047974,-1.950598,-0.174873,1.262048,-1.939207,-0.153840,1.502615,-1.915043,-0.144636,1.600111,-1.880239,-0.192082,1.452832,-1.909295,-0.123802,1.448754,-1.928084,-0.322612,1.403766,-1.855575,0.005096,1.386601,-1.968614,-0.417939,1.156638,-1.736284,0.026759,1.122615,-2.089551,-0.256727,1.020797,-1.547835,0.060536,0.848477,-2.150116,-0.320078,0.062533,-2.254842,-0.011307,0.119673,-1.397496,,,,,,,,,,-0.233702,1.028098,-1.541495,-0.189505,1.010759,-1.517123,-0.165623,0.992358,-1.497676,-0.194028,0.998227,-1.478397,-0.170159,0.973388,-1.465212,-0.153107,0.952967,-1.464199,-0.213257,0.981692,-1.474509,-0.191499,0.950529,-1.464550,-0.177360,0.928510,-1.465128,-0.229629,0.968417,-1.472585,-0.210604,0.937376,-1.463739,-0.199338,0.917787,-1.467794,-0.246247,0.955163,-1.477740,-0.228719,0.928044,-1.471799,-0.216838,0.909195,-1.476279,0.049570,0.830191,-2.137116,0.009329,0.796174,-2.145574,-0.012650,0.776444,-2.165945,0.023954,0.761852,-2.170602,-0.002979,0.741285,-2.185169,-0.028044,0.737796,-2.193445,0.030243,0.771147,-2.193674,0.002684,0.750664,-2.212768,-0.021998,0.752920,-2.221197,0.035590,0.780093,-2.212096,0.008627,0.762996,-2.231707,-0.012515,0.770572,-2.236455,0.038759,0.795140,-2.227651,0.013962,0.782525,-2.245080,-0.007392,0.784776,-2.252546,,,
26,0.867,-0.172355,0.922067,-1.890035,-0.291499,0.925318,-1.903443,-0.053211,0.918816,-1.876627,-0.287805,0.513906,-2.075369,-0.044232,0.565908,-1.604215,-0.294467,0.204884,-2.354161,-0.036567,0.153524,-1.548148,-0.169334,1.039259,-1.888460,-0.170035,1.253416,-1.878359,-0.149416,1.494311,-1.857307,-0.137758,1.591983,-1.823755,-0.187485,1.444510,-1.850646,-0.119347,1.440368,-1.869926,-0.318018,1.396107,-1.796334,0.008824,1.376618,-1.910281,-0.413598,1.143689,-1.688915,0.036766,1.108421,-2.020160,-0.266412,0.997768,-1.496564,0.075276,0.832940,-2.071024,-0.321944,0.055586,-2.259077,-0.016900,0.084941,-1.383843,,,,,,,,,,-0.243918,1.004816,-1.488319,-0.201675,0.986656,-1.461232,-0.180642,0.966526,-1.440266,-0.209084,0.973035,-1.423326,-0.186362,0.947642,-1.409199,-0.169521,0.927086,-1.407576,-0.228562,0.956452,-1.421360,-0.207712,0.924777,-1.411080,-0.193681,0.902685,-1.411493,-0.245043,0.943176,-1.421042,-0.226900,0.911768,-1.411654,-0.215455,0.892219,-1.415387,-0.261241,0.930124,-1.427800,-0.244168,0.902776,-1.421588,-0.231990,0.884064,-1.425837,0.063723,0.814496,-2.058778,0.023741,0.780787,-2.069417,0.002284,0.761309,-2.090572,0.039255,0.746805,-2.094374,0.012404,0.727161,-2.110301,-0.012416,0.724370,-2.119528,0.046515,0.756438,-2.117018,0.019519,0.736626,-2.137567,-0.004786,0.739285,-2.146923,0.052643,0.765653,-2.135061,0.026130,0.749274,-2.155861,0.005244,0.757172,-2.161183,0.056499,0.780932,-2.150229,0.031949,0.768783,-2.168327,0.010783,0.771298,-2.176229,,,
27,0.900,-0.164981,0.918417,-1.828422,-0.284321,0.920656,-1.840194,-0.045641,0.916180,-1.816651,-0.307627,0.495113,-1.971355,-0.030184,0.563481,-1.544259,-0.295800,0.227557,-2.290003,-0.034160,0.147352,-1.535082,-0.162914,1.035634,-1.827091,-0.163733,1.249846,-1.818264,-0.141833,1.490844,-1.799836,-0.128050,1.588606,-1.767371,-0.180047,1.441282,-1.792273,-0.112138,1.436643,-1.812236,-0.310887,1.394417,-1.737354,0.014681,1.370213,-1.852540,-0.406155,1.134233,-1.650076,0.048821,1.097067,-1.947459,-0.281967,0.966511,-1.459282,0.090464,0.819356,-1.980672,-0.320122,0.052358,-2.261722,-0.014274,0.065265,-1.377118,,,,,,,,,,-0.260425,0.972408,-1.448112,-0.221867,0.951399,-1.417782,-0.204647,0.928691,-1.395988,-0.233773,0.935502,-1.381966,-0.213478,0.908532,-1.367088,-0.197445,0.887385,-1.364954,-0.253654,0.919341,-1.383331,-0.234820,0.886452,-1.372972,-0.221325,0.864027,-1.373321,-0.270308,0.906509,-1.385769,-0.254022,0.874064,-1.376503,-0.242631,0.854472,-1.380180,-0.285875,0.894360,-1.395174,-0.270067,0.866195,-1.389274,-0.257832,0.847529,-1.393561,0.077969,0.801301,-1.968775,0.038437,0.767672,-1.981194,0.018392,0.747973,-2.003500,0.055202,0.732985,-2.004302,0.028146,0.714565,-2.021309,0.003686,0.712919,-2.031699,0.063999,0.742019,-2.026646,0.037474,0.722877,-2.048408,0.013818,0.726295,-2.059087,0.071366,0.750754,-2.044463,0.045193,0.734977,-2.066142,0.024831,0.743480,-2.072470,0.076337,0.765637,-2.059700,0.052156,0.753550,-2.078327,0.031323,0.756484,-2.086939,,,
28,0.933,-0.158152,0.918331,-1.769614,-0.277697,0.920280,-1.779137,-0.038607,0.916382,-1.760091,-0.329115,0.481958,-1.842872,-0.017327,0.555647,-1.498843,-0.307879,0.264479,-2.197153,-0.032366,0.140873,-1.530455,-0.156356,1.035550,-1.768170,-0.158328,1.249759,-1.759424,-0.137959,1.490938,-1.741631,-0.123538,1.588747,-1.709587,-0.175887,1.441164,-1.734024,-0.107899,1.436886,-1.753800,-0.306919,1.394116,-1.679724,0.018642,1.369476,-1.793345,-0.396992,1.126430,-1.611747,0.061115,1.092373,-1.872043,-0.299772,0.930510,-1.432530,0.106868,0.813509,-1.882135,-0.323279,0.088554,-2.227141,-0.009942,0.055936,-1.374348,,,,,,,,,,-0.279561,0.934268,-1.418352,-0.245442,0.908500,-1.386415,-0.231579,0.882813,-1.365556,-0.261930,0.889198,-1.354278,-0.244470,0.859889,-1.340251,-0.229490,0.837938,-1.338651,-0.281926,0.874090,-1.359772,-0.265572,0.839476,-1.350930,-0.252856,0.816630,-1.352139,-0.298505,0.862279,-1.365571,-0.284315,0.828385,-1.358249,-0.273101,0.808865,-1.362761,-0.313159,0.851880,-1.378041,-0.299080,0.822516,-1.373854,-0.287045,0.803918,-1.378928,0.094354,0.796034,-1.869420,0.056479,0.760237,-1.880910,0.038494,0.738361,-1.902940,0.075357,0.724426,-1.900388,0.048651,0.705049,-1.916878,0.024485,0.702872,-1.927841,0.084948,0.731972,-1.922956,0.059137,0.711382,-1.944251,0.035841,0.714125,-1.955873,0.092903,0.739526,-1.941058,0.067345,0.722132,-1.962227,0.047115,0.730069,-1.969623,0.098159,0.753328,-1.957190,0.074565,0.739460,-1.975323,0.053878,0.741506,-1.984522,,,
29,0.967,-0.152978,0.922039,-1.714614,-0.272723,0.923714,-1.721233,-0.033232,0.920365,-1.707995,-0.335165,0.482380,-1.708636,-0.008326,0.547015,-1.465461,-0.315035,0.294344,-2.079446,-0.029583,0.135697,-1.525703,-0.151426,1.039260,-1.713032,-0.154662,1.253366,-1.702355,-0.137097,1.494509,-1.681373,-0.123322,1.592107,-1.648413,-0.174717,1.444295,-1.675278,-0.106216,1.440886,-1.693381,-0.306561,1.395332,-1.624768,0.021139,1.373739,-1.730693,-0.388495,1.121598,-1.572364,0.070253,1.093893,-1.794395,-0.324373,0.894650,-1.416357,0.118087,0.815554,-1.780264,-0.333049,0.121796,-2.124041,-0.004702,0.051136,-1.369765,,,,,,,,,,-0.305182,0.894536,-1.400378,-0.274763,0.861353,-1.371715,-0.263199,0.831733,-1.355100,-0.294495,0.837317,-1.345066,-0.279327,0.804929,-1.336040,-0.265418,0.782302,-1.337880,-0.314625,0.824659,-1.354700,-0.300610,0.788067,-1.351821,-0.288911,0.765164,-1.356691,-0.331189,0.815098,-1.363769,-0.318985,0.779698,-1.362481,-0.308285,0.760852,-1.370060,-0.345258,0.808066,-1.378967,-0.333245,0.777524,-1.379872,-0.321941,0.759473,-1.387801,0.106809,0.798924,-1.765435,0.071412,0.759565,-1.772204,0.054936,0.734080,-1.791348,0.092622,0.723027,-1.787479,0.066610,0.700659,-1.801030,0.042396,0.696160,-1.811150,0.101634,0.728451,-1.810881,0.076425,0.704541,-1.829223,0.052849,0.705043,-1.840591,0.109022,0.734306,-1.829832,0.084048,0.713395,-1.848350,0.063336,0.719491,-1.856146,0.113301,0.746406,-1.847543,0.090259,0.729306,-1.863495,0.069364,0.729188,-1.872449,,,
30,1.000,-0.150275,0.930323,-1.660760,-0.270115,0.931612,-1.665472,-0.030434,0.929035,-1.656047,-0.335185,0.497788,-1.585500,-0.008233,0.538697,-1.441627,-0.311528,0.303699,-1.952969,-0.028107,0.130386,-1.520050,-0.149084,1.047546,-1.658991,-0.152756,1.261527,-1.646178,-0.137654,1.502373,-1.620411,-0.125804,1.599567,-1.585564,-0.175221,1.451870,-1.616951,-0.105914,1.449119,-1.631809,-0.308702,1.400557,-1.573577,0.023435,1.383032,-1.663769,-0.382561,1.121936,-1.537450,0.078280,1.101089,-1.711565,-0.353263,0.870140,-1.412168,0.124751,0.825103,-1.671164,-0.334779,0.127852,-1.977933,-0.002220,0.045831,-1.364272,,,,,,,,,,-0.334495,0.864942,-1.396535,-0.306303,0.824004,-1.377111,-0.296065,0.790735,-1.368419,-0.327740,0.794892,-1.357869,-0.313931,0.760688,-1.357894,-0.300838,0.738875,-1.365741,-0.348171,0.786174,-1.370707,-0.335819,0.749585,-1.377948,-0.325046,0.728385,-1.388885,-0.364915,0.780120,-1.382151,-0.354210,0.745196,-1.390487,-0.344148,0.728664,-1.402838,-0.378906,0.777970,-1.398826,-0.368655,0.748134,-1.407920,-0.358237,0.732268,-1.420418,0.114919,0.810242,-1.653667,0.082025,0.768221,-1.653352,0.066458,0.739096,-1.667380,0.105227,0.731163,-1.663679,0.080801,0.705084,-1.672834,0.056821,0.697290,-1.681386,0.113336,0.733536,-1.687905,0.089413,0.705526,-1.701571,0.065607,0.702739,-1.712098,0.119898,0.736906,-1.707744,0.096253,0.711718,-1.722249,0.075032,0.715110,-1.730316,0.122977,0.746435,-1.727190,0.101124,0.725587,-1.740059,0.080218,0.722693,-1.748507,,,
31,1.033,-0.151671,0.943407,-1.607273,-0.271536,0.944466,-1.611374,-0.031806,0.942347,-1.603171,-0.338689,0.524395,-1.477720,-0.017691,0.533490,-1.425775,-0.305919,0.291267,-1.820999,-0.029427,0.126714,-1.513290,-0.150702,1.060628,-1.605309,-0.153811,1.274543,-1.591291,-0.141037,1.515128,-1.562062,-0.132018,1.611980,-1.525460,-0.178561,1.464481,-1.561285,-0.108517,1.462097,-1.572235,-0.313828,1.411486,-1.526270,0.023061,1.397215,-1.596685,-0.381463,1.129397,-1.510754,0.082398,1.113644,-1.625841,-0.380023,0.862088,-1.418563,0.121493,0.842107,-1.557286,-0.326427,0.113367,-1.816914,-0.004147,0.042447,-1.357257,,,,,,,,,,-0.361824,0.852359,-1.404500,-0.335318,0.806837,-1.395947,-0.325690,0.772277,-1.395721,-0.358064,0.774467,-1.385360,-0.345034,0.741088,-1.394117,-0.332237,0.721740,-1.407182,-0.378392,0.770097,-1.400391,-0.366875,0.736344,-1.416878,-0.356421,0.718456,-1.432873,-0.394998,0.767809,-1.413314,-0.384983,0.736016,-1.430423,-0.375037,0.723038,-1.446540,-0.408604,0.770556,-1.430217,-0.399189,0.743832,-1.446805,-0.389031,0.731502,-1.462970,0.111575,0.830038,-1.537802,0.079826,0.787640,-1.531294,0.065276,0.756132,-1.540400,0.104298,0.750128,-1.534792,0.081804,0.721310,-1.539708,0.058619,0.710596,-1.547231,0.113019,0.748722,-1.558879,0.090731,0.717670,-1.567968,0.067387,0.711939,-1.578339,0.120044,0.748975,-1.578844,0.098239,0.720414,-1.589459,0.077191,0.721210,-1.598586,0.123413,0.755256,-1.599523,0.103001,0.731615,-1.609636,0.082629,0.726362,-1.618250,,,
32,1.067,-0.156755,0.959330,-1.555327,-0.276615,0.960195,-1.559618,-0.036895,0.958465,-1.551037,-0.343032,0.554557,-1.386763,-0.031360,0.532453,-1.419447,-0.303533,0.265072,-1.683245,-0.033404,0.125911,-1.508795,-0.155977,1.076553,-1.553424,-0.158177,1.290382,-1.537983,-0.147650,1.530817,-1.506695,-0.141623,1.627502,-1.469051,-0.185006,1.480059,-1.508115,-0.114492,1.477942,-1.515537,-0.321704,1.426183,-1.480865,0.018859,1.414268,-1.532368,-0.385492,1.142906,-1.489497,0.081622,1.130117,-1.542505,-0.404374,0.866913,-1.430958,0.108404,0.865300,-1.447034,-0.323420,0.092410,-1.639903,-0.010096,0.041546,-1.352508,,,,,,,,,,-0.386942,0.853843,-1.418755,-0.361312,0.807045,-1.419812,-0.351348,0.773264,-1.426644,-0.384843,0.773577,-1.417957,-0.371779,0.742195,-1.432278,-0.358464,0.725419,-1.448092,-0.404498,0.773195,-1.434443,-0.392781,0.743274,-1.457053,-0.381850,0.728795,-1.475920,-0.420511,0.774278,-1.448241,-0.410423,0.746363,-1.471105,-0.400012,0.736659,-1.489121,-0.433295,0.781114,-1.464619,-0.423883,0.758583,-1.486567,-0.413389,0.749982,-1.504799,0.096318,0.856306,-1.427117,0.063920,0.814989,-1.417567,0.050401,0.782222,-1.423135,0.088526,0.777770,-1.412318,0.067501,0.747542,-1.414502,0.045580,0.734665,-1.422415,0.099906,0.772715,-1.434751,0.079062,0.739982,-1.440888,0.057073,0.731952,-1.452605,0.109139,0.769922,-1.453591,0.089236,0.739228,-1.461686,0.069392,0.737752,-1.473132,0.114838,0.772913,-1.474495,0.096055,0.747424,-1.483173,0.076953,0.740312,-1.493238,,,
33,1.100,-0.163390,0.974318,-1.500110,-0.283229,0.974890,-1.505010,-0.043552,0.973747,-1.495210,-0.345648,0.579788,-1.307954,-0.043185,0.534965,-1.415817,-0.307854,0.230618,-1.531371,-0.038593,0.127463,-1.500578,-0.162892,1.091550,-1.498610,-0.164402,1.305218,-1.481029,-0.156368,1.545534,-1.448127,-0.152993,1.642201,-1.410106,-0.193365,1.494587,-1.451194,-0.122614,1.492886,-1.456008,-0.330663,1.439357,-1.430447,0.012078,1.430791,-1.467080,-0.391642,1.157748,-1.467430,0.078908,1.147450,-1.461136,-0.421893,0.877748,-1.442132,0.091487,0.891192,-1.342250,-0.332673,0.075955,-1.444483,-0.017596,0.042734,-1.344160,,,,,,,,,,-0.405136,0.862640,-1.431428,-0.378937,0.816837,-1.439410,-0.367745,0.784906,-1.451339,-0.402139,0.783611,-1.445324,-0.388168,0.754023,-1.462352,-0.373665,0.739110,-1.478968,-0.420675,0.786292,-1.462859,-0.407645,0.759744,-1.488728,-0.395523,0.747942,-1.508699,-0.435770,0.789914,-1.477248,-0.424756,0.765311,-1.503270,-0.413417,0.758034,-1.521860,-0.447542,0.799666,-1.492890,-0.437113,0.781214,-1.517964,-0.425709,0.775835,-1.536872,0.076656,0.884996,-1.323138,0.043005,0.845010,-1.312332,0.030177,0.811598,-1.314873,0.066416,0.809322,-1.298312,0.046225,0.778454,-1.298494,0.025732,0.763803,-1.307117,0.080827,0.801245,-1.317942,0.061041,0.767531,-1.321876,0.040899,0.757372,-1.335156,0.092617,0.795893,-1.334686,0.074240,0.763800,-1.340698,0.056227,0.760088,-1.354436,0.101232,0.795911,-1.354790,0.083958,0.769014,-1.362271,0.066534,0.760097,-1.373833,,,
34,1.133,-0.168949,0.985076,-1.456868,-0.288835,0.985995,-1.460321,-0.049062,0.984157,-1.453416,-0.342437,0.593879,-1.254885,-0.051143,0.539208,-1.424288,-0.309654,0.198035,-1.379371,-0.044824,0.133022,-1.515041,-0.168136,1.102278,-1.453903,-0.169174,1.315849,-1.435139,-0.165232,1.556362,-1.402945,-0.164265,1.653170,-1.365144,-0.201453,1.504916,-1.406837,-0.130580,1.504141,-1.409690,-0.339126,1.448715,-1.392036,0.005420,1.444255,-1.415852,-0.396935,1.170904,-1.454238,0.081230,1.164000,-1.393629,-0.429881,0.890078,-1.451715,0.085357,0.918166,-1.253955,-0.338065,0.072381,-1.254913,-0.023459,0.049124,-1.358226,,,,,,,,,,-0.413466,0.874785,-1.440747,-0.384217,0.831131,-1.450064,-0.369989,0.800981,-1.463320,-0.404935,0.797617,-1.461239,-0.387910,0.769952,-1.478716,-0.371065,0.756904,-1.494677,-0.421793,0.801112,-1.480261,-0.405103,0.777285,-1.506670,-0.390558,0.767624,-1.526169,-0.435588,0.805399,-1.495731,-0.421159,0.783343,-1.522360,-0.407829,0.777963,-1.540262,-0.446284,0.816048,-1.511560,-0.432738,0.800290,-1.536980,-0.419398,0.797045,-1.555090,0.069003,0.912169,-1.236062,0.034865,0.872069,-1.227423,0.022417,0.838544,-1.230334,0.057273,0.836851,-1.210816,0.037244,0.805913,-1.212313,0.017615,0.791068,-1.222476,0.073364,0.828564,-1.229001,0.054018,0.794760,-1.234161,0.035106,0.784395,-1.249000,0.086576,0.823029,-1.244583,0.068870,0.790764,-1.251608,0.052099,0.786771,-1.266765,0.096869,0.822773,-1.263880,0.080352,0.795686,-1.272322,0.063978,0.786524,-1.285157,,,
35,1.167,-0.173094,0.987474,-1.404402,-0.293000,0.987540,-1.407255,-0.053188,0.987409,-1.401549,-0.334181,0.588237,-1.213106,-0.052515,0.541556,-1.408469,-0.311789,0.172594,-1.211338,-0.048190,0.138681,-1.513047,-0.173133,1.104637,-1.400074,-0.172758,1.318123,-1.380349,-0.173220,1.558751,-1.348776,-0.174469,1.655722,-1.311405,-0.208577,1.506798,-1.353740,-0.137644,1.506997,-1.354179,-0.346303,1.449397,-1.345496,-0.000019,1.450608,-1.354167,-0.397000,1.176681,-1.431784,0.087376,1.175707,-1.314471,-0.429525,0.896533,-1.452137,0.078395,0.944575,-1.151813,-0.345048,0.084540,-1.058936,-0.025773,0.055067,-1.356227,,,,,,,,,,-0.413697,0.881126,-1.440486,-0.381924,0.839180,-1.449379,-0.365171,0.810449,-1.462832,-0.400042,0.805780,-1.464654,-0.380332,0.779833,-1.481943,-0.361497,0.768371,-1.496865,-0.415024,0.809926,-1.485066,-0.394799,0.788391,-1.510968,-0.377973,0.780477,-1.529389,-0.427349,0.814738,-1.501587,-0.409450,0.794923,-1.527870,-0.394185,0.791143,-1.544596,-0.436815,0.826021,-1.517756,-0.420104,0.812379,-1.542508,-0.404855,0.810747,-1.559279,0.060270,0.938855,-1.135615,0.026045,0.898391,-1.129344,0.014043,0.864694,-1.132137,0.047059,0.864207,-1.109143,0.027371,0.833183,-1.112377,0.009098,0.818069,-1.124486,0.065185,0.855639,-1.125151,0.046749,0.821556,-1.131636,0.029711,0.810688,-1.148277,0.080121,0.849850,-1.138987,0.063386,0.817322,-1.147097,0.048405,0.812871,-1.163911,0.092478,0.849153,-1.157021,0.076891,0.821792,-1.166307,0.061934,0.812223,-1.180502,,,
36,1.200,-0.176283,0.981252,-1.354717,-0.296154,0.977776,-1.356783,-0.056411,0.984727,-1.352651,-0.328792,0.583814,-1.150478,-0.046259,0.539541,-1.375853,-0.324045,0.179667,-1.050951,-0.045305,0.146024,-1.511527,-0.179768,1.098325,-1.349481,-0.176623,1.311785,-1.329725,-0.182328,1.552457,-1.299011,-0.185361,1.649582,-1.262146,-0.216593,1.499899,-1.305126,-0.145707,1.501300,-1.302896,-0.353892,1.440944,-1.302964,-0.006728,1.448810,-1.295831,-0.393557,1.173793,-1.409955,0.092745,1.181900,-1.235432,-0.422338,0.895659,-1.452007,0.074549,0.964926,-1.055012,-0.360186,0.131157,-0.882349,-0.022894,0.059790,-1.356131,,,,,,,,,,-0.407546,0.880001,-1.439372,-0.374043,0.839086,-1.446548,-0.355159,0.811309,-1.459158,-0.389604,0.806128,-1.465227,-0.367616,0.781315,-1.481397,-0.347042,0.770853,-1.494666,-0.402334,0.810968,-1.486971,-0.378947,0.790991,-1.511420,-0.360046,0.784215,-1.528210,-0.412868,0.816335,-1.504527,-0.391749,0.798109,-1.529540,-0.374660,0.795392,-1.544630,-0.420746,0.828199,-1.521127,-0.401072,0.816034,-1.544427,-0.384016,0.815460,-1.559436,0.054805,0.959833,-1.040594,0.020769,0.919049,-1.035484,0.008855,0.885238,-1.036995,0.039928,0.886764,-1.010809,0.020887,0.855424,-1.014788,0.004266,0.839528,-1.028205,0.059890,0.877614,-1.024079,0.042706,0.842892,-1.030614,0.027835,0.830792,-1.048439,0.076389,0.871302,-1.035738,0.060860,0.838173,-1.043813,0.047913,0.832613,-1.061935,0.090718,0.869734,-1.052189,0.076181,0.841767,-1.061371,0.062819,0.831264,-1.076469,,,
37,1.233,-0.179233,0.969389,-1.299262,-0.298973,0.962485,-1.299733,-0.059493,0.976293,-1.298790,-0.326318,0.582450,-1.068091,-0.040028,0.532916,-1.342048,-0.344408,0.197213,-0.911473,-0.042249,0.151484,-1.508687,-0.185996,1.086294,-1.293503,-0.181549,1.299835,-1.274900,-0.191735,1.540547,-1.245698,-0.196014,1.637810,-1.209325,-0.225019,1.487452,-1.252549,-0.154261,1.489923,-1.248199,-0.362031,1.427863,-1.255439,-0.015084,1.439392,-1.234178,-0.390803,1.166263,-1.378431,0.092976,1.182078,-1.151135,-0.415984,0.891553,-1.440524,0.066849,0.977337,-0.957850,-0.382300,0.189328,-0.736579,-0.019571,0.061899,-1.355238,,,,,,,,,,-0.402317,0.875329,-1.427347,-0.367691,0.835168,-1.433361,-0.347270,0.808315,-1.445568,-0.380831,0.803193,-1.455319,-0.356609,0.780162,-1.470923,-0.334532,0.771204,-1.482805,-0.391378,0.809150,-1.477937,-0.365178,0.791277,-1.501128,-0.344535,0.785982,-1.516324,-0.400169,0.815415,-1.496143,-0.376096,0.799402,-1.519972,-0.357483,0.798083,-1.533348,-0.406505,0.828135,-1.512769,-0.384361,0.817748,-1.534671,-0.365886,0.818356,-1.547891,0.045956,0.973049,-0.944861,0.012426,0.931952,-0.938963,0.000942,0.897968,-0.938176,0.029856,0.902697,-0.909660,0.011753,0.870699,-0.912651,-0.003253,0.853315,-0.926126,0.051148,0.892927,-0.920121,0.035354,0.857274,-0.924924,0.022478,0.843199,-0.942851,0.068786,0.886030,-0.929572,0.054609,0.851949,-0.936007,0.043511,0.844491,-0.954666,0.084613,0.883342,-0.944428,0.071308,0.854332,-0.952122,0.059488,0.842170,-0.967260,,,
38,1.267,-0.183056,0.954234,-1.240251,-0.302704,0.946034,-1.238592,-0.063408,0.962433,-1.241909,-0.326730,0.585997,-0.976621,-0.039048,0.522521,-1.310583,-0.356170,0.210170,-0.800124,-0.043234,0.155135,-1.506220,-0.190973,1.071038,-1.233945,-0.187609,1.284694,-1.216467,-0.199747,1.525473,-1.188594,-0.204697,1.622890,-1.152721,-0.232587,1.472145,-1.195772,-0.161932,1.475067,-1.190200,-0.369645,1.413009,-1.202810,-0.023348,1.424779,-1.170561,-0.390659,1.155317,-1.335259,0.089641,1.176660,-1.068316,-0.414774,0.884910,-1.414339,0.059667,0.980454,-0.866908,-0.393707,0.235375,-0.626799,-0.019322,0.063671,-1.354073,,,,,,,,,,-0.401839,0.868019,-1.401262,-0.366634,0.828374,-1.407340,-0.345170,0.802260,-1.419361,-0.378174,0.797634,-1.431817,-0.351826,0.777769,-1.448303,-0.328707,0.771391,-1.459864,-0.387343,0.804812,-1.454679,-0.358971,0.790024,-1.477485,-0.337213,0.786865,-1.491687,-0.395034,0.812057,-1.473019,-0.368570,0.799111,-1.496167,-0.348997,0.799681,-1.508154,-0.400417,0.825666,-1.489273,-0.376547,0.817152,-1.510146,-0.357200,0.818953,-1.521934,0.038205,0.976376,-0.854809,0.005884,0.934555,-0.847439,-0.003979,0.900177,-0.844565,0.022578,0.908485,-0.814882,0.005833,0.875653,-0.816380,-0.007695,0.856696,-0.829286,0.044794,0.898780,-0.823281,0.030698,0.862208,-0.825988,0.019473,0.846231,-0.843426,0.063201,0.891870,-0.831119,0.050672,0.856846,-0.835613,0.040999,0.847519,-0.854225,0.079972,0.888644,-0.844784,0.068127,0.858599,-0.850685,0.057623,0.844768,-0.865353,,,
39,1.300,-0.187946,0.940417,-1.178818,-0.307581,0.932506,-1.175576,-0.068311,0.948327,-1.182059,-0.331188,0.575000,-0.910124,-0.043498,0.513825,-1.279143,-0.353890,0.198730,-0.733577,-0.045781,0.160882,-1.499799,-0.195498,1.057241,-1.172431,-0.194247,1.270928,-1.155059,-0.207460,1.511637,-1.127068,-0.213379,1.609087,-1.091432,-0.240032,1.458259,-1.135053,-0.169522,1.461306,-1.127924,-0.376599,1.398649,-1.146345,-0.031397,1.411810,-1.103593,-0.391311,1.141651,-1.280974,0.083238,1.169225,-0.990477,-0.414934,0.875177,-1.372566,0.055146,0.976143,-0.785806,-0.386334,0.218856,-0.558568,-0.021315,0.063184,-1.351669,,,,,,,,,,-0.402133,0.857663,-1.360196,-0.366617,0.818561,-1.367789,-0.344853,0.793252,-1.380939,-0.377572,0.789136,-1.394084,-0.350512,0.771342,-1.411741,-0.327132,0.766536,-1.423534,-0.386387,0.797497,-1.416681,-0.357271,0.784821,-1.439818,-0.335189,0.783049,-1.453758,-0.393803,0.805686,-1.434735,-0.366533,0.794770,-1.457994,-0.346702,0.796482,-1.469434,-0.398980,0.820129,-1.450323,-0.374523,0.812953,-1.471019,-0.354911,0.815531,-1.482207,0.033437,0.972275,-0.774085,0.002092,0.930113,-0.764716,-0.006581,0.895655,-0.759732,0.018479,0.906910,-0.729912,0.002703,0.873569,-0.729607,-0.009877,0.853376,-0.741562,0.041214,0.897318,-0.736942,0.028308,0.860212,-0.737399,0.018116,0.842692,-0.753966,0.060046,0.890436,-0.743725,0.048640,0.854829,-0.746147,0.039828,0.843972,-0.764352,0.077323,0.886769,-0.756627,0.066505,0.856040,-0.760688,0.056848,0.840898,-0.774626,,,
40,1.333,-0.193846,0.928220,-1.114645,-0.313597,0.922294,-1.111492,-0.074093,0.934146,-1.117797,-0.334747,0.556314,-0.857634,-0.053101,0.507491,-1.245696,-0.347468,0.172839,-0.696238,-0.048516,0.169003,-1.487911,-0.199522,1.045244,-1.110324,-0.200756,1.259107,-1.095251,-0.215977,1.499929,-1.069331,-0.223789,1.597617,-1.034726,-0.248034,1.446332,-1.077910,-0.177783,1.449787,-1.068712,-0.383483,1.384789,-1.091961,-0.039846,1.402185,-1.039943,-0.395454,1.125009,-1.221425,0.075245,1.160514,-0.925345,-0.419262,0.859197,-1.314872,0.054853,0.963998,-0.723043,-0.370932,0.155283,-0.519525,-0.023079,0.058793,-1.349012,,,,,,,,,,-0.406397,0.840939,-1.303702,-0.372128,0.801399,-1.314199,-0.351648,0.776248,-1.329535,-0.384789,0.773267,-1.341135,-0.358869,0.755715,-1.360646,-0.336111,0.750955,-1.373617,-0.394287,0.782694,-1.363026,-0.366380,0.770219,-1.387711,-0.344887,0.768457,-1.402544,-0.402213,0.791741,-1.380442,-0.376095,0.781150,-1.405129,-0.356676,0.782869,-1.417256,-0.407661,0.806889,-1.395248,-0.384087,0.799867,-1.416995,-0.364798,0.802353,-1.428753,0.033188,0.960236,-0.711207,0.002707,0.917914,-0.699905,-0.004820,0.883453,-0.693336,0.019456,0.896760,-0.663984,0.004561,0.863109,-0.661474,-0.007532,0.841878,-0.672055,0.042413,0.887329,-0.670487,0.030460,0.849942,-0.668768,0.020720,0.831227,-0.684265,0.061411,0.880532,-0.676883,0.051007,0.844539,-0.677255,0.042535,0.832418,-0.694813,0.078808,0.876619,-0.689548,0.069072,0.845357,-0.691945,0.060001,0.829176,-0.705085,,,
41,1.367,-0.200941,0.918383,-1.047445,-0.320789,0.913845,-1.046232,-0.081093,0.922922,-1.048657,-0.337468,0.539367,-0.804735,-0.063556,0.508001,-1.211033,-0.343136,0.146541,-0.667189,-0.047705,0.182843,-1.470425,-0.205348,1.035508,-1.044593,-0.209122,1.249606,-1.033946,-0.225187,1.491002,-1.014748,-0.235550,1.589271,-0.982540,-0.256966,1.437159,-1.022802,-0.186996,1.440943,-1.011772,-0.391652,1.374305,-1.038307,-0.049420,1.394654,-0.979364,-0.405848,1.109654,-1.157252,0.063100,1.149440,-0.869849,-0.431996,0.840601,-1.240210,0.051796,0.944307,-0.675547,-0.365544,0.088103,-0.499353,-0.021001,0.050878,-1.352278,,,,,,,,,,-0.419050,0.821843,-1.230003,-0.386727,0.781388,-1.242912,-0.368238,0.755924,-1.260142,-0.401870,0.753939,-1.269265,-0.377730,0.735909,-1.290544,-0.355973,0.730660,-1.304962,-0.412383,0.763879,-1.290453,-0.386297,0.750830,-1.316778,-0.365738,0.748580,-1.332821,-0.421067,0.773345,-1.307275,-0.396749,0.762263,-1.333535,-0.378026,0.763536,-1.346761,-0.426930,0.788808,-1.321590,-0.404768,0.781162,-1.344576,-0.386056,0.783081,-1.357331,0.030164,0.940679,-0.663610,-0.000184,0.898465,-0.651570,-0.006847,0.863924,-0.644509,0.016689,0.877935,-0.615347,0.002379,0.844243,-0.610809,-0.009579,0.822309,-0.620021,0.039658,0.868460,-0.621743,0.028177,0.831044,-0.618304,0.018484,0.811561,-0.632856,0.058662,0.861611,-0.628065,0.048905,0.825453,-0.626942,0.040528,0.812501,-0.643942,0.076045,0.857540,-0.640700,0.067117,0.825982,-0.642174,0.058436,0.809248,-0.654879,,,
42,1.400,-0.210637,0.912350,-0.983239,-0.330525,0.908980,-0.984295,-0.090749,0.915720,-0.982183,-0.351444,0.538948,-0.736361,-0.064843,0.499538,-1.140151,-0.348683,0.133144,-0.643739,-0.043569,0.200951,-1.429386,-0.213944,1.029536,-0.981741,-0.220781,1.243693,-0.974289,-0.234659,1.485661,-0.961733,-0.247067,1.584547,-0.932252,-0.266881,1.431929,-0.968697,-0.197001,1.435335,-0.956995,-0.401763,1.369417,-0.983874,-0.060088,1.388286,-0.922915,-0.424452,1.100116,-1.090419,0.046616,1.135167,-0.826331,-0.457296,0.827058,-1.156116,0.044358,0.917179,-0.646229,-0.372015,0.045450,-0.489300,-0.016382,0.041043,-1.353381,,,,,,,,,,-0.444290,0.808597,-1.145455,-0.412801,0.767216,-1.157454,-0.395329,0.740924,-1.174502,-0.428975,0.738847,-1.182169,-0.405598,0.719904,-1.203507,-0.384331,0.713981,-1.218388,-0.439951,0.747993,-1.203479,-0.414614,0.733630,-1.229851,-0.394470,0.730530,-1.246273,-0.448985,0.756833,-1.220457,-0.425421,0.744378,-1.246790,-0.407017,0.744875,-1.260506,-0.455061,0.771734,-1.235270,-0.433324,0.762573,-1.258106,-0.414769,0.763511,-1.271196,0.022727,0.913818,-0.634210,-0.008461,0.872075,-0.622688,-0.016151,0.837646,-0.616136,0.008187,0.850564,-0.586933,-0.006431,0.817101,-0.581725,-0.018844,0.795210,-0.590423,0.030903,0.840702,-0.593643,0.018918,0.803475,-0.589889,0.008723,0.784022,-0.604137,0.049711,0.833550,-0.600208,0.039554,0.797508,-0.598934,0.030839,0.784619,-0.615813,0.066921,0.829319,-0.613026,0.057693,0.797859,-0.614729,0.048775,0.781258,-0.627443,,,
43,1.433,-0.221767,0.909784,-0.922102,-0.341642,0.907025,-0.924907,-0.101891,0.912543,-0.919297,-0.371710,0.549998,-0.659463,-0.053580,0.482552,-1.027033,-0.355775,0.134492,-0.640379,-0.035356,0.227046,-1.355130,-0.224468,1.026994,-0.921942,-0.231920,1.241183,-0.916174,-0.245828,1.483312,-0.907290,-0.259518,1.582525,-0.879524,-0.278052,1.429474,-0.913362,-0.208148,1.433072,-0.901864,-0.412730,1.365913,-0.925741,-0.071172,1.385938,-0.868155,-0.444409,1.092283,-1.018007,0.033572,1.124966,-0.792617,-0.481818,0.815277,-1.060711,0.043932,0.891995,-0.632687,-0.381662,0.047074,-0.486191,-0.016815,0.049017,-1.348185,,,,,,,,,,-0.468805,0.797915,-1.048349,-0.437833,0.755201,-1.056366,-0.421388,0.727295,-1.071791,-0.454601,0.724549,-1.077732,-0.431929,0.703266,-1.097572,-0.411093,0.695584,-1.112257,-0.465818,0.731511,-1.099731,-0.440970,0.714237,-1.124789,-0.421087,0.709253,-1.141065,-0.475032,0.738604,-1.117417,-0.452076,0.723087,-1.142637,-0.433912,0.721859,-1.156625,-0.481207,0.751924,-1.133629,-0.459565,0.739933,-1.155211,-0.441007,0.739090,-1.168302,0.022635,0.888002,-0.620274,-0.008283,0.845705,-0.610122,-0.016378,0.811112,-0.605110,0.009309,0.822335,-0.576025,-0.005021,0.788604,-0.571857,-0.017629,0.767056,-0.581115,0.031819,0.812843,-0.583867,0.020116,0.775429,-0.581261,0.009550,0.756465,-0.595891,0.050430,0.806050,-0.591315,0.040391,0.769952,-0.591448,0.031217,0.757821,-0.608642,0.067276,0.802504,-0.604807,0.058062,0.771137,-0.607807,0.048826,0.755125,-0.621039,,,
44,1.467,-0.232025,0.911393,-0.862238,-0.351852,0.909139,-0.866936,-0.112199,0.913648,-0.857540,-0.386232,0.548489,-0.606970,-0.046075,0.473938,-0.890926,-0.360202,0.134138,-0.636959,-0.032603,0.265964,-1.251244,-0.234192,1.028611,-0.863219,-0.240798,1.242850,-0.858339,-0.253991,1.485050,-0.850345,-0.268143,1.584266,-0.822825,-0.286421,1.431268,-0.855789,-0.216373,1.434738,-0.845158,-0.420957,1.366827,-0.864659,-0.079170,1.386853,-0.813495,-0.461856,1.089230,-0.939871,0.021376,1.119065,-0.759049,-0.501804,0.809685,-0.954507,0.040141,0.873515,-0.620077,-0.387613,0.046793,-0.482993,-0.012721,0.092569,-1.291558,,,,,,,,,,-0.489018,0.793474,-0.940459,-0.459112,0.749424,-0.944085,-0.444438,0.719844,-0.958117,-0.476840,0.717026,-0.961786,-0.455361,0.692774,-0.979424,-0.435130,0.682656,-0.993465,-0.488191,0.721806,-0.984293,-0.464178,0.701167,-1.007556,-0.444677,0.693851,-1.023408,-0.497477,0.727140,-1.002550,-0.475615,0.707983,-1.026188,-0.457811,0.704479,-1.040255,-0.503569,0.738753,-1.020054,-0.482327,0.723710,-1.040065,-0.463855,0.720793,-1.052979,0.019195,0.868767,-0.607335,-0.011645,0.825990,-0.599150,-0.019371,0.791066,-0.596327,0.006810,0.800305,-0.567245,-0.007587,0.766403,-0.565271,-0.020538,0.745664,-0.575813,0.029027,0.791286,-0.576374,0.017329,0.753782,-0.575902,0.006292,0.735823,-0.591425,0.047374,0.784946,-0.584811,0.037158,0.748974,-0.587145,0.027433,0.738081,-0.604858,0.063797,0.782262,-0.599006,0.054417,0.751151,-0.603690,0.044747,0.736004,-0.617613,,,
45,1.500,-0.240871,0.916393,-0.803932,-0.360577,0.914836,-0.811257,-0.121165,0.917951,-0.796607,-0.395616,0.542433,-0.568520,-0.051429,0.479469,-0.755335,-0.364076,0.132210,-0.631650,-0.039614,0.293217,-1.127402,-0.242273,1.033610,-0.805939,-0.247392,1.247898,-0.801472,-0.257884,1.490169,-0.791798,-0.270917,1.589283,-0.763374,-0.291008,1.436743,-0.796521,-0.220634,1.439457,-0.788042,-0.425609,1.371996,-0.801207,-0.082991,1.390130,-0.760815,-0.474469,1.091075,-0.856759,0.010115,1.117044,-0.721581,-0.514991,0.811747,-0.839769,0.037725,0.861733,-0.603198,-0.393338,0.045301,-0.477778,-0.001899,0.123510,-1.170568,,,,,,,,,,-0.502264,0.796754,-0.824378,-0.473177,0.752011,-0.824082,-0.459781,0.721016,-0.836204,-0.491735,0.718371,-0.838266,-0.471340,0.691663,-0.853477,-0.451685,0.679415,-0.866610,-0.503355,0.721136,-0.860973,-0.480328,0.697527,-0.882330,-0.461321,0.688059,-0.897633,-0.512836,0.724829,-0.879533,-0.491953,0.702670,-0.901366,-0.474522,0.697199,-0.915270,-0.519004,0.734783,-0.898006,-0.498409,0.717370,-0.916730,-0.480221,0.712790,-0.929564,0.017112,0.856080,-0.590285,-0.013573,0.812819,-0.584377,-0.020086,0.777536,-0.584148,0.005670,0.784920,-0.554888,-0.008769,0.750979,-0.555254,-0.022011,0.731157,-0.567115,0.027625,0.776583,-0.565219,0.015890,0.739142,-0.567230,0.004440,0.722401,-0.583783,0.045735,0.770868,-0.574568,0.035438,0.735153,-0.579284,0.025258,0.725594,-0.597503,0.061776,0.769211,-0.589344,0.052474,0.738416,-0.595898,0.042545,0.724178,-0.610577,,,
46,1.533,-0.247610,0.924932,-0.746888,-0.367165,0.924117,-0.756449,-0.128055,0.925747,-0.737326,-0.397839,0.534093,-0.542503,-0.061397,0.498645,-0.627902,-0.365860,0.127879,-0.627538,-0.052407,0.296157,-0.991470,-0.248179,1.042137,-0.749763,-0.251801,1.256457,-0.745348,-0.259505,1.498724,-0.733254,-0.269938,1.597782,-0.703586,-0.293327,1.445642,-0.736752,-0.222598,1.447646,-0.731746,-0.427957,1.380822,-0.734639,-0.084263,1.396783,-0.711828,-0.481938,1.097333,-0.767960,0.001844,1.119677,-0.687719,-0.517983,0.821585,-0.716787,0.041784,0.857049,-0.590806,-0.396094,0.040653,-0.474034,-0.008408,0.123907,-1.013381,,,,,,,,,,-0.504621,0.808231,-0.700454,-0.475944,0.763392,-0.696559,-0.463405,0.731046,-0.705703,-0.495486,0.728643,-0.705931,-0.476126,0.699946,-0.718669,-0.457237,0.685860,-0.731063,-0.508219,0.729012,-0.728202,-0.486602,0.702689,-0.747786,-0.468516,0.691179,-0.762803,-0.518598,0.730738,-0.746568,-0.498869,0.706186,-0.766860,-0.482150,0.699117,-0.780918,-0.525609,0.738647,-0.765717,-0.506190,0.719194,-0.783675,-0.488768,0.713176,-0.796968,0.022118,0.850057,-0.577096,-0.007559,0.805929,-0.572633,-0.012653,0.770493,-0.575022,0.013898,0.776207,-0.546663,0.000069,0.742051,-0.548307,-0.013617,0.722774,-0.560556,0.035251,0.769078,-0.558971,0.023836,0.731709,-0.563070,0.011524,0.716092,-0.580095,0.052796,0.764420,-0.569856,0.042841,0.728908,-0.576466,0.031667,0.720461,-0.594652,0.067876,0.764184,-0.585697,0.058907,0.733749,-0.594126,0.048429,0.720458,-0.609304,,,
47,1.567,-0.251254,0.935844,-0.691011,-0.370728,0.935762,-0.701565,-0.131779,0.935925,-0.680457,-0.392829,0.527043,-0.524668,-0.067054,0.527351,-0.513993,-0.365076,0.123551,-0.623094,-0.065929,0.287859,-0.854443,-0.251027,1.053034,-0.694486,-0.253744,1.267370,-0.690201,-0.259451,1.509632,-0.676971,-0.266872,1.608655,-0.646297,-0.293702,1.456741,-0.678745,-0.222794,1.458357,-0.677669,-0.428315,1.392748,-0.667979,-0.084008,1.406074,-0.666479,-0.485096,1.108040,-0.678303,-0.003212,1.126370,-0.661819,-0.509153,0.839697,-0.592463,0.049010,0.858033,-0.589510,-0.394517,0.036374,-0.469408,-0.030712,0.112419,-0.846256,,,,,,,,,,-0.494335,0.828408,-0.575831,-0.465352,0.784147,-0.568832,-0.453023,0.750872,-0.574118,-0.485614,0.748685,-0.571852,-0.467076,0.718595,-0.582413,-0.449148,0.703040,-0.594474,-0.500328,0.746330,-0.592737,-0.480404,0.717629,-0.610710,-0.463673,0.704220,-0.625722,-0.512343,0.745796,-0.610154,-0.494047,0.719223,-0.629205,-0.478507,0.710726,-0.643813,-0.521086,0.751260,-0.629444,-0.503443,0.729634,-0.646735,-0.487360,0.721968,-0.660843,0.031145,0.849403,-0.574345,0.002555,0.804488,-0.570719,-0.002374,0.769333,-0.575942,0.027150,0.772870,-0.550381,0.013968,0.738510,-0.552862,-0.000744,0.719768,-0.564749,0.046970,0.767345,-0.565708,0.035500,0.730255,-0.571740,0.021390,0.715918,-0.588492,0.063154,0.764072,-0.578950,0.053109,0.728973,-0.587376,0.040009,0.721779,-0.604800,0.076274,0.765620,-0.596382,0.066997,0.735850,-0.606652,0.055117,0.723742,-0.621787,,,
48,1.600,-0.251199,0.948242,-0.635160,-0.370628,0.948987,-0.646197,-0.131771,0.947497,-0.624122,-0.385310,0.524245,-0.511250,-0.073181,0.560689,-0.410160,-0.363363,0.122978,-0.619727,-0.077327,0.277011,-0.714747,-0.250118,1.065418,-0.638950,-0.253252,1.279764,-0.635562,-0.256386,1.522093,-0.622694,-0.260872,1.621096,-0.591392,-0.291095,1.469471,-0.622577,-0.220214,1.470528,-0.625129,-0.425695,1.407476,-0.603318,-0.081720,1.416396,-0.622033,-0.485166,1.123367,-0.591687,-0.007043,1.135404,-0.637856,-0.491425,0.866981,-0.472599,0.050950,0.862856,-0.589743,-0.391763,0.036186,-0.465628,-0.049677,0.106916,-0.665862,,,,,,,,,,-0.474559,0.857983,-0.456530,-0.444130,0.815100,-0.447413,-0.430728,0.781848,-0.448781,-0.463934,0.779470,-0.443475,-0.445873,0.748471,-0.452048,-0.428972,0.731679,-0.463930,-0.480936,0.774390,-0.462007,-0.462640,0.743699,-0.478349,-0.447482,0.728538,-0.493365,-0.494886,0.771572,-0.477673,-0.478179,0.743077,-0.495354,-0.464181,0.733049,-0.510540,-0.505919,0.774474,-0.496335,-0.490186,0.750763,-0.512712,-0.475800,0.741353,-0.527578,0.034962,0.853050,-0.573255,0.005628,0.808565,-0.570335,-0.001175,0.774247,-0.578297,0.031628,0.774537,-0.556755,0.017497,0.740667,-0.560454,0.000894,0.723238,-0.571836,0.049062,0.770246,-0.575082,0.035760,0.734137,-0.583005,0.019111,0.721749,-0.598963,0.063245,0.768049,-0.590640,0.051313,0.734042,-0.600887,0.035852,0.728719,-0.616998,0.073998,0.771140,-0.609434,0.062794,0.742655,-0.621304,0.048811,0.732203,-0.635864,,,
49,1.633,-0.250573,0.959337,-0.578758,-0.369917,0.960924,-0.590587,-0.131228,0.957751,-0.566928,-0.377139,0.523730,-0.503172,-0.079050,0.594736,-0.313293,-0.361147,0.124742,-0.620715,-0.084296,0.263061,-0.564743,-0.248649,1.076505,-0.582451,-0.252113,1.290852,-0.579406,-0.251947,1.533199,-0.566493,-0.253379,1.632096,-0.534574,-0.287194,1.480965,-0.564717,-0.216505,1.481236,-0.570615,-0.421613,1.421343,-0.538105,-0.078904,1.424959,-0.574990,-0.484119,1.139407,-0.506566,-0.011235,1.144136,-0.611635,-0.465860,0.899831,-0.357484,0.047564,0.868695,-0.586420,-0.388324,0.037194,-0.466823,-0.058497,0.112421,-0.471317,,,,,,,,,,-0.446683,0.893520,-0.342786,-0.413150,0.853250,-0.332694,-0.397679,0.820905,-0.331432,-0.430416,0.817672,-0.322048,-0.411792,0.786531,-0.328679,-0.395472,0.768973,-0.340264,-0.449295,0.809713,-0.337492,-0.431564,0.777838,-0.352096,-0.417576,0.761415,-0.366919,-0.464915,0.804466,-0.350777,-0.449114,0.774422,-0.366635,-0.436586,0.762934,-0.382068,-0.478314,0.804626,-0.368063,-0.463624,0.779514,-0.383280,-0.450758,0.768761,-0.398620,0.032979,0.858049,-0.569170,0.001374,0.815096,-0.567135,-0.008464,0.782213,-0.577590,0.026519,0.778513,-0.560227,0.009986,0.745966,-0.565512,-0.008866,0.730691,-0.576478,0.041420,0.775280,-0.580861,0.024986,0.740953,-0.590616,0.005841,0.731203,-0.605573,0.053550,0.774003,-0.598160,0.038355,0.741929,-0.610172,0.020831,0.739144,-0.624735,0.062249,0.778498,-0.617718,0.048037,0.751996,-0.630889,0.031869,0.743822,-0.644621,,,
50,1.667,-0.250086,0.966209,-0.523517,-0.369324,0.968534,-0.536262,-0.130848,0.963883,-0.510772,-0.368754,0.524398,-0.496567,-0.084050,0.623427,-0.226638,-0.359074,0.127729,-0.622356,-0.087313,0.247933,-0.406240,-0.247475,1.083382,-0.526563,-0.251217,1.297697,-0.522024,-0.247269,1.539913,-0.507367,-0.245759,1.638553,-0.474666,-0.283086,1.488124,-0.504383,-0.212737,1.487532,-0.513462,-0.417119,1.430878,-0.471376,-0.076344,1.429443,-0.525411,-0.484096,1.152382,-0.422962,-0.016256,1.150526,-0.583534,-0.433479,0.934555,-0.249917,0.039685,0.873375,-0.579181,-0.384890,0.039766,-0.468467,-0.059463,0.129316,-0.274937,,,,,,,,,,-0.412457,0.931178,-0.236866,-0.375726,0.894172,-0.225492,-0.358028,0.863209,-0.221588,-0.389608,0.859728,-0.208224,-0.369937,0.828802,-0.212381,-0.353881,0.810467,-0.223096,-0.409585,0.848897,-0.220134,-0.391675,0.816032,-0.232086,-0.378411,0.798251,-0.245979,-0.426247,0.841187,-0.230666,-0.410627,0.809745,-0.243748,-0.399221,0.796593,-0.258716,-0.441465,0.838364,-0.246120,-0.427138,0.811925,-0.259300,-0.415442,0.799602,-0.274393,0.025939,0.861710,-0.561900,-0.007991,0.820521,-0.561525,-0.020638,0.789530,-0.574448,0.015322,0.782128,-0.560686,-0.003707,0.751378,-0.567961,-0.024353,0.738534,-0.578813,0.028243,0.780364,-0.582781,0.008894,0.748271,-0.594582,-0.012002,0.741296,-0.608726,0.038804,0.780327,-0.601125,0.020590,0.750684,-0.615032,0.001775,0.750509,-0.628181,0.046123,0.786447,-0.620806,0.029203,0.762333,-0.635300,0.011453,0.756594,-0.648292,,,
51,1.700,-0.248519,0.969007,-0.468884,-0.367683,0.972080,-0.482148,-0.129354,0.965934,-0.455620,-0.363746,0.526204,-0.485627,-0.092898,0.639661,-0.153875,-0.357339,0.133498,-0.623481,-0.085337,0.233155,-0.243089,-0.245300,1.086191,-0.470649,-0.250019,1.300424,-0.463744,-0.241615,1.542352,-0.446450,-0.237709,1.640641,-0.412903,-0.278093,1.491087,-0.442559,-0.208206,1.489526,-0.454607,-0.411593,1.436324,-0.403699,-0.073274,1.430101,-0.474159,-0.484571,1.162519,-0.339708,-0.021899,1.154603,-0.553186,-0.399686,0.968503,-0.152339,0.028834,0.876779,-0.567338,-0.381774,0.045016,-0.469663,-0.056745,0.147160,-0.088578,,,,,,,,,,-0.377348,0.967714,-0.141203,-0.338300,0.933801,-0.128043,-0.318834,0.904477,-0.121091,-0.349076,0.902311,-0.104179,-0.328754,0.871557,-0.105526,-0.313177,0.852107,-0.114899,-0.369730,0.889286,-0.112056,-0.351792,0.855335,-0.120375,-0.339263,0.835836,-0.132537,-0.387066,0.879634,-0.119423,-0.371651,0.846803,-0.128820,-0.361299,0.831627,-0.142590,-0.403644,0.874038,-0.132548,-0.389570,0.846135,-0.142614,-0.378876,0.831762,-0.156597,0.015807,0.863768,-0.550467,-0.019798,0.824048,-0.552084,-0.034717,0.795162,-0.567263,0.001805,0.784981,-0.557122,-0.019274,0.756179,-0.566434,-0.041242,0.745610,-0.577142,0.013088,0.785222,-0.580163,-0.008516,0.755468,-0.594002,-0.030634,0.750990,-0.607272,0.022353,0.786846,-0.599124,0.001765,0.759747,-0.614798,-0.017913,0.761825,-0.626435,0.028567,0.794850,-0.618508,0.009469,0.773211,-0.634155,-0.009436,0.769662,-0.646271,,,
52,1.733,-0.246758,0.968454,-0.412440,-0.365758,0.973992,-0.426371,-0.127759,0.962916,-0.398508,-0.363857,0.530613,-0.473740,-0.107019,0.632265,-0.100059,-0.358165,0.142617,-0.624372,-0.082619,0.216917,-0.087634,-0.241318,1.085570,-0.412356,-0.248336,1.299681,-0.403824,-0.234802,1.541156,-0.383688,-0.229093,1.639012,-0.349146,-0.272049,1.490508,-0.379078,-0.202711,1.487855,-0.393810,-0.404813,1.438266,-0.334625,-0.069531,1.427247,-0.420452,-0.484475,1.170774,-0.254055,-0.028181,1.155987,-0.517881,-0.369933,0.998414,-0.061371,0.016099,0.878360,-0.548255,-0.381230,0.052253,-0.471439,-0.054338,0.166080,0.081783,,,,,,,,,,-0.346692,0.999677,-0.052322,-0.305840,0.968757,-0.037385,-0.284721,0.941488,-0.027509,-0.313725,0.941533,-0.007823,-0.292921,0.911151,-0.005661,-0.277756,0.890498,-0.012893,-0.334672,0.927199,-0.011567,-0.316646,0.892507,-0.015484,-0.304686,0.871336,-0.025171,-0.352351,0.916304,-0.015662,-0.337010,0.882493,-0.020684,-0.327505,0.865292,-0.032554,-0.369876,0.908469,-0.026143,-0.355840,0.879476,-0.032494,-0.345901,0.863081,-0.044698,0.003887,0.864000,-0.531876,-0.033155,0.825699,-0.534866,-0.050345,0.798996,-0.551563,-0.013410,0.786796,-0.545588,-0.036482,0.760097,-0.556333,-0.059658,0.751711,-0.566407,-0.003852,0.789169,-0.569280,-0.027562,0.761794,-0.584512,-0.050745,0.759488,-0.596451,0.004043,0.792539,-0.588627,-0.018788,0.768025,-0.605409,-0.039181,0.772011,-0.615166,0.009098,0.802382,-0.607493,-0.011975,0.783113,-0.623692,-0.031868,0.781367,-0.634555,,,
53,1.767,-0.245346,0.963785,-0.353774,-0.364102,0.971533,-0.368693,-0.126590,0.956036,-0.338856,-0.365427,0.533256,-0.450814,-0.115361,0.605621,-0.063328,-0.359268,0.154614,-0.623602,-0.082661,0.201701,0.031764,-0.237987,1.080775,-0.351587,-0.246250,1.294806,-0.342208,-0.229121,1.535895,-0.320263,-0.222405,1.633443,-0.285038,-0.266854,1.485666,-0.315053,-0.198002,1.482303,-0.331784,-0.398235,1.434289,-0.265750,-0.066277,1.421363,-0.364268,-0.483415,1.174210,-0.168318,-0.033670,1.154208,-0.475393,-0.342177,1.021726,0.023400,0.005357,0.877466,-0.518417,-0.381664,0.061255,-0.472379,-0.055786,0.186808,0.208235,,,,,,,,,,-0.318674,1.024972,0.031190,-0.276490,0.997851,0.049437,-0.253687,0.973580,0.062781,-0.282578,0.975792,0.083401,-0.260834,0.946834,0.090414,-0.245235,0.925598,0.086605,-0.303245,0.960597,0.082922,-0.284361,0.926189,0.084729,-0.272073,0.903899,0.078629,-0.320754,0.948802,0.081397,-0.304649,0.914978,0.081996,-0.295028,0.896138,0.073075,-0.338419,0.938959,0.073063,-0.323708,0.909655,0.071375,-0.313653,0.891623,0.061877,-0.006100,0.861975,-0.502529,-0.044379,0.824973,-0.506203,-0.063584,0.800260,-0.523748,-0.026594,0.786747,-0.521719,-0.051438,0.762001,-0.533165,-0.075589,0.755432,-0.542249,-0.018652,0.791024,-0.545737,-0.044201,0.765774,-0.561652,-0.068211,0.765180,-0.572068,-0.012032,0.795941,-0.565231,-0.036828,0.773731,-0.582429,-0.057713,0.779163,-0.590256,-0.008020,0.807325,-0.583471,-0.030823,0.790114,-0.599646,-0.051498,0.789802,-0.609092,,,
54,1.800,-0.244901,0.954341,-0.292442,-0.363518,0.963155,-0.307860,-0.126283,0.945527,-0.277025,-0.362230,0.535370,-0.433682,-0.113469,0.565862,-0.043522,-0.360450,0.162287,-0.618260,-0.087249,0.182983,0.117660,-0.236777,1.071221,-0.288119,-0.243278,1.285232,-0.277037,-0.224601,1.526080,-0.253753,-0.217394,1.623504,-0.218283,-0.262493,1.476001,-0.248271,-0.193938,1.472416,-0.266136,-0.392713,1.424620,-0.195981,-0.063226,1.411908,-0.303194,-0.482105,1.171939,-0.083948,-0.037215,1.147986,-0.423411,-0.322108,1.033642,0.103750,-0.001605,0.872528,-0.476475,-0.381783,0.065613,-0.468979,-0.066847,0.184023,0.295617,,,,,,,,,,-0.298767,1.039081,0.110768,-0.255381,1.016962,0.132593,-0.230815,0.996671,0.149084,-0.260429,1.000087,0.169566,-0.237274,0.973974,0.181505,-0.220513,0.953288,0.181446,-0.280388,0.984091,0.171569,-0.259949,0.951378,0.179040,-0.246594,0.928987,0.176712,-0.297347,0.971434,0.171995,-0.279748,0.938940,0.178177,-0.269236,0.919337,0.172489,-0.314557,0.959659,0.165397,-0.298616,0.931110,0.168366,-0.287780,0.912228,0.161845,-0.012414,0.855880,-0.461321,-0.051431,0.819762,-0.465918,-0.072056,0.796809,-0.484226,-0.035153,0.782786,-0.485567,-0.061146,0.759571,-0.497650,-0.085906,0.754242,-0.505866,-0.028484,0.788991,-0.509552,-0.055233,0.765470,-0.526130,-0.079774,0.766040,-0.535227,-0.022875,0.795465,-0.528907,-0.048993,0.775136,-0.546470,-0.070183,0.781487,-0.552602,-0.019694,0.808306,-0.546325,-0.043743,0.792832,-0.562450,-0.064951,0.793643,-0.570597,,,
55,1.833,-0.241431,0.940112,-0.233829,-0.360128,0.948211,-0.249025,-0.122733,0.932012,-0.218633,-0.354364,0.532168,-0.409362,-0.113113,0.553929,0.017573,-0.360688,0.172187,-0.618256,-0.091452,0.166417,0.168001,-0.234026,1.057034,-0.229353,-0.238617,1.271029,-0.217087,-0.218993,1.511672,-0.192497,-0.211149,1.609059,-0.157060,-0.256991,1.461676,-0.186989,-0.188606,1.457993,-0.205475,-0.387027,1.411057,-0.133512,-0.058750,1.397426,-0.245341,-0.479095,1.163462,-0.012641,-0.036770,1.134987,-0.369544,-0.312036,1.030535,0.172769,-0.002903,0.860808,-0.429873,-0.381164,0.065529,-0.475810,-0.071183,0.153757,0.345526,,,,,,,,,,-0.288884,1.037623,0.178880,-0.244366,1.019635,0.202176,-0.219186,1.001746,0.220427,-0.248312,1.006337,0.240709,-0.224087,0.981985,0.254153,-0.206701,0.961860,0.255369,-0.267541,0.989795,0.244573,-0.245661,0.958690,0.254444,-0.231455,0.936715,0.253805,-0.283931,0.976543,0.246495,-0.264870,0.945463,0.255125,-0.253637,0.925880,0.250948,-0.300681,0.963455,0.241343,-0.283376,0.936084,0.246756,-0.271741,0.917176,0.241896,-0.013504,0.843081,-0.415837,-0.053187,0.807975,-0.422222,-0.074743,0.786882,-0.441658,-0.038073,0.772582,-0.445398,-0.064746,0.750790,-0.458596,-0.089808,0.746458,-0.466478,-0.032034,0.780699,-0.468976,-0.059470,0.758869,-0.486704,-0.084241,0.760394,-0.495032,-0.026911,0.788709,-0.487887,-0.053780,0.770221,-0.506329,-0.075050,0.777282,-0.511297,-0.024061,0.802930,-0.504258,-0.048741,0.789083,-0.520901,-0.070155,0.790724,-0.528352,,,
56,1.867,-0.236796,0.927143,-0.174379,-0.355762,0.932228,-0.188758,-0.117829,0.922059,-0.160000,-0.344927,0.522694,-0.364817,-0.113239,0.560314,0.100677,-0.358313,0.182394,-0.604151,-0.095366,0.158729,0.208722,-0.232066,1.044267,-0.172089,-0.234994,1.258341,-0.160698,-0.213961,1.498908,-0.136535,-0.204758,1.596404,-0.101730,-0.252202,1.449125,-0.130786,-0.183923,1.445047,-0.149575,-0.382733,1.400059,-0.077066,-0.055025,1.382894,-0.190105,-0.478060,1.152931,0.042225,-0.033362,1.118908,-0.311043,-0.316848,1.017090,0.230674,0.000414,0.844770,-0.371607,-0.380198,0.058826,-0.476331,-0.071428,0.115966,0.381014,,,,,,,,,,-0.293823,1.024391,0.237014,-0.249626,1.007052,0.261385,-0.225743,0.988651,0.280833,-0.254149,0.994521,0.300112,-0.230280,0.969681,0.313297,-0.213227,0.949261,0.314309,-0.273378,0.977986,0.303999,-0.251620,0.946823,0.313959,-0.237481,0.924804,0.313381,-0.289750,0.964710,0.305924,-0.270724,0.933669,0.314770,-0.259458,0.914080,0.310715,-0.306367,0.951456,0.300769,-0.288840,0.924337,0.306710,-0.276958,0.905489,0.302230,-0.010552,0.826484,-0.358608,-0.050792,0.792467,-0.367066,-0.072772,0.772737,-0.387436,-0.036167,0.758145,-0.392093,-0.063100,0.737578,-0.406660,-0.088165,0.734089,-0.414937,-0.029879,0.767440,-0.415166,-0.057437,0.746957,-0.434259,-0.082119,0.749213,-0.442688,-0.024531,0.776386,-0.433588,-0.051494,0.759289,-0.453199,-0.072636,0.766865,-0.457947,-0.021362,0.791433,-0.449142,-0.046159,0.778818,-0.466572,-0.067513,0.781069,-0.474037,,,
57,1.900,-0.232476,0.918360,-0.111527,-0.351620,0.921611,-0.124935,-0.113332,0.915109,-0.098119,-0.347925,0.510199,-0.296862,-0.104354,0.562201,0.174293,-0.354587,0.201176,-0.575652,-0.096688,0.149817,0.230362,-0.229455,1.035552,-0.109951,-0.230156,1.249709,-0.099851,-0.209537,1.490604,-0.078799,-0.197879,1.588276,-0.045246,-0.247606,1.440803,-0.072138,-0.179468,1.436661,-0.091418,-0.378139,1.392400,-0.017826,-0.051297,1.372911,-0.131772,-0.473719,1.139982,0.089594,-0.023356,1.104714,-0.241652,-0.326533,0.994062,0.281945,0.015155,0.829233,-0.292517,-0.382064,0.051878,-0.480566,-0.077021,0.081234,0.394667,,,,,,,,,,-0.304038,1.001110,0.290190,-0.261795,0.982950,0.317277,-0.240763,0.962820,0.338243,-0.269204,0.969329,0.355183,-0.246482,0.943936,0.369310,-0.229641,0.923380,0.370933,-0.288682,0.952746,0.357150,-0.267832,0.921071,0.367429,-0.253801,0.898979,0.367016,-0.305164,0.939470,0.357467,-0.287021,0.908062,0.366855,-0.275575,0.888513,0.363122,-0.321361,0.926418,0.350709,-0.304289,0.899070,0.356921,-0.292111,0.880358,0.352672,0.003601,0.810789,-0.280271,-0.036380,0.777080,-0.290909,-0.057838,0.757602,-0.312065,-0.020866,0.743098,-0.315866,-0.047717,0.723454,-0.331794,-0.072537,0.720663,-0.341020,-0.013606,0.752731,-0.338510,-0.040603,0.732919,-0.359059,-0.064907,0.735578,-0.368415,-0.007478,0.761946,-0.356553,-0.033991,0.745567,-0.377353,-0.054877,0.753465,-0.382675,-0.003622,0.777225,-0.371721,-0.028172,0.765076,-0.389819,-0.049339,0.767591,-0.397721,,,
58,1.933,-0.225102,0.914710,-0.049914,-0.344442,0.916948,-0.061685,-0.105762,0.912472,-0.038142,-0.367748,0.491406,-0.192848,-0.090305,0.559773,0.234250,-0.355921,0.223848,-0.511496,-0.094281,0.143644,0.243428,-0.223035,1.031926,-0.048583,-0.223854,1.246139,-0.039755,-0.201954,1.487136,-0.021328,-0.188171,1.584898,0.011138,-0.240168,1.437575,-0.013765,-0.172259,1.432935,-0.033728,-0.371008,1.390710,0.041154,-0.045440,1.366505,-0.074032,-0.466277,1.130525,0.128433,-0.011300,1.093360,-0.168951,-0.342088,0.962805,0.319227,0.030342,0.815649,-0.202165,-0.380242,0.048650,-0.483213,-0.074395,0.061557,0.401391,,,,,,,,,,-0.320546,0.968702,0.330398,-0.281987,0.947692,0.360727,-0.264767,0.924985,0.382521,-0.293893,0.931795,0.396543,-0.273598,0.904826,0.411421,-0.257565,0.883678,0.413555,-0.313774,0.915635,0.395178,-0.294940,0.882745,0.405537,-0.281445,0.860321,0.405188,-0.330428,0.902802,0.392740,-0.314142,0.870358,0.402007,-0.302751,0.850766,0.398329,-0.345996,0.890654,0.383335,-0.330188,0.862489,0.389235,-0.317952,0.843823,0.384949,0.017847,0.797594,-0.190268,-0.021685,0.763965,-0.202687,-0.041729,0.744265,-0.224992,-0.004919,0.729277,-0.225795,-0.031976,0.710857,-0.242802,-0.056436,0.709212,-0.253192,0.003877,0.738312,-0.248139,-0.022648,0.719170,-0.269901,-0.046304,0.722588,-0.280580,0.011244,0.747047,-0.265956,-0.014929,0.731270,-0.287635,-0.035291,0.739772,-0.293963,0.016215,0.761930,-0.281193,-0.007966,0.749843,-0.299820,-0.028799,0.752776,-0.308432,,,
59,1.967,-0.218273,0.914623,0.008894,-0.337818,0.916573,-0.000629,-0.098728,0.912674,0.018418,-0.389236,0.478250,-0.064365,-0.077449,0.551940,0.279666,-0.368000,0.260771,-0.418646,-0.092487,0.137165,0.248055,-0.216477,1.031843,0.010339,-0.218449,1.246051,0.019084,-0.198080,1.487230,0.036877,-0.183659,1.585040,0.068921,-0.236008,1.437456,0.044484,-0.168020,1.433178,0.024708,-0.367039,1.390408,0.098785,-0.041479,1.365769,-0.014837,-0.457113,1.122722,0.166762,0.000993,1.088665,-0.093535,-0.359892,0.926803,0.345980,0.046746,0.809801,-0.103628,-0.383400,0.084846,-0.448633,-0.070063,0.052228,0.404161,,,,,,,,,,-0.339681,0.930561,0.360158,-0.305562,0.904794,0.392095,-0.291698,0.879107,0.412954,-0.322050,0.885492,0.424232,-0.304590,0.856183,0.438259,-0.289610,0.834232,0.439859,-0.342046,0.870384,0.418738,-0.325692,0.835770,0.427580,-0.312976,0.812924,0.426371,-0.358624,0.858573,0.412938,-0.344435,0.824679,0.420261,-0.333221,0.805159,0.415750,-0.373279,0.848173,0.400469,-0.359200,0.818810,0.404656,-0.347164,0.800212,0.399582,0.034233,0.792326,-0.090912,-0.003643,0.756530,-0.102402,-0.021628,0.734653,-0.124432,0.015236,0.720718,-0.121881,-0.011470,0.701342,-0.138371,-0.035637,0.699165,-0.149334,0.024827,0.728265,-0.144449,-0.000984,0.707675,-0.165744,-0.024281,0.710418,-0.177366,0.032781,0.735819,-0.162551,0.007223,0.718425,-0.183720,-0.013006,0.726362,-0.191116,0.038038,0.749621,-0.178683,0.014444,0.735753,-0.196816,-0.006244,0.737799,-0.206015,,,
60,2.000,-0.213099,0.918332,0.063895,-0.332844,0.920006,0.057276,-0.093353,0.916657,0.070514,-0.395286,0.478673,0.069871,-0.068447,0.543308,0.313048,-0.375156,0.290636,-0.300940,-0.089704,0.131990,0.252807,-0.211547,1.035553,0.065477,-0.214783,1.249658,0.076153,-0.197218,1.490802,0.097136,-0.183443,1.588399,0.130096,-0.234838,1.440588,0.103231,-0.166337,1.437178,0.085128,-0.366682,1.391625,0.153741,-0.038982,1.370031,0.047815,-0.448616,1.117891,0.206145,0.010131,1.090186,-0.015887,-0.384493,0.890943,0.362153,0.057966,0.811846,-0.001757,-0.393170,0.118088,-0.345535,-0.064823,0.047429,0.408745,,,,,,,,,,-0.365302,0.890829,0.378132,-0.334883,0.857647,0.406795,-0.323318,0.828027,0.423410,-0.354615,0.833612,0.433444,-0.339446,0.801223,0.442471,-0.325537,0.778596,0.440631,-0.374745,0.820953,0.423811,-0.360730,0.784360,0.426690,-0.349031,0.761458,0.421820,-0.391308,0.811392,0.414742,-0.379105,0.775992,0.416030,-0.368404,0.757146,0.408451,-0.405378,0.804360,0.399544,-0.393365,0.773817,0.398639,-0.382060,0.755766,0.390710,0.046688,0.795217,0.013072,0.011290,0.755858,0.006303,-0.005185,0.730373,-0.012841,0.032501,0.719319,-0.008972,0.006488,0.696952,-0.022523,-0.017725,0.692453,-0.032643,0.041513,0.724744,-0.032374,0.016304,0.700834,-0.050716,-0.007272,0.701335,-0.062084,0.048900,0.730599,-0.051325,0.023927,0.709688,-0.069843,0.003214,0.715784,-0.077639,0.053179,0.742699,-0.069036,0.030137,0.725599,-0.084988,0.009243,0.725481,-0.093942,,,
61,2.033,-0.210396,0.926615,0.117749,-0.330236,0.927904,0.113037,-0.090555,0.925327,0.122461,-0.395306,0.494080,0.193007,-0.068353,0.534990,0.336883,-0.371649,0.299993,-0.174463,-0.088228,0.126679,0.258461,-0.209205,1.043838,0.119517,-0.212876,1.257819,0.132330,-0.197774,1.498665,0.158098,-0.185925,1.595860,0.192945,-0.235342,1.448162,0.161557,-0.166035,1.445411,0.146700,-0.368823,1.396849,0.204932,-0.036686,1.379324,0.114739,-0.442682,1.118229,0.241059,0.018159,1.097382,0.066943,-0.413383,0.866433,0.366342,0.064630,0.821395,0.107343,-0.394900,0.124146,-0.199427,-0.062341,0.042124,0.414239,,,,,,,,,,-0.394616,0.861235,0.381975,-0.366424,0.820297,0.401399,-0.356185,0.787029,0.410091,-0.387860,0.791186,0.420641,-0.374051,0.756982,0.420617,-0.360958,0.735168,0.412771,-0.408291,0.782467,0.407803,-0.395939,0.745878,0.400563,-0.385166,0.724678,0.389626,-0.425035,0.776413,0.396360,-0.414330,0.741489,0.388024,-0.404268,0.724957,0.375673,-0.439025,0.774263,0.379685,-0.428775,0.744427,0.370591,-0.418357,0.728560,0.358093,0.054799,0.806534,0.124840,0.021904,0.764513,0.125155,0.006337,0.735388,0.111126,0.045107,0.727456,0.114827,0.020681,0.701376,0.105673,-0.003300,0.693583,0.097120,0.053216,0.729828,0.090601,0.029293,0.701819,0.076935,0.005487,0.699032,0.066408,0.059777,0.733199,0.070762,0.036133,0.708011,0.056258,0.014911,0.711403,0.048190,0.062857,0.742727,0.051317,0.041004,0.721879,0.038447,0.020098,0.718986,0.030000,,,
62,2.067,-0.211792,0.939699,0.171236,-0.331656,0.940759,0.167135,-0.091926,0.938639,0.175338,-0.398809,0.520688,0.300789,-0.077811,0.529783,0.352735,-0.366040,0.287561,-0.042492,-0.089548,0.123006,0.265220,-0.210822,1.056920,0.173200,-0.213932,1.270835,0.187218,-0.201158,1.511420,0.216447,-0.192138,1.608273,0.253049,-0.238682,1.460773,0.217223,-0.168638,1.458389,0.206273,-0.373948,1.407779,0.252239,-0.037060,1.393507,0.181824,-0.441584,1.125690,0.267756,0.022277,1.109936,0.152668,-0.440143,0.858381,0.359947,0.061372,0.838399,0.221222,-0.386548,0.109660,-0.038407,-0.064267,0.038740,0.421253,,,,,,,,,,-0.421944,0.848652,0.374011,-0.395438,0.803129,0.382564,-0.385811,0.768569,0.382790,-0.418184,0.770760,0.393150,-0.405154,0.737381,0.384394,-0.392358,0.718033,0.371329,-0.438513,0.766389,0.378120,-0.426995,0.732636,0.361633,-0.416542,0.714748,0.345638,-0.455118,0.764101,0.365197,-0.445103,0.732309,0.348088,-0.435157,0.719330,0.331971,-0.468725,0.766848,0.348294,-0.459309,0.740125,0.331706,-0.449152,0.727795,0.315541,0.051455,0.826330,0.240706,0.019706,0.783932,0.247214,0.005155,0.752424,0.238108,0.044177,0.746420,0.243716,0.021684,0.717603,0.238799,-0.001502,0.706888,0.231277,0.052899,0.745014,0.219628,0.030610,0.713963,0.210539,0.007267,0.708231,0.200168,0.059924,0.745267,0.199663,0.038118,0.716707,0.189049,0.017071,0.717502,0.179921,0.063293,0.751548,0.178984,0.042880,0.727907,0.168872,0.022509,0.722655,0.160257,,,
63,2.100,-0.216876,0.955622,0.223182,-0.336735,0.956487,0.218892,-0.097015,0.954757,0.227473,-0.403153,0.550849,0.391746,-0.091480,0.528745,0.359063,-0.363654,0.261365,0.095262,-0.093524,0.122203,0.269715,-0.216097,1.072846,0.225085,-0.218297,1.286674,0.240526,-0.207771,1.527109,0.271814,-0.201743,1.623795,0.309458,-0.245127,1.476351,0.270394,-0.174613,1.474235,0.262972,-0.381824,1.422476,0.297644,-0.041261,1.410561,0.246141,-0.445613,1.139198,0.289013,0.021501,1.126410,0.236004,-0.464495,0.863206,0.347553,0.048284,0.861592,0.331475,-0.383541,0.088703,0.138603,-0.070216,0.037839,0.426002,,,,,,,,,,-0.447062,0.850135,0.359756,-0.421433,0.803338,0.358699,-0.411469,0.769556,0.351868,-0.444964,0.769870,0.360554,-0.431900,0.738488,0.346234,-0.418585,0.721712,0.330419,-0.464619,0.769487,0.344068,-0.452902,0.739567,0.321459,-0.441971,0.725087,0.302592,-0.480632,0.770570,0.330270,-0.470544,0.742656,0.307406,-0.460133,0.732952,0.289390,-0.493416,0.777407,0.313892,-0.484004,0.754875,0.291944,-0.473510,0.746274,0.273713,0.036198,0.852598,0.351391,0.003799,0.811281,0.360941,-0.009719,0.778515,0.355374,0.028405,0.774062,0.366190,0.007380,0.743834,0.364006,-0.014541,0.730957,0.356093,0.039785,0.769007,0.343757,0.018941,0.736274,0.337620,-0.003048,0.728244,0.325903,0.049019,0.766215,0.324917,0.029115,0.735520,0.316822,0.009271,0.734045,0.305376,0.054717,0.769205,0.304013,0.035934,0.743716,0.295335,0.016832,0.736604,0.285270,,,
64,2.133,-0.223511,0.970611,0.278399,-0.343349,0.971183,0.273500,-0.103673,0.970039,0.283299,-0.405769,0.576081,0.470555,-0.103305,0.531258,0.362693,-0.367975,0.226912,0.247136,-0.098714,0.123755,0.277933,-0.223013,1.087842,0.279899,-0.224523,1.301511,0.297480,-0.216489,1.541826,0.330383,-0.213113,1.638493,0.368403,-0.253486,1.490879,0.327315,-0.182735,1.489178,0.322502,-0.390784,1.435649,0.348063,-0.048043,1.427083,0.311429,-0.451763,1.154040,0.311081,0.018787,1.143742,0.317372,-0.482013,0.874040,0.336378,0.031367,0.887484,0.436258,-0.392794,0.072248,0.334023,-0.077717,0.039027,0.434351,,,,,,,,,,-0.465256,0.858932,0.347083,-0.439058,0.813129,0.339101,-0.427866,0.781198,0.327172,-0.462260,0.779903,0.333187,-0.448289,0.750315,0.316159,-0.433786,0.735402,0.299543,-0.480796,0.782584,0.315652,-0.467766,0.756036,0.289784,-0.455644,0.744234,0.269812,-0.495891,0.786206,0.301264,-0.484877,0.761603,0.275241,-0.473539,0.754326,0.256651,-0.507664,0.795958,0.285621,-0.497234,0.777506,0.260547,-0.485830,0.772127,0.241639,0.016535,0.881287,0.455370,-0.017115,0.841302,0.466176,-0.029944,0.807890,0.463635,0.006295,0.805614,0.480196,-0.013895,0.774746,0.480014,-0.034389,0.760095,0.471392,0.020706,0.797537,0.460566,0.000921,0.763822,0.456632,-0.019222,0.753663,0.443352,0.032496,0.792185,0.443822,0.014119,0.760092,0.437810,-0.003894,0.756380,0.424072,0.041111,0.792202,0.423718,0.023837,0.765305,0.416237,0.006413,0.756388,0.404675,,,
65,2.167,-0.229070,0.981369,0.321640,-0.348956,0.982288,0.318188,-0.109183,0.980450,0.325093,-0.402558,0.590171,0.523624,-0.111264,0.535501,0.354222,-0.369775,0.194329,0.399134,-0.104945,0.129314,0.263469,-0.228256,1.098570,0.324605,-0.229295,1.312141,0.343369,-0.225353,1.552655,0.375564,-0.224386,1.649462,0.413364,-0.261574,1.501208,0.371671,-0.190701,1.500434,0.368818,-0.399247,1.445008,0.386473,-0.054701,1.440547,0.362657,-0.457056,1.167197,0.324272,0.021109,1.160293,0.384879,-0.490002,0.886371,0.326796,0.025237,0.914458,0.524552,-0.398186,0.068674,0.523592,-0.083580,0.045416,0.420284,,,,,,,,,,-0.473587,0.871078,0.337764,-0.444338,0.827423,0.328447,-0.430110,0.797274,0.315191,-0.465056,0.793910,0.317272,-0.448032,0.766245,0.299795,-0.431186,0.753196,0.283834,-0.481914,0.797404,0.298250,-0.465224,0.773577,0.271841,-0.450679,0.763916,0.252342,-0.495709,0.801692,0.282780,-0.481280,0.779636,0.256151,-0.467950,0.774256,0.238249,-0.506406,0.812341,0.266950,-0.492860,0.796582,0.241531,-0.479519,0.793338,0.223421,0.008882,0.908461,0.542446,-0.025256,0.868362,0.551085,-0.037703,0.834836,0.548173,-0.002848,0.833143,0.567692,-0.022876,0.802205,0.566195,-0.042505,0.787360,0.556032,0.013243,0.824856,0.549507,-0.006102,0.791052,0.544347,-0.025015,0.780687,0.529507,0.026455,0.819321,0.533925,0.008750,0.787056,0.526900,-0.008022,0.783063,0.511743,0.036748,0.819065,0.514628,0.020231,0.791978,0.506185,0.003857,0.782816,0.493351,,,
66,2.200,-0.233215,0.983767,0.374107,-0.353121,0.983833,0.371254,-0.113309,0.983701,0.376960,-0.394302,0.584530,0.565402,-0.112636,0.537849,0.370041,-0.371910,0.168887,0.567168,-0.108311,0.134974,0.265463,-0.233253,1.100929,0.378434,-0.232879,1.314415,0.398160,-0.233340,1.555043,0.429733,-0.234589,1.652014,0.467104,-0.268697,1.503091,0.424769,-0.197764,1.503289,0.424330,-0.406424,1.445689,0.433013,-0.060140,1.446900,0.424342,-0.457121,1.172973,0.346726,0.027255,1.172000,0.464036,-0.489646,0.892825,0.326374,0.018274,0.940867,0.626694,-0.405168,0.080831,0.719569,-0.085894,0.051360,0.422283,,,,,,,,,,-0.473818,0.877418,0.338024,-0.442045,0.835473,0.329132,-0.425292,0.806741,0.315678,-0.460163,0.802072,0.313856,-0.440453,0.776125,0.296567,-0.421618,0.764663,0.281645,-0.475144,0.806218,0.293445,-0.454920,0.784683,0.267542,-0.438094,0.776769,0.249121,-0.487470,0.811030,0.276924,-0.469571,0.791215,0.250641,-0.454306,0.787435,0.233914,-0.496936,0.822313,0.260754,-0.480225,0.808671,0.236003,-0.464976,0.807040,0.219231,0.000149,0.935147,0.642892,-0.034076,0.894684,0.649164,-0.046077,0.860986,0.646370,-0.013062,0.860499,0.669365,-0.032750,0.829474,0.666130,-0.051023,0.814361,0.654022,0.005065,0.851931,0.653356,-0.013372,0.817848,0.646871,-0.030409,0.806980,0.630230,0.020000,0.846142,0.639520,0.003265,0.813614,0.631410,-0.011716,0.809163,0.614596,0.032357,0.845445,0.621486,0.016770,0.818084,0.612200,0.001813,0.808516,0.598005,,,
67,2.233,-0.236404,0.977544,0.423791,-0.356275,0.974069,0.421726,-0.116532,0.981020,0.425857,-0.388913,0.580107,0.628030,-0.106380,0.535833,0.402655,-0.384164,0.175959,0.727555,-0.105426,0.142316,0.266983,-0.239888,1.094618,0.429028,-0.236743,1.308078,0.448783,-0.242449,1.548750,0.479497,-0.245482,1.645875,0.516362,-0.276713,1.496192,0.473383,-0.205828,1.497593,0.475612,-0.414013,1.437237,0.475545,-0.066848,1.445103,0.482678,-0.453678,1.170086,0.368555,0.032624,1.178193,0.543076,-0.482459,0.891952,0.326503,0.014429,0.961218,0.723495,-0.420306,0.127448,0.896157,-0.083015,0.056083,0.422378,,,,,,,,,,-0.467667,0.876294,0.339138,-0.434164,0.835379,0.331961,-0.415280,0.807602,0.319352,-0.449725,0.802421,0.313283,-0.427737,0.777608,0.297113,-0.407164,0.767146,0.283844,-0.462455,0.807260,0.291539,-0.439069,0.787283,0.267090,-0.420167,0.780508,0.250300,-0.472989,0.812627,0.273983,-0.451871,0.794402,0.248970,-0.434782,0.791685,0.233880,-0.480867,0.824492,0.257383,-0.461193,0.812327,0.234083,-0.444138,0.811753,0.219074,-0.005315,0.956125,0.737913,-0.039352,0.915341,0.743024,-0.051265,0.881530,0.741512,-0.020192,0.883056,0.767698,-0.039234,0.851716,0.763719,-0.055855,0.835820,0.750302,-0.000230,0.873906,0.754428,-0.017414,0.839185,0.747893,-0.032285,0.827084,0.730068,0.016269,0.867594,0.742769,0.000739,0.834465,0.734694,-0.012208,0.828905,0.716572,0.030597,0.866027,0.726318,0.016060,0.838059,0.717135,0.002698,0.827556,0.702038,,,
68,2.267,-0.239354,0.965682,0.479247,-0.359094,0.958778,0.478775,-0.119614,0.972586,0.479718,-0.386438,0.578742,0.710416,-0.100149,0.529209,0.436461,-0.404528,0.193505,0.867034,-0.102370,0.147777,0.269823,-0.246117,1.082587,0.485006,-0.241670,1.296128,0.503608,-0.251855,1.536840,0.532811,-0.256135,1.634104,0.569184,-0.285139,1.483745,0.525960,-0.214381,1.486217,0.530310,-0.422151,1.424157,0.523070,-0.075204,1.435685,0.544331,-0.450924,1.162556,0.400078,0.032855,1.178370,0.627373,-0.476104,0.887846,0.337985,0.006728,0.973629,0.820658,-0.442420,0.185619,1.041928,-0.079692,0.058192,0.423271,,,,,,,,,,-0.462438,0.871621,0.351162,-0.427812,0.831461,0.345149,-0.407390,0.804608,0.332941,-0.440952,0.799486,0.323191,-0.416730,0.776455,0.307587,-0.394653,0.767497,0.295705,-0.451499,0.805443,0.300573,-0.425299,0.787570,0.277381,-0.404656,0.782275,0.262185,-0.460290,0.811708,0.282367,-0.436217,0.795695,0.258538,-0.417604,0.794375,0.245161,-0.466626,0.824428,0.265741,-0.444482,0.814040,0.243839,-0.426007,0.814649,0.230618,-0.014165,0.969341,0.833647,-0.047695,0.928245,0.839545,-0.059178,0.894261,0.840332,-0.030265,0.898990,0.868848,-0.048368,0.866991,0.865856,-0.063374,0.849607,0.852381,-0.008973,0.889219,0.858387,-0.024766,0.853567,0.853583,-0.037643,0.839491,0.835656,0.008666,0.882322,0.848935,-0.005512,0.848242,0.842500,-0.016610,0.840784,0.823841,0.024492,0.879634,0.834080,0.011187,0.850624,0.826385,-0.000633,0.838463,0.811247,,,
69,2.300,-0.243177,0.950527,0.538258,-0.362824,0.942327,0.539917,-0.123529,0.958727,0.536599,-0.386851,0.582290,0.801887,-0.099169,0.518814,0.467926,-0.416291,0.206464,0.978384,-0.103354,0.151427,0.272291,-0.251094,1.067331,0.544564,-0.247730,1.280987,0.562042,-0.259868,1.521766,0.589914,-0.264817,1.619183,0.625788,-0.292708,1.468439,0.582737,-0.222053,1.471360,0.588308,-0.429766,1.409302,0.575699,-0.083468,1.421072,0.607947,-0.450780,1.151610,0.443249,0.029520,1.172952,0.710192,-0.474895,0.881202,0.364170,-0.000454,0.976747,0.911601,-0.453828,0.231669,1.151710,-0.079443,0.059963,0.424438,,,,,,,,,,-0.461960,0.864312,0.377247,-0.426755,0.824667,0.371170,-0.405291,0.798553,0.359148,-0.438295,0.793927,0.346692,-0.411947,0.774062,0.330207,-0.388828,0.767684,0.318646,-0.447464,0.801105,0.323831,-0.419092,0.786317,0.301025,-0.397334,0.783157,0.286823,-0.455155,0.808350,0.305491,-0.428691,0.795404,0.282342,-0.409118,0.795973,0.270355,-0.460538,0.821959,0.289236,-0.436668,0.813445,0.268363,-0.417321,0.815246,0.256575,-0.021916,0.972669,0.923699,-0.054237,0.930848,0.931069,-0.064100,0.896470,0.933943,-0.037543,0.904778,0.963626,-0.054288,0.871946,0.962128,-0.067816,0.852989,0.949221,-0.015327,0.895073,0.955227,-0.029423,0.858500,0.952520,-0.040648,0.842524,0.935082,0.003080,0.888163,0.947388,-0.009449,0.853139,0.942895,-0.019122,0.843812,0.924283,0.019850,0.884937,0.933723,0.008006,0.854892,0.927822,-0.002498,0.841060,0.913154,,,
70,2.333,-0.248067,0.936709,0.599691,-0.367702,0.928799,0.602933,-0.128432,0.944620,0.596449,-0.391308,0.571293,0.868385,-0.103619,0.510118,0.499366,-0.414011,0.195023,1.044932,-0.105902,0.157174,0.278710,-0.255618,1.053533,0.606077,-0.254367,1.267221,0.623450,-0.267581,1.507930,0.651440,-0.273500,1.605380,0.687076,-0.300152,1.454552,0.643455,-0.229642,1.457598,0.650585,-0.436719,1.394942,0.632164,-0.091518,1.408103,0.674915,-0.451432,1.137944,0.497535,0.023117,1.165518,0.788031,-0.475055,0.871470,0.405942,-0.004975,0.972435,0.992703,-0.446455,0.215151,1.219941,-0.081436,0.059477,0.426841,,,,,,,,,,-0.462254,0.853956,0.418312,-0.426738,0.814854,0.410719,-0.404974,0.789545,0.397569,-0.437693,0.785429,0.384425,-0.410633,0.767635,0.366768,-0.387253,0.762829,0.354974,-0.446508,0.793790,0.361827,-0.417392,0.781114,0.338690,-0.395309,0.779342,0.324751,-0.453923,0.801979,0.343774,-0.426654,0.791063,0.320515,-0.406822,0.792775,0.309074,-0.459101,0.816422,0.328186,-0.434644,0.809245,0.307490,-0.415031,0.811824,0.296302,-0.026684,0.968568,1.004423,-0.058029,0.926405,1.013793,-0.066702,0.891948,1.018777,-0.041642,0.903202,1.048597,-0.057418,0.869862,1.048901,-0.069998,0.849669,1.036946,-0.018907,0.893611,1.041566,-0.031813,0.856505,1.041109,-0.042005,0.838984,1.024542,-0.000075,0.886729,1.034783,-0.011481,0.851121,1.032361,-0.020293,0.840265,1.014156,0.017202,0.883062,1.021882,0.006383,0.852333,1.017820,-0.003273,0.837191,1.003882,,,
71,2.367,-0.253966,0.924512,0.663864,-0.373718,0.918587,0.667017,-0.134214,0.930438,0.660711,-0.394868,0.552607,0.920875,-0.113221,0.503784,0.532813,-0.407589,0.169133,1.082272,-0.108637,0.165295,0.290598,-0.259643,1.041537,0.668184,-0.260877,1.255399,0.683257,-0.276097,1.496221,0.709177,-0.283910,1.593909,0.743783,-0.308155,1.442625,0.700598,-0.237904,1.446080,0.709797,-0.443604,1.381082,0.686548,-0.099966,1.398478,0.738565,-0.455575,1.121302,0.557083,0.015125,1.156807,0.853164,-0.479382,0.855490,0.463636,-0.005267,0.960291,1.055466,-0.431053,0.151578,1.258984,-0.083200,0.055086,0.429498,,,,,,,,,,-0.466517,0.837232,0.474806,-0.432248,0.797692,0.464309,-0.411768,0.772541,0.448973,-0.444909,0.769560,0.437373,-0.418989,0.752008,0.417862,-0.396231,0.747248,0.404892,-0.454407,0.778986,0.415482,-0.426500,0.766513,0.390797,-0.405007,0.764750,0.375964,-0.462333,0.788034,0.398066,-0.436215,0.777443,0.373379,-0.416796,0.779162,0.361252,-0.467780,0.803182,0.383260,-0.444206,0.796160,0.361513,-0.424918,0.798646,0.349755,-0.026932,0.956529,1.067302,-0.057413,0.914207,1.078604,-0.064940,0.879746,1.085173,-0.040665,0.893054,1.114525,-0.055559,0.859402,1.117035,-0.067652,0.838171,1.106454,-0.017708,0.883622,1.108022,-0.029661,0.846235,1.109741,-0.039401,0.827520,1.094244,0.001290,0.876825,1.101627,-0.009114,0.840832,1.101254,-0.017586,0.828712,1.083697,0.018687,0.872912,1.088961,0.008952,0.841650,1.086564,-0.000120,0.825469,1.073424,,,
72,2.400,-0.261061,0.914676,0.731064,-0.380909,0.910137,0.732277,-0.141213,0.919215,0.729851,-0.397589,0.535660,0.973774,-0.123677,0.504294,0.567476,-0.403257,0.142834,1.111321,-0.107826,0.179135,0.308085,-0.265468,1.031800,0.733915,-0.269243,1.245899,0.744562,-0.285308,1.487295,0.763761,-0.295671,1.585563,0.795969,-0.317086,1.433452,0.755707,-0.247117,1.437236,0.766737,-0.451773,1.370598,0.740201,-0.109540,1.390946,0.799145,-0.465969,1.105947,0.621257,0.002980,1.145733,0.908660,-0.492117,0.836894,0.538298,-0.008324,0.940601,1.102962,-0.425665,0.084397,1.279157,-0.081122,0.047171,0.426232,,,,,,,,,,-0.479171,0.818136,0.548505,-0.446848,0.777681,0.535596,-0.428359,0.752217,0.518366,-0.461991,0.750232,0.509243,-0.437851,0.732202,0.487964,-0.416093,0.726953,0.473546,-0.472503,0.760172,0.488055,-0.446418,0.747124,0.461730,-0.425859,0.744874,0.445687,-0.481187,0.769639,0.471233,-0.456870,0.758556,0.444973,-0.438146,0.759829,0.431747,-0.487051,0.785101,0.456918,-0.464888,0.777456,0.433932,-0.446177,0.779374,0.421177,-0.029957,0.936973,1.114899,-0.060304,0.894759,1.126939,-0.066968,0.860217,1.134000,-0.043432,0.874229,1.163162,-0.057742,0.840537,1.167701,-0.069700,0.818603,1.158488,-0.020462,0.864754,1.156767,-0.031944,0.827338,1.160206,-0.041636,0.807855,1.145654,-0.001459,0.857905,1.150444,-0.011215,0.821746,1.151567,-0.019593,0.808794,1.134567,0.015924,0.853834,1.137809,0.006996,0.822276,1.136335,-0.001684,0.805542,1.123631,,,
73,2.433,-0.270757,0.908643,0.795269,-0.390645,0.905272,0.794213,-0.150869,0.912013,0.796325,-0.411564,0.535240,1.042147,-0.124964,0.495831,0.638356,-0.408803,0.129437,1.134771,-0.103691,0.197243,0.349122,-0.274065,1.025828,0.796768,-0.280902,1.239986,0.804219,-0.294780,1.481954,0.816776,-0.307188,1.580840,0.846256,-0.327001,1.428222,0.809812,-0.257121,1.431628,0.821514,-0.461884,1.365709,0.794634,-0.120208,1.384579,0.855593,-0.484572,1.096408,0.688089,-0.013504,1.131460,0.952179,-0.517416,0.823351,0.622391,-0.015763,0.913472,1.132281,-0.432135,0.041743,1.289211,-0.076503,0.037336,0.425129,,,,,,,,,,-0.504410,0.804890,0.633053,-0.472921,0.763509,0.621053,-0.455448,0.737217,0.604005,-0.489095,0.735140,0.596338,-0.465718,0.716197,0.575000,-0.444451,0.710274,0.560119,-0.500071,0.744287,0.575028,-0.474734,0.729923,0.548656,-0.454590,0.726824,0.532234,-0.509105,0.753126,0.558050,-0.485541,0.740671,0.531717,-0.467136,0.741168,0.518001,-0.515181,0.768028,0.543237,-0.493444,0.758867,0.520401,-0.474889,0.759804,0.507311,-0.037394,0.910112,1.144299,-0.068581,0.868368,1.155822,-0.076271,0.833940,1.162374,-0.051933,0.846858,1.191577,-0.066552,0.813395,1.196785,-0.078965,0.791504,1.188087,-0.029218,0.836996,1.184867,-0.041202,0.799768,1.188621,-0.051397,0.780316,1.174373,-0.010409,0.829844,1.178302,-0.020566,0.793801,1.179576,-0.029282,0.780913,1.162698,0.006801,0.825613,1.165483,-0.002427,0.794153,1.163781,-0.011346,0.777551,1.151067,,,
74,2.467,-0.281887,0.906076,0.856407,-0.401763,0.903318,0.853602,-0.162012,0.908835,0.859211,-0.431830,0.546291,1.119046,-0.113701,0.478845,0.751473,-0.415895,0.130785,1.138131,-0.095477,0.223337,0.423377,-0.284588,1.023287,0.856567,-0.292040,1.237476,0.862335,-0.305948,1.479605,0.871218,-0.319639,1.578817,0.898985,-0.338172,1.425766,0.865146,-0.268268,1.429365,0.876645,-0.472850,1.362205,0.852767,-0.131292,1.382231,0.910354,-0.504529,1.088576,0.760502,-0.026549,1.121259,0.985893,-0.541938,0.811570,0.717796,-0.016188,0.888288,1.145823,-0.441782,0.043367,1.292320,-0.076937,0.045308,0.430325,,,,,,,,,,-0.528925,0.794207,0.730159,-0.497953,0.751494,0.722141,-0.481508,0.723588,0.706716,-0.514721,0.720842,0.700775,-0.492049,0.699559,0.680935,-0.471213,0.691877,0.666250,-0.525939,0.727804,0.678776,-0.501090,0.710530,0.653718,-0.481207,0.705546,0.637442,-0.535152,0.734897,0.661090,-0.512196,0.719380,0.635870,-0.494032,0.718152,0.621882,-0.541327,0.748217,0.644878,-0.519686,0.736226,0.623296,-0.501127,0.735383,0.610205,-0.037486,0.884295,1.158236,-0.068404,0.841998,1.168388,-0.076499,0.807405,1.173400,-0.050811,0.818628,1.202485,-0.065142,0.784897,1.206653,-0.077749,0.763349,1.197395,-0.028302,0.809137,1.194643,-0.040005,0.771722,1.197249,-0.050571,0.752758,1.182619,-0.009690,0.802343,1.187195,-0.019729,0.766245,1.187063,-0.028903,0.754115,1.169868,0.007156,0.798797,1.173703,-0.002058,0.767430,1.170703,-0.011294,0.751418,1.157471,,,
75,2.500,-0.292146,0.907686,0.916271,-0.411972,0.905431,0.911572,-0.172319,0.909941,0.920969,-0.446353,0.544781,1.171539,-0.106196,0.470230,0.887580,-0.420323,0.130430,1.141551,-0.092724,0.262256,0.527263,-0.294313,1.024904,0.915290,-0.300918,1.239142,0.920170,-0.314111,1.481342,0.928164,-0.328263,1.580558,0.955684,-0.346541,1.427561,0.922720,-0.276493,1.431030,0.933350,-0.481078,1.363119,0.913850,-0.139290,1.383145,0.965013,-0.521977,1.085523,0.838637,-0.038745,1.115358,1.019460,-0.561925,0.805978,0.824000,-0.019980,0.869808,1.158433,-0.447734,0.043085,1.295517,-0.072843,0.088861,0.486949,,,,,,,,,,-0.549138,0.789767,0.838048,-0.519233,0.745716,0.834422,-0.504558,0.716137,0.820390,-0.536960,0.713318,0.816721,-0.515481,0.689067,0.799082,-0.495250,0.678949,0.785041,-0.548311,0.718099,0.794213,-0.524298,0.697460,0.770950,-0.504797,0.690144,0.755099,-0.557598,0.723433,0.775957,-0.535735,0.704275,0.752319,-0.517932,0.700772,0.738252,-0.563690,0.735046,0.758452,-0.542447,0.720003,0.738441,-0.523975,0.717086,0.725528,-0.040926,0.865060,1.171174,-0.071766,0.822283,1.179360,-0.079492,0.787359,1.182183,-0.053311,0.796598,1.211265,-0.067708,0.762696,1.213239,-0.080659,0.741957,1.202697,-0.031094,0.787579,1.202136,-0.042792,0.750075,1.202608,-0.053829,0.732116,1.187085,-0.012747,0.781239,1.193698,-0.022963,0.745266,1.191365,-0.032688,0.734374,1.173653,0.003676,0.778554,1.179504,-0.005703,0.747443,1.174820,-0.015374,0.732296,1.160897,,,
76,2.533,-0.300992,0.912686,0.974576,-0.420697,0.911128,0.967252,-0.181286,0.914243,0.981901,-0.455737,0.538726,1.209990,-0.111549,0.475761,1.023171,-0.424197,0.128503,1.146860,-0.099734,0.289510,0.651103,-0.302394,1.029902,0.972570,-0.307512,1.244190,0.977037,-0.318005,1.486461,0.986710,-0.331038,1.585576,1.015134,-0.351129,1.433035,0.981988,-0.280755,1.435750,0.990467,-0.485729,1.368288,0.977301,-0.143111,1.386422,1.017694,-0.534589,1.087368,0.921749,-0.050006,1.113337,1.056928,-0.575111,0.808039,0.938738,-0.022395,0.858026,1.175312,-0.453459,0.041594,1.300732,-0.062019,0.119803,0.607937,,,,,,,,,,-0.562384,0.793046,0.954128,-0.533298,0.748304,0.954425,-0.519901,0.717308,0.942303,-0.551855,0.714664,0.940240,-0.531460,0.687956,0.925030,-0.511805,0.675708,0.911896,-0.563475,0.717428,0.917534,-0.540448,0.693820,0.896176,-0.521441,0.684352,0.880873,-0.572956,0.721121,0.898974,-0.552074,0.698963,0.877141,-0.534642,0.693492,0.863237,-0.579124,0.731076,0.880501,-0.558530,0.713662,0.861776,-0.540341,0.709083,0.848943,-0.043008,0.852373,1.188226,-0.073694,0.809112,1.194133,-0.080207,0.773829,1.194363,-0.054451,0.781213,1.223622,-0.068889,0.747272,1.223257,-0.082132,0.727450,1.211395,-0.032496,0.772876,1.213291,-0.044231,0.735435,1.211280,-0.055681,0.718694,1.194728,-0.014386,0.767161,1.203943,-0.024683,0.731446,1.199227,-0.034863,0.721887,1.181007,0.001655,0.765504,1.189167,-0.007646,0.734709,1.182613,-0.017575,0.720471,1.167933,,,
77,2.567,-0.307731,0.921224,1.031621,-0.427286,0.920409,1.022059,-0.188175,0.922039,1.041183,-0.457960,0.530385,1.236007,-0.121517,0.494937,1.150604,-0.425980,0.124171,1.150972,-0.112527,0.292451,0.787035,-0.308300,1.038429,1.028745,-0.311922,1.252749,1.033160,-0.319626,1.495016,1.045255,-0.330058,1.594074,1.074922,-0.353448,1.441934,1.041756,-0.282719,1.443938,1.046762,-0.488078,1.377114,1.043869,-0.144384,1.393075,1.066680,-0.542058,1.093625,1.010547,-0.058277,1.115969,1.090791,-0.578103,0.817877,1.061719,-0.018337,0.853342,1.187704,-0.456215,0.036945,1.304476,-0.068528,0.120200,0.765124,,,,,,,,,,-0.564742,0.804522,1.078052,-0.536065,0.759684,1.081946,-0.523525,0.727337,1.072803,-0.555607,0.724935,1.072574,-0.536247,0.696237,1.059836,-0.517358,0.682152,1.047443,-0.568340,0.725304,1.050303,-0.546723,0.698981,1.030720,-0.528637,0.687471,1.015703,-0.578718,0.727030,1.031937,-0.558990,0.702478,1.011646,-0.542271,0.695409,0.997588,-0.585729,0.734939,1.012789,-0.566311,0.715486,0.994831,-0.548888,0.709468,0.981537,-0.038003,0.846350,1.201414,-0.067681,0.802222,1.205878,-0.072775,0.766785,1.203488,-0.046224,0.772499,1.231848,-0.060052,0.738343,1.230204,-0.073738,0.719066,1.217955,-0.024870,0.765371,1.219540,-0.036285,0.728001,1.215441,-0.048597,0.712384,1.198416,-0.007325,0.760712,1.208655,-0.017281,0.725201,1.202045,-0.028454,0.716754,1.183859,0.007755,0.760477,1.192814,-0.001215,0.730041,1.184385,-0.011693,0.716750,1.169208,,,
78,2.600,-0.311375,0.932136,1.087497,-0.430849,0.932054,1.076943,-0.191900,0.932217,1.098052,-0.452950,0.523335,1.253842,-0.127174,0.523642,1.264513,-0.425197,0.119844,1.155417,-0.126049,0.284152,0.924062,-0.311147,1.049326,1.084022,-0.313865,1.263662,1.088308,-0.319571,1.505924,1.101538,-0.326993,1.604947,1.132211,-0.353823,1.453033,1.099764,-0.282915,1.454649,1.100840,-0.488435,1.389040,1.110529,-0.144129,1.402366,1.112030,-0.545217,1.104332,1.100204,-0.063333,1.122662,1.116691,-0.569274,0.835988,1.186043,-0.011111,0.854326,1.189000,-0.454639,0.032667,1.309103,-0.090832,0.108712,0.932248,,,,,,,,,,-0.554456,0.824699,1.202675,-0.525473,0.780439,1.209674,-0.513144,0.747164,1.204388,-0.545735,0.744976,1.206654,-0.527197,0.714886,1.196093,-0.509270,0.699332,1.184031,-0.560449,0.742621,1.185769,-0.540525,0.713921,1.167795,-0.523794,0.700511,1.152783,-0.572464,0.742088,1.168352,-0.554168,0.715515,1.149301,-0.538627,0.707018,1.134693,-0.581207,0.747552,1.149062,-0.563563,0.725926,1.131771,-0.547480,0.718260,1.117662,-0.028977,0.845696,1.204165,-0.057566,0.800780,1.207791,-0.062495,0.765626,1.202569,-0.032971,0.769162,1.228130,-0.046153,0.734802,1.225649,-0.060865,0.716061,1.213762,-0.013151,0.763638,1.212803,-0.024621,0.726548,1.206771,-0.038731,0.712210,1.190019,0.003033,0.760364,1.199561,-0.007012,0.725265,1.191135,-0.020112,0.718072,1.173711,0.016153,0.761912,1.182129,0.006876,0.732142,1.171859,-0.005004,0.720034,1.156724,,,
79,2.633,-0.311320,0.944534,1.143348,-0.430749,0.945279,1.132311,-0.191891,0.943789,1.154386,-0.445431,0.520537,1.267260,-0.133302,0.556981,1.368347,-0.423484,0.119271,1.158783,-0.137448,0.273304,1.063759,-0.310239,1.061710,1.139559,-0.313373,1.276056,1.142946,-0.316507,1.518385,1.155814,-0.320993,1.617388,1.187116,-0.351216,1.465763,1.155931,-0.280335,1.466820,1.153379,-0.485816,1.403768,1.175190,-0.141841,1.412689,1.156476,-0.545286,1.119659,1.186820,-0.067164,1.131696,1.140654,-0.551546,0.863272,1.305907,-0.009170,0.859149,1.188767,-0.451884,0.032478,1.312882,-0.109797,0.103209,1.112642,,,,,,,,,,-0.534681,0.854274,1.321977,-0.504251,0.811391,1.331093,-0.490849,0.778140,1.329725,-0.524056,0.775761,1.335031,-0.505995,0.744763,1.326458,-0.489094,0.727971,1.314575,-0.541057,0.770681,1.316499,-0.522762,0.739990,1.300157,-0.507604,0.724830,1.285140,-0.555008,0.767864,1.300833,-0.538300,0.739368,1.283151,-0.524302,0.729340,1.267966,-0.566040,0.770766,1.282171,-0.550308,0.747054,1.265793,-0.535922,0.737645,1.250928,-0.025158,0.849343,1.205255,-0.054492,0.804857,1.208175,-0.061295,0.770540,1.200213,-0.028493,0.770830,1.221756,-0.042623,0.736960,1.218057,-0.059226,0.719531,1.206675,-0.011058,0.766539,1.203429,-0.024360,0.730430,1.195505,-0.041009,0.718042,1.179547,0.003125,0.764342,1.187871,-0.008807,0.730334,1.177624,-0.024268,0.725011,1.161512,0.013878,0.767433,1.169077,0.002674,0.738948,1.157207,-0.011309,0.728496,1.142646,,,
80,2.667,-0.310693,0.955629,1.199751,-0.430038,0.957216,1.187921,-0.191349,0.954043,1.211580,-0.437260,0.520022,1.275338,-0.139171,0.591028,1.465215,-0.421268,0.121034,1.157795,-0.144417,0.259354,1.213762,-0.308769,1.072797,1.196057,-0.312234,1.287144,1.199102,-0.312068,1.529491,1.212016,-0.313500,1.628388,1.243935,-0.347314,1.477257,1.213792,-0.276626,1.477528,1.207893,-0.481734,1.417635,1.240404,-0.139025,1.421251,1.203519,-0.544240,1.135699,1.271942,-0.071355,1.140428,1.166875,-0.525982,0.896123,1.421023,-0.012556,0.864988,1.192091,-0.448445,0.033486,1.311687,-0.118617,0.108714,1.307186,,,,,,,,,,-0.506805,0.889812,1.435721,-0.473272,0.849541,1.445813,-0.457801,0.817196,1.447075,-0.490538,0.813963,1.456458,-0.471914,0.782822,1.449827,-0.455594,0.765264,1.438243,-0.509417,0.806004,1.441014,-0.491686,0.774129,1.426411,-0.477698,0.757706,1.411587,-0.525037,0.800757,1.427729,-0.509236,0.770713,1.411871,-0.496707,0.759226,1.396438,-0.538436,0.800918,1.410443,-0.523746,0.775806,1.395226,-0.510880,0.765052,1.379886,-0.027141,0.854342,1.209340,-0.058746,0.811388,1.211376,-0.068584,0.778506,1.200920,-0.033601,0.774806,1.218284,-0.050134,0.742259,1.212999,-0.068985,0.726984,1.202033,-0.018700,0.771573,1.197650,-0.035134,0.737245,1.187895,-0.054279,0.727496,1.172938,-0.006570,0.770295,1.180351,-0.021764,0.738222,1.168339,-0.039289,0.735437,1.153776,0.002129,0.774791,1.160793,-0.012083,0.748288,1.147622,-0.028250,0.740114,1.133890,,,
81,2.700,-0.310207,0.962501,1.254991,-0.429445,0.964827,1.242247,-0.190969,0.960176,1.267736,-0.428874,0.520691,1.281943,-0.144171,0.619719,1.551870,-0.419194,0.124021,1.156154,-0.147434,0.244226,1.372264,-0.307596,1.079674,1.251945,-0.311337,1.293990,1.256484,-0.307390,1.536205,1.271141,-0.305880,1.634845,1.303842,-0.343207,1.484417,1.274125,-0.272858,1.483824,1.265046,-0.477240,1.427170,1.307132,-0.136465,1.425735,1.253098,-0.544216,1.148674,1.355546,-0.076376,1.146818,1.194975,-0.493601,0.930847,1.528589,-0.020435,0.869668,1.199329,-0.445011,0.036058,1.310044,-0.119584,0.125608,1.503566,,,,,,,,,,-0.472579,0.927469,1.541640,-0.435848,0.890463,1.553015,-0.418150,0.859500,1.556919,-0.449730,0.856019,1.570282,-0.430060,0.825093,1.566125,-0.414003,0.806758,1.555411,-0.469707,0.845188,1.558372,-0.451797,0.812323,1.546420,-0.438533,0.794542,1.532527,-0.486369,0.837478,1.547840,-0.470749,0.806036,1.534757,-0.459343,0.792884,1.519790,-0.501587,0.834655,1.532386,-0.487261,0.808216,1.519206,-0.475564,0.795893,1.504113,-0.034181,0.858003,1.216610,-0.068112,0.816814,1.216986,-0.080758,0.785823,1.204062,-0.044799,0.778420,1.217824,-0.063827,0.747670,1.210550,-0.084473,0.734827,1.199698,-0.031877,0.776656,1.195729,-0.051227,0.744564,1.183928,-0.072122,0.737588,1.169785,-0.021317,0.776619,1.177386,-0.039530,0.746976,1.163478,-0.058346,0.746801,1.150330,-0.013997,0.782739,1.157704,-0.030917,0.758625,1.143211,-0.048667,0.752886,1.130219,,,
82,2.733,-0.308640,0.965299,1.309624,-0.427804,0.968373,1.296360,-0.189475,0.962226,1.322888,-0.423866,0.522497,1.292883,-0.153018,0.635954,1.624633,-0.417460,0.129790,1.155030,-0.145458,0.229449,1.535416,-0.305421,1.082484,1.307859,-0.310140,1.296717,1.314764,-0.301736,1.538645,1.332058,-0.297830,1.636934,1.365605,-0.338214,1.487380,1.335949,-0.268327,1.485818,1.323901,-0.471714,1.432617,1.374809,-0.133395,1.426394,1.304349,-0.544692,1.158812,1.438799,-0.082020,1.150896,1.225323,-0.459808,0.964795,1.626168,-0.031286,0.873072,1.211172,-0.441894,0.041308,1.308848,-0.116866,0.143452,1.689926,,,,,,,,,,-0.437469,0.964005,1.637304,-0.398422,0.930092,1.650463,-0.378956,0.900768,1.657416,-0.409198,0.898602,1.674327,-0.388876,0.867848,1.672981,-0.373299,0.848398,1.663607,-0.429852,0.885578,1.666450,-0.411913,0.851626,1.658131,-0.399384,0.832127,1.645969,-0.447188,0.875925,1.659083,-0.431773,0.843094,1.649686,-0.421420,0.827918,1.635916,-0.463765,0.870329,1.645958,-0.449691,0.842427,1.635892,-0.438997,0.828054,1.621908,-0.044314,0.860061,1.228042,-0.079919,0.820341,1.226425,-0.094837,0.791455,1.211246,-0.058316,0.781274,1.221388,-0.079394,0.752472,1.212076,-0.101362,0.741903,1.201367,-0.047032,0.781515,1.198347,-0.068637,0.751761,1.184508,-0.090754,0.747283,1.171238,-0.037767,0.783139,1.179385,-0.058355,0.756040,1.163711,-0.078033,0.758118,1.152075,-0.031553,0.791143,1.160002,-0.050651,0.769504,1.144355,-0.069556,0.765955,1.132239,,,
83,2.767,-0.306879,0.964747,1.366069,-0.425878,0.970285,1.352137,-0.187880,0.959209,1.380000,-0.423977,0.526906,1.304770,-0.167139,0.628559,1.678450,-0.418286,0.138909,1.154139,-0.142740,0.213210,1.690872,-0.301439,1.081863,1.366152,-0.308457,1.295974,1.374685,-0.294923,1.537449,1.394820,-0.289214,1.635305,1.429363,-0.332170,1.486801,1.399430,-0.262832,1.484148,1.384699,-0.464933,1.434559,1.443883,-0.129652,1.423540,1.358056,-0.544596,1.167067,1.524452,-0.088301,1.152280,1.260628,-0.430054,0.994706,1.717136,-0.044021,0.874652,1.230255,-0.441351,0.048546,1.307072,-0.114459,0.162372,1.860288,,,,,,,,,,-0.406813,0.995968,1.726186,-0.365961,0.965049,1.741122,-0.344843,0.937780,1.750998,-0.373847,0.937824,1.770684,-0.353042,0.907442,1.772846,-0.337877,0.886789,1.765614,-0.394793,0.923490,1.766939,-0.376768,0.888799,1.763023,-0.364808,0.867628,1.753335,-0.412472,0.912595,1.762845,-0.397132,0.878784,1.757823,-0.387627,0.861583,1.745953,-0.429998,0.904761,1.752363,-0.415962,0.875767,1.746012,-0.406023,0.859373,1.733809,-0.056233,0.860293,1.246634,-0.093275,0.821992,1.243644,-0.110466,0.795289,1.226947,-0.073530,0.783089,1.232922,-0.096602,0.756390,1.222178,-0.119778,0.748003,1.212104,-0.063973,0.785462,1.209231,-0.087682,0.758086,1.193998,-0.110865,0.755781,1.182059,-0.056077,0.788832,1.189884,-0.078909,0.764318,1.173102,-0.099301,0.768304,1.163344,-0.051022,0.798675,1.171017,-0.072095,0.779405,1.154818,-0.091988,0.777660,1.143955,,,
84,2.800,-0.305466,0.960078,1.424734,-0.424222,0.967826,1.409815,-0.186710,0.952329,1.439652,-0.425547,0.529548,1.327696,-0.175482,0.601915,1.715182,-0.419388,0.150906,1.154908,-0.142783,0.197994,1.810270,-0.298108,1.077068,1.426921,-0.306370,1.291099,1.436300,-0.289242,1.532188,1.458245,-0.282525,1.629736,1.493470,-0.326975,1.481959,1.463455,-0.258123,1.478595,1.446724,-0.458356,1.430582,1.512758,-0.126398,1.417656,1.414240,-0.543536,1.170502,1.610189,-0.093790,1.150501,1.303115,-0.402299,1.018018,1.801908,-0.054764,0.873759,1.260092,-0.441784,0.057548,1.306132,-0.115908,0.183100,1.986742,,,,,,,,,,-0.378795,1.021264,1.809697,-0.336611,0.994142,1.827944,-0.313808,0.969871,1.841288,-0.342700,0.972084,1.861908,-0.320955,0.943125,1.868921,-0.305356,0.921889,1.865112,-0.363367,0.956888,1.861429,-0.344483,0.922481,1.863236,-0.332194,0.900190,1.857136,-0.380875,0.945094,1.859904,-0.364770,0.911270,1.860502,-0.355149,0.892430,1.851581,-0.398540,0.935250,1.851570,-0.383829,0.905947,1.849882,-0.373775,0.887914,1.840383,-0.066220,0.858268,1.275980,-0.104499,0.821266,1.272306,-0.123705,0.796553,1.254761,-0.086715,0.783039,1.256790,-0.111559,0.758294,1.245344,-0.135710,0.751724,1.236260,-0.078772,0.787317,1.232772,-0.104321,0.762067,1.216857,-0.128331,0.761472,1.206441,-0.072153,0.792233,1.213278,-0.096949,0.770024,1.196080,-0.117834,0.775456,1.188253,-0.068141,0.803618,1.195038,-0.090944,0.786407,1.178863,-0.111619,0.786095,1.169417,,,
85,2.833,-0.305021,0.950634,1.486066,-0.423639,0.959449,1.470649,-0.186403,0.941820,1.501483,-0.422351,0.531663,1.344828,-0.173589,0.562155,1.734986,-0.420571,0.158580,1.160250,-0.147369,0.179277,1.896168,-0.296898,1.067514,1.490389,-0.303399,1.281525,1.501471,-0.284721,1.522373,1.524755,-0.277515,1.619797,1.560225,-0.322614,1.472294,1.530237,-0.254059,1.468709,1.512372,-0.452833,1.420913,1.582527,-0.123347,1.408201,1.475315,-0.542225,1.168232,1.694560,-0.097336,1.144279,1.355097,-0.382229,1.029935,1.882257,-0.061726,0.868822,1.302034,-0.441904,0.061906,1.309532,-0.126968,0.180317,2.074126,,,,,,,,,,-0.358888,1.035374,1.889275,-0.315502,1.013254,1.911100,-0.290936,0.992964,1.927592,-0.320550,0.996380,1.948073,-0.297395,0.970266,1.960012,-0.280634,0.949580,1.959954,-0.340509,0.980383,1.950076,-0.320070,0.947670,1.957548,-0.306716,0.925280,1.955219,-0.357468,0.967726,1.950503,-0.339869,0.935232,1.956684,-0.329357,0.915630,1.950996,-0.374679,0.955951,1.943905,-0.358737,0.927403,1.946873,-0.347901,0.908520,1.940352,-0.072535,0.852173,1.317187,-0.111552,0.816055,1.312591,-0.132177,0.793102,1.294283,-0.095274,0.779079,1.292942,-0.121267,0.755864,1.280859,-0.146027,0.750535,1.272643,-0.088605,0.785284,1.268957,-0.115354,0.761763,1.252379,-0.139894,0.762333,1.243282,-0.082995,0.791758,1.249601,-0.109114,0.771429,1.232039,-0.130304,0.777779,1.225907,-0.079815,0.804599,1.232183,-0.103864,0.789125,1.216059,-0.125072,0.789936,1.207912,,,
86,2.867,-0.301552,0.936405,1.544679,-0.420249,0.944504,1.529483,-0.182854,0.928305,1.559876,-0.414485,0.528461,1.369146,-0.173234,0.550221,1.796080,-0.420809,0.168479,1.160254,-0.151573,0.162710,1.946509,-0.294146,1.053327,1.549155,-0.298738,1.267323,1.561421,-0.279114,1.507966,1.586012,-0.271270,1.605352,1.621448,-0.317112,1.457968,1.591519,-0.248727,1.454286,1.573033,-0.447148,1.407350,1.644996,-0.118871,1.393719,1.533167,-0.539216,1.159755,1.765867,-0.096891,1.131280,1.408964,-0.372156,1.026828,1.951277,-0.063024,0.857102,1.348636,-0.441285,0.061822,1.302700,-0.131304,0.150051,2.124035,,,,,,,,,,-0.349004,1.033916,1.957388,-0.304487,1.015928,1.980684,-0.279306,0.998039,1.998935,-0.308433,1.002630,2.019217,-0.284207,0.978279,2.032661,-0.266821,0.958153,2.033877,-0.327661,0.986089,2.023081,-0.305781,0.954983,2.032952,-0.291576,0.933008,2.032313,-0.344052,0.972836,2.025003,-0.324990,0.941756,2.033633,-0.313757,0.922173,2.029456,-0.360802,0.959748,2.019851,-0.343496,0.932377,2.025264,-0.331861,0.913469,2.020404,-0.073624,0.839375,1.362671,-0.113308,0.804269,1.356287,-0.134864,0.783176,1.336850,-0.098193,0.768875,1.333110,-0.124867,0.747083,1.319913,-0.149928,0.742752,1.312030,-0.092154,0.776993,1.309533,-0.119590,0.755162,1.291805,-0.144362,0.756687,1.283476,-0.087032,0.785002,1.290622,-0.113901,0.766514,1.272179,-0.135171,0.773575,1.267212,-0.084182,0.799223,1.274250,-0.108862,0.785376,1.257608,-0.130276,0.787017,1.250156,,,
87,2.900,-0.296916,0.923436,1.604130,-0.415883,0.928521,1.589751,-0.177950,0.918351,1.618509,-0.405047,0.518987,1.413692,-0.173360,0.556607,1.879185,-0.418433,0.178687,1.174359,-0.155487,0.155022,1.987231,-0.292187,1.040560,1.606419,-0.295114,1.254634,1.617810,-0.274082,1.495201,1.641974,-0.264878,1.592696,1.676778,-0.312323,1.445417,1.647722,-0.244044,1.441340,1.628934,-0.442853,1.396351,1.701442,-0.115146,1.379187,1.588404,-0.538181,1.149224,1.820734,-0.093483,1.115201,1.467465,-0.376968,1.013384,2.009183,-0.059707,0.841064,1.406900,-0.440318,0.055119,1.302179,-0.131549,0.112260,2.159524,,,,,,,,,,-0.353943,1.020684,2.015522,-0.309746,1.003345,2.039894,-0.285863,0.984945,2.059341,-0.314269,0.990814,2.078620,-0.290400,0.965975,2.091806,-0.273347,0.945554,2.092818,-0.333498,0.974279,2.082508,-0.311740,0.943116,2.092467,-0.297600,0.921097,2.091889,-0.349870,0.961004,2.084433,-0.330844,0.929963,2.093278,-0.319578,0.910373,2.089224,-0.366487,0.947750,2.079278,-0.348959,0.920631,2.085219,-0.337078,0.901782,2.080739,-0.070673,0.822778,1.419900,-0.110913,0.788761,1.411442,-0.132893,0.769030,1.391072,-0.096288,0.754439,1.386415,-0.123221,0.733871,1.371848,-0.148287,0.730382,1.363572,-0.090000,0.763733,1.363342,-0.117559,0.743250,1.344249,-0.142240,0.745506,1.335820,-0.084652,0.772679,1.344920,-0.111615,0.755582,1.325309,-0.132758,0.763158,1.320561,-0.081483,0.787726,1.329366,-0.106280,0.775111,1.311936,-0.127634,0.777362,1.304471,,,
88,2.933,-0.292597,0.914652,1.666981,-0.411741,0.917904,1.653573,-0.173453,0.911401,1.680389,-0.408045,0.506492,1.481645,-0.164475,0.558494,1.952801,-0.414707,0.197468,1.202856,-0.156809,0.146109,2.008872,-0.289576,1.031845,1.668557,-0.290277,1.246001,1.678658,-0.269658,1.486897,1.699710,-0.258000,1.584569,1.733262,-0.307727,1.437095,1.706371,-0.239589,1.432953,1.687091,-0.438260,1.388693,1.760683,-0.111418,1.369204,1.646736,-0.533840,1.136274,1.868104,-0.083477,1.101007,1.536856,-0.386653,0.990355,2.060454,-0.044967,0.825525,1.485991,-0.442183,0.048172,1.297944,-0.137142,0.077528,2.173177,,,,,,,,,,-0.364159,0.997403,2.068699,-0.321915,0.979243,2.095786,-0.300883,0.959113,2.116752,-0.329324,0.965622,2.133691,-0.306602,0.940230,2.147818,-0.289761,0.919674,2.149442,-0.348802,0.949040,2.135659,-0.327952,0.917365,2.145938,-0.313921,0.895272,2.145525,-0.365283,0.935763,2.135976,-0.347140,0.904355,2.145364,-0.335695,0.884806,2.141631,-0.381481,0.922711,2.129218,-0.364408,0.895363,2.135431,-0.352230,0.876652,2.131181,-0.056520,0.807082,1.498237,-0.096501,0.773373,1.487599,-0.117959,0.753895,1.466443,-0.080987,0.739391,1.462641,-0.107839,0.719747,1.446714,-0.132659,0.716955,1.437487,-0.073728,0.749024,1.439997,-0.100724,0.729212,1.419448,-0.125029,0.731871,1.410092,-0.067599,0.758239,1.421954,-0.094113,0.741860,1.401154,-0.114999,0.749758,1.395832,-0.063744,0.773518,1.406786,-0.088294,0.761369,1.388688,-0.109460,0.763884,1.380786,,,
89,2.967,-0.285223,0.911003,1.728595,-0.404563,0.913241,1.716823,-0.165883,0.908765,1.740366,-0.427867,0.487700,1.585658,-0.150426,0.556067,2.012759,-0.416041,0.220140,1.267012,-0.154402,0.139937,2.021938,-0.283156,1.028219,1.729926,-0.283975,1.242432,1.738753,-0.262075,1.483429,1.757181,-0.248292,1.581191,1.789646,-0.300289,1.433867,1.764744,-0.232379,1.429228,1.744781,-0.431128,1.387003,1.819663,-0.105561,1.362798,1.704477,-0.526398,1.126819,1.906942,-0.071421,1.089653,1.609557,-0.402208,0.959099,2.097737,-0.029780,0.811942,1.576343,-0.440362,0.044942,1.295297,-0.134516,0.057851,2.179902,,,,,,,,,,-0.380665,0.964996,2.108907,-0.342107,0.943987,2.139236,-0.324887,0.921280,2.161031,-0.354013,0.928090,2.175052,-0.333717,0.901121,2.189931,-0.317685,0.879973,2.192065,-0.373893,0.911930,2.173688,-0.355059,0.879040,2.184047,-0.341564,0.856616,2.183698,-0.390548,0.899097,2.171250,-0.374261,0.866653,2.180517,-0.362871,0.847061,2.176839,-0.406115,0.886948,2.161845,-0.390307,0.858784,2.167745,-0.378072,0.840118,2.163459,-0.042274,0.793887,1.588239,-0.081807,0.760258,1.575820,-0.101851,0.740558,1.553515,-0.065041,0.725570,1.552712,-0.092097,0.707150,1.535705,-0.116557,0.705505,1.525315,-0.056245,0.734605,1.530368,-0.082770,0.715462,1.508606,-0.106426,0.718881,1.497927,-0.048878,0.743340,1.512551,-0.075050,0.727563,1.490872,-0.095412,0.736066,1.484544,-0.043906,0.758223,1.497314,-0.068088,0.746136,1.478687,-0.088921,0.749070,1.470076,,,
90,3.000,-0.278394,0.910916,1.787403,-0.397939,0.912865,1.777880,-0.158849,0.908967,1.796926,-0.449356,0.474543,1.714141,-0.137569,0.548233,2.058175,-0.428120,0.257063,1.359860,-0.152608,0.133458,2.026566,-0.276598,1.028135,1.788848,-0.278570,1.242344,1.797593,-0.258200,1.483523,1.815386,-0.243779,1.581332,1.847430,-0.296128,1.433749,1.822993,-0.228140,1.429471,1.803217,-0.427160,1.386701,1.877293,-0.101600,1.362061,1.763671,-0.517234,1.119015,1.945271,-0.059128,1.084958,1.684973,-0.420012,0.923097,2.124490,-0.013375,0.806093,1.674879,-0.443520,0.081137,1.329874,-0.130184,0.048522,2.182672,,,,,,,,,,-0.399801,0.926855,2.138668,-0.365682,0.901089,2.170604,-0.351818,0.875402,2.191464,-0.382169,0.881786,2.202742,-0.364709,0.852478,2.216769,-0.349729,0.830527,2.218369,-0.402165,0.866679,2.197248,-0.385811,0.832065,2.206090,-0.373095,0.809219,2.204881,-0.418744,0.854867,2.191449,-0.404554,0.820973,2.198771,-0.393340,0.801454,2.194260,-0.433398,0.844468,2.178980,-0.419320,0.815104,2.183167,-0.407284,0.796506,2.178092,-0.025888,0.788619,1.687594,-0.063764,0.752823,1.676104,-0.081750,0.730946,1.654074,-0.044886,0.717011,1.656626,-0.071592,0.697635,1.640136,-0.095759,0.695458,1.629173,-0.035295,0.724557,1.634057,-0.061106,0.703968,1.612763,-0.084402,0.706711,1.601141,-0.027341,0.732111,1.615956,-0.052899,0.714717,1.594787,-0.073128,0.722655,1.587390,-0.022084,0.745914,1.599823,-0.045678,0.732045,1.581691,-0.066366,0.734092,1.572492,,,
91,3.033,-0.273220,0.914624,1.842404,-0.392965,0.916298,1.835785,-0.153474,0.912950,1.849023,-0.455406,0.474965,1.848377,-0.128568,0.539601,2.091558,-0.435276,0.286929,1.477567,-0.149825,0.128283,2.031317,-0.271668,1.031845,1.843985,-0.274903,1.245950,1.854662,-0.257339,1.487094,1.875644,-0.243563,1.584692,1.908604,-0.294959,1.436880,1.881739,-0.226458,1.433470,1.863636,-0.426802,1.387917,1.932250,-0.099102,1.366323,1.826324,-0.508737,1.114183,1.984655,-0.049990,1.086478,1.762621,-0.444613,0.887237,2.140663,-0.002155,0.808139,1.776750,-0.453290,0.114381,1.432971,-0.124943,0.043722,2.187255,,,,,,,,,,-0.425421,0.887123,2.156642,-0.395003,0.853941,2.185306,-0.383438,0.824321,2.201921,-0.414735,0.829906,2.211955,-0.399566,0.797517,2.220982,-0.385657,0.774891,2.219143,-0.434865,0.817247,2.202322,-0.420849,0.780655,2.205201,-0.409151,0.757752,2.200332,-0.451428,0.807686,2.193253,-0.439224,0.772286,2.194542,-0.428524,0.753440,2.186963,-0.465497,0.800654,2.178055,-0.453485,0.770111,2.177150,-0.442180,0.752060,2.169222,-0.013433,0.791509,1.791578,-0.048831,0.752150,1.784809,-0.065306,0.726666,1.765665,-0.027620,0.715612,1.769534,-0.053633,0.693244,1.755983,-0.077847,0.688746,1.745863,-0.018609,0.721036,1.746132,-0.043817,0.697126,1.727790,-0.067394,0.697628,1.716422,-0.011221,0.726891,1.727181,-0.036195,0.705980,1.708663,-0.056907,0.712077,1.700867,-0.006942,0.738991,1.709470,-0.029984,0.721892,1.693518,-0.050879,0.721774,1.684564,,,
92,3.067,-0.270516,0.922907,1.896258,-0.390356,0.924196,1.891546,-0.150676,0.921619,1.900970,-0.455426,0.490371,1.971513,-0.128474,0.531283,2.115394,-0.431770,0.296286,1.604043,-0.148349,0.122971,2.036973,-0.269325,1.040130,1.898026,-0.272997,1.254111,1.910839,-0.257895,1.494957,1.936606,-0.246045,1.592152,1.971453,-0.295462,1.444454,1.940066,-0.226156,1.441703,1.925208,-0.428943,1.393141,1.983440,-0.096806,1.375616,1.893248,-0.502802,1.114521,2.019569,-0.041962,1.093674,1.845451,-0.473502,0.862726,2.144853,0.004509,0.817687,1.885850,-0.455021,0.120439,1.579078,-0.122462,0.038417,2.192750,,,,,,,,,,-0.454735,0.857528,2.160486,-0.426542,0.816590,2.179910,-0.416304,0.783322,2.188603,-0.447978,0.787479,2.199153,-0.434170,0.753275,2.199129,-0.421077,0.731462,2.191283,-0.468410,0.778760,2.186315,-0.456058,0.742171,2.179075,-0.445285,0.720971,2.168139,-0.485154,0.772706,2.174871,-0.474449,0.737782,2.166536,-0.464387,0.721250,2.154185,-0.499144,0.770556,2.158197,-0.488894,0.740720,2.149103,-0.478475,0.724853,2.136606,-0.005322,0.802826,1.903346,-0.038217,0.760805,1.903661,-0.053784,0.731680,1.889632,-0.015014,0.723747,1.893333,-0.039441,0.697668,1.884178,-0.063421,0.689875,1.875626,-0.006905,0.726120,1.869107,-0.030828,0.698111,1.855441,-0.054634,0.695324,1.844914,-0.000344,0.729491,1.849268,-0.023989,0.704303,1.834763,-0.045210,0.707695,1.826696,0.002735,0.739019,1.829823,-0.019118,0.718171,1.816953,-0.040024,0.715278,1.808506,,,
93,3.100,-0.271912,0.935991,1.949745,-0.391777,0.937051,1.945644,-0.152047,0.934931,1.953846,-0.458930,0.516979,2.079296,-0.137931,0.526075,2.131245,-0.426161,0.283854,1.736014,-0.149669,0.119299,2.043730,-0.270943,1.053212,1.951709,-0.274052,1.267127,1.965727,-0.261278,1.507712,1.994955,-0.252258,1.604565,2.031558,-0.298802,1.457065,1.995732,-0.228758,1.454681,1.984782,-0.434068,1.404071,2.030748,-0.097180,1.389799,1.960332,-0.501704,1.121982,2.046266,-0.037844,1.106228,1.931175,-0.500263,0.854674,2.138458,0.001252,0.834691,1.999728,-0.446669,0.105953,1.740097,-0.124388,0.035032,2.199763,,,,,,,,,,-0.482064,0.844944,2.152522,-0.455558,0.799422,2.161075,-0.445930,0.764862,2.161302,-0.478304,0.767053,2.171662,-0.465273,0.733674,2.162906,-0.452477,0.714325,2.149841,-0.498632,0.762682,2.156631,-0.487114,0.728929,2.140145,-0.476661,0.711041,2.124150,-0.515238,0.760394,2.143708,-0.505222,0.728601,2.126600,-0.495277,0.715623,2.110483,-0.528844,0.763141,2.126806,-0.519429,0.736417,2.110218,-0.509271,0.724087,2.094053,-0.008665,0.822621,2.019212,-0.040415,0.780223,2.025720,-0.054965,0.748716,2.016614,-0.015943,0.742711,2.022222,-0.038437,0.713894,2.017305,-0.061622,0.703180,2.009782,-0.007221,0.741306,1.998134,-0.029510,0.710254,1.989045,-0.052854,0.704523,1.978674,-0.000197,0.741559,1.978169,-0.022002,0.712998,1.967554,-0.043050,0.713794,1.958427,0.003172,0.747840,1.957490,-0.017240,0.724200,1.947377,-0.037612,0.718947,1.938763,,,
94,3.133,-0.276996,0.951914,2.001690,-0.396856,0.952779,1.997400,-0.157136,0.951049,2.005981,-0.463273,0.547140,2.170253,-0.151600,0.525038,2.137574,-0.423774,0.257659,1.873767,-0.153645,0.118496,2.048225,-0.276218,1.069138,2.003594,-0.278418,1.282966,2.019034,-0.267891,1.523401,2.050323,-0.261864,1.620087,2.087966,-0.305247,1.472643,2.048902,-0.234733,1.470527,2.041480,-0.441944,1.418768,2.076153,-0.101382,1.406852,2.024649,-0.505733,1.135490,2.067522,-0.038619,1.122701,2.014511,-0.524615,0.859498,2.126064,-0.011836,0.857883,2.109981,-0.443661,0.084997,1.917106,-0.130337,0.034131,2.204512,,,,,,,,,,-0.507182,0.846428,2.138266,-0.481553,0.799630,2.137210,-0.471589,0.765848,2.130379,-0.505083,0.766162,2.139066,-0.492020,0.734780,2.124745,-0.478705,0.718004,2.108930,-0.524739,0.765779,2.122580,-0.513022,0.735858,2.099970,-0.502091,0.721379,2.081103,-0.540752,0.766862,2.108781,-0.530663,0.738948,2.085917,-0.520253,0.729243,2.067902,-0.553536,0.773698,2.092404,-0.544124,0.751167,2.070456,-0.533630,0.742566,2.052224,-0.023922,0.848889,2.129897,-0.056320,0.807572,2.139447,-0.069839,0.774806,2.133880,-0.031714,0.770353,2.144696,-0.052740,0.740125,2.142512,-0.074661,0.727248,2.134599,-0.020334,0.765298,2.122263,-0.041179,0.732565,2.116126,-0.063168,0.724535,2.104408,-0.011101,0.762506,2.103423,-0.031005,0.731811,2.095327,-0.050849,0.730336,2.083882,-0.005403,0.765497,2.082519,-0.024186,0.740008,2.073841,-0.043288,0.732896,2.063775,,,
95,3.167,-0.283631,0.966903,2.056908,-0.403470,0.967475,2.052008,-0.163793,0.966331,2.061808,-0.465890,0.572373,2.249064,-0.163425,0.527550,2.141203,-0.428095,0.223205,2.025643,-0.158834,0.120048,2.056443,-0.283133,1.084134,2.058408,-0.284643,1.297803,2.075989,-0.276609,1.538119,2.108891,-0.273234,1.634786,2.146912,-0.313606,1.487171,2.105824,-0.242855,1.485470,2.101010,-0.450904,1.431942,2.126572,-0.108163,1.423376,2.089938,-0.511883,1.150333,2.089590,-0.041334,1.140035,2.095881,-0.542134,0.870332,2.114888,-0.028754,0.883776,2.214767,-0.452914,0.068541,2.112530,-0.137837,0.035319,2.212861,,,,,,,,,,-0.525377,0.855224,2.125592,-0.499178,0.809421,2.117611,-0.487986,0.777490,2.105682,-0.522380,0.776196,2.111697,-0.508409,0.746608,2.094669,-0.493907,0.731694,2.078053,-0.540917,0.778876,2.094162,-0.527886,0.752328,2.068293,-0.515764,0.740526,2.048322,-0.556011,0.782498,2.079773,-0.544997,0.757895,2.053751,-0.533659,0.750618,2.035161,-0.567784,0.792251,2.064131,-0.557355,0.773798,2.039057,-0.545951,0.768419,2.020149,-0.043585,0.877579,2.233878,-0.077236,0.837594,2.244684,-0.090064,0.804182,2.242143,-0.053825,0.801906,2.258704,-0.074016,0.771038,2.258522,-0.094509,0.756387,2.249900,-0.039414,0.793829,2.239074,-0.059200,0.760114,2.235140,-0.079343,0.749955,2.221860,-0.027624,0.788477,2.222330,-0.046002,0.756384,2.216318,-0.064014,0.752672,2.202580,-0.019009,0.788495,2.202226,-0.036284,0.761597,2.194745,-0.053708,0.752681,2.183183,,,
96,3.200,-0.289190,0.977661,2.100150,-0.409077,0.978581,2.096698,-0.169303,0.976743,2.103603,-0.462679,0.586464,2.302134,-0.171384,0.531793,2.132732,-0.429896,0.190623,2.177642,-0.165065,0.125607,2.041979,-0.288377,1.094863,2.103115,-0.289415,1.308434,2.121879,-0.285473,1.548948,2.154073,-0.284506,1.645755,2.191874,-0.321694,1.497501,2.150181,-0.250821,1.496727,2.147328,-0.459367,1.441300,2.164983,-0.114822,1.436840,2.141166,-0.517176,1.163490,2.102782,-0.039011,1.156585,2.163388,-0.550123,0.882663,2.105307,-0.034884,0.910750,2.303061,-0.458306,0.064967,2.302099,-0.143700,0.041709,2.198794,,,,,,,,,,-0.533707,0.867370,2.116274,-0.504459,0.823716,2.106957,-0.490231,0.793566,2.093701,-0.525176,0.790202,2.095782,-0.508152,0.762537,2.078305,-0.491306,0.749489,2.062344,-0.542035,0.793697,2.076760,-0.525345,0.769870,2.050352,-0.510800,0.760209,2.030853,-0.555830,0.797985,2.061290,-0.541401,0.775928,2.034662,-0.528071,0.770548,2.016759,-0.566526,0.808633,2.045461,-0.552980,0.792875,2.020042,-0.539640,0.789630,2.001931,-0.051238,0.904753,2.320955,-0.085376,0.864654,2.329594,-0.097824,0.831128,2.326683,-0.062968,0.829436,2.346201,-0.082997,0.798497,2.344704,-0.102625,0.783652,2.334541,-0.046877,0.821149,2.328016,-0.066223,0.787344,2.322856,-0.085135,0.776979,2.308016,-0.033665,0.815613,2.312434,-0.051371,0.783348,2.305408,-0.068142,0.779355,2.290252,-0.023372,0.815358,2.293137,-0.039889,0.788270,2.284694,-0.056263,0.779108,2.271859,,,
97,3.233,-0.293335,0.980060,2.152617,-0.413241,0.980126,2.149764,-0.173429,0.979994,2.155470,-0.454423,0.580823,2.343912,-0.172756,0.534142,2.148551,-0.432030,0.165180,2.345676,-0.168432,0.131266,2.043974,-0.293374,1.097222,2.156944,-0.292999,1.310708,2.176670,-0.293461,1.551336,2.208243,-0.294710,1.648307,2.245614,-0.328818,1.499383,2.203279,-0.257885,1.499582,2.202839,-0.466544,1.441982,2.211523,-0.120260,1.443193,2.202852,-0.517242,1.169266,2.125236,-0.032865,1.168292,2.242546,-0.549767,0.889118,2.104884,-0.041846,0.937159,2.405203,-0.465289,0.077124,2.498077,-0.146014,0.047653,2.200794,,,,,,,,,,-0.533939,0.873711,2.116534,-0.502166,0.831766,2.107642,-0.485413,0.803034,2.094189,-0.520284,0.798365,2.092366,-0.500574,0.772418,2.075078,-0.481739,0.760956,2.060155,-0.535265,0.802511,2.071955,-0.515041,0.780976,2.046053,-0.498215,0.773062,2.027632,-0.547591,0.807323,2.055434,-0.529692,0.787508,2.029151,-0.514427,0.783728,2.012425,-0.557056,0.818606,2.039265,-0.540346,0.804964,2.014513,-0.525097,0.803332,1.997742,-0.059971,0.931439,2.421401,-0.094196,0.890976,2.427672,-0.106198,0.857278,2.424879,-0.073182,0.856791,2.447873,-0.092870,0.825767,2.444639,-0.111143,0.810653,2.432531,-0.055055,0.848223,2.431865,-0.073492,0.814140,2.425380,-0.090530,0.803273,2.408739,-0.040120,0.842434,2.418029,-0.056855,0.809907,2.409919,-0.071836,0.805455,2.393105,-0.027763,0.841738,2.399995,-0.043350,0.814376,2.390709,-0.058308,0.804808,2.376514,,,
98,3.267,-0.296524,0.973837,2.202301,-0.416396,0.970362,2.200235,-0.176652,0.977313,2.204367,-0.449033,0.576399,2.406539,-0.166501,0.532126,2.181165,-0.444285,0.172251,2.506064,-0.165547,0.138609,2.045493,-0.300009,1.090910,2.207537,-0.296864,1.304371,2.227293,-0.302569,1.545043,2.258007,-0.305602,1.642168,2.294872,-0.336834,1.492485,2.251893,-0.265948,1.493885,2.254122,-0.474133,1.433529,2.254054,-0.126969,1.441396,2.261187,-0.513798,1.166378,2.147065,-0.027497,1.174485,2.321585,-0.542580,0.888245,2.105013,-0.045692,0.957510,2.502005,-0.480426,0.123740,2.674665,-0.143136,0.052375,2.200889,,,,,,,,,,-0.527787,0.872586,2.117648,-0.494285,0.831671,2.110472,-0.475401,0.803894,2.097862,-0.509846,0.798714,2.091793,-0.487858,0.773900,2.075624,-0.467284,0.763438,2.062355,-0.522575,0.803553,2.070049,-0.499189,0.783576,2.045600,-0.480287,0.776800,2.028810,-0.533109,0.808920,2.052493,-0.511991,0.790694,2.027481,-0.494902,0.787977,2.012391,-0.540988,0.820784,2.035893,-0.521314,0.808619,2.012593,-0.504258,0.808045,1.997584,-0.065436,0.952418,2.516423,-0.099472,0.911633,2.521533,-0.111386,0.877823,2.520021,-0.080313,0.879348,2.546207,-0.099354,0.848009,2.542228,-0.115975,0.832113,2.528811,-0.060351,0.870199,2.532938,-0.077535,0.835477,2.526402,-0.092406,0.823376,2.508577,-0.043852,0.863886,2.521278,-0.059381,0.830758,2.513203,-0.072328,0.825197,2.495081,-0.029524,0.862319,2.504827,-0.044061,0.834352,2.495644,-0.057422,0.823848,2.480547,,,
99,3.300,-0.299475,0.961975,2.257756,-0.419215,0.955071,2.257285,-0.179734,0.968878,2.258228,-0.446559,0.575035,2.488925,-0.160270,0.525502,2.214971,-0.464648,0.189798,2.645543,-0.162490,0.144070,2.048334,-0.306237,1.078879,2.263515,-0.301790,1.292421,2.282118,-0.311976,1.533133,2.311320,-0.316255,1.630396,2.347693,-0.345260,1.480038,2.304469,-0.274502,1.482509,2.308819,-0.482272,1.420449,2.301580,-0.135325,1.431978,2.322840,-0.511045,1.158849,2.178587,-0.027266,1.174663,2.405882,-0.536225,0.884139,2.116495,-0.053392,0.969922,2.599167,-0.502540,0.181911,2.820437,-0.139812,0.054484,2.201782,,,,,,,,,,-0.522559,0.867914,2.129672,-0.487933,0.827754,2.123659,-0.467511,0.800901,2.111451,-0.501073,0.795779,2.101701,-0.476851,0.772748,2.086097,-0.454774,0.763790,2.074215,-0.511620,0.801736,2.079083,-0.485420,0.783862,2.055892,-0.464777,0.778567,2.040695,-0.520411,0.808001,2.060877,-0.496338,0.791987,2.037048,-0.477725,0.790668,2.023671,-0.526747,0.820721,2.044251,-0.504603,0.810333,2.022349,-0.486128,0.810941,2.009128,-0.074285,0.965634,2.612155,-0.107815,0.924537,2.618054,-0.119299,0.890553,2.618841,-0.090386,0.895282,2.647357,-0.108488,0.863284,2.644365,-0.123494,0.845900,2.630890,-0.069093,0.885512,2.636896,-0.084887,0.849859,2.632092,-0.097763,0.835784,2.614165,-0.051455,0.878614,2.627444,-0.065632,0.844534,2.621009,-0.076730,0.837076,2.602350,-0.035628,0.875927,2.612589,-0.048933,0.846916,2.604894,-0.060754,0.834755,2.589756,,,
100,3.333,-0.303297,0.946819,2.316767,-0.422945,0.938620,2.318426,-0.183649,0.955019,2.315109,-0.446971,0.578583,2.580397,-0.159289,0.515107,2.246436,-0.476412,0.202756,2.756894,-0.163475,0.147720,2.050801,-0.311215,1.063624,2.323073,-0.307850,1.277280,2.340551,-0.319988,1.518059,2.368424,-0.324938,1.615476,2.404297,-0.352828,1.464731,2.361246,-0.282173,1.467653,2.366818,-0.489886,1.405595,2.354208,-0.143589,1.417365,2.386457,-0.510901,1.147903,2.221759,-0.030600,1.169245,2.488701,-0.535016,0.877495,2.142680,-0.060574,0.973039,2.690110,-0.513949,0.227962,2.930219,-0.139563,0.056256,2.202948,,,,,,,,,,-0.522080,0.860604,2.155757,-0.486876,0.820959,2.149679,-0.465411,0.794845,2.137658,-0.498415,0.790220,2.125202,-0.472068,0.770354,2.108716,-0.448949,0.763977,2.097156,-0.507584,0.797398,2.102340,-0.479213,0.782610,2.079534,-0.457455,0.779450,2.065332,-0.515275,0.804643,2.084000,-0.488812,0.791696,2.060852,-0.469239,0.792266,2.048865,-0.520658,0.818252,2.067746,-0.496788,0.809737,2.046873,-0.477442,0.811539,2.035085,-0.082037,0.968962,2.702208,-0.114357,0.927140,2.709579,-0.124220,0.892763,2.712452,-0.097663,0.901070,2.742135,-0.114408,0.868238,2.740637,-0.127936,0.849281,2.727731,-0.075447,0.891366,2.733736,-0.089543,0.854793,2.731029,-0.100768,0.838817,2.713591,-0.057041,0.884455,2.725898,-0.069569,0.849431,2.721404,-0.079242,0.840105,2.702792,-0.040270,0.881229,2.712233,-0.052114,0.851184,2.706331,-0.062618,0.837353,2.691664,,,
101,3.367,-0.308187,0.933002,2.378200,-0.427822,0.925092,2.381442,-0.188552,0.940913,2.374958,-0.451429,0.567586,2.646894,-0.163739,0.506411,2.277876,-0.474132,0.191316,2.823442,-0.166022,0.153467,2.057220,-0.315739,1.049826,2.384587,-0.314488,1.263514,2.401959,-0.327701,1.504223,2.429950,-0.333620,1.601673,2.465586,-0.360273,1.450845,2.421965,-0.289763,1.453891,2.429094,-0.496840,1.391235,2.410673,-0.151638,1.404395,2.453424,-0.511553,1.134237,2.276044,-0.037003,1.161810,2.566540,-0.535175,0.867763,2.184452,-0.065095,0.968728,2.771212,-0.506576,0.211444,2.998451,-0.141556,0.055769,2.205351,,,,,,,,,,-0.522374,0.850249,2.196822,-0.486858,0.811147,2.189229,-0.465094,0.785838,2.176079,-0.497813,0.781722,2.162934,-0.470753,0.763928,2.145278,-0.447373,0.759122,2.133484,-0.506628,0.790083,2.140337,-0.477512,0.777407,2.117200,-0.455429,0.775635,2.103260,-0.514044,0.798272,2.122283,-0.486774,0.787356,2.099025,-0.466942,0.789068,2.087584,-0.519221,0.812715,2.106695,-0.494764,0.805538,2.085999,-0.475151,0.808117,2.074811,-0.086804,0.964860,2.782932,-0.118150,0.922698,2.792302,-0.126822,0.888241,2.797286,-0.101762,0.899495,2.827106,-0.117538,0.866155,2.827410,-0.130118,0.845961,2.815455,-0.079028,0.889903,2.820075,-0.091933,0.852798,2.819618,-0.102126,0.835277,2.803051,-0.060196,0.883022,2.813293,-0.071602,0.847414,2.810870,-0.080413,0.836557,2.792665,-0.042919,0.879355,2.800391,-0.053737,0.848626,2.796329,-0.063393,0.833483,2.782391,,,
102,3.400,-0.314086,0.920805,2.442373,-0.433838,0.914880,2.445526,-0.194334,0.926731,2.439220,-0.454988,0.548900,2.699385,-0.173341,0.500076,2.311323,-0.467710,0.165426,2.860782,-0.168758,0.161587,2.069108,-0.319763,1.037830,2.446693,-0.320997,1.251692,2.461766,-0.336218,1.492514,2.487687,-0.344030,1.590202,2.522292,-0.368275,1.438918,2.479108,-0.298024,1.442373,2.488306,-0.503724,1.377374,2.465057,-0.160087,1.394771,2.517075,-0.515695,1.117595,2.335593,-0.044995,1.153100,2.631673,-0.539502,0.851783,2.242145,-0.065388,0.956584,2.833976,-0.491173,0.147872,3.037494,-0.143321,0.051379,2.208009,,,,,,,,,,-0.526637,0.833525,2.253315,-0.492368,0.793985,2.242818,-0.471888,0.768834,2.227483,-0.505029,0.765853,2.215882,-0.479109,0.748300,2.196371,-0.456351,0.743540,2.183401,-0.514527,0.775279,2.193991,-0.486620,0.762805,2.169307,-0.465127,0.761043,2.154473,-0.522453,0.784326,2.176575,-0.496335,0.773735,2.151888,-0.476916,0.775454,2.139761,-0.527901,0.799475,2.161769,-0.504327,0.792452,2.140023,-0.485038,0.794939,2.128264,-0.087053,0.952822,2.845812,-0.117534,0.910500,2.857114,-0.125061,0.876039,2.863682,-0.100785,0.889346,2.893034,-0.115680,0.855695,2.895545,-0.127773,0.834464,2.884964,-0.077828,0.879915,2.886531,-0.089781,0.842528,2.888251,-0.099521,0.823813,2.872753,-0.058831,0.873118,2.880136,-0.069234,0.837125,2.879764,-0.077706,0.825005,2.862206,-0.041433,0.869205,2.867470,-0.051169,0.837943,2.865073,-0.060240,0.821762,2.851933,,,
103,3.433,-0.321182,0.910969,2.509573,-0.441029,0.906430,2.510786,-0.201334,0.915508,2.508360,-0.457709,0.531952,2.752283,-0.183797,0.500587,2.345985,-0.463377,0.139127,2.889832,-0.167947,0.175427,2.086595,-0.325588,1.028093,2.512424,-0.329363,1.242191,2.523072,-0.345428,1.483588,2.542271,-0.355791,1.581856,2.574479,-0.377207,1.429744,2.534216,-0.307237,1.433529,2.545247,-0.511893,1.366891,2.518711,-0.169661,1.387239,2.577654,-0.526089,1.102239,2.399766,-0.057141,1.142026,2.687170,-0.552236,0.833187,2.316807,-0.068444,0.936894,2.881472,-0.485785,0.080690,3.057668,-0.141243,0.043464,2.204743,,,,,,,,,,-0.539290,0.814429,2.327014,-0.506968,0.773974,2.314105,-0.488479,0.748509,2.296875,-0.522110,0.746525,2.287752,-0.497970,0.728494,2.266473,-0.476213,0.723246,2.252055,-0.532623,0.756465,2.266564,-0.506537,0.743417,2.240239,-0.485978,0.741166,2.224196,-0.541307,0.765931,2.249742,-0.516989,0.754849,2.223482,-0.498266,0.756122,2.210256,-0.547171,0.781394,2.235427,-0.525008,0.773748,2.212441,-0.506297,0.775667,2.199686,-0.090077,0.933265,2.893409,-0.120425,0.891052,2.905449,-0.127088,0.856510,2.912510,-0.103552,0.870522,2.941672,-0.117862,0.836829,2.946211,-0.129820,0.814896,2.936998,-0.080583,0.861047,2.935277,-0.092064,0.823631,2.938716,-0.101757,0.804147,2.924163,-0.061579,0.854197,2.928954,-0.071336,0.818039,2.930077,-0.079713,0.805087,2.913077,-0.044196,0.850127,2.916319,-0.053124,0.818568,2.914845,-0.061804,0.801834,2.902140,,,
104,3.467,-0.330878,0.904935,2.573779,-0.450765,0.901565,2.572723,-0.210990,0.908306,2.574835,-0.471684,0.531533,2.820657,-0.185084,0.492124,2.416865,-0.468923,0.125729,2.913282,-0.163811,0.193535,2.127632,-0.334185,1.022121,2.575277,-0.341022,1.236278,2.582729,-0.354900,1.478246,2.595285,-0.367308,1.577132,2.624766,-0.387122,1.424515,2.588321,-0.317242,1.427920,2.600023,-0.522004,1.362002,2.573144,-0.180328,1.380871,2.634103,-0.544692,1.092701,2.466599,-0.073624,1.127752,2.730689,-0.577536,0.819644,2.400900,-0.075883,0.909765,2.910791,-0.492255,0.038035,3.067721,-0.136624,0.033629,2.203639,,,,,,,,,,-0.564530,0.801183,2.411562,-0.533041,0.759801,2.399562,-0.515568,0.733510,2.382514,-0.549215,0.731433,2.374847,-0.525838,0.712490,2.353510,-0.504571,0.706567,2.338628,-0.560191,0.740579,2.353537,-0.534854,0.726216,2.327165,-0.514710,0.723117,2.310743,-0.569225,0.749419,2.336559,-0.545661,0.736964,2.310226,-0.527256,0.737461,2.296511,-0.575301,0.764320,2.321747,-0.553564,0.755159,2.298910,-0.535009,0.756097,2.285820,-0.097514,0.906405,2.922810,-0.128702,0.864661,2.934332,-0.136392,0.830233,2.940884,-0.112054,0.843150,2.970087,-0.126672,0.809688,2.975295,-0.139085,0.787797,2.966597,-0.089338,0.833288,2.963377,-0.101323,0.796061,2.967131,-0.111518,0.776609,2.952884,-0.070529,0.826137,2.956812,-0.080687,0.790094,2.958086,-0.089402,0.777206,2.941208,-0.053320,0.821906,2.943994,-0.062548,0.790445,2.942291,-0.071466,0.773844,2.929577,,,
105,3.500,-0.342008,0.902369,2.634917,-0.461883,0.899610,2.632112,-0.222132,0.905128,2.637721,-0.491950,0.542583,2.897556,-0.173822,0.475138,2.529982,-0.476016,0.127077,2.916642,-0.155597,0.219630,2.201886,-0.344709,1.019579,2.635077,-0.352161,1.233768,2.640845,-0.366069,1.475898,2.649728,-0.379759,1.575110,2.677495,-0.398293,1.422059,2.643656,-0.328389,1.425657,2.655155,-0.532971,1.358498,2.631277,-0.191413,1.378523,2.688864,-0.564649,1.084868,2.539011,-0.086669,1.117552,2.764403,-0.602058,0.807863,2.496305,-0.076309,0.884581,2.924333,-0.501902,0.039659,3.070830,-0.137057,0.041601,2.208834,,,,,,,,,,-0.589045,0.790500,2.508668,-0.558073,0.747787,2.500650,-0.541628,0.719880,2.485225,-0.574841,0.717135,2.479284,-0.552169,0.695852,2.459444,-0.531333,0.688170,2.444759,-0.586059,0.724097,2.457285,-0.561210,0.706823,2.432227,-0.541327,0.701838,2.415951,-0.595272,0.731190,2.439599,-0.572316,0.715673,2.414379,-0.554152,0.714445,2.400391,-0.601447,0.744510,2.423388,-0.579806,0.732519,2.401805,-0.561247,0.731676,2.388714,-0.097607,0.880588,2.936747,-0.128525,0.838291,2.946899,-0.136620,0.803698,2.951911,-0.110932,0.814922,2.980996,-0.125263,0.781190,2.985164,-0.137870,0.759642,2.975906,-0.088423,0.805430,2.973154,-0.100125,0.768015,2.975760,-0.110691,0.749051,2.961130,-0.069811,0.798636,2.965706,-0.079850,0.762538,2.965573,-0.089024,0.750408,2.948379,-0.052965,0.795090,2.952214,-0.062179,0.763723,2.949214,-0.071415,0.747711,2.935982,,,
