frame_id,time_sec,Hips_X,Hips_Y,Hips_Z,LeftUpperLeg_X,LeftUpperLeg_Y,LeftUpperLeg_Z,RightUpperLeg_X,RightUpperLeg_Y,RightUpperLeg_Z,LeftLowerLeg_X,LeftLowerLeg_Y,LeftLowerLeg_Z,RightLowerLeg_X,RightLowerLeg_Y,RightLowerLeg_Z,LeftFoot_X,LeftFoot_Y,LeftFoot_Z,RightFoot_X,RightFoot_Y,RightFoot_Z,Spine_X,Spine_Y,Spine_Z,Chest_X,Chest_Y,Chest_Z,Neck_X,Neck_Y,Neck_Z,Head_X,Head_Y,Head_Z,LeftShoulder_X,LeftShoulder_Y,LeftShoulder_Z,RightShoulder_X,RightShoulder_Y,RightShoulder_Z,LeftUpperArm_X,LeftUpperArm_Y,LeftUpperArm_Z,RightUpperArm_X,RightUpperArm_Y,RightUpperArm_Z,LeftLowerArm_X,LeftLowerArm_Y,LeftLowerArm_Z,RightLowerArm_X,RightLowerArm_Y,RightLowerArm_Z,LeftHand_X,LeftHand_Y,LeftHand_Z,RightHand_X,RightHand_Y,RightHand_Z,LeftToes_X,LeftToes_Y,LeftToes_Z,RightToes_X,RightToes_Y,RightToes_Z,LeftEye_X,LeftEye_Y,LeftEye_Z,RightEye_X,RightEye_Y,RightEye_Z,Jaw_X,Jaw_Y,Jaw_Z,LeftThumbProximal_X,LeftThumbProximal_Y,LeftThumbProximal_Z,LeftThumbIntermediate_X,LeftThumbIntermediate_Y,LeftThumbIntermediate_Z,LeftThumbDistal_X,LeftThumbDistal_Y,LeftThumbDistal_Z,LeftIndexProximal_X,LeftIndexProximal_Y,LeftIndexProximal_Z,LeftIndexIntermediate_X,LeftIndexIntermediate_Y,LeftIndexIntermediate_Z,LeftIndexDistal_X,LeftIndexDistal_Y,LeftIndexDistal_Z,LeftMiddleProximal_X,LeftMiddleProximal_Y,LeftMiddleProximal_Z,LeftMiddleIntermediate_X,LeftMiddleIntermediate_Y,LeftMiddleIntermediate_Z,LeftMiddleDistal_X,LeftMiddleDistal_Y,LeftMiddleDistal_Z,LeftRingProximal_X,LeftRingProximal_Y,LeftRingProximal_Z,LeftRingIntermediate_X,LeftRingIntermediate_Y,LeftRingIntermediate_Z,LeftRingDistal_X,LeftRingDistal_Y,LeftRingDistal_Z,LeftLittleProximal_X,LeftLittleProximal_Y,LeftLittleProximal_Z,LeftLittleIntermediate_X,LeftLittleIntermediate_Y,LeftLittleIntermediate_Z,LeftLittleDistal_X,LeftLittleDistal_Y,LeftLittleDistal_Z,RightThumbProximal_X,RightThumbProximal_Y,RightThumbProximal_Z,RightThumbIntermediate_X,RightThumbIntermediate_Y,RightThumbIntermediate_Z,RightThumbDistal_X,RightThumbDistal_Y,RightThumbDistal_Z,RightIndexProximal_X,RightIndexProximal_Y,RightIndexProximal_Z,RightIndexIntermediate_X,RightIndexIntermediate_Y,RightIndexIntermediate_Z,RightIndexDistal_X,RightIndexDistal_Y,RightIndexDistal_Z,RightMiddleProximal_X,RightMiddleProximal_Y,RightMiddleProximal_Z,RightMiddleIntermediate_X,RightMiddleIntermediate_Y,RightMiddleIntermediate_Z,RightMiddleDistal_X,RightMiddleDistal_Y,RightMiddleDistal_Z,RightRingProximal_X,RightRingProximal_Y,RightRingProximal_Z,RightRingIntermediate_X,RightRingIntermediate_Y,RightRingIntermediate_Z,RightRingDistal_X,RightRingDistal_Y,RightRingDistal_Z,RightLittleProximal_X,RightLittleProximal_Y,RightLittleProximal_Z,RightLittleIntermediate_X,RightLittleIntermediate_Y,RightLittleIntermediate_Z,RightLittleDistal_X,RightLittleDistal_Y,RightLittleDistal_Z,UpperChest_X,UpperChest_Y,UpperChest_Z
0,0.000,-0.094515,0.962829,-3.334674,-0.214210,0.963691,-3.342280,0.025181,0.961967,-3.327069,-0.285344,0.558152,-3.171077,0.027038,0.535797,-3.195886,-0.237701,0.268001,-3.465705,0.027564,0.129245,-3.285209,-0.093792,1.080053,-3.332755,-0.096411,1.293880,-3.317359,-0.086777,1.534313,-3.285776,-0.081818,1.630999,-3.247977,-0.124076,1.483554,-3.288244,-0.053382,1.481441,-3.293690,-0.261480,1.429664,-3.264844,0.080396,1.417783,-3.306774,-0.324983,1.146392,-3.275517,0.143457,1.133636,-3.315015,-0.345600,0.870341,-3.217846,0.167461,0.868895,-3.218599,-0.258836,0.095459,-3.422478,0.046533,0.044878,-3.128338,,,,,,,,,,-0.328519,0.857248,-3.205180,-0.302868,0.810452,-3.205599,-0.292709,0.776684,-3.212206,-0.326440,0.776981,-3.204472,-0.312978,0.745614,-3.218454,-0.299221,0.728856,-3.233904,-0.345622,0.776629,-3.221507,-0.333274,0.746739,-3.243819,-0.321815,0.732285,-3.262390,-0.361239,0.777738,-3.235750,-0.350516,0.749854,-3.258360,-0.339603,0.740173,-3.276089,-0.373555,0.784605,-3.252470,-0.363533,0.762111,-3.274184,-0.352531,0.753541,-3.292129,0.154802,0.859929,-3.199028,0.122143,0.818623,-3.190362,0.108793,0.785847,-3.196270,0.146588,0.781414,-3.184346,0.125642,0.751177,-3.187090,0.103963,0.738281,-3.195614,0.158615,0.776327,-3.206431,0.137962,0.743581,-3.213120,0.116323,0.735529,-3.225458,0.168392,0.773508,-3.224991,0.148737,0.742796,-3.233613,0.129235,0.741299,-3.245628,0.174695,0.776468,-3.245725,0.156175,0.750963,-3.254908,0.137375,0.743833,-3.265514,,,
1,0.033,-0.094515,0.962829,-3.334674,-0.214210,0.963691,-3.342280,0.025181,0.961967,-3.327069,-0.285344,0.558152,-3.171077,0.027038,0.535797,-3.195886,-0.237701,0.268001,-3.465705,0.027564,0.129245,-3.285209,-0.093792,1.080053,-3.332755,-0.096411,1.293880,-3.317359,-0.086777,1.534313,-3.285776,-0.081818,1.630999,-3.247977,-0.124076,1.483554,-3.288244,-0.053382,1.481441,-3.293690,-0.261480,1.429664,-3.264844,0.080396,1.417783,-3.306774,-0.324983,1.146392,-3.275517,0.143457,1.133636,-3.315015,-0.345600,0.870341,-3.217846,0.167461,0.868895,-3.218599,-0.258836,0.095459,-3.422478,0.046533,0.044878,-3.128338,,,,,,,,,,-0.328519,0.857248,-3.205180,-0.302868,0.810452,-3.205599,-0.292709,0.776684,-3.212206,-0.326440,0.776981,-3.204472,-0.312978,0.745614,-3.218454,-0.299221,0.728856,-3.233904,-0.345622,0.776629,-3.221507,-0.333274,0.746739,-3.243819,-0.321815,0.732285,-3.262390,-0.361239,0.777738,-3.235750,-0.350516,0.749854,-3.258360,-0.339603,0.740173,-3.276089,-0.373555,0.784605,-3.252470,-0.363533,0.762111,-3.274184,-0.352531,0.753541,-3.292129,0.154802,0.859929,-3.199028,0.122143,0.818623,-3.190362,0.108793,0.785847,-3.196270,0.146588,0.781414,-3.184346,0.125642,0.751177,-3.187090,0.103963,0.738281,-3.195614,0.158615,0.776327,-3.206431,0.137962,0.743581,-3.213120,0.116323,0.735529,-3.225458,0.168392,0.773508,-3.224991,0.148737,0.742796,-3.233613,0.129235,0.741299,-3.245628,0.174695,0.776468,-3.245725,0.156175,0.750963,-3.254908,0.137375,0.743833,-3.265514,,,
2,0.067,-0.103330,0.978144,-3.278191,-0.223166,0.978720,-3.283147,0.016506,0.977568,-3.273236,-0.285617,0.583633,-3.086070,0.016806,0.538697,-3.194339,-0.247731,0.233896,-3.308583,0.021499,0.131207,-3.279154,-0.102830,1.095375,-3.276677,-0.104346,1.309043,-3.259085,-0.096371,1.549361,-3.226185,-0.093042,1.646030,-3.188164,-0.133359,1.498409,-3.229282,-0.062604,1.496716,-3.234035,-0.270674,1.443169,-3.208673,0.072109,1.434644,-3.244980,-0.331613,1.161590,-3.245943,0.139028,1.151328,-3.238838,-0.361917,0.881574,-3.220886,0.151468,0.895166,-3.119730,-0.272631,0.079462,-3.221313,0.042416,0.046489,-3.122720,,,,,,,,,,-0.345170,0.866464,-3.210169,-0.318937,0.820681,-3.218153,-0.307709,0.788766,-3.230091,-0.342114,0.787450,-3.224134,-0.328103,0.757880,-3.241162,-0.313567,0.742985,-3.257765,-0.360624,0.790137,-3.241696,-0.347543,0.763616,-3.267565,-0.335385,0.751835,-3.287527,-0.375698,0.793766,-3.256104,-0.364636,0.769188,-3.282130,-0.353266,0.761930,-3.300708,-0.387451,0.803527,-3.271756,-0.376976,0.785101,-3.296830,-0.365542,0.779744,-3.315726,0.136610,0.888972,-3.100638,0.102947,0.848986,-3.089872,0.090123,0.815573,-3.092424,0.126340,0.813302,-3.075812,0.106150,0.782433,-3.076018,0.085669,0.767781,-3.084668,0.140779,0.805222,-3.095420,0.120999,0.771507,-3.099377,0.100875,0.761347,-3.112685,0.152593,0.799868,-3.112147,0.134225,0.767774,-3.118179,0.116232,0.764059,-3.131942,0.161236,0.799882,-3.132239,0.143973,0.772984,-3.139739,0.126565,0.764065,-3.151324,,,
3,0.100,-0.108900,0.988820,-3.234863,-0.228785,0.989731,-3.238380,0.010985,0.987908,-3.231346,-0.282384,0.597534,-3.033096,0.008913,0.542935,-3.202580,-0.249585,0.201305,-3.156345,0.015266,0.136778,-3.293462,-0.108096,1.106021,-3.231884,-0.109132,1.319591,-3.213111,-0.105253,1.560106,-3.180920,-0.104330,1.656915,-3.143123,-0.141463,1.508655,-3.184844,-0.070587,1.507889,-3.187632,-0.279147,1.452442,-3.170189,0.065434,1.448037,-3.193653,-0.336862,1.174674,-3.232667,0.141353,1.167829,-3.171217,-0.369818,0.893847,-3.230389,0.145286,0.922132,-3.031296,-0.278102,0.075983,-3.031576,0.036549,0.052884,-3.136634,,,,,,,,,,-0.353415,0.878553,-3.219405,-0.324135,0.834915,-3.228703,-0.309874,0.804780,-3.241955,-0.344822,0.801401,-3.239933,-0.327761,0.773753,-3.257400,-0.310885,0.760721,-3.273343,-0.361652,0.804902,-3.258979,-0.344910,0.781097,-3.285376,-0.330331,0.771454,-3.304858,-0.375423,0.809194,-3.274468,-0.360944,0.787160,-3.301088,-0.347584,0.781797,-3.318972,-0.386099,0.819850,-3.290308,-0.372506,0.804112,-3.315715,-0.359135,0.800884,-3.333806,0.128903,0.916139,-3.013427,0.094757,0.876037,-3.004831,0.082315,0.842510,-3.007748,0.117143,0.840828,-2.988175,0.097117,0.809890,-2.989700,0.077506,0.795042,-2.999894,0.133265,0.832537,-3.006330,0.113930,0.798731,-3.011514,0.095044,0.788362,-3.026383,0.146504,0.826999,-3.021888,0.128811,0.794732,-3.028934,0.112065,0.790735,-3.044118,0.156830,0.826738,-3.041168,0.140326,0.799648,-3.049629,0.123971,0.790483,-3.062487,,,
4,0.133,-0.113065,0.991131,-3.182421,-0.232970,0.991162,-3.185337,0.006839,0.991101,-3.179505,-0.274177,0.591876,-2.991158,0.007611,0.545251,-3.186584,-0.251978,0.176228,-2.988461,0.011987,0.142458,-3.291474,-0.113141,1.108293,-3.178085,-0.112750,1.321779,-3.158358,-0.113282,1.562408,-3.126792,-0.114571,1.659380,-3.089427,-0.148626,1.510449,-3.131789,-0.077692,1.510660,-3.132160,-0.286354,1.453032,-3.123687,0.059948,1.454309,-3.131997,-0.336901,1.180365,-3.210216,0.147451,1.179480,-3.092051,-0.369387,0.900229,-3.230804,0.138299,0.948483,-2.929210,-0.285364,0.088519,-2.835888,0.034314,0.058817,-3.134655,,,,,,,,,,-0.353576,0.884820,-3.219134,-0.321779,0.842886,-3.227992,-0.304995,0.814164,-3.241428,-0.339864,0.809488,-3.243313,-0.320120,0.783553,-3.260581,-0.301258,0.772101,-3.275476,-0.354812,0.813641,-3.263748,-0.334539,0.792121,-3.289626,-0.317680,0.784219,-3.308022,-0.367110,0.818457,-3.280287,-0.349163,0.798659,-3.306549,-0.333868,0.794890,-3.323252,-0.376551,0.829746,-3.296468,-0.359795,0.816119,-3.321197,-0.344517,0.814498,-3.337943,0.120148,0.942770,-2.913038,0.085920,0.902304,-2.906798,0.073922,0.868605,-2.909585,0.106907,0.868137,-2.886539,0.087226,0.837110,-2.889792,0.068975,0.821989,-2.901925,0.125062,0.859562,-2.902512,0.106641,0.825472,-2.909008,0.089634,0.814593,-2.925672,0.140022,0.853767,-2.916318,0.123303,0.821233,-2.924438,0.108351,0.816771,-2.941274,0.152410,0.853061,-2.934331,0.136838,0.825693,-2.943625,0.121904,0.816116,-2.957838,,,
5,0.167,-0.116277,0.984847,-3.132690,-0.236147,0.981337,-3.134810,0.003593,0.988357,-3.130569,-0.268852,0.587503,-2.928271,0.013854,0.543183,-3.153961,-0.264499,0.183485,-2.828203,0.014875,0.149775,-3.289949,-0.119798,1.101919,-3.127450,-0.116651,1.315380,-3.107704,-0.122420,1.556053,-3.077008,-0.125487,1.653179,-3.040149,-0.156671,1.503489,-3.083150,-0.085788,1.504901,-3.080858,-0.293970,1.444528,-3.081119,0.053191,1.452431,-3.073641,-0.333469,1.177428,-3.188298,0.152725,1.185607,-3.012961,-0.362199,0.899322,-3.230567,0.134354,0.968753,-2.832415,-0.300795,0.135358,-2.659524,0.037197,0.063507,-3.134560,,,,,,,,,,-0.347426,0.883658,-3.217916,-0.313907,0.842751,-3.225062,-0.294999,0.814983,-3.237658,-0.329434,0.809802,-3.243784,-0.307414,0.785006,-3.259936,-0.286816,0.774559,-3.273180,-0.342129,0.814652,-3.265546,-0.318700,0.794695,-3.289970,-0.299770,0.787935,-3.306735,-0.352635,0.820027,-3.283116,-0.331472,0.801824,-3.308106,-0.314358,0.799121,-3.323170,-0.360489,0.831900,-3.299721,-0.340775,0.819753,-3.322998,-0.323696,0.819192,-3.337980,0.114590,0.963669,-2.818021,0.080556,0.922881,-2.812923,0.068649,0.889067,-2.814418,0.099687,0.890624,-2.788189,0.080658,0.859278,-2.792169,0.064061,0.843366,-2.805598,0.119671,0.881467,-2.801420,0.102506,0.846735,-2.807949,0.087665,0.834614,-2.825785,0.136190,0.875147,-2.813048,0.120679,0.842009,-2.821117,0.107760,0.836429,-2.839253,0.150543,0.873568,-2.829476,0.136024,0.845589,-2.838653,0.122686,0.835069,-2.853760,,,
6,0.200,-0.119273,0.972949,-3.077201,-0.239012,0.966032,-3.077722,0.000466,0.979866,-3.076681,-0.266462,0.586187,-2.845781,0.020012,0.536517,-3.120178,-0.284745,0.201034,-2.688981,0.017879,0.155214,-3.287112,-0.126051,1.089853,-3.071441,-0.121625,1.303396,-3.052847,-0.131848,1.544109,-3.023664,-0.136155,1.641374,-2.987299,-0.165123,1.491011,-3.030538,-0.094369,1.493487,-3.026135,-0.302135,1.431427,-3.033549,0.044795,1.442958,-3.011976,-0.330761,1.169865,-3.156657,0.152863,1.185729,-2.928677,-0.355902,0.895193,-3.218933,0.126586,0.981073,-2.735323,-0.322746,0.193479,-2.514096,0.040479,0.065611,-3.133662,,,,,,,,,,-0.342251,0.878962,-3.205749,-0.307616,0.838806,-3.211743,-0.287177,0.811960,-3.223936,-0.320728,0.806843,-3.233734,-0.296476,0.783842,-3.249335,-0.274381,0.774909,-3.261203,-0.331248,0.812812,-3.256361,-0.305013,0.794969,-3.279536,-0.284349,0.789695,-3.294711,-0.340017,0.819087,-3.274574,-0.315906,0.803103,-3.298385,-0.297275,0.801803,-3.311738,-0.346334,0.831816,-3.291201,-0.324159,0.821447,-3.313081,-0.305667,0.822067,-3.326277,0.105680,0.976787,-2.722355,0.072159,0.935682,-2.716463,0.060692,0.901693,-2.715663,0.089566,0.906458,-2.687116,0.071480,0.874450,-2.690104,0.056496,0.857050,-2.703583,0.110875,0.896687,-2.697544,0.095102,0.861024,-2.702338,0.082252,0.846929,-2.720269,0.128527,0.889789,-2.706970,0.114370,0.855698,-2.713395,0.103297,0.848221,-2.732061,0.144372,0.887095,-2.721805,0.131087,0.858074,-2.729490,0.119288,0.845895,-2.744631,,,
7,0.233,-0.123140,0.957806,-3.018168,-0.242789,0.949608,-3.016563,-0.003491,0.966003,-3.019772,-0.266966,0.589599,-2.754568,0.020920,0.526135,-3.088713,-0.296448,0.213769,-2.578086,0.016871,0.158884,-3.284605,-0.131058,1.074610,-3.011865,-0.127725,1.288267,-2.994386,-0.139890,1.529045,-2.966518,-0.144869,1.626462,-2.930650,-0.172723,1.475717,-2.973723,-0.102072,1.478640,-2.968095,-0.309772,1.416576,-2.980884,0.036497,1.428359,-2.948328,-0.330646,1.158891,-3.113371,0.149446,1.180294,-2.845907,-0.354715,0.888521,-3.192590,0.119372,0.984119,-2.644483,-0.334039,0.238932,-2.404767,0.040699,0.067359,-3.132481,,,,,,,,,,-0.341789,0.871624,-3.179513,-0.306579,0.831984,-3.185584,-0.285105,0.805877,-3.197604,-0.318098,0.801256,-3.210087,-0.291734,0.781411,-3.226569,-0.268605,0.775049,-3.238120,-0.327250,0.808447,-3.232952,-0.298857,0.793679,-3.255745,-0.277087,0.790533,-3.269932,-0.334927,0.815701,-3.251294,-0.308442,0.802775,-3.274429,-0.288859,0.803356,-3.286398,-0.340298,0.829319,-3.267545,-0.316410,0.820817,-3.288403,-0.297053,0.822626,-3.300174,0.097900,0.980044,-2.632401,0.065586,0.938218,-2.625030,0.055734,0.903838,-2.622141,0.082259,0.912175,-2.592440,0.065525,0.879338,-2.593930,0.052014,0.860368,-2.606836,0.104485,0.902472,-2.600813,0.090403,0.865893,-2.603506,0.079199,0.849900,-2.620943,0.122901,0.895562,-2.608630,0.110387,0.860531,-2.613111,0.100733,0.851189,-2.631725,0.139685,0.892331,-2.622278,0.127855,0.862278,-2.628168,0.117367,0.848434,-2.642835,,,
8,0.267,-0.128076,0.944005,-2.956711,-0.247714,0.936114,-2.953540,-0.008438,0.951895,-2.959882,-0.271451,0.578522,-2.688215,0.016396,0.517460,-3.057258,-0.294160,0.202177,-2.511829,0.014312,0.164655,-3.278137,-0.135612,1.060831,-2.950350,-0.134397,1.274520,-2.932999,-0.147647,1.515230,-2.905035,-0.153605,1.612683,-2.869412,-0.180208,1.461850,-2.913045,-0.109705,1.464901,-2.905854,-0.316758,1.402221,-2.924445,0.028404,1.415424,-2.881398,-0.331362,1.145195,-3.059034,0.142978,1.172849,-2.768198,-0.354934,0.878730,-3.150661,0.114841,0.979732,-2.563565,-0.326614,0.221933,-2.336779,0.038703,0.066831,-3.130076,,,,,,,,,,-0.342139,0.861207,-3.138295,-0.306630,0.822100,-3.145897,-0.284871,0.796792,-3.159056,-0.317586,0.792688,-3.172205,-0.290527,0.774897,-3.189864,-0.267146,0.770090,-3.201656,-0.326395,0.801060,-3.194801,-0.297277,0.788386,-3.217936,-0.275192,0.786614,-3.231872,-0.333805,0.809258,-3.212853,-0.306533,0.798345,-3.236109,-0.286698,0.800056,-3.247546,-0.338976,0.823708,-3.228436,-0.314516,0.816533,-3.249128,-0.294899,0.819111,-3.260310,0.093125,0.975866,-2.551856,0.061783,0.933701,-2.542485,0.053118,0.899243,-2.537490,0.078154,0.910519,-2.507660,0.062386,0.877174,-2.507343,0.049818,0.856970,-2.519292,0.100895,0.900928,-2.514672,0.087999,0.863819,-2.515115,0.077821,0.846286,-2.531677,0.119733,0.894047,-2.521440,0.108338,0.858435,-2.523848,0.099540,0.847566,-2.542053,0.137018,0.890378,-2.534329,0.126213,0.859643,-2.538381,0.116571,0.844490,-2.552316,,,
9,0.300,-0.134023,0.931831,-2.892510,-0.253778,0.925919,-2.889446,-0.014268,0.937743,-2.895574,-0.275031,0.559849,-2.635726,0.006757,0.511193,-3.023815,-0.287781,0.176277,-2.474566,0.011605,0.172832,-3.266203,-0.139690,1.048857,-2.888207,-0.140958,1.262722,-2.873179,-0.156204,1.503550,-2.847334,-0.164062,1.601244,-2.812757,-0.188253,1.449951,-2.855927,-0.118010,1.453410,-2.846669,-0.323686,1.388395,-2.870072,0.019907,1.405821,-2.817782,-0.335600,1.128565,-2.999441,0.134907,1.164115,-2.703164,-0.359372,0.862719,-3.092800,0.114486,0.967513,-2.500949,-0.311329,0.158303,-2.297906,0.036976,0.062393,-3.127475,,,,,,,,,,-0.346512,0.844456,-3.081633,-0.312254,0.804907,-3.092135,-0.291784,0.779753,-3.107479,-0.324925,0.776782,-3.119074,-0.299010,0.759225,-3.138588,-0.276254,0.754461,-3.151560,-0.334421,0.786213,-3.140963,-0.306517,0.773734,-3.165649,-0.285024,0.771967,-3.180482,-0.342344,0.795265,-3.158378,-0.316229,0.784670,-3.183066,-0.296810,0.786385,-3.195193,-0.347788,0.810417,-3.173182,-0.324215,0.803389,-3.194928,-0.304925,0.805870,-3.206686,0.092814,0.963752,-2.489124,0.062328,0.921432,-2.477832,0.054806,0.886970,-2.471262,0.079057,0.900285,-2.441898,0.064166,0.866633,-2.439376,0.052081,0.845394,-2.449950,0.102018,0.890853,-2.448387,0.090069,0.853465,-2.446656,0.080338,0.834742,-2.462150,0.121019,0.884056,-2.454770,0.110622,0.848061,-2.455133,0.102161,0.835931,-2.472690,0.138424,0.880141,-2.467426,0.128698,0.848876,-2.469818,0.119638,0.832689,-2.482959,,,
10,0.333,-0.141184,0.922031,-2.825344,-0.261033,0.917504,-2.824224,-0.021334,0.926558,-2.826464,-0.277894,0.543068,-2.582676,-0.003623,0.511629,-2.988799,-0.283607,0.150090,-2.445565,0.012450,0.186715,-3.248484,-0.145581,1.039156,-2.822509,-0.149393,1.253255,-2.811896,-0.165448,1.494658,-2.792773,-0.175851,1.592934,-2.760598,-0.197227,1.440816,-2.800835,-0.127264,1.444597,-2.789757,-0.331906,1.377966,-2.816417,0.010287,1.398299,-2.757252,-0.346114,1.113264,-2.935248,0.122688,1.153005,-2.647795,-0.372278,0.844166,-3.018053,0.111365,0.947743,-2.453631,-0.306139,0.091344,-2.277854,0.039099,0.054422,-3.130693,,,,,,,,,,-0.359338,0.825411,-3.007834,-0.327015,0.784947,-3.020716,-0.308526,0.759475,-3.037934,-0.342152,0.757489,-3.047062,-0.318007,0.739450,-3.068328,-0.296246,0.734195,-3.082738,-0.352658,0.767421,-3.068258,-0.326563,0.754360,-3.094569,-0.305999,0.752102,-3.110603,-0.361335,0.776881,-3.085087,-0.337009,0.765785,-3.111333,-0.318281,0.767051,-3.124553,-0.367192,0.792338,-3.099410,-0.345021,0.784678,-3.122382,-0.326303,0.786587,-3.135129,0.089725,0.944118,-2.441705,0.059362,0.901909,-2.429688,0.052684,0.867368,-2.422635,0.076211,0.881370,-2.393459,0.061896,0.847680,-2.388921,0.049938,0.825746,-2.398135,0.099182,0.871891,-2.399844,0.087693,0.834477,-2.396408,0.078004,0.814993,-2.410962,0.118187,0.865038,-2.406158,0.108426,0.828881,-2.405038,0.100055,0.815929,-2.422042,0.135576,0.860966,-2.418785,0.126646,0.829408,-2.420265,0.117971,0.812675,-2.432975,,,
11,0.367,-0.150936,0.916039,-2.761173,-0.270823,0.912674,-2.762317,-0.031048,0.919403,-2.760030,-0.291979,0.542771,-2.514211,-0.004827,0.503053,-2.917504,-0.289199,0.136801,-2.422318,0.016701,0.204876,-3.207142,-0.154238,1.033225,-2.759690,-0.161086,1.247382,-2.752259,-0.174972,1.489352,-2.739748,-0.187410,1.588242,-2.710292,-0.207190,1.435619,-2.746722,-0.137316,1.439027,-2.734981,-0.342061,1.373096,-2.761952,-0.000422,1.391978,-2.700824,-0.364776,1.103748,-2.868372,0.106212,1.138774,-2.604383,-0.397631,0.830643,-2.933865,0.103981,0.920630,-2.424470,-0.312664,0.049111,-2.267897,0.043801,0.044655,-3.131770,,,,,,,,,,-0.384633,0.812191,-2.923178,-0.353141,0.770795,-2.935121,-0.335669,0.744486,-2.952143,-0.369307,0.742402,-2.959813,-0.345925,0.723435,-2.981123,-0.324654,0.717494,-2.995991,-0.380273,0.751527,-2.981138,-0.354926,0.737134,-3.007483,-0.334774,0.734016,-3.023892,-0.389298,0.760349,-2.998129,-0.365725,0.747864,-3.024439,-0.347315,0.748344,-3.038147,-0.395367,0.775236,-3.012959,-0.373617,0.766046,-3.035773,-0.355054,0.766966,-3.048852,0.082347,0.917264,-2.412460,0.051156,0.875514,-2.400968,0.043458,0.841084,-2.394436,0.067793,0.853985,-2.365220,0.053175,0.820520,-2.360029,0.040765,0.798631,-2.368740,0.090511,0.844127,-2.371927,0.078527,0.806897,-2.368191,0.068337,0.787449,-2.382448,0.109321,0.836978,-2.378490,0.099165,0.800935,-2.377235,0.090455,0.788054,-2.394122,0.126535,0.832754,-2.391306,0.117309,0.801294,-2.393026,0.108395,0.784699,-2.405751,,,
12,0.400,-0.162093,0.913516,-2.700054,-0.281966,0.910762,-2.702948,-0.042220,0.916270,-2.697160,-0.312235,0.553702,-2.437572,0.006340,0.486120,-2.804146,-0.296223,0.138177,-2.418971,0.024764,0.231075,-3.132590,-0.164789,1.030727,-2.699907,-0.172236,1.244916,-2.694152,-0.186143,1.487046,-2.685286,-0.199855,1.586258,-2.657531,-0.218365,1.433208,-2.691371,-0.148466,1.436805,-2.679840,-0.353035,1.369638,-2.703794,-0.011508,1.389664,-2.646070,-0.384754,1.095964,-2.795915,0.093156,1.128618,-2.570679,-0.422173,0.818921,-2.838366,0.103514,0.895514,-2.410943,-0.322218,0.050759,-2.264800,0.043336,0.053031,-3.126118,,,,,,,,,,-0.409170,0.801568,-2.825979,-0.378205,0.758838,-2.833935,-0.361769,0.730914,-2.849339,-0.394972,0.728167,-2.855276,-0.372300,0.706853,-2.875083,-0.351461,0.699145,-2.889751,-0.406177,0.735108,-2.877288,-0.381322,0.717799,-2.902316,-0.361433,0.712790,-2.918577,-0.415380,0.742184,-2.894986,-0.392421,0.726630,-2.920179,-0.374252,0.725379,-2.934159,-0.421545,0.755488,-2.911215,-0.399894,0.743465,-2.932771,-0.381329,0.742601,-2.945850,0.082213,0.891513,-2.398538,0.051291,0.849211,-2.388422,0.043197,0.814614,-2.383436,0.068873,0.825818,-2.354336,0.054540,0.792084,-2.350198,0.041935,0.770543,-2.359476,0.091384,0.816331,-2.362178,0.079680,0.778914,-2.359600,0.069118,0.759960,-2.374245,0.109997,0.809542,-2.369625,0.099957,0.773444,-2.369785,0.090788,0.761325,-2.386990,0.126847,0.806004,-2.383115,0.117634,0.774638,-2.386137,0.108401,0.758634,-2.399381,,,
13,0.433,-0.172372,0.915157,-2.640214,-0.292195,0.912910,-2.645009,-0.052549,0.917405,-2.635419,-0.326740,0.552142,-2.385227,0.013648,0.477647,-2.668029,-0.300641,0.137819,-2.415533,0.027324,0.269897,-3.028468,-0.174531,1.032375,-2.641206,-0.181125,1.246615,-2.636334,-0.194296,1.488816,-2.628332,-0.208453,1.588031,-2.600811,-0.226730,1.435037,-2.633788,-0.156684,1.438499,-2.623137,-0.361262,1.370593,-2.642696,-0.019495,1.390600,-2.591436,-0.402203,1.092957,-2.717742,0.080949,1.122756,-2.537082,-0.442162,0.813400,-2.732091,0.099728,0.877102,-2.398294,-0.328162,0.050479,-2.261584,0.047411,0.096530,-3.068804,,,,,,,,,,-0.429385,0.797199,-2.718022,-0.399487,0.753139,-2.721592,-0.384818,0.723544,-2.735597,-0.417214,0.720727,-2.739269,-0.395736,0.696449,-2.756873,-0.375502,0.686309,-2.770894,-0.428553,0.725488,-2.761786,-0.404537,0.704818,-2.785018,-0.385031,0.697480,-2.800854,-0.437831,0.730807,-2.780052,-0.415964,0.711618,-2.803661,-0.398156,0.708094,-2.817717,-0.443912,0.742404,-2.797571,-0.422664,0.727337,-2.817558,-0.404187,0.724402,-2.830460,0.078777,0.872345,-2.385563,0.047935,0.829563,-2.377418,0.040220,0.794633,-2.374624,0.066380,0.803856,-2.345524,0.051982,0.769952,-2.343582,0.039035,0.749221,-2.354145,0.088600,0.794843,-2.354652,0.076902,0.757339,-2.354212,0.065871,0.739391,-2.369751,0.106950,0.788509,-2.363089,0.096735,0.752538,-2.365452,0.087016,0.741658,-2.383175,0.123377,0.785834,-2.377279,0.114002,0.754726,-2.381988,0.104337,0.739587,-2.395923,,,
14,0.467,-0.181231,0.920194,-2.581923,-0.300932,0.918644,-2.589341,-0.061531,0.921744,-2.574506,-0.336075,0.546040,-2.346928,0.008164,0.483325,-2.532509,-0.304494,0.135856,-2.410290,0.020177,0.296917,-2.904492,-0.182624,1.037410,-2.583939,-0.187730,1.251699,-2.579476,-0.198200,1.493970,-2.569784,-0.211225,1.593084,-2.541355,-0.231329,1.440548,-2.574515,-0.160956,1.443254,-2.566028,-0.365929,1.375800,-2.579213,-0.023320,1.393911,-2.538792,-0.414821,1.094848,-2.634577,0.069699,1.120782,-2.499654,-0.455329,0.815537,-2.617270,0.097375,0.865394,-2.381453,-0.333858,0.048932,-2.256445,0.057990,0.127174,-2.947431,,,,,,,,,,-0.442606,0.800559,-2.601861,-0.413527,0.755812,-2.601512,-0.400133,0.724802,-2.613599,-0.432087,0.722159,-2.615662,-0.411696,0.695430,-2.630837,-0.392041,0.683162,-2.643953,-0.443705,0.724901,-2.638372,-0.420681,0.701263,-2.659700,-0.401674,0.691774,-2.674991,-0.453184,0.728575,-2.656937,-0.432301,0.706391,-2.678744,-0.414868,0.700903,-2.692640,-0.459348,0.738510,-2.675422,-0.438755,0.721075,-2.694128,-0.420567,0.716481,-2.706956,0.076763,0.859728,-2.368543,0.046086,0.816457,-2.362665,0.039588,0.781171,-2.362463,0.065334,0.788540,-2.333198,0.050903,0.754596,-2.333583,0.037664,0.734779,-2.345456,0.087291,0.780214,-2.343536,0.075562,0.742772,-2.345573,0.064113,0.726043,-2.362137,0.105401,0.774509,-2.352890,0.095112,0.738795,-2.357629,0.084933,0.729246,-2.375854,0.121442,0.772866,-2.367667,0.112149,0.742073,-2.374244,0.102224,0.727844,-2.388935,,,
15,0.500,-0.187972,0.928753,-2.524899,-0.307521,0.927946,-2.534541,-0.068423,0.929561,-2.515257,-0.338239,0.537720,-2.320970,-0.001843,0.502606,-2.405218,-0.306258,0.131530,-2.406123,0.007287,0.299745,-2.768574,-0.188532,1.045959,-2.527781,-0.192147,1.260279,-2.523369,-0.199838,1.502546,-2.511267,-0.210259,1.601603,-2.481595,-0.233663,1.449466,-2.514769,-0.162934,1.451466,-2.509760,-0.368297,1.384653,-2.512648,-0.024604,1.400589,-2.489847,-0.422300,1.101147,-2.545775,0.061447,1.123453,-2.465881,-0.458283,0.825452,-2.494271,0.101473,0.860762,-2.369174,-0.336578,0.044304,-2.252636,0.051218,0.127437,-2.790169,,,,,,,,,,-0.444918,0.812117,-2.477925,-0.416243,0.767282,-2.473983,-0.403704,0.734922,-2.483081,-0.435792,0.732522,-2.483304,-0.416435,0.703809,-2.496011,-0.397548,0.689707,-2.508391,-0.448532,0.732864,-2.505572,-0.426922,0.706515,-2.525129,-0.408841,0.694986,-2.540137,-0.458916,0.734567,-2.523937,-0.439191,0.709994,-2.544206,-0.422475,0.702911,-2.558261,-0.465932,0.742453,-2.543093,-0.446522,0.722978,-2.561035,-0.429104,0.716943,-2.574328,0.081816,0.853755,-2.355458,0.052148,0.809617,-2.351019,0.047061,0.774182,-2.353438,0.073626,0.779875,-2.325088,0.059806,0.745716,-2.326746,0.046117,0.726443,-2.339000,0.094973,0.772761,-2.337415,0.083563,0.735393,-2.341539,0.071243,0.719788,-2.358569,0.112513,0.768116,-2.348314,0.102563,0.732607,-2.354947,0.091381,0.724172,-2.373133,0.127584,0.767897,-2.364164,0.118619,0.737467,-2.372616,0.108136,0.724187,-2.387800,,,
16,0.533,-0.191611,0.939681,-2.469026,-0.311079,0.939608,-2.479655,-0.072143,0.939754,-2.458396,-0.333212,0.530709,-2.303176,-0.007574,0.531369,-2.291408,-0.305469,0.127238,-2.401688,-0.006297,0.291417,-2.631533,-0.191374,1.056871,-2.472504,-0.194097,1.271207,-2.468229,-0.199786,1.513470,-2.455006,-0.207197,1.612493,-2.424330,-0.234042,1.460581,-2.456781,-0.163134,1.462193,-2.455699,-0.368663,1.396608,-2.446010,-0.024355,1.409891,-2.444508,-0.425478,1.111900,-2.456151,0.056390,1.130170,-2.440006,-0.449436,0.843655,-2.369978,0.108645,0.861785,-2.367899,-0.334994,0.040065,-2.248016,0.028844,0.115983,-2.622920,,,,,,,,,,-0.434608,0.832388,-2.353340,-0.405617,0.788139,-2.346301,-0.393279,0.754860,-2.351539,-0.425878,0.752671,-2.349264,-0.407341,0.722570,-2.359795,-0.389418,0.707002,-2.371845,-0.440605,0.750288,-2.370138,-0.420688,0.721566,-2.388085,-0.403965,0.708139,-2.403089,-0.452629,0.749731,-2.387547,-0.434340,0.723138,-2.406575,-0.418806,0.714626,-2.421181,-0.461384,0.755170,-2.406839,-0.443750,0.733522,-2.424113,-0.427676,0.725839,-2.438221,0.090789,0.853144,-2.352729,0.062192,0.808230,-2.349128,0.057251,0.773083,-2.354382,0.086795,0.776587,-2.328839,0.073607,0.742230,-2.331341,0.058884,0.723501,-2.343233,0.106603,0.771073,-2.344187,0.095121,0.733991,-2.350245,0.080995,0.719672,-2.367001,0.122777,0.767810,-2.357444,0.112720,0.732720,-2.365896,0.099606,0.725545,-2.383317,0.135883,0.769373,-2.374884,0.126596,0.739614,-2.385177,0.114704,0.727521,-2.400315,,,
17,0.567,-0.191585,0.952072,-2.413149,-0.311006,0.952826,-2.424265,-0.072163,0.951319,-2.402034,-0.325696,0.527934,-2.289789,-0.013751,0.564660,-2.187754,-0.303761,0.126689,-2.398347,-0.017727,0.280561,-2.491951,-0.190493,1.069248,-2.416938,-0.193632,1.283594,-2.413556,-0.196741,1.525924,-2.400689,-0.201216,1.624926,-2.369383,-0.231456,1.473305,-2.400576,-0.160574,1.474355,-2.403120,-0.366067,1.411334,-2.381323,-0.022089,1.420202,-2.400016,-0.425585,1.127242,-2.369530,0.052539,1.139206,-2.416003,-0.431699,0.871002,-2.250120,0.110528,0.866623,-2.368081,-0.332244,0.039889,-2.244267,0.009880,0.110583,-2.442641,,,,,,,,,,-0.414819,0.862030,-2.234050,-0.384366,0.819171,-2.224901,-0.370945,0.785926,-2.226232,-0.404153,0.783538,-2.220907,-0.386083,0.752536,-2.229448,-0.369182,0.735735,-2.241318,-0.421164,0.778428,-2.239421,-0.402867,0.747723,-2.255735,-0.387712,0.732550,-2.270742,-0.435124,0.775586,-2.255075,-0.418417,0.747073,-2.272729,-0.404424,0.737030,-2.287910,-0.446170,0.778460,-2.273733,-0.430439,0.754733,-2.290091,-0.416059,0.745310,-2.304954,0.094544,0.856809,-2.351594,0.065187,0.812337,-2.348702,0.058360,0.778031,-2.356696,0.091175,0.778281,-2.335173,0.077025,0.744422,-2.338898,0.060406,0.727014,-2.350288,0.108597,0.774000,-2.353515,0.095270,0.737906,-2.361467,0.078605,0.725544,-2.377428,0.122769,0.771810,-2.369083,0.110812,0.737820,-2.379358,0.095339,0.732522,-2.395466,0.133513,0.774915,-2.387880,0.122288,0.746448,-2.399772,0.108290,0.736019,-2.414336,,,
18,0.600,-0.190991,0.963121,-2.356776,-0.310328,0.964715,-2.368685,-0.071655,0.961527,-2.344867,-0.317525,0.527426,-2.281743,-0.019675,0.598726,-2.090887,-0.301553,0.128460,-2.399363,-0.024749,0.266549,-2.341679,-0.189058,1.080289,-2.360462,-0.192527,1.294635,-2.357404,-0.192332,1.536981,-2.344473,-0.193753,1.635876,-2.312547,-0.227585,1.484752,-2.342706,-0.156896,1.485014,-2.348595,-0.362018,1.425154,-2.316110,-0.019302,1.428719,-2.352963,-0.424596,1.143248,-2.284442,0.048323,1.147908,-2.389784,-0.406131,0.903870,-2.135068,0.107090,0.872445,-2.364741,-0.328813,0.040907,-2.245488,0.001018,0.116174,-2.247819,,,,,,,,,,-0.386943,0.897589,-2.120371,-0.353386,0.857348,-2.110239,-0.337897,0.825013,-2.108938,-0.370631,0.821777,-2.099535,-0.351995,0.790635,-2.106128,-0.335673,0.773067,-2.117694,-0.389514,0.813788,-2.114958,-0.371776,0.781899,-2.129524,-0.357788,0.765461,-2.144331,-0.405138,0.808515,-2.128227,-0.389333,0.778454,-2.144048,-0.376808,0.766949,-2.159471,-0.418547,0.808645,-2.145507,-0.403854,0.783517,-2.160695,-0.390991,0.772747,-2.176026,0.092504,0.861788,-2.347499,0.060876,0.818851,-2.345501,0.051017,0.785984,-2.355989,0.086002,0.782247,-2.338638,0.069449,0.749715,-2.343956,0.050586,0.734463,-2.354933,0.100896,0.779027,-2.359280,0.084441,0.744720,-2.369067,0.065286,0.734997,-2.384030,0.113021,0.777762,-2.376583,0.097805,0.745710,-2.388626,0.080275,0.742951,-2.403187,0.121718,0.782273,-2.396138,0.107487,0.755793,-2.409333,0.091311,0.747642,-2.423070,,,
19,0.633,-0.190527,0.969951,-2.301541,-0.309757,0.972284,-2.314360,-0.071297,0.967619,-2.288721,-0.309175,0.528110,-2.275091,-0.024766,0.627303,-2.004375,-0.299469,0.131478,-2.400996,-0.027794,0.251403,-2.183131,-0.187909,1.087125,-2.304573,-0.191663,1.301439,-2.300013,-0.187680,1.543653,-2.285326,-0.186165,1.642290,-2.252616,-0.223506,1.491870,-2.282355,-0.153155,1.491267,-2.291422,-0.357554,1.434648,-2.249369,-0.016768,1.433164,-2.303366,-0.424627,1.156195,-2.200842,0.043278,1.154274,-2.361664,-0.373791,0.938595,-2.027577,0.099173,0.877113,-2.357462,-0.325366,0.043510,-2.247123,-0.000006,0.133082,-2.051547,,,,,,,,,,-0.352763,0.935243,-2.014529,-0.316019,0.898263,-2.003110,-0.298310,0.867313,-1.999162,-0.329886,0.863845,-1.985780,-0.310210,0.832917,-1.989896,-0.294155,0.814568,-2.000589,-0.349866,0.852990,-1.997664,-0.331953,0.820109,-2.009569,-0.318691,0.802309,-2.023438,-0.366531,0.845259,-2.008177,-0.350910,0.813799,-2.021213,-0.339507,0.800624,-2.036164,-0.381755,0.842408,-2.023620,-0.367427,0.815950,-2.036760,-0.355733,0.803604,-2.051837,0.085424,0.865434,-2.340193,0.051479,0.824257,-2.339858,0.038818,0.793285,-2.352813,0.074777,0.785854,-2.339065,0.055733,0.755121,-2.346373,0.035081,0.742300,-2.357237,0.087695,0.784110,-2.361163,0.068331,0.752038,-2.372998,0.047432,0.745087,-2.387147,0.098254,0.784089,-2.379508,0.080026,0.754469,-2.393446,0.061208,0.754317,-2.406593,0.105573,0.790227,-2.399184,0.088641,0.766137,-2.413701,0.070886,0.760419,-2.426696,,,
20,0.667,-0.188992,0.972717,-2.246889,-0.308148,0.975815,-2.260230,-0.069837,0.969620,-2.233549,-0.304229,0.529942,-2.264143,-0.033714,0.643306,-1.931808,-0.297755,0.137279,-2.402117,-0.025847,0.236591,-2.020039,-0.185751,1.089901,-2.248634,-0.190497,1.304133,-2.241715,-0.182052,1.546057,-2.224387,-0.178148,1.644342,-2.190828,-0.218540,1.494798,-2.220511,-0.148651,1.493226,-2.232544,-0.352058,1.440061,-2.181674,-0.013724,1.433789,-2.252088,-0.425150,1.166314,-2.117564,0.037605,1.158327,-2.331272,-0.340092,0.972511,-1.930053,0.088288,0.880500,-2.345556,-0.322266,0.048779,-2.248322,0.002678,0.150928,-1.865332,,,,,,,,,,-0.317751,0.971742,-1.918922,-0.278696,0.937854,-1.905718,-0.259221,0.908547,-1.898721,-0.289463,0.906403,-1.881798,-0.269139,0.875648,-1.883097,-0.253563,0.856183,-1.892441,-0.310118,0.893364,-1.889647,-0.292178,0.859399,-1.897912,-0.279651,0.839880,-1.910043,-0.327455,0.883697,-1.896993,-0.312040,0.850852,-1.906338,-0.301690,0.835653,-1.920085,-0.344036,0.878079,-1.910104,-0.329961,0.850161,-1.920125,-0.319268,0.835764,-1.934086,0.075259,0.867475,-2.328697,0.039642,0.827768,-2.330350,0.024710,0.798902,-2.345555,0.061232,0.788700,-2.335432,0.040140,0.759917,-2.344773,0.018167,0.749369,-2.355490,0.072512,0.788962,-2.358475,0.050895,0.759230,-2.372343,0.028774,0.754774,-2.385614,0.081774,0.790602,-2.377436,0.061174,0.763528,-2.393136,0.041495,0.765626,-2.404766,0.087988,0.798625,-2.396812,0.068880,0.777009,-2.412478,0.049971,0.773478,-2.424594,,,
21,0.700,-0.187270,0.972122,-2.190423,-0.306258,0.977682,-2.204435,-0.068281,0.966562,-2.176412,-0.304366,0.534339,-2.252145,-0.047811,0.635711,-1.878165,-0.298580,0.146430,-2.402999,-0.023213,0.220401,-1.864906,-0.181810,1.089236,-2.190316,-0.188847,1.303347,-2.181779,-0.175289,1.544818,-2.161617,-0.169590,1.642671,-2.127065,-0.212543,1.494174,-2.157024,-0.143201,1.491514,-2.171734,-0.345320,1.441942,-2.112599,-0.010018,1.430902,-2.198357,-0.425093,1.174519,-2.031910,0.031306,1.159680,-2.295901,-0.310403,1.002358,-1.839135,0.075555,0.882059,-2.326375,-0.321728,0.056037,-2.250096,0.004991,0.169922,-1.695370,,,,,,,,,,-0.287164,1.003640,-1.830083,-0.246310,0.972753,-1.815085,-0.225183,0.945508,-1.805158,-0.254198,0.945578,-1.785479,-0.233389,0.915203,-1.783253,-0.218218,0.894539,-1.790442,-0.275142,0.931234,-1.789203,-0.257109,0.896538,-1.793050,-0.245143,0.875351,-1.802695,-0.292818,0.920330,-1.793282,-0.277471,0.886511,-1.798238,-0.267961,0.869290,-1.810075,-0.310340,0.912475,-1.803754,-0.296297,0.883472,-1.810050,-0.286352,0.867058,-1.822222,0.063341,0.867688,-2.310007,0.026290,0.829399,-2.313027,0.009089,0.802715,-2.329744,0.046023,0.790500,-2.323786,0.022941,0.763820,-2.334553,-0.000240,0.755451,-2.344632,0.055578,0.792892,-2.347476,0.031860,0.765537,-2.362731,0.008675,0.763248,-2.374670,0.063473,0.796277,-2.366822,0.040631,0.771785,-2.383623,0.020239,0.775786,-2.393374,0.068528,0.806136,-2.385680,0.047446,0.786886,-2.401892,0.027551,0.785155,-2.412754,,,
22,0.733,-0.185906,0.967407,-2.131732,-0.304652,0.975166,-2.146725,-0.067160,0.959648,-2.116738,-0.305906,0.536971,-2.229286,-0.056077,0.608910,-1.841614,-0.299724,0.158381,-2.402188,-0.023226,0.205176,-1.745785,-0.178541,1.084396,-2.129518,-0.186792,1.298427,-2.120127,-0.169661,1.539514,-2.098158,-0.162961,1.637061,-2.062927,-0.207398,1.489286,-2.092968,-0.138540,1.485920,-2.109670,-0.338797,1.437909,-2.043711,-0.006806,1.424985,-2.142122,-0.424081,1.177900,-1.946184,0.025804,1.157861,-2.253321,-0.282768,1.025562,-1.754405,0.064824,0.881130,-2.296423,-0.322202,0.064992,-2.250995,0.003538,0.190479,-1.569280,,,,,,,,,,-0.259270,1.028830,-1.746608,-0.217086,1.001753,-1.728295,-0.194273,0.977519,-1.714901,-0.223184,0.979746,-1.694299,-0.201431,0.950810,-1.687220,-0.185819,0.929575,-1.690981,-0.243845,0.964542,-1.694766,-0.224948,0.930145,-1.692888,-0.212647,0.907849,-1.698942,-0.261348,0.952738,-1.696283,-0.245230,0.918922,-1.695616,-0.235596,0.900070,-1.704498,-0.279005,0.942875,-1.704610,-0.264282,0.913574,-1.706242,-0.254215,0.895529,-1.715704,0.053365,0.865628,-2.280549,0.015082,0.828633,-2.284254,-0.004127,0.803937,-2.301819,0.032861,0.790417,-2.299802,0.008013,0.765686,-2.311270,-0.016139,0.759129,-2.320360,0.040805,0.794714,-2.323816,0.015254,0.769481,-2.339754,-0.008755,0.768898,-2.350171,0.047426,0.799646,-2.343306,0.022627,0.777454,-2.360523,0.001743,0.782896,-2.368346,0.051440,0.811045,-2.361536,0.028634,0.793852,-2.377725,0.007959,0.793551,-2.387171,,,
23,0.767,-0.185458,0.957909,-2.070423,-0.304068,0.966717,-2.085908,-0.066849,0.949101,-2.054938,-0.302661,0.539036,-2.212080,-0.054203,0.569449,-1.821408,-0.300866,0.166077,-2.396910,-0.028115,0.186526,-1.660307,-0.177344,1.074790,-2.066093,-0.183833,1.288800,-2.055002,-0.165160,1.529647,-2.031694,-0.157968,1.627070,-1.996220,-0.203056,1.479568,-2.026234,-0.134493,1.475983,-2.044065,-0.333305,1.428195,-1.974008,-0.003767,1.415474,-2.081074,-0.422791,1.175564,-1.861937,0.022274,1.151567,-2.201319,-0.262832,1.037324,-1.674166,0.057899,0.876122,-2.254435,-0.322280,0.069301,-2.247706,-0.007820,0.187435,-1.482336,,,,,,,,,,-0.239496,1.042780,-1.667143,-0.196111,1.020701,-1.645275,-0.171548,1.000434,-1.628750,-0.201169,1.003862,-1.608287,-0.178010,0.977766,-1.596318,-0.161243,0.957085,-1.596353,-0.221122,0.987859,-1.606277,-0.200673,0.955161,-1.598768,-0.187309,0.932774,-1.601071,-0.238076,0.975196,-1.605846,-0.220467,0.942715,-1.599628,-0.209944,0.923111,-1.605293,-0.255279,0.963407,-1.612440,-0.239326,0.934868,-1.609436,-0.228478,0.915984,-1.615933,0.047083,0.859463,-2.239299,0.008063,0.823353,-2.243937,-0.012560,0.800418,-2.262269,0.024342,0.786392,-2.263612,-0.001650,0.763190,-2.275722,-0.026409,0.757871,-2.283950,0.031019,0.792616,-2.287590,0.004272,0.769111,-2.304196,-0.020265,0.769691,-2.313300,0.036634,0.799105,-2.306939,0.010518,0.778794,-2.324526,-0.010669,0.785152,-2.330658,0.039821,0.811961,-2.324345,0.015775,0.796502,-2.340489,-0.005430,0.797321,-2.348641,,,
24,0.800,-0.182016,0.943692,-2.011802,-0.300707,0.951761,-2.027060,-0.063325,0.935623,-1.996543,-0.294794,0.535781,-2.187555,-0.053895,0.557694,-1.760082,-0.301055,0.175980,-2.396762,-0.032256,0.170033,-1.610034,-0.174640,1.060616,-2.007344,-0.179223,1.274613,-1.995089,-0.159599,1.515255,-1.970490,-0.151763,1.612643,-1.935055,-0.197602,1.465260,-1.965003,-0.129208,1.461573,-1.983452,-0.327675,1.414657,-1.911600,0.000662,1.400991,-2.023249,-0.419846,1.167068,-1.790796,0.022710,1.138537,-2.147409,-0.252951,1.034113,-1.605258,0.056610,0.864360,-2.207723,-0.321627,0.069148,-2.254461,-0.012030,0.157083,-1.432525,,,,,,,,,,-0.229803,1.041203,-1.599131,-0.185302,1.023223,-1.575800,-0.160145,1.005329,-1.557522,-0.189276,1.009932,-1.537266,-0.165062,0.985576,-1.523811,-0.147679,0.965448,-1.522588,-0.208506,0.993391,-1.533413,-0.186634,0.962285,-1.523528,-0.172428,0.940310,-1.524158,-0.224898,0.980138,-1.531500,-0.205841,0.949059,-1.522857,-0.194606,0.929476,-1.527026,-0.241644,0.967049,-1.536662,-0.224339,0.939680,-1.531234,-0.212699,0.920773,-1.536082,0.045998,0.846627,-2.193703,0.006312,0.811531,-2.200132,-0.015237,0.790452,-2.219591,0.021435,0.776148,-2.223319,-0.005234,0.754368,-2.236546,-0.030291,0.750045,-2.244447,0.027490,0.784278,-2.246888,0.000063,0.762460,-2.264646,-0.024703,0.763992,-2.272990,0.032625,0.792296,-2.265792,0.005766,0.773822,-2.284261,-0.015500,0.780888,-2.289239,0.035488,0.806526,-2.282153,0.010817,0.792691,-2.298818,-0.010593,0.794338,-2.306283,,,
25,0.833,-0.177414,0.930765,-1.952313,-0.296374,0.935831,-1.966753,-0.058454,0.925699,-1.937874,-0.285500,0.526282,-2.142776,-0.053974,0.564042,-1.677073,-0.298796,0.186264,-2.382514,-0.036190,0.162319,-1.569528,-0.172703,1.047890,-1.950028,-0.175614,1.261964,-1.938652,-0.154600,1.502535,-1.914507,-0.145393,1.600032,-1.879709,-0.192844,1.452751,-1.908772,-0.124554,1.448673,-1.927525,-0.323405,1.403691,-1.855123,0.004360,1.386504,-1.967978,-0.418807,1.156510,-1.736001,0.026156,1.122474,-2.088795,-0.257839,1.020576,-1.547410,0.060014,0.848322,-2.149246,-0.320830,0.062420,-2.254987,-0.012374,0.119295,-1.397284,,,,,,,,,,-0.234823,1.027875,-1.541038,-0.190658,1.010530,-1.516613,-0.166813,0.992112,-1.497135,-0.195232,0.997988,-1.477896,-0.171381,0.973143,-1.464687,-0.154331,0.952722,-1.463658,-0.214466,0.981452,-1.474038,-0.192722,0.950284,-1.464062,-0.178583,0.928265,-1.464631,-0.230841,0.968176,-1.472139,-0.211828,0.937132,-1.463276,-0.200558,0.917543,-1.467320,-0.247451,0.954923,-1.477319,-0.229931,0.927802,-1.471365,-0.218044,0.908956,-1.475835,0.049034,0.830034,-2.136261,0.008800,0.796021,-2.144763,-0.013163,0.776293,-2.165155,0.023447,0.761702,-2.169783,-0.003476,0.741145,-2.184379,-0.028535,0.737662,-2.192679,0.029759,0.771000,-2.192847,0.002217,0.750524,-2.211972,-0.022456,0.752784,-2.220424,0.035126,0.779949,-2.211263,0.008178,0.762859,-2.230901,-0.012959,0.770439,-2.235667,0.038311,0.794998,-2.226811,0.013526,0.782388,-2.244262,-0.007822,0.784643,-2.251745,,,
26,0.867,-0.173095,0.922034,-1.889468,-0.292233,0.925275,-1.902930,-0.053957,0.918794,-1.876006,-0.288700,0.513700,-2.074469,-0.045074,0.565890,-1.603585,-0.295246,0.205080,-2.353709,-0.037521,0.153441,-1.547979,-0.170085,1.039227,-1.887893,-0.170792,1.253385,-1.877806,-0.150171,1.494281,-1.856768,-0.138512,1.591954,-1.823219,-0.188246,1.444482,-1.850120,-0.120099,1.440334,-1.869367,-0.318814,1.396095,-1.795879,0.008082,1.376558,-1.909647,-0.414458,1.143593,-1.688712,0.036147,1.108308,-2.019364,-0.267607,0.997461,-1.496266,0.074718,0.832799,-2.070035,-0.322813,0.055404,-2.259247,-0.017938,0.084719,-1.383723,,,,,,,,,,-0.245126,1.004499,-1.487978,-0.202933,0.986314,-1.460830,-0.181948,0.966159,-1.439839,-0.210408,0.972669,-1.422946,-0.187717,0.947263,-1.408796,-0.170884,0.926701,-1.407156,-0.229893,0.956089,-1.421023,-0.209068,0.924403,-1.410729,-0.195041,0.902308,-1.411132,-0.246377,0.942815,-1.420743,-0.228257,0.911398,-1.411343,-0.216809,0.891849,-1.415068,-0.262566,0.929771,-1.427537,-0.245509,0.902416,-1.421316,-0.233327,0.883704,-1.425558,0.063147,0.814359,-2.057799,0.023175,0.780653,-2.068479,0.001742,0.761174,-2.089659,0.038715,0.746664,-2.093409,0.011869,0.727033,-2.109363,-0.012942,0.724254,-2.118616,0.046004,0.756291,-2.116047,0.019023,0.736486,-2.136624,-0.005270,0.739155,-2.146007,0.052155,0.765501,-2.134084,0.025657,0.749129,-2.154908,0.004779,0.757034,-2.160253,0.056032,0.780776,-2.149251,0.031495,0.768629,-2.167368,0.010337,0.771148,-2.175290,,,
27,0.900,-0.165766,0.918424,-1.827877,-0.285101,0.920660,-1.839697,-0.046430,0.916189,-1.816058,-0.308617,0.494934,-1.970225,-0.031074,0.563411,-1.543763,-0.296594,0.227862,-2.289272,-0.035149,0.147274,-1.534998,-0.163702,1.035640,-1.826544,-0.164538,1.249853,-1.817718,-0.142663,1.490852,-1.799285,-0.128893,1.588615,-1.766816,-0.180879,1.441289,-1.791744,-0.112957,1.436653,-1.811666,-0.311753,1.394423,-1.736907,0.013882,1.370213,-1.851888,-0.407025,1.134157,-1.649874,0.048161,1.097023,-1.946629,-0.283215,0.966153,-1.459085,0.089867,0.819291,-1.979590,-0.320884,0.052562,-2.261593,-0.015327,0.065158,-1.377042,,,,,,,,,,-0.261690,0.972031,-1.447870,-0.223192,0.950977,-1.417495,-0.206018,0.928240,-1.395695,-0.235166,0.935044,-1.381718,-0.214907,0.908052,-1.366832,-0.198886,0.886897,-1.364691,-0.255049,0.918891,-1.383136,-0.236245,0.885984,-1.372777,-0.222757,0.863556,-1.373125,-0.271703,0.906066,-1.385617,-0.255442,0.873606,-1.376357,-0.244051,0.854015,-1.380035,-0.287257,0.893932,-1.395063,-0.271469,0.865755,-1.389168,-0.259233,0.847089,-1.393454,0.077364,0.801242,-1.967693,0.037855,0.767592,-1.980128,0.017844,0.747871,-2.002445,0.054656,0.732891,-2.003191,0.027613,0.714462,-2.020210,0.003162,0.712813,-2.030620,0.063473,0.741911,-2.025533,0.036968,0.722755,-2.047307,0.013322,0.726167,-2.058009,0.070857,0.750634,-2.043349,0.044703,0.734842,-2.065039,0.024346,0.743340,-2.071390,0.075840,0.765507,-2.058592,0.051675,0.753403,-2.077230,0.030849,0.756328,-2.085860,,,
28,0.933,-0.158989,0.918375,-1.769106,-0.278531,0.920322,-1.778670,-0.039446,0.916429,-1.759541,-0.330043,0.481907,-1.841687,-0.018279,0.555567,-1.498460,-0.308614,0.264722,-2.196138,-0.033356,0.140816,-1.530368,-0.157195,1.035595,-1.767659,-0.159186,1.249802,-1.758896,-0.138855,1.490981,-1.741060,-0.124459,1.588789,-1.708999,-0.176784,1.441203,-1.733490,-0.108779,1.436934,-1.753210,-0.307856,1.394136,-1.679303,0.017792,1.369527,-1.792660,-0.397892,1.126385,-1.611532,0.060381,1.092393,-1.871186,-0.301104,0.930133,-1.432445,0.106169,0.813524,-1.881014,-0.324022,0.088826,-2.226290,-0.010999,0.055883,-1.374250,,,,,,,,,,-0.280910,0.933854,-1.418233,-0.246846,0.908010,-1.386299,-0.233019,0.882279,-1.365469,-0.263387,0.888655,-1.354220,-0.245959,0.859311,-1.340228,-0.230992,0.837349,-1.338651,-0.283383,0.873568,-1.359769,-0.267060,0.838928,-1.350973,-0.254355,0.816078,-1.352209,-0.299960,0.861776,-1.365612,-0.285797,0.827861,-1.358338,-0.274587,0.808345,-1.362873,-0.314603,0.851407,-1.378121,-0.300549,0.822026,-1.373973,-0.288519,0.803430,-1.379068,0.093660,0.796056,-1.868285,0.055816,0.760220,-1.879753,0.037858,0.738305,-1.901768,0.074729,0.724399,-1.899179,0.048040,0.704990,-1.915658,0.023879,0.702790,-1.926629,0.084328,0.731925,-1.921751,0.058535,0.711300,-1.943034,0.035242,0.714021,-1.954669,0.092287,0.739463,-1.939858,0.066747,0.722033,-1.961018,0.046516,0.729952,-1.968431,0.097543,0.753250,-1.956003,0.073965,0.739348,-1.974131,0.053280,0.741373,-1.983341,,,
29,0.967,-0.153872,0.922127,-1.714117,-0.273614,0.923798,-1.720787,-0.034129,0.920456,-1.707447,-0.336105,0.482490,-1.707556,-0.009387,0.546934,-1.465163,-0.315728,0.294403,-2.078327,-0.030593,0.135641,-1.525593,-0.152324,1.039348,-1.712533,-0.155571,1.253452,-1.701836,-0.138043,1.494593,-1.680796,-0.124305,1.592187,-1.647809,-0.175666,1.444376,-1.674749,-0.107145,1.440974,-1.692780,-0.307557,1.395389,-1.624385,0.020253,1.373838,-1.729966,-0.389446,1.121601,-1.572191,0.069470,1.093969,-1.793485,-0.325767,0.894372,-1.416413,0.117299,0.815644,-1.779067,-0.333777,0.121812,-2.122745,-0.005792,0.051082,-1.369642,,,,,,,,,,-0.306588,0.894206,-1.400420,-0.276209,0.860933,-1.371819,-0.264669,0.831266,-1.355271,-0.295974,0.836840,-1.345247,-0.280827,0.804420,-1.336298,-0.266928,0.781792,-1.338189,-0.316104,0.824218,-1.354928,-0.302111,0.787610,-1.352140,-0.290422,0.764714,-1.357064,-0.332666,0.814690,-1.364033,-0.320482,0.779279,-1.362832,-0.309787,0.760448,-1.370455,-0.346729,0.807704,-1.379259,-0.334736,0.777156,-1.380238,-0.323439,0.759119,-1.388208,0.106028,0.799028,-1.764217,0.070660,0.759634,-1.770939,0.054204,0.734108,-1.790044,0.091901,0.723088,-1.786152,0.065911,0.700679,-1.799678,0.041705,0.696145,-1.809799,0.100916,0.728483,-1.809559,0.075731,0.704528,-1.827873,0.052158,0.704995,-1.839249,0.108306,0.734316,-1.828516,0.083356,0.713357,-1.847012,0.062642,0.719426,-1.854826,0.112583,0.746392,-1.846244,0.089562,0.729251,-1.862182,0.068671,0.729104,-1.871146,,,
30,1.000,-0.151243,0.930470,-1.660231,-0.271080,0.931757,-1.665007,-0.031405,0.929184,-1.655455,-0.336225,0.498037,-1.584534,-0.009399,0.538536,-1.441581,-0.312264,0.303558,-1.951776,-0.029135,0.130279,-1.520325,-0.150055,1.047693,-1.658460,-0.153729,1.261674,-1.645637,-0.138665,1.502517,-1.619826,-0.126863,1.599709,-1.584954,-0.176234,1.452013,-1.616415,-0.106910,1.449265,-1.631194,-0.309760,1.400682,-1.573201,0.022482,1.383191,-1.663004,-0.383587,1.122021,-1.537322,0.077412,1.101229,-1.710586,-0.354657,0.870043,-1.412321,0.123809,0.825276,-1.669875,-0.335476,0.127668,-1.976473,-0.003336,0.045645,-1.364576,,,,,,,,,,-0.335904,0.864797,-1.396686,-0.307743,0.823797,-1.377347,-0.297520,0.790505,-1.368729,-0.329206,0.794646,-1.358195,-0.315409,0.760437,-1.358299,-0.302318,0.738639,-1.366192,-0.349631,0.785968,-1.371072,-0.337289,0.749394,-1.378399,-0.326516,0.728218,-1.389383,-0.366369,0.779951,-1.382544,-0.355671,0.745045,-1.390962,-0.345606,0.728541,-1.403350,-0.380348,0.777850,-1.399234,-0.370105,0.748033,-1.408399,-0.359684,0.732194,-1.420931,0.113968,0.810440,-1.652362,0.081089,0.768407,-1.652005,0.065543,0.739253,-1.665996,0.104314,0.731341,-1.662252,0.079914,0.705229,-1.671383,0.055946,0.697403,-1.679942,0.112442,0.733677,-1.686475,0.088546,0.705631,-1.700113,0.064750,0.702813,-1.710655,0.119019,0.737017,-1.706315,0.095403,0.711790,-1.720798,0.074187,0.715156,-1.728891,0.122111,0.746515,-1.725773,0.100281,0.725635,-1.738631,0.079385,0.722717,-1.747094,,,
31,1.033,-0.152707,0.943571,-1.606793,-0.272569,0.944629,-1.610967,-0.032844,0.942513,-1.602620,-0.339796,0.524683,-1.476955,-0.018919,0.533462,-1.425655,-0.306754,0.290965,-1.819807,-0.030483,0.126688,-1.513203,-0.151741,1.060792,-1.604829,-0.154849,1.274706,-1.590799,-0.142114,1.515290,-1.561543,-0.133146,1.612141,-1.524923,-0.179638,1.464642,-1.560810,-0.109582,1.462260,-1.571684,-0.314941,1.411638,-1.525950,0.022031,1.397391,-1.595981,-0.382559,1.129529,-1.510712,0.081430,1.113809,-1.624915,-0.381396,0.862113,-1.418831,0.120384,0.842328,-1.556060,-0.327255,0.113073,-1.815345,-0.005306,0.042420,-1.357155,,,,,,,,,,-0.363214,0.852347,-1.404772,-0.336728,0.806799,-1.396296,-0.327101,0.772238,-1.396135,-0.359492,0.774411,-1.385806,-0.346460,0.741046,-1.394612,-0.333653,0.721719,-1.407699,-0.379806,0.770080,-1.400867,-0.368282,0.736357,-1.417411,-0.357817,0.718499,-1.433432,-0.396399,0.767825,-1.413812,-0.386378,0.736064,-1.430975,-0.376420,0.723115,-1.447108,-0.409988,0.770614,-1.430722,-0.400567,0.743924,-1.447362,-0.390399,0.731627,-1.463545,0.110435,0.830289,-1.536575,0.078680,0.787897,-1.530054,0.064149,0.756373,-1.539135,0.103162,0.750383,-1.533451,0.080689,0.721547,-1.538357,0.057521,0.710810,-1.545900,0.111925,0.748940,-1.557522,0.089659,0.717868,-1.566597,0.066335,0.712113,-1.576998,0.118984,0.749163,-1.577475,0.097206,0.720578,-1.588081,0.076174,0.721351,-1.597247,0.122387,0.755411,-1.598158,0.101999,0.731750,-1.608271,0.081644,0.726479,-1.616915,,,
32,1.067,-0.157838,0.959487,-1.554813,-0.277695,0.960349,-1.559180,-0.037980,0.958624,-1.550445,-0.344175,0.554809,-1.386118,-0.032578,0.532455,-1.419359,-0.304514,0.264660,-1.681928,-0.034466,0.125903,-1.508664,-0.157063,1.076710,-1.552914,-0.159265,1.290537,-1.537453,-0.148781,1.530971,-1.506141,-0.142802,1.627657,-1.468490,-0.186133,1.480211,-1.507600,-0.115612,1.478099,-1.514955,-0.322854,1.426322,-1.480494,0.017764,1.414441,-1.531651,-0.386622,1.143050,-1.489446,0.080579,1.130294,-1.541594,-0.405673,0.866999,-1.431238,0.107180,0.865552,-1.445862,-0.324472,0.092118,-1.638147,-0.011264,0.041536,-1.352363,,,,,,,,,,-0.388255,0.853906,-1.419038,-0.362625,0.807110,-1.420150,-0.352649,0.773342,-1.427029,-0.386158,0.773639,-1.418386,-0.373079,0.742272,-1.432727,-0.359744,0.725514,-1.448544,-0.405793,0.773287,-1.434897,-0.394053,0.743397,-1.457535,-0.383101,0.728943,-1.476408,-0.421790,0.774396,-1.448713,-0.411682,0.746511,-1.471604,-0.401252,0.736830,-1.489622,-0.434553,0.781263,-1.465093,-0.425122,0.758769,-1.487071,-0.414609,0.750198,-1.505306,0.095055,0.856586,-1.425957,0.062642,0.815280,-1.416411,0.049137,0.782505,-1.421956,0.087241,0.778071,-1.411058,0.066228,0.747834,-1.413235,0.044326,0.734938,-1.421170,0.098666,0.772985,-1.433460,0.077840,0.740239,-1.439588,0.055875,0.732187,-1.451337,0.107938,0.770165,-1.452277,0.088057,0.739454,-1.460365,0.068237,0.737957,-1.471849,0.113678,0.773126,-1.473174,0.094917,0.747620,-1.481853,0.075836,0.740490,-1.491947,,,
33,1.100,-0.164496,0.974436,-1.499718,-0.284332,0.975012,-1.504674,-0.044660,0.973861,-1.494763,-0.346782,0.579926,-1.307597,-0.044359,0.534990,-1.415865,-0.308896,0.230190,-1.530112,-0.039667,0.127500,-1.500680,-0.163995,1.091667,-1.498204,-0.165511,1.305335,-1.480612,-0.157536,1.545653,-1.447711,-0.154207,1.642322,-1.409691,-0.194524,1.494701,-1.450809,-0.123769,1.493009,-1.455562,-0.331839,1.439462,-1.430200,0.010943,1.430936,-1.466507,-0.392779,1.157882,-1.467469,0.077862,1.147620,-1.460365,-0.423083,0.877866,-1.442411,0.090302,0.891458,-1.341257,-0.333797,0.075755,-1.442843,-0.018750,0.042782,-1.344246,,,,,,,,,,-0.406335,0.862756,-1.431695,-0.380103,0.816973,-1.439679,-0.368874,0.785058,-1.451617,-0.403280,0.783742,-1.445660,-0.389269,0.754172,-1.462687,-0.374733,0.739277,-1.479290,-0.421790,0.786430,-1.463221,-0.408708,0.759909,-1.489091,-0.396551,0.748128,-1.509053,-0.436864,0.790058,-1.477630,-0.425801,0.765480,-1.503655,-0.414432,0.758222,-1.522234,-0.448617,0.799820,-1.493281,-0.438142,0.781394,-1.518356,-0.426708,0.776036,-1.537251,0.075444,0.885264,-1.322165,0.041781,0.845278,-1.311400,0.028957,0.811865,-1.313952,0.065174,0.809594,-1.297339,0.044984,0.778725,-1.297546,0.024503,0.764074,-1.306195,0.079613,0.801514,-1.316948,0.059833,0.767799,-1.320905,0.039709,0.757638,-1.334213,0.091427,0.796160,-1.333674,0.073059,0.764065,-1.339707,0.055066,0.760351,-1.353469,0.100070,0.796174,-1.353766,0.082807,0.769276,-1.361266,0.065399,0.760357,-1.372851,,,
34,1.133,-0.170066,0.985112,-1.456390,-0.289950,0.986024,-1.459907,-0.050181,0.984201,-1.452873,-0.343549,0.593827,-1.254623,-0.052252,0.539228,-1.424106,-0.310751,0.197599,-1.377874,-0.045899,0.133071,-1.514988,-0.169262,1.102314,-1.453411,-0.170298,1.315884,-1.434638,-0.166418,1.556399,-1.402447,-0.165495,1.653208,-1.364650,-0.202628,1.504947,-1.406371,-0.131752,1.504182,-1.409159,-0.340312,1.448735,-1.391716,0.004269,1.444330,-1.415180,-0.398027,1.170967,-1.454193,0.080188,1.164122,-1.392745,-0.430984,0.890140,-1.451914,0.084121,0.918424,-1.252824,-0.339267,0.072276,-1.253106,-0.024616,0.049176,-1.358160,,,,,,,,,,-0.414580,0.874846,-1.440930,-0.385301,0.831208,-1.450229,-0.371040,0.801072,-1.463481,-0.405988,0.797694,-1.461458,-0.388926,0.770046,-1.478926,-0.372051,0.757013,-1.494869,-0.422818,0.801194,-1.480505,-0.406076,0.777390,-1.506902,-0.391496,0.767747,-1.526384,-0.436589,0.805487,-1.495994,-0.422109,0.783453,-1.522614,-0.408750,0.778089,-1.540498,-0.447264,0.816142,-1.511833,-0.433672,0.800405,-1.537241,-0.420301,0.797176,-1.555332,0.067738,0.912431,-1.234955,0.033592,0.872329,-1.226359,0.021150,0.838802,-1.229276,0.055978,0.837120,-1.209702,0.035951,0.806182,-1.211228,0.016340,0.791335,-1.221421,0.072100,0.828830,-1.227858,0.052765,0.795023,-1.233042,0.033878,0.784654,-1.247911,0.085339,0.823291,-1.243416,0.067646,0.791024,-1.250462,0.050900,0.787027,-1.265646,0.095664,0.823030,-1.262696,0.079160,0.795941,-1.271157,0.062806,0.786775,-1.284014,,,
35,1.167,-0.174231,0.987424,-1.403948,-0.294135,0.987455,-1.406863,-0.054326,0.987393,-1.401032,-0.335343,0.588169,-1.212684,-0.053555,0.541543,-1.408110,-0.313143,0.172521,-1.209989,-0.049178,0.138750,-1.513000,-0.174306,1.104586,-1.399611,-0.173915,1.318072,-1.379885,-0.174447,1.558701,-1.348319,-0.175736,1.655673,-1.310954,-0.209791,1.506742,-1.353316,-0.138858,1.506953,-1.353687,-0.347519,1.449325,-1.345213,-0.001217,1.450602,-1.353524,-0.398066,1.176658,-1.431742,0.086286,1.175772,-1.313578,-0.430553,0.896522,-1.452329,0.077134,0.944775,-1.150738,-0.346529,0.084811,-1.057416,-0.026852,0.055110,-1.356181,,,,,,,,,,-0.414741,0.881113,-1.440659,-0.382944,0.839179,-1.449517,-0.366161,0.810457,-1.462954,-0.401029,0.805781,-1.464839,-0.381286,0.779846,-1.482106,-0.362423,0.768394,-1.497002,-0.415977,0.809934,-1.485273,-0.395704,0.788414,-1.511151,-0.378846,0.780511,-1.529548,-0.428275,0.814750,-1.501813,-0.410329,0.794951,-1.528075,-0.395034,0.791182,-1.544777,-0.437716,0.826039,-1.517993,-0.420961,0.812411,-1.542722,-0.405683,0.810791,-1.559468,0.058983,0.939062,-1.134566,0.024755,0.898596,-1.128326,0.012757,0.864897,-1.131112,0.045741,0.864429,-1.108067,0.026061,0.833402,-1.111320,0.007810,0.818281,-1.123452,0.063897,0.855854,-1.124039,0.045476,0.821765,-1.130535,0.028468,0.810886,-1.147199,0.078857,0.850059,-1.137846,0.062137,0.817526,-1.145965,0.047186,0.813063,-1.162802,0.091244,0.849353,-1.155858,0.075673,0.821986,-1.165152,0.060738,0.812408,-1.179366,,,
36,1.200,-0.177443,0.981140,-1.354216,-0.297312,0.977629,-1.356337,-0.057573,0.984650,-1.352096,-0.330018,0.583796,-1.149799,-0.047311,0.539476,-1.375487,-0.325664,0.179777,-1.049732,-0.046291,0.146067,-1.511474,-0.180963,1.098211,-1.348977,-0.177817,1.311673,-1.329231,-0.183585,1.552346,-1.298535,-0.186653,1.649472,-1.261676,-0.217837,1.499782,-1.304677,-0.146953,1.501193,-1.302384,-0.355135,1.440820,-1.302646,-0.007974,1.448723,-1.295168,-0.394635,1.173720,-1.409824,0.091559,1.181900,-1.234488,-0.423365,0.895614,-1.452092,0.073189,0.965044,-1.053943,-0.361960,0.131649,-0.881053,-0.023968,0.059799,-1.356085,,,,,,,,,,-0.408591,0.879951,-1.439442,-0.375072,0.839043,-1.446588,-0.356165,0.811276,-1.459183,-0.390600,0.806094,-1.465310,-0.368580,0.781298,-1.481462,-0.347982,0.770851,-1.494706,-0.403295,0.810944,-1.487072,-0.379866,0.790988,-1.511496,-0.360936,0.784227,-1.528260,-0.413801,0.816320,-1.504642,-0.392638,0.798116,-1.529632,-0.375524,0.795413,-1.544696,-0.421655,0.828193,-1.521247,-0.401941,0.816045,-1.544524,-0.384862,0.815484,-1.559506,0.053425,0.959961,-1.039549,0.019391,0.919173,-1.034451,0.007484,0.885359,-1.035946,0.038522,0.886916,-1.009717,0.019492,0.855570,-1.013697,0.002895,0.839658,-1.027126,0.058506,0.877759,-1.022948,0.041340,0.843027,-1.029477,0.026499,0.830906,-1.047313,0.075024,0.871439,-1.034576,0.059513,0.838301,-1.042645,0.046595,0.832721,-1.060781,0.089377,0.869860,-1.051005,0.074858,0.841882,-1.060182,0.061520,0.831361,-1.075289,,,
37,1.233,-0.180438,0.969243,-1.298729,-0.300177,0.962326,-1.299249,-0.060699,0.976160,-1.298208,-0.327628,0.582479,-1.067309,-0.041153,0.532810,-1.341705,-0.345911,0.197326,-0.910510,-0.043287,0.151507,-1.508638,-0.187217,1.086146,-1.292968,-0.182791,1.299689,-1.274375,-0.193013,1.540402,-1.245192,-0.197320,1.637667,-1.208826,-0.226289,1.487304,-1.252065,-0.155534,1.489780,-1.247662,-0.363300,1.427721,-1.255076,-0.016370,1.439251,-1.233503,-0.391927,1.166158,-1.378183,0.091697,1.182022,-1.150205,-0.417067,0.891486,-1.440460,0.065421,0.977365,-0.956852,-0.383911,0.189771,-0.735624,-0.020686,0.061904,-1.355188,,,,,,,,,,-0.403417,0.875255,-1.427275,-0.368781,0.835099,-1.433269,-0.348342,0.808253,-1.445463,-0.381894,0.803136,-1.455261,-0.357641,0.780135,-1.470861,-0.335546,0.771202,-1.482729,-0.392413,0.809105,-1.477887,-0.366178,0.791261,-1.501062,-0.345514,0.785988,-1.516238,-0.401182,0.815380,-1.496101,-0.377072,0.799396,-1.519912,-0.358440,0.798096,-1.533265,-0.407499,0.828108,-1.512728,-0.385325,0.817739,-1.534608,-0.366832,0.818360,-1.547804,0.044514,0.973079,-0.943884,0.010994,0.931974,-0.937991,-0.000473,0.897986,-0.937191,0.028401,0.902750,-0.908645,0.010314,0.870742,-0.911632,-0.004670,0.853342,-0.925112,0.049709,0.892979,-0.919073,0.033936,0.857317,-0.923866,0.021087,0.843221,-0.941797,0.067361,0.886082,-0.928498,0.053205,0.851991,-0.934923,0.042132,0.844514,-0.953590,0.083206,0.883388,-0.943333,0.069921,0.854366,-0.951018,0.058122,0.842188,-0.966160,,,
38,1.267,-0.184306,0.954099,-1.239695,-0.303954,0.945902,-1.238091,-0.064657,0.962296,-1.241300,-0.328131,0.585892,-0.976096,-0.040245,0.522428,-1.310240,-0.357614,0.210062,-0.799614,-0.044294,0.155177,-1.506131,-0.192223,1.070903,-1.233392,-0.188890,1.284560,-1.215913,-0.201055,1.525338,-1.188046,-0.206035,1.622755,-1.152177,-0.233888,1.472010,-1.195251,-0.163238,1.474933,-1.189622,-0.370938,1.412869,-1.202412,-0.024669,1.424652,-1.169855,-0.391811,1.155185,-1.334898,0.088280,1.176587,-1.067435,-0.415881,0.884814,-1.414118,0.058207,0.980412,-0.866011,-0.395205,0.235225,-0.626294,-0.020466,0.063652,-1.354007,,,,,,,,,,-0.402955,0.867917,-1.401040,-0.367744,0.828277,-1.407111,-0.346270,0.802170,-1.419131,-0.379264,0.797549,-1.431614,-0.352899,0.777704,-1.448097,-0.329771,0.771342,-1.459647,-0.388415,0.804740,-1.454479,-0.360023,0.789972,-1.477272,-0.338253,0.786826,-1.491459,-0.396092,0.811994,-1.472821,-0.369607,0.799068,-1.495956,-0.350024,0.799648,-1.507926,-0.401463,0.825611,-1.489072,-0.377575,0.817110,-1.509930,-0.358219,0.818919,-1.521701,0.036735,0.976337,-0.853929,0.004420,0.934510,-0.846558,-0.005432,0.900131,-0.843669,0.021093,0.908468,-0.813968,0.004359,0.875630,-0.815459,-0.009152,0.856660,-0.828364,0.043319,0.898765,-0.822341,0.029237,0.862185,-0.825034,0.018033,0.846193,-0.842471,0.061735,0.891854,-0.830158,0.049221,0.856823,-0.834639,0.039567,0.847481,-0.853253,0.078519,0.888624,-0.843806,0.066689,0.858571,-0.849696,0.056202,0.844726,-0.864364,,,
39,1.300,-0.189241,0.940297,-1.178238,-0.308879,0.932407,-1.175067,-0.069603,0.948188,-1.181410,-0.332616,0.574815,-0.909742,-0.044769,0.513753,-1.278784,-0.355325,0.198470,-0.733356,-0.046853,0.160947,-1.499663,-0.196778,1.057124,-1.171877,-0.195562,1.270813,-1.154526,-0.208812,1.511523,-1.126562,-0.214771,1.608976,-1.090939,-0.241374,1.458143,-1.134573,-0.170870,1.461194,-1.127381,-0.377923,1.398514,-1.145972,-0.032761,1.411717,-1.102925,-0.392528,1.141488,-1.280561,0.081812,1.169142,-0.989726,-0.416099,0.875022,-1.372188,0.053675,0.976025,-0.785092,-0.387780,0.218227,-0.558306,-0.022463,0.063124,-1.351602,,,,,,,,,,-0.403304,0.857500,-1.359823,-0.367796,0.818393,-1.367424,-0.346036,0.793085,-1.380583,-0.378752,0.788981,-1.393732,-0.351692,0.771190,-1.411391,-0.328311,0.766383,-1.423183,-0.387561,0.797353,-1.416328,-0.358442,0.784679,-1.439463,-0.336357,0.782907,-1.453399,-0.394971,0.805551,-1.434380,-0.367698,0.794637,-1.457637,-0.347864,0.796350,-1.469073,-0.400142,0.820001,-1.449963,-0.375681,0.812826,-1.470655,-0.356065,0.815404,-1.481838,0.031959,0.972158,-0.773383,0.000617,0.929994,-0.764013,-0.008047,0.895536,-0.759018,0.016988,0.906811,-0.729187,0.001220,0.873467,-0.728870,-0.011348,0.853263,-0.740820,0.039729,0.897221,-0.736199,0.026833,0.860112,-0.736642,0.016655,0.842579,-0.753205,0.058567,0.890340,-0.742967,0.047172,0.854728,-0.745376,0.038374,0.843859,-0.763580,0.075852,0.886671,-0.755857,0.065047,0.855936,-0.759908,0.055405,0.840783,-0.773844,,,
40,1.333,-0.195188,0.928124,-1.114038,-0.314943,0.922212,-1.110974,-0.075433,0.934036,-1.117101,-0.336196,0.556142,-0.857254,-0.054409,0.507486,-1.245342,-0.348947,0.172570,-0.696092,-0.049560,0.169125,-1.487730,-0.200855,1.045149,-1.109735,-0.202123,1.259014,-1.094707,-0.217369,1.499843,-1.068861,-0.225227,1.597537,-1.034284,-0.249418,1.446244,-1.077454,-0.179175,1.449702,-1.068196,-0.384851,1.384687,-1.091600,-0.041258,1.402114,-1.039310,-0.396765,1.124858,-1.220968,0.073741,1.160408,-0.924692,-0.420538,0.859012,-1.314328,0.053320,0.963806,-0.722476,-0.372495,0.154597,-0.519433,-0.024189,0.058686,-1.349001,,,,,,,,,,-0.407677,0.840749,-1.303161,-0.373420,0.801200,-1.313663,-0.352950,0.776047,-1.329007,-0.386090,0.773075,-1.340602,-0.360175,0.755518,-1.360116,-0.337419,0.750754,-1.373088,-0.395586,0.782506,-1.362491,-0.367682,0.770028,-1.387177,-0.346189,0.768261,-1.402010,-0.403509,0.791558,-1.379906,-0.377394,0.780963,-1.404594,-0.357975,0.782678,-1.416721,-0.408953,0.806710,-1.394710,-0.385380,0.799682,-1.416456,-0.366090,0.802163,-1.428213,0.031649,0.960045,-0.710651,0.001162,0.917725,-0.699359,-0.006360,0.883263,-0.692789,0.017891,0.896578,-0.663425,0.003001,0.862926,-0.660903,-0.009085,0.841687,-0.671477,0.040852,0.887146,-0.669914,0.028903,0.849758,-0.668184,0.019172,0.831035,-0.683678,0.059854,0.880348,-0.676297,0.049457,0.844354,-0.676661,0.040996,0.832224,-0.694217,0.077258,0.876434,-0.688953,0.067532,0.845169,-0.691346,0.058472,0.828982,-0.704487,,,
41,1.367,-0.202349,0.918324,-1.046872,-0.322198,0.913797,-1.045752,-0.082499,0.922851,-1.047991,-0.339059,0.539360,-0.804204,-0.064789,0.507922,-1.210327,-0.344772,0.146383,-0.667092,-0.048716,0.183007,-1.470011,-0.206746,1.035449,-1.044036,-0.210558,1.249548,-1.033423,-0.226614,1.490951,-1.014300,-0.237016,1.589226,-0.982125,-0.258392,1.437109,-1.022362,-0.188429,1.440889,-1.011284,-0.393071,1.374259,-1.037944,-0.050878,1.394592,-0.978779,-0.407279,1.109557,-1.156775,0.061522,1.149298,-0.869322,-0.433443,0.840459,-1.239581,0.050199,0.944037,-0.675158,-0.367305,0.087637,-0.499380,-0.022067,0.050715,-1.352219,,,,,,,,,,-0.420503,0.821704,-1.229362,-0.388180,0.781240,-1.242243,-0.369691,0.755768,-1.259462,-0.403317,0.753782,-1.268590,-0.379172,0.735743,-1.289856,-0.357411,0.730488,-1.304266,-0.413822,0.763714,-1.289786,-0.387728,0.750653,-1.316097,-0.367164,0.748395,-1.332131,-0.422500,0.773174,-1.306614,-0.398174,0.762078,-1.332861,-0.379446,0.763345,-1.346081,-0.428357,0.788631,-1.320938,-0.406186,0.780971,-1.343910,-0.387468,0.782880,-1.356657,0.028560,0.940412,-0.663232,-0.001803,0.898202,-0.651214,-0.008481,0.863662,-0.644161,0.015046,0.877664,-0.614986,0.000730,0.843973,-0.610448,-0.011227,0.822040,-0.619662,0.038017,0.868184,-0.621370,0.026528,0.830770,-0.617934,0.016839,0.811287,-0.632489,0.057022,0.861332,-0.627684,0.047261,0.825175,-0.626565,0.038890,0.812223,-0.643568,0.074411,0.857259,-0.640311,0.065481,0.825702,-0.641792,0.056805,0.808969,-0.654501,,,
42,1.400,-0.212101,0.912331,-0.982701,-0.331988,0.908967,-0.983845,-0.092214,0.915695,-0.981557,-0.353144,0.539063,-0.735739,-0.065993,0.499346,-1.139033,-0.350364,0.133094,-0.643844,-0.044465,0.201167,-1.428670,-0.215403,1.029517,-0.981218,-0.222251,1.243675,-0.973787,-0.236137,1.485645,-0.961276,-0.248575,1.584534,-0.931820,-0.268355,1.431912,-0.968250,-0.198481,1.435320,-0.956509,-0.403226,1.369389,-0.983479,-0.061587,1.388270,-0.922352,-0.425941,1.100041,-1.089900,0.045047,1.135067,-0.825910,-0.458796,0.826936,-1.155393,0.042816,0.916923,-0.645997,-0.373829,0.045403,-0.489423,-0.017365,0.040947,-1.353296,,,,,,,,,,-0.445797,0.808484,-1.144707,-0.414306,0.767088,-1.156649,-0.396834,0.740779,-1.173672,-0.430472,0.738694,-1.181342,-0.407089,0.719728,-1.202652,-0.385818,0.713787,-1.217520,-0.441438,0.747820,-1.202667,-0.416090,0.733427,-1.229012,-0.395938,0.730309,-1.245421,-0.450463,0.756643,-1.219658,-0.426890,0.744157,-1.245967,-0.408479,0.744637,-1.259676,-0.456532,0.771529,-1.234488,-0.434781,0.762339,-1.257301,-0.416219,0.763259,-1.270381,0.021182,0.913557,-0.633987,-0.010009,0.871807,-0.622495,-0.017707,0.837377,-0.615962,0.006628,0.850278,-0.586746,-0.007990,0.816813,-0.581556,-0.020400,0.794925,-0.590266,0.029346,0.840420,-0.593454,0.017362,0.803190,-0.589718,0.007172,0.783743,-0.603974,0.048156,0.833271,-0.600017,0.038000,0.797228,-0.598762,0.029290,0.784347,-0.615649,0.065370,0.829047,-0.612832,0.056143,0.797587,-0.614552,0.047229,0.780992,-0.627277,,,
43,1.433,-0.223258,0.909809,-0.921581,-0.343132,0.907055,-0.924475,-0.103385,0.912562,-0.918688,-0.373400,0.549994,-0.659100,-0.054825,0.482413,-1.025675,-0.357388,0.134469,-0.640496,-0.036402,0.227367,-1.354119,-0.225954,1.027019,-0.921434,-0.233402,1.241209,-0.915679,-0.247308,1.483339,-0.906814,-0.261020,1.582551,-0.879058,-0.279530,1.429501,-0.912898,-0.209632,1.433098,-0.901367,-0.414200,1.365930,-0.925322,-0.072673,1.385957,-0.867597,-0.445919,1.092257,-1.017442,0.031991,1.124910,-0.792206,-0.483338,0.815214,-1.059895,0.042348,0.891807,-0.632469,-0.383383,0.047052,-0.486326,-0.017829,0.049323,-1.347646,,,,,,,,,,-0.470335,0.797861,-1.047508,-0.439370,0.755131,-1.055464,-0.422934,0.727207,-1.070868,-0.456137,0.724460,-1.076805,-0.433465,0.703146,-1.096611,-0.412626,0.695438,-1.111280,-0.467342,0.731401,-1.098817,-0.442487,0.714092,-1.123844,-0.422598,0.709084,-1.140106,-0.476545,0.738477,-1.116515,-0.453586,0.722923,-1.141708,-0.435416,0.721672,-1.155688,-0.482710,0.751781,-1.132744,-0.461059,0.739758,-1.154299,-0.442494,0.738894,-1.167379,0.021047,0.887806,-0.620064,-0.009875,0.845504,-0.609949,-0.017969,0.810907,-0.604962,0.007707,0.822111,-0.575862,-0.006626,0.788377,-0.571724,-0.019231,0.766837,-0.581002,0.030218,0.812624,-0.583705,0.018515,0.775207,-0.581126,0.007953,0.756253,-0.595771,0.048832,0.805835,-0.591151,0.038792,0.769737,-0.591312,0.029622,0.757618,-0.608516,0.065681,0.802297,-0.604641,0.056468,0.770931,-0.607663,0.047236,0.754927,-0.620908,,,
44,1.467,-0.233538,0.911450,-0.861741,-0.353360,0.909202,-0.866536,-0.113715,0.913698,-0.856947,-0.387905,0.548435,-0.606754,-0.047518,0.473940,-0.889559,-0.361807,0.134111,-0.637059,-0.033841,0.266188,-1.249997,-0.235697,1.028667,-0.862733,-0.242290,1.242907,-0.857862,-0.255461,1.485108,-0.849860,-0.269619,1.584323,-0.822339,-0.287895,1.431329,-0.855316,-0.217850,1.434792,-0.844665,-0.422428,1.366885,-0.864224,-0.080660,1.386892,-0.812964,-0.463368,1.089250,-0.939271,0.019784,1.119048,-0.758609,-0.503327,0.809692,-0.953620,0.038562,0.873395,-0.619821,-0.389327,0.046771,-0.483110,-0.013755,0.092822,-1.290332,,,,,,,,,,-0.490550,0.793492,-0.939551,-0.460652,0.749431,-0.943121,-0.445983,0.719836,-0.957126,-0.478379,0.717020,-0.960799,-0.456900,0.692742,-0.978402,-0.436667,0.682602,-0.992423,-0.489718,0.721781,-0.983316,-0.465702,0.701111,-1.006547,-0.446196,0.693773,-1.022383,-0.498995,0.727100,-1.001581,-0.477129,0.707910,-1.025190,-0.459321,0.704387,-1.039246,-0.505077,0.738697,-1.019100,-0.483829,0.723629,-1.039087,-0.465352,0.720695,-1.051989,0.017612,0.868638,-0.607090,-0.013230,0.825855,-0.598944,-0.020945,0.790926,-0.596151,0.005215,0.800148,-0.567051,-0.009184,0.766245,-0.565108,-0.022130,0.745514,-0.575671,0.027434,0.791136,-0.576179,0.015736,0.753632,-0.575738,0.004705,0.735683,-0.591278,0.045784,0.784802,-0.584615,0.035569,0.748831,-0.586978,0.025850,0.737951,-0.604701,0.062212,0.782127,-0.598805,0.052836,0.751018,-0.603514,0.043172,0.735880,-0.617449,,,
45,1.500,-0.242397,0.916486,-0.803451,-0.362097,0.914936,-0.810869,-0.122696,0.918036,-0.796033,-0.397240,0.542333,-0.568455,-0.053001,0.479617,-0.754038,-0.365660,0.132148,-0.631815,-0.040988,0.293210,-1.126022,-0.243789,1.033703,-0.805467,-0.248895,1.247991,-0.801003,-0.259366,1.490263,-0.791312,-0.272390,1.589377,-0.762883,-0.292495,1.436840,-0.796042,-0.222121,1.439547,-0.787555,-0.427094,1.372093,-0.800741,-0.084485,1.390204,-0.760320,-0.475986,1.091141,-0.856105,0.008533,1.117075,-0.721180,-0.516494,0.811829,-0.838799,0.036209,0.861687,-0.602979,-0.395024,0.045225,-0.477971,-0.003175,0.123467,-1.168961,,,,,,,,,,-0.503771,0.796851,-0.823390,-0.474692,0.752105,-0.823041,-0.461298,0.721094,-0.835128,-0.493253,0.718452,-0.837191,-0.472861,0.691722,-0.852366,-0.453207,0.679454,-0.865482,-0.504871,0.721193,-0.859901,-0.481846,0.697556,-0.881230,-0.462839,0.688067,-0.896520,-0.514349,0.724867,-0.878466,-0.493466,0.702683,-0.900273,-0.476033,0.697196,-0.914169,-0.520513,0.734802,-0.896951,-0.499920,0.717367,-0.915657,-0.481732,0.712773,-0.928485,0.015597,0.856021,-0.590069,-0.015080,0.812750,-0.584192,-0.021578,0.777464,-0.583990,0.004169,0.784832,-0.554724,-0.010263,0.750889,-0.555110,-0.023502,0.731072,-0.566982,0.026125,0.776507,-0.565062,0.014396,0.739065,-0.567100,0.002948,0.722335,-0.583663,0.044235,0.770802,-0.574416,0.033946,0.735088,-0.579155,0.023768,0.725539,-0.597381,0.060276,0.769159,-0.589193,0.050983,0.738366,-0.595770,0.041058,0.724137,-0.610461,,,
46,1.533,-0.249138,0.925046,-0.746427,-0.368686,0.924238,-0.756068,-0.129589,0.925854,-0.736785,-0.399404,0.534012,-0.542496,-0.063008,0.498898,-0.626747,-0.367424,0.127823,-0.627649,-0.053878,0.296038,-0.990103,-0.249697,1.042251,-0.749309,-0.253312,1.256571,-0.744897,-0.261004,1.498838,-0.732795,-0.271424,1.597896,-0.703123,-0.294829,1.445758,-0.736296,-0.224099,1.447759,-0.731288,-0.429463,1.380946,-0.734176,-0.085769,1.396882,-0.711374,-0.483466,1.097439,-0.767304,0.000281,1.119745,-0.687407,-0.519449,0.821744,-0.715800,0.040307,0.857055,-0.590700,-0.397744,0.040597,-0.474162,-0.009947,0.123730,-1.011699,,,,,,,,,,-0.506083,0.808410,-0.699454,-0.477409,0.763574,-0.695512,-0.464870,0.731214,-0.704611,-0.496957,0.728815,-0.704834,-0.477600,0.700101,-0.717540,-0.458714,0.686000,-0.729920,-0.509697,0.729156,-0.727101,-0.488087,0.702808,-0.746659,-0.470006,0.691278,-0.761667,-0.520081,0.730860,-0.745466,-0.500356,0.706286,-0.765736,-0.483641,0.699204,-0.779790,-0.527097,0.738745,-0.764623,-0.507687,0.719270,-0.782565,-0.490270,0.713236,-0.795858,0.020650,0.850047,-0.576984,-0.009018,0.805910,-0.572545,-0.014105,0.770475,-0.574964,0.012460,0.776167,-0.546614,-0.001360,0.742008,-0.548272,-0.015049,0.722736,-0.560526,0.033807,0.769054,-0.558940,0.022397,0.731686,-0.563065,0.010077,0.716081,-0.580095,0.051347,0.764409,-0.569840,0.041397,0.728900,-0.576472,0.030215,0.720465,-0.594659,0.066418,0.764190,-0.585689,0.057453,0.733760,-0.594142,0.046970,0.720480,-0.609326,,,
47,1.567,-0.252777,0.935973,-0.690553,-0.372245,0.935900,-0.701182,-0.133309,0.936046,-0.679924,-0.394378,0.527002,-0.524702,-0.068740,0.527660,-0.512937,-0.366635,0.123531,-0.623214,-0.067463,0.287710,-0.853062,-0.252539,1.053163,-0.694031,-0.255263,1.267499,-0.689756,-0.260952,1.509763,-0.676533,-0.268363,1.608786,-0.645857,-0.295208,1.456874,-0.678308,-0.224299,1.458485,-0.677227,-0.429829,1.392901,-0.667538,-0.085521,1.406183,-0.666035,-0.486643,1.108192,-0.677679,-0.004775,1.126462,-0.661532,-0.510602,0.839947,-0.591507,0.047479,0.858077,-0.589425,-0.396160,0.036357,-0.469542,-0.032321,0.112276,-0.844450,,,,,,,,,,-0.495773,0.828680,-0.574869,-0.466783,0.784430,-0.567830,-0.454445,0.751152,-0.573068,-0.487044,0.748963,-0.570793,-0.468507,0.718861,-0.581324,-0.450584,0.703294,-0.593374,-0.501770,0.746580,-0.591667,-0.481854,0.717858,-0.609614,-0.465130,0.704430,-0.624618,-0.513795,0.746023,-0.609077,-0.495505,0.719430,-0.628105,-0.479971,0.710918,-0.642711,-0.522549,0.751462,-0.628368,-0.504916,0.729814,-0.645642,-0.488841,0.722131,-0.659751,0.029623,0.849436,-0.574255,0.001026,0.804523,-0.570653,-0.003914,0.769375,-0.575908,0.025630,0.772879,-0.550365,0.012441,0.738523,-0.552866,-0.002282,0.719794,-0.564759,0.045437,0.767366,-0.565712,0.033956,0.730284,-0.571771,0.019830,0.715965,-0.588526,0.061611,0.764102,-0.578970,0.051554,0.729012,-0.587421,0.038440,0.721837,-0.604842,0.074718,0.765665,-0.596410,0.065430,0.735906,-0.606703,0.053538,0.723814,-0.621841,,,
48,1.600,-0.252750,0.948364,-0.634677,-0.372171,0.949118,-0.645792,-0.133329,0.947611,-0.623561,-0.386861,0.524227,-0.511315,-0.074916,0.560952,-0.409283,-0.364926,0.122982,-0.619873,-0.078892,0.276855,-0.713481,-0.251658,1.065540,-0.638465,-0.254797,1.279887,-0.635084,-0.257906,1.522216,-0.622217,-0.262382,1.621218,-0.590911,-0.292621,1.469597,-0.622103,-0.221740,1.470647,-0.624647,-0.427233,1.407626,-0.602851,-0.083255,1.416494,-0.621543,-0.486750,1.123534,-0.591059,-0.008627,1.135498,-0.637530,-0.492865,0.867294,-0.471649,0.049362,0.862916,-0.589607,-0.393409,0.036181,-0.465793,-0.051285,0.106876,-0.664171,,,,,,,,,,-0.475985,0.858322,-0.455579,-0.445532,0.815463,-0.446430,-0.432112,0.782218,-0.447761,-0.465320,0.779830,-0.442436,-0.447250,0.748828,-0.450978,-0.430348,0.732027,-0.462847,-0.482331,0.774720,-0.460950,-0.464033,0.744015,-0.477264,-0.448878,0.728842,-0.492271,-0.496290,0.771877,-0.476604,-0.479583,0.743365,-0.494258,-0.465591,0.733322,-0.509439,-0.507336,0.774752,-0.495262,-0.491605,0.751025,-0.511620,-0.477225,0.741602,-0.526483,0.033378,0.853101,-0.573120,0.004021,0.808629,-0.570228,-0.002805,0.774323,-0.578222,0.030010,0.774573,-0.556699,0.015859,0.740714,-0.560424,-0.000760,0.723306,-0.571814,0.047431,0.770292,-0.575041,0.034105,0.734198,-0.582993,0.017439,0.721836,-0.598954,0.061604,0.768103,-0.590609,0.049647,0.734113,-0.600884,0.034173,0.728815,-0.616991,0.072348,0.771207,-0.609406,0.061122,0.742740,-0.621298,0.047125,0.732311,-0.635862,,,
49,1.633,-0.252157,0.959413,-0.578303,-0.371493,0.961007,-0.590212,-0.132820,0.957820,-0.566394,-0.378691,0.523718,-0.503269,-0.080840,0.595017,-0.312415,-0.362718,0.124752,-0.620889,-0.085914,0.262842,-0.563209,-0.250224,1.076581,-0.581989,-0.253693,1.290928,-0.578932,-0.253498,1.533274,-0.566001,-0.254919,1.632168,-0.534075,-0.288751,1.481044,-0.564234,-0.218061,1.481306,-0.570122,-0.423184,1.421446,-0.537637,-0.080467,1.425012,-0.574491,-0.485761,1.139540,-0.505970,-0.012842,1.144200,-0.611310,-0.467297,0.900162,-0.356596,0.045925,0.868738,-0.586267,-0.389979,0.037200,-0.467014,-0.060147,0.112466,-0.469350,,,,,,,,,,-0.448109,0.893880,-0.341900,-0.414553,0.853639,-0.331768,-0.399063,0.821305,-0.330467,-0.431798,0.818068,-0.321064,-0.413162,0.786926,-0.327657,-0.396839,0.769359,-0.339223,-0.450681,0.810080,-0.336487,-0.432942,0.778191,-0.351053,-0.418955,0.761753,-0.365860,-0.466305,0.804806,-0.349757,-0.450500,0.774745,-0.365577,-0.437974,0.763240,-0.381000,-0.479713,0.804937,-0.367036,-0.465020,0.779809,-0.382224,-0.452158,0.769039,-0.397555,0.031339,0.858081,-0.569025,-0.000289,0.815143,-0.567027,-0.010148,0.782277,-0.577515,0.024837,0.778539,-0.560164,0.008284,0.746008,-0.565481,-0.010579,0.730756,-0.576459,0.039731,0.775320,-0.580805,0.023276,0.741012,-0.590593,0.004121,0.731290,-0.605556,0.051856,0.774054,-0.598108,0.036640,0.742003,-0.610151,0.019110,0.739243,-0.624712,0.060553,0.778566,-0.617664,0.046322,0.752085,-0.630859,0.030146,0.743935,-0.644596,,,
50,1.667,-0.251693,0.966244,-0.523068,-0.370923,0.968576,-0.535888,-0.132463,0.963912,-0.510248,-0.370341,0.524402,-0.496617,-0.085931,0.623595,-0.225903,-0.360635,0.127770,-0.622522,-0.088959,0.247696,-0.404661,-0.249075,1.083417,-0.526100,-0.252828,1.297732,-0.521540,-0.248845,1.539945,-0.506854,-0.247331,1.638582,-0.474144,-0.284671,1.488162,-0.503882,-0.214321,1.487560,-0.512950,-0.418720,1.430940,-0.470896,-0.077933,1.429457,-0.524893,-0.485793,1.152487,-0.422370,-0.017888,1.150567,-0.583191,-0.434957,0.934886,-0.249106,0.038007,0.873405,-0.578988,-0.386531,0.039802,-0.468649,-0.061172,0.129375,-0.273078,,,,,,,,,,-0.413929,0.931535,-0.236058,-0.377186,0.894555,-0.224639,-0.359476,0.863604,-0.220691,-0.391052,0.860136,-0.207309,-0.371377,0.829208,-0.211425,-0.355321,0.810859,-0.222118,-0.411033,0.849281,-0.219193,-0.393119,0.816401,-0.231098,-0.379857,0.798600,-0.244968,-0.427698,0.841551,-0.229706,-0.412077,0.810090,-0.242743,-0.400674,0.796916,-0.257694,-0.442921,0.838699,-0.245149,-0.428593,0.812242,-0.258289,-0.416899,0.799896,-0.273367,0.024259,0.861727,-0.561719,-0.009687,0.820549,-0.561385,-0.022347,0.789578,-0.574340,0.013612,0.782146,-0.560591,-0.005432,0.751413,-0.567899,-0.026084,0.738592,-0.578763,0.026530,0.780402,-0.582690,0.007166,0.748330,-0.594524,-0.013734,0.741379,-0.608673,0.037088,0.780381,-0.601034,0.018861,0.750761,-0.614972,0.000043,0.750609,-0.628119,0.044408,0.786520,-0.620710,0.027476,0.762429,-0.635227,0.009721,0.756711,-0.648222,,,
51,1.700,-0.250158,0.969010,-0.468416,-0.369313,0.972107,-0.481757,-0.131002,0.965912,-0.455076,-0.365395,0.526235,-0.485669,-0.094879,0.639599,-0.153336,-0.358920,0.133572,-0.623643,-0.087013,0.232885,-0.241569,-0.246916,1.086194,-0.470162,-0.251662,1.300426,-0.463242,-0.243218,1.542350,-0.445915,-0.239314,1.640635,-0.412355,-0.279706,1.491091,-0.442038,-0.209817,1.489519,-0.454072,-0.413224,1.436354,-0.403201,-0.074889,1.430081,-0.473615,-0.486315,1.162607,-0.339092,-0.023560,1.154620,-0.552798,-0.401259,0.968803,-0.151581,0.027123,0.876793,-0.567083,-0.383431,0.045072,-0.469848,-0.058488,0.147220,-0.086863,,,,,,,,,,-0.378917,0.968034,-0.140450,-0.339863,0.934146,-0.127246,-0.320388,0.904838,-0.120250,-0.350629,0.902695,-0.103327,-0.330306,0.871940,-0.104625,-0.314730,0.852475,-0.113969,-0.371284,0.889655,-0.111176,-0.353345,0.855691,-0.119441,-0.340817,0.836172,-0.131572,-0.388622,0.879989,-0.118522,-0.373206,0.847144,-0.127867,-0.362856,0.831945,-0.141614,-0.405203,0.874370,-0.131633,-0.391127,0.846452,-0.141654,-0.380435,0.832056,-0.155615,0.014094,0.863768,-0.550224,-0.021523,0.824061,-0.551876,-0.036455,0.795195,-0.567081,0.000067,0.784993,-0.556958,-0.021025,0.756210,-0.566299,-0.042998,0.745662,-0.577016,0.011348,0.785254,-0.580001,-0.010269,0.755523,-0.593869,-0.032390,0.751066,-0.607140,0.020610,0.786895,-0.598962,0.000009,0.759821,-0.614662,-0.019670,0.761918,-0.626292,0.026823,0.794918,-0.618338,0.007715,0.773302,-0.634004,-0.011193,0.769771,-0.646120,,,
52,1.733,-0.248435,0.968415,-0.411951,-0.367424,0.973975,-0.425962,-0.129446,0.962855,-0.397939,-0.365532,0.530632,-0.473671,-0.108977,0.632004,-0.099692,-0.359746,0.142723,-0.624524,-0.084379,0.216694,-0.086435,-0.242975,1.085529,-0.411843,-0.250012,1.299640,-0.403307,-0.236454,1.541111,-0.383144,-0.230756,1.638964,-0.348592,-0.273709,1.490467,-0.378551,-0.204367,1.487807,-0.393262,-0.406486,1.438235,-0.334127,-0.071184,1.427195,-0.419884,-0.486259,1.170811,-0.253438,-0.029860,1.155973,-0.517427,-0.371569,0.998651,-0.060663,0.014390,0.878351,-0.547902,-0.382894,0.052330,-0.471621,-0.056175,0.166214,0.083101,,,,,,,,,,-0.348330,0.999932,-0.051611,-0.307477,0.969044,-0.036614,-0.286350,0.941800,-0.026686,-0.315364,0.941869,-0.007007,-0.294555,0.911494,-0.004782,-0.279384,0.890831,-0.011971,-0.336308,0.927525,-0.010731,-0.318276,0.892830,-0.014579,-0.306310,0.871643,-0.024224,-0.353984,0.916621,-0.014811,-0.338637,0.882803,-0.019767,-0.329127,0.865582,-0.031603,-0.371506,0.908766,-0.025283,-0.357463,0.879764,-0.031578,-0.347518,0.863350,-0.043750,0.002176,0.863980,-0.531533,-0.034876,0.825691,-0.534553,-0.052076,0.799007,-0.551270,-0.015142,0.786793,-0.545312,-0.038225,0.760112,-0.556079,-0.061405,0.751743,-0.566158,-0.005587,0.789184,-0.569003,-0.029305,0.761829,-0.584257,-0.052490,0.759541,-0.596196,0.002308,0.792570,-0.588348,-0.020534,0.768078,-0.605149,-0.040926,0.772079,-0.614900,0.007363,0.802428,-0.607206,-0.013719,0.783178,-0.623419,-0.033614,0.781448,-0.634280,,,
53,1.767,-0.247072,0.963700,-0.353259,-0.365817,0.971459,-0.368252,-0.128326,0.955941,-0.338266,-0.367072,0.533264,-0.450812,-0.117242,0.605204,-0.063141,-0.360889,0.154674,-0.623713,-0.084392,0.201470,0.032687,-0.239707,1.080689,-0.351046,-0.247958,1.294720,-0.341655,-0.230827,1.535807,-0.319685,-0.224126,1.633353,-0.284454,-0.268564,1.485579,-0.314495,-0.199706,1.482213,-0.331197,-0.399963,1.434202,-0.265239,-0.067971,1.421278,-0.363650,-0.485247,1.174192,-0.167712,-0.035362,1.154154,-0.474848,-0.343934,1.021855,0.024067,0.003659,0.877423,-0.517950,-0.383367,0.061285,-0.472521,-0.057628,0.186772,0.209191,,,,,,,,,,-0.320436,1.025122,0.031864,-0.278252,0.998045,0.050177,-0.255439,0.973811,0.063571,-0.284350,0.976038,0.084172,-0.262597,0.947102,0.091251,-0.246985,0.925867,0.087491,-0.305011,0.960833,0.083705,-0.286114,0.926437,0.085583,-0.273813,0.904141,0.079529,-0.322514,0.949030,0.082189,-0.306396,0.915214,0.082856,-0.296762,0.896362,0.073973,-0.340171,0.939167,0.073861,-0.325448,0.909865,0.072230,-0.315381,0.891821,0.062767,-0.007800,0.861921,-0.502075,-0.046084,0.824926,-0.505781,-0.065293,0.800230,-0.523346,-0.028304,0.786710,-0.521328,-0.053152,0.761979,-0.532796,-0.077304,0.755422,-0.541887,-0.020360,0.791007,-0.545343,-0.045911,0.765774,-0.561280,-0.069921,0.765191,-0.571698,-0.013739,0.795939,-0.564833,-0.038538,0.773747,-0.582049,-0.059422,0.779189,-0.589873,-0.009725,0.807338,-0.583063,-0.032531,0.790144,-0.599251,-0.053207,0.789844,-0.608698,,,
54,1.800,-0.246624,0.954202,-0.291950,-0.365233,0.963010,-0.307435,-0.128014,0.945394,-0.276465,-0.363827,0.535329,-0.433606,-0.115368,0.565742,-0.042935,-0.362031,0.162370,-0.618436,-0.089280,0.182819,0.118167,-0.238510,1.071083,-0.287620,-0.244998,1.285094,-0.276529,-0.226325,1.525940,-0.253221,-0.219134,1.623363,-0.217747,-0.264222,1.475861,-0.247761,-0.195659,1.472276,-0.265593,-0.394471,1.424488,-0.195536,-0.064932,1.411767,-0.302601,-0.483956,1.171857,-0.083465,-0.038891,1.147860,-0.422846,-0.323998,1.033617,0.104306,-0.003266,0.872415,-0.475962,-0.383446,0.065594,-0.469231,-0.068985,0.183729,0.296137,,,,,,,,,,-0.300662,1.039072,0.111329,-0.257276,1.016994,0.133197,-0.232714,0.996726,0.149722,-0.262335,1.000154,0.170185,-0.239176,0.974058,0.182154,-0.222409,0.953377,0.182119,-0.282288,0.984152,0.172195,-0.261839,0.951453,0.179704,-0.248475,0.929066,0.177401,-0.299242,0.971488,0.172626,-0.281632,0.939007,0.178844,-0.271110,0.919404,0.173179,-0.316445,0.959699,0.166032,-0.300492,0.931161,0.169037,-0.289644,0.912277,0.162539,-0.014082,0.855756,-0.460826,-0.053102,0.819646,-0.465463,-0.073725,0.796711,-0.483795,-0.036823,0.782685,-0.485139,-0.062815,0.759483,-0.497249,-0.087574,0.754164,-0.505476,-0.030146,0.788909,-0.509117,-0.056893,0.765404,-0.525722,-0.081430,0.765984,-0.534826,-0.024531,0.795398,-0.528465,-0.050646,0.775087,-0.546052,-0.071834,0.781445,-0.552185,-0.021344,0.808254,-0.545871,-0.045390,0.792795,-0.562016,-0.066595,0.793614,-0.570168,,,
55,1.833,-0.243182,0.939984,-0.233329,-0.361873,0.948054,-0.248587,-0.124490,0.931915,-0.218071,-0.355960,0.532074,-0.409082,-0.115060,0.553987,0.018390,-0.362221,0.172273,-0.618289,-0.093421,0.166326,0.168439,-0.235805,1.056909,-0.228871,-0.240388,1.270906,-0.216616,-0.220764,1.511548,-0.192018,-0.212928,1.608936,-0.156583,-0.258768,1.461553,-0.186530,-0.190373,1.457866,-0.204979,-0.388840,1.410950,-0.133127,-0.060503,1.397284,-0.244776,-0.481012,1.163361,-0.012323,-0.038455,1.134830,-0.368936,-0.314117,1.030406,0.173215,-0.004555,0.860652,-0.429250,-0.382793,0.065441,-0.475987,-0.073195,0.153377,0.345948,,,,,,,,,,-0.290969,1.037497,0.179341,-0.246468,1.019516,0.202673,-0.221310,1.001622,0.220951,-0.250441,1.006226,0.241206,-0.226227,0.981869,0.254662,-0.208845,0.961741,0.255885,-0.269672,0.989684,0.245060,-0.247799,0.958578,0.254945,-0.233593,0.936603,0.254314,-0.286063,0.976431,0.246972,-0.267007,0.945352,0.255616,-0.255772,0.925769,0.251447,-0.302809,0.963342,0.241811,-0.285504,0.935973,0.247239,-0.273864,0.917066,0.242391,-0.015167,0.842920,-0.415231,-0.054853,0.807824,-0.421659,-0.076403,0.786744,-0.441118,-0.039730,0.772441,-0.444846,-0.066399,0.750661,-0.458073,-0.091456,0.746337,-0.465974,-0.033675,0.780570,-0.468415,-0.061103,0.758753,-0.486173,-0.085868,0.760285,-0.494517,-0.028540,0.788589,-0.487319,-0.055399,0.770115,-0.505789,-0.076665,0.777181,-0.510767,-0.025677,0.802819,-0.503681,-0.050349,0.788984,-0.520346,-0.071758,0.790631,-0.527810,,,
56,1.867,-0.238579,0.927058,-0.173841,-0.357539,0.932124,-0.188281,-0.119620,0.921991,-0.159401,-0.346665,0.522575,-0.364303,-0.115140,0.560334,0.101399,-0.359961,0.182556,-0.604040,-0.097356,0.158612,0.208946,-0.233868,1.044183,-0.171556,-0.236780,1.258257,-0.160179,-0.215766,1.498827,-0.136034,-0.206559,1.596325,-0.101237,-0.254009,1.449044,-0.130299,-0.185720,1.444966,-0.149052,-0.384571,1.399984,-0.076650,-0.056805,1.382797,-0.189505,-0.479972,1.152803,0.042472,-0.035010,1.118768,-0.310323,-0.319004,1.016869,0.231063,-0.001152,0.844615,-0.370775,-0.381995,0.058713,-0.476513,-0.073539,0.115589,0.381190,,,,,,,,,,-0.295988,1.024168,0.237434,-0.251822,1.006823,0.261859,-0.227978,0.988406,0.281338,-0.256397,0.994281,0.300576,-0.232546,0.969437,0.313786,-0.215495,0.949015,0.314814,-0.275631,0.977745,0.304434,-0.253887,0.946577,0.314410,-0.239748,0.924558,0.313842,-0.292005,0.964469,0.306334,-0.272993,0.933425,0.315197,-0.261722,0.913836,0.311152,-0.308616,0.951216,0.301154,-0.291096,0.924095,0.307108,-0.279208,0.905249,0.302637,-0.012132,0.826327,-0.357789,-0.052365,0.792314,-0.366292,-0.074329,0.772586,-0.386683,-0.037718,0.757995,-0.391311,-0.064642,0.737438,-0.405907,-0.089701,0.733955,-0.414207,-0.031406,0.767293,-0.414375,-0.058949,0.746817,-0.433500,-0.083622,0.749077,-0.441952,-0.026040,0.776242,-0.432791,-0.052987,0.759153,-0.452429,-0.074124,0.766732,-0.457196,-0.022855,0.791291,-0.448340,-0.047640,0.778682,-0.465791,-0.068987,0.780936,-0.473273,,,
57,1.900,-0.234260,0.918327,-0.110995,-0.353398,0.921568,-0.124457,-0.115122,0.915086,-0.097533,-0.349865,0.509993,-0.295998,-0.106239,0.562183,0.174888,-0.356411,0.201373,-0.575236,-0.098687,0.149734,0.230495,-0.231250,1.035520,-0.109421,-0.231957,1.249677,-0.099333,-0.211337,1.490574,-0.078295,-0.199678,1.588247,-0.044746,-0.249412,1.440775,-0.071647,-0.181264,1.436627,-0.090894,-0.379980,1.392388,-0.017406,-0.053083,1.372851,-0.131174,-0.475623,1.139886,0.089761,-0.025018,1.104601,-0.240892,-0.328772,0.993754,0.282208,0.013552,0.829092,-0.291563,-0.383978,0.051697,-0.480772,-0.079104,0.081013,0.394751,,,,,,,,,,-0.306291,1.000793,0.290495,-0.264097,0.982608,0.317643,-0.243113,0.962453,0.338633,-0.271573,0.968963,0.355527,-0.248882,0.943556,0.369677,-0.232049,0.922995,0.371317,-0.291058,0.952383,0.357450,-0.270232,0.920696,0.367745,-0.256205,0.898602,0.367342,-0.307542,0.939109,0.357730,-0.289421,0.907692,0.367130,-0.277973,0.888143,0.363405,-0.323730,0.926065,0.350936,-0.306673,0.898709,0.357158,-0.294491,0.879998,0.352915,0.001982,0.810652,-0.279327,-0.037991,0.776946,-0.290007,-0.059423,0.757467,-0.311187,-0.022451,0.742957,-0.314938,-0.049296,0.723326,-0.330891,-0.074108,0.720547,-0.340144,-0.015162,0.752585,-0.337575,-0.042143,0.732780,-0.358152,-0.066436,0.735448,-0.367535,-0.009010,0.761794,-0.355612,-0.035509,0.745422,-0.376436,-0.056387,0.753328,-0.381781,-0.005134,0.777070,-0.370779,-0.029670,0.764922,-0.388897,-0.050829,0.767442,-0.396818,,,
58,1.933,-0.226931,0.914717,-0.049405,-0.346266,0.916952,-0.061224,-0.107596,0.912482,-0.037585,-0.369781,0.491228,-0.191755,-0.092239,0.559704,0.234710,-0.357759,0.224153,-0.510800,-0.096314,0.143567,0.243476,-0.224868,1.031933,-0.048071,-0.225703,1.246146,-0.039246,-0.203829,1.487145,-0.020813,-0.190058,1.584908,0.011656,-0.242044,1.437582,-0.013271,-0.174123,1.432945,-0.033193,-0.372918,1.390716,0.041566,-0.047283,1.366506,-0.073416,-0.468191,1.130450,0.128599,-0.013005,1.093316,-0.168157,-0.344380,0.962446,0.319388,0.028701,0.815585,-0.201119,-0.382049,0.048854,-0.483120,-0.076492,0.061451,0.401433,,,,,,,,,,-0.322856,0.968325,0.330604,-0.284357,0.947271,0.360978,-0.267183,0.924534,0.382778,-0.296331,0.931338,0.396755,-0.276072,0.904346,0.411642,-0.260051,0.883191,0.413782,-0.316214,0.915185,0.395338,-0.297410,0.882278,0.405697,-0.283922,0.859850,0.405349,-0.332868,0.902360,0.392856,-0.316607,0.869901,0.402117,-0.305216,0.850309,0.398439,-0.348422,0.890226,0.383411,-0.332634,0.862049,0.389306,-0.320398,0.843384,0.385020,0.016199,0.797535,-0.189222,-0.023310,0.763885,-0.201657,-0.043322,0.744164,-0.223973,-0.006510,0.729184,-0.224720,-0.033553,0.710755,-0.241739,-0.058004,0.709106,-0.252149,0.002308,0.738205,-0.247062,-0.024198,0.719048,-0.268836,-0.047844,0.722460,-0.279538,0.009691,0.746928,-0.264878,-0.016463,0.731135,-0.286568,-0.036820,0.739633,-0.292919,0.014674,0.761801,-0.280121,-0.009490,0.749696,-0.298759,-0.030317,0.752622,-0.307388,,,
59,1.967,-0.220154,0.914668,0.009367,-0.339696,0.916615,-0.000197,-0.100612,0.912721,0.018932,-0.391208,0.478200,-0.063217,-0.079445,0.551860,0.280014,-0.369779,0.261014,-0.417667,-0.094522,0.137109,0.248107,-0.218361,1.031887,0.010814,-0.220351,1.246095,0.019577,-0.200020,1.487274,0.037412,-0.185624,1.585082,0.069473,-0.237949,1.437495,0.044983,-0.169945,1.433226,0.025263,-0.369021,1.390428,0.099170,-0.043373,1.365820,-0.014187,-0.459057,1.122678,0.166941,-0.000784,1.088685,-0.092714,-0.362268,0.926427,0.346029,0.045003,0.809817,-0.102543,-0.385187,0.085118,-0.447818,-0.072164,0.052176,0.404225,,,,,,,,,,-0.342074,0.930148,0.360241,-0.308011,0.904304,0.392175,-0.294183,0.878574,0.413005,-0.324551,0.884950,0.424254,-0.307123,0.855605,0.438247,-0.292156,0.833644,0.439824,-0.344547,0.869862,0.418705,-0.328224,0.835223,0.427502,-0.315519,0.812372,0.426266,-0.361124,0.858070,0.412862,-0.346961,0.824155,0.420136,-0.335751,0.804639,0.415601,-0.375767,0.847702,0.400354,-0.361713,0.818321,0.404502,-0.349683,0.799725,0.399407,0.032495,0.792349,-0.089814,-0.005350,0.756513,-0.101282,-0.023308,0.734599,-0.123297,0.013563,0.720691,-0.120708,-0.013126,0.701283,-0.137187,-0.037287,0.699083,-0.148158,0.023162,0.728218,-0.143280,-0.002631,0.707593,-0.164563,-0.025924,0.710314,-0.176198,0.031121,0.735756,-0.161387,0.005581,0.718326,-0.182547,-0.014650,0.726245,-0.189960,0.036377,0.749543,-0.177532,0.012799,0.735641,-0.195659,-0.007886,0.737666,-0.204869,,,
60,2.000,-0.215037,0.918419,0.064356,-0.334779,0.920090,0.057686,-0.095294,0.916749,0.071026,-0.397270,0.478782,0.070915,-0.070552,0.543227,0.313311,-0.376894,0.290695,-0.299857,-0.091758,0.131934,0.252881,-0.213490,1.035640,0.065940,-0.216736,1.249745,0.076636,-0.199208,1.490885,0.097677,-0.185470,1.588480,0.130664,-0.236831,1.440668,0.103724,-0.168311,1.437266,0.085693,-0.368722,1.391681,0.154088,-0.040913,1.370130,0.048507,-0.450611,1.117894,0.206282,0.008304,1.090261,-0.015013,-0.386932,0.890665,0.362062,0.056133,0.811936,-0.000596,-0.394942,0.118105,-0.344274,-0.066957,0.047375,0.408833,,,,,,,,,,-0.367752,0.890500,0.378054,-0.337373,0.857227,0.406655,-0.325833,0.827560,0.423204,-0.357139,0.833134,0.433228,-0.341991,0.800714,0.442178,-0.328092,0.778086,0.440286,-0.377268,0.820512,0.423547,-0.363275,0.783904,0.426336,-0.351586,0.761008,0.421412,-0.393830,0.810983,0.414442,-0.381646,0.775573,0.415643,-0.370951,0.756742,0.408020,-0.407893,0.803998,0.399216,-0.395900,0.773450,0.398237,-0.384603,0.755412,0.390268,0.044862,0.795321,0.014254,0.009494,0.755927,0.007532,-0.006962,0.730401,-0.011573,0.030734,0.719381,-0.007681,0.004745,0.696971,-0.021207,-0.019461,0.692437,-0.031329,0.039750,0.724776,-0.031088,0.014565,0.700820,-0.049403,-0.009008,0.701288,-0.060779,0.047140,0.730608,-0.050046,0.022190,0.709650,-0.068542,0.001476,0.715719,-0.076356,0.051417,0.742685,-0.067773,0.028396,0.725544,-0.083711,0.007505,0.725397,-0.092675,,,
61,2.033,-0.212408,0.926763,0.118242,-0.332246,0.928049,0.113466,-0.092570,0.925476,0.123018,-0.397390,0.494329,0.193937,-0.070564,0.534829,0.336894,-0.373430,0.299851,-0.173306,-0.090300,0.126572,0.258150,-0.211220,1.043985,0.120013,-0.214894,1.257966,0.132836,-0.199830,1.498809,0.158647,-0.188028,1.596001,0.193519,-0.237399,1.448305,0.162058,-0.168076,1.445557,0.147279,-0.370925,1.396974,0.205272,-0.038683,1.379483,0.115468,-0.444753,1.118313,0.241151,0.016247,1.097521,0.067885,-0.415821,0.866336,0.366154,0.062643,0.821568,0.108596,-0.396641,0.123961,-0.198004,-0.064501,0.041938,0.413899,,,,,,,,,,-0.397068,0.861090,0.381788,-0.368908,0.820090,0.401128,-0.358684,0.786798,0.409746,-0.390371,0.790939,0.420280,-0.376574,0.756730,0.420177,-0.363483,0.734933,0.412284,-0.410795,0.782261,0.407404,-0.398453,0.745687,0.400077,-0.387680,0.724511,0.389093,-0.427534,0.776244,0.395932,-0.416835,0.741338,0.387513,-0.406771,0.724834,0.375126,-0.441512,0.774142,0.379241,-0.431269,0.744325,0.370076,-0.420849,0.728487,0.357544,0.052803,0.806732,0.126109,0.019923,0.764699,0.126465,0.004377,0.735545,0.112474,0.043148,0.727633,0.116218,0.018748,0.701521,0.107088,-0.005220,0.693695,0.098528,0.051276,0.729969,0.091995,0.027380,0.701924,0.078358,0.003584,0.699106,0.067815,0.057853,0.733309,0.072156,0.034237,0.708083,0.057673,0.013021,0.711448,0.049580,0.060946,0.742807,0.052698,0.039116,0.721928,0.039840,0.018220,0.719010,0.031376,,,
62,2.067,-0.213872,0.939863,0.171680,-0.333734,0.940921,0.167506,-0.094009,0.938805,0.175853,-0.400961,0.520975,0.301517,-0.080084,0.529755,0.352819,-0.367920,0.287259,-0.041336,-0.091649,0.122981,0.265271,-0.212906,1.057084,0.173644,-0.216014,1.270998,0.187673,-0.203279,1.511582,0.216930,-0.194311,1.608433,0.253549,-0.240803,1.460934,0.217663,-0.170747,1.458553,0.206789,-0.376106,1.407930,0.252523,-0.039135,1.393683,0.182492,-0.443724,1.125822,0.267762,0.020264,1.110102,0.153557,-0.442561,0.858405,0.359643,0.059219,0.838620,0.222411,-0.388420,0.109366,-0.036875,-0.066471,0.038713,0.421319,,,,,,,,,,-0.424378,0.848640,0.373703,-0.397892,0.803092,0.382178,-0.388265,0.768531,0.382340,-0.420656,0.770704,0.392669,-0.407624,0.737338,0.383863,-0.394818,0.718011,0.370776,-0.440971,0.766372,0.377608,-0.429446,0.732649,0.361064,-0.418981,0.714791,0.345043,-0.457564,0.764117,0.364663,-0.447542,0.732356,0.347500,-0.437585,0.719407,0.331367,-0.471153,0.766906,0.347753,-0.461732,0.740216,0.331113,-0.451564,0.727919,0.314930,0.049271,0.826581,0.241896,0.017515,0.784189,0.248417,0.002984,0.752665,0.239336,0.041998,0.746674,0.245019,0.019525,0.717839,0.240114,-0.003643,0.707102,0.232570,0.050760,0.745232,0.220949,0.028495,0.714160,0.211873,0.005170,0.708405,0.201473,0.057819,0.745455,0.200995,0.036042,0.716870,0.190390,0.015010,0.717643,0.181224,0.061222,0.751704,0.180313,0.040834,0.728043,0.170199,0.020479,0.722772,0.161556,,,
63,2.100,-0.219003,0.955779,0.223660,-0.338860,0.956641,0.219293,-0.099145,0.954917,0.228028,-0.405340,0.551101,0.392355,-0.093743,0.528748,0.359115,-0.365679,0.260954,0.096543,-0.095631,0.122196,0.269810,-0.218229,1.073003,0.225559,-0.220431,1.286829,0.241020,-0.209946,1.527263,0.272332,-0.203967,1.623949,0.309983,-0.247298,1.476504,0.270873,-0.176777,1.474391,0.263518,-0.384019,1.422614,0.297979,-0.043401,1.410733,0.246822,-0.447787,1.139342,0.289028,0.019413,1.126586,0.236878,-0.466837,0.863291,0.347237,0.046015,0.861844,0.332609,-0.385637,0.088411,0.140323,-0.072429,0.037828,0.426111,,,,,,,,,,-0.449420,0.850198,0.359436,-0.423790,0.803402,0.358325,-0.413814,0.769634,0.351446,-0.447323,0.769931,0.360089,-0.434244,0.738565,0.345748,-0.420909,0.721807,0.329931,-0.466958,0.769579,0.343578,-0.455218,0.739689,0.320941,-0.444266,0.725235,0.302067,-0.482955,0.770688,0.329763,-0.472846,0.742803,0.306871,-0.462417,0.733122,0.288854,-0.495718,0.777555,0.313382,-0.486287,0.755061,0.291404,-0.475774,0.746490,0.273169,0.033890,0.852878,0.352515,0.001477,0.811572,0.362061,-0.012028,0.778796,0.356515,0.026076,0.774363,0.367414,0.005064,0.744126,0.365237,-0.016838,0.731230,0.357302,0.037501,0.769277,0.345012,0.016675,0.736531,0.338883,-0.005290,0.728479,0.327134,0.046773,0.766457,0.326194,0.026892,0.735746,0.318106,0.007072,0.734249,0.306623,0.052513,0.769418,0.305297,0.033752,0.743913,0.296618,0.014671,0.736782,0.286524,,,
64,2.133,-0.225661,0.970729,0.278755,-0.345497,0.971305,0.273800,-0.105825,0.970153,0.283711,-0.407948,0.576218,0.470876,-0.105524,0.531283,0.362610,-0.370062,0.226484,0.248358,-0.100832,0.123792,0.277796,-0.225160,1.087960,0.280270,-0.226676,1.301628,0.297861,-0.218701,1.541946,0.330762,-0.215372,1.638614,0.368783,-0.255689,1.490993,0.327665,-0.184934,1.489301,0.322912,-0.393004,1.435754,0.348273,-0.050222,1.427228,0.311966,-0.453944,1.154175,0.311006,0.016697,1.143912,0.318107,-0.484248,0.874159,0.336064,0.029137,0.887749,0.437214,-0.394962,0.072049,0.335626,-0.079915,0.039074,0.434230,,,,,,,,,,-0.467500,0.859049,0.346780,-0.441268,0.813265,0.338797,-0.430040,0.781350,0.326858,-0.464445,0.780034,0.332816,-0.450434,0.750465,0.315788,-0.435898,0.735570,0.299185,-0.482955,0.782722,0.315254,-0.469874,0.756201,0.289385,-0.457716,0.744420,0.269423,-0.498029,0.786351,0.300846,-0.486967,0.761773,0.274821,-0.475598,0.754514,0.256242,-0.509782,0.796112,0.285194,-0.499308,0.777686,0.260120,-0.487873,0.772328,0.241224,0.014279,0.881555,0.456306,-0.019384,0.841570,0.467072,-0.032208,0.808157,0.464520,0.004009,0.805886,0.481132,-0.016181,0.775017,0.480926,-0.036662,0.760365,0.472276,0.018448,0.797806,0.461524,-0.001332,0.764091,0.457567,-0.021456,0.753930,0.444259,0.030262,0.792452,0.444797,0.011894,0.760357,0.438765,-0.006099,0.756643,0.425002,0.038905,0.792466,0.424705,0.021642,0.765568,0.417205,0.004234,0.756648,0.405620,,,
65,2.167,-0.231231,0.981405,0.322083,-0.351115,0.982316,0.318566,-0.111346,0.980493,0.325600,-0.404715,0.590120,0.523850,-0.113417,0.535520,0.354367,-0.371916,0.193893,0.400595,-0.107064,0.129363,0.263486,-0.230427,1.098606,0.325061,-0.231463,1.312176,0.343835,-0.227583,1.552691,0.376026,-0.226660,1.649500,0.413823,-0.263793,1.501240,0.372101,-0.192918,1.500474,0.369313,-0.401477,1.445027,0.386757,-0.056897,1.440622,0.363292,-0.459193,1.167259,0.324281,0.019022,1.160414,0.385727,-0.492149,0.886432,0.326561,0.022956,0.914716,0.525647,-0.400432,0.068569,0.525361,-0.085781,0.045469,0.420314,,,,,,,,,,-0.475745,0.871138,0.337545,-0.446466,0.827500,0.328246,-0.432205,0.797364,0.314994,-0.467153,0.793986,0.317017,-0.450092,0.766338,0.299550,-0.433217,0.753305,0.283607,-0.483983,0.797486,0.297971,-0.467241,0.773682,0.271574,-0.452662,0.764039,0.252092,-0.497754,0.801779,0.282481,-0.483275,0.779745,0.255862,-0.469915,0.774381,0.237977,-0.508430,0.812434,0.266642,-0.494837,0.796697,0.241235,-0.481467,0.793468,0.223143,0.006572,0.908723,0.543516,-0.027574,0.868621,0.552112,-0.040015,0.835094,0.549195,-0.005187,0.833412,0.568768,-0.025214,0.802474,0.567243,-0.044825,0.787626,0.557050,0.010935,0.825121,0.550613,-0.008400,0.791315,0.545429,-0.027287,0.780945,0.530560,0.024174,0.819583,0.535055,0.006480,0.787316,0.528009,-0.010266,0.783318,0.512825,0.034499,0.819322,0.515775,0.017995,0.792232,0.507314,0.001640,0.783066,0.494457,,,
66,2.200,-0.235396,0.983717,0.374525,-0.355300,0.983748,0.371609,-0.115492,0.983686,0.377441,-0.396508,0.584462,0.565788,-0.114720,0.537836,0.370363,-0.374308,0.168814,0.568480,-0.110344,0.135042,0.265474,-0.235471,1.100878,0.378861,-0.235080,1.314365,0.398588,-0.235613,1.554993,0.430154,-0.236901,1.651965,0.467519,-0.270956,1.503035,0.425157,-0.200023,1.503245,0.424786,-0.408684,1.445618,0.433260,-0.062382,1.446894,0.424948,-0.459231,1.172950,0.346732,0.025120,1.172064,0.464893,-0.491718,0.892814,0.326145,0.015969,0.941067,0.627733,-0.407694,0.081103,0.721052,-0.088017,0.051402,0.422293,,,,,,,,,,-0.475906,0.877405,0.337815,-0.444109,0.835471,0.328957,-0.427326,0.806749,0.315521,-0.462195,0.802073,0.313636,-0.442451,0.776138,0.296369,-0.423589,0.764686,0.281473,-0.477143,0.806226,0.293201,-0.456870,0.784706,0.267324,-0.440012,0.776804,0.248927,-0.489441,0.811042,0.276662,-0.471494,0.791243,0.250400,-0.456200,0.787474,0.233697,-0.498882,0.822331,0.260481,-0.482127,0.808704,0.235752,-0.466848,0.807083,0.219006,-0.002182,0.935354,0.643905,-0.036410,0.894888,0.650145,-0.048409,0.861188,0.647358,-0.015424,0.860721,0.670404,-0.035104,0.829694,0.667151,-0.053355,0.814572,0.655018,0.002731,0.852145,0.654431,-0.015689,0.818056,0.647935,-0.032697,0.807177,0.631271,0.017691,0.846350,0.640624,0.000972,0.813817,0.632505,-0.013980,0.809354,0.615669,0.030079,0.845644,0.622612,0.014507,0.818277,0.613318,-0.000427,0.808699,0.599105,,,
67,2.233,-0.238608,0.977433,0.424256,-0.358477,0.973923,0.422135,-0.118738,0.980943,0.426377,-0.391183,0.580089,0.628673,-0.108477,0.535769,0.402986,-0.386829,0.176070,0.728738,-0.107456,0.142360,0.267000,-0.242129,1.094504,0.429495,-0.238982,1.307966,0.449242,-0.244750,1.548639,0.479938,-0.247818,1.645765,0.516796,-0.279002,1.496075,0.473796,-0.208118,1.497486,0.476088,-0.416300,1.437114,0.475827,-0.069139,1.445016,0.483304,-0.455800,1.170013,0.368650,0.030394,1.178192,0.543983,-0.484531,0.891907,0.326382,0.012023,0.961337,0.724529,-0.423124,0.127940,0.897416,-0.085134,0.056092,0.422389,,,,,,,,,,-0.469757,0.876244,0.339032,-0.436238,0.835336,0.331886,-0.417331,0.807569,0.319291,-0.451765,0.802387,0.313164,-0.429746,0.777591,0.297012,-0.409148,0.767144,0.283768,-0.464461,0.807237,0.291403,-0.441032,0.787281,0.266978,-0.422102,0.780520,0.250214,-0.474967,0.812613,0.273833,-0.453804,0.794409,0.248842,-0.436690,0.791706,0.233778,-0.482821,0.824485,0.257227,-0.463107,0.812338,0.233950,-0.446028,0.811776,0.218968,-0.007741,0.956253,0.738922,-0.041774,0.915465,0.744020,-0.053682,0.881651,0.742525,-0.022643,0.883208,0.768754,-0.041673,0.851862,0.764774,-0.058270,0.835951,0.751345,-0.002660,0.874051,0.755523,-0.019825,0.839319,0.748994,-0.034666,0.827198,0.731158,0.013859,0.867732,0.743895,-0.001652,0.834593,0.735826,-0.014571,0.829014,0.717690,0.028212,0.866152,0.727466,0.013693,0.838174,0.718289,0.000355,0.827654,0.703182,,,
68,2.267,-0.241604,0.965535,0.479744,-0.361343,0.958619,0.479223,-0.121864,0.972453,0.480265,-0.388793,0.578772,0.711162,-0.102319,0.529103,0.436769,-0.407075,0.193618,0.867962,-0.104452,0.147799,0.269837,-0.248382,1.082439,0.485505,-0.243956,1.295982,0.504098,-0.254178,1.536695,0.533281,-0.258485,1.633960,0.569647,-0.287454,1.483597,0.526407,-0.216699,1.486073,0.530811,-0.424465,1.424014,0.523397,-0.077535,1.435544,0.544969,-0.453092,1.162451,0.400290,0.030532,1.178315,0.628267,-0.478233,0.887779,0.338014,0.004256,0.973658,0.821620,-0.445076,0.186062,1.042847,-0.081852,0.058196,0.423287,,,,,,,,,,-0.464582,0.871548,0.351199,-0.429946,0.831392,0.345205,-0.409507,0.804546,0.333011,-0.443059,0.799428,0.323214,-0.418806,0.776427,0.307613,-0.396712,0.767495,0.295745,-0.453578,0.805398,0.300587,-0.427343,0.787554,0.277412,-0.406680,0.782280,0.262236,-0.462348,0.811672,0.282373,-0.438237,0.795689,0.258562,-0.419606,0.794388,0.245210,-0.468665,0.824401,0.265746,-0.446490,0.814032,0.243866,-0.427998,0.814652,0.230670,-0.016651,0.969372,0.834588,-0.050171,0.928267,0.840481,-0.061639,0.894278,0.841281,-0.032764,0.899043,0.869827,-0.050851,0.867035,0.866839,-0.065835,0.849635,0.853360,-0.011456,0.889272,0.859399,-0.027229,0.853609,0.854606,-0.040079,0.839514,0.836675,0.006196,0.882374,0.849973,-0.007961,0.848283,0.843548,-0.019034,0.840807,0.824882,0.022041,0.879680,0.835139,0.008756,0.850659,0.827453,-0.003043,0.838481,0.812312,,,
69,2.300,-0.245471,0.950392,0.538778,-0.365119,0.942195,0.540382,-0.125822,0.958589,0.537173,-0.389296,0.582185,0.802377,-0.101411,0.518721,0.468234,-0.418779,0.206355,0.978859,-0.105460,0.151469,0.272343,-0.253389,1.067196,0.545081,-0.250055,1.280853,0.562560,-0.262220,1.521631,0.590427,-0.267200,1.619048,0.626295,-0.295054,1.468303,0.583222,-0.224403,1.471226,0.588850,-0.432103,1.409162,0.576061,-0.085834,1.420945,0.608617,-0.452977,1.151477,0.443575,0.027115,1.172880,0.711038,-0.477046,0.881107,0.364356,-0.002959,0.976705,0.912461,-0.456371,0.231518,1.152178,-0.081632,0.059944,0.424468,,,,,,,,,,-0.464120,0.864210,0.377434,-0.428910,0.824569,0.371362,-0.407436,0.798463,0.359343,-0.440429,0.793842,0.346860,-0.414065,0.773997,0.330377,-0.390936,0.767634,0.318827,-0.449581,0.801032,0.323995,-0.421188,0.786264,0.301202,-0.399418,0.783119,0.287015,-0.457258,0.808287,0.305653,-0.430773,0.795360,0.282518,-0.411190,0.795941,0.270548,-0.462629,0.821904,0.289402,-0.438741,0.813403,0.268544,-0.419385,0.815212,0.256773,-0.024430,0.972629,0.924543,-0.056745,0.930803,0.931914,-0.066597,0.896424,0.934803,-0.040072,0.904761,0.964504,-0.056806,0.871923,0.963014,-0.070317,0.852953,0.950108,-0.017846,0.895057,0.956131,-0.031928,0.858478,0.953438,-0.043132,0.842486,0.936001,0.000570,0.888147,0.948314,-0.011944,0.853116,0.943833,-0.021598,0.843774,0.925219,0.017354,0.884917,0.934666,0.005524,0.854864,0.928776,-0.004963,0.841019,0.914109,,,
70,2.333,-0.250406,0.936590,0.600234,-0.370044,0.928700,0.603406,-0.130768,0.944481,0.597063,-0.393782,0.571109,0.868731,-0.105934,0.510046,0.499690,-0.416491,0.194764,1.045118,-0.108018,0.157240,0.278812,-0.257943,1.053417,0.606596,-0.256727,1.267106,0.623947,-0.269977,1.507816,0.651911,-0.275936,1.605269,0.687534,-0.302539,1.454436,0.643900,-0.232035,1.457487,0.651092,-0.439089,1.394807,0.632501,-0.093926,1.408009,0.675547,-0.453693,1.137781,0.497912,0.020647,1.165434,0.788747,-0.477264,0.871316,0.406285,-0.007490,0.972318,0.993380,-0.448946,0.214521,1.220167,-0.083628,0.059417,0.426873,,,,,,,,,,-0.464470,0.853794,0.418650,-0.428961,0.814686,0.411049,-0.407201,0.789378,0.397890,-0.439917,0.785274,0.384741,-0.412858,0.767483,0.367082,-0.389477,0.762676,0.355290,-0.448726,0.793646,0.362145,-0.419608,0.780972,0.339010,-0.397523,0.779200,0.325074,-0.456136,0.801844,0.344093,-0.428863,0.790931,0.320836,-0.409029,0.792643,0.309400,-0.461307,0.816294,0.328509,-0.436846,0.809119,0.307818,-0.417230,0.811697,0.296636,-0.029206,0.968451,1.005089,-0.060548,0.926287,1.014460,-0.069213,0.891829,1.019455,-0.044177,0.903104,1.049285,-0.059945,0.869760,1.049602,-0.072513,0.849556,1.037653,-0.021436,0.893514,1.042273,-0.034332,0.856405,1.041830,-0.044510,0.838872,1.025268,-0.002598,0.886633,1.035505,-0.013993,0.851021,1.033097,-0.022791,0.840152,1.014892,0.014687,0.882964,1.022616,0.003882,0.852229,1.018564,-0.005760,0.837076,1.004629,,,
71,2.367,-0.256353,0.924417,0.664435,-0.376108,0.918505,0.667499,-0.136598,0.930329,0.661371,-0.397362,0.552435,0.921219,-0.115574,0.503778,0.533132,-0.410112,0.168863,1.082381,-0.110726,0.165417,0.290744,-0.262020,1.041443,0.668738,-0.263288,1.255308,0.683766,-0.278534,1.496136,0.709612,-0.286392,1.593830,0.744189,-0.310583,1.442537,0.701019,-0.240340,1.445995,0.710276,-0.446016,1.380980,0.686873,-0.102423,1.398407,0.739163,-0.457930,1.121151,0.557505,0.012576,1.156701,0.853781,-0.481703,0.855305,0.464145,-0.007845,0.960099,1.055997,-0.433660,0.150892,1.259041,-0.085354,0.054979,0.429474,,,,,,,,,,-0.468842,0.837042,0.475312,-0.434585,0.797493,0.464810,-0.414115,0.772340,0.449466,-0.447255,0.769368,0.437871,-0.421340,0.751811,0.418357,-0.398584,0.747047,0.405385,-0.456751,0.778799,0.415982,-0.428847,0.766321,0.391296,-0.407354,0.764554,0.376463,-0.464674,0.787851,0.398567,-0.438559,0.777256,0.373878,-0.419140,0.778971,0.361752,-0.470118,0.803003,0.383763,-0.446545,0.795975,0.362017,-0.427255,0.798456,0.350260,-0.029517,0.956339,1.067822,-0.060003,0.914018,1.079114,-0.067525,0.879556,1.085684,-0.043274,0.892871,1.115048,-0.058164,0.859219,1.117570,-0.070250,0.837980,1.106996,-0.020313,0.883439,1.108559,-0.032262,0.846052,1.110290,-0.041993,0.827328,1.094796,-0.001311,0.876642,1.102176,-0.011708,0.840647,1.101813,-0.020169,0.828518,1.084256,0.016093,0.872727,1.089520,0.006367,0.841462,1.087128,-0.002693,0.825275,1.073987,,,
72,2.400,-0.263514,0.914617,0.731601,-0.383363,0.910090,0.732721,-0.143664,0.919144,0.730481,-0.400224,0.535653,0.974269,-0.125954,0.504215,0.568146,-0.405937,0.142676,1.111382,-0.109881,0.179299,0.308463,-0.267911,1.031742,0.734436,-0.271723,1.245841,0.745050,-0.287779,1.487244,0.764173,-0.298181,1.585519,0.796348,-0.319557,1.433402,0.756111,-0.249594,1.437182,0.767189,-0.454236,1.370551,0.740529,-0.112043,1.390885,0.799694,-0.468444,1.105850,0.621697,0.000358,1.145591,0.909151,-0.494608,0.836752,0.538891,-0.010966,0.940330,1.103316,-0.428470,0.083932,1.279094,-0.083232,0.047008,0.426256,,,,,,,,,,-0.481667,0.817997,0.549110,-0.449345,0.777533,0.536229,-0.430855,0.752061,0.519011,-0.464482,0.750075,0.509882,-0.440337,0.732036,0.488616,-0.418575,0.726781,0.474207,-0.474987,0.760007,0.488686,-0.448893,0.746946,0.462376,-0.428328,0.744688,0.446341,-0.483664,0.769467,0.471858,-0.459338,0.758371,0.445611,-0.440610,0.759638,0.432391,-0.489522,0.784924,0.457534,-0.467350,0.777264,0.434562,-0.448632,0.779173,0.421815,-0.032605,0.936705,1.115242,-0.062968,0.894496,1.127259,-0.069646,0.859955,1.134312,-0.046119,0.873957,1.163488,-0.060435,0.840267,1.168026,-0.072392,0.818333,1.158812,-0.023148,0.864478,1.157103,-0.034637,0.827064,1.160539,-0.044326,0.807580,1.145985,-0.004143,0.857625,1.150789,-0.013904,0.821468,1.151909,-0.022275,0.808516,1.134905,0.013246,0.853553,1.138162,0.004316,0.821995,1.136682,-0.004360,0.805262,1.123972,,,
73,2.433,-0.273266,0.908624,0.795772,-0.393153,0.905260,0.794628,-0.153379,0.911988,0.796916,-0.414308,0.535356,1.042733,-0.127159,0.495640,0.639439,-0.411529,0.129387,1.134631,-0.105631,0.197460,0.349803,-0.276568,1.025810,0.797255,-0.283416,1.239968,0.804686,-0.297302,1.481938,0.817197,-0.309740,1.580827,0.846653,-0.329520,1.428205,0.810223,-0.259646,1.431612,0.821964,-0.464391,1.365682,0.794994,-0.122753,1.384563,0.856121,-0.487106,1.096334,0.688573,-0.016118,1.131360,0.952563,-0.519961,0.823229,0.623078,-0.018349,0.913217,1.132477,-0.434993,0.041696,1.289052,-0.078530,0.037241,0.425179,,,,,,,,,,-0.506962,0.804777,0.633765,-0.475471,0.763381,0.621822,-0.457999,0.737073,0.604800,-0.491637,0.734988,0.597130,-0.468254,0.716021,0.575819,-0.446983,0.710080,0.560951,-0.502603,0.744113,0.575805,-0.477255,0.729720,0.549460,-0.457103,0.726602,0.533050,-0.511628,0.752936,0.558814,-0.488055,0.740450,0.532504,-0.469644,0.740931,0.518796,-0.517696,0.767823,0.543983,-0.495946,0.758633,0.521170,-0.477384,0.759553,0.508091,-0.039984,0.909850,1.144487,-0.071175,0.868101,1.155979,-0.078873,0.833670,1.162512,-0.054538,0.846572,1.191728,-0.069156,0.813106,1.196918,-0.081566,0.791218,1.188208,-0.031820,0.836713,1.185021,-0.043804,0.799484,1.188757,-0.053994,0.780036,1.174500,-0.013010,0.829565,1.178458,-0.023166,0.793521,1.179713,-0.031876,0.780640,1.162826,0.004204,0.825340,1.165642,-0.005022,0.793881,1.163922,-0.013936,0.777285,1.151197,,,
74,2.467,-0.284423,0.906101,0.856892,-0.404297,0.903347,0.853998,-0.164550,0.908855,0.859785,-0.434564,0.546287,1.119374,-0.115991,0.478706,0.752796,-0.418553,0.130762,1.137978,-0.097567,0.223658,0.424354,-0.287119,1.023312,0.857039,-0.294567,1.237501,0.862794,-0.308473,1.479631,0.871659,-0.322185,1.578843,0.899415,-0.340695,1.425793,0.865575,-0.270797,1.429390,0.877106,-0.475365,1.362223,0.853151,-0.133838,1.382249,0.910876,-0.507084,1.088549,0.761030,-0.029174,1.121203,0.986268,-0.544503,0.811506,0.718577,-0.018817,0.888100,1.146006,-0.444548,0.043345,1.292149,-0.078995,0.045614,0.430828,,,,,,,,,,-0.531500,0.794153,0.730964,-0.500535,0.751424,0.723007,-0.484099,0.723500,0.707604,-0.517301,0.720753,0.701667,-0.494629,0.699439,0.681860,-0.473791,0.691731,0.667191,-0.528506,0.727694,0.679655,-0.503652,0.710385,0.654627,-0.483763,0.705377,0.638365,-0.537709,0.734770,0.661956,-0.514750,0.719216,0.636763,-0.496581,0.717965,0.622784,-0.543874,0.748074,0.645728,-0.522224,0.736051,0.624172,-0.503658,0.735187,0.611092,-0.040118,0.884100,1.158410,-0.071040,0.841798,1.168525,-0.079134,0.807200,1.173512,-0.053458,0.818405,1.202612,-0.067791,0.784670,1.206751,-0.080396,0.763130,1.197472,-0.030947,0.808917,1.194770,-0.042651,0.771501,1.197349,-0.053213,0.752546,1.182704,-0.012334,0.802128,1.187323,-0.022374,0.766030,1.187163,-0.031543,0.753911,1.169958,0.004516,0.798590,1.173833,-0.004697,0.767225,1.170812,-0.013930,0.751221,1.157567,,,
75,2.500,-0.294703,0.907742,0.916732,-0.414525,0.905494,0.911937,-0.174880,0.909990,0.921526,-0.449070,0.544728,1.171719,-0.108683,0.470232,0.888912,-0.422972,0.130404,1.141416,-0.095007,0.262480,0.528474,-0.296862,1.024960,0.915739,-0.303455,1.239199,0.920611,-0.316626,1.481400,0.928613,-0.330784,1.580615,0.956134,-0.349060,1.427622,0.923157,-0.279015,1.431084,0.933808,-0.483593,1.363178,0.914249,-0.141826,1.383185,0.965509,-0.524533,1.085542,0.839202,-0.041381,1.115341,1.019865,-0.564491,0.805984,0.824851,-0.022603,0.869688,1.158653,-0.450492,0.043064,1.295365,-0.074920,0.089114,0.488139,,,,,,,,,,-0.551715,0.789784,0.838921,-0.521816,0.745724,0.835350,-0.507147,0.716129,0.821345,-0.539543,0.713312,0.817673,-0.518065,0.689034,0.800069,-0.497831,0.678895,0.786048,-0.550882,0.718073,0.795156,-0.526866,0.697404,0.771924,-0.507360,0.690065,0.756088,-0.560160,0.723392,0.776890,-0.538293,0.704203,0.753281,-0.520485,0.700680,0.739225,-0.566242,0.734989,0.759371,-0.544994,0.719922,0.739385,-0.526517,0.716988,0.726482,-0.043553,0.864931,1.171385,-0.074396,0.822149,1.179530,-0.082110,0.787219,1.182324,-0.055950,0.796442,1.211424,-0.070349,0.762538,1.213366,-0.083296,0.741807,1.202803,-0.033731,0.787429,1.202296,-0.045429,0.749925,1.202737,-0.056460,0.731976,1.187197,-0.015381,0.781095,1.193860,-0.025596,0.745124,1.191496,-0.035315,0.734244,1.173773,0.001047,0.778420,1.179669,-0.008329,0.747312,1.174961,-0.017993,0.732173,1.161025,,,
76,2.533,-0.303562,0.912779,0.975022,-0.423262,0.911229,0.967605,-0.183861,0.914329,0.982440,-0.458405,0.538626,1.210019,-0.114166,0.475909,1.024433,-0.426825,0.128441,1.146660,-0.102153,0.289502,0.652449,-0.304955,1.029995,0.973007,-0.310060,1.244284,0.977470,-0.320531,1.486555,0.987161,-0.333556,1.585669,1.015590,-0.353660,1.433133,0.982431,-0.283287,1.435839,0.990918,-0.488260,1.368385,0.977732,-0.145650,1.386496,1.018154,-0.537151,1.087433,0.922367,-0.052632,1.113368,1.057293,-0.577659,0.808122,0.939672,-0.024956,0.857980,1.175495,-0.456189,0.041518,1.300504,-0.064340,0.119760,0.609510,,,,,,,,,,-0.564936,0.793144,0.955081,-0.535857,0.748397,0.955430,-0.522463,0.717386,0.943343,-0.554418,0.714744,0.941280,-0.534026,0.688014,0.926105,-0.514372,0.675747,0.912989,-0.566035,0.717485,0.918569,-0.543011,0.693848,0.897241,-0.524004,0.684359,0.881951,-0.575514,0.721160,0.900005,-0.554631,0.698976,0.878198,-0.537198,0.693489,0.864302,-0.581678,0.731094,0.881520,-0.561085,0.713660,0.862814,-0.542897,0.709066,0.849986,-0.045568,0.852314,1.188405,-0.076245,0.809043,1.194283,-0.082743,0.773757,1.194484,-0.056997,0.781125,1.223750,-0.071428,0.747182,1.223365,-0.084667,0.727365,1.211492,-0.035040,0.772800,1.213412,-0.046769,0.735358,1.211375,-0.058218,0.718628,1.194811,-0.016930,0.767095,1.204059,-0.027219,0.731380,1.199319,-0.037398,0.721832,1.181094,-0.000889,0.765451,1.189281,-0.010182,0.734659,1.182704,-0.020107,0.720430,1.168014,,,
77,2.567,-0.310303,0.921338,1.032046,-0.429852,0.920530,1.022405,-0.190754,0.922146,1.041688,-0.460570,0.530305,1.235978,-0.124173,0.495190,1.151724,-0.428589,0.124116,1.150825,-0.115043,0.292331,0.788367,-0.310862,1.038543,1.029164,-0.314478,1.252864,1.033576,-0.322169,1.495130,1.045678,-0.332590,1.594188,1.075350,-0.355994,1.442051,1.042177,-0.285265,1.444051,1.047186,-0.490628,1.377238,1.044297,-0.146935,1.393174,1.067099,-0.544631,1.093732,1.011168,-0.060884,1.116038,1.091066,-0.580614,0.818036,1.062671,-0.020859,0.853348,1.187775,-0.458909,0.036890,1.304312,-0.071111,0.120023,0.766771,,,,,,,,,,-0.567249,0.804702,1.079017,-0.538574,0.759866,1.082959,-0.526035,0.727506,1.073860,-0.558122,0.725107,1.073637,-0.538765,0.696393,1.060930,-0.519879,0.682292,1.048550,-0.570863,0.725448,1.051370,-0.549252,0.699100,1.031812,-0.531171,0.687571,1.016804,-0.581246,0.727152,1.033005,-0.561521,0.702579,1.012735,-0.544806,0.695496,0.998680,-0.588262,0.735038,1.013848,-0.568852,0.715563,0.995906,-0.551434,0.709528,0.982613,-0.040516,0.846340,1.201490,-0.070183,0.802203,1.205930,-0.075271,0.766767,1.203511,-0.048706,0.772460,1.231861,-0.062526,0.738302,1.230202,-0.076214,0.719029,1.217949,-0.027358,0.765347,1.219534,-0.038769,0.727979,1.215410,-0.051088,0.712374,1.198380,-0.009819,0.760702,1.208635,-0.019769,0.725193,1.202002,-0.030951,0.716757,1.183816,0.005252,0.760483,1.192785,-0.003713,0.730053,1.184333,-0.014195,0.716773,1.169149,,,
78,2.600,-0.313942,0.932265,1.087920,-0.433410,0.932192,1.077291,-0.194474,0.932338,1.098549,-0.455543,0.523294,1.253772,-0.129905,0.523952,1.265535,-0.427800,0.119823,1.155261,-0.128628,0.284003,0.925408,-0.313704,1.049455,1.084442,-0.316428,1.263791,1.088717,-0.322117,1.506055,1.101940,-0.329528,1.605078,1.132616,-0.356373,1.453166,1.100165,-0.285465,1.454777,1.101246,-0.490994,1.389193,1.110935,-0.146686,1.402475,1.112438,-0.547808,1.104484,1.100793,-0.065941,1.122754,1.116942,-0.571768,0.836238,1.186964,-0.013686,0.854370,1.189050,-0.457325,0.032650,1.308933,-0.093486,0.108568,0.934019,,,,,,,,,,-0.556939,0.824971,1.203602,-0.527949,0.780722,1.210641,-0.515611,0.747443,1.205402,-0.548210,0.745255,1.207678,-0.529673,0.715153,1.197147,-0.511749,0.699586,1.185097,-0.562936,0.742872,1.186804,-0.543019,0.714150,1.168857,-0.526296,0.700722,1.153852,-0.574961,0.742315,1.169394,-0.556671,0.715722,1.150366,-0.541137,0.707210,1.135760,-0.583715,0.747754,1.150103,-0.566082,0.726106,1.132828,-0.550007,0.718423,1.118720,-0.031542,0.845729,1.204219,-0.060139,0.800815,1.207821,-0.065080,0.765668,1.202567,-0.035536,0.769172,1.228110,-0.048724,0.734815,1.225608,-0.063447,0.716086,1.213716,-0.015728,0.763658,1.212763,-0.027210,0.726576,1.206704,-0.041336,0.712257,1.189949,0.000446,0.760395,1.199505,-0.009611,0.725305,1.191054,-0.022725,0.718129,1.173633,0.013553,0.761957,1.182065,0.004265,0.732198,1.171772,-0.007627,0.720106,1.156634,,,
79,2.633,-0.313915,0.944657,1.143796,-0.433337,0.945410,1.132681,-0.194494,0.943903,1.154912,-0.448027,0.520519,1.267159,-0.136082,0.557244,1.369190,-0.426091,0.119274,1.158602,-0.140057,0.273147,1.064991,-0.312823,1.061832,1.140008,-0.315962,1.276179,1.143389,-0.319072,1.518508,1.156256,-0.323547,1.617510,1.187562,-0.353786,1.465890,1.156369,-0.282905,1.466939,1.153826,-0.488398,1.403918,1.175622,-0.144420,1.412786,1.156930,-0.547916,1.119826,1.187414,-0.069792,1.131790,1.140944,-0.554031,0.863585,1.306822,-0.011804,0.859208,1.188868,-0.454574,0.032474,1.312681,-0.112450,0.103169,1.114299,,,,,,,,,,-0.537151,0.854614,1.322892,-0.506698,0.811755,1.332041,-0.493278,0.778509,1.330711,-0.526486,0.776121,1.336035,-0.508416,0.745119,1.327494,-0.491514,0.728318,1.315624,-0.543497,0.771011,1.317521,-0.525199,0.740307,1.301207,-0.510044,0.725133,1.286200,-0.557456,0.768169,1.301867,-0.540749,0.739657,1.284213,-0.526757,0.729614,1.269032,-0.568502,0.771043,1.283209,-0.552771,0.747317,1.266851,-0.538391,0.737894,1.251988,-0.027788,0.849394,1.205354,-0.057144,0.804921,1.208246,-0.063971,0.770616,1.200253,-0.031156,0.770866,1.221776,-0.045306,0.737007,1.218051,-0.061925,0.719598,1.206660,-0.013734,0.766584,1.203434,-0.027060,0.730490,1.195482,-0.043726,0.718128,1.179521,0.000438,0.764395,1.187866,-0.011518,0.730405,1.177591,-0.026991,0.725107,1.161483,0.011183,0.767499,1.169069,-0.000043,0.739033,1.157177,-0.014040,0.728603,1.142613,,,
80,2.667,-0.313322,0.955706,1.200170,-0.432658,0.957300,1.188262,-0.193985,0.954112,1.212079,-0.439856,0.520011,1.275205,-0.142006,0.591309,1.466058,-0.423883,0.121045,1.157586,-0.147079,0.259135,1.215262,-0.311389,1.072874,1.196484,-0.314858,1.287220,1.199542,-0.314663,1.529566,1.212472,-0.316084,1.628461,1.244399,-0.349916,1.477336,1.214240,-0.279227,1.477599,1.208351,-0.484349,1.417738,1.240836,-0.141633,1.421304,1.203983,-0.546927,1.135832,1.272503,-0.074007,1.140493,1.167163,-0.528463,0.896454,1.421875,-0.015240,0.865030,1.192207,-0.451144,0.033492,1.311461,-0.121313,0.108759,1.309120,,,,,,,,,,-0.509275,0.890172,1.436572,-0.475719,0.849931,1.446704,-0.460230,0.817596,1.448004,-0.492964,0.814360,1.457407,-0.474328,0.783218,1.450815,-0.458006,0.765650,1.439248,-0.511847,0.806371,1.441985,-0.494108,0.774482,1.427419,-0.480121,0.758044,1.412612,-0.527471,0.801098,1.428715,-0.511666,0.771037,1.412894,-0.499141,0.759532,1.397471,-0.540880,0.801229,1.411436,-0.526187,0.776101,1.396248,-0.513324,0.765331,1.380916,-0.029827,0.854373,1.209450,-0.061454,0.811435,1.211448,-0.071313,0.778569,1.200960,-0.036328,0.774832,1.218311,-0.052881,0.742300,1.212993,-0.071744,0.727048,1.202016,-0.021434,0.771612,1.197669,-0.037889,0.737305,1.187882,-0.057044,0.727582,1.172919,-0.009309,0.770347,1.180366,-0.024525,0.738295,1.168324,-0.042055,0.735535,1.153762,-0.000612,0.774858,1.160811,-0.014842,0.748377,1.147616,-0.031019,0.740227,1.133879,,,
81,2.700,-0.312858,0.962536,1.255405,-0.432088,0.964868,1.242585,-0.193628,0.960204,1.268225,-0.431506,0.520695,1.281857,-0.147097,0.619887,1.552570,-0.421800,0.124063,1.155952,-0.150125,0.243989,1.373810,-0.310240,1.079710,1.252373,-0.313993,1.294024,1.256933,-0.310011,1.536238,1.271619,-0.308496,1.634874,1.304329,-0.345837,1.484454,1.274591,-0.275486,1.483852,1.265524,-0.479885,1.427233,1.307577,-0.139099,1.425749,1.253580,-0.546958,1.148780,1.356103,-0.079053,1.146859,1.195283,-0.496123,0.931178,1.529367,-0.023158,0.869697,1.199486,-0.447696,0.036095,1.309826,-0.122337,0.125667,1.505392,,,,,,,,,,-0.475095,0.927826,1.542414,-0.438352,0.890846,1.553833,-0.420642,0.859896,1.557781,-0.452218,0.856428,1.571162,-0.432543,0.825500,1.567047,-0.416487,0.807151,1.556354,-0.472199,0.845573,1.559279,-0.454285,0.812692,1.547374,-0.441023,0.794892,1.533504,-0.488864,0.837843,1.548766,-0.473243,0.806382,1.535729,-0.461840,0.793208,1.520778,-0.504087,0.834991,1.533323,-0.489759,0.808534,1.520182,-0.478065,0.796188,1.505105,-0.036906,0.858019,1.216755,-0.070852,0.816842,1.217090,-0.083512,0.785870,1.204135,-0.047553,0.778438,1.217884,-0.066597,0.747706,1.210576,-0.087250,0.734884,1.199711,-0.034635,0.776694,1.195785,-0.053999,0.744622,1.183950,-0.074899,0.737672,1.169801,-0.024077,0.776673,1.177440,-0.042305,0.747053,1.163503,-0.061122,0.746901,1.150356,-0.016757,0.782812,1.157765,-0.033690,0.758721,1.143248,-0.051444,0.753003,1.130252,,,
82,2.733,-0.311323,0.965302,1.310057,-0.430478,0.968400,1.296716,-0.192168,0.962205,1.323397,-0.426560,0.522528,1.292805,-0.156044,0.635892,1.625138,-0.420086,0.129864,1.154832,-0.148178,0.229178,1.536902,-0.308081,1.082486,1.308312,-0.312828,1.296718,1.315231,-0.304384,1.538642,1.332558,-0.300479,1.636928,1.366118,-0.340871,1.487384,1.336435,-0.270982,1.485811,1.324402,-0.474389,1.432646,1.375272,-0.136054,1.426374,1.304858,-0.547480,1.158899,1.439380,-0.084726,1.150912,1.225675,-0.462425,0.965095,1.626891,-0.034042,0.873086,1.211392,-0.444597,0.041364,1.308627,-0.119654,0.143512,1.691608,,,,,,,,,,-0.440083,0.964326,1.638022,-0.401029,0.930437,1.651226,-0.381554,0.901130,1.658222,-0.411795,0.898986,1.675145,-0.391472,0.868231,1.673847,-0.375896,0.848766,1.664502,-0.432450,0.885947,1.667296,-0.414511,0.851982,1.659031,-0.401983,0.832464,1.646900,-0.449788,0.876281,1.659950,-0.434372,0.843436,1.650605,-0.424022,0.828236,1.636858,-0.466369,0.870662,1.646839,-0.452293,0.842744,1.636818,-0.441600,0.828348,1.622857,-0.047071,0.860061,1.228251,-0.082688,0.820353,1.226598,-0.097620,0.791487,1.211393,-0.061098,0.781285,1.221516,-0.082189,0.752502,1.212175,-0.104163,0.741954,1.201458,-0.049817,0.781547,1.198473,-0.071434,0.751815,1.184605,-0.093555,0.747359,1.171335,-0.040555,0.783188,1.179512,-0.061156,0.756113,1.163813,-0.080835,0.758210,1.152182,-0.034342,0.791210,1.160136,-0.053450,0.769594,1.144470,-0.072358,0.766063,1.132354,,,
83,2.767,-0.309601,0.964707,1.366522,-0.428589,0.970267,1.352511,-0.190612,0.959148,1.380534,-0.426697,0.526924,1.304803,-0.170142,0.628298,1.678782,-0.420911,0.139015,1.153951,-0.145545,0.212987,1.692036,-0.304141,1.081822,1.366630,-0.311177,1.295933,1.375166,-0.297620,1.537404,1.395329,-0.291921,1.635257,1.429881,-0.334874,1.486760,1.399922,-0.265532,1.484100,1.385211,-0.467651,1.434528,1.444346,-0.132349,1.423488,1.358589,-0.547424,1.167104,1.525034,-0.091025,1.152266,1.261046,-0.432735,0.994943,1.717809,-0.046775,0.874644,1.230572,-0.444059,0.048622,1.306854,-0.117341,0.162506,1.861572,,,,,,,,,,-0.409496,0.996224,1.726861,-0.368642,0.965336,1.741859,-0.347516,0.938092,1.751786,-0.376530,0.938161,1.771465,-0.355721,0.907786,1.773690,-0.340550,0.887123,1.766501,-0.397474,0.923817,1.767740,-0.379442,0.889122,1.763893,-0.367476,0.867935,1.754248,-0.415150,0.912913,1.763661,-0.399803,0.879095,1.758705,-0.390293,0.861874,1.746868,-0.432672,0.905058,1.753189,-0.418629,0.876056,1.746893,-0.408685,0.859642,1.734721,-0.058989,0.860273,1.246940,-0.096041,0.821984,1.243921,-0.113241,0.795300,1.227204,-0.076307,0.783086,1.233162,-0.099390,0.756405,1.222395,-0.122570,0.748036,1.212316,-0.066752,0.785477,1.209471,-0.090470,0.758122,1.194217,-0.113655,0.755833,1.182278,-0.058857,0.788862,1.190126,-0.081699,0.764370,1.173325,-0.102091,0.768371,1.163574,-0.053802,0.798721,1.171268,-0.074884,0.779471,1.155056,-0.094779,0.777740,1.144194,,,
84,2.800,-0.308237,0.959992,1.425214,-0.426983,0.967752,1.410221,-0.189491,0.952233,1.440207,-0.428237,0.529556,1.327662,-0.178408,0.601498,1.715333,-0.422054,0.150966,1.154761,-0.145558,0.197763,1.811159,-0.300872,1.076982,1.427427,-0.309123,1.291013,1.436818,-0.291992,1.532100,1.458788,-0.285292,1.629646,1.494019,-0.329729,1.481872,1.463978,-0.260871,1.478506,1.447276,-0.461128,1.430495,1.513234,-0.129136,1.417571,1.414823,-0.546412,1.170485,1.610761,-0.096527,1.150447,1.303625,-0.405100,1.018147,1.802540,-0.057506,0.873716,1.260524,-0.444533,0.057577,1.305954,-0.118794,0.183064,1.987664,,,,,,,,,,-0.381602,1.021414,1.810337,-0.339418,0.994338,1.828649,-0.316605,0.970103,1.842043,-0.345516,0.972330,1.862645,-0.323763,0.943394,1.869724,-0.308151,0.922159,1.865963,-0.366177,0.957126,1.862178,-0.347281,0.922729,1.864056,-0.334979,0.900433,1.858001,-0.383680,0.945322,1.860662,-0.367563,0.911505,1.861328,-0.357929,0.892654,1.852445,-0.401337,0.935459,1.852334,-0.386614,0.906158,1.850702,-0.376548,0.888113,1.841240,-0.068965,0.858213,1.276398,-0.107249,0.821218,1.272692,-0.126458,0.796523,1.255128,-0.089469,0.783003,1.257145,-0.114317,0.758272,1.245677,-0.138469,0.751715,1.236587,-0.081525,0.787299,1.233130,-0.107076,0.762066,1.217193,-0.131086,0.761483,1.206775,-0.074904,0.792232,1.213641,-0.099703,0.770040,1.196424,-0.120587,0.775481,1.188601,-0.070890,0.803631,1.195410,-0.093696,0.786437,1.179222,-0.114372,0.786136,1.169776,,,
85,2.833,-0.307789,0.950495,1.486523,-0.426399,0.959303,1.471038,-0.189180,0.941687,1.502008,-0.424993,0.531621,1.344868,-0.176534,0.562034,1.735538,-0.423197,0.158662,1.160039,-0.150445,0.179113,1.896640,-0.299675,1.067376,1.490853,-0.306164,1.281386,1.501944,-0.287491,1.522233,1.525252,-0.280299,1.619656,1.560726,-0.325387,1.472154,1.530712,-0.256824,1.468569,1.512881,-0.455636,1.420780,1.582937,-0.126098,1.408060,1.475872,-0.545122,1.168150,1.695008,-0.100057,1.144153,1.355627,-0.385163,1.029909,1.882779,-0.064432,0.868708,1.302511,-0.444611,0.061887,1.309244,-0.130150,0.180022,2.074610,,,,,,,,,,-0.361828,1.035365,1.889802,-0.318442,1.013286,1.911670,-0.293879,0.993019,1.928195,-0.323500,0.996447,1.948658,-0.300341,0.970350,1.960627,-0.283575,0.949670,1.960592,-0.343454,0.980444,1.950668,-0.323005,0.947746,1.958177,-0.309641,0.925358,1.955874,-0.360407,0.967780,1.951099,-0.342798,0.935299,1.957317,-0.332276,0.915696,1.951651,-0.377610,0.955992,1.944505,-0.361657,0.927453,1.947509,-0.350810,0.908569,1.941012,-0.075247,0.852048,1.317648,-0.114267,0.815939,1.313010,-0.134890,0.793004,1.294678,-0.097989,0.778977,1.293335,-0.123981,0.755776,1.281225,-0.148739,0.750457,1.272997,-0.091312,0.785201,1.269357,-0.118058,0.761696,1.252751,-0.142595,0.762277,1.243647,-0.085696,0.791691,1.250008,-0.111812,0.771380,1.232421,-0.132999,0.777737,1.226288,-0.082510,0.804546,1.232602,-0.106555,0.789088,1.216457,-0.127760,0.789907,1.208305,,,
86,2.867,-0.304347,0.936277,1.545144,-0.423038,0.944347,1.529886,-0.185655,0.928208,1.560402,-0.417125,0.528367,1.369391,-0.176226,0.550279,1.796863,-0.423386,0.168565,1.160186,-0.154587,0.162619,1.946912,-0.296971,1.053202,1.549602,-0.301553,1.267199,1.561857,-0.281930,1.507841,1.586456,-0.274093,1.605229,1.621891,-0.319933,1.457846,1.591943,-0.251539,1.454159,1.573494,-0.450006,1.407243,1.645346,-0.121669,1.393577,1.533697,-0.542177,1.159654,1.766150,-0.099621,1.131123,1.409537,-0.375282,1.026699,1.951688,-0.065721,0.856946,1.349223,-0.443958,0.061734,1.302488,-0.134361,0.149670,2.124421,,,,,,,,,,-0.352134,1.033790,1.957815,-0.307633,1.015809,1.981146,-0.282475,0.997915,1.999424,-0.311606,1.002519,2.019679,-0.287392,0.978162,2.033135,-0.270010,0.958034,2.034358,-0.330836,0.985977,2.023533,-0.308964,0.954871,2.033418,-0.294758,0.932896,2.032787,-0.347228,0.972724,2.025445,-0.328171,0.941645,2.034089,-0.316936,0.922062,2.029920,-0.363974,0.959635,2.020284,-0.346669,0.932266,2.025712,-0.335029,0.913359,2.020864,-0.076333,0.839213,1.363243,-0.116018,0.804117,1.356814,-0.137568,0.783037,1.337355,-0.100896,0.768734,1.333627,-0.127565,0.746953,1.320400,-0.152621,0.742630,1.312499,-0.094841,0.776863,1.310058,-0.122268,0.755046,1.292300,-0.147034,0.756578,1.283956,-0.089706,0.784882,1.291154,-0.116565,0.766408,1.272685,-0.137831,0.773474,1.267707,-0.086843,0.799112,1.274792,-0.111514,0.785277,1.258128,-0.132924,0.786924,1.250664,,,
87,2.900,-0.299745,0.923350,1.604632,-0.418704,0.928417,1.590193,-0.180785,0.918284,1.619072,-0.407830,0.518868,1.414170,-0.176305,0.556627,1.879872,-0.421126,0.178848,1.174434,-0.158521,0.154905,1.987420,-0.295034,1.040475,1.606918,-0.297945,1.254550,1.618294,-0.276931,1.495120,1.642439,-0.267724,1.592618,1.677237,-0.315174,1.445336,1.648174,-0.246885,1.441259,1.629421,-0.445736,1.396277,1.701823,-0.117971,1.379090,1.588968,-0.541137,1.149096,1.820945,-0.096176,1.115060,1.468150,-0.380169,1.013162,2.009536,-0.062317,0.840908,1.407698,-0.443161,0.055006,1.301962,-0.134705,0.111882,2.159664,,,,,,,,,,-0.357153,1.020461,2.015908,-0.312987,1.003116,2.040333,-0.289143,0.984699,2.059811,-0.317562,0.990574,2.079050,-0.293710,0.965730,2.092259,-0.276660,0.945308,2.093287,-0.336796,0.974038,2.082908,-0.315052,0.942870,2.092883,-0.300913,0.920851,2.092315,-0.353170,0.960762,2.084808,-0.334158,0.929718,2.093670,-0.322887,0.910129,2.089626,-0.369781,0.947509,2.079627,-0.352261,0.920389,2.085581,-0.340373,0.901542,2.081111,-0.073297,0.822620,1.420684,-0.113531,0.788607,1.412181,-0.135495,0.768879,1.391790,-0.098884,0.754288,1.387162,-0.125808,0.733731,1.372566,-0.150866,0.730248,1.364265,-0.092572,0.763586,1.364097,-0.120115,0.743110,1.344973,-0.144788,0.745370,1.336521,-0.087206,0.772535,1.345682,-0.114153,0.755445,1.326044,-0.135290,0.763025,1.321277,-0.084021,0.787584,1.330133,-0.108805,0.774975,1.312682,-0.130153,0.777229,1.305200,,,
88,2.933,-0.295426,0.914620,1.667478,-0.414564,0.917861,1.654016,-0.176288,0.911379,1.680940,-0.411030,0.506286,1.482474,-0.167405,0.558476,1.953361,-0.417575,0.197665,1.203237,-0.159853,0.146027,2.008969,-0.292416,1.031813,1.669052,-0.293123,1.245970,1.679140,-0.272502,1.486866,1.700178,-0.260843,1.584539,1.733727,-0.310578,1.437068,1.706825,-0.242430,1.432920,1.687579,-0.441145,1.388680,1.761067,-0.114249,1.369144,1.647299,-0.536789,1.136179,1.868235,-0.086184,1.100894,1.537581,-0.389937,0.990048,2.060681,-0.047613,0.825385,1.486910,-0.445142,0.047990,1.297702,-0.140269,0.077306,2.173225,,,,,,,,,,-0.367456,0.997086,2.068969,-0.325262,0.978901,2.096117,-0.304278,0.958746,2.117107,-0.332738,0.965257,2.134000,-0.310046,0.939850,2.148151,-0.293213,0.919289,2.149791,-0.352223,0.948677,2.135923,-0.331397,0.916990,2.146218,-0.317370,0.894895,2.145815,-0.368707,0.935403,2.136204,-0.350586,0.903985,2.145604,-0.339138,0.884436,2.141879,-0.384895,0.922358,2.129410,-0.367838,0.895003,2.135631,-0.355656,0.876292,2.131389,-0.059184,0.806945,1.499145,-0.099157,0.773239,1.488466,-0.120589,0.753760,1.467285,-0.083617,0.739250,1.463535,-0.110462,0.719619,1.447581,-0.135274,0.716840,1.438329,-0.076328,0.748877,1.440897,-0.103309,0.729073,1.420321,-0.127602,0.731741,1.410937,-0.070176,0.758087,1.422860,-0.096675,0.741715,1.402036,-0.117553,0.749620,1.396692,-0.066300,0.773362,1.407693,-0.090836,0.761215,1.389576,-0.111995,0.763735,1.381655,,,
89,2.967,-0.288097,0.911010,1.729069,-0.407432,0.913245,1.717249,-0.168761,0.908775,1.740888,-0.430946,0.487521,1.586717,-0.153405,0.555997,2.013183,-0.418923,0.220445,1.267672,-0.157480,0.139860,2.021950,-0.286033,1.028226,1.730402,-0.286869,1.242439,1.739227,-0.264994,1.483438,1.757660,-0.251223,1.581201,1.790129,-0.303210,1.433874,1.765202,-0.235288,1.429238,1.745280,-0.434083,1.387008,1.820039,-0.108449,1.362798,1.705057,-0.529357,1.126743,1.907072,-0.074171,1.089608,1.610316,-0.405545,0.958740,2.097862,-0.032465,0.811877,1.577354,-0.443214,0.045146,1.295354,-0.137658,0.057743,2.179906,,,,,,,,,,-0.384020,0.964618,2.109077,-0.345522,0.943565,2.139452,-0.328347,0.920828,2.161252,-0.357496,0.927632,2.175229,-0.337237,0.900640,2.190115,-0.321215,0.879485,2.192256,-0.377379,0.911479,2.173812,-0.358575,0.878572,2.184171,-0.345086,0.856144,2.183823,-0.394032,0.898654,2.171330,-0.377772,0.866194,2.180590,-0.366381,0.846603,2.176913,-0.409587,0.886520,2.161884,-0.393799,0.858343,2.167780,-0.381562,0.839677,2.163494,-0.044967,0.793828,1.589251,-0.084476,0.760177,1.576815,-0.104488,0.740457,1.554499,-0.067676,0.725477,1.553752,-0.094719,0.707048,1.536734,-0.119170,0.705399,1.526323,-0.058858,0.734497,1.531410,-0.085364,0.715341,1.509637,-0.109010,0.718753,1.498934,-0.051475,0.743220,1.513594,-0.077629,0.727428,1.491904,-0.097986,0.735926,1.485554,-0.046492,0.758093,1.498351,-0.070656,0.745989,1.479714,-0.091483,0.748914,1.471084,,,
90,3.000,-0.281319,0.910961,1.787840,-0.400861,0.912907,1.778275,-0.161777,0.909014,1.797405,-0.452373,0.474493,1.715254,-0.140610,0.548153,2.058487,-0.430944,0.257306,1.360805,-0.155687,0.133402,2.026580,-0.279526,1.028180,1.789287,-0.281517,1.242388,1.798050,-0.261185,1.483567,1.815885,-0.246790,1.581374,1.847946,-0.299115,1.433788,1.823456,-0.231110,1.429519,1.803735,-0.430187,1.386721,1.877643,-0.104539,1.362112,1.764286,-0.520223,1.118971,1.945415,-0.061950,1.084978,1.685758,-0.423433,0.922720,2.124503,-0.016163,0.806110,1.675930,-0.446352,0.081410,1.330654,-0.133330,0.048469,2.182698,,,,,,,,,,-0.403239,0.926441,2.138715,-0.369175,0.900598,2.170649,-0.355348,0.874868,2.191479,-0.385715,0.881244,2.202728,-0.368288,0.851899,2.216721,-0.353320,0.829938,2.218297,-0.405711,0.866156,2.197179,-0.389388,0.831517,2.205976,-0.376683,0.808666,2.204740,-0.422288,0.854364,2.191336,-0.408125,0.820449,2.198610,-0.396915,0.800933,2.194076,-0.436932,0.843995,2.178828,-0.422877,0.814614,2.182976,-0.410848,0.796018,2.177881,-0.028671,0.788642,1.688659,-0.066516,0.752806,1.677190,-0.084473,0.730891,1.655175,-0.047602,0.716984,1.657764,-0.074292,0.697576,1.641285,-0.098453,0.695376,1.630315,-0.038004,0.724511,1.635192,-0.063797,0.703886,1.613909,-0.087089,0.706607,1.602274,-0.030045,0.732049,1.617086,-0.055585,0.714618,1.595926,-0.075815,0.722538,1.588512,-0.024788,0.745836,1.600940,-0.048367,0.731934,1.582813,-0.069052,0.733959,1.573603,,,
91,3.033,-0.276202,0.914712,1.842829,-0.395945,0.916382,1.836159,-0.156460,0.913041,1.849499,-0.458435,0.475074,1.849386,-0.131717,0.539520,2.091785,-0.438059,0.286987,1.478615,-0.152924,0.128227,2.031356,-0.274655,1.031932,1.844413,-0.277901,1.246037,1.855109,-0.260373,1.487178,1.876150,-0.246636,1.584772,1.909137,-0.297997,1.436961,1.882196,-0.229476,1.433558,1.864165,-0.429887,1.387974,1.932561,-0.102078,1.366423,1.826979,-0.511777,1.114186,1.984756,-0.052861,1.086554,1.763459,-0.448096,0.886959,2.140536,-0.005032,0.808228,1.777876,-0.456107,0.114397,1.434196,-0.128123,0.043668,2.187307,,,,,,,,,,-0.428917,0.886793,2.156528,-0.398538,0.853521,2.185129,-0.386998,0.823854,2.201679,-0.418303,0.829428,2.211703,-0.403156,0.797008,2.220652,-0.389256,0.774380,2.218761,-0.438433,0.816806,2.202022,-0.424439,0.780198,2.204811,-0.412750,0.757302,2.199887,-0.454995,0.807277,2.192917,-0.442811,0.771867,2.194118,-0.432115,0.753036,2.186495,-0.469057,0.800292,2.177690,-0.457065,0.769743,2.176712,-0.445767,0.751706,2.168743,-0.016304,0.791613,1.792726,-0.051672,0.752219,1.786003,-0.068128,0.726693,1.766898,-0.030431,0.715673,1.770790,-0.056421,0.693264,1.757264,-0.080627,0.688730,1.747142,-0.021416,0.721069,1.747383,-0.046601,0.697113,1.729068,-0.070174,0.697580,1.717692,-0.014025,0.726901,1.728426,-0.038976,0.705943,1.709929,-0.059689,0.712011,1.702116,-0.009749,0.738977,1.710698,-0.032770,0.721836,1.694760,-0.053661,0.721690,1.685796,,,
92,3.067,-0.273573,0.923055,1.896715,-0.393411,0.924341,1.891938,-0.153735,0.921769,1.901491,-0.458555,0.490621,1.972408,-0.131730,0.531122,2.115368,-0.434595,0.296144,1.605165,-0.151465,0.122865,2.036625,-0.272385,1.040277,1.898486,-0.276059,1.254258,1.911308,-0.260995,1.495102,1.937119,-0.249193,1.592293,1.971992,-0.298565,1.444597,1.940530,-0.229241,1.441850,1.925752,-0.432090,1.393267,1.983745,-0.099848,1.375775,1.893940,-0.505918,1.114606,2.019625,-0.044919,1.093814,1.846357,-0.476986,0.862629,2.144628,0.001478,0.817860,1.887067,-0.457807,0.120254,1.580466,-0.125667,0.038231,2.192374,,,,,,,,,,-0.458233,0.857383,2.160263,-0.430072,0.816384,2.179603,-0.419849,0.783091,2.188221,-0.451535,0.787232,2.198755,-0.437738,0.753024,2.198652,-0.424647,0.731226,2.190759,-0.471960,0.778555,2.185879,-0.459617,0.741980,2.178552,-0.448844,0.720805,2.167568,-0.488698,0.772537,2.174407,-0.477999,0.737631,2.165988,-0.467935,0.721127,2.153601,-0.502676,0.770435,2.157716,-0.492433,0.740618,2.148552,-0.482013,0.724780,2.136019,-0.008362,0.803024,1.904580,-0.041242,0.760991,1.904936,-0.056788,0.731838,1.890945,-0.018017,0.723926,1.894688,-0.042417,0.697813,1.885558,-0.066385,0.689988,1.876999,-0.009889,0.726262,1.870466,-0.033785,0.698216,1.856828,-0.057581,0.695398,1.846285,-0.003312,0.729602,1.850626,-0.026928,0.704375,1.836143,-0.048144,0.707741,1.828050,-0.000220,0.739099,1.831168,-0.022050,0.718220,1.818310,-0.042946,0.715302,1.809847,,,
93,3.100,-0.275037,0.936155,1.950152,-0.394900,0.937213,1.945979,-0.155174,0.935097,1.954326,-0.462126,0.517267,2.079989,-0.141249,0.526048,2.131293,-0.429085,0.283552,1.737134,-0.152814,0.119273,2.043745,-0.274071,1.053376,1.952116,-0.277179,1.267290,1.966146,-0.264444,1.507874,1.995403,-0.255476,1.604725,2.032022,-0.301968,1.457226,1.996136,-0.231912,1.454845,1.985262,-0.437271,1.404222,2.030996,-0.100300,1.389975,1.960964,-0.504889,1.122114,2.046235,-0.040901,1.106394,1.932029,-0.503725,0.854698,2.138118,-0.001946,0.834912,2.000882,-0.449586,0.105660,1.741594,-0.127636,0.035005,2.199794,,,,,,,,,,-0.485543,0.844932,2.152177,-0.459056,0.799384,2.160653,-0.449430,0.764823,2.160815,-0.481821,0.766996,2.171144,-0.468789,0.733631,2.162338,-0.455982,0.714304,2.149251,-0.502135,0.762665,2.156083,-0.490610,0.728942,2.139539,-0.480146,0.711084,2.123519,-0.518728,0.760410,2.143138,-0.508707,0.728649,2.125975,-0.498749,0.715699,2.109842,-0.532317,0.763198,2.126228,-0.522896,0.736509,2.109589,-0.512728,0.724212,2.093406,-0.011895,0.822873,2.020368,-0.043650,0.780481,2.026888,-0.058181,0.748957,2.017807,-0.019168,0.742966,2.023490,-0.041641,0.714131,2.018584,-0.064809,0.703394,2.011041,-0.010405,0.741524,1.999419,-0.032671,0.710452,1.990344,-0.055995,0.704698,1.979944,-0.003347,0.741747,1.979466,-0.025124,0.713162,1.968860,-0.046156,0.713936,1.959695,0.000057,0.747996,1.958784,-0.020332,0.724335,1.948670,-0.040686,0.719064,1.940027,,,
94,3.133,-0.280168,0.952071,2.002133,-0.400025,0.952933,1.997765,-0.160310,0.951209,2.006500,-0.466506,0.547393,2.170826,-0.154908,0.525041,2.137589,-0.426844,0.257247,1.875012,-0.156797,0.118489,2.048285,-0.279394,1.069295,2.004032,-0.281596,1.283121,2.019493,-0.271111,1.523555,2.050804,-0.265132,1.620241,2.088455,-0.308463,1.472796,2.049345,-0.237942,1.470683,2.041990,-0.445184,1.418907,2.076452,-0.104566,1.407025,2.025295,-0.508952,1.135634,2.067501,-0.041752,1.122878,2.015350,-0.528002,0.859584,2.125711,-0.015150,0.858136,2.111080,-0.446802,0.084705,1.918792,-0.133594,0.034121,2.204586,,,,,,,,,,-0.510585,0.846491,2.137911,-0.484954,0.799695,2.136799,-0.474978,0.765926,2.129920,-0.508488,0.766224,2.138564,-0.495409,0.734857,2.124223,-0.482074,0.718099,2.108407,-0.528123,0.765872,2.122053,-0.516383,0.735981,2.099416,-0.505430,0.721527,2.080542,-0.544119,0.766980,2.108238,-0.534011,0.739096,2.085346,-0.523582,0.729414,2.067329,-0.556883,0.773847,2.091857,-0.547451,0.751353,2.069880,-0.536939,0.742782,2.051645,-0.027274,0.849170,2.130986,-0.059688,0.807864,2.140532,-0.073193,0.775088,2.134986,-0.035089,0.770655,2.145884,-0.056101,0.740417,2.143707,-0.078003,0.727522,2.135772,-0.023663,0.765568,2.123482,-0.044490,0.732823,2.117354,-0.066455,0.724771,2.105605,-0.014392,0.762749,2.104664,-0.034273,0.732037,2.096576,-0.054093,0.730541,2.085093,-0.008652,0.765710,2.083767,-0.027413,0.740205,2.075088,-0.046494,0.733074,2.064995,,,
95,3.167,-0.286826,0.967021,2.057228,-0.406662,0.967597,2.052272,-0.166990,0.966445,2.062184,-0.469113,0.572510,2.249349,-0.166689,0.527575,2.141083,-0.431227,0.222777,2.026830,-0.161997,0.120085,2.056269,-0.286325,1.084252,2.058743,-0.287841,1.297920,2.076334,-0.279866,1.538238,2.109235,-0.276537,1.634907,2.147255,-0.316854,1.487286,2.106137,-0.246099,1.485593,2.101384,-0.454169,1.432047,2.126746,-0.111387,1.423520,2.090439,-0.515109,1.150467,2.089478,-0.044468,1.140204,2.096580,-0.545413,0.870451,2.114537,-0.032028,0.884042,2.215686,-0.456127,0.068342,2.114097,-0.141080,0.035367,2.212703,,,,,,,,,,-0.528665,0.855341,2.125253,-0.502433,0.809557,2.117270,-0.491204,0.777643,2.105331,-0.525610,0.776327,2.111289,-0.511599,0.746757,2.094261,-0.497063,0.731862,2.077658,-0.544120,0.779014,2.093728,-0.531039,0.752493,2.067858,-0.518881,0.740712,2.047896,-0.559194,0.782643,2.079319,-0.548132,0.758065,2.053294,-0.536763,0.750806,2.034715,-0.570947,0.792404,2.063668,-0.560473,0.773978,2.038593,-0.549038,0.768621,2.019698,-0.046886,0.877848,2.234778,-0.080549,0.837862,2.245544,-0.093373,0.804449,2.242992,-0.057156,0.802178,2.259604,-0.077346,0.771309,2.259398,-0.097827,0.756657,2.250748,-0.042717,0.794098,2.239996,-0.062497,0.760383,2.236039,-0.082621,0.750222,2.222731,-0.030903,0.788744,2.223269,-0.049271,0.756649,2.217237,-0.067264,0.752935,2.203474,-0.022260,0.788758,2.203177,-0.039523,0.761860,2.195677,-0.056931,0.752941,2.184093,,,
96,3.200,-0.292396,0.977697,2.100556,-0.412281,0.978609,2.097039,-0.172511,0.976786,2.104073,-0.465880,0.586413,2.302324,-0.174583,0.531813,2.132842,-0.433082,0.190186,2.179068,-0.168230,0.125656,2.041961,-0.291592,1.094898,2.103535,-0.292628,1.308469,2.122308,-0.288748,1.548984,2.154500,-0.287825,1.645793,2.192297,-0.324959,1.497532,2.150575,-0.254083,1.496767,2.147787,-0.462642,1.441320,2.165231,-0.118062,1.436915,2.141766,-0.520358,1.163551,2.102755,-0.042143,1.156706,2.164201,-0.553314,0.882724,2.105035,-0.038209,0.911009,2.304121,-0.461598,0.064862,2.303835,-0.146947,0.041761,2.198789,,,,,,,,,,-0.536910,0.867430,2.116019,-0.507631,0.823793,2.106721,-0.493370,0.793657,2.093469,-0.528318,0.790279,2.095491,-0.511257,0.762630,2.078024,-0.494382,0.749598,2.062081,-0.545148,0.793779,2.076445,-0.528407,0.769974,2.050048,-0.513827,0.760331,2.030566,-0.558919,0.798072,2.060956,-0.544440,0.776037,2.034336,-0.531080,0.770674,2.016452,-0.569595,0.808727,2.045116,-0.556003,0.792989,2.019709,-0.542632,0.789761,2.001618,-0.054593,0.905015,2.321990,-0.088739,0.864914,2.330586,-0.101180,0.831386,2.327669,-0.066352,0.829704,2.347242,-0.086379,0.798766,2.345717,-0.105990,0.783919,2.335523,-0.050230,0.821414,2.329087,-0.069565,0.787607,2.323903,-0.088452,0.777238,2.309034,-0.036991,0.815875,2.313529,-0.054685,0.783608,2.306482,-0.071431,0.779611,2.291299,-0.026666,0.815614,2.294248,-0.043170,0.788525,2.285788,-0.059525,0.779359,2.272930,,,
97,3.233,-0.296561,0.980009,2.152999,-0.416466,0.980040,2.150083,-0.176657,0.979978,2.155915,-0.457673,0.580755,2.344262,-0.175885,0.534129,2.148837,-0.435473,0.165106,2.346953,-0.171509,0.131335,2.043949,-0.296636,1.097171,2.157335,-0.296246,1.310657,2.177062,-0.296778,1.551286,2.208627,-0.298067,1.648258,2.245993,-0.332121,1.499327,2.203631,-0.261188,1.499538,2.203259,-0.469850,1.441910,2.211734,-0.123548,1.443187,2.203422,-0.520397,1.169243,2.125206,-0.036045,1.168357,2.243367,-0.552884,0.889107,2.104619,-0.045196,0.937359,2.406207,-0.468859,0.077395,2.499525,-0.149183,0.047695,2.200767,,,,,,,,,,-0.537072,0.873698,2.116289,-0.505275,0.831764,2.107431,-0.488492,0.803042,2.093995,-0.523360,0.798366,2.092110,-0.503617,0.772431,2.074843,-0.484755,0.760979,2.059947,-0.538308,0.802518,2.071675,-0.518036,0.780999,2.045798,-0.501177,0.773096,2.027401,-0.550606,0.807335,2.055136,-0.532660,0.787536,2.028874,-0.517365,0.783767,2.012171,-0.560048,0.818624,2.038955,-0.543292,0.804996,2.014227,-0.528014,0.803376,1.997480,-0.063347,0.931646,2.422378,-0.097575,0.891180,2.428619,-0.109574,0.857481,2.425832,-0.076589,0.857013,2.448878,-0.096269,0.825986,2.445624,-0.114520,0.810865,2.433492,-0.058433,0.848438,2.432905,-0.076854,0.814349,2.426409,-0.093862,0.803469,2.409745,-0.043474,0.842643,2.419098,-0.060193,0.810110,2.410979,-0.075145,0.805647,2.394142,-0.031086,0.841937,2.401086,-0.046657,0.814570,2.391792,-0.061592,0.804992,2.377578,,,
98,3.267,-0.299773,0.973725,2.202730,-0.419643,0.970215,2.200609,-0.179903,0.977235,2.204850,-0.452348,0.576381,2.407146,-0.169642,0.532061,2.181459,-0.447994,0.172362,2.507211,-0.168622,0.138652,2.045474,-0.303294,1.090797,2.207969,-0.300147,1.304259,2.227715,-0.305916,1.544931,2.258411,-0.308983,1.642058,2.295270,-0.340167,1.492367,2.252270,-0.269283,1.493779,2.254562,-0.477465,1.433406,2.254301,-0.130304,1.441309,2.261778,-0.516965,1.166306,2.147123,-0.030771,1.174485,2.322457,-0.545696,0.888200,2.104856,-0.049141,0.957629,2.503002,-0.484289,0.124233,2.675889,-0.146300,0.052384,2.200863,,,,,,,,,,-0.530922,0.872536,2.117506,-0.497403,0.831629,2.110360,-0.478496,0.803861,2.097764,-0.512930,0.798680,2.091638,-0.490910,0.773884,2.075486,-0.470313,0.763436,2.062242,-0.525626,0.803530,2.069876,-0.502196,0.783573,2.045452,-0.483267,0.776812,2.028687,-0.536132,0.808905,2.052306,-0.514969,0.790701,2.027316,-0.497855,0.787998,2.012252,-0.543986,0.820778,2.035701,-0.524272,0.808631,2.012424,-0.507193,0.808069,1.997442,-0.068905,0.952545,2.517395,-0.102939,0.911757,2.522494,-0.114846,0.877944,2.520998,-0.083808,0.879500,2.547228,-0.102838,0.848154,2.543247,-0.119435,0.832243,2.529819,-0.063824,0.870343,2.533996,-0.080990,0.835611,2.527467,-0.095831,0.823491,2.509631,-0.047306,0.864024,2.522368,-0.062817,0.830885,2.514299,-0.075735,0.825306,2.496163,-0.032953,0.862445,2.505939,-0.047472,0.834466,2.496762,-0.060810,0.823946,2.481655,,,
99,3.300,-0.302769,0.961828,2.258218,-0.422508,0.954911,2.257697,-0.183030,0.968745,2.258739,-0.449958,0.575065,2.489636,-0.163484,0.525396,2.215243,-0.468241,0.189911,2.646435,-0.165618,0.144092,2.048311,-0.309547,1.078732,2.263978,-0.305121,1.292275,2.282572,-0.315343,1.532987,2.311755,-0.319651,1.630252,2.348121,-0.348619,1.479890,2.304881,-0.277864,1.482366,2.309285,-0.485630,1.420306,2.301871,-0.138700,1.431837,2.323443,-0.514257,1.158744,2.178764,-0.030633,1.174608,2.406741,-0.539398,0.884072,2.116488,-0.056909,0.969950,2.600094,-0.506241,0.182354,2.821321,-0.143017,0.054489,2.201761,,,,,,,,,,-0.525747,0.867840,2.129673,-0.491112,0.827685,2.123679,-0.470673,0.800839,2.111485,-0.504224,0.795721,2.101687,-0.479972,0.772720,2.086087,-0.457877,0.763787,2.074219,-0.514744,0.801690,2.079061,-0.488509,0.783847,2.055886,-0.467845,0.778573,2.040710,-0.523513,0.807965,2.060847,-0.499402,0.791982,2.037036,-0.480771,0.790681,2.023684,-0.529830,0.820694,2.044220,-0.507655,0.810325,2.022340,-0.489163,0.810945,2.009144,-0.077816,0.965665,2.613062,-0.111336,0.924560,2.618954,-0.122804,0.890571,2.619754,-0.093930,0.895335,2.648301,-0.112016,0.863327,2.645313,-0.127000,0.845928,2.631834,-0.072621,0.885565,2.637872,-0.088394,0.849902,2.633079,-0.101244,0.835807,2.615148,-0.054969,0.878667,2.628447,-0.069126,0.844576,2.622022,-0.080199,0.837099,2.603356,-0.039124,0.875973,2.613612,-0.052409,0.846952,2.605927,-0.064208,0.834773,2.590785,,,
100,3.333,-0.306636,0.946685,2.317251,-0.426284,0.938487,2.318856,-0.186987,0.954882,2.315647,-0.450461,0.578478,2.580851,-0.162576,0.515014,2.246708,-0.479944,0.202647,2.757332,-0.166625,0.147761,2.050818,-0.314554,1.063489,2.323554,-0.311221,1.277145,2.341033,-0.323385,1.517924,2.368901,-0.328365,1.615341,2.404769,-0.356219,1.464596,2.361696,-0.285568,1.467518,2.367324,-0.493268,1.405455,2.354535,-0.146999,1.417238,2.387091,-0.514142,1.147770,2.222049,-0.034050,1.169173,2.489511,-0.538212,0.877400,2.142830,-0.064124,0.972998,2.690935,-0.517535,0.227811,2.930652,-0.142797,0.056237,2.202942,,,,,,,,,,-0.525285,0.860502,2.155907,-0.490075,0.820862,2.149836,-0.468601,0.794756,2.137816,-0.501595,0.790135,2.125334,-0.475230,0.770289,2.108851,-0.452102,0.763927,2.097301,-0.510746,0.797325,2.102468,-0.482354,0.782557,2.079676,-0.460584,0.779411,2.065489,-0.518423,0.804579,2.084126,-0.491938,0.791653,2.060992,-0.472355,0.792234,2.049022,-0.523794,0.818197,2.067876,-0.499906,0.809695,2.047018,-0.480550,0.811504,2.035247,-0.085596,0.968922,2.703017,-0.117910,0.927096,2.710388,-0.127762,0.892716,2.713276,-0.101237,0.901054,2.742978,-0.117971,0.868216,2.741487,-0.131482,0.849246,2.728581,-0.079011,0.891350,2.734605,-0.093093,0.854771,2.731911,-0.104297,0.838779,2.714475,-0.060595,0.884440,2.726788,-0.073110,0.849409,2.722306,-0.082763,0.840067,2.703692,-0.043811,0.881209,2.713140,-0.055641,0.851156,2.707250,-0.066129,0.837312,2.692582,,,
101,3.367,-0.311572,0.932883,2.378708,-0.431210,0.924992,2.381880,-0.191934,0.940774,2.375536,-0.454947,0.567401,2.647205,-0.167099,0.506338,2.278164,-0.477656,0.191056,2.823592,-0.169184,0.153532,2.057286,-0.319108,1.049709,2.385070,-0.317892,1.263399,2.402421,-0.331142,1.504109,2.430385,-0.337101,1.601561,2.466008,-0.363704,1.450729,2.422374,-0.293201,1.453779,2.429566,-0.500254,1.391100,2.410975,-0.155091,1.404302,2.454021,-0.514859,1.134074,2.276386,-0.040518,1.161727,2.567221,-0.538430,0.867608,2.184759,-0.068656,0.968611,2.771854,-0.510111,0.210814,2.998641,-0.144793,0.055709,2.205347,,,,,,,,,,-0.525635,0.850086,2.197124,-0.490127,0.810979,2.189523,-0.468367,0.785671,2.176364,-0.501083,0.781567,2.163215,-0.474023,0.763775,2.145556,-0.450642,0.758969,2.133764,-0.509891,0.789939,2.140619,-0.480773,0.777264,2.117484,-0.458688,0.775493,2.103549,-0.517301,0.798137,2.122567,-0.490029,0.787223,2.099310,-0.470195,0.788935,2.087874,-0.522473,0.812587,2.106984,-0.498012,0.805412,2.086292,-0.478395,0.807989,2.075109,-0.090371,0.964744,2.783563,-0.121713,0.922580,2.792934,-0.130378,0.888122,2.797929,-0.105342,0.899397,2.827759,-0.121110,0.866053,2.828076,-0.133678,0.845849,2.816127,-0.082602,0.889807,2.820747,-0.095498,0.852697,2.820304,-0.105676,0.835165,2.803742,-0.063764,0.882926,2.813979,-0.075159,0.847314,2.811571,-0.083956,0.836444,2.793366,-0.046478,0.879256,2.801090,-0.057283,0.848521,2.797038,-0.066926,0.833368,2.783103,,,
102,3.400,-0.317519,0.920709,2.442909,-0.437273,0.914797,2.445973,-0.197764,0.926621,2.439845,-0.458527,0.548728,2.699694,-0.176739,0.500071,2.311606,-0.471278,0.165156,2.860856,-0.171891,0.161709,2.069219,-0.323185,1.037735,2.447212,-0.324453,1.251600,2.462240,-0.339699,1.492429,2.488086,-0.347557,1.590122,2.522663,-0.371749,1.438830,2.479493,-0.301505,1.442288,2.488750,-0.507182,1.377273,2.465348,-0.163588,1.394699,2.517637,-0.519095,1.117443,2.335979,-0.048589,1.152993,2.632255,-0.542868,0.851598,2.242619,-0.069010,0.956392,2.834471,-0.494826,0.147185,3.037515,-0.146520,0.051271,2.207948,,,,,,,,,,-0.530008,0.833335,2.253786,-0.495750,0.793786,2.243284,-0.475280,0.768632,2.227940,-0.508420,0.765661,2.216345,-0.482506,0.748104,2.196831,-0.459749,0.743340,2.183859,-0.517916,0.775092,2.194456,-0.490012,0.762613,2.169770,-0.468519,0.760846,2.154937,-0.525840,0.784143,2.177041,-0.499724,0.773548,2.152352,-0.480305,0.775264,2.140226,-0.531283,0.799296,2.162236,-0.507710,0.792267,2.140491,-0.488421,0.794749,2.128733,-0.090682,0.952631,2.846296,-0.121168,0.910310,2.857588,-0.128690,0.875848,2.864157,-0.104439,0.889164,2.893522,-0.119330,0.855511,2.896044,-0.131415,0.834272,2.885470,-0.081478,0.879731,2.887033,-0.093427,0.842344,2.888763,-0.103158,0.823621,2.873269,-0.062477,0.872934,2.880650,-0.072874,0.836939,2.880286,-0.081335,0.824810,2.862730,-0.045072,0.869019,2.867994,-0.054799,0.837754,2.865601,-0.063858,0.821567,2.852460,,,
103,3.433,-0.324679,0.910909,2.510075,-0.444528,0.906382,2.511195,-0.204830,0.915436,2.508955,-0.461389,0.531945,2.752743,-0.187119,0.500507,2.346620,-0.467102,0.138969,2.889856,-0.171046,0.175592,2.086936,-0.329077,1.028034,2.512910,-0.332888,1.242134,2.523524,-0.348944,1.483537,2.542647,-0.359346,1.581812,2.574822,-0.380722,1.429694,2.534585,-0.310760,1.433475,2.545663,-0.515401,1.366844,2.519003,-0.173209,1.387178,2.578168,-0.529609,1.102143,2.400171,-0.060807,1.141884,2.687625,-0.555773,0.833045,2.317365,-0.072131,0.936623,2.881790,-0.489635,0.080225,3.057569,-0.144397,0.043301,2.204730,,,,,,,,,,-0.542832,0.814289,2.327584,-0.510510,0.773825,2.314702,-0.492020,0.748353,2.297484,-0.525647,0.746367,2.288355,-0.501502,0.728328,2.267090,-0.479740,0.723074,2.252680,-0.536152,0.756299,2.267160,-0.510058,0.743239,2.240849,-0.489493,0.740981,2.224815,-0.544830,0.765760,2.250331,-0.520504,0.754664,2.224084,-0.501775,0.755930,2.210865,-0.550687,0.781217,2.236008,-0.528515,0.773557,2.213036,-0.509798,0.775466,2.200289,-0.093770,0.932998,2.893716,-0.124134,0.890789,2.905734,-0.130811,0.856248,2.912786,-0.107284,0.870250,2.941962,-0.121600,0.836560,2.946500,-0.133557,0.814626,2.937286,-0.084313,0.860771,2.935577,-0.095802,0.823357,2.939013,-0.105491,0.803873,2.924459,-0.065308,0.853918,2.929264,-0.075069,0.817761,2.930383,-0.083440,0.804809,2.913380,-0.047919,0.849846,2.916637,-0.056849,0.818288,2.915156,-0.065525,0.801555,2.902447,,,
104,3.467,-0.334431,0.904917,2.574246,-0.454318,0.901552,2.573102,-0.214544,0.908281,2.575389,-0.475473,0.531648,2.821207,-0.188324,0.491932,2.417912,-0.472694,0.125680,2.913105,-0.166797,0.193752,2.128276,-0.337734,1.022103,2.575729,-0.344581,1.236260,2.583160,-0.358467,1.478230,2.595671,-0.370905,1.577120,2.625127,-0.390685,1.424497,2.588697,-0.320811,1.427905,2.600438,-0.525556,1.361974,2.573468,-0.183918,1.380856,2.634595,-0.548271,1.092626,2.467046,-0.077283,1.127653,2.731037,-0.581126,0.819522,2.401552,-0.079514,0.909510,2.910951,-0.496159,0.037989,3.067526,-0.139696,0.033533,2.203653,,,,,,,,,,-0.568127,0.801070,2.412239,-0.536636,0.759673,2.400296,-0.519164,0.733365,2.383273,-0.552802,0.731281,2.375603,-0.529419,0.712314,2.354293,-0.508148,0.706373,2.339425,-0.563768,0.740406,2.354279,-0.538420,0.726013,2.327933,-0.518268,0.722895,2.311524,-0.572793,0.749229,2.337287,-0.549220,0.736743,2.310978,-0.530809,0.737224,2.297269,-0.578862,0.764116,2.322457,-0.557111,0.754926,2.299644,-0.538549,0.755846,2.286564,-0.101149,0.906143,2.922962,-0.132340,0.864394,2.934453,-0.140038,0.829963,2.940986,-0.115703,0.842865,2.970202,-0.130321,0.809399,2.975393,-0.142730,0.787511,2.966682,-0.092985,0.833006,2.963495,-0.104969,0.795777,2.967231,-0.115159,0.776329,2.952974,-0.074174,0.825858,2.956932,-0.084331,0.789814,2.958187,-0.093041,0.776933,2.941300,-0.056961,0.821633,2.944116,-0.066187,0.790174,2.942396,-0.075101,0.773578,2.929672,,,
105,3.500,-0.345589,0.902394,2.635365,-0.465462,0.899640,2.632472,-0.225715,0.905147,2.638259,-0.495730,0.542579,2.897848,-0.177156,0.474999,2.531269,-0.479718,0.127055,2.916452,-0.158732,0.219950,2.202826,-0.348285,1.019604,2.635513,-0.355732,1.233794,2.641268,-0.369638,1.475924,2.650133,-0.383350,1.575136,2.677889,-0.401861,1.422086,2.644048,-0.331962,1.425683,2.655580,-0.536530,1.358516,2.631625,-0.195004,1.378542,2.689349,-0.568249,1.084842,2.539504,-0.090339,1.117496,2.764742,-0.605668,0.807799,2.497050,-0.079982,0.884393,2.924479,-0.505713,0.039637,3.070623,-0.140160,0.041907,2.209301,,,,,,,,,,-0.592665,0.790446,2.509437,-0.561700,0.747716,2.501480,-0.545264,0.719792,2.486077,-0.578466,0.717046,2.480140,-0.555795,0.695732,2.460333,-0.534956,0.688024,2.445664,-0.589672,0.723987,2.458128,-0.564817,0.706678,2.433100,-0.544928,0.701670,2.416839,-0.598875,0.731063,2.440430,-0.575916,0.715509,2.415236,-0.557746,0.714258,2.401257,-0.605040,0.744367,2.424201,-0.583389,0.732344,2.402645,-0.564824,0.731480,2.389565,-0.101283,0.880393,2.936884,-0.132206,0.838091,2.947000,-0.140300,0.803493,2.951986,-0.114624,0.814698,2.981086,-0.128957,0.780963,2.985225,-0.141562,0.759423,2.975946,-0.092112,0.805210,2.973244,-0.103816,0.767794,2.975823,-0.114378,0.748839,2.961178,-0.073499,0.798421,2.965797,-0.083539,0.762323,2.965637,-0.092708,0.750204,2.948432,-0.056649,0.794883,2.952308,-0.065863,0.763518,2.949286,-0.075095,0.747514,2.936041,,,
