frame_id,time_sec,Hips_X,Hips_Y,Hips_Z,LeftUpperLeg_X,LeftUpperLeg_Y,LeftUpperLeg_Z,RightUpperLeg_X,RightUpperLeg_Y,RightUpperLeg_Z,LeftLowerLeg_X,LeftLowerLeg_Y,LeftLowerLeg_Z,RightLowerLeg_X,RightLowerLeg_Y,RightLowerLeg_Z,LeftFoot_X,LeftFoot_Y,LeftFoot_Z,RightFoot_X,RightFoot_Y,RightFoot_Z,Spine_X,Spine_Y,Spine_Z,Chest_X,Chest_Y,Chest_Z,Neck_X,Neck_Y,Neck_Z,Head_X,Head_Y,Head_Z,LeftShoulder_X,LeftShoulder_Y,LeftShoulder_Z,RightShoulder_X,RightShoulder_Y,RightShoulder_Z,LeftUpperArm_X,LeftUpperArm_Y,LeftUpperArm_Z,RightUpperArm_X,RightUpperArm_Y,RightUpperArm_Z,LeftLowerArm_X,LeftLowerArm_Y,LeftLowerArm_Z,RightLowerArm_X,RightLowerArm_Y,RightLowerArm_Z,LeftHand_X,LeftHand_Y,LeftHand_Z,RightHand_X,RightHand_Y,RightHand_Z,LeftToes_X,LeftToes_Y,LeftToes_Z,RightToes_X,RightToes_Y,RightToes_Z,LeftEye_X,LeftEye_Y,LeftEye_Z,RightEye_X,RightEye_Y,RightEye_Z,Jaw_X,Jaw_Y,Jaw_Z,LeftThumbProximal_X,LeftThumbProximal_Y,LeftThumbProximal_Z,LeftThumbIntermediate_X,LeftThumbIntermediate_Y,LeftThumbIntermediate_Z,LeftThumbDistal_X,LeftThumbDistal_Y,LeftThumbDistal_Z,LeftIndexProximal_X,LeftIndexProximal_Y,LeftIndexProximal_Z,LeftIndexIntermediate_X,LeftIndexIntermediate_Y,LeftIndexIntermediate_Z,LeftIndexDistal_X,LeftIndexDistal_Y,LeftIndexDistal_Z,LeftMiddleProximal_X,LeftMiddleProximal_Y,LeftMiddleProximal_Z,LeftMiddleIntermediate_X,LeftMiddleIntermediate_Y,LeftMiddleIntermediate_Z,LeftMiddleDistal_X,LeftMiddleDistal_Y,LeftMiddleDistal_Z,LeftRingProximal_X,LeftRingProximal_Y,LeftRingProximal_Z,LeftRingIntermediate_X,LeftRingIntermediate_Y,LeftRingIntermediate_Z,LeftRingDistal_X,LeftRingDistal_Y,LeftRingDistal_Z,LeftLittleProximal_X,LeftLittleProximal_Y,LeftLittleProximal_Z,LeftLittleIntermediate_X,LeftLittleIntermediate_Y,LeftLittleIntermediate_Z,LeftLittleDistal_X,LeftLittleDistal_Y,LeftLittleDistal_Z,RightThumbProximal_X,RightThumbProximal_Y,RightThumbProximal_Z,RightThumbIntermediate_X,RightThumbIntermediate_Y,RightThumbIntermediate_Z,RightThumbDistal_X,RightThumbDistal_Y,RightThumbDistal_Z,RightIndexProximal_X,RightIndexProximal_Y,RightIndexProximal_Z,RightIndexIntermediate_X,RightIndexIntermediate_Y,RightIndexIntermediate_Z,RightIndexDistal_X,RightIndexDistal_Y,RightIndexDistal_Z,RightMiddleProximal_X,RightMiddleProximal_Y,RightMiddleProximal_Z,RightMiddleIntermediate_X,RightMiddleIntermediate_Y,RightMiddleIntermediate_Z,RightMiddleDistal_X,RightMiddleDistal_Y,RightMiddleDistal_Z,RightRingProximal_X,RightRingProximal_Y,RightRingProximal_Z,RightRingIntermediate_X,RightRingIntermediate_Y,RightRingIntermediate_Z,RightRingDistal_X,RightRingDistal_Y,RightRingDistal_Z,RightLittleProximal_X,RightLittleProximal_Y,RightLittleProximal_Z,RightLittleIntermediate_X,RightLittleIntermediate_Y,RightLittleIntermediate_Z,RightLittleDistal_X,RightLittleDistal_Y,RightLittleDistal_Z,UpperChest_X,UpperChest_Y,UpperChest_Z
0,0.000,-0.094419,0.962526,-3.335354,-0.214109,0.963401,-3.343043,0.025271,0.961651,-3.327665,-0.285520,0.557358,-3.173154,0.027221,0.536201,-3.194167,-0.237530,0.270174,-3.470620,0.027380,0.129687,-3.283664,-0.093686,1.079749,-3.333416,-0.096351,1.293582,-3.318117,-0.086634,1.534022,-3.286602,-0.081586,1.630709,-3.248819,-0.123947,1.483270,-3.289024,-0.053258,1.481140,-3.294532,-0.261343,1.429440,-3.265443,0.080472,1.417413,-3.307771,-0.324965,1.146152,-3.274909,0.143366,1.133251,-3.316710,-0.345024,0.870377,-3.215736,0.167900,0.868160,-3.221394,-0.258475,0.097109,-3.429442,0.046279,0.045331,-3.126778,,,,,,,,,,-0.327921,0.857395,-3.202986,-0.302277,0.810593,-3.203036,-0.292157,0.776762,-3.209377,-0.325852,0.777138,-3.201566,-0.312410,0.745691,-3.215387,-0.298686,0.728843,-3.230770,-0.345065,0.776636,-3.218561,-0.332745,0.746595,-3.240684,-0.321317,0.732015,-3.259175,-0.360709,0.777620,-3.232784,-0.349997,0.749586,-3.255214,-0.339105,0.739790,-3.272892,-0.373056,0.784340,-3.249541,-0.363048,0.761666,-3.271075,-0.352065,0.752947,-3.288960,0.155345,0.859061,-3.201818,0.122724,0.817702,-3.193261,0.109337,0.784970,-3.199326,0.147194,0.780448,-3.187634,0.126199,0.750255,-3.190494,0.104462,0.737447,-3.199003,0.159100,0.775512,-3.209818,0.138394,0.742826,-3.216632,0.116686,0.734874,-3.228914,0.168776,0.772819,-3.228449,0.149049,0.742186,-3.237186,0.129481,0.740791,-3.249105,0.174968,0.775922,-3.249196,0.156382,0.750491,-3.258450,0.137518,0.743444,-3.268999,,,
1,0.033,-0.094419,0.962526,-3.335354,-0.214109,0.963401,-3.343043,0.025271,0.961651,-3.327665,-0.285520,0.557358,-3.173154,0.027221,0.536201,-3.194167,-0.237530,0.270174,-3.470620,0.027380,0.129687,-3.283664,-0.093686,1.079749,-3.333416,-0.096351,1.293582,-3.318117,-0.086634,1.534022,-3.286602,-0.081586,1.630709,-3.248819,-0.123947,1.483270,-3.289024,-0.053258,1.481140,-3.294532,-0.261343,1.429440,-3.265443,0.080472,1.417413,-3.307771,-0.324965,1.146152,-3.274909,0.143366,1.133251,-3.316710,-0.345024,0.870377,-3.215736,0.167900,0.868160,-3.221394,-0.258475,0.097109,-3.429442,0.046279,0.045331,-3.126778,,,,,,,,,,-0.327921,0.857395,-3.202986,-0.302277,0.810593,-3.203036,-0.292157,0.776762,-3.209377,-0.325852,0.777138,-3.201566,-0.312410,0.745691,-3.215387,-0.298686,0.728843,-3.230770,-0.345065,0.776636,-3.218561,-0.332745,0.746595,-3.240684,-0.321317,0.732015,-3.259175,-0.360709,0.777620,-3.232784,-0.349997,0.749586,-3.255214,-0.339105,0.739790,-3.272892,-0.373056,0.784340,-3.249541,-0.363048,0.761666,-3.271075,-0.352065,0.752947,-3.288960,0.155345,0.859061,-3.201818,0.122724,0.817702,-3.193261,0.109337,0.784970,-3.199326,0.147194,0.780448,-3.187634,0.126199,0.750255,-3.190494,0.104462,0.737447,-3.199003,0.159100,0.775512,-3.209818,0.138394,0.742826,-3.216632,0.116686,0.734874,-3.228914,0.168776,0.772819,-3.228449,0.149049,0.742186,-3.237186,0.129481,0.740791,-3.249105,0.174968,0.775922,-3.249196,0.156382,0.750491,-3.258450,0.137518,0.743444,-3.268999,,,
2,0.067,-0.102996,0.977581,-3.280258,-0.222828,0.978144,-3.285320,0.016836,0.977018,-3.275197,-0.285725,0.582912,-3.088678,0.017213,0.538569,-3.193989,-0.247566,0.235758,-3.315154,0.021721,0.131039,-3.278618,-0.102507,1.094813,-3.278796,-0.104054,1.308486,-3.261266,-0.095920,1.548796,-3.228348,-0.092497,1.645459,-3.190320,-0.132938,1.497864,-3.231418,-0.062188,1.496134,-3.236233,-0.270240,1.442670,-3.210599,0.072467,1.433968,-3.247346,-0.331262,1.160959,-3.246717,0.139001,1.150547,-3.241907,-0.361356,0.881021,-3.220560,0.151777,0.893945,-3.123786,-0.272348,0.080274,-3.229734,0.042548,0.046286,-3.122191,,,,,,,,,,-0.344597,0.865933,-3.209831,-0.318481,0.820060,-3.217684,-0.307372,0.788065,-3.229517,-0.341743,0.786844,-3.223411,-0.327848,0.757188,-3.240383,-0.313405,0.742208,-3.256990,-0.360315,0.789479,-3.240915,-0.347371,0.762829,-3.266721,-0.335307,0.750945,-3.286680,-0.375436,0.793064,-3.255285,-0.364499,0.768364,-3.281247,-0.353205,0.761014,-3.299836,-0.387230,0.802769,-3.270940,-0.376871,0.784209,-3.295963,-0.365511,0.778744,-3.314873,0.136990,0.887720,-3.104649,0.103358,0.847723,-3.093829,0.090521,0.814316,-3.096398,0.126795,0.812008,-3.079923,0.106599,0.781142,-3.080108,0.086083,0.766509,-3.088706,0.141158,0.803960,-3.099601,0.121362,0.770252,-3.103541,0.101187,0.760114,-3.116789,0.152907,0.798634,-3.116382,0.134511,0.766553,-3.122403,0.116465,0.762866,-3.136105,0.161474,0.798683,-3.136506,0.144179,0.771800,-3.143990,0.126726,0.762903,-3.155524,,,
3,0.100,-0.108649,0.988607,-3.237181,-0.228531,0.989545,-3.240786,0.011233,0.987669,-3.233575,-0.282766,0.597616,-3.035158,0.009068,0.542815,-3.203038,-0.249645,0.203162,-3.163892,0.015548,0.136536,-3.293364,-0.107820,1.105809,-3.234264,-0.108920,1.319383,-3.215538,-0.104857,1.559892,-3.183318,-0.103849,1.656693,-3.145504,-0.141104,1.508463,-3.187212,-0.070231,1.507654,-3.190074,-0.278784,1.452303,-3.172324,0.065715,1.447654,-3.196303,-0.336724,1.174337,-3.233706,0.141092,1.167242,-3.174605,-0.369636,0.893515,-3.230400,0.145464,0.920933,-3.035776,-0.278061,0.076303,-3.040664,0.036722,0.052622,-3.136532,,,,,,,,,,-0.353214,0.878226,-3.219437,-0.324052,0.834506,-3.228719,-0.309905,0.804303,-3.241940,-0.344846,0.800995,-3.239757,-0.327903,0.773267,-3.257212,-0.311116,0.760158,-3.273186,-0.361749,0.804466,-3.258744,-0.345159,0.780553,-3.285139,-0.330678,0.770826,-3.304652,-0.375576,0.808735,-3.274189,-0.361244,0.786595,-3.300802,-0.347967,0.781155,-3.318725,-0.386299,0.819359,-3.290017,-0.372840,0.803520,-3.315433,-0.359551,0.800213,-3.333570,0.129154,0.914924,-3.017846,0.095018,0.874833,-3.009161,0.082559,0.841313,-3.012087,0.117452,0.839585,-2.992653,0.097419,0.808648,-2.994113,0.077760,0.793810,-3.004230,0.133490,0.831310,-3.010890,0.114125,0.797512,-3.016024,0.095170,0.787162,-3.030819,0.146658,0.825785,-3.026513,0.128931,0.793527,-3.033519,0.112119,0.789548,-3.048634,0.156899,0.825545,-3.045838,0.140362,0.798466,-3.054267,0.123956,0.789316,-3.067070,,,
4,0.133,-0.112891,0.991315,-3.184730,-0.232793,0.991487,-3.187734,0.007012,0.991144,-3.181726,-0.274519,0.592175,-2.993721,0.007403,0.545280,-3.187917,-0.251464,0.176568,-2.995528,0.011878,0.142147,-3.291490,-0.112830,1.108478,-3.180438,-0.112565,1.321966,-3.160721,-0.112878,1.562591,-3.129123,-0.114099,1.659556,-3.091737,-0.148267,1.510659,-3.134083,-0.077334,1.510817,-3.134542,-0.286011,1.453311,-3.125760,0.060234,1.454290,-3.134631,-0.336965,1.180413,-3.211318,0.147133,1.179145,-3.095548,-0.369555,0.900219,-3.230916,0.138309,0.947510,-2.933597,-0.284724,0.087213,-2.843885,0.034118,0.058606,-3.134607,,,,,,,,,,-0.353707,0.884818,-3.219284,-0.321997,0.842829,-3.228194,-0.305312,0.814059,-3.241649,-0.340189,0.809417,-3.243358,-0.320548,0.783426,-3.260657,-0.301764,0.771923,-3.275612,-0.355225,0.813541,-3.263733,-0.335092,0.791944,-3.289656,-0.318325,0.783984,-3.308111,-0.367593,0.818334,-3.280227,-0.349788,0.798458,-3.306526,-0.334573,0.794635,-3.323290,-0.377096,0.829598,-3.296390,-0.360470,0.815897,-3.321166,-0.345271,0.814223,-3.337979,0.120227,0.941768,-2.917358,0.085992,0.901316,-2.911073,0.073985,0.867624,-2.913918,0.107040,0.867073,-2.891007,0.087337,0.836058,-2.894229,0.069022,0.820967,-2.906303,0.125114,0.858526,-2.907087,0.106643,0.824464,-2.913579,0.089549,0.813634,-2.930188,0.140004,0.852757,-2.920979,0.123237,0.820248,-2.929099,0.108206,0.815830,-2.945876,0.152308,0.852090,-2.939051,0.136695,0.824748,-2.948349,0.121698,0.815209,-2.962523,,,
5,0.167,-0.116155,0.985329,-3.135170,-0.236027,0.981978,-3.137410,0.003718,0.988679,-3.132929,-0.269094,0.587609,-2.931955,0.013547,0.543449,-3.155439,-0.263367,0.182924,-2.834689,0.014721,0.149547,-3.289985,-0.119524,1.102406,-3.129957,-0.116459,1.315865,-3.110168,-0.122029,1.556535,-3.079412,-0.125051,1.653654,-3.042532,-0.156323,1.503996,-3.085531,-0.085436,1.505357,-3.083309,-0.293634,1.445071,-3.083324,0.053516,1.452783,-3.076349,-0.333570,1.177729,-3.189734,0.152565,1.185560,-3.016642,-0.362420,0.899497,-3.231084,0.134460,0.968134,-2.836756,-0.299509,0.133013,-2.666496,0.036964,0.063430,-3.134501,,,,,,,,,,-0.347601,0.883856,-3.218458,-0.314137,0.842911,-3.225646,-0.295300,0.815101,-3.238252,-0.329763,0.809925,-3.244219,-0.307839,0.785055,-3.260387,-0.287308,0.774543,-3.273684,-0.342549,0.814728,-3.265938,-0.319242,0.794681,-3.290405,-0.300389,0.787855,-3.307230,-0.353127,0.820066,-3.283476,-0.332092,0.801768,-3.308505,-0.315047,0.799003,-3.323635,-0.361044,0.831903,-3.300078,-0.341440,0.819676,-3.323405,-0.324425,0.819060,-3.338458,0.114747,0.963013,-2.822307,0.080686,0.922242,-2.817246,0.068759,0.888441,-2.818845,0.099876,0.889861,-2.792721,0.080805,0.858545,-2.796741,0.064140,0.842698,-2.810162,0.119798,0.880737,-2.806068,0.102569,0.846050,-2.812668,0.087645,0.834015,-2.830494,0.136264,0.874447,-2.817787,0.120693,0.841353,-2.825924,0.107698,0.835856,-2.844031,0.150551,0.872920,-2.834278,0.135978,0.844990,-2.843517,0.122577,0.834542,-2.858618,,,
6,0.200,-0.119126,0.973606,-3.079858,-0.238869,0.966767,-3.080526,0.000617,0.980446,-3.079190,-0.266578,0.586081,-2.849999,0.019900,0.536977,-3.121562,-0.284455,0.200423,-2.694397,0.017920,0.155081,-3.287138,-0.125836,1.090516,-3.074126,-0.121389,1.304053,-3.055478,-0.131515,1.544763,-3.026235,-0.135804,1.642020,-2.989848,-0.164812,1.491678,-3.033106,-0.094055,1.494129,-3.028733,-0.301820,1.432081,-3.035984,0.045122,1.443577,-3.014779,-0.330763,1.170327,-3.158610,0.152875,1.185939,-2.932344,-0.355921,0.895479,-3.220097,0.126718,0.980864,-2.739417,-0.322524,0.191279,-2.519603,0.040402,0.065570,-3.133618,,,,,,,,,,-0.342238,0.879278,-3.206908,-0.307629,0.839099,-3.212894,-0.287236,0.812218,-3.225088,-0.320808,0.807082,-3.234768,-0.296647,0.783953,-3.250320,-0.274600,0.774912,-3.262194,-0.331388,0.812997,-3.257382,-0.305247,0.795022,-3.280562,-0.284635,0.789655,-3.295774,-0.340205,0.819227,-3.275587,-0.316199,0.803111,-3.299415,-0.297612,0.801727,-3.312821,-0.346564,0.831915,-3.292229,-0.324465,0.821461,-3.314146,-0.306012,0.822026,-3.327400,0.105836,0.976564,-2.726414,0.072261,0.935493,-2.720595,0.060726,0.901525,-2.719893,0.089691,0.906128,-2.691403,0.071545,0.874160,-2.694460,0.056499,0.856834,-2.707964,0.110957,0.896361,-2.701922,0.095108,0.860745,-2.706811,0.082189,0.846739,-2.724762,0.128574,0.889470,-2.711417,0.114345,0.855426,-2.717932,0.103212,0.848036,-2.736597,0.144378,0.886806,-2.726302,0.131029,0.857836,-2.734069,0.119175,0.845735,-2.749230,,,
7,0.233,-0.122978,0.958444,-3.020949,-0.242629,0.950248,-3.019477,-0.003328,0.966641,-3.022421,-0.266964,0.589970,-2.757866,0.021039,0.526571,-3.090075,-0.296664,0.214072,-2.581566,0.017017,0.158689,-3.284780,-0.130903,1.075249,-3.014660,-0.127489,1.288903,-2.997169,-0.139612,1.529684,-2.969304,-0.144567,1.627099,-2.933425,-0.172455,1.476359,-2.976490,-0.101801,1.479274,-2.970897,-0.309517,1.417232,-2.983518,0.036779,1.428962,-2.951289,-0.330634,1.159487,-3.115849,0.149571,1.180614,-2.849385,-0.354678,0.888939,-3.194466,0.119367,0.984254,-2.648161,-0.334526,0.239139,-2.408291,0.040743,0.067410,-3.132492,,,,,,,,,,-0.341745,0.872071,-3.181356,-0.306547,0.832409,-3.187355,-0.285086,0.806269,-3.199324,-0.318090,0.801624,-3.211773,-0.291762,0.781677,-3.228191,-0.268647,0.775236,-3.239724,-0.327257,0.808760,-3.234649,-0.298900,0.793889,-3.257419,-0.277145,0.790674,-3.271614,-0.334946,0.815970,-3.253003,-0.308500,0.802944,-3.276127,-0.288929,0.803467,-3.288119,-0.340326,0.829548,-3.269284,-0.316464,0.820982,-3.290146,-0.297120,0.822753,-3.301942,0.097903,0.980169,-2.636068,0.065536,0.938366,-2.628798,0.055623,0.903995,-2.626010,0.082208,0.912191,-2.596314,0.065426,0.879382,-2.597891,0.051873,0.860473,-2.610842,0.104411,0.902484,-2.604744,0.090270,0.865935,-2.607545,0.079021,0.850018,-2.625021,0.122808,0.895573,-2.612606,0.110238,0.860574,-2.617185,0.100550,0.851305,-2.635818,0.139571,0.892363,-2.626284,0.127692,0.862347,-2.632262,0.117169,0.848566,-2.646964,,,
8,0.267,-0.127897,0.944571,-2.959615,-0.247531,0.936602,-2.956509,-0.008262,0.952539,-2.962720,-0.271490,0.579318,-2.690790,0.016754,0.517802,-3.058694,-0.294709,0.203265,-2.513849,0.014493,0.164350,-3.278535,-0.135510,1.061388,-2.953178,-0.134191,1.275070,-2.935742,-0.147368,1.515776,-2.907712,-0.153264,1.613219,-2.872053,-0.179948,1.462404,-2.915707,-0.109437,1.465439,-2.908574,-0.316538,1.402853,-2.927029,0.028669,1.415884,-2.884262,-0.331242,1.145926,-3.061796,0.143163,1.173227,-2.771157,-0.354771,0.879399,-3.153256,0.114633,0.980216,-2.566478,-0.327635,0.224482,-2.339058,0.038768,0.067056,-3.130107,,,,,,,,,,-0.341985,0.861911,-3.140834,-0.306431,0.822818,-3.148297,-0.284622,0.797500,-3.161353,-0.317316,0.793347,-3.174568,-0.290213,0.775531,-3.192135,-0.266807,0.770711,-3.203871,-0.326091,0.801668,-3.197196,-0.296924,0.788971,-3.220257,-0.274814,0.787188,-3.234151,-0.333475,0.809826,-3.215277,-0.306156,0.798885,-3.238466,-0.286304,0.800588,-3.249872,-0.338630,0.824242,-3.230897,-0.314132,0.817051,-3.251539,-0.294501,0.819626,-3.262697,0.092912,0.976344,-2.554781,0.061525,0.934189,-2.545516,0.052806,0.899733,-2.540602,0.077868,0.910906,-2.510744,0.062060,0.877580,-2.510532,0.049472,0.857427,-2.522546,0.100600,0.901309,-2.517776,0.087659,0.864217,-2.518326,0.077464,0.846743,-2.534940,0.119431,0.894425,-2.524558,0.107992,0.858834,-2.527066,0.099184,0.848025,-2.545302,0.136715,0.890769,-2.537454,0.125863,0.860061,-2.541589,0.116199,0.844959,-2.555564,,,
9,0.300,-0.133826,0.932295,-2.895559,-0.253577,0.926315,-2.892477,-0.014075,0.938275,-2.898642,-0.275138,0.560655,-2.638193,0.007203,0.511258,-3.025274,-0.288292,0.177510,-2.476049,0.011641,0.172292,-3.266824,-0.139558,1.049315,-2.891187,-0.140716,1.263168,-2.875974,-0.155920,1.503971,-2.849866,-0.163681,1.601639,-2.815195,-0.187981,1.450383,-2.858488,-0.117730,1.453826,-2.849284,-0.323446,1.388893,-2.872615,0.020188,1.406172,-2.820509,-0.335249,1.129278,-3.002424,0.135226,1.164591,-2.705667,-0.358901,0.863557,-3.096171,0.114308,0.968343,-2.503158,-0.312061,0.161427,-2.299237,0.036882,0.062829,-3.127300,,,,,,,,,,-0.346053,0.845318,-3.084950,-0.311714,0.805805,-3.095316,-0.291155,0.780660,-3.110557,-0.324264,0.777645,-3.122274,-0.298268,0.760101,-3.141691,-0.275465,0.755353,-3.154586,-0.333704,0.787048,-3.144200,-0.305712,0.774586,-3.168794,-0.284174,0.772835,-3.183563,-0.341584,0.796077,-3.161646,-0.315383,0.785495,-3.186248,-0.295929,0.787225,-3.198317,-0.347001,0.811211,-3.176478,-0.323359,0.804202,-3.198155,-0.304040,0.806704,-3.209860,0.092629,0.964576,-2.491349,0.062126,0.922252,-2.480116,0.054557,0.887793,-2.473583,0.078830,0.901064,-2.444196,0.063910,0.867418,-2.441777,0.051821,0.846215,-2.452420,0.101792,0.891632,-2.450682,0.089816,0.854249,-2.449041,0.080088,0.835566,-2.464584,0.120795,0.884836,-2.457062,0.110365,0.848852,-2.457505,0.101907,0.836765,-2.475092,0.138205,0.880930,-2.469712,0.128440,0.849681,-2.472159,0.119367,0.833524,-2.485328,,,
10,0.333,-0.140908,0.922336,-2.828305,-0.260755,0.917753,-2.827138,-0.021061,0.926919,-2.829472,-0.277608,0.543222,-2.585736,-0.003558,0.511921,-2.991652,-0.283573,0.150896,-2.446784,0.012283,0.185965,-3.250042,-0.145358,1.039458,-2.825409,-0.149036,1.253552,-2.814642,-0.165176,1.494925,-2.795219,-0.175494,1.593170,-2.762926,-0.196936,1.441081,-2.803342,-0.126973,1.444873,-2.792272,-0.331607,1.378228,-2.818984,0.010591,1.398595,-2.759797,-0.345428,1.113755,-2.938369,0.123171,1.153637,-2.649771,-0.371284,0.844855,-3.021913,0.111326,0.948935,-2.455048,-0.306085,0.093636,-2.278556,0.038814,0.055090,-3.130651,,,,,,,,,,-0.358351,0.826093,-3.011698,-0.325977,0.785670,-3.024578,-0.307426,0.760231,-3.041779,-0.341044,0.758243,-3.050997,-0.316847,0.740240,-3.072235,-0.295054,0.735013,-3.086605,-0.351514,0.768201,-3.072198,-0.325366,0.755192,-3.098481,-0.304772,0.752968,-3.114481,-0.360165,0.777681,-3.089029,-0.335785,0.766639,-3.115248,-0.317034,0.767936,-3.128432,-0.366005,0.793156,-3.103340,-0.343796,0.785557,-3.126296,-0.325062,0.787506,-3.139014,0.089681,0.945298,-2.443136,0.059343,0.903070,-2.431122,0.052694,0.868526,-2.424058,0.076182,0.882561,-2.394871,0.061872,0.848862,-2.390384,0.049935,0.826933,-2.399636,0.099165,0.873098,-2.401235,0.087690,0.835676,-2.397832,0.078027,0.816199,-2.412411,0.118180,0.866258,-2.407531,0.108429,0.830097,-2.406436,0.100079,0.817151,-2.423454,0.135582,0.862194,-2.420143,0.126658,0.830635,-2.421629,0.117994,0.813902,-2.434347,,,
11,0.367,-0.150598,0.916157,-2.764004,-0.270484,0.912760,-2.765119,-0.030711,0.919554,-2.762889,-0.291372,0.542330,-2.517776,-0.005334,0.503860,-2.922223,-0.289009,0.137083,-2.422735,0.015957,0.203899,-3.210032,-0.153933,1.033341,-2.762461,-0.160736,1.247497,-2.754944,-0.174642,1.489456,-2.742246,-0.187029,1.588328,-2.712708,-0.206854,1.435727,-2.749277,-0.136986,1.439129,-2.737503,-0.341724,1.373242,-2.764675,-0.000104,1.392088,-2.703284,-0.363981,1.104107,-2.871728,0.106582,1.139266,-2.605903,-0.396561,0.831212,-2.938228,0.103691,0.921819,-2.425158,-0.312387,0.049595,-2.268186,0.043186,0.045068,-3.131818,,,,,,,,,,-0.383566,0.812721,-2.927605,-0.352041,0.771391,-2.939688,-0.334514,0.745154,-2.956763,-0.368164,0.743097,-2.964523,-0.344739,0.724230,-2.985874,-0.323441,0.718361,-3.000733,-0.379109,0.752310,-2.985821,-0.353725,0.738041,-3.012199,-0.333553,0.735001,-3.028598,-0.388118,0.761201,-3.002785,-0.364504,0.748845,-3.029119,-0.346076,0.749396,-3.042802,-0.394176,0.776149,-3.017558,-0.372408,0.767082,-3.040404,-0.353840,0.768078,-3.053469,0.082038,0.918474,-2.413175,0.050836,0.876744,-2.401646,0.043157,0.842320,-2.395056,0.067420,0.855292,-2.365826,0.052788,0.821836,-2.360611,0.040393,0.799936,-2.369311,0.090150,0.845424,-2.372476,0.078156,0.808201,-2.368708,0.067990,0.788735,-2.382958,0.108972,0.838265,-2.378995,0.098811,0.802224,-2.377695,0.090129,0.789315,-2.394575,0.126206,0.834016,-2.391774,0.116981,0.802554,-2.393449,0.108086,0.785936,-2.406159,,,
12,0.400,-0.161808,0.913446,-2.702821,-0.281681,0.910668,-2.705685,-0.041934,0.916224,-2.699958,-0.311827,0.553634,-2.440260,0.005791,0.486774,-2.810086,-0.296306,0.138208,-2.419201,0.024441,0.229624,-3.136872,-0.164528,1.030656,-2.702622,-0.172005,1.244843,-2.696823,-0.185941,1.486969,-2.687899,-0.199637,1.586179,-2.660125,-0.218153,1.433130,-2.694029,-0.148265,1.436730,-2.682433,-0.352823,1.369602,-2.706668,-0.011332,1.389618,-2.648524,-0.384068,1.096129,-2.799542,0.093449,1.128913,-2.572119,-0.421301,0.819255,-2.843242,0.103294,0.896426,-2.411453,-0.322296,0.050786,-2.265032,0.042979,0.051681,-3.127989,,,,,,,,,,-0.408293,0.801854,-2.830928,-0.377274,0.759197,-2.839065,-0.360754,0.731352,-2.854521,-0.393986,0.728615,-2.860574,-0.371253,0.707438,-2.880459,-0.350382,0.699841,-2.895138,-0.405176,0.735653,-2.882563,-0.380274,0.718501,-2.907651,-0.360361,0.713598,-2.923916,-0.414368,0.742808,-2.900236,-0.391351,0.727421,-2.925479,-0.373161,0.726271,-2.939440,-0.420530,0.756186,-2.916404,-0.398854,0.744306,-2.938014,-0.380280,0.743538,-2.951087,0.081970,0.892460,-2.399075,0.051036,0.850183,-2.388891,0.042927,0.815602,-2.383816,0.068559,0.826893,-2.354704,0.054222,0.793171,-2.350482,0.041635,0.771600,-2.359713,0.091086,0.817386,-2.362477,0.079376,0.779977,-2.359815,0.068841,0.760983,-2.374428,0.109714,0.810577,-2.369870,0.099677,0.774479,-2.369941,0.090540,0.762308,-2.387127,0.126588,0.807003,-2.383318,0.117381,0.775629,-2.386271,0.108174,0.759589,-2.399489,,,
13,0.433,-0.172176,0.914934,-2.642907,-0.292001,0.912656,-2.647641,-0.052351,0.917213,-2.638173,-0.326587,0.552367,-2.387203,0.013522,0.477670,-2.674161,-0.300757,0.137909,-2.415848,0.027465,0.268690,-3.033878,-0.174368,1.032152,-2.643852,-0.181027,1.246389,-2.638960,-0.194309,1.488586,-2.631020,-0.208516,1.587804,-2.603537,-0.226712,1.434794,-2.636522,-0.156686,1.438286,-2.625753,-0.361236,1.370367,-2.645674,-0.019532,1.390447,-2.593810,-0.401743,1.092907,-2.721602,0.081189,1.122868,-2.538667,-0.441609,0.813413,-2.737378,0.099480,0.877702,-2.398955,-0.328264,0.050549,-2.261908,0.046886,0.095135,-3.073725,,,,,,,,,,-0.428831,0.797162,-2.723368,-0.398886,0.753147,-2.727106,-0.384145,0.723623,-2.741184,-0.416562,0.720799,-2.744950,-0.395023,0.696644,-2.762648,-0.374756,0.686608,-2.776695,-0.427882,0.725651,-2.767457,-0.403810,0.705125,-2.790759,-0.384276,0.697890,-2.806607,-0.437145,0.731044,-2.785709,-0.415221,0.712002,-2.809384,-0.397390,0.708573,-2.823434,-0.443220,0.742714,-2.803181,-0.421934,0.727764,-2.823216,-0.403440,0.724911,-2.836113,0.078509,0.872985,-2.386244,0.047653,0.830228,-2.378013,0.039886,0.795320,-2.375112,0.066045,0.804624,-2.346007,0.051646,0.770726,-2.343966,0.038716,0.749957,-2.354474,0.088281,0.795582,-2.355069,0.076581,0.758080,-2.354524,0.065575,0.740080,-2.370022,0.106645,0.789222,-2.363454,0.096433,0.753243,-2.365716,0.086743,0.742305,-2.383418,0.123096,0.786502,-2.377608,0.113719,0.755382,-2.382238,0.104073,0.740204,-2.396144,,,
14,0.467,-0.181153,0.919802,-2.584572,-0.300856,0.918219,-2.591938,-0.061450,0.921386,-2.577207,-0.336254,0.546476,-2.348243,0.008277,0.482681,-2.538374,-0.304704,0.136101,-2.410379,0.020557,0.296702,-2.910563,-0.182582,1.037019,-2.586547,-0.187759,1.251306,-2.582081,-0.198361,1.493576,-2.572501,-0.211505,1.592692,-2.544133,-0.231454,1.440137,-2.577297,-0.161104,1.442878,-2.568631,-0.366043,1.375394,-2.582346,-0.023516,1.393606,-2.541025,-0.414606,1.094585,-2.638717,0.069790,1.120681,-2.501152,-0.455214,0.815196,-2.622977,0.096832,0.865661,-2.382014,-0.334081,0.049230,-2.256507,0.057974,0.127062,-2.954248,,,,,,,,,,-0.442518,0.800150,-2.607613,-0.413407,0.755423,-2.607416,-0.399959,0.724481,-2.619619,-0.431909,0.721828,-2.621779,-0.411457,0.695200,-2.637052,-0.391762,0.683023,-2.650190,-0.443474,0.724674,-2.644504,-0.420375,0.701169,-2.665897,-0.401321,0.691776,-2.681189,-0.452909,0.728434,-2.663073,-0.431962,0.706369,-2.684938,-0.414493,0.700960,-2.698819,-0.459036,0.738457,-2.681523,-0.438383,0.721121,-2.700254,-0.420158,0.716595,-2.713055,0.076177,0.860052,-2.369147,0.045453,0.816822,-2.363219,0.038888,0.781549,-2.362908,0.064593,0.788990,-2.333598,0.050136,0.755057,-2.333929,0.036919,0.735215,-2.345783,0.086575,0.780616,-2.343841,0.074830,0.743175,-2.345790,0.063423,0.726395,-2.362332,0.104710,0.774868,-2.353120,0.094406,0.739147,-2.357778,0.084276,0.729548,-2.376004,0.120795,0.773164,-2.367843,0.111487,0.742359,-2.374342,0.101589,0.728090,-2.389012,,,
15,0.500,-0.188058,0.928258,-2.527464,-0.307606,0.927417,-2.537104,-0.068509,0.929100,-2.517823,-0.338766,0.538042,-2.322048,-0.001894,0.501463,-2.410484,-0.306554,0.131745,-2.406595,0.007711,0.300161,-2.774694,-0.188652,1.045464,-2.530317,-0.192317,1.259783,-2.525902,-0.200111,1.502050,-2.513868,-0.210678,1.601109,-2.484252,-0.233911,1.448961,-2.517460,-0.163197,1.450981,-2.512243,-0.368536,1.384118,-2.515781,-0.024908,1.400170,-2.491880,-0.422329,1.100698,-2.549971,0.061350,1.123177,-2.467014,-0.458734,0.824758,-2.500098,0.100700,0.860780,-2.369239,-0.336953,0.044483,-2.253144,0.051918,0.128086,-2.797545,,,,,,,,,,-0.445434,0.811335,-2.483772,-0.416758,0.766489,-2.479963,-0.404187,0.734187,-2.489223,-0.436251,0.731776,-2.489568,-0.416841,0.703138,-2.502363,-0.397905,0.689109,-2.514749,-0.448896,0.732240,-2.511887,-0.427195,0.706008,-2.531502,-0.409048,0.694569,-2.546498,-0.459201,0.734045,-2.530286,-0.439399,0.709571,-2.550601,-0.422628,0.702554,-2.564622,-0.466138,0.742037,-2.549428,-0.446640,0.722663,-2.567384,-0.429161,0.716702,-2.580629,0.080963,0.853844,-2.355602,0.051237,0.809748,-2.351141,0.046121,0.774309,-2.353438,0.072550,0.780096,-2.324973,0.058698,0.745949,-2.326602,0.045056,0.726654,-2.338873,0.093958,0.772916,-2.337154,0.082541,0.735540,-2.341198,0.070302,0.719881,-2.358236,0.111553,0.768212,-2.347939,0.101599,0.732690,-2.354497,0.090506,0.724200,-2.372713,0.126709,0.767916,-2.363707,0.117749,0.737463,-2.372081,0.107328,0.724134,-2.387264,,,
16,0.533,-0.191888,0.939103,-2.471595,-0.311353,0.938993,-2.482253,-0.072422,0.939214,-2.460937,-0.333911,0.530914,-2.303941,-0.007683,0.529935,-2.296218,-0.305837,0.127342,-2.401945,-0.006005,0.292028,-2.637775,-0.191687,1.056294,-2.475057,-0.194405,1.270629,-2.470747,-0.200212,1.512890,-2.457523,-0.207770,1.611913,-2.426884,-0.234445,1.459990,-2.459399,-0.163541,1.461625,-2.458117,-0.369063,1.395936,-2.449079,-0.024768,1.409403,-2.446487,-0.425712,1.111233,-2.460253,0.056208,1.129766,-2.441014,-0.450387,0.842543,-2.375683,0.108058,0.861604,-2.367794,-0.335465,0.040153,-2.248302,0.029477,0.116584,-2.630937,,,,,,,,,,-0.435655,0.831174,-2.359030,-0.406715,0.786875,-2.352090,-0.394401,0.753617,-2.357508,-0.426968,0.751432,-2.355375,-0.408395,0.721382,-2.365989,-0.390417,0.705876,-2.378037,-0.441578,0.749176,-2.376345,-0.421572,0.720554,-2.394351,-0.404771,0.707209,-2.409342,-0.453506,0.748725,-2.393824,-0.435131,0.722225,-2.412900,-0.419523,0.713782,-2.427468,-0.462150,0.754281,-2.413132,-0.444419,0.732732,-2.430430,-0.428264,0.725127,-2.444489,0.090111,0.853019,-2.352700,0.061525,0.808101,-2.349074,0.056647,0.772925,-2.354198,0.086021,0.776571,-2.328481,0.072858,0.742201,-2.330933,0.058220,0.723420,-2.342848,0.105931,0.771002,-2.343675,0.094514,0.733886,-2.349646,0.080507,0.719485,-2.366431,0.122192,0.767689,-2.356812,0.112204,0.732560,-2.365179,0.099205,0.725305,-2.382654,0.135410,0.769181,-2.374175,0.126195,0.739373,-2.384391,0.114402,0.727211,-2.399549,,,
17,0.567,-0.191934,0.951510,-2.415816,-0.311354,0.952225,-2.426952,-0.072515,0.950795,-2.404679,-0.326438,0.528016,-2.290379,-0.013954,0.563378,-2.191815,-0.304128,0.126672,-2.398491,-0.017712,0.281215,-2.497810,-0.190879,1.068686,-2.419604,-0.194004,1.283032,-2.416203,-0.197263,1.525360,-2.403336,-0.201890,1.624365,-2.372062,-0.231953,1.472725,-2.403316,-0.161066,1.473808,-2.405673,-0.366574,1.410648,-2.384470,-0.022553,1.419751,-2.402160,-0.425930,1.126484,-2.373628,0.052360,1.138777,-2.417159,-0.433074,0.869578,-2.255715,0.110206,0.866355,-2.368159,-0.332719,0.039898,-2.244417,0.009991,0.110721,-2.450368,,,,,,,,,,-0.416309,0.860487,-2.239594,-0.385984,0.817524,-2.230504,-0.372642,0.784252,-2.231970,-0.405856,0.781902,-2.226833,-0.387793,0.750920,-2.235461,-0.370854,0.734162,-2.247336,-0.422762,0.776927,-2.245479,-0.404417,0.746289,-2.261865,-0.389198,0.731179,-2.276870,-0.436630,0.774198,-2.261234,-0.419862,0.745765,-2.278959,-0.405795,0.735790,-2.294115,-0.447557,0.777197,-2.279942,-0.431761,0.753544,-2.296343,-0.417304,0.744186,-2.311172,0.094146,0.856582,-2.351722,0.064876,0.812055,-2.348794,0.058176,0.777696,-2.356665,0.090862,0.778125,-2.334948,0.076805,0.744219,-2.338600,0.060293,0.726722,-2.350009,0.108403,0.773798,-2.353164,0.095208,0.737636,-2.361027,0.078667,0.725160,-2.377030,0.122673,0.771568,-2.368637,0.110855,0.737503,-2.378824,0.095490,0.732095,-2.394999,0.133522,0.774608,-2.387383,0.122428,0.746062,-2.399208,0.108540,0.735534,-2.413805,,,
18,0.600,-0.191371,0.962751,-2.359323,-0.310707,0.964312,-2.371244,-0.072035,0.961192,-2.347401,-0.318296,0.527465,-2.282136,-0.019922,0.597329,-2.094971,-0.301893,0.128397,-2.399350,-0.024963,0.267466,-2.348799,-0.189469,1.079919,-2.363033,-0.192926,1.294266,-2.360030,-0.192904,1.536616,-2.347166,-0.194475,1.635520,-2.315276,-0.228132,1.484366,-2.345473,-0.157428,1.484668,-2.351183,-0.362586,1.424659,-2.319237,-0.019786,1.428461,-2.355145,-0.424958,1.142617,-2.288387,0.048166,1.147597,-2.390951,-0.407892,0.902339,-2.140298,0.106992,0.872239,-2.364911,-0.329263,0.040867,-2.245481,0.000695,0.115873,-2.256890,,,,,,,,,,-0.388801,0.895925,-2.125532,-0.355386,0.855551,-2.115463,-0.339988,0.823168,-2.114289,-0.372765,0.819949,-2.105081,-0.354160,0.788812,-2.111783,-0.337813,0.771287,-2.123379,-0.391577,0.812097,-2.120661,-0.373822,0.780267,-2.135337,-0.359787,0.763897,-2.150173,-0.407135,0.806940,-2.134053,-0.391297,0.776956,-2.149987,-0.378708,0.765531,-2.165416,-0.420445,0.807207,-2.151407,-0.405714,0.782150,-2.166675,-0.392785,0.771454,-2.182003,0.092353,0.861629,-2.347685,0.060826,0.818619,-2.345624,0.051098,0.785678,-2.355996,0.086014,0.782115,-2.338468,0.069573,0.749512,-2.343698,0.050801,0.734154,-2.354684,0.101012,0.778834,-2.359025,0.084692,0.744435,-2.368719,0.065633,0.734588,-2.383722,0.113219,0.777516,-2.376265,0.098146,0.745364,-2.388220,0.080691,0.742486,-2.402849,0.121995,0.781954,-2.395802,0.107895,0.755374,-2.408935,0.091804,0.747114,-2.422707,,,
19,0.633,-0.190968,0.969768,-2.304066,-0.310196,0.972069,-2.316914,-0.071741,0.967467,-2.291219,-0.309825,0.528077,-2.275643,-0.024912,0.626432,-2.007786,-0.299850,0.131283,-2.401019,-0.028365,0.252383,-2.190377,-0.188375,1.086941,-2.307150,-0.192092,1.301258,-2.302694,-0.188311,1.543482,-2.288121,-0.186926,1.642133,-2.255448,-0.224109,1.491675,-2.285209,-0.153736,1.491117,-2.294107,-0.358190,1.434340,-2.252555,-0.017285,1.433081,-2.305641,-0.424995,1.155694,-2.204771,0.043147,1.154068,-2.362943,-0.375733,0.937047,-2.032370,0.099235,0.876960,-2.357847,-0.325871,0.043335,-2.247155,-0.000710,0.132646,-2.060053,,,,,,,,,,-0.354778,0.933575,-2.019237,-0.318140,0.896467,-2.007895,-0.300504,0.865457,-2.004086,-0.332139,0.861940,-1.990889,-0.312483,0.831017,-1.995126,-0.296394,0.812725,-2.005867,-0.352070,0.851197,-2.002956,-0.334139,0.818382,-2.015012,-0.320829,0.800667,-2.028944,-0.368689,0.843565,-2.013612,-0.353038,0.812183,-2.026802,-0.341574,0.799106,-2.041791,-0.383835,0.840844,-2.029155,-0.369475,0.814467,-2.042422,-0.357721,0.802219,-2.057532,0.085443,0.865342,-2.340572,0.051574,0.824102,-2.340160,0.039023,0.793042,-2.353010,0.074941,0.785748,-2.339086,0.055994,0.754934,-2.346303,0.035411,0.742010,-2.357178,0.087947,0.783918,-2.361126,0.068693,0.751747,-2.372869,0.047861,0.744680,-2.387062,0.098575,0.783825,-2.379430,0.080464,0.754096,-2.393287,0.061699,0.753837,-2.406505,0.105959,0.789879,-2.399108,0.089134,0.765681,-2.413572,0.071444,0.759861,-2.426609,,,
20,0.667,-0.189466,0.972690,-2.249478,-0.308621,0.975688,-2.262843,-0.070310,0.969691,-2.236113,-0.304646,0.529804,-2.264745,-0.033645,0.643424,-1.934389,-0.298044,0.136943,-2.402150,-0.026778,0.237685,-2.027086,-0.186312,1.089875,-2.251301,-0.190965,1.304112,-2.244465,-0.182757,1.546053,-2.227265,-0.178956,1.644357,-2.193749,-0.219212,1.494767,-2.223439,-0.149295,1.493244,-2.235316,-0.352773,1.439911,-2.184921,-0.014285,1.433866,-2.254468,-0.425560,1.165903,-2.121586,0.037508,1.158234,-2.332754,-0.341945,0.971095,-1.934467,0.088467,0.880419,-2.346250,-0.322691,0.048516,-2.248334,0.001583,0.150484,-1.873210,,,,,,,,,,-0.319655,0.970228,-1.923239,-0.280682,0.936217,-1.910111,-0.261275,0.906833,-1.903251,-0.291578,0.904593,-1.886480,-0.271264,0.873838,-1.887927,-0.255655,0.854439,-1.897353,-0.312204,0.891626,-1.894524,-0.294248,0.857716,-1.902976,-0.281678,0.838285,-1.915204,-0.329512,0.882026,-1.902024,-0.314073,0.849246,-1.911555,-0.303669,0.834148,-1.925372,-0.346035,0.876517,-1.915253,-0.331938,0.848667,-1.925432,-0.321196,0.834372,-1.939459,0.075392,0.867456,-2.329378,0.039840,0.827689,-2.330976,0.025017,0.798728,-2.346105,0.061507,0.788629,-2.335783,0.040508,0.759756,-2.345057,0.018597,0.749108,-2.355803,0.072876,0.788795,-2.358783,0.051361,0.758959,-2.372586,0.029298,0.754401,-2.385919,0.082209,0.790357,-2.377716,0.061718,0.763169,-2.393362,0.042081,0.765175,-2.405080,0.088486,0.798295,-2.397106,0.069476,0.776572,-2.412745,0.050623,0.772955,-2.424920,,,
21,0.700,-0.187754,0.972283,-2.193103,-0.306746,0.977740,-2.207125,-0.068761,0.966827,-2.179082,-0.304678,0.534223,-2.253184,-0.047939,0.636774,-1.879976,-0.298845,0.145941,-2.403074,-0.024205,0.221306,-1.870644,-0.182385,1.089402,-2.193087,-0.189356,1.303517,-2.184598,-0.175985,1.545005,-2.164521,-0.170354,1.642873,-2.130000,-0.213216,1.494340,-2.159973,-0.143846,1.491716,-2.174555,-0.346069,1.442054,-2.115839,-0.010585,1.431128,-2.200839,-0.425591,1.174315,-2.035954,0.031182,1.159726,-2.297691,-0.312226,1.001220,-1.843231,0.075686,0.882077,-2.327535,-0.322101,0.055678,-2.250111,0.003851,0.169176,-1.701583,,,,,,,,,,-0.289010,1.002414,-1.834109,-0.248218,0.971380,-1.819247,-0.227164,0.944022,-1.809478,-0.256202,0.943981,-1.789873,-0.235422,0.913572,-1.787858,-0.220253,0.892957,-1.795187,-0.277147,0.929683,-1.793763,-0.259133,0.895006,-1.797859,-0.247162,0.873891,-1.807653,-0.294821,0.918824,-1.797972,-0.279487,0.885037,-1.803173,-0.269961,0.867907,-1.815129,-0.312321,0.911064,-1.808550,-0.298290,0.882101,-1.815049,-0.288331,0.865777,-1.827330,0.063428,0.867759,-2.311152,0.026434,0.829413,-2.314150,0.009334,0.802638,-2.330826,0.046255,0.790494,-2.324671,0.023259,0.763725,-2.335405,0.000132,0.755270,-2.345533,0.055896,0.792797,-2.348335,0.032270,0.765345,-2.363559,0.009133,0.762974,-2.375574,0.063859,0.796111,-2.367664,0.041117,0.771513,-2.384446,0.020756,0.775443,-2.394292,0.068974,0.805896,-2.386545,0.047981,0.786551,-2.402759,0.028130,0.784751,-2.413691,,,
22,0.733,-0.186358,0.967774,-2.134527,-0.305104,0.975474,-2.149547,-0.067611,0.960074,-2.119508,-0.306386,0.536916,-2.230157,-0.056644,0.610721,-1.842623,-0.299827,0.158051,-2.402440,-0.024622,0.206136,-1.750164,-0.179039,1.084768,-2.132410,-0.187350,1.298800,-2.123095,-0.170315,1.539899,-2.101183,-0.163656,1.637453,-2.065964,-0.208045,1.489662,-2.096025,-0.139164,1.486310,-2.112637,-0.339521,1.438279,-2.046982,-0.007367,1.425361,-2.144809,-0.424633,1.177942,-1.950182,0.025606,1.158084,-2.255533,-0.284337,1.024892,-1.758224,0.064810,0.881301,-2.298133,-0.322403,0.064800,-2.251176,0.002117,0.190412,-1.573744,,,,,,,,,,-0.260840,1.028062,-1.750382,-0.218719,1.000780,-1.732230,-0.195993,0.976381,-1.718987,-0.224886,0.978537,-1.698400,-0.203195,0.949499,-1.691551,-0.187627,0.928262,-1.695481,-0.245573,0.963372,-1.698996,-0.226739,0.928927,-1.697380,-0.214475,0.906658,-1.703605,-0.263095,0.951610,-1.700613,-0.247036,0.917761,-1.700205,-0.237429,0.898964,-1.709232,-0.280761,0.941838,-1.709028,-0.266086,0.912526,-1.710873,-0.256042,0.894538,-1.720467,0.053312,0.865853,-2.282234,0.015065,0.828818,-2.285917,-0.004067,0.804042,-2.303451,0.032920,0.790554,-2.301259,0.008133,0.765752,-2.312706,-0.015984,0.759134,-2.321846,0.040937,0.794763,-2.325265,0.015451,0.769450,-2.341181,-0.008526,0.768809,-2.351670,0.047615,0.799624,-2.344753,0.022889,0.777344,-2.361961,0.002026,0.782739,-2.369872,0.051679,0.810954,-2.363014,0.028941,0.793680,-2.379212,0.008298,0.793324,-2.388727,,,
23,0.767,-0.186083,0.958520,-2.073151,-0.304683,0.967344,-2.088693,-0.067482,0.949696,-2.057608,-0.303412,0.539171,-2.213187,-0.054837,0.570205,-1.823815,-0.301170,0.165691,-2.396957,-0.028425,0.187276,-1.662782,-0.177951,1.075400,-2.068841,-0.184531,1.289411,-2.057814,-0.165915,1.530267,-2.034560,-0.158767,1.627693,-1.999084,-0.203809,1.480184,-2.029120,-0.135229,1.476604,-2.046887,-0.334098,1.428783,-1.977022,-0.004447,1.416093,-2.083692,-0.423497,1.175901,-1.865450,0.021856,1.152102,-2.203695,-0.264048,1.037337,-1.677484,0.057595,0.876600,-2.256435,-0.322689,0.069332,-2.247499,-0.008115,0.188594,-1.484815,,,,,,,,,,-0.240708,1.042710,-1.670411,-0.197388,1.020435,-1.648614,-0.172871,1.000045,-1.632172,-0.202515,1.003419,-1.611717,-0.179414,0.977231,-1.599836,-0.162681,0.956524,-1.599943,-0.222502,0.987446,-1.609807,-0.202124,0.954674,-1.602429,-0.188800,0.932272,-1.604822,-0.239481,0.974814,-1.609456,-0.221943,0.942270,-1.603371,-0.211453,0.922673,-1.609117,-0.256701,0.963093,-1.616126,-0.240811,0.934506,-1.613248,-0.229997,0.915632,-1.619829,0.046758,0.859992,-2.241257,0.007769,0.823842,-2.245836,-0.012799,0.800824,-2.264125,0.024111,0.786814,-2.265334,-0.001842,0.763549,-2.277407,-0.026580,0.758183,-2.285664,0.030834,0.792949,-2.289322,0.004130,0.769369,-2.305889,-0.020390,0.769904,-2.315043,0.036486,0.799367,-2.308683,0.010417,0.778973,-2.326244,-0.010762,0.785296,-2.332444,0.039701,0.812157,-2.326133,0.015696,0.796624,-2.342267,-0.005493,0.797403,-2.350465,,,
24,0.800,-0.182711,0.944291,-2.014524,-0.301383,0.952482,-2.029867,-0.064038,0.936101,-1.999180,-0.295643,0.536160,-2.189479,-0.054493,0.557564,-1.763699,-0.301530,0.175564,-2.397323,-0.033144,0.170510,-1.612052,-0.175229,1.061206,-2.009979,-0.179894,1.275200,-1.997703,-0.160345,1.515847,-1.973093,-0.152580,1.613231,-1.937631,-0.198340,1.465843,-1.967631,-0.129932,1.462172,-1.986033,-0.328419,1.415175,-1.914305,0.000000,1.401650,-2.025722,-0.420500,1.167522,-1.793561,0.022155,1.139241,-2.149956,-0.253533,1.034633,-1.608041,0.056106,0.865049,-2.210179,-0.322128,0.069474,-2.254471,-0.013236,0.158780,-1.434422,,,,,,,,,,-0.230382,1.041702,-1.601904,-0.185890,1.023663,-1.578600,-0.160699,1.005769,-1.560369,-0.189870,1.010314,-1.540088,-0.165659,0.985962,-1.526620,-0.148269,0.965840,-1.525390,-0.209109,0.993777,-1.536260,-0.187248,0.962658,-1.526385,-0.173047,0.940681,-1.527024,-0.225507,0.980528,-1.534369,-0.206465,0.949436,-1.525742,-0.195235,0.929852,-1.529921,-0.242259,0.967456,-1.539550,-0.224977,0.940067,-1.534152,-0.213351,0.921156,-1.539022,0.045500,0.847347,-2.196116,0.005846,0.812203,-2.202470,-0.015670,0.791057,-2.221895,0.021009,0.776768,-2.225550,-0.005638,0.754930,-2.238728,-0.030688,0.750568,-2.246629,0.027071,0.784837,-2.249139,-0.000337,0.762955,-2.266848,-0.025100,0.764452,-2.275206,0.032211,0.792807,-2.268061,0.005371,0.774265,-2.286492,-0.015897,0.781306,-2.291497,0.035072,0.806993,-2.284461,0.010418,0.793099,-2.301102,-0.010988,0.794716,-2.308581,,,
25,0.833,-0.178156,0.931196,-1.955178,-0.297099,0.936356,-1.969714,-0.059211,0.926036,-1.940642,-0.285935,0.526811,-2.145727,-0.054975,0.563912,-1.680487,-0.298855,0.185559,-2.383726,-0.037046,0.162818,-1.570641,-0.173359,1.048316,-1.952846,-0.176376,1.262387,-1.941416,-0.155367,1.502944,-1.917139,-0.146279,1.600433,-1.882286,-0.193617,1.453160,-1.911458,-0.125313,1.449087,-1.930160,-0.324199,1.404064,-1.857893,0.003653,1.386990,-1.970555,-0.419614,1.157084,-1.738365,0.025271,1.123142,-2.091800,-0.258172,1.021531,-1.549906,0.058981,0.849047,-2.152594,-0.320651,0.062895,-2.255022,-0.013238,0.121030,-1.398093,,,,,,,,,,-0.235139,1.028835,-1.543597,-0.190915,1.011510,-1.519266,-0.166966,0.993160,-1.499852,-0.195394,0.999002,-1.480527,-0.171506,0.974180,-1.467343,-0.154447,0.953764,-1.466330,-0.214618,0.982470,-1.476607,-0.192846,0.951320,-1.466637,-0.178704,0.929303,-1.467206,-0.230989,0.969196,-1.474656,-0.211950,0.938164,-1.465809,-0.200686,0.918573,-1.469863,-0.247612,0.955939,-1.479784,-0.230081,0.928824,-1.473838,-0.218206,0.909971,-1.478315,0.048022,0.830769,-2.139576,0.007791,0.796733,-2.147999,-0.014177,0.776983,-2.168364,0.022422,0.762393,-2.172998,-0.004494,0.741790,-2.187545,-0.029557,0.738273,-2.195817,0.028705,0.771669,-2.196080,0.001153,0.751155,-2.215151,-0.023530,0.753394,-2.223578,0.034048,0.780600,-2.214511,0.007095,0.763471,-2.234107,-0.014050,0.771033,-2.238863,0.037211,0.795634,-2.230079,0.012427,0.782995,-2.247509,-0.008925,0.785234,-2.254985,,,
26,0.867,-0.174000,0.922228,-1.892322,-0.293122,0.925522,-1.905907,-0.054877,0.918933,-1.878737,-0.288445,0.514590,-2.078955,-0.046397,0.565944,-1.606415,-0.294800,0.204173,-2.356199,-0.038431,0.153805,-1.548613,-0.170940,1.039419,-1.890730,-0.171666,1.253573,-1.880584,-0.151104,1.494463,-1.859412,-0.139562,1.592131,-1.825808,-0.189177,1.444655,-1.852824,-0.121011,1.440527,-1.872009,-0.319758,1.396203,-1.798670,0.007246,1.376867,-1.912231,-0.415448,1.144061,-1.690698,0.035083,1.108852,-2.022579,-0.267720,0.998823,-1.498247,0.073523,0.833458,-2.073967,-0.322252,0.056137,-2.259153,-0.018921,0.085812,-1.384045,,,,,,,,,,-0.245208,1.005900,-1.490078,-0.202882,0.987818,-1.463068,-0.181745,0.967772,-1.442126,-0.210180,0.974271,-1.425114,-0.187400,0.948925,-1.410999,-0.170539,0.928384,-1.409380,-0.229644,0.957682,-1.423060,-0.208744,0.926043,-1.412770,-0.194700,0.903960,-1.413174,-0.246117,0.944398,-1.422671,-0.227928,0.913020,-1.413270,-0.216480,0.893471,-1.416997,-0.262325,0.931323,-1.429358,-0.245223,0.903999,-1.423125,-0.233046,0.885284,-1.427364,0.061990,0.815003,-2.061718,0.022010,0.781284,-2.072329,0.000534,0.761807,-2.093467,0.037510,0.747321,-2.097321,0.010684,0.727633,-2.113236,-0.014136,0.724801,-2.122449,0.044741,0.756969,-2.119968,0.017752,0.737129,-2.140500,-0.006563,0.739761,-2.149837,0.050846,0.766195,-2.138013,0.024345,0.749790,-2.158807,0.003447,0.757666,-2.164118,0.054680,0.781483,-2.153177,0.030138,0.769326,-2.171281,0.008969,0.771824,-2.179182,,,
27,0.900,-0.166683,0.918428,-1.830614,-0.286003,0.920682,-1.842584,-0.047363,0.916174,-1.818643,-0.308147,0.495756,-1.975927,-0.032410,0.563700,-1.545933,-0.296317,0.226517,-2.293156,-0.036016,0.147604,-1.535236,-0.164602,1.035644,-1.829282,-0.165398,1.249856,-1.820442,-0.143485,1.490847,-1.801949,-0.129771,1.588608,-1.769448,-0.181714,1.441290,-1.794436,-0.113783,1.436645,-1.814327,-0.312603,1.394417,-1.739643,0.013096,1.370264,-1.854520,-0.408101,1.134517,-1.651768,0.047051,1.097280,-1.949970,-0.283178,0.967772,-1.460599,0.088578,0.819642,-1.983922,-0.320896,0.051720,-2.262695,-0.016367,0.065702,-1.377147,,,,,,,,,,-0.261606,0.973731,-1.449518,-0.222930,0.952871,-1.419236,-0.205608,0.930267,-1.397414,-0.234705,0.937093,-1.383325,-0.214328,0.910201,-1.368418,-0.198263,0.889080,-1.366262,-0.254574,0.920908,-1.384567,-0.235666,0.888077,-1.374157,-0.222146,0.865667,-1.374473,-0.271223,0.908050,-1.386905,-0.254873,0.875656,-1.377574,-0.243474,0.856062,-1.381220,-0.286808,0.895851,-1.396215,-0.270948,0.867728,-1.390257,-0.258703,0.849061,-1.394511,0.076079,0.801568,-1.972057,0.036510,0.768000,-1.984523,0.016421,0.748363,-2.006843,0.053229,0.733354,-2.007727,0.026182,0.714950,-2.024766,0.001722,0.713310,-2.035156,0.062014,0.742434,-2.030057,0.035488,0.723327,-2.051847,0.011828,0.726756,-2.062513,0.069373,0.751205,-2.047859,0.043203,0.735469,-2.069570,0.022840,0.743981,-2.075881,0.074344,0.766121,-2.063065,0.050163,0.754083,-2.081724,0.029332,0.757037,-2.090334,,,
28,0.933,-0.159865,0.918212,-1.771661,-0.279392,0.920170,-1.781409,-0.040338,0.916253,-1.761914,-0.330150,0.482173,-1.847849,-0.019492,0.555942,-1.500048,-0.308639,0.263465,-2.201357,-0.034241,0.141073,-1.530546,-0.158062,1.035431,-1.770219,-0.159998,1.249642,-1.761529,-0.139555,1.490819,-1.743797,-0.125155,1.588634,-1.711759,-0.177502,1.441060,-1.736189,-0.109509,1.436754,-1.755941,-0.308566,1.394068,-1.681918,0.017052,1.369345,-1.795421,-0.398971,1.126619,-1.613450,0.059343,1.092355,-1.874616,-0.300805,0.931858,-1.433487,0.104996,0.813505,-1.885516,-0.324042,0.087396,-2.230482,-0.012067,0.056148,-1.374398,,,,,,,,,,-0.280573,0.935738,-1.419372,-0.246347,0.910228,-1.387343,-0.232411,0.884686,-1.366354,-0.262739,0.891097,-1.355055,-0.245202,0.861909,-1.340874,-0.230180,0.839995,-1.339161,-0.282719,0.875921,-1.360416,-0.266283,0.841395,-1.351387,-0.253526,0.818566,-1.352476,-0.299289,0.864046,-1.366109,-0.285028,0.830224,-1.358595,-0.273789,0.810695,-1.363002,-0.313950,0.853544,-1.378485,-0.299798,0.824240,-1.374135,-0.287731,0.805636,-1.379112,0.092435,0.796008,-1.872879,0.054489,0.760341,-1.884540,0.036468,0.738589,-1.906664,0.073304,0.724565,-1.904145,0.046594,0.705286,-1.920742,0.022439,0.703181,-1.931745,0.082929,0.732178,-1.926676,0.057118,0.711699,-1.948076,0.033840,0.714512,-1.959719,0.090914,0.739786,-1.944741,0.065359,0.722509,-1.966008,0.045150,0.730503,-1.973403,0.096214,0.753640,-1.960815,0.072620,0.739881,-1.979031,0.051948,0.741997,-1.988250,,,
29,0.967,-0.154666,0.921768,-1.716586,-0.274400,0.923455,-1.723406,-0.034932,0.920081,-1.709765,-0.336664,0.482031,-1.713374,-0.010243,0.547318,-1.466310,-0.316223,0.293907,-2.084123,-0.031429,0.135894,-1.525853,-0.153104,1.038989,-1.715009,-0.156328,1.253099,-1.704411,-0.138695,1.494249,-1.683570,-0.124895,1.591859,-1.650657,-0.176324,1.444048,-1.677430,-0.107832,1.440612,-1.695564,-0.308164,1.395169,-1.626830,0.019496,1.373431,-1.732908,-0.390432,1.121629,-1.573933,0.068437,1.093670,-1.797113,-0.325219,0.895703,-1.416899,0.116239,0.815282,-1.783856,-0.333997,0.121449,-2.129160,-0.006761,0.051323,-1.369887,,,,,,,,,,-0.306029,0.895767,-1.400919,-0.275547,0.862896,-1.371964,-0.263940,0.833436,-1.355096,-0.295233,0.839056,-1.345107,-0.280011,0.806777,-1.335780,-0.266062,0.784159,-1.337408,-0.315338,0.826274,-1.354631,-0.301251,0.789737,-1.351410,-0.289505,0.766814,-1.356064,-0.331881,0.816601,-1.363617,-0.319612,0.781237,-1.362000,-0.308875,0.762342,-1.369403,-0.345936,0.809409,-1.378754,-0.333848,0.778889,-1.379377,-0.322498,0.760794,-1.387138,0.104893,0.798604,-1.769135,0.069410,0.759368,-1.776171,0.052919,0.734028,-1.795492,0.090559,0.722857,-1.791596,0.064512,0.700631,-1.805312,0.040305,0.696249,-1.815500,0.099627,0.728380,-1.814953,0.074398,0.704625,-1.833467,0.050845,0.705241,-1.844877,0.107064,0.734314,-1.833860,0.082069,0.713563,-1.852528,0.061386,0.719751,-1.860329,0.111405,0.746495,-1.851501,0.088343,0.729535,-1.867573,0.067462,0.729516,-1.876559,,,
30,1.000,-0.151878,0.929845,-1.662808,-0.271712,0.931143,-1.667677,-0.032044,0.928547,-1.657938,-0.336776,0.496932,-1.589826,-0.009844,0.539223,-1.441683,-0.313018,0.304005,-1.957898,-0.029911,0.130730,-1.519106,-0.150680,1.047067,-1.661045,-0.154378,1.261052,-1.648286,-0.139219,1.501907,-1.622639,-0.127313,1.599113,-1.587846,-0.176790,1.451410,-1.619123,-0.107498,1.448643,-1.634043,-0.310248,1.400165,-1.575599,0.021801,1.382513,-1.666118,-0.384361,1.121694,-1.538843,0.076496,1.100641,-1.714496,-0.354094,0.870582,-1.412424,0.123088,0.824536,-1.675055,-0.336275,0.128299,-1.983835,-0.004203,0.046402,-1.363176,,,,,,,,,,-0.335325,0.865557,-1.396736,-0.307079,0.824844,-1.376922,-0.296814,0.791665,-1.367925,-0.328479,0.795882,-1.357416,-0.314628,0.761696,-1.357109,-0.301504,0.739825,-1.364742,-0.348893,0.787013,-1.370179,-0.336485,0.750374,-1.377062,-0.325677,0.729086,-1.387790,-0.365624,0.780828,-1.381572,-0.354868,0.745841,-1.389567,-0.344779,0.729205,-1.401756,-0.379605,0.778502,-1.398230,-0.369298,0.748598,-1.407032,-0.358846,0.732629,-1.419371,0.113225,0.809588,-1.657650,0.080268,0.767614,-1.657598,0.064673,0.738597,-1.671816,0.103421,0.730583,-1.668129,0.078933,0.704623,-1.677454,0.054936,0.696943,-1.686065,0.111547,0.733085,-1.692336,0.087576,0.705207,-1.706185,0.063770,0.702532,-1.716741,0.118124,0.736561,-1.712152,0.094428,0.711513,-1.726813,0.073216,0.715000,-1.734865,0.121229,0.746198,-1.731539,0.099336,0.725466,-1.744527,0.078424,0.722663,-1.752991,,,
31,1.033,-0.153195,0.942844,-1.609176,-0.273056,0.943911,-1.613402,-0.033335,0.941778,-1.604950,-0.340349,0.523355,-1.481354,-0.019095,0.533590,-1.426029,-0.307494,0.292200,-1.825957,-0.031142,0.126802,-1.513446,-0.152221,1.060066,-1.607212,-0.155376,1.273983,-1.593245,-0.142551,1.514575,-1.564089,-0.133465,1.611434,-1.527521,-0.180081,1.463932,-1.563268,-0.110046,1.461537,-1.574275,-0.315325,1.410975,-1.528112,0.021486,1.396612,-1.598859,-0.383107,1.128964,-1.511831,0.080699,1.113079,-1.628629,-0.380924,0.862063,-1.418480,0.120078,0.841343,-1.561033,-0.328058,0.114279,-1.823224,-0.005985,0.042524,-1.357399,,,,,,,,,,-0.362712,0.852470,-1.404340,-0.336164,0.807044,-1.395409,-0.326531,0.772489,-1.394907,-0.358879,0.774747,-1.384539,-0.345826,0.741315,-1.393055,-0.333023,0.721879,-1.405984,-0.379208,0.770231,-1.399525,-0.367663,0.736361,-1.415749,-0.357198,0.718357,-1.431607,-0.395816,0.767819,-1.412422,-0.385771,0.735904,-1.429285,-0.375817,0.722811,-1.445303,-0.409431,0.770410,-1.429343,-0.399982,0.743558,-1.445705,-0.389811,0.731103,-1.461764,0.110199,0.829167,-1.541596,0.078442,0.786749,-1.535257,0.063855,0.755301,-1.544512,0.102886,0.749245,-1.539026,0.080333,0.720496,-1.544069,0.057113,0.709866,-1.551606,0.111551,0.747973,-1.563142,0.089210,0.716999,-1.572366,0.065837,0.711354,-1.582719,0.118530,0.748337,-1.583121,0.096661,0.719868,-1.593851,0.075592,0.720745,-1.602922,0.121855,0.754734,-1.603771,0.101391,0.731170,-1.613961,0.080992,0.725987,-1.622550,,,
32,1.067,-0.158259,0.958766,-1.557336,-0.278115,0.959642,-1.561731,-0.038403,0.957891,-1.552941,-0.344828,0.553598,-1.389944,-0.032783,0.532442,-1.419546,-0.305035,0.266415,-1.688618,-0.035085,0.125928,-1.509012,-0.157473,1.075990,-1.555419,-0.159717,1.289823,-1.540052,-0.149137,1.530263,-1.508817,-0.143051,1.626950,-1.471187,-0.186502,1.479511,-1.510212,-0.115992,1.477381,-1.517662,-0.323198,1.425681,-1.482862,0.017324,1.413653,-1.534573,-0.387056,1.142392,-1.490574,0.079948,1.129491,-1.545239,-0.405480,0.866618,-1.430871,0.107095,0.864400,-1.450634,-0.324840,0.093350,-1.646881,-0.011879,0.041572,-1.352706,,,,,,,,,,-0.388032,0.853636,-1.418596,-0.362400,0.806834,-1.419350,-0.352458,0.773003,-1.425967,-0.385925,0.773378,-1.417232,-0.372869,0.741931,-1.431418,-0.359573,0.725084,-1.447172,-0.405599,0.772877,-1.433693,-0.393892,0.742835,-1.456146,-0.382976,0.728256,-1.474945,-0.421628,0.773861,-1.447481,-0.411537,0.745827,-1.470197,-0.401135,0.736030,-1.488167,-0.434431,0.780581,-1.463892,-0.425019,0.757907,-1.485693,-0.414532,0.749188,-1.503873,0.095083,0.855302,-1.430720,0.062709,0.813942,-1.421269,0.049161,0.781210,-1.426964,0.087324,0.776688,-1.416317,0.066260,0.746495,-1.418599,0.044296,0.733688,-1.426507,0.098617,0.771752,-1.438821,0.077731,0.739066,-1.445063,0.055693,0.731114,-1.456743,0.107776,0.769060,-1.457711,0.087817,0.738427,-1.465902,0.067928,0.737032,-1.477279,0.113395,0.772162,-1.478620,0.094562,0.746731,-1.487360,0.075415,0.739684,-1.497386,,,
33,1.100,-0.164968,0.973874,-1.501813,-0.284800,0.974437,-1.506874,-0.045136,0.973311,-1.496752,-0.347697,0.579204,-1.310233,-0.044759,0.534862,-1.415542,-0.309538,0.232052,-1.536711,-0.040251,0.127331,-1.500172,-0.164479,1.091105,-1.500351,-0.166026,1.304778,-1.482821,-0.157892,1.545088,-1.449903,-0.154469,1.641751,-1.411875,-0.194910,1.494156,-1.452973,-0.124160,1.492426,-1.457787,-0.332212,1.438963,-1.432153,0.010495,1.430260,-1.468901,-0.393235,1.157251,-1.468271,0.077029,1.146839,-1.463463,-0.423328,0.877313,-1.442112,0.089805,0.890237,-1.345341,-0.334321,0.076567,-1.451293,-0.019424,0.042578,-1.343745,,,,,,,,,,-0.406569,0.862225,-1.431383,-0.380453,0.816353,-1.439237,-0.369344,0.784357,-1.451069,-0.403715,0.783137,-1.444963,-0.389820,0.753481,-1.461936,-0.375376,0.738500,-1.478542,-0.422287,0.785771,-1.462468,-0.409343,0.759121,-1.488274,-0.397279,0.747237,-1.508232,-0.437408,0.789356,-1.476837,-0.426471,0.764656,-1.502799,-0.415177,0.757306,-1.521388,-0.449202,0.799061,-1.492493,-0.438843,0.780501,-1.517515,-0.427483,0.775036,-1.536425,0.075018,0.884012,-1.326205,0.041386,0.844015,-1.315385,0.028549,0.810608,-1.317953,0.064823,0.808300,-1.301479,0.044628,0.777435,-1.301664,0.024111,0.762802,-1.310262,0.079186,0.800252,-1.321157,0.059390,0.766544,-1.325096,0.039215,0.756406,-1.338345,0.090935,0.794926,-1.337938,0.072539,0.762845,-1.343959,0.054493,0.759158,-1.357661,0.099502,0.794975,-1.358062,0.082207,0.768092,-1.365546,0.064754,0.759195,-1.377080,,,
34,1.133,-0.170621,0.984899,-1.458735,-0.290503,0.985837,-1.462340,-0.050739,0.983962,-1.455129,-0.344738,0.593908,-1.256712,-0.052904,0.539107,-1.424590,-0.311616,0.199456,-1.385450,-0.046424,0.132828,-1.514916,-0.169792,1.102102,-1.455818,-0.170892,1.315676,-1.437092,-0.166829,1.556184,-1.404872,-0.165821,1.652986,-1.367058,-0.203076,1.504756,-1.408766,-0.132203,1.503947,-1.411628,-0.340756,1.448596,-1.393878,0.003743,1.443947,-1.417857,-0.398696,1.170629,-1.455258,0.079119,1.163534,-1.396159,-0.431608,0.889807,-1.451952,0.083492,0.917225,-1.257331,-0.340032,0.072595,-1.262223,-0.025249,0.048915,-1.358083,,,,,,,,,,-0.415186,0.874518,-1.440989,-0.386024,0.830799,-1.450271,-0.371877,0.800596,-1.463492,-0.406818,0.797287,-1.461309,-0.389875,0.769559,-1.478764,-0.373088,0.756451,-1.494738,-0.423721,0.800758,-1.480296,-0.407131,0.776845,-1.506691,-0.392650,0.767118,-1.526204,-0.437549,0.805027,-1.495741,-0.423217,0.782888,-1.522353,-0.409940,0.777448,-1.540276,-0.448271,0.815651,-1.511569,-0.434813,0.799812,-1.536985,-0.421524,0.796505,-1.555122,0.067182,0.911216,-1.239401,0.033046,0.871125,-1.230716,0.020587,0.837605,-1.233642,0.055480,0.835877,-1.214208,0.035447,0.804940,-1.215668,0.015788,0.790102,-1.225785,0.071518,0.827602,-1.232445,0.052153,0.793804,-1.237579,0.033198,0.783454,-1.252373,0.084686,0.822077,-1.248068,0.066959,0.789820,-1.255074,0.050147,0.785840,-1.270189,0.094927,0.821837,-1.267393,0.078390,0.794758,-1.275822,0.061984,0.785608,-1.288625,,,
35,1.167,-0.174863,0.987608,-1.406284,-0.294765,0.987780,-1.409289,-0.054960,0.987436,-1.403280,-0.336492,0.588468,-1.215275,-0.054569,0.541573,-1.409471,-0.313436,0.172862,-1.217086,-0.050094,0.138440,-1.513044,-0.174802,1.104771,-1.401992,-0.174537,1.318259,-1.382276,-0.174850,1.558883,-1.350678,-0.176070,1.655849,-1.313291,-0.210239,1.506952,-1.355637,-0.139306,1.507110,-1.356097,-0.347983,1.449604,-1.347315,-0.001738,1.450583,-1.356186,-0.398937,1.176706,-1.432871,0.085160,1.175437,-1.317104,-0.431528,0.896511,-1.452469,0.076337,0.943802,-1.155154,-0.346695,0.083505,-1.065444,-0.027854,0.054898,-1.356160,,,,,,,,,,-0.415680,0.881111,-1.440837,-0.383970,0.839122,-1.449747,-0.367285,0.810352,-1.463202,-0.402161,0.805710,-1.464911,-0.382521,0.779718,-1.482210,-0.363737,0.768215,-1.497165,-0.417198,0.809834,-1.485286,-0.397065,0.788236,-1.511209,-0.380298,0.780276,-1.529664,-0.429566,0.814627,-1.501780,-0.411760,0.794750,-1.528079,-0.396546,0.790928,-1.544842,-0.439069,0.825890,-1.517942,-0.422443,0.812190,-1.542718,-0.407244,0.810515,-1.559532,0.058255,0.938060,-1.138914,0.024020,0.897608,-1.132630,0.012013,0.863916,-1.135474,0.045068,0.863365,-1.112563,0.025365,0.832349,-1.115785,0.007050,0.817259,-1.127859,0.063142,0.854818,-1.128644,0.044671,0.820755,-1.135135,0.027577,0.809926,-1.151744,0.078032,0.849049,-1.142536,0.061265,0.816540,-1.150655,0.046234,0.812122,-1.167432,0.090336,0.848382,-1.160607,0.074723,0.821040,-1.169905,0.059726,0.811500,-1.184079,,,
36,1.200,-0.178127,0.981621,-1.356724,-0.297999,0.978271,-1.358965,-0.058254,0.984972,-1.354483,-0.331067,0.583902,-1.153510,-0.048426,0.539742,-1.376993,-0.325339,0.179216,-1.056246,-0.047251,0.145839,-1.511539,-0.181496,1.098699,-1.351512,-0.178432,1.312158,-1.331722,-0.184001,1.552827,-1.300966,-0.187023,1.649947,-1.264086,-0.218295,1.500289,-1.307086,-0.147408,1.501650,-1.304863,-0.355606,1.441364,-1.304878,-0.008456,1.449075,-1.297904,-0.395542,1.174021,-1.411287,0.090593,1.181852,-1.238197,-0.424392,0.895790,-1.452637,0.072488,0.964426,-1.058312,-0.361481,0.129304,-0.888054,-0.025008,0.059723,-1.356054,,,,,,,,,,-0.409574,0.880149,-1.440011,-0.376109,0.839204,-1.447199,-0.357272,0.811394,-1.459805,-0.391736,0.806218,-1.465772,-0.369812,0.781348,-1.481940,-0.349281,0.770836,-1.495237,-0.404521,0.811021,-1.487491,-0.381215,0.790974,-1.511958,-0.362362,0.784148,-1.528783,-0.415100,0.816359,-1.505029,-0.394065,0.798060,-1.530058,-0.377020,0.795295,-1.545188,-0.423018,0.828195,-1.521631,-0.403413,0.815969,-1.544957,-0.386398,0.815353,-1.560011,0.052775,0.959305,-1.043863,0.018715,0.918534,-1.038802,0.006787,0.884732,-1.040401,0.037905,0.886153,-1.014277,0.018834,0.854837,-1.018297,0.002168,0.838990,-1.031718,0.057826,0.877029,-1.027624,0.040597,0.842341,-1.034224,0.025673,0.830307,-1.052050,0.074292,0.870739,-1.039343,0.058721,0.837645,-1.047480,0.045726,0.832147,-1.065587,0.088579,0.869212,-1.055834,0.074006,0.841282,-1.065073,0.060605,0.830834,-1.080173,,,
37,1.233,-0.181098,0.969899,-1.301413,-0.300841,0.963060,-1.302081,-0.061355,0.976739,-1.300744,-0.328551,0.582373,-1.071554,-0.042072,0.533269,-1.343116,-0.346428,0.196715,-0.915955,-0.044052,0.151374,-1.508692,-0.187808,1.086809,-1.295680,-0.183361,1.300346,-1.277032,-0.193487,1.541056,-1.247790,-0.197776,1.638313,-1.211403,-0.226784,1.487971,-1.254661,-0.156026,1.490422,-1.250288,-0.363792,1.428374,-1.257539,-0.016850,1.439870,-1.236334,-0.392735,1.166620,-1.380164,0.090903,1.182231,-1.153900,-0.417894,0.891772,-1.441651,0.064746,0.977156,-0.960973,-0.384497,0.187570,-0.741160,-0.021571,0.061863,-1.355171,,,,,,,,,,-0.404211,0.875571,-1.428462,-0.369602,0.835392,-1.434447,-0.349208,0.808511,-1.446642,-0.382781,0.803375,-1.456322,-0.358620,0.780245,-1.471873,-0.336573,0.771205,-1.483748,-0.393360,0.809289,-1.478935,-0.367220,0.791314,-1.502115,-0.346607,0.785948,-1.517327,-0.402177,0.815520,-1.497140,-0.378172,0.799404,-1.520968,-0.359585,0.798020,-1.534375,-0.408537,0.828208,-1.513783,-0.386438,0.817754,-1.535699,-0.367985,0.818319,-1.548953,0.043864,0.972856,-0.947970,0.010289,0.931785,-0.942151,-0.001245,0.897817,-0.941449,0.027720,0.902420,-0.912959,0.009573,0.870452,-0.916016,-0.005473,0.853126,-0.929520,0.048985,0.892653,-0.923478,0.033137,0.857037,-0.928367,0.020217,0.843031,-0.946318,0.066602,0.885762,-0.932974,0.052373,0.851718,-0.939488,0.041241,0.844328,-0.958153,0.082406,0.883098,-0.947858,0.069057,0.854128,-0.955626,0.057203,0.842028,-0.970787,,,
38,1.267,-0.184950,0.954737,-1.242504,-0.304601,0.946541,-1.241032,-0.065300,0.962934,-1.243976,-0.328936,0.586262,-0.979422,-0.040934,0.522864,-1.311629,-0.358636,0.210364,-0.803122,-0.044955,0.154981,-1.506333,-0.192875,1.071542,-1.236215,-0.189461,1.285196,-1.218724,-0.201584,1.525977,-1.190858,-0.206539,1.623392,-1.154980,-0.234427,1.472653,-1.198045,-0.163773,1.475567,-1.192452,-0.371489,1.413525,-1.205073,-0.025193,1.425255,-1.172844,-0.392606,1.155780,-1.337403,0.087599,1.176906,-1.070940,-0.416650,0.885232,-1.416020,0.057395,0.980546,-0.869716,-0.396498,0.235430,-0.629847,-0.021229,0.063703,-1.354046,,,,,,,,,,-0.403717,0.868364,-1.402910,-0.368519,0.828702,-1.408909,-0.347058,0.802562,-1.420878,-0.380063,0.797917,-1.433327,-0.353734,0.777970,-1.449745,-0.330619,0.771529,-1.461278,-0.389229,0.805052,-1.456203,-0.360872,0.790181,-1.478973,-0.339117,0.786966,-1.493168,-0.396918,0.812262,-1.474557,-0.370472,0.799236,-1.497681,-0.350901,0.799759,-1.509673,-0.402298,0.825841,-1.490838,-0.378436,0.817275,-1.511700,-0.359092,0.819045,-1.523496,0.035931,0.976462,-0.857624,0.003564,0.934659,-0.850354,-0.006349,0.900288,-0.847566,0.020236,0.908484,-0.817870,0.003454,0.875675,-0.819446,-0.010099,0.856766,-0.832397,0.042439,0.898776,-0.826300,0.028298,0.862228,-0.829101,0.017049,0.846311,-0.846577,0.060836,0.891865,-0.834161,0.048266,0.856867,-0.838741,0.038578,0.847598,-0.857374,0.077599,0.888656,-0.847839,0.065720,0.858639,-0.853818,0.055197,0.844859,-0.868520,,,
39,1.300,-0.189869,0.940864,-1.181169,-0.309503,0.932895,-1.178064,-0.070234,0.948832,-1.184275,-0.333462,0.575611,-0.912345,-0.045217,0.514095,-1.280248,-0.356681,0.199558,-0.735403,-0.047478,0.160643,-1.500088,-0.197482,1.057681,-1.174733,-0.196163,1.271363,-1.157296,-0.209340,1.512069,-1.129266,-0.215236,1.609512,-1.093607,-0.241919,1.458698,-1.137261,-0.171409,1.461732,-1.130129,-0.378510,1.399146,-1.148583,-0.033303,1.412177,-1.105816,-0.393214,1.142220,-1.283351,0.081191,1.169520,-0.992712,-0.416743,0.875693,-1.374810,0.052662,0.976509,-0.788033,-0.389607,0.220776,-0.560613,-0.023204,0.063349,-1.351660,,,,,,,,,,-0.403957,0.858204,-1.362388,-0.368403,0.819111,-1.369851,-0.346594,0.793792,-1.382907,-0.379288,0.789640,-1.396122,-0.352185,0.771824,-1.413689,-0.328779,0.767004,-1.425425,-0.388063,0.797961,-1.418750,-0.358897,0.785263,-1.441811,-0.336786,0.783481,-1.455705,-0.395447,0.806119,-1.436831,-0.368129,0.795178,-1.460020,-0.348276,0.796881,-1.471426,-0.400602,0.820535,-1.452451,-0.376104,0.813344,-1.473094,-0.356473,0.815919,-1.484251,0.030940,0.972637,-0.776336,-0.000447,0.930482,-0.767071,-0.009165,0.896026,-0.762157,0.015897,0.907199,-0.732299,0.000088,0.873873,-0.732087,-0.012500,0.853720,-0.744101,0.038628,0.897602,-0.739332,0.025687,0.860510,-0.739881,0.015492,0.843036,-0.756495,0.057460,0.890718,-0.746113,0.046020,0.855127,-0.748622,0.037212,0.844318,-0.766857,0.074743,0.887062,-0.759009,0.063891,0.856354,-0.763144,0.054227,0.841252,-0.777120,,,
40,1.333,-0.195798,0.928588,-1.117114,-0.315549,0.922608,-1.114031,-0.076047,0.934568,-1.120196,-0.337110,0.556948,-0.859747,-0.054768,0.507550,-1.246828,-0.350264,0.173803,-0.697603,-0.050331,0.168585,-1.488378,-0.201530,1.045608,-1.112741,-0.202688,1.259461,-1.097528,-0.217892,1.500264,-1.071420,-0.225653,1.597932,-1.036750,-0.249953,1.446676,-1.080042,-0.179702,1.450119,-1.070839,-0.385418,1.385186,-1.094170,-0.041784,1.402465,-1.042064,-0.397221,1.125571,-1.223979,0.073254,1.160884,-0.927222,-0.420874,0.859850,-1.317725,0.052336,0.964636,-0.724713,-0.374034,0.157721,-0.520792,-0.025090,0.059122,-1.348854,,,,,,,,,,-0.408026,0.841611,-1.306504,-0.373686,0.802098,-1.316871,-0.353128,0.776953,-1.332111,-0.386236,0.773938,-1.343828,-0.360240,0.756394,-1.363245,-0.337437,0.751646,-1.376140,-0.395676,0.783341,-1.365754,-0.367684,0.770879,-1.390349,-0.346146,0.769128,-1.405117,-0.403557,0.792369,-1.383200,-0.377355,0.781788,-1.407802,-0.357901,0.783517,-1.419871,-0.408973,0.807504,-1.398032,-0.385331,0.800495,-1.419709,-0.366012,0.802997,-1.431414,0.030657,0.960869,-0.712904,0.000153,0.918545,-0.701671,-0.007415,0.884087,-0.695138,0.016858,0.897357,-0.665750,0.001937,0.863711,-0.663331,-0.010152,0.842508,-0.673974,0.039819,0.887925,-0.672236,0.027844,0.850542,-0.670596,0.018115,0.831859,-0.686139,0.058822,0.881129,-0.678617,0.048393,0.845145,-0.679060,0.039934,0.833058,-0.696647,0.076232,0.877223,-0.691267,0.066468,0.845974,-0.693714,0.057395,0.829817,-0.706883,,,
41,1.367,-0.202880,0.918629,-1.049860,-0.322727,0.914046,-1.048693,-0.083033,0.923212,-1.051027,-0.339580,0.539515,-0.807290,-0.065530,0.508213,-1.213207,-0.345545,0.147189,-0.668338,-0.049689,0.182257,-1.471596,-0.207330,1.035750,-1.046963,-0.211008,1.249844,-1.036197,-0.227148,1.491218,-1.016773,-0.237466,1.589463,-0.984481,-0.258908,1.437374,-1.024896,-0.188945,1.441166,-1.013826,-0.393579,1.374521,-1.040538,-0.051381,1.394887,-0.981351,-0.407400,1.110048,-1.159924,0.061199,1.149930,-0.871326,-0.433256,0.841148,-1.243468,0.049354,0.945229,-0.676602,-0.368057,0.089930,-0.500110,-0.023158,0.051383,-1.352204,,,,,,,,,,-0.420323,0.822386,-1.233253,-0.387948,0.781963,-1.246133,-0.369398,0.756524,-1.263334,-0.403015,0.754536,-1.272552,-0.378819,0.736533,-1.293789,-0.357025,0.731306,-1.308160,-0.413486,0.764494,-1.293753,-0.387337,0.751485,-1.320035,-0.366743,0.749261,-1.336036,-0.422137,0.773974,-1.310583,-0.397757,0.762932,-1.336803,-0.379005,0.764229,-1.349987,-0.427976,0.789449,-1.324895,-0.405767,0.781850,-1.347851,-0.387033,0.783799,-1.360569,0.027709,0.941591,-0.664691,-0.002629,0.899363,-0.652676,-0.009278,0.864819,-0.645613,0.014210,0.878855,-0.616425,-0.000100,0.845155,-0.611938,-0.012037,0.823226,-0.621190,0.037193,0.869391,-0.622789,0.025719,0.831970,-0.619386,0.016055,0.812492,-0.633965,0.056209,0.862551,-0.629085,0.046457,0.826391,-0.627991,0.038107,0.813444,-0.645008,0.073610,0.858487,-0.641698,0.064686,0.826928,-0.643183,0.056022,0.810195,-0.655901,,,
42,1.400,-0.212570,0.912449,-0.985559,-0.332456,0.909052,-0.986673,-0.092683,0.915846,-0.984444,-0.353344,0.538622,-0.739331,-0.067306,0.500153,-1.143778,-0.350980,0.133376,-0.644288,-0.046015,0.200191,-1.431586,-0.215904,1.029634,-0.984015,-0.222708,1.243790,-0.976498,-0.236614,1.485749,-0.963800,-0.249001,1.584620,-0.934262,-0.268825,1.432020,-0.970831,-0.198957,1.435422,-0.959057,-0.403696,1.369535,-0.986229,-0.062076,1.388381,-0.924839,-0.425953,1.100400,-1.093283,0.044610,1.135559,-0.827457,-0.458534,0.827505,-1.159783,0.041719,0.918112,-0.646712,-0.374359,0.045888,-0.489739,-0.018786,0.041360,-1.353371,,,,,,,,,,-0.445539,0.809014,-1.149160,-0.414013,0.767684,-1.161244,-0.396487,0.741447,-1.178319,-0.430136,0.739391,-1.186078,-0.406711,0.720523,-1.207429,-0.385413,0.714654,-1.222288,-0.441081,0.748603,-1.207376,-0.415697,0.734334,-1.233754,-0.395525,0.731294,-1.250153,-0.450090,0.757494,-1.224340,-0.426477,0.745138,-1.250674,-0.408049,0.745690,-1.264357,-0.456148,0.772442,-1.239113,-0.434381,0.763375,-1.261959,-0.415812,0.764371,-1.275024,0.020066,0.914767,-0.634729,-0.011137,0.873037,-0.623199,-0.018815,0.838613,-0.616610,0.005448,0.851585,-0.587379,-0.009184,0.818130,-0.582165,-0.021579,0.796229,-0.590865,0.028177,0.841717,-0.594030,0.016183,0.804494,-0.590262,0.006018,0.785029,-0.604512,0.046999,0.834558,-0.600548,0.036839,0.798517,-0.599249,0.028157,0.785608,-0.616128,0.064234,0.830309,-0.613328,0.055008,0.798847,-0.615003,0.046114,0.782229,-0.627712,,,
43,1.433,-0.223779,0.909739,-0.924376,-0.343653,0.906961,-0.927240,-0.103906,0.912516,-0.921513,-0.373799,0.549926,-0.661815,-0.056181,0.483067,-1.031641,-0.358279,0.134500,-0.640754,-0.037532,0.225915,-1.358427,-0.226500,1.026949,-0.924176,-0.233977,1.241136,-0.918378,-0.247913,1.483262,-0.909454,-0.261608,1.582471,-0.881680,-0.280125,1.429423,-0.915584,-0.210237,1.433023,-0.903988,-0.414794,1.365895,-0.928222,-0.073303,1.385910,-0.870078,-0.446040,1.092421,-1.021097,0.031478,1.125205,-0.793673,-0.483272,0.815548,-1.064798,0.041321,0.892720,-0.633006,-0.384268,0.047078,-0.486585,-0.018993,0.047973,-1.349542,,,,,,,,,,-0.470264,0.798147,-1.052484,-0.439245,0.755490,-1.060620,-0.422725,0.727645,-1.076077,-0.455958,0.724908,-1.082130,-0.433225,0.703731,-1.102015,-0.412353,0.696134,-1.116694,-0.467147,0.731946,-1.104119,-0.442245,0.714794,-1.129207,-0.422332,0.709891,-1.145472,-0.476340,0.739100,-1.121792,-0.453322,0.723714,-1.147035,-0.435132,0.722565,-1.160995,-0.482502,0.752479,-1.137960,-0.460825,0.740599,-1.159570,-0.442251,0.739831,-1.172643,0.019998,0.888753,-0.620628,-0.010936,0.846476,-0.610445,-0.019045,0.811895,-0.605369,0.006587,0.823186,-0.576257,-0.007750,0.789464,-0.572036,-0.020338,0.767893,-0.581266,0.029114,0.813679,-0.584030,0.017404,0.776271,-0.581369,0.006869,0.757276,-0.595981,0.047742,0.806871,-0.591423,0.037705,0.770772,-0.591494,0.028568,0.758602,-0.608680,0.064616,0.803296,-0.604872,0.055409,0.771922,-0.607824,0.046202,0.755882,-0.621043,,,
44,1.467,-0.234148,0.911227,-0.864462,-0.353972,0.908949,-0.869196,-0.114323,0.913506,-0.859727,-0.388558,0.548660,-0.608757,-0.048451,0.473963,-0.895717,-0.362728,0.134201,-0.637401,-0.034507,0.264981,-1.255434,-0.236339,1.028445,-0.865407,-0.242999,1.242682,-0.860514,-0.256280,1.484879,-0.852574,-0.270488,1.584097,-0.825091,-0.288683,1.431086,-0.858076,-0.218658,1.434578,-0.847307,-0.423208,1.366660,-0.867229,-0.081503,1.386739,-0.815364,-0.463715,1.089200,-0.943157,0.019217,1.119161,-0.760221,-0.503580,0.809706,-0.958934,0.037508,0.873995,-0.620508,-0.390236,0.046842,-0.483461,-0.015086,0.091426,-1.295280,,,,,,,,,,-0.490803,0.793454,-0.944924,-0.460858,0.749440,-0.948662,-0.446117,0.719915,-0.962740,-0.478534,0.717091,-0.966506,-0.456995,0.692936,-0.984204,-0.436728,0.682901,-0.998252,-0.489854,0.721944,-0.989013,-0.465782,0.701418,-1.012315,-0.446247,0.694183,-1.028163,-0.499117,0.727337,-1.007265,-0.477193,0.708295,-1.030940,-0.459362,0.704866,-1.044990,-0.505191,0.739007,-1.024737,-0.483906,0.724058,-1.044772,-0.465412,0.721204,-1.057669,0.016537,0.869278,-0.607797,-0.014319,0.826521,-0.599566,-0.022086,0.791613,-0.596665,0.004073,0.800917,-0.567560,-0.010326,0.767019,-0.565519,-0.023256,0.746250,-0.576027,0.026309,0.791875,-0.576622,0.014609,0.754373,-0.576077,0.003603,0.736373,-0.591575,0.044673,0.785515,-0.585007,0.034461,0.749536,-0.587269,0.024771,0.738598,-0.604971,0.061124,0.782795,-0.599161,0.051747,0.751675,-0.603792,0.042101,0.736497,-0.617697,,,
45,1.500,-0.243125,0.916095,-0.806127,-0.362827,0.914511,-0.813492,-0.123421,0.917679,-0.798761,-0.398225,0.542769,-0.569797,-0.053695,0.478973,-0.759930,-0.366676,0.132394,-0.631932,-0.041415,0.292994,-1.132119,-0.244554,1.033312,-0.808102,-0.249731,1.247599,-0.803635,-0.260333,1.489869,-0.794055,-0.273477,1.588985,-0.765688,-0.293426,1.436430,-0.798852,-0.223076,1.439171,-0.790186,-0.428015,1.371687,-0.803900,-0.085488,1.389899,-0.762579,-0.476578,1.090878,-0.860272,0.007818,1.116974,-0.722706,-0.517185,0.811488,-0.844533,0.034860,0.861955,-0.603567,-0.396053,0.045523,-0.478060,-0.003999,0.123354,-1.175805,,,,,,,,,,-0.504489,0.796442,-0.829168,-0.475379,0.751715,-0.828972,-0.461931,0.720774,-0.841175,-0.493881,0.718120,-0.843335,-0.473429,0.691493,-0.858608,-0.453733,0.679315,-0.871746,-0.505445,0.720967,-0.866060,-0.482346,0.697462,-0.887453,-0.463293,0.688069,-0.902745,-0.514881,0.724727,-0.884629,-0.493933,0.702662,-0.906494,-0.476464,0.697253,-0.920375,-0.521007,0.734750,-0.903079,-0.500354,0.717414,-0.921810,-0.482130,0.712887,-0.934611,0.014206,0.856345,-0.590700,-0.016518,0.813115,-0.584772,-0.023083,0.777842,-0.584461,0.002621,0.785284,-0.555152,-0.011836,0.751351,-0.555482,-0.025052,0.731508,-0.567336,0.024604,0.776909,-0.565394,0.012859,0.739468,-0.567343,0.001451,0.722689,-0.583885,0.042739,0.771161,-0.574673,0.032434,0.735440,-0.579331,0.022304,0.725841,-0.597557,0.058823,0.769457,-0.589396,0.049516,0.738652,-0.595895,0.039617,0.724383,-0.610565,,,
46,1.533,-0.250029,0.924551,-0.749018,-0.369578,0.923709,-0.758659,-0.130480,0.925392,-0.739377,-0.400737,0.534335,-0.543602,-0.063865,0.497755,-0.632040,-0.368526,0.128037,-0.628149,-0.054260,0.296453,-0.996250,-0.250624,1.041756,-0.751871,-0.254289,1.256076,-0.747457,-0.262082,1.498343,-0.735423,-0.272650,1.597402,-0.705807,-0.295882,1.445253,-0.739014,-0.225169,1.447273,-0.733797,-0.430508,1.380410,-0.737335,-0.086880,1.396463,-0.713434,-0.484301,1.096990,-0.771526,-0.000622,1.119470,-0.688568,-0.520706,0.821051,-0.721653,0.038727,0.857073,-0.590792,-0.398924,0.040775,-0.474698,-0.010053,0.124379,-1.019103,,,,,,,,,,-0.507406,0.807628,-0.705327,-0.478730,0.762781,-0.701519,-0.466159,0.730480,-0.710778,-0.498223,0.728068,-0.711123,-0.478814,0.699430,-0.723919,-0.459877,0.685402,-0.736305,-0.510868,0.728533,-0.733443,-0.489168,0.702301,-0.753058,-0.471020,0.690862,-0.768054,-0.521173,0.730337,-0.751842,-0.501372,0.705863,-0.772157,-0.484600,0.698847,-0.786178,-0.528110,0.738330,-0.770983,-0.508613,0.718956,-0.788940,-0.491133,0.712995,-0.802185,0.018991,0.850137,-0.577155,-0.010735,0.806041,-0.572694,-0.015851,0.770602,-0.574991,0.010578,0.776389,-0.546526,-0.003275,0.742242,-0.548155,-0.016916,0.722947,-0.560426,0.031986,0.769209,-0.558707,0.020569,0.731834,-0.562751,0.008330,0.716173,-0.579789,0.049581,0.764505,-0.569492,0.039626,0.728983,-0.576050,0.028534,0.720493,-0.594266,0.064737,0.764209,-0.585259,0.055776,0.733756,-0.593634,0.045356,0.720426,-0.608817,,,
47,1.567,-0.253860,0.935396,-0.693150,-0.373325,0.935285,-0.703808,-0.134394,0.935506,-0.682492,-0.395883,0.527207,-0.525494,-0.069654,0.526227,-0.517774,-0.367809,0.123634,-0.623498,-0.067976,0.288320,-0.859331,-0.253659,1.052586,-0.696611,-0.256377,1.266922,-0.692302,-0.262184,1.509182,-0.679077,-0.269742,1.608206,-0.648439,-0.296417,1.456282,-0.680953,-0.225513,1.457917,-0.679671,-0.431035,1.392228,-0.670633,-0.086740,1.405695,-0.668042,-0.487683,1.107525,-0.681808,-0.005763,1.126058,-0.662568,-0.512359,0.838835,-0.597239,0.046086,0.857897,-0.589347,-0.397437,0.036446,-0.469855,-0.032495,0.112876,-0.852494,,,,,,,,,,-0.497627,0.827466,-0.580586,-0.468687,0.783167,-0.573646,-0.456373,0.749909,-0.579064,-0.488940,0.747724,-0.576931,-0.470367,0.717674,-0.587545,-0.452389,0.702168,-0.599593,-0.503550,0.745468,-0.597901,-0.483544,0.716846,-0.615907,-0.466743,0.703501,-0.630898,-0.515478,0.745018,-0.615380,-0.497103,0.718517,-0.634456,-0.481495,0.710074,-0.649024,-0.524122,0.750573,-0.634688,-0.506391,0.729024,-0.651986,-0.490236,0.721420,-0.666046,0.028139,0.849312,-0.574253,-0.000447,0.804394,-0.570627,-0.005326,0.769218,-0.575751,0.024048,0.772864,-0.550034,0.010886,0.738494,-0.552486,-0.003753,0.719713,-0.564401,0.043958,0.767294,-0.565227,0.032541,0.730178,-0.571198,0.018534,0.715777,-0.587983,0.060220,0.763982,-0.578365,0.050231,0.728852,-0.586732,0.037233,0.721597,-0.604206,0.073438,0.765474,-0.595727,0.064223,0.735666,-0.605943,0.052430,0.723503,-0.621102,,,
48,1.600,-0.253906,0.947802,-0.637370,-0.373326,0.948517,-0.648506,-0.134487,0.947087,-0.626234,-0.388410,0.524309,-0.511932,-0.075925,0.559670,-0.413370,-0.366099,0.122964,-0.620045,-0.079684,0.277507,-0.719366,-0.252851,1.064978,-0.641159,-0.255976,1.279324,-0.637757,-0.259236,1.521652,-0.624890,-0.263863,1.620657,-0.593617,-0.293925,1.469017,-0.624870,-0.223038,1.470100,-0.627227,-0.428546,1.406940,-0.606024,-0.084525,1.416044,-0.623714,-0.487902,1.122776,-0.595183,-0.009612,1.135069,-0.638713,-0.495047,0.865870,-0.477270,0.048234,0.862648,-0.589713,-0.394691,0.036190,-0.465971,-0.051981,0.107014,-0.671925,,,,,,,,,,-0.478281,0.856778,-0.461150,-0.447957,0.813816,-0.452059,-0.434615,0.780544,-0.453526,-0.467828,0.778194,-0.448389,-0.449765,0.747212,-0.457017,-0.432826,0.730453,-0.468892,-0.484734,0.773219,-0.467035,-0.466389,0.742581,-0.483421,-0.451170,0.727471,-0.498426,-0.498603,0.770490,-0.482790,-0.481834,0.742057,-0.500514,-0.467767,0.732082,-0.515671,-0.509529,0.773489,-0.501498,-0.493733,0.749836,-0.517898,-0.479276,0.740478,-0.532728,0.032174,0.852874,-0.573275,0.002904,0.808348,-0.570348,-0.003796,0.773988,-0.578218,0.028890,0.774418,-0.556501,0.014834,0.740511,-0.560153,-0.001678,0.723014,-0.571562,0.046431,0.770090,-0.574717,0.033236,0.733928,-0.582580,0.016696,0.721452,-0.598583,0.060701,0.767860,-0.590190,0.048883,0.733795,-0.600377,0.033519,0.728387,-0.616552,0.071551,0.770901,-0.608937,0.060457,0.742354,-0.620762,0.046568,0.731827,-0.635359,,,
49,1.633,-0.253343,0.959044,-0.580877,-0.372679,0.960604,-0.592798,-0.134007,0.957484,-0.568955,-0.380268,0.523758,-0.503689,-0.081894,0.593620,-0.316526,-0.363865,0.124689,-0.620902,-0.086935,0.263759,-0.570356,-0.251441,1.076211,-0.584587,-0.254898,1.290559,-0.581584,-0.254876,1.532908,-0.568720,-0.256447,1.631813,-0.536830,-0.290104,1.480659,-0.567027,-0.219400,1.480960,-0.572737,-0.424558,1.420951,-0.540791,-0.081758,1.424753,-0.576698,-0.486931,1.138909,-0.509941,-0.013806,1.143890,-0.612505,-0.469865,0.898631,-0.361853,0.045019,0.868532,-0.586464,-0.391235,0.037160,-0.467034,-0.061276,0.112165,-0.478448,,,,,,,,,,-0.450774,0.892216,-0.347087,-0.417359,0.851842,-0.337018,-0.401961,0.819459,-0.335844,-0.434738,0.816241,-0.326637,-0.416133,0.785104,-0.333338,-0.399786,0.767579,-0.344934,-0.453550,0.808389,-0.342217,-0.435795,0.776559,-0.356892,-0.421760,0.760189,-0.371729,-0.469108,0.803232,-0.355608,-0.453270,0.773248,-0.371542,-0.440681,0.761823,-0.386972,-0.482417,0.803499,-0.372962,-0.467687,0.778442,-0.388231,-0.454758,0.767747,-0.403558,0.030381,0.857921,-0.569238,-0.001146,0.814912,-0.567177,-0.010874,0.781970,-0.577549,0.024042,0.778407,-0.560021,0.007601,0.745804,-0.565250,-0.011171,0.730447,-0.576237,0.039040,0.775126,-0.580577,0.022720,0.740727,-0.590272,0.003661,0.730881,-0.605275,0.051247,0.773808,-0.597818,0.036174,0.741656,-0.609773,0.018719,0.738778,-0.624402,0.060023,0.778247,-0.617355,0.045923,0.751666,-0.630488,0.029832,0.743407,-0.644260,,,
50,1.667,-0.252940,0.966060,-0.525620,-0.372168,0.968361,-0.538468,-0.133713,0.963760,-0.512773,-0.371797,0.524369,-0.497196,-0.086884,0.622724,-0.229340,-0.361822,0.127576,-0.622572,-0.090336,0.248676,-0.411933,-0.250347,1.083233,-0.528704,-0.254064,1.297551,-0.524248,-0.250283,1.539774,-0.509675,-0.248898,1.638425,-0.477002,-0.286081,1.487967,-0.506763,-0.215708,1.487409,-0.515661,-0.420162,1.430632,-0.474109,-0.079257,1.429373,-0.527195,-0.486967,1.151986,-0.426326,-0.018825,1.150360,-0.584496,-0.437706,0.933339,-0.253925,0.037263,0.873253,-0.579400,-0.387843,0.039628,-0.468708,-0.062682,0.128938,-0.281609,,,,,,,,,,-0.416751,0.929867,-0.240792,-0.380113,0.892759,-0.229450,-0.362476,0.861749,-0.225641,-0.394112,0.858232,-0.212444,-0.374456,0.827309,-0.216681,-0.358367,0.809016,-0.227422,-0.414043,0.847489,-0.224511,-0.396112,0.814674,-0.236567,-0.382802,0.796959,-0.250500,-0.430662,0.839857,-0.235167,-0.415011,0.808475,-0.248358,-0.403547,0.795398,-0.263347,-0.445808,0.837136,-0.250710,-0.431448,0.810759,-0.263977,-0.419694,0.798511,-0.279087,0.023471,0.861634,-0.562125,-0.010398,0.820395,-0.561714,-0.022948,0.789334,-0.574563,0.012970,0.782040,-0.560638,-0.005977,0.751227,-0.567856,-0.026560,0.738302,-0.578731,0.025975,0.780210,-0.582679,0.006722,0.748039,-0.594422,-0.014110,0.740972,-0.608614,0.036604,0.780117,-0.600983,0.018493,0.750388,-0.614840,-0.000273,0.750129,-0.628058,0.043987,0.786171,-0.620661,0.027163,0.761973,-0.635125,0.009472,0.756153,-0.648162,,,
51,1.700,-0.251438,0.968982,-0.471032,-0.370593,0.971981,-0.484397,-0.132282,0.965984,-0.457667,-0.366618,0.526096,-0.486298,-0.095616,0.639716,-0.155943,-0.360016,0.133235,-0.623703,-0.088750,0.233978,-0.248642,-0.248284,1.086168,-0.472855,-0.252937,1.300404,-0.466019,-0.244729,1.542346,-0.448820,-0.240928,1.640650,-0.415303,-0.281184,1.491059,-0.444994,-0.211267,1.489537,-0.456870,-0.414745,1.436204,-0.406475,-0.076257,1.430158,-0.476023,-0.487532,1.162196,-0.343140,-0.024464,1.154527,-0.554308,-0.403917,0.967387,-0.156022,0.026495,0.876711,-0.567803,-0.384663,0.044808,-0.469887,-0.060389,0.146776,-0.094766,,,,,,,,,,-0.381628,0.966520,-0.144794,-0.342655,0.932509,-0.131665,-0.323248,0.903124,-0.124805,-0.353551,0.900884,-0.108035,-0.333236,0.870130,-0.109482,-0.317628,0.850730,-0.118907,-0.374177,0.887918,-0.116079,-0.356221,0.854007,-0.124531,-0.343651,0.834576,-0.136759,-0.391485,0.878318,-0.123578,-0.376046,0.845537,-0.133110,-0.365642,0.830439,-0.146927,-0.408008,0.872809,-0.136808,-0.393911,0.844958,-0.146987,-0.383169,0.830664,-0.161014,0.013420,0.863749,-0.550932,-0.022132,0.823981,-0.552529,-0.036955,0.795020,-0.567659,-0.000465,0.784921,-0.557337,-0.021463,0.756048,-0.566610,-0.043375,0.745401,-0.577356,0.010905,0.785088,-0.580336,-0.010611,0.755252,-0.594139,-0.032673,0.750693,-0.607472,0.020238,0.786650,-0.599269,-0.000253,0.759462,-0.614915,-0.019890,0.761467,-0.626634,0.026515,0.794587,-0.618660,0.007505,0.772864,-0.634299,-0.011349,0.769247,-0.646474,,,
52,1.733,-0.249726,0.968576,-0.414658,-0.368718,0.974032,-0.428679,-0.130733,0.963119,-0.400636,-0.366650,0.530516,-0.474737,-0.109911,0.633066,-0.101531,-0.360817,0.142234,-0.624627,-0.086177,0.217599,-0.092200,-0.244357,1.085695,-0.414641,-0.251328,1.299809,-0.406152,-0.237957,1.541298,-0.386075,-0.232326,1.639166,-0.351554,-0.275188,1.490633,-0.381527,-0.205818,1.488009,-0.396109,-0.408041,1.438347,-0.337394,-0.072557,1.427421,-0.422393,-0.487563,1.170608,-0.257508,-0.030790,1.156019,-0.519244,-0.374198,0.997513,-0.064786,0.013714,0.878369,-0.549089,-0.384073,0.051970,-0.471664,-0.058121,0.165468,0.076860,,,,,,,,,,-0.350982,0.998707,-0.055664,-0.310191,0.967672,-0.040801,-0.289137,0.940314,-0.031032,-0.318175,0.940273,-0.011428,-0.297395,0.909864,-0.009412,-0.282226,0.889249,-0.016742,-0.339120,0.925975,-0.015317,-0.321106,0.891298,-0.019414,-0.309134,0.870183,-0.029208,-0.356793,0.915116,-0.019527,-0.341459,0.881329,-0.024728,-0.331934,0.864199,-0.036684,-0.374294,0.907356,-0.030105,-0.360263,0.878393,-0.036603,-0.350304,0.862069,-0.048885,0.001456,0.864052,-0.532706,-0.035538,0.825706,-0.535703,-0.052637,0.798931,-0.552379,-0.015717,0.786786,-0.546224,-0.038712,0.760018,-0.556958,-0.061840,0.751563,-0.567087,-0.006075,0.789090,-0.569888,-0.029702,0.761637,-0.585112,-0.052839,0.759267,-0.597127,0.001887,0.792403,-0.589218,-0.020854,0.767806,-0.606000,-0.041215,0.771735,-0.615845,0.007002,0.802188,-0.608099,-0.013991,0.782843,-0.624312,-0.033842,0.781043,-0.635244,,,
53,1.767,-0.248330,0.964066,-0.356082,-0.367076,0.971767,-0.371101,-0.129583,0.956366,-0.341062,-0.368358,0.533209,-0.451710,-0.118616,0.607014,-0.064176,-0.361799,0.154343,-0.623993,-0.086594,0.202428,0.028281,-0.241011,1.081060,-0.353964,-0.249322,1.295093,-0.344649,-0.232287,1.536191,-0.322737,-0.225628,1.633745,-0.287518,-0.270017,1.485955,-0.317580,-0.201136,1.482603,-0.334191,-0.401493,1.434572,-0.268536,-0.069339,1.421654,-0.366363,-0.486605,1.174234,-0.171737,-0.036366,1.154377,-0.477086,-0.346309,1.021184,0.020222,0.002838,0.877594,-0.519686,-0.384375,0.061093,-0.472729,-0.059855,0.186704,0.204701,,,,,,,,,,-0.322813,1.024354,0.028064,-0.280692,0.997072,0.046216,-0.257966,0.972673,0.059458,-0.286859,0.974828,0.080046,-0.265168,0.945791,0.086895,-0.249600,0.924554,0.082965,-0.307546,0.959664,0.079450,-0.288712,0.925219,0.081065,-0.276447,0.902950,0.074841,-0.325068,0.947902,0.077832,-0.309009,0.914053,0.078240,-0.299402,0.895256,0.069214,-0.342734,0.938130,0.069417,-0.328058,0.908818,0.067572,-0.318014,0.890830,0.057979,-0.008660,0.862146,-0.503788,-0.046907,0.825110,-0.507470,-0.066039,0.800334,-0.525005,-0.029052,0.786847,-0.522812,-0.053839,0.762045,-0.534259,-0.077955,0.755426,-0.543400,-0.021035,0.791055,-0.546818,-0.046521,0.765742,-0.562734,-0.070498,0.765101,-0.573224,-0.014357,0.795916,-0.566306,-0.039083,0.773637,-0.583514,-0.059946,0.779031,-0.591425,-0.010293,0.807247,-0.584568,-0.033031,0.789972,-0.600766,-0.053674,0.789617,-0.610281,,,
54,1.800,-0.248054,0.954813,-0.294705,-0.366655,0.963637,-0.310248,-0.129454,0.945989,-0.279162,-0.365383,0.535464,-0.434741,-0.116808,0.566498,-0.045368,-0.363142,0.161984,-0.618510,-0.090396,0.183569,0.115664,-0.239923,1.071693,-0.290396,-0.246503,1.285704,-0.279368,-0.227887,1.526560,-0.256114,-0.220739,1.623986,-0.220638,-0.265781,1.476477,-0.250674,-0.197201,1.472897,-0.268441,-0.396070,1.425076,-0.198576,-0.066419,1.412386,-0.305247,-0.485469,1.172194,-0.087005,-0.040116,1.148395,-0.425249,-0.326020,1.033629,0.100961,-0.004377,0.872892,-0.477989,-0.384661,0.065625,-0.469051,-0.070086,0.184888,0.293630,,,,,,,,,,-0.302681,1.039003,0.108034,-0.259360,1.016727,0.129831,-0.234844,0.996337,0.146273,-0.264487,0.999711,0.166728,-0.241387,0.973523,0.178609,-0.224654,0.952816,0.178502,-0.284474,0.983739,0.168638,-0.264097,0.950966,0.176016,-0.250773,0.928564,0.173623,-0.301454,0.971106,0.168989,-0.283915,0.938562,0.175074,-0.273425,0.918965,0.169328,-0.318673,0.959386,0.162320,-0.302784,0.930799,0.165197,-0.291970,0.911925,0.158616,-0.015213,0.856285,-0.462811,-0.054202,0.820135,-0.467390,-0.074771,0.797117,-0.485679,-0.037861,0.783107,-0.486887,-0.063813,0.759841,-0.498961,-0.088551,0.754476,-0.507218,-0.031138,0.789242,-0.510876,-0.057841,0.765662,-0.527443,-0.082361,0.766196,-0.536597,-0.025486,0.795660,-0.530237,-0.051555,0.775266,-0.547798,-0.072733,0.781589,-0.553998,-0.022271,0.808450,-0.547686,-0.046275,0.792917,-0.563821,-0.067464,0.793696,-0.572019,,,
55,1.833,-0.244683,0.940584,-0.236078,-0.363354,0.948775,-0.251422,-0.126010,0.932394,-0.220735,-0.357615,0.532453,-0.411033,-0.116465,0.553857,0.014746,-0.363502,0.171856,-0.618876,-0.095116,0.166803,0.166394,-0.237201,1.057499,-0.231533,-0.241866,1.271493,-0.219257,-0.222316,1.512139,-0.194647,-0.214552,1.609524,-0.159185,-0.260312,1.462136,-0.189185,-0.191904,1.458465,-0.207587,-0.390391,1.411467,-0.135860,-0.061972,1.397943,-0.247276,-0.482472,1.163815,-0.015116,-0.039817,1.135534,-0.371510,-0.315505,1.030926,0.170404,-0.005866,0.861342,-0.431733,-0.384100,0.065767,-0.476024,-0.075208,0.155073,0.344024,,,,,,,,,,-0.292354,1.037995,0.176542,-0.247862,1.019955,0.199845,-0.222671,1.002061,0.218077,-0.251842,1.006607,0.238358,-0.227630,0.982255,0.251825,-0.210241,0.962133,0.253056,-0.271081,0.990069,0.242185,-0.249220,0.958951,0.252060,-0.235019,0.936973,0.251422,-0.287479,0.976821,0.244077,-0.268437,0.945728,0.252703,-0.257207,0.926144,0.248525,-0.304231,0.963748,0.238895,-0.286949,0.936359,0.244293,-0.275323,0.917449,0.239423,-0.016472,0.843640,-0.417670,-0.056127,0.808496,-0.424024,-0.077642,0.787350,-0.443449,-0.040963,0.773060,-0.447104,-0.067610,0.751223,-0.460282,-0.092660,0.746860,-0.468182,-0.034901,0.781129,-0.470693,-0.062309,0.759247,-0.488401,-0.087072,0.760744,-0.496759,-0.029761,0.789099,-0.489615,-0.056601,0.770558,-0.508045,-0.077869,0.777599,-0.513051,-0.026900,0.803286,-0.506015,-0.051554,0.789391,-0.522656,-0.072960,0.791008,-0.530135,,,
56,1.867,-0.240128,0.927489,-0.176732,-0.359071,0.932649,-0.191268,-0.121184,0.922328,-0.162197,-0.347907,0.523103,-0.367280,-0.116947,0.560204,0.097958,-0.360827,0.181851,-0.605279,-0.099017,0.159111,0.207805,-0.235331,1.044609,-0.174400,-0.238348,1.258679,-0.162970,-0.217339,1.499237,-0.138694,-0.208251,1.596726,-0.103840,-0.255589,1.449453,-0.133012,-0.187285,1.445380,-0.151714,-0.386172,1.400357,-0.079447,-0.058319,1.383283,-0.192109,-0.481586,1.153377,0.040081,-0.036701,1.119434,-0.313355,-0.320144,1.017824,0.228540,-0.002991,0.845339,-0.374148,-0.382623,0.059187,-0.476575,-0.075209,0.117323,0.380354,,,,,,,,,,-0.297111,1.025128,0.234849,-0.252886,1.007803,0.259180,-0.228938,0.989453,0.278594,-0.257366,0.995295,0.297919,-0.233478,0.970473,0.311103,-0.216419,0.950057,0.312117,-0.276590,0.978763,0.301839,-0.254818,0.947613,0.311809,-0.240676,0.925596,0.311240,-0.292961,0.965489,0.303790,-0.273922,0.934457,0.312637,-0.262658,0.914866,0.308584,-0.309584,0.952232,0.298662,-0.292053,0.925116,0.304608,-0.280178,0.906263,0.300131,-0.013950,0.827061,-0.361131,-0.054182,0.793025,-0.369554,-0.076150,0.773276,-0.389919,-0.039550,0.758686,-0.394553,-0.066466,0.738082,-0.409099,-0.091529,0.734566,-0.417372,-0.033267,0.767961,-0.417634,-0.060819,0.747448,-0.436705,-0.085503,0.749686,-0.445133,-0.027924,0.776892,-0.436065,-0.054877,0.759764,-0.455661,-0.076023,0.767326,-0.460417,-0.024761,0.791927,-0.451633,-0.049545,0.779288,-0.469064,-0.070897,0.781526,-0.476539,,,
57,1.900,-0.235972,0.918520,-0.113876,-0.355094,0.921815,-0.127461,-0.116849,0.915226,-0.100292,-0.350417,0.510883,-0.300510,-0.108370,0.562237,0.172031,-0.356772,0.200465,-0.577753,-0.100403,0.150097,0.229834,-0.232912,1.035711,-0.112285,-0.233638,1.249866,-0.102138,-0.213076,1.490756,-0.080966,-0.201534,1.588423,-0.047362,-0.251149,1.440947,-0.074378,-0.182983,1.436820,-0.093563,-0.381730,1.392495,-0.020224,-0.054726,1.373160,-0.133786,-0.477420,1.140354,0.087748,-0.026889,1.105145,-0.244134,-0.329692,0.995115,0.280199,0.011551,0.829750,-0.295521,-0.384224,0.052430,-0.480706,-0.080892,0.082105,0.394402,,,,,,,,,,-0.307179,1.002192,0.288368,-0.264853,0.984111,0.315378,-0.243717,0.964065,0.336320,-0.272151,0.970564,0.353331,-0.249371,0.945218,0.367447,-0.232511,0.924677,0.369066,-0.291615,0.953975,0.355385,-0.270716,0.922336,0.365676,-0.256671,0.900253,0.365272,-0.308088,0.940691,0.355775,-0.289899,0.909313,0.365176,-0.278452,0.889764,0.361449,-0.324297,0.927616,0.349088,-0.307194,0.900292,0.355321,-0.295017,0.881577,0.351082,0.000018,0.811296,-0.283272,-0.039962,0.777577,-0.293884,-0.061437,0.758100,-0.315022,-0.024462,0.743614,-0.318875,-0.051287,0.723926,-0.334791,-0.076108,0.721093,-0.344004,-0.017230,0.753262,-0.341522,-0.044220,0.733421,-0.362054,-0.068534,0.736053,-0.371391,-0.011125,0.762488,-0.359567,-0.037627,0.746083,-0.380361,-0.058525,0.753959,-0.385672,-0.007292,0.777776,-0.374732,-0.031834,0.765619,-0.392835,-0.053003,0.768117,-0.400736,,,
58,1.933,-0.228655,0.914721,-0.052168,-0.347975,0.916975,-0.064139,-0.109335,0.912467,-0.040198,-0.370118,0.492049,-0.197482,-0.094382,0.559993,0.232513,-0.358289,0.222810,-0.514710,-0.097988,0.143897,0.243210,-0.226574,1.031937,-0.050837,-0.227370,1.246149,-0.041996,-0.205457,1.487140,-0.023504,-0.191743,1.584900,0.008998,-0.243686,1.437583,-0.015990,-0.175755,1.432937,-0.035881,-0.374575,1.390710,0.038803,-0.048876,1.366557,-0.076074,-0.470073,1.130810,0.126678,-0.014921,1.093573,-0.171524,-0.345150,0.964065,0.317848,0.026606,0.815934,-0.205476,-0.382868,0.048013,-0.484249,-0.078339,0.061995,0.401300,,,,,,,,,,-0.323578,0.970024,0.328928,-0.284902,0.949165,0.359210,-0.267580,0.926561,0.381032,-0.296677,0.933386,0.395121,-0.276300,0.906494,0.410028,-0.260235,0.885374,0.412184,-0.316545,0.917201,0.393880,-0.297638,0.884370,0.404290,-0.284118,0.861960,0.403973,-0.333195,0.904343,0.391541,-0.316844,0.871949,0.400872,-0.305445,0.852356,0.397227,-0.348779,0.892144,0.382231,-0.332919,0.864021,0.388190,-0.320675,0.845354,0.383936,0.014107,0.797861,-0.193612,-0.025462,0.764293,-0.206078,-0.045551,0.744655,-0.228398,-0.008743,0.729647,-0.229281,-0.035790,0.711243,-0.246321,-0.060250,0.709602,-0.256710,0.000042,0.738727,-0.251612,-0.026484,0.719619,-0.273402,-0.050144,0.723049,-0.284068,0.007401,0.747498,-0.269414,-0.018769,0.731761,-0.291124,-0.039132,0.740274,-0.297436,0.012372,0.762414,-0.284620,-0.011809,0.750376,-0.303279,-0.032640,0.753330,-0.311889,,,
59,1.967,-0.221837,0.914504,0.006784,-0.341364,0.916463,-0.002963,-0.102310,0.912546,0.016532,-0.392122,0.478466,-0.069405,-0.081465,0.552235,0.278398,-0.370611,0.259757,-0.422912,-0.096213,0.137366,0.247901,-0.220034,1.031723,0.008226,-0.221970,1.245935,0.016917,-0.201527,1.487112,0.034648,-0.187127,1.584926,0.066687,-0.239474,1.437353,0.042257,-0.171481,1.433047,0.022505,-0.370538,1.390360,0.096528,-0.044920,1.365638,-0.016975,-0.460943,1.122912,0.164996,-0.002629,1.088648,-0.096171,-0.362777,0.928151,0.344960,0.043024,0.809798,-0.107071,-0.386015,0.083687,-0.452035,-0.074039,0.052440,0.404049,,,,,,,,,,-0.342544,0.932031,0.359075,-0.308319,0.906522,0.391103,-0.294382,0.880980,0.412093,-0.324710,0.887391,0.423392,-0.307173,0.858203,0.437573,-0.292151,0.836288,0.439286,-0.344691,0.872215,0.418031,-0.328254,0.837689,0.427060,-0.315497,0.814860,0.425971,-0.361260,0.860339,0.412338,-0.346999,0.826518,0.419852,-0.335760,0.806989,0.415445,-0.375921,0.849838,0.399962,-0.361769,0.820533,0.404312,-0.349702,0.801929,0.399335,0.030463,0.792301,-0.094435,-0.007483,0.756634,-0.106095,-0.025504,0.734882,-0.128219,0.011331,0.720858,-0.125700,-0.015378,0.701579,-0.142297,-0.039533,0.699474,-0.153300,0.020957,0.728471,-0.148231,-0.004854,0.707992,-0.169632,-0.028132,0.710805,-0.181274,0.028942,0.736079,-0.166297,0.003386,0.718802,-0.187563,-0.016822,0.726796,-0.194958,0.034242,0.749933,-0.182370,0.010648,0.736174,-0.200586,-0.010024,0.738290,-0.209805,,,
60,2.000,-0.216638,0.918061,0.061860,-0.336372,0.919748,0.055040,-0.096904,0.916374,0.068681,-0.398636,0.478324,0.065070,-0.072215,0.543610,0.312136,-0.378195,0.290199,-0.305678,-0.093401,0.132187,0.252593,-0.215076,1.035281,0.063437,-0.218300,1.249391,0.074035,-0.200667,1.490542,0.094875,-0.186867,1.588152,0.127789,-0.238296,1.440340,0.101016,-0.169804,1.436904,0.082882,-0.370136,1.391461,0.151616,-0.042476,1.369724,0.045538,-0.452404,1.117922,0.204513,0.006466,1.089963,-0.018667,-0.387190,0.891996,0.361548,0.054267,0.811575,-0.005412,-0.395969,0.117741,-0.350716,-0.068733,0.047616,0.408560,,,,,,,,,,-0.368000,0.892060,0.377528,-0.337518,0.859190,0.406482,-0.325911,0.829730,0.423351,-0.357204,0.835349,0.433340,-0.341982,0.803071,0.442667,-0.328033,0.780453,0.441039,-0.377309,0.822567,0.423816,-0.363222,0.786031,0.427037,-0.351476,0.763107,0.422383,-0.393852,0.812895,0.414830,-0.381583,0.777531,0.416447,-0.370846,0.758636,0.409044,-0.407907,0.805702,0.399693,-0.395819,0.775182,0.399070,-0.384468,0.757087,0.391310,0.042921,0.794897,0.009310,0.007439,0.755661,0.002273,-0.009053,0.730321,-0.017048,0.028587,0.719150,-0.013152,0.002540,0.696924,-0.026867,-0.021666,0.692542,-0.037055,0.037655,0.724672,-0.036509,0.012426,0.700917,-0.055023,-0.011127,0.701534,-0.066433,0.045092,0.730607,-0.055416,0.020097,0.709856,-0.074084,-0.000586,0.716044,-0.081885,0.049433,0.742788,-0.073056,0.026371,0.725828,-0.089128,0.005490,0.725808,-0.098114,,,
61,2.033,-0.213850,0.926137,0.115638,-0.333684,0.927435,0.110768,-0.094016,0.924839,0.120507,-0.398748,0.493225,0.188619,-0.071816,0.535515,0.336763,-0.374990,0.300297,-0.179454,-0.091883,0.127022,0.259341,-0.212652,1.043360,0.117400,-0.216350,1.257344,0.130159,-0.201191,1.498199,0.155806,-0.189285,1.595406,0.190600,-0.238762,1.447703,0.159323,-0.169470,1.444935,0.144403,-0.372220,1.396457,0.202846,-0.040171,1.378805,0.112328,-0.446333,1.117986,0.239603,0.014524,1.096933,0.063949,-0.416065,0.866875,0.366023,0.061117,0.820828,0.103390,-0.398247,0.124591,-0.205391,-0.066175,0.042694,0.415270,,,,,,,,,,-0.397296,0.861850,0.381710,-0.369050,0.821137,0.401525,-0.358785,0.787958,0.410522,-0.390450,0.792175,0.421031,-0.376599,0.757990,0.421338,-0.363475,0.736119,0.413705,-0.410864,0.783306,0.408268,-0.398456,0.746667,0.401385,-0.387648,0.725379,0.390658,-0.427595,0.777121,0.396875,-0.416839,0.742134,0.388880,-0.406750,0.725497,0.376691,-0.441576,0.774795,0.380217,-0.431269,0.744891,0.371415,-0.420817,0.728922,0.359076,0.051254,0.805880,0.120794,0.018296,0.763907,0.120846,0.002701,0.734889,0.106628,0.041449,0.726876,0.110315,0.016961,0.700916,0.100990,-0.007035,0.693236,0.092379,0.049575,0.729378,0.086108,0.025605,0.701499,0.072260,0.001799,0.698825,0.061703,0.056153,0.732854,0.066293,0.032457,0.707806,0.051631,0.011245,0.711292,0.043579,0.059257,0.742491,0.046905,0.037364,0.721759,0.033917,0.016453,0.718956,0.025453,,,
62,2.067,-0.215167,0.939137,0.169269,-0.335028,0.940203,0.165043,-0.095306,0.938070,0.173495,-0.402320,0.519647,0.297091,-0.081067,0.529883,0.352417,-0.369466,0.288492,-0.047513,-0.093114,0.123094,0.265001,-0.214193,1.056358,0.171234,-0.217348,1.270275,0.185200,-0.204523,1.510867,0.214357,-0.195436,1.607726,0.250924,-0.242053,1.460224,0.215177,-0.172018,1.457830,0.204171,-0.377297,1.407267,0.250334,-0.040486,1.392904,0.179586,-0.445078,1.125256,0.266615,0.018727,1.109371,0.149816,-0.442896,0.858356,0.359967,0.058106,0.837635,0.217412,-0.390030,0.110572,-0.044780,-0.067956,0.038817,0.421047,,,,,,,,,,-0.424684,0.848762,0.374107,-0.398136,0.803337,0.383038,-0.388503,0.768782,0.383541,-0.420850,0.771040,0.393908,-0.407797,0.737607,0.385393,-0.394994,0.718172,0.372463,-0.441180,0.766524,0.378923,-0.429634,0.732653,0.362699,-0.419169,0.714650,0.346841,-0.457788,0.764111,0.366025,-0.447742,0.732197,0.349163,-0.437788,0.719103,0.333145,-0.471402,0.766702,0.349104,-0.461954,0.739851,0.332743,-0.451782,0.727395,0.316684,0.048227,0.825459,0.236849,0.016470,0.783041,0.243187,0.001883,0.751593,0.233932,0.040914,0.745537,0.239418,0.018361,0.716788,0.234375,-0.004859,0.706159,0.226838,0.049579,0.744265,0.215302,0.027238,0.713291,0.206078,0.003866,0.707647,0.195725,0.056558,0.744629,0.195323,0.034689,0.716160,0.184593,0.013620,0.717037,0.175522,0.059883,0.751026,0.174673,0.039419,0.727463,0.164484,0.019020,0.722279,0.155894,,,
63,2.100,-0.220231,0.955059,0.221109,-0.340087,0.955934,0.216715,-0.100375,0.954183,0.225504,-0.406800,0.549890,0.388501,-0.094754,0.528735,0.358901,-0.367007,0.262709,0.089825,-0.097057,0.122220,0.269434,-0.219445,1.072282,0.223027,-0.221688,1.286115,0.238393,-0.211109,1.526555,0.269629,-0.205023,1.623242,0.307259,-0.248474,1.475803,0.268234,-0.177963,1.473673,0.260784,-0.385169,1.421973,0.295584,-0.044648,1.409946,0.243872,-0.449028,1.138685,0.287873,0.017977,1.125783,0.233206,-0.467452,0.862911,0.347576,0.045124,0.860692,0.327811,-0.386812,0.089642,0.131562,-0.073850,0.037865,0.425741,,,,,,,,,,-0.450004,0.849928,0.359851,-0.424372,0.803127,0.359097,-0.414430,0.769296,0.352481,-0.447897,0.769671,0.361215,-0.434840,0.738224,0.347030,-0.421545,0.721376,0.331276,-0.467571,0.769170,0.344755,-0.455863,0.739128,0.322301,-0.444948,0.724548,0.303503,-0.483600,0.770154,0.330967,-0.473508,0.742119,0.308251,-0.463107,0.732323,0.290280,-0.496402,0.776873,0.314556,-0.486991,0.754199,0.292755,-0.476503,0.745480,0.274575,0.033112,0.851594,0.347724,0.000738,0.810234,0.357175,-0.012810,0.777502,0.351481,0.025353,0.772981,0.362127,0.004288,0.742787,0.359845,-0.017675,0.729979,0.351937,0.036645,0.768044,0.339624,0.015759,0.735358,0.333381,-0.006278,0.727406,0.321701,0.045805,0.765352,0.320733,0.025845,0.734719,0.312542,0.005957,0.733324,0.301165,0.051424,0.768454,0.299824,0.032591,0.743023,0.291085,0.013443,0.735977,0.281058,,,
64,2.133,-0.226940,0.970166,0.276633,-0.346771,0.970729,0.271572,-0.107108,0.969603,0.281694,-0.409669,0.575496,0.468212,-0.106731,0.531154,0.362905,-0.371510,0.228345,0.241732,-0.102223,0.123624,0.278275,-0.226451,1.087398,0.278095,-0.227997,1.301070,0.295625,-0.219864,1.541381,0.328543,-0.216440,1.638043,0.366570,-0.256882,1.490449,0.325473,-0.186132,1.488718,0.320658,-0.394183,1.435255,0.346293,-0.051476,1.426553,0.309545,-0.455206,1.153543,0.310175,0.015057,1.143132,0.314982,-0.485300,0.873606,0.336335,0.027834,0.886529,0.433103,-0.396292,0.072859,0.327149,-0.081395,0.038871,0.434702,,,,,,,,,,-0.468540,0.858518,0.347064,-0.442424,0.812645,0.339211,-0.431315,0.780649,0.327379,-0.465687,0.779429,0.333485,-0.451791,0.749773,0.316512,-0.437348,0.734792,0.299905,-0.484259,0.782064,0.315980,-0.471315,0.755413,0.290174,-0.459250,0.743529,0.270216,-0.499380,0.785648,0.301611,-0.488442,0.760948,0.275649,-0.477149,0.753598,0.257060,-0.511174,0.795354,0.285955,-0.500815,0.776793,0.260932,-0.489454,0.771328,0.242023,0.013047,0.880304,0.452240,-0.020585,0.840307,0.463060,-0.033422,0.806900,0.460491,0.002852,0.804591,0.476966,-0.017344,0.773726,0.476780,-0.037860,0.759093,0.468183,0.017215,0.796544,0.457288,-0.002581,0.762836,0.453348,-0.022756,0.752699,0.440100,0.028964,0.791218,0.440507,0.010568,0.759137,0.434485,-0.007478,0.755450,0.420784,0.037531,0.791267,0.420382,0.020236,0.764384,0.412899,0.002783,0.755487,0.401364,,,
65,2.167,-0.232593,0.981192,0.319711,-0.352475,0.982130,0.316106,-0.112711,0.980254,0.323317,-0.406710,0.590201,0.521734,-0.114876,0.535400,0.353857,-0.373588,0.195749,0.392994,-0.108396,0.129121,0.263531,-0.231763,1.098394,0.322627,-0.232864,1.311968,0.341354,-0.228801,1.552477,0.373574,-0.227792,1.649278,0.411388,-0.265048,1.501048,0.369680,-0.194175,1.500239,0.366818,-0.402728,1.444888,0.384568,-0.058229,1.440239,0.360589,-0.460667,1.166922,0.323188,0.017148,1.159826,0.382286,-0.493579,0.886100,0.326495,0.021520,0.913517,0.521113,-0.402004,0.068887,0.516220,-0.087221,0.045208,0.420363,,,,,,,,,,-0.477157,0.870810,0.337458,-0.447995,0.827091,0.328176,-0.433848,0.796888,0.314955,-0.468789,0.793579,0.317138,-0.451847,0.765851,0.299683,-0.435060,0.752743,0.283709,-0.485692,0.797050,0.298151,-0.469103,0.773137,0.271756,-0.454622,0.763410,0.252243,-0.499520,0.801319,0.282706,-0.485188,0.779180,0.256094,-0.471912,0.773740,0.238171,-0.510243,0.811943,0.266878,-0.496785,0.796104,0.241462,-0.483496,0.792797,0.223325,0.005210,0.907508,0.539044,-0.028926,0.867417,0.547728,-0.041385,0.833897,0.544803,-0.006492,0.832169,0.564237,-0.026525,0.801232,0.562776,-0.046183,0.786394,0.552660,0.009546,0.823894,0.546000,-0.009818,0.790096,0.540866,-0.028773,0.779746,0.526071,0.022714,0.818369,0.530376,0.004987,0.786112,0.523371,-0.011825,0.782132,0.508256,0.032956,0.818129,0.511052,0.016419,0.791050,0.502623,0.000012,0.781900,0.489820,,,
66,2.200,-0.236834,0.983901,0.372161,-0.356736,0.984073,0.369157,-0.116932,0.983729,0.375166,-0.398464,0.584761,0.563171,-0.116541,0.537865,0.368976,-0.375408,0.169154,0.561357,-0.112066,0.134732,0.265403,-0.236774,1.101064,0.376453,-0.236509,1.314551,0.396170,-0.236822,1.555176,0.427768,-0.238042,1.652141,0.465154,-0.272211,1.503245,0.422808,-0.201277,1.503402,0.422349,-0.409954,1.445897,0.431131,-0.063709,1.446876,0.422260,-0.460909,1.172999,0.345575,0.023188,1.171730,0.461341,-0.493499,0.892804,0.325978,0.014366,0.940094,0.623291,-0.408667,0.079797,0.712998,-0.089826,0.051191,0.422287,,,,,,,,,,-0.477651,0.877403,0.337610,-0.445942,0.835414,0.328700,-0.429257,0.806644,0.315245,-0.464133,0.802002,0.313536,-0.444492,0.776010,0.296237,-0.425709,0.764507,0.281282,-0.479170,0.806126,0.293161,-0.459037,0.784529,0.267238,-0.442270,0.776569,0.248783,-0.491538,0.810919,0.276667,-0.473733,0.791043,0.250368,-0.458518,0.787220,0.233604,-0.501041,0.822183,0.260505,-0.484415,0.808482,0.235729,-0.469216,0.806808,0.218915,-0.003716,0.934352,0.639530,-0.037952,0.893900,0.645815,-0.049958,0.860208,0.642970,-0.016903,0.859657,0.665881,-0.036606,0.828642,0.662660,-0.054921,0.813551,0.650586,0.001171,0.851111,0.649801,-0.017301,0.817048,0.643310,-0.034394,0.806218,0.626701,0.016061,0.845341,0.635909,-0.000707,0.812832,0.627790,-0.015738,0.808415,0.611012,0.028365,0.844674,0.617838,0.012751,0.817332,0.608539,-0.002246,0.807793,0.594366,,,
67,2.233,-0.240099,0.977914,0.421722,-0.359971,0.974564,0.419481,-0.120226,0.981264,0.423963,-0.393039,0.580194,0.624935,-0.110397,0.536035,0.401453,-0.387310,0.175508,0.722197,-0.109222,0.142131,0.266908,-0.243468,1.094992,0.426934,-0.240403,1.308451,0.446724,-0.245972,1.549120,0.477480,-0.248995,1.646240,0.514360,-0.280267,1.496582,0.471360,-0.209380,1.497943,0.473582,-0.417578,1.437657,0.473568,-0.070428,1.445368,0.480541,-0.457514,1.170314,0.367159,0.028621,1.178144,0.540248,-0.486364,0.892082,0.325810,0.010517,0.960718,0.720133,-0.423452,0.125595,0.890389,-0.086980,0.056015,0.422393,,,,,,,,,,-0.471546,0.876441,0.338436,-0.438082,0.835496,0.331248,-0.419245,0.807686,0.318642,-0.453708,0.802510,0.312675,-0.431784,0.777640,0.296507,-0.411254,0.767128,0.283210,-0.466494,0.807314,0.290956,-0.443187,0.787266,0.266489,-0.424335,0.780440,0.249664,-0.477072,0.812652,0.273418,-0.456038,0.794353,0.248389,-0.438992,0.791588,0.233259,-0.484990,0.824488,0.256816,-0.465386,0.812261,0.233490,-0.448371,0.811645,0.218436,-0.009197,0.955597,0.734582,-0.043257,0.914826,0.739643,-0.055185,0.881025,0.738044,-0.024067,0.882445,0.764167,-0.043138,0.851129,0.760147,-0.059803,0.835282,0.746727,-0.004145,0.873320,0.750820,-0.021374,0.838633,0.744220,-0.036299,0.826599,0.726395,0.012320,0.867031,0.739101,-0.003251,0.833937,0.730965,-0.016246,0.828439,0.712858,0.026607,0.865504,0.722610,0.012035,0.837574,0.713371,-0.001367,0.827126,0.698271,,,
68,2.267,-0.243070,0.966192,0.477033,-0.362813,0.959353,0.476364,-0.123327,0.973032,0.477701,-0.390522,0.578666,0.706891,-0.104044,0.529562,0.435330,-0.408399,0.193007,0.862489,-0.106024,0.147666,0.269755,-0.249779,1.083102,0.482765,-0.245332,1.296639,0.501413,-0.255459,1.537349,0.530656,-0.259748,1.634606,0.567043,-0.288756,1.484264,0.523785,-0.217998,1.486715,0.528158,-0.425764,1.424667,0.520907,-0.078822,1.436162,0.542111,-0.454707,1.162913,0.398282,0.028931,1.178524,0.624545,-0.479865,0.888064,0.336796,0.002774,0.973449,0.817471,-0.446468,0.183861,1.037283,-0.083542,0.058155,0.423276,,,,,,,,,,-0.466183,0.871863,0.349985,-0.431574,0.831684,0.343999,-0.411181,0.804803,0.331805,-0.444753,0.799668,0.322125,-0.420592,0.776538,0.306573,-0.398545,0.767497,0.294699,-0.455333,0.805582,0.299512,-0.429193,0.787607,0.276332,-0.408580,0.782240,0.261119,-0.464150,0.811812,0.281306,-0.440144,0.795696,0.257479,-0.421558,0.794312,0.244072,-0.470509,0.824500,0.264664,-0.448410,0.814046,0.242748,-0.429958,0.814611,0.229493,-0.018107,0.969149,0.830475,-0.051682,0.928078,0.836294,-0.063217,0.894109,0.836996,-0.034252,0.898712,0.865485,-0.052398,0.866745,0.862428,-0.067445,0.849418,0.848925,-0.012986,0.888946,0.854967,-0.028835,0.853329,0.850077,-0.041755,0.839324,0.832126,0.004630,0.882054,0.845471,-0.009598,0.848010,0.838957,-0.020731,0.840621,0.820291,0.020434,0.879391,0.830586,0.007085,0.850420,0.822819,-0.004769,0.838320,0.807658,,,
69,2.300,-0.246922,0.951030,0.535942,-0.366572,0.942834,0.537414,-0.127272,0.959227,0.534470,-0.390907,0.582555,0.799023,-0.102905,0.519157,0.466817,-0.420607,0.206656,0.975322,-0.106927,0.151273,0.272113,-0.254846,1.067835,0.542231,-0.251433,1.281489,0.559722,-0.263555,1.522270,0.587587,-0.268510,1.619685,0.623465,-0.296399,1.468945,0.580401,-0.225745,1.471860,0.585993,-0.433461,1.409818,0.573373,-0.087164,1.421548,0.605602,-0.454578,1.152073,0.441043,0.025627,1.173199,0.707505,-0.478622,0.881524,0.362426,-0.004577,0.976839,0.908728,-0.458469,0.231722,1.148597,-0.083201,0.059995,0.424401,,,,,,,,,,-0.465690,0.864657,0.375536,-0.430491,0.824995,0.369537,-0.409031,0.798854,0.357568,-0.442035,0.794209,0.345119,-0.415707,0.774263,0.328701,-0.392591,0.767821,0.317168,-0.451201,0.801345,0.322243,-0.422844,0.786474,0.299473,-0.401089,0.783259,0.285278,-0.458890,0.808555,0.303889,-0.432444,0.795529,0.280765,-0.412874,0.796052,0.268773,-0.464270,0.822134,0.287608,-0.440409,0.813567,0.266746,-0.421065,0.815338,0.254950,-0.026041,0.972754,0.920821,-0.058408,0.930951,0.928091,-0.068321,0.896581,0.930879,-0.041735,0.904776,0.960575,-0.058518,0.871967,0.958998,-0.072071,0.853058,0.946047,-0.019533,0.895068,0.952145,-0.033674,0.858520,0.949344,-0.044923,0.842603,0.931867,-0.001136,0.888158,0.944283,-0.013706,0.853159,0.939704,-0.023394,0.843890,0.921071,0.015627,0.884948,0.930605,0.003749,0.854932,0.924627,-0.006775,0.841151,0.909925,,,
70,2.333,-0.251841,0.937156,0.597276,-0.371475,0.929188,0.600382,-0.132206,0.945125,0.594171,-0.395434,0.571904,0.866100,-0.107189,0.510388,0.498198,-0.418652,0.195851,1.043042,-0.109450,0.156935,0.278358,-0.259454,1.053974,0.603712,-0.258135,1.267656,0.621149,-0.271312,1.508362,0.649179,-0.277207,1.605805,0.684838,-0.303891,1.454990,0.641184,-0.233381,1.458025,0.648316,-0.440481,1.395439,0.629863,-0.095274,1.408470,0.672629,-0.455186,1.138512,0.495095,0.019219,1.165813,0.785733,-0.478715,0.871985,0.403635,-0.009310,0.972801,0.990412,-0.451578,0.217068,1.217832,-0.085176,0.059641,0.426786,,,,,,,,,,-0.465928,0.854497,0.416058,-0.430375,0.815404,0.408595,-0.408566,0.790085,0.395539,-0.441260,0.785933,0.382324,-0.414157,0.768116,0.364757,-0.390751,0.763296,0.353021,-0.450035,0.794254,0.359696,-0.420868,0.781556,0.336635,-0.398758,0.779773,0.322741,-0.457419,0.802412,0.341615,-0.430101,0.791470,0.318426,-0.410248,0.793173,0.307020,-0.462574,0.816827,0.325995,-0.438076,0.809636,0.305352,-0.418445,0.812211,0.294195,-0.031031,0.968929,1.002109,-0.062418,0.926775,1.011374,-0.071137,0.892319,1.016287,-0.046075,0.903492,1.046146,-0.061884,0.870166,1.046358,-0.074472,0.850012,1.034343,-0.023344,0.893895,1.039113,-0.036285,0.856803,1.038564,-0.046480,0.839328,1.021950,-0.004512,0.887011,1.032331,-0.015952,0.851420,1.029823,-0.024760,0.840611,1.011588,0.012771,0.883354,1.019435,0.001919,0.852647,1.015301,-0.007745,0.837544,1.001325,,,
71,2.367,-0.257770,0.924881,0.661332,-0.377521,0.918901,0.664414,-0.138019,0.930861,0.658249,-0.399081,0.553241,0.918699,-0.116740,0.503843,0.531618,-0.412236,0.170096,1.080843,-0.112302,0.164877,0.290069,-0.263501,1.041901,0.665704,-0.264660,1.255753,0.680917,-0.279863,1.496556,0.707025,-0.287625,1.594225,0.741696,-0.311924,1.442969,0.698403,-0.241673,1.446411,0.707606,-0.447389,1.381478,0.684276,-0.103755,1.398757,0.736381,-0.459193,1.121863,0.554466,0.011283,1.157176,0.851223,-0.482845,0.856143,0.460720,-0.009636,0.960929,1.053732,-0.436006,0.154015,1.257655,-0.087061,0.055414,0.429593,,,,,,,,,,-0.469997,0.837904,0.471941,-0.435657,0.798391,0.461575,-0.415099,0.773246,0.446335,-0.448208,0.770230,0.434617,-0.422212,0.752687,0.415200,-0.399408,0.747939,0.402305,-0.457648,0.779634,0.412692,-0.429656,0.767172,0.388097,-0.408117,0.765421,0.373328,-0.465528,0.788662,0.395245,-0.439326,0.778081,0.370643,-0.419872,0.779810,0.358574,-0.470945,0.803797,0.380413,-0.447302,0.796788,0.358736,-0.427983,0.799290,0.347031,-0.031314,0.957162,1.065542,-0.061818,0.914838,1.076774,-0.069386,0.880379,1.083307,-0.045114,0.893650,1.112695,-0.060034,0.860003,1.115114,-0.072123,0.838801,1.104471,-0.022152,0.884218,1.106209,-0.034127,0.846835,1.107849,-0.043856,0.828152,1.092306,-0.003149,0.877422,1.099828,-0.013579,0.841438,1.099386,-0.022037,0.829351,1.081798,0.014261,0.873516,1.087178,0.004496,0.842267,1.084731,-0.004577,0.826110,1.071563,,,
72,2.400,-0.264852,0.914922,0.728586,-0.384698,0.910339,0.729752,-0.145005,0.919505,0.727419,-0.401552,0.535808,0.971156,-0.127501,0.504506,0.565240,-0.407518,0.143482,1.110108,-0.111661,0.178549,0.306851,-0.269302,1.032043,0.731482,-0.272979,1.246137,0.742249,-0.289120,1.487511,0.761672,-0.299438,1.585756,0.793965,-0.320880,1.433667,0.753550,-0.250917,1.437459,0.764620,-0.455550,1.370814,0.737907,-0.113352,1.391180,0.797094,-0.469372,1.106341,0.618522,-0.000773,1.146223,0.907120,-0.495228,0.837442,0.534977,-0.012617,0.941522,1.101844,-0.430029,0.086224,1.278337,-0.085130,0.047676,0.426243,,,,,,,,,,-0.482294,0.818679,0.545192,-0.449920,0.778257,0.532312,-0.431369,0.752817,0.515111,-0.464987,0.750829,0.505893,-0.440790,0.732826,0.484656,-0.418997,0.727599,0.470285,-0.475457,0.760787,0.484692,-0.449309,0.747778,0.458410,-0.428715,0.745554,0.442409,-0.484108,0.770267,0.467862,-0.459728,0.759225,0.441642,-0.440977,0.760523,0.428458,-0.489948,0.785742,0.453550,-0.467739,0.778143,0.430594,-0.449005,0.780092,0.417877,-0.034263,0.937884,1.113755,-0.064601,0.895656,1.125770,-0.071249,0.861112,1.132833,-0.047761,0.875147,1.162020,-0.062072,0.841448,1.166507,-0.074008,0.819519,1.157256,-0.024778,0.865684,1.155657,-0.036253,0.828263,1.159059,-0.045916,0.808785,1.144480,-0.005763,0.858844,1.149360,-0.015514,0.822684,1.150455,-0.023865,0.809737,1.133437,0.011638,0.854780,1.136748,0.002714,0.823221,1.135262,-0.005949,0.806488,1.122544,,,
73,2.433,-0.274541,0.908742,0.792887,-0.394428,0.905345,0.791772,-0.154655,0.912139,0.794001,-0.415315,0.534915,1.039114,-0.129278,0.496445,0.634668,-0.412952,0.129669,1.134157,-0.107987,0.196483,0.346860,-0.277876,1.025926,0.794430,-0.284679,1.240083,0.801947,-0.298586,1.482042,0.814645,-0.310972,1.580913,0.844183,-0.330797,1.428312,0.807614,-0.260929,1.431715,0.819389,-0.465667,1.365828,0.792217,-0.124048,1.384673,0.853607,-0.487924,1.096693,0.685163,-0.017361,1.131852,0.950988,-0.520505,0.823798,0.618662,-0.020252,0.914406,1.131734,-0.436331,0.042182,1.288707,-0.080758,0.037653,0.425076,,,,,,,,,,-0.507510,0.805307,0.629285,-0.475984,0.763977,0.617201,-0.458457,0.737739,0.600127,-0.492107,0.735683,0.592367,-0.468682,0.716815,0.571016,-0.447384,0.710947,0.556157,-0.503052,0.744896,0.571069,-0.477668,0.730626,0.544691,-0.457496,0.727587,0.528292,-0.512061,0.753787,0.554105,-0.488447,0.741431,0.527771,-0.470019,0.741982,0.514088,-0.518119,0.768735,0.539332,-0.496352,0.759668,0.516486,-0.477783,0.760664,0.503421,-0.041905,0.911061,1.143717,-0.073108,0.869330,1.155247,-0.080786,0.834906,1.161837,-0.056524,0.847879,1.191067,-0.071155,0.814423,1.196281,-0.083550,0.792522,1.187581,-0.033794,0.838010,1.184416,-0.045788,0.800787,1.188185,-0.055953,0.781322,1.173934,-0.014972,0.830851,1.177898,-0.025132,0.794810,1.179198,-0.033814,0.781901,1.162318,0.002263,0.826603,1.165118,-0.006963,0.795140,1.163443,-0.015857,0.778522,1.150734,,,
74,2.467,-0.285751,0.906031,0.854069,-0.405624,0.903254,0.851206,-0.165877,0.908809,0.856933,-0.435770,0.546219,1.116630,-0.118154,0.479360,0.746803,-0.420250,0.130793,1.137693,-0.099504,0.222207,0.420018,-0.288472,1.023242,0.854269,-0.295948,1.237429,0.860068,-0.309884,1.479555,0.868992,-0.323580,1.578764,0.896766,-0.342096,1.425716,0.862862,-0.272208,1.429316,0.874458,-0.476766,1.362188,0.850223,-0.135275,1.382203,0.908367,-0.508011,1.088714,0.757348,-0.030493,1.121498,0.984773,-0.545243,0.811840,0.713647,-0.020650,0.889013,1.145440,-0.446240,0.043371,1.291861,-0.080965,0.044265,0.428905,,,,,,,,,,-0.532235,0.794440,0.725961,-0.501216,0.751783,0.717824,-0.484696,0.723938,0.702367,-0.517929,0.721201,0.696314,-0.495196,0.700025,0.676429,-0.474324,0.692427,0.661751,-0.529118,0.728239,0.674325,-0.504216,0.711087,0.649237,-0.484303,0.706184,0.632973,-0.538311,0.735394,0.656653,-0.515293,0.720007,0.631410,-0.497103,0.718858,0.617449,-0.544473,0.748772,0.640484,-0.522796,0.736893,0.618874,-0.504222,0.736124,0.605801,-0.041973,0.885046,1.157818,-0.072908,0.842769,1.168002,-0.081017,0.808188,1.173077,-0.055385,0.819480,1.202189,-0.069722,0.785758,1.206411,-0.082309,0.764186,1.197180,-0.032858,0.809973,1.194416,-0.044567,0.772564,1.197078,-0.055102,0.753569,1.182465,-0.014230,0.803164,1.187023,-0.024266,0.767065,1.186952,-0.033403,0.754895,1.169766,0.002645,0.799589,1.173575,-0.006562,0.768215,1.170622,-0.015770,0.752175,1.157404,,,
75,2.500,-0.296119,0.907520,0.913984,-0.415944,0.905241,0.909249,-0.176294,0.909798,0.918718,-0.450530,0.544952,1.169688,-0.110423,0.470255,0.882726,-0.424700,0.130494,1.141046,-0.096479,0.261273,0.523010,-0.298311,1.024737,0.913039,-0.304970,1.238974,0.917931,-0.318252,1.481171,0.925871,-0.332459,1.580390,0.953354,-0.350655,1.427379,0.920369,-0.280629,1.430871,0.931138,-0.485180,1.362952,0.911216,-0.143475,1.383032,0.963081,-0.525686,1.085493,0.835288,-0.042754,1.115454,1.018225,-0.565552,0.805999,0.819511,-0.024463,0.870288,1.157938,-0.452207,0.043134,1.294986,-0.077058,0.087717,0.483166,,,,,,,,,,-0.552774,0.789747,0.833520,-0.522829,0.745732,0.829782,-0.508088,0.716208,0.815704,-0.540505,0.713384,0.811938,-0.518966,0.689229,0.794240,-0.498699,0.679193,0.780192,-0.551825,0.718237,0.789431,-0.527753,0.697712,0.766129,-0.508219,0.690476,0.750281,-0.561088,0.723630,0.771179,-0.539164,0.704588,0.747504,-0.521333,0.701160,0.733454,-0.567162,0.735300,0.753707,-0.545877,0.720351,0.733672,-0.527383,0.717497,0.720775,-0.045434,0.865572,1.170649,-0.076290,0.822815,1.178880,-0.084057,0.787906,1.181782,-0.057898,0.797210,1.210886,-0.072297,0.763313,1.212927,-0.085227,0.742543,1.202419,-0.035662,0.788169,1.201825,-0.047362,0.750667,1.202369,-0.058368,0.732667,1.186872,-0.017298,0.781808,1.193439,-0.027510,0.745830,1.191178,-0.037200,0.734891,1.173475,-0.000847,0.779089,1.179285,-0.010224,0.747969,1.174655,-0.019870,0.732791,1.160749,,,
76,2.533,-0.305096,0.912388,0.972319,-0.424799,0.910804,0.964953,-0.185393,0.913972,0.979684,-0.460197,0.539062,1.208649,-0.115666,0.475265,1.018513,-0.428648,0.128687,1.146515,-0.103387,0.289286,0.646325,-0.306525,1.029604,0.970344,-0.311703,1.243891,0.974810,-0.322305,1.486161,0.984390,-0.335448,1.585277,1.012757,-0.355398,1.432722,0.979594,-0.285048,1.435463,0.988260,-0.489987,1.367979,0.974545,-0.147460,1.386191,1.015866,-0.538549,1.087170,0.918173,-0.054153,1.113267,1.055740,-0.579157,0.807781,0.933911,-0.027111,0.858247,1.174879,-0.458024,0.041816,1.300386,-0.065971,0.119646,0.602639,,,,,,,,,,-0.566461,0.792735,0.949275,-0.537350,0.748008,0.949472,-0.523902,0.717066,0.937269,-0.555852,0.714413,0.935109,-0.535400,0.687785,0.919835,-0.515705,0.675608,0.906697,-0.567417,0.717259,0.912384,-0.544318,0.693754,0.890991,-0.525264,0.684362,0.875699,-0.576853,0.721019,0.893815,-0.555905,0.698955,0.871949,-0.538436,0.693545,0.858068,-0.582979,0.731042,0.875365,-0.562326,0.713706,0.856633,-0.544101,0.709180,0.843833,-0.047766,0.852638,1.187746,-0.078490,0.809408,1.193674,-0.085055,0.774135,1.193985,-0.059350,0.781577,1.223294,-0.073807,0.747644,1.222965,-0.087024,0.727801,1.211110,-0.037368,0.773202,1.213052,-0.049113,0.735761,1.211103,-0.060521,0.718982,1.194561,-0.019233,0.767454,1.203773,-0.029537,0.731733,1.199115,-0.039667,0.722134,1.180889,-0.003148,0.765750,1.189050,-0.012456,0.734945,1.182551,-0.022354,0.720676,1.167881,,,
77,2.567,-0.312001,0.920843,1.029427,-0.431550,0.920002,1.019787,-0.192452,0.921684,1.039068,-0.462709,0.530628,1.234844,-0.125837,0.494047,1.146404,-0.430498,0.124330,1.150297,-0.116232,0.292746,0.782193,-0.312596,1.038049,1.026574,-0.316261,1.252368,1.030989,-0.324054,1.494635,1.043023,-0.334622,1.593694,1.072639,-0.357854,1.441545,1.039431,-0.287140,1.443566,1.044648,-0.492480,1.376703,1.041110,-0.148851,1.392755,1.065012,-0.546273,1.093282,1.006919,-0.062593,1.115762,1.089878,-0.582678,0.817343,1.056790,-0.023244,0.853366,1.187654,-0.460897,0.037068,1.303749,-0.072025,0.120671,0.759341,,,,,,,,,,-0.569377,0.803920,1.073117,-0.540701,0.759074,1.076925,-0.528131,0.726772,1.067665,-0.560194,0.724361,1.067320,-0.540785,0.695722,1.054524,-0.521848,0.681694,1.042138,-0.572839,0.724825,1.045001,-0.551139,0.698593,1.025386,-0.532991,0.687154,1.010389,-0.583144,0.726630,1.026601,-0.563343,0.702156,1.006287,-0.546571,0.695140,0.992265,-0.590082,0.734622,1.007460,-0.570584,0.715248,0.989503,-0.553105,0.709287,0.976258,-0.042981,0.846430,1.201292,-0.072707,0.802334,1.205753,-0.077822,0.766895,1.203456,-0.051394,0.772682,1.231921,-0.065246,0.738535,1.230291,-0.078887,0.719240,1.218021,-0.029985,0.765501,1.219740,-0.041403,0.728127,1.215696,-0.053641,0.712466,1.198658,-0.012391,0.760798,1.208954,-0.022345,0.725276,1.202397,-0.033437,0.716786,1.184181,0.002765,0.760502,1.193187,-0.006195,0.730049,1.184813,-0.016615,0.716719,1.169630,,,
78,2.600,-0.315832,0.931688,1.085296,-0.435297,0.931577,1.074638,-0.196366,0.931798,1.095953,-0.457855,0.523499,1.252952,-0.131626,0.522519,1.260670,-0.429781,0.119927,1.154949,-0.129948,0.284613,0.919112,-0.315631,1.048878,1.081834,-0.318348,1.263214,1.086143,-0.324156,1.505474,1.099368,-0.331714,1.604498,1.130007,-0.358389,1.452574,1.097492,-0.287484,1.454209,1.098774,-0.493007,1.388520,1.107812,-0.148712,1.401987,1.110404,-0.549655,1.103817,1.096637,-0.067735,1.122351,1.115878,-0.574331,0.835127,1.181205,-0.015885,0.854189,1.189100,-0.459409,0.032738,1.308592,-0.094466,0.109169,0.925949,,,,,,,,,,-0.559599,0.823758,1.197858,-0.530659,0.779459,1.204798,-0.518345,0.746201,1.199380,-0.550913,0.744016,1.201512,-0.532339,0.713966,1.190899,-0.514361,0.698460,1.178850,-0.565522,0.741760,1.180543,-0.545516,0.713138,1.162536,-0.528714,0.699793,1.147546,-0.577450,0.741310,1.163063,-0.559075,0.714809,1.143987,-0.543467,0.706366,1.129419,-0.586094,0.746865,1.143755,-0.568363,0.725316,1.126457,-0.552208,0.717712,1.112398,-0.033832,0.845605,1.204194,-0.062419,0.800686,1.207819,-0.067297,0.765511,1.202696,-0.037923,0.769156,1.228413,-0.051086,0.734786,1.225961,-0.065724,0.716006,1.214046,-0.018013,0.763587,1.213219,-0.029430,0.726471,1.207248,-0.043437,0.712070,1.190464,-0.001751,0.760274,1.200082,-0.011740,0.725145,1.191715,-0.024739,0.717890,1.174241,0.011467,0.761767,1.182719,0.002252,0.731958,1.172504,-0.009541,0.719796,1.157345,,,
79,2.633,-0.315878,0.944095,1.141075,-0.435298,0.944810,1.129939,-0.196458,0.943380,1.152212,-0.450381,0.520602,1.266514,-0.137897,0.555962,1.365074,-0.428071,0.119257,1.158402,-0.141655,0.273800,1.059076,-0.314823,1.061270,1.137287,-0.317948,1.275617,1.140689,-0.321207,1.517944,1.153555,-0.325834,1.616950,1.184829,-0.355897,1.465309,1.153575,-0.285010,1.466393,1.151218,-0.490518,1.403232,1.172421,-0.146497,1.412336,1.154732,-0.549874,1.119069,1.183262,-0.071584,1.131361,1.139734,-0.557019,0.862162,1.301173,-0.013738,0.858940,1.188734,-0.456662,0.032483,1.312476,-0.113952,0.103306,1.106517,,,,,,,,,,-0.540254,0.853070,1.317294,-0.509929,0.810108,1.326384,-0.496587,0.776836,1.324918,-0.529801,0.774486,1.330055,-0.511738,0.743504,1.321426,-0.494799,0.726745,1.309551,-0.546707,0.769511,1.311408,-0.528362,0.738873,1.295022,-0.513142,0.723763,1.280017,-0.560575,0.766782,1.295653,-0.543807,0.738349,1.277929,-0.529739,0.728374,1.262772,-0.571502,0.769781,1.276945,-0.555705,0.746128,1.260545,-0.541248,0.736770,1.245715,-0.029797,0.849167,1.205171,-0.059068,0.804640,1.208099,-0.065767,0.770281,1.200229,-0.033082,0.770710,1.221946,-0.047138,0.736803,1.218294,-0.063650,0.719306,1.206885,-0.015541,0.766383,1.203730,-0.028736,0.730221,1.195867,-0.045276,0.717745,1.179864,-0.001270,0.764153,1.188257,-0.013089,0.730088,1.178070,-0.028453,0.724679,1.161895,0.009579,0.767193,1.169511,-0.001515,0.738646,1.157686,-0.015403,0.728119,1.143089,,,
80,2.667,-0.315315,0.955336,1.197568,-0.434651,0.956896,1.185647,-0.195979,0.953776,1.209490,-0.442240,0.520050,1.274757,-0.143866,0.589912,1.461917,-0.425837,0.120982,1.157544,-0.148906,0.260052,1.208086,-0.313413,1.072504,1.193858,-0.316870,1.286851,1.196861,-0.316848,1.529201,1.209725,-0.318419,1.628105,1.241615,-0.352075,1.476951,1.211418,-0.281371,1.477253,1.205708,-0.486530,1.417243,1.237653,-0.143729,1.421046,1.201747,-0.548902,1.135201,1.268503,-0.075778,1.140182,1.165941,-0.531837,0.894923,1.416591,-0.016952,0.864824,1.191983,-0.453207,0.033452,1.311412,-0.123247,0.108457,1.299993,,,,,,,,,,-0.512747,0.888508,1.431357,-0.479332,0.848134,1.441426,-0.463934,0.815751,1.442600,-0.496711,0.812533,1.451807,-0.478106,0.781396,1.445105,-0.461759,0.763871,1.433509,-0.515523,0.804681,1.436227,-0.497768,0.772851,1.421551,-0.483732,0.756481,1.406714,-0.531081,0.799524,1.422835,-0.515243,0.769540,1.406901,-0.502653,0.758115,1.391471,-0.544390,0.799791,1.405481,-0.529659,0.774734,1.390212,-0.516731,0.764039,1.374885,-0.031591,0.854214,1.209209,-0.063118,0.811204,1.211269,-0.072845,0.778263,1.200897,-0.037930,0.774700,1.218426,-0.054370,0.742097,1.213196,-0.073142,0.726739,1.202210,-0.022932,0.771419,1.197869,-0.039252,0.737020,1.188175,-0.058311,0.727173,1.173172,-0.010724,0.770100,1.180629,-0.025798,0.737949,1.168674,-0.043252,0.735070,1.154045,-0.001949,0.774539,1.161092,-0.016048,0.747958,1.147959,-0.032139,0.739699,1.134187,,,
81,2.700,-0.314912,0.962353,1.252825,-0.434140,0.964654,1.239977,-0.195684,0.960052,1.265672,-0.433769,0.520661,1.281250,-0.148856,0.619015,1.549104,-0.423794,0.123868,1.155875,-0.152308,0.244969,1.366509,-0.312319,1.079525,1.249741,-0.316035,1.293843,1.254197,-0.312255,1.536066,1.268770,-0.310870,1.634717,1.301443,-0.348052,1.484260,1.271682,-0.277680,1.483702,1.262784,-0.482134,1.426924,1.304336,-0.141228,1.425666,1.251250,-0.548939,1.148278,1.352119,-0.080796,1.146652,1.193949,-0.499679,0.929631,1.524519,-0.024708,0.869545,1.199046,-0.449815,0.035920,1.309739,-0.124654,0.125229,1.496831,,,,,,,,,,-0.478724,0.926158,1.537652,-0.442086,0.889050,1.548994,-0.424449,0.858040,1.552803,-0.456085,0.854524,1.565999,-0.436429,0.823600,1.561762,-0.420340,0.805308,1.551021,-0.476016,0.843781,1.553932,-0.458085,0.810965,1.541876,-0.444775,0.793250,1.527944,-0.492635,0.836148,1.543276,-0.476984,0.804766,1.530086,-0.465520,0.791689,1.515097,-0.507781,0.833428,1.527733,-0.493421,0.807051,1.514467,-0.481667,0.794803,1.499356,-0.038500,0.857927,1.216321,-0.072369,0.816687,1.216733,-0.084919,0.785627,1.203883,-0.049001,0.778333,1.217808,-0.067948,0.747519,1.210590,-0.088531,0.734595,1.199716,-0.035996,0.776502,1.195768,-0.055249,0.744331,1.184024,-0.076081,0.737265,1.169832,-0.025367,0.776410,1.177464,-0.043478,0.746680,1.163607,-0.062244,0.746422,1.150388,-0.017984,0.782464,1.157785,-0.034808,0.758265,1.143322,-0.052499,0.752446,1.130285,,,
82,2.733,-0.313409,0.965275,1.307413,-0.432564,0.968273,1.294048,-0.194254,0.962276,1.320778,-0.428590,0.522389,1.292148,-0.157588,0.636008,1.622502,-0.421988,0.129527,1.154744,-0.150722,0.230271,1.529800,-0.310256,1.082460,1.305590,-0.314909,1.296697,1.312426,-0.306701,1.538638,1.329625,-0.302900,1.636942,1.363142,-0.343156,1.487352,1.333451,-0.273239,1.485829,1.321575,-0.476717,1.432496,1.371970,-0.138229,1.426451,1.302423,-0.549504,1.158488,1.435304,-0.086435,1.150819,1.224138,-0.465890,0.963678,1.622422,-0.035476,0.873003,1.210643,-0.446635,0.041101,1.308559,-0.122361,0.143068,1.683675,,,,,,,,,,-0.443601,0.962812,1.633650,-0.404628,0.928801,1.646779,-0.385221,0.899416,1.653638,-0.415524,0.897176,1.670409,-0.395209,0.866421,1.668961,-0.379600,0.847022,1.659536,-0.436149,0.884209,1.662365,-0.418194,0.850299,1.653913,-0.405624,0.830868,1.641685,-0.453458,0.874609,1.654865,-0.438018,0.841829,1.645334,-0.427614,0.826731,1.631516,-0.469981,0.869100,1.641635,-0.455884,0.841250,1.631456,-0.445142,0.826955,1.617429,-0.048551,0.860041,1.227515,-0.084103,0.820274,1.225917,-0.098926,0.791312,1.210788,-0.062436,0.781214,1.221110,-0.083435,0.752341,1.211836,-0.105346,0.741693,1.201090,-0.051067,0.781380,1.198110,-0.072582,0.751544,1.184308,-0.094645,0.746985,1.170974,-0.041733,0.782942,1.179177,-0.062225,0.755754,1.163532,-0.081861,0.757759,1.151813,-0.035457,0.790879,1.159787,-0.054466,0.769156,1.144148,-0.073320,0.765540,1.131973,,,
83,2.767,-0.311697,0.964868,1.363788,-0.430690,0.970325,1.349766,-0.192705,0.959412,1.377809,-0.428622,0.526808,1.303709,-0.171882,0.629359,1.676915,-0.422789,0.138526,1.153820,-0.148149,0.213892,1.686242,-0.306329,1.081987,1.363804,-0.313300,1.296102,1.372293,-0.299929,1.537591,1.392370,-0.294298,1.635458,1.426891,-0.337160,1.486925,1.396917,-0.267790,1.484302,1.382336,-0.470013,1.434639,1.441051,-0.134529,1.423713,1.356052,-0.549534,1.166900,1.520936,-0.092761,1.152311,1.259201,-0.436171,0.993804,1.713658,-0.048257,0.874662,1.229357,-0.446045,0.048263,1.306783,-0.120092,0.161760,1.855302,,,,,,,,,,-0.412954,0.994998,1.722780,-0.372163,0.963963,1.737643,-0.351109,0.936605,1.747411,-0.380147,0.936565,1.767016,-0.359368,0.906155,1.769032,-0.344198,0.885540,1.761702,-0.401092,0.922266,1.763126,-0.383078,0.887590,1.759030,-0.371107,0.866475,1.749236,-0.418766,0.911408,1.758917,-0.403432,0.877620,1.753716,-0.393906,0.860491,1.741759,-0.436266,0.903647,1.748338,-0.422235,0.874684,1.741840,-0.412276,0.858361,1.729558,-0.060515,0.860345,1.245740,-0.097509,0.821998,1.242743,-0.114608,0.795224,1.226067,-0.077688,0.783079,1.232222,-0.100683,0.756310,1.221488,-0.123811,0.747855,1.211360,-0.068046,0.785382,1.208558,-0.091673,0.757930,1.193334,-0.114810,0.755559,1.181319,-0.060083,0.788696,1.189229,-0.082825,0.764098,1.172447,-0.103186,0.768027,1.162601,-0.054969,0.798481,1.170348,-0.075962,0.779136,1.154134,-0.095812,0.777335,1.143202,,,
84,2.800,-0.310301,0.960359,1.422364,-0.429048,0.968060,1.407344,-0.191555,0.952659,1.437383,-0.430329,0.529501,1.326736,-0.180587,0.603308,1.714269,-0.423770,0.150635,1.154454,-0.148565,0.198721,1.806724,-0.302982,1.077353,1.424480,-0.311294,1.291386,1.433796,-0.294259,1.532484,1.455707,-0.287600,1.630038,1.490927,-0.331989,1.482248,1.460865,-0.263108,1.478896,1.444253,-0.463465,1.430865,1.509909,-0.131311,1.417946,1.412082,-0.548576,1.170527,1.606708,-0.098337,1.150669,1.301359,-0.408281,1.017476,1.798666,-0.059133,0.873887,1.258759,-0.446346,0.057385,1.305718,-0.121826,0.182996,1.983144,,,,,,,,,,-0.384785,1.020646,1.806508,-0.342664,0.993364,1.824660,-0.319938,0.968964,1.837903,-0.348831,0.971120,1.858490,-0.327140,0.942082,1.865339,-0.311572,0.920845,1.861409,-0.369518,0.955955,1.857894,-0.350684,0.921511,1.859509,-0.338420,0.899242,1.853284,-0.387040,0.944193,1.856276,-0.370981,0.910345,1.856684,-0.361374,0.891548,1.847657,-0.404706,0.934422,1.847861,-0.390031,0.905110,1.846016,-0.379987,0.887122,1.836422,-0.070631,0.858438,1.274658,-0.108878,0.821403,1.270976,-0.128010,0.796627,1.253441,-0.091023,0.783139,1.255634,-0.115810,0.758337,1.244187,-0.139926,0.751719,1.235046,-0.083006,0.787348,1.231628,-0.108492,0.762034,1.215712,-0.132469,0.761394,1.205222,-0.076328,0.792209,1.212140,-0.101054,0.769929,1.194932,-0.121917,0.775324,1.187021,-0.072264,0.803539,1.193878,-0.095002,0.786264,1.177680,-0.115645,0.785909,1.168165,,,
85,2.833,-0.310026,0.951106,1.483740,-0.428627,0.959930,1.468197,-0.191425,0.942281,1.499283,-0.427355,0.531756,1.343706,-0.178780,0.562792,1.733078,-0.425114,0.158276,1.159936,-0.152367,0.179862,1.894108,-0.301894,1.067986,1.488049,-0.308474,1.281997,1.499077,-0.289859,1.522853,1.522331,-0.282711,1.620279,1.557807,-0.327753,1.472770,1.527771,-0.259173,1.469190,1.510003,-0.458042,1.421369,1.579869,-0.128390,1.408679,1.473198,-0.547441,1.168486,1.691440,-0.102088,1.144688,1.353196,-0.387992,1.029922,1.879405,-0.066348,0.869185,1.300456,-0.446633,0.061917,1.309395,-0.132056,0.181180,2.072075,,,,,,,,,,-0.364653,1.035295,1.886479,-0.321332,1.013019,1.908276,-0.296816,0.992629,1.924718,-0.326459,0.996003,1.945173,-0.303359,0.969815,1.957053,-0.286626,0.949107,1.956946,-0.346446,0.980030,1.947082,-0.326069,0.947258,1.954461,-0.312745,0.924856,1.952067,-0.363426,0.967398,1.947434,-0.345888,0.934854,1.953518,-0.335397,0.915256,1.947772,-0.380646,0.955677,1.940764,-0.364756,0.927091,1.943641,-0.353942,0.908217,1.937060,-0.077185,0.852578,1.315635,-0.116174,0.816427,1.311056,-0.136743,0.793410,1.292767,-0.099832,0.779400,1.291558,-0.125785,0.756134,1.279485,-0.150523,0.750768,1.271227,-0.093109,0.785534,1.267570,-0.119813,0.761954,1.251003,-0.144333,0.762489,1.241849,-0.087457,0.791952,1.248208,-0.113526,0.771558,1.230648,-0.134705,0.777881,1.224448,-0.084242,0.804742,1.230759,-0.108247,0.789209,1.214625,-0.129436,0.789988,1.206427,,,
86,2.867,-0.306654,0.936877,1.542367,-0.425326,0.945068,1.527023,-0.187982,0.928687,1.557710,-0.419587,0.528745,1.367413,-0.178436,0.550150,1.793191,-0.425474,0.168148,1.159571,-0.157088,0.163096,1.944839,-0.299173,1.053792,1.546912,-0.303838,1.267786,1.559188,-0.284288,1.508432,1.583798,-0.276523,1.605817,1.619260,-0.322283,1.458429,1.589259,-0.253875,1.454758,1.570858,-0.452362,1.407761,1.642585,-0.123944,1.394236,1.531169,-0.544444,1.160108,1.763329,-0.101789,1.131827,1.406934,-0.377477,1.027218,1.948849,-0.067837,0.857635,1.346712,-0.446072,0.062059,1.302423,-0.137179,0.151367,2.122468,,,,,,,,,,-0.354326,1.034287,1.954986,-0.309834,1.016248,1.978290,-0.284643,0.998354,1.996521,-0.313814,1.002899,2.016802,-0.289602,0.978547,2.030270,-0.272213,0.958425,2.031500,-0.333053,0.986361,2.020630,-0.311192,0.955243,2.030504,-0.296991,0.933266,2.029866,-0.349451,0.973113,2.022521,-0.330409,0.942020,2.031148,-0.319179,0.922436,2.026969,-0.366203,0.960041,2.017340,-0.348921,0.932652,2.022738,-0.337295,0.913741,2.017867,-0.078444,0.839933,1.360775,-0.118098,0.804789,1.354421,-0.139613,0.783642,1.334996,-0.102935,0.769353,1.331341,-0.129581,0.747516,1.318163,-0.154632,0.743153,1.310263,-0.096873,0.777422,1.307753,-0.124280,0.755540,1.290044,-0.149044,0.757037,1.281686,-0.091733,0.785392,1.288830,-0.118573,0.766851,1.270400,-0.139841,0.773891,1.265394,-0.088871,0.799579,1.272430,-0.113525,0.785684,1.255789,-0.134932,0.787301,1.248310,,,
87,2.900,-0.302099,0.923782,1.601713,-0.421043,0.928942,1.587177,-0.183155,0.918621,1.616248,-0.409879,0.519396,1.411165,-0.178918,0.556496,1.876402,-0.422799,0.178143,1.173167,-0.160988,0.155403,1.986250,-0.297303,1.040902,1.604045,-0.300319,1.254972,1.615475,-0.279310,1.495530,1.639751,-0.270223,1.593019,1.674605,-0.317561,1.445746,1.645433,-0.249257,1.441673,1.626731,-0.448143,1.396650,1.698998,-0.120290,1.379576,1.586336,-0.543558,1.149670,1.818526,-0.098673,1.115728,1.465090,-0.382115,1.014117,2.006985,-0.064963,0.841632,1.404297,-0.444595,0.055480,1.301871,-0.137180,0.113617,2.158800,,,,,,,,,,-0.359083,1.021421,2.013294,-0.314858,1.004096,2.037624,-0.290910,0.985745,2.057038,-0.319337,0.991588,2.076364,-0.295449,0.966765,2.089548,-0.278391,0.946350,2.090561,-0.338562,0.975056,2.080283,-0.316790,0.943906,2.090254,-0.302647,0.921889,2.089684,-0.354932,0.961782,2.082235,-0.335893,0.930749,2.091081,-0.324629,0.911158,2.087028,-0.371556,0.948525,2.077107,-0.354025,0.921409,2.083053,-0.342150,0.902556,2.078576,-0.075922,0.823354,1.417314,-0.116153,0.789318,1.408892,-0.138121,0.769569,1.388526,-0.101522,0.754978,1.383892,-0.128438,0.734375,1.369346,-0.153501,0.730859,1.361074,-0.095239,0.764254,1.360811,-0.122791,0.743741,1.341740,-0.147474,0.745979,1.333312,-0.089896,0.773185,1.342380,-0.116849,0.756056,1.322784,-0.137995,0.763619,1.318028,-0.086733,0.788220,1.326812,-0.111517,0.775581,1.309381,-0.132869,0.777819,1.301906,,,
88,2.933,-0.297943,0.914813,1.664569,-0.417066,0.918108,1.650984,-0.178821,0.911519,1.678153,-0.412389,0.507176,1.477935,-0.170341,0.558529,1.950475,-0.418744,0.196757,1.200693,-0.162374,0.146390,2.008280,-0.294884,1.032004,1.666160,-0.295609,1.246159,1.676307,-0.275048,1.487049,1.697479,-0.263505,1.584716,1.731083,-0.313121,1.437240,1.704067,-0.244955,1.433113,1.684882,-0.443701,1.388788,1.758220,-0.116698,1.369453,1.644659,-0.539391,1.136647,1.866193,-0.088860,1.101438,1.534311,-0.391663,0.991409,2.058644,-0.050421,0.826044,1.482923,-0.446196,0.048723,1.297741,-0.142863,0.078399,2.172848,,,,,,,,,,-0.369150,0.998486,2.066813,-0.326824,0.980405,2.093823,-0.305688,0.960358,2.114765,-0.334122,0.966858,2.131776,-0.311342,0.941511,2.145892,-0.294482,0.920971,2.147511,-0.353586,0.950269,2.133831,-0.332687,0.918630,2.144121,-0.318642,0.896546,2.143717,-0.370059,0.936984,2.134220,-0.351870,0.905607,2.143621,-0.340422,0.886057,2.139894,-0.386268,0.923909,2.127533,-0.369165,0.896585,2.133766,-0.356988,0.877870,2.129527,-0.061954,0.807589,1.495172,-0.101934,0.773870,1.484560,-0.123410,0.754393,1.463423,-0.086434,0.739907,1.459569,-0.113260,0.720219,1.443653,-0.138080,0.717386,1.434441,-0.079203,0.749555,1.436922,-0.106192,0.729715,1.416390,-0.130507,0.732347,1.407053,-0.073098,0.758781,1.418877,-0.099599,0.742376,1.398083,-0.120497,0.750252,1.392772,-0.069264,0.774069,1.403712,-0.093806,0.761912,1.385609,-0.114975,0.764410,1.377708,,,
89,2.967,-0.290627,0.911013,1.726277,-0.409947,0.913267,1.714306,-0.171307,0.908760,1.738247,-0.432089,0.488342,1.580961,-0.156354,0.556285,2.010958,-0.420262,0.219102,1.263734,-0.159959,0.140189,2.021657,-0.288546,1.028229,1.727608,-0.289341,1.242442,1.736449,-0.267428,1.483433,1.754941,-0.253715,1.581193,1.787443,-0.305657,1.433875,1.762455,-0.237727,1.429230,1.742564,-0.436547,1.387002,1.817248,-0.110848,1.362849,1.702371,-0.532045,1.127102,1.905124,-0.076893,1.089866,1.606920,-0.407121,0.960359,2.096293,-0.035366,0.812227,1.572967,-0.444841,0.044305,1.294198,-0.140311,0.058288,2.179746,,,,,,,,,,-0.385549,0.966318,2.107373,-0.346872,0.945458,2.137655,-0.329551,0.922854,2.159477,-0.358647,0.929680,2.173567,-0.338270,0.902788,2.188473,-0.322205,0.881667,2.190629,-0.378516,0.913495,2.172325,-0.359608,0.880663,2.182735,-0.346088,0.858254,2.182419,-0.395165,0.900636,2.169987,-0.378815,0.868242,2.179317,-0.367416,0.848649,2.175672,-0.410750,0.888438,2.160676,-0.394890,0.860315,2.166635,-0.382645,0.841647,2.162381,-0.047865,0.794154,1.584832,-0.087434,0.760585,1.572366,-0.107523,0.740948,1.550046,-0.070715,0.725940,1.549162,-0.097762,0.707536,1.532123,-0.122223,0.705896,1.521734,-0.061930,0.735020,1.526832,-0.088457,0.715913,1.505042,-0.112117,0.719342,1.494376,-0.054571,0.743791,1.509030,-0.080741,0.728055,1.487319,-0.101104,0.736567,1.481008,-0.049600,0.758707,1.493824,-0.073782,0.746669,1.475165,-0.094613,0.749623,1.466555,,,
90,3.000,-0.283809,0.910797,1.785229,-0.403336,0.912756,1.775482,-0.164282,0.908838,1.794977,-0.454093,0.474758,1.709037,-0.143437,0.548527,2.056843,-0.432582,0.256048,1.355531,-0.158184,0.133659,2.026348,-0.282006,1.028016,1.786671,-0.283941,1.242227,1.795362,-0.263499,1.483405,1.813093,-0.249099,1.581219,1.845131,-0.301446,1.433645,1.820702,-0.233453,1.429339,1.800950,-0.432510,1.386653,1.874973,-0.106892,1.361930,1.761470,-0.522915,1.119205,1.943442,-0.064601,1.084941,1.682274,-0.424747,0.924445,2.123406,-0.018948,0.806090,1.671372,-0.447987,0.079978,1.326410,-0.136011,0.048733,2.182496,,,,,,,,,,-0.404515,0.928325,2.137521,-0.370289,0.902816,2.169549,-0.356353,0.877274,2.190539,-0.386681,0.883685,2.201838,-0.369143,0.854497,2.216019,-0.354121,0.832583,2.217732,-0.406661,0.868509,2.196477,-0.390224,0.833983,2.205506,-0.377467,0.811154,2.204417,-0.423231,0.856634,2.190784,-0.408969,0.822812,2.198298,-0.397730,0.803283,2.193891,-0.437891,0.846132,2.178408,-0.423740,0.816827,2.182759,-0.411673,0.798223,2.177782,-0.031510,0.788594,1.684009,-0.069455,0.752927,1.672348,-0.087476,0.731175,1.650224,-0.050641,0.717150,1.652743,-0.077351,0.697871,1.636146,-0.101506,0.695767,1.625143,-0.041016,0.724764,1.630212,-0.066826,0.704285,1.608811,-0.090104,0.707098,1.597169,-0.033030,0.732372,1.612147,-0.058586,0.715095,1.590880,-0.078794,0.723089,1.583485,-0.027731,0.746226,1.596073,-0.051324,0.732468,1.577857,-0.071996,0.734583,1.568638,,,
91,3.033,-0.278610,0.914353,1.840304,-0.398343,0.916040,1.833484,-0.158876,0.912666,1.847125,-0.460608,0.474616,1.843512,-0.134187,0.539903,2.090581,-0.440166,0.286490,1.472764,-0.155372,0.128479,2.031040,-0.277048,1.031574,1.841881,-0.280271,1.245684,1.852479,-0.262638,1.486834,1.873319,-0.248839,1.584444,1.906233,-0.300268,1.436633,1.879460,-0.231776,1.433197,1.861326,-0.432108,1.387754,1.930061,-0.104448,1.366016,1.823982,-0.514376,1.114215,1.982958,-0.055506,1.086255,1.759776,-0.449161,0.888290,2.139994,-0.007705,0.807867,1.773031,-0.457940,0.114032,1.427727,-0.130704,0.043909,2.187006,,,,,,,,,,-0.429971,0.888354,2.155974,-0.399488,0.855484,2.184928,-0.387881,0.826024,2.201797,-0.419175,0.831644,2.211786,-0.403952,0.799365,2.221113,-0.390003,0.776747,2.219486,-0.439279,0.818861,2.202262,-0.425192,0.782325,2.205484,-0.413446,0.759402,2.200830,-0.455823,0.809189,2.193277,-0.443553,0.773825,2.194894,-0.432816,0.754930,2.187491,-0.469877,0.801996,2.178140,-0.457789,0.771476,2.177517,-0.446439,0.753381,2.169757,-0.019051,0.791189,1.787753,-0.054534,0.751953,1.780716,-0.071025,0.726614,1.761394,-0.033385,0.715442,1.765290,-0.059432,0.693216,1.751574,-0.083639,0.688834,1.741387,-0.024317,0.720965,1.741933,-0.049546,0.697210,1.723419,-0.073099,0.697827,1.712009,-0.016880,0.726900,1.723026,-0.041875,0.706149,1.704358,-0.062558,0.712337,1.696557,-0.012539,0.739081,1.705386,-0.035601,0.722121,1.689314,-0.056482,0.722101,1.680328,,,
92,3.067,-0.275822,0.922429,1.894082,-0.395656,0.923727,1.889213,-0.155988,0.921132,1.898952,-0.460720,0.489516,1.967061,-0.133787,0.531808,2.115209,-0.436962,0.296589,1.598988,-0.153854,0.123315,2.037787,-0.274624,1.039652,1.895845,-0.278321,1.253636,1.908604,-0.263163,1.494491,1.934251,-0.251256,1.591698,1.969044,-0.300734,1.443995,1.937767,-0.231441,1.441228,1.922847,-0.434192,1.392749,1.981291,-0.102142,1.375097,1.890772,-0.508305,1.114279,2.018048,-0.047448,1.093225,1.842392,-0.478036,0.863168,2.144469,-0.000855,0.817120,1.881832,-0.460219,0.120883,1.573050,-0.128147,0.038987,2.193717,,,,,,,,,,-0.459266,0.858143,2.160157,-0.431021,0.817431,2.179972,-0.420755,0.784252,2.188969,-0.452420,0.788469,2.199478,-0.438569,0.754283,2.199785,-0.425446,0.732413,2.192153,-0.472834,0.779600,2.186715,-0.460426,0.742961,2.179833,-0.449618,0.721673,2.169106,-0.489566,0.773415,2.175323,-0.478809,0.738427,2.167327,-0.468720,0.721791,2.155139,-0.503546,0.771088,2.158664,-0.493239,0.741184,2.149863,-0.482787,0.725216,2.137524,-0.010718,0.802173,1.899236,-0.043676,0.760199,1.899288,-0.059271,0.731182,1.885069,-0.020523,0.723168,1.888757,-0.045011,0.697208,1.879432,-0.069008,0.689528,1.870820,-0.012397,0.725670,1.864550,-0.036367,0.697792,1.850701,-0.060173,0.695118,1.840145,-0.005819,0.729146,1.844734,-0.029515,0.704098,1.830073,-0.050727,0.707585,1.822020,-0.002715,0.738783,1.825347,-0.024608,0.718052,1.812359,-0.045520,0.715249,1.803895,,,
93,3.100,-0.277139,0.935429,1.947714,-0.396999,0.936496,1.943488,-0.157278,0.934362,1.951940,-0.464292,0.515938,2.075533,-0.143038,0.526176,2.130863,-0.431438,0.284785,1.730929,-0.155085,0.119387,2.043447,-0.276165,1.052650,1.949678,-0.279319,1.266568,1.963645,-0.266495,1.507159,1.992801,-0.257408,1.604019,2.029368,-0.304024,1.456516,1.993622,-0.233989,1.454122,1.982615,-0.439268,1.403559,2.028779,-0.102458,1.389197,1.958030,-0.507050,1.121548,2.045061,-0.043245,1.105663,1.928259,-0.504866,0.854648,2.138414,-0.003865,0.833927,1.995854,-0.452002,0.106864,1.733660,-0.129928,0.035109,2.199493,,,,,,,,,,-0.486654,0.845055,2.152554,-0.460106,0.799630,2.161486,-0.450473,0.765074,2.161988,-0.482820,0.767333,2.172356,-0.469767,0.733901,2.163841,-0.456965,0.714465,2.150912,-0.503150,0.762817,2.157370,-0.491604,0.728946,2.141147,-0.481140,0.710943,2.125289,-0.519758,0.760404,2.144473,-0.509712,0.728490,2.127611,-0.499758,0.715396,2.111593,-0.533372,0.762995,2.127552,-0.523924,0.736143,2.111191,-0.513753,0.723688,2.095132,-0.013744,0.821751,2.015291,-0.045501,0.779333,2.021629,-0.060088,0.747885,2.012374,-0.021057,0.741829,2.017859,-0.043610,0.713080,2.012816,-0.066830,0.702450,2.005279,-0.012392,0.740557,1.993744,-0.034733,0.709583,1.984519,-0.058106,0.703939,1.974166,-0.005413,0.740921,1.973764,-0.027283,0.712452,1.963034,-0.048352,0.713330,1.953964,-0.002089,0.747318,1.953115,-0.022552,0.723755,1.942925,-0.042952,0.718571,1.934336,,,
94,3.133,-0.282202,0.951350,1.999554,-0.402058,0.952226,1.995159,-0.162346,0.950475,2.003949,-0.468771,0.546181,2.166944,-0.156725,0.525027,2.137347,-0.428978,0.259002,1.868267,-0.159028,0.118513,2.047880,-0.281416,1.068574,2.001471,-0.283660,1.282407,2.016838,-0.273080,1.522846,2.048074,-0.266994,1.619534,2.085703,-0.310445,1.472095,2.046678,-0.239935,1.469965,2.039229,-0.447141,1.418265,2.074029,-0.106619,1.406237,2.022317,-0.510999,1.134976,2.066319,-0.043995,1.122075,2.011650,-0.529422,0.859203,2.126023,-0.016848,0.856983,2.106253,-0.448784,0.085935,1.910001,-0.135821,0.034157,2.204187,,,,,,,,,,-0.511975,0.846221,2.138299,-0.486342,0.799419,2.137545,-0.476400,0.765588,2.130929,-0.509868,0.765963,2.139663,-0.496811,0.734516,2.125478,-0.483516,0.717668,2.109724,-0.529541,0.765462,2.123203,-0.517834,0.735419,2.100750,-0.506918,0.720840,2.081952,-0.545570,0.766446,2.109415,-0.535479,0.738411,2.086699,-0.525078,0.728614,2.068729,-0.558373,0.773165,2.093004,-0.548961,0.750491,2.071203,-0.538474,0.741771,2.053024,-0.028859,0.847885,2.126167,-0.061233,0.806525,2.135617,-0.074781,0.773793,2.129923,-0.036618,0.769271,2.140569,-0.057683,0.739078,2.138287,-0.079646,0.726271,2.130379,-0.025326,0.764335,2.118066,-0.046212,0.731649,2.111823,-0.068250,0.723698,2.100142,-0.016166,0.761643,2.099175,-0.036126,0.731010,2.090984,-0.056015,0.729615,2.079607,-0.010547,0.764746,2.078266,-0.029381,0.739315,2.069526,-0.048528,0.732268,2.059500,,,
95,3.167,-0.288911,0.966458,2.055077,-0.408743,0.967021,2.050016,-0.169079,0.965895,2.060138,-0.471640,0.571788,2.246656,-0.168702,0.527447,2.141351,-0.433481,0.224638,2.020173,-0.164194,0.119916,2.056721,-0.288422,1.083689,2.056540,-0.289969,1.297362,2.074069,-0.281835,1.537673,2.106987,-0.278412,1.634335,2.145015,-0.318853,1.486740,2.103917,-0.248103,1.485011,2.099102,-0.456155,1.431547,2.124737,-0.113448,1.422845,2.087989,-0.517178,1.149835,2.088621,-0.046914,1.139423,2.093426,-0.547271,0.869898,2.114782,-0.034137,0.882821,2.211545,-0.458263,0.069152,2.105589,-0.143367,0.035163,2.213148,,,,,,,,,,-0.530511,0.854810,2.125511,-0.504396,0.808937,2.117658,-0.493286,0.776941,2.105826,-0.527658,0.775721,2.111932,-0.513763,0.746065,2.094960,-0.499319,0.731084,2.078353,-0.546230,0.778355,2.094428,-0.533286,0.751705,2.068622,-0.521222,0.739821,2.048664,-0.561351,0.781940,2.080058,-0.550414,0.757240,2.054096,-0.539120,0.749889,2.035507,-0.573145,0.791645,2.064403,-0.562786,0.773084,2.039380,-0.551426,0.767619,2.020470,-0.048923,0.876595,2.230682,-0.082556,0.836598,2.241503,-0.095392,0.803192,2.238933,-0.059118,0.800883,2.255408,-0.079314,0.770018,2.255222,-0.099830,0.755385,2.246625,-0.044755,0.792835,2.235730,-0.064551,0.759128,2.231790,-0.084726,0.748990,2.218542,-0.033006,0.787509,2.218949,-0.051403,0.755429,2.212926,-0.069448,0.751742,2.199225,-0.024440,0.787559,2.198824,-0.041735,0.760676,2.191340,-0.059187,0.751779,2.179806,,,
96,3.200,-0.294564,0.977484,2.098156,-0.414446,0.978422,2.094551,-0.174682,0.976546,2.101761,-0.468682,0.586493,2.300178,-0.176847,0.531692,2.132303,-0.435560,0.192042,2.171433,-0.170367,0.125413,2.041978,-0.293735,1.094687,2.101072,-0.294835,1.308261,2.119798,-0.290772,1.548769,2.152018,-0.289763,1.645570,2.189833,-0.327019,1.497340,2.148125,-0.256146,1.496532,2.145263,-0.464699,1.441180,2.163013,-0.120200,1.436531,2.139033,-0.522639,1.163214,2.101634,-0.044824,1.156118,2.160730,-0.555551,0.882392,2.104941,-0.040451,0.909809,2.299556,-0.463975,0.065179,2.294659,-0.149192,0.041500,2.198810,,,,,,,,,,-0.539129,0.867103,2.115905,-0.509967,0.823383,2.106623,-0.495820,0.793180,2.093402,-0.530761,0.789871,2.095585,-0.513819,0.762143,2.078130,-0.497032,0.749035,2.062155,-0.547664,0.793342,2.076598,-0.531075,0.769429,2.050203,-0.516594,0.759702,2.030690,-0.561492,0.797611,2.061153,-0.547160,0.775472,2.034541,-0.533883,0.770031,2.016618,-0.572215,0.808235,2.045325,-0.558756,0.792396,2.019909,-0.545467,0.789089,2.001772,-0.056761,0.903800,2.317487,-0.090897,0.863709,2.326171,-0.103356,0.830189,2.323246,-0.068463,0.828460,2.342680,-0.088496,0.797523,2.341219,-0.108154,0.782685,2.331103,-0.052425,0.820185,2.324443,-0.071789,0.786388,2.319309,-0.090744,0.776037,2.304514,-0.039257,0.814661,2.308820,-0.056984,0.782403,2.301814,-0.073796,0.778424,2.286699,-0.029016,0.814421,2.289495,-0.045553,0.787342,2.281065,-0.061959,0.778192,2.268263,,,
97,3.233,-0.298806,0.980193,2.150606,-0.418708,0.980365,2.147602,-0.178904,0.980021,2.153610,-0.460436,0.581053,2.341616,-0.178512,0.534158,2.147422,-0.437379,0.165447,2.339797,-0.174038,0.131025,2.043850,-0.298745,1.097356,2.154898,-0.298481,1.310844,2.174614,-0.298793,1.551468,2.206212,-0.300013,1.648434,2.243599,-0.334182,1.499537,2.201253,-0.263249,1.499695,2.200793,-0.471926,1.442189,2.209576,-0.125681,1.443168,2.200704,-0.522881,1.169291,2.124021,-0.038783,1.168022,2.239785,-0.555471,0.889096,2.104424,-0.047606,0.936386,2.401734,-0.470638,0.076088,2.491437,-0.151797,0.047483,2.200733,,,,,,,,,,-0.539623,0.873696,2.116056,-0.507914,0.831707,2.107147,-0.491229,0.802936,2.093691,-0.526105,0.798295,2.091983,-0.506465,0.772303,2.074684,-0.487681,0.760800,2.059728,-0.541142,0.802418,2.071607,-0.521009,0.780821,2.045685,-0.504243,0.772861,2.027229,-0.553511,0.807212,2.055114,-0.535705,0.787335,2.028815,-0.520491,0.783512,2.012051,-0.563013,0.818475,2.038951,-0.546388,0.804774,2.014175,-0.531189,0.803100,1.997362,-0.065687,0.930644,2.417973,-0.099923,0.890192,2.424258,-0.111929,0.856500,2.421413,-0.078874,0.855949,2.444324,-0.098577,0.824933,2.441103,-0.116892,0.809842,2.429029,-0.060800,0.847402,2.428244,-0.079272,0.813339,2.421752,-0.096365,0.802510,2.405144,-0.045910,0.841632,2.414352,-0.062678,0.809124,2.406233,-0.077709,0.804706,2.389455,-0.033607,0.840966,2.396280,-0.049220,0.813624,2.386982,-0.064217,0.804084,2.372809,,,
98,3.267,-0.302070,0.974207,2.200166,-0.421942,0.970857,2.197926,-0.182198,0.977557,2.202407,-0.455010,0.576487,2.403380,-0.172369,0.532327,2.179899,-0.449281,0.171800,2.500638,-0.171194,0.138424,2.045355,-0.305439,1.091284,2.205379,-0.302375,1.304743,2.225168,-0.307944,1.545413,2.255924,-0.310966,1.642532,2.292804,-0.342238,1.492874,2.249805,-0.271351,1.494236,2.252027,-0.479549,1.433949,2.252013,-0.132399,1.441660,2.258986,-0.519486,1.166607,2.145605,-0.033351,1.174437,2.318691,-0.548336,0.888375,2.104256,-0.051454,0.957010,2.498575,-0.485423,0.121886,2.668829,-0.148951,0.052307,2.200839,,,,,,,,,,-0.533518,0.872734,2.116882,-0.500053,0.831789,2.109694,-0.481216,0.803979,2.097088,-0.515680,0.798803,2.091122,-0.493756,0.773932,2.074953,-0.473226,0.763421,2.061656,-0.528466,0.803606,2.069402,-0.505159,0.783558,2.044935,-0.486307,0.776732,2.028110,-0.539044,0.808944,2.051864,-0.518010,0.790645,2.026835,-0.500964,0.787880,2.011705,-0.546962,0.820780,2.035263,-0.527358,0.808554,2.011936,-0.510343,0.807938,1.996883,-0.071168,0.951889,2.513025,-0.105228,0.911118,2.518086,-0.117156,0.877316,2.516487,-0.086038,0.878737,2.542610,-0.105109,0.847421,2.538590,-0.121774,0.831574,2.525170,-0.066116,0.869612,2.529263,-0.083345,0.834925,2.522663,-0.098270,0.822891,2.504838,-0.049651,0.863323,2.517544,-0.065222,0.830229,2.509408,-0.078217,0.824731,2.491301,-0.035364,0.861796,2.501053,-0.049937,0.833866,2.491814,-0.063338,0.823418,2.476714,,,
99,3.300,-0.305041,0.962485,2.255477,-0.424784,0.955646,2.254809,-0.185298,0.969325,2.256146,-0.452494,0.574958,2.485334,-0.166016,0.525855,2.213775,-0.470370,0.189298,2.640930,-0.167995,0.143958,2.048201,-0.311751,1.079394,2.261210,-0.307304,1.292932,2.279858,-0.317430,1.533641,2.309101,-0.321719,1.630899,2.345488,-0.350727,1.480557,2.302229,-0.279969,1.483007,2.306602,-0.487735,1.420960,2.299352,-0.140793,1.432455,2.320556,-0.516679,1.159206,2.176727,-0.033040,1.174816,2.402989,-0.541837,0.884357,2.115242,-0.059197,0.969740,2.595914,-0.508439,0.180151,2.815725,-0.145514,0.054447,2.201722,,,,,,,,,,-0.528154,0.868156,2.128431,-0.493545,0.827977,2.122445,-0.473152,0.801096,2.110251,-0.506725,0.795960,2.100571,-0.482564,0.772830,2.085019,-0.460517,0.763790,2.073145,-0.517304,0.801874,2.077958,-0.491164,0.783899,2.054778,-0.470552,0.778533,2.039565,-0.526121,0.808105,2.059752,-0.502116,0.791988,2.035925,-0.483529,0.790605,2.022518,-0.532481,0.820793,2.043110,-0.510382,0.810339,2.021194,-0.491930,0.810904,2.007939,-0.080078,0.965440,2.608918,-0.113653,0.924369,2.614737,-0.125188,0.890401,2.615438,-0.096223,0.895004,2.643928,-0.114369,0.863036,2.640871,-0.129416,0.845710,2.627367,-0.074957,0.885237,2.633409,-0.090806,0.849621,2.628520,-0.103726,0.835615,2.610569,-0.057340,0.878346,2.623913,-0.071569,0.844302,2.617399,-0.082702,0.836912,2.598733,-0.041537,0.875682,2.609029,-0.054886,0.846712,2.601261,-0.066740,0.834612,2.586100,,,
100,3.333,-0.308894,0.947324,2.314386,-0.428544,0.939127,2.315858,-0.189243,0.955520,2.312914,-0.452879,0.578847,2.577466,-0.164877,0.515450,2.245262,-0.482578,0.202948,2.753765,-0.168898,0.147566,2.050560,-0.316818,1.064128,2.320675,-0.313404,1.277782,2.338166,-0.325527,1.518563,2.366032,-0.330481,1.615978,2.401910,-0.358370,1.465239,2.358845,-0.287716,1.468153,2.364438,-0.495432,1.406111,2.351817,-0.149136,1.417842,2.384046,-0.516549,1.148366,2.219487,-0.036344,1.169492,2.485948,-0.540594,0.877818,2.140872,-0.066548,0.973132,2.687172,-0.520440,0.228013,2.927040,-0.145172,0.056288,2.202847,,,,,,,,,,-0.527661,0.860950,2.153982,-0.492463,0.821288,2.147983,-0.471002,0.795147,2.136014,-0.504006,0.790502,2.123565,-0.477678,0.770555,2.107147,-0.454563,0.764114,2.095614,-0.513173,0.797638,2.100689,-0.484816,0.782766,2.077919,-0.463061,0.779552,2.063724,-0.520862,0.804848,2.082335,-0.494416,0.791822,2.059211,-0.474846,0.792344,2.047218,-0.526242,0.818426,2.066054,-0.502381,0.809860,2.045192,-0.483037,0.811631,2.033396,-0.088012,0.969047,2.699265,-0.120379,0.927244,2.706534,-0.130292,0.892873,2.709322,-0.103707,0.901069,2.739018,-0.120489,0.868260,2.737441,-0.134042,0.849351,2.724490,-0.081504,0.891361,2.730587,-0.095645,0.854813,2.727787,-0.106894,0.838896,2.710310,-0.063107,0.884450,2.722726,-0.075677,0.849452,2.718147,-0.085365,0.840183,2.699514,-0.046344,0.881240,2.709048,-0.058223,0.851224,2.703070,-0.068746,0.837444,2.688368,,,
101,3.367,-0.313812,0.933450,2.375720,-0.433446,0.925481,2.378826,-0.194177,0.941418,2.372615,-0.457405,0.568197,2.644544,-0.169161,0.506681,2.276643,-0.480624,0.192144,2.821486,-0.171422,0.153228,2.056804,-0.321425,1.050267,2.382157,-0.320106,1.263949,2.399593,-0.333283,1.504655,2.427623,-0.339179,1.602098,2.463282,-0.365862,1.451284,2.419628,-0.295352,1.454318,2.426761,-0.502452,1.391732,2.408307,-0.157245,1.404763,2.451073,-0.517157,1.134805,2.273539,-0.042752,1.162106,2.564177,-0.540686,0.868278,2.182080,-0.071281,0.969094,2.768855,-0.513551,0.213362,2.996276,-0.147147,0.055934,2.205232,,,,,,,,,,-0.527900,0.850790,2.194503,-0.492347,0.811697,2.187040,-0.470538,0.786378,2.173984,-0.503232,0.782225,2.160769,-0.476129,0.764409,2.143202,-0.452722,0.759589,2.131466,-0.512007,0.790547,2.138141,-0.482840,0.777849,2.115080,-0.460730,0.776066,2.101186,-0.519391,0.798704,2.120060,-0.492072,0.787763,2.096871,-0.472220,0.789466,2.085465,-0.524546,0.813120,2.104440,-0.500048,0.805929,2.083797,-0.480417,0.808504,2.072640,-0.093002,0.965222,2.780552,-0.124389,0.923068,2.789818,-0.133108,0.888612,2.794731,-0.108046,0.899784,2.824589,-0.123855,0.866458,2.824801,-0.136442,0.846305,2.812787,-0.085314,0.890188,2.817557,-0.098255,0.853095,2.817007,-0.108450,0.835621,2.800393,-0.066483,0.883303,2.810775,-0.077923,0.847712,2.808266,-0.086731,0.836904,2.790031,-0.049200,0.879647,2.797879,-0.060051,0.848939,2.793744,-0.069715,0.833837,2.779768,,,
102,3.400,-0.319741,0.921174,2.439775,-0.439492,0.915193,2.442858,-0.199990,0.927154,2.436693,-0.461053,0.549534,2.697143,-0.178711,0.500136,2.310063,-0.474208,0.166390,2.859288,-0.174274,0.161169,2.068515,-0.325472,1.038194,2.444148,-0.326631,1.252046,2.459361,-0.341834,1.492849,2.485470,-0.349596,1.590518,2.520140,-0.373895,1.439262,2.476848,-0.303644,1.442704,2.486051,-0.509360,1.377771,2.462720,-0.165726,1.395050,2.514825,-0.521164,1.118157,2.332911,-0.050688,1.153469,2.629667,-0.544817,0.852436,2.239165,-0.071607,0.957222,2.832176,-0.497978,0.150310,3.036099,-0.149033,0.051707,2.208039,,,,,,,,,,-0.531968,0.834197,2.250386,-0.497629,0.794684,2.240019,-0.477070,0.769539,2.224779,-0.510179,0.766523,2.213062,-0.484182,0.748980,2.193645,-0.461379,0.744232,2.180750,-0.519619,0.775927,2.191136,-0.491627,0.763465,2.166541,-0.470088,0.761714,2.151773,-0.527499,0.784955,2.173690,-0.501297,0.774373,2.149088,-0.481843,0.776103,2.137019,-0.532915,0.800090,2.158858,-0.509273,0.793081,2.137181,-0.489954,0.795583,2.125476,-0.093286,0.953455,2.843985,-0.123790,0.911131,2.855218,-0.131358,0.876672,2.861751,-0.107085,0.889943,2.891139,-0.122006,0.856296,2.893558,-0.134095,0.835094,2.882915,-0.084124,0.880511,2.884653,-0.096099,0.843128,2.886293,-0.105828,0.824444,2.870749,-0.065121,0.873715,2.878272,-0.075550,0.837730,2.877829,-0.084009,0.825644,2.860242,-0.047711,0.869808,2.865622,-0.057475,0.838560,2.863175,-0.066548,0.822402,2.850006,,,
103,3.433,-0.326823,0.911215,2.507030,-0.446669,0.906632,2.508197,-0.206976,0.915798,2.505862,-0.463522,0.532101,2.749600,-0.189473,0.500798,2.343685,-0.469488,0.139775,2.888554,-0.173633,0.174841,2.085296,-0.331273,1.028336,2.509926,-0.334951,1.242430,2.520693,-0.351091,1.483803,2.540117,-0.361409,1.582049,2.572409,-0.382851,1.429960,2.531994,-0.312888,1.433752,2.543064,-0.517521,1.367106,2.516352,-0.175323,1.387473,2.575539,-0.531342,1.102634,2.396966,-0.062744,1.142516,2.685564,-0.557198,0.833735,2.313421,-0.074589,0.937815,2.880288,-0.492000,0.082519,3.056783,-0.147102,0.043969,2.204689,,,,,,,,,,-0.544265,0.814972,2.323636,-0.511890,0.774550,2.310756,-0.493340,0.749110,2.293555,-0.526957,0.747122,2.284338,-0.502761,0.729119,2.263100,-0.480967,0.723892,2.248729,-0.537428,0.757080,2.263136,-0.511279,0.744071,2.236854,-0.490685,0.741848,2.220853,-0.546078,0.766560,2.246306,-0.521699,0.755518,2.220086,-0.502947,0.756816,2.206903,-0.551918,0.782035,2.231994,-0.529709,0.774436,2.209038,-0.510975,0.776385,2.196321,-0.096234,0.934177,2.892200,-0.126572,0.891949,2.904215,-0.133221,0.857405,2.911278,-0.109733,0.871441,2.940465,-0.124043,0.837741,2.944952,-0.135980,0.815812,2.935700,-0.086750,0.861977,2.934101,-0.098224,0.824556,2.937504,-0.107888,0.805078,2.922925,-0.067734,0.855137,2.927805,-0.077486,0.818977,2.928899,-0.085836,0.806030,2.911882,-0.050333,0.851073,2.915193,-0.059257,0.819514,2.913707,-0.067921,0.802781,2.900989,,,
104,3.467,-0.336512,0.905035,2.571331,-0.456399,0.901638,2.570216,-0.216626,0.908432,2.572445,-0.477286,0.531207,2.817558,-0.191249,0.492738,2.413111,-0.474924,0.125962,2.912603,-0.169958,0.192775,2.125305,-0.339847,1.022219,2.572874,-0.346650,1.236375,2.580391,-0.360557,1.478334,2.593089,-0.372943,1.577206,2.622627,-0.392768,1.424605,2.586058,-0.322900,1.428007,2.597833,-0.527638,1.362120,2.570661,-0.186019,1.380966,2.632051,-0.549895,1.092985,2.463606,-0.079331,1.128145,2.729433,-0.582475,0.820091,2.397105,-0.082223,0.910699,2.910179,-0.498302,0.038476,3.067153,-0.142730,0.033945,2.203522,,,,,,,,,,-0.569480,0.801600,2.407728,-0.537955,0.760270,2.395644,-0.520428,0.734032,2.378569,-0.554077,0.731976,2.370810,-0.530652,0.713109,2.349459,-0.509354,0.707240,2.334600,-0.565022,0.741189,2.349511,-0.539638,0.726920,2.323134,-0.519466,0.723880,2.306734,-0.574031,0.750080,2.332548,-0.550418,0.737724,2.306214,-0.531990,0.738275,2.292531,-0.580089,0.765028,2.317775,-0.558322,0.755961,2.294929,-0.539753,0.756957,2.281863,-0.103876,0.907354,2.922162,-0.135079,0.865623,2.933692,-0.142757,0.831200,2.940282,-0.118495,0.844172,2.969512,-0.133126,0.810716,2.974727,-0.145521,0.788816,2.966026,-0.095765,0.834303,2.962861,-0.107759,0.797080,2.966630,-0.117924,0.777615,2.952379,-0.076943,0.827144,2.956343,-0.087103,0.791103,2.957643,-0.095785,0.778195,2.940763,-0.059708,0.822896,2.943563,-0.068934,0.791433,2.941889,-0.077828,0.774816,2.929179,,,
105,3.500,-0.347722,0.902324,2.632514,-0.467595,0.899547,2.629650,-0.227848,0.905102,2.635377,-0.497741,0.542511,2.895074,-0.180125,0.475653,2.525245,-0.482222,0.127085,2.916139,-0.161475,0.218499,2.198462,-0.350443,1.019534,2.632713,-0.357919,1.233722,2.638512,-0.371855,1.475848,2.647436,-0.385551,1.575057,2.675210,-0.404067,1.422009,2.641306,-0.334179,1.425609,2.652902,-0.538737,1.358481,2.628668,-0.197246,1.378496,2.686812,-0.569982,1.085007,2.535792,-0.092464,1.117791,2.763218,-0.607214,0.808134,2.492090,-0.082621,0.885306,2.923887,-0.508211,0.039664,3.070308,-0.142936,0.040557,2.207351,,,,,,,,,,-0.594206,0.790733,2.504404,-0.563187,0.748076,2.496267,-0.546667,0.720231,2.480810,-0.579900,0.717494,2.474756,-0.557167,0.696318,2.454872,-0.536295,0.688721,2.440193,-0.591090,0.724533,2.452768,-0.566187,0.707380,2.427680,-0.546274,0.702478,2.411415,-0.600282,0.731687,2.435095,-0.577264,0.716301,2.409852,-0.559074,0.715151,2.395891,-0.606444,0.745066,2.418926,-0.584767,0.733186,2.397317,-0.566193,0.732418,2.384243,-0.103945,0.881340,2.936264,-0.134879,0.839063,2.946448,-0.142988,0.804482,2.951524,-0.117356,0.815773,2.980636,-0.131693,0.782051,2.984857,-0.144281,0.760480,2.975626,-0.094829,0.806266,2.972863,-0.106539,0.768857,2.975524,-0.117074,0.749863,2.960912,-0.076201,0.799458,2.965470,-0.086238,0.763359,2.965399,-0.095374,0.751189,2.948213,-0.059326,0.795883,2.952021,-0.068533,0.764509,2.949069,-0.077741,0.748469,2.935850,,,
