frame_id,time_sec,Hips_X,Hips_Y,Hips_Z,LeftUpperLeg_X,LeftUpperLeg_Y,LeftUpperLeg_Z,RightUpperLeg_X,RightUpperLeg_Y,RightUpperLeg_Z,LeftLowerLeg_X,LeftLowerLeg_Y,LeftLowerLeg_Z,RightLowerLeg_X,RightLowerLeg_Y,RightLowerLeg_Z,LeftFoot_X,LeftFoot_Y,LeftFoot_Z,RightFoot_X,RightFoot_Y,RightFoot_Z,Spine_X,Spine_Y,Spine_Z,Chest_X,Chest_Y,Chest_Z,Neck_X,Neck_Y,Neck_Z,Head_X,Head_Y,Head_Z,LeftShoulder_X,LeftShoulder_Y,LeftShoulder_Z,RightShoulder_X,RightShoulder_Y,RightShoulder_Z,LeftUpperArm_X,LeftUpperArm_Y,LeftUpperArm_Z,RightUpperArm_X,RightUpperArm_Y,RightUpperArm_Z,LeftLowerArm_X,LeftLowerArm_Y,LeftLowerArm_Z,RightLowerArm_X,RightLowerArm_Y,RightLowerArm_Z,LeftHand_X,LeftHand_Y,LeftHand_Z,RightHand_X,RightHand_Y,RightHand_Z,LeftToes_X,LeftToes_Y,LeftToes_Z,RightToes_X,RightToes_Y,RightToes_Z,LeftEye_X,LeftEye_Y,LeftEye_Z,RightEye_X,RightEye_Y,RightEye_Z,Jaw_X,Jaw_Y,Jaw_Z,LeftThumbProximal_X,LeftThumbProximal_Y,LeftThumbProximal_Z,LeftThumbIntermediate_X,LeftThumbIntermediate_Y,LeftThumbIntermediate_Z,LeftThumbDistal_X,LeftThumbDistal_Y,LeftThumbDistal_Z,LeftIndexProximal_X,LeftIndexProximal_Y,LeftIndexProximal_Z,LeftIndexIntermediate_X,LeftIndexIntermediate_Y,LeftIndexIntermediate_Z,LeftIndexDistal_X,LeftIndexDistal_Y,LeftIndexDistal_Z,LeftMiddleProximal_X,LeftMiddleProximal_Y,LeftMiddleProximal_Z,LeftMiddleIntermediate_X,LeftMiddleIntermediate_Y,LeftMiddleIntermediate_Z,LeftMiddleDistal_X,LeftMiddleDistal_Y,LeftMiddleDistal_Z,LeftRingProximal_X,LeftRingProximal_Y,LeftRingProximal_Z,LeftRingIntermediate_X,LeftRingIntermediate_Y,LeftRingIntermediate_Z,LeftRingDistal_X,LeftRingDistal_Y,LeftRingDistal_Z,LeftLittleProximal_X,LeftLittleProximal_Y,LeftLittleProximal_Z,LeftLittleIntermediate_X,LeftLittleIntermediate_Y,LeftLittleIntermediate_Z,LeftLittleDistal_X,LeftLittleDistal_Y,LeftLittleDistal_Z,RightThumbProximal_X,RightThumbProximal_Y,RightThumbProximal_Z,RightThumbIntermediate_X,RightThumbIntermediate_Y,RightThumbIntermediate_Z,RightThumbDistal_X,RightThumbDistal_Y,RightThumbDistal_Z,RightIndexProximal_X,RightIndexProximal_Y,RightIndexProximal_Z,RightIndexIntermediate_X,RightIndexIntermediate_Y,RightIndexIntermediate_Z,RightIndexDistal_X,RightIndexDistal_Y,RightIndexDistal_Z,RightMiddleProximal_X,RightMiddleProximal_Y,RightMiddleProximal_Z,RightMiddleIntermediate_X,RightMiddleIntermediate_Y,RightMiddleIntermediate_Z,RightMiddleDistal_X,RightMiddleDistal_Y,RightMiddleDistal_Z,RightRingProximal_X,RightRingProximal_Y,RightRingProximal_Z,RightRingIntermediate_X,RightRingIntermediate_Y,RightRingIntermediate_Z,RightRingDistal_X,RightRingDistal_Y,RightRingDistal_Z,RightLittleProximal_X,RightLittleProximal_Y,RightLittleProximal_Z,RightLittleIntermediate_X,RightLittleIntermediate_Y,RightLittleIntermediate_Z,RightLittleDistal_X,RightLittleDistal_Y,RightLittleDistal_Z,UpperChest_X,UpperChest_Y,UpperChest_Z
0,0.000,-0.093739,0.960892,-3.340856,-0.213429,0.961789,-3.348543,0.025951,0.959995,-3.333170,-0.284826,0.553957,-3.182989,0.028682,0.536209,-3.194495,-0.237380,0.272590,-3.486049,0.028041,0.129663,-3.283846,-0.092985,1.078115,-3.338912,-0.095748,1.291958,-3.323772,-0.085779,1.532416,-3.292475,-0.080398,1.629124,-3.254791,-0.123121,1.481675,-3.294658,-0.052464,1.479518,-3.300552,-0.260404,1.427937,-3.270223,0.081119,1.415661,-3.314634,-0.324654,1.144715,-3.277074,0.143818,1.131531,-3.325701,-0.342782,0.869691,-3.213923,0.169994,0.865598,-3.233208,-0.258268,0.098557,-3.449144,0.047221,0.045316,-3.126990,,,,,,,,,,-0.325611,0.857049,-3.200923,-0.299956,0.810265,-3.199877,-0.289937,0.776267,-3.205440,-0.323515,0.776856,-3.197412,-0.310129,0.745124,-3.210622,-0.296490,0.727952,-3.225719,-0.342815,0.775908,-3.214291,-0.330574,0.745364,-3.235761,-0.319226,0.730364,-3.253964,-0.358530,0.776518,-3.228456,-0.347881,0.747981,-3.250273,-0.337061,0.737788,-3.267771,-0.370963,0.782794,-3.245320,-0.361005,0.759582,-3.266296,-0.350080,0.750412,-3.283989,0.157684,0.856148,-3.213643,0.125184,0.814626,-3.205419,0.111735,0.781999,-3.211895,0.149734,0.777292,-3.200751,0.128621,0.747216,-3.203951,0.106751,0.734634,-3.212457,0.161369,0.772755,-3.223163,0.140551,0.740217,-3.230338,0.118691,0.732514,-3.242508,0.170816,0.770397,-3.241956,0.150922,0.739967,-3.251016,0.131204,0.738828,-3.262715,0.176752,0.773869,-3.262720,0.158014,0.748621,-3.272167,0.139004,0.741779,-3.282588,,,
1,0.033,-0.093739,0.960892,-3.340856,-0.213429,0.961789,-3.348543,0.025951,0.959995,-3.333170,-0.284826,0.553957,-3.182989,0.028682,0.536209,-3.194495,-0.237380,0.272590,-3.486049,0.028041,0.129663,-3.283846,-0.092985,1.078115,-3.338912,-0.095748,1.291958,-3.323772,-0.085779,1.532416,-3.292475,-0.080398,1.629124,-3.254791,-0.123121,1.481675,-3.294658,-0.052464,1.479518,-3.300552,-0.260404,1.427937,-3.270223,0.081119,1.415661,-3.314634,-0.324654,1.144715,-3.277074,0.143818,1.131531,-3.325701,-0.342782,0.869691,-3.213923,0.169994,0.865598,-3.233208,-0.258268,0.098557,-3.449144,0.047221,0.045316,-3.126990,,,,,,,,,,-0.325611,0.857049,-3.200923,-0.299956,0.810265,-3.199877,-0.289937,0.776267,-3.205440,-0.323515,0.776856,-3.197412,-0.310129,0.745124,-3.210622,-0.296490,0.727952,-3.225719,-0.342815,0.775908,-3.214291,-0.330574,0.745364,-3.235761,-0.319226,0.730364,-3.253964,-0.358530,0.776518,-3.228456,-0.347881,0.747981,-3.250273,-0.337061,0.737788,-3.267771,-0.370963,0.782794,-3.245320,-0.361005,0.759582,-3.266296,-0.350080,0.750412,-3.283989,0.157684,0.856148,-3.213643,0.125184,0.814626,-3.205419,0.111735,0.781999,-3.211895,0.149734,0.777292,-3.200751,0.128621,0.747216,-3.203951,0.106751,0.734634,-3.212457,0.161369,0.772755,-3.223163,0.140551,0.740217,-3.230338,0.118691,0.732514,-3.242508,0.170816,0.770397,-3.241956,0.150922,0.739967,-3.251016,0.131204,0.738828,-3.262715,0.176752,0.773869,-3.262720,0.158014,0.748621,-3.272167,0.139004,0.741779,-3.282588,,,
2,0.067,-0.102101,0.975992,-3.286387,-0.221938,0.976591,-3.291312,0.017736,0.975393,-3.281462,-0.285156,0.580087,-3.097349,0.018695,0.538072,-3.194388,-0.246874,0.238767,-3.332505,0.022796,0.130655,-3.279584,-0.101578,1.093223,-3.284874,-0.103190,1.306915,-3.267584,-0.094766,1.547240,-3.234852,-0.091028,1.643907,-3.196865,-0.131827,1.496328,-3.237719,-0.061101,1.494554,-3.242862,-0.269065,1.441283,-3.216103,0.073414,1.432216,-3.254690,-0.330555,1.159286,-3.249062,0.139595,1.148684,-3.251082,-0.359547,0.879616,-3.219073,0.154200,0.891056,-3.135431,-0.271019,0.080760,-3.251656,0.044059,0.045962,-3.123184,,,,,,,,,,-0.342718,0.864737,-3.208163,-0.316709,0.818681,-3.215259,-0.305770,0.786430,-3.226544,-0.340048,0.785378,-3.220105,-0.326271,0.755504,-3.236788,-0.311970,0.740309,-3.253323,-0.358754,0.787667,-3.237514,-0.345984,0.760611,-3.262983,-0.334068,0.748416,-3.282841,-0.373985,0.790967,-3.251836,-0.363178,0.765868,-3.277468,-0.351999,0.758237,-3.296013,-0.385893,0.800356,-3.267598,-0.375675,0.781304,-3.292308,-0.364429,0.775465,-3.311174,0.139730,0.884513,-3.116158,0.106275,0.844338,-3.105448,0.093397,0.810976,-3.108364,0.129933,0.808400,-3.092526,0.109674,0.777578,-3.092947,0.088997,0.763138,-3.101484,0.143967,0.800681,-3.112569,0.124083,0.767057,-3.116768,0.103689,0.757159,-3.129861,0.155436,0.795635,-3.129628,0.136897,0.763686,-3.135904,0.118624,0.760259,-3.149369,0.163669,0.796019,-3.149888,0.146222,0.769278,-3.157523,0.128568,0.760587,-3.168908,,,
3,0.100,-0.107860,0.987499,-3.241833,-0.227739,0.988397,-3.245539,0.012020,0.986602,-3.238126,-0.282840,0.595849,-3.041326,0.010205,0.542169,-3.201941,-0.249105,0.205523,-3.181936,0.016764,0.135748,-3.291622,-0.107067,1.104706,-3.239080,-0.108205,1.318291,-3.220485,-0.103672,1.558780,-3.188187,-0.102375,1.655568,-3.150347,-0.140008,1.507407,-3.191971,-0.069147,1.506495,-3.195086,-0.277652,1.451357,-3.176352,0.066662,1.446250,-3.201928,-0.336091,1.172890,-3.234924,0.141120,1.165455,-3.182089,-0.368814,0.892088,-3.229054,0.146617,0.917948,-3.045449,-0.277003,0.074858,-3.062628,0.038048,0.051762,-3.134843,,,,,,,,,,-0.352349,0.876817,-3.218130,-0.323539,0.832843,-3.227311,-0.309743,0.802430,-3.240421,-0.344645,0.799340,-3.237767,-0.328052,0.771393,-3.255209,-0.311529,0.758078,-3.271287,-0.361751,0.802716,-3.256589,-0.345583,0.778494,-3.282964,-0.331377,0.768529,-3.302560,-0.375736,0.806908,-3.271914,-0.361799,0.784480,-3.298494,-0.348747,0.778830,-3.316518,-0.386585,0.817433,-3.287722,-0.373486,0.801289,-3.313133,-0.360415,0.797745,-3.331384,0.130480,0.911924,-3.027368,0.096389,0.871854,-3.018415,0.083879,0.838348,-3.021287,0.118948,0.836552,-3.002195,0.098885,0.805627,-3.003495,0.079117,0.790813,-3.013431,0.134794,0.828292,-3.020606,0.115368,0.794508,-3.025589,0.096260,0.784182,-3.040203,0.147799,0.822782,-3.036370,0.129985,0.790546,-3.043251,0.113020,0.786599,-3.058204,0.157847,0.822566,-3.055797,0.141213,0.795511,-3.064108,0.124676,0.786389,-3.076762,,,
4,0.133,-0.112232,0.991140,-3.190469,-0.232133,0.991399,-3.193475,0.007671,0.990882,-3.187462,-0.275143,0.592709,-2.998465,0.007786,0.544980,-3.189587,-0.250472,0.177516,-3.014889,0.012436,0.141475,-3.291692,-0.112082,1.108309,-3.186330,-0.111958,1.321807,-3.166723,-0.111769,1.562422,-3.135051,-0.112724,1.659370,-3.097614,-0.147258,1.510546,-3.139875,-0.076327,1.510596,-3.140638,-0.285006,1.453331,-3.130751,0.061078,1.453680,-3.141483,-0.336904,1.179791,-3.213647,0.146798,1.177888,-3.104408,-0.369666,0.899449,-3.230685,0.139716,0.944550,-2.944833,-0.282970,0.083516,-2.865913,0.034635,0.057893,-3.134824,,,,,,,,,,-0.353744,0.884062,-3.219136,-0.322316,0.841879,-3.228130,-0.305918,0.812947,-3.241591,-0.340825,0.808441,-3.242845,-0.321489,0.782255,-3.260195,-0.302927,0.770576,-3.275290,-0.356086,0.812487,-3.263068,-0.336354,0.790633,-3.289083,-0.319843,0.782479,-3.307683,-0.368630,0.817219,-3.279447,-0.351219,0.797091,-3.305818,-0.336220,0.793091,-3.322734,-0.378277,0.828411,-3.295573,-0.362010,0.814474,-3.320454,-0.347023,0.812622,-3.337438,0.121832,0.938789,-2.928383,0.087589,0.898390,-2.921804,0.075524,0.864719,-2.924645,0.108817,0.864029,-2.902133,0.089054,0.833029,-2.905140,0.070566,0.817971,-2.916989,0.126663,0.855500,-2.918475,0.108071,0.821472,-2.924802,0.090746,0.810700,-2.941207,0.141361,0.849748,-2.932578,0.124466,0.817272,-2.940561,0.109215,0.812905,-2.957153,0.153430,0.849120,-2.950809,0.137696,0.821810,-2.959999,0.122524,0.812316,-2.974015,,,
5,0.167,-0.115559,0.986060,-3.140626,-0.235441,0.983102,-3.142888,0.004323,0.989018,-3.138365,-0.269348,0.588118,-2.938755,0.013100,0.543679,-3.159078,-0.261905,0.180990,-2.852413,0.014816,0.148649,-3.290272,-0.118544,1.103152,-3.135517,-0.115781,1.316616,-3.115735,-0.120752,1.557285,-3.084870,-0.123557,1.654388,-3.047930,-0.155174,1.504813,-3.090847,-0.084275,1.506040,-3.088958,-0.292547,1.446064,-3.087892,0.054550,1.453023,-3.082855,-0.333852,1.178039,-3.192036,0.152399,1.184839,-3.025528,-0.363251,0.899517,-3.230976,0.135577,0.965795,-2.847491,-0.297737,0.126489,-2.685584,0.037154,0.062808,-3.134649,,,,,,,,,,-0.348306,0.883907,-3.218462,-0.315024,0.842853,-3.225870,-0.296421,0.814940,-3.238596,-0.330957,0.809808,-3.244075,-0.309283,0.784818,-3.260395,-0.288942,0.774202,-3.273897,-0.344010,0.814531,-3.265653,-0.321054,0.794316,-3.290313,-0.302430,0.787369,-3.307342,-0.354801,0.819804,-3.283081,-0.334125,0.801334,-3.308282,-0.317279,0.798456,-3.323614,-0.362905,0.831574,-3.299639,-0.343631,0.819188,-3.323156,-0.326813,0.818460,-3.338425,0.116045,0.960616,-2.832818,0.081960,0.919887,-2.827592,0.070029,0.886092,-2.829310,0.101398,0.887289,-2.803554,0.082244,0.856011,-2.807468,0.065375,0.840250,-2.820735,0.121120,0.878215,-2.817229,0.103743,0.843597,-2.823807,0.088556,0.831697,-2.841500,0.137413,0.871972,-2.829210,0.121699,0.838943,-2.837334,0.108457,0.833565,-2.855297,0.151477,0.870530,-2.845899,0.136780,0.842663,-2.855134,0.123184,0.832315,-2.870130,,,
6,0.200,-0.118501,0.974953,-3.085961,-0.238264,0.968499,-3.086742,0.001263,0.981407,-3.085180,-0.266440,0.586210,-2.858938,0.019511,0.537689,-3.125351,-0.282759,0.197870,-2.709978,0.017984,0.154358,-3.287581,-0.124839,1.091885,-3.080286,-0.120535,1.305414,-3.061509,-0.130143,1.546123,-3.032086,-0.134274,1.643367,-2.995642,-0.163556,1.493099,-3.038859,-0.092778,1.495428,-3.034760,-0.300609,1.433578,-3.041103,0.046398,1.444650,-3.021652,-0.330894,1.171160,-3.161972,0.153351,1.185865,-2.941806,-0.356591,0.895871,-3.221226,0.128286,0.979402,-2.750219,-0.320873,0.184082,-2.535498,0.040519,0.065212,-3.133855,,,,,,,,,,-0.342774,0.879735,-3.208099,-0.308287,0.839474,-3.214241,-0.288069,0.812491,-3.226501,-0.321763,0.807339,-3.235759,-0.297853,0.784015,-3.251409,-0.275972,0.774814,-3.263465,-0.332601,0.813126,-3.258282,-0.306778,0.794923,-3.281639,-0.286358,0.789398,-3.297054,-0.341625,0.819255,-3.276421,-0.317952,0.802898,-3.300416,-0.299532,0.801365,-3.314036,-0.348164,0.831847,-3.293066,-0.326344,0.821199,-3.315167,-0.308047,0.821638,-3.328640,0.107538,0.975018,-2.737032,0.073922,0.933972,-2.731274,0.062359,0.900009,-2.730816,0.091595,0.904258,-2.702586,0.073351,0.872355,-2.705741,0.058116,0.855189,-2.719237,0.112719,0.894549,-2.713440,0.096725,0.859024,-2.718516,0.083570,0.845231,-2.736461,0.130212,0.887714,-2.723202,0.115840,0.853765,-2.729892,0.104485,0.846582,-2.748504,0.145844,0.885168,-2.738286,0.132364,0.856302,-2.746214,0.120328,0.844380,-2.761373,,,
7,0.233,-0.122266,0.960164,-3.027453,-0.241929,0.952115,-3.026157,-0.002604,0.968213,-3.028749,-0.266538,0.589443,-2.767901,0.021228,0.527694,-3.093614,-0.294675,0.212333,-2.593947,0.017430,0.158152,-3.285155,-0.130056,1.076980,-3.021222,-0.126517,1.290622,-3.003604,-0.138406,1.531396,-2.975580,-0.143269,1.628794,-2.939643,-0.171303,1.478098,-2.982715,-0.100634,1.480961,-2.977293,-0.308369,1.418919,-2.989211,0.038033,1.430621,-2.958380,-0.330450,1.160715,-3.120485,0.150398,1.181184,-2.858685,-0.354738,0.889642,-3.197194,0.120779,0.983844,-2.658335,-0.332557,0.233559,-2.420164,0.041094,0.067067,-3.132742,,,,,,,,,,-0.341718,0.872847,-3.184078,-0.306591,0.833123,-3.190096,-0.285256,0.806900,-3.202107,-0.318339,0.802195,-3.214235,-0.292260,0.781880,-3.230597,-0.269263,0.775144,-3.242199,-0.327674,0.809195,-3.237085,-0.299571,0.793974,-3.259939,-0.277945,0.790520,-3.274272,-0.335497,0.816297,-3.255425,-0.309328,0.802924,-3.278666,-0.289865,0.803237,-3.290839,-0.340991,0.829778,-3.271749,-0.317332,0.821002,-3.292753,-0.298086,0.822641,-3.304729,0.099384,0.979737,-2.646128,0.066894,0.938003,-2.639009,0.056810,0.903664,-2.636456,0.083686,0.911465,-2.606884,0.066757,0.878739,-2.608624,0.053032,0.859999,-2.621640,0.105787,0.901743,-2.615560,0.091464,0.865284,-2.618594,0.080020,0.849573,-2.636130,0.124099,0.894828,-2.623614,0.111350,0.859923,-2.628411,0.101490,0.850859,-2.647054,0.140752,0.891674,-2.637439,0.128713,0.861762,-2.643619,0.118035,0.848163,-2.658377,,,
8,0.267,-0.127028,0.946123,-2.966374,-0.246663,0.938128,-2.963387,-0.007392,0.954118,-2.969361,-0.270529,0.580522,-2.698093,0.017559,0.518703,-3.062225,-0.294432,0.204480,-2.521219,0.015028,0.163568,-3.279333,-0.134674,1.062939,-2.959948,-0.133113,1.276619,-2.942508,-0.146160,1.517334,-2.914490,-0.151933,1.614774,-2.878804,-0.178773,1.463967,-2.922379,-0.108242,1.466989,-2.915453,-0.315427,1.404462,-2.933154,0.029938,1.417350,-2.891732,-0.330915,1.147445,-3.067661,0.144343,1.174052,-2.779924,-0.354609,0.880444,-3.157684,0.115747,0.980654,-2.575620,-0.327831,0.226142,-2.346574,0.039327,0.066937,-3.130476,,,,,,,,,,-0.341804,0.863021,-3.145189,-0.306302,0.823854,-3.152509,-0.284544,0.798436,-3.165457,-0.317281,0.794232,-3.178572,-0.290275,0.776170,-3.196036,-0.266906,0.771164,-3.207769,-0.326109,0.802424,-3.201226,-0.297045,0.789478,-3.224279,-0.274981,0.787533,-3.238224,-0.333535,0.810478,-3.219337,-0.306325,0.799299,-3.242542,-0.286508,0.800870,-3.254028,-0.338719,0.824803,-3.235031,-0.314303,0.817455,-3.255715,-0.294708,0.819939,-3.266956,0.094061,0.976757,-2.563865,0.062579,0.934628,-2.554806,0.053738,0.900171,-2.550127,0.078990,0.911018,-2.520288,0.063080,0.877740,-2.520269,0.050380,0.857719,-2.532386,0.101662,0.901407,-2.527489,0.088596,0.864363,-2.528285,0.078276,0.847056,-2.544997,0.120444,0.894518,-2.534402,0.108884,0.858983,-2.537138,0.099968,0.848341,-2.555419,0.137663,0.890910,-2.547398,0.126701,0.860270,-2.551735,0.116935,0.845309,-2.565792,,,
9,0.300,-0.132808,0.933671,-2.902621,-0.252545,0.927468,-2.899470,-0.013070,0.939874,-2.905772,-0.274225,0.562728,-2.643877,0.008575,0.511892,-3.029044,-0.288431,0.180323,-2.480083,0.012167,0.171272,-3.268269,-0.138748,1.050671,-2.898014,-0.139625,1.264507,-2.882551,-0.154592,1.505301,-2.856220,-0.162129,1.602946,-2.821433,-0.186716,1.451738,-2.864756,-0.116428,1.455134,-2.855818,-0.322318,1.390464,-2.878508,0.021532,1.407266,-2.827607,-0.334498,1.131143,-3.008870,0.136566,1.165567,-2.713010,-0.358195,0.865335,-3.102355,0.114893,0.969668,-2.510243,-0.313106,0.168379,-2.303068,0.037397,0.063113,-3.127730,,,,,,,,,,-0.345345,0.847177,-3.091005,-0.310869,0.807703,-3.101069,-0.290174,0.782534,-3.116081,-0.323247,0.779395,-3.127951,-0.297133,0.761818,-3.147179,-0.274267,0.757061,-3.159958,-0.332626,0.788680,-3.149953,-0.304513,0.776190,-3.174394,-0.282916,0.774434,-3.189077,-0.340462,0.797613,-3.167469,-0.314145,0.786989,-3.191929,-0.294651,0.788715,-3.203935,-0.345859,0.812670,-3.182387,-0.322130,0.805639,-3.203962,-0.302781,0.808149,-3.215615,0.093216,0.965889,-2.498433,0.062621,0.923579,-2.487400,0.054929,0.889114,-2.481042,0.079309,0.902156,-2.451611,0.064290,0.868536,-2.449429,0.052139,0.847445,-2.460220,0.102241,0.892704,-2.458171,0.090159,0.855345,-2.456766,0.080368,0.836792,-2.472426,0.121222,0.885897,-2.464606,0.110679,0.849948,-2.465273,0.102170,0.838001,-2.482931,0.138610,0.882017,-2.477295,0.128722,0.850822,-2.479924,0.119575,0.834778,-2.493180,,,
10,0.333,-0.139712,0.923458,-2.835718,-0.259550,0.918722,-2.834272,-0.019875,0.928195,-2.837163,-0.276815,0.545149,-2.591418,-0.002099,0.511709,-2.995453,-0.283553,0.153767,-2.449863,0.012441,0.184306,-3.252084,-0.144304,1.040570,-2.832658,-0.147702,1.254643,-2.821390,-0.163738,1.495961,-2.801211,-0.173758,1.594147,-2.768642,-0.195535,1.442145,-2.809374,-0.125532,1.445897,-2.798547,-0.330303,1.379443,-2.824783,0.012093,1.399463,-2.766552,-0.343941,1.115486,-2.945325,0.125003,1.154876,-2.656042,-0.369577,0.846918,-3.029996,0.112255,0.951095,-2.460412,-0.306030,0.100929,-2.280190,0.038930,0.055625,-3.130323,,,,,,,,,,-0.356639,0.828217,-3.019678,-0.324033,0.787900,-3.032305,-0.305254,0.762495,-3.049307,-0.338830,0.760386,-3.058785,-0.314434,0.742438,-3.079841,-0.292529,0.737269,-3.094063,-0.349204,0.770279,-3.080064,-0.322856,0.757337,-3.106179,-0.302161,0.755171,-3.122057,-0.357784,0.779707,-3.096960,-0.333207,0.768722,-3.123019,-0.314382,0.770071,-3.136091,-0.363591,0.795143,-3.111326,-0.341229,0.787615,-3.134157,-0.322434,0.789631,-3.146773,0.090614,0.947445,-2.448498,0.060263,0.905207,-2.436548,0.053516,0.870671,-2.429538,0.077110,0.884624,-2.400343,0.062731,0.850926,-2.396075,0.050770,0.829073,-2.405474,0.100086,0.875163,-2.406734,0.088556,0.837742,-2.403517,0.078875,0.818350,-2.418198,0.119096,0.868327,-2.413051,0.109268,0.832183,-2.412119,0.100894,0.819330,-2.429195,0.136490,0.864279,-2.425678,0.127470,0.832752,-2.427263,0.118753,0.816082,-2.440025,,,
11,0.367,-0.149079,0.916853,-2.771081,-0.268964,0.913326,-2.771879,-0.029193,0.920380,-2.770283,-0.289263,0.542426,-2.525193,-0.004777,0.504771,-2.929987,-0.288259,0.138353,-2.425260,0.015945,0.201790,-3.214656,-0.152537,1.034032,-2.769388,-0.158994,1.248186,-2.761503,-0.173153,1.490089,-2.748055,-0.185299,1.588896,-2.718201,-0.205315,1.436344,-2.755189,-0.135431,1.439792,-2.743530,-0.340169,1.373814,-2.770544,0.001547,1.392839,-2.709576,-0.361523,1.105150,-2.878958,0.108983,1.140864,-2.610834,-0.393378,0.832635,-2.947338,0.105260,0.924802,-2.428451,-0.311654,0.054080,-2.268937,0.043246,0.045489,-3.131524,,,,,,,,,,-0.380383,0.814115,-2.936767,-0.348765,0.772887,-2.948957,-0.331130,0.746739,-2.966058,-0.364783,0.744683,-2.973961,-0.341280,0.725913,-2.995313,-0.319933,0.720118,-3.010130,-0.375687,0.753975,-2.995245,-0.350230,0.739848,-3.021628,-0.330018,0.736901,-3.037996,-0.384666,0.762931,-3.012191,-0.360979,0.750721,-3.038528,-0.342521,0.751358,-3.052167,-0.390708,0.777937,-3.026912,-0.368902,0.769033,-3.049785,-0.350321,0.770137,-3.062824,0.083615,0.921424,-2.416461,0.052519,0.879636,-2.404854,0.044963,0.845197,-2.398204,0.069158,0.858294,-2.368994,0.054567,0.824810,-2.363847,0.042217,0.802904,-2.372598,0.091913,0.848470,-2.375627,0.079981,0.811225,-2.371887,0.069863,0.791755,-2.386165,0.110753,0.841347,-2.382132,0.100641,0.805292,-2.380844,0.091986,0.792376,-2.397732,0.127998,0.837119,-2.394904,0.118807,0.805644,-2.396548,0.109932,0.789012,-2.409251,,,
12,0.400,-0.160128,0.913826,-2.709529,-0.280006,0.910982,-2.712137,-0.040250,0.916671,-2.706921,-0.308972,0.552406,-2.448667,0.004929,0.488426,-2.822670,-0.295480,0.137405,-2.419404,0.024876,0.226420,-3.145499,-0.162916,1.031035,-2.709180,-0.170317,1.245219,-2.703187,-0.184245,1.487329,-2.693839,-0.197782,1.586504,-2.665864,-0.216460,1.433502,-2.700052,-0.146568,1.437080,-2.688472,-0.351160,1.370086,-2.712931,-0.009623,1.389977,-2.654598,-0.381464,1.097050,-2.807391,0.095467,1.130079,-2.575902,-0.418252,0.820528,-2.853622,0.104062,0.899180,-2.412893,-0.321260,0.049952,-2.265218,0.044994,0.049221,-3.128709,,,,,,,,,,-0.405244,0.802995,-2.841496,-0.374182,0.760460,-2.850094,-0.357560,0.732787,-2.865748,-0.390845,0.730118,-2.871978,-0.368047,0.709189,-2.892049,-0.347135,0.701781,-2.906768,-0.402016,0.737403,-2.893896,-0.377074,0.720561,-2.919155,-0.357140,0.715862,-2.935454,-0.411194,0.744756,-2.911494,-0.388124,0.729697,-2.936887,-0.369913,0.728736,-2.950835,-0.417348,0.758317,-2.927513,-0.395673,0.746738,-2.949287,-0.377106,0.746161,-2.962379,0.082710,0.895283,-2.400543,0.051757,0.853062,-2.390183,0.043704,0.818494,-2.384932,0.069203,0.829977,-2.355817,0.054839,0.796282,-2.351470,0.042269,0.774671,-2.360632,0.091749,0.820428,-2.363481,0.080013,0.783037,-2.360683,0.069511,0.763988,-2.375247,0.110396,0.813579,-2.370789,0.100350,0.777482,-2.370697,0.091253,0.765227,-2.387843,0.127303,0.809927,-2.384176,0.118096,0.778539,-2.386977,0.108916,0.762432,-2.400133,,,
13,0.433,-0.170559,0.914868,-2.649463,-0.290393,0.912535,-2.653928,-0.050725,0.917200,-2.644999,-0.324367,0.552617,-2.392897,0.013193,0.478134,-2.689355,-0.299816,0.137741,-2.416103,0.028012,0.263670,-3.045795,-0.172810,1.032085,-2.650281,-0.179558,1.246317,-2.645285,-0.192907,1.488506,-2.637231,-0.207044,1.587725,-2.609711,-0.225293,1.434709,-2.642786,-0.155276,1.438213,-2.631961,-0.359842,1.370380,-2.652256,-0.018128,1.390455,-2.599869,-0.399397,1.093310,-2.730083,0.083135,1.123568,-2.542418,-0.439079,0.813981,-2.748951,0.100650,0.879727,-2.400307,-0.327100,0.050374,-2.262127,0.047626,0.089011,-3.080374,,,,,,,,,,-0.426275,0.797589,-2.735130,-0.396227,0.753691,-2.739380,-0.381301,0.724342,-2.753629,-0.413816,0.721523,-2.757630,-0.392158,0.697678,-2.775602,-0.371832,0.687902,-2.789746,-0.425129,0.726623,-2.780086,-0.400981,0.706454,-2.803618,-0.381412,0.699468,-2.819536,-0.434390,0.732217,-2.798278,-0.412359,0.713564,-2.822162,-0.394494,0.710383,-2.836226,-0.440478,0.744085,-2.815612,-0.419161,0.729459,-2.835851,-0.400664,0.726829,-2.848790,0.079648,0.875093,-2.387616,0.048797,0.832380,-2.379145,0.041000,0.797500,-2.375993,0.067120,0.807029,-2.346898,0.052736,0.773141,-2.344603,0.039842,0.752275,-2.354963,0.089385,0.797934,-2.355833,0.077692,0.760434,-2.355042,0.066731,0.742319,-2.370437,0.107775,0.791522,-2.364121,0.097588,0.755521,-2.366131,0.087950,0.744442,-2.383775,0.124265,0.788706,-2.378211,0.114910,0.757551,-2.382648,0.105306,0.742274,-2.396473,,,
14,0.467,-0.179653,0.919347,-2.590973,-0.299376,0.917688,-2.597985,-0.059929,0.921007,-2.583961,-0.334600,0.547184,-2.352386,0.009577,0.481609,-2.553447,-0.303764,0.136218,-2.410866,0.021924,0.293076,-2.924346,-0.181168,1.036565,-2.592834,-0.186506,1.250847,-2.588320,-0.197402,1.493111,-2.578919,-0.210651,1.592239,-2.550645,-0.230423,1.439633,-2.583776,-0.160101,1.442456,-2.574912,-0.365015,1.374926,-2.589208,-0.022540,1.393342,-2.546892,-0.412788,1.094428,-2.647759,0.071660,1.120968,-2.505388,-0.453433,0.814870,-2.635497,0.097884,0.866971,-2.383905,-0.332857,0.049293,-2.256972,0.057338,0.122907,-2.967643,,,,,,,,,,-0.440728,0.799679,-2.620283,-0.411544,0.755000,-2.620541,-0.397968,0.724203,-2.632967,-0.429975,0.721533,-2.635286,-0.409419,0.695157,-2.650854,-0.389669,0.683204,-2.664117,-0.441521,0.724606,-2.657991,-0.418331,0.701412,-2.679625,-0.399234,0.692248,-2.695000,-0.450944,0.728552,-2.676528,-0.429905,0.706804,-2.698623,-0.412403,0.701606,-2.712543,-0.457067,0.738764,-2.694875,-0.436359,0.721678,-2.713773,-0.418111,0.717330,-2.726603,0.077203,0.861459,-2.371038,0.046479,0.818268,-2.364828,0.039790,0.783023,-2.364217,0.065563,0.790682,-2.334945,0.051122,0.756740,-2.334999,0.037935,0.736786,-2.346698,0.087570,0.782232,-2.345073,0.075839,0.744772,-2.346734,0.064469,0.727850,-2.363156,0.105726,0.776415,-2.354266,0.095439,0.740654,-2.358649,0.085348,0.730901,-2.376815,0.121843,0.774598,-2.368940,0.112531,0.743750,-2.375224,0.102655,0.729374,-2.389804,,,
15,0.500,-0.186769,0.927488,-2.533515,-0.306342,0.926565,-2.542843,-0.067196,0.928410,-2.524188,-0.337804,0.538227,-2.325964,-0.000035,0.499039,-2.424375,-0.305602,0.131734,-2.409570,0.009734,0.299451,-2.789523,-0.187458,1.044695,-2.536271,-0.191286,1.259012,-2.531850,-0.199386,1.501281,-2.520084,-0.210226,1.600350,-2.490597,-0.233114,1.448154,-2.523792,-0.162429,1.450252,-2.518228,-0.367754,1.383328,-2.522788,-0.024189,1.399607,-2.497127,-0.421125,1.100135,-2.559434,0.062921,1.123029,-2.470664,-0.458173,0.823633,-2.513287,0.101095,0.861393,-2.370414,-0.335807,0.043939,-2.256384,0.053258,0.127534,-2.814750,,,,,,,,,,-0.444940,0.810020,-2.497064,-0.416241,0.765155,-2.493673,-0.403598,0.732982,-2.503276,-0.435654,0.730547,-2.503803,-0.416154,0.702107,-2.516899,-0.397146,0.688270,-2.529392,-0.448190,0.731278,-2.526177,-0.426359,0.705328,-2.546020,-0.408123,0.694106,-2.561073,-0.458407,0.733302,-2.544603,-0.438502,0.709078,-2.565114,-0.421662,0.702233,-2.579139,-0.465258,0.741526,-2.563677,-0.445650,0.722366,-2.581743,-0.428095,0.716560,-2.594956,0.081264,0.854605,-2.356840,0.051445,0.810593,-2.352181,0.046180,0.775156,-2.354167,0.072550,0.781139,-2.325623,0.058640,0.747008,-2.327089,0.045043,0.727646,-2.339303,0.094023,0.773822,-2.337608,0.082582,0.736428,-2.341402,0.070431,0.720636,-2.358381,0.111677,0.768999,-2.348241,0.101694,0.733444,-2.354573,0.090700,0.724825,-2.372787,0.126931,0.768544,-2.363910,0.117940,0.738039,-2.372063,0.107574,0.724597,-2.387184,,,
16,0.533,-0.190884,0.937977,-2.477741,-0.310365,0.937786,-2.488226,-0.071403,0.938167,-2.467257,-0.333818,0.531609,-2.305735,-0.006322,0.526479,-2.308797,-0.305419,0.127712,-2.402292,-0.003892,0.292527,-2.653070,-0.190773,1.055169,-2.481135,-0.193592,1.269503,-2.476811,-0.199612,1.511766,-2.463712,-0.207491,1.610795,-2.433172,-0.233804,1.458845,-2.465761,-0.162909,1.460521,-2.464079,-0.368446,1.394706,-2.456330,-0.024156,1.408452,-2.451550,-0.424943,1.110083,-2.470038,0.057512,1.129066,-2.443994,-0.451137,0.840397,-2.389180,0.108220,0.861476,-2.367936,-0.335088,0.040514,-2.248662,0.032641,0.117200,-2.649581,,,,,,,,,,-0.436562,0.828792,-2.372551,-0.407682,0.784400,-2.365969,-0.395377,0.751212,-2.371825,-0.427896,0.749006,-2.369953,-0.409259,0.719090,-2.380828,-0.391190,0.703736,-2.392935,-0.442306,0.747049,-2.391090,-0.422141,0.718673,-2.409307,-0.405204,0.705531,-2.424325,-0.454067,0.746848,-2.408687,-0.435559,0.720557,-2.427924,-0.419831,0.712269,-2.442450,-0.462529,0.752678,-2.427995,-0.444621,0.731359,-2.445397,-0.428325,0.723936,-2.459390,0.090077,0.853077,-2.352972,0.061386,0.808236,-2.349216,0.056508,0.773014,-2.354014,0.085583,0.776899,-2.327984,0.072354,0.742547,-2.330321,0.057820,0.723705,-2.342268,0.105671,0.771141,-2.342871,0.094273,0.733984,-2.348614,0.080455,0.719438,-2.365430,0.122088,0.767667,-2.355771,0.112119,0.732482,-2.363922,0.099320,0.725087,-2.381485,0.135521,0.768956,-2.372984,0.126350,0.739061,-2.382986,0.114705,0.726763,-2.398148,,,
17,0.567,-0.191321,0.950209,-2.421948,-0.310752,0.950834,-2.432970,-0.071890,0.949585,-2.410927,-0.326606,0.528200,-2.291682,-0.012515,0.559465,-2.203288,-0.303825,0.126594,-2.398721,-0.015773,0.281964,-2.513524,-0.190362,1.067387,-2.425701,-0.193437,1.281733,-2.422196,-0.196971,1.524054,-2.409281,-0.201910,1.623063,-2.378067,-0.231615,1.471389,-2.409455,-0.160717,1.472534,-2.411445,-0.366253,1.409090,-2.391483,-0.022148,1.418682,-2.407107,-0.425435,1.124808,-2.383058,0.053550,1.137808,-2.419906,-0.434724,0.866400,-2.268627,0.110945,0.865795,-2.368188,-0.332488,0.039773,-2.244687,0.012871,0.110449,-2.470534,,,,,,,,,,-0.418175,0.857055,-2.252428,-0.388025,0.813921,-2.243568,-0.374837,0.780610,-2.245461,-0.407990,0.778282,-2.240655,-0.389896,0.747382,-2.249515,-0.372855,0.730754,-2.261427,-0.424666,0.773597,-2.259582,-0.406164,0.743166,-2.276175,-0.390782,0.728246,-2.291204,-0.438338,0.771114,-2.275548,-0.421416,0.742881,-2.293445,-0.407185,0.733075,-2.308559,-0.449024,0.774395,-2.294347,-0.433034,0.750965,-2.310879,-0.418394,0.741801,-2.325650,0.094681,0.856156,-2.351872,0.065508,0.811570,-2.348861,0.059035,0.777103,-2.356441,0.091396,0.777882,-2.334260,0.077454,0.743915,-2.337778,0.061143,0.726272,-2.349251,0.109210,0.773407,-2.352174,0.096231,0.737124,-2.359838,0.079959,0.724432,-2.375944,0.123708,0.771049,-2.367414,0.112108,0.736852,-2.377410,0.096988,0.731238,-2.393745,0.134815,0.773912,-2.386037,0.123942,0.745213,-2.397696,0.110276,0.734501,-2.412368,,,
18,0.600,-0.190802,0.961648,-2.365356,-0.310154,0.963114,-2.377128,-0.071450,0.960181,-2.353584,-0.318551,0.527404,-2.282690,-0.018363,0.592762,-2.106566,-0.301733,0.128073,-2.398944,-0.023339,0.268539,-2.367560,-0.188995,1.078817,-2.369076,-0.192414,1.293164,-2.366027,-0.192750,1.535513,-2.353158,-0.194645,1.634431,-2.321328,-0.227921,1.483220,-2.351633,-0.157191,1.483609,-2.357008,-0.362402,1.423250,-2.326144,-0.019432,1.427639,-2.360216,-0.424534,1.140924,-2.297483,0.049385,1.146710,-2.393781,-0.410333,0.898617,-2.152428,0.108263,0.871615,-2.365206,-0.329205,0.040627,-2.245046,0.002642,0.113998,-2.280794,,,,,,,,,,-0.391483,0.891909,-2.137483,-0.358420,0.851231,-2.127481,-0.343273,0.818721,-2.126567,-0.376124,0.815590,-2.117811,-0.357604,0.784446,-2.124716,-0.341204,0.766995,-2.136348,-0.394756,0.808041,-2.133753,-0.376963,0.776323,-2.148623,-0.362808,0.760085,-2.163490,-0.410152,0.803142,-2.147426,-0.394239,0.773310,-2.163569,-0.381495,0.762041,-2.178987,-0.423215,0.803706,-2.164959,-0.408388,0.778791,-2.180364,-0.395297,0.768240,-2.195655,0.093476,0.861097,-2.348050,0.062214,0.817898,-2.345909,0.052838,0.784778,-2.356032,0.087552,0.781648,-2.338025,0.071389,0.748883,-2.343099,0.052858,0.733281,-2.354150,0.102833,0.778242,-2.358351,0.086871,0.743627,-2.367870,0.068073,0.733485,-2.383005,0.115269,0.776815,-2.375419,0.100565,0.744432,-2.387207,0.083319,0.741273,-2.402025,0.124264,0.781097,-2.394891,0.110501,0.754282,-2.407906,0.094639,0.745768,-2.421787,,,
19,0.633,-0.190334,0.969072,-2.310130,-0.309581,0.971289,-2.322813,-0.071087,0.966855,-2.297447,-0.310092,0.527825,-2.276211,-0.023506,0.623168,-2.017361,-0.299743,0.130775,-2.400743,-0.027145,0.253299,-2.208272,-0.187820,1.086244,-2.313285,-0.191507,1.300566,-2.308989,-0.188138,1.542807,-2.294603,-0.187064,1.641489,-2.262013,-0.223874,1.490951,-2.291809,-0.153462,1.490487,-2.300390,-0.357999,1.433357,-2.259795,-0.016864,1.432648,-2.311157,-0.424386,1.154300,-2.213862,0.044472,1.153365,-2.366137,-0.378850,0.933097,-2.043713,0.100973,0.876393,-2.358752,-0.325894,0.042874,-2.246875,0.000362,0.129518,-2.081750,,,,,,,,,,-0.358084,0.929300,-2.030372,-0.321821,0.891799,-2.019118,-0.304460,0.860604,-2.015562,-0.336245,0.857118,-2.002797,-0.316738,0.826135,-2.007287,-0.300643,0.807905,-2.018122,-0.356088,0.846678,-2.015269,-0.338216,0.813935,-2.027607,-0.324848,0.796349,-2.041646,-0.372618,0.839307,-2.026243,-0.356988,0.808044,-2.039736,-0.345417,0.795133,-2.054788,-0.387583,0.836910,-2.042013,-0.373216,0.810650,-2.055501,-0.361347,0.798560,-2.070650,0.087101,0.864882,-2.341469,0.053504,0.823423,-2.340884,0.041273,0.792132,-2.353480,0.077115,0.785242,-2.339151,0.058454,0.754208,-2.346165,0.038062,0.741005,-2.357065,0.090333,0.783244,-2.361050,0.071409,0.750804,-2.372587,0.050757,0.743426,-2.386882,0.101129,0.783012,-2.379255,0.083356,0.752992,-2.392923,0.064715,0.752444,-2.406309,0.108651,0.788887,-2.398934,0.092126,0.764408,-2.413271,0.074598,0.758315,-2.426401,,,
20,0.667,-0.188937,0.972441,-2.255461,-0.308107,0.975360,-2.268707,-0.069766,0.969522,-2.242215,-0.304538,0.529477,-2.265824,-0.031806,0.641570,-1.942483,-0.297787,0.136161,-2.401915,-0.025857,0.238321,-2.045527,-0.185848,1.089625,-2.257426,-0.190396,1.303872,-2.250851,-0.182674,1.545850,-2.233943,-0.179123,1.644195,-2.200519,-0.219057,1.494507,-2.230200,-0.149088,1.493088,-2.241782,-0.352673,1.439382,-2.192261,-0.013909,1.433851,-2.260162,-0.424858,1.164827,-2.130628,0.038890,1.157777,-2.336183,-0.345123,0.967291,-1.944679,0.090491,0.879989,-2.347658,-0.322534,0.047793,-2.248082,0.002584,0.147273,-1.893910,,,,,,,,,,-0.322964,0.966137,-1.933220,-0.284277,0.931741,-1.920250,-0.265101,0.902136,-1.913696,-0.295563,0.899758,-1.897295,-0.275360,0.868945,-1.899037,-0.259725,0.849642,-1.908615,-0.316149,0.887019,-1.905791,-0.298247,0.853181,-1.914639,-0.285627,0.833911,-1.927068,-0.333411,0.877622,-1.913648,-0.317999,0.844950,-1.923586,-0.307504,0.830052,-1.937551,-0.349807,0.872412,-1.927154,-0.335726,0.844682,-1.937679,-0.324898,0.830591,-1.951844,0.077352,0.867171,-2.330726,0.041999,0.827218,-2.332098,0.027431,0.798005,-2.346989,0.063883,0.788206,-2.336271,0.043118,0.759097,-2.345327,0.021345,0.748190,-2.356095,0.075421,0.788146,-2.359187,0.054158,0.758032,-2.372773,0.032218,0.753193,-2.386209,0.084887,0.789523,-2.378069,0.064658,0.762034,-2.393531,0.045101,0.763792,-2.405421,0.091269,0.797253,-2.397508,0.072497,0.775242,-2.413030,0.053758,0.771381,-2.425308,,,
21,0.700,-0.187244,0.972404,-2.199286,-0.306265,0.977585,-2.213175,-0.068224,0.967224,-2.185397,-0.304025,0.533589,-2.254353,-0.045479,0.637579,-1.885981,-0.298246,0.144779,-2.402867,-0.022662,0.221962,-1.888191,-0.182124,1.089534,-2.199478,-0.188836,1.303664,-2.191166,-0.176030,1.545210,-2.171408,-0.170585,1.643128,-2.137001,-0.213176,1.494475,-2.166922,-0.143746,1.491971,-2.181240,-0.346101,1.441911,-2.123341,-0.010288,1.431509,-2.206806,-0.424939,1.173436,-2.045267,0.032607,1.159578,-2.301662,-0.314868,0.997928,-1.852817,0.077868,0.881867,-2.329736,-0.321573,0.054723,-2.249792,0.005773,0.165813,-1.720486,,,,,,,,,,-0.291740,0.998895,-1.843449,-0.251175,0.967489,-1.828747,-0.230334,0.939867,-1.819267,-0.259518,0.939592,-1.799947,-0.238830,0.909097,-1.798306,-0.223643,0.888583,-1.805877,-0.280460,0.925422,-1.804296,-0.262504,0.890776,-1.808873,-0.250500,0.869812,-1.818949,-0.298119,0.914689,-1.808872,-0.282824,0.880961,-1.814553,-0.273230,0.864029,-1.826732,-0.315535,0.907167,-1.819758,-0.301541,0.878281,-1.826664,-0.291523,0.862153,-1.839155,0.065536,0.867695,-2.313283,0.028711,0.829174,-2.316119,0.011861,0.802144,-2.332636,0.048760,0.790211,-2.326027,0.025987,0.763193,-2.336610,0.002984,0.754491,-2.346812,0.058578,0.792275,-2.349641,0.035185,0.764543,-2.364717,0.012151,0.761930,-2.376881,0.066680,0.795392,-2.368945,0.044183,0.770494,-2.385613,0.023886,0.774215,-2.395668,0.071906,0.804975,-2.387899,0.051126,0.785357,-2.404058,0.031372,0.783358,-2.415130,,,
22,0.733,-0.185800,0.968330,-2.140970,-0.304584,0.975780,-2.155819,-0.067016,0.960880,-2.126121,-0.305568,0.536539,-2.232625,-0.054804,0.613599,-1.846694,-0.299194,0.156565,-2.402455,-0.022289,0.207077,-1.763349,-0.178696,1.085341,-2.139091,-0.186858,1.299383,-2.129860,-0.170219,1.540528,-2.108157,-0.163656,1.638118,-2.073019,-0.207892,1.490245,-2.103047,-0.138962,1.486971,-2.119471,-0.339505,1.438767,-2.054474,-0.007009,1.426057,-2.151062,-0.424035,1.177565,-1.959511,0.026922,1.158288,-2.260296,-0.286653,1.022323,-1.767206,0.066727,0.881382,-2.301517,-0.321759,0.063643,-2.250987,0.005012,0.187343,-1.587418,,,,,,,,,,-0.263177,1.025268,-1.759218,-0.221221,0.997514,-1.741400,-0.198699,0.972743,-1.728506,-0.227598,0.974683,-1.708003,-0.206038,0.945431,-1.701670,-0.190543,0.924215,-1.705977,-0.248334,0.959604,-1.708954,-0.229631,0.925065,-1.707958,-0.217430,0.902876,-1.714582,-0.265890,0.947935,-1.710853,-0.249952,0.914027,-1.711055,-0.240382,0.895375,-1.720415,-0.283556,0.938379,-1.719512,-0.268988,0.909050,-1.721865,-0.258980,0.891208,-1.731765,0.055159,0.866055,-2.285552,0.017056,0.828864,-2.289150,-0.001857,0.803858,-2.306597,0.035143,0.790507,-2.303979,0.010552,0.765478,-2.315353,-0.013465,0.758655,-2.324604,0.043325,0.794504,-2.327966,0.018040,0.768944,-2.343809,-0.005857,0.768114,-2.354466,0.050133,0.799193,-2.347451,0.025619,0.776649,-2.364618,0.004797,0.781886,-2.372741,0.054297,0.810355,-2.365793,0.031743,0.792846,-2.381998,0.011176,0.792333,-2.391668,,,
23,0.767,-0.185406,0.959611,-2.079932,-0.304032,0.968310,-2.095356,-0.066781,0.950912,-2.064508,-0.303141,0.538766,-2.215039,-0.054214,0.574515,-1.825761,-0.300886,0.164680,-2.397570,-0.024295,0.189025,-1.671599,-0.177362,1.076506,-2.075870,-0.184133,1.290521,-2.065028,-0.165682,1.531404,-2.041930,-0.158570,1.628844,-2.006485,-0.203556,1.481304,-2.036501,-0.134950,1.477749,-2.054177,-0.333952,1.429906,-1.984671,-0.004068,1.417187,-2.090539,-0.422869,1.176160,-1.874687,0.022933,1.152818,-2.209551,-0.265434,1.036036,-1.686181,0.059054,0.877158,-2.261197,-0.322482,0.068677,-2.247894,-0.002651,0.188867,-1.493786,,,,,,,,,,-0.242066,1.041162,-1.679019,-0.198871,1.018287,-1.657595,-0.174548,0.997417,-1.641471,-0.204097,1.000687,-1.620987,-0.181155,0.974126,-1.609635,-0.164562,0.953313,-1.610158,-0.224172,0.984795,-1.619344,-0.203978,0.951776,-1.612583,-0.190786,0.929345,-1.615397,-0.241221,0.972253,-1.619204,-0.223860,0.939505,-1.613729,-0.213484,0.919958,-1.619841,-0.258504,0.960740,-1.626069,-0.242763,0.932024,-1.623702,-0.232051,0.913212,-1.630620,0.048157,0.860675,-2.245927,0.009254,0.824417,-2.250393,-0.011161,0.801198,-2.268600,0.025769,0.787237,-2.269450,-0.000057,0.763794,-2.281452,-0.024733,0.758290,-2.289802,0.032621,0.793159,-2.293455,0.006047,0.769380,-2.309947,-0.018422,0.769787,-2.319243,0.038374,0.799406,-2.312843,0.012447,0.778798,-2.330363,-0.008706,0.785022,-2.336746,0.041669,0.812038,-2.330392,0.017797,0.796310,-2.346533,-0.003341,0.796966,-2.354872,,,
24,0.800,-0.182266,0.945891,-2.020946,-0.300939,0.954153,-2.036250,-0.063594,0.937630,-2.005642,-0.295777,0.536374,-2.192029,-0.053577,0.558962,-1.770391,-0.300993,0.174310,-2.397323,-0.031494,0.172383,-1.617642,-0.174710,1.062802,-2.016429,-0.179582,1.276799,-2.004288,-0.160123,1.517469,-1.979837,-0.152408,1.614858,-1.944377,-0.198104,1.467457,-1.974358,-0.129687,1.463796,-1.992725,-0.328179,1.416707,-1.921100,0.000321,1.403274,-2.032165,-0.419921,1.168461,-1.801319,0.022873,1.140688,-2.155952,-0.253684,1.034965,-1.615580,0.057004,0.866343,-2.215369,-0.321641,0.069256,-2.253715,-0.011445,0.162118,-1.439937,,,,,,,,,,-0.230504,1.041849,-1.609342,-0.186126,1.023329,-1.586199,-0.161000,1.005149,-1.568162,-0.190212,1.009571,-1.547842,-0.166117,0.985008,-1.534547,-0.148802,0.964814,-1.533466,-0.209536,0.993088,-1.544218,-0.187838,0.961772,-1.534614,-0.173737,0.939736,-1.535445,-0.226002,0.979901,-1.542490,-0.207126,0.948633,-1.534139,-0.195983,0.929037,-1.538491,-0.242814,0.966971,-1.547833,-0.225687,0.939433,-1.542709,-0.214156,0.920514,-1.547770,0.046384,0.848756,-2.201172,0.006806,0.813488,-2.207315,-0.014612,0.792128,-2.226612,0.022096,0.777863,-2.230016,-0.004478,0.755860,-2.243065,-0.029498,0.751385,-2.250996,0.028216,0.785720,-2.253660,0.000880,0.763642,-2.271236,-0.023863,0.765033,-2.279673,0.033400,0.793521,-2.272641,0.006638,0.774768,-2.290970,-0.014626,0.781732,-2.296100,0.036288,0.807558,-2.289165,0.011698,0.793477,-2.305745,-0.009690,0.795002,-2.313295,,,
25,0.833,-0.177859,0.932667,-1.961704,-0.296784,0.938165,-1.976271,-0.058934,0.927169,-1.947137,-0.286296,0.527837,-2.150494,-0.053964,0.563133,-1.689678,-0.298449,0.184325,-2.385261,-0.034538,0.163461,-1.575009,-0.172761,1.049770,-1.959129,-0.175954,1.263832,-1.947600,-0.155095,1.504400,-1.923295,-0.146136,1.601878,-1.888377,-0.193314,1.454591,-1.917618,-0.125009,1.450563,-1.936323,-0.323813,1.405319,-1.864009,0.004045,1.388642,-1.976711,-0.418793,1.158265,-1.744290,0.025654,1.124955,-2.098308,-0.256622,1.023008,-1.556243,0.059356,0.850850,-2.159063,-0.320043,0.063397,-2.254891,-0.010783,0.125061,-1.401667,,,,,,,,,,-0.233573,1.030288,-1.549966,-0.189304,1.012886,-1.525771,-0.165203,0.994586,-1.506499,-0.193705,1.000286,-1.487053,-0.169772,0.975518,-1.473849,-0.152674,0.955136,-1.472820,-0.212928,0.983752,-1.483133,-0.191139,0.952608,-1.473183,-0.176989,0.930596,-1.473767,-0.229300,0.970480,-1.481178,-0.210254,0.939443,-1.472365,-0.198994,0.919853,-1.476437,-0.245940,0.957242,-1.486303,-0.228431,0.930097,-1.480426,-0.216585,0.911238,-1.484952,0.048443,0.832633,-2.145923,0.008269,0.798468,-2.154099,-0.013662,0.778563,-2.174351,0.022944,0.764002,-2.178897,-0.003952,0.743259,-2.193281,-0.029019,0.739648,-2.201501,0.029189,0.773146,-2.202042,0.001641,0.752479,-2.220950,-0.023057,0.754635,-2.229358,0.034499,0.781973,-2.220532,0.007545,0.764686,-2.239988,-0.013617,0.772192,-2.244761,0.037619,0.796917,-2.236196,0.012838,0.784138,-2.253529,-0.008524,0.786308,-2.260994,,,
26,0.867,-0.173561,0.923241,-1.899229,-0.292672,0.926740,-1.912859,-0.054449,0.919741,-1.885600,-0.287355,0.515965,-2.086261,-0.046305,0.565725,-1.614604,-0.295835,0.201929,-2.359342,-0.036441,0.154479,-1.551020,-0.170309,1.040425,-1.897560,-0.171284,1.254572,-1.887267,-0.150658,1.495427,-1.865761,-0.139370,1.593077,-1.832021,-0.188749,1.445621,-1.859254,-0.120577,1.441499,-1.878420,-0.319302,1.397099,-1.805098,0.007738,1.378011,-1.918731,-0.414922,1.145513,-1.695776,0.034815,1.110431,-2.030317,-0.265551,1.001380,-1.503764,0.072687,0.835160,-2.082775,-0.322871,0.056416,-2.258441,-0.016103,0.089331,-1.385405,,,,,,,,,,-0.242970,1.008488,-1.495812,-0.200407,0.990502,-1.469112,-0.178936,0.970648,-1.448328,-0.207373,0.977072,-1.431055,-0.184457,0.951788,-1.417049,-0.167569,0.931264,-1.415503,-0.226814,0.960484,-1.428781,-0.205808,0.928903,-1.418530,-0.191751,0.906828,-1.418957,-0.243279,0.947197,-1.428208,-0.224985,0.915861,-1.418872,-0.213556,0.896309,-1.422640,-0.259542,0.934097,-1.434714,-0.242384,0.906799,-1.428518,-0.230240,0.888070,-1.432789,0.061218,0.816727,-2.070433,0.021193,0.782979,-2.080781,-0.000354,0.763476,-2.101822,0.036576,0.748971,-2.105783,0.009724,0.729185,-2.121533,-0.015131,0.726281,-2.130630,0.043693,0.758576,-2.128484,0.016623,0.738665,-2.148841,-0.007739,0.741258,-2.158065,0.049706,0.767768,-2.146577,0.023138,0.751287,-2.167225,0.002211,0.759133,-2.172465,0.053461,0.783028,-2.161790,0.028880,0.770822,-2.179806,0.007687,0.773295,-2.187650,,,
27,0.900,-0.166512,0.918889,-1.837362,-0.285818,0.921257,-1.849451,-0.047207,0.916522,-1.825273,-0.305017,0.497631,-1.987310,-0.032830,0.563997,-1.552597,-0.297699,0.223943,-2.300846,-0.034804,0.148055,-1.536724,-0.164324,1.036103,-1.836005,-0.165105,1.250309,-1.827019,-0.143331,1.491290,-1.808238,-0.129839,1.589042,-1.775618,-0.181539,1.441705,-1.800808,-0.113592,1.437117,-1.820656,-0.312367,1.394655,-1.746018,0.013421,1.371038,-1.860922,-0.407862,1.135545,-1.655839,0.046639,1.098561,-1.958066,-0.280278,0.971198,-1.464352,0.087806,0.821117,-1.993987,-0.323515,0.050845,-2.262681,-0.014975,0.067650,-1.377890,,,,,,,,,,-0.258582,0.977298,-1.453596,-0.219460,0.956771,-1.423662,-0.201689,0.934455,-1.401905,-0.230726,0.941228,-1.387485,-0.210060,0.914516,-1.372653,-0.193895,0.893467,-1.370554,-0.250563,0.924980,-1.388350,-0.231417,0.892287,-1.377943,-0.217829,0.869918,-1.378268,-0.267205,0.912059,-1.390378,-0.250634,0.879782,-1.381029,-0.239223,0.860198,-1.384686,-0.282874,0.899749,-1.399396,-0.266865,0.871718,-1.393401,-0.254625,0.853048,-1.397658,0.075414,0.803005,-1.982069,0.035777,0.769434,-1.994308,0.015510,0.749822,-2.016490,0.052343,0.734857,-2.017723,0.025299,0.716316,-2.034616,0.000786,0.714551,-2.044861,0.060948,0.743998,-2.040098,0.034346,0.724816,-2.061732,0.010603,0.728165,-2.072238,0.068161,0.752817,-2.057936,0.041934,0.737013,-2.079529,0.021507,0.745461,-2.085719,0.073002,0.767773,-2.073145,0.048766,0.755727,-2.091728,0.027891,0.758637,-2.100248,,,
28,0.933,-0.159645,0.918326,-1.778109,-0.279156,0.920317,-1.788042,-0.040133,0.916335,-1.768177,-0.326841,0.483185,-1.862034,-0.019786,0.556883,-1.505094,-0.307415,0.258743,-2.212051,-0.033148,0.141660,-1.531075,-0.157811,1.035545,-1.776681,-0.159615,1.249757,-1.767975,-0.138997,1.490914,-1.750172,-0.124655,1.588723,-1.718091,-0.176972,1.441177,-1.742554,-0.108996,1.436833,-1.762357,-0.307989,1.394200,-1.688155,0.017579,1.369535,-1.801983,-0.398962,1.127521,-1.617475,0.058907,1.092934,-1.883024,-0.297752,0.935780,-1.435961,0.104130,0.814127,-1.896512,-0.324360,0.081866,-2.234707,-0.011146,0.057055,-1.374729,,,,,,,,,,-0.277348,0.939912,-1.422170,-0.242593,0.914934,-1.390292,-0.228269,0.889713,-1.369177,-0.258474,0.896145,-1.357550,-0.240608,0.867209,-1.343261,-0.225464,0.845384,-1.341491,-0.278464,0.880828,-1.362452,-0.261744,0.846485,-1.353248,-0.248898,0.823701,-1.354245,-0.295061,0.868819,-1.367774,-0.280564,0.835148,-1.360040,-0.269306,0.815611,-1.364364,-0.309846,0.858109,-1.379819,-0.295502,0.828927,-1.375275,-0.283416,0.810314,-1.380172,0.091583,0.796564,-1.883953,0.053447,0.761128,-1.895699,0.035177,0.739608,-1.917845,0.072024,0.725460,-1.915722,0.045267,0.706277,-1.932356,0.021071,0.704227,-1.943278,0.081544,0.733236,-1.938242,0.055641,0.712909,-1.959678,0.032313,0.715794,-1.971201,0.089450,0.740973,-1.956288,0.063814,0.723866,-1.977596,0.043583,0.731921,-1.984861,0.094703,0.754948,-1.972272,0.071034,0.741378,-1.990533,0.050338,0.743589,-1.999675,,,
29,0.967,-0.154247,0.921464,-1.722633,-0.273965,0.923183,-1.729717,-0.034529,0.919746,-1.715550,-0.335196,0.481503,-1.728183,-0.010097,0.548322,-1.470029,-0.314837,0.289943,-2.097174,-0.030538,0.136412,-1.526380,-0.152657,1.038685,-1.721072,-0.155735,1.252807,-1.710689,-0.137781,1.493965,-1.690207,-0.123898,1.591600,-1.657402,-0.175442,1.443811,-1.683882,-0.107014,1.440280,-1.702233,-0.307174,1.395139,-1.632801,0.020213,1.373076,-1.739880,-0.390353,1.122223,-1.578137,0.068434,1.093586,-1.805787,-0.321416,0.899469,-1.418189,0.116083,0.815056,-1.795233,-0.332368,0.117021,-2.140495,-0.006064,0.051798,-1.370406,,,,,,,,,,-0.302087,0.899965,-1.402386,-0.271176,0.867864,-1.373025,-0.259316,0.838792,-1.355667,-0.290499,0.844489,-1.345503,-0.275034,0.812496,-1.335610,-0.260983,0.789917,-1.336865,-0.310617,0.831407,-1.354579,-0.296294,0.795028,-1.350694,-0.284456,0.772075,-1.354955,-0.327188,0.821464,-1.363213,-0.314724,0.786205,-1.360929,-0.303952,0.767208,-1.368012,-0.341337,0.813885,-1.378071,-0.329042,0.783441,-1.378129,-0.317632,0.765257,-1.385587,0.104613,0.798269,-1.780734,0.068853,0.759383,-1.788293,0.052181,0.734415,-1.807941,0.089745,0.722927,-1.804191,0.063617,0.701002,-1.818232,0.039407,0.696860,-1.828514,0.098860,0.728690,-1.827471,0.073557,0.705274,-1.846313,0.050025,0.706125,-1.857751,0.106345,0.734819,-1.846297,0.081277,0.714429,-1.865263,0.060638,0.720814,-1.873021,0.110780,0.747198,-1.863775,0.087648,0.730572,-1.880094,0.066780,0.730782,-1.889111,,,
30,1.000,-0.151174,0.929024,-1.668737,-0.271001,0.930367,-1.673759,-0.031347,0.927682,-1.663714,-0.335883,0.494864,-1.603330,-0.008714,0.540100,-1.444396,-0.312728,0.302493,-1.971733,-0.028912,0.131245,-1.519848,-0.149934,1.046247,-1.666996,-0.153573,1.260246,-1.654475,-0.138126,1.501140,-1.629368,-0.125991,1.598394,-1.594788,-0.175705,1.450673,-1.625539,-0.106502,1.447836,-1.640855,-0.308976,1.399680,-1.581153,0.022576,1.381597,-1.673588,-0.384024,1.121704,-1.542590,0.076713,1.099933,-1.723770,-0.349899,0.873009,-1.412432,0.123617,0.823480,-1.687240,-0.335461,0.127052,-1.999832,-0.003225,0.046888,-1.363930,,,,,,,,,,-0.331060,0.868529,-1.396662,-0.302572,0.828540,-1.375751,-0.292177,0.795664,-1.365839,-0.323783,0.800070,-1.355336,-0.309814,0.765956,-1.354012,-0.296633,0.743905,-1.360999,-0.344195,0.790740,-1.367769,-0.331650,0.753956,-1.373536,-0.320777,0.732387,-1.383619,-0.360933,0.784150,-1.378923,-0.350057,0.748974,-1.385862,-0.339933,0.732009,-1.397558,-0.374953,0.781274,-1.395462,-0.364493,0.751173,-1.403368,-0.353977,0.734891,-1.415233,0.113605,0.808312,-1.670114,0.080375,0.766560,-1.670851,0.064673,0.737894,-1.685653,0.103318,0.729557,-1.681926,0.078650,0.703956,-1.691756,0.054618,0.696613,-1.700562,0.111532,0.732405,-1.706065,0.087415,0.704928,-1.720450,0.063624,0.702597,-1.731121,0.118191,0.736165,-1.725801,0.094342,0.711542,-1.740928,0.073176,0.715319,-1.748970,0.121417,0.746100,-1.745018,0.099386,0.725746,-1.758366,0.078468,0.723235,-1.766904,,,
31,1.033,-0.152023,0.941499,-1.615005,-0.271883,0.942592,-1.619238,-0.032163,0.940406,-1.610771,-0.338924,0.520195,-1.493066,-0.016909,0.533892,-1.428161,-0.307285,0.293172,-1.840518,-0.029758,0.127014,-1.515047,-0.151022,1.058720,-1.613063,-0.154230,1.272645,-1.599228,-0.141128,1.513269,-1.570463,-0.131706,1.610169,-1.534089,-0.178668,1.462640,-1.569323,-0.108710,1.460208,-1.580803,-0.313718,1.409865,-1.533161,0.022586,1.395156,-1.606295,-0.382287,1.128185,-1.514601,0.081417,1.111773,-1.638179,-0.377142,0.862737,-1.417307,0.121853,0.839445,-1.573657,-0.328186,0.115271,-1.840985,-0.004397,0.042520,-1.359151,,,,,,,,,,-0.358858,0.853614,-1.402951,-0.332160,0.808543,-1.392762,-0.322497,0.774023,-1.391302,-0.354753,0.776525,-1.380859,-0.341663,0.742877,-1.388411,-0.328865,0.723085,-1.400794,-0.375120,0.771514,-1.395635,-0.363542,0.737195,-1.410862,-0.353083,0.718744,-1.426201,-0.391765,0.768677,-1.408399,-0.381702,0.736288,-1.424320,-0.371771,0.722737,-1.439968,-0.405442,0.770728,-1.425343,-0.395953,0.743421,-1.440907,-0.385788,0.730511,-1.456607,0.112000,0.826940,-1.554417,0.080152,0.784493,-1.548765,0.065476,0.753258,-1.558582,0.104487,0.747003,-1.553294,0.081738,0.718501,-1.558834,0.058431,0.708168,-1.566514,0.113079,0.746152,-1.577455,0.090577,0.715459,-1.587212,0.067151,0.710122,-1.597607,0.120000,0.746865,-1.597445,0.097944,0.718720,-1.608635,0.076848,0.719879,-1.617612,0.123281,0.753632,-1.617983,0.102671,0.730342,-1.628501,0.082210,0.725408,-1.637091,,,
32,1.067,-0.156650,0.957074,-1.563036,-0.276508,0.957972,-1.567349,-0.036790,0.956177,-1.558723,-0.343215,0.550139,-1.399852,-0.030156,0.532391,-1.420179,-0.304322,0.268774,-1.704129,-0.033312,0.125846,-1.509477,-0.155841,1.074298,-1.561114,-0.158177,1.288141,-1.545902,-0.147330,1.528598,-1.514898,-0.140890,1.625306,-1.477380,-0.184719,1.477857,-1.516029,-0.114256,1.475700,-1.523910,-0.321259,1.424120,-1.487738,0.018877,1.411844,-1.541748,-0.385677,1.140898,-1.492776,0.081240,1.127713,-1.554577,-0.402019,0.865874,-1.429138,0.110011,0.861780,-1.462859,-0.324162,0.094740,-1.666651,-0.009723,0.041499,-1.353222,,,,,,,,,,-0.384489,0.853232,-1.416627,-0.358815,0.806448,-1.416304,-0.348956,0.772450,-1.422146,-0.382295,0.773039,-1.413176,-0.369286,0.741307,-1.426757,-0.356078,0.724135,-1.442232,-0.402062,0.772091,-1.429505,-0.390431,0.741547,-1.451311,-0.379600,0.726547,-1.469826,-0.418170,0.772700,-1.443221,-0.408140,0.744163,-1.465330,-0.397817,0.733970,-1.483125,-0.431073,0.778977,-1.459729,-0.421710,0.755765,-1.480977,-0.411288,0.746594,-1.498971,0.098256,0.852330,-1.442955,0.066001,0.810808,-1.433818,0.052375,0.778181,-1.439914,0.090672,0.773475,-1.429844,0.069478,0.743398,-1.432449,0.047377,0.730816,-1.440335,0.101672,0.768937,-1.452575,0.080660,0.736399,-1.459161,0.058466,0.728697,-1.470711,0.110586,0.766580,-1.471627,0.090444,0.736149,-1.480123,0.070405,0.735010,-1.491262,0.115934,0.770051,-1.492549,0.096938,0.744804,-1.501466,0.077642,0.737962,-1.511347,,,
33,1.100,-0.163152,0.972284,-1.507910,-0.282989,0.972883,-1.512834,-0.043315,0.971686,-1.502985,-0.346206,0.576379,-1.318872,-0.042355,0.534365,-1.415910,-0.307925,0.235061,-1.554030,-0.038254,0.126948,-1.501106,-0.162628,1.089515,-1.506397,-0.164240,1.303207,-1.489107,-0.155816,1.543532,-1.456375,-0.152078,1.640199,-1.418388,-0.192877,1.492620,-1.459242,-0.122152,1.490846,-1.464385,-0.330116,1.437576,-1.437626,0.012364,1.428509,-1.476213,-0.391606,1.155578,-1.470584,0.078544,1.144976,-1.472606,-0.420598,0.875909,-1.440594,0.093150,0.887348,-1.356954,-0.332069,0.077052,-1.473182,-0.016991,0.042254,-1.344705,,,,,,,,,,-0.403769,0.861030,-1.429684,-0.377760,0.814973,-1.436779,-0.366820,0.782722,-1.448064,-0.401098,0.781671,-1.441625,-0.387322,0.751796,-1.458309,-0.373021,0.736601,-1.474844,-0.419805,0.783959,-1.459034,-0.407035,0.756904,-1.484503,-0.395118,0.744708,-1.504362,-0.435036,0.787259,-1.473356,-0.424228,0.762160,-1.498988,-0.413050,0.754529,-1.517533,-0.446944,0.796648,-1.489119,-0.436726,0.777596,-1.513829,-0.425480,0.771756,-1.532694,0.078680,0.880805,-1.337682,0.045224,0.840630,-1.326972,0.032347,0.807268,-1.329888,0.068882,0.804692,-1.314050,0.048624,0.773870,-1.314471,0.027947,0.759429,-1.323008,0.082917,0.796973,-1.334093,0.063033,0.763349,-1.338292,0.042638,0.753451,-1.351385,0.094386,0.791928,-1.351152,0.075846,0.759978,-1.357428,0.057573,0.756551,-1.370893,0.102619,0.792311,-1.371412,0.085171,0.765570,-1.379048,0.067517,0.756879,-1.390432,,,
34,1.133,-0.168910,0.983791,-1.463355,-0.288790,0.984689,-1.467061,-0.049031,0.982894,-1.459648,-0.343891,0.592142,-1.262848,-0.050846,0.538462,-1.423462,-0.310156,0.201817,-1.403462,-0.044286,0.132041,-1.513142,-0.168118,1.100998,-1.460602,-0.169256,1.314584,-1.442008,-0.164722,1.555073,-1.409709,-0.163425,1.651861,-1.371869,-0.201059,1.503700,-1.413494,-0.130198,1.502787,-1.416608,-0.338702,1.447649,-1.397874,0.005611,1.442543,-1.423450,-0.397142,1.169182,-1.456445,0.080069,1.161747,-1.403612,-0.429864,0.888380,-1.450575,0.085566,0.914240,-1.266973,-0.338054,0.071151,-1.284155,-0.023002,0.048055,-1.356364,,,,,,,,,,-0.413399,0.873109,-1.439650,-0.384589,0.829135,-1.448832,-0.370794,0.798722,-1.461942,-0.405696,0.795633,-1.459288,-0.389103,0.767686,-1.476730,-0.372580,0.754370,-1.492808,-0.422802,0.799008,-1.478109,-0.406634,0.774787,-1.504485,-0.392428,0.764821,-1.524080,-0.436786,0.803200,-1.493434,-0.422850,0.780772,-1.520015,-0.409799,0.775122,-1.538039,-0.447636,0.813725,-1.509242,-0.434537,0.797582,-1.534654,-0.421466,0.794037,-1.552905,0.069429,0.908216,-1.248891,0.035338,0.868146,-1.239939,0.022828,0.834640,-1.242810,0.057897,0.832843,-1.223719,0.037835,0.801918,-1.225018,0.018066,0.787105,-1.234954,0.073743,0.824584,-1.242130,0.054317,0.790800,-1.247112,0.035209,0.780474,-1.261727,0.086749,0.819074,-1.257894,0.068934,0.786838,-1.264775,0.051970,0.782891,-1.279727,0.096796,0.818858,-1.277320,0.080162,0.791802,-1.285631,0.063625,0.782681,-1.298286,,,
35,1.167,-0.173282,0.987433,-1.411991,-0.293184,0.987692,-1.414998,-0.053380,0.987174,-1.408984,-0.336194,0.589002,-1.219988,-0.053265,0.541273,-1.411108,-0.311523,0.173810,-1.236415,-0.048615,0.137768,-1.513213,-0.173133,1.104602,-1.407853,-0.173009,1.318100,-1.388246,-0.172820,1.558715,-1.356574,-0.173774,1.655663,-1.319137,-0.208308,1.506839,-1.361398,-0.137378,1.506889,-1.362161,-0.346057,1.449624,-1.352274,0.000027,1.449972,-1.363006,-0.397955,1.176083,-1.435169,0.085747,1.174180,-1.325931,-0.430716,0.895741,-1.452206,0.078666,0.940843,-1.166357,-0.344020,0.079808,-1.087440,-0.026416,0.054185,-1.356345,,,,,,,,,,-0.414795,0.880355,-1.440657,-0.383367,0.838172,-1.449651,-0.366969,0.809240,-1.463112,-0.401876,0.804733,-1.464366,-0.382540,0.778547,-1.481715,-0.363978,0.766868,-1.496811,-0.417137,0.808780,-1.484589,-0.397405,0.786925,-1.510604,-0.380894,0.778771,-1.529204,-0.429681,0.813512,-1.500968,-0.412270,0.793383,-1.527339,-0.397271,0.789384,-1.544255,-0.439328,0.824703,-1.517094,-0.423061,0.810766,-1.541975,-0.408074,0.808914,-1.558959,0.060782,0.935082,-1.149907,0.026539,0.894682,-1.143328,0.014474,0.861011,-1.146170,0.047767,0.860321,-1.123658,0.028004,0.829321,-1.126665,0.009516,0.814263,-1.138514,0.065613,0.851792,-1.140000,0.047020,0.817765,-1.146326,0.029696,0.806992,-1.162731,0.080311,0.846040,-1.154103,0.063416,0.813564,-1.162085,0.048165,0.809197,-1.178677,0.092379,0.845412,-1.172333,0.076646,0.818102,-1.181523,0.061474,0.808609,-1.195539,,,
36,1.200,-0.176610,0.982353,-1.362149,-0.296492,0.979395,-1.364410,-0.056728,0.985311,-1.359887,-0.330398,0.584411,-1.160278,-0.047951,0.539972,-1.380600,-0.322956,0.177282,-1.073939,-0.046235,0.144941,-1.511793,-0.179595,1.099445,-1.357040,-0.176832,1.312909,-1.337258,-0.181803,1.553578,-1.306393,-0.184608,1.650681,-1.269453,-0.216225,1.501106,-1.312369,-0.145326,1.502333,-1.310481,-0.353597,1.442357,-1.309415,-0.006501,1.449316,-1.304378,-0.394903,1.174332,-1.413558,0.091348,1.181132,-1.247052,-0.424303,0.895810,-1.452497,0.074526,0.962087,-1.069015,-0.358788,0.122781,-0.907111,-0.023896,0.059101,-1.356169,,,,,,,,,,-0.409357,0.880200,-1.439983,-0.376075,0.839146,-1.447392,-0.357472,0.811232,-1.460117,-0.392009,0.806101,-1.465596,-0.370335,0.781111,-1.481915,-0.349993,0.770494,-1.495418,-0.405061,0.810823,-1.487174,-0.382106,0.790609,-1.511834,-0.363482,0.783662,-1.528863,-0.415852,0.816096,-1.504602,-0.395176,0.797626,-1.529803,-0.378331,0.794749,-1.545135,-0.423956,0.827866,-1.521160,-0.404682,0.815481,-1.544677,-0.387865,0.814753,-1.559946,0.054995,0.956908,-1.054342,0.020909,0.916179,-1.049116,0.008979,0.882384,-1.050834,0.040348,0.883582,-1.025078,0.021193,0.852303,-1.028992,0.004325,0.836542,-1.042259,0.060069,0.874507,-1.038753,0.042692,0.839890,-1.045330,0.027505,0.827989,-1.063023,0.076362,0.868264,-1.050734,0.060649,0.835235,-1.058858,0.047406,0.829857,-1.076821,0.090425,0.866822,-1.067424,0.075729,0.838956,-1.076658,0.062133,0.828608,-1.091654,,,
37,1.233,-0.179551,0.971246,-1.307484,-0.299315,0.964792,-1.308265,-0.059788,0.977700,-1.306703,-0.327491,0.582503,-1.080462,-0.041540,0.533982,-1.346873,-0.343809,0.194162,-0.931504,-0.043067,0.150650,-1.509102,-0.185890,1.088179,-1.301809,-0.181586,1.301708,-1.283032,-0.191194,1.542416,-1.253609,-0.195324,1.639660,-1.217165,-0.224606,1.489392,-1.260382,-0.153828,1.491721,-1.256283,-0.361659,1.429871,-1.262626,-0.014652,1.440943,-1.243175,-0.391945,1.167452,-1.383494,0.092300,1.182158,-1.163330,-0.417642,0.892164,-1.442748,0.067236,0.975694,-0.971744,-0.381923,0.180373,-0.757025,-0.020532,0.061505,-1.355377,,,,,,,,,,-0.403825,0.876027,-1.429621,-0.369338,0.835767,-1.435763,-0.349120,0.808784,-1.448023,-0.382814,0.803632,-1.457280,-0.358905,0.780308,-1.472931,-0.337023,0.771107,-1.484987,-0.393652,0.809419,-1.479804,-0.367829,0.791216,-1.503161,-0.347410,0.785691,-1.518575,-0.402676,0.815547,-1.497942,-0.379003,0.799190,-1.521938,-0.360584,0.797657,-1.535558,-0.409216,0.828140,-1.514587,-0.387396,0.817492,-1.536689,-0.369099,0.817931,-1.550162,0.046488,0.971310,-0.958557,0.012872,0.930264,-0.952799,0.001309,0.896301,-0.952341,0.030545,0.900550,-0.924111,0.012301,0.868647,-0.927266,-0.002934,0.851481,-0.940762,0.051669,0.890841,-0.934965,0.035675,0.855316,-0.940041,0.022520,0.841523,-0.957986,0.069162,0.884006,-0.944726,0.054790,0.850057,-0.951417,0.043435,0.842874,-0.970029,0.084794,0.881460,-0.959811,0.071314,0.852594,-0.967739,0.059278,0.840672,-0.982898,,,
38,1.267,-0.183317,0.956457,-1.248976,-0.302979,0.948408,-1.247680,-0.063654,0.964506,-1.250272,-0.327589,0.585735,-0.989425,-0.039823,0.523986,-1.315136,-0.355726,0.208625,-0.815472,-0.043621,0.154444,-1.506676,-0.191107,1.073274,-1.242745,-0.187568,1.286915,-1.225127,-0.199456,1.527689,-1.197103,-0.204319,1.625087,-1.161166,-0.232354,1.474391,-1.204238,-0.161685,1.477254,-1.198816,-0.369420,1.415212,-1.210734,-0.023018,1.426914,-1.179903,-0.391501,1.157008,-1.342008,0.089347,1.177477,-1.080209,-0.415789,0.885934,-1.418716,0.059728,0.980136,-0.879859,-0.393607,0.229850,-0.641689,-0.019957,0.063359,-1.354263,,,,,,,,,,-0.402769,0.869139,-1.405600,-0.367642,0.829416,-1.411618,-0.346307,0.803193,-1.423629,-0.379390,0.798488,-1.435756,-0.353311,0.778172,-1.452119,-0.330314,0.771437,-1.463721,-0.388725,0.805488,-1.458607,-0.360622,0.790266,-1.481461,-0.338995,0.786812,-1.495794,-0.396548,0.812590,-1.476947,-0.370379,0.799216,-1.500188,-0.350916,0.799530,-1.512361,-0.402042,0.826070,-1.493271,-0.378383,0.817295,-1.514275,-0.359137,0.818934,-1.526251,0.038333,0.976030,-0.867652,0.005844,0.934296,-0.860533,-0.004240,0.899957,-0.857979,0.022635,0.907758,-0.828408,0.005707,0.875032,-0.830148,-0.008018,0.856292,-0.843164,0.044737,0.898035,-0.837084,0.030413,0.861577,-0.840118,0.018969,0.845866,-0.857655,0.063049,0.891121,-0.845138,0.050300,0.856216,-0.849935,0.040439,0.847152,-0.868578,0.079701,0.887967,-0.858964,0.067663,0.858055,-0.865143,0.056984,0.844455,-0.879901,,,
39,1.300,-0.188078,0.942416,-1.187897,-0.307714,0.934421,-1.184911,-0.068442,0.950411,-1.190884,-0.331580,0.576815,-0.919617,-0.043491,0.514996,-1.283747,-0.355482,0.200772,-0.742743,-0.046022,0.159860,-1.500854,-0.195725,1.059232,-1.181471,-0.194164,1.272912,-1.164031,-0.207210,1.513627,-1.136014,-0.212984,1.611067,-1.100327,-0.239824,1.460260,-1.143902,-0.169292,1.463282,-1.136977,-0.376478,1.400755,-1.154677,-0.031113,1.413643,-1.113255,-0.391966,1.143738,-1.289183,0.083292,1.170344,-1.001447,-0.415660,0.876737,-1.379206,0.054696,0.976947,-0.797144,-0.388882,0.222435,-0.568097,-0.021723,0.063229,-1.351998,,,,,,,,,,-0.402855,0.859314,-1.366712,-0.367353,0.820147,-1.374031,-0.345595,0.794729,-1.386980,-0.378332,0.790525,-1.400094,-0.351326,0.772462,-1.417559,-0.327957,0.767457,-1.429291,-0.387160,0.798716,-1.422749,-0.358096,0.785771,-1.445802,-0.336032,0.783826,-1.459747,-0.394585,0.806770,-1.440859,-0.367376,0.795592,-1.464064,-0.347559,0.797163,-1.475550,-0.399770,0.821096,-1.456553,-0.375354,0.813748,-1.477237,-0.355759,0.816232,-1.488479,0.033010,0.973049,-0.785389,0.001528,0.930921,-0.776330,-0.007313,0.896463,-0.771651,0.017939,0.907311,-0.741812,0.002029,0.874033,-0.741793,-0.010670,0.854011,-0.753910,0.040611,0.897700,-0.749013,0.027545,0.860656,-0.749809,0.017225,0.843348,-0.766521,0.059393,0.890811,-0.755926,0.047834,0.855275,-0.758662,0.038917,0.844634,-0.776943,0.076612,0.887203,-0.768922,0.065650,0.856562,-0.773259,0.055884,0.841602,-0.787316,,,
40,1.333,-0.193858,0.929964,-1.124144,-0.313596,0.923761,-1.120993,-0.074120,0.936167,-1.127295,-0.335276,0.559021,-0.865400,-0.052476,0.508185,-1.250566,-0.349481,0.176617,-0.701605,-0.048884,0.167565,-1.489791,-0.199798,1.046964,-1.119537,-0.200676,1.260800,-1.104074,-0.215642,1.501594,-1.077742,-0.223179,1.599239,-1.042955,-0.247766,1.448030,-1.086279,-0.177479,1.451427,-1.077341,-0.383368,1.386757,-1.100030,-0.039518,1.403559,-1.049130,-0.395549,1.127437,-1.230393,0.075515,1.161860,-0.934533,-0.419246,0.861628,-1.323877,0.053842,0.965961,-0.731766,-0.374157,0.164673,-0.524590,-0.023654,0.059406,-1.349251,,,,,,,,,,-0.406396,0.843470,-1.312528,-0.371920,0.803996,-1.322591,-0.351225,0.778827,-1.337603,-0.384298,0.775688,-1.349473,-0.358184,0.758112,-1.368701,-0.335318,0.753354,-1.381480,-0.393677,0.784973,-1.371476,-0.365563,0.772483,-1.395917,-0.343966,0.770727,-1.410599,-0.401513,0.793907,-1.388991,-0.375196,0.783282,-1.413452,-0.355702,0.785008,-1.425457,-0.406910,0.808963,-1.403909,-0.383181,0.801932,-1.425484,-0.363832,0.804442,-1.437138,0.032166,0.962182,-0.719956,0.001571,0.919872,-0.708923,-0.006122,0.885408,-0.702565,0.018258,0.898449,-0.673134,0.003240,0.864829,-0.670952,-0.008912,0.843738,-0.681743,0.041191,0.888997,-0.679694,0.029109,0.851638,-0.678289,0.019318,0.833085,-0.693949,0.060171,0.882190,-0.686129,0.049629,0.846241,-0.686796,0.041119,0.834294,-0.704454,0.077559,0.878310,-0.698818,0.067672,0.847115,-0.701447,0.058524,0.831071,-0.714703,,,
41,1.367,-0.200763,0.919751,-1.057241,-0.320600,0.915015,-1.055796,-0.080925,0.924488,-1.058686,-0.337865,0.541442,-0.812941,-0.063149,0.508001,-1.216976,-0.344603,0.150060,-0.671385,-0.048610,0.180598,-1.473607,-0.205355,1.036863,-1.054181,-0.208753,1.250936,-1.042913,-0.224789,1.492254,-1.022734,-0.234809,1.590439,-0.990165,-0.256585,1.438438,-1.030897,-0.186582,1.442189,-1.020070,-0.391354,1.375736,-1.046306,-0.048958,1.395755,-0.988075,-0.404992,1.111779,-1.166848,0.063952,1.151169,-0.877565,-0.430628,0.843211,-1.251520,0.051205,0.947388,-0.681934,-0.367081,0.097224,-0.501711,-0.022121,0.051918,-1.351845,,,,,,,,,,-0.417689,0.824510,-1.241201,-0.385083,0.784194,-1.253828,-0.366304,0.758788,-1.270830,-0.399880,0.756679,-1.280308,-0.375484,0.738731,-1.301364,-0.353579,0.733562,-1.315586,-0.410254,0.766572,-1.301587,-0.383906,0.753630,-1.327703,-0.363211,0.751464,-1.343580,-0.418834,0.776000,-1.318483,-0.394258,0.765014,-1.344542,-0.375432,0.766365,-1.357615,-0.424641,0.791436,-1.332849,-0.402279,0.783908,-1.355680,-0.383484,0.785924,-1.368297,0.029563,0.943738,-0.670021,-0.000787,0.901500,-0.658071,-0.007535,0.866964,-0.651061,0.016059,0.880917,-0.621866,0.001681,0.847218,-0.617598,-0.010281,0.825366,-0.626997,0.039035,0.871456,-0.628257,0.027505,0.834035,-0.625040,0.017824,0.814643,-0.639721,0.058045,0.864620,-0.634574,0.048218,0.828476,-0.633642,0.039843,0.815623,-0.650718,0.075440,0.860572,-0.647200,0.066420,0.829045,-0.648786,0.057702,0.812375,-0.661548,,,
42,1.400,-0.210129,0.913146,-0.992604,-0.330014,0.909619,-0.993402,-0.090244,0.916673,-0.991806,-0.350313,0.538719,-0.746716,-0.065828,0.501064,-1.151511,-0.349310,0.134645,-0.646781,-0.045106,0.198082,-1.436178,-0.213588,1.030324,-0.990911,-0.220044,1.244478,-0.983026,-0.234204,1.486382,-0.969577,-0.246350,1.585189,-0.939724,-0.266366,1.432637,-0.976712,-0.196481,1.436085,-0.965052,-0.401220,1.370106,-0.992066,-0.059503,1.389132,-0.931099,-0.422573,1.101443,-1.100481,0.047933,1.137157,-0.832357,-0.454428,0.828928,-1.168862,0.044209,0.921095,-0.649973,-0.372705,0.050373,-0.490458,-0.017805,0.041782,-1.353045,,,,,,,,,,-0.441433,0.810408,-1.158290,-0.409815,0.769180,-1.170480,-0.392180,0.743032,-1.187581,-0.425833,0.740975,-1.195484,-0.402330,0.722206,-1.216837,-0.380983,0.716411,-1.231654,-0.436737,0.750268,-1.216768,-0.411280,0.736141,-1.243152,-0.391068,0.733194,-1.259519,-0.445715,0.759224,-1.233715,-0.422029,0.747014,-1.260052,-0.403571,0.747651,-1.273691,-0.451758,0.774230,-1.248435,-0.429952,0.765326,-1.271309,-0.411371,0.766430,-1.284348,0.022565,0.917717,-0.637983,-0.008531,0.875929,-0.626376,-0.016088,0.841490,-0.619725,0.008107,0.854587,-0.590516,-0.006484,0.821103,-0.585369,-0.018833,0.799197,-0.594120,0.030862,0.844763,-0.597149,0.018930,0.807518,-0.593409,0.008812,0.788048,-0.607687,0.049702,0.837640,-0.603654,0.039591,0.801585,-0.602366,0.030935,0.788669,-0.619254,0.066948,0.833412,-0.616425,0.057757,0.801938,-0.618070,0.048881,0.785305,-0.630773,,,
43,1.433,-0.221179,0.910119,-0.931052,-0.341056,0.907275,-0.933659,-0.101301,0.912963,-0.928444,-0.370022,0.548698,-0.670190,-0.056122,0.484719,-1.044194,-0.356531,0.133698,-0.640925,-0.036174,0.222712,-1.367023,-0.223967,1.027327,-0.930702,-0.231367,1.241512,-0.924709,-0.245295,1.483622,-0.915362,-0.258833,1.582797,-0.887386,-0.277510,1.429794,-0.921575,-0.207619,1.433373,-0.909995,-0.412210,1.366378,-0.934453,-0.070673,1.386269,-0.876120,-0.442514,1.093342,-1.028914,0.034417,1.126372,-0.797424,-0.479302,0.816820,-1.075145,0.043011,0.895473,-0.634414,-0.382311,0.046245,-0.486739,-0.016057,0.045513,-1.350230,,,,,,,,,,-0.466294,0.799288,-1.063020,-0.435232,0.756753,-1.071618,-0.418610,0.729079,-1.087272,-0.451895,0.726411,-1.093502,-0.429097,0.705482,-1.113573,-0.408185,0.698074,-1.128292,-0.463066,0.733696,-1.115420,-0.438124,0.716854,-1.140678,-0.418190,0.712155,-1.156977,-0.472244,0.741049,-1.133018,-0.449174,0.725990,-1.158410,-0.430963,0.725029,-1.172359,-0.478398,0.754610,-1.149037,-0.456723,0.743031,-1.170810,-0.438156,0.742454,-1.183903,0.021659,0.891576,-0.622064,-0.009293,0.849355,-0.611705,-0.017347,0.814787,-0.606453,0.008152,0.826270,-0.577339,-0.006212,0.792575,-0.572992,-0.018782,0.770965,-0.582153,0.030698,0.816721,-0.585002,0.018963,0.779330,-0.582204,0.008460,0.760281,-0.596769,0.049345,0.809872,-0.592310,0.039299,0.773776,-0.592218,0.030203,0.761520,-0.609365,0.066252,0.806220,-0.605697,0.057045,0.774833,-0.608499,0.047865,0.758725,-0.621654,,,
44,1.467,-0.231610,0.911160,-0.870986,-0.351444,0.908828,-0.875451,-0.111776,0.913493,-0.866521,-0.385417,0.548910,-0.614419,-0.047858,0.474426,-0.910879,-0.360867,0.134034,-0.637624,-0.033039,0.259962,-1.267319,-0.233861,1.028378,-0.871803,-0.240608,1.242610,-0.866808,-0.253958,1.484799,-0.858754,-0.268095,1.584017,-0.831234,-0.286343,1.431001,-0.864309,-0.216327,1.434505,-0.853483,-0.420893,1.366673,-0.873779,-0.079179,1.386748,-0.821392,-0.460447,1.089602,-0.951606,0.022085,1.119861,-0.763940,-0.500129,0.810274,-0.970475,0.039600,0.876020,-0.621829,-0.388150,0.046667,-0.483648,-0.013424,0.085302,-1.301896,,,,,,,,,,-0.487325,0.793882,-0.956654,-0.457277,0.749984,-0.960904,-0.442351,0.720635,-0.975153,-0.474866,0.717815,-0.979155,-0.453208,0.693971,-0.997126,-0.432882,0.684195,-1.011271,-0.486179,0.722916,-1.001610,-0.462031,0.702747,-1.025143,-0.442462,0.695761,-1.041060,-0.495440,0.728510,-1.019802,-0.473409,0.709857,-1.043686,-0.455543,0.706676,-1.057751,-0.501527,0.740378,-1.037136,-0.480211,0.725752,-1.057375,-0.461714,0.723122,-1.070314,0.018598,0.871387,-0.609138,-0.012254,0.828673,-0.600667,-0.020051,0.793793,-0.597514,0.006069,0.803323,-0.568420,-0.008314,0.769434,-0.566124,-0.021208,0.748569,-0.576484,0.028334,0.794227,-0.577354,0.016641,0.756727,-0.576564,0.005681,0.738612,-0.591959,0.046724,0.787815,-0.585642,0.036538,0.751814,-0.587653,0.026899,0.740735,-0.605296,0.063215,0.784999,-0.599732,0.053859,0.753845,-0.604169,0.044256,0.738567,-0.617995,,,
45,1.500,-0.240703,0.915640,-0.812496,-0.360426,0.913980,-0.819507,-0.120980,0.917299,-0.805484,-0.395650,0.543477,-0.573908,-0.051474,0.477902,-0.774971,-0.364815,0.132511,-0.632388,-0.039126,0.289368,-1.145870,-0.242219,1.032857,-0.814357,-0.247557,1.247139,-0.809843,-0.258453,1.489403,-0.800442,-0.271702,1.588532,-0.772168,-0.291473,1.435925,-0.805299,-0.221151,1.438749,-0.796435,-0.426065,1.371218,-0.810731,-0.083591,1.389635,-0.768415,-0.473839,1.090720,-0.869282,0.010610,1.117261,-0.726911,-0.514484,0.811162,-0.857021,0.036833,0.863264,-0.605427,-0.393908,0.045585,-0.478493,-0.003713,0.119199,-1.189167,,,,,,,,,,-0.501779,0.795972,-0.841807,-0.472594,0.751293,-0.842065,-0.459019,0.720496,-0.854491,-0.491025,0.717825,-0.856811,-0.470469,0.691450,-0.872379,-0.450720,0.679496,-0.885641,-0.502571,0.720899,-0.879515,-0.479382,0.697705,-0.901149,-0.460284,0.688541,-0.916525,-0.511994,0.724845,-0.898053,-0.490955,0.703097,-0.920147,-0.473453,0.697899,-0.934067,-0.518118,0.735057,-0.916399,-0.497409,0.717971,-0.935298,-0.479161,0.713622,-0.948127,0.016153,0.857752,-0.592560,-0.014572,0.814561,-0.586350,-0.021261,0.779315,-0.585739,0.004513,0.786974,-0.556466,-0.009929,0.753033,-0.556521,-0.023116,0.733079,-0.568220,0.026519,0.778525,-0.566594,0.014788,0.741065,-0.568255,0.003419,0.724143,-0.584677,0.044676,0.772708,-0.575788,0.034388,0.736947,-0.580171,0.024297,0.727194,-0.598337,0.060793,0.770891,-0.590462,0.051480,0.740042,-0.596745,0.041604,0.725667,-0.611326,,,
46,1.533,-0.247820,0.923780,-0.755038,-0.367393,0.922858,-0.764365,-0.128247,0.924703,-0.745710,-0.398854,0.534520,-0.547486,-0.061085,0.495331,-0.645899,-0.366653,0.128027,-0.631091,-0.051317,0.295744,-1.011047,-0.248509,1.040988,-0.757794,-0.252337,1.255304,-0.753373,-0.260437,1.497574,-0.741606,-0.271276,1.596642,-0.712119,-0.294165,1.444447,-0.745315,-0.223479,1.446544,-0.739750,-0.428805,1.379620,-0.744311,-0.085240,1.395899,-0.718649,-0.482176,1.096427,-0.780958,0.001870,1.119322,-0.692185,-0.519224,0.819926,-0.734811,0.040044,0.857686,-0.591936,-0.396857,0.040232,-0.477906,-0.007793,0.123827,-1.036275,,,,,,,,,,-0.505991,0.806312,-0.718588,-0.477292,0.761447,-0.715197,-0.464649,0.729274,-0.724800,-0.496706,0.726839,-0.725328,-0.477205,0.698400,-0.738424,-0.458197,0.684562,-0.750916,-0.509241,0.727570,-0.747702,-0.487410,0.701621,-0.767545,-0.469174,0.690398,-0.782598,-0.519458,0.729595,-0.766127,-0.499553,0.705370,-0.786639,-0.482713,0.698526,-0.800663,-0.526310,0.737819,-0.785201,-0.506701,0.718659,-0.803267,-0.489146,0.712852,-0.816481,0.020213,0.850898,-0.578362,-0.009606,0.806885,-0.573703,-0.014871,0.771449,-0.575689,0.011499,0.777432,-0.547144,-0.002411,0.743301,-0.548610,-0.016008,0.723939,-0.560825,0.032972,0.770115,-0.559129,0.021531,0.732721,-0.562923,0.009380,0.716928,-0.579902,0.050626,0.765292,-0.569763,0.040643,0.729737,-0.576094,0.029648,0.721118,-0.594309,0.065879,0.764837,-0.585432,0.056889,0.734332,-0.593584,0.046523,0.720890,-0.608705,,,
47,1.567,-0.251935,0.934269,-0.699264,-0.371415,0.934078,-0.709748,-0.132454,0.934460,-0.688780,-0.394869,0.527902,-0.527256,-0.067372,0.522771,-0.530321,-0.366470,0.124004,-0.623814,-0.064942,0.288819,-0.874595,-0.251824,1.051462,-0.702658,-0.254642,1.265796,-0.698334,-0.260663,1.508058,-0.685234,-0.268541,1.607087,-0.654695,-0.294854,1.455137,-0.687284,-0.223959,1.456813,-0.685601,-0.429497,1.390998,-0.677853,-0.085207,1.404745,-0.673073,-0.485993,1.106376,-0.691562,-0.003538,1.125358,-0.665516,-0.512188,0.836689,-0.610704,0.047169,0.857768,-0.589457,-0.396139,0.036807,-0.470183,-0.028409,0.113493,-0.871107,,,,,,,,,,-0.497612,0.825084,-0.594076,-0.468732,0.780692,-0.587494,-0.456427,0.747504,-0.593350,-0.488947,0.745298,-0.591477,-0.470310,0.715382,-0.602353,-0.452241,0.700028,-0.614460,-0.503357,0.743341,-0.612615,-0.483192,0.714965,-0.630832,-0.466254,0.701823,-0.645849,-0.515117,0.743140,-0.630212,-0.496610,0.716850,-0.649448,-0.480881,0.708561,-0.663975,-0.523579,0.748970,-0.649519,-0.505672,0.727652,-0.666921,-0.489376,0.720228,-0.680915,0.029026,0.849369,-0.574494,0.000336,0.804529,-0.570737,-0.004543,0.769307,-0.575535,0.024532,0.773192,-0.549506,0.011303,0.738839,-0.551842,-0.003231,0.719998,-0.563789,0.044620,0.767434,-0.564392,0.033222,0.730276,-0.570135,0.019404,0.715730,-0.586951,0.061037,0.763960,-0.577292,0.051068,0.728774,-0.585444,0.038269,0.721379,-0.603006,0.074470,0.765249,-0.594505,0.065299,0.735354,-0.604507,0.053654,0.723055,-0.619670,,,
48,1.600,-0.252372,0.946501,-0.643471,-0.371802,0.947126,-0.654492,-0.132941,0.945877,-0.632450,-0.387657,0.524493,-0.513204,-0.073566,0.555757,-0.424812,-0.364875,0.122887,-0.620242,-0.076823,0.278257,-0.735049,-0.251412,1.063679,-0.647224,-0.254487,1.278025,-0.643719,-0.258022,1.520346,-0.630804,-0.262960,1.619355,-0.599590,-0.292666,1.467681,-0.630977,-0.221768,1.468826,-0.632968,-0.427304,1.405382,-0.613006,-0.083199,1.414974,-0.628629,-0.486485,1.121100,-0.604581,-0.007501,1.134101,-0.641428,-0.495775,0.862692,-0.490152,0.049894,0.862087,-0.589709,-0.393539,0.036065,-0.466208,-0.048179,0.106741,-0.692060,,,,,,,,,,-0.479226,0.853347,-0.473952,-0.449077,0.810213,-0.465093,-0.435889,0.776902,-0.466986,-0.469041,0.774573,-0.462180,-0.450948,0.743674,-0.471040,-0.433907,0.727046,-0.482952,-0.485718,0.769889,-0.481107,-0.467216,0.739457,-0.497700,-0.451833,0.724538,-0.512729,-0.499390,0.767406,-0.497072,-0.482468,0.739173,-0.514970,-0.468236,0.729367,-0.530084,-0.510076,0.770687,-0.515872,-0.494085,0.747257,-0.532403,-0.479446,0.738093,-0.547175,0.033630,0.852448,-0.573394,0.004457,0.807863,-0.570382,-0.002015,0.773395,-0.577963,0.030345,0.774175,-0.555781,0.016403,0.740207,-0.559299,0.000092,0.722564,-0.570772,0.048159,0.769699,-0.573695,0.035180,0.733417,-0.581358,0.018908,0.720724,-0.597465,0.062657,0.767341,-0.588935,0.051057,0.733144,-0.598931,0.035937,0.727530,-0.615266,0.073765,0.770205,-0.607558,0.062892,0.741505,-0.619216,0.049226,0.730793,-0.633889,,,
49,1.633,-0.251853,0.957940,-0.586879,-0.371205,0.959407,-0.598651,-0.132501,0.956474,-0.575106,-0.379602,0.523697,-0.504211,-0.079414,0.589054,-0.328090,-0.362784,0.124365,-0.620465,-0.084390,0.264832,-0.589086,-0.250046,1.075109,-0.590599,-0.253465,1.289456,-0.587550,-0.253801,1.531805,-0.574680,-0.255696,1.630723,-0.542851,-0.288971,1.479513,-0.573155,-0.218242,1.479901,-0.578531,-0.423453,1.419542,-0.547667,-0.080483,1.423932,-0.581738,-0.485584,1.137216,-0.519006,-0.011666,1.143003,-0.615303,-0.471384,0.894909,-0.373952,0.047212,0.867908,-0.586727,-0.390256,0.036920,-0.466567,-0.058409,0.110291,-0.502321,,,,,,,,,,-0.452535,0.888201,-0.359007,-0.419471,0.847522,-0.349005,-0.404325,0.815012,-0.348091,-0.437176,0.811881,-0.339335,-0.418655,0.780738,-0.346240,-0.402255,0.763287,-0.357873,-0.455807,0.804333,-0.355277,-0.438014,0.772615,-0.370147,-0.423859,0.756376,-0.385015,-0.471203,0.799434,-0.368950,-0.455290,0.769602,-0.385094,-0.442546,0.758333,-0.400511,-0.484266,0.799998,-0.386483,-0.469439,0.775083,-0.401889,-0.456348,0.764532,-0.417179,0.032425,0.857389,-0.569571,0.001164,0.814191,-0.567430,-0.008213,0.781070,-0.577553,0.026502,0.777941,-0.559546,0.010338,0.745176,-0.564620,-0.008193,0.729573,-0.575671,0.041783,0.774534,-0.579872,0.025821,0.739919,-0.589391,0.007022,0.729777,-0.604526,0.054219,0.773108,-0.596940,0.039515,0.740724,-0.608728,0.022269,0.737566,-0.623545,0.063213,0.777389,-0.616412,0.049451,0.750575,-0.629427,0.033589,0.742061,-0.643308,,,
50,1.667,-0.251385,0.965364,-0.531653,-0.370632,0.967582,-0.544335,-0.132138,0.963147,-0.518970,-0.371144,0.524117,-0.497733,-0.084557,0.619460,-0.238884,-0.360794,0.127068,-0.622264,-0.088196,0.249592,-0.429797,-0.248871,1.082537,-0.534808,-0.252558,1.296858,-0.530511,-0.249189,1.539099,-0.516126,-0.248115,1.637781,-0.483536,-0.284925,1.487243,-0.513331,-0.214513,1.486779,-0.521913,-0.419050,1.429649,-0.481318,-0.077915,1.428940,-0.532680,-0.485437,1.150592,-0.435386,-0.016578,1.149657,-0.587659,-0.439902,0.929388,-0.265237,0.039922,0.872685,-0.580274,-0.386945,0.039166,-0.468396,-0.060689,0.125810,-0.303276,,,,,,,,,,-0.419136,0.925592,-0.251895,-0.382873,0.888091,-0.240642,-0.365512,0.856896,-0.237086,-0.397297,0.853409,-0.224321,-0.377791,0.822426,-0.228811,-0.361695,0.804196,-0.239646,-0.417140,0.842970,-0.236793,-0.399268,0.810226,-0.249131,-0.385900,0.792640,-0.263170,-0.433670,0.835599,-0.247767,-0.418040,0.804335,-0.261260,-0.406470,0.791425,-0.276312,-0.448635,0.833202,-0.263537,-0.434268,0.806941,-0.277026,-0.422399,0.794852,-0.292174,0.026050,0.861175,-0.562991,-0.007547,0.819715,-0.562405,-0.019777,0.788424,-0.575001,0.016065,0.781534,-0.560672,-0.002597,0.750500,-0.567686,-0.022989,0.737298,-0.578586,0.029283,0.779537,-0.582571,0.010359,0.747096,-0.594108,-0.010293,0.739718,-0.608403,0.040078,0.779304,-0.600776,0.022306,0.749284,-0.614445,0.003665,0.748736,-0.627830,0.047600,0.785179,-0.620455,0.031076,0.760700,-0.634792,0.013547,0.754607,-0.647922,,,
51,1.700,-0.249987,0.968733,-0.476984,-0.369158,0.971652,-0.490229,-0.130817,0.965814,-0.463738,-0.365589,0.525769,-0.487347,-0.092857,0.637862,-0.164006,-0.358837,0.132454,-0.623437,-0.086908,0.234613,-0.267052,-0.246898,1.085918,-0.478949,-0.251447,1.300165,-0.472374,-0.243725,1.542143,-0.455466,-0.240174,1.640488,-0.422042,-0.280107,1.490799,-0.451723,-0.210139,1.489381,-0.463305,-0.413724,1.435674,-0.413784,-0.074960,1.430143,-0.481685,-0.485908,1.161119,-0.352151,-0.022161,1.154069,-0.557706,-0.406174,0.963583,-0.166202,0.029440,0.876281,-0.569180,-0.383585,0.044086,-0.469604,-0.058466,0.143565,-0.115435,,,,,,,,,,-0.384016,0.962429,-0.154744,-0.345329,0.928032,-0.141774,-0.326152,0.898428,-0.135219,-0.356615,0.896050,-0.118818,-0.336412,0.865237,-0.120561,-0.320777,0.845934,-0.130139,-0.377201,0.883311,-0.127314,-0.359299,0.849473,-0.136163,-0.346678,0.830203,-0.148592,-0.394463,0.873914,-0.135172,-0.379051,0.841242,-0.145110,-0.368556,0.826344,-0.159075,-0.410858,0.868704,-0.148678,-0.396778,0.840975,-0.159203,-0.385949,0.826883,-0.173368,0.016302,0.863463,-0.552248,-0.019051,0.823510,-0.553620,-0.033620,0.794297,-0.568511,0.002833,0.784498,-0.557793,-0.017933,0.755389,-0.566849,-0.039706,0.744482,-0.577617,0.014370,0.784439,-0.580709,-0.006892,0.754324,-0.594295,-0.028833,0.749485,-0.607731,0.023836,0.785815,-0.599590,0.003607,0.758327,-0.615052,-0.015950,0.760084,-0.626943,0.030218,0.793545,-0.619030,0.011446,0.771534,-0.634552,-0.007292,0.767673,-0.646830,,,
52,1.733,-0.248295,0.968697,-0.420809,-0.367315,0.973877,-0.434697,-0.129275,0.963517,-0.406920,-0.365076,0.529882,-0.475875,-0.106529,0.633872,-0.107504,-0.359297,0.141071,-0.624388,-0.083713,0.218255,-0.109716,-0.243175,1.085827,-0.421000,-0.249886,1.299957,-0.412689,-0.237081,1.541502,-0.392931,-0.231636,1.639421,-0.358523,-0.274226,1.490768,-0.388445,-0.204797,1.488264,-0.402763,-0.407151,1.438203,-0.344864,-0.071339,1.427801,-0.428329,-0.485989,1.169729,-0.266790,-0.028443,1.155871,-0.523184,-0.375920,0.994220,-0.074341,0.016818,0.878159,-0.551258,-0.382623,0.051015,-0.471313,-0.055277,0.162106,0.057989,,,,,,,,,,-0.352791,0.995188,-0.064972,-0.312227,0.963781,-0.050270,-0.291386,0.936159,-0.040791,-0.320569,0.935884,-0.021471,-0.299882,0.905389,-0.019829,-0.284694,0.884875,-0.027400,-0.341511,0.921714,-0.025820,-0.323555,0.887068,-0.030396,-0.311551,0.866104,-0.040472,-0.359171,0.910981,-0.030396,-0.343876,0.877253,-0.036076,-0.334281,0.860321,-0.048256,-0.376586,0.903459,-0.041281,-0.362592,0.874573,-0.048188,-0.352574,0.858445,-0.060679,0.004485,0.863988,-0.534805,-0.032339,0.825467,-0.537641,-0.049189,0.798437,-0.554158,-0.012291,0.786504,-0.547549,-0.035063,0.759485,-0.558131,-0.058066,0.750784,-0.568334,-0.002472,0.788567,-0.571162,-0.025866,0.760835,-0.586238,-0.048899,0.758223,-0.598402,0.005630,0.791685,-0.590466,-0.016867,0.766786,-0.607135,-0.037164,0.770508,-0.617190,0.010856,0.801267,-0.609420,-0.009924,0.781650,-0.625580,-0.029678,0.779650,-0.636652,,,
53,1.767,-0.246851,0.964623,-0.362492,-0.365634,0.972073,-0.377342,-0.128067,0.957173,-0.347643,-0.366619,0.532832,-0.454147,-0.115855,0.609892,-0.068216,-0.360245,0.152857,-0.623976,-0.083339,0.203370,0.015127,-0.239747,1.081634,-0.360613,-0.247908,1.295676,-0.351382,-0.231269,1.536821,-0.329679,-0.224706,1.634411,-0.294542,-0.268943,1.486537,-0.324570,-0.200013,1.483264,-0.340993,-0.400556,1.435060,-0.275997,-0.068060,1.422350,-0.372584,-0.485086,1.173858,-0.181034,-0.034128,1.154581,-0.481818,-0.347705,1.018615,0.011271,0.005677,0.877675,-0.523039,-0.382809,0.059935,-0.472508,-0.056038,0.183635,0.191058,,,,,,,,,,-0.324228,1.021560,0.019260,-0.282273,0.993806,0.037077,-0.259750,0.969035,0.049971,-0.288649,0.970975,0.070474,-0.267090,0.941723,0.076807,-0.251594,0.920507,0.072500,-0.309385,0.955896,0.069523,-0.290683,0.921357,0.070519,-0.278482,0.899168,0.063895,-0.326941,0.944227,0.067624,-0.311003,0.910319,0.067422,-0.301434,0.891667,0.058062,-0.344607,0.934671,0.058965,-0.330039,0.905342,0.056612,-0.320032,0.887500,0.046712,-0.005892,0.862348,-0.507074,-0.043995,0.825157,-0.510672,-0.062908,0.800151,-0.528119,-0.025908,0.786800,-0.525501,-0.050499,0.761770,-0.536875,-0.074516,0.754948,-0.546126,-0.017726,0.790796,-0.549488,-0.043010,0.765237,-0.565331,-0.066907,0.764407,-0.575988,-0.010918,0.795485,-0.568973,-0.035431,0.772942,-0.586140,-0.056253,0.778179,-0.594263,-0.006753,0.806648,-0.587315,-0.029307,0.789139,-0.603520,-0.049874,0.788626,-0.613190,,,
54,1.800,-0.246457,0.955904,-0.301455,-0.365082,0.964603,-0.316879,-0.127831,0.947205,-0.286031,-0.364192,0.535059,-0.436561,-0.115265,0.570808,-0.047283,-0.361937,0.160972,-0.619092,-0.085346,0.185318,0.106878,-0.238413,1.072799,-0.297392,-0.245184,1.286813,-0.286550,-0.226733,1.527697,-0.263452,-0.219621,1.625137,-0.228008,-0.264606,1.477597,-0.258024,-0.196001,1.474042,-0.275700,-0.395003,1.426199,-0.206194,-0.065118,1.413480,-0.312062,-0.483920,1.172453,-0.096210,-0.038118,1.149111,-0.431073,-0.326485,1.032328,0.092296,-0.001997,0.873451,-0.482719,-0.383532,0.064970,-0.469415,-0.063701,0.185160,0.284692,,,,,,,,,,-0.303117,1.037454,0.099459,-0.259923,1.014579,0.120882,-0.235599,0.993710,0.137006,-0.265148,0.996979,0.157490,-0.242207,0.970418,0.168841,-0.225614,0.949605,0.168319,-0.285223,0.981087,0.159133,-0.265029,0.948068,0.165894,-0.251838,0.925637,0.163080,-0.302272,0.968545,0.159273,-0.284912,0.935797,0.164747,-0.274536,0.916250,0.158636,-0.319555,0.957032,0.152408,-0.303815,0.928316,0.154775,-0.293102,0.909504,0.147857,-0.012894,0.856967,-0.467449,-0.051796,0.820709,-0.471915,-0.072212,0.797491,-0.490122,-0.035281,0.783529,-0.490972,-0.061107,0.760087,-0.502974,-0.085783,0.754582,-0.511324,-0.028429,0.789452,-0.514977,-0.055003,0.765673,-0.531469,-0.079472,0.766079,-0.540765,-0.022676,0.795699,-0.534365,-0.048603,0.775091,-0.551886,-0.069757,0.781315,-0.558268,-0.019381,0.808331,-0.551914,-0.043254,0.792602,-0.568055,-0.064392,0.793258,-0.576394,,,
55,1.833,-0.243317,0.942184,-0.242469,-0.361989,0.950446,-0.257773,-0.124645,0.933922,-0.227164,-0.356828,0.532667,-0.413551,-0.114628,0.555255,0.008087,-0.362044,0.170603,-0.618845,-0.092545,0.168675,0.160836,-0.235760,1.059095,-0.237952,-0.240632,1.273092,-0.225811,-0.221174,1.513762,-0.201360,-0.213459,1.611151,-0.165900,-0.259155,1.463750,-0.195881,-0.190737,1.460089,-0.214248,-0.389230,1.413000,-0.142623,-0.060730,1.399567,-0.253688,-0.480972,1.164754,-0.022842,-0.038177,1.136981,-0.377475,-0.314735,1.031258,0.162897,-0.004046,0.862635,-0.436891,-0.382692,0.065549,-0.475237,-0.072496,0.158411,0.338541,,,,,,,,,,-0.291555,1.038142,0.169136,-0.247177,1.019621,0.192278,-0.222051,1.001441,0.210315,-0.251263,1.005864,0.230635,-0.227168,0.981301,0.243930,-0.209852,0.961107,0.245012,-0.270587,0.989380,0.234260,-0.248888,0.958064,0.243863,-0.234787,0.936029,0.243032,-0.287053,0.976194,0.235987,-0.268177,0.944926,0.244339,-0.257034,0.925330,0.239986,-0.303865,0.963264,0.230644,-0.286737,0.935725,0.235768,-0.275207,0.916806,0.230707,-0.014667,0.845048,-0.422694,-0.054245,0.809781,-0.428837,-0.075663,0.788421,-0.448135,-0.038955,0.774155,-0.451538,-0.065528,0.752153,-0.464587,-0.090549,0.747678,-0.472518,-0.032835,0.782013,-0.475183,-0.060171,0.759935,-0.492759,-0.084913,0.761326,-0.501196,-0.027651,0.789813,-0.494164,-0.054413,0.771060,-0.512493,-0.075676,0.778024,-0.517622,-0.024763,0.803850,-0.510687,-0.049352,0.789769,-0.527267,-0.070741,0.791294,-0.534818,,,
56,1.867,-0.238910,0.928960,-0.183226,-0.357835,0.934458,-0.197793,-0.119985,0.923462,-0.168659,-0.347347,0.524130,-0.372017,-0.115014,0.559425,0.088799,-0.359500,0.180618,-0.606782,-0.095588,0.159754,0.203469,-0.233812,1.046063,-0.180651,-0.237005,1.260125,-0.169123,-0.216146,1.500693,-0.144817,-0.207187,1.598171,-0.109899,-0.254365,1.450884,-0.139140,-0.186060,1.446856,-0.157846,-0.384863,1.401612,-0.085532,-0.057006,1.384935,-0.198234,-0.479844,1.154558,0.034188,-0.035396,1.121248,-0.319830,-0.317672,1.019301,0.222234,-0.001695,0.847143,-0.380586,-0.381094,0.059690,-0.476412,-0.071833,0.121355,0.376811,,,,,,,,,,-0.294624,1.026581,0.228511,-0.250354,1.009179,0.252706,-0.226253,0.990879,0.271978,-0.254756,0.996579,0.291424,-0.230822,0.971811,0.304628,-0.213725,0.951429,0.305657,-0.273979,0.980045,0.295345,-0.252190,0.948901,0.305294,-0.238039,0.926889,0.304711,-0.290350,0.966773,0.297299,-0.271304,0.935735,0.306112,-0.260045,0.916146,0.302040,-0.306990,0.953535,0.292175,-0.289481,0.926390,0.298052,-0.277635,0.907531,0.293525,-0.012608,0.828926,-0.367446,-0.052781,0.794761,-0.375621,-0.074713,0.774856,-0.395873,-0.038107,0.760295,-0.400420,-0.065002,0.739552,-0.414804,-0.090070,0.735941,-0.423023,-0.031862,0.769439,-0.423564,-0.059410,0.748772,-0.442473,-0.084108,0.750928,-0.450881,-0.026552,0.778266,-0.442055,-0.053505,0.760978,-0.461511,-0.074667,0.768484,-0.466283,-0.023432,0.793210,-0.457718,-0.048213,0.780431,-0.475052,-0.069575,0.782601,-0.482517,,,
57,1.900,-0.234612,0.919533,-0.120752,-0.353723,0.923033,-0.134382,-0.115500,0.916034,-0.107122,-0.348405,0.512258,-0.307784,-0.107356,0.562017,0.163874,-0.356886,0.198222,-0.580864,-0.097491,0.150771,0.227458,-0.231359,1.036718,-0.119082,-0.232335,1.250865,-0.108790,-0.211709,1.491719,-0.087284,-0.200421,1.589370,-0.053544,-0.249799,1.441914,-0.080776,-0.181627,1.437792,-0.099943,-0.380353,1.393392,-0.026620,-0.053313,1.374304,-0.140253,-0.475973,1.141806,0.082701,-0.026236,1.106724,-0.251839,-0.326601,0.997673,0.274714,0.011636,0.831453,-0.304298,-0.383922,0.052709,-0.479962,-0.077153,0.085624,0.393073,,,,,,,,,,-0.304021,1.004781,0.282666,-0.261458,0.986795,0.309366,-0.239986,0.966941,0.330149,-0.268424,0.973365,0.347423,-0.245507,0.948081,0.361429,-0.228620,0.927557,0.362974,-0.287865,0.956778,0.349697,-0.266859,0.925196,0.359947,-0.252801,0.903121,0.359520,-0.304330,0.943490,0.350270,-0.286036,0.912154,0.359606,-0.274606,0.892602,0.355838,-0.320592,0.930390,0.343764,-0.303435,0.903092,0.349960,-0.291291,0.884363,0.345689,0.000168,0.813020,-0.291956,-0.039857,0.779272,-0.302304,-0.061404,0.759769,-0.323345,-0.024475,0.745264,-0.327306,-0.051326,0.725478,-0.343056,-0.076181,0.722574,-0.352152,-0.017358,0.754869,-0.350007,-0.044428,0.734958,-0.370364,-0.068790,0.737551,-0.379588,-0.011344,0.764062,-0.368100,-0.037913,0.747580,-0.388748,-0.058840,0.755426,-0.393988,-0.007589,0.779321,-0.383313,-0.032171,0.767115,-0.401329,-0.053364,0.769588,-0.409173,,,
58,1.933,-0.227563,0.915182,-0.058885,-0.346869,0.917550,-0.070974,-0.108258,0.912814,-0.046796,-0.366068,0.493924,-0.208833,-0.093881,0.560289,0.225880,-0.358750,0.220235,-0.522368,-0.095854,0.144348,0.241755,-0.225375,1.032395,-0.057527,-0.226155,1.246602,-0.048542,-0.204382,1.487583,-0.029760,-0.190890,1.585335,0.002859,-0.242590,1.437997,-0.022330,-0.174643,1.433410,-0.042179,-0.373417,1.390948,0.032460,-0.047630,1.367330,-0.082445,-0.468913,1.131838,0.122639,-0.014412,1.094854,-0.179589,-0.341329,0.967491,0.314126,0.026755,0.817410,-0.215510,-0.384566,0.047137,-0.484202,-0.076025,0.063943,0.400589,,,,,,,,,,-0.319633,0.973591,0.324882,-0.280510,0.953064,0.354816,-0.262739,0.930749,0.376573,-0.291777,0.937521,0.390993,-0.271110,0.910810,0.405825,-0.254945,0.889760,0.407924,-0.311613,0.921273,0.390128,-0.292467,0.888580,0.400535,-0.278879,0.866211,0.400210,-0.328255,0.908352,0.388100,-0.311684,0.876076,0.397449,-0.300273,0.856492,0.393792,-0.343924,0.896042,0.379082,-0.327916,0.868011,0.385077,-0.315675,0.849342,0.380821,0.014363,0.799298,-0.203592,-0.025275,0.765726,-0.215831,-0.045541,0.746115,-0.238013,-0.008708,0.731150,-0.239246,-0.035753,0.712609,-0.256140,-0.060266,0.710844,-0.266384,-0.000104,0.740290,-0.261622,-0.026705,0.721109,-0.283255,-0.050448,0.724458,-0.293762,0.007110,0.749110,-0.279459,-0.019117,0.733305,-0.301052,-0.039544,0.741754,-0.307242,0.011951,0.764065,-0.294668,-0.012285,0.752020,-0.313251,-0.033160,0.754930,-0.321771,,,
59,1.967,-0.220696,0.914619,0.000368,-0.340207,0.916610,-0.009564,-0.101184,0.912628,0.010301,-0.387891,0.479478,-0.083557,-0.080837,0.553176,0.273384,-0.368466,0.255035,-0.433574,-0.094199,0.137953,0.247403,-0.218862,1.031838,0.001797,-0.220666,1.246049,0.010503,-0.200048,1.487206,0.028305,-0.185706,1.585015,0.060386,-0.238023,1.437470,0.035924,-0.170047,1.433125,0.016120,-0.369039,1.390493,0.090322,-0.043472,1.365828,-0.023505,-0.460012,1.123814,0.161003,-0.002144,1.089227,-0.104546,-0.358803,0.932073,0.342517,0.043079,0.810420,-0.118035,-0.385411,0.078158,-0.456229,-0.072196,0.053348,0.403749,,,,,,,,,,-0.338398,0.936205,0.356308,-0.303644,0.911227,0.388186,-0.289319,0.886006,0.409301,-0.319524,0.892438,0.420928,-0.301658,0.863503,0.435217,-0.286514,0.841678,0.436987,-0.339514,0.877121,0.416026,-0.322794,0.842778,0.425230,-0.309948,0.819994,0.424233,-0.356112,0.865113,0.410705,-0.341614,0.831441,0.418439,-0.330356,0.811904,0.414115,-0.370896,0.854402,0.398659,-0.356553,0.825220,0.403204,-0.344466,0.806607,0.398306,0.030532,0.792857,-0.105476,-0.007604,0.757421,-0.117222,-0.025875,0.735901,-0.139368,0.010973,0.721752,-0.137245,-0.015784,0.702570,-0.153879,-0.039980,0.700520,-0.164801,0.020493,0.729528,-0.159766,-0.005410,0.709201,-0.181201,-0.028738,0.712087,-0.192724,0.028399,0.737265,-0.177811,0.002763,0.720158,-0.199119,-0.017468,0.728214,-0.206384,0.033652,0.751240,-0.193795,0.009983,0.737671,-0.212056,-0.010713,0.739882,-0.221199,,,
60,2.000,-0.215298,0.917757,0.055844,-0.335016,0.919475,0.048761,-0.095580,0.916039,0.062928,-0.396247,0.477796,0.050293,-0.071148,0.544616,0.308449,-0.375888,0.286235,-0.318697,-0.091588,0.132705,0.252099,-0.213708,1.034978,0.057405,-0.216785,1.249100,0.067789,-0.198831,1.490258,0.088270,-0.184949,1.587892,0.121076,-0.236493,1.440104,0.094595,-0.168064,1.436573,0.076244,-0.368224,1.391432,0.145677,-0.040838,1.369369,0.038598,-0.451404,1.118516,0.200341,0.007383,1.089878,-0.027310,-0.382467,0.895762,0.360289,0.055032,0.811349,-0.016757,-0.393418,0.113313,-0.362018,-0.067115,0.048091,0.408073,,,,,,,,,,-0.363137,0.896259,0.376093,-0.332226,0.864157,0.405453,-0.320366,0.835086,0.422811,-0.351549,0.840782,0.432976,-0.336084,0.808789,0.442869,-0.322033,0.786210,0.441613,-0.371668,0.827701,0.423900,-0.357344,0.791322,0.427784,-0.345506,0.768369,0.423524,-0.388238,0.817758,0.415266,-0.375774,0.782499,0.417550,-0.365002,0.763501,0.410467,-0.402387,0.810178,0.400408,-0.390092,0.779735,0.400350,-0.378682,0.761551,0.392892,0.043562,0.794561,-0.002257,0.007802,0.755676,-0.009816,-0.008869,0.730708,-0.029464,0.028694,0.719219,-0.025714,0.002566,0.697294,-0.039756,-0.021644,0.693153,-0.050037,0.037809,0.724983,-0.048994,0.012506,0.701567,-0.067837,-0.011026,0.702418,-0.079275,0.045295,0.731112,-0.067820,0.020226,0.710722,-0.086786,-0.000413,0.717107,-0.094544,0.049729,0.743491,-0.085298,0.026597,0.726865,-0.101618,0.005730,0.727075,-0.110634,,,
61,2.033,-0.212225,0.925317,0.109741,-0.332052,0.926660,0.104718,-0.092398,0.923974,0.114763,-0.396934,0.491157,0.175147,-0.069765,0.536393,0.334082,-0.373779,0.298786,-0.193256,-0.089962,0.127537,0.258630,-0.210985,1.042539,0.111482,-0.214624,1.256539,0.124003,-0.199176,1.497432,0.149109,-0.187041,1.594687,0.183690,-0.236756,1.446965,0.152938,-0.167553,1.444128,0.137622,-0.370026,1.395972,0.197325,-0.038474,1.377889,0.104889,-0.445075,1.117997,0.235888,0.015663,1.096225,0.054707,-0.410949,0.869302,0.366047,0.062567,0.819772,0.091237,-0.396512,0.123344,-0.221356,-0.064276,0.043181,0.414548,,,,,,,,,,-0.392111,0.864823,0.381816,-0.363623,0.824834,0.402728,-0.353227,0.791958,0.412640,-0.384834,0.796363,0.423143,-0.370864,0.762250,0.424467,-0.357684,0.740198,0.417480,-0.405245,0.787034,0.410710,-0.392700,0.750249,0.404943,-0.381827,0.728680,0.394860,-0.421983,0.780443,0.399556,-0.411108,0.745267,0.392617,-0.400984,0.728302,0.380921,-0.436004,0.777567,0.383017,-0.425543,0.747466,0.375112,-0.415027,0.731184,0.363246,0.052554,0.804604,0.108363,0.019324,0.762853,0.107625,0.003622,0.734187,0.092824,0.042267,0.725849,0.096551,0.017599,0.700248,0.086720,-0.006432,0.692906,0.077915,0.050482,0.728697,0.072412,0.026364,0.701220,0.058026,0.002573,0.698890,0.047355,0.057141,0.732457,0.052675,0.033292,0.707835,0.037548,0.012125,0.711612,0.029506,0.060366,0.742392,0.033459,0.038336,0.722038,0.020110,0.017417,0.719528,0.011573,,,
62,2.067,-0.213073,0.937791,0.163473,-0.332934,0.938884,0.159239,-0.093213,0.936698,0.167707,-0.399975,0.516487,0.285410,-0.077960,0.530184,0.350318,-0.368336,0.289465,-0.062042,-0.090809,0.123307,0.263431,-0.212073,1.055012,0.165415,-0.215280,1.268938,0.179250,-0.202179,1.509561,0.208015,-0.192757,1.606462,0.244389,-0.239718,1.458932,0.209155,-0.169761,1.456500,0.197675,-0.374768,1.406157,0.245317,-0.038465,1.391448,0.172182,-0.443337,1.124477,0.263878,0.020366,1.108065,0.140298,-0.438192,0.859030,0.361172,0.060802,0.835738,0.204820,-0.389237,0.111564,-0.062510,-0.065448,0.038812,0.419328,,,,,,,,,,-0.419908,0.849907,0.375529,-0.393210,0.804836,0.385718,-0.383547,0.770316,0.387178,-0.415803,0.772819,0.397621,-0.402713,0.739170,0.390069,-0.389915,0.719378,0.377687,-0.436170,0.767807,0.382845,-0.424592,0.733488,0.367618,-0.414133,0.715037,0.352279,-0.452815,0.764969,0.370081,-0.442752,0.732581,0.354160,-0.432821,0.719029,0.338513,-0.466492,0.767021,0.353137,-0.457003,0.739714,0.337573,-0.446839,0.726803,0.321873,0.050949,0.823232,0.224059,0.019101,0.780786,0.229712,0.004425,0.749551,0.219894,0.043436,0.743295,0.225182,0.020687,0.714793,0.219642,-0.002620,0.704460,0.211962,0.052028,0.742444,0.201021,0.029526,0.711751,0.191264,0.006101,0.706414,0.180869,0.058949,0.743158,0.181031,0.036893,0.715013,0.169841,0.015797,0.716171,0.160864,0.062230,0.749925,0.160493,0.041620,0.726635,0.149975,0.021159,0.721700,0.141385,,,
63,2.100,-0.217700,0.953366,0.215442,-0.337559,0.954264,0.211128,-0.097841,0.952469,0.219755,-0.404266,0.546431,0.378625,-0.091206,0.528684,0.358300,-0.365373,0.265067,0.074347,-0.094363,0.122138,0.269002,-0.216892,1.070590,0.217364,-0.219227,1.284433,0.232576,-0.208380,1.524891,0.263580,-0.201941,1.621599,0.301097,-0.245769,1.474150,0.262449,-0.175307,1.471992,0.254567,-0.382310,1.420412,0.290740,-0.042174,1.408136,0.236730,-0.446728,1.137190,0.285703,0.020189,1.124005,0.223900,-0.463069,0.862166,0.349341,0.048961,0.858072,0.315618,-0.385213,0.091033,0.111824,-0.070774,0.037791,0.425256,,,,,,,,,,-0.445539,0.849524,0.361852,-0.419865,0.802740,0.362176,-0.410006,0.768743,0.356333,-0.443345,0.769332,0.365303,-0.430336,0.737599,0.351723,-0.417128,0.720427,0.336247,-0.463112,0.768383,0.348975,-0.451481,0.737839,0.327168,-0.440651,0.722839,0.308654,-0.479220,0.768993,0.335258,-0.469190,0.740456,0.313150,-0.458867,0.730262,0.295355,-0.492123,0.775269,0.318750,-0.482760,0.752057,0.297503,-0.472338,0.742886,0.279509,0.037206,0.848622,0.335521,0.004951,0.807100,0.344658,-0.008675,0.774473,0.338562,0.029622,0.769767,0.348632,0.008428,0.739690,0.346027,-0.013673,0.727108,0.338141,0.040622,0.765230,0.325901,0.019610,0.732691,0.319315,-0.002584,0.724989,0.307765,0.049536,0.762872,0.306849,0.029394,0.732442,0.298354,0.009355,0.731302,0.287214,0.054884,0.766344,0.285927,0.035888,0.741096,0.277010,0.016591,0.734254,0.267130,,,
64,2.133,-0.224203,0.968576,0.270568,-0.344040,0.969175,0.265643,-0.104365,0.967978,0.275493,-0.407257,0.572671,0.459605,-0.103406,0.530657,0.362569,-0.368976,0.231354,0.224445,-0.099305,0.123240,0.277373,-0.223679,1.085807,0.272081,-0.225291,1.299499,0.289371,-0.216867,1.539825,0.322102,-0.213129,1.636491,0.360090,-0.253928,1.488912,0.319236,-0.183202,1.487139,0.314093,-0.391166,1.433868,0.340852,-0.048687,1.424801,0.302264,-0.452656,1.151871,0.307895,0.017493,1.141268,0.305871,-0.481648,0.872201,0.337885,0.032100,0.883640,0.421522,-0.393120,0.073345,0.305292,-0.078042,0.038547,0.433774,,,,,,,,,,-0.464819,0.857322,0.348796,-0.438810,0.811266,0.341700,-0.427871,0.779014,0.330415,-0.462148,0.777963,0.336855,-0.448372,0.748088,0.320172,-0.434071,0.732893,0.303637,-0.480855,0.780251,0.319446,-0.468085,0.753196,0.293977,-0.456169,0.741000,0.274119,-0.496086,0.783551,0.305124,-0.485279,0.758452,0.279492,-0.474100,0.750821,0.260947,-0.507994,0.792940,0.289361,-0.497776,0.773888,0.264652,-0.486530,0.768048,0.245786,0.017630,0.877097,0.440795,-0.015826,0.836922,0.451504,-0.028703,0.803560,0.448589,0.007832,0.800983,0.464426,-0.012426,0.770161,0.464005,-0.033103,0.755721,0.455468,0.021867,0.793265,0.444383,0.001983,0.759640,0.440184,-0.018412,0.749743,0.427091,0.033336,0.788219,0.427324,0.014796,0.756270,0.421048,-0.003477,0.752843,0.407583,0.041569,0.788603,0.407064,0.024121,0.761862,0.399429,0.006467,0.753171,0.388044,,,
65,2.167,-0.229961,0.980084,0.315123,-0.349840,0.980982,0.311416,-0.110082,0.979186,0.318829,-0.404942,0.588434,0.515629,-0.111897,0.534754,0.355017,-0.371207,0.198110,0.375013,-0.105337,0.128333,0.265337,-0.229168,1.097291,0.317876,-0.230306,1.310876,0.336470,-0.225773,1.551365,0.368769,-0.224476,1.648153,0.406608,-0.262109,1.499992,0.364984,-0.191248,1.499080,0.361869,-0.399753,1.443942,0.380604,-0.055439,1.438835,0.355027,-0.458193,1.165475,0.322033,0.019019,1.158040,0.374865,-0.490915,0.884672,0.327904,0.024516,0.910532,0.511504,-0.399105,0.067443,0.494319,-0.084053,0.044347,0.422115,,,,,,,,,,-0.474450,0.869402,0.338829,-0.445640,0.825428,0.329647,-0.431845,0.795015,0.316537,-0.466747,0.791925,0.319192,-0.450154,0.763978,0.301749,-0.433631,0.750662,0.285672,-0.483852,0.795300,0.300370,-0.467685,0.771079,0.273994,-0.453480,0.761113,0.254399,-0.497837,0.799492,0.285045,-0.483901,0.777065,0.258464,-0.470850,0.771414,0.240441,-0.508687,0.810018,0.269237,-0.495588,0.793874,0.243825,-0.482517,0.790330,0.225575,0.008379,0.904508,0.529585,-0.025712,0.864438,0.538538,-0.038222,0.830932,0.535667,-0.003153,0.829135,0.554758,-0.023216,0.798210,0.553459,-0.042984,0.783397,0.543523,0.012693,0.820876,0.536347,-0.006734,0.787092,0.531364,-0.025841,0.776765,0.516750,0.025698,0.815366,0.520583,0.007883,0.783130,0.513702,-0.009081,0.779183,0.498749,0.035746,0.815150,0.501156,0.019111,0.788094,0.492845,0.002575,0.778973,0.480191,,,
66,2.200,-0.234333,0.983726,0.366486,-0.354235,0.983985,0.363479,-0.114431,0.983467,0.369493,-0.397245,0.585295,0.558490,-0.114316,0.537566,0.367370,-0.372573,0.170102,0.542060,-0.109666,0.134060,0.265266,-0.234183,1.100895,0.370625,-0.234059,1.314392,0.390231,-0.233870,1.555007,0.421904,-0.234824,1.651956,0.459341,-0.269359,1.503131,0.417080,-0.198428,1.503181,0.416317,-0.407108,1.445917,0.426204,-0.061023,1.446265,0.415471,-0.459006,1.172376,0.343309,0.024696,1.170473,0.452546,-0.491767,0.892034,0.326273,0.017615,0.937134,0.612119,-0.405070,0.076100,0.691035,-0.087467,0.050478,0.422134,,,,,,,,,,-0.475846,0.876647,0.337822,-0.444418,0.834464,0.328828,-0.428020,0.805532,0.315367,-0.462927,0.801026,0.314113,-0.443591,0.774840,0.296763,-0.425029,0.763161,0.281668,-0.478188,0.805073,0.293890,-0.458456,0.783218,0.267875,-0.441944,0.775064,0.249274,-0.490732,0.809804,0.277511,-0.473321,0.789675,0.251140,-0.458322,0.785676,0.234224,-0.500379,0.820996,0.261385,-0.484112,0.807058,0.236504,-0.469125,0.805206,0.219520,-0.000269,0.931373,0.628569,-0.034512,0.890974,0.635149,-0.046576,0.857303,0.632307,-0.013284,0.856612,0.654819,-0.033046,0.825613,0.651812,-0.051535,0.810555,0.639963,0.004562,0.848084,0.638477,-0.014030,0.814056,0.632150,-0.031355,0.803284,0.615745,0.019260,0.842332,0.624374,0.002365,0.809856,0.616391,-0.012886,0.805489,0.599799,0.031329,0.841704,0.606144,0.015595,0.814394,0.596953,0.000423,0.804901,0.582937,,,
67,2.233,-0.237660,0.978646,0.416329,-0.357542,0.975688,0.414067,-0.117778,0.981603,0.418591,-0.391449,0.580703,0.618199,-0.109002,0.536265,0.397878,-0.384007,0.173574,0.704536,-0.107286,0.141234,0.266686,-0.240645,1.095738,0.421438,-0.237882,1.309202,0.441220,-0.242853,1.549871,0.472085,-0.245658,1.646974,0.509025,-0.277275,1.497399,0.466109,-0.206376,1.498626,0.467997,-0.414648,1.438650,0.469063,-0.067551,1.445609,0.474099,-0.455954,1.170624,0.364921,0.030297,1.177424,0.531425,-0.485353,0.892102,0.325982,0.013476,0.958379,0.709462,-0.419838,0.119072,0.871364,-0.084947,0.055393,0.422310,,,,,,,,,,-0.470408,0.876492,0.338496,-0.437126,0.835439,0.331087,-0.418523,0.807525,0.318362,-0.453059,0.802394,0.312883,-0.431385,0.777403,0.296563,-0.411044,0.766787,0.283061,-0.466112,0.807116,0.291305,-0.443157,0.786901,0.266644,-0.424533,0.779954,0.249615,-0.476903,0.812389,0.273877,-0.456227,0.793919,0.248676,-0.439382,0.791041,0.233344,-0.485007,0.824159,0.257319,-0.465733,0.811773,0.233802,-0.448916,0.811045,0.218533,-0.006056,0.953200,0.724135,-0.040141,0.912471,0.729361,-0.052071,0.878676,0.727642,-0.020702,0.879874,0.753399,-0.039856,0.848595,0.749485,-0.056725,0.832834,0.736218,-0.000981,0.870800,0.739724,-0.018358,0.836182,0.733146,-0.033545,0.824281,0.715453,0.015312,0.864556,0.727743,-0.000401,0.831527,0.719619,-0.013644,0.826149,0.701656,0.029375,0.863114,0.711053,0.014679,0.835248,0.701819,0.001083,0.824900,0.686823,,,
68,2.267,-0.240602,0.967539,0.470994,-0.360365,0.961084,0.470212,-0.120838,0.973993,0.471775,-0.388542,0.578795,0.698015,-0.102590,0.530275,0.431605,-0.404860,0.190454,0.846971,-0.104118,0.146943,0.269376,-0.246941,1.084471,0.476668,-0.242637,1.298000,0.495446,-0.252244,1.538709,0.524869,-0.256374,1.635952,0.561313,-0.285657,1.485685,0.518096,-0.214879,1.488014,0.522195,-0.422710,1.426163,0.515852,-0.075703,1.437236,0.535303,-0.452996,1.163745,0.394984,0.031249,1.178450,0.615147,-0.478694,0.888457,0.335731,0.006186,0.971987,0.806733,-0.442973,0.176664,1.021451,-0.081583,0.057797,0.423102,,,,,,,,,,-0.464876,0.872320,0.348858,-0.430389,0.832059,0.342716,-0.410171,0.805076,0.330456,-0.443865,0.799925,0.321198,-0.419956,0.776600,0.305548,-0.398075,0.767399,0.293492,-0.454704,0.805712,0.298675,-0.428881,0.787508,0.275318,-0.408461,0.781984,0.259903,-0.463728,0.811840,0.280536,-0.440055,0.795483,0.256541,-0.421635,0.793950,0.242921,-0.470267,0.824432,0.263892,-0.448447,0.813784,0.241790,-0.430150,0.814223,0.228317,-0.014563,0.967602,0.819920,-0.048179,0.926556,0.825678,-0.059741,0.892593,0.826136,-0.030505,0.896842,0.854366,-0.048749,0.864940,0.851211,-0.063984,0.847773,0.837715,-0.009382,0.887134,0.843512,-0.025375,0.851608,0.838436,-0.038530,0.837816,0.820491,0.008112,0.880298,0.833750,-0.006260,0.846349,0.827060,-0.017616,0.839166,0.808448,0.023744,0.877752,0.818665,0.010264,0.848886,0.810738,-0.001772,0.836964,0.795579,,,
69,2.300,-0.244368,0.952750,0.529501,-0.364030,0.944701,0.530797,-0.124705,0.960799,0.528205,-0.388639,0.582027,0.789051,-0.100873,0.520279,0.463342,-0.416776,0.204917,0.963004,-0.104671,0.150737,0.271802,-0.252158,1.069566,0.535732,-0.248618,1.283208,0.553351,-0.260507,1.523982,0.581375,-0.265370,1.621380,0.617312,-0.293404,1.470684,0.574240,-0.222735,1.473547,0.579662,-0.430470,1.411505,0.567744,-0.084068,1.423207,0.598574,-0.452552,1.153301,0.436470,0.028296,1.173769,0.698268,-0.476839,0.882227,0.359762,-0.001322,0.976428,0.898617,-0.454657,0.226141,1.136788,-0.081007,0.059651,0.424215,,,,,,,,,,-0.463819,0.865432,0.372878,-0.428693,0.825709,0.366860,-0.407358,0.799486,0.354848,-0.440441,0.794781,0.342721,-0.414362,0.774465,0.326359,-0.391365,0.767729,0.314757,-0.449775,0.801781,0.319871,-0.421673,0.786559,0.297017,-0.400046,0.783105,0.282684,-0.457598,0.808882,0.301531,-0.431430,0.795509,0.278290,-0.411966,0.795822,0.266117,-0.463093,0.822363,0.285207,-0.439434,0.813588,0.264203,-0.420188,0.815226,0.252227,-0.022717,0.972322,0.910825,-0.055207,0.930588,0.917944,-0.065291,0.896249,0.920497,-0.038415,0.904050,0.950068,-0.055344,0.871324,0.948329,-0.069069,0.852584,0.935313,-0.016314,0.894327,0.941393,-0.030638,0.857869,0.938358,-0.042081,0.842158,0.920822,0.001998,0.887413,0.933338,-0.010751,0.852508,0.928542,-0.020612,0.843444,0.909899,0.018651,0.884259,0.919513,0.006612,0.854347,0.913334,-0.004066,0.840748,0.898575,,,
70,2.333,-0.249129,0.938709,0.590580,-0.368765,0.930714,0.593567,-0.129493,0.946704,0.587594,-0.392631,0.573107,0.858860,-0.104542,0.511289,0.494731,-0.416533,0.197065,1.035734,-0.107073,0.156152,0.277624,-0.256775,1.055524,0.597006,-0.255214,1.269204,0.614446,-0.268261,1.509919,0.642464,-0.274034,1.607360,0.678150,-0.300874,1.456553,0.634576,-0.230343,1.459574,0.641501,-0.437529,1.397048,0.623800,-0.092163,1.409936,0.665222,-0.453016,1.140031,0.489294,0.022242,1.166637,0.777030,-0.476710,0.873029,0.399271,-0.006355,0.973239,0.981333,-0.449933,0.218728,1.210380,-0.082774,0.059522,0.426481,,,,,,,,,,-0.463905,0.855606,0.411766,-0.428403,0.816439,0.404446,-0.406645,0.791021,0.391498,-0.439382,0.786818,0.378383,-0.412376,0.768755,0.360919,-0.389007,0.763750,0.349186,-0.448210,0.795009,0.355729,-0.419147,0.782063,0.332676,-0.397082,0.780119,0.318731,-0.455636,0.803063,0.337618,-0.428427,0.791885,0.314413,-0.408610,0.793455,0.302927,-0.460820,0.817388,0.321924,-0.436404,0.810040,0.301240,-0.416810,0.812524,0.289999,-0.028040,0.969342,0.993088,-0.059522,0.927213,1.002146,-0.068363,0.892756,1.006825,-0.043111,0.903603,1.036665,-0.059021,0.870325,1.036684,-0.071721,0.850304,1.024567,-0.020439,0.893992,1.029464,-0.033506,0.856948,1.028667,-0.043826,0.839641,1.011956,-0.001657,0.887103,1.022550,-0.013217,0.851568,1.019814,-0.022133,0.840926,1.001533,0.015562,0.883495,1.009555,0.004600,0.852855,1.005218,-0.005166,0.837895,0.991161,,,
71,2.367,-0.254909,0.926257,0.654333,-0.374647,0.920053,0.657485,-0.135171,0.932460,0.651182,-0.396326,0.555314,0.913078,-0.113526,0.504478,0.527912,-0.410532,0.172910,1.076873,-0.109935,0.163857,0.288688,-0.260849,1.043257,0.658940,-0.261726,1.257093,0.674404,-0.276693,1.497887,0.700735,-0.284230,1.595532,0.735522,-0.308817,1.444324,0.692199,-0.238529,1.447720,0.701136,-0.444419,1.383050,0.678447,-0.100569,1.399852,0.729347,-0.456599,1.123730,0.548084,0.014465,1.158153,0.843945,-0.480296,0.857921,0.454600,-0.007209,0.962254,1.046711,-0.435208,0.160967,1.253888,-0.084705,0.055698,0.429227,,,,,,,,,,-0.467446,0.839763,0.465950,-0.432970,0.800289,0.455886,-0.412275,0.775120,0.440875,-0.445349,0.771981,0.429004,-0.419235,0.754404,0.409776,-0.396368,0.749646,0.396997,-0.454727,0.781266,0.407002,-0.426614,0.768776,0.382561,-0.405017,0.767020,0.367878,-0.462563,0.790199,0.389486,-0.436246,0.779575,0.365026,-0.416753,0.781301,0.353021,-0.467960,0.805256,0.374568,-0.444231,0.798225,0.352993,-0.424882,0.800734,0.341340,-0.028885,0.958475,1.058521,-0.059480,0.916165,1.069554,-0.067173,0.881701,1.075912,-0.042793,0.894742,1.105343,-0.057811,0.861122,1.107525,-0.069963,0.840031,1.096734,-0.019860,0.885290,1.098783,-0.031942,0.847931,1.100188,-0.041733,0.829378,1.084528,-0.000880,0.878483,1.092348,-0.011422,0.842534,1.091681,-0.019932,0.830587,1.074023,0.016508,0.874603,1.079660,0.006621,0.843408,1.077030,-0.002527,0.827364,1.063774,,,
72,2.400,-0.261813,0.916044,0.721236,-0.381651,0.911308,0.722682,-0.141976,0.920781,0.719791,-0.398916,0.537735,0.965536,-0.124200,0.504294,0.561502,-0.405654,0.146353,1.107093,-0.109660,0.176891,0.304871,-0.266405,1.033156,0.724296,-0.269803,1.247229,0.735564,-0.285839,1.488547,0.755743,-0.295859,1.586732,0.788312,-0.317636,1.434731,0.747580,-0.247633,1.438482,0.758408,-0.452404,1.372029,0.732172,-0.110008,1.392048,0.790403,-0.466042,1.108072,0.611629,0.002902,1.147462,0.900912,-0.491678,0.839504,0.526957,-0.009846,0.943681,1.096543,-0.428131,0.093518,1.276767,-0.083171,0.048211,0.426634,,,,,,,,,,-0.478739,0.820803,0.537276,-0.446133,0.780487,0.524649,-0.427354,0.755081,0.507647,-0.460930,0.752972,0.498169,-0.436534,0.735025,0.477113,-0.414629,0.729856,0.462891,-0.471304,0.762865,0.476890,-0.444956,0.749923,0.450775,-0.424261,0.747757,0.434897,-0.479884,0.772293,0.459994,-0.455307,0.761308,0.433935,-0.436482,0.762658,0.420863,-0.485691,0.787729,0.445628,-0.463329,0.780201,0.422797,-0.444534,0.782217,0.410181,-0.031487,0.940031,1.108457,-0.061837,0.897793,1.120406,-0.068585,0.863258,1.127417,-0.044991,0.877211,1.156612,-0.059370,0.843512,1.160880,-0.071331,0.821660,1.151481,-0.022015,0.867750,1.150221,-0.033545,0.830329,1.153438,-0.043226,0.810937,1.138757,-0.003005,0.860914,1.143904,-0.012833,0.824769,1.144836,-0.021207,0.811916,1.127760,0.014389,0.856866,1.131277,0.005370,0.825339,1.129692,-0.003348,0.808668,1.116930,,,
73,2.433,-0.271179,0.909438,0.785873,-0.391065,0.905911,0.785075,-0.151294,0.912966,0.786672,-0.411363,0.535011,1.031761,-0.126879,0.497357,0.626966,-0.410360,0.130938,1.131697,-0.106156,0.194374,0.342299,-0.274638,1.026617,0.787566,-0.281094,1.240771,0.795451,-0.295254,1.482675,0.808900,-0.307400,1.581481,0.838754,-0.327416,1.428930,0.801765,-0.257531,1.432377,0.813425,-0.462270,1.366399,0.786411,-0.120554,1.385424,0.847379,-0.483624,1.097736,0.677996,-0.013118,1.133450,0.946121,-0.515478,0.825221,0.609615,-0.016841,0.917388,1.128505,-0.433755,0.046667,1.288021,-0.078855,0.038074,0.425434,,,,,,,,,,-0.502483,0.806700,0.620186,-0.470865,0.765473,0.607996,-0.453230,0.739325,0.590896,-0.486883,0.737268,0.582992,-0.463380,0.718499,0.561640,-0.442033,0.712704,0.546823,-0.497787,0.746561,0.561708,-0.472330,0.732433,0.535325,-0.452118,0.729487,0.518957,-0.506766,0.755516,0.544762,-0.483079,0.743307,0.518425,-0.464621,0.743944,0.504786,-0.512808,0.770522,0.530041,-0.491002,0.761619,0.507168,-0.472421,0.762723,0.494129,-0.038486,0.914010,1.140494,-0.069582,0.872222,1.152102,-0.077139,0.837783,1.158752,-0.052943,0.850880,1.187962,-0.067534,0.817396,1.193109,-0.079884,0.795490,1.184358,-0.030188,0.841056,1.181329,-0.042120,0.803811,1.185069,-0.052238,0.784341,1.170791,-0.011348,0.833933,1.174824,-0.021460,0.797878,1.176112,-0.030115,0.784962,1.159224,0.005897,0.829705,1.162052,-0.003294,0.798230,1.160408,-0.012169,0.781598,1.147705,,,
74,2.467,-0.282229,0.906412,0.847426,-0.402107,0.903567,0.844818,-0.162351,0.909256,0.850033,-0.431072,0.544990,1.108287,-0.117173,0.481012,0.734282,-0.417581,0.129990,1.137553,-0.097225,0.219004,0.411454,-0.285017,1.023620,0.847775,-0.292418,1.237804,0.853768,-0.306346,1.479915,0.863115,-0.319883,1.579089,0.891091,-0.338561,1.426087,0.856902,-0.268669,1.429665,0.868483,-0.473260,1.362671,0.844024,-0.131724,1.382562,0.902357,-0.503565,1.089635,0.749564,-0.026634,1.122665,0.981054,-0.540353,0.813113,0.703332,-0.018039,0.891766,1.144064,-0.443361,0.042537,1.291739,-0.077107,0.041805,0.428248,,,,,,,,,,-0.527344,0.795581,0.715457,-0.496282,0.753046,0.706859,-0.479661,0.725372,0.691205,-0.512945,0.722703,0.684975,-0.490148,0.701774,0.664904,-0.469236,0.694367,0.650185,-0.524116,0.729989,0.663057,-0.499174,0.713147,0.637798,-0.479241,0.708448,0.621499,-0.533294,0.737341,0.645459,-0.510224,0.722283,0.620066,-0.492013,0.721322,0.606118,-0.539449,0.750903,0.629440,-0.517774,0.739324,0.607666,-0.499206,0.738747,0.594574,-0.039391,0.887869,1.156414,-0.070344,0.845648,1.166774,-0.078397,0.811080,1.172025,-0.052899,0.822563,1.201140,-0.067262,0.788868,1.205487,-0.079832,0.767258,1.196325,-0.030352,0.813014,1.193476,-0.042088,0.775623,1.196274,-0.052590,0.756574,1.181710,-0.011706,0.806165,1.186168,-0.021751,0.770069,1.186260,-0.030848,0.757813,1.169114,0.005201,0.802513,1.172781,-0.004006,0.771125,1.169980,-0.013185,0.755018,1.156824,,,
75,2.500,-0.292660,0.907453,0.907491,-0.412494,0.905120,0.903027,-0.172826,0.909785,0.911956,-0.446468,0.545202,1.164058,-0.108909,0.470719,0.867596,-0.421917,0.130326,1.140854,-0.094089,0.256253,0.511158,-0.294911,1.024670,0.906674,-0.301659,1.238902,0.911670,-0.315009,1.481091,0.919724,-0.329145,1.580310,0.947244,-0.347394,1.427294,0.914169,-0.277377,1.430798,0.924994,-0.481943,1.362965,0.904698,-0.140229,1.383041,0.957086,-0.521497,1.085895,0.826871,-0.038966,1.116153,1.014538,-0.561179,0.806566,0.808002,-0.021451,0.872313,1.156650,-0.449201,0.042959,1.294830,-0.074475,0.081594,0.476581,,,,,,,,,,-0.548375,0.790174,0.821822,-0.518327,0.746276,0.817573,-0.503401,0.716928,0.803323,-0.535916,0.714108,0.799322,-0.514258,0.690263,0.781350,-0.493932,0.680487,0.767206,-0.547229,0.719209,0.776866,-0.523081,0.699039,0.753334,-0.503512,0.692054,0.737416,-0.556490,0.724802,0.758674,-0.534459,0.706150,0.734790,-0.516593,0.702969,0.720726,-0.562578,0.736671,0.741341,-0.541261,0.722045,0.721101,-0.522764,0.719415,0.708162,-0.042453,0.867680,1.169340,-0.073304,0.824966,1.177812,-0.081101,0.790086,1.180964,-0.054981,0.799616,1.210059,-0.069365,0.765728,1.212354,-0.082259,0.744862,1.201994,-0.032717,0.790520,1.201125,-0.044410,0.753020,1.201915,-0.055370,0.734905,1.186520,-0.014326,0.784108,1.192837,-0.024513,0.748107,1.190826,-0.034151,0.737028,1.173183,0.002164,0.781292,1.178747,-0.007191,0.750138,1.174310,-0.016795,0.734860,1.160484,,,
76,2.533,-0.301754,0.911932,0.965982,-0.421477,0.910273,0.958970,-0.182030,0.913592,0.972993,-0.456701,0.539769,1.204569,-0.112524,0.474194,1.003505,-0.425866,0.128804,1.146091,-0.100177,0.285660,0.632606,-0.303269,1.029149,0.964121,-0.308607,1.243432,0.968635,-0.319503,1.485695,0.978036,-0.332752,1.584824,1.006309,-0.352524,1.432217,0.973178,-0.282202,1.435041,0.982043,-0.487116,1.367511,0.967746,-0.144641,1.385927,1.010063,-0.534889,1.087013,0.909195,-0.050441,1.113553,1.051567,-0.575534,0.807455,0.921456,-0.024217,0.859556,1.173051,-0.454959,0.041878,1.299985,-0.064764,0.115491,0.589308,,,,,,,,,,-0.562829,0.792264,0.936669,-0.533644,0.747585,0.936411,-0.520069,0.716788,0.923985,-0.552076,0.714118,0.921666,-0.531519,0.687742,0.906097,-0.511770,0.675789,0.892835,-0.563621,0.717192,0.898961,-0.540432,0.693997,0.877327,-0.521334,0.684834,0.861952,-0.573044,0.721137,0.880423,-0.552006,0.699389,0.858329,-0.534503,0.694192,0.844409,-0.579168,0.731350,0.862077,-0.558459,0.714263,0.843178,-0.540211,0.709915,0.830349,-0.044898,0.854044,1.185918,-0.075622,0.810854,1.192128,-0.082311,0.775608,1.192739,-0.056538,0.783267,1.222012,-0.070979,0.749326,1.221958,-0.084167,0.729371,1.210259,-0.034531,0.774818,1.211884,-0.046263,0.737358,1.210223,-0.057632,0.720436,1.193801,-0.016375,0.769000,1.202691,-0.026662,0.733240,1.198308,-0.036753,0.723487,1.180142,-0.000258,0.767183,1.188016,-0.009570,0.736335,1.181733,-0.019447,0.721960,1.167153,,,
77,2.567,-0.308870,0.920072,1.023440,-0.428443,0.919150,1.014112,-0.189297,0.920995,1.032767,-0.459905,0.530813,1.230992,-0.122135,0.491623,1.132577,-0.427703,0.124319,1.147387,-0.112367,0.292036,0.767429,-0.309559,1.037280,1.020684,-0.313388,1.251596,1.025105,-0.321487,1.493866,1.036871,-0.332327,1.592934,1.066358,-0.355215,1.440739,1.033162,-0.284530,1.442837,1.038727,-0.489855,1.375912,1.034166,-0.146291,1.392192,1.059828,-0.543226,1.092719,0.997519,-0.059180,1.115614,1.086292,-0.580275,0.816218,1.043665,-0.021006,0.853979,1.186543,-0.457908,0.036524,1.300572,-0.068843,0.120119,0.742201,,,,,,,,,,-0.567041,0.802604,1.059888,-0.538342,0.757739,1.063279,-0.525700,0.725567,1.053676,-0.557756,0.723131,1.053148,-0.538255,0.694692,1.040052,-0.519248,0.680855,1.027560,-0.570292,0.723863,1.030774,-0.548461,0.697913,1.010931,-0.530224,0.686691,0.995878,-0.580509,0.725887,1.012348,-0.560603,0.701663,0.991837,-0.543764,0.694818,0.977813,-0.587360,0.734111,0.993274,-0.567751,0.714951,0.975209,-0.550196,0.709145,0.961995,-0.040838,0.847190,1.200116,-0.070657,0.803178,1.204776,-0.075922,0.767742,1.202790,-0.049552,0.773725,1.231334,-0.063462,0.739594,1.229868,-0.077058,0.720232,1.217654,-0.028079,0.766408,1.219350,-0.039520,0.729013,1.215555,-0.051670,0.713221,1.198576,-0.010425,0.761584,1.208716,-0.020408,0.726030,1.202385,-0.031402,0.717411,1.184170,0.004829,0.761129,1.193047,-0.004161,0.730625,1.184895,-0.014527,0.717182,1.169774,,,
78,2.600,-0.312985,0.930561,1.079213,-0.432466,0.930371,1.068729,-0.193504,0.930752,1.089697,-0.455920,0.524195,1.251222,-0.128423,0.519063,1.248155,-0.427521,0.120297,1.154664,-0.125993,0.285112,0.903880,-0.312874,1.047754,1.075820,-0.315693,1.262088,1.080143,-0.321714,1.504350,1.093243,-0.329592,1.603379,1.123782,-0.355905,1.451430,1.091194,-0.285010,1.453106,1.092876,-0.490548,1.387290,1.100624,-0.146258,1.401037,1.105405,-0.547044,1.102668,1.086915,-0.064589,1.121651,1.112962,-0.573239,0.832981,1.167772,-0.013882,0.854061,1.189022,-0.457189,0.033100,1.308295,-0.089460,0.109786,0.907368,,,,,,,,,,-0.558663,0.821376,1.184400,-0.529783,0.776984,1.190982,-0.517478,0.743796,1.185126,-0.549998,0.741590,1.186998,-0.531361,0.711674,1.176123,-0.513292,0.696320,1.164016,-0.564408,0.739634,1.165861,-0.544242,0.711257,1.147644,-0.527305,0.698115,1.132626,-0.576168,0.739432,1.148264,-0.557661,0.713142,1.129027,-0.541932,0.704853,1.114500,-0.584630,0.745262,1.128956,-0.566723,0.723944,1.111554,-0.550427,0.716520,1.097561,-0.032025,0.845662,1.203985,-0.060715,0.800821,1.207742,-0.065594,0.765600,1.202944,-0.036519,0.769484,1.228973,-0.049748,0.735132,1.226637,-0.064282,0.716291,1.214690,-0.016431,0.763727,1.214087,-0.027829,0.726569,1.208344,-0.041647,0.712023,1.191528,-0.000014,0.760253,1.201187,-0.009983,0.725067,1.193036,-0.022782,0.717672,1.175473,0.013419,0.761541,1.183974,0.004248,0.731646,1.173972,-0.007397,0.719347,1.158810,,,
79,2.633,-0.313422,0.942794,1.135006,-0.432853,0.943418,1.123985,-0.193991,0.942169,1.146028,-0.448707,0.520785,1.265274,-0.134616,0.552048,1.353664,-0.425926,0.119180,1.158237,-0.137874,0.274549,1.043426,-0.312463,1.059972,1.131253,-0.315538,1.274317,1.134759,-0.319073,1.516638,1.147673,-0.324011,1.615647,1.178887,-0.353716,1.463973,1.147500,-0.282819,1.465118,1.145509,-0.488354,1.401675,1.165471,-0.144250,1.411266,1.149848,-0.547536,1.117393,1.173896,-0.068552,1.130393,1.137050,-0.556826,0.858984,1.288324,-0.011157,0.858380,1.188769,-0.454589,0.032358,1.312271,-0.109229,0.103033,1.086415,,,,,,,,,,-0.540278,0.849639,1.304524,-0.510128,0.806505,1.313383,-0.496940,0.773194,1.311490,-0.530092,0.770865,1.316296,-0.511999,0.739966,1.307436,-0.494958,0.723338,1.295524,-0.546769,0.766181,1.297369,-0.528267,0.735749,1.280776,-0.512885,0.720830,1.265747,-0.560441,0.763698,1.281404,-0.543519,0.735465,1.263506,-0.529287,0.725659,1.248392,-0.571127,0.766979,1.262604,-0.555136,0.743549,1.246072,-0.540497,0.734385,1.231301,-0.027421,0.848740,1.205085,-0.056594,0.804155,1.208097,-0.063066,0.769688,1.200516,-0.030705,0.770467,1.222697,-0.044647,0.736500,1.219179,-0.060958,0.718857,1.207706,-0.012891,0.765991,1.204784,-0.025871,0.729709,1.197120,-0.042143,0.717016,1.181014,0.001606,0.763633,1.189543,-0.009994,0.729437,1.179548,-0.025113,0.723823,1.163213,0.012714,0.766497,1.170921,0.001841,0.737797,1.159262,-0.011825,0.727085,1.144590,,,
80,2.667,-0.312904,0.954232,1.191599,-0.432255,0.955699,1.179826,-0.193552,0.952766,1.203371,-0.440653,0.519989,1.274267,-0.140464,0.585346,1.450386,-0.423834,0.120658,1.158013,-0.145440,0.261125,1.189389,-0.311097,1.071401,1.187878,-0.314515,1.285748,1.190928,-0.314851,1.528098,1.203797,-0.316747,1.627015,1.235627,-0.350022,1.475805,1.205322,-0.279292,1.476193,1.199946,-0.484504,1.415834,1.230810,-0.141534,1.420224,1.196739,-0.546635,1.133508,1.259470,-0.072716,1.139295,1.163175,-0.532435,0.891200,1.404524,-0.013838,0.864200,1.191751,-0.451307,0.033212,1.311911,-0.119459,0.106583,1.276153,,,,,,,,,,-0.513586,0.884493,1.419469,-0.480522,0.843814,1.429471,-0.465376,0.811304,1.430385,-0.498227,0.808173,1.439141,-0.479706,0.777029,1.432236,-0.463307,0.759578,1.420603,-0.516858,0.800624,1.423199,-0.499065,0.768907,1.408329,-0.484911,0.752668,1.393461,-0.532254,0.795725,1.409525,-0.516342,0.765893,1.393382,-0.503597,0.754624,1.377965,-0.545318,0.796290,1.391992,-0.530490,0.771374,1.376587,-0.517399,0.760824,1.361297,-0.028625,0.853681,1.208907,-0.059887,0.810483,1.211048,-0.069263,0.777363,1.200925,-0.034549,0.774233,1.218933,-0.050712,0.741468,1.213858,-0.069243,0.725865,1.202807,-0.019268,0.770827,1.198606,-0.035230,0.736212,1.189087,-0.054028,0.726069,1.173952,-0.006832,0.769400,1.181538,-0.021535,0.737017,1.169750,-0.038781,0.733858,1.154933,0.002163,0.773682,1.162066,-0.011600,0.746867,1.149052,-0.027461,0.738353,1.135170,,,
81,2.700,-0.312436,0.961657,1.246825,-0.431682,0.963874,1.234142,-0.193189,0.959440,1.259507,-0.432194,0.520410,1.280746,-0.145607,0.615752,1.539592,-0.421845,0.123360,1.156214,-0.149247,0.245885,1.348677,-0.309921,1.078829,1.243670,-0.313609,1.293151,1.247966,-0.310240,1.535391,1.262351,-0.309166,1.634073,1.294942,-0.345976,1.483536,1.265146,-0.275564,1.483071,1.256564,-0.480101,1.425941,1.297159,-0.138966,1.425233,1.245798,-0.546487,1.146884,1.343091,-0.077629,1.145950,1.190819,-0.500953,0.925680,1.513239,-0.021128,0.868978,1.198204,-0.447996,0.035458,1.310082,-0.121739,0.122102,1.475197,,,,,,,,,,-0.480187,0.921883,1.526581,-0.443924,0.884382,1.537835,-0.426563,0.853187,1.541390,-0.458348,0.849701,1.554155,-0.438842,0.818718,1.549665,-0.422746,0.800488,1.538830,-0.478191,0.839261,1.541683,-0.460319,0.806518,1.529345,-0.446951,0.788932,1.515306,-0.494721,0.831890,1.530709,-0.479091,0.800627,1.517216,-0.467521,0.787717,1.502164,-0.509686,0.829493,1.514939,-0.495319,0.803233,1.501450,-0.483451,0.791143,1.486302,-0.035000,0.857467,1.215488,-0.068596,0.816008,1.216073,-0.080827,0.784717,1.203478,-0.044985,0.777827,1.217806,-0.063646,0.746793,1.210792,-0.084038,0.733590,1.199892,-0.031767,0.775829,1.195907,-0.050691,0.743389,1.184371,-0.071343,0.736010,1.170075,-0.020972,0.775597,1.177703,-0.038744,0.745577,1.164034,-0.057385,0.745029,1.150649,-0.013449,0.781472,1.158023,-0.029974,0.756993,1.143687,-0.047502,0.750899,1.130556,,,
82,2.733,-0.311038,0.965026,1.301494,-0.430208,0.967945,1.288248,-0.191867,0.962107,1.314739,-0.426639,0.522062,1.291132,-0.153907,0.634155,1.614471,-0.419888,0.128746,1.155042,-0.147958,0.230906,1.511423,-0.307949,1.082211,1.299529,-0.312497,1.296458,1.306103,-0.304776,1.538435,1.323012,-0.301225,1.636781,1.356435,-0.341158,1.487092,1.326754,-0.271190,1.485674,1.315172,-0.474775,1.431967,1.364693,-0.136011,1.426436,1.296792,-0.546959,1.157412,1.426326,-0.083211,1.150362,1.220772,-0.467226,0.959874,1.612274,-0.031610,0.872574,1.209298,-0.444636,0.040378,1.308875,-0.119516,0.139857,1.663038,,,,,,,,,,-0.445067,0.958720,1.623733,-0.406380,0.924324,1.636702,-0.387204,0.894719,1.643257,-0.417667,0.892341,1.659658,-0.397464,0.861529,1.657915,-0.381829,0.842225,1.648337,-0.438253,0.879602,1.651161,-0.420351,0.845765,1.642313,-0.407730,0.826495,1.629884,-0.455514,0.870206,1.643304,-0.440103,0.837533,1.633366,-0.429608,0.822636,1.619401,-0.471910,0.864996,1.629797,-0.457829,0.837266,1.619273,-0.447001,0.823174,1.605108,-0.044749,0.859756,1.226231,-0.080102,0.819803,1.224858,-0.094670,0.790590,1.209968,-0.058218,0.780790,1.220686,-0.078983,0.751681,1.211630,-0.100756,0.740775,1.200862,-0.046680,0.780731,1.197770,-0.067942,0.750616,1.184184,-0.089883,0.745778,1.170748,-0.037214,0.782107,1.178888,-0.057443,0.754619,1.163427,-0.077000,0.756377,1.151536,-0.030832,0.789838,1.159449,-0.049604,0.767827,1.143927,-0.068343,0.763965,1.131649,,,
83,2.767,-0.309346,0.964989,1.357668,-0.428366,0.970170,1.343780,-0.190325,0.959809,1.371557,-0.426127,0.526174,1.302603,-0.167579,0.630165,1.670973,-0.420347,0.137363,1.154090,-0.144763,0.214547,1.668758,-0.304225,1.082119,1.357477,-0.310937,1.296249,1.365788,-0.298132,1.537795,1.385546,-0.292687,1.635713,1.419953,-0.335277,1.487061,1.390032,-0.265848,1.484556,1.375714,-0.468202,1.434496,1.433613,-0.132390,1.424094,1.350148,-0.547040,1.166021,1.511686,-0.089494,1.152163,1.255293,-0.436971,0.990512,1.704136,-0.044233,0.874452,1.227220,-0.443673,0.047308,1.307166,-0.116328,0.158397,1.836463,,,,,,,,,,-0.413843,0.991479,1.713504,-0.373279,0.960072,1.728206,-0.352438,0.932451,1.737686,-0.381621,0.932175,1.757005,-0.360934,0.901680,1.758647,-0.345746,0.881166,1.751076,-0.402563,0.918006,1.752656,-0.384607,0.883359,1.748080,-0.372603,0.862396,1.738004,-0.420223,0.907273,1.748080,-0.404928,0.873545,1.742400,-0.395333,0.856612,1.730220,-0.437638,0.899751,1.737195,-0.423644,0.870864,1.730288,-0.413626,0.854737,1.717797,-0.056565,0.860281,1.243673,-0.093390,0.821760,1.240837,-0.110239,0.794729,1.224320,-0.073341,0.782796,1.230929,-0.096114,0.755778,1.220347,-0.119117,0.747076,1.210144,-0.063523,0.784860,1.207316,-0.086916,0.757128,1.192240,-0.109949,0.754515,1.180076,-0.055420,0.787977,1.188012,-0.077917,0.763079,1.171344,-0.098215,0.766800,1.161288,-0.050195,0.797560,1.169058,-0.070975,0.777942,1.152898,-0.090728,0.775943,1.141826,,,
84,2.800,-0.307901,0.960916,1.415984,-0.426685,0.968366,1.401135,-0.189118,0.953466,1.430834,-0.427669,0.529125,1.324331,-0.176905,0.606185,1.710261,-0.421295,0.149149,1.154503,-0.144389,0.199663,1.793603,-0.300797,1.077927,1.417864,-0.308959,1.291969,1.427095,-0.292320,1.533114,1.448797,-0.285757,1.630704,1.483935,-0.329993,1.482830,1.453907,-0.261064,1.479557,1.437483,-0.461607,1.431353,1.502480,-0.129110,1.418643,1.405893,-0.546137,1.170150,1.597442,-0.095179,1.150873,1.296659,-0.408756,1.014907,1.789747,-0.055373,0.873967,1.255439,-0.443860,0.056228,1.305970,-0.117088,0.179927,1.969533,,,,,,,,,,-0.385279,1.017852,1.797736,-0.343324,0.990098,1.815553,-0.320802,0.965327,1.828447,-0.349700,0.967267,1.848950,-0.328141,0.938015,1.855283,-0.312646,0.916798,1.850976,-0.370437,0.952188,1.847999,-0.351734,0.917649,1.848994,-0.339533,0.895460,1.842371,-0.387992,0.940519,1.846100,-0.372055,0.906611,1.845898,-0.362485,0.887959,1.836537,-0.405659,0.930963,1.837441,-0.391091,0.901634,1.835088,-0.381083,0.883792,1.825187,-0.066942,0.858641,1.271404,-0.105045,0.821450,1.267806,-0.123958,0.796444,1.250359,-0.086958,0.783093,1.252977,-0.111549,0.758063,1.241603,-0.135566,0.751241,1.232352,-0.078776,0.787089,1.228991,-0.104060,0.761530,1.213147,-0.127957,0.760699,1.202490,-0.071968,0.791778,1.209505,-0.096481,0.769234,1.192338,-0.117303,0.774471,1.184215,-0.067803,0.802940,1.191163,-0.090357,0.785431,1.174958,-0.110924,0.784918,1.165288,,,
85,2.833,-0.307508,0.952197,1.477022,-0.426133,0.960896,1.461598,-0.188882,0.943498,1.492446,-0.425242,0.531351,1.341918,-0.176316,0.567102,1.731195,-0.422987,0.157265,1.159387,-0.146396,0.181611,1.885354,-0.299464,1.069092,1.481084,-0.306235,1.283107,1.491926,-0.287784,1.523990,1.515024,-0.280672,1.621430,1.550469,-0.325657,1.473890,1.520453,-0.257052,1.470335,1.502777,-0.456054,1.422492,1.572283,-0.126169,1.409773,1.466415,-0.544970,1.168745,1.682266,-0.099168,1.145404,1.347404,-0.387536,1.028621,1.870772,-0.063047,0.869744,1.295758,-0.444583,0.061262,1.309064,-0.124751,0.181453,2.063168,,,,,,,,,,-0.364168,1.033746,1.877935,-0.320974,1.010871,1.899358,-0.296650,0.990002,1.915481,-0.326199,0.993271,1.935966,-0.303258,0.966710,1.947317,-0.286665,0.945897,1.946795,-0.346274,0.977379,1.937609,-0.326080,0.944360,1.944369,-0.312889,0.921929,1.941555,-0.363323,0.964837,1.937749,-0.345963,0.932089,1.943223,-0.335587,0.912541,1.937112,-0.380606,0.953324,1.930884,-0.364866,0.924608,1.933250,-0.354153,0.905797,1.926332,-0.073944,0.853260,1.311028,-0.112846,0.817002,1.306562,-0.133262,0.793784,1.288355,-0.096331,0.779822,1.287506,-0.122157,0.756380,1.275504,-0.146834,0.750875,1.267153,-0.089479,0.785745,1.263501,-0.116053,0.761966,1.247008,-0.140522,0.762372,1.237713,-0.083726,0.791991,1.244113,-0.109654,0.771383,1.226592,-0.130807,0.777607,1.220209,-0.080431,0.804623,1.226564,-0.104304,0.788895,1.210423,-0.125442,0.789551,1.202083,,,
86,2.867,-0.304368,0.938477,1.536008,-0.423040,0.946739,1.520704,-0.185696,0.930216,1.551313,-0.417879,0.528960,1.364927,-0.175678,0.551548,1.786563,-0.423094,0.166895,1.159634,-0.153595,0.164969,1.939313,-0.296811,1.055388,1.540525,-0.301683,1.269385,1.552666,-0.282225,1.510055,1.577117,-0.274510,1.607444,1.612577,-0.320206,1.460043,1.582596,-0.251788,1.456382,1.564228,-0.450281,1.409293,1.635854,-0.121781,1.395860,1.524789,-0.542023,1.161047,1.755634,-0.099228,1.133274,1.401002,-0.375786,1.027550,1.941374,-0.065097,0.858928,1.341587,-0.443742,0.061841,1.303242,-0.133546,0.154705,2.117018,,,,,,,,,,-0.352606,1.034435,1.947612,-0.308228,1.015914,1.970755,-0.283102,0.997734,1.988791,-0.312314,1.002156,2.009112,-0.288219,0.977593,2.022406,-0.270904,0.957399,2.023488,-0.331638,0.985673,2.012736,-0.309940,0.954357,2.022340,-0.295839,0.932321,2.021508,-0.348104,0.972486,2.014464,-0.329228,0.941218,2.022815,-0.318085,0.921622,2.018462,-0.364916,0.959556,2.009120,-0.347789,0.932018,2.014244,-0.336258,0.913099,2.009183,-0.075717,0.841341,1.355783,-0.115295,0.806074,1.349640,-0.136713,0.784714,1.330343,-0.100005,0.770448,1.326940,-0.126579,0.748446,1.313891,-0.151599,0.743971,1.305959,-0.093885,0.778305,1.303295,-0.121221,0.756228,1.285719,-0.145964,0.757619,1.277282,-0.088701,0.786106,1.284314,-0.115463,0.767353,1.265985,-0.136727,0.774317,1.260855,-0.085813,0.800143,1.267790,-0.110403,0.786062,1.251210,-0.131791,0.787587,1.243660,,,
87,2.900,-0.299961,0.925253,1.595250,-0.418886,0.930751,1.580683,-0.181036,0.919755,1.609818,-0.408398,0.520423,1.406461,-0.176065,0.555717,1.867275,-0.420551,0.176909,1.171696,-0.156639,0.156047,1.981947,-0.294863,1.042355,1.597826,-0.298056,1.256418,1.609354,-0.277197,1.496986,1.633660,-0.268238,1.594464,1.668578,-0.315416,1.447177,1.639337,-0.247110,1.443149,1.620631,-0.445914,1.397905,1.692945,-0.118056,1.381228,1.580243,-0.540894,1.150851,1.812665,-0.096447,1.117541,1.458647,-0.378723,1.015594,2.000711,-0.062746,0.843436,1.397891,-0.442145,0.055983,1.302067,-0.132884,0.117648,2.155289,,,,,,,,,,-0.355674,1.022874,2.006988,-0.311404,1.005472,2.031183,-0.287303,0.987172,2.050455,-0.315806,0.992872,2.069901,-0.291873,0.968104,2.083105,-0.274775,0.947722,2.084134,-0.335029,0.976338,2.073822,-0.313240,0.945194,2.083771,-0.299090,0.923182,2.083188,-0.351401,0.963066,2.075776,-0.332355,0.932029,2.084589,-0.321095,0.912439,2.080517,-0.368041,0.949828,2.070652,-0.350532,0.922683,2.076529,-0.338686,0.903824,2.072002,-0.073658,0.825219,1.411031,-0.113832,0.791054,1.402856,-0.135763,0.771148,1.382604,-0.099157,0.756588,1.378057,-0.126053,0.735845,1.363673,-0.151120,0.732234,1.355454,-0.092912,0.765732,1.354913,-0.120461,0.745065,1.336004,-0.145158,0.747221,1.327597,-0.087603,0.774559,1.336422,-0.114556,0.757271,1.316966,-0.135718,0.764777,1.312194,-0.084483,0.789503,1.320759,-0.109263,0.776724,1.303425,-0.130626,0.778894,1.295961,,,
88,2.933,-0.295662,0.915826,1.657725,-0.414774,0.919326,1.644095,-0.176551,0.912327,1.671355,-0.409456,0.508551,1.470693,-0.168407,0.558310,1.942350,-0.417937,0.194514,1.197614,-0.158542,0.147064,2.005935,-0.292410,1.033011,1.659395,-0.293385,1.247158,1.669687,-0.272760,1.488012,1.691193,-0.261472,1.585663,1.724933,-0.310850,1.438206,1.697701,-0.242678,1.434085,1.678534,-0.441403,1.389685,1.751857,-0.114364,1.370597,1.638224,-0.537024,1.138099,1.861179,-0.087287,1.103017,1.526637,-0.387651,0.993966,2.053191,-0.049415,0.827746,1.474178,-0.444973,0.049002,1.298516,-0.138203,0.081918,2.171551,,,,,,,,,,-0.365071,1.001074,2.061143,-0.322508,0.983088,2.087843,-0.301036,0.963235,2.108626,-0.329474,0.969658,2.125900,-0.306557,0.944374,2.139906,-0.289670,0.923850,2.141451,-0.348915,0.953071,2.128174,-0.327909,0.921489,2.138424,-0.313851,0.899414,2.137997,-0.365380,0.939783,2.128747,-0.347086,0.908448,2.138083,-0.335657,0.888896,2.134315,-0.381642,0.926684,2.122241,-0.364485,0.899386,2.128437,-0.352341,0.880656,2.124166,-0.060883,0.809313,1.486520,-0.100908,0.775565,1.476173,-0.122455,0.756062,1.455132,-0.085526,0.741557,1.451171,-0.112377,0.721771,1.435421,-0.137233,0.718867,1.426324,-0.078409,0.751162,1.428469,-0.105479,0.731251,1.408113,-0.129841,0.733843,1.398889,-0.072395,0.760354,1.410377,-0.098964,0.743873,1.389729,-0.119891,0.751718,1.384489,-0.068641,0.775613,1.395163,-0.093222,0.763407,1.377147,-0.114415,0.765881,1.369304,,,
89,2.967,-0.288614,0.911475,1.719592,-0.407919,0.913842,1.707503,-0.169308,0.909107,1.731681,-0.427118,0.490217,1.569642,-0.154932,0.556582,2.004357,-0.419801,0.216527,1.256108,-0.156905,0.140640,2.020233,-0.286425,1.028688,1.720950,-0.287206,1.242894,1.729935,-0.265432,1.483876,1.748717,-0.251941,1.581628,1.781336,-0.303641,1.434290,1.756147,-0.235694,1.429703,1.736298,-0.434468,1.387241,1.810937,-0.108680,1.363623,1.696033,-0.529964,1.128131,1.901116,-0.075463,1.091147,1.598888,-0.402379,0.963784,2.092604,-0.034296,0.813703,1.562966,-0.445618,0.043430,1.294276,-0.137076,0.060237,2.179068,,,,,,,,,,-0.380683,0.969885,2.103360,-0.341560,0.949358,2.133294,-0.323788,0.927042,2.155051,-0.352826,0.933815,2.169470,-0.332160,0.907104,2.184303,-0.315994,0.886054,2.186402,-0.372663,0.917567,2.168605,-0.353517,0.884874,2.179013,-0.339929,0.862505,2.178688,-0.389305,0.904646,2.166578,-0.372733,0.872370,2.175926,-0.361323,0.852786,2.172270,-0.404974,0.892336,2.157560,-0.388965,0.864305,2.163555,-0.376725,0.845635,2.159298,-0.046688,0.795591,1.574884,-0.086325,0.762019,1.562645,-0.106592,0.742408,1.540464,-0.069759,0.727443,1.539230,-0.096803,0.708902,1.522336,-0.121317,0.707137,1.512092,-0.061154,0.736584,1.516855,-0.087756,0.717402,1.495221,-0.111499,0.720751,1.484715,-0.053941,0.745403,1.499017,-0.080168,0.729598,1.477425,-0.100595,0.738047,1.471234,-0.049100,0.760358,1.483808,-0.073337,0.748313,1.465225,-0.094211,0.751223,1.456705,,,
90,3.000,-0.281747,0.910911,1.778845,-0.401258,0.912902,1.768913,-0.162235,0.908921,1.788778,-0.448941,0.475771,1.694917,-0.141888,0.549469,2.051861,-0.429516,0.251326,1.344902,-0.155249,0.134246,2.025881,-0.279913,1.028130,1.780274,-0.281716,1.242342,1.788980,-0.261099,1.483499,1.806782,-0.246757,1.581308,1.838863,-0.299073,1.433763,1.814401,-0.231098,1.429418,1.794597,-0.430090,1.386786,1.868799,-0.104523,1.362120,1.754972,-0.521063,1.120106,1.939481,-0.063195,1.085520,1.673930,-0.419853,0.928366,2.120995,-0.017972,0.806712,1.660441,-0.446462,0.074449,1.322249,-0.133247,0.049641,2.182227,,,,,,,,,,-0.399448,0.932499,2.134786,-0.364694,0.907521,2.166664,-0.350369,0.882300,2.187779,-0.380574,0.888732,2.199406,-0.362708,0.859797,2.213695,-0.347564,0.837972,2.215466,-0.400564,0.873415,2.194504,-0.383844,0.839072,2.203709,-0.370997,0.816289,2.202711,-0.417161,0.861406,2.189183,-0.402664,0.827735,2.196917,-0.391406,0.808198,2.192593,-0.431946,0.850696,2.177138,-0.417602,0.821514,2.181682,-0.405516,0.802901,2.176785,-0.030519,0.789149,1.673000,-0.068655,0.753713,1.661254,-0.086926,0.732193,1.639108,-0.050078,0.718045,1.641231,-0.076835,0.698863,1.624597,-0.101032,0.696813,1.613675,-0.040559,0.725821,1.618710,-0.066461,0.705494,1.597275,-0.089789,0.708380,1.585752,-0.032653,0.733558,1.600664,-0.058289,0.716451,1.579356,-0.078519,0.724507,1.572091,-0.027399,0.747533,1.584680,-0.051069,0.733963,1.566420,-0.071764,0.736175,1.557277,,,
91,3.033,-0.276349,0.914049,1.834321,-0.396067,0.915768,1.827238,-0.156630,0.912331,1.841405,-0.457297,0.474088,1.828767,-0.132199,0.540908,2.086926,-0.436938,0.282527,1.459778,-0.152639,0.128998,2.030577,-0.274758,1.031270,1.835882,-0.277836,1.245393,1.846266,-0.259882,1.486550,1.866747,-0.246000,1.584185,1.899552,-0.297544,1.436396,1.873072,-0.229115,1.432865,1.854721,-0.429275,1.387724,1.924154,-0.101888,1.365661,1.817074,-0.512455,1.114809,1.978818,-0.053667,1.086171,1.751167,-0.443516,0.892056,2.138767,-0.006018,0.807642,1.761719,-0.454469,0.109605,1.416457,-0.128165,0.044384,2.186551,,,,,,,,,,-0.424187,0.892553,2.154571,-0.393276,0.860451,2.183931,-0.381415,0.831380,2.201290,-0.412598,0.837076,2.211454,-0.397133,0.805083,2.221348,-0.383082,0.782505,2.220093,-0.432717,0.823995,2.202379,-0.418393,0.787616,2.206264,-0.406556,0.764663,2.202003,-0.449287,0.814052,2.193745,-0.436823,0.778793,2.196029,-0.426051,0.759795,2.188946,-0.463436,0.806472,2.178887,-0.451142,0.776029,2.178829,-0.439731,0.757845,2.171371,-0.017488,0.790854,1.776218,-0.053248,0.751969,1.768659,-0.069920,0.727001,1.749011,-0.032357,0.715512,1.752761,-0.058485,0.693587,1.738720,-0.082694,0.689446,1.728438,-0.023242,0.721276,1.729481,-0.048545,0.697860,1.710639,-0.072077,0.698711,1.699201,-0.015756,0.727405,1.710655,-0.040824,0.707015,1.691689,-0.061464,0.713400,1.683931,-0.011322,0.739784,1.693177,-0.034454,0.723158,1.676858,-0.055321,0.723368,1.667841,,,
92,3.067,-0.273276,0.921609,1.888218,-0.393103,0.922952,1.883195,-0.153448,0.920267,1.893240,-0.457985,0.487449,1.953621,-0.130815,0.532686,2.112560,-0.434830,0.295078,1.585218,-0.151013,0.123830,2.037109,-0.272035,1.038832,1.889959,-0.275675,1.252831,1.902480,-0.260227,1.493725,1.927586,-0.248092,1.590979,1.962166,-0.297807,1.443258,1.931415,-0.228603,1.440421,1.916099,-0.431077,1.392265,1.975802,-0.099525,1.374182,1.883366,-0.506126,1.114290,2.014365,-0.045388,1.092518,1.833183,-0.471999,0.865595,2.144526,0.001516,0.816065,1.869712,-0.457563,0.119637,1.557117,-0.125326,0.039474,2.193027,,,,,,,,,,-0.453160,0.861117,2.160295,-0.424672,0.821128,2.181208,-0.414277,0.788252,2.191121,-0.445883,0.792657,2.201623,-0.431913,0.758544,2.202947,-0.418733,0.736493,2.195961,-0.466295,0.783328,2.189190,-0.453749,0.746543,2.183424,-0.442877,0.724974,2.173341,-0.483033,0.776737,2.178036,-0.472157,0.741561,2.171098,-0.462033,0.724596,2.159402,-0.497053,0.773861,2.161497,-0.486592,0.743760,2.153592,-0.476076,0.727478,2.141727,-0.008497,0.800897,1.886838,-0.041727,0.759145,1.886100,-0.057429,0.730479,1.871298,-0.018784,0.722142,1.875025,-0.043452,0.696541,1.865195,-0.067484,0.689198,1.856389,-0.010569,0.724990,1.850887,-0.034687,0.697513,1.836500,-0.058478,0.695182,1.825830,-0.003910,0.728750,1.831150,-0.027759,0.704128,1.816022,-0.048926,0.707905,1.807981,-0.000685,0.738685,1.811934,-0.022715,0.718331,1.798585,-0.043634,0.715821,1.790047,,,
93,3.100,-0.274124,0.934083,1.941950,-0.393984,0.935176,1.937716,-0.154264,0.932990,1.946183,-0.461025,0.512779,2.063885,-0.139010,0.526477,2.128795,-0.429386,0.285758,1.716432,-0.151859,0.119600,2.041909,-0.273123,1.051305,1.943891,-0.276331,1.265230,1.957726,-0.263229,1.505854,1.986491,-0.253807,1.602754,2.022865,-0.300769,1.455224,1.987631,-0.230811,1.452793,1.976151,-0.435819,1.402449,2.023793,-0.099515,1.387741,1.950658,-0.504388,1.120770,2.042355,-0.040684,1.104357,1.918774,-0.499242,0.855322,2.139650,-0.000248,0.832030,1.983294,-0.450288,0.107856,1.715963,-0.126498,0.035105,2.197805,,,,,,,,,,-0.480958,0.846200,2.154007,-0.454260,0.801129,2.164196,-0.444596,0.766609,2.165657,-0.476853,0.769112,2.176100,-0.463762,0.735463,2.168548,-0.450965,0.715671,2.156166,-0.497220,0.764100,2.161324,-0.485642,0.729781,2.146097,-0.475183,0.711330,2.130759,-0.513864,0.761262,2.148561,-0.503802,0.728874,2.132639,-0.493871,0.715322,2.116992,-0.527542,0.763314,2.131616,-0.518053,0.736006,2.116052,-0.507888,0.723096,2.100353,-0.010102,0.819524,2.002534,-0.041950,0.777078,2.008186,-0.056625,0.745843,1.998369,-0.017614,0.739587,2.003656,-0.040363,0.711086,1.998116,-0.063670,0.700752,1.990436,-0.009023,0.738737,1.979496,-0.031524,0.708044,1.969738,-0.054950,0.702706,1.959343,-0.002101,0.739450,1.959506,-0.024158,0.711305,1.948315,-0.045253,0.712464,1.939338,0.001180,0.746217,1.938967,-0.019430,0.722927,1.928449,-0.039891,0.717993,1.919859,,,
94,3.133,-0.278750,0.949659,1.993919,-0.398609,0.950556,1.989606,-0.158891,0.948762,1.998232,-0.465316,0.542722,2.157101,-0.152256,0.524977,2.136778,-0.426423,0.261360,1.852821,-0.155413,0.118431,2.047481,-0.277942,1.066882,1.995841,-0.280277,1.280725,2.011053,-0.269431,1.521183,2.042057,-0.262991,1.617890,2.079574,-0.306820,1.470442,2.040926,-0.236357,1.468284,2.033044,-0.443360,1.416704,2.069217,-0.103224,1.404428,2.015206,-0.507778,1.133482,2.064180,-0.040861,1.120297,2.002376,-0.524119,0.858459,2.127820,-0.012090,0.854364,2.094093,-0.446264,0.087326,1.890297,-0.131824,0.034084,2.203735,,,,,,,,,,-0.506589,0.845817,2.140331,-0.480915,0.799033,2.140655,-0.471057,0.765035,2.134813,-0.504395,0.765624,2.143783,-0.491386,0.733892,2.130202,-0.478178,0.716720,2.114727,-0.524162,0.764676,2.127454,-0.512531,0.734132,2.105648,-0.501701,0.719131,2.087134,-0.540270,0.765285,2.113738,-0.530240,0.736748,2.091629,-0.519917,0.726555,2.073835,-0.553173,0.771562,2.097230,-0.543810,0.748349,2.075982,-0.533388,0.739178,2.057989,-0.023844,0.844914,2.113997,-0.056099,0.803392,2.123133,-0.069725,0.770764,2.117037,-0.031428,0.766058,2.127107,-0.052622,0.735982,2.124502,-0.074723,0.723400,2.116615,-0.020428,0.761521,2.104376,-0.041440,0.728983,2.097790,-0.063635,0.721281,2.086240,-0.011514,0.759163,2.085324,-0.031656,0.728733,2.076828,-0.051695,0.727594,2.065689,-0.006166,0.762636,2.064402,-0.025162,0.737388,2.055485,-0.044459,0.730546,2.045604,,,
95,3.167,-0.285253,0.964868,2.049045,-0.405090,0.965467,2.044121,-0.165415,0.964270,2.053970,-0.468307,0.568963,2.238082,-0.164456,0.526949,2.141048,-0.430026,0.227647,2.002919,-0.160355,0.119533,2.055851,-0.284729,1.082099,2.050558,-0.286341,1.295791,2.067848,-0.277917,1.536117,2.100579,-0.274179,1.632784,2.138567,-0.314978,1.485204,2.097713,-0.244252,1.483431,2.092570,-0.452216,1.430160,2.119330,-0.109737,1.421093,2.080741,-0.513707,1.148163,2.086373,-0.043557,1.137560,2.084347,-0.542698,0.868493,2.116364,-0.028950,0.879932,2.199998,-0.454170,0.069638,2.083765,-0.139092,0.034839,2.212252,,,,,,,,,,-0.525869,0.853614,2.127275,-0.499860,0.807558,2.120180,-0.488921,0.775307,2.108895,-0.523198,0.774255,2.115334,-0.509422,0.744380,2.098651,-0.495121,0.729185,2.082116,-0.541905,0.776543,2.097925,-0.529135,0.749488,2.072457,-0.517219,0.737292,2.052598,-0.557136,0.779843,2.083603,-0.546329,0.754744,2.057971,-0.535150,0.747113,2.039426,-0.569044,0.789232,2.067841,-0.558826,0.770180,2.043131,-0.547580,0.764340,2.024266,-0.043420,0.873388,2.219270,-0.076875,0.833214,2.229980,-0.089753,0.799851,2.227064,-0.053217,0.797275,2.242901,-0.073475,0.766453,2.242480,-0.094153,0.752013,2.233943,-0.039183,0.789557,2.222858,-0.059067,0.755932,2.218659,-0.079461,0.746035,2.205566,-0.027714,0.784511,2.205799,-0.046254,0.752562,2.199523,-0.064526,0.749135,2.186058,-0.019481,0.784895,2.185539,-0.036929,0.758154,2.177903,-0.054583,0.749463,2.166519,,,
96,3.200,-0.291011,0.976376,2.093600,-0.410890,0.977274,2.089894,-0.171132,0.975479,2.097307,-0.465992,0.584726,2.294106,-0.172947,0.531047,2.133496,-0.432258,0.194403,2.153487,-0.166387,0.124626,2.043816,-0.290219,1.093583,2.096353,-0.291357,1.307168,2.114947,-0.286823,1.547658,2.147246,-0.285526,1.644446,2.185086,-0.323159,1.496285,2.143462,-0.252299,1.495372,2.140347,-0.460803,1.440234,2.159082,-0.116490,1.435127,2.133504,-0.519243,1.161767,2.100512,-0.042032,1.154332,2.153342,-0.551966,0.880965,2.106384,-0.036535,0.906824,2.289980,-0.460155,0.063735,2.272792,-0.145103,0.040640,2.200594,,,,,,,,,,-0.535500,0.865694,2.117308,-0.506691,0.821720,2.108126,-0.492895,0.791307,2.095016,-0.527797,0.788217,2.097671,-0.511204,0.760270,2.080229,-0.494681,0.746954,2.064151,-0.544903,0.791593,2.078849,-0.528735,0.767371,2.052474,-0.514530,0.757405,2.032878,-0.558888,0.795784,2.063525,-0.544951,0.773357,2.036944,-0.531900,0.767706,2.018920,-0.569737,0.806310,2.047717,-0.556638,0.790166,2.022305,-0.543568,0.786621,2.004054,-0.052671,0.900800,2.308062,-0.086763,0.860730,2.317014,-0.099272,0.827224,2.314143,-0.064203,0.825427,2.333234,-0.084266,0.794502,2.331935,-0.104035,0.779689,2.321999,-0.048357,0.817168,2.314823,-0.067784,0.783384,2.309841,-0.086891,0.773058,2.295226,-0.035352,0.811658,2.299059,-0.053167,0.779422,2.292178,-0.070131,0.775475,2.277226,-0.025304,0.811442,2.279633,-0.041939,0.784386,2.271322,-0.058476,0.775265,2.258667,,,
97,3.233,-0.295383,0.980018,2.144964,-0.415285,0.980277,2.141957,-0.175481,0.979760,2.147970,-0.458296,0.581588,2.336967,-0.175366,0.533858,2.145848,-0.433624,0.166395,2.320533,-0.170717,0.130352,2.043745,-0.295234,1.097187,2.149102,-0.295110,1.310685,2.168708,-0.294920,1.551300,2.200381,-0.295875,1.648248,2.237818,-0.330409,1.499424,2.195557,-0.259479,1.499473,2.194794,-0.468158,1.442209,2.204682,-0.122074,1.442557,2.193948,-0.520056,1.168668,2.121788,-0.036354,1.166765,2.231022,-0.552818,0.888326,2.104751,-0.043435,0.933426,2.390595,-0.466121,0.072392,2.469507,-0.148518,0.046770,2.200612,,,,,,,,,,-0.536896,0.872939,2.116301,-0.505469,0.830757,2.107307,-0.489071,0.801825,2.093845,-0.523978,0.797318,2.092592,-0.504642,0.771132,2.075242,-0.486080,0.759453,2.060147,-0.539239,0.801365,2.072368,-0.519507,0.779510,2.046354,-0.502996,0.771356,2.027753,-0.551783,0.806096,2.055990,-0.534372,0.785967,2.029619,-0.519373,0.781968,2.012702,-0.561430,0.817288,2.039864,-0.545163,0.803351,2.014982,-0.530176,0.801499,1.997998,-0.061319,0.927665,2.407045,-0.095562,0.887266,2.413624,-0.107626,0.853594,2.410783,-0.074334,0.852904,2.433295,-0.094096,0.821905,2.430288,-0.112585,0.806847,2.418439,-0.056488,0.844376,2.416953,-0.075080,0.810348,2.410626,-0.092405,0.799576,2.394221,-0.041790,0.838624,2.402849,-0.058685,0.806148,2.394867,-0.073936,0.801781,2.378275,-0.029722,0.837996,2.384619,-0.045455,0.810686,2.375429,-0.060627,0.801192,2.361413,,,
98,3.267,-0.298711,0.974938,2.194806,-0.418593,0.971981,2.192544,-0.178829,0.977896,2.197068,-0.452500,0.576996,2.396676,-0.170053,0.532557,2.176356,-0.445056,0.169867,2.483010,-0.168336,0.137526,2.045165,-0.301696,1.092031,2.199915,-0.298933,1.305495,2.219697,-0.303904,1.546163,2.250562,-0.306708,1.643267,2.287502,-0.338325,1.493692,2.244586,-0.267426,1.494919,2.246474,-0.475698,1.434943,2.247541,-0.128602,1.441902,2.252576,-0.517005,1.166917,2.143399,-0.030754,1.173717,2.309901,-0.546404,0.888395,2.104460,-0.047574,0.954672,2.487937,-0.480888,0.115363,2.649837,-0.145998,0.051686,2.200788,,,,,,,,,,-0.531458,0.872785,2.116974,-0.498177,0.831731,2.109565,-0.479574,0.803818,2.096840,-0.514110,0.798686,2.091361,-0.492437,0.773696,2.075042,-0.472095,0.763080,2.061539,-0.527163,0.803409,2.069784,-0.504208,0.783194,2.045123,-0.485584,0.776247,2.028094,-0.537954,0.808682,2.052356,-0.517278,0.790211,2.027154,-0.500433,0.787334,2.011822,-0.546059,0.820452,2.035797,-0.526785,0.808066,2.012280,-0.509967,0.807337,1.997011,-0.067106,0.949492,2.502611,-0.101191,0.908763,2.507837,-0.113122,0.874968,2.506118,-0.081753,0.876166,2.531874,-0.100907,0.844887,2.527960,-0.117776,0.829126,2.514693,-0.062032,0.867091,2.518199,-0.079408,0.832474,2.511621,-0.094595,0.820573,2.493929,-0.045738,0.860848,2.506218,-0.061452,0.827819,2.498094,-0.074694,0.822441,2.480131,-0.031675,0.859406,2.489528,-0.046372,0.831540,2.480294,-0.059967,0.821192,2.465298,,,
99,3.300,-0.301652,0.963831,2.249471,-0.421416,0.957377,2.248689,-0.181889,0.970286,2.250252,-0.449592,0.575088,2.476491,-0.163641,0.526567,2.210082,-0.465910,0.186746,2.625446,-0.165169,0.143235,2.047855,-0.307991,1.080764,2.255146,-0.303687,1.294293,2.273923,-0.313294,1.535002,2.303346,-0.317425,1.632245,2.339790,-0.346707,1.481978,2.296573,-0.275929,1.484307,2.300672,-0.483760,1.422457,2.294329,-0.136753,1.433529,2.313779,-0.514046,1.160038,2.173462,-0.029801,1.174743,2.393623,-0.539744,0.884749,2.114209,-0.054864,0.968279,2.585209,-0.504023,0.172955,2.799925,-0.142634,0.054089,2.201581,,,,,,,,,,-0.525926,0.868613,2.127336,-0.491439,0.828352,2.121194,-0.471221,0.801369,2.108934,-0.504916,0.796217,2.099677,-0.481006,0.772893,2.084026,-0.459125,0.763692,2.071970,-0.515754,0.802004,2.077153,-0.489931,0.783801,2.053796,-0.469512,0.778276,2.038382,-0.524778,0.808132,2.059015,-0.501105,0.791775,2.035019,-0.482686,0.790242,2.021399,-0.531317,0.820725,2.042370,-0.509498,0.810077,2.020268,-0.491201,0.810515,2.006795,-0.075613,0.963895,2.598396,-0.109229,0.922848,2.604154,-0.120791,0.888885,2.604612,-0.091555,0.893134,2.632841,-0.109799,0.861232,2.629687,-0.125035,0.844065,2.616190,-0.070432,0.883426,2.621987,-0.086425,0.847901,2.616911,-0.099580,0.834108,2.598966,-0.052939,0.876591,2.612226,-0.067310,0.842642,2.605535,-0.078666,0.835459,2.586923,-0.037307,0.874045,2.597141,-0.050787,0.845179,2.589213,-0.062823,0.833257,2.574054,,,
100,3.333,-0.305418,0.949042,2.307978,-0.425080,0.940994,2.309274,-0.185755,0.957092,2.306682,-0.449689,0.578320,2.567528,-0.161924,0.516572,2.241820,-0.477826,0.201209,2.741480,-0.165722,0.147029,2.050281,-0.313208,1.065859,2.314209,-0.309669,1.279501,2.331828,-0.321557,1.520275,2.359852,-0.326420,1.617673,2.395789,-0.354455,1.466977,2.352717,-0.283785,1.469840,2.358139,-0.491521,1.407798,2.346221,-0.145119,1.419500,2.377051,-0.513602,1.149594,2.214947,-0.032754,1.170062,2.476744,-0.537890,0.878520,2.138240,-0.062373,0.972721,2.677093,-0.515707,0.222432,2.915263,-0.142058,0.055944,2.202694,,,,,,,,,,-0.524870,0.861725,2.151356,-0.489744,0.822002,2.145338,-0.468408,0.795778,2.133327,-0.501492,0.791073,2.121200,-0.475412,0.770758,2.104837,-0.452416,0.764022,2.093235,-0.510826,0.798073,2.098350,-0.482724,0.782852,2.075495,-0.461097,0.779397,2.061162,-0.518649,0.805175,2.080009,-0.492481,0.791801,2.056768,-0.473017,0.792115,2.044595,-0.524143,0.818656,2.063686,-0.500484,0.809880,2.042681,-0.481239,0.811519,2.030705,-0.083768,0.968615,2.689301,-0.116257,0.926881,2.696419,-0.126341,0.892542,2.698973,-0.099466,0.900342,2.728544,-0.116394,0.867616,2.726804,-0.130119,0.848877,2.713789,-0.077364,0.890620,2.719868,-0.091688,0.854161,2.716834,-0.103132,0.838450,2.699298,-0.059053,0.883705,2.711814,-0.071801,0.848800,2.707017,-0.081662,0.839737,2.688374,-0.042400,0.880551,2.697989,-0.054438,0.850639,2.691809,-0.065117,0.837040,2.677051,,,
101,3.367,-0.310179,0.935002,2.369057,-0.429815,0.927007,2.372044,-0.190543,0.942997,2.366071,-0.453681,0.569400,2.637337,-0.165592,0.507582,2.273209,-0.477583,0.193358,2.814211,-0.168123,0.152445,2.056103,-0.317825,1.051818,2.375483,-0.316264,1.265498,2.392923,-0.329311,1.506212,2.420941,-0.335084,1.603653,2.456627,-0.361924,1.452846,2.413053,-0.291393,1.455868,2.419978,-0.498579,1.393341,2.402277,-0.153213,1.406229,2.443699,-0.514067,1.136324,2.267771,-0.038808,1.162930,2.555506,-0.537761,0.869322,2.177749,-0.067405,0.969532,2.759809,-0.510983,0.215021,2.988857,-0.143825,0.055814,2.204960,,,,,,,,,,-0.524955,0.851899,2.190243,-0.489454,0.812732,2.182924,-0.467695,0.787314,2.169976,-0.500433,0.783111,2.156861,-0.473426,0.765048,2.139397,-0.450058,0.760042,2.127664,-0.509261,0.791302,2.134207,-0.480197,0.778356,2.111154,-0.458132,0.776411,2.097209,-0.516686,0.799356,2.116096,-0.489477,0.788177,2.092891,-0.469660,0.789748,2.081405,-0.521871,0.813681,2.100402,-0.497455,0.806333,2.079718,-0.477860,0.808817,2.068477,-0.089090,0.965635,2.771564,-0.120572,0.923506,2.780623,-0.129413,0.889049,2.785302,-0.104161,0.899896,2.815141,-0.120071,0.866618,2.815160,-0.132771,0.846597,2.803043,-0.081489,0.890285,2.807940,-0.094555,0.853241,2.807143,-0.104876,0.835934,2.790432,-0.062707,0.883396,2.801026,-0.074267,0.847861,2.798290,-0.083183,0.837219,2.780009,-0.045488,0.879788,2.788031,-0.056450,0.849148,2.783694,-0.066216,0.834188,2.769637,,,
102,3.400,-0.315959,0.922549,2.432810,-0.435697,0.916346,2.435961,-0.196221,0.928753,2.429659,-0.457377,0.551607,2.691555,-0.174577,0.500771,2.306389,-0.471583,0.169203,2.855350,-0.170985,0.160149,2.067166,-0.321899,1.039550,2.437417,-0.322776,1.253386,2.452880,-0.337743,1.494179,2.479212,-0.345280,1.591824,2.513999,-0.369867,1.440616,2.470675,-0.299580,1.444013,2.479613,-0.505469,1.379343,2.456924,-0.161619,1.396145,2.507824,-0.517650,1.120023,2.326561,-0.046585,1.154446,2.622421,-0.541347,0.854214,2.233077,-0.068259,0.958547,2.825188,-0.496259,0.157262,3.032365,-0.145755,0.051991,2.207706,,,,,,,,,,-0.528497,0.836056,2.244426,-0.494021,0.796582,2.234363,-0.473326,0.771413,2.219352,-0.506399,0.768274,2.207481,-0.480285,0.750698,2.188253,-0.457418,0.745939,2.175474,-0.515778,0.777559,2.185479,-0.487664,0.765069,2.161038,-0.466067,0.763313,2.146355,-0.523613,0.786492,2.167963,-0.497297,0.775868,2.143503,-0.477803,0.777594,2.131497,-0.529010,0.801549,2.153045,-0.505281,0.794518,2.131470,-0.485932,0.797028,2.119817,-0.089935,0.954768,2.836998,-0.120530,0.912458,2.848031,-0.128223,0.877993,2.854389,-0.103843,0.891035,2.883820,-0.118861,0.857415,2.886002,-0.131013,0.836324,2.875210,-0.080910,0.881582,2.877260,-0.092992,0.844224,2.878664,-0.102783,0.825671,2.863004,-0.061930,0.874775,2.870824,-0.072472,0.838827,2.870158,-0.080982,0.826880,2.852500,-0.044542,0.870896,2.858136,-0.054429,0.839701,2.855506,-0.063577,0.823657,2.842251,,,
103,3.433,-0.322864,0.912337,2.499713,-0.442701,0.907601,2.501158,-0.203026,0.917074,2.498267,-0.459966,0.534029,2.744014,-0.185250,0.500587,2.339980,-0.466705,0.142647,2.885571,-0.170711,0.173183,2.083350,-0.327455,1.029449,2.502773,-0.330853,1.243522,2.514041,-0.346889,1.484840,2.534220,-0.356909,1.583025,2.566789,-0.378686,1.431024,2.526057,-0.308683,1.434775,2.536884,-0.513454,1.368322,2.510648,-0.171059,1.388342,2.568879,-0.527092,1.104365,2.390106,-0.058148,1.143755,2.679389,-0.552728,0.835798,2.305434,-0.070896,0.939975,2.875021,-0.489182,0.089813,3.055244,-0.144222,0.044504,2.205113,,,,,,,,,,-0.539789,0.817096,2.315753,-0.507183,0.776780,2.303126,-0.488404,0.751375,2.286124,-0.521981,0.749265,2.276646,-0.497584,0.731318,2.255590,-0.475679,0.726149,2.241368,-0.532354,0.759159,2.255367,-0.506006,0.746216,2.229251,-0.485311,0.744050,2.213374,-0.540934,0.768587,2.238471,-0.516358,0.757601,2.212412,-0.497532,0.758951,2.199339,-0.546741,0.784023,2.224104,-0.524379,0.776495,2.201274,-0.505584,0.778510,2.188657,-0.092538,0.936325,2.886934,-0.122888,0.894087,2.898884,-0.129636,0.859551,2.905894,-0.106042,0.873504,2.935089,-0.120420,0.839805,2.939357,-0.132382,0.817953,2.929958,-0.083066,0.864043,2.928698,-0.094596,0.826622,2.931915,-0.104277,0.807230,2.917234,-0.064056,0.857207,2.922381,-0.073883,0.821063,2.923313,-0.082258,0.808209,2.906237,-0.046661,0.853159,2.909755,-0.055681,0.821632,2.908169,-0.064399,0.804961,2.895406,,,
104,3.467,-0.332230,0.905731,2.564350,-0.452115,0.902204,2.563552,-0.212344,0.909259,2.565148,-0.472413,0.531304,2.810238,-0.187929,0.493650,2.405443,-0.471411,0.127231,2.910175,-0.167207,0.190666,2.120777,-0.335688,1.022910,2.566043,-0.342145,1.237064,2.573928,-0.356304,1.478968,2.587377,-0.368450,1.577774,2.617231,-0.388467,1.425223,2.580243,-0.318582,1.428670,2.591902,-0.523321,1.362692,2.564888,-0.181604,1.381717,2.625855,-0.544673,1.094029,2.456473,-0.074168,1.129743,2.724598,-0.576527,0.821514,2.388091,-0.077892,0.913682,2.906983,-0.494806,0.042960,3.066499,-0.139906,0.034367,2.203913,,,,,,,,,,-0.563532,0.802993,2.398663,-0.531915,0.761766,2.386472,-0.514279,0.735618,2.369372,-0.547932,0.733561,2.361469,-0.524429,0.714792,2.340116,-0.503083,0.708997,2.325299,-0.558836,0.742854,2.340184,-0.533379,0.728727,2.313801,-0.513167,0.725780,2.297433,-0.567815,0.751810,2.323238,-0.544128,0.739601,2.296901,-0.525671,0.740238,2.283262,-0.573857,0.766816,2.308518,-0.552052,0.757912,2.285644,-0.533471,0.759016,2.272605,-0.099536,0.910304,2.918972,-0.130632,0.868516,2.930580,-0.138189,0.834077,2.937230,-0.113993,0.847173,2.966440,-0.128585,0.813690,2.971587,-0.140934,0.791783,2.962836,-0.091238,0.837350,2.959807,-0.103170,0.800104,2.963547,-0.113288,0.780635,2.949269,-0.072398,0.830227,2.953302,-0.082510,0.794172,2.954590,-0.091165,0.781256,2.937701,-0.055153,0.825999,2.940530,-0.064344,0.794524,2.938886,-0.073219,0.777891,2.926183,,,
105,3.500,-0.343279,0.902704,2.625902,-0.463157,0.899860,2.623295,-0.223401,0.905549,2.628510,-0.492122,0.541282,2.886764,-0.178224,0.477305,2.512757,-0.478632,0.126283,2.916032,-0.158276,0.215296,2.189931,-0.346067,1.019912,2.626252,-0.353468,1.234097,2.632245,-0.367396,1.476207,2.641593,-0.380933,1.575382,2.669568,-0.399611,1.422380,2.635379,-0.329719,1.425958,2.646960,-0.534311,1.358964,2.622501,-0.192774,1.378855,2.680834,-0.564614,1.085928,2.528040,-0.087683,1.118958,2.759532,-0.601402,0.809406,2.481807,-0.079089,0.888059,2.922542,-0.504412,0.038829,3.070218,-0.138157,0.038097,2.206727,,,,,,,,,,-0.588394,0.791873,2.493933,-0.557332,0.749339,2.485334,-0.540710,0.721665,2.469680,-0.573995,0.718997,2.463450,-0.551197,0.698067,2.443379,-0.530285,0.690660,2.428660,-0.585165,0.726282,2.441532,-0.560224,0.709440,2.416274,-0.540290,0.704741,2.399975,-0.594343,0.733635,2.423934,-0.571273,0.718576,2.398541,-0.553063,0.717615,2.384593,-0.600498,0.747196,2.407915,-0.578823,0.735617,2.386142,-0.560255,0.735041,2.373049,-0.100441,0.884162,2.934892,-0.131394,0.841942,2.945252,-0.139447,0.807374,2.950503,-0.113949,0.818857,2.979618,-0.128313,0.785162,2.983965,-0.140883,0.763551,2.974803,-0.091402,0.809307,2.971955,-0.103138,0.771917,2.974753,-0.113641,0.752867,2.960188,-0.072756,0.802458,2.964646,-0.082802,0.766362,2.964739,-0.091898,0.754107,2.947592,-0.055849,0.798807,2.951260,-0.065056,0.767419,2.948458,-0.074235,0.751311,2.935303,,,
