frame_id,landmark,x,y,z,visibility,image_path
0,NOSE,0.9171739816665649,0.15790864825248718,-0.14056038856506348,0.999669075012207,CapturedFrames_-4.0_2.0_0.0/video.mp4#frame=0
0,LEFT_EYE_INNER,0.922343373298645,0.14774920046329498,-0.15017953515052795,0.9992809891700745,CapturedFrames_-4.0_2.0_0.0/video.mp4#frame=0
0,LEFT_EYE,0.9239856004714966,0.14755763113498688,-0.15015947818756104,0.999384880065918,CapturedFrames_-4.0_2.0_0.0/video.mp4#frame=0
0,LEFT_EYE_OUTER,0.9259001016616821,0.14739781618118286,-0.15013928711414337,0.9994018077850342,CapturedFrames_-4.0_2.0_0.0/video.mp4#frame=0
0,RIGHT_EYE_INNER,0.9196767807006836,0.14733506739139557,-0.1349104791879654,0.9989479184150696,CapturedFrames_-4.0_2.0_0.0/video.mp4#frame=0
0,RIGHT_EYE,0.9195176959037781,0.1468459814786911,-0.13490135967731476,0.9987220168113708,CapturedFrames_-4.0_2.0_0.0/video.mp4#frame=0
0,RIGHT_EYE_OUTER,0.9194525480270386,0.14628171920776367,-0.13491299748420715,0.998573899269104,CapturedFrames_-4.0_2.0_0.0/video.mp4#frame=0
0,LEFT_EAR,0.9353538751602173,0.15239503979682922,-0.15557409822940826,0.9992210865020752,CapturedFrames_-4.0_2.0_0.0/video.mp4#frame=0
0,RIGHT_EAR,0.9261618852615356,0.1481347382068634,-0.0867815837264061,0.996349573135376,CapturedFrames_-4.0_2.0_0.0/video.mp4#frame=0
0,MOUTH_LEFT,0.9210184812545776,0.16801559925079346,-0.13942871987819672,0.9993484616279602,CapturedFrames_-4.0_2.0_0.0/video.mp4#frame=0
0,MOUTH_RIGHT,0.9174495935440063,0.16724589467048645,-0.11949791759252548,0.9985594153404236,CapturedFrames_-4.0_2.0_0.0/video.mp4#frame=0
0,LEFT_SHOULDER,0.9472013711929321,0.21173220872879028,-0.16580629348754883,0.9999630451202393,CapturedFrames_-4.0_2.0_0.0/video.mp4#frame=0
0,RIGHT_SHOULDER,0.9153999090194702,0.1912829875946045,-0.026072392240166664,0.9998621940612793,CapturedFrames_-4.0_2.0_0.0/video.mp4#frame=0
0,LEFT_ELBOW,0.9360588192939758,0.29290199279785156,-0.18315421044826508,0.995568573474884,CapturedFrames_-4.0_2.0_0.0/video.mp4#frame=0
0,RIGHT_ELBOW,0.9004005193710327,0.26203906536102295,0.027127262204885483,0.6375221014022827,CapturedFrames_-4.0_2.0_0.0/video.mp4#frame=0
0,LEFT_WRIST,0.9209644198417664,0.3567015826702118,-0.1911669373512268,0.9944844841957092,CapturedFrames_-4.0_2.0_0.0/video.mp4#frame=0
0,RIGHT_WRIST,0.8793341517448425,0.31104227900505066,-0.0067005520686507225,0.8753408193588257,CapturedFrames_-4.0_2.0_0.0/video.mp4#frame=0
0,LEFT_PINKY,0.9172536730766296,0.3790334165096283,-0.2087794840335846,0.986979603767395,CapturedFrames_-4.0_2.0_0.0/video.mp4#frame=0
0,RIGHT_PINKY,0.8706444501876831,0.32613998651504517,-0.01200946420431137,0.8464148640632629,CapturedFrames_-4.0_2.0_0.0/video.mp4#frame=0
0,LEFT_INDEX,0.9117532968521118,0.3741959035396576,-0.21169713139533997,0.9862085580825806,CapturedFrames_-4.0_2.0_0.0/video.mp4#frame=0
0,RIGHT_INDEX,0.8729373216629028,0.327888548374176,-0.03496849164366722,0.8524925112724304,CapturedFrames_-4.0_2.0_0.0/video.mp4#frame=0
0,LEFT_THUMB,0.9113366007804871,0.36716794967651367,-0.19146095216274261,0.9800379276275635,CapturedFrames_-4.0_2.0_0.0/video.mp4#frame=0
0,RIGHT_THUMB,0.8768571019172668,0.323777437210083,-0.01788366585969925,0.8523753881454468,CapturedFrames_-4.0_2.0_0.0/video.mp4#frame=0
0,LEFT_HIP,0.9128285646438599,0.34421733021736145,-0.043589551001787186,0.9995951056480408,CapturedFrames_-4.0_2.0_0.0/video.mp4#frame=0
0,RIGHT_HIP,0.8931703567504883,0.3290030360221863,0.04354903846979141,0.9998558759689331,CapturedFrames_-4.0_2.0_0.0/video.mp4#frame=0
0,LEFT_KNEE,0.8895729780197144,0.4197363555431366,0.029886838048696518,0.9851758480072021,CapturedFrames_-4.0_2.0_0.0/video.mp4#frame=0
0,RIGHT_KNEE,0.8644822239875793,0.3993423879146576,0.032477669417858124,0.9681095480918884,CapturedFrames_-4.0_2.0_0.0/video.mp4#frame=0
0,LEFT_ANKLE,0.9090420007705688,0.4779069721698761,0.1389462947845459,0.9716109037399292,CapturedFrames_-4.0_2.0_0.0/video.mp4#frame=0
0,RIGHT_ANKLE,0.8592089414596558,0.47561290860176086,0.1139088124036789,0.947820782661438,CapturedFrames_-4.0_2.0_0.0/video.mp4#frame=0
0,LEFT_HEEL,0.9160423278808594,0.48476049304008484,0.14834053814411163,0.8471422791481018,CapturedFrames_-4.0_2.0_0.0/video.mp4#frame=0
0,RIGHT_HEEL,0.8626897931098938,0.48946142196655273,0.12067316472530365,0.891587495803833,CapturedFrames_-4.0_2.0_0.0/video.mp4#frame=0
0,LEFT_FOOT_INDEX,0.8900119066238403,0.5149076581001282,0.11214711517095566,0.9537427425384521,CapturedFrames_-4.0_2.0_0.0/video.mp4#frame=0
0,RIGHT_FOOT_INDEX,0.8327711820602417,0.49114590883255005,0.09256699681282043,0.9422752261161804,CapturedFrames_-4.0_2.0_0.0/video.mp4#frame=0
1,NOSE,0.9124797582626343,0.15467184782028198,-0.1493169516324997,0.9994562268257141,CapturedFrames_-4.0_2.0_0.0/video.mp4#frame=1
1,LEFT_EYE_INNER,0.9181130528450012,0.1441228687763214,-0.15538707375526428,0.9986118078231812,CapturedFrames_-4.0_2.0_0.0/video.mp4#frame=1
1,LEFT_EYE,0.9201290011405945,0.14433538913726807,-0.15538525581359863,0.9989314675331116,CapturedFrames_-4.0_2.0_0.0/video.mp4#frame=1
1,LEFT_EYE_OUTER,0.9223817586898804,0.1445462554693222,-0.1553858518600464,0.9989364743232727,CapturedFrames_-4.0_2.0_0.0/video.mp4#frame=1
1,RIGHT_EYE_INNER,0.9148339033126831,0.14292892813682556,-0.14266274869441986,0.9983810186386108,CapturedFrames_-4.0_2.0_0.0/video.mp4#frame=1
1,RIGHT_EYE,0.9144617319107056,0.142322838306427,-0.14266762137413025,0.998170018196106,CapturedFrames_-4.0_2.0_0.0/video.mp4#frame=1
1,RIGHT_EYE_OUTER,0.9141920208930969,0.1415736824274063,-0.14269135892391205,0.9979453682899475,CapturedFrames_-4.0_2.0_0.0/video.mp4#frame=1
1,LEFT_EAR,0.9308282732963562,0.15032856166362762,-0.14969304203987122,0.998746395111084,CapturedFrames_-4.0_2.0_0.0/video.mp4#frame=1
1,RIGHT_EAR,0.9200590252876282,0.14450703561306,-0.09183057397603989,0.9954202771186829,CapturedFrames_-4.0_2.0_0.0/video.mp4#frame=1
1,MOUTH_LEFT,0.9164369702339172,0.16570404171943665,-0.14417625963687897,0.9990276098251343,CapturedFrames_-4.0_2.0_0.0/video.mp4#frame=1
1,MOUTH_RIGHT,0.9118295907974243,0.16400441527366638,-0.1274784654378891,0.9978927969932556,CapturedFrames_-4.0_2.0_0.0/video.mp4#frame=1
1,LEFT_SHOULDER,0.9421599507331848,0.21111468970775604,-0.15442554652690887,0.9998981952667236,CapturedFrames_-4.0_2.0_0.0/video.mp4#frame=1
1,RIGHT_SHOULDER,0.9096425175666809,0.1900482326745987,-0.029006127268075943,0.9997645020484924,CapturedFrames_-4.0_2.0_0.0/video.mp4#frame=1
1,LEFT_ELBOW,0.9334442019462585,0.2897268533706665,-0.17039062082767487,0.9948057532310486,CapturedFrames_-4.0_2.0_0.0/video.mp4#frame=1
1,RIGHT_ELBOW,0.8930011987686157,0.2604200541973114,0.018724162131547928,0.6662682890892029,CapturedFrames_-4.0_2.0_0.0/video.mp4#frame=1
1,LEFT_WRIST,0.9228551983833313,0.35300979018211365,-0.18119880557060242,0.9861918687820435,CapturedFrames_-4.0_2.0_0.0/video.mp4#frame=1
1,RIGHT_WRIST,0.8688848614692688,0.30957287549972534,-0.014091226272284985,0.8789600133895874,CapturedFrames_-4.0_2.0_0.0/video.mp4#frame=1
1,LEFT_PINKY,0.9225176572799683,0.3760266900062561,-0.19454462826251984,0.9695842266082764,CapturedFrames_-4.0_2.0_0.0/video.mp4#frame=1
1,RIGHT_PINKY,0.8609984517097473,0.32620102167129517,-0.017991159111261368,0.8355951905250549,CapturedFrames_-4.0_2.0_0.0/video.mp4#frame=1
1,LEFT_INDEX,0.9185601472854614,0.3732253313064575,-0.20006661117076874,0.968959391117096,CapturedFrames_-4.0_2.0_0.0/video.mp4#frame=1
1,RIGHT_INDEX,0.8617218732833862,0.32839468121528625,-0.0384073369204998,0.8405358791351318,CapturedFrames_-4.0_2.0_0.0/video.mp4#frame=1
1,LEFT_THUMB,0.917431652545929,0.36494919657707214,-0.1828109174966812,0.9600059986114502,CapturedFrames_-4.0_2.0_0.0/video.mp4#frame=1
1,RIGHT_THUMB,0.865207850933075,0.324270099401474,-0.024061063304543495,0.8408680558204651,CapturedFrames_-4.0_2.0_0.0/video.mp4#frame=1
1,LEFT_HIP,0.9082112312316895,0.3383229374885559,-0.04062946140766144,0.9989105463027954,CapturedFrames_-4.0_2.0_0.0/video.mp4#frame=1
1,RIGHT_HIP,0.889668345451355,0.324180006980896,0.04060692712664604,0.999134361743927,CapturedFrames_-4.0_2.0_0.0/video.mp4#frame=1
1,LEFT_KNEE,0.8782109022140503,0.4132378399372101,-0.034382812678813934,0.9853301048278809,CapturedFrames_-4.0_2.0_0.0/video.mp4#frame=1
1,RIGHT_KNEE,0.8669764399528503,0.4015600383281708,0.03146495670080185,0.9185034036636353,CapturedFrames_-4.0_2.0_0.0/video.mp4#frame=1
1,LEFT_ANKLE,0.8876969218254089,0.4874109625816345,0.02560170367360115,0.9728351831436157,CapturedFrames_-4.0_2.0_0.0/video.mp4#frame=1
1,RIGHT_ANKLE,0.8584102392196655,0.4791465401649475,0.09729906916618347,0.924805760383606,CapturedFrames_-4.0_2.0_0.0/video.mp4#frame=1
1,LEFT_HEEL,0.8912960290908813,0.4991145730018616,0.029552485793828964,0.8846770524978638,CapturedFrames_-4.0_2.0_0.0/video.mp4#frame=1
1,RIGHT_HEEL,0.8620176315307617,0.496613472700119,0.1021505743265152,0.8459169268608093,CapturedFrames_-4.0_2.0_0.0/video.mp4#frame=1
1,LEFT_FOOT_INDEX,0.8697039484977722,0.5179499387741089,-0.00960800051689148,0.9583144187927246,CapturedFrames_-4.0_2.0_0.0/video.mp4#frame=1
1,RIGHT_FOOT_INDEX,0.8317633867263794,0.4928704500198364,0.07259957492351532,0.9294343590736389,CapturedFrames_-4.0_2.0_0.0/video.mp4#frame=1
2,NOSE,0.9086450338363647,0.14975307881832123,-0.11803722381591797,0.9995429515838623,CapturedFrames_-4.0_2.0_0.0/video.mp4#frame=2
2,LEFT_EYE_INNER,0.9140310287475586,0.1410527378320694,-0.12433858215808868,0.9989827275276184,CapturedFrames_-4.0_2.0_0.0/video.mp4#frame=2
2,LEFT_EYE,0.9159604907035828,0.14138607680797577,-0.12433959543704987,0.9992088675498962,CapturedFrames_-4.0_2.0_0.0/video.mp4#frame=2
2,LEFT_EYE_OUTER,0.918113112449646,0.14176522195339203,-0.12434925138950348,0.9992244243621826,CapturedFrames_-4.0_2.0_0.0/video.mp4#frame=2
2,RIGHT_EYE_INNER,0.910751461982727,0.13953407108783722,-0.11151716858148575,0.9987169504165649,CapturedFrames_-4.0_2.0_0.0/video.mp4#frame=2
2,RIGHT_EYE,0.9103729128837585,0.13882191479206085,-0.11150811612606049,0.9987109899520874,CapturedFrames_-4.0_2.0_0.0/video.mp4#frame=2
2,RIGHT_EYE_OUTER,0.9101063013076782,0.13806740939617157,-0.11152251809835434,0.9985920786857605,CapturedFrames_-4.0_2.0_0.0/video.mp4#frame=2
2,LEFT_EAR,0.9263557195663452,0.1474272757768631,-0.12332447618246078,0.9990898370742798,CapturedFrames_-4.0_2.0_0.0/video.mp4#frame=2
2,RIGHT_EAR,0.9160378575325012,0.140948086977005,-0.06552612781524658,0.997100293636322,CapturedFrames_-4.0_2.0_0.0/video.mp4#frame=2
2,MOUTH_LEFT,0.9121626019477844,0.16160476207733154,-0.11505711078643799,0.999502420425415,CapturedFrames_-4.0_2.0_0.0/video.mp4#frame=2
2,MOUTH_RIGHT,0.9077764749526978,0.1597844362258911,-0.09830577671527863,0.9988810420036316,CapturedFrames_-4.0_2.0_0.0/video.mp4#frame=2
2,LEFT_SHOULDER,0.9383360743522644,0.20737065374851227,-0.1301109790802002,0.9999394416809082,CapturedFrames_-4.0_2.0_0.0/video.mp4#frame=2
2,RIGHT_SHOULDER,0.9014772176742554,0.1881769597530365,-0.009870818816125393,0.9997418522834778,CapturedFrames_-4.0_2.0_0.0/video.mp4#frame=2
2,LEFT_ELBOW,0.9340193867683411,0.2835536003112793,-0.13433603942394257,0.9914585947990417,CapturedFrames_-4.0_2.0_0.0/video.mp4#frame=2
2,RIGHT_ELBOW,0.8866546750068665,0.25774043798446655,0.04004881531000137,0.6716086268424988,CapturedFrames_-4.0_2.0_0.0/video.mp4#frame=2
2,LEFT_WRIST,0.924747109413147,0.3493745028972626,-0.14622920751571655,0.9724282026290894,CapturedFrames_-4.0_2.0_0.0/video.mp4#frame=2
2,RIGHT_WRIST,0.8608139157295227,0.30454427003860474,0.011348159052431583,0.8591047525405884,CapturedFrames_-4.0_2.0_0.0/video.mp4#frame=2
2,LEFT_PINKY,0.9237962961196899,0.37122613191604614,-0.16005714237689972,0.9457095265388489,CapturedFrames_-4.0_2.0_0.0/video.mp4#frame=2
2,RIGHT_PINKY,0.8530667424201965,0.3217258155345917,0.008346764370799065,0.8167024254798889,CapturedFrames_-4.0_2.0_0.0/video.mp4#frame=2
2,LEFT_INDEX,0.91913241147995,0.36926591396331787,-0.16671782732009888,0.9448187351226807,CapturedFrames_-4.0_2.0_0.0/video.mp4#frame=2
2,RIGHT_INDEX,0.8527131080627441,0.32260486483573914,-0.012562135234475136,0.827170729637146,CapturedFrames_-4.0_2.0_0.0/video.mp4#frame=2
2,LEFT_THUMB,0.918148398399353,0.3614051342010498,-0.14873263239860535,0.9337387681007385,CapturedFrames_-4.0_2.0_0.0/video.mp4#frame=2
2,RIGHT_THUMB,0.8556686639785767,0.31729668378829956,0.0011833269381895661,0.8272375464439392,CapturedFrames_-4.0_2.0_0.0/video.mp4#frame=2
2,LEFT_HIP,0.9054583311080933,0.3395004868507385,-0.03877124562859535,0.9990837574005127,CapturedFrames_-4.0_2.0_0.0/video.mp4#frame=2
2,RIGHT_HIP,0.8844782710075378,0.3268287777900696,0.03871587663888931,0.9984015822410583,CapturedFrames_-4.0_2.0_0.0/video.mp4#frame=2
2,LEFT_KNEE,0.8733059167861938,0.4113072156906128,0.011613324284553528,0.9711573719978333,CapturedFrames_-4.0_2.0_0.0/video.mp4#frame=2
2,RIGHT_KNEE,0.8674289584159851,0.40169402956962585,0.09876739233732224,0.7478121519088745,CapturedFrames_-4.0_2.0_0.0/video.mp4#frame=2
2,LEFT_ANKLE,0.8684545755386353,0.48896169662475586,0.09116677939891815,0.9427413940429688,CapturedFrames_-4.0_2.0_0.0/video.mp4#frame=2
2,RIGHT_ANKLE,0.8605930209159851,0.4763357937335968,0.17895419895648956,0.7517164349555969,CapturedFrames_-4.0_2.0_0.0/video.mp4#frame=2
2,LEFT_HEEL,0.8725115656852722,0.5016337633132935,0.09732787311077118,0.8051329255104065,CapturedFrames_-4.0_2.0_0.0/video.mp4#frame=2
2,RIGHT_HEEL,0.8638607859611511,0.4905965030193329,0.1860686093568802,0.6787015795707703,CapturedFrames_-4.0_2.0_0.0/video.mp4#frame=2
2,LEFT_FOOT_INDEX,0.8466417193412781,0.5071577429771423,0.059252750128507614,0.9115504622459412,CapturedFrames_-4.0_2.0_0.0/video.mp4#frame=2
2,RIGHT_FOOT_INDEX,0.8369160890579224,0.4911351799964905,0.16381056606769562,0.8236842751502991,CapturedFrames_-4.0_2.0_0.0/video.mp4#frame=2
3,NOSE,0.902020275592804,0.1502923220396042,-0.145756334066391,0.9997482895851135,CapturedFrames_-4.0_2.0_0.0/video.mp4#frame=3
3,LEFT_EYE_INNER,0.9071387052536011,0.14032375812530518,-0.15417638421058655,0.9994363188743591,CapturedFrames_-4.0_2.0_0.0/video.mp4#frame=3
3,LEFT_EYE,0.908978283405304,0.14053606986999512,-0.15416453778743744,0.9995468258857727,CapturedFrames_-4.0_2.0_0.0/video.mp4#frame=3
3,LEFT_EYE_OUTER,0.9109193682670593,0.14083972573280334,-0.15417207777500153,0.9995504021644592,CapturedFrames_-4.0_2.0_0.0/video.mp4#frame=3
3,RIGHT_EYE_INNER,0.9046272039413452,0.13935911655426025,-0.13963764905929565,0.9993422627449036,CapturedFrames_-4.0_2.0_0.0/video.mp4#frame=3
3,RIGHT_EYE,0.9045055508613586,0.1387910544872284,-0.1396697610616684,0.999413251876831,CapturedFrames_-4.0_2.0_0.0/video.mp4#frame=3
3,RIGHT_EYE_OUTER,0.9043892025947571,0.1381968855857849,-0.13969747722148895,0.9994267225265503,CapturedFrames_-4.0_2.0_0.0/video.mp4#frame=3
3,LEFT_EAR,0.9196442365646362,0.14761999249458313,-0.1594942808151245,0.9994551539421082,CapturedFrames_-4.0_2.0_0.0/video.mp4#frame=3
3,RIGHT_EAR,0.9096710085868835,0.14176131784915924,-0.09410220384597778,0.9988580942153931,CapturedFrames_-4.0_2.0_0.0/video.mp4#frame=3
3,MOUTH_LEFT,0.904397189617157,0.16136683523654938,-0.1448661834001541,0.9996858835220337,CapturedFrames_-4.0_2.0_0.0/video.mp4#frame=3
3,MOUTH_RIGHT,0.9012588262557983,0.16033083200454712,-0.1259358674287796,0.9993625283241272,CapturedFrames_-4.0_2.0_0.0/video.mp4#frame=3
3,LEFT_SHOULDER,0.9316752552986145,0.20739947259426117,-0.16072183847427368,0.9999444484710693,CapturedFrames_-4.0_2.0_0.0/video.mp4#frame=3
3,RIGHT_SHOULDER,0.8941642045974731,0.18839779496192932,-0.03839493915438652,0.9998955726623535,CapturedFrames_-4.0_2.0_0.0/video.mp4#frame=3
3,LEFT_ELBOW,0.9309672117233276,0.2840752601623535,-0.16653530299663544,0.9946311712265015,CapturedFrames_-4.0_2.0_0.0/video.mp4#frame=3
3,RIGHT_ELBOW,0.8781186938285828,0.2512081563472748,0.007424424402415752,0.8377139568328857,CapturedFrames_-4.0_2.0_0.0/video.mp4#frame=3
3,LEFT_WRIST,0.9235156774520874,0.34881332516670227,-0.17985601723194122,0.9776813983917236,CapturedFrames_-4.0_2.0_0.0/video.mp4#frame=3
3,RIGHT_WRIST,0.8498180508613586,0.2989446818828583,-0.024017736315727234,0.9188084602355957,CapturedFrames_-4.0_2.0_0.0/video.mp4#frame=3
3,LEFT_PINKY,0.9227083921432495,0.37030643224716187,-0.19600379467010498,0.9492006301879883,CapturedFrames_-4.0_2.0_0.0/video.mp4#frame=3
3,RIGHT_PINKY,0.8415460586547852,0.31669947504997253,-0.02810228243470192,0.8656211495399475,CapturedFrames_-4.0_2.0_0.0/video.mp4#frame=3
3,LEFT_INDEX,0.9178897142410278,0.36869463324546814,-0.20218341052532196,0.9493260979652405,CapturedFrames_-4.0_2.0_0.0/video.mp4#frame=3
3,RIGHT_INDEX,0.8422166705131531,0.3175815939903259,-0.04986060410737991,0.8752855658531189,CapturedFrames_-4.0_2.0_0.0/video.mp4#frame=3
3,LEFT_THUMB,0.9169237017631531,0.3620879352092743,-0.18284864723682404,0.9400426745414734,CapturedFrames_-4.0_2.0_0.0/video.mp4#frame=3
3,RIGHT_THUMB,0.8452256917953491,0.3120875954627991,-0.034638695418834686,0.8729052543640137,CapturedFrames_-4.0_2.0_0.0/video.mp4#frame=3
3,LEFT_HIP,0.9002591371536255,0.3330615162849426,-0.04071967303752899,0.9990795850753784,CapturedFrames_-4.0_2.0_0.0/video.mp4#frame=3
3,RIGHT_HIP,0.880400538444519,0.31972503662109375,0.04065893962979317,0.9987931251525879,CapturedFrames_-4.0_2.0_0.0/video.mp4#frame=3
3,LEFT_KNEE,0.867982029914856,0.4093010425567627,0.004634666256606579,0.9675484299659729,CapturedFrames_-4.0_2.0_0.0/video.mp4#frame=3
3,RIGHT_KNEE,0.865256667137146,0.4002365469932556,0.09738980978727341,0.7431548237800598,CapturedFrames_-4.0_2.0_0.0/video.mp4#frame=3
3,LEFT_ANKLE,0.8525258898735046,0.48728281259536743,0.08045243471860886,0.9462752342224121,CapturedFrames_-4.0_2.0_0.0/video.mp4#frame=3
3,RIGHT_ANKLE,0.8555368185043335,0.47298675775527954,0.17454755306243896,0.7824192643165588,CapturedFrames_-4.0_2.0_0.0/video.mp4#frame=3
3,LEFT_HEEL,0.8551333546638489,0.5026412010192871,0.08604694902896881,0.8458501696586609,CapturedFrames_-4.0_2.0_0.0/video.mp4#frame=3
3,RIGHT_HEEL,0.8589900135993958,0.48654887080192566,0.1809973120689392,0.6942307949066162,CapturedFrames_-4.0_2.0_0.0/video.mp4#frame=3
3,LEFT_FOOT_INDEX,0.8270290493965149,0.5120081305503845,0.04257257655262947,0.9341652989387512,CapturedFrames_-4.0_2.0_0.0/video.mp4#frame=3
3,RIGHT_FOOT_INDEX,0.8310179710388184,0.4946695566177368,0.1529184728860855,0.869288444519043,CapturedFrames_-4.0_2.0_0.0/video.mp4#frame=3
4,NOSE,0.8965060114860535,0.1500360369682312,-0.1452072113752365,0.9999388456344604,CapturedFrames_-4.0_2.0_0.0/video.mp4#frame=4
4,LEFT_EYE_INNER,0.9018155336380005,0.14079789817333221,-0.15257473289966583,0.9998446702957153,CapturedFrames_-4.0_2.0_0.0/video.mp4#frame=4
4,LEFT_EYE,0.9036062955856323,0.14114223420619965,-0.1525619924068451,0.9998835325241089,CapturedFrames_-4.0_2.0_0.0/video.mp4#frame=4
4,LEFT_EYE_OUTER,0.9055706262588501,0.1415664106607437,-0.1525772511959076,0.999881386756897,CapturedFrames_-4.0_2.0_0.0/video.mp4#frame=4
4,RIGHT_EYE_INNER,0.898968517780304,0.1396704763174057,-0.13845500349998474,0.9998388290405273,CapturedFrames_-4.0_2.0_0.0/video.mp4#frame=4
4,RIGHT_EYE,0.8987625241279602,0.13910527527332306,-0.13848645985126495,0.99985671043396,CapturedFrames_-4.0_2.0_0.0/video.mp4#frame=4
4,RIGHT_EYE_OUTER,0.898614764213562,0.13847972452640533,-0.1385205090045929,0.9998559951782227,CapturedFrames_-4.0_2.0_0.0/video.mp4#frame=4
4,LEFT_EAR,0.9140531420707703,0.14857512712478638,-0.15364910662174225,0.9998581409454346,CapturedFrames_-4.0_2.0_0.0/video.mp4#frame=4
4,RIGHT_EAR,0.9039219617843628,0.14240197837352753,-0.09023445099592209,0.999783456325531,CapturedFrames_-4.0_2.0_0.0/video.mp4#frame=4
4,MOUTH_LEFT,0.8991973996162415,0.1619890034198761,-0.14309915900230408,0.9999356269836426,CapturedFrames_-4.0_2.0_0.0/video.mp4#frame=4
4,MOUTH_RIGHT,0.8957613110542297,0.16057685017585754,-0.12477096170186996,0.9998817443847656,CapturedFrames_-4.0_2.0_0.0/video.mp4#frame=4
4,LEFT_SHOULDER,0.9259897470474243,0.21016252040863037,-0.1559952199459076,0.9999704360961914,CapturedFrames_-4.0_2.0_0.0/video.mp4#frame=4
4,RIGHT_SHOULDER,0.8864057660102844,0.19035594165325165,-0.03010961413383484,0.9999550580978394,CapturedFrames_-4.0_2.0_0.0/video.mp4#frame=4
4,LEFT_ELBOW,0.9286201596260071,0.2837401032447815,-0.1637977659702301,0.9968871474266052,CapturedFrames_-4.0_2.0_0.0/video.mp4#frame=4
4,RIGHT_ELBOW,0.8677476048469543,0.2518054246902466,0.016259690746665,0.9078438878059387,CapturedFrames_-4.0_2.0_0.0/video.mp4#frame=4
4,LEFT_WRIST,0.9230535626411438,0.35041511058807373,-0.18309690058231354,0.9822163581848145,CapturedFrames_-4.0_2.0_0.0/video.mp4#frame=4
4,RIGHT_WRIST,0.8366767764091492,0.29764455556869507,-0.018802229315042496,0.9480613470077515,CapturedFrames_-4.0_2.0_0.0/video.mp4#frame=4
4,LEFT_PINKY,0.9224826097488403,0.36908504366874695,-0.1999257504940033,0.9585286974906921,CapturedFrames_-4.0_2.0_0.0/video.mp4#frame=4
4,RIGHT_PINKY,0.8289778828620911,0.31360265612602234,-0.022855039685964584,0.9009667634963989,CapturedFrames_-4.0_2.0_0.0/video.mp4#frame=4
4,LEFT_INDEX,0.9186378717422485,0.36723968386650085,-0.20787647366523743,0.9574698805809021,CapturedFrames_-4.0_2.0_0.0/video.mp4#frame=4
4,RIGHT_INDEX,0.8293998837471008,0.3144497871398926,-0.044749919325113297,0.9081777334213257,CapturedFrames_-4.0_2.0_0.0/video.mp4#frame=4
4,LEFT_THUMB,0.9178611040115356,0.3604675233364105,-0.18705067038536072,0.9520941376686096,CapturedFrames_-4.0_2.0_0.0/video.mp4#frame=4
4,RIGHT_THUMB,0.8322033882141113,0.3096712827682495,-0.02960907854139805,0.9069759845733643,CapturedFrames_-4.0_2.0_0.0/video.mp4#frame=4
4,LEFT_HIP,0.8918108940124512,0.33651238679885864,-0.04108767583966255,0.9996083378791809,CapturedFrames_-4.0_2.0_0.0/video.mp4#frame=4
4,RIGHT_HIP,0.8731769323348999,0.3240230679512024,0.041143205016851425,0.9993942975997925,CapturedFrames_-4.0_2.0_0.0/video.mp4#frame=4
4,LEFT_KNEE,0.858658492565155,0.40979301929473877,-0.03452633321285248,0.9936350584030151,CapturedFrames_-4.0_2.0_0.0/video.mp4#frame=4
4,RIGHT_KNEE,0.8615355491638184,0.4047136604785919,0.11377669870853424,0.8466469645500183,CapturedFrames_-4.0_2.0_0.0/video.mp4#frame=4
4,LEFT_ANKLE,0.8320761919021606,0.4872552752494812,0.006680426187813282,0.9859720468521118,CapturedFrames_-4.0_2.0_0.0/video.mp4#frame=4
4,RIGHT_ANKLE,0.8615075945854187,0.46906614303588867,0.19915281236171722,0.8774445652961731,CapturedFrames_-4.0_2.0_0.0/video.mp4#frame=4
4,LEFT_HEEL,0.8305121660232544,0.5030860900878906,0.008677325211465359,0.956877589225769,CapturedFrames_-4.0_2.0_0.0/video.mp4#frame=4
4,RIGHT_HEEL,0.8660718202590942,0.4853583574295044,0.20579738914966583,0.813739538192749,CapturedFrames_-4.0_2.0_0.0/video.mp4#frame=4
4,LEFT_FOOT_INDEX,0.808793842792511,0.5019147992134094,-0.04305294156074524,0.9773767590522766,CapturedFrames_-4.0_2.0_0.0/video.mp4#frame=4
4,RIGHT_FOOT_INDEX,0.8527924418449402,0.5016627311706543,0.17837780714035034,0.9120938181877136,CapturedFrames_-4.0_2.0_0.0/video.mp4#frame=4
5,NOSE,0.8904385566711426,0.15795476734638214,-0.15602532029151917,0.9999716281890869,CapturedFrames_-4.0_2.0_0.0/video.mp4#frame=5
5,LEFT_EYE_INNER,0.8955658674240112,0.14815227687358856,-0.16213303804397583,0.9998800754547119,CapturedFrames_-4.0_2.0_0.0/video.mp4#frame=5
5,LEFT_EYE,0.8974171876907349,0.14845158159732819,-0.16212762892246246,0.9999216794967651,CapturedFrames_-4.0_2.0_0.0/video.mp4#frame=5
5,LEFT_EYE_OUTER,0.8994113802909851,0.1488872617483139,-0.16213561594486237,0.9999058246612549,CapturedFrames_-4.0_2.0_0.0/video.mp4#frame=5
5,RIGHT_EYE_INNER,0.8930056691169739,0.14708323776721954,-0.14886042475700378,0.9998741149902344,CapturedFrames_-4.0_2.0_0.0/video.mp4#frame=5
5,RIGHT_EYE,0.8927866220474243,0.14655344188213348,-0.14890263974666595,0.9998942613601685,CapturedFrames_-4.0_2.0_0.0/video.mp4#frame=5
5,RIGHT_EYE_OUTER,0.8925871849060059,0.14599184691905975,-0.14892613887786865,0.9998704195022583,CapturedFrames_-4.0_2.0_0.0/video.mp4#frame=5
5,LEFT_EAR,0.9075549244880676,0.15556354820728302,-0.15629397332668304,0.9998948574066162,CapturedFrames_-4.0_2.0_0.0/video.mp4#frame=5
5,RIGHT_EAR,0.8978440165519714,0.14970611035823822,-0.09693154692649841,0.9998161196708679,CapturedFrames_-4.0_2.0_0.0/video.mp4#frame=5
5,MOUTH_LEFT,0.8928982019424438,0.1689550280570984,-0.15111085772514343,0.9999513626098633,CapturedFrames_-4.0_2.0_0.0/video.mp4#frame=5
5,MOUTH_RIGHT,0.8895332217216492,0.16774897277355194,-0.13395871222019196,0.9999065399169922,CapturedFrames_-4.0_2.0_0.0/video.mp4#frame=5
5,LEFT_SHOULDER,0.9196874499320984,0.21689239144325256,-0.14954158663749695,0.9999827146530151,CapturedFrames_-4.0_2.0_0.0/video.mp4#frame=5
5,RIGHT_SHOULDER,0.8808096051216125,0.19392481446266174,-0.03319762647151947,0.999954342842102,CapturedFrames_-4.0_2.0_0.0/video.mp4#frame=5
5,LEFT_ELBOW,0.9222158193588257,0.28623470664024353,-0.14797194302082062,0.9983249306678772,CapturedFrames_-4.0_2.0_0.0/video.mp4#frame=5
5,RIGHT_ELBOW,0.8591769933700562,0.2514083683490753,0.014691387303173542,0.9502821564674377,CapturedFrames_-4.0_2.0_0.0/video.mp4#frame=5
5,LEFT_WRIST,0.9201086759567261,0.35157331824302673,-0.1660892218351364,0.9891725778579712,CapturedFrames_-4.0_2.0_0.0/video.mp4#frame=5
5,RIGHT_WRIST,0.8293741941452026,0.29287010431289673,-0.023327775299549103,0.9753106832504272,CapturedFrames_-4.0_2.0_0.0/video.mp4#frame=5
5,LEFT_PINKY,0.9206295013427734,0.36877965927124023,-0.1806304007768631,0.9715625643730164,CapturedFrames_-4.0_2.0_0.0/video.mp4#frame=5
5,RIGHT_PINKY,0.820816159248352,0.3083089590072632,-0.029416386038064957,0.9460389614105225,CapturedFrames_-4.0_2.0_0.0/video.mp4#frame=5
5,LEFT_INDEX,0.9171193242073059,0.3679351508617401,-0.19250188767910004,0.9724076986312866,CapturedFrames_-4.0_2.0_0.0/video.mp4#frame=5
5,RIGHT_INDEX,0.8214694857597351,0.30951571464538574,-0.050564371049404144,0.9514842629432678,CapturedFrames_-4.0_2.0_0.0/video.mp4#frame=5
5,LEFT_THUMB,0.9162529110908508,0.3620319664478302,-0.17123982310295105,0.9696959853172302,CapturedFrames_-4.0_2.0_0.0/video.mp4#frame=5
5,RIGHT_THUMB,0.8245485424995422,0.30513545870780945,-0.03381099924445152,0.9489563703536987,CapturedFrames_-4.0_2.0_0.0/video.mp4#frame=5
5,LEFT_HIP,0.8866699934005737,0.3408472239971161,-0.041052959859371185,0.9998465776443481,CapturedFrames_-4.0_2.0_0.0/video.mp4#frame=5
5,RIGHT_HIP,0.8685046434402466,0.3273915946483612,0.04109760373830795,0.9996678829193115,CapturedFrames_-4.0_2.0_0.0/video.mp4#frame=5
5,LEFT_KNEE,0.8498037457466125,0.40456071496009827,-0.03511505573987961,0.9952064156532288,CapturedFrames_-4.0_2.0_0.0/video.mp4#frame=5
5,RIGHT_KNEE,0.8545368909835815,0.40644019842147827,0.12452182918787003,0.8905127644538879,CapturedFrames_-4.0_2.0_0.0/video.mp4#frame=5
5,LEFT_ANKLE,0.8166165351867676,0.4836074113845825,-7.227100286399946e-05,0.9942639470100403,CapturedFrames_-4.0_2.0_0.0/video.mp4#frame=5
5,RIGHT_ANKLE,0.8604671359062195,0.4762671887874603,0.2215205729007721,0.9215099215507507,CapturedFrames_-4.0_2.0_0.0/video.mp4#frame=5
5,LEFT_HEEL,0.8143560290336609,0.50249183177948,0.001442055799998343,0.9831618070602417,CapturedFrames_-4.0_2.0_0.0/video.mp4#frame=5
5,RIGHT_HEEL,0.8658690452575684,0.491128146648407,0.22949013113975525,0.8707454204559326,CapturedFrames_-4.0_2.0_0.0/video.mp4#frame=5
5,LEFT_FOOT_INDEX,0.7929885387420654,0.48892566561698914,-0.05387874320149422,0.9900274872779846,CapturedFrames_-4.0_2.0_0.0/video.mp4#frame=5
5,RIGHT_FOOT_INDEX,0.8407477140426636,0.48920339345932007,0.20079144835472107,0.9366326928138733,CapturedFrames_-4.0_2.0_0.0/video.mp4#frame=5
6,NOSE,0.8827075958251953,0.1610371321439743,-0.13920670747756958,0.9999773502349854,CapturedFrames_-4.0_2.0_0.0/video.mp4#frame=6
6,LEFT_EYE_INNER,0.887783408164978,0.152400404214859,-0.1440035104751587,0.9998999834060669,CapturedFrames_-4.0_2.0_0.0/video.mp4#frame=6
6,LEFT_EYE,0.8894087076187134,0.1527826339006424,-0.14401745796203613,0.9999313354492188,CapturedFrames_-4.0_2.0_0.0/video.mp4#frame=6
6,LEFT_EYE_OUTER,0.8912650942802429,0.15322338044643402,-0.1440211683511734,0.9999222755432129,CapturedFrames_-4.0_2.0_0.0/video.mp4#frame=6
6,RIGHT_EYE_INNER,0.8850735425949097,0.15096282958984375,-0.1313268542289734,0.999908447265625,CapturedFrames_-4.0_2.0_0.0/video.mp4#frame=6
6,RIGHT_EYE,0.8847540616989136,0.15040794014930725,-0.13136541843414307,0.9999101161956787,CapturedFrames_-4.0_2.0_0.0/video.mp4#frame=6
6,RIGHT_EYE_OUTER,0.8845111727714539,0.14979444444179535,-0.13137340545654297,0.999886155128479,CapturedFrames_-4.0_2.0_0.0/video.mp4#frame=6
6,LEFT_EAR,0.8998896479606628,0.15927810966968536,-0.13536371290683746,0.9998983144760132,CapturedFrames_-4.0_2.0_0.0/video.mp4#frame=6
6,RIGHT_EAR,0.8896272778511047,0.1533532291650772,-0.07879692316055298,0.9997944235801697,CapturedFrames_-4.0_2.0_0.0/video.mp4#frame=6
6,MOUTH_LEFT,0.8853892087936401,0.17276203632354736,-0.13338887691497803,0.999962329864502,CapturedFrames_-4.0_2.0_0.0/video.mp4#frame=6
6,MOUTH_RIGHT,0.8820154070854187,0.1712341606616974,-0.11693242937326431,0.9999217987060547,CapturedFrames_-4.0_2.0_0.0/video.mp4#frame=6
6,LEFT_SHOULDER,0.9132140278816223,0.22006531059741974,-0.1310187131166458,0.9999867677688599,CapturedFrames_-4.0_2.0_0.0/video.mp4#frame=6
6,RIGHT_SHOULDER,0.871294379234314,0.19960176944732666,-0.014945236966013908,0.9999322891235352,CapturedFrames_-4.0_2.0_0.0/video.mp4#frame=6
6,LEFT_ELBOW,0.9173309206962585,0.28743481636047363,-0.1370191127061844,0.998695433139801,CapturedFrames_-4.0_2.0_0.0/video.mp4#frame=6
6,RIGHT_ELBOW,0.8468195199966431,0.2551962435245514,0.025540556758642197,0.953718900680542,CapturedFrames_-4.0_2.0_0.0/video.mp4#frame=6
6,LEFT_WRIST,0.9151397943496704,0.35064688324928284,-0.15893346071243286,0.9900186061859131,CapturedFrames_-4.0_2.0_0.0/video.mp4#frame=6
6,RIGHT_WRIST,0.818103015422821,0.29294317960739136,-0.013244968838989735,0.9762124419212341,CapturedFrames_-4.0_2.0_0.0/video.mp4#frame=6
6,LEFT_PINKY,0.916455864906311,0.36681264638900757,-0.17191210389137268,0.9744385480880737,CapturedFrames_-4.0_2.0_0.0/video.mp4#frame=6
6,RIGHT_PINKY,0.8087235689163208,0.3082253038883209,-0.017750371247529984,0.9464430809020996,CapturedFrames_-4.0_2.0_0.0/video.mp4#frame=6
6,LEFT_INDEX,0.9122711420059204,0.3667731285095215,-0.18110783398151398,0.9760419130325317,CapturedFrames_-4.0_2.0_0.0/video.mp4#frame=6
6,RIGHT_INDEX,0.8098243474960327,0.3086344003677368,-0.03638084977865219,0.9536519646644592,CapturedFrames_-4.0_2.0_0.0/video.mp4#frame=6
6,LEFT_THUMB,0.9109278917312622,0.3607819974422455,-0.1624370664358139,0.9724976420402527,CapturedFrames_-4.0_2.0_0.0/video.mp4#frame=6
6,RIGHT_THUMB,0.8132835626602173,0.30386286973953247,-0.022422384470701218,0.9510102868080139,CapturedFrames_-4.0_2.0_0.0/video.mp4#frame=6
6,LEFT_HIP,0.879980206489563,0.3404708504676819,-0.04289843142032623,0.999924898147583,CapturedFrames_-4.0_2.0_0.0/video.mp4#frame=6
6,RIGHT_HIP,0.861202597618103,0.32873672246932983,0.04294486343860626,0.9997120499610901,CapturedFrames_-4.0_2.0_0.0/video.mp4#frame=6
6,LEFT_KNEE,0.8419429063796997,0.3995061218738556,-0.07549857348203659,0.9930516481399536,CapturedFrames_-4.0_2.0_0.0/video.mp4#frame=6
6,RIGHT_KNEE,0.8495463132858276,0.4072997272014618,0.13093440234661102,0.8032790422439575,CapturedFrames_-4.0_2.0_0.0/video.mp4#frame=6
6,LEFT_ANKLE,0.8039287328720093,0.48339730501174927,-0.07222960144281387,0.9972621202468872,CapturedFrames_-4.0_2.0_0.0/video.mp4#frame=6
6,RIGHT_ANKLE,0.8603185415267944,0.475097119808197,0.2337861955165863,0.9059987664222717,CapturedFrames_-4.0_2.0_0.0/video.mp4#frame=6
6,LEFT_HEEL,0.8006306886672974,0.5032609701156616,-0.0738256573677063,0.9910255074501038,CapturedFrames_-4.0_2.0_0.0/video.mp4#frame=6
6,RIGHT_HEEL,0.8654102087020874,0.4867303967475891,0.24269767105579376,0.9047616720199585,CapturedFrames_-4.0_2.0_0.0/video.mp4#frame=6
6,LEFT_FOOT_INDEX,0.7811577320098877,0.473845899105072,-0.13186363875865936,0.9916513562202454,CapturedFrames_-4.0_2.0_0.0/video.mp4#frame=6
6,RIGHT_FOOT_INDEX,0.8360732793807983,0.4853309988975525,0.21519675850868225,0.897060751914978,CapturedFrames_-4.0_2.0_0.0/video.mp4#frame=6
7,NOSE,0.8758503198623657,0.16179542243480682,-0.14457044005393982,0.9999837875366211,CapturedFrames_-4.0_2.0_0.0/video.mp4#frame=7
7,LEFT_EYE_INNER,0.8813306093215942,0.15255863964557648,-0.14879648387432098,0.9999208450317383,CapturedFrames_-4.0_2.0_0.0/video.mp4#frame=7
7,LEFT_EYE,0.8833028078079224,0.1531444936990738,-0.14881542325019836,0.9999486207962036,CapturedFrames_-4.0_2.0_0.0/video.mp4#frame=7
7,LEFT_EYE_OUTER,0.8854273557662964,0.15381604433059692,-0.14882709085941315,0.9999358654022217,CapturedFrames_-4.0_2.0_0.0/video.mp4#frame=7
7,RIGHT_EYE_INNER,0.878042995929718,0.1512533277273178,-0.13596409559249878,0.9999305009841919,CapturedFrames_-4.0_2.0_0.0/video.mp4#frame=7
7,RIGHT_EYE,0.8776910901069641,0.1508234739303589,-0.1359797567129135,0.9999315738677979,CapturedFrames_-4.0_2.0_0.0/video.mp4#frame=7
7,RIGHT_EYE_OUTER,0.877392590045929,0.15033170580863953,-0.13597790896892548,0.9999039173126221,CapturedFrames_-4.0_2.0_0.0/video.mp4#frame=7
7,LEFT_EAR,0.8934171795845032,0.16091983020305634,-0.1379154473543167,0.9999192953109741,CapturedFrames_-4.0_2.0_0.0/video.mp4#frame=7
7,RIGHT_EAR,0.8829288482666016,0.15467983484268188,-0.08023527264595032,0.9998619556427002,CapturedFrames_-4.0_2.0_0.0/video.mp4#frame=7
7,MOUTH_LEFT,0.8788448572158813,0.17403696477413177,-0.1379072368144989,0.9999672174453735,CapturedFrames_-4.0_2.0_0.0/video.mp4#frame=7
7,MOUTH_RIGHT,0.874825119972229,0.1724933236837387,-0.12117259204387665,0.9999393224716187,CapturedFrames_-4.0_2.0_0.0/video.mp4#frame=7
7,LEFT_SHOULDER,0.9061850309371948,0.2270517200231552,-0.1300792098045349,0.9999799728393555,CapturedFrames_-4.0_2.0_0.0/video.mp4#frame=7
7,RIGHT_SHOULDER,0.8655076026916504,0.20285527408123016,-0.01845351606607437,0.9999409914016724,CapturedFrames_-4.0_2.0_0.0/video.mp4#frame=7
7,LEFT_ELBOW,0.9093140363693237,0.2932238280773163,-0.13234755396842957,0.9972198009490967,CapturedFrames_-4.0_2.0_0.0/video.mp4#frame=7
7,RIGHT_ELBOW,0.8382805585861206,0.25374460220336914,0.018143394961953163,0.9565228819847107,CapturedFrames_-4.0_2.0_0.0/video.mp4#frame=7
7,LEFT_WRIST,0.9106996655464172,0.3545375466346741,-0.14791738986968994,0.9841578006744385,CapturedFrames_-4.0_2.0_0.0/video.mp4#frame=7
7,RIGHT_WRIST,0.8084534406661987,0.2934371531009674,-0.02212628535926342,0.9794098138809204,CapturedFrames_-4.0_2.0_0.0/video.mp4#frame=7
7,LEFT_PINKY,0.911307692527771,0.3697454333305359,-0.15956725180149078,0.9649622440338135,CapturedFrames_-4.0_2.0_0.0/video.mp4#frame=7
7,RIGHT_PINKY,0.7997652888298035,0.307096004486084,-0.027950670570135117,0.9526610970497131,CapturedFrames_-4.0_2.0_0.0/video.mp4#frame=7
7,LEFT_INDEX,0.9090081453323364,0.36858657002449036,-0.16959597170352936,0.9674572348594666,CapturedFrames_-4.0_2.0_0.0/video.mp4#frame=7
7,RIGHT_INDEX,0.800420880317688,0.30882465839385986,-0.044882841408252716,0.9589431881904602,CapturedFrames_-4.0_2.0_0.0/video.mp4#frame=7
7,LEFT_THUMB,0.9081308245658875,0.3637496829032898,-0.1517670452594757,0.9647603631019592,CapturedFrames_-4.0_2.0_0.0/video.mp4#frame=7
7,RIGHT_THUMB,0.8036202192306519,0.30450668931007385,-0.03074563480913639,0.9567768573760986,CapturedFrames_-4.0_2.0_0.0/video.mp4#frame=7
7,LEFT_HIP,0.8723675012588501,0.34708207845687866,-0.04062560573220253,0.9999531507492065,CapturedFrames_-4.0_2.0_0.0/video.mp4#frame=7
7,RIGHT_HIP,0.8539146184921265,0.33551841974258423,0.040689583867788315,0.9998216032981873,CapturedFrames_-4.0_2.0_0.0/video.mp4#frame=7
7,LEFT_KNEE,0.8334453701972961,0.39936405420303345,-0.08603651821613312,0.9960745573043823,CapturedFrames_-4.0_2.0_0.0/video.mp4#frame=7
7,RIGHT_KNEE,0.8492019772529602,0.4169231951236725,0.15369603037834167,0.8813884258270264,CapturedFrames_-4.0_2.0_0.0/video.mp4#frame=7
7,LEFT_ANKLE,0.7990975975990295,0.482077956199646,-0.08971121907234192,0.9973872303962708,CapturedFrames_-4.0_2.0_0.0/video.mp4#frame=7
7,RIGHT_ANKLE,0.8589106798171997,0.4759562611579895,0.27059096097946167,0.8986716270446777,CapturedFrames_-4.0_2.0_0.0/video.mp4#frame=7
7,LEFT_HEEL,0.7952804565429688,0.5036830902099609,-0.09168051928281784,0.9907618165016174,CapturedFrames_-4.0_2.0_0.0/video.mp4#frame=7
7,RIGHT_HEEL,0.8652313351631165,0.490328311920166,0.2813780903816223,0.9055091738700867,CapturedFrames_-4.0_2.0_0.0/video.mp4#frame=7
7,LEFT_FOOT_INDEX,0.7739612460136414,0.4781017005443573,-0.15332388877868652,0.9874495267868042,CapturedFrames_-4.0_2.0_0.0/video.mp4#frame=7
7,RIGHT_FOOT_INDEX,0.8355989456176758,0.48972684144973755,0.256835401058197,0.8461536169052124,CapturedFrames_-4.0_2.0_0.0/video.mp4#frame=7
8,NOSE,0.8684369325637817,0.16638517379760742,-0.14414082467556,0.9999864101409912,CapturedFrames_-4.0_2.0_0.0/video.mp4#frame=8
8,LEFT_EYE_INNER,0.8731071352958679,0.15764226019382477,-0.14819855988025665,0.9999418258666992,CapturedFrames_-4.0_2.0_0.0/video.mp4#frame=8
8,LEFT_EYE,0.8746052980422974,0.1580052673816681,-0.14821626245975494,0.9999573230743408,CapturedFrames_-4.0_2.0_0.0/video.mp4#frame=8
8,LEFT_EYE_OUTER,0.8763672113418579,0.15840134024620056,-0.14823566377162933,0.9999542236328125,CapturedFrames_-4.0_2.0_0.0/video.mp4#frame=8
8,RIGHT_EYE_INNER,0.8707666397094727,0.15659114718437195,-0.13614040613174438,0.9999433755874634,CapturedFrames_-4.0_2.0_0.0/video.mp4#frame=8
8,RIGHT_EYE,0.8704814910888672,0.1562110185623169,-0.13618439435958862,0.9999411106109619,CapturedFrames_-4.0_2.0_0.0/video.mp4#frame=8
8,RIGHT_EYE_OUTER,0.8701881170272827,0.15576748549938202,-0.1361805945634842,0.9999288320541382,CapturedFrames_-4.0_2.0_0.0/video.mp4#frame=8
8,LEFT_EAR,0.8846417665481567,0.1648682951927185,-0.13942381739616394,0.9999297857284546,CapturedFrames_-4.0_2.0_0.0/video.mp4#frame=8
8,RIGHT_EAR,0.874734103679657,0.1603327840566635,-0.0851244181394577,0.9998922348022461,CapturedFrames_-4.0_2.0_0.0/video.mp4#frame=8
8,MOUTH_LEFT,0.870564341545105,0.17794086039066315,-0.1385377198457718,0.999981164932251,CapturedFrames_-4.0_2.0_0.0/video.mp4#frame=8
8,MOUTH_RIGHT,0.8674089312553406,0.17688974738121033,-0.12270194292068481,0.9999555349349976,CapturedFrames_-4.0_2.0_0.0/video.mp4#frame=8
8,LEFT_SHOULDER,0.8990151286125183,0.23322516679763794,-0.12929369509220123,0.999987006187439,CapturedFrames_-4.0_2.0_0.0/video.mp4#frame=8
8,RIGHT_SHOULDER,0.8554302453994751,0.20891566574573517,-0.03194403275847435,0.9999502897262573,CapturedFrames_-4.0_2.0_0.0/video.mp4#frame=8
8,LEFT_ELBOW,0.901066780090332,0.2955608665943146,-0.13167835772037506,0.9974530339241028,CapturedFrames_-4.0_2.0_0.0/video.mp4#frame=8
8,RIGHT_ELBOW,0.8280031085014343,0.25829511880874634,-0.0027906938921660185,0.9678230285644531,CapturedFrames_-4.0_2.0_0.0/video.mp4#frame=8
8,LEFT_WRIST,0.9025346040725708,0.35695454478263855,-0.14643046259880066,0.9827862977981567,CapturedFrames_-4.0_2.0_0.0/video.mp4#frame=8
8,RIGHT_WRIST,0.798753559589386,0.2990245223045349,-0.03914736956357956,0.973476767539978,CapturedFrames_-4.0_2.0_0.0/video.mp4#frame=8
8,LEFT_PINKY,0.9030906558036804,0.37312838435173035,-0.15706264972686768,0.9625847935676575,CapturedFrames_-4.0_2.0_0.0/video.mp4#frame=8
8,RIGHT_PINKY,0.789221465587616,0.3139851987361908,-0.04675982519984245,0.9375243782997131,CapturedFrames_-4.0_2.0_0.0/video.mp4#frame=8
8,LEFT_INDEX,0.9005774259567261,0.3716093599796295,-0.168400838971138,0.9660123586654663,CapturedFrames_-4.0_2.0_0.0/video.mp4#frame=8
8,RIGHT_INDEX,0.790637195110321,0.3146347403526306,-0.061721526086330414,0.9461069703102112,CapturedFrames_-4.0_2.0_0.0/video.mp4#frame=8
8,LEFT_THUMB,0.8999317288398743,0.3663550913333893,-0.15072064101696014,0.9645152688026428,CapturedFrames_-4.0_2.0_0.0/video.mp4#frame=8
8,RIGHT_THUMB,0.7941392660140991,0.3099217712879181,-0.04702529311180115,0.9442247748374939,CapturedFrames_-4.0_2.0_0.0/video.mp4#frame=8
8,LEFT_HIP,0.8651477694511414,0.3463064134120941,-0.0375140905380249,0.99994957447052,CapturedFrames_-4.0_2.0_0.0/video.mp4#frame=8
8,RIGHT_HIP,0.8468652963638306,0.33424901962280273,0.03757775202393532,0.9997621178627014,CapturedFrames_-4.0_2.0_0.0/video.mp4#frame=8
8,LEFT_KNEE,0.8234308362007141,0.4066995084285736,-0.09469825029373169,0.988134503364563,CapturedFrames_-4.0_2.0_0.0/video.mp4#frame=8
8,RIGHT_KNEE,0.8461912870407104,0.41389191150665283,0.14229309558868408,0.7254093289375305,CapturedFrames_-4.0_2.0_0.0/video.mp4#frame=8
8,LEFT_ANKLE,0.7893602252006531,0.4934485852718353,-0.1071290373802185,0.9961685538291931,CapturedFrames_-4.0_2.0_0.0/video.mp4#frame=8
8,RIGHT_ANKLE,0.8589862585067749,0.4742094576358795,0.2620448172092438,0.8029828667640686,CapturedFrames_-4.0_2.0_0.0/video.mp4#frame=8
8,LEFT_HEEL,0.7870268225669861,0.5102710127830505,-0.11037871986627579,0.9789895415306091,CapturedFrames_-4.0_2.0_0.0/video.mp4#frame=8
8,RIGHT_HEEL,0.8662460446357727,0.48639529943466187,0.2733544111251831,0.8535275459289551,CapturedFrames_-4.0_2.0_0.0/video.mp4#frame=8
8,LEFT_FOOT_INDEX,0.7664783000946045,0.491332083940506,-0.17279724776744843,0.9838389158248901,CapturedFrames_-4.0_2.0_0.0/video.mp4#frame=8
8,RIGHT_FOOT_INDEX,0.8382731676101685,0.4884079694747925,0.254867285490036,0.805341899394989,CapturedFrames_-4.0_2.0_0.0/video.mp4#frame=8
9,NOSE,0.8626703023910522,0.16747409105300903,-0.15529170632362366,0.9999840259552002,CapturedFrames_-4.0_2.0_0.0/video.mp4#frame=9
9,LEFT_EYE_INNER,0.8681472539901733,0.15853796899318695,-0.15719854831695557,0.9999387264251709,CapturedFrames_-4.0_2.0_0.0/video.mp4#frame=9
9,LEFT_EYE,0.8701351284980774,0.15931099653244019,-0.15722104907035828,0.9999533891677856,CapturedFrames_-4.0_2.0_0.0/video.mp4#frame=9
9,LEFT_EYE_OUTER,0.87249356508255,0.16021250188350677,-0.15724653005599976,0.9999532699584961,CapturedFrames_-4.0_2.0_0.0/video.mp4#frame=9
9,RIGHT_EYE_INNER,0.8646811246871948,0.1561754196882248,-0.14636653661727905,0.9999444484710693,CapturedFrames_-4.0_2.0_0.0/video.mp4#frame=9
9,RIGHT_EYE,0.8641990423202515,0.15535640716552734,-0.14639295637607574,0.9999351501464844,CapturedFrames_-4.0_2.0_0.0/video.mp4#frame=9
9,RIGHT_EYE_OUTER,0.8638224601745605,0.15450574457645416,-0.14638982713222504,0.9999274015426636,CapturedFrames_-4.0_2.0_0.0/video.mp4#frame=9
9,LEFT_EAR,0.8797086477279663,0.16706483066082,-0.13799330592155457,0.9999269247055054,CapturedFrames_-4.0_2.0_0.0/video.mp4#frame=9
9,RIGHT_EAR,0.8682896494865417,0.15882040560245514,-0.08950312435626984,0.9998737573623657,CapturedFrames_-4.0_2.0_0.0/video.mp4#frame=9
9,MOUTH_LEFT,0.8655737042427063,0.1801760196685791,-0.14584577083587646,0.999975323677063,CapturedFrames_-4.0_2.0_0.0/video.mp4#frame=9
9,MOUTH_RIGHT,0.8613142967224121,0.17760898172855377,-0.13171173632144928,0.9999568462371826,CapturedFrames_-4.0_2.0_0.0/video.mp4#frame=9
9,LEFT_SHOULDER,0.8911436796188354,0.2323799729347229,-0.13030801713466644,0.999983549118042,CapturedFrames_-4.0_2.0_0.0/video.mp4#frame=9
9,RIGHT_SHOULDER,0.848577618598938,0.20735394954681396,-0.025059521198272705,0.9999381303787231,CapturedFrames_-4.0_2.0_0.0/video.mp4#frame=9
9,LEFT_ELBOW,0.8927223086357117,0.29999759793281555,-0.13769185543060303,0.9947434663772583,CapturedFrames_-4.0_2.0_0.0/video.mp4#frame=9
9,RIGHT_ELBOW,0.8214341998100281,0.2619844377040863,0.0073118493892252445,0.954756498336792,CapturedFrames_-4.0_2.0_0.0/video.mp4#frame=9
9,LEFT_WRIST,0.8928982615470886,0.36288371682167053,-0.16255004703998566,0.9610423445701599,CapturedFrames_-4.0_2.0_0.0/video.mp4#frame=9
9,RIGHT_WRIST,0.79156893491745,0.3035498261451721,-0.0294000543653965,0.9686878323554993,CapturedFrames_-4.0_2.0_0.0/video.mp4#frame=9
9,LEFT_PINKY,0.8950373530387878,0.37873777747154236,-0.17483636736869812,0.9270302653312683,CapturedFrames_-4.0_2.0_0.0/video.mp4#frame=9
9,RIGHT_PINKY,0.7827607989311218,0.31799396872520447,-0.036660924553871155,0.9279170632362366,CapturedFrames_-4.0_2.0_0.0/video.mp4#frame=9
9,LEFT_INDEX,0.8931770324707031,0.37850692868232727,-0.18580903112888336,0.9324591755867004,CapturedFrames_-4.0_2.0_0.0/video.mp4#frame=9
9,RIGHT_INDEX,0.7840324640274048,0.3188515901565552,-0.05149193853139877,0.9378768801689148,CapturedFrames_-4.0_2.0_0.0/video.mp4#frame=9
9,LEFT_THUMB,0.8920756578445435,0.3726942241191864,-0.16706989705562592,0.9301794171333313,CapturedFrames_-4.0_2.0_0.0/video.mp4#frame=9
9,RIGHT_THUMB,0.7873172163963318,0.3146023750305176,-0.037283819168806076,0.9346628189086914,CapturedFrames_-4.0_2.0_0.0/video.mp4#frame=9
9,LEFT_HIP,0.8572114109992981,0.3492957353591919,-0.03941389545798302,0.999967098236084,CapturedFrames_-4.0_2.0_0.0/video.mp4#frame=9
9,RIGHT_HIP,0.8393422961235046,0.33737635612487793,0.03946301341056824,0.9997878670692444,CapturedFrames_-4.0_2.0_0.0/video.mp4#frame=9
9,LEFT_KNEE,0.8190404772758484,0.40688735246658325,-0.10550717264413834,0.9902140498161316,CapturedFrames_-4.0_2.0_0.0/video.mp4#frame=9
9,RIGHT_KNEE,0.8438814878463745,0.4186643064022064,0.15911781787872314,0.6926766633987427,CapturedFrames_-4.0_2.0_0.0/video.mp4#frame=9
9,LEFT_ANKLE,0.7847784757614136,0.4978139102458954,-0.12138549983501434,0.9965096116065979,CapturedFrames_-4.0_2.0_0.0/video.mp4#frame=9
9,RIGHT_ANKLE,0.8579171895980835,0.4690805673599243,0.28662213683128357,0.7888693809509277,CapturedFrames_-4.0_2.0_0.0/video.mp4#frame=9
9,LEFT_HEEL,0.7858403921127319,0.5172477960586548,-0.12487144768238068,0.9785577654838562,CapturedFrames_-4.0_2.0_0.0/video.mp4#frame=9
9,RIGHT_HEEL,0.8658102750778198,0.481288880109787,0.2984463572502136,0.8467760682106018,CapturedFrames_-4.0_2.0_0.0/video.mp4#frame=9
9,LEFT_FOOT_INDEX,0.7603157758712769,0.5031184554100037,-0.19259686768054962,0.9850709438323975,CapturedFrames_-4.0_2.0_0.0/video.mp4#frame=9
9,RIGHT_FOOT_INDEX,0.8351057767868042,0.48970553278923035,0.2760332226753235,0.7922580242156982,CapturedFrames_-4.0_2.0_0.0/video.mp4#frame=9
10,NOSE,0.8565308451652527,0.16920045018196106,-0.15147902071475983,0.999983549118042,CapturedFrames_-4.0_2.0_0.0/video.mp4#frame=10
10,LEFT_EYE_INNER,0.8617252111434937,0.1603509783744812,-0.1526571363210678,0.9999442100524902,CapturedFrames_-4.0_2.0_0.0/video.mp4#frame=10
10,LEFT_EYE,0.8636224865913391,0.1610550433397293,-0.15267078578472137,0.9999580383300781,CapturedFrames_-4.0_2.0_0.0/video.mp4#frame=10
10,LEFT_EYE_OUTER,0.8657037019729614,0.1618121713399887,-0.15270134806632996,0.9999585151672363,CapturedFrames_-4.0_2.0_0.0/video.mp4#frame=10
10,RIGHT_EYE_INNER,0.8586792945861816,0.15877467393875122,-0.14153897762298584,0.999942421913147,CapturedFrames_-4.0_2.0_0.0/video.mp4#frame=10
10,RIGHT_EYE,0.8583582043647766,0.1582954376935959,-0.14156046509742737,0.9999351501464844,CapturedFrames_-4.0_2.0_0.0/video.mp4#frame=10
10,RIGHT_EYE_OUTER,0.8580833673477173,0.15775394439697266,-0.14152736961841583,0.9999258518218994,CapturedFrames_-4.0_2.0_0.0/video.mp4#frame=10
10,LEFT_EAR,0.8734639883041382,0.16903138160705566,-0.1325175017118454,0.9999444484710693,CapturedFrames_-4.0_2.0_0.0/video.mp4#frame=10
10,RIGHT_EAR,0.8625197410583496,0.1623114049434662,-0.08192868530750275,0.9998667240142822,CapturedFrames_-4.0_2.0_0.0/video.mp4#frame=10
10,MOUTH_LEFT,0.8591779470443726,0.18152722716331482,-0.14195004105567932,0.9999825954437256,CapturedFrames_-4.0_2.0_0.0/video.mp4#frame=10
10,MOUTH_RIGHT,0.8552467226982117,0.17957782745361328,-0.12722836434841156,0.9999585151672363,CapturedFrames_-4.0_2.0_0.0/video.mp4#frame=10
10,LEFT_SHOULDER,0.8852399587631226,0.23425017297267914,-0.12711329758167267,0.9999915361404419,CapturedFrames_-4.0_2.0_0.0/video.mp4#frame=10
10,RIGHT_SHOULDER,0.8427432775497437,0.21108220517635345,-0.020041687414050102,0.9999310970306396,CapturedFrames_-4.0_2.0_0.0/video.mp4#frame=10
10,LEFT_ELBOW,0.8857610821723938,0.30379921197891235,-0.13388517498970032,0.9959651231765747,CapturedFrames_-4.0_2.0_0.0/video.mp4#frame=10
10,RIGHT_ELBOW,0.8167268633842468,0.2647706866264343,0.006740310229361057,0.9213451743125916,CapturedFrames_-4.0_2.0_0.0/video.mp4#frame=10
10,LEFT_WRIST,0.8844588994979858,0.3699294328689575,-0.14852827787399292,0.9666247367858887,CapturedFrames_-4.0_2.0_0.0/video.mp4#frame=10
10,RIGHT_WRIST,0.7872883081436157,0.310796856880188,-0.03311390057206154,0.9363291263580322,CapturedFrames_-4.0_2.0_0.0/video.mp4#frame=10
10,LEFT_PINKY,0.8856158256530762,0.38660112023353577,-0.16068534553050995,0.9359713792800903,CapturedFrames_-4.0_2.0_0.0/video.mp4#frame=10
10,RIGHT_PINKY,0.7788559794425964,0.3261607885360718,-0.0426328144967556,0.8723034262657166,CapturedFrames_-4.0_2.0_0.0/video.mp4#frame=10
10,LEFT_INDEX,0.8836075663566589,0.3852722644805908,-0.170632004737854,0.9418553113937378,CapturedFrames_-4.0_2.0_0.0/video.mp4#frame=10
10,RIGHT_INDEX,0.7792971134185791,0.32780006527900696,-0.057014983147382736,0.8886122703552246,CapturedFrames_-4.0_2.0_0.0/video.mp4#frame=10
10,LEFT_THUMB,0.8829752802848816,0.3791872560977936,-0.15244731307029724,0.9387455582618713,CapturedFrames_-4.0_2.0_0.0/video.mp4#frame=10
10,RIGHT_THUMB,0.7820931077003479,0.32369667291641235,-0.04114044830203056,0.8816600441932678,CapturedFrames_-4.0_2.0_0.0/video.mp4#frame=10
10,LEFT_HIP,0.8495596051216125,0.35063350200653076,-0.042178161442279816,0.999964714050293,CapturedFrames_-4.0_2.0_0.0/video.mp4#frame=10
10,RIGHT_HIP,0.8313648104667664,0.33814120292663574,0.04221585392951965,0.9996881484985352,CapturedFrames_-4.0_2.0_0.0/video.mp4#frame=10
10,LEFT_KNEE,0.8104439973831177,0.4114667773246765,-0.11994995921850204,0.9903562068939209,CapturedFrames_-4.0_2.0_0.0/video.mp4#frame=10
10,RIGHT_KNEE,0.8331891894340515,0.4213413596153259,0.1550063043832779,0.7215942144393921,CapturedFrames_-4.0_2.0_0.0/video.mp4#frame=10
10,LEFT_ANKLE,0.7822210192680359,0.5061831474304199,-0.12261639535427094,0.9973268508911133,CapturedFrames_-4.0_2.0_0.0/video.mp4#frame=10
10,RIGHT_ANKLE,0.8556459546089172,0.47110825777053833,0.29390278458595276,0.7980917096138,CapturedFrames_-4.0_2.0_0.0/video.mp4#frame=10
10,LEFT_HEEL,0.7842369079589844,0.5265623927116394,-0.12531590461730957,0.9624149799346924,CapturedFrames_-4.0_2.0_0.0/video.mp4#frame=10
10,RIGHT_HEEL,0.8651269674301147,0.48240628838539124,0.30694860219955444,0.8512759804725647,CapturedFrames_-4.0_2.0_0.0/video.mp4#frame=10
10,LEFT_FOOT_INDEX,0.7548367977142334,0.5149005651473999,-0.19891606271266937,0.9863791465759277,CapturedFrames_-4.0_2.0_0.0/video.mp4#frame=10
10,RIGHT_FOOT_INDEX,0.833112359046936,0.49530303478240967,0.2854214012622833,0.8287422060966492,CapturedFrames_-4.0_2.0_0.0/video.mp4#frame=10
11,NOSE,0.8498088121414185,0.16697800159454346,-0.14046795666217804,0.999971866607666,CapturedFrames_-4.0_2.0_0.0/video.mp4#frame=11
11,LEFT_EYE_INNER,0.8556414842605591,0.1585688441991806,-0.14468076825141907,0.9999337196350098,CapturedFrames_-4.0_2.0_0.0/video.mp4#frame=11
11,LEFT_EYE,0.8573587536811829,0.15915732085704803,-0.14467725157737732,0.9999513626098633,CapturedFrames_-4.0_2.0_0.0/video.mp4#frame=11
11,LEFT_EYE_OUTER,0.8594453930854797,0.16000421345233917,-0.14469993114471436,0.9999521970748901,CapturedFrames_-4.0_2.0_0.0/video.mp4#frame=11
11,RIGHT_EYE_INNER,0.8528460264205933,0.15694984793663025,-0.13259552419185638,0.9999183416366577,CapturedFrames_-4.0_2.0_0.0/video.mp4#frame=11
11,RIGHT_EYE,0.852526068687439,0.15634402632713318,-0.13261057436466217,0.999915361404419,CapturedFrames_-4.0_2.0_0.0/video.mp4#frame=11
11,RIGHT_EYE_OUTER,0.8523001670837402,0.15573227405548096,-0.13261133432388306,0.9999111890792847,CapturedFrames_-4.0_2.0_0.0/video.mp4#frame=11
11,LEFT_EAR,0.8675199747085571,0.16900816559791565,-0.13828453421592712,0.9999279975891113,CapturedFrames_-4.0_2.0_0.0/video.mp4#frame=11
11,RIGHT_EAR,0.8570219278335571,0.16102637350559235,-0.08332647383213043,0.9998466968536377,CapturedFrames_-4.0_2.0_0.0/video.mp4#frame=11
11,MOUTH_LEFT,0.8521944284439087,0.18001331388950348,-0.13561397790908813,0.9999769926071167,CapturedFrames_-4.0_2.0_0.0/video.mp4#frame=11
11,MOUTH_RIGHT,0.8487369418144226,0.1779271513223648,-0.11970885097980499,0.999943733215332,CapturedFrames_-4.0_2.0_0.0/video.mp4#frame=11
11,LEFT_SHOULDER,0.8766669034957886,0.2385619878768921,-0.13768719136714935,0.9999837875366211,CapturedFrames_-4.0_2.0_0.0/video.mp4#frame=11
11,RIGHT_SHOULDER,0.8384407162666321,0.20929063856601715,-0.030333396047353745,0.9998892545700073,CapturedFrames_-4.0_2.0_0.0/video.mp4#frame=11
11,LEFT_ELBOW,0.8756734132766724,0.31329450011253357,-0.14063021540641785,0.9960298538208008,CapturedFrames_-4.0_2.0_0.0/video.mp4#frame=11
11,RIGHT_ELBOW,0.8144396543502808,0.26880308985710144,-0.007751476019620895,0.8482284545898438,CapturedFrames_-4.0_2.0_0.0/video.mp4#frame=11
11,LEFT_WRIST,0.8732131719589233,0.3774960935115814,-0.1477120816707611,0.9679016470909119,CapturedFrames_-4.0_2.0_0.0/video.mp4#frame=11
11,RIGHT_WRIST,0.7867121696472168,0.31311237812042236,-0.043646860867738724,0.8655027747154236,CapturedFrames_-4.0_2.0_0.0/video.mp4#frame=11
11,LEFT_PINKY,0.8739520311355591,0.3918149769306183,-0.15805616974830627,0.9426495432853699,CapturedFrames_-4.0_2.0_0.0/video.mp4#frame=11
11,RIGHT_PINKY,0.778537392616272,0.3298411965370178,-0.052853576838970184,0.791862964630127,CapturedFrames_-4.0_2.0_0.0/video.mp4#frame=11
11,LEFT_INDEX,0.870993971824646,0.39070478081703186,-0.16808052361011505,0.9463465809822083,CapturedFrames_-4.0_2.0_0.0/video.mp4#frame=11
11,RIGHT_INDEX,0.7793031334877014,0.33167093992233276,-0.06725607812404633,0.810212254524231,CapturedFrames_-4.0_2.0_0.0/video.mp4#frame=11
11,LEFT_THUMB,0.8700444102287292,0.3846627175807953,-0.15128090977668762,0.9448688626289368,CapturedFrames_-4.0_2.0_0.0/video.mp4#frame=11
11,RIGHT_THUMB,0.7823300361633301,0.3272479772567749,-0.05161764472723007,0.8049911260604858,CapturedFrames_-4.0_2.0_0.0/video.mp4#frame=11
11,LEFT_HIP,0.8400291204452515,0.3540184199810028,-0.04311969876289368,0.9999227523803711,CapturedFrames_-4.0_2.0_0.0/video.mp4#frame=11
11,RIGHT_HIP,0.8240599632263184,0.3402238190174103,0.043158747255802155,0.9994437098503113,CapturedFrames_-4.0_2.0_0.0/video.mp4#frame=11
11,LEFT_KNEE,0.8000544309616089,0.41540977358818054,-0.08492980897426605,0.9941404461860657,CapturedFrames_-4.0_2.0_0.0/video.mp4#frame=11
11,RIGHT_KNEE,0.8221760988235474,0.41609251499176025,0.1476210653781891,0.7834510803222656,CapturedFrames_-4.0_2.0_0.0/video.mp4#frame=11
11,LEFT_ANKLE,0.7822340726852417,0.5056307315826416,-0.08571837097406387,0.9972888231277466,CapturedFrames_-4.0_2.0_0.0/video.mp4#frame=11
11,RIGHT_ANKLE,0.8470285534858704,0.4643181562423706,0.2597793936729431,0.834357500076294,CapturedFrames_-4.0_2.0_0.0/video.mp4#frame=11
11,LEFT_HEEL,0.7851155996322632,0.5249883532524109,-0.08802670240402222,0.9790405035018921,CapturedFrames_-4.0_2.0_0.0/video.mp4#frame=11
11,RIGHT_HEEL,0.8583728671073914,0.469218373298645,0.2704853415489197,0.8794918060302734,CapturedFrames_-4.0_2.0_0.0/video.mp4#frame=11
11,LEFT_FOOT_INDEX,0.7546259164810181,0.5161117911338806,-0.14877204596996307,0.9900420904159546,CapturedFrames_-4.0_2.0_0.0/video.mp4#frame=11
11,RIGHT_FOOT_INDEX,0.8317168951034546,0.4943951964378357,0.2570262551307678,0.8506508469581604,CapturedFrames_-4.0_2.0_0.0/video.mp4#frame=11
12,NOSE,0.8426657915115356,0.16621123254299164,-0.11454351991415024,0.9999837875366211,CapturedFrames_-4.0_2.0_0.0/video.mp4#frame=12
12,LEFT_EYE_INNER,0.848311722278595,0.1585220843553543,-0.1205771341919899,0.9999603033065796,CapturedFrames_-4.0_2.0_0.0/video.mp4#frame=12
12,LEFT_EYE,0.8498903512954712,0.15913446247577667,-0.12054954469203949,0.9999692440032959,CapturedFrames_-4.0_2.0_0.0/video.mp4#frame=12
12,LEFT_EYE_OUTER,0.8517508506774902,0.1599632203578949,-0.12055275589227676,0.9999667406082153,CapturedFrames_-4.0_2.0_0.0/video.mp4#frame=12
12,RIGHT_EYE_INNER,0.8455374836921692,0.15673109889030457,-0.10706105083227158,0.9999512434005737,CapturedFrames_-4.0_2.0_0.0/video.mp4#frame=12
12,RIGHT_EYE,0.8452118635177612,0.15607380867004395,-0.1070561558008194,0.9999516010284424,CapturedFrames_-4.0_2.0_0.0/video.mp4#frame=12
12,RIGHT_EYE_OUTER,0.8449872732162476,0.15543940663337708,-0.10706998407840729,0.9999504089355469,CapturedFrames_-4.0_2.0_0.0/video.mp4#frame=12
12,LEFT_EAR,0.8597201108932495,0.16884483397006989,-0.12210704386234283,0.9999620914459229,CapturedFrames_-4.0_2.0_0.0/video.mp4#frame=12
12,RIGHT_EAR,0.8498291969299316,0.16078689694404602,-0.06098916381597519,0.9999115467071533,CapturedFrames_-4.0_2.0_0.0/video.mp4#frame=12
12,MOUTH_LEFT,0.8450154066085815,0.17883941531181335,-0.11293917894363403,0.999985933303833,CapturedFrames_-4.0_2.0_0.0/video.mp4#frame=12
12,MOUTH_RIGHT,0.8415642976760864,0.1766626536846161,-0.09526069462299347,0.9999691247940063,CapturedFrames_-4.0_2.0_0.0/video.mp4#frame=12
12,LEFT_SHOULDER,0.8693096041679382,0.23710989952087402,-0.12960298359394073,0.9999879598617554,CapturedFrames_-4.0_2.0_0.0/video.mp4#frame=12
12,RIGHT_SHOULDER,0.8311557769775391,0.2098992019891739,-0.006665730383247137,0.9999585151672363,CapturedFrames_-4.0_2.0_0.0/video.mp4#frame=12
12,LEFT_ELBOW,0.8681305050849915,0.309203177690506,-0.13170810043811798,0.9984821677207947,CapturedFrames_-4.0_2.0_0.0/video.mp4#frame=12
12,RIGHT_ELBOW,0.811102032661438,0.2718006372451782,0.027409369125962257,0.7029482126235962,CapturedFrames_-4.0_2.0_0.0/video.mp4#frame=12
12,LEFT_WRIST,0.8614433407783508,0.3750722110271454,-0.1361258625984192,0.9902470111846924,CapturedFrames_-4.0_2.0_0.0/video.mp4#frame=12
12,RIGHT_WRIST,0.7862988710403442,0.3175972104072571,-0.009384805336594582,0.8631583452224731,CapturedFrames_-4.0_2.0_0.0/video.mp4#frame=12
12,LEFT_PINKY,0.8625725507736206,0.3919757008552551,-0.1478816419839859,0.9787184000015259,CapturedFrames_-4.0_2.0_0.0/video.mp4#frame=12
12,RIGHT_PINKY,0.7786288857460022,0.3342195153236389,-0.016022268682718277,0.8146918416023254,CapturedFrames_-4.0_2.0_0.0/video.mp4#frame=12
12,LEFT_INDEX,0.8579004406929016,0.3922547996044159,-0.15586063265800476,0.9797928333282471,CapturedFrames_-4.0_2.0_0.0/video.mp4#frame=12
12,RIGHT_INDEX,0.7790411710739136,0.33539649844169617,-0.0336461178958416,0.8282760977745056,CapturedFrames_-4.0_2.0_0.0/video.mp4#frame=12
12,LEFT_THUMB,0.8566975593566895,0.3848024010658264,-0.13880571722984314,0.9773547053337097,CapturedFrames_-4.0_2.0_0.0/video.mp4#frame=12
12,RIGHT_THUMB,0.7820236682891846,0.33073484897613525,-0.01843871735036373,0.8264787197113037,CapturedFrames_-4.0_2.0_0.0/video.mp4#frame=12
12,LEFT_HIP,0.8345402479171753,0.3493163287639618,-0.04706136882305145,0.9997833371162415,CapturedFrames_-4.0_2.0_0.0/video.mp4#frame=12
12,RIGHT_HIP,0.8152052164077759,0.3363379240036011,0.04710688441991806,0.9996155500411987,CapturedFrames_-4.0_2.0_0.0/video.mp4#frame=12
12,LEFT_KNEE,0.7955906391143799,0.41538000106811523,-0.05826191231608391,0.9923782348632812,CapturedFrames_-4.0_2.0_0.0/video.mp4#frame=12
12,RIGHT_KNEE,0.8006917834281921,0.4200802147388458,0.0993417426943779,0.7609499096870422,CapturedFrames_-4.0_2.0_0.0/video.mp4#frame=12
12,LEFT_ANKLE,0.7838305234909058,0.5039268136024475,-0.029234107583761215,0.9945544004440308,CapturedFrames_-4.0_2.0_0.0/video.mp4#frame=12
12,RIGHT_ANKLE,0.8337882161140442,0.46445658802986145,0.1741936355829239,0.9000236988067627,CapturedFrames_-4.0_2.0_0.0/video.mp4#frame=12
12,LEFT_HEEL,0.7862560153007507,0.5229339599609375,-0.027953023090958595,0.9792883992195129,CapturedFrames_-4.0_2.0_0.0/video.mp4#frame=12
12,RIGHT_HEEL,0.8294612169265747,0.5040395259857178,0.17992529273033142,0.9120874404907227,CapturedFrames_-4.0_2.0_0.0/video.mp4#frame=12
12,LEFT_FOOT_INDEX,0.7579809427261353,0.5179617404937744,-0.07190637290477753,0.9905842542648315,CapturedFrames_-4.0_2.0_0.0/video.mp4#frame=12
12,RIGHT_FOOT_INDEX,0.8243363499641418,0.4953341484069824,0.15883730351924896,0.9149171113967896,CapturedFrames_-4.0_2.0_0.0/video.mp4#frame=12
13,NOSE,0.8349871635437012,0.16580170392990112,-0.13562153279781342,0.9999163150787354,CapturedFrames_-4.0_2.0_0.0/video.mp4#frame=13
13,LEFT_EYE_INNER,0.8401300311088562,0.1580302119255066,-0.14233551919460297,0.9997634291648865,CapturedFrames_-4.0_2.0_0.0/video.mp4#frame=13
13,LEFT_EYE,0.841903567314148,0.15872010588645935,-0.142317533493042,0.9998125433921814,CapturedFrames_-4.0_2.0_0.0/video.mp4#frame=13
13,LEFT_EYE_OUTER,0.8436707258224487,0.15930387377738953,-0.14232799410820007,0.9998140931129456,CapturedFrames_-4.0_2.0_0.0/video.mp4#frame=13
13,RIGHT_EYE_INNER,0.8376947641372681,0.15630900859832764,-0.1288301944732666,0.9996844530105591,CapturedFrames_-4.0_2.0_0.0/video.mp4#frame=13
13,RIGHT_EYE,0.8374034762382507,0.15556755661964417,-0.12883049249649048,0.9996757507324219,CapturedFrames_-4.0_2.0_0.0/video.mp4#frame=13
13,RIGHT_EYE_OUTER,0.8371511697769165,0.15473933517932892,-0.12884826958179474,0.999665379524231,CapturedFrames_-4.0_2.0_0.0/video.mp4#frame=13
13,LEFT_EAR,0.8518123626708984,0.16685429215431213,-0.14589031040668488,0.9997852444648743,CapturedFrames_-4.0_2.0_0.0/video.mp4#frame=13
13,RIGHT_EAR,0.841987133026123,0.15926098823547363,-0.0839194506406784,0.9992584586143494,CapturedFrames_-4.0_2.0_0.0/video.mp4#frame=13
13,MOUTH_LEFT,0.8372699022293091,0.1776007115840912,-0.13448719680309296,0.9999098777770996,CapturedFrames_-4.0_2.0_0.0/video.mp4#frame=13
13,MOUTH_RIGHT,0.8342469930648804,0.17539982497692108,-0.11666779220104218,0.9997879862785339,CapturedFrames_-4.0_2.0_0.0/video.mp4#frame=13
13,LEFT_SHOULDER,0.8608664274215698,0.2376256138086319,-0.15338194370269775,0.9999775886535645,CapturedFrames_-4.0_2.0_0.0/video.mp4#frame=13
13,RIGHT_SHOULDER,0.8253182172775269,0.20855648815631866,-0.029464323073625565,0.9999467134475708,CapturedFrames_-4.0_2.0_0.0/video.mp4#frame=13
13,LEFT_ELBOW,0.8585922122001648,0.31125783920288086,-0.1640346646308899,0.9982903599739075,CapturedFrames_-4.0_2.0_0.0/video.mp4#frame=13
13,RIGHT_ELBOW,0.8073446154594421,0.27472949028015137,0.009668882004916668,0.6304999589920044,CapturedFrames_-4.0_2.0_0.0/video.mp4#frame=13
13,LEFT_WRIST,0.8475944399833679,0.37685927748680115,-0.17478665709495544,0.9937742948532104,CapturedFrames_-4.0_2.0_0.0/video.mp4#frame=13
13,RIGHT_WRIST,0.7834471464157104,0.32043513655662537,-0.021605612710118294,0.8724814653396606,CapturedFrames_-4.0_2.0_0.0/video.mp4#frame=13
13,LEFT_PINKY,0.8479834794998169,0.39316993951797485,-0.18903391063213348,0.9856228828430176,CapturedFrames_-4.0_2.0_0.0/video.mp4#frame=13
13,RIGHT_PINKY,0.7750372886657715,0.3364299237728119,-0.026383304968476295,0.837758481502533,CapturedFrames_-4.0_2.0_0.0/video.mp4#frame=13
13,LEFT_INDEX,0.8435643911361694,0.3920465111732483,-0.19538815319538116,0.9861447811126709,CapturedFrames_-4.0_2.0_0.0/video.mp4#frame=13
13,RIGHT_INDEX,0.7768089175224304,0.3371801972389221,-0.04586454853415489,0.8460310697555542,CapturedFrames_-4.0_2.0_0.0/video.mp4#frame=13
13,LEFT_THUMB,0.8428056836128235,0.3860721290111542,-0.17717519402503967,0.9828680753707886,CapturedFrames_-4.0_2.0_0.0/video.mp4#frame=13
13,RIGHT_THUMB,0.7799088358879089,0.3332109749317169,-0.030930766835808754,0.8413950800895691,CapturedFrames_-4.0_2.0_0.0/video.mp4#frame=13
13,LEFT_HIP,0.8272085189819336,0.3487304151058197,-0.045147355645895004,0.9993906021118164,CapturedFrames_-4.0_2.0_0.0/video.mp4#frame=13
13,RIGHT_HIP,0.8087779879570007,0.3339819312095642,0.04516161233186722,0.9995176792144775,CapturedFrames_-4.0_2.0_0.0/video.mp4#frame=13
13,LEFT_KNEE,0.7917150259017944,0.41272246837615967,-0.037163253873586655,0.988872230052948,CapturedFrames_-4.0_2.0_0.0/video.mp4#frame=13
13,RIGHT_KNEE,0.7929055690765381,0.41341572999954224,0.08402834832668304,0.82192063331604,CapturedFrames_-4.0_2.0_0.0/video.mp4#frame=13
13,LEFT_ANKLE,0.7970588803291321,0.48540759086608887,0.023426013067364693,0.9767662286758423,CapturedFrames_-4.0_2.0_0.0/video.mp4#frame=13
13,RIGHT_ANKLE,0.8027712106704712,0.4973122775554657,0.1449161171913147,0.8991341590881348,CapturedFrames_-4.0_2.0_0.0/video.mp4#frame=13
13,LEFT_HEEL,0.8020804524421692,0.48714375495910645,0.02841954305768013,0.92428058385849,CapturedFrames_-4.0_2.0_0.0/video.mp4#frame=13
13,RIGHT_HEEL,0.8079227209091187,0.5141388773918152,0.1491246372461319,0.8747014999389648,CapturedFrames_-4.0_2.0_0.0/video.mp4#frame=13
13,LEFT_FOOT_INDEX,0.7669188380241394,0.5150211453437805,-0.0028838706202805042,0.9686402678489685,CapturedFrames_-4.0_2.0_0.0/video.mp4#frame=13
13,RIGHT_FOOT_INDEX,0.7697253823280334,0.5131716132164001,0.12744192779064178,0.9161854982376099,CapturedFrames_-4.0_2.0_0.0/video.mp4#frame=13
14,NOSE,0.8274191617965698,0.16595867276191711,-0.147666797041893,0.9999083280563354,CapturedFrames_-4.0_2.0_0.0/video.mp4#frame=14
14,LEFT_EYE_INNER,0.8331197500228882,0.15737183392047882,-0.1510409116744995,0.999883770942688,CapturedFrames_-4.0_2.0_0.0/video.mp4#frame=14
14,LEFT_EYE,0.8349026441574097,0.15802040696144104,-0.15104633569717407,0.9999080896377563,CapturedFrames_-4.0_2.0_0.0/video.mp4#frame=14
14,LEFT_EYE_OUTER,0.8367961645126343,0.1585996448993683,-0.1510733664035797,0.9999196529388428,CapturedFrames_-4.0_2.0_0.0/video.mp4#frame=14
14,RIGHT_EYE_INNER,0.8299106359481812,0.15584176778793335,-0.13888414204120636,0.9998039603233337,CapturedFrames_-4.0_2.0_0.0/video.mp4#frame=14
14,RIGHT_EYE,0.8294656872749329,0.15543149411678314,-0.13891513645648956,0.9997987151145935,CapturedFrames_-4.0_2.0_0.0/video.mp4#frame=14
14,RIGHT_EYE_OUTER,0.8291357159614563,0.15498527884483337,-0.1389344036579132,0.9997972846031189,CapturedFrames_-4.0_2.0_0.0/video.mp4#frame=14
14,LEFT_EAR,0.8446118235588074,0.16622504591941833,-0.13829658925533295,0.9998840093612671,CapturedFrames_-4.0_2.0_0.0/video.mp4#frame=14
14,RIGHT_EAR,0.8339921236038208,0.15918350219726562,-0.08313560485839844,0.9995554089546204,CapturedFrames_-4.0_2.0_0.0/video.mp4#frame=14
14,MOUTH_LEFT,0.8299142718315125,0.17734964191913605,-0.14075705409049988,0.9999455213546753,CapturedFrames_-4.0_2.0_0.0/video.mp4#frame=14
14,MOUTH_RIGHT,0.8260256052017212,0.17586101591587067,-0.12491860240697861,0.9998456239700317,CapturedFrames_-4.0_2.0_0.0/video.mp4#frame=14
14,LEFT_SHOULDER,0.8520675897598267,0.23427721858024597,-0.13997788727283478,0.9999715089797974,CapturedFrames_-4.0_2.0_0.0/video.mp4#frame=14
14,RIGHT_SHOULDER,0.8188532590866089,0.20597252249717712,-0.022201918065547943,0.9997201561927795,CapturedFrames_-4.0_2.0_0.0/video.mp4#frame=14
14,LEFT_ELBOW,0.8464162945747375,0.3129234313964844,-0.14592979848384857,0.9960630536079407,CapturedFrames_-4.0_2.0_0.0/video.mp4#frame=14
14,RIGHT_ELBOW,0.8023918271064758,0.2744801640510559,0.009780218824744225,0.4324145019054413,CapturedFrames_-4.0_2.0_0.0/video.mp4#frame=14
14,LEFT_WRIST,0.8358047604560852,0.37121710181236267,-0.1592532843351364,0.9778431057929993,CapturedFrames_-4.0_2.0_0.0/video.mp4#frame=14
14,RIGHT_WRIST,0.7793552279472351,0.3274739980697632,-0.03609390929341316,0.593932032585144,CapturedFrames_-4.0_2.0_0.0/video.mp4#frame=14
14,LEFT_PINKY,0.8332416415214539,0.39335983991622925,-0.17225255072116852,0.9558835029602051,CapturedFrames_-4.0_2.0_0.0/video.mp4#frame=14
14,RIGHT_PINKY,0.7725133299827576,0.3432292342185974,-0.04540937766432762,0.5632174015045166,CapturedFrames_-4.0_2.0_0.0/video.mp4#frame=14
14,LEFT_INDEX,0.8297991752624512,0.3915075659751892,-0.18051254749298096,0.957197368144989,CapturedFrames_-4.0_2.0_0.0/video.mp4#frame=14
14,RIGHT_INDEX,0.7728626132011414,0.34359025955200195,-0.06326106190681458,0.5788624882698059,CapturedFrames_-4.0_2.0_0.0/video.mp4#frame=14
14,LEFT_THUMB,0.8296502828598022,0.38421252369880676,-0.16178062558174133,0.9467307329177856,CapturedFrames_-4.0_2.0_0.0/video.mp4#frame=14
14,RIGHT_THUMB,0.7757593393325806,0.33897316455841064,-0.04552915692329407,0.5632870197296143,CapturedFrames_-4.0_2.0_0.0/video.mp4#frame=14
14,LEFT_HIP,0.8179479837417603,0.349795937538147,-0.043058570474386215,0.9994605183601379,CapturedFrames_-4.0_2.0_0.0/video.mp4#frame=14
14,RIGHT_HIP,0.7994548678398132,0.33323585987091064,0.04301508888602257,0.9978406429290771,CapturedFrames_-4.0_2.0_0.0/video.mp4#frame=14
14,LEFT_KNEE,0.7851338386535645,0.4223800301551819,-0.03730365261435509,0.9806407690048218,CapturedFrames_-4.0_2.0_0.0/video.mp4#frame=14
14,RIGHT_KNEE,0.7793046236038208,0.4113883674144745,0.0689227283000946,0.8813760876655579,CapturedFrames_-4.0_2.0_0.0/video.mp4#frame=14
14,LEFT_ANKLE,0.7806546092033386,0.5095170140266418,0.03736332431435585,0.9918314814567566,CapturedFrames_-4.0_2.0_0.0/video.mp4#frame=14
14,RIGHT_ANKLE,0.8088226318359375,0.4541792869567871,0.16409114003181458,0.9083771705627441,CapturedFrames_-4.0_2.0_0.0/video.mp4#frame=14
14,LEFT_HEEL,0.7839718461036682,0.5274882316589355,0.042058758437633514,0.9527677893638611,CapturedFrames_-4.0_2.0_0.0/video.mp4#frame=14
14,RIGHT_HEEL,0.820889949798584,0.45281296968460083,0.17239482700824738,0.9038490056991577,CapturedFrames_-4.0_2.0_0.0/video.mp4#frame=14
14,LEFT_FOOT_INDEX,0.7580231428146362,0.521058201789856,-0.006492650602012873,0.9866815805435181,CapturedFrames_-4.0_2.0_0.0/video.mp4#frame=14
14,RIGHT_FOOT_INDEX,0.7966852784156799,0.5029104948043823,0.1508275717496872,0.9235770106315613,CapturedFrames_-4.0_2.0_0.0/video.mp4#frame=14
15,NOSE,0.8188400268554688,0.16600121557712555,-0.14493407309055328,0.9997960925102234,CapturedFrames_-4.0_2.0_0.0/video.mp4#frame=15
15,LEFT_EYE_INNER,0.8246999979019165,0.1570119708776474,-0.1508837640285492,0.9997462630271912,CapturedFrames_-4.0_2.0_0.0/video.mp4#frame=15
15,LEFT_EYE,0.8266023397445679,0.1575237512588501,-0.15086820721626282,0.9998067021369934,CapturedFrames_-4.0_2.0_0.0/video.mp4#frame=15
15,LEFT_EYE_OUTER,0.8284827470779419,0.1581331044435501,-0.15090422332286835,0.9998383522033691,CapturedFrames_-4.0_2.0_0.0/video.mp4#frame=15
15,RIGHT_EYE_INNER,0.8213823437690735,0.15570133924484253,-0.13799242675304413,0.9995372295379639,CapturedFrames_-4.0_2.0_0.0/video.mp4#frame=15
15,RIGHT_EYE,0.8209516406059265,0.1553279608488083,-0.1380022168159485,0.999488353729248,CapturedFrames_-4.0_2.0_0.0/video.mp4#frame=15
15,RIGHT_EYE_OUTER,0.8205388784408569,0.15486112236976624,-0.1380360871553421,0.9994286894798279,CapturedFrames_-4.0_2.0_0.0/video.mp4#frame=15
15,LEFT_EAR,0.8366822004318237,0.16498440504074097,-0.1431911438703537,0.999769389629364,CapturedFrames_-4.0_2.0_0.0/video.mp4#frame=15
15,RIGHT_EAR,0.8255684971809387,0.1573537439107895,-0.08492644876241684,0.9990708827972412,CapturedFrames_-4.0_2.0_0.0/video.mp4#frame=15
15,MOUTH_LEFT,0.8216096758842468,0.17673885822296143,-0.13930641114711761,0.999903678894043,CapturedFrames_-4.0_2.0_0.0/video.mp4#frame=15
15,MOUTH_RIGHT,0.8174594640731812,0.17535308003425598,-0.12262387573719025,0.9997047781944275,CapturedFrames_-4.0_2.0_0.0/video.mp4#frame=15
15,LEFT_SHOULDER,0.8439428210258484,0.23238462209701538,-0.14885088801383972,0.999969482421875,CapturedFrames_-4.0_2.0_0.0/video.mp4#frame=15
15,RIGHT_SHOULDER,0.8156391978263855,0.1998996138572693,-0.020868245512247086,0.9993070363998413,CapturedFrames_-4.0_2.0_0.0/video.mp4#frame=15
15,LEFT_ELBOW,0.8342905044555664,0.3072454035282135,-0.15399974584579468,0.9963405132293701,CapturedFrames_-4.0_2.0_0.0/video.mp4#frame=15
15,RIGHT_ELBOW,0.8041456937789917,0.2692662477493286,0.013732640072703362,0.21552914381027222,CapturedFrames_-4.0_2.0_0.0/video.mp4#frame=15
15,LEFT_WRIST,0.8181356191635132,0.3673878610134125,-0.15377433598041534,0.9866219162940979,CapturedFrames_-4.0_2.0_0.0/video.mp4#frame=15
15,RIGHT_WRIST,0.7875346541404724,0.32023438811302185,-0.0326787531375885,0.3810344636440277,CapturedFrames_-4.0_2.0_0.0/video.mp4#frame=15
15,LEFT_PINKY,0.8149737119674683,0.3857978880405426,-0.16603998839855194,0.9733739495277405,CapturedFrames_-4.0_2.0_0.0/video.mp4#frame=15
15,RIGHT_PINKY,0.7811796069145203,0.3347485363483429,-0.04216717556118965,0.39649608731269836,CapturedFrames_-4.0_2.0_0.0/video.mp4#frame=15
15,LEFT_INDEX,0.8101001977920532,0.3834274411201477,-0.17416176199913025,0.9724761843681335,CapturedFrames_-4.0_2.0_0.0/video.mp4#frame=15
15,RIGHT_INDEX,0.7808717489242554,0.3363165855407715,-0.05845080688595772,0.4025336503982544,CapturedFrames_-4.0_2.0_0.0/video.mp4#frame=15
15,LEFT_THUMB,0.8095205426216125,0.37663859128952026,-0.15540340542793274,0.9645727872848511,CapturedFrames_-4.0_2.0_0.0/video.mp4#frame=15
15,RIGHT_THUMB,0.7842252254486084,0.3318096399307251,-0.04137105494737625,0.39833104610443115,CapturedFrames_-4.0_2.0_0.0/video.mp4#frame=15
15,LEFT_HIP,0.8122886419296265,0.3496420085430145,-0.044448934495449066,0.999426007270813,CapturedFrames_-4.0_2.0_0.0/video.mp4#frame=15
15,RIGHT_HIP,0.7934610843658447,0.3314027488231659,0.04445113614201546,0.9974072575569153,CapturedFrames_-4.0_2.0_0.0/video.mp4#frame=15
15,LEFT_KNEE,0.7814017534255981,0.4281799793243408,-0.028744850307703018,0.9957846999168396,CapturedFrames_-4.0_2.0_0.0/video.mp4#frame=15
15,RIGHT_KNEE,0.7647219896316528,0.4028496742248535,0.0798458531498909,0.9090079665184021,CapturedFrames_-4.0_2.0_0.0/video.mp4#frame=15
15,LEFT_ANKLE,0.7803478240966797,0.5018730759620667,0.04014149308204651,0.9931221604347229,CapturedFrames_-4.0_2.0_0.0/video.mp4#frame=15
15,RIGHT_ANKLE,0.7989730834960938,0.44960907101631165,0.208510160446167,0.8475052118301392,CapturedFrames_-4.0_2.0_0.0/video.mp4#frame=15
15,LEFT_HEEL,0.7810682654380798,0.5193833708763123,0.044456031173467636,0.9453569650650024,CapturedFrames_-4.0_2.0_0.0/video.mp4#frame=15
15,RIGHT_HEEL,0.8081299066543579,0.4541141986846924,0.22129538655281067,0.8696796298027039,CapturedFrames_-4.0_2.0_0.0/video.mp4#frame=15
15,LEFT_FOOT_INDEX,0.758074164390564,0.5218203067779541,-0.003747201059013605,0.9836844205856323,CapturedFrames_-4.0_2.0_0.0/video.mp4#frame=15
15,RIGHT_FOOT_INDEX,0.7934800386428833,0.4741973876953125,0.21703720092773438,0.8655853867530823,CapturedFrames_-4.0_2.0_0.0/video.mp4#frame=15
16,NOSE,0.8106573224067688,0.1624983549118042,-0.16093923151493073,0.9989896416664124,CapturedFrames_-4.0_2.0_0.0/video.mp4#frame=16
16,LEFT_EYE_INNER,0.8161282539367676,0.15339264273643494,-0.16728946566581726,0.9987614154815674,CapturedFrames_-4.0_2.0_0.0/video.mp4#frame=16
16,LEFT_EYE,0.8177350163459778,0.153860405087471,-0.16729913651943207,0.9991304278373718,CapturedFrames_-4.0_2.0_0.0/video.mp4#frame=16
16,LEFT_EYE_OUTER,0.8195532560348511,0.1542811095714569,-0.16735835373401642,0.9993413090705872,CapturedFrames_-4.0_2.0_0.0/video.mp4#frame=16
16,RIGHT_EYE_INNER,0.8132716417312622,0.15179145336151123,-0.153731569647789,0.9977739453315735,CapturedFrames_-4.0_2.0_0.0/video.mp4#frame=16
16,RIGHT_EYE,0.8130513429641724,0.1511772871017456,-0.15373650193214417,0.997448205947876,CapturedFrames_-4.0_2.0_0.0/video.mp4#frame=16
16,RIGHT_EYE_OUTER,0.8129299879074097,0.15051165223121643,-0.15377089381217957,0.9970844388008118,CapturedFrames_-4.0_2.0_0.0/video.mp4#frame=16
16,LEFT_EAR,0.8282548785209656,0.1607300490140915,-0.16461418569087982,0.9990990161895752,CapturedFrames_-4.0_2.0_0.0/video.mp4#frame=16
16,RIGHT_EAR,0.8187848329544067,0.1538599282503128,-0.10276248306035995,0.9946215152740479,CapturedFrames_-4.0_2.0_0.0/video.mp4#frame=16
16,MOUTH_LEFT,0.8136414289474487,0.17349973320960999,-0.15737740695476532,0.9993133544921875,CapturedFrames_-4.0_2.0_0.0/video.mp4#frame=16
16,MOUTH_RIGHT,0.8103293180465698,0.17182323336601257,-0.13962672650814056,0.9975767731666565,CapturedFrames_-4.0_2.0_0.0/video.mp4#frame=16
16,LEFT_SHOULDER,0.835475742816925,0.2240915149450302,-0.17524603009223938,0.9999486207962036,CapturedFrames_-4.0_2.0_0.0/video.mp4#frame=16
16,RIGHT_SHOULDER,0.8110820651054382,0.19476298987865448,-0.038055211305618286,0.9969922304153442,CapturedFrames_-4.0_2.0_0.0/video.mp4#frame=16
16,LEFT_ELBOW,0.8228254318237305,0.3002683222293854,-0.19082453846931458,0.9949145317077637,CapturedFrames_-4.0_2.0_0.0/video.mp4#frame=16
16,RIGHT_ELBOW,0.8006955981254578,0.2628006339073181,0.001267886022105813,0.14593587815761566,CapturedFrames_-4.0_2.0_0.0/video.mp4#frame=16
16,LEFT_WRIST,0.8012563586235046,0.3600265383720398,-0.19238467514514923,0.982945442199707,CapturedFrames_-4.0_2.0_0.0/video.mp4#frame=16
16,RIGHT_WRIST,0.7859815359115601,0.32104793190956116,-0.032916780561208725,0.2344733625650406,CapturedFrames_-4.0_2.0_0.0/video.mp4#frame=16
16,LEFT_PINKY,0.7970109581947327,0.38101881742477417,-0.20851728320121765,0.966510534286499,CapturedFrames_-4.0_2.0_0.0/video.mp4#frame=16
16,RIGHT_PINKY,0.7821864485740662,0.33463335037231445,-0.04078737273812294,0.2508367598056793,CapturedFrames_-4.0_2.0_0.0/video.mp4#frame=16
16,LEFT_INDEX,0.7910779118537903,0.3761877715587616,-0.21354666352272034,0.9656245112419128,CapturedFrames_-4.0_2.0_0.0/video.mp4#frame=16
16,RIGHT_INDEX,0.7811285257339478,0.33514848351478577,-0.0578983910381794,0.25291797518730164,CapturedFrames_-4.0_2.0_0.0/video.mp4#frame=16
16,LEFT_THUMB,0.7914651036262512,0.36959636211395264,-0.19310112297534943,0.9501341581344604,CapturedFrames_-4.0_2.0_0.0/video.mp4#frame=16
16,RIGHT_THUMB,0.783049464225769,0.3315819799900055,-0.0416930690407753,0.2598728835582733,CapturedFrames_-4.0_2.0_0.0/video.mp4#frame=16
16,LEFT_HIP,0.8070365786552429,0.34820637106895447,-0.045802172273397446,0.9991084933280945,CapturedFrames_-4.0_2.0_0.0/video.mp4#frame=16
16,RIGHT_HIP,0.788600742816925,0.32933029532432556,0.04581941291689873,0.9966957569122314,CapturedFrames_-4.0_2.0_0.0/video.mp4#frame=16
16,LEFT_KNEE,0.7805664539337158,0.43106091022491455,-0.051046114414930344,0.9903338551521301,CapturedFrames_-4.0_2.0_0.0/video.mp4#frame=16
16,RIGHT_KNEE,0.7527329921722412,0.3970756232738495,0.05588037520647049,0.8990334868431091,CapturedFrames_-4.0_2.0_0.0/video.mp4#frame=16
16,LEFT_ANKLE,0.7794628143310547,0.5095507502555847,0.004294310696423054,0.9768373370170593,CapturedFrames_-4.0_2.0_0.0/video.mp4#frame=16
16,RIGHT_ANKLE,0.7759605646133423,0.4556315541267395,0.17260517179965973,0.6643021106719971,CapturedFrames_-4.0_2.0_0.0/video.mp4#frame=16
16,LEFT_HEEL,0.784891664981842,0.5288350582122803,0.0071816714480519295,0.7864746451377869,CapturedFrames_-4.0_2.0_0.0/video.mp4#frame=16
16,RIGHT_HEEL,0.7820024490356445,0.4660140573978424,0.1837579607963562,0.5846746563911438,CapturedFrames_-4.0_2.0_0.0/video.mp4#frame=16
16,LEFT_FOOT_INDEX,0.7554013133049011,0.5246595740318298,-0.04451696574687958,0.9410877823829651,CapturedFrames_-4.0_2.0_0.0/video.mp4#frame=16
16,RIGHT_FOOT_INDEX,0.7577577233314514,0.49451136589050293,0.17538723349571228,0.6652433276176453,CapturedFrames_-4.0_2.0_0.0/video.mp4#frame=16
17,NOSE,0.8010369539260864,0.158564954996109,-0.12856070697307587,0.9983195662498474,CapturedFrames_-4.0_2.0_0.0/video.mp4#frame=17
17,LEFT_EYE_INNER,0.8054003715515137,0.14810946583747864,-0.1389874815940857,0.9980040192604065,CapturedFrames_-4.0_2.0_0.0/video.mp4#frame=17
17,LEFT_EYE,0.8066452741622925,0.14839065074920654,-0.13898241519927979,0.9985124468803406,CapturedFrames_-4.0_2.0_0.0/video.mp4#frame=17
17,LEFT_EYE_OUTER,0.8080350756645203,0.14866772294044495,-0.139016792178154,0.9987232089042664,CapturedFrames_-4.0_2.0_0.0/video.mp4#frame=17
17,RIGHT_EYE_INNER,0.8039685487747192,0.14711099863052368,-0.1227036863565445,0.9967478513717651,CapturedFrames_-4.0_2.0_0.0/video.mp4#frame=17
17,RIGHT_EYE,0.8042443990707397,0.1466931402683258,-0.12269268929958344,0.9965848922729492,CapturedFrames_-4.0_2.0_0.0/video.mp4#frame=17
17,RIGHT_EYE_OUTER,0.8046127557754517,0.14617836475372314,-0.1227317824959755,0.996288537979126,CapturedFrames_-4.0_2.0_0.0/video.mp4#frame=17
17,LEFT_EAR,0.8168390393257141,0.1541542261838913,-0.1544775813817978,0.998514711856842,CapturedFrames_-4.0_2.0_0.0/video.mp4#frame=17
17,RIGHT_EAR,0.8121053576469421,0.1500653624534607,-0.08014500886201859,0.9949841499328613,CapturedFrames_-4.0_2.0_0.0/video.mp4#frame=17
17,MOUTH_LEFT,0.8042532205581665,0.16979466378688812,-0.1317165195941925,0.9979971051216125,CapturedFrames_-4.0_2.0_0.0/video.mp4#frame=17
17,MOUTH_RIGHT,0.8019922971725464,0.16869638860225677,-0.11031518876552582,0.9945873022079468,CapturedFrames_-4.0_2.0_0.0/video.mp4#frame=17
17,LEFT_SHOULDER,0.8230361938476562,0.21759137511253357,-0.17566576600074768,0.9998544454574585,CapturedFrames_-4.0_2.0_0.0/video.mp4#frame=17
17,RIGHT_SHOULDER,0.8081352114677429,0.19007259607315063,-0.026151899248361588,0.997129499912262,CapturedFrames_-4.0_2.0_0.0/video.mp4#frame=17
17,LEFT_ELBOW,0.8052288293838501,0.29450705647468567,-0.20056411623954773,0.9903606176376343,CapturedFrames_-4.0_2.0_0.0/video.mp4#frame=17
17,RIGHT_ELBOW,0.7987524271011353,0.2596192955970764,0.010817945934832096,0.13312292098999023,CapturedFrames_-4.0_2.0_0.0/video.mp4#frame=17
17,LEFT_WRIST,0.7804111838340759,0.3501371443271637,-0.18975074589252472,0.9699306488037109,CapturedFrames_-4.0_2.0_0.0/video.mp4#frame=17
17,RIGHT_WRIST,0.7848551273345947,0.31729835271835327,-0.018742434680461884,0.21048903465270996,CapturedFrames_-4.0_2.0_0.0/video.mp4#frame=17
17,LEFT_PINKY,0.7762811183929443,0.36993828415870667,-0.2079661786556244,0.9436594843864441,CapturedFrames_-4.0_2.0_0.0/video.mp4#frame=17
17,RIGHT_PINKY,0.7800418734550476,0.3334130048751831,-0.024022113531827927,0.2253306806087494,CapturedFrames_-4.0_2.0_0.0/video.mp4#frame=17
17,LEFT_INDEX,0.7728918194770813,0.3678227663040161,-0.20744457840919495,0.9391222596168518,CapturedFrames_-4.0_2.0_0.0/video.mp4#frame=17
17,RIGHT_INDEX,0.7793163061141968,0.330289363861084,-0.042524538934230804,0.2322172373533249,CapturedFrames_-4.0_2.0_0.0/video.mp4#frame=17
17,LEFT_THUMB,0.7739262580871582,0.3620850741863251,-0.1888340264558792,0.9124512672424316,CapturedFrames_-4.0_2.0_0.0/video.mp4#frame=17
17,RIGHT_THUMB,0.7809805870056152,0.325056791305542,-0.028086677193641663,0.2472935914993286,CapturedFrames_-4.0_2.0_0.0/video.mp4#frame=17
17,LEFT_HIP,0.8030694127082825,0.34331727027893066,-0.0483890064060688,0.99845290184021,CapturedFrames_-4.0_2.0_0.0/video.mp4#frame=17
17,RIGHT_HIP,0.7862848043441772,0.3273831307888031,0.04837806895375252,0.9972267746925354,CapturedFrames_-4.0_2.0_0.0/video.mp4#frame=17
17,LEFT_KNEE,0.7818132638931274,0.4261898994445801,-0.055274613201618195,0.9930552840232849,CapturedFrames_-4.0_2.0_0.0/video.mp4#frame=17
17,RIGHT_KNEE,0.7438891530036926,0.38513296842575073,0.03738376125693321,0.9395844340324402,CapturedFrames_-4.0_2.0_0.0/video.mp4#frame=17
17,LEFT_ANKLE,0.7795106768608093,0.5071766972541809,0.015033714473247528,0.9839455485343933,CapturedFrames_-4.0_2.0_0.0/video.mp4#frame=17
17,RIGHT_ANKLE,0.7627876996994019,0.4552360475063324,0.12347108125686646,0.8314365148544312,CapturedFrames_-4.0_2.0_0.0/video.mp4#frame=17
17,LEFT_HEEL,0.7838437557220459,0.5229701995849609,0.019447244703769684,0.8476709127426147,CapturedFrames_-4.0_2.0_0.0/video.mp4#frame=17
17,RIGHT_HEEL,0.7695218324661255,0.4697170555591583,0.1308821737766266,0.7420591115951538,CapturedFrames_-4.0_2.0_0.0/video.mp4#frame=17
17,LEFT_FOOT_INDEX,0.7543995380401611,0.5232003331184387,-0.03160286322236061,0.9548901915550232,CapturedFrames_-4.0_2.0_0.0/video.mp4#frame=17
17,RIGHT_FOOT_INDEX,0.7416377067565918,0.48904839158058167,0.11509919166564941,0.7982734441757202,CapturedFrames_-4.0_2.0_0.0/video.mp4#frame=17
18,NOSE,0.7936419248580933,0.15645456314086914,-0.1652406007051468,0.9970634579658508,CapturedFrames_-4.0_2.0_0.0/video.mp4#frame=18
18,LEFT_EYE_INNER,0.798553466796875,0.14692366123199463,-0.17028087377548218,0.9948644042015076,CapturedFrames_-4.0_2.0_0.0/video.mp4#frame=18
18,LEFT_EYE,0.8001989126205444,0.14741915464401245,-0.17027802765369415,0.9958328604698181,CapturedFrames_-4.0_2.0_0.0/video.mp4#frame=18
18,LEFT_EYE_OUTER,0.8020496368408203,0.14807653427124023,-0.17030130326747894,0.9962437152862549,CapturedFrames_-4.0_2.0_0.0/video.mp4#frame=18
18,RIGHT_EYE_INNER,0.7963902950286865,0.14524930715560913,-0.15696294605731964,0.9930477738380432,CapturedFrames_-4.0_2.0_0.0/video.mp4#frame=18
18,RIGHT_EYE,0.7962287068367004,0.14459556341171265,-0.1569535732269287,0.9918246865272522,CapturedFrames_-4.0_2.0_0.0/video.mp4#frame=18
18,RIGHT_EYE_OUTER,0.796110987663269,0.1438685655593872,-0.1569855660200119,0.9906209707260132,CapturedFrames_-4.0_2.0_0.0/video.mp4#frame=18
18,LEFT_EAR,0.810433030128479,0.1545683741569519,-0.1611326038837433,0.9959151148796082,CapturedFrames_-4.0_2.0_0.0/video.mp4#frame=18
18,RIGHT_EAR,0.8024595379829407,0.14729821681976318,-0.09996078908443451,0.9832725524902344,CapturedFrames_-4.0_2.0_0.0/video.mp4#frame=18
18,MOUTH_LEFT,0.7969539761543274,0.1684599220752716,-0.15947601199150085,0.9954622387886047,CapturedFrames_-4.0_2.0_0.0/video.mp4#frame=18
18,MOUTH_RIGHT,0.7940045595169067,0.1664172112941742,-0.14197809994220734,0.9903292655944824,CapturedFrames_-4.0_2.0_0.0/video.mp4#frame=18
18,LEFT_SHOULDER,0.8154789209365845,0.21925777196884155,-0.17392471432685852,0.9995985627174377,CapturedFrames_-4.0_2.0_0.0/video.mp4#frame=18
18,RIGHT_SHOULDER,0.8002629280090332,0.18360096216201782,-0.030094441026449203,0.9971470236778259,CapturedFrames_-4.0_2.0_0.0/video.mp4#frame=18
18,LEFT_ELBOW,0.7982063293457031,0.29454338550567627,-0.19039681553840637,0.9896367192268372,CapturedFrames_-4.0_2.0_0.0/video.mp4#frame=18
18,RIGHT_ELBOW,0.785477340221405,0.2648196220397949,0.010460838675498962,0.13429410755634308,CapturedFrames_-4.0_2.0_0.0/video.mp4#frame=18
18,LEFT_WRIST,0.7696127891540527,0.3397673964500427,-0.18865621089935303,0.9744446277618408,CapturedFrames_-4.0_2.0_0.0/video.mp4#frame=18
18,RIGHT_WRIST,0.778631865978241,0.32079291343688965,-0.030105073004961014,0.2314530313014984,CapturedFrames_-4.0_2.0_0.0/video.mp4#frame=18
18,LEFT_PINKY,0.7618448138237,0.3560478091239929,-0.20694422721862793,0.9526505470275879,CapturedFrames_-4.0_2.0_0.0/video.mp4#frame=18
18,RIGHT_PINKY,0.7722908854484558,0.33214837312698364,-0.038926493376493454,0.23649244010448456,CapturedFrames_-4.0_2.0_0.0/video.mp4#frame=18
18,LEFT_INDEX,0.7606574892997742,0.35391122102737427,-0.20997288823127747,0.9508621692657471,CapturedFrames_-4.0_2.0_0.0/video.mp4#frame=18
18,RIGHT_INDEX,0.7722183465957642,0.33214691281318665,-0.05834473296999931,0.24113298952579498,CapturedFrames_-4.0_2.0_0.0/video.mp4#frame=18
18,LEFT_THUMB,0.7631320357322693,0.34873878955841064,-0.18903610110282898,0.9291707873344421,CapturedFrames_-4.0_2.0_0.0/video.mp4#frame=18
18,RIGHT_THUMB,0.7750426530838013,0.32944175601005554,-0.04028650373220444,0.2634720802307129,CapturedFrames_-4.0_2.0_0.0/video.mp4#frame=18
18,LEFT_HIP,0.7968056201934814,0.3409311771392822,-0.045649006962776184,0.9984341263771057,CapturedFrames_-4.0_2.0_0.0/video.mp4#frame=18
18,RIGHT_HIP,0.7796978950500488,0.3231157064437866,0.045632220804691315,0.9988277554512024,CapturedFrames_-4.0_2.0_0.0/video.mp4#frame=18
18,LEFT_KNEE,0.7798826098442078,0.4289419949054718,-0.04220559075474739,0.994945228099823,CapturedFrames_-4.0_2.0_0.0/video.mp4#frame=18
18,RIGHT_KNEE,0.7343223094940186,0.38049644231796265,0.0027760097291320562,0.9839472770690918,CapturedFrames_-4.0_2.0_0.0/video.mp4#frame=18
18,LEFT_ANKLE,0.7796112298965454,0.5083042979240417,0.03956723213195801,0.9886811971664429,CapturedFrames_-4.0_2.0_0.0/video.mp4#frame=18
18,RIGHT_ANKLE,0.7443530559539795,0.45907294750213623,0.08467331528663635,0.9649807810783386,CapturedFrames_-4.0_2.0_0.0/video.mp4#frame=18
18,LEFT_HEEL,0.783091127872467,0.5230751037597656,0.044260259717702866,0.8324252963066101,CapturedFrames_-4.0_2.0_0.0/video.mp4#frame=18
18,RIGHT_HEEL,0.751630425453186,0.47475704550743103,0.09008145332336426,0.9262831211090088,CapturedFrames_-4.0_2.0_0.0/video.mp4#frame=18
18,LEFT_FOOT_INDEX,0.7554868459701538,0.5250267386436462,-0.017570888623595238,0.9666287302970886,CapturedFrames_-4.0_2.0_0.0/video.mp4#frame=18
18,RIGHT_FOOT_INDEX,0.7182464003562927,0.4813131093978882,0.055987440049648285,0.944132924079895,CapturedFrames_-4.0_2.0_0.0/video.mp4#frame=18
19,NOSE,0.7846152782440186,0.15559831261634827,-0.14711934328079224,0.9918287396430969,CapturedFrames_-4.0_2.0_0.0/video.mp4#frame=19
19,LEFT_EYE_INNER,0.7892414927482605,0.145832359790802,-0.15452691912651062,0.9884445667266846,CapturedFrames_-4.0_2.0_0.0/video.mp4#frame=19
19,LEFT_EYE,0.7908597588539124,0.1462055742740631,-0.15453530848026276,0.9900305271148682,CapturedFrames_-4.0_2.0_0.0/video.mp4#frame=19
19,LEFT_EYE_OUTER,0.7925323247909546,0.14651012420654297,-0.15455017983913422,0.9901851415634155,CapturedFrames_-4.0_2.0_0.0/video.mp4#frame=19
19,RIGHT_EYE_INNER,0.7873923182487488,0.14442014694213867,-0.13863855600357056,0.9860466122627258,CapturedFrames_-4.0_2.0_0.0/video.mp4#frame=19
19,RIGHT_EYE,0.7874537110328674,0.14375823736190796,-0.13863605260849,0.9853178262710571,CapturedFrames_-4.0_2.0_0.0/video.mp4#frame=19
19,RIGHT_EYE_OUTER,0.7875569462776184,0.14299944043159485,-0.13867875933647156,0.9834766983985901,CapturedFrames_-4.0_2.0_0.0/video.mp4#frame=19
19,LEFT_EAR,0.801189124584198,0.15201696753501892,-0.15639014542102814,0.9867933392524719,CapturedFrames_-4.0_2.0_0.0/video.mp4#frame=19
19,RIGHT_EAR,0.7946352958679199,0.14675799012184143,-0.08402848243713379,0.9668859839439392,CapturedFrames_-4.0_2.0_0.0/video.mp4#frame=19
19,MOUTH_LEFT,0.7880666255950928,0.16691991686820984,-0.14576804637908936,0.9844381213188171,CapturedFrames_-4.0_2.0_0.0/video.mp4#frame=19
19,MOUTH_RIGHT,0.7853440046310425,0.16485628485679626,-0.12501417100429535,0.9767629504203796,CapturedFrames_-4.0_2.0_0.0/video.mp4#frame=19
19,LEFT_SHOULDER,0.805569052696228,0.21444620192050934,-0.17984479665756226,0.998910665512085,CapturedFrames_-4.0_2.0_0.0/video.mp4#frame=19
19,RIGHT_SHOULDER,0.7940962910652161,0.18714700639247894,-0.016857296228408813,0.9968510270118713,CapturedFrames_-4.0_2.0_0.0/video.mp4#frame=19
19,LEFT_ELBOW,0.787315309047699,0.2870362401008606,-0.20170140266418457,0.9802367091178894,CapturedFrames_-4.0_2.0_0.0/video.mp4#frame=19
19,RIGHT_ELBOW,0.7766279578208923,0.27078312635421753,0.020976174622774124,0.127951517701149,CapturedFrames_-4.0_2.0_0.0/video.mp4#frame=19
19,LEFT_WRIST,0.7567185163497925,0.3318532705307007,-0.19397063553333282,0.9540711641311646,CapturedFrames_-4.0_2.0_0.0/video.mp4#frame=19
19,RIGHT_WRIST,0.7666417360305786,0.3229752779006958,-0.020518412813544273,0.20517079532146454,CapturedFrames_-4.0_2.0_0.0/video.mp4#frame=19
19,LEFT_PINKY,0.7490845322608948,0.34552547335624695,-0.21457462012767792,0.9198433756828308,CapturedFrames_-4.0_2.0_0.0/video.mp4#frame=19
19,RIGHT_PINKY,0.7611122131347656,0.33588945865631104,-0.025835435837507248,0.21209372580051422,CapturedFrames_-4.0_2.0_0.0/video.mp4#frame=19
19,LEFT_INDEX,0.7476519346237183,0.3426946997642517,-0.21283285319805145,0.9157816171646118,CapturedFrames_-4.0_2.0_0.0/video.mp4#frame=19
19,RIGHT_INDEX,0.760323166847229,0.3367251455783844,-0.04815143346786499,0.21628311276435852,CapturedFrames_-4.0_2.0_0.0/video.mp4#frame=19
19,LEFT_THUMB,0.7498654723167419,0.3382318615913391,-0.1926926076412201,0.8774943947792053,CapturedFrames_-4.0_2.0_0.0/video.mp4#frame=19
19,RIGHT_THUMB,0.762398898601532,0.33286792039871216,-0.03150024637579918,0.23090271651744843,CapturedFrames_-4.0_2.0_0.0/video.mp4#frame=19
19,LEFT_HIP,0.7893766164779663,0.3440340459346771,-0.05069848150014877,0.9976546168327332,CapturedFrames_-4.0_2.0_0.0/video.mp4#frame=19
19,RIGHT_HIP,0.7739018201828003,0.326560378074646,0.05069073289632797,0.9988210797309875,CapturedFrames_-4.0_2.0_0.0/video.mp4#frame=19
19,LEFT_KNEE,0.776202380657196,0.4290127754211426,-0.03849877044558525,0.9903042912483215,CapturedFrames_-4.0_2.0_0.0/video.mp4#frame=19
19,RIGHT_KNEE,0.727289080619812,0.3810078203678131,0.0069184498861432076,0.9650768041610718,CapturedFrames_-4.0_2.0_0.0/video.mp4#frame=19
19,LEFT_ANKLE,0.7786242961883545,0.5031653046607971,0.04903983697295189,0.9811732172966003,CapturedFrames_-4.0_2.0_0.0/video.mp4#frame=19
19,RIGHT_ANKLE,0.7249093055725098,0.46243616938591003,0.07210616022348404,0.953066349029541,CapturedFrames_-4.0_2.0_0.0/video.mp4#frame=19
19,LEFT_HEEL,0.7837417721748352,0.5171144008636475,0.05493940785527229,0.8598227500915527,CapturedFrames_-4.0_2.0_0.0/video.mp4#frame=19
19,RIGHT_HEEL,0.729611873626709,0.4776601195335388,0.07605428993701935,0.9194431900978088,CapturedFrames_-4.0_2.0_0.0/video.mp4#frame=19
19,LEFT_FOOT_INDEX,0.7554295063018799,0.5197499990463257,-0.00030297826742753386,0.9509849548339844,CapturedFrames_-4.0_2.0_0.0/video.mp4#frame=19
19,RIGHT_FOOT_INDEX,0.6948182582855225,0.47542282938957214,0.040008362382650375,0.9304819107055664,CapturedFrames_-4.0_2.0_0.0/video.mp4#frame=19
20,NOSE,0.7746187448501587,0.15873630344867706,-0.12777739763259888,0.9976059198379517,CapturedFrames_-4.0_2.0_0.0/video.mp4#frame=20
20,LEFT_EYE_INNER,0.7787518501281738,0.14931562542915344,-0.13784384727478027,0.9969304203987122,CapturedFrames_-4.0_2.0_0.0/video.mp4#frame=20
20,LEFT_EYE,0.7802817821502686,0.1494080126285553,-0.13784059882164001,0.9972478747367859,CapturedFrames_-4.0_2.0_0.0/video.mp4#frame=20
20,LEFT_EYE_OUTER,0.7817551493644714,0.1492597907781601,-0.13784681260585785,0.9974877834320068,CapturedFrames_-4.0_2.0_0.0/video.mp4#frame=20
20,RIGHT_EYE_INNER,0.7767376899719238,0.14841485023498535,-0.12038837373256683,0.996586799621582,CapturedFrames_-4.0_2.0_0.0/video.mp4#frame=20
20,RIGHT_EYE,0.7768210172653198,0.14786767959594727,-0.12039420753717422,0.9966349005699158,CapturedFrames_-4.0_2.0_0.0/video.mp4#frame=20
20,RIGHT_EYE_OUTER,0.7770119309425354,0.1471998691558838,-0.12042923271656036,0.9966327548027039,CapturedFrames_-4.0_2.0_0.0/video.mp4#frame=20
20,LEFT_EAR,0.7908781170845032,0.15325409173965454,-0.15341554582118988,0.9963887929916382,CapturedFrames_-4.0_2.0_0.0/video.mp4#frame=20
20,RIGHT_EAR,0.7838953137397766,0.14926312863826752,-0.07380740344524384,0.9905624985694885,CapturedFrames_-4.0_2.0_0.0/video.mp4#frame=20
20,MOUTH_LEFT,0.7782707810401917,0.16878700256347656,-0.13155822455883026,0.9962649941444397,CapturedFrames_-4.0_2.0_0.0/video.mp4#frame=20
20,MOUTH_RIGHT,0.7757636308670044,0.16756592690944672,-0.10867919772863388,0.9935924410820007,CapturedFrames_-4.0_2.0_0.0/video.mp4#frame=20
20,LEFT_SHOULDER,0.7976798415184021,0.2171134054660797,-0.1775597184896469,0.9995119571685791,CapturedFrames_-4.0_2.0_0.0/video.mp4#frame=20
20,RIGHT_SHOULDER,0.7848614454269409,0.19525693356990814,-0.017298271879553795,0.998559296131134,CapturedFrames_-4.0_2.0_0.0/video.mp4#frame=20
20,LEFT_ELBOW,0.7769410610198975,0.2888723909854889,-0.19741813838481903,0.9907838106155396,CapturedFrames_-4.0_2.0_0.0/video.mp4#frame=20
20,RIGHT_ELBOW,0.7762788534164429,0.2720791697502136,0.018262064084410667,0.12271583080291748,CapturedFrames_-4.0_2.0_0.0/video.mp4#frame=20
20,LEFT_WRIST,0.7439910769462585,0.32142940163612366,-0.18187393248081207,0.9687192440032959,CapturedFrames_-4.0_2.0_0.0/video.mp4#frame=20
20,RIGHT_WRIST,0.7588522434234619,0.3170351982116699,-0.019690798595547676,0.1972888857126236,CapturedFrames_-4.0_2.0_0.0/video.mp4#frame=20
20,LEFT_PINKY,0.735759973526001,0.33587321639060974,-0.2001299411058426,0.9360415935516357,CapturedFrames_-4.0_2.0_0.0/video.mp4#frame=20
20,RIGHT_PINKY,0.7551674246788025,0.3291872441768646,-0.026198023930191994,0.19136857986450195,CapturedFrames_-4.0_2.0_0.0/video.mp4#frame=20
20,LEFT_INDEX,0.733441948890686,0.33195027709007263,-0.19915151596069336,0.9328858256340027,CapturedFrames_-4.0_2.0_0.0/video.mp4#frame=20
20,RIGHT_INDEX,0.7471070885658264,0.3390812575817108,-0.04576980695128441,0.19800862669944763,CapturedFrames_-4.0_2.0_0.0/video.mp4#frame=20
20,LEFT_THUMB,0.7356379628181458,0.32758116722106934,-0.1805359423160553,0.8955055475234985,CapturedFrames_-4.0_2.0_0.0/video.mp4#frame=20
20,RIGHT_THUMB,0.7502313256263733,0.3355977535247803,-0.029519548639655113,0.20716549456119537,CapturedFrames_-4.0_2.0_0.0/video.mp4#frame=20
20,LEFT_HIP,0.7819928526878357,0.33977916836738586,-0.04817410558462143,0.9978316426277161,CapturedFrames_-4.0_2.0_0.0/video.mp4#frame=20
20,RIGHT_HIP,0.7661481499671936,0.3270154297351837,0.04815175384283066,0.9990020394325256,CapturedFrames_-4.0_2.0_0.0/video.mp4#frame=20
20,LEFT_KNEE,0.7751874327659607,0.4300408959388733,-0.001674813567660749,0.9920969009399414,CapturedFrames_-4.0_2.0_0.0/video.mp4#frame=20
20,RIGHT_KNEE,0.7215431928634644,0.38150253891944885,0.0349365696310997,0.9727101922035217,CapturedFrames_-4.0_2.0_0.0/video.mp4#frame=20
20,LEFT_ANKLE,0.7797380685806274,0.5075674057006836,0.09628117829561234,0.9784740805625916,CapturedFrames_-4.0_2.0_0.0/video.mp4#frame=20
20,RIGHT_ANKLE,0.707424521446228,0.4677211046218872,0.07674355804920197,0.9603044390678406,CapturedFrames_-4.0_2.0_0.0/video.mp4#frame=20
20,LEFT_HEEL,0.7838022112846375,0.523478090763092,0.10308688879013062,0.7448076605796814,CapturedFrames_-4.0_2.0_0.0/video.mp4#frame=20
20,RIGHT_HEEL,0.7120659351348877,0.4875468909740448,0.07855670154094696,0.8881012201309204,CapturedFrames_-4.0_2.0_0.0/video.mp4#frame=20
20,LEFT_FOOT_INDEX,0.7531406879425049,0.5199196934700012,0.052785724401474,0.9442982077598572,CapturedFrames_-4.0_2.0_0.0/video.mp4#frame=20
20,RIGHT_FOOT_INDEX,0.6826534271240234,0.4676177501678467,0.04565204307436943,0.9437880516052246,CapturedFrames_-4.0_2.0_0.0/video.mp4#frame=20
21,NOSE,0.7654582858085632,0.15862642228603363,-0.1316239833831787,0.9934921860694885,CapturedFrames_-4.0_2.0_0.0/video.mp4#frame=21
21,LEFT_EYE_INNER,0.7693372368812561,0.14939311146736145,-0.14145515859127045,0.9910576343536377,CapturedFrames_-4.0_2.0_0.0/video.mp4#frame=21
21,LEFT_EYE,0.7707071900367737,0.14947354793548584,-0.14146292209625244,0.991746187210083,CapturedFrames_-4.0_2.0_0.0/video.mp4#frame=21
21,LEFT_EYE_OUTER,0.7722851037979126,0.1495513617992401,-0.14147566258907318,0.9925162196159363,CapturedFrames_-4.0_2.0_0.0/video.mp4#frame=21
21,RIGHT_EYE_INNER,0.7674587368965149,0.14834874868392944,-0.12386851012706757,0.9910877346992493,CapturedFrames_-4.0_2.0_0.0/video.mp4#frame=21
21,RIGHT_EYE,0.7674570679664612,0.14786148071289062,-0.12387510389089584,0.9912461638450623,CapturedFrames_-4.0_2.0_0.0/video.mp4#frame=21
21,RIGHT_EYE_OUTER,0.7675063610076904,0.14724516868591309,-0.12390782684087753,0.9917190074920654,CapturedFrames_-4.0_2.0_0.0/video.mp4#frame=21
21,LEFT_EAR,0.7816102504730225,0.15462590754032135,-0.15565544366836548,0.989575982093811,CapturedFrames_-4.0_2.0_0.0/video.mp4#frame=21
21,RIGHT_EAR,0.7745553851127625,0.1503075510263443,-0.07533243298530579,0.9739557504653931,CapturedFrames_-4.0_2.0_0.0/video.mp4#frame=21
21,MOUTH_LEFT,0.7689686417579651,0.16966237127780914,-0.1348925232887268,0.9885690212249756,CapturedFrames_-4.0_2.0_0.0/video.mp4#frame=21
21,MOUTH_RIGHT,0.7664809823036194,0.16863378882408142,-0.11185523122549057,0.9852598905563354,CapturedFrames_-4.0_2.0_0.0/video.mp4#frame=21
21,LEFT_SHOULDER,0.7866518497467041,0.2168491780757904,-0.18074339628219604,0.9986082911491394,CapturedFrames_-4.0_2.0_0.0/video.mp4#frame=21
21,RIGHT_SHOULDER,0.7771366834640503,0.19425217807292938,-0.015235993079841137,0.9979963898658752,CapturedFrames_-4.0_2.0_0.0/video.mp4#frame=21
21,LEFT_ELBOW,0.7671743631362915,0.28641459345817566,-0.19805653393268585,0.9848321080207825,CapturedFrames_-4.0_2.0_0.0/video.mp4#frame=21
21,RIGHT_ELBOW,0.7673598527908325,0.2662391662597656,0.01696891337633133,0.0481337234377861,CapturedFrames_-4.0_2.0_0.0/video.mp4#frame=21
21,LEFT_WRIST,0.7330553531646729,0.31263431906700134,-0.16643206775188446,0.925042986869812,CapturedFrames_-4.0_2.0_0.0/video.mp4#frame=21
21,RIGHT_WRIST,0.7582229375839233,0.30814677476882935,-0.025858690962195396,0.06501010805368423,CapturedFrames_-4.0_2.0_0.0/video.mp4#frame=21
21,LEFT_PINKY,0.723860502243042,0.32355332374572754,-0.1835005283355713,0.8643593192100525,CapturedFrames_-4.0_2.0_0.0/video.mp4#frame=21
21,RIGHT_PINKY,0.7523150444030762,0.31962570548057556,-0.03369489312171936,0.07319722324609756,CapturedFrames_-4.0_2.0_0.0/video.mp4#frame=21
21,LEFT_INDEX,0.7213039398193359,0.3200870454311371,-0.18170607089996338,0.8582525253295898,CapturedFrames_-4.0_2.0_0.0/video.mp4#frame=21
21,RIGHT_INDEX,0.7481494545936584,0.32956385612487793,-0.054302312433719635,0.07667803019285202,CapturedFrames_-4.0_2.0_0.0/video.mp4#frame=21
21,LEFT_THUMB,0.724403440952301,0.3166351318359375,-0.16454730927944183,0.791815459728241,CapturedFrames_-4.0_2.0_0.0/video.mp4#frame=21
21,RIGHT_THUMB,0.7505963444709778,0.32610005140304565,-0.036284882575273514,0.08103223145008087,CapturedFrames_-4.0_2.0_0.0/video.mp4#frame=21
21,LEFT_HIP,0.7761460542678833,0.33891981840133667,-0.04677506536245346,0.9980623126029968,CapturedFrames_-4.0_2.0_0.0/video.mp4#frame=21
21,RIGHT_HIP,0.7598016262054443,0.3241971731185913,0.046783506870269775,0.9995096921920776,CapturedFrames_-4.0_2.0_0.0/video.mp4#frame=21
21,LEFT_KNEE,0.7724288105964661,0.4267411231994629,0.008969015441834927,0.9934893846511841,CapturedFrames_-4.0_2.0_0.0/video.mp4#frame=21
21,RIGHT_KNEE,0.7196346521377563,0.38491448760032654,0.013189447112381458,0.984938383102417,CapturedFrames_-4.0_2.0_0.0/video.mp4#frame=21
21,LEFT_ANKLE,0.7803938984870911,0.5016337633132935,0.11891061067581177,0.9817926287651062,CapturedFrames_-4.0_2.0_0.0/video.mp4#frame=21
21,RIGHT_ANKLE,0.6943828463554382,0.46535444259643555,0.038245514035224915,0.9847539663314819,CapturedFrames_-4.0_2.0_0.0/video.mp4#frame=21
21,LEFT_HEEL,0.7849076390266418,0.5173215866088867,0.12672235071659088,0.7061448097229004,CapturedFrames_-4.0_2.0_0.0/video.mp4#frame=21
21,RIGHT_HEEL,0.694976270198822,0.4878416657447815,0.03797909989953041,0.9336233735084534,CapturedFrames_-4.0_2.0_0.0/video.mp4#frame=21
21,LEFT_FOOT_INDEX,0.7555436491966248,0.5198191404342651,0.07815416157245636,0.9495108127593994,CapturedFrames_-4.0_2.0_0.0/video.mp4#frame=21
21,RIGHT_FOOT_INDEX,0.669900119304657,0.464510977268219,-0.001380900852382183,0.9769307374954224,CapturedFrames_-4.0_2.0_0.0/video.mp4#frame=21
22,NOSE,0.755871057510376,0.1612975001335144,-0.15331722795963287,0.9947096109390259,CapturedFrames_-4.0_2.0_0.0/video.mp4#frame=22
22,LEFT_EYE_INNER,0.7592912316322327,0.15189196169376373,-0.16248184442520142,0.9925487041473389,CapturedFrames_-4.0_2.0_0.0/video.mp4#frame=22
22,LEFT_EYE,0.7607956528663635,0.15202456712722778,-0.16250723600387573,0.9930151700973511,CapturedFrames_-4.0_2.0_0.0/video.mp4#frame=22
22,LEFT_EYE_OUTER,0.7623608708381653,0.15210884809494019,-0.1625380516052246,0.9939743876457214,CapturedFrames_-4.0_2.0_0.0/video.mp4#frame=22
22,RIGHT_EYE_INNER,0.7572124600410461,0.1510329395532608,-0.14554458856582642,0.9921495914459229,CapturedFrames_-4.0_2.0_0.0/video.mp4#frame=22
22,RIGHT_EYE,0.7571510672569275,0.15053300559520721,-0.14555785059928894,0.9923478364944458,CapturedFrames_-4.0_2.0_0.0/video.mp4#frame=22
22,RIGHT_EYE_OUTER,0.7571558952331543,0.14985992014408112,-0.14558206498622894,0.9931897521018982,CapturedFrames_-4.0_2.0_0.0/video.mp4#frame=22
22,LEFT_EAR,0.7712347507476807,0.15736298263072968,-0.16903084516525269,0.9912494421005249,CapturedFrames_-4.0_2.0_0.0/video.mp4#frame=22
22,RIGHT_EAR,0.7644607424736023,0.1529363989830017,-0.09169715642929077,0.9740762114524841,CapturedFrames_-4.0_2.0_0.0/video.mp4#frame=22
22,MOUTH_LEFT,0.7590311765670776,0.17218425869941711,-0.1530819833278656,0.9903439283370972,CapturedFrames_-4.0_2.0_0.0/video.mp4#frame=22
22,MOUTH_RIGHT,0.7564244270324707,0.17152801156044006,-0.13099122047424316,0.988526463508606,CapturedFrames_-4.0_2.0_0.0/video.mp4#frame=22
22,LEFT_SHOULDER,0.7764869928359985,0.2175867259502411,-0.18889233469963074,0.9989299178123474,CapturedFrames_-4.0_2.0_0.0/video.mp4#frame=22
22,RIGHT_SHOULDER,0.7655618786811829,0.19722938537597656,-0.015328397043049335,0.998324453830719,CapturedFrames_-4.0_2.0_0.0/video.mp4#frame=22
22,LEFT_ELBOW,0.755784273147583,0.28851357102394104,-0.2006184607744217,0.984899640083313,CapturedFrames_-4.0_2.0_0.0/video.mp4#frame=22
22,RIGHT_ELBOW,0.7628699541091919,0.2697519361972809,0.025485973805189133,0.03875306621193886,CapturedFrames_-4.0_2.0_0.0/video.mp4#frame=22
22,LEFT_WRIST,0.7218378782272339,0.3090747892856598,-0.16869406402111053,0.8912215828895569,CapturedFrames_-4.0_2.0_0.0/video.mp4#frame=22
22,RIGHT_WRIST,0.750019907951355,0.3179143965244293,-0.01879788562655449,0.03701607510447502,CapturedFrames_-4.0_2.0_0.0/video.mp4#frame=22
22,LEFT_PINKY,0.7122489213943481,0.3202228248119354,-0.18503545224666595,0.8109526038169861,CapturedFrames_-4.0_2.0_0.0/video.mp4#frame=22
22,RIGHT_PINKY,0.746955394744873,0.33158621191978455,-0.024979783222079277,0.04232316091656685,CapturedFrames_-4.0_2.0_0.0/video.mp4#frame=22
22,LEFT_INDEX,0.7109130620956421,0.31656962633132935,-0.1819266974925995,0.8050670027732849,CapturedFrames_-4.0_2.0_0.0/video.mp4#frame=22
22,RIGHT_INDEX,0.7469195127487183,0.331600546836853,-0.045107077807188034,0.04408768564462662,CapturedFrames_-4.0_2.0_0.0/video.mp4#frame=22
22,LEFT_THUMB,0.7138140201568604,0.3122999966144562,-0.1660742163658142,0.7054451704025269,CapturedFrames_-4.0_2.0_0.0/video.mp4#frame=22
22,RIGHT_THUMB,0.748520016670227,0.32712259888648987,-0.02878602407872677,0.043832793831825256,CapturedFrames_-4.0_2.0_0.0/video.mp4#frame=22
22,LEFT_HIP,0.7677043676376343,0.3402756154537201,-0.04706715792417526,0.9989842772483826,CapturedFrames_-4.0_2.0_0.0/video.mp4#frame=22
22,RIGHT_HIP,0.7524471879005432,0.32947155833244324,0.047053154557943344,0.9995569586753845,CapturedFrames_-4.0_2.0_0.0/video.mp4#frame=22
22,LEFT_KNEE,0.7700001001358032,0.42569130659103394,0.01667330041527748,0.9961787462234497,CapturedFrames_-4.0_2.0_0.0/video.mp4#frame=22
22,RIGHT_KNEE,0.7132472395896912,0.39836829900741577,0.03812897577881813,0.9884037375450134,CapturedFrames_-4.0_2.0_0.0/video.mp4#frame=22
22,LEFT_ANKLE,0.7803496718406677,0.498500794172287,0.12153719365596771,0.9943153262138367,CapturedFrames_-4.0_2.0_0.0/video.mp4#frame=22
22,RIGHT_ANKLE,0.6839771866798401,0.46787554025650024,0.0732550173997879,0.992049515247345,CapturedFrames_-4.0_2.0_0.0/video.mp4#frame=22
22,LEFT_HEEL,0.7854024171829224,0.515236496925354,0.12858644127845764,0.831936240196228,CapturedFrames_-4.0_2.0_0.0/video.mp4#frame=22
22,RIGHT_HEEL,0.6855208873748779,0.48717913031578064,0.07393516600131989,0.9544097781181335,CapturedFrames_-4.0_2.0_0.0/video.mp4#frame=22
22,LEFT_FOOT_INDEX,0.7558066844940186,0.5209702849388123,0.07457468658685684,0.98362135887146,CapturedFrames_-4.0_2.0_0.0/video.mp4#frame=22
22,RIGHT_FOOT_INDEX,0.6616626977920532,0.46250325441360474,0.03241990879178047,0.9900289177894592,CapturedFrames_-4.0_2.0_0.0/video.mp4#frame=22
23,NOSE,0.746036171913147,0.16621175408363342,-0.11329792439937592,0.9963485598564148,CapturedFrames_-4.0_2.0_0.0/video.mp4#frame=23
23,LEFT_EYE_INNER,0.7495680451393127,0.15680046379566193,-0.12523925304412842,0.9961769580841064,CapturedFrames_-4.0_2.0_0.0/video.mp4#frame=23
23,LEFT_EYE,0.7507399916648865,0.15690305829048157,-0.12526071071624756,0.9964285492897034,CapturedFrames_-4.0_2.0_0.0/video.mp4#frame=23
23,LEFT_EYE_OUTER,0.7521024346351624,0.15697866678237915,-0.12527640163898468,0.9966875910758972,CapturedFrames_-4.0_2.0_0.0/video.mp4#frame=23
23,RIGHT_EYE_INNER,0.7481095790863037,0.15591250360012054,-0.10629858821630478,0.9952061772346497,CapturedFrames_-4.0_2.0_0.0/video.mp4#frame=23
23,RIGHT_EYE,0.748246967792511,0.15546973049640656,-0.10630829632282257,0.9955171942710876,CapturedFrames_-4.0_2.0_0.0/video.mp4#frame=23
23,RIGHT_EYE_OUTER,0.7484684586524963,0.15485000610351562,-0.10632987320423126,0.995988667011261,CapturedFrames_-4.0_2.0_0.0/video.mp4#frame=23
23,LEFT_EAR,0.7608457207679749,0.16220740973949432,-0.1504300832748413,0.9951227307319641,CapturedFrames_-4.0_2.0_0.0/video.mp4#frame=23
23,RIGHT_EAR,0.756223201751709,0.1580195426940918,-0.06423777341842651,0.9866878390312195,CapturedFrames_-4.0_2.0_0.0/video.mp4#frame=23
23,MOUTH_LEFT,0.7492417097091675,0.1764242798089981,-0.12052390724420547,0.9945030212402344,CapturedFrames_-4.0_2.0_0.0/video.mp4#frame=23
23,MOUTH_RIGHT,0.7470697164535522,0.17580915987491608,-0.09584039449691772,0.9931755661964417,CapturedFrames_-4.0_2.0_0.0/video.mp4#frame=23
23,LEFT_SHOULDER,0.7658591866493225,0.22162097692489624,-0.1819542944431305,0.9996330738067627,CapturedFrames_-4.0_2.0_0.0/video.mp4#frame=23
23,RIGHT_SHOULDER,0.7604227662086487,0.19950193166732788,-0.003917686175554991,0.9991113543510437,CapturedFrames_-4.0_2.0_0.0/video.mp4#frame=23
23,LEFT_ELBOW,0.7459089159965515,0.28975850343704224,-0.19920389354228973,0.994532585144043,CapturedFrames_-4.0_2.0_0.0/video.mp4#frame=23
23,RIGHT_ELBOW,0.7496967911720276,0.2660512924194336,0.03212136775255203,0.04418134689331055,CapturedFrames_-4.0_2.0_0.0/video.mp4#frame=23
23,LEFT_WRIST,0.7134568095207214,0.3084793984889984,-0.17053958773612976,0.9701784253120422,CapturedFrames_-4.0_2.0_0.0/video.mp4#frame=23
23,RIGHT_WRIST,0.7400007247924805,0.312934011220932,-0.009089578874409199,0.04712853580713272,CapturedFrames_-4.0_2.0_0.0/video.mp4#frame=23
23,LEFT_PINKY,0.7027391195297241,0.31940633058547974,-0.189553901553154,0.9374392628669739,CapturedFrames_-4.0_2.0_0.0/video.mp4#frame=23
23,RIGHT_PINKY,0.7375039458274841,0.3227028548717499,-0.014728975482285023,0.05299234762787819,CapturedFrames_-4.0_2.0_0.0/video.mp4#frame=23
23,LEFT_INDEX,0.7013159990310669,0.31535983085632324,-0.18375129997730255,0.9366564154624939,CapturedFrames_-4.0_2.0_0.0/video.mp4#frame=23
23,RIGHT_INDEX,0.7373802661895752,0.32201752066612244,-0.034515492618083954,0.055820830166339874,CapturedFrames_-4.0_2.0_0.0/video.mp4#frame=23
23,LEFT_THUMB,0.70462965965271,0.3109019100666046,-0.16721510887145996,0.8890731334686279,CapturedFrames_-4.0_2.0_0.0/video.mp4#frame=23
23,RIGHT_THUMB,0.7384842038154602,0.3193850815296173,-0.018819889053702354,0.05373901501297951,CapturedFrames_-4.0_2.0_0.0/video.mp4#frame=23
23,LEFT_HIP,0.7577540278434753,0.3426685035228729,-0.04837684705853462,0.9994800686836243,CapturedFrames_-4.0_2.0_0.0/video.mp4#frame=23
23,RIGHT_HIP,0.7480739951133728,0.33146312832832336,0.04836311563849449,0.9998072981834412,CapturedFrames_-4.0_2.0_0.0/video.mp4#frame=23
23,LEFT_KNEE,0.7665987014770508,0.4249457120895386,0.02108338288962841,0.9961734414100647,CapturedFrames_-4.0_2.0_0.0/video.mp4#frame=23
23,RIGHT_KNEE,0.7066857814788818,0.39310261607170105,0.03029395267367363,0.9839674830436707,CapturedFrames_-4.0_2.0_0.0/video.mp4#frame=23
23,LEFT_ANKLE,0.781273365020752,0.4998387098312378,0.13016995787620544,0.9945070147514343,CapturedFrames_-4.0_2.0_0.0/video.mp4#frame=23
23,RIGHT_ANKLE,0.6791440844535828,0.46753057837486267,0.049881771206855774,0.9908580183982849,CapturedFrames_-4.0_2.0_0.0/video.mp4#frame=23
23,LEFT_HEEL,0.7865586876869202,0.5127865076065063,0.138708233833313,0.8870153427124023,CapturedFrames_-4.0_2.0_0.0/video.mp4#frame=23
23,RIGHT_HEEL,0.6788171529769897,0.48953816294670105,0.04925882816314697,0.9512562155723572,CapturedFrames_-4.0_2.0_0.0/video.mp4#frame=23
23,LEFT_FOOT_INDEX,0.758812665939331,0.5170786380767822,0.09358491748571396,0.9856439828872681,CapturedFrames_-4.0_2.0_0.0/video.mp4#frame=23
23,RIGHT_FOOT_INDEX,0.654228925704956,0.46600812673568726,0.01019825879484415,0.9888672232627869,CapturedFrames_-4.0_2.0_0.0/video.mp4#frame=23
24,NOSE,0.7382590174674988,0.16856014728546143,-0.10254206508398056,0.9993751645088196,CapturedFrames_-4.0_2.0_0.0/video.mp4#frame=24
24,LEFT_EYE_INNER,0.7419421672821045,0.15854240953922272,-0.11480408906936646,0.9992535710334778,CapturedFrames_-4.0_2.0_0.0/video.mp4#frame=24
24,LEFT_EYE,0.7429487705230713,0.15867814421653748,-0.11482848972082138,0.9993151426315308,CapturedFrames_-4.0_2.0_0.0/video.mp4#frame=24
24,LEFT_EYE_OUTER,0.7441869378089905,0.15870939195156097,-0.1148308664560318,0.9993529915809631,CapturedFrames_-4.0_2.0_0.0/video.mp4#frame=24
24,RIGHT_EYE_INNER,0.7402845025062561,0.15773724019527435,-0.09568194299936295,0.9991887211799622,CapturedFrames_-4.0_2.0_0.0/video.mp4#frame=24
24,RIGHT_EYE,0.7403863668441772,0.1573231965303421,-0.09567631781101227,0.9991902709007263,CapturedFrames_-4.0_2.0_0.0/video.mp4#frame=24
24,RIGHT_EYE_OUTER,0.740591824054718,0.15675728023052216,-0.09569218754768372,0.9991927742958069,CapturedFrames_-4.0_2.0_0.0/video.mp4#frame=24
24,LEFT_EAR,0.7524310946464539,0.16314095258712769,-0.1398865133523941,0.9992514252662659,CapturedFrames_-4.0_2.0_0.0/video.mp4#frame=24
24,RIGHT_EAR,0.7476319670677185,0.15957151353359222,-0.053540103137493134,0.9977422952651978,CapturedFrames_-4.0_2.0_0.0/video.mp4#frame=24
24,MOUTH_LEFT,0.741662859916687,0.17843890190124512,-0.10973972082138062,0.998872697353363,CapturedFrames_-4.0_2.0_0.0/video.mp4#frame=24
24,MOUTH_RIGHT,0.7396231889724731,0.17758190631866455,-0.08497192710638046,0.9983522891998291,CapturedFrames_-4.0_2.0_0.0/video.mp4#frame=24
24,LEFT_SHOULDER,0.7576263546943665,0.224875807762146,-0.17157025635242462,0.9998637437820435,CapturedFrames_-4.0_2.0_0.0/video.mp4#frame=24
24,RIGHT_SHOULDER,0.754441499710083,0.20693142712116241,0.01055660005658865,0.9995548129081726,CapturedFrames_-4.0_2.0_0.0/video.mp4#frame=24
24,LEFT_ELBOW,0.7379882335662842,0.2918625473976135,-0.1852419227361679,0.9943549633026123,CapturedFrames_-4.0_2.0_0.0/video.mp4#frame=24
24,RIGHT_ELBOW,0.7488075494766235,0.2754233181476593,0.039499394595623016,0.039124343544244766,CapturedFrames_-4.0_2.0_0.0/video.mp4#frame=24
24,LEFT_WRIST,0.7058898210525513,0.31181132793426514,-0.14851956069469452,0.9752436280250549,CapturedFrames_-4.0_2.0_0.0/video.mp4#frame=24
24,RIGHT_WRIST,0.7321604490280151,0.32256609201431274,0.0005203169421292841,0.04720764979720116,CapturedFrames_-4.0_2.0_0.0/video.mp4#frame=24
24,LEFT_PINKY,0.6958968639373779,0.32055148482322693,-0.164864182472229,0.9414371848106384,CapturedFrames_-4.0_2.0_0.0/video.mp4#frame=24
24,RIGHT_PINKY,0.7274225354194641,0.33227434754371643,-0.006194331683218479,0.048915136605501175,CapturedFrames_-4.0_2.0_0.0/video.mp4#frame=24
24,LEFT_INDEX,0.6946556568145752,0.31593018770217896,-0.16140200197696686,0.9399335384368896,CapturedFrames_-4.0_2.0_0.0/video.mp4#frame=24
24,RIGHT_INDEX,0.7269383668899536,0.33186599612236023,-0.02248350903391838,0.052149008959531784,CapturedFrames_-4.0_2.0_0.0/video.mp4#frame=24
24,LEFT_THUMB,0.6976637840270996,0.31198054552078247,-0.14589844644069672,0.8939806222915649,CapturedFrames_-4.0_2.0_0.0/video.mp4#frame=24
24,RIGHT_THUMB,0.7287986278533936,0.3290836811065674,-0.008374341763556004,0.050359733402729034,CapturedFrames_-4.0_2.0_0.0/video.mp4#frame=24
24,LEFT_HIP,0.7498902678489685,0.3484326899051666,-0.04901367053389549,0.9996993541717529,CapturedFrames_-4.0_2.0_0.0/video.mp4#frame=24
24,RIGHT_HIP,0.737099289894104,0.3374449610710144,0.04895864427089691,0.9999414682388306,CapturedFrames_-4.0_2.0_0.0/video.mp4#frame=24
24,LEFT_KNEE,0.7614869475364685,0.430198073387146,0.04653654620051384,0.9973294734954834,CapturedFrames_-4.0_2.0_0.0/video.mp4#frame=24
24,RIGHT_KNEE,0.696943461894989,0.3960590064525604,0.039618123322725296,0.9969736337661743,CapturedFrames_-4.0_2.0_0.0/video.mp4#frame=24
24,LEFT_ANKLE,0.7786237001419067,0.4971638023853302,0.1793614774942398,0.9953089356422424,CapturedFrames_-4.0_2.0_0.0/video.mp4#frame=24
24,RIGHT_ANKLE,0.6725346446037292,0.47383740544319153,0.0673220306634903,0.9969063401222229,CapturedFrames_-4.0_2.0_0.0/video.mp4#frame=24
24,LEFT_HEEL,0.7854408025741577,0.5086249113082886,0.19055801630020142,0.8768122792243958,CapturedFrames_-4.0_2.0_0.0/video.mp4#frame=24
24,RIGHT_HEEL,0.6738916039466858,0.4947699308395386,0.06751658767461777,0.9727939963340759,CapturedFrames_-4.0_2.0_0.0/video.mp4#frame=24
24,LEFT_FOOT_INDEX,0.7561751008033752,0.5201886296272278,0.15030112862586975,0.989407479763031,CapturedFrames_-4.0_2.0_0.0/video.mp4#frame=24
24,RIGHT_FOOT_INDEX,0.6484073400497437,0.47196751832962036,0.03232302516698837,0.9950183629989624,CapturedFrames_-4.0_2.0_0.0/video.mp4#frame=24
25,NOSE,0.7298769354820251,0.16630423069000244,-0.10481017827987671,0.9995530247688293,CapturedFrames_-4.0_2.0_0.0/video.mp4#frame=25
25,LEFT_EYE_INNER,0.7333516478538513,0.15732119977474213,-0.11699177324771881,0.9993520379066467,CapturedFrames_-4.0_2.0_0.0/video.mp4#frame=25
25,LEFT_EYE,0.7344784140586853,0.15732088685035706,-0.11700280010700226,0.9994257688522339,CapturedFrames_-4.0_2.0_0.0/video.mp4#frame=25
25,LEFT_EYE_OUTER,0.7356608510017395,0.15737320482730865,-0.11699853837490082,0.9994667172431946,CapturedFrames_-4.0_2.0_0.0/video.mp4#frame=25
25,RIGHT_EYE_INNER,0.7323483228683472,0.15680202841758728,-0.09767858684062958,0.9993058443069458,CapturedFrames_-4.0_2.0_0.0/video.mp4#frame=25
25,RIGHT_EYE,0.732715368270874,0.15643976628780365,-0.09767158329486847,0.9993429780006409,CapturedFrames_-4.0_2.0_0.0/video.mp4#frame=25
25,RIGHT_EYE_OUTER,0.7331777215003967,0.1560501605272293,-0.09768904745578766,0.9993890523910522,CapturedFrames_-4.0_2.0_0.0/video.mp4#frame=25
25,LEFT_EAR,0.7439458966255188,0.1639498919248581,-0.14313441514968872,0.9993959665298462,CapturedFrames_-4.0_2.0_0.0/video.mp4#frame=25
25,RIGHT_EAR,0.7404242157936096,0.1607983410358429,-0.05544724315404892,0.9980891346931458,CapturedFrames_-4.0_2.0_0.0/video.mp4#frame=25
25,MOUTH_LEFT,0.7328850030899048,0.17780068516731262,-0.11249689757823944,0.9992358684539795,CapturedFrames_-4.0_2.0_0.0/video.mp4#frame=25
25,MOUTH_RIGHT,0.7314057946205139,0.17714685201644897,-0.08736871182918549,0.998880922794342,CapturedFrames_-4.0_2.0_0.0/video.mp4#frame=25
25,LEFT_SHOULDER,0.7510846257209778,0.22417154908180237,-0.17616666853427887,0.9999090433120728,CapturedFrames_-4.0_2.0_0.0/video.mp4#frame=25
25,RIGHT_SHOULDER,0.7442513704299927,0.20979854464530945,0.009975193068385124,0.9996635913848877,CapturedFrames_-4.0_2.0_0.0/video.mp4#frame=25
25,LEFT_ELBOW,0.7301808595657349,0.2947594225406647,-0.19047299027442932,0.994861900806427,CapturedFrames_-4.0_2.0_0.0/video.mp4#frame=25
25,RIGHT_ELBOW,0.7377315163612366,0.2824316620826721,0.03683609515428543,0.03829289227724075,CapturedFrames_-4.0_2.0_0.0/video.mp4#frame=25
25,LEFT_WRIST,0.6967909932136536,0.31787168979644775,-0.15626458823680878,0.9792442917823792,CapturedFrames_-4.0_2.0_0.0/video.mp4#frame=25
25,RIGHT_WRIST,0.7192714214324951,0.3256906270980835,-0.006890485528856516,0.05758817121386528,CapturedFrames_-4.0_2.0_0.0/video.mp4#frame=25
25,LEFT_PINKY,0.6881017684936523,0.32677537202835083,-0.1733190417289734,0.9504972696304321,CapturedFrames_-4.0_2.0_0.0/video.mp4#frame=25
25,RIGHT_PINKY,0.7135903835296631,0.3360273241996765,-0.014902276918292046,0.05932376906275749,CapturedFrames_-4.0_2.0_0.0/video.mp4#frame=25
25,LEFT_INDEX,0.6865215301513672,0.3220996558666229,-0.17095960676670074,0.9486265778541565,CapturedFrames_-4.0_2.0_0.0/video.mp4#frame=25
25,RIGHT_INDEX,0.713448166847229,0.3357287347316742,-0.031846143305301666,0.06284910440444946,CapturedFrames_-4.0_2.0_0.0/video.mp4#frame=25
25,LEFT_THUMB,0.6893033981323242,0.31836268305778503,-0.1540372222661972,0.9032585024833679,CapturedFrames_-4.0_2.0_0.0/video.mp4#frame=25
25,RIGHT_THUMB,0.7156750559806824,0.3324562609195709,-0.016189727932214737,0.059621408581733704,CapturedFrames_-4.0_2.0_0.0/video.mp4#frame=25
25,LEFT_HIP,0.7415494918823242,0.3461762070655823,-0.05083031579852104,0.9997840523719788,CapturedFrames_-4.0_2.0_0.0/video.mp4#frame=25
25,RIGHT_HIP,0.7263506650924683,0.33800891041755676,0.05074722319841385,0.9999574422836304,CapturedFrames_-4.0_2.0_0.0/video.mp4#frame=25
25,LEFT_KNEE,0.7526352405548096,0.4287967383861542,0.03637099638581276,0.9990648627281189,CapturedFrames_-4.0_2.0_0.0/video.mp4#frame=25
25,RIGHT_KNEE,0.6862022280693054,0.39743170142173767,0.03369234502315521,0.998225748538971,CapturedFrames_-4.0_2.0_0.0/video.mp4#frame=25
25,LEFT_ANKLE,0.7768589854240417,0.49478089809417725,0.16165024042129517,0.9987205266952515,CapturedFrames_-4.0_2.0_0.0/video.mp4#frame=25
25,RIGHT_ANKLE,0.6699144244194031,0.4792560040950775,0.07221298664808273,0.9984422326087952,CapturedFrames_-4.0_2.0_0.0/video.mp4#frame=25
25,LEFT_HEEL,0.7843242883682251,0.5056013464927673,0.17174221575260162,0.9280005693435669,CapturedFrames_-4.0_2.0_0.0/video.mp4#frame=25
25,RIGHT_HEEL,0.6732717752456665,0.4977648854255676,0.073187455534935,0.9831470847129822,CapturedFrames_-4.0_2.0_0.0/video.mp4#frame=25
25,LEFT_FOOT_INDEX,0.7571620941162109,0.5208424925804138,0.12352468818426132,0.9967449903488159,CapturedFrames_-4.0_2.0_0.0/video.mp4#frame=25
25,RIGHT_FOOT_INDEX,0.6466900706291199,0.4830337166786194,0.03426392376422882,0.9975681900978088,CapturedFrames_-4.0_2.0_0.0/video.mp4#frame=25
26,NOSE,0.7221652269363403,0.1683935821056366,-0.10831110179424286,0.9979775547981262,CapturedFrames_-4.0_2.0_0.0/video.mp4#frame=26
26,LEFT_EYE_INNER,0.7254284024238586,0.15985217690467834,-0.1202792376279831,0.9976141452789307,CapturedFrames_-4.0_2.0_0.0/video.mp4#frame=26
26,LEFT_EYE,0.7266871929168701,0.15993820130825043,-0.12029822170734406,0.9978965520858765,CapturedFrames_-4.0_2.0_0.0/video.mp4#frame=26
26,LEFT_EYE_OUTER,0.7278779149055481,0.15990851819515228,-0.12030444294214249,0.9978445768356323,CapturedFrames_-4.0_2.0_0.0/video.mp4#frame=26
26,RIGHT_EYE_INNER,0.7241988778114319,0.15910299122333527,-0.10126080363988876,0.9973721504211426,CapturedFrames_-4.0_2.0_0.0/video.mp4#frame=26
26,RIGHT_EYE,0.7245118021965027,0.15852314233779907,-0.10125920921564102,0.9975058436393738,CapturedFrames_-4.0_2.0_0.0/video.mp4#frame=26
26,RIGHT_EYE_OUTER,0.7249593138694763,0.1577731817960739,-0.10128017514944077,0.9973148703575134,CapturedFrames_-4.0_2.0_0.0/video.mp4#frame=26
26,LEFT_EAR,0.7359756231307983,0.16457606852054596,-0.14500586688518524,0.9978343844413757,CapturedFrames_-4.0_2.0_0.0/video.mp4#frame=26
26,RIGHT_EAR,0.7317002415657043,0.16097983717918396,-0.05837409570813179,0.9939466118812561,CapturedFrames_-4.0_2.0_0.0/video.mp4#frame=26
26,MOUTH_LEFT,0.7252203822135925,0.1792508065700531,-0.11525671184062958,0.9976024031639099,CapturedFrames_-4.0_2.0_0.0/video.mp4#frame=26
26,MOUTH_RIGHT,0.723413348197937,0.1777803897857666,-0.09045887738466263,0.9965080618858337,CapturedFrames_-4.0_2.0_0.0/video.mp4#frame=26
26,LEFT_SHOULDER,0.7421263456344604,0.22747746109962463,-0.1769392192363739,0.9998289346694946,CapturedFrames_-4.0_2.0_0.0/video.mp4#frame=26
26,RIGHT_SHOULDER,0.7361840009689331,0.20807181298732758,0.004409631248563528,0.9995515942573547,CapturedFrames_-4.0_2.0_0.0/video.mp4#frame=26
26,LEFT_ELBOW,0.7234598994255066,0.2958593964576721,-0.19419345259666443,0.9912194609642029,CapturedFrames_-4.0_2.0_0.0/video.mp4#frame=26
26,RIGHT_ELBOW,0.7306437492370605,0.27746766805648804,0.03220687434077263,0.03388547897338867,CapturedFrames_-4.0_2.0_0.0/video.mp4#frame=26
26,LEFT_WRIST,0.6906211972236633,0.32673516869544983,-0.15770184993743896,0.9574617743492126,CapturedFrames_-4.0_2.0_0.0/video.mp4#frame=26
26,RIGHT_WRIST,0.7174657583236694,0.33428823947906494,-0.007203086279332638,0.03336716443300247,CapturedFrames_-4.0_2.0_0.0/video.mp4#frame=26
26,LEFT_PINKY,0.6822478175163269,0.3369816839694977,-0.17368184030056,0.9115643501281738,CapturedFrames_-4.0_2.0_0.0/video.mp4#frame=26
26,RIGHT_PINKY,0.7138063311576843,0.33891069889068604,-0.013141648843884468,0.036873478442430496,CapturedFrames_-4.0_2.0_0.0/video.mp4#frame=26
26,LEFT_INDEX,0.6798363327980042,0.33373206853866577,-0.1697637289762497,0.9089776873588562,CapturedFrames_-4.0_2.0_0.0/video.mp4#frame=26
26,RIGHT_INDEX,0.713907778263092,0.3491937220096588,-0.029624223709106445,0.038020651787519455,CapturedFrames_-4.0_2.0_0.0/video.mp4#frame=26
26,LEFT_THUMB,0.6826469898223877,0.33113333582878113,-0.15477760136127472,0.8510347008705139,CapturedFrames_-4.0_2.0_0.0/video.mp4#frame=26
26,RIGHT_THUMB,0.7156873345375061,0.3449079394340515,-0.015936417505145073,0.038581471890211105,CapturedFrames_-4.0_2.0_0.0/video.mp4#frame=26
26,LEFT_HIP,0.7329752445220947,0.35101738572120667,-0.05138455703854561,0.9996211528778076,CapturedFrames_-4.0_2.0_0.0/video.mp4#frame=26
26,RIGHT_HIP,0.7197036743164062,0.34030941128730774,0.051322031766176224,0.9998924732208252,CapturedFrames_-4.0_2.0_0.0/video.mp4#frame=26
26,LEFT_KNEE,0.7419653534889221,0.4341040849685669,0.01954011060297489,0.9980282187461853,CapturedFrames_-4.0_2.0_0.0/video.mp4#frame=26
26,RIGHT_KNEE,0.6785290241241455,0.3983300030231476,0.043169789016246796,0.993850827217102,CapturedFrames_-4.0_2.0_0.0/video.mp4#frame=26
26,LEFT_ANKLE,0.7727254033088684,0.4916771650314331,0.13491970300674438,0.9963627457618713,CapturedFrames_-4.0_2.0_0.0/video.mp4#frame=26
26,RIGHT_ANKLE,0.6684075593948364,0.48022380471229553,0.0798720121383667,0.9948545694351196,CapturedFrames_-4.0_2.0_0.0/video.mp4#frame=26
26,LEFT_HEEL,0.7820652723312378,0.498870313167572,0.14412528276443481,0.9080169200897217,CapturedFrames_-4.0_2.0_0.0/video.mp4#frame=26
26,RIGHT_HEEL,0.6709283590316772,0.4998137950897217,0.08069740235805511,0.9693363904953003,CapturedFrames_-4.0_2.0_0.0/video.mp4#frame=26
26,LEFT_FOOT_INDEX,0.756475031375885,0.5260330438613892,0.09864459186792374,0.9908299446105957,CapturedFrames_-4.0_2.0_0.0/video.mp4#frame=26
26,RIGHT_FOOT_INDEX,0.6446180939674377,0.4868205487728119,0.04209497943520546,0.99208003282547,CapturedFrames_-4.0_2.0_0.0/video.mp4#frame=26
27,NOSE,0.713994562625885,0.1695728302001953,-0.09205815196037292,0.9962670207023621,CapturedFrames_-4.0_2.0_0.0/video.mp4#frame=27
27,LEFT_EYE_INNER,0.7172588109970093,0.16060875356197357,-0.10332413017749786,0.9960928559303284,CapturedFrames_-4.0_2.0_0.0/video.mp4#frame=27
27,LEFT_EYE,0.7185014486312866,0.1606624722480774,-0.10333527624607086,0.9961817264556885,CapturedFrames_-4.0_2.0_0.0/video.mp4#frame=27
27,LEFT_EYE_OUTER,0.7198917269706726,0.16064563393592834,-0.10333903133869171,0.9961909055709839,CapturedFrames_-4.0_2.0_0.0/video.mp4#frame=27
27,RIGHT_EYE_INNER,0.7161595225334167,0.1599673330783844,-0.0854976624250412,0.9945068955421448,CapturedFrames_-4.0_2.0_0.0/video.mp4#frame=27
27,RIGHT_EYE,0.7164621353149414,0.15942949056625366,-0.0854792520403862,0.9938312768936157,CapturedFrames_-4.0_2.0_0.0/video.mp4#frame=27
27,RIGHT_EYE_OUTER,0.7169643640518188,0.15867571532726288,-0.0854988619685173,0.9933806657791138,CapturedFrames_-4.0_2.0_0.0/video.mp4#frame=27
27,LEFT_EAR,0.7281794548034668,0.16526086628437042,-0.12695838510990143,0.9958076477050781,CapturedFrames_-4.0_2.0_0.0/video.mp4#frame=27
27,RIGHT_EAR,0.7242110371589661,0.16157633066177368,-0.045744139701128006,0.984293520450592,CapturedFrames_-4.0_2.0_0.0/video.mp4#frame=27
27,MOUTH_LEFT,0.7170451879501343,0.18045911192893982,-0.09878300875425339,0.9953899383544922,CapturedFrames_-4.0_2.0_0.0/video.mp4#frame=27
27,MOUTH_RIGHT,0.7152749300003052,0.17909635603427887,-0.07544945180416107,0.992565393447876,CapturedFrames_-4.0_2.0_0.0/video.mp4#frame=27
27,LEFT_SHOULDER,0.7315987348556519,0.22766342759132385,-0.15953756868839264,0.9997007846832275,CapturedFrames_-4.0_2.0_0.0/video.mp4#frame=27
27,RIGHT_SHOULDER,0.7301343679428101,0.2103779911994934,0.010702620260417461,0.9991163611412048,CapturedFrames_-4.0_2.0_0.0/video.mp4#frame=27
27,LEFT_ELBOW,0.7144811749458313,0.29718494415283203,-0.1754150688648224,0.983944833278656,CapturedFrames_-4.0_2.0_0.0/video.mp4#frame=27
27,RIGHT_ELBOW,0.7218058109283447,0.27977174520492554,0.035533495247364044,0.029116258025169373,CapturedFrames_-4.0_2.0_0.0/video.mp4#frame=27
27,LEFT_WRIST,0.6872968673706055,0.3357471525669098,-0.13805320858955383,0.9555819630622864,CapturedFrames_-4.0_2.0_0.0/video.mp4#frame=27
27,RIGHT_WRIST,0.7099286317825317,0.3270159363746643,0.001839293516241014,0.03771735355257988,CapturedFrames_-4.0_2.0_0.0/video.mp4#frame=27
27,LEFT_PINKY,0.6793285012245178,0.3508557975292206,-0.15214036405086517,0.9168478846549988,CapturedFrames_-4.0_2.0_0.0/video.mp4#frame=27
27,RIGHT_PINKY,0.7032584547996521,0.3411870002746582,-0.0003746954898815602,0.04742026329040527,CapturedFrames_-4.0_2.0_0.0/video.mp4#frame=27
27,LEFT_INDEX,0.6763904690742493,0.34847384691238403,-0.1479274481534958,0.9144789576530457,CapturedFrames_-4.0_2.0_0.0/video.mp4#frame=27
27,RIGHT_INDEX,0.7031378746032715,0.347297340631485,-0.01798449084162712,0.04819084331393242,CapturedFrames_-4.0_2.0_0.0/video.mp4#frame=27
27,LEFT_THUMB,0.6780686974525452,0.3438866138458252,-0.13531100749969482,0.8795182108879089,CapturedFrames_-4.0_2.0_0.0/video.mp4#frame=27
27,RIGHT_THUMB,0.7054612636566162,0.3433501124382019,-0.007048030849546194,0.05198859050869942,CapturedFrames_-4.0_2.0_0.0/video.mp4#frame=27
27,LEFT_HIP,0.7235404849052429,0.3504403233528137,-0.049666400998830795,0.9994283318519592,CapturedFrames_-4.0_2.0_0.0/video.mp4#frame=27
27,RIGHT_HIP,0.7133409380912781,0.3398953080177307,0.04965105652809143,0.9997432827949524,CapturedFrames_-4.0_2.0_0.0/video.mp4#frame=27
27,LEFT_KNEE,0.7256577610969543,0.4384973347187042,-0.01085497997701168,0.9954333901405334,CapturedFrames_-4.0_2.0_0.0/video.mp4#frame=27
27,RIGHT_KNEE,0.6758149266242981,0.39937880635261536,0.06695017218589783,0.9790486097335815,CapturedFrames_-4.0_2.0_0.0/video.mp4#frame=27
27,LEFT_ANKLE,0.7646542191505432,0.4829425513744354,0.09125643968582153,0.9831799268722534,CapturedFrames_-4.0_2.0_0.0/video.mp4#frame=27
27,RIGHT_ANKLE,0.6683940887451172,0.47927558422088623,0.09588001668453217,0.9796381592750549,CapturedFrames_-4.0_2.0_0.0/video.mp4#frame=27
27,LEFT_HEEL,0.7753080129623413,0.48003876209259033,0.10024794191122055,0.8913057446479797,CapturedFrames_-4.0_2.0_0.0/video.mp4#frame=27
27,RIGHT_HEEL,0.6727141737937927,0.49718186259269714,0.09632175415754318,0.9513106942176819,CapturedFrames_-4.0_2.0_0.0/video.mp4#frame=27
27,LEFT_FOOT_INDEX,0.7570469379425049,0.5256751775741577,0.07161145657300949,0.9710170030593872,CapturedFrames_-4.0_2.0_0.0/video.mp4#frame=27
27,RIGHT_FOOT_INDEX,0.6442962884902954,0.4896027445793152,0.06960058957338333,0.9709621667861938,CapturedFrames_-4.0_2.0_0.0/video.mp4#frame=27
28,NOSE,0.7062561511993408,0.16857796907424927,-0.11347030103206635,0.9976634979248047,CapturedFrames_-4.0_2.0_0.0/video.mp4#frame=28
28,LEFT_EYE_INNER,0.7103604078292847,0.15908698737621307,-0.12320325523614883,0.9971058964729309,CapturedFrames_-4.0_2.0_0.0/video.mp4#frame=28
28,LEFT_EYE,0.7114675641059875,0.15900889039039612,-0.12320341169834137,0.9971627593040466,CapturedFrames_-4.0_2.0_0.0/video.mp4#frame=28
28,LEFT_EYE_OUTER,0.7128534913063049,0.159042626619339,-0.12321212142705917,0.9976683259010315,CapturedFrames_-4.0_2.0_0.0/video.mp4#frame=28
28,RIGHT_EYE_INNER,0.7088292837142944,0.1583249717950821,-0.10707809031009674,0.9960513710975647,CapturedFrames_-4.0_2.0_0.0/video.mp4#frame=28
28,RIGHT_EYE,0.7089990377426147,0.15778204798698425,-0.10707966238260269,0.995369017124176,CapturedFrames_-4.0_2.0_0.0/video.mp4#frame=28
28,RIGHT_EYE_OUTER,0.7092228531837463,0.15724484622478485,-0.10709595680236816,0.9954236149787903,CapturedFrames_-4.0_2.0_0.0/video.mp4#frame=28
28,LEFT_EAR,0.7206313610076904,0.1647951900959015,-0.1394800841808319,0.9965040683746338,CapturedFrames_-4.0_2.0_0.0/video.mp4#frame=28
28,RIGHT_EAR,0.7157271504402161,0.16121165454387665,-0.06570903956890106,0.986112654209137,CapturedFrames_-4.0_2.0_0.0/video.mp4#frame=28
28,MOUTH_LEFT,0.7095202803611755,0.1796843707561493,-0.1174083799123764,0.9970629811286926,CapturedFrames_-4.0_2.0_0.0/video.mp4#frame=28
28,MOUTH_RIGHT,0.7078121304512024,0.17889747023582458,-0.09622356295585632,0.9937119483947754,CapturedFrames_-4.0_2.0_0.0/video.mp4#frame=28
28,LEFT_SHOULDER,0.7278850078582764,0.22458235919475555,-0.1653023660182953,0.9998468160629272,CapturedFrames_-4.0_2.0_0.0/video.mp4#frame=28
28,RIGHT_SHOULDER,0.7184065580368042,0.20871487259864807,-0.007481647189706564,0.9994263648986816,CapturedFrames_-4.0_2.0_0.0/video.mp4#frame=28
28,LEFT_ELBOW,0.711581826210022,0.29827845096588135,-0.18689045310020447,0.9858136773109436,CapturedFrames_-4.0_2.0_0.0/video.mp4#frame=28
28,RIGHT_ELBOW,0.7133724689483643,0.2851063013076782,0.019772177562117577,0.04105806723237038,CapturedFrames_-4.0_2.0_0.0/video.mp4#frame=28
28,LEFT_WRIST,0.6840527057647705,0.34825772047042847,-0.1667974889278412,0.9553735852241516,CapturedFrames_-4.0_2.0_0.0/video.mp4#frame=28
28,RIGHT_WRIST,0.6990275979042053,0.33473554253578186,-0.011285878717899323,0.07699044793844223,CapturedFrames_-4.0_2.0_0.0/video.mp4#frame=28
28,LEFT_PINKY,0.6785387396812439,0.364013671875,-0.18166087567806244,0.9136456251144409,CapturedFrames_-4.0_2.0_0.0/video.mp4#frame=28
28,RIGHT_PINKY,0.6905950307846069,0.35708749294281006,-0.012485718354582787,0.09179668873548508,CapturedFrames_-4.0_2.0_0.0/video.mp4#frame=28
28,LEFT_INDEX,0.6754461526870728,0.36177366971969604,-0.17785635590553284,0.9091703295707703,CapturedFrames_-4.0_2.0_0.0/video.mp4#frame=28
28,RIGHT_INDEX,0.6910095810890198,0.3599033057689667,-0.03154206648468971,0.0907362774014473,CapturedFrames_-4.0_2.0_0.0/video.mp4#frame=28
28,LEFT_THUMB,0.6765221953392029,0.35686612129211426,-0.16423608362674713,0.8706247806549072,CapturedFrames_-4.0_2.0_0.0/video.mp4#frame=28
28,RIGHT_THUMB,0.6935976147651672,0.35525232553482056,-0.020166626200079918,0.09742815047502518,CapturedFrames_-4.0_2.0_0.0/video.mp4#frame=28
28,LEFT_HIP,0.7168064117431641,0.34637555480003357,-0.04731335490942001,0.9995573163032532,CapturedFrames_-4.0_2.0_0.0/video.mp4#frame=28
28,RIGHT_HIP,0.7042388319969177,0.33937540650367737,0.04728895425796509,0.9996476173400879,CapturedFrames_-4.0_2.0_0.0/video.mp4#frame=28
28,LEFT_KNEE,0.7094539999961853,0.43718528747558594,-0.04353499412536621,0.9944410920143127,CapturedFrames_-4.0_2.0_0.0/video.mp4#frame=28
28,RIGHT_KNEE,0.6718165874481201,0.4027162790298462,0.0879548117518425,0.9140397310256958,CapturedFrames_-4.0_2.0_0.0/video.mp4#frame=28
28,LEFT_ANKLE,0.7509239315986633,0.47859349846839905,0.03440430015325546,0.9779788851737976,CapturedFrames_-4.0_2.0_0.0/video.mp4#frame=28
28,RIGHT_ANKLE,0.667074978351593,0.48092371225357056,0.13435102999210358,0.9500401020050049,CapturedFrames_-4.0_2.0_0.0/video.mp4#frame=28
28,LEFT_HEEL,0.7622421383857727,0.4727311134338379,0.04130460321903229,0.864022970199585,CapturedFrames_-4.0_2.0_0.0/video.mp4#frame=28
28,RIGHT_HEEL,0.6712051630020142,0.4988604187965393,0.13688530027866364,0.9030618071556091,CapturedFrames_-4.0_2.0_0.0/video.mp4#frame=28
28,LEFT_FOOT_INDEX,0.7473645806312561,0.5265923738479614,0.017357230186462402,0.9612213969230652,CapturedFrames_-4.0_2.0_0.0/video.mp4#frame=28
28,RIGHT_FOOT_INDEX,0.6417826414108276,0.49172940850257874,0.11598020792007446,0.9374940991401672,CapturedFrames_-4.0_2.0_0.0/video.mp4#frame=28
29,NOSE,0.6957151293754578,0.17016927897930145,-0.10460281372070312,0.9978358149528503,CapturedFrames_-4.0_2.0_0.0/video.mp4#frame=29
29,LEFT_EYE_INNER,0.7000777125358582,0.15907126665115356,-0.11516686528921127,0.9976640939712524,CapturedFrames_-4.0_2.0_0.0/video.mp4#frame=29
29,LEFT_EYE,0.7015548348426819,0.15889188647270203,-0.11515040695667267,0.9977978467941284,CapturedFrames_-4.0_2.0_0.0/video.mp4#frame=29
29,LEFT_EYE_OUTER,0.7029458284378052,0.1587192714214325,-0.11515139043331146,0.9979033470153809,CapturedFrames_-4.0_2.0_0.0/video.mp4#frame=29
29,RIGHT_EYE_INNER,0.6984118819236755,0.15847963094711304,-0.09907032549381256,0.9959344863891602,CapturedFrames_-4.0_2.0_0.0/video.mp4#frame=29
29,RIGHT_EYE,0.6987006664276123,0.1579200029373169,-0.09904447942972183,0.9949479103088379,CapturedFrames_-4.0_2.0_0.0/video.mp4#frame=29
29,RIGHT_EYE_OUTER,0.6991333961486816,0.157333105802536,-0.09905509650707245,0.9942446351051331,CapturedFrames_-4.0_2.0_0.0/video.mp4#frame=29
29,LEFT_EAR,0.711983323097229,0.16229578852653503,-0.133938729763031,0.9972562193870544,CapturedFrames_-4.0_2.0_0.0/video.mp4#frame=29
29,RIGHT_EAR,0.7070394158363342,0.15877997875213623,-0.06037529557943344,0.986518919467926,CapturedFrames_-4.0_2.0_0.0/video.mp4#frame=29
29,MOUTH_LEFT,0.7002580761909485,0.17948508262634277,-0.10915298759937286,0.9965412020683289,CapturedFrames_-4.0_2.0_0.0/video.mp4#frame=29
29,MOUTH_RIGHT,0.6980372667312622,0.17847391963005066,-0.08804328739643097,0.9919556379318237,CapturedFrames_-4.0_2.0_0.0/video.mp4#frame=29
29,LEFT_SHOULDER,0.7193004488945007,0.2233361303806305,-0.16282068192958832,0.9998313188552856,CapturedFrames_-4.0_2.0_0.0/video.mp4#frame=29
29,RIGHT_SHOULDER,0.7120055556297302,0.20621204376220703,-0.0014864441473037004,0.9989499449729919,CapturedFrames_-4.0_2.0_0.0/video.mp4#frame=29
29,LEFT_ELBOW,0.7049143314361572,0.3032579720020294,-0.1809139847755432,0.9853392839431763,CapturedFrames_-4.0_2.0_0.0/video.mp4#frame=29
29,RIGHT_ELBOW,0.7067793607711792,0.2865673303604126,0.033864594995975494,0.09632659703493118,CapturedFrames_-4.0_2.0_0.0/video.mp4#frame=29
29,LEFT_WRIST,0.6824290156364441,0.3576507270336151,-0.1611359864473343,0.9762524366378784,CapturedFrames_-4.0_2.0_0.0/video.mp4#frame=29
29,RIGHT_WRIST,0.6922341585159302,0.338906854391098,0.006768518127501011,0.22137171030044556,CapturedFrames_-4.0_2.0_0.0/video.mp4#frame=29
29,LEFT_PINKY,0.6783210039138794,0.37322261929512024,-0.1754167675971985,0.9544824957847595,CapturedFrames_-4.0_2.0_0.0/video.mp4#frame=29
29,RIGHT_PINKY,0.6871429085731506,0.3552606701850891,0.009358378127217293,0.24797120690345764,CapturedFrames_-4.0_2.0_0.0/video.mp4#frame=29
29,LEFT_INDEX,0.6765851378440857,0.3718433082103729,-0.1717389076948166,0.952096164226532,CapturedFrames_-4.0_2.0_0.0/video.mp4#frame=29
29,RIGHT_INDEX,0.6862107515335083,0.354024201631546,-0.010356669314205647,0.2441953420639038,CapturedFrames_-4.0_2.0_0.0/video.mp4#frame=29
29,LEFT_THUMB,0.6780073642730713,0.3670649528503418,-0.15839380025863647,0.9341118931770325,CapturedFrames_-4.0_2.0_0.0/video.mp4#frame=29
29,RIGHT_THUMB,0.6885024309158325,0.34797218441963196,-0.002033013151958585,0.25271525979042053,CapturedFrames_-4.0_2.0_0.0/video.mp4#frame=29
29,LEFT_HIP,0.7076268196105957,0.34762340784072876,-0.05156102776527405,0.9992139339447021,CapturedFrames_-4.0_2.0_0.0/video.mp4#frame=29
29,RIGHT_HIP,0.6984245181083679,0.33844152092933655,0.05155069753527641,0.9993207454681396,CapturedFrames_-4.0_2.0_0.0/video.mp4#frame=29
29,LEFT_KNEE,0.6916189193725586,0.4326789081096649,-0.06629540026187897,0.9920631051063538,CapturedFrames_-4.0_2.0_0.0/video.mp4#frame=29
29,RIGHT_KNEE,0.6727573275566101,0.40922337770462036,0.0916430801153183,0.8851881623268127,CapturedFrames_-4.0_2.0_0.0/video.mp4#frame=29
29,LEFT_ANKLE,0.7334446907043457,0.4762864112854004,-0.00424403790384531,0.9687970280647278,CapturedFrames_-4.0_2.0_0.0/video.mp4#frame=29
29,RIGHT_ANKLE,0.6672114729881287,0.4782716631889343,0.13025856018066406,0.9002595543861389,CapturedFrames_-4.0_2.0_0.0/video.mp4#frame=29
29,LEFT_HEEL,0.7450255751609802,0.47413522005081177,0.0018276408081874251,0.9044704437255859,CapturedFrames_-4.0_2.0_0.0/video.mp4#frame=29
29,RIGHT_HEEL,0.6710530519485474,0.49739810824394226,0.13241274654865265,0.8732571005821228,CapturedFrames_-4.0_2.0_0.0/video.mp4#frame=29
29,LEFT_FOOT_INDEX,0.7293234467506409,0.5250534415245056,-0.020020905882120132,0.9519412517547607,CapturedFrames_-4.0_2.0_0.0/video.mp4#frame=29
29,RIGHT_FOOT_INDEX,0.6416448950767517,0.4913143515586853,0.11701373755931854,0.8813000917434692,CapturedFrames_-4.0_2.0_0.0/video.mp4#frame=29
30,NOSE,0.6891781091690063,0.16340523958206177,-0.07939593493938446,0.9992621541023254,CapturedFrames_-4.0_2.0_0.0/video.mp4#frame=30
30,LEFT_EYE_INNER,0.693067729473114,0.15258421003818512,-0.09185846894979477,0.9992610812187195,CapturedFrames_-4.0_2.0_0.0/video.mp4#frame=30
30,LEFT_EYE,0.6944254040718079,0.1524018496274948,-0.09184672683477402,0.99937504529953,CapturedFrames_-4.0_2.0_0.0/video.mp4#frame=30
30,LEFT_EYE_OUTER,0.6958357691764832,0.15223661065101624,-0.09184882044792175,0.9993694424629211,CapturedFrames_-4.0_2.0_0.0/video.mp4#frame=30
30,RIGHT_EYE_INNER,0.69179767370224,0.15199655294418335,-0.0745207890868187,0.9985432624816895,CapturedFrames_-4.0_2.0_0.0/video.mp4#frame=30
30,RIGHT_EYE,0.6921187043190002,0.15135017037391663,-0.07448355108499527,0.9983735084533691,CapturedFrames_-4.0_2.0_0.0/video.mp4#frame=30
30,RIGHT_EYE_OUTER,0.692555844783783,0.1505405157804489,-0.0744856670498848,0.9981032609939575,CapturedFrames_-4.0_2.0_0.0/video.mp4#frame=30
30,LEFT_EAR,0.7041550874710083,0.15638621151447296,-0.12042613327503204,0.9991707801818848,CapturedFrames_-4.0_2.0_0.0/video.mp4#frame=30
30,RIGHT_EAR,0.7005246877670288,0.15388433635234833,-0.04225414618849754,0.9966273903846741,CapturedFrames_-4.0_2.0_0.0/video.mp4#frame=30
30,MOUTH_LEFT,0.6926215887069702,0.17312631011009216,-0.08729437738656998,0.9989643096923828,CapturedFrames_-4.0_2.0_0.0/video.mp4#frame=30
30,MOUTH_RIGHT,0.6906281113624573,0.1726406067609787,-0.06468448042869568,0.9974554181098938,CapturedFrames_-4.0_2.0_0.0/video.mp4#frame=30
30,LEFT_SHOULDER,0.7118892073631287,0.21720077097415924,-0.15261991322040558,0.9999353885650635,CapturedFrames_-4.0_2.0_0.0/video.mp4#frame=30
30,RIGHT_SHOULDER,0.7072452306747437,0.20519474148750305,0.01336401142179966,0.998711347579956,CapturedFrames_-4.0_2.0_0.0/video.mp4#frame=30
30,LEFT_ELBOW,0.7044486403465271,0.2987523078918457,-0.17491884529590607,0.9908198714256287,CapturedFrames_-4.0_2.0_0.0/video.mp4#frame=30
30,RIGHT_ELBOW,0.7017142176628113,0.2792830765247345,0.051301080733537674,0.0790957510471344,CapturedFrames_-4.0_2.0_0.0/video.mp4#frame=30
30,LEFT_WRIST,0.6874338984489441,0.3613942563533783,-0.1649477779865265,0.9878572225570679,CapturedFrames_-4.0_2.0_0.0/video.mp4#frame=30
30,RIGHT_WRIST,0.6892889142036438,0.3387196362018585,0.024407852441072464,0.21415729820728302,CapturedFrames_-4.0_2.0_0.0/video.mp4#frame=30
30,LEFT_PINKY,0.6836758852005005,0.3867074251174927,-0.18208402395248413,0.976375162601471,CapturedFrames_-4.0_2.0_0.0/video.mp4#frame=30
30,RIGHT_PINKY,0.6857266426086426,0.3575786054134369,0.027114659547805786,0.2597613036632538,CapturedFrames_-4.0_2.0_0.0/video.mp4#frame=30
30,LEFT_INDEX,0.6806482076644897,0.38542845845222473,-0.17656609416007996,0.975416362285614,CapturedFrames_-4.0_2.0_0.0/video.mp4#frame=30
30,RIGHT_INDEX,0.6840036511421204,0.3593548536300659,0.006408370099961758,0.2584417462348938,CapturedFrames_-4.0_2.0_0.0/video.mp4#frame=30
30,LEFT_THUMB,0.681844174861908,0.3770811855792999,-0.16183210909366608,0.9639415740966797,CapturedFrames_-4.0_2.0_0.0/video.mp4#frame=30
30,RIGHT_THUMB,0.6853721141815186,0.3526741862297058,0.015469403937458992,0.2611711323261261,CapturedFrames_-4.0_2.0_0.0/video.mp4#frame=30
30,LEFT_HIP,0.6993308663368225,0.35499611496925354,-0.054855816066265106,0.9989495873451233,CapturedFrames_-4.0_2.0_0.0/video.mp4#frame=30
30,RIGHT_HIP,0.6935275197029114,0.3504596948623657,0.0548822358250618,0.9981797933578491,CapturedFrames_-4.0_2.0_0.0/video.mp4#frame=30
30,LEFT_KNEE,0.6735856533050537,0.416912704706192,-0.03141976520419121,0.988808810710907,CapturedFrames_-4.0_2.0_0.0/video.mp4#frame=30
30,RIGHT_KNEE,0.6723540425300598,0.4052364230155945,0.10181061923503876,0.6726672649383545,CapturedFrames_-4.0_2.0_0.0/video.mp4#frame=30
30,LEFT_ANKLE,0.7106615304946899,0.4782096743583679,0.032495833933353424,0.9777641296386719,CapturedFrames_-4.0_2.0_0.0/video.mp4#frame=30
30,RIGHT_ANKLE,0.6680775880813599,0.476375550031662,0.17055483162403107,0.6990740299224854,CapturedFrames_-4.0_2.0_0.0/video.mp4#frame=30
30,LEFT_HEEL,0.7245455384254456,0.4808932840824127,0.03876945748925209,0.9605826735496521,CapturedFrames_-4.0_2.0_0.0/video.mp4#frame=30
30,RIGHT_HEEL,0.671436071395874,0.4978216290473938,0.17639967799186707,0.7752524018287659,CapturedFrames_-4.0_2.0_0.0/video.mp4#frame=30
30,LEFT_FOOT_INDEX,0.7071975469589233,0.5174078941345215,0.014736575074493885,0.9646292328834534,CapturedFrames_-4.0_2.0_0.0/video.mp4#frame=30
30,RIGHT_FOOT_INDEX,0.6427270770072937,0.4896429181098938,0.16393829882144928,0.723586916923523,CapturedFrames_-4.0_2.0_0.0/video.mp4#frame=30
31,NOSE,0.6834595203399658,0.16066181659698486,-0.10276681184768677,0.9994378685951233,CapturedFrames_-4.0_2.0_0.0/video.mp4#frame=31
31,LEFT_EYE_INNER,0.6877262592315674,0.15083996951580048,-0.11302556842565536,0.9992094039916992,CapturedFrames_-4.0_2.0_0.0/video.mp4#frame=31
31,LEFT_EYE,0.6888489127159119,0.15038451552391052,-0.11302553117275238,0.9993508458137512,CapturedFrames_-4.0_2.0_0.0/video.mp4#frame=31
31,LEFT_EYE_OUTER,0.6901614665985107,0.14999739825725555,-0.11303707212209702,0.9994286894798279,CapturedFrames_-4.0_2.0_0.0/video.mp4#frame=31
31,RIGHT_EYE_INNER,0.6860610842704773,0.15038776397705078,-0.09739700704813004,0.9986099004745483,CapturedFrames_-4.0_2.0_0.0/video.mp4#frame=31
31,RIGHT_EYE,0.6862075328826904,0.1496887058019638,-0.0974016785621643,0.9984273910522461,CapturedFrames_-4.0_2.0_0.0/video.mp4#frame=31
31,RIGHT_EYE_OUTER,0.6864228248596191,0.14889965951442719,-0.09741764515638351,0.9982684850692749,CapturedFrames_-4.0_2.0_0.0/video.mp4#frame=31
31,LEFT_EAR,0.6983970999717712,0.15397636592388153,-0.13073961436748505,0.9991058707237244,CapturedFrames_-4.0_2.0_0.0/video.mp4#frame=31
31,RIGHT_EAR,0.6934876441955566,0.15132473409175873,-0.06043518707156181,0.9965217113494873,CapturedFrames_-4.0_2.0_0.0/video.mp4#frame=31
31,MOUTH_LEFT,0.6870083808898926,0.16951479017734528,-0.10675065219402313,0.9991511106491089,CapturedFrames_-4.0_2.0_0.0/video.mp4#frame=31
31,MOUTH_RIGHT,0.6849513053894043,0.16892123222351074,-0.08650118112564087,0.9978639483451843,CapturedFrames_-4.0_2.0_0.0/video.mp4#frame=31
31,LEFT_SHOULDER,0.7082019448280334,0.21407322585582733,-0.15209494531154633,0.999935507774353,CapturedFrames_-4.0_2.0_0.0/video.mp4#frame=31
31,RIGHT_SHOULDER,0.6961504220962524,0.1977144032716751,-0.005625247955322266,0.9993330836296082,CapturedFrames_-4.0_2.0_0.0/video.mp4#frame=31
31,LEFT_ELBOW,0.6980034708976746,0.29272422194480896,-0.1711672842502594,0.98884516954422,CapturedFrames_-4.0_2.0_0.0/video.mp4#frame=31
31,RIGHT_ELBOW,0.6901891827583313,0.27180230617523193,0.02916000410914421,0.12628640234470367,CapturedFrames_-4.0_2.0_0.0/video.mp4#frame=31
31,LEFT_WRIST,0.6876369714736938,0.35911160707473755,-0.16354592144489288,0.9812104105949402,CapturedFrames_-4.0_2.0_0.0/video.mp4#frame=31
31,RIGHT_WRIST,0.6798051595687866,0.3252723813056946,0.004489718936383724,0.29360106587409973,CapturedFrames_-4.0_2.0_0.0/video.mp4#frame=31
31,LEFT_PINKY,0.6873269081115723,0.37749654054641724,-0.17820915579795837,0.9644458293914795,CapturedFrames_-4.0_2.0_0.0/video.mp4#frame=31
31,RIGHT_PINKY,0.6747869253158569,0.3370080292224884,0.0048927864991128445,0.31294941902160645,CapturedFrames_-4.0_2.0_0.0/video.mp4#frame=31
31,LEFT_INDEX,0.6838876605033875,0.37597978115081787,-0.17759357392787933,0.9639456868171692,CapturedFrames_-4.0_2.0_0.0/video.mp4#frame=31
31,RIGHT_INDEX,0.6745687127113342,0.3360554575920105,-0.013601372018456459,0.3131069540977478,CapturedFrames_-4.0_2.0_0.0/video.mp4#frame=31
31,LEFT_THUMB,0.6837692260742188,0.37115025520324707,-0.16234645247459412,0.9474554061889648,CapturedFrames_-4.0_2.0_0.0/video.mp4#frame=31
31,RIGHT_THUMB,0.6766844391822815,0.3330463767051697,-0.0037682722322642803,0.3110107481479645,CapturedFrames_-4.0_2.0_0.0/video.mp4#frame=31
31,LEFT_HIP,0.6968088746070862,0.34217917919158936,-0.04745551571249962,0.9992734789848328,CapturedFrames_-4.0_2.0_0.0/video.mp4#frame=31
31,RIGHT_HIP,0.683541476726532,0.33353349566459656,0.04744534566998482,0.999062716960907,CapturedFrames_-4.0_2.0_0.0/video.mp4#frame=31
31,LEFT_KNEE,0.673872172832489,0.4217221438884735,-0.043161340057849884,0.9883875250816345,CapturedFrames_-4.0_2.0_0.0/video.mp4#frame=31
31,RIGHT_KNEE,0.6632749438285828,0.40643310546875,0.06663107126951218,0.7606403231620789,CapturedFrames_-4.0_2.0_0.0/video.mp4#frame=31
31,LEFT_ANKLE,0.7004852294921875,0.48703545331954956,0.014406515285372734,0.9814594984054565,CapturedFrames_-4.0_2.0_0.0/video.mp4#frame=31
31,RIGHT_ANKLE,0.6638152003288269,0.48218515515327454,0.1282302588224411,0.8417966365814209,CapturedFrames_-4.0_2.0_0.0/video.mp4#frame=31
31,LEFT_HEEL,0.712468147277832,0.492928147315979,0.019409112632274628,0.9380510449409485,CapturedFrames_-4.0_2.0_0.0/video.mp4#frame=31
31,RIGHT_HEEL,0.6684882044792175,0.497811496257782,0.13298946619033813,0.7962949872016907,CapturedFrames_-4.0_2.0_0.0/video.mp4#frame=31
31,LEFT_FOOT_INDEX,0.6882519721984863,0.5255508422851562,-0.00689330929890275,0.970325767993927,CapturedFrames_-4.0_2.0_0.0/video.mp4#frame=31
31,RIGHT_FOOT_INDEX,0.6387118697166443,0.4947744905948639,0.11436472833156586,0.8584936261177063,CapturedFrames_-4.0_2.0_0.0/video.mp4#frame=31
32,NOSE,0.675244927406311,0.15782496333122253,-0.07803183794021606,0.9985866546630859,CapturedFrames_-4.0_2.0_0.0/video.mp4#frame=32
32,LEFT_EYE_INNER,0.6797788739204407,0.14694836735725403,-0.09023752063512802,0.9984937906265259,CapturedFrames_-4.0_2.0_0.0/video.mp4#frame=32
32,LEFT_EYE,0.6810309886932373,0.14661958813667297,-0.09025072306394577,0.9989111423492432,CapturedFrames_-4.0_2.0_0.0/video.mp4#frame=32
32,LEFT_EYE_OUTER,0.6824530363082886,0.14630700647830963,-0.09027838706970215,0.9989737272262573,CapturedFrames_-4.0_2.0_0.0/video.mp4#frame=32
32,RIGHT_EYE_INNER,0.6781620979309082,0.1465509533882141,-0.07238061726093292,0.9969979524612427,CapturedFrames_-4.0_2.0_0.0/video.mp4#frame=32
32,RIGHT_EYE,0.6783715486526489,0.1459336131811142,-0.07235052436590195,0.9967958331108093,CapturedFrames_-4.0_2.0_0.0/video.mp4#frame=32
32,RIGHT_EYE_OUTER,0.678699791431427,0.14521023631095886,-0.07236641645431519,0.9961168766021729,CapturedFrames_-4.0_2.0_0.0/video.mp4#frame=32
32,LEFT_EAR,0.6909933090209961,0.1498468965291977,-0.11361072957515717,0.9988872408866882,CapturedFrames_-4.0_2.0_0.0/video.mp4#frame=32
32,RIGHT_EAR,0.6863611936569214,0.14751297235488892,-0.03346841782331467,0.9935588240623474,CapturedFrames_-4.0_2.0_0.0/video.mp4#frame=32
32,MOUTH_LEFT,0.6796497702598572,0.1673339307308197,-0.0832020714879036,0.9986280202865601,CapturedFrames_-4.0_2.0_0.0/video.mp4#frame=32
32,MOUTH_RIGHT,0.677406370639801,0.16703344881534576,-0.06006484478712082,0.9962934851646423,CapturedFrames_-4.0_2.0_0.0/video.mp4#frame=32
32,LEFT_SHOULDER,0.7030521631240845,0.20742279291152954,-0.1449463963508606,0.9999632835388184,CapturedFrames_-4.0_2.0_0.0/video.mp4#frame=32
32,RIGHT_SHOULDER,0.6889615058898926,0.19455823302268982,0.02741815708577633,0.99769127368927,CapturedFrames_-4.0_2.0_0.0/video.mp4#frame=32
32,LEFT_ELBOW,0.7013828754425049,0.28733813762664795,-0.17019061744213104,0.9928537011146545,CapturedFrames_-4.0_2.0_0.0/video.mp4#frame=32
32,RIGHT_ELBOW,0.6827253103256226,0.26884159445762634,0.08043091744184494,0.15817201137542725,CapturedFrames_-4.0_2.0_0.0/video.mp4#frame=32
32,LEFT_WRIST,0.6929455995559692,0.35923177003860474,-0.1755644679069519,0.9908871650695801,CapturedFrames_-4.0_2.0_0.0/video.mp4#frame=32
32,RIGHT_WRIST,0.6664218902587891,0.3174436688423157,0.0526488795876503,0.4300549030303955,CapturedFrames_-4.0_2.0_0.0/video.mp4#frame=32
32,LEFT_PINKY,0.6934043169021606,0.38108447194099426,-0.19313593208789825,0.981700599193573,CapturedFrames_-4.0_2.0_0.0/video.mp4#frame=32
32,RIGHT_PINKY,0.660150408744812,0.3335828185081482,0.05227397009730339,0.4589737355709076,CapturedFrames_-4.0_2.0_0.0/video.mp4#frame=32
32,LEFT_INDEX,0.689506471157074,0.3782895505428314,-0.19193385541439056,0.980972170829773,CapturedFrames_-4.0_2.0_0.0/video.mp4#frame=32
32,RIGHT_INDEX,0.6604883670806885,0.33324554562568665,0.031089935451745987,0.4687514305114746,CapturedFrames_-4.0_2.0_0.0/video.mp4#frame=32
32,LEFT_THUMB,0.6883257031440735,0.37065503001213074,-0.17374975979328156,0.9708465933799744,CapturedFrames_-4.0_2.0_0.0/video.mp4#frame=32
32,RIGHT_THUMB,0.6629896759986877,0.3287927210330963,0.0426311120390892,0.4605897068977356,CapturedFrames_-4.0_2.0_0.0/video.mp4#frame=32
32,LEFT_HIP,0.682301938533783,0.3504408001899719,-0.05590032413601875,0.9986457228660583,CapturedFrames_-4.0_2.0_0.0/video.mp4#frame=32
32,RIGHT_HIP,0.6760347485542297,0.33881282806396484,0.055888958275318146,0.9943802952766418,CapturedFrames_-4.0_2.0_0.0/video.mp4#frame=32
32,LEFT_KNEE,0.6637430191040039,0.4164089262485504,0.025205546990036964,0.9367751479148865,CapturedFrames_-4.0_2.0_0.0/video.mp4#frame=32
32,RIGHT_KNEE,0.6658735275268555,0.3997139036655426,0.14478792250156403,0.2825949788093567,CapturedFrames_-4.0_2.0_0.0/video.mp4#frame=32
32,LEFT_ANKLE,0.6746945381164551,0.4860568940639496,0.11687912046909332,0.876990020275116,CapturedFrames_-4.0_2.0_0.0/video.mp4#frame=32
32,RIGHT_ANKLE,0.6708492040634155,0.46753039956092834,0.24478542804718018,0.22081318497657776,CapturedFrames_-4.0_2.0_0.0/video.mp4#frame=32
32,LEFT_HEEL,0.6851965188980103,0.5031498074531555,0.12560606002807617,0.8482797741889954,CapturedFrames_-4.0_2.0_0.0/video.mp4#frame=32
32,RIGHT_HEEL,0.6786476969718933,0.4860810935497284,0.2556060552597046,0.3457193672657013,CapturedFrames_-4.0_2.0_0.0/video.mp4#frame=32
32,LEFT_FOOT_INDEX,0.6495355367660522,0.5019736886024475,0.09550286084413528,0.8479911088943481,CapturedFrames_-4.0_2.0_0.0/video.mp4#frame=32
32,RIGHT_FOOT_INDEX,0.6464970111846924,0.4897899329662323,0.24665255844593048,0.37577739357948303,CapturedFrames_-4.0_2.0_0.0/video.mp4#frame=32
33,NOSE,0.6709668040275574,0.15480968356132507,-0.10590241849422455,0.9976517558097839,CapturedFrames_-4.0_2.0_0.0/video.mp4#frame=33
33,LEFT_EYE_INNER,0.6752692461013794,0.14429344236850739,-0.11552433669567108,0.9964481592178345,CapturedFrames_-4.0_2.0_0.0/video.mp4#frame=33
33,LEFT_EYE,0.6766979098320007,0.1439187079668045,-0.1155359148979187,0.9973764419555664,CapturedFrames_-4.0_2.0_0.0/video.mp4#frame=33
33,LEFT_EYE_OUTER,0.6782541871070862,0.14359945058822632,-0.11556930840015411,0.9974512457847595,CapturedFrames_-4.0_2.0_0.0/video.mp4#frame=33
33,RIGHT_EYE_INNER,0.6729667782783508,0.143720343708992,-0.10030989348888397,0.9944992065429688,CapturedFrames_-4.0_2.0_0.0/video.mp4#frame=33
33,RIGHT_EYE,0.6729254126548767,0.14303265511989594,-0.10031171143054962,0.9942731261253357,CapturedFrames_-4.0_2.0_0.0/video.mp4#frame=33
33,RIGHT_EYE_OUTER,0.6730015277862549,0.1422601193189621,-0.10035477578639984,0.9931274652481079,CapturedFrames_-4.0_2.0_0.0/video.mp4#frame=33
33,LEFT_EAR,0.6871174573898315,0.14743870496749878,-0.12840969860553741,0.9967580437660217,CapturedFrames_-4.0_2.0_0.0/video.mp4#frame=33
33,RIGHT_EAR,0.679610550403595,0.1440959870815277,-0.05985400825738907,0.988888680934906,CapturedFrames_-4.0_2.0_0.0/video.mp4#frame=33
33,MOUTH_LEFT,0.6750374436378479,0.1639808863401413,-0.10761371999979019,0.9974149465560913,CapturedFrames_-4.0_2.0_0.0/video.mp4#frame=33
33,MOUTH_RIGHT,0.6724458336830139,0.16326048970222473,-0.087830550968647,0.9931914210319519,CapturedFrames_-4.0_2.0_0.0/video.mp4#frame=33
33,LEFT_SHOULDER,0.7010262608528137,0.20722702145576477,-0.14391347765922546,0.9998587369918823,CapturedFrames_-4.0_2.0_0.0/video.mp4#frame=33
33,RIGHT_SHOULDER,0.6797531247138977,0.18572530150413513,-0.007124134339392185,0.9980606436729431,CapturedFrames_-4.0_2.0_0.0/video.mp4#frame=33
33,LEFT_ELBOW,0.7003888487815857,0.2858124375343323,-0.16262111067771912,0.9893099069595337,CapturedFrames_-4.0_2.0_0.0/video.mp4#frame=33
33,RIGHT_ELBOW,0.6706624031066895,0.25795963406562805,0.03665171563625336,0.25546514987945557,CapturedFrames_-4.0_2.0_0.0/video.mp4#frame=33
33,LEFT_WRIST,0.696065366268158,0.35423868894577026,-0.16559621691703796,0.9772566556930542,CapturedFrames_-4.0_2.0_0.0/video.mp4#frame=33
33,RIGHT_WRIST,0.6562048196792603,0.30575960874557495,0.013903232291340828,0.5071401596069336,CapturedFrames_-4.0_2.0_0.0/video.mp4#frame=33
33,LEFT_PINKY,0.6974913477897644,0.37604764103889465,-0.17857801914215088,0.957646369934082,CapturedFrames_-4.0_2.0_0.0/video.mp4#frame=33
33,RIGHT_PINKY,0.6501739621162415,0.32194292545318604,0.013376913964748383,0.5006906986236572,CapturedFrames_-4.0_2.0_0.0/video.mp4#frame=33
33,LEFT_INDEX,0.6941534280776978,0.3748076558113098,-0.18147960305213928,0.9582109451293945,CapturedFrames_-4.0_2.0_0.0/video.mp4#frame=33
33,RIGHT_INDEX,0.6496050357818604,0.32289692759513855,-0.0058850739151239395,0.5127853155136108,CapturedFrames_-4.0_2.0_0.0/video.mp4#frame=33
33,LEFT_THUMB,0.6921268701553345,0.36780625581741333,-0.16616013646125793,0.9472866654396057,CapturedFrames_-4.0_2.0_0.0/video.mp4#frame=33
33,RIGHT_THUMB,0.652259111404419,0.3178642988204956,0.004724154714494944,0.513156533241272,CapturedFrames_-4.0_2.0_0.0/video.mp4#frame=33
33,LEFT_HIP,0.6819727420806885,0.34508731961250305,-0.046200696378946304,0.9973974227905273,CapturedFrames_-4.0_2.0_0.0/video.mp4#frame=33
33,RIGHT_HIP,0.6693987250328064,0.32747340202331543,0.046255990862846375,0.9916591048240662,CapturedFrames_-4.0_2.0_0.0/video.mp4#frame=33
33,LEFT_KNEE,0.6579713225364685,0.4117940366268158,-0.020007077604532242,0.94938725233078,CapturedFrames_-4.0_2.0_0.0/video.mp4#frame=33
33,RIGHT_KNEE,0.6593267917633057,0.3968418538570404,0.11612601578235626,0.428955078125,CapturedFrames_-4.0_2.0_0.0/video.mp4#frame=33
33,LEFT_ANKLE,0.6642781496047974,0.49242067337036133,0.03182255104184151,0.8940653204917908,CapturedFrames_-4.0_2.0_0.0/video.mp4#frame=33
33,RIGHT_ANKLE,0.6624930500984192,0.4696711599826813,0.19773997366428375,0.3707388639450073,CapturedFrames_-4.0_2.0_0.0/video.mp4#frame=33
33,LEFT_HEEL,0.6705095767974854,0.5079275369644165,0.035864703357219696,0.8627756237983704,CapturedFrames_-4.0_2.0_0.0/video.mp4#frame=33
33,RIGHT_HEEL,0.6679967045783997,0.48576557636260986,0.20556649565696716,0.44718044996261597,CapturedFrames_-4.0_2.0_0.0/video.mp4#frame=33
33,LEFT_FOOT_INDEX,0.6417025923728943,0.517302393913269,0.002130822977051139,0.8651044368743896,CapturedFrames_-4.0_2.0_0.0/video.mp4#frame=33
33,RIGHT_FOOT_INDEX,0.6445310115814209,0.49259594082832336,0.19440031051635742,0.5051379203796387,CapturedFrames_-4.0_2.0_0.0/video.mp4#frame=33
34,NOSE,0.6635324954986572,0.154887393116951,-0.08091890066862106,0.9997116923332214,CapturedFrames_-4.0_2.0_0.0/video.mp4#frame=34
34,LEFT_EYE_INNER,0.6679568290710449,0.1450733095407486,-0.09134458005428314,0.9992006421089172,CapturedFrames_-4.0_2.0_0.0/video.mp4#frame=34
34,LEFT_EYE,0.6694419980049133,0.14460386335849762,-0.0913248062133789,0.9994319081306458,CapturedFrames_-4.0_2.0_0.0/video.mp4#frame=34
34,LEFT_EYE_OUTER,0.6711136698722839,0.1440717875957489,-0.09133195132017136,0.999281108379364,CapturedFrames_-4.0_2.0_0.0/video.mp4#frame=34
34,RIGHT_EYE_INNER,0.6657012104988098,0.1445329189300537,-0.07556493580341339,0.9991500377655029,CapturedFrames_-4.0_2.0_0.0/video.mp4#frame=34
34,RIGHT_EYE,0.6656994223594666,0.14378750324249268,-0.07557051628828049,0.9992659687995911,CapturedFrames_-4.0_2.0_0.0/video.mp4#frame=34
34,RIGHT_EYE_OUTER,0.665826141834259,0.1428796499967575,-0.07564001530408859,0.9990578293800354,CapturedFrames_-4.0_2.0_0.0/video.mp4#frame=34
34,LEFT_EAR,0.6800362467765808,0.14741075038909912,-0.10634495317935944,0.9992188215255737,CapturedFrames_-4.0_2.0_0.0/video.mp4#frame=34
34,RIGHT_EAR,0.6724354028701782,0.14457473158836365,-0.03587218374013901,0.9988945126533508,CapturedFrames_-4.0_2.0_0.0/video.mp4#frame=34
34,MOUTH_LEFT,0.6679081916809082,0.16343577206134796,-0.08358791470527649,0.9994801878929138,CapturedFrames_-4.0_2.0_0.0/video.mp4#frame=34
34,MOUTH_RIGHT,0.6653046607971191,0.16273407638072968,-0.06337268650531769,0.9990862607955933,CapturedFrames_-4.0_2.0_0.0/video.mp4#frame=34
34,LEFT_SHOULDER,0.6948692798614502,0.20609050989151,-0.12491641938686371,0.9998192191123962,CapturedFrames_-4.0_2.0_0.0/video.mp4#frame=34
34,RIGHT_SHOULDER,0.6717637181282043,0.18694676458835602,0.013399681076407433,0.9997265934944153,CapturedFrames_-4.0_2.0_0.0/video.mp4#frame=34
34,LEFT_ELBOW,0.6975448727607727,0.2824072241783142,-0.14049050211906433,0.9946098327636719,CapturedFrames_-4.0_2.0_0.0/video.mp4#frame=34
34,RIGHT_ELBOW,0.6607003808021545,0.2598746418952942,0.05303095653653145,0.5026969313621521,CapturedFrames_-4.0_2.0_0.0/video.mp4#frame=34
34,LEFT_WRIST,0.6972130537033081,0.3474675416946411,-0.13473986089229584,0.9817376732826233,CapturedFrames_-4.0_2.0_0.0/video.mp4#frame=34
34,RIGHT_WRIST,0.6428719162940979,0.30295878648757935,0.024135727435350418,0.763661801815033,CapturedFrames_-4.0_2.0_0.0/video.mp4#frame=34
34,LEFT_PINKY,0.6990473866462708,0.3698318600654602,-0.14554527401924133,0.9623621702194214,CapturedFrames_-4.0_2.0_0.0/video.mp4#frame=34
34,RIGHT_PINKY,0.6371694803237915,0.3194913864135742,0.024726640433073044,0.7144097089767456,CapturedFrames_-4.0_2.0_0.0/video.mp4#frame=34
34,LEFT_INDEX,0.6958407759666443,0.36967459321022034,-0.1488681435585022,0.9626667499542236,CapturedFrames_-4.0_2.0_0.0/video.mp4#frame=34
34,RIGHT_INDEX,0.636729896068573,0.31968018412590027,0.005440939217805862,0.7277626991271973,CapturedFrames_-4.0_2.0_0.0/video.mp4#frame=34
34,LEFT_THUMB,0.6943058967590332,0.3623496890068054,-0.13542787730693817,0.9589977264404297,CapturedFrames_-4.0_2.0_0.0/video.mp4#frame=34
34,RIGHT_THUMB,0.6393600702285767,0.31464219093322754,0.015189407393336296,0.722241222858429,CapturedFrames_-4.0_2.0_0.0/video.mp4#frame=34
34,LEFT_HIP,0.6793117523193359,0.3378329575061798,-0.048047903925180435,0.9986060261726379,CapturedFrames_-4.0_2.0_0.0/video.mp4#frame=34
34,RIGHT_HIP,0.6671269536018372,0.32777222990989685,0.04816919192671776,0.9980851411819458,CapturedFrames_-4.0_2.0_0.0/video.mp4#frame=34
34,LEFT_KNEE,0.6482643485069275,0.4124723970890045,-0.07370616495609283,0.9958855509757996,CapturedFrames_-4.0_2.0_0.0/video.mp4#frame=34
34,RIGHT_KNEE,0.6621568202972412,0.4184342622756958,0.1080595850944519,0.7358891367912292,CapturedFrames_-4.0_2.0_0.0/video.mp4#frame=34
34,LEFT_ANKLE,0.6463685631752014,0.4929097592830658,-0.052081041038036346,0.9766988754272461,CapturedFrames_-4.0_2.0_0.0/video.mp4#frame=34
34,RIGHT_ANKLE,0.6659193634986877,0.4826321601867676,0.17832259833812714,0.785575807094574,CapturedFrames_-4.0_2.0_0.0/video.mp4#frame=34
34,LEFT_HEEL,0.6501004695892334,0.5076603293418884,-0.05038078874349594,0.9795297980308533,CapturedFrames_-4.0_2.0_0.0/video.mp4#frame=34
34,RIGHT_HEEL,0.6702912449836731,0.4974745810031891,0.18390317261219025,0.8273583650588989,CapturedFrames_-4.0_2.0_0.0/video.mp4#frame=34
34,LEFT_FOOT_INDEX,0.6241790652275085,0.5177325010299683,-0.08273367583751678,0.9558746814727783,CapturedFrames_-4.0_2.0_0.0/video.mp4#frame=34
34,RIGHT_FOOT_INDEX,0.6479049921035767,0.5055974721908569,0.16778485476970673,0.772476851940155,CapturedFrames_-4.0_2.0_0.0/video.mp4#frame=34
35,NOSE,0.656094491481781,0.15821582078933716,-0.10302989184856415,0.9996397495269775,CapturedFrames_-4.0_2.0_0.0/video.mp4#frame=35
35,LEFT_EYE_INNER,0.6599999666213989,0.14668086171150208,-0.11551980674266815,0.9991505146026611,CapturedFrames_-4.0_2.0_0.0/video.mp4#frame=35
35,LEFT_EYE,0.6613909006118774,0.14653238654136658,-0.11550841480493546,0.9994283318519592,CapturedFrames_-4.0_2.0_0.0/video.mp4#frame=35
35,LEFT_EYE_OUTER,0.6628211736679077,0.14646071195602417,-0.1155189722776413,0.999393105506897,CapturedFrames_-4.0_2.0_0.0/video.mp4#frame=35
35,RIGHT_EYE_INNER,0.6584877967834473,0.14639991521835327,-0.09812416881322861,0.9989224672317505,CapturedFrames_-4.0_2.0_0.0/video.mp4#frame=35
35,RIGHT_EYE,0.6587634682655334,0.14600983262062073,-0.09812198579311371,0.998961329460144,CapturedFrames_-4.0_2.0_0.0/video.mp4#frame=35
35,RIGHT_EYE_OUTER,0.6591391563415527,0.14555630087852478,-0.09814785420894623,0.998753547668457,CapturedFrames_-4.0_2.0_0.0/video.mp4#frame=35
35,LEFT_EAR,0.6717661619186401,0.14970709383487701,-0.1365477591753006,0.9993109703063965,CapturedFrames_-4.0_2.0_0.0/video.mp4#frame=35
35,RIGHT_EAR,0.6663761138916016,0.14753076434135437,-0.057935796678066254,0.9981326460838318,CapturedFrames_-4.0_2.0_0.0/video.mp4#frame=35
35,MOUTH_LEFT,0.6601042747497559,0.16705533862113953,-0.10719809681177139,0.9994738698005676,CapturedFrames_-4.0_2.0_0.0/video.mp4#frame=35
35,MOUTH_RIGHT,0.6579309701919556,0.16680145263671875,-0.08444307744503021,0.9988572597503662,CapturedFrames_-4.0_2.0_0.0/video.mp4#frame=35
35,LEFT_SHOULDER,0.6860072612762451,0.20596513152122498,-0.1520184576511383,0.9999617338180542,CapturedFrames_-4.0_2.0_0.0/video.mp4#frame=35
35,RIGHT_SHOULDER,0.6654892563819885,0.18943747878074646,0.0013861346524208784,0.9995595812797546,CapturedFrames_-4.0_2.0_0.0/video.mp4#frame=35
35,LEFT_ELBOW,0.6933658123016357,0.2808016538619995,-0.17000140249729156,0.9945915341377258,CapturedFrames_-4.0_2.0_0.0/video.mp4#frame=35
35,RIGHT_ELBOW,0.6550195813179016,0.2598767876625061,0.05299793556332588,0.4875223636627197,CapturedFrames_-4.0_2.0_0.0/video.mp4#frame=35
35,LEFT_WRIST,0.6954092979431152,0.34629082679748535,-0.1737237125635147,0.9860422015190125,CapturedFrames_-4.0_2.0_0.0/video.mp4#frame=35
35,RIGHT_WRIST,0.6325657367706299,0.30098241567611694,0.03042163886129856,0.7430959343910217,CapturedFrames_-4.0_2.0_0.0/video.mp4#frame=35
35,LEFT_PINKY,0.6993778944015503,0.36450323462486267,-0.18848830461502075,0.9710116982460022,CapturedFrames_-4.0_2.0_0.0/video.mp4#frame=35
35,RIGHT_PINKY,0.6264968514442444,0.3176644742488861,0.03190920874476433,0.6923529505729675,CapturedFrames_-4.0_2.0_0.0/video.mp4#frame=35
35,LEFT_INDEX,0.6959969401359558,0.36446142196655273,-0.19168667495250702,0.970533549785614,CapturedFrames_-4.0_2.0_0.0/video.mp4#frame=35
35,RIGHT_INDEX,0.6259313821792603,0.31862643361091614,0.009863218292593956,0.7077485918998718,CapturedFrames_-4.0_2.0_0.0/video.mp4#frame=35
35,LEFT_THUMB,0.6940730214118958,0.35913631319999695,-0.1747620701789856,0.9629956483840942,CapturedFrames_-4.0_2.0_0.0/video.mp4#frame=35
35,RIGHT_THUMB,0.6283402442932129,0.31341129541397095,0.020115280523896217,0.7095161080360413,CapturedFrames_-4.0_2.0_0.0/video.mp4#frame=35
35,LEFT_HIP,0.6712493300437927,0.33818569779396057,-0.05135275050997734,0.9992689490318298,CapturedFrames_-4.0_2.0_0.0/video.mp4#frame=35
35,RIGHT_HIP,0.6598853468894958,0.3289458453655243,0.051463425159454346,0.9978587031364441,CapturedFrames_-4.0_2.0_0.0/video.mp4#frame=35
35,LEFT_KNEE,0.6398619413375854,0.41393980383872986,-0.03577788919210434,0.9909838438034058,CapturedFrames_-4.0_2.0_0.0/video.mp4#frame=35
35,RIGHT_KNEE,0.656436026096344,0.4142649471759796,0.13794630765914917,0.7316919565200806,CapturedFrames_-4.0_2.0_0.0/video.mp4#frame=35
35,LEFT_ANKLE,0.6231305599212646,0.49710944294929504,-0.0005995442043058574,0.987225353717804,CapturedFrames_-4.0_2.0_0.0/video.mp4#frame=35
35,RIGHT_ANKLE,0.6649746894836426,0.47727230191230774,0.22955505549907684,0.7415031790733337,CapturedFrames_-4.0_2.0_0.0/video.mp4#frame=35
35,LEFT_HEEL,0.6234295964241028,0.5178541541099548,0.0012183137005195022,0.9712603688240051,CapturedFrames_-4.0_2.0_0.0/video.mp4#frame=35
35,RIGHT_HEEL,0.6728198528289795,0.49201932549476624,0.2382744997739792,0.728410005569458,CapturedFrames_-4.0_2.0_0.0/video.mp4#frame=35
35,LEFT_FOOT_INDEX,0.5975205302238464,0.5070124864578247,-0.045351792126894,0.9778404831886292,CapturedFrames_-4.0_2.0_0.0/video.mp4#frame=35
35,RIGHT_FOOT_INDEX,0.6412580609321594,0.4962295889854431,0.2229737490415573,0.8003217577934265,CapturedFrames_-4.0_2.0_0.0/video.mp4#frame=35
36,NOSE,0.6511303186416626,0.16090217232704163,-0.08950092643499374,0.9999502897262573,CapturedFrames_-4.0_2.0_0.0/video.mp4#frame=36
36,LEFT_EYE_INNER,0.6546829342842102,0.15099254250526428,-0.10063336789608002,0.9998722076416016,CapturedFrames_-4.0_2.0_0.0/video.mp4#frame=36
36,LEFT_EYE,0.6560683846473694,0.15106995403766632,-0.10062910616397858,0.9999102354049683,CapturedFrames_-4.0_2.0_0.0/video.mp4#frame=36
36,LEFT_EYE_OUTER,0.6575138568878174,0.1510719656944275,-0.10063345730304718,0.9999092817306519,CapturedFrames_-4.0_2.0_0.0/video.mp4#frame=36
36,RIGHT_EYE_INNER,0.6530562043190002,0.15022774040699005,-0.08278684318065643,0.9998291730880737,CapturedFrames_-4.0_2.0_0.0/video.mp4#frame=36
36,RIGHT_EYE,0.6531801223754883,0.1498146653175354,-0.08278918266296387,0.9998241066932678,CapturedFrames_-4.0_2.0_0.0/video.mp4#frame=36
36,RIGHT_EYE_OUTER,0.6533848643302917,0.14930741488933563,-0.0827946662902832,0.9997907280921936,CapturedFrames_-4.0_2.0_0.0/video.mp4#frame=36
36,LEFT_EAR,0.6660458445549011,0.1550014168024063,-0.12074579298496246,0.999891996383667,CapturedFrames_-4.0_2.0_0.0/video.mp4#frame=36
36,RIGHT_EAR,0.6601793766021729,0.1522744596004486,-0.04083734005689621,0.9996566772460938,CapturedFrames_-4.0_2.0_0.0/video.mp4#frame=36
36,MOUTH_LEFT,0.6543541550636292,0.17048421502113342,-0.09426185488700867,0.9999264478683472,CapturedFrames_-4.0_2.0_0.0/video.mp4#frame=36
36,MOUTH_RIGHT,0.6521323323249817,0.16990260779857635,-0.07105378061532974,0.9998283386230469,CapturedFrames_-4.0_2.0_0.0/video.mp4#frame=36
36,LEFT_SHOULDER,0.678609311580658,0.21238242089748383,-0.13994336128234863,0.999984622001648,CapturedFrames_-4.0_2.0_0.0/video.mp4#frame=36
36,RIGHT_SHOULDER,0.6586160659790039,0.19596244394779205,0.016707640141248703,0.999782383441925,CapturedFrames_-4.0_2.0_0.0/video.mp4#frame=36
36,LEFT_ELBOW,0.6882709264755249,0.2834504246711731,-0.15677662193775177,0.9967525005340576,CapturedFrames_-4.0_2.0_0.0/video.mp4#frame=36
36,RIGHT_ELBOW,0.6467392444610596,0.260457843542099,0.05671578645706177,0.6631118655204773,CapturedFrames_-4.0_2.0_0.0/video.mp4#frame=36
36,LEFT_WRIST,0.691066563129425,0.3476755917072296,-0.15553529560565948,0.9918121099472046,CapturedFrames_-4.0_2.0_0.0/video.mp4#frame=36
36,RIGHT_WRIST,0.6198279857635498,0.29856640100479126,0.02371383085846901,0.8564150929450989,CapturedFrames_-4.0_2.0_0.0/video.mp4#frame=36
36,LEFT_PINKY,0.6958080530166626,0.3650306761264801,-0.17061035335063934,0.9798713326454163,CapturedFrames_-4.0_2.0_0.0/video.mp4#frame=36
36,RIGHT_PINKY,0.6127166152000427,0.3150511682033539,0.023735394701361656,0.790824294090271,CapturedFrames_-4.0_2.0_0.0/video.mp4#frame=36
36,LEFT_INDEX,0.6917451620101929,0.36493003368377686,-0.17308898270130157,0.9795912504196167,CapturedFrames_-4.0_2.0_0.0/video.mp4#frame=36
36,RIGHT_INDEX,0.612783670425415,0.3158627152442932,0.0019325378816574812,0.8031363487243652,CapturedFrames_-4.0_2.0_0.0/video.mp4#frame=36
36,LEFT_THUMB,0.6895670294761658,0.3594991862773895,-0.1563497632741928,0.9746389389038086,CapturedFrames_-4.0_2.0_0.0/video.mp4#frame=36
36,RIGHT_THUMB,0.6157414317131042,0.3106686770915985,0.01304252166301012,0.8083567023277283,CapturedFrames_-4.0_2.0_0.0/video.mp4#frame=36
36,LEFT_HIP,0.6642935276031494,0.3454974591732025,-0.05068664625287056,0.9997171759605408,CapturedFrames_-4.0_2.0_0.0/video.mp4#frame=36
36,RIGHT_HIP,0.6543586850166321,0.3357859253883362,0.05080825835466385,0.9990113973617554,CapturedFrames_-4.0_2.0_0.0/video.mp4#frame=36
36,LEFT_KNEE,0.6312131881713867,0.41073304414749146,-0.04020633548498154,0.991990864276886,CapturedFrames_-4.0_2.0_0.0/video.mp4#frame=36
36,RIGHT_KNEE,0.6566417217254639,0.41484424471855164,0.14753295481204987,0.7173841595649719,CapturedFrames_-4.0_2.0_0.0/video.mp4#frame=36
36,LEFT_ANKLE,0.6079940795898438,0.4936647117137909,-0.015136584639549255,0.9925446510314941,CapturedFrames_-4.0_2.0_0.0/video.mp4#frame=36
36,RIGHT_ANKLE,0.6670061349868774,0.47917312383651733,0.24549594521522522,0.8025566935539246,CapturedFrames_-4.0_2.0_0.0/video.mp4#frame=36
36,LEFT_HEEL,0.6082668900489807,0.5109745264053345,-0.014210373163223267,0.9863491058349609,CapturedFrames_-4.0_2.0_0.0/video.mp4#frame=36
36,RIGHT_HEEL,0.6723206043243408,0.49309027194976807,0.2549162209033966,0.810075581073761,CapturedFrames_-4.0_2.0_0.0/video.mp4#frame=36
36,LEFT_FOOT_INDEX,0.5837349891662598,0.49521225690841675,-0.061541102826595306,0.9866876006126404,CapturedFrames_-4.0_2.0_0.0/video.mp4#frame=36
36,RIGHT_FOOT_INDEX,0.6431372165679932,0.4923768639564514,0.23939761519432068,0.853401243686676,CapturedFrames_-4.0_2.0_0.0/video.mp4#frame=36
37,NOSE,0.6431565880775452,0.16139130294322968,-0.0847485214471817,0.999977707862854,CapturedFrames_-4.0_2.0_0.0/video.mp4#frame=37
37,LEFT_EYE_INNER,0.6473056674003601,0.15229950845241547,-0.09477875381708145,0.9999419450759888,CapturedFrames_-4.0_2.0_0.0/video.mp4#frame=37
37,LEFT_EYE,0.6488268375396729,0.15253771841526031,-0.09477982670068741,0.9999605417251587,CapturedFrames_-4.0_2.0_0.0/video.mp4#frame=37
37,LEFT_EYE_OUTER,0.6504530310630798,0.1528637409210205,-0.0947897806763649,0.9999603033065796,CapturedFrames_-4.0_2.0_0.0/video.mp4#frame=37
37,RIGHT_EYE_INNER,0.6452661156654358,0.1511322557926178,-0.07746335864067078,0.9999222755432129,CapturedFrames_-4.0_2.0_0.0/video.mp4#frame=37
37,RIGHT_EYE,0.6452623009681702,0.1504172533750534,-0.07745188474655151,0.9999191761016846,CapturedFrames_-4.0_2.0_0.0/video.mp4#frame=37
37,RIGHT_EYE_OUTER,0.6453112363815308,0.1496376246213913,-0.07744515687227249,0.9999006986618042,CapturedFrames_-4.0_2.0_0.0/video.mp4#frame=37
37,LEFT_EAR,0.6590310335159302,0.15791141986846924,-0.11340683698654175,0.999953031539917,CapturedFrames_-4.0_2.0_0.0/video.mp4#frame=37
37,RIGHT_EAR,0.6518043279647827,0.1539836823940277,-0.035924144089221954,0.999846339225769,CapturedFrames_-4.0_2.0_0.0/video.mp4#frame=37
37,MOUTH_LEFT,0.6466214060783386,0.17216676473617554,-0.0893649011850357,0.9999644756317139,CapturedFrames_-4.0_2.0_0.0/video.mp4#frame=37
37,MOUTH_RIGHT,0.6440818309783936,0.1712496280670166,-0.06683807075023651,0.9999115467071533,CapturedFrames_-4.0_2.0_0.0/video.mp4#frame=37
37,LEFT_SHOULDER,0.6703797578811646,0.21726973354816437,-0.13383977115154266,0.999987006187439,CapturedFrames_-4.0_2.0_0.0/video.mp4#frame=37
37,RIGHT_SHOULDER,0.6496842503547668,0.20083358883857727,0.020139841362833977,0.9998430013656616,CapturedFrames_-4.0_2.0_0.0/video.mp4#frame=37
37,LEFT_ELBOW,0.6808808445930481,0.2867244482040405,-0.1513986736536026,0.9971717000007629,CapturedFrames_-4.0_2.0_0.0/video.mp4#frame=37
37,RIGHT_ELBOW,0.636194109916687,0.2608441710472107,0.05666382238268852,0.7860017418861389,CapturedFrames_-4.0_2.0_0.0/video.mp4#frame=37
37,LEFT_WRIST,0.6858094930648804,0.3509589433670044,-0.15077248215675354,0.9932954907417297,CapturedFrames_-4.0_2.0_0.0/video.mp4#frame=37
37,RIGHT_WRIST,0.6091008186340332,0.2983163297176361,0.02279040403664112,0.9167864322662354,CapturedFrames_-4.0_2.0_0.0/video.mp4#frame=37
37,LEFT_PINKY,0.6912133693695068,0.3674124479293823,-0.16565771400928497,0.9829555153846741,CapturedFrames_-4.0_2.0_0.0/video.mp4#frame=37
37,RIGHT_PINKY,0.6012859344482422,0.3127516806125641,0.02221805974841118,0.8631654977798462,CapturedFrames_-4.0_2.0_0.0/video.mp4#frame=37
37,LEFT_INDEX,0.6875652074813843,0.36803504824638367,-0.1682208627462387,0.9829692244529724,CapturedFrames_-4.0_2.0_0.0/video.mp4#frame=37
37,RIGHT_INDEX,0.6012365221977234,0.3135705888271332,0.0017067573498934507,0.8726406097412109,CapturedFrames_-4.0_2.0_0.0/video.mp4#frame=37
37,LEFT_THUMB,0.6850945353507996,0.3631257712841034,-0.15174804627895355,0.9791440367698669,CapturedFrames_-4.0_2.0_0.0/video.mp4#frame=37
37,RIGHT_THUMB,0.6041343212127686,0.3100181818008423,0.012425101362168789,0.8745703101158142,CapturedFrames_-4.0_2.0_0.0/video.mp4#frame=37
37,LEFT_HIP,0.6566277742385864,0.3486528992652893,-0.04979809373617172,0.9997677206993103,CapturedFrames_-4.0_2.0_0.0/video.mp4#frame=37
37,RIGHT_HIP,0.6483418345451355,0.33982914686203003,0.04994037374854088,0.9992924928665161,CapturedFrames_-4.0_2.0_0.0/video.mp4#frame=37
37,LEFT_KNEE,0.6227412819862366,0.40710145235061646,-0.047226883471012115,0.992418646812439,CapturedFrames_-4.0_2.0_0.0/video.mp4#frame=37
37,RIGHT_KNEE,0.6508259177207947,0.4134400188922882,0.1431603580713272,0.7655856013298035,CapturedFrames_-4.0_2.0_0.0/video.mp4#frame=37
37,LEFT_ANKLE,0.5965190529823303,0.48852983117103577,-0.02437588945031166,0.9936184883117676,CapturedFrames_-4.0_2.0_0.0/video.mp4#frame=37
37,RIGHT_ANKLE,0.6645479202270508,0.4759063720703125,0.23506572842597961,0.8197983503341675,CapturedFrames_-4.0_2.0_0.0/video.mp4#frame=37
37,LEFT_HEEL,0.5950983166694641,0.5088576674461365,-0.023588381707668304,0.986581563949585,CapturedFrames_-4.0_2.0_0.0/video.mp4#frame=37
37,RIGHT_HEEL,0.6698793768882751,0.487016499042511,0.243854358792305,0.81695157289505,CapturedFrames_-4.0_2.0_0.0/video.mp4#frame=37
37,LEFT_FOOT_INDEX,0.5725594162940979,0.4834495186805725,-0.07032836973667145,0.9889746904373169,CapturedFrames_-4.0_2.0_0.0/video.mp4#frame=37
37,RIGHT_FOOT_INDEX,0.6424063444137573,0.4894863963127136,0.2293233573436737,0.8601368069648743,CapturedFrames_-4.0_2.0_0.0/video.mp4#frame=37
38,NOSE,0.6354016661643982,0.16947782039642334,-0.09816928207874298,0.9999793767929077,CapturedFrames_-4.0_2.0_0.0/video.mp4#frame=38
38,LEFT_EYE_INNER,0.6387754678726196,0.15919417142868042,-0.1079350933432579,0.999954104423523,CapturedFrames_-4.0_2.0_0.0/video.mp4#frame=38
38,LEFT_EYE,0.6399334073066711,0.15923303365707397,-0.1079370528459549,0.9999657869338989,CapturedFrames_-4.0_2.0_0.0/video.mp4#frame=38
38,LEFT_EYE_OUTER,0.6413000226020813,0.15924248099327087,-0.1079460009932518,0.9999692440032959,CapturedFrames_-4.0_2.0_0.0/video.mp4#frame=38
38,RIGHT_EYE_INNER,0.6374130845069885,0.15849743783473969,-0.09141655266284943,0.9999428987503052,CapturedFrames_-4.0_2.0_0.0/video.mp4#frame=38
38,RIGHT_EYE,0.6374667882919312,0.15812069177627563,-0.09144265949726105,0.9999409914016724,CapturedFrames_-4.0_2.0_0.0/video.mp4#frame=38
38,RIGHT_EYE_OUTER,0.6375654935836792,0.1576637178659439,-0.09144898504018784,0.999940037727356,CapturedFrames_-4.0_2.0_0.0/video.mp4#frame=38
38,LEFT_EAR,0.6497589945793152,0.1643042415380478,-0.12498023360967636,0.999958872795105,CapturedFrames_-4.0_2.0_0.0/video.mp4#frame=38
38,RIGHT_EAR,0.6441105008125305,0.16095611453056335,-0.0516652837395668,0.9998959302902222,CapturedFrames_-4.0_2.0_0.0/video.mp4#frame=38
38,MOUTH_LEFT,0.638499915599823,0.1784684658050537,-0.10225369036197662,0.9999716281890869,CapturedFrames_-4.0_2.0_0.0/video.mp4#frame=38
38,MOUTH_RIGHT,0.6364898681640625,0.17798171937465668,-0.08089931309223175,0.9999356269836426,CapturedFrames_-4.0_2.0_0.0/video.mp4#frame=38
38,LEFT_SHOULDER,0.663466215133667,0.222291961312294,-0.13714469969272614,0.999970555305481,CapturedFrames_-4.0_2.0_0.0/video.mp4#frame=38
38,RIGHT_SHOULDER,0.6407117247581482,0.20649291574954987,0.0007936267065815628,0.9998400211334229,CapturedFrames_-4.0_2.0_0.0/video.mp4#frame=38
38,LEFT_ELBOW,0.6740044951438904,0.2943424582481384,-0.14970557391643524,0.9947287440299988,CapturedFrames_-4.0_2.0_0.0/video.mp4#frame=38
38,RIGHT_ELBOW,0.6248559951782227,0.2634691894054413,0.029318850487470627,0.7211296558380127,CapturedFrames_-4.0_2.0_0.0/video.mp4#frame=38
38,LEFT_WRIST,0.6812732219696045,0.35725393891334534,-0.14680904150009155,0.9787724018096924,CapturedFrames_-4.0_2.0_0.0/video.mp4#frame=38
38,RIGHT_WRIST,0.5997200608253479,0.30023932456970215,-0.005013945046812296,0.8313924074172974,CapturedFrames_-4.0_2.0_0.0/video.mp4#frame=38
38,LEFT_PINKY,0.6858429908752441,0.37163245677948,-0.1597343236207962,0.9526058435440063,CapturedFrames_-4.0_2.0_0.0/video.mp4#frame=38
38,RIGHT_PINKY,0.5920184850692749,0.31642940640449524,-0.008075380697846413,0.7492603063583374,CapturedFrames_-4.0_2.0_0.0/video.mp4#frame=38
38,LEFT_INDEX,0.6836891770362854,0.3735285997390747,-0.164866641163826,0.9526573419570923,CapturedFrames_-4.0_2.0_0.0/video.mp4#frame=38
38,RIGHT_INDEX,0.5915918946266174,0.31742411851882935,-0.026417415589094162,0.7678406238555908,CapturedFrames_-4.0_2.0_0.0/video.mp4#frame=38
38,LEFT_THUMB,0.681378185749054,0.3704735338687897,-0.14873772859573364,0.9466409683227539,CapturedFrames_-4.0_2.0_0.0/video.mp4#frame=38
38,RIGHT_THUMB,0.5939645767211914,0.312613308429718,-0.014597928151488304,0.7768738865852356,CapturedFrames_-4.0_2.0_0.0/video.mp4#frame=38
38,LEFT_HIP,0.6482195854187012,0.3523455858230591,-0.04429266229271889,0.9998031258583069,CapturedFrames_-4.0_2.0_0.0/video.mp4#frame=38
38,RIGHT_HIP,0.6411256194114685,0.3415284752845764,0.04437621310353279,0.9995036125183105,CapturedFrames_-4.0_2.0_0.0/video.mp4#frame=38
38,LEFT_KNEE,0.6128587126731873,0.4122025668621063,-0.03695962578058243,0.9839662909507751,CapturedFrames_-4.0_2.0_0.0/video.mp4#frame=38
38,RIGHT_KNEE,0.6469789147377014,0.4117265045642853,0.13576826453208923,0.7406067252159119,CapturedFrames_-4.0_2.0_0.0/video.mp4#frame=38
38,LEFT_ANKLE,0.5866407155990601,0.49225956201553345,-0.013551963493227959,0.9943776726722717,CapturedFrames_-4.0_2.0_0.0/video.mp4#frame=38
38,RIGHT_ANKLE,0.6654813885688782,0.4781377613544464,0.22474117577075958,0.8686256408691406,CapturedFrames_-4.0_2.0_0.0/video.mp4#frame=38
38,LEFT_HEEL,0.5847418904304504,0.5150991678237915,-0.012966366484761238,0.9882881045341492,CapturedFrames_-4.0_2.0_0.0/video.mp4#frame=38
38,RIGHT_HEEL,0.6726646423339844,0.48987796902656555,0.23332145810127258,0.8796417713165283,CapturedFrames_-4.0_2.0_0.0/video.mp4#frame=38
38,LEFT_FOOT_INDEX,0.5624656677246094,0.4831804037094116,-0.05951939895749092,0.9904994368553162,CapturedFrames_-4.0_2.0_0.0/video.mp4#frame=38
38,RIGHT_FOOT_INDEX,0.6409215331077576,0.49077704548835754,0.21869853138923645,0.899853527545929,CapturedFrames_-4.0_2.0_0.0/video.mp4#frame=38
39,NOSE,0.6280407309532166,0.17152002453804016,-0.09930440783500671,0.9999927282333374,CapturedFrames_-4.0_2.0_0.0/video.mp4#frame=39
39,LEFT_EYE_INNER,0.6315189003944397,0.16167832911014557,-0.10875023901462555,0.9999804496765137,CapturedFrames_-4.0_2.0_0.0/video.mp4#frame=39
39,LEFT_EYE,0.6328659653663635,0.16169477999210358,-0.10874734073877335,0.999985933303833,CapturedFrames_-4.0_2.0_0.0/video.mp4#frame=39
39,LEFT_EYE_OUTER,0.6342682242393494,0.1616598516702652,-0.10875566303730011,0.9999856948852539,CapturedFrames_-4.0_2.0_0.0/video.mp4#frame=39
39,RIGHT_EYE_INNER,0.6297828555107117,0.161160409450531,-0.09316860884428024,0.9999747276306152,CapturedFrames_-4.0_2.0_0.0/video.mp4#frame=39
39,RIGHT_EYE,0.6298344135284424,0.16080762445926666,-0.09319739788770676,0.9999748468399048,CapturedFrames_-4.0_2.0_0.0/video.mp4#frame=39
39,RIGHT_EYE_OUTER,0.62995445728302,0.16037079691886902,-0.0931890457868576,0.9999719858169556,CapturedFrames_-4.0_2.0_0.0/video.mp4#frame=39
39,LEFT_EAR,0.6424502730369568,0.16669848561286926,-0.12405075877904892,0.9999796152114868,CapturedFrames_-4.0_2.0_0.0/video.mp4#frame=39
39,RIGHT_EAR,0.6368312239646912,0.16395722329616547,-0.05431332439184189,0.9999573230743408,CapturedFrames_-4.0_2.0_0.0/video.mp4#frame=39
39,MOUTH_LEFT,0.6312870383262634,0.18064001202583313,-0.10264702141284943,0.999988317489624,CapturedFrames_-4.0_2.0_0.0/video.mp4#frame=39
39,MOUTH_RIGHT,0.6288663148880005,0.17996934056282043,-0.08232704550027847,0.9999713897705078,CapturedFrames_-4.0_2.0_0.0/video.mp4#frame=39
39,LEFT_SHOULDER,0.6558383703231812,0.22760628163814545,-0.13049179315567017,0.9999829530715942,CapturedFrames_-4.0_2.0_0.0/video.mp4#frame=39
39,RIGHT_SHOULDER,0.633014976978302,0.209797203540802,-0.006952648051083088,0.9999221563339233,CapturedFrames_-4.0_2.0_0.0/video.mp4#frame=39
39,LEFT_ELBOW,0.6666958332061768,0.2961527705192566,-0.1377040445804596,0.9961446523666382,CapturedFrames_-4.0_2.0_0.0/video.mp4#frame=39
39,RIGHT_ELBOW,0.6172159314155579,0.26600998640060425,0.019858896732330322,0.812759518623352,CapturedFrames_-4.0_2.0_0.0/video.mp4#frame=39
39,LEFT_WRIST,0.6763067245483398,0.3595987558364868,-0.13298550248146057,0.9826329946517944,CapturedFrames_-4.0_2.0_0.0/video.mp4#frame=39
39,RIGHT_WRIST,0.5921519994735718,0.30131396651268005,-0.012759478762745857,0.8793563842773438,CapturedFrames_-4.0_2.0_0.0/video.mp4#frame=39
39,LEFT_PINKY,0.6795302629470825,0.3728194236755371,-0.14299355447292328,0.9611939787864685,CapturedFrames_-4.0_2.0_0.0/video.mp4#frame=39
39,RIGHT_PINKY,0.5844754576683044,0.3159469664096832,-0.01663605123758316,0.8043227791786194,CapturedFrames_-4.0_2.0_0.0/video.mp4#frame=39
39,LEFT_INDEX,0.6775237321853638,0.3737454414367676,-0.15003055334091187,0.9628304243087769,CapturedFrames_-4.0_2.0_0.0/video.mp4#frame=39
39,RIGHT_INDEX,0.5839291214942932,0.31616970896720886,-0.03227400407195091,0.8198603987693787,CapturedFrames_-4.0_2.0_0.0/video.mp4#frame=39
39,LEFT_THUMB,0.6762245893478394,0.37048742175102234,-0.1357387900352478,0.9627326130867004,CapturedFrames_-4.0_2.0_0.0/video.mp4#frame=39
39,RIGHT_THUMB,0.586877167224884,0.311503142118454,-0.021266691386699677,0.8285459876060486,CapturedFrames_-4.0_2.0_0.0/video.mp4#frame=39
39,LEFT_HIP,0.6416040062904358,0.3522765636444092,-0.04197249561548233,0.9998601675033569,CapturedFrames_-4.0_2.0_0.0/video.mp4#frame=39
39,RIGHT_HIP,0.6328203082084656,0.34048402309417725,0.04206790030002594,0.9996250867843628,CapturedFrames_-4.0_2.0_0.0/video.mp4#frame=39
39,LEFT_KNEE,0.6061132550239563,0.4149753451347351,-0.05833394080400467,0.9878332614898682,CapturedFrames_-4.0_2.0_0.0/video.mp4#frame=39
39,RIGHT_KNEE,0.6443099975585938,0.4138670563697815,0.13005439937114716,0.7646375894546509,CapturedFrames_-4.0_2.0_0.0/video.mp4#frame=39
39,LEFT_ANKLE,0.5820652842521667,0.49904298782348633,-0.05224185436964035,0.9961574673652649,CapturedFrames_-4.0_2.0_0.0/video.mp4#frame=39
39,RIGHT_ANKLE,0.664458692073822,0.47743165493011475,0.214769646525383,0.8764095306396484,CapturedFrames_-4.0_2.0_0.0/video.mp4#frame=39
39,LEFT_HEEL,0.5822100639343262,0.5203113555908203,-0.05318007618188858,0.9886915683746338,CapturedFrames_-4.0_2.0_0.0/video.mp4#frame=39
39,RIGHT_HEEL,0.6717230081558228,0.4892791211605072,0.22295203804969788,0.8844116926193237,CapturedFrames_-4.0_2.0_0.0/video.mp4#frame=39
39,LEFT_FOOT_INDEX,0.5560545921325684,0.49880164861679077,-0.10083816945552826,0.9929344654083252,CapturedFrames_-4.0_2.0_0.0/video.mp4#frame=39
39,RIGHT_FOOT_INDEX,0.639291524887085,0.4910595417022705,0.2123766839504242,0.9086882472038269,CapturedFrames_-4.0_2.0_0.0/video.mp4#frame=39
40,NOSE,0.6208637356758118,0.17220698297023773,-0.0996098741889,0.9999972581863403,CapturedFrames_-4.0_2.0_0.0/video.mp4#frame=40
40,LEFT_EYE_INNER,0.6245723366737366,0.16288042068481445,-0.10838289558887482,0.9999918937683105,CapturedFrames_-4.0_2.0_0.0/video.mp4#frame=40
40,LEFT_EYE,0.625928521156311,0.16302905976772308,-0.10838278383016586,0.9999940395355225,CapturedFrames_-4.0_2.0_0.0/video.mp4#frame=40
40,LEFT_EYE_OUTER,0.6274016499519348,0.16323883831501007,-0.10839174687862396,0.9999943971633911,CapturedFrames_-4.0_2.0_0.0/video.mp4#frame=40
40,RIGHT_EYE_INNER,0.6229226589202881,0.1621207743883133,-0.09299163520336151,0.9999890327453613,CapturedFrames_-4.0_2.0_0.0/video.mp4#frame=40
40,RIGHT_EYE,0.6229254603385925,0.1617806851863861,-0.09301143884658813,0.9999891519546509,CapturedFrames_-4.0_2.0_0.0/video.mp4#frame=40
40,RIGHT_EYE_OUTER,0.6229847073554993,0.1613197922706604,-0.09299587458372116,0.9999878406524658,CapturedFrames_-4.0_2.0_0.0/video.mp4#frame=40
40,LEFT_EAR,0.6355041861534119,0.1686018407344818,-0.12208019196987152,0.9999915361404419,CapturedFrames_-4.0_2.0_0.0/video.mp4#frame=40
40,RIGHT_EAR,0.6293472051620483,0.16551147401332855,-0.053367309272289276,0.9999794960021973,CapturedFrames_-4.0_2.0_0.0/video.mp4#frame=40
40,MOUTH_LEFT,0.6236921548843384,0.18283303081989288,-0.10263879597187042,0.9999958276748657,CapturedFrames_-4.0_2.0_0.0/video.mp4#frame=40
40,MOUTH_RIGHT,0.6216092705726624,0.18204782903194427,-0.08261110633611679,0.9999892711639404,CapturedFrames_-4.0_2.0_0.0/video.mp4#frame=40
40,LEFT_SHOULDER,0.6472653150558472,0.23139190673828125,-0.13081224262714386,0.9999947547912598,CapturedFrames_-4.0_2.0_0.0/video.mp4#frame=40
40,RIGHT_SHOULDER,0.6264734268188477,0.21338970959186554,-0.003418554086238146,0.9999449253082275,CapturedFrames_-4.0_2.0_0.0/video.mp4#frame=40
40,LEFT_ELBOW,0.658071756362915,0.30045440793037415,-0.13549374043941498,0.9974779486656189,CapturedFrames_-4.0_2.0_0.0/video.mp4#frame=40
40,RIGHT_ELBOW,0.610126256942749,0.27240774035453796,0.021656977012753487,0.7196015119552612,CapturedFrames_-4.0_2.0_0.0/video.mp4#frame=40
40,LEFT_WRIST,0.6659801006317139,0.36412087082862854,-0.1297827959060669,0.9910287857055664,CapturedFrames_-4.0_2.0_0.0/video.mp4#frame=40
40,RIGHT_WRIST,0.585412323474884,0.3077143728733063,-0.013567711226642132,0.8544447422027588,CapturedFrames_-4.0_2.0_0.0/video.mp4#frame=40
40,LEFT_PINKY,0.6705470085144043,0.37920549511909485,-0.14069479703903198,0.9787763953208923,CapturedFrames_-4.0_2.0_0.0/video.mp4#frame=40
40,RIGHT_PINKY,0.5779469609260559,0.3223573565483093,-0.01922016218304634,0.7849346399307251,CapturedFrames_-4.0_2.0_0.0/video.mp4#frame=40
40,LEFT_INDEX,0.6682058572769165,0.38131070137023926,-0.14857253432273865,0.9799222946166992,CapturedFrames_-4.0_2.0_0.0/video.mp4#frame=40
40,RIGHT_INDEX,0.5775279998779297,0.3223744034767151,-0.03492867201566696,0.8018531799316406,CapturedFrames_-4.0_2.0_0.0/video.mp4#frame=40
40,LEFT_THUMB,0.6665476560592651,0.37704604864120483,-0.13266272842884064,0.9784163236618042,CapturedFrames_-4.0_2.0_0.0/video.mp4#frame=40
40,RIGHT_THUMB,0.5801563262939453,0.3179766535758972,-0.022242363542318344,0.8067170977592468,CapturedFrames_-4.0_2.0_0.0/video.mp4#frame=40
40,LEFT_HIP,0.6340839862823486,0.35302647948265076,-0.042148325592279434,0.999908447265625,CapturedFrames_-4.0_2.0_0.0/video.mp4#frame=40
40,RIGHT_HIP,0.6267374753952026,0.34449246525764465,0.04221467301249504,0.9996931552886963,CapturedFrames_-4.0_2.0_0.0/video.mp4#frame=40
40,LEFT_KNEE,0.59868985414505,0.41984567046165466,-0.04504101723432541,0.9884122014045715,CapturedFrames_-4.0_2.0_0.0/video.mp4#frame=40
40,RIGHT_KNEE,0.6415525674819946,0.4189957082271576,0.14122411608695984,0.7743083834648132,CapturedFrames_-4.0_2.0_0.0/video.mp4#frame=40
40,LEFT_ANKLE,0.5777515172958374,0.5066473484039307,-0.03221890702843666,0.996716320514679,CapturedFrames_-4.0_2.0_0.0/video.mp4#frame=40
40,RIGHT_ANKLE,0.6633675694465637,0.4767904579639435,0.2325146645307541,0.8855199217796326,CapturedFrames_-4.0_2.0_0.0/video.mp4#frame=40
40,LEFT_HEEL,0.5801368951797485,0.5277091264724731,-0.03265504911541939,0.9888871312141418,CapturedFrames_-4.0_2.0_0.0/video.mp4#frame=40
40,RIGHT_HEEL,0.6716978549957275,0.4892023801803589,0.24131271243095398,0.890932023525238,CapturedFrames_-4.0_2.0_0.0/video.mp4#frame=40
40,LEFT_FOOT_INDEX,0.549720048904419,0.5119825005531311,-0.0796913430094719,0.9940112233161926,CapturedFrames_-4.0_2.0_0.0/video.mp4#frame=40
40,RIGHT_FOOT_INDEX,0.6399347186088562,0.49670010805130005,0.2337796986103058,0.9229474067687988,CapturedFrames_-4.0_2.0_0.0/video.mp4#frame=40
41,NOSE,0.6131957769393921,0.17031490802764893,-0.10063783079385757,0.9999942779541016,CapturedFrames_-4.0_2.0_0.0/video.mp4#frame=41
41,LEFT_EYE_INNER,0.6174077987670898,0.16164429485797882,-0.11024180799722672,0.9999874830245972,CapturedFrames_-4.0_2.0_0.0/video.mp4#frame=41
41,LEFT_EYE,0.6187543869018555,0.1618834137916565,-0.1102318987250328,0.9999905824661255,CapturedFrames_-4.0_2.0_0.0/video.mp4#frame=41
41,LEFT_EYE_OUTER,0.6201151013374329,0.16202259063720703,-0.11024053394794464,0.9999915361404419,CapturedFrames_-4.0_2.0_0.0/video.mp4#frame=41
41,RIGHT_EYE_INNER,0.6157472729682922,0.16086119413375854,-0.09409888833761215,0.9999815225601196,CapturedFrames_-4.0_2.0_0.0/video.mp4#frame=41
41,RIGHT_EYE,0.6158541440963745,0.16050882637500763,-0.09411946684122086,0.9999822378158569,CapturedFrames_-4.0_2.0_0.0/video.mp4#frame=41
41,RIGHT_EYE_OUTER,0.6160507202148438,0.16004030406475067,-0.0941058024764061,0.9999822378158569,CapturedFrames_-4.0_2.0_0.0/video.mp4#frame=41
41,LEFT_EAR,0.6281642317771912,0.1680998057126999,-0.12703457474708557,0.9999864101409912,CapturedFrames_-4.0_2.0_0.0/video.mp4#frame=41
41,RIGHT_EAR,0.6225109696388245,0.16455452144145966,-0.054775964468717575,0.9999673366546631,CapturedFrames_-4.0_2.0_0.0/video.mp4#frame=41
41,MOUTH_LEFT,0.616260290145874,0.18102514743804932,-0.1046767383813858,0.9999933242797852,CapturedFrames_-4.0_2.0_0.0/video.mp4#frame=41
41,MOUTH_RIGHT,0.6142247915267944,0.18031972646713257,-0.08364859968423843,0.999982476234436,CapturedFrames_-4.0_2.0_0.0/video.mp4#frame=41
41,LEFT_SHOULDER,0.6386820673942566,0.2291446328163147,-0.13725119829177856,0.9999932050704956,CapturedFrames_-4.0_2.0_0.0/video.mp4#frame=41
41,RIGHT_SHOULDER,0.6212372183799744,0.21198366582393646,-0.0045739151537418365,0.9999030828475952,CapturedFrames_-4.0_2.0_0.0/video.mp4#frame=41
41,LEFT_ELBOW,0.6498439311981201,0.30345872044563293,-0.14118406176567078,0.9964150190353394,CapturedFrames_-4.0_2.0_0.0/video.mp4#frame=41
41,RIGHT_ELBOW,0.6053780317306519,0.27545031905174255,0.01616685651242733,0.4973335862159729,CapturedFrames_-4.0_2.0_0.0/video.mp4#frame=41
41,LEFT_WRIST,0.6561862230300903,0.36609947681427,-0.12924699485301971,0.9845712184906006,CapturedFrames_-4.0_2.0_0.0/video.mp4#frame=41
41,RIGHT_WRIST,0.5811965465545654,0.31379783153533936,-0.021021580323576927,0.6570237874984741,CapturedFrames_-4.0_2.0_0.0/video.mp4#frame=41
41,LEFT_PINKY,0.6602346301078796,0.3835555911064148,-0.13999027013778687,0.9662837982177734,CapturedFrames_-4.0_2.0_0.0/video.mp4#frame=41
41,RIGHT_PINKY,0.5739206075668335,0.3278682231903076,-0.028165346011519432,0.5817437171936035,CapturedFrames_-4.0_2.0_0.0/video.mp4#frame=41
41,LEFT_INDEX,0.6573395133018494,0.3861030638217926,-0.14721563458442688,0.9676727652549744,CapturedFrames_-4.0_2.0_0.0/video.mp4#frame=41
41,RIGHT_INDEX,0.5739609599113464,0.32835230231285095,-0.044172387570142746,0.6048265695571899,CapturedFrames_-4.0_2.0_0.0/video.mp4#frame=41
41,LEFT_THUMB,0.6554920077323914,0.3808683156967163,-0.1316039115190506,0.9652035236358643,CapturedFrames_-4.0_2.0_0.0/video.mp4#frame=41
41,RIGHT_THUMB,0.5767239928245544,0.324116587638855,-0.02996629849076271,0.6172881722450256,CapturedFrames_-4.0_2.0_0.0/video.mp4#frame=41
41,LEFT_HIP,0.6258570551872253,0.35562363266944885,-0.0448051355779171,0.9998470544815063,CapturedFrames_-4.0_2.0_0.0/video.mp4#frame=41
41,RIGHT_HIP,0.6196302771568298,0.3468244969844818,0.0448448471724987,0.9994043111801147,CapturedFrames_-4.0_2.0_0.0/video.mp4#frame=41
41,LEFT_KNEE,0.5911110043525696,0.4227125942707062,-0.03529293090105057,0.9879096746444702,CapturedFrames_-4.0_2.0_0.0/video.mp4#frame=41
41,RIGHT_KNEE,0.6329476237297058,0.4239170551300049,0.1428493708372116,0.7684234976768494,CapturedFrames_-4.0_2.0_0.0/video.mp4#frame=41
41,LEFT_ANKLE,0.5739399790763855,0.5111802816390991,-0.011017297394573689,0.9971741437911987,CapturedFrames_-4.0_2.0_0.0/video.mp4#frame=41
41,RIGHT_ANKLE,0.6596038341522217,0.4750019609928131,0.23493173718452454,0.8886896967887878,CapturedFrames_-4.0_2.0_0.0/video.mp4#frame=41
41,LEFT_HEEL,0.5775942802429199,0.531391978263855,-0.01057245023548603,0.9854575395584106,CapturedFrames_-4.0_2.0_0.0/video.mp4#frame=41
41,RIGHT_HEEL,0.6685832738876343,0.48455777764320374,0.24409599602222443,0.9022841453552246,CapturedFrames_-4.0_2.0_0.0/video.mp4#frame=41
41,LEFT_FOOT_INDEX,0.5477458834648132,0.5234353542327881,-0.0575779564678669,0.9940553903579712,CapturedFrames_-4.0_2.0_0.0/video.mp4#frame=41
41,RIGHT_FOOT_INDEX,0.6410980224609375,0.5009132623672485,0.2377709448337555,0.9276247620582581,CapturedFrames_-4.0_2.0_0.0/video.mp4#frame=41
42,NOSE,0.6058070659637451,0.17639394104480743,-0.11748398840427399,0.9999816417694092,CapturedFrames_-4.0_2.0_0.0/video.mp4#frame=42
42,LEFT_EYE_INNER,0.6103963255882263,0.16628266870975494,-0.12799641489982605,0.9999637603759766,CapturedFrames_-4.0_2.0_0.0/video.mp4#frame=42
42,LEFT_EYE,0.611984372138977,0.1663636416196823,-0.12798671424388885,0.9999761581420898,CapturedFrames_-4.0_2.0_0.0/video.mp4#frame=42
42,LEFT_EYE_OUTER,0.61358642578125,0.16653157770633698,-0.12801438570022583,0.9999760389328003,CapturedFrames_-4.0_2.0_0.0/video.mp4#frame=42
42,RIGHT_EYE_INNER,0.6083211302757263,0.16560755670070648,-0.11157117038965225,0.9999359846115112,CapturedFrames_-4.0_2.0_0.0/video.mp4#frame=42
42,RIGHT_EYE,0.6083444952964783,0.1652592122554779,-0.11160023510456085,0.9999388456344604,CapturedFrames_-4.0_2.0_0.0/video.mp4#frame=42
42,RIGHT_EYE_OUTER,0.6084789633750916,0.1648663431406021,-0.11159684509038925,0.9999240636825562,CapturedFrames_-4.0_2.0_0.0/video.mp4#frame=42
42,LEFT_EAR,0.621764600276947,0.17130248248577118,-0.14481572806835175,0.9999648332595825,CapturedFrames_-4.0_2.0_0.0/video.mp4#frame=42
42,RIGHT_EAR,0.6148411631584167,0.16744345426559448,-0.07106433808803558,0.9998871088027954,CapturedFrames_-4.0_2.0_0.0/video.mp4#frame=42
42,MOUTH_LEFT,0.609529972076416,0.18586508929729462,-0.12056158483028412,0.9999768733978271,CapturedFrames_-4.0_2.0_0.0/video.mp4#frame=42
42,MOUTH_RIGHT,0.6068900227546692,0.18497997522354126,-0.09925952553749084,0.9999351501464844,CapturedFrames_-4.0_2.0_0.0/video.mp4#frame=42
42,LEFT_SHOULDER,0.6332718729972839,0.2305714339017868,-0.15585005283355713,0.9999914169311523,CapturedFrames_-4.0_2.0_0.0/video.mp4#frame=42
42,RIGHT_SHOULDER,0.6130011677742004,0.2100483626127243,-0.016594864428043365,0.999861478805542,CapturedFrames_-4.0_2.0_0.0/video.mp4#frame=42
42,LEFT_ELBOW,0.6408591270446777,0.3040783405303955,-0.16401274502277374,0.9977021813392639,CapturedFrames_-4.0_2.0_0.0/video.mp4#frame=42
42,RIGHT_ELBOW,0.6006124019622803,0.2797439694404602,0.016395151615142822,0.6172419190406799,CapturedFrames_-4.0_2.0_0.0/video.mp4#frame=42
42,LEFT_WRIST,0.6435078978538513,0.37191200256347656,-0.15527239441871643,0.9928383231163025,CapturedFrames_-4.0_2.0_0.0/video.mp4#frame=42
42,RIGHT_WRIST,0.5828263163566589,0.3198225796222687,-0.011101853102445602,0.7675533890724182,CapturedFrames_-4.0_2.0_0.0/video.mp4#frame=42
42,LEFT_PINKY,0.6463227868080139,0.3907516598701477,-0.16681323945522308,0.9837446212768555,CapturedFrames_-4.0_2.0_0.0/video.mp4#frame=42
42,RIGHT_PINKY,0.5749515295028687,0.3368125855922699,-0.0157303623855114,0.7065194845199585,CapturedFrames_-4.0_2.0_0.0/video.mp4#frame=42
42,LEFT_INDEX,0.643607497215271,0.3923977315425873,-0.17276473343372345,0.9843772649765015,CapturedFrames_-4.0_2.0_0.0/video.mp4#frame=42
42,RIGHT_INDEX,0.574330747127533,0.33815598487854004,-0.03125686198472977,0.7200343608856201,CapturedFrames_-4.0_2.0_0.0/video.mp4#frame=42
42,LEFT_THUMB,0.6421113014221191,0.38674813508987427,-0.15666131675243378,0.9822624921798706,CapturedFrames_-4.0_2.0_0.0/video.mp4#frame=42
42,RIGHT_THUMB,0.5773674249649048,0.333240807056427,-0.01914800889790058,0.7174565196037292,CapturedFrames_-4.0_2.0_0.0/video.mp4#frame=42
42,LEFT_HIP,0.6194542646408081,0.3621879518032074,-0.04792626202106476,0.9998369216918945,CapturedFrames_-4.0_2.0_0.0/video.mp4#frame=42
42,RIGHT_HIP,0.6100777387619019,0.35179606080055237,0.04797539487481117,0.999177873134613,CapturedFrames_-4.0_2.0_0.0/video.mp4#frame=42
42,LEFT_KNEE,0.5822388529777527,0.42551299929618835,-0.04141674563288689,0.9933474659919739,CapturedFrames_-4.0_2.0_0.0/video.mp4#frame=42
42,RIGHT_KNEE,0.6210209131240845,0.4278240501880646,0.15452484786510468,0.7922171354293823,CapturedFrames_-4.0_2.0_0.0/video.mp4#frame=42
42,LEFT_ANKLE,0.5746049284934998,0.5129733681678772,-0.00972018949687481,0.9964189529418945,CapturedFrames_-4.0_2.0_0.0/video.mp4#frame=42
42,RIGHT_ANKLE,0.6523199677467346,0.4723796546459198,0.25594034790992737,0.8562064170837402,CapturedFrames_-4.0_2.0_0.0/video.mp4#frame=42
42,LEFT_HEEL,0.5786651372909546,0.529883623123169,-0.0075772106647491455,0.991405725479126,CapturedFrames_-4.0_2.0_0.0/video.mp4#frame=42
42,RIGHT_HEEL,0.6606360673904419,0.4742029309272766,0.2667015492916107,0.8894098997116089,CapturedFrames_-4.0_2.0_0.0/video.mp4#frame=42
42,LEFT_FOOT_INDEX,0.5503221750259399,0.5252145528793335,-0.04643966630101204,0.9918431639671326,CapturedFrames_-4.0_2.0_0.0/video.mp4#frame=42
42,RIGHT_FOOT_INDEX,0.6429373621940613,0.5025498270988464,0.26735877990722656,0.8762269616127014,CapturedFrames_-4.0_2.0_0.0/video.mp4#frame=42
43,NOSE,0.5982195734977722,0.17331895232200623,-0.09405770152807236,0.9999845027923584,CapturedFrames_-4.0_2.0_0.0/video.mp4#frame=43
43,LEFT_EYE_INNER,0.6026330590248108,0.16356416046619415,-0.10445761680603027,0.9999783039093018,CapturedFrames_-4.0_2.0_0.0/video.mp4#frame=43
43,LEFT_EYE,0.6041721701622009,0.16352321207523346,-0.10443586111068726,0.9999841451644897,CapturedFrames_-4.0_2.0_0.0/video.mp4#frame=43
43,LEFT_EYE_OUTER,0.6057360172271729,0.163478285074234,-0.10445579141378403,0.9999847412109375,CapturedFrames_-4.0_2.0_0.0/video.mp4#frame=43
43,RIGHT_EYE_INNER,0.600628674030304,0.163034588098526,-0.08822698146104813,0.9999598264694214,CapturedFrames_-4.0_2.0_0.0/video.mp4#frame=43
43,RIGHT_EYE,0.600651204586029,0.16270913183689117,-0.0882466584444046,0.9999582767486572,CapturedFrames_-4.0_2.0_0.0/video.mp4#frame=43
43,RIGHT_EYE_OUTER,0.600778341293335,0.16234910488128662,-0.08825917541980743,0.999951958656311,CapturedFrames_-4.0_2.0_0.0/video.mp4#frame=43
43,LEFT_EAR,0.6140832304954529,0.16799108684062958,-0.12264546006917953,0.9999803304672241,CapturedFrames_-4.0_2.0_0.0/video.mp4#frame=43
43,RIGHT_EAR,0.6073006987571716,0.16541524231433868,-0.04993930831551552,0.9999352693557739,CapturedFrames_-4.0_2.0_0.0/video.mp4#frame=43
43,MOUTH_LEFT,0.6019341349601746,0.1829666942358017,-0.09780669957399368,0.9999876022338867,CapturedFrames_-4.0_2.0_0.0/video.mp4#frame=43
43,MOUTH_RIGHT,0.599343478679657,0.1821073591709137,-0.07684922963380814,0.9999649524688721,CapturedFrames_-4.0_2.0_0.0/video.mp4#frame=43
43,LEFT_SHOULDER,0.6271644234657288,0.2281297892332077,-0.14062747359275818,0.9999926090240479,CapturedFrames_-4.0_2.0_0.0/video.mp4#frame=43
43,RIGHT_SHOULDER,0.6064226627349854,0.21017718315124512,0.005427869036793709,0.9998763799667358,CapturedFrames_-4.0_2.0_0.0/video.mp4#frame=43
43,LEFT_ELBOW,0.6315267086029053,0.30657902359962463,-0.15130993723869324,0.9983636736869812,CapturedFrames_-4.0_2.0_0.0/video.mp4#frame=43
43,RIGHT_ELBOW,0.5947623252868652,0.279438316822052,0.04164038598537445,0.3910215497016907,CapturedFrames_-4.0_2.0_0.0/video.mp4#frame=43
43,LEFT_WRIST,0.630913496017456,0.37475427985191345,-0.14000287652015686,0.9942752718925476,CapturedFrames_-4.0_2.0_0.0/video.mp4#frame=43
43,RIGHT_WRIST,0.5803976058959961,0.3226286768913269,0.015586545690894127,0.6296591758728027,CapturedFrames_-4.0_2.0_0.0/video.mp4#frame=43
43,LEFT_PINKY,0.6333692669868469,0.3942490816116333,-0.15041349828243256,0.9871373176574707,CapturedFrames_-4.0_2.0_0.0/video.mp4#frame=43
43,RIGHT_PINKY,0.5742639303207397,0.3395572304725647,0.012891198508441448,0.5990630388259888,CapturedFrames_-4.0_2.0_0.0/video.mp4#frame=43
43,LEFT_INDEX,0.6302409172058105,0.3950577974319458,-0.15386666357517242,0.9874078035354614,CapturedFrames_-4.0_2.0_0.0/video.mp4#frame=43
43,RIGHT_INDEX,0.5747424960136414,0.3404298722743988,-0.0029871801380068064,0.6111387014389038,CapturedFrames_-4.0_2.0_0.0/video.mp4#frame=43
43,LEFT_THUMB,0.6288426518440247,0.3875240683555603,-0.13972479104995728,0.9849488139152527,CapturedFrames_-4.0_2.0_0.0/video.mp4#frame=43
43,RIGHT_THUMB,0.5778439044952393,0.33549243211746216,0.007799932267516851,0.6026123762130737,CapturedFrames_-4.0_2.0_0.0/video.mp4#frame=43
43,LEFT_HIP,0.611685037612915,0.3612826466560364,-0.05109516531229019,0.9998495578765869,CapturedFrames_-4.0_2.0_0.0/video.mp4#frame=43
43,RIGHT_HIP,0.6001088619232178,0.350321888923645,0.05115688592195511,0.9991336464881897,CapturedFrames_-4.0_2.0_0.0/video.mp4#frame=43
43,LEFT_KNEE,0.5755768418312073,0.42456167936325073,-0.05995943397283554,0.9943311214447021,CapturedFrames_-4.0_2.0_0.0/video.mp4#frame=43
43,RIGHT_KNEE,0.6090978384017944,0.4289344847202301,0.1465696096420288,0.6869619488716125,CapturedFrames_-4.0_2.0_0.0/video.mp4#frame=43
43,LEFT_ANKLE,0.574298083782196,0.5112269520759583,-0.0321454182267189,0.9962447285652161,CapturedFrames_-4.0_2.0_0.0/video.mp4#frame=43
43,RIGHT_ANKLE,0.6440540552139282,0.46435654163360596,0.24228410422801971,0.8229963779449463,CapturedFrames_-4.0_2.0_0.0/video.mp4#frame=43
43,LEFT_HEEL,0.5781392455101013,0.5242283940315247,-0.030042994767427444,0.9928394556045532,CapturedFrames_-4.0_2.0_0.0/video.mp4#frame=43
43,RIGHT_HEEL,0.6521981358528137,0.4594581723213196,0.25221118330955505,0.9033079147338867,CapturedFrames_-4.0_2.0_0.0/video.mp4#frame=43
43,LEFT_FOOT_INDEX,0.552634596824646,0.526716947555542,-0.06186934560537338,0.9916324019432068,CapturedFrames_-4.0_2.0_0.0/video.mp4#frame=43
43,RIGHT_FOOT_INDEX,0.6391818523406982,0.4960464537143707,0.2548074424266815,0.842671811580658,CapturedFrames_-4.0_2.0_0.0/video.mp4#frame=43
44,NOSE,0.5895912647247314,0.1700732260942459,-0.0932663232088089,0.9997768998146057,CapturedFrames_-4.0_2.0_0.0/video.mp4#frame=44
44,LEFT_EYE_INNER,0.5947619080543518,0.15985369682312012,-0.10341261327266693,0.9996907711029053,CapturedFrames_-4.0_2.0_0.0/video.mp4#frame=44
44,LEFT_EYE,0.5963075160980225,0.16004839539527893,-0.10338550806045532,0.9997873902320862,CapturedFrames_-4.0_2.0_0.0/video.mp4#frame=44
44,LEFT_EYE_OUTER,0.5978631973266602,0.16030117869377136,-0.1034054160118103,0.9997656941413879,CapturedFrames_-4.0_2.0_0.0/video.mp4#frame=44
44,RIGHT_EYE_INNER,0.5925014019012451,0.15901631116867065,-0.0871608629822731,0.9994575381278992,CapturedFrames_-4.0_2.0_0.0/video.mp4#frame=44
44,RIGHT_EYE,0.5925077795982361,0.15859216451644897,-0.08714107424020767,0.9995266199111938,CapturedFrames_-4.0_2.0_0.0/video.mp4#frame=44
44,RIGHT_EYE_OUTER,0.5926187038421631,0.15813350677490234,-0.0871642529964447,0.9994472861289978,CapturedFrames_-4.0_2.0_0.0/video.mp4#frame=44
44,LEFT_EAR,0.6060531735420227,0.16576820611953735,-0.11907489597797394,0.9997356534004211,CapturedFrames_-4.0_2.0_0.0/video.mp4#frame=44
44,RIGHT_EAR,0.5991581678390503,0.1621209681034088,-0.04562189057469368,0.9991983771324158,CapturedFrames_-4.0_2.0_0.0/video.mp4#frame=44
44,MOUTH_LEFT,0.5933694243431091,0.18038572371006012,-0.09596693515777588,0.9997660517692566,CapturedFrames_-4.0_2.0_0.0/video.mp4#frame=44
44,MOUTH_RIGHT,0.5907469987869263,0.17926742136478424,-0.07486644387245178,0.9994743466377258,CapturedFrames_-4.0_2.0_0.0/video.mp4#frame=44
44,LEFT_SHOULDER,0.6160176992416382,0.22525128722190857,-0.1425085812807083,0.9999676942825317,CapturedFrames_-4.0_2.0_0.0/video.mp4#frame=44
44,RIGHT_SHOULDER,0.5993649959564209,0.20552419126033783,0.014576137065887451,0.9996428489685059,CapturedFrames_-4.0_2.0_0.0/video.mp4#frame=44
44,LEFT_ELBOW,0.6175094842910767,0.3014461398124695,-0.15991459786891937,0.9968938827514648,CapturedFrames_-4.0_2.0_0.0/video.mp4#frame=44
44,RIGHT_ELBOW,0.5905968546867371,0.2826564908027649,0.05325310677289963,0.3643310070037842,CapturedFrames_-4.0_2.0_0.0/video.mp4#frame=44
44,LEFT_WRIST,0.6187548041343689,0.37167903780937195,-0.15735270082950592,0.9908966422080994,CapturedFrames_-4.0_2.0_0.0/video.mp4#frame=44
44,RIGHT_WRIST,0.5785203576087952,0.3286221921443939,0.025358814746141434,0.6699423789978027,CapturedFrames_-4.0_2.0_0.0/video.mp4#frame=44
44,LEFT_PINKY,0.6200019717216492,0.3918309211730957,-0.17051705718040466,0.9808294773101807,CapturedFrames_-4.0_2.0_0.0/video.mp4#frame=44
44,RIGHT_PINKY,0.5737121105194092,0.3453750014305115,0.024760209023952484,0.6580479145050049,CapturedFrames_-4.0_2.0_0.0/video.mp4#frame=44
44,LEFT_INDEX,0.6175808906555176,0.39168044924736023,-0.17072293162345886,0.981097936630249,CapturedFrames_-4.0_2.0_0.0/video.mp4#frame=44
44,RIGHT_INDEX,0.5738764405250549,0.34520354866981506,0.0065344274044036865,0.6642158031463623,CapturedFrames_-4.0_2.0_0.0/video.mp4#frame=44
44,LEFT_THUMB,0.6162285208702087,0.3859193027019501,-0.1566361039876938,0.9770486950874329,CapturedFrames_-4.0_2.0_0.0/video.mp4#frame=44
44,RIGHT_THUMB,0.5763588547706604,0.3404354453086853,0.016839222982525826,0.6495621800422668,CapturedFrames_-4.0_2.0_0.0/video.mp4#frame=44
44,LEFT_HIP,0.6009904146194458,0.3559778034687042,-0.05876736715435982,0.9991151690483093,CapturedFrames_-4.0_2.0_0.0/video.mp4#frame=44
44,RIGHT_HIP,0.5909228920936584,0.34477508068084717,0.058810461312532425,0.9970762729644775,CapturedFrames_-4.0_2.0_0.0/video.mp4#frame=44
44,LEFT_KNEE,0.570658802986145,0.42555055022239685,-0.056427985429763794,0.9887416958808899,CapturedFrames_-4.0_2.0_0.0/video.mp4#frame=44
44,RIGHT_KNEE,0.5802058577537537,0.41795840859413147,0.10751460492610931,0.6813003420829773,CapturedFrames_-4.0_2.0_0.0/video.mp4#frame=44
44,LEFT_ANKLE,0.576171338558197,0.5110021829605103,-0.015817610546946526,0.9829591512680054,CapturedFrames_-4.0_2.0_0.0/video.mp4#frame=44
44,RIGHT_ANKLE,0.6240444779396057,0.4541805684566498,0.16030669212341309,0.6688852906227112,CapturedFrames_-4.0_2.0_0.0/video.mp4#frame=44
44,LEFT_HEEL,0.5809289813041687,0.5236759185791016,-0.012175869196653366,0.9722281098365784,CapturedFrames_-4.0_2.0_0.0/video.mp4#frame=44
44,RIGHT_HEEL,0.6324073672294617,0.4535483121871948,0.16596730053424835,0.7994908094406128,CapturedFrames_-4.0_2.0_0.0/video.mp4#frame=44
44,LEFT_FOOT_INDEX,0.5522114634513855,0.5258309245109558,-0.04080997034907341,0.9692351222038269,CapturedFrames_-4.0_2.0_0.0/video.mp4#frame=44
44,RIGHT_FOOT_INDEX,0.6248868703842163,0.4845544993877411,0.1588825285434723,0.7168716788291931,CapturedFrames_-4.0_2.0_0.0/video.mp4#frame=44
45,NOSE,0.5797228813171387,0.17303591966629028,-0.07171877473592758,0.9989927411079407,CapturedFrames_-4.0_2.0_0.0/video.mp4#frame=45
45,LEFT_EYE_INNER,0.5834373235702515,0.1617775559425354,-0.08533424139022827,0.9991637468338013,CapturedFrames_-4.0_2.0_0.0/video.mp4#frame=45
45,LEFT_EYE,0.5846044421195984,0.16140016913414001,-0.08533836901187897,0.9993370175361633,CapturedFrames_-4.0_2.0_0.0/video.mp4#frame=45
45,LEFT_EYE_OUTER,0.5858145356178284,0.16104280948638916,-0.08537700027227402,0.9993407130241394,CapturedFrames_-4.0_2.0_0.0/video.mp4#frame=45
45,RIGHT_EYE_INNER,0.5825546383857727,0.16106319427490234,-0.0670500174164772,0.9983534812927246,CapturedFrames_-4.0_2.0_0.0/video.mp4#frame=45
45,RIGHT_EYE,0.5830913186073303,0.16018244624137878,-0.0670233890414238,0.9983585476875305,CapturedFrames_-4.0_2.0_0.0/video.mp4#frame=45
45,RIGHT_EYE_OUTER,0.583724319934845,0.1591629981994629,-0.06704648584127426,0.998214840888977,CapturedFrames_-4.0_2.0_0.0/video.mp4#frame=45
45,LEFT_EAR,0.5938212871551514,0.1638696789741516,-0.11747127771377563,0.9991459846496582,CapturedFrames_-4.0_2.0_0.0/video.mp4#frame=45
45,RIGHT_EAR,0.5916489362716675,0.1607780158519745,-0.03538202494382858,0.9977326393127441,CapturedFrames_-4.0_2.0_0.0/video.mp4#frame=45
45,MOUTH_LEFT,0.5842552185058594,0.18236827850341797,-0.07995423674583435,0.999052107334137,CapturedFrames_-4.0_2.0_0.0/video.mp4#frame=45
45,MOUTH_RIGHT,0.5828886032104492,0.18189002573490143,-0.05628689378499985,0.9983474016189575,CapturedFrames_-4.0_2.0_0.0/video.mp4#frame=45
45,LEFT_SHOULDER,0.6022685766220093,0.2298714816570282,-0.14873650670051575,0.9998812675476074,CapturedFrames_-4.0_2.0_0.0/video.mp4#frame=45
45,RIGHT_SHOULDER,0.6017746925354004,0.21095186471939087,0.015462219715118408,0.9977992177009583,CapturedFrames_-4.0_2.0_0.0/video.mp4#frame=45
45,LEFT_ELBOW,0.6000726819038391,0.3095278739929199,-0.17081786692142487,0.9789904356002808,CapturedFrames_-4.0_2.0_0.0/video.mp4#frame=45
45,RIGHT_ELBOW,0.5996841788291931,0.28153741359710693,0.05426090210676193,0.08571615070104599,CapturedFrames_-4.0_2.0_0.0/video.mp4#frame=45
45,LEFT_WRIST,0.592494010925293,0.38485878705978394,-0.16320820152759552,0.9696188569068909,CapturedFrames_-4.0_2.0_0.0/video.mp4#frame=45
45,RIGHT_WRIST,0.5855138301849365,0.33494576811790466,0.02654253877699375,0.18546882271766663,CapturedFrames_-4.0_2.0_0.0/video.mp4#frame=45
45,LEFT_PINKY,0.5935530066490173,0.40408146381378174,-0.18111997842788696,0.9554650783538818,CapturedFrames_-4.0_2.0_0.0/video.mp4#frame=45
45,RIGHT_PINKY,0.5809314846992493,0.34970706701278687,0.028228942304849625,0.24681918323040009,CapturedFrames_-4.0_2.0_0.0/video.mp4#frame=45
45,LEFT_INDEX,0.5913781523704529,0.3992917239665985,-0.1753716617822647,0.9536787867546082,CapturedFrames_-4.0_2.0_0.0/video.mp4#frame=45
45,RIGHT_INDEX,0.5787791609764099,0.3480890393257141,0.006680755410343409,0.2569345235824585,CapturedFrames_-4.0_2.0_0.0/video.mp4#frame=45
45,LEFT_THUMB,0.5902361869812012,0.3917333781719208,-0.1599978506565094,0.9368616938591003,CapturedFrames_-4.0_2.0_0.0/video.mp4#frame=45
45,RIGHT_THUMB,0.5808477401733398,0.3455375134944916,0.017087411135435104,0.2566867470741272,CapturedFrames_-4.0_2.0_0.0/video.mp4#frame=45
45,LEFT_HIP,0.5856276750564575,0.3731416165828705,-0.05614618584513664,0.9986429810523987,CapturedFrames_-4.0_2.0_0.0/video.mp4#frame=45
45,RIGHT_HIP,0.5888662338256836,0.3513351082801819,0.05621028691530228,0.9952894449234009,CapturedFrames_-4.0_2.0_0.0/video.mp4#frame=45
45,LEFT_KNEE,0.5704929232597351,0.4275137186050415,-0.0007190845790319145,0.9361776113510132,CapturedFrames_-4.0_2.0_0.0/video.mp4#frame=45
45,RIGHT_KNEE,0.5896458029747009,0.411403626203537,0.14519034326076508,0.23180675506591797,CapturedFrames_-4.0_2.0_0.0/video.mp4#frame=45
45,LEFT_ANKLE,0.5733811855316162,0.5044423937797546,0.07879918068647385,0.9123099446296692,CapturedFrames_-4.0_2.0_0.0/video.mp4#frame=45
45,RIGHT_ANKLE,0.6059548258781433,0.4611963629722595,0.25064975023269653,0.19667859375476837,CapturedFrames_-4.0_2.0_0.0/video.mp4#frame=45
45,LEFT_HEEL,0.5780986547470093,0.5180819034576416,0.08753501623868942,0.9260542988777161,CapturedFrames_-4.0_2.0_0.0/video.mp4#frame=45
45,RIGHT_HEEL,0.6119379997253418,0.4688677489757538,0.26309511065483093,0.39052608609199524,CapturedFrames_-4.0_2.0_0.0/video.mp4#frame=45
45,LEFT_FOOT_INDEX,0.5544027090072632,0.5272709131240845,0.07009942829608917,0.8882179856300354,CapturedFrames_-4.0_2.0_0.0/video.mp4#frame=45
45,RIGHT_FOOT_INDEX,0.6044304370880127,0.46446964144706726,0.26758885383605957,0.30468976497650146,CapturedFrames_-4.0_2.0_0.0/video.mp4#frame=45
46,NOSE,0.5729580521583557,0.171269953250885,-0.08949754387140274,0.997734546661377,CapturedFrames_-4.0_2.0_0.0/video.mp4#frame=46
46,LEFT_EYE_INNER,0.5764387845993042,0.1602289080619812,-0.10348580032587051,0.9982855916023254,CapturedFrames_-4.0_2.0_0.0/video.mp4#frame=46
46,LEFT_EYE,0.5775710940361023,0.16006723046302795,-0.1035066470503807,0.9987655878067017,CapturedFrames_-4.0_2.0_0.0/video.mp4#frame=46
46,LEFT_EYE_OUTER,0.5787440538406372,0.1598528027534485,-0.103545643389225,0.9988007545471191,CapturedFrames_-4.0_2.0_0.0/video.mp4#frame=46
46,RIGHT_EYE_INNER,0.5755840539932251,0.1592993140220642,-0.08450090885162354,0.9967807531356812,CapturedFrames_-4.0_2.0_0.0/video.mp4#frame=46
46,RIGHT_EYE,0.5760592222213745,0.1585235595703125,-0.08449405431747437,0.9970420002937317,CapturedFrames_-4.0_2.0_0.0/video.mp4#frame=46
46,RIGHT_EYE_OUTER,0.5766449570655823,0.15765827894210815,-0.08453862369060516,0.9969683289527893,CapturedFrames_-4.0_2.0_0.0/video.mp4#frame=46
46,LEFT_EAR,0.5866786241531372,0.16354423761367798,-0.13775916397571564,0.998469889163971,CapturedFrames_-4.0_2.0_0.0/video.mp4#frame=46
46,RIGHT_EAR,0.5849911570549011,0.16029217839241028,-0.05161634832620621,0.9958011507987976,CapturedFrames_-4.0_2.0_0.0/video.mp4#frame=46
46,MOUTH_LEFT,0.5772369503974915,0.18026529252529144,-0.09866560250520706,0.9984595775604248,CapturedFrames_-4.0_2.0_0.0/video.mp4#frame=46
46,MOUTH_RIGHT,0.575703501701355,0.17945298552513123,-0.07389045506715775,0.9971508383750916,CapturedFrames_-4.0_2.0_0.0/video.mp4#frame=46
46,LEFT_SHOULDER,0.5924675464630127,0.22465923428535461,-0.17052829265594482,0.9999520778656006,CapturedFrames_-4.0_2.0_0.0/video.mp4#frame=46
46,RIGHT_SHOULDER,0.5974370837211609,0.20888598263263702,0.0055774846114218235,0.997489333152771,CapturedFrames_-4.0_2.0_0.0/video.mp4#frame=46
46,LEFT_ELBOW,0.5911877155303955,0.2944689989089966,-0.19271565973758698,0.9826480746269226,CapturedFrames_-4.0_2.0_0.0/video.mp4#frame=46
46,RIGHT_ELBOW,0.5978567004203796,0.27293848991394043,0.05167042464017868,0.051734134554862976,CapturedFrames_-4.0_2.0_0.0/video.mp4#frame=46
46,LEFT_WRIST,0.5796571373939514,0.3640492856502533,-0.18339215219020844,0.9601491689682007,CapturedFrames_-4.0_2.0_0.0/video.mp4#frame=46
46,RIGHT_WRIST,0.5880218744277954,0.3392186760902405,0.030124491080641747,0.09660179167985916,CapturedFrames_-4.0_2.0_0.0/video.mp4#frame=46
46,LEFT_PINKY,0.5767430663108826,0.3851228952407837,-0.20284268260002136,0.9455305337905884,CapturedFrames_-4.0_2.0_0.0/video.mp4#frame=46
46,RIGHT_PINKY,0.5862565636634827,0.3584235608577728,0.029658740386366844,0.13562269508838654,CapturedFrames_-4.0_2.0_0.0/video.mp4#frame=46
46,LEFT_INDEX,0.5749871134757996,0.3840179145336151,-0.19910113513469696,0.9422763586044312,CapturedFrames_-4.0_2.0_0.0/video.mp4#frame=46
46,RIGHT_INDEX,0.5835698843002319,0.3582074046134949,0.009142055176198483,0.14012376964092255,CapturedFrames_-4.0_2.0_0.0/video.mp4#frame=46
46,LEFT_THUMB,0.5761411786079407,0.376648873090744,-0.18090520799160004,0.9139125943183899,CapturedFrames_-4.0_2.0_0.0/video.mp4#frame=46
46,RIGHT_THUMB,0.5842945575714111,0.3524223566055298,0.020915254950523376,0.1391010731458664,CapturedFrames_-4.0_2.0_0.0/video.mp4#frame=46
46,LEFT_HIP,0.5811131596565247,0.363185852766037,-0.06073109433054924,0.9993436932563782,CapturedFrames_-4.0_2.0_0.0/video.mp4#frame=46
46,RIGHT_HIP,0.5902668833732605,0.34957805275917053,0.0607600137591362,0.9955105781555176,CapturedFrames_-4.0_2.0_0.0/video.mp4#frame=46
46,LEFT_KNEE,0.5650539994239807,0.4294055104255676,0.009153187274932861,0.978281557559967,CapturedFrames_-4.0_2.0_0.0/video.mp4#frame=46
46,RIGHT_KNEE,0.575856626033783,0.4027339816093445,0.1829782873392105,0.2741221785545349,CapturedFrames_-4.0_2.0_0.0/video.mp4#frame=46
46,LEFT_ANKLE,0.5715357065200806,0.5180709958076477,0.08037836849689484,0.9669646620750427,CapturedFrames_-4.0_2.0_0.0/video.mp4#frame=46
46,RIGHT_ANKLE,0.5931000709533691,0.46596890687942505,0.3132503926753998,0.24409592151641846,CapturedFrames_-4.0_2.0_0.0/video.mp4#frame=46
46,LEFT_HEEL,0.5773375034332275,0.5389217734336853,0.08710194379091263,0.929381251335144,CapturedFrames_-4.0_2.0_0.0/video.mp4#frame=46
46,RIGHT_HEEL,0.5996392369270325,0.47138747572898865,0.3276127278804779,0.38525158166885376,CapturedFrames_-4.0_2.0_0.0/video.mp4#frame=46
46,LEFT_FOOT_INDEX,0.5463566780090332,0.529141366481781,0.05117650702595711,0.9522985816001892,CapturedFrames_-4.0_2.0_0.0/video.mp4#frame=46
46,RIGHT_FOOT_INDEX,0.5791898965835571,0.4777710735797882,0.3301256597042084,0.43814995884895325,CapturedFrames_-4.0_2.0_0.0/video.mp4#frame=46
47,NOSE,0.5660556554794312,0.16696512699127197,-0.09448070824146271,0.9993795156478882,CapturedFrames_-4.0_2.0_0.0/video.mp4#frame=47
47,LEFT_EYE_INNER,0.5696285963058472,0.15630626678466797,-0.10633939504623413,0.9994596838951111,CapturedFrames_-4.0_2.0_0.0/video.mp4#frame=47
47,LEFT_EYE,0.5707772374153137,0.15621483325958252,-0.10634364932775497,0.9996058344841003,CapturedFrames_-4.0_2.0_0.0/video.mp4#frame=47
47,LEFT_EYE_OUTER,0.5719084739685059,0.15608492493629456,-0.1063631922006607,0.9996614456176758,CapturedFrames_-4.0_2.0_0.0/video.mp4#frame=47
47,RIGHT_EYE_INNER,0.5687441229820251,0.15559840202331543,-0.08804566413164139,0.9989719390869141,CapturedFrames_-4.0_2.0_0.0/video.mp4#frame=47
47,RIGHT_EYE,0.5692514777183533,0.15490397810935974,-0.08804935961961746,0.9990129470825195,CapturedFrames_-4.0_2.0_0.0/video.mp4#frame=47
47,RIGHT_EYE_OUTER,0.5698317885398865,0.15397429466247559,-0.08808201551437378,0.998977541923523,CapturedFrames_-4.0_2.0_0.0/video.mp4#frame=47
47,LEFT_EAR,0.579389214515686,0.15952181816101074,-0.13443918526172638,0.9994128942489624,CapturedFrames_-4.0_2.0_0.0/video.mp4#frame=47
47,RIGHT_EAR,0.5769716501235962,0.156485915184021,-0.05222780629992485,0.9982940554618835,CapturedFrames_-4.0_2.0_0.0/video.mp4#frame=47
47,MOUTH_LEFT,0.5698497891426086,0.17563240230083466,-0.10236562788486481,0.9993383288383484,CapturedFrames_-4.0_2.0_0.0/video.mp4#frame=47
47,MOUTH_RIGHT,0.568301260471344,0.17517100274562836,-0.07864171266555786,0.9983559250831604,CapturedFrames_-4.0_2.0_0.0/video.mp4#frame=47
47,LEFT_SHOULDER,0.5890401005744934,0.22003942728042603,-0.17028798162937164,0.9999736547470093,CapturedFrames_-4.0_2.0_0.0/video.mp4#frame=47
47,RIGHT_SHOULDER,0.5844777226448059,0.20249100029468536,0.0069295442663133144,0.9979388117790222,CapturedFrames_-4.0_2.0_0.0/video.mp4#frame=47
47,LEFT_ELBOW,0.5846942067146301,0.2950176000595093,-0.20109698176383972,0.9924752116203308,CapturedFrames_-4.0_2.0_0.0/video.mp4#frame=47
47,RIGHT_ELBOW,0.5827875137329102,0.27978160977363586,0.04854218289256096,0.07116054743528366,CapturedFrames_-4.0_2.0_0.0/video.mp4#frame=47
47,LEFT_WRIST,0.5663052201271057,0.3630068004131317,-0.20644573867321014,0.9886464476585388,CapturedFrames_-4.0_2.0_0.0/video.mp4#frame=47
47,RIGHT_WRIST,0.5713920593261719,0.3398805260658264,0.016734255477786064,0.16977955400943756,CapturedFrames_-4.0_2.0_0.0/video.mp4#frame=47
47,LEFT_PINKY,0.5638347864151001,0.383317768573761,-0.2275088131427765,0.9803813099861145,CapturedFrames_-4.0_2.0_0.0/video.mp4#frame=47
47,RIGHT_PINKY,0.5683931708335876,0.3606867790222168,0.015188509598374367,0.22258663177490234,CapturedFrames_-4.0_2.0_0.0/video.mp4#frame=47
47,LEFT_INDEX,0.5610450506210327,0.38156813383102417,-0.2239852398633957,0.9791615009307861,CapturedFrames_-4.0_2.0_0.0/video.mp4#frame=47
47,RIGHT_INDEX,0.5660413503646851,0.36028963327407837,-0.004431567620486021,0.22687262296676636,CapturedFrames_-4.0_2.0_0.0/video.mp4#frame=47
47,LEFT_THUMB,0.561384379863739,0.37517303228378296,-0.20431117713451385,0.9654847979545593,CapturedFrames_-4.0_2.0_0.0/video.mp4#frame=47
47,RIGHT_THUMB,0.5672553777694702,0.3529599606990814,0.007603048346936703,0.2224888652563095,CapturedFrames_-4.0_2.0_0.0/video.mp4#frame=47
47,LEFT_HIP,0.5825034976005554,0.34872162342071533,-0.06362324208021164,0.9993606209754944,CapturedFrames_-4.0_2.0_0.0/video.mp4#frame=47
47,RIGHT_HIP,0.5798193216323853,0.3374306857585907,0.06366231292486191,0.9970683455467224,CapturedFrames_-4.0_2.0_0.0/video.mp4#frame=47
47,LEFT_KNEE,0.5591140985488892,0.41849610209465027,-0.04234250634908676,0.9752895832061768,CapturedFrames_-4.0_2.0_0.0/video.mp4#frame=47
47,RIGHT_KNEE,0.5593702793121338,0.39212992787361145,0.11940022557973862,0.47363147139549255,CapturedFrames_-4.0_2.0_0.0/video.mp4#frame=47
47,LEFT_ANKLE,0.5714499354362488,0.5057767629623413,0.006172075401991606,0.9737901091575623,CapturedFrames_-4.0_2.0_0.0/video.mp4#frame=47
47,RIGHT_ANKLE,0.5795952677726746,0.4634297788143158,0.2242332398891449,0.37967514991760254,CapturedFrames_-4.0_2.0_0.0/video.mp4#frame=47
47,LEFT_HEEL,0.5775493383407593,0.5273321866989136,0.010271680541336536,0.9438337087631226,CapturedFrames_-4.0_2.0_0.0/video.mp4#frame=47
47,RIGHT_HEEL,0.5889403223991394,0.4711317718029022,0.23523278534412384,0.4799274206161499,CapturedFrames_-4.0_2.0_0.0/video.mp4#frame=47
47,LEFT_FOOT_INDEX,0.5495558977127075,0.5255159735679626,-0.02844717726111412,0.9681380987167358,CapturedFrames_-4.0_2.0_0.0/video.mp4#frame=47
47,RIGHT_FOOT_INDEX,0.5690860152244568,0.4843170940876007,0.23745858669281006,0.5591643452644348,CapturedFrames_-4.0_2.0_0.0/video.mp4#frame=47
48,NOSE,0.555773138999939,0.16276097297668457,-0.10801254212856293,0.9972124695777893,CapturedFrames_-4.0_2.0_0.0/video.mp4#frame=48
48,LEFT_EYE_INNER,0.5595704913139343,0.15202540159225464,-0.12017830461263657,0.9972423315048218,CapturedFrames_-4.0_2.0_0.0/video.mp4#frame=48
48,LEFT_EYE,0.5608178377151489,0.15184125304222107,-0.12019658088684082,0.998021125793457,CapturedFrames_-4.0_2.0_0.0/video.mp4#frame=48
48,LEFT_EYE_OUTER,0.5620822906494141,0.15162816643714905,-0.12022648006677628,0.9983649849891663,CapturedFrames_-4.0_2.0_0.0/video.mp4#frame=48
48,RIGHT_EYE_INNER,0.5585154891014099,0.1517716348171234,-0.10177060216665268,0.9953271150588989,CapturedFrames_-4.0_2.0_0.0/video.mp4#frame=48
48,RIGHT_EYE,0.5589452385902405,0.1513494849205017,-0.10177107155323029,0.9954401254653931,CapturedFrames_-4.0_2.0_0.0/video.mp4#frame=48
48,RIGHT_EYE_OUTER,0.5595073699951172,0.15077975392341614,-0.10181309282779694,0.9952337145805359,CapturedFrames_-4.0_2.0_0.0/video.mp4#frame=48
48,LEFT_EAR,0.5699617266654968,0.15509659051895142,-0.14729365706443787,0.9975739121437073,CapturedFrames_-4.0_2.0_0.0/video.mp4#frame=48
48,RIGHT_EAR,0.5668880343437195,0.1522081196308136,-0.06454730033874512,0.9916635751724243,CapturedFrames_-4.0_2.0_0.0/video.mp4#frame=48
48,MOUTH_LEFT,0.5603710412979126,0.1721848100423813,-0.1157224029302597,0.9974180459976196,CapturedFrames_-4.0_2.0_0.0/video.mp4#frame=48
48,MOUTH_RIGHT,0.5586528182029724,0.17182302474975586,-0.09181173890829086,0.9936417937278748,CapturedFrames_-4.0_2.0_0.0/video.mp4#frame=48
48,LEFT_SHOULDER,0.5802255868911743,0.2140924632549286,-0.18323443830013275,0.9999487400054932,CapturedFrames_-4.0_2.0_0.0/video.mp4#frame=48
48,RIGHT_SHOULDER,0.5775238871574402,0.1972949504852295,-0.0029622637666761875,0.9962434768676758,CapturedFrames_-4.0_2.0_0.0/video.mp4#frame=48
48,LEFT_ELBOW,0.5734182596206665,0.29322752356529236,-0.2108270823955536,0.9922155737876892,CapturedFrames_-4.0_2.0_0.0/video.mp4#frame=48
48,RIGHT_ELBOW,0.5760591626167297,0.27784043550491333,0.03527450188994408,0.04110363870859146,CapturedFrames_-4.0_2.0_0.0/video.mp4#frame=48
48,LEFT_WRIST,0.5503599047660828,0.3569164574146271,-0.20685751736164093,0.9840643405914307,CapturedFrames_-4.0_2.0_0.0/video.mp4#frame=48
48,RIGHT_WRIST,0.5653804540634155,0.3333011865615845,0.005179309286177158,0.09469681233167648,CapturedFrames_-4.0_2.0_0.0/video.mp4#frame=48
48,LEFT_PINKY,0.5463366508483887,0.3775719404220581,-0.2284969985485077,0.9705487489700317,CapturedFrames_-4.0_2.0_0.0/video.mp4#frame=48
48,RIGHT_PINKY,0.556761622428894,0.36452677845954895,0.0031788176856935024,0.12170480936765671,CapturedFrames_-4.0_2.0_0.0/video.mp4#frame=48
48,LEFT_INDEX,0.5445857644081116,0.37632322311401367,-0.22513432800769806,0.9690283536911011,CapturedFrames_-4.0_2.0_0.0/video.mp4#frame=48
48,RIGHT_INDEX,0.5558904409408569,0.36706650257110596,-0.017053620889782906,0.12296198308467865,CapturedFrames_-4.0_2.0_0.0/video.mp4#frame=48
48,LEFT_THUMB,0.5456618666648865,0.3707963824272156,-0.20485451817512512,0.9479292631149292,CapturedFrames_-4.0_2.0_0.0/video.mp4#frame=48
48,RIGHT_THUMB,0.5575029253959656,0.3630230724811554,-0.004338803235441446,0.12253862619400024,CapturedFrames_-4.0_2.0_0.0/video.mp4#frame=48
48,LEFT_HIP,0.5767355561256409,0.3489150404930115,-0.059260446578264236,0.999002993106842,CapturedFrames_-4.0_2.0_0.0/video.mp4#frame=48
48,RIGHT_HIP,0.5703631639480591,0.33681076765060425,0.05926786735653877,0.9957554340362549,CapturedFrames_-4.0_2.0_0.0/video.mp4#frame=48
48,LEFT_KNEE,0.5599202513694763,0.4284234046936035,-0.025445759296417236,0.9741407036781311,CapturedFrames_-4.0_2.0_0.0/video.mp4#frame=48
48,RIGHT_KNEE,0.542357325553894,0.39141327142715454,0.11542870849370956,0.4996594190597534,CapturedFrames_-4.0_2.0_0.0/video.mp4#frame=48
48,LEFT_ANKLE,0.5707861185073853,0.5119301080703735,0.034014251083135605,0.967047393321991,CapturedFrames_-4.0_2.0_0.0/video.mp4#frame=48
48,RIGHT_ANKLE,0.5613620281219482,0.4642026126384735,0.22324016690254211,0.4223819971084595,CapturedFrames_-4.0_2.0_0.0/video.mp4#frame=48
48,LEFT_HEEL,0.5772754549980164,0.5286740064620972,0.038342446088790894,0.9099063873291016,CapturedFrames_-4.0_2.0_0.0/video.mp4#frame=48
48,RIGHT_HEEL,0.5667307376861572,0.48093587160110474,0.2337607592344284,0.49731311202049255,CapturedFrames_-4.0_2.0_0.0/video.mp4#frame=48
48,LEFT_FOOT_INDEX,0.5459972023963928,0.5262081623077393,-0.004988542292267084,0.9500001668930054,CapturedFrames_-4.0_2.0_0.0/video.mp4#frame=48
48,RIGHT_FOOT_INDEX,0.5455995798110962,0.4927719831466675,0.22859342396259308,0.5779474377632141,CapturedFrames_-4.0_2.0_0.0/video.mp4#frame=48
49,NOSE,0.5485028624534607,0.16330306231975555,-0.08591292798519135,0.9944849610328674,CapturedFrames_-4.0_2.0_0.0/video.mp4#frame=49
49,LEFT_EYE_INNER,0.5519383549690247,0.1521308720111847,-0.09817813336849213,0.993707537651062,CapturedFrames_-4.0_2.0_0.0/video.mp4#frame=49
49,LEFT_EYE,0.5530357956886292,0.1518447995185852,-0.09818946570158005,0.9951935410499573,CapturedFrames_-4.0_2.0_0.0/video.mp4#frame=49
49,LEFT_EYE_OUTER,0.5541428327560425,0.15151754021644592,-0.09820274263620377,0.9955150485038757,CapturedFrames_-4.0_2.0_0.0/video.mp4#frame=49
49,RIGHT_EYE_INNER,0.550804615020752,0.1515921950340271,-0.07942426204681396,0.9900370836257935,CapturedFrames_-4.0_2.0_0.0/video.mp4#frame=49
49,RIGHT_EYE,0.5511617064476013,0.15100044012069702,-0.07939709722995758,0.9899353384971619,CapturedFrames_-4.0_2.0_0.0/video.mp4#frame=49
49,RIGHT_EYE_OUTER,0.5516012907028198,0.15032655000686646,-0.0794280469417572,0.9888086915016174,CapturedFrames_-4.0_2.0_0.0/video.mp4#frame=49
49,LEFT_EAR,0.5622022747993469,0.15436461567878723,-0.12670768797397614,0.9946818947792053,CapturedFrames_-4.0_2.0_0.0/video.mp4#frame=49
49,RIGHT_EAR,0.5588765740394592,0.151492178440094,-0.04167698696255684,0.9840458631515503,CapturedFrames_-4.0_2.0_0.0/video.mp4#frame=49
49,MOUTH_LEFT,0.5529913902282715,0.17148567736148834,-0.0945332795381546,0.9932385683059692,CapturedFrames_-4.0_2.0_0.0/video.mp4#frame=49
49,MOUTH_RIGHT,0.5514503121376038,0.17114193737506866,-0.07001561671495438,0.9856365919113159,CapturedFrames_-4.0_2.0_0.0/video.mp4#frame=49
49,LEFT_SHOULDER,0.571581244468689,0.21269282698631287,-0.16995245218276978,0.999756395816803,CapturedFrames_-4.0_2.0_0.0/video.mp4#frame=49
49,RIGHT_SHOULDER,0.5699290037155151,0.19656482338905334,0.017440572381019592,0.9940570592880249,CapturedFrames_-4.0_2.0_0.0/video.mp4#frame=49
49,LEFT_ELBOW,0.5610203146934509,0.2894270122051239,-0.1938549280166626,0.987930178642273,CapturedFrames_-4.0_2.0_0.0/video.mp4#frame=49
49,RIGHT_ELBOW,0.5666460394859314,0.2726457118988037,0.050588976591825485,0.037631481885910034,CapturedFrames_-4.0_2.0_0.0/video.mp4#frame=49
49,LEFT_WRIST,0.536464273929596,0.34540316462516785,-0.16757366061210632,0.9624302983283997,CapturedFrames_-4.0_2.0_0.0/video.mp4#frame=49
49,RIGHT_WRIST,0.5525570511817932,0.32444828748703003,0.012694088742136955,0.0772637352347374,CapturedFrames_-4.0_2.0_0.0/video.mp4#frame=49
49,LEFT_PINKY,0.5316216349601746,0.35827162861824036,-0.18542850017547607,0.9331022500991821,CapturedFrames_-4.0_2.0_0.0/video.mp4#frame=49
49,RIGHT_PINKY,0.5487006902694702,0.33760857582092285,0.010035542771220207,0.09336859732866287,CapturedFrames_-4.0_2.0_0.0/video.mp4#frame=49
49,LEFT_INDEX,0.5305971503257751,0.3558308780193329,-0.18169206380844116,0.9295250177383423,CapturedFrames_-4.0_2.0_0.0/video.mp4#frame=49
49,RIGHT_INDEX,0.5484710931777954,0.334917813539505,-0.009432513266801834,0.09362845867872238,CapturedFrames_-4.0_2.0_0.0/video.mp4#frame=49
49,LEFT_THUMB,0.5322239398956299,0.3519512712955475,-0.16496476531028748,0.898127019405365,CapturedFrames_-4.0_2.0_0.0/video.mp4#frame=49
49,RIGHT_THUMB,0.547282338142395,0.3446807563304901,0.002917596837505698,0.09768319875001907,CapturedFrames_-4.0_2.0_0.0/video.mp4#frame=49
49,LEFT_HIP,0.5680041313171387,0.3440176844596863,-0.06084827333688736,0.9971707463264465,CapturedFrames_-4.0_2.0_0.0/video.mp4#frame=49
49,RIGHT_HIP,0.5609195232391357,0.33756378293037415,0.06090027838945389,0.9948398470878601,CapturedFrames_-4.0_2.0_0.0/video.mp4#frame=49
49,LEFT_KNEE,0.5599700808525085,0.4324416220188141,-0.041806723922491074,0.9893310070037842,CapturedFrames_-4.0_2.0_0.0/video.mp4#frame=49
49,RIGHT_KNEE,0.5279128551483154,0.38703158497810364,0.07618863880634308,0.8396569490432739,CapturedFrames_-4.0_2.0_0.0/video.mp4#frame=49
49,LEFT_ANKLE,0.5668555498123169,0.5086082220077515,0.02498655579984188,0.9833208322525024,CapturedFrames_-4.0_2.0_0.0/video.mp4#frame=49
49,RIGHT_ANKLE,0.5473744869232178,0.46576979756355286,0.17450426518917084,0.7596054673194885,CapturedFrames_-4.0_2.0_0.0/video.mp4#frame=49
49,LEFT_HEEL,0.5734955072402954,0.5261655449867249,0.029368320479989052,0.921666145324707,CapturedFrames_-4.0_2.0_0.0/video.mp4#frame=49
49,RIGHT_HEEL,0.5543351769447327,0.48277124762535095,0.18297253549098969,0.7912335991859436,CapturedFrames_-4.0_2.0_0.0/video.mp4#frame=49
49,LEFT_FOOT_INDEX,0.5407446622848511,0.5260022878646851,-0.019497079774737358,0.9643899202346802,CapturedFrames_-4.0_2.0_0.0/video.mp4#frame=49
49,RIGHT_FOOT_INDEX,0.5252248048782349,0.49140024185180664,0.17086926102638245,0.7821807265281677,CapturedFrames_-4.0_2.0_0.0/video.mp4#frame=49
50,NOSE,0.5403702259063721,0.1596812903881073,-0.08372978866100311,0.9986158609390259,CapturedFrames_-4.0_2.0_0.0/video.mp4#frame=50
50,LEFT_EYE_INNER,0.5436728596687317,0.14980681240558624,-0.09499315917491913,0.9982931017875671,CapturedFrames_-4.0_2.0_0.0/video.mp4#frame=50
50,LEFT_EYE,0.5447142720222473,0.1495649218559265,-0.09500186890363693,0.9986295700073242,CapturedFrames_-4.0_2.0_0.0/video.mp4#frame=50
50,LEFT_EYE_OUTER,0.5459305047988892,0.14944805204868317,-0.09499762207269669,0.9987226128578186,CapturedFrames_-4.0_2.0_0.0/video.mp4#frame=50
50,RIGHT_EYE_INNER,0.542838454246521,0.14949527382850647,-0.07745858281850815,0.9978808164596558,CapturedFrames_-4.0_2.0_0.0/video.mp4#frame=50
50,RIGHT_EYE,0.5432098507881165,0.1490323841571808,-0.07744720578193665,0.998001754283905,CapturedFrames_-4.0_2.0_0.0/video.mp4#frame=50
50,RIGHT_EYE_OUTER,0.5436844229698181,0.1486048400402069,-0.07747377455234528,0.9978137016296387,CapturedFrames_-4.0_2.0_0.0/video.mp4#frame=50
50,LEFT_EAR,0.5536178946495056,0.15404871106147766,-0.12133558094501495,0.9982178807258606,CapturedFrames_-4.0_2.0_0.0/video.mp4#frame=50
50,RIGHT_EAR,0.5506736040115356,0.1514900028705597,-0.04201571270823479,0.9960527420043945,CapturedFrames_-4.0_2.0_0.0/video.mp4#frame=50
50,MOUTH_LEFT,0.5440500974655151,0.16971759498119354,-0.0920531153678894,0.9981306195259094,CapturedFrames_-4.0_2.0_0.0/video.mp4#frame=50
50,MOUTH_RIGHT,0.5425494313240051,0.1691887080669403,-0.06913808733224869,0.9962789416313171,CapturedFrames_-4.0_2.0_0.0/video.mp4#frame=50
50,LEFT_SHOULDER,0.562294602394104,0.21218422055244446,-0.15804973244667053,0.9998397827148438,CapturedFrames_-4.0_2.0_0.0/video.mp4#frame=50
50,RIGHT_SHOULDER,0.5612004995346069,0.19764640927314758,0.014459758996963501,0.9976158142089844,CapturedFrames_-4.0_2.0_0.0/video.mp4#frame=50
50,LEFT_ELBOW,0.5481783151626587,0.2893047332763672,-0.16914036870002747,0.9911881685256958,CapturedFrames_-4.0_2.0_0.0/video.mp4#frame=50
50,RIGHT_ELBOW,0.5514361262321472,0.2747259736061096,0.04097198322415352,0.05051565542817116,CapturedFrames_-4.0_2.0_0.0/video.mp4#frame=50
50,LEFT_WRIST,0.525209903717041,0.3370990753173828,-0.13985371589660645,0.9679160714149475,CapturedFrames_-4.0_2.0_0.0/video.mp4#frame=50
50,RIGHT_WRIST,0.5410279035568237,0.3220519721508026,0.005847839172929525,0.09417732059955597,CapturedFrames_-4.0_2.0_0.0/video.mp4#frame=50
50,LEFT_PINKY,0.5205720067024231,0.3511408865451813,-0.15522949397563934,0.9361648559570312,CapturedFrames_-4.0_2.0_0.0/video.mp4#frame=50
50,RIGHT_PINKY,0.534254252910614,0.33522310853004456,0.003260799217969179,0.0977894589304924,CapturedFrames_-4.0_2.0_0.0/video.mp4#frame=50
50,LEFT_INDEX,0.5189543962478638,0.3492276966571808,-0.1536943018436432,0.9332975149154663,CapturedFrames_-4.0_2.0_0.0/video.mp4#frame=50
50,RIGHT_INDEX,0.5346598029136658,0.33345821499824524,-0.013989640399813652,0.09786533564329147,CapturedFrames_-4.0_2.0_0.0/video.mp4#frame=50
50,LEFT_THUMB,0.5202354192733765,0.34471288323402405,-0.1382487565279007,0.8995792269706726,CapturedFrames_-4.0_2.0_0.0/video.mp4#frame=50
50,RIGHT_THUMB,0.5380536913871765,0.3302214443683624,-0.0030184772331267595,0.10228303074836731,CapturedFrames_-4.0_2.0_0.0/video.mp4#frame=50
50,LEFT_HIP,0.5621544122695923,0.3422433137893677,-0.053434282541275024,0.9982490539550781,CapturedFrames_-4.0_2.0_0.0/video.mp4#frame=50
50,RIGHT_HIP,0.5520773530006409,0.3319472670555115,0.05342782661318779,0.9970299005508423,CapturedFrames_-4.0_2.0_0.0/video.mp4#frame=50
50,LEFT_KNEE,0.5600809454917908,0.431846022605896,-0.044787611812353134,0.9968388080596924,CapturedFrames_-4.0_2.0_0.0/video.mp4#frame=50
50,RIGHT_KNEE,0.5181423425674438,0.3850933611392975,0.07968222349882126,0.941443920135498,CapturedFrames_-4.0_2.0_0.0/video.mp4#frame=50
50,LEFT_ANKLE,0.5718112587928772,0.5131072402000427,0.006948253605514765,0.9955694079399109,CapturedFrames_-4.0_2.0_0.0/video.mp4#frame=50
50,RIGHT_ANKLE,0.5254961848258972,0.46254026889801025,0.1756010204553604,0.9358299970626831,CapturedFrames_-4.0_2.0_0.0/video.mp4#frame=50
50,LEFT_HEEL,0.5774239301681519,0.5292439460754395,0.009004523977637291,0.9536920189857483,CapturedFrames_-4.0_2.0_0.0/video.mp4#frame=50
50,RIGHT_HEEL,0.5284513235092163,0.4801490306854248,0.18300622701644897,0.9076047539710999,CapturedFrames_-4.0_2.0_0.0/video.mp4#frame=50
50,LEFT_FOOT_INDEX,0.5478447079658508,0.5261213779449463,-0.04590107873082161,0.9894866943359375,CapturedFrames_-4.0_2.0_0.0/video.mp4#frame=50
50,RIGHT_FOOT_INDEX,0.49958547949790955,0.4774538576602936,0.16470633447170258,0.9369484186172485,CapturedFrames_-4.0_2.0_0.0/video.mp4#frame=50
51,NOSE,0.5302868485450745,0.1604299694299698,-0.0980510488152504,0.9947817921638489,CapturedFrames_-4.0_2.0_0.0/video.mp4#frame=51
51,LEFT_EYE_INNER,0.5336764454841614,0.1500025987625122,-0.11080534756183624,0.9947319030761719,CapturedFrames_-4.0_2.0_0.0/video.mp4#frame=51
51,LEFT_EYE,0.5348480939865112,0.15000584721565247,-0.1108144074678421,0.9954772591590881,CapturedFrames_-4.0_2.0_0.0/video.mp4#frame=51
51,LEFT_EYE_OUTER,0.5361225008964539,0.14997705817222595,-0.11082484573125839,0.9953402280807495,CapturedFrames_-4.0_2.0_0.0/video.mp4#frame=51
51,RIGHT_EYE_INNER,0.5326933860778809,0.14932739734649658,-0.09158442169427872,0.9924091100692749,CapturedFrames_-4.0_2.0_0.0/video.mp4#frame=51
51,RIGHT_EYE,0.5330849289894104,0.14879858493804932,-0.0915636196732521,0.9927560687065125,CapturedFrames_-4.0_2.0_0.0/video.mp4#frame=51
51,RIGHT_EYE_OUTER,0.5336065292358398,0.14817291498184204,-0.09158339351415634,0.9918195009231567,CapturedFrames_-4.0_2.0_0.0/video.mp4#frame=51
51,LEFT_EAR,0.5437945127487183,0.15319950878620148,-0.14244380593299866,0.9940627217292786,CapturedFrames_-4.0_2.0_0.0/video.mp4#frame=51
51,RIGHT_EAR,0.5410034656524658,0.14989665150642395,-0.0547979474067688,0.9848864674568176,CapturedFrames_-4.0_2.0_0.0/video.mp4#frame=51
51,MOUTH_LEFT,0.5346288084983826,0.16959121823310852,-0.10794439166784286,0.9938819408416748,CapturedFrames_-4.0_2.0_0.0/video.mp4#frame=51
51,MOUTH_RIGHT,0.5330194234848022,0.16874916851520538,-0.08270782977342606,0.9896298050880432,CapturedFrames_-4.0_2.0_0.0/video.mp4#frame=51
51,LEFT_SHOULDER,0.5533627271652222,0.21327655017375946,-0.18403586745262146,0.9996852874755859,CapturedFrames_-4.0_2.0_0.0/video.mp4#frame=51
51,RIGHT_SHOULDER,0.5554208159446716,0.19555750489234924,0.004831959493458271,0.9975051283836365,CapturedFrames_-4.0_2.0_0.0/video.mp4#frame=51
51,LEFT_ELBOW,0.537518322467804,0.2903410494327545,-0.20196585357189178,0.9884158372879028,CapturedFrames_-4.0_2.0_0.0/video.mp4#frame=51
51,RIGHT_ELBOW,0.5524729490280151,0.2675434350967407,0.035872649401426315,0.05431779474020004,CapturedFrames_-4.0_2.0_0.0/video.mp4#frame=51
51,LEFT_WRIST,0.5118414163589478,0.3296852707862854,-0.16570842266082764,0.953685462474823,CapturedFrames_-4.0_2.0_0.0/video.mp4#frame=51
51,RIGHT_WRIST,0.5476628541946411,0.31240135431289673,0.0017768570687621832,0.05303620174527168,CapturedFrames_-4.0_2.0_0.0/video.mp4#frame=51
51,LEFT_PINKY,0.5067576766014099,0.3429340422153473,-0.18381595611572266,0.9123044013977051,CapturedFrames_-4.0_2.0_0.0/video.mp4#frame=51
51,RIGHT_PINKY,0.5409356355667114,0.3384133279323578,0.0005902076372876763,0.05924377590417862,CapturedFrames_-4.0_2.0_0.0/video.mp4#frame=51
51,LEFT_INDEX,0.5050002932548523,0.3411007523536682,-0.17748060822486877,0.9107722640037537,CapturedFrames_-4.0_2.0_0.0/video.mp4#frame=51
51,RIGHT_INDEX,0.5443890690803528,0.3245210349559784,-0.018501628190279007,0.05991961434483528,CapturedFrames_-4.0_2.0_0.0/video.mp4#frame=51
51,LEFT_THUMB,0.5064530372619629,0.33700403571128845,-0.16224777698516846,0.8692435622215271,CapturedFrames_-4.0_2.0_0.0/video.mp4#frame=51
51,RIGHT_THUMB,0.5453956127166748,0.3213045299053192,-0.0077822571620345116,0.06199105083942413,CapturedFrames_-4.0_2.0_0.0/video.mp4#frame=51
51,LEFT_HIP,0.553755521774292,0.3422126770019531,-0.06016623228788376,0.9984083771705627,CapturedFrames_-4.0_2.0_0.0/video.mp4#frame=51
51,RIGHT_HIP,0.5471572875976562,0.33061715960502625,0.06012324243783951,0.9987519979476929,CapturedFrames_-4.0_2.0_0.0/video.mp4#frame=51
51,LEFT_KNEE,0.5571673512458801,0.4298921227455139,-0.011302555911242962,0.9968264102935791,CapturedFrames_-4.0_2.0_0.0/video.mp4#frame=51
51,RIGHT_KNEE,0.5137497186660767,0.3917325437068939,0.06056637316942215,0.9538570642471313,CapturedFrames_-4.0_2.0_0.0/video.mp4#frame=51
51,LEFT_ANKLE,0.5727348327636719,0.5127931833267212,0.09005837887525558,0.9952261447906494,CapturedFrames_-4.0_2.0_0.0/video.mp4#frame=51
51,RIGHT_ANKLE,0.5103883147239685,0.4661625325679779,0.13476774096488953,0.9544885158538818,CapturedFrames_-4.0_2.0_0.0/video.mp4#frame=51
51,LEFT_HEEL,0.5774123668670654,0.5257067084312439,0.0978231281042099,0.9510182738304138,CapturedFrames_-4.0_2.0_0.0/video.mp4#frame=51
51,RIGHT_HEEL,0.513452410697937,0.4843900799751282,0.13971363008022308,0.9259045124053955,CapturedFrames_-4.0_2.0_0.0/video.mp4#frame=51
51,LEFT_FOOT_INDEX,0.5449599623680115,0.5224778652191162,0.045170240104198456,0.9869512319564819,CapturedFrames_-4.0_2.0_0.0/video.mp4#frame=51
51,RIGHT_FOOT_INDEX,0.48199957609176636,0.4740862548351288,0.11002911627292633,0.9472374320030212,CapturedFrames_-4.0_2.0_0.0/video.mp4#frame=51
52,NOSE,0.5212962031364441,0.16227301955223083,-0.08632709830999374,0.9987645149230957,CapturedFrames_-4.0_2.0_0.0/video.mp4#frame=52
52,LEFT_EYE_INNER,0.5249951481819153,0.15231342613697052,-0.09889204055070877,0.998908519744873,CapturedFrames_-4.0_2.0_0.0/video.mp4#frame=52
52,LEFT_EYE,0.5259203314781189,0.1523859053850174,-0.0989050641655922,0.9990326166152954,CapturedFrames_-4.0_2.0_0.0/video.mp4#frame=52
52,LEFT_EYE_OUTER,0.5268473625183105,0.15241286158561707,-0.09891363978385925,0.9990027546882629,CapturedFrames_-4.0_2.0_0.0/video.mp4#frame=52
52,RIGHT_EYE_INNER,0.5241102576255798,0.1512908935546875,-0.08126481622457504,0.9983489513397217,CapturedFrames_-4.0_2.0_0.0/video.mp4#frame=52
52,RIGHT_EYE,0.5245199799537659,0.15066762268543243,-0.08124567568302155,0.9983304142951965,CapturedFrames_-4.0_2.0_0.0/video.mp4#frame=52
52,RIGHT_EYE_OUTER,0.525006890296936,0.14990168809890747,-0.08126738667488098,0.9980812072753906,CapturedFrames_-4.0_2.0_0.0/video.mp4#frame=52
52,LEFT_EAR,0.5344346165657043,0.15545101463794708,-0.13075020909309387,0.9987801909446716,CapturedFrames_-4.0_2.0_0.0/video.mp4#frame=52
52,RIGHT_EAR,0.532537579536438,0.15182434022426605,-0.05029769986867905,0.9966482520103455,CapturedFrames_-4.0_2.0_0.0/video.mp4#frame=52
52,MOUTH_LEFT,0.5253221392631531,0.1713636815547943,-0.09591486304998398,0.9987704157829285,CapturedFrames_-4.0_2.0_0.0/video.mp4#frame=52
52,MOUTH_RIGHT,0.5241929292678833,0.17030884325504303,-0.07285674661397934,0.9976890087127686,CapturedFrames_-4.0_2.0_0.0/video.mp4#frame=52
52,LEFT_SHOULDER,0.5449742674827576,0.21080738306045532,-0.16836926341056824,0.9999206066131592,CapturedFrames_-4.0_2.0_0.0/video.mp4#frame=52
52,RIGHT_SHOULDER,0.5466789603233337,0.19638364017009735,0.004170041531324387,0.9990181922912598,CapturedFrames_-4.0_2.0_0.0/video.mp4#frame=52
52,LEFT_ELBOW,0.5295848846435547,0.28431737422943115,-0.18177637457847595,0.992334246635437,CapturedFrames_-4.0_2.0_0.0/video.mp4#frame=52
52,RIGHT_ELBOW,0.5534021854400635,0.26486966013908386,0.047874704003334045,0.23705439269542694,CapturedFrames_-4.0_2.0_0.0/video.mp4#frame=52
52,LEFT_WRIST,0.5040446519851685,0.31584542989730835,-0.15649747848510742,0.9797035455703735,CapturedFrames_-4.0_2.0_0.0/video.mp4#frame=52
52,RIGHT_WRIST,0.5535207986831665,0.31493955850601196,0.03157677873969078,0.2036207914352417,CapturedFrames_-4.0_2.0_0.0/video.mp4#frame=52
52,LEFT_PINKY,0.49515944719314575,0.3282376527786255,-0.17335502803325653,0.9625653624534607,CapturedFrames_-4.0_2.0_0.0/video.mp4#frame=52
52,RIGHT_PINKY,0.5572336316108704,0.33398541808128357,0.03039412759244442,0.19673144817352295,CapturedFrames_-4.0_2.0_0.0/video.mp4#frame=52
52,LEFT_INDEX,0.4931008219718933,0.32511991262435913,-0.16915565729141235,0.9631796479225159,CapturedFrames_-4.0_2.0_0.0/video.mp4#frame=52
52,RIGHT_INDEX,0.5554366707801819,0.32946377992630005,0.01413908414542675,0.20185454189777374,CapturedFrames_-4.0_2.0_0.0/video.mp4#frame=52
52,LEFT_THUMB,0.4957277178764343,0.3209614157676697,-0.15357524156570435,0.9403813481330872,CapturedFrames_-4.0_2.0_0.0/video.mp4#frame=52
52,RIGHT_THUMB,0.5540503263473511,0.32284027338027954,0.023646999150514603,0.18734605610370636,CapturedFrames_-4.0_2.0_0.0/video.mp4#frame=52
52,LEFT_HIP,0.5463311672210693,0.3406801223754883,-0.057235997170209885,0.999276340007782,CapturedFrames_-4.0_2.0_0.0/video.mp4#frame=52
52,RIGHT_HIP,0.5398309230804443,0.33085206151008606,0.057146765291690826,0.9988699555397034,CapturedFrames_-4.0_2.0_0.0/video.mp4#frame=52
52,LEFT_KNEE,0.5551087856292725,0.42793503403663635,0.0027991451788693666,0.9986628293991089,CapturedFrames_-4.0_2.0_0.0/video.mp4#frame=52
52,RIGHT_KNEE,0.50862717628479,0.39633670449256897,0.10064269602298737,0.957695722579956,CapturedFrames_-4.0_2.0_0.0/video.mp4#frame=52
52,LEFT_ANKLE,0.5724188089370728,0.511894702911377,0.10145813226699829,0.9970705509185791,CapturedFrames_-4.0_2.0_0.0/video.mp4#frame=52
52,RIGHT_ANKLE,0.4955054223537445,0.47207361459732056,0.17498356103897095,0.9647437334060669,CapturedFrames_-4.0_2.0_0.0/video.mp4#frame=52
52,LEFT_HEEL,0.5786226391792297,0.5274336338043213,0.10973311960697174,0.9700480699539185,CapturedFrames_-4.0_2.0_0.0/video.mp4#frame=52
52,RIGHT_HEEL,0.49757832288742065,0.494751513004303,0.18010646104812622,0.9228662848472595,CapturedFrames_-4.0_2.0_0.0/video.mp4#frame=52
52,LEFT_FOOT_INDEX,0.544099748134613,0.5231133699417114,0.062357205897569656,0.9932885766029358,CapturedFrames_-4.0_2.0_0.0/video.mp4#frame=52
52,RIGHT_FOOT_INDEX,0.46793752908706665,0.46869567036628723,0.15431027114391327,0.9645069241523743,CapturedFrames_-4.0_2.0_0.0/video.mp4#frame=52
53,NOSE,0.512382984161377,0.16478939354419708,-0.07369562983512878,0.9998511075973511,CapturedFrames_-4.0_2.0_0.0/video.mp4#frame=53
53,LEFT_EYE_INNER,0.5145758986473083,0.1545793116092682,-0.08673934638500214,0.9998660087585449,CapturedFrames_-4.0_2.0_0.0/video.mp4#frame=53
53,LEFT_EYE,0.5154634714126587,0.1542980670928955,-0.08673768490552902,0.9998608827590942,CapturedFrames_-4.0_2.0_0.0/video.mp4#frame=53
53,LEFT_EYE_OUTER,0.516351580619812,0.15403978526592255,-0.08672785013914108,0.9998785257339478,CapturedFrames_-4.0_2.0_0.0/video.mp4#frame=53
53,RIGHT_EYE_INNER,0.5143872499465942,0.15428775548934937,-0.07034003734588623,0.9998334646224976,CapturedFrames_-4.0_2.0_0.0/video.mp4#frame=53
53,RIGHT_EYE,0.5151263475418091,0.15375474095344543,-0.07033521682024002,0.999821126461029,CapturedFrames_-4.0_2.0_0.0/video.mp4#frame=53
53,RIGHT_EYE_OUTER,0.5159467458724976,0.15309803187847137,-0.07034270465373993,0.9998283386230469,CapturedFrames_-4.0_2.0_0.0/video.mp4#frame=53
53,LEFT_EAR,0.5237312912940979,0.15688586235046387,-0.11686241626739502,0.9998140931129456,CapturedFrames_-4.0_2.0_0.0/video.mp4#frame=53
53,RIGHT_EAR,0.5235673785209656,0.1551462560892105,-0.042242951691150665,0.9997095465660095,CapturedFrames_-4.0_2.0_0.0/video.mp4#frame=53
53,MOUTH_LEFT,0.5157116651535034,0.1734405755996704,-0.0822008028626442,0.999861478805542,CapturedFrames_-4.0_2.0_0.0/video.mp4#frame=53
53,MOUTH_RIGHT,0.5152181386947632,0.17325447499752045,-0.06070120260119438,0.9997468590736389,CapturedFrames_-4.0_2.0_0.0/video.mp4#frame=53
53,LEFT_SHOULDER,0.5336345434188843,0.20992526412010193,-0.15363776683807373,0.9999860525131226,CapturedFrames_-4.0_2.0_0.0/video.mp4#frame=53
53,RIGHT_SHOULDER,0.5403609275817871,0.20548731088638306,0.013050200417637825,0.9997515082359314,CapturedFrames_-4.0_2.0_0.0/video.mp4#frame=53
53,LEFT_ELBOW,0.5187224745750427,0.2809004783630371,-0.17971272766590118,0.9953824877738953,CapturedFrames_-4.0_2.0_0.0/video.mp4#frame=53
53,RIGHT_ELBOW,0.5533467531204224,0.2695782780647278,0.06467542797327042,0.4222860634326935,CapturedFrames_-4.0_2.0_0.0/video.mp4#frame=53
53,LEFT_WRIST,0.49200600385665894,0.3128196895122528,-0.18652331829071045,0.9871236085891724,CapturedFrames_-4.0_2.0_0.0/video.mp4#frame=53
53,RIGHT_WRIST,0.5564901232719421,0.31747788190841675,0.06486711651086807,0.3873557448387146,CapturedFrames_-4.0_2.0_0.0/video.mp4#frame=53
53,LEFT_PINKY,0.4844983220100403,0.32437199354171753,-0.20476941764354706,0.9755447506904602,CapturedFrames_-4.0_2.0_0.0/video.mp4#frame=53
53,RIGHT_PINKY,0.5600495934486389,0.33556127548217773,0.06491360068321228,0.3534201979637146,CapturedFrames_-4.0_2.0_0.0/video.mp4#frame=53
53,LEFT_INDEX,0.48292332887649536,0.32168149948120117,-0.19943509995937347,0.9760850667953491,CapturedFrames_-4.0_2.0_0.0/video.mp4#frame=53
53,RIGHT_INDEX,0.5578966736793518,0.3340851068496704,0.049878668040037155,0.36115121841430664,CapturedFrames_-4.0_2.0_0.0/video.mp4#frame=53
53,LEFT_THUMB,0.4851047396659851,0.31844890117645264,-0.18340693414211273,0.9592679142951965,CapturedFrames_-4.0_2.0_0.0/video.mp4#frame=53
53,RIGHT_THUMB,0.5555927753448486,0.32788076996803284,0.05845177173614502,0.32763731479644775,CapturedFrames_-4.0_2.0_0.0/video.mp4#frame=53
53,LEFT_HIP,0.5379831194877625,0.34405115246772766,-0.05714143440127373,0.9996739625930786,CapturedFrames_-4.0_2.0_0.0/video.mp4#frame=53
53,RIGHT_HIP,0.5380057692527771,0.3359483480453491,0.0570003017783165,0.9991355538368225,CapturedFrames_-4.0_2.0_0.0/video.mp4#frame=53
53,LEFT_KNEE,0.5536671876907349,0.4303644895553589,0.0039050474297255278,0.9974727034568787,CapturedFrames_-4.0_2.0_0.0/video.mp4#frame=53
53,RIGHT_KNEE,0.5046167373657227,0.40133634209632874,0.12220121920108795,0.8699098229408264,CapturedFrames_-4.0_2.0_0.0/video.mp4#frame=53
53,LEFT_ANKLE,0.5726388096809387,0.5073195099830627,0.08389478176832199,0.9968233108520508,CapturedFrames_-4.0_2.0_0.0/video.mp4#frame=53
53,RIGHT_ANKLE,0.48589712381362915,0.4706782400608063,0.2080259621143341,0.9301455616950989,CapturedFrames_-4.0_2.0_0.0/video.mp4#frame=53
53,LEFT_HEEL,0.5801337361335754,0.5232808589935303,0.09069507569074631,0.976239800453186,CapturedFrames_-4.0_2.0_0.0/video.mp4#frame=53
53,RIGHT_HEEL,0.48643845319747925,0.48920971155166626,0.21472123265266418,0.8992756009101868,CapturedFrames_-4.0_2.0_0.0/video.mp4#frame=53
53,LEFT_FOOT_INDEX,0.5452238917350769,0.5245858430862427,0.04538045823574066,0.9950380921363831,CapturedFrames_-4.0_2.0_0.0/video.mp4#frame=53
53,RIGHT_FOOT_INDEX,0.45938166975975037,0.4660992920398712,0.19525419175624847,0.9558466672897339,CapturedFrames_-4.0_2.0_0.0/video.mp4#frame=53
54,NOSE,0.5045815110206604,0.16808080673217773,-0.060389406979084015,0.9998807907104492,CapturedFrames_-4.0_2.0_0.0/video.mp4#frame=54
54,LEFT_EYE_INNER,0.5069676041603088,0.15795819461345673,-0.07333119958639145,0.9998847246170044,CapturedFrames_-4.0_2.0_0.0/video.mp4#frame=54
54,LEFT_EYE,0.5078133940696716,0.15783558785915375,-0.07334920018911362,0.9998877048492432,CapturedFrames_-4.0_2.0_0.0/video.mp4#frame=54
54,LEFT_EYE_OUTER,0.5086690187454224,0.15769018232822418,-0.07333852350711823,0.999901294708252,CapturedFrames_-4.0_2.0_0.0/video.mp4#frame=54
54,RIGHT_EYE_INNER,0.5066279768943787,0.1575998216867447,-0.05622013285756111,0.9998806715011597,CapturedFrames_-4.0_2.0_0.0/video.mp4#frame=54
54,RIGHT_EYE,0.5072264075279236,0.15716083347797394,-0.05620870739221573,0.9998818635940552,CapturedFrames_-4.0_2.0_0.0/video.mp4#frame=54
54,RIGHT_EYE_OUTER,0.507926881313324,0.15658818185329437,-0.05621124431490898,0.9998770952224731,CapturedFrames_-4.0_2.0_0.0/video.mp4#frame=54
54,LEFT_EAR,0.515916109085083,0.1612030416727066,-0.10455012321472168,0.9998788833618164,CapturedFrames_-4.0_2.0_0.0/video.mp4#frame=54
54,RIGHT_EAR,0.5155298113822937,0.15950967371463776,-0.026956791058182716,0.9997573494911194,CapturedFrames_-4.0_2.0_0.0/video.mp4#frame=54
54,MOUTH_LEFT,0.5085212588310242,0.17746305465698242,-0.0695728212594986,0.9998766183853149,CapturedFrames_-4.0_2.0_0.0/video.mp4#frame=54
54,MOUTH_RIGHT,0.5077850222587585,0.17722120881080627,-0.04729147255420685,0.9997511506080627,CapturedFrames_-4.0_2.0_0.0/video.mp4#frame=54
54,LEFT_SHOULDER,0.5273016095161438,0.21292631328105927,-0.14596077799797058,0.9999887943267822,CapturedFrames_-4.0_2.0_0.0/video.mp4#frame=54
54,RIGHT_SHOULDER,0.5317156910896301,0.209055095911026,0.032599013298749924,0.9997820258140564,CapturedFrames_-4.0_2.0_0.0/video.mp4#frame=54
54,LEFT_ELBOW,0.5105848908424377,0.28165775537490845,-0.16015663743019104,0.9985359907150269,CapturedFrames_-4.0_2.0_0.0/video.mp4#frame=54
54,RIGHT_ELBOW,0.5458106994628906,0.276187926530838,0.07716682553291321,0.3975127339363098,CapturedFrames_-4.0_2.0_0.0/video.mp4#frame=54
54,LEFT_WRIST,0.4836617112159729,0.31386899948120117,-0.1416066437959671,0.9952103495597839,CapturedFrames_-4.0_2.0_0.0/video.mp4#frame=54
54,RIGHT_WRIST,0.5479425191879272,0.32552748918533325,0.06896761059761047,0.41495782136917114,CapturedFrames_-4.0_2.0_0.0/video.mp4#frame=54
54,LEFT_PINKY,0.47522616386413574,0.32503288984298706,-0.15690729022026062,0.9887949228286743,CapturedFrames_-4.0_2.0_0.0/video.mp4#frame=54
54,RIGHT_PINKY,0.5514584183692932,0.34212246537208557,0.06846275180578232,0.3722705543041229,CapturedFrames_-4.0_2.0_0.0/video.mp4#frame=54
54,LEFT_INDEX,0.47372379899024963,0.3208511471748352,-0.1525663137435913,0.9885385036468506,CapturedFrames_-4.0_2.0_0.0/video.mp4#frame=54
54,RIGHT_INDEX,0.5499399304389954,0.3412436544895172,0.05505373328924179,0.37436580657958984,CapturedFrames_-4.0_2.0_0.0/video.mp4#frame=54
54,LEFT_THUMB,0.4755505919456482,0.31758323311805725,-0.13811346888542175,0.9767277836799622,CapturedFrames_-4.0_2.0_0.0/video.mp4#frame=54
54,RIGHT_THUMB,0.5481922030448914,0.33531537652015686,0.06276008486747742,0.33120113611221313,CapturedFrames_-4.0_2.0_0.0/video.mp4#frame=54
54,LEFT_HIP,0.5325294733047485,0.34757694602012634,-0.05917581170797348,0.9997771382331848,CapturedFrames_-4.0_2.0_0.0/video.mp4#frame=54
54,RIGHT_HIP,0.5241597890853882,0.3424766957759857,0.05905909091234207,0.9995829463005066,CapturedFrames_-4.0_2.0_0.0/video.mp4#frame=54
54,LEFT_KNEE,0.5493795275688171,0.42719566822052,0.006644166074693203,0.9989038705825806,CapturedFrames_-4.0_2.0_0.0/video.mp4#frame=54
54,RIGHT_KNEE,0.49633926153182983,0.4032004177570343,0.11578051000833511,0.9775261878967285,CapturedFrames_-4.0_2.0_0.0/video.mp4#frame=54
54,LEFT_ANKLE,0.5711386799812317,0.5036431550979614,0.09457901120185852,0.9986861348152161,CapturedFrames_-4.0_2.0_0.0/video.mp4#frame=54
54,RIGHT_ANKLE,0.4768752157688141,0.4775505065917969,0.18367476761341095,0.9860986471176147,CapturedFrames_-4.0_2.0_0.0/video.mp4#frame=54
54,LEFT_HEEL,0.5791997313499451,0.5173176527023315,0.10155381262302399,0.9817615747451782,CapturedFrames_-4.0_2.0_0.0/video.mp4#frame=54
54,RIGHT_HEEL,0.4795296788215637,0.49641767144203186,0.18825894594192505,0.9616237878799438,CapturedFrames_-4.0_2.0_0.0/video.mp4#frame=54
54,LEFT_FOOT_INDEX,0.5466463565826416,0.5283474326133728,0.056777723133563995,0.9978601336479187,CapturedFrames_-4.0_2.0_0.0/video.mp4#frame=54
54,RIGHT_FOOT_INDEX,0.4547026753425598,0.4727186858654022,0.16850115358829498,0.9897975921630859,CapturedFrames_-4.0_2.0_0.0/video.mp4#frame=54
55,NOSE,0.49868497252464294,0.17132379114627838,-0.055220432579517365,0.9999673366546631,CapturedFrames_-4.0_2.0_0.0/video.mp4#frame=55
55,LEFT_EYE_INNER,0.5004565715789795,0.16089701652526855,-0.06797899305820465,0.9999682903289795,CapturedFrames_-4.0_2.0_0.0/video.mp4#frame=55
55,LEFT_EYE,0.500963032245636,0.16076336801052094,-0.06800007820129395,0.9999691247940063,CapturedFrames_-4.0_2.0_0.0/video.mp4#frame=55
55,LEFT_EYE_OUTER,0.501513659954071,0.16063286364078522,-0.0679871141910553,0.9999722242355347,CapturedFrames_-4.0_2.0_0.0/video.mp4#frame=55
55,RIGHT_EYE_INNER,0.5006545186042786,0.16048340499401093,-0.04987373203039169,0.9999620914459229,CapturedFrames_-4.0_2.0_0.0/video.mp4#frame=55
55,RIGHT_EYE,0.5013464689254761,0.16003260016441345,-0.04985623434185982,0.9999572038650513,CapturedFrames_-4.0_2.0_0.0/video.mp4#frame=55
55,RIGHT_EYE_OUTER,0.5021305680274963,0.1594790667295456,-0.04984760656952858,0.9999535083770752,CapturedFrames_-4.0_2.0_0.0/video.mp4#frame=55
55,LEFT_EAR,0.508222758769989,0.1638369858264923,-0.09896522760391235,0.9999693632125854,CapturedFrames_-4.0_2.0_0.0/video.mp4#frame=55
55,RIGHT_EAR,0.5097772479057312,0.16213087737560272,-0.016583284363150597,0.9999052286148071,CapturedFrames_-4.0_2.0_0.0/video.mp4#frame=55
55,MOUTH_LEFT,0.5012180209159851,0.18031635880470276,-0.06431282311677933,0.9999573230743408,CapturedFrames_-4.0_2.0_0.0/video.mp4#frame=55
55,MOUTH_RIGHT,0.5012331008911133,0.1802273392677307,-0.040665145963430405,0.9998929500579834,CapturedFrames_-4.0_2.0_0.0/video.mp4#frame=55
55,LEFT_SHOULDER,0.5167797207832336,0.21673175692558289,-0.1416792869567871,0.9999972581863403,CapturedFrames_-4.0_2.0_0.0/video.mp4#frame=55
55,RIGHT_SHOULDER,0.5268579125404358,0.21547627449035645,0.042888037860393524,0.9998526573181152,CapturedFrames_-4.0_2.0_0.0/video.mp4#frame=55
55,LEFT_ELBOW,0.5013541579246521,0.2874561846256256,-0.17048171162605286,0.9997028708457947,CapturedFrames_-4.0_2.0_0.0/video.mp4#frame=55
55,RIGHT_ELBOW,0.5404734015464783,0.2795928120613098,0.08573497831821442,0.5353776216506958,CapturedFrames_-4.0_2.0_0.0/video.mp4#frame=55
55,LEFT_WRIST,0.47314363718032837,0.3173074722290039,-0.16784405708312988,0.9989653825759888,CapturedFrames_-4.0_2.0_0.0/video.mp4#frame=55
55,RIGHT_WRIST,0.5435175895690918,0.3304985463619232,0.08349728584289551,0.7033718824386597,CapturedFrames_-4.0_2.0_0.0/video.mp4#frame=55
55,LEFT_PINKY,0.4654913544654846,0.32824844121932983,-0.18327708542346954,0.9970300197601318,CapturedFrames_-4.0_2.0_0.0/video.mp4#frame=55
55,RIGHT_PINKY,0.548417329788208,0.3475939929485321,0.08632724732160568,0.6422957181930542,CapturedFrames_-4.0_2.0_0.0/video.mp4#frame=55
55,LEFT_INDEX,0.4645363688468933,0.3237389326095581,-0.1772623062133789,0.9969047904014587,CapturedFrames_-4.0_2.0_0.0/video.mp4#frame=55
55,RIGHT_INDEX,0.5467268228530884,0.348348468542099,0.07316215336322784,0.6409673094749451,CapturedFrames_-4.0_2.0_0.0/video.mp4#frame=55
55,LEFT_THUMB,0.4667196273803711,0.3200766146183014,-0.16382506489753723,0.9926235675811768,CapturedFrames_-4.0_2.0_0.0/video.mp4#frame=55
55,RIGHT_THUMB,0.54401695728302,0.3421464264392853,0.07760109007358551,0.5860328078269958,CapturedFrames_-4.0_2.0_0.0/video.mp4#frame=55
55,LEFT_HIP,0.5209897756576538,0.3485264182090759,-0.06229225918650627,0.9999294281005859,CapturedFrames_-4.0_2.0_0.0/video.mp4#frame=55
55,RIGHT_HIP,0.5180426239967346,0.34376296401023865,0.06216750293970108,0.9997043013572693,CapturedFrames_-4.0_2.0_0.0/video.mp4#frame=55
55,LEFT_KNEE,0.5421841740608215,0.4272727966308594,-0.02382461540400982,0.9994446635246277,CapturedFrames_-4.0_2.0_0.0/video.mp4#frame=55
55,RIGHT_KNEE,0.4853425920009613,0.40380948781967163,0.12132789194583893,0.9762558341026306,CapturedFrames_-4.0_2.0_0.0/video.mp4#frame=55
55,LEFT_ANKLE,0.5699606537818909,0.5029778480529785,0.03967303782701492,0.9994959831237793,CapturedFrames_-4.0_2.0_0.0/video.mp4#frame=55
55,RIGHT_ANKLE,0.4738042950630188,0.4790112376213074,0.2023901492357254,0.9900662899017334,CapturedFrames_-4.0_2.0_0.0/video.mp4#frame=55
55,LEFT_HEEL,0.5788388848304749,0.5158742666244507,0.044037364423274994,0.9900025129318237,CapturedFrames_-4.0_2.0_0.0/video.mp4#frame=55
55,RIGHT_HEEL,0.47609275579452515,0.4991065561771393,0.20809435844421387,0.9761641621589661,CapturedFrames_-4.0_2.0_0.0/video.mp4#frame=55
55,LEFT_FOOT_INDEX,0.5480371117591858,0.52717524766922,-0.0067466930486261845,0.9992140531539917,CapturedFrames_-4.0_2.0_0.0/video.mp4#frame=55
55,RIGHT_FOOT_INDEX,0.4498685300350189,0.48097115755081177,0.1861570179462433,0.9934400916099548,CapturedFrames_-4.0_2.0_0.0/video.mp4#frame=55
56,NOSE,0.4890562891960144,0.1710943579673767,-0.06078615039587021,0.999850869178772,CapturedFrames_-4.0_2.0_0.0/video.mp4#frame=56
56,LEFT_EYE_INNER,0.49206018447875977,0.1608697474002838,-0.0737638846039772,0.999863862991333,CapturedFrames_-4.0_2.0_0.0/video.mp4#frame=56
56,LEFT_EYE,0.4929443299770355,0.16079500317573547,-0.07376641035079956,0.9998606443405151,CapturedFrames_-4.0_2.0_0.0/video.mp4#frame=56
56,LEFT_EYE_OUTER,0.4937923848628998,0.16071540117263794,-0.0737578347325325,0.9998804330825806,CapturedFrames_-4.0_2.0_0.0/video.mp4#frame=56
56,RIGHT_EYE_INNER,0.4917752146720886,0.16061772406101227,-0.056365322321653366,0.9998359680175781,CapturedFrames_-4.0_2.0_0.0/video.mp4#frame=56
56,RIGHT_EYE,0.49244219064712524,0.1603592187166214,-0.056347765028476715,0.9998044371604919,CapturedFrames_-4.0_2.0_0.0/video.mp4#frame=56
56,RIGHT_EYE_OUTER,0.49318161606788635,0.16004258394241333,-0.056350547820329666,0.9997962117195129,CapturedFrames_-4.0_2.0_0.0/video.mp4#frame=56
56,LEFT_EAR,0.5005493760108948,0.164303258061409,-0.10651089251041412,0.9998573064804077,CapturedFrames_-4.0_2.0_0.0/video.mp4#frame=56
56,RIGHT_EAR,0.5005239844322205,0.1625106930732727,-0.027653101831674576,0.9996116757392883,CapturedFrames_-4.0_2.0_0.0/video.mp4#frame=56
56,MOUTH_LEFT,0.4927827715873718,0.18069148063659668,-0.07041268050670624,0.999840497970581,CapturedFrames_-4.0_2.0_0.0/video.mp4#frame=56
56,MOUTH_RIGHT,0.4921717047691345,0.1803579479455948,-0.047768525779247284,0.9996418952941895,CapturedFrames_-4.0_2.0_0.0/video.mp4#frame=56
56,LEFT_SHOULDER,0.5101190805435181,0.21671214699745178,-0.1464359164237976,0.9999892711639404,CapturedFrames_-4.0_2.0_0.0/video.mp4#frame=56
56,RIGHT_SHOULDER,0.5176084041595459,0.21328385174274445,0.028193499892950058,0.9998263716697693,CapturedFrames_-4.0_2.0_0.0/video.mp4#frame=56
56,LEFT_ELBOW,0.4961546063423157,0.2870056927204132,-0.17207284271717072,0.9967760443687439,CapturedFrames_-4.0_2.0_0.0/video.mp4#frame=56
56,RIGHT_ELBOW,0.5283837914466858,0.2777661681175232,0.06848236173391342,0.49941906332969666,CapturedFrames_-4.0_2.0_0.0/video.mp4#frame=56
56,LEFT_WRIST,0.4706231951713562,0.3183336853981018,-0.1733068823814392,0.9937012195587158,CapturedFrames_-4.0_2.0_0.0/video.mp4#frame=56
56,RIGHT_WRIST,0.534848153591156,0.3292219936847687,0.06070197373628616,0.47700706124305725,CapturedFrames_-4.0_2.0_0.0/video.mp4#frame=56
56,LEFT_PINKY,0.4618677496910095,0.3297581672668457,-0.18904106318950653,0.9870648384094238,CapturedFrames_-4.0_2.0_0.0/video.mp4#frame=56
56,RIGHT_PINKY,0.5408331155776978,0.346418172121048,0.0612945556640625,0.4319872260093689,CapturedFrames_-4.0_2.0_0.0/video.mp4#frame=56
56,LEFT_INDEX,0.4597419798374176,0.32635384798049927,-0.18425579369068146,0.9870278835296631,CapturedFrames_-4.0_2.0_0.0/video.mp4#frame=56
56,RIGHT_INDEX,0.5385563373565674,0.3446580171585083,0.04858647286891937,0.4395730495452881,CapturedFrames_-4.0_2.0_0.0/video.mp4#frame=56
56,LEFT_THUMB,0.462353378534317,0.32281720638275146,-0.16986443102359772,0.9753780364990234,CapturedFrames_-4.0_2.0_0.0/video.mp4#frame=56
56,RIGHT_THUMB,0.5342395305633545,0.33615636825561523,0.054803840816020966,0.3987988531589508,CapturedFrames_-4.0_2.0_0.0/video.mp4#frame=56
56,LEFT_HIP,0.5136492848396301,0.34745365381240845,-0.0599316731095314,0.9997301697731018,CapturedFrames_-4.0_2.0_0.0/video.mp4#frame=56
56,RIGHT_HIP,0.5112989544868469,0.3430391848087311,0.05981283262372017,0.9996080994606018,CapturedFrames_-4.0_2.0_0.0/video.mp4#frame=56
56,LEFT_KNEE,0.5352586507797241,0.4330689609050751,-0.014872399158775806,0.9979614019393921,CapturedFrames_-4.0_2.0_0.0/video.mp4#frame=56
56,RIGHT_KNEE,0.47887545824050903,0.4029339551925659,0.11045584827661514,0.9389178156852722,CapturedFrames_-4.0_2.0_0.0/video.mp4#frame=56
56,LEFT_ANKLE,0.5678274631500244,0.5014328956604004,0.06462077796459198,0.9965885877609253,CapturedFrames_-4.0_2.0_0.0/video.mp4#frame=56
56,RIGHT_ANKLE,0.4729861617088318,0.48372799158096313,0.18055830895900726,0.9633691310882568,CapturedFrames_-4.0_2.0_0.0/video.mp4#frame=56
56,LEFT_HEEL,0.577855110168457,0.5120712518692017,0.07133045047521591,0.9763790965080261,CapturedFrames_-4.0_2.0_0.0/video.mp4#frame=56
56,RIGHT_HEEL,0.47655314207077026,0.5012072920799255,0.1848730593919754,0.9362220764160156,CapturedFrames_-4.0_2.0_0.0/video.mp4#frame=56
56,LEFT_FOOT_INDEX,0.5492651462554932,0.52967768907547,0.027278516441583633,0.9954160451889038,CapturedFrames_-4.0_2.0_0.0/video.mp4#frame=56
56,RIGHT_FOOT_INDEX,0.4482383131980896,0.4904346764087677,0.16047073900699615,0.970475971698761,CapturedFrames_-4.0_2.0_0.0/video.mp4#frame=56
57,NOSE,0.481464684009552,0.1719474494457245,-0.06886434555053711,0.9998315572738647,CapturedFrames_-4.0_2.0_0.0/video.mp4#frame=57
57,LEFT_EYE_INNER,0.4841548502445221,0.16215655207633972,-0.08120468258857727,0.9998273253440857,CapturedFrames_-4.0_2.0_0.0/video.mp4#frame=57
57,LEFT_EYE,0.48502403497695923,0.16204339265823364,-0.08120618015527725,0.999829888343811,CapturedFrames_-4.0_2.0_0.0/video.mp4#frame=57
57,LEFT_EYE_OUTER,0.48589760065078735,0.16198678314685822,-0.0811898335814476,0.9998445510864258,CapturedFrames_-4.0_2.0_0.0/video.mp4#frame=57
57,RIGHT_EYE_INNER,0.48388782143592834,0.16165710985660553,-0.0643424540758133,0.9997920393943787,CapturedFrames_-4.0_2.0_0.0/video.mp4#frame=57
57,RIGHT_EYE,0.4845632016658783,0.16108374297618866,-0.06434088200330734,0.9997594952583313,CapturedFrames_-4.0_2.0_0.0/video.mp4#frame=57
57,RIGHT_EYE_OUTER,0.48527389764785767,0.16037742793560028,-0.06435380131006241,0.9997528195381165,CapturedFrames_-4.0_2.0_0.0/video.mp4#frame=57
57,LEFT_EAR,0.4927493929862976,0.16557233035564423,-0.11200304329395294,0.9997734427452087,CapturedFrames_-4.0_2.0_0.0/video.mp4#frame=57
57,RIGHT_EAR,0.4924885630607605,0.16330339014530182,-0.035699956119060516,0.9995303153991699,CapturedFrames_-4.0_2.0_0.0/video.mp4#frame=57
57,MOUTH_LEFT,0.48520928621292114,0.18162831664085388,-0.07789764553308487,0.9997993111610413,CapturedFrames_-4.0_2.0_0.0/video.mp4#frame=57
57,MOUTH_RIGHT,0.48445695638656616,0.18090608716011047,-0.05595817416906357,0.9995657801628113,CapturedFrames_-4.0_2.0_0.0/video.mp4#frame=57
57,LEFT_SHOULDER,0.5022843480110168,0.2208886295557022,-0.14943067729473114,0.9999831914901733,CapturedFrames_-4.0_2.0_0.0/video.mp4#frame=57
57,RIGHT_SHOULDER,0.5090655088424683,0.21321362257003784,0.017672214657068253,0.9998154044151306,CapturedFrames_-4.0_2.0_0.0/video.mp4#frame=57
57,LEFT_ELBOW,0.4866272807121277,0.2946698069572449,-0.1687164008617401,0.9942329525947571,CapturedFrames_-4.0_2.0_0.0/video.mp4#frame=57
57,RIGHT_ELBOW,0.5213849544525146,0.2805202305316925,0.05582752823829651,0.5020657181739807,CapturedFrames_-4.0_2.0_0.0/video.mp4#frame=57
57,LEFT_WRIST,0.4624081552028656,0.330320805311203,-0.15902158617973328,0.9868805408477783,CapturedFrames_-4.0_2.0_0.0/video.mp4#frame=57
57,RIGHT_WRIST,0.5240799784660339,0.33221209049224854,0.04638275131583214,0.4853256940841675,CapturedFrames_-4.0_2.0_0.0/video.mp4#frame=57
57,LEFT_PINKY,0.45400017499923706,0.34207046031951904,-0.17422521114349365,0.9765980243682861,CapturedFrames_-4.0_2.0_0.0/video.mp4#frame=57
57,RIGHT_PINKY,0.5303127765655518,0.34905898571014404,0.04599514976143837,0.45417240262031555,CapturedFrames_-4.0_2.0_0.0/video.mp4#frame=57
57,LEFT_INDEX,0.45238351821899414,0.3398296535015106,-0.17037446796894073,0.977257251739502,CapturedFrames_-4.0_2.0_0.0/video.mp4#frame=57
57,RIGHT_INDEX,0.5278743505477905,0.3478317856788635,0.03285391256213188,0.45420241355895996,CapturedFrames_-4.0_2.0_0.0/video.mp4#frame=57
57,LEFT_THUMB,0.45510250329971313,0.3360418677330017,-0.15596406161785126,0.9599701762199402,CapturedFrames_-4.0_2.0_0.0/video.mp4#frame=57
57,RIGHT_THUMB,0.5246358513832092,0.3414572477340698,0.04043889418244362,0.4100661277770996,CapturedFrames_-4.0_2.0_0.0/video.mp4#frame=57
57,LEFT_HIP,0.5071845650672913,0.3503595292568207,-0.059432365000247955,0.9998062252998352,CapturedFrames_-4.0_2.0_0.0/video.mp4#frame=57
57,RIGHT_HIP,0.502109706401825,0.34372222423553467,0.059365980327129364,0.9994890689849854,CapturedFrames_-4.0_2.0_0.0/video.mp4#frame=57
57,LEFT_KNEE,0.5224537253379822,0.4368645250797272,-0.04873888939619064,0.9976845979690552,CapturedFrames_-4.0_2.0_0.0/video.mp4#frame=57
57,RIGHT_KNEE,0.47180280089378357,0.4018280804157257,0.12846294045448303,0.8558195233345032,CapturedFrames_-4.0_2.0_0.0/video.mp4#frame=57
57,LEFT_ANKLE,0.5608564615249634,0.49688372015953064,-0.005531225353479385,0.9974886178970337,CapturedFrames_-4.0_2.0_0.0/video.mp4#frame=57
57,RIGHT_ANKLE,0.471891313791275,0.4793708026409149,0.2268402874469757,0.9223966598510742,CapturedFrames_-4.0_2.0_0.0/video.mp4#frame=57
57,LEFT_HEEL,0.572404682636261,0.5023146867752075,-0.002238052198663354,0.9875624179840088,CapturedFrames_-4.0_2.0_0.0/video.mp4#frame=57
57,RIGHT_HEEL,0.4758455753326416,0.499029278755188,0.23425623774528503,0.9044747352600098,CapturedFrames_-4.0_2.0_0.0/video.mp4#frame=57
57,LEFT_FOOT_INDEX,0.5483583807945251,0.536138117313385,-0.04886889085173607,0.9966803789138794,CapturedFrames_-4.0_2.0_0.0/video.mp4#frame=57
57,RIGHT_FOOT_INDEX,0.4477999806404114,0.4935203492641449,0.21634170413017273,0.947028636932373,CapturedFrames_-4.0_2.0_0.0/video.mp4#frame=57
58,NOSE,0.4732922911643982,0.17520292103290558,-0.059594668447971344,0.9989346861839294,CapturedFrames_-4.0_2.0_0.0/video.mp4#frame=58
58,LEFT_EYE_INNER,0.4765234589576721,0.16390401124954224,-0.07109802216291428,0.9990954399108887,CapturedFrames_-4.0_2.0_0.0/video.mp4#frame=58
58,LEFT_EYE,0.47738438844680786,0.16389280557632446,-0.07111300528049469,0.9990469813346863,CapturedFrames_-4.0_2.0_0.0/video.mp4#frame=58
58,LEFT_EYE_OUTER,0.4783102869987488,0.16393083333969116,-0.07110916823148727,0.9990608096122742,CapturedFrames_-4.0_2.0_0.0/video.mp4#frame=58
58,RIGHT_EYE_INNER,0.4760925769805908,0.16307827830314636,-0.05344300717115402,0.9985243678092957,CapturedFrames_-4.0_2.0_0.0/video.mp4#frame=58
58,RIGHT_EYE,0.47666531801223755,0.16243696212768555,-0.053426872938871384,0.9981910586357117,CapturedFrames_-4.0_2.0_0.0/video.mp4#frame=58
58,RIGHT_EYE_OUTER,0.477369487285614,0.1616547405719757,-0.05344083160161972,0.9980558156967163,CapturedFrames_-4.0_2.0_0.0/video.mp4#frame=58
58,LEFT_EAR,0.48543137311935425,0.16763579845428467,-0.10427957773208618,0.9988164901733398,CapturedFrames_-4.0_2.0_0.0/video.mp4#frame=58
58,RIGHT_EAR,0.48466166853904724,0.16397365927696228,-0.02354121208190918,0.9966078996658325,CapturedFrames_-4.0_2.0_0.0/video.mp4#frame=58
58,MOUTH_LEFT,0.47700634598731995,0.18457433581352234,-0.07002449780702591,0.9988056421279907,CapturedFrames_-4.0_2.0_0.0/video.mp4#frame=58
58,MOUTH_RIGHT,0.47609686851501465,0.1835620254278183,-0.04682983085513115,0.9975966811180115,CapturedFrames_-4.0_2.0_0.0/video.mp4#frame=58
58,LEFT_SHOULDER,0.4929543435573578,0.22405056655406952,-0.14551213383674622,0.999897837638855,CapturedFrames_-4.0_2.0_0.0/video.mp4#frame=58
58,RIGHT_SHOULDER,0.5011754035949707,0.21151775121688843,0.02468261681497097,0.9994052648544312,CapturedFrames_-4.0_2.0_0.0/video.mp4#frame=58
58,LEFT_ELBOW,0.47997960448265076,0.3027827739715576,-0.159425750374794,0.9851773977279663,CapturedFrames_-4.0_2.0_0.0/video.mp4#frame=58
58,RIGHT_ELBOW,0.5064948797225952,0.27666541934013367,0.04983649402856827,0.11346017569303513,CapturedFrames_-4.0_2.0_0.0/video.mp4#frame=58
58,LEFT_WRIST,0.45791158080101013,0.3436247706413269,-0.12481178343296051,0.968940258026123,CapturedFrames_-4.0_2.0_0.0/video.mp4#frame=58
58,RIGHT_WRIST,0.5050429105758667,0.32481762766838074,0.02426770329475403,0.09553512930870056,CapturedFrames_-4.0_2.0_0.0/video.mp4#frame=58
58,LEFT_PINKY,0.45207300782203674,0.3564737141132355,-0.13911055028438568,0.9473139643669128,CapturedFrames_-4.0_2.0_0.0/video.mp4#frame=58
58,RIGHT_PINKY,0.5020002722740173,0.3558172881603241,0.024837251752614975,0.10359726846218109,CapturedFrames_-4.0_2.0_0.0/video.mp4#frame=58
58,LEFT_INDEX,0.4491075575351715,0.3556705117225647,-0.13370142877101898,0.947575569152832,CapturedFrames_-4.0_2.0_0.0/video.mp4#frame=58
58,RIGHT_INDEX,0.5015655755996704,0.3553347885608673,0.008412285707890987,0.10192391276359558,CapturedFrames_-4.0_2.0_0.0/video.mp4#frame=58
58,LEFT_THUMB,0.4509426951408386,0.35131362080574036,-0.12144441902637482,0.924185574054718,CapturedFrames_-4.0_2.0_0.0/video.mp4#frame=58
58,RIGHT_THUMB,0.5028414726257324,0.3339361250400543,0.016353614628314972,0.10019121319055557,CapturedFrames_-4.0_2.0_0.0/video.mp4#frame=58
58,LEFT_HIP,0.49509087204933167,0.3572281002998352,-0.05732668563723564,0.9995110034942627,CapturedFrames_-4.0_2.0_0.0/video.mp4#frame=58
58,RIGHT_HIP,0.4939707815647125,0.34689176082611084,0.05725796893239021,0.9993391633033752,CapturedFrames_-4.0_2.0_0.0/video.mp4#frame=58
58,LEFT_KNEE,0.5094974040985107,0.44510790705680847,-0.05175954848527908,0.9939696788787842,CapturedFrames_-4.0_2.0_0.0/video.mp4#frame=58
58,RIGHT_KNEE,0.46807441115379333,0.4069311022758484,0.12120701372623444,0.8807585835456848,CapturedFrames_-4.0_2.0_0.0/video.mp4#frame=58
58,LEFT_ANKLE,0.5522828102111816,0.4893646240234375,0.012749875895678997,0.987520694732666,CapturedFrames_-4.0_2.0_0.0/video.mp4#frame=58
58,RIGHT_ANKLE,0.46969565749168396,0.4796815514564514,0.20072415471076965,0.9098420143127441,CapturedFrames_-4.0_2.0_0.0/video.mp4#frame=58
58,LEFT_HEEL,0.5642433762550354,0.4857415556907654,0.018870113417506218,0.9745436906814575,CapturedFrames_-4.0_2.0_0.0/video.mp4#frame=58
58,RIGHT_HEEL,0.47577279806137085,0.49652859568595886,0.20619341731071472,0.9175920486450195,CapturedFrames_-4.0_2.0_0.0/video.mp4#frame=58
58,LEFT_FOOT_INDEX,0.5490338802337646,0.5316495895385742,-0.014757300727069378,0.9840188026428223,CapturedFrames_-4.0_2.0_0.0/video.mp4#frame=58
58,RIGHT_FOOT_INDEX,0.4455476403236389,0.4972260892391205,0.1885448694229126,0.9120364189147949,CapturedFrames_-4.0_2.0_0.0/video.mp4#frame=58
59,NOSE,0.4648486077785492,0.1734643429517746,-0.06893367320299149,0.9991225600242615,CapturedFrames_-4.0_2.0_0.0/video.mp4#frame=59
59,LEFT_EYE_INNER,0.4681207537651062,0.16263747215270996,-0.07995918393135071,0.9991957545280457,CapturedFrames_-4.0_2.0_0.0/video.mp4#frame=59
59,LEFT_EYE,0.46894723176956177,0.16250766813755035,-0.07997272908687592,0.999229907989502,CapturedFrames_-4.0_2.0_0.0/video.mp4#frame=59
59,LEFT_EYE_OUTER,0.46976032853126526,0.1623763144016266,-0.07996678352355957,0.9992120265960693,CapturedFrames_-4.0_2.0_0.0/video.mp4#frame=59
59,RIGHT_EYE_INNER,0.4676292836666107,0.16203926503658295,-0.06245452165603638,0.9986549615859985,CapturedFrames_-4.0_2.0_0.0/video.mp4#frame=59
59,RIGHT_EYE,0.468178927898407,0.16145378351211548,-0.06244261935353279,0.9984166622161865,CapturedFrames_-4.0_2.0_0.0/video.mp4#frame=59
59,RIGHT_EYE_OUTER,0.46878427267074585,0.1607358753681183,-0.06245880201458931,0.998166024684906,CapturedFrames_-4.0_2.0_0.0/video.mp4#frame=59
59,LEFT_EAR,0.47686830163002014,0.16596202552318573,-0.10976190865039825,0.9989687204360962,CapturedFrames_-4.0_2.0_0.0/video.mp4#frame=59
59,RIGHT_EAR,0.47607511281967163,0.1627563238143921,-0.030198970809578896,0.9964907765388489,CapturedFrames_-4.0_2.0_0.0/video.mp4#frame=59
59,MOUTH_LEFT,0.46854156255722046,0.18272413313388824,-0.07820446044206619,0.9989314675331116,CapturedFrames_-4.0_2.0_0.0/video.mp4#frame=59
59,MOUTH_RIGHT,0.46774014830589294,0.18212659657001495,-0.055283237248659134,0.9977163076400757,CapturedFrames_-4.0_2.0_0.0/video.mp4#frame=59
59,LEFT_SHOULDER,0.48576536774635315,0.2211916744709015,-0.1492118090391159,0.9999369382858276,CapturedFrames_-4.0_2.0_0.0/video.mp4#frame=59
59,RIGHT_SHOULDER,0.4928252100944519,0.20807567238807678,0.021419493481516838,0.9994327425956726,CapturedFrames_-4.0_2.0_0.0/video.mp4#frame=59
59,LEFT_ELBOW,0.47598057985305786,0.2982526421546936,-0.1692044734954834,0.9895837903022766,CapturedFrames_-4.0_2.0_0.0/video.mp4#frame=59
59,RIGHT_ELBOW,0.498436838388443,0.2766674757003784,0.042556002736091614,0.05950767174363136,CapturedFrames_-4.0_2.0_0.0/video.mp4#frame=59
59,LEFT_WRIST,0.4545885920524597,0.35504308342933655,-0.1465015858411789,0.9767324328422546,CapturedFrames_-4.0_2.0_0.0/video.mp4#frame=59
59,RIGHT_WRIST,0.4909737706184387,0.3248780369758606,0.011849887669086456,0.060139723122119904,CapturedFrames_-4.0_2.0_0.0/video.mp4#frame=59
59,LEFT_PINKY,0.4507278501987457,0.36957862973213196,-0.16266153752803802,0.9568918943405151,CapturedFrames_-4.0_2.0_0.0/video.mp4#frame=59
59,RIGHT_PINKY,0.4866446852684021,0.34076133370399475,0.012340032495558262,0.07079802453517914,CapturedFrames_-4.0_2.0_0.0/video.mp4#frame=59
59,LEFT_INDEX,0.44903039932250977,0.3689025938510895,-0.15817449986934662,0.9564489126205444,CapturedFrames_-4.0_2.0_0.0/video.mp4#frame=59
59,RIGHT_INDEX,0.48605865240097046,0.3375512957572937,-0.004596290644258261,0.06910435110330582,CapturedFrames_-4.0_2.0_0.0/video.mp4#frame=59
59,LEFT_THUMB,0.45051106810569763,0.36461496353149414,-0.14393171668052673,0.9349867105484009,CapturedFrames_-4.0_2.0_0.0/video.mp4#frame=59
59,RIGHT_THUMB,0.48698291182518005,0.3324485123157501,0.003639517817646265,0.06888440996408463,CapturedFrames_-4.0_2.0_0.0/video.mp4#frame=59
59,LEFT_HIP,0.48825526237487793,0.3535598814487457,-0.05635714530944824,0.9995207786560059,CapturedFrames_-4.0_2.0_0.0/video.mp4#frame=59
59,RIGHT_HIP,0.4867640435695648,0.3458794951438904,0.05629416182637215,0.9993537068367004,CapturedFrames_-4.0_2.0_0.0/video.mp4#frame=59
59,LEFT_KNEE,0.49136465787887573,0.4399571418762207,-0.047136642038822174,0.992942214012146,CapturedFrames_-4.0_2.0_0.0/video.mp4#frame=59
59,RIGHT_KNEE,0.468877375125885,0.4130355715751648,0.11925090849399567,0.8468829989433289,CapturedFrames_-4.0_2.0_0.0/video.mp4#frame=59
59,LEFT_ANKLE,0.5393319725990295,0.48232296109199524,0.021059749647974968,0.9843131303787231,CapturedFrames_-4.0_2.0_0.0/video.mp4#frame=59
59,RIGHT_ANKLE,0.4689817428588867,0.4826373755931854,0.19418242573738098,0.8963592052459717,CapturedFrames_-4.0_2.0_0.0/video.mp4#frame=59
59,LEFT_HEEL,0.5501652359962463,0.475095272064209,0.027533363550901413,0.9742169380187988,CapturedFrames_-4.0_2.0_0.0/video.mp4#frame=59
59,RIGHT_HEEL,0.4740752577781677,0.501400351524353,0.19944189488887787,0.9099897742271423,CapturedFrames_-4.0_2.0_0.0/video.mp4#frame=59
59,LEFT_FOOT_INDEX,0.5381001830101013,0.5274087190628052,-0.0003230175643693656,0.9803687930107117,CapturedFrames_-4.0_2.0_0.0/video.mp4#frame=59
59,RIGHT_FOOT_INDEX,0.4432535171508789,0.4979533851146698,0.18231210112571716,0.9008365273475647,CapturedFrames_-4.0_2.0_0.0/video.mp4#frame=59
60,NOSE,0.4544591009616852,0.17748743295669556,-0.04606139659881592,0.9957013726234436,CapturedFrames_-4.0_2.0_0.0/video.mp4#frame=60
60,LEFT_EYE_INNER,0.45797616243362427,0.16596034169197083,-0.05900293588638306,0.9965797066688538,CapturedFrames_-4.0_2.0_0.0/video.mp4#frame=60
60,LEFT_EYE,0.45911240577697754,0.16560104489326477,-0.0590384379029274,0.996802806854248,CapturedFrames_-4.0_2.0_0.0/video.mp4#frame=60
60,LEFT_EYE_OUTER,0.46029162406921387,0.1652146577835083,-0.059062112122774124,0.9968003034591675,CapturedFrames_-4.0_2.0_0.0/video.mp4#frame=60
60,RIGHT_EYE_INNER,0.45725613832473755,0.16498422622680664,-0.04113110154867172,0.9925091862678528,CapturedFrames_-4.0_2.0_0.0/video.mp4#frame=60
60,RIGHT_EYE,0.45796680450439453,0.16404500603675842,-0.041110292077064514,0.9911826848983765,CapturedFrames_-4.0_2.0_0.0/video.mp4#frame=60
60,RIGHT_EYE_OUTER,0.45883360505104065,0.16299939155578613,-0.04114595800638199,0.990712583065033,CapturedFrames_-4.0_2.0_0.0/video.mp4#frame=60
60,LEFT_EAR,0.468483030796051,0.16612359881401062,-0.09355992823839188,0.9953581690788269,CapturedFrames_-4.0_2.0_0.0/video.mp4#frame=60
60,RIGHT_EAR,0.46698397397994995,0.1630074679851532,-0.012619586661458015,0.9859668612480164,CapturedFrames_-4.0_2.0_0.0/video.mp4#frame=60
60,MOUTH_LEFT,0.4604419767856598,0.18507765233516693,-0.056012026965618134,0.9945093989372253,CapturedFrames_-4.0_2.0_0.0/video.mp4#frame=60
60,MOUTH_RIGHT,0.45930060744285583,0.18415963649749756,-0.03269163891673088,0.9891064763069153,CapturedFrames_-4.0_2.0_0.0/video.mp4#frame=60
60,LEFT_SHOULDER,0.4801444411277771,0.21651284396648407,-0.13750337064266205,0.999839186668396,CapturedFrames_-4.0_2.0_0.0/video.mp4#frame=60
60,RIGHT_SHOULDER,0.48479709029197693,0.20784948766231537,0.03469279408454895,0.9973567724227905,CapturedFrames_-4.0_2.0_0.0/video.mp4#frame=60
60,LEFT_ELBOW,0.4746386408805847,0.2972431480884552,-0.16484420001506805,0.9734800457954407,CapturedFrames_-4.0_2.0_0.0/video.mp4#frame=60
60,RIGHT_ELBOW,0.48080915212631226,0.28481560945510864,0.05686948448419571,0.03982244431972504,CapturedFrames_-4.0_2.0_0.0/video.mp4#frame=60
60,LEFT_WRIST,0.45776742696762085,0.3663157522678375,-0.1438101977109909,0.9437490701675415,CapturedFrames_-4.0_2.0_0.0/video.mp4#frame=60
60,RIGHT_WRIST,0.47520551085472107,0.3332440257072449,0.03018227592110634,0.04252130910754204,CapturedFrames_-4.0_2.0_0.0/video.mp4#frame=60
60,LEFT_PINKY,0.45554614067077637,0.3849518299102783,-0.15904298424720764,0.9187042713165283,CapturedFrames_-4.0_2.0_0.0/video.mp4#frame=60
60,RIGHT_PINKY,0.46985214948654175,0.357767790555954,0.03272341936826706,0.05880487710237503,CapturedFrames_-4.0_2.0_0.0/video.mp4#frame=60
60,LEFT_INDEX,0.454843133687973,0.3862355649471283,-0.1520635485649109,0.9192875027656555,CapturedFrames_-4.0_2.0_0.0/video.mp4#frame=60
60,RIGHT_INDEX,0.46780234575271606,0.35742950439453125,0.015281898900866508,0.05805766582489014,CapturedFrames_-4.0_2.0_0.0/video.mp4#frame=60
60,LEFT_THUMB,0.4558367133140564,0.3806574046611786,-0.14012739062309265,0.8929256796836853,CapturedFrames_-4.0_2.0_0.0/video.mp4#frame=60
60,RIGHT_THUMB,0.47018760442733765,0.3563510775566101,0.022021440789103508,0.06010254845023155,CapturedFrames_-4.0_2.0_0.0/video.mp4#frame=60
60,LEFT_HIP,0.4787660241127014,0.3649894595146179,-0.059384047985076904,0.9988368153572083,CapturedFrames_-4.0_2.0_0.0/video.mp4#frame=60
60,RIGHT_HIP,0.47998303174972534,0.36133021116256714,0.0593668594956398,0.9972633123397827,CapturedFrames_-4.0_2.0_0.0/video.mp4#frame=60
60,LEFT_KNEE,0.4706100821495056,0.4444788098335266,-0.02931816317141056,0.9673464894294739,CapturedFrames_-4.0_2.0_0.0/video.mp4#frame=60
60,RIGHT_KNEE,0.46663784980773926,0.4192351996898651,0.11426757276058197,0.49912214279174805,CapturedFrames_-4.0_2.0_0.0/video.mp4#frame=60
60,LEFT_ANKLE,0.5224469304084778,0.4855838716030121,0.03419193625450134,0.9540873765945435,CapturedFrames_-4.0_2.0_0.0/video.mp4#frame=60
60,RIGHT_ANKLE,0.4715234637260437,0.48420894145965576,0.19485434889793396,0.5466157793998718,CapturedFrames_-4.0_2.0_0.0/video.mp4#frame=60
60,LEFT_HEEL,0.5329241156578064,0.4804050326347351,0.04183419421315193,0.9554038047790527,CapturedFrames_-4.0_2.0_0.0/video.mp4#frame=60
60,RIGHT_HEEL,0.47427448630332947,0.49548453092575073,0.2026049792766571,0.7013506889343262,CapturedFrames_-4.0_2.0_0.0/video.mp4#frame=60
60,LEFT_FOOT_INDEX,0.5253753662109375,0.5272128582000732,0.02471214346587658,0.9425959587097168,CapturedFrames_-4.0_2.0_0.0/video.mp4#frame=60
60,RIGHT_FOOT_INDEX,0.4507097601890564,0.5011695027351379,0.19556987285614014,0.5854097008705139,CapturedFrames_-4.0_2.0_0.0/video.mp4#frame=60
61,NOSE,0.4446893632411957,0.16955196857452393,-0.08942928910255432,0.9990400671958923,CapturedFrames_-4.0_2.0_0.0/video.mp4#frame=61
61,LEFT_EYE_INNER,0.4487934708595276,0.15786975622177124,-0.10159597545862198,0.9992490410804749,CapturedFrames_-4.0_2.0_0.0/video.mp4#frame=61
61,LEFT_EYE,0.4498079717159271,0.15703663229942322,-0.1016133576631546,0.9992915391921997,CapturedFrames_-4.0_2.0_0.0/video.mp4#frame=61
61,LEFT_EYE_OUTER,0.45081549882888794,0.15616391599178314,-0.1016368716955185,0.999346911907196,CapturedFrames_-4.0_2.0_0.0/video.mp4#frame=61
61,RIGHT_EYE_INNER,0.4481135308742523,0.15800084173679352,-0.08397427201271057,0.9984461665153503,CapturedFrames_-4.0_2.0_0.0/video.mp4#frame=61
61,RIGHT_EYE,0.4487380087375641,0.15730492770671844,-0.08395358920097351,0.9981108903884888,CapturedFrames_-4.0_2.0_0.0/video.mp4#frame=61
61,RIGHT_EYE_OUTER,0.4494604170322418,0.15644221007823944,-0.08397035300731659,0.998024582862854,CapturedFrames_-4.0_2.0_0.0/video.mp4#frame=61
61,LEFT_EAR,0.4591001570224762,0.1574404090642929,-0.13096551597118378,0.9990143775939941,CapturedFrames_-4.0_2.0_0.0/video.mp4#frame=61
61,RIGHT_EAR,0.45798927545547485,0.1560077667236328,-0.05163993313908577,0.9969610571861267,CapturedFrames_-4.0_2.0_0.0/video.mp4#frame=61
61,MOUTH_LEFT,0.4501751959323883,0.17704421281814575,-0.09764599055051804,0.9990680813789368,CapturedFrames_-4.0_2.0_0.0/video.mp4#frame=61
61,MOUTH_RIGHT,0.44915103912353516,0.17754267156124115,-0.07470658421516418,0.9979318380355835,CapturedFrames_-4.0_2.0_0.0/video.mp4#frame=61
61,LEFT_SHOULDER,0.47325649857521057,0.21587689220905304,-0.16434180736541748,0.9999603033065796,CapturedFrames_-4.0_2.0_0.0/video.mp4#frame=61
61,RIGHT_SHOULDER,0.4732913374900818,0.20411737263202667,-0.000602815009187907,0.9989185333251953,CapturedFrames_-4.0_2.0_0.0/video.mp4#frame=61
61,LEFT_ELBOW,0.46837300062179565,0.29873108863830566,-0.18380780518054962,0.9848752617835999,CapturedFrames_-4.0_2.0_0.0/video.mp4#frame=61
61,RIGHT_ELBOW,0.4749876856803894,0.27013152837753296,0.025467608124017715,0.042869683355093,CapturedFrames_-4.0_2.0_0.0/video.mp4#frame=61
61,LEFT_WRIST,0.45760470628738403,0.3653303384780884,-0.16629356145858765,0.9528802633285522,CapturedFrames_-4.0_2.0_0.0/video.mp4#frame=61
61,RIGHT_WRIST,0.47105875611305237,0.33329519629478455,0.0028367177583277225,0.03165882080793381,CapturedFrames_-4.0_2.0_0.0/video.mp4#frame=61
61,LEFT_PINKY,0.4569615423679352,0.38670408725738525,-0.18420016765594482,0.922447681427002,CapturedFrames_-4.0_2.0_0.0/video.mp4#frame=61
61,RIGHT_PINKY,0.47059494256973267,0.3483293950557709,0.0022487768437713385,0.040129728615283966,CapturedFrames_-4.0_2.0_0.0/video.mp4#frame=61
61,LEFT_INDEX,0.4551277756690979,0.3869829475879669,-0.179292231798172,0.9244611859321594,CapturedFrames_-4.0_2.0_0.0/video.mp4#frame=61
61,RIGHT_INDEX,0.46884384751319885,0.3490310311317444,-0.01459113322198391,0.04070018604397774,CapturedFrames_-4.0_2.0_0.0/video.mp4#frame=61
61,LEFT_THUMB,0.455649197101593,0.38081738352775574,-0.16387951374053955,0.8942769169807434,CapturedFrames_-4.0_2.0_0.0/video.mp4#frame=61
61,RIGHT_THUMB,0.46959489583969116,0.3439066410064697,-0.005314472131431103,0.04305165261030197,CapturedFrames_-4.0_2.0_0.0/video.mp4#frame=61
61,LEFT_HIP,0.47473734617233276,0.3541163206100464,-0.05365290492773056,0.9996428489685059,CapturedFrames_-4.0_2.0_0.0/video.mp4#frame=61
61,RIGHT_HIP,0.47207561135292053,0.3496277332305908,0.05354280024766922,0.9989703893661499,CapturedFrames_-4.0_2.0_0.0/video.mp4#frame=61
61,LEFT_KNEE,0.464233934879303,0.43449023365974426,0.02858022227883339,0.9761241674423218,CapturedFrames_-4.0_2.0_0.0/video.mp4#frame=61
61,RIGHT_KNEE,0.4580931067466736,0.41947120428085327,0.14712218940258026,0.5861429572105408,CapturedFrames_-4.0_2.0_0.0/video.mp4#frame=61
61,LEFT_ANKLE,0.5093279480934143,0.4895564615726471,0.12352049350738525,0.968887984752655,CapturedFrames_-4.0_2.0_0.0/video.mp4#frame=61
61,RIGHT_ANKLE,0.46408289670944214,0.4847855865955353,0.26819857954978943,0.6437708139419556,CapturedFrames_-4.0_2.0_0.0/video.mp4#frame=61
61,LEFT_HEEL,0.519192099571228,0.48931074142456055,0.13326092064380646,0.9499567151069641,CapturedFrames_-4.0_2.0_0.0/video.mp4#frame=61
61,RIGHT_HEEL,0.4656468331813812,0.49988195300102234,0.2800538241863251,0.6967234015464783,CapturedFrames_-4.0_2.0_0.0/video.mp4#frame=61
61,LEFT_FOOT_INDEX,0.4992184042930603,0.5313141345977783,0.10469868034124374,0.9620533585548401,CapturedFrames_-4.0_2.0_0.0/video.mp4#frame=61
61,RIGHT_FOOT_INDEX,0.43954211473464966,0.5059767961502075,0.268483966588974,0.7153570055961609,CapturedFrames_-4.0_2.0_0.0/video.mp4#frame=61
62,NOSE,0.4399375021457672,0.16845671832561493,-0.06270445883274078,0.9979064464569092,CapturedFrames_-4.0_2.0_0.0/video.mp4#frame=62
62,LEFT_EYE_INNER,0.4424743056297302,0.1565617322921753,-0.07452569901943207,0.9984985589981079,CapturedFrames_-4.0_2.0_0.0/video.mp4#frame=62
62,LEFT_EYE,0.44347673654556274,0.15619389712810516,-0.07453439384698868,0.9985963702201843,CapturedFrames_-4.0_2.0_0.0/video.mp4#frame=62
62,LEFT_EYE_OUTER,0.44445767998695374,0.15580110251903534,-0.07455696165561676,0.998744010925293,CapturedFrames_-4.0_2.0_0.0/video.mp4#frame=62
62,RIGHT_EYE_INNER,0.4418364465236664,0.1563543975353241,-0.05883338302373886,0.9970515966415405,CapturedFrames_-4.0_2.0_0.0/video.mp4#frame=62
62,RIGHT_EYE,0.442391961812973,0.15586712956428528,-0.05882551521062851,0.99649977684021,CapturedFrames_-4.0_2.0_0.0/video.mp4#frame=62
62,RIGHT_EYE_OUTER,0.4430219531059265,0.1552124321460724,-0.05885203555226326,0.9967069029808044,CapturedFrames_-4.0_2.0_0.0/video.mp4#frame=62
62,LEFT_EAR,0.4526168704032898,0.1577572077512741,-0.10385136306285858,0.9983943104743958,CapturedFrames_-4.0_2.0_0.0/video.mp4#frame=62
62,RIGHT_EAR,0.4517611563205719,0.1554994136095047,-0.033976875245571136,0.996403694152832,CapturedFrames_-4.0_2.0_0.0/video.mp4#frame=62
62,MOUTH_LEFT,0.44437751173973083,0.1760217547416687,-0.07062451541423798,0.9980079531669617,CapturedFrames_-4.0_2.0_0.0/video.mp4#frame=62
62,MOUTH_RIGHT,0.44344109296798706,0.17576910555362701,-0.05046231672167778,0.9962672591209412,CapturedFrames_-4.0_2.0_0.0/video.mp4#frame=62
62,LEFT_SHOULDER,0.46512308716773987,0.21295176446437836,-0.13933320343494415,0.9998908042907715,CapturedFrames_-4.0_2.0_0.0/video.mp4#frame=62
62,RIGHT_SHOULDER,0.46861666440963745,0.19923913478851318,0.014388935640454292,0.9964183568954468,CapturedFrames_-4.0_2.0_0.0/video.mp4#frame=62
62,LEFT_ELBOW,0.4663752615451813,0.28868141770362854,-0.16290470957756042,0.9820234179496765,CapturedFrames_-4.0_2.0_0.0/video.mp4#frame=62
62,RIGHT_ELBOW,0.47367388010025024,0.25437867641448975,0.05684315413236618,0.034936126321554184,CapturedFrames_-4.0_2.0_0.0/video.mp4#frame=62
62,LEFT_WRIST,0.4588605761528015,0.3575242757797241,-0.15201377868652344,0.9346359372138977,CapturedFrames_-4.0_2.0_0.0/video.mp4#frame=62
62,RIGHT_WRIST,0.4723716676235199,0.2981436848640442,0.059523485600948334,0.03675999864935875,CapturedFrames_-4.0_2.0_0.0/video.mp4#frame=62
62,LEFT_PINKY,0.4590309262275696,0.3794267475605011,-0.16572274267673492,0.9043997526168823,CapturedFrames_-4.0_2.0_0.0/video.mp4#frame=62
62,RIGHT_PINKY,0.4733322262763977,0.3075300455093384,0.06336023658514023,0.05461921542882919,CapturedFrames_-4.0_2.0_0.0/video.mp4#frame=62
62,LEFT_INDEX,0.45639222860336304,0.37802577018737793,-0.16071560978889465,0.9056059718132019,CapturedFrames_-4.0_2.0_0.0/video.mp4#frame=62
62,RIGHT_INDEX,0.471271812915802,0.3068094551563263,0.04771987348794937,0.05554476007819176,CapturedFrames_-4.0_2.0_0.0/video.mp4#frame=62
62,LEFT_THUMB,0.4569534361362457,0.36869266629219055,-0.149082750082016,0.88176429271698,CapturedFrames_-4.0_2.0_0.0/video.mp4#frame=62
62,RIGHT_THUMB,0.4709418714046478,0.304701566696167,0.05281650274991989,0.05693165585398674,CapturedFrames_-4.0_2.0_0.0/video.mp4#frame=62
62,LEFT_HIP,0.4688794016838074,0.3493683338165283,-0.05420059710741043,0.9988364577293396,CapturedFrames_-4.0_2.0_0.0/video.mp4#frame=62
62,RIGHT_HIP,0.47214967012405396,0.34278401732444763,0.05417757108807564,0.9959020018577576,CapturedFrames_-4.0_2.0_0.0/video.mp4#frame=62
62,LEFT_KNEE,0.4501768946647644,0.432528018951416,-0.0006188162369653583,0.9674840569496155,CapturedFrames_-4.0_2.0_0.0/video.mp4#frame=62
62,RIGHT_KNEE,0.4506738781929016,0.4210580289363861,0.10991030931472778,0.36963534355163574,CapturedFrames_-4.0_2.0_0.0/video.mp4#frame=62
62,LEFT_ANKLE,0.4855878949165344,0.4926207363605499,0.07054471224546432,0.9540621042251587,CapturedFrames_-4.0_2.0_0.0/video.mp4#frame=62
62,RIGHT_ANKLE,0.47079867124557495,0.48555076122283936,0.19739721715450287,0.3589055836200714,CapturedFrames_-4.0_2.0_0.0/video.mp4#frame=62
62,LEFT_HEEL,0.4998766779899597,0.4955398440361023,0.07887399196624756,0.955765426158905,CapturedFrames_-4.0_2.0_0.0/video.mp4#frame=62
62,RIGHT_HEEL,0.4785529673099518,0.4941689670085907,0.20653453469276428,0.5285266041755676,CapturedFrames_-4.0_2.0_0.0/video.mp4#frame=62
62,LEFT_FOOT_INDEX,0.4720476269721985,0.5259054899215698,0.06407058984041214,0.9409410357475281,CapturedFrames_-4.0_2.0_0.0/video.mp4#frame=62
62,RIGHT_FOOT_INDEX,0.45127958059310913,0.5097992420196533,0.2031611204147339,0.47248029708862305,CapturedFrames_-4.0_2.0_0.0/video.mp4#frame=62
63,NOSE,0.42960482835769653,0.16367599368095398,-0.036659710109233856,0.9965129494667053,CapturedFrames_-4.0_2.0_0.0/video.mp4#frame=63
63,LEFT_EYE_INNER,0.43248265981674194,0.15178516507148743,-0.04882260784506798,0.9970261454582214,CapturedFrames_-4.0_2.0_0.0/video.mp4#frame=63
63,LEFT_EYE,0.43353599309921265,0.15109342336654663,-0.04886142164468765,0.9975007176399231,CapturedFrames_-4.0_2.0_0.0/video.mp4#frame=63
63,LEFT_EYE_OUTER,0.4346199035644531,0.15036481618881226,-0.048897869884967804,0.9975928664207458,CapturedFrames_-4.0_2.0_0.0/video.mp4#frame=63
63,RIGHT_EYE_INNER,0.4320903718471527,0.1515335738658905,-0.030996859073638916,0.9952358603477478,CapturedFrames_-4.0_2.0_0.0/video.mp4#frame=63
63,RIGHT_EYE,0.4328300952911377,0.1506483256816864,-0.030963966622948647,0.9951024055480957,CapturedFrames_-4.0_2.0_0.0/video.mp4#frame=63
63,RIGHT_EYE_OUTER,0.4336981177330017,0.1495644748210907,-0.031004663556814194,0.995013415813446,CapturedFrames_-4.0_2.0_0.0/video.mp4#frame=63
63,LEFT_EAR,0.4430873394012451,0.15218612551689148,-0.08392879366874695,0.9966905117034912,CapturedFrames_-4.0_2.0_0.0/video.mp4#frame=63
63,RIGHT_EAR,0.4420846104621887,0.14972099661827087,-0.004607159178704023,0.9926002025604248,CapturedFrames_-4.0_2.0_0.0/video.mp4#frame=63
63,MOUTH_LEFT,0.43537983298301697,0.1711241602897644,-0.04713178798556328,0.9961094260215759,CapturedFrames_-4.0_2.0_0.0/video.mp4#frame=63
63,MOUTH_RIGHT,0.4347268044948578,0.17098796367645264,-0.02414564974606037,0.9929876923561096,CapturedFrames_-4.0_2.0_0.0/video.mp4#frame=63
63,LEFT_SHOULDER,0.45644110441207886,0.20608694851398468,-0.1267109513282776,0.9998705387115479,CapturedFrames_-4.0_2.0_0.0/video.mp4#frame=63
63,RIGHT_SHOULDER,0.46128273010253906,0.19814136624336243,0.03872453048825264,0.9965685606002808,CapturedFrames_-4.0_2.0_0.0/video.mp4#frame=63
63,LEFT_ELBOW,0.4621449410915375,0.28513818979263306,-0.15338167548179626,0.9796993136405945,CapturedFrames_-4.0_2.0_0.0/video.mp4#frame=63
63,RIGHT_ELBOW,0.46690016984939575,0.270746111869812,0.07372362166643143,0.055727869272232056,CapturedFrames_-4.0_2.0_0.0/video.mp4#frame=63
63,LEFT_WRIST,0.4568205773830414,0.36133578419685364,-0.1431310474872589,0.962184488773346,CapturedFrames_-4.0_2.0_0.0/video.mp4#frame=63
63,RIGHT_WRIST,0.465115487575531,0.32949554920196533,0.053021349012851715,0.0823107659816742,CapturedFrames_-4.0_2.0_0.0/video.mp4#frame=63
63,LEFT_PINKY,0.45705825090408325,0.3827773332595825,-0.15793465077877045,0.9454057812690735,CapturedFrames_-4.0_2.0_0.0/video.mp4#frame=63
63,RIGHT_PINKY,0.4639279246330261,0.353884220123291,0.05596369504928589,0.12837132811546326,CapturedFrames_-4.0_2.0_0.0/video.mp4#frame=63
63,LEFT_INDEX,0.45532792806625366,0.3819040060043335,-0.1520557999610901,0.9430302977561951,CapturedFrames_-4.0_2.0_0.0/video.mp4#frame=63
63,RIGHT_INDEX,0.46134471893310547,0.35380178689956665,0.03758954629302025,0.13164223730564117,CapturedFrames_-4.0_2.0_0.0/video.mp4#frame=63
63,LEFT_THUMB,0.4554005265235901,0.3736777901649475,-0.13940556347370148,0.9222253561019897,CapturedFrames_-4.0_2.0_0.0/video.mp4#frame=63
63,RIGHT_THUMB,0.4621824622154236,0.34384626150131226,0.044830579310655594,0.13582797348499298,CapturedFrames_-4.0_2.0_0.0/video.mp4#frame=63
63,LEFT_HIP,0.45759397745132446,0.35485613346099854,-0.0556463785469532,0.9977039694786072,CapturedFrames_-4.0_2.0_0.0/video.mp4#frame=63
63,RIGHT_HIP,0.4627297520637512,0.3440893590450287,0.05564286559820175,0.993144154548645,CapturedFrames_-4.0_2.0_0.0/video.mp4#frame=63
63,LEFT_KNEE,0.447716623544693,0.4373827576637268,0.004298180341720581,0.8590293526649475,CapturedFrames_-4.0_2.0_0.0/video.mp4#frame=63
63,RIGHT_KNEE,0.4494374394416809,0.4161348044872284,0.11574791371822357,0.08550390601158142,CapturedFrames_-4.0_2.0_0.0/video.mp4#frame=63
63,LEFT_ANKLE,0.4658986032009125,0.5059369802474976,0.07627367228269577,0.7567741274833679,CapturedFrames_-4.0_2.0_0.0/video.mp4#frame=63
63,RIGHT_ANKLE,0.46538132429122925,0.4885517656803131,0.2005908191204071,0.07506705820560455,CapturedFrames_-4.0_2.0_0.0/video.mp4#frame=63
63,LEFT_HEEL,0.4770185053348541,0.518740713596344,0.0842670351266861,0.8723642826080322,CapturedFrames_-4.0_2.0_0.0/video.mp4#frame=63
63,RIGHT_HEEL,0.47446101903915405,0.5010581612586975,0.2099819928407669,0.2232358306646347,CapturedFrames_-4.0_2.0_0.0/video.mp4#frame=63
63,LEFT_FOOT_INDEX,0.4433383345603943,0.5277428030967712,0.06900443136692047,0.7522858381271362,CapturedFrames_-4.0_2.0_0.0/video.mp4#frame=63
63,RIGHT_FOOT_INDEX,0.4454154372215271,0.5089656710624695,0.20835861563682556,0.15027044713497162,CapturedFrames_-4.0_2.0_0.0/video.mp4#frame=63
64,NOSE,0.4259651303291321,0.16079962253570557,-0.03576480969786644,0.9982507824897766,CapturedFrames_-4.0_2.0_0.0/video.mp4#frame=64
64,LEFT_EYE_INNER,0.42782196402549744,0.1495017409324646,-0.048164088279008865,0.9983308911323547,CapturedFrames_-4.0_2.0_0.0/video.mp4#frame=64
64,LEFT_EYE,0.42851847410202026,0.14897871017456055,-0.04819768667221069,0.9986991882324219,CapturedFrames_-4.0_2.0_0.0/video.mp4#frame=64
64,LEFT_EYE_OUTER,0.4291538596153259,0.1484203040599823,-0.048226553946733475,0.9987789988517761,CapturedFrames_-4.0_2.0_0.0/video.mp4#frame=64
64,RIGHT_EYE_INNER,0.4278361201286316,0.14882892370224,-0.031713277101516724,0.997051477432251,CapturedFrames_-4.0_2.0_0.0/video.mp4#frame=64
64,RIGHT_EYE,0.42855921387672424,0.1478128433227539,-0.0316874124109745,0.9968265295028687,CapturedFrames_-4.0_2.0_0.0/video.mp4#frame=64
64,RIGHT_EYE_OUTER,0.42929497361183167,0.14662957191467285,-0.03173341229557991,0.9967312812805176,CapturedFrames_-4.0_2.0_0.0/video.mp4#frame=64
64,LEFT_EAR,0.4362252652645111,0.14984622597694397,-0.07904244214296341,0.9981243014335632,CapturedFrames_-4.0_2.0_0.0/video.mp4#frame=64
64,RIGHT_EAR,0.4370153844356537,0.14670217037200928,-0.00482542347162962,0.9948040843009949,CapturedFrames_-4.0_2.0_0.0/video.mp4#frame=64
64,MOUTH_LEFT,0.430274099111557,0.16758176684379578,-0.043719012290239334,0.997961163520813,CapturedFrames_-4.0_2.0_0.0/video.mp4#frame=64
64,MOUTH_RIGHT,0.4301028847694397,0.16741257905960083,-0.022223303094506264,0.9961560368537903,CapturedFrames_-4.0_2.0_0.0/video.mp4#frame=64
64,LEFT_SHOULDER,0.4469121992588043,0.20047296583652496,-0.11768881976604462,0.9999547004699707,CapturedFrames_-4.0_2.0_0.0/video.mp4#frame=64
64,RIGHT_SHOULDER,0.45543965697288513,0.19373664259910583,0.04357999190688133,0.9969063401222229,CapturedFrames_-4.0_2.0_0.0/video.mp4#frame=64
64,LEFT_ELBOW,0.45490771532058716,0.268487811088562,-0.151202991604805,0.987976610660553,CapturedFrames_-4.0_2.0_0.0/video.mp4#frame=64
64,RIGHT_ELBOW,0.45843595266342163,0.2636167109012604,0.07589802145957947,0.046865612268447876,CapturedFrames_-4.0_2.0_0.0/video.mp4#frame=64
64,LEFT_WRIST,0.4551982879638672,0.34754857420921326,-0.1627040058374405,0.9824225902557373,CapturedFrames_-4.0_2.0_0.0/video.mp4#frame=64
64,RIGHT_WRIST,0.454509973526001,0.32702624797821045,0.0522930808365345,0.11269721388816833,CapturedFrames_-4.0_2.0_0.0/video.mp4#frame=64
64,LEFT_PINKY,0.4561682343482971,0.3700205385684967,-0.18173475563526154,0.9731153845787048,CapturedFrames_-4.0_2.0_0.0/video.mp4#frame=64
64,RIGHT_PINKY,0.45273905992507935,0.3494446277618408,0.053828395903110504,0.15906356275081635,CapturedFrames_-4.0_2.0_0.0/video.mp4#frame=64
64,LEFT_INDEX,0.455169677734375,0.3693274259567261,-0.17672620713710785,0.9710595607757568,CapturedFrames_-4.0_2.0_0.0/video.mp4#frame=64
64,RIGHT_INDEX,0.4499582350254059,0.34841686487197876,0.03445112332701683,0.16221481561660767,CapturedFrames_-4.0_2.0_0.0/video.mp4#frame=64
64,LEFT_THUMB,0.4545097351074219,0.3606543242931366,-0.16011802852153778,0.9572138786315918,CapturedFrames_-4.0_2.0_0.0/video.mp4#frame=64
64,RIGHT_THUMB,0.4495667815208435,0.35704222321510315,0.0437256284058094,0.1626615971326828,CapturedFrames_-4.0_2.0_0.0/video.mp4#frame=64
64,LEFT_HIP,0.44874754548072815,0.3546594977378845,-0.05343957990407944,0.9989508390426636,CapturedFrames_-4.0_2.0_0.0/video.mp4#frame=64
64,RIGHT_HIP,0.4604092538356781,0.34497004747390747,0.0534433014690876,0.996066153049469,CapturedFrames_-4.0_2.0_0.0/video.mp4#frame=64
64,LEFT_KNEE,0.44102758169174194,0.4238837659358978,0.027268599718809128,0.9559450149536133,CapturedFrames_-4.0_2.0_0.0/video.mp4#frame=64
64,RIGHT_KNEE,0.44972720742225647,0.4065842926502228,0.14390195906162262,0.27439743280410767,CapturedFrames_-4.0_2.0_0.0/video.mp4#frame=64
64,LEFT_ANKLE,0.45446696877479553,0.5014520883560181,0.11117251962423325,0.9232213497161865,CapturedFrames_-4.0_2.0_0.0/video.mp4#frame=64
64,RIGHT_ANKLE,0.46294569969177246,0.483751505613327,0.2475350797176361,0.2356901317834854,CapturedFrames_-4.0_2.0_0.0/video.mp4#frame=64
64,LEFT_HEEL,0.4649350047111511,0.5183942914009094,0.12006191909313202,0.9207435250282288,CapturedFrames_-4.0_2.0_0.0/video.mp4#frame=64
64,RIGHT_HEEL,0.47174137830734253,0.4992130994796753,0.2592391073703766,0.36612367630004883,CapturedFrames_-4.0_2.0_0.0/video.mp4#frame=64
64,LEFT_FOOT_INDEX,0.4307628571987152,0.5300372838973999,0.10464118421077728,0.9076731204986572,CapturedFrames_-4.0_2.0_0.0/video.mp4#frame=64
64,RIGHT_FOOT_INDEX,0.44589051604270935,0.5038472414016724,0.2645990252494812,0.3778752386569977,CapturedFrames_-4.0_2.0_0.0/video.mp4#frame=64
65,NOSE,0.4154393672943115,0.1607312262058258,-0.02415952831506729,0.9983030557632446,CapturedFrames_-4.0_2.0_0.0/video.mp4#frame=65
65,LEFT_EYE_INNER,0.418971449136734,0.14943715929985046,-0.0382666178047657,0.9980025887489319,CapturedFrames_-4.0_2.0_0.0/video.mp4#frame=65
65,LEFT_EYE,0.42009395360946655,0.1492568552494049,-0.03831998258829117,0.9984979629516602,CapturedFrames_-4.0_2.0_0.0/video.mp4#frame=65
65,LEFT_EYE_OUTER,0.42125755548477173,0.14900997281074524,-0.03835967928171158,0.9983692765235901,CapturedFrames_-4.0_2.0_0.0/video.mp4#frame=65
65,RIGHT_EYE_INNER,0.4181808531284332,0.14814144372940063,-0.02146853134036064,0.9964563250541687,CapturedFrames_-4.0_2.0_0.0/video.mp4#frame=65
65,RIGHT_EYE,0.4187963008880615,0.1471809446811676,-0.02144073136150837,0.9963796734809875,CapturedFrames_-4.0_2.0_0.0/video.mp4#frame=65
65,RIGHT_EYE_OUTER,0.4195933938026428,0.14621323347091675,-0.02149871364235878,0.9956393241882324,CapturedFrames_-4.0_2.0_0.0/video.mp4#frame=65
65,LEFT_EAR,0.4295124411582947,0.15031033754348755,-0.07486314326524734,0.9980273842811584,CapturedFrames_-4.0_2.0_0.0/video.mp4#frame=65
65,RIGHT_EAR,0.42831188440322876,0.14685630798339844,0.0006941220490261912,0.9940330386161804,CapturedFrames_-4.0_2.0_0.0/video.mp4#frame=65
65,MOUTH_LEFT,0.4210953116416931,0.16850125789642334,-0.033774252980947495,0.9972238540649414,CapturedFrames_-4.0_2.0_0.0/video.mp4#frame=65
65,MOUTH_RIGHT,0.4199267029762268,0.16767153143882751,-0.011989331804215908,0.9949434399604797,CapturedFrames_-4.0_2.0_0.0/video.mp4#frame=65
65,LEFT_SHOULDER,0.4416179060935974,0.20551404356956482,-0.11120019853115082,0.9999005794525146,CapturedFrames_-4.0_2.0_0.0/video.mp4#frame=65
65,RIGHT_SHOULDER,0.4469010829925537,0.19111114740371704,0.04178972542285919,0.9971941709518433,CapturedFrames_-4.0_2.0_0.0/video.mp4#frame=65
65,LEFT_ELBOW,0.4523264765739441,0.2781704366207123,-0.13199111819267273,0.9810607433319092,CapturedFrames_-4.0_2.0_0.0/video.mp4#frame=65
65,RIGHT_ELBOW,0.448477178812027,0.2530192732810974,0.07009753584861755,0.04578937590122223,CapturedFrames_-4.0_2.0_0.0/video.mp4#frame=65
65,LEFT_WRIST,0.456320583820343,0.34709638357162476,-0.11886049807071686,0.9695819616317749,CapturedFrames_-4.0_2.0_0.0/video.mp4#frame=65
65,RIGHT_WRIST,0.44163721799850464,0.3255064785480499,0.045860324054956436,0.09889405220746994,CapturedFrames_-4.0_2.0_0.0/video.mp4#frame=65
65,LEFT_PINKY,0.46094614267349243,0.3689148426055908,-0.1319763958454132,0.9568443894386292,CapturedFrames_-4.0_2.0_0.0/video.mp4#frame=65
65,RIGHT_PINKY,0.4342367649078369,0.3312528133392334,0.048133477568626404,0.13318587839603424,CapturedFrames_-4.0_2.0_0.0/video.mp4#frame=65
65,LEFT_INDEX,0.45799127221107483,0.3666081428527832,-0.1288662701845169,0.9547880291938782,CapturedFrames_-4.0_2.0_0.0/video.mp4#frame=65
65,RIGHT_INDEX,0.4319687783718109,0.3294217586517334,0.029818538576364517,0.13651670515537262,CapturedFrames_-4.0_2.0_0.0/video.mp4#frame=65
65,LEFT_THUMB,0.4554310739040375,0.3578667640686035,-0.11644737422466278,0.9412307739257812,CapturedFrames_-4.0_2.0_0.0/video.mp4#frame=65
65,RIGHT_THUMB,0.4352475106716156,0.3245157301425934,0.037365254014730453,0.14313241839408875,CapturedFrames_-4.0_2.0_0.0/video.mp4#frame=65
65,LEFT_HIP,0.43897300958633423,0.3586125671863556,-0.049663789570331573,0.999152660369873,CapturedFrames_-4.0_2.0_0.0/video.mp4#frame=65
65,RIGHT_HIP,0.4523720145225525,0.34092265367507935,0.049637001007795334,0.9965856075286865,CapturedFrames_-4.0_2.0_0.0/video.mp4#frame=65
65,LEFT_KNEE,0.4315147399902344,0.41969799995422363,0.021560780704021454,0.9580637812614441,CapturedFrames_-4.0_2.0_0.0/video.mp4#frame=65
65,RIGHT_KNEE,0.4610099196434021,0.42142432928085327,0.14026416838169098,0.3905579447746277,CapturedFrames_-4.0_2.0_0.0/video.mp4#frame=65
65,LEFT_ANKLE,0.43317848443984985,0.5022178888320923,0.10110261291265488,0.9074824452400208,CapturedFrames_-4.0_2.0_0.0/video.mp4#frame=65
65,RIGHT_ANKLE,0.46711310744285583,0.4745458960533142,0.23935571312904358,0.30143871903419495,CapturedFrames_-4.0_2.0_0.0/video.mp4#frame=65
65,LEFT_HEEL,0.44069844484329224,0.517707347869873,0.10979268699884415,0.9185574054718018,CapturedFrames_-4.0_2.0_0.0/video.mp4#frame=65
65,RIGHT_HEEL,0.47237247228622437,0.4930277466773987,0.25148722529411316,0.5083898901939392,CapturedFrames_-4.0_2.0_0.0/video.mp4#frame=65
65,LEFT_FOOT_INDEX,0.4104788899421692,0.5210777521133423,0.10212016105651855,0.8533796668052673,CapturedFrames_-4.0_2.0_0.0/video.mp4#frame=65
65,RIGHT_FOOT_INDEX,0.4536222517490387,0.48634716868400574,0.2642192840576172,0.3471337556838989,CapturedFrames_-4.0_2.0_0.0/video.mp4#frame=65
66,NOSE,0.40943846106529236,0.1635291576385498,-0.06330487877130508,0.999828577041626,CapturedFrames_-4.0_2.0_0.0/video.mp4#frame=66
66,LEFT_EYE_INNER,0.4120510220527649,0.1527867317199707,-0.07611314952373505,0.9997767806053162,CapturedFrames_-4.0_2.0_0.0/video.mp4#frame=66
66,LEFT_EYE,0.4129090905189514,0.15257078409194946,-0.0761408731341362,0.9998524188995361,CapturedFrames_-4.0_2.0_0.0/video.mp4#frame=66
66,LEFT_EYE_OUTER,0.41372328996658325,0.15234839916229248,-0.0761692002415657,0.9998452663421631,CapturedFrames_-4.0_2.0_0.0/video.mp4#frame=66
66,RIGHT_EYE_INNER,0.4118039011955261,0.15149641036987305,-0.05813206359744072,0.9995837807655334,CapturedFrames_-4.0_2.0_0.0/video.mp4#frame=66
66,RIGHT_EYE,0.41255420446395874,0.1503201425075531,-0.05811800807714462,0.9995717406272888,CapturedFrames_-4.0_2.0_0.0/video.mp4#frame=66
66,RIGHT_EYE_OUTER,0.41338080167770386,0.14899346232414246,-0.05815520137548447,0.999444305896759,CapturedFrames_-4.0_2.0_0.0/video.mp4#frame=66
66,LEFT_EAR,0.42148441076278687,0.15364259481430054,-0.10450299084186554,0.9998127818107605,CapturedFrames_-4.0_2.0_0.0/video.mp4#frame=66
66,RIGHT_EAR,0.4212854504585266,0.1488519012928009,-0.023881586268544197,0.9992992877960205,CapturedFrames_-4.0_2.0_0.0/video.mp4#frame=66
66,MOUTH_LEFT,0.41457754373550415,0.1707257777452469,-0.0703786313533783,0.9997691512107849,CapturedFrames_-4.0_2.0_0.0/video.mp4#frame=66
66,MOUTH_RIGHT,0.4141489863395691,0.16960228979587555,-0.047004394233226776,0.9994800686836243,CapturedFrames_-4.0_2.0_0.0/video.mp4#frame=66
66,LEFT_SHOULDER,0.4357662796974182,0.21243980526924133,-0.1313486099243164,0.9999850988388062,CapturedFrames_-4.0_2.0_0.0/video.mp4#frame=66
66,RIGHT_SHOULDER,0.43824300169944763,0.19317777454853058,0.029731493443250656,0.9992048144340515,CapturedFrames_-4.0_2.0_0.0/video.mp4#frame=66
66,LEFT_ELBOW,0.4471583962440491,0.28108900785446167,-0.1589685082435608,0.9958298802375793,CapturedFrames_-4.0_2.0_0.0/video.mp4#frame=66
66,RIGHT_ELBOW,0.43854981660842896,0.26221925020217896,0.085060253739357,0.1203780397772789,CapturedFrames_-4.0_2.0_0.0/video.mp4#frame=66
66,LEFT_WRIST,0.45566582679748535,0.3448047637939453,-0.17532502114772797,0.9944432377815247,CapturedFrames_-4.0_2.0_0.0/video.mp4#frame=66
66,RIGHT_WRIST,0.42056742310523987,0.30727601051330566,0.07213073968887329,0.35323360562324524,CapturedFrames_-4.0_2.0_0.0/video.mp4#frame=66
66,LEFT_PINKY,0.4614013731479645,0.3644854724407196,-0.19488680362701416,0.9898518919944763,CapturedFrames_-4.0_2.0_0.0/video.mp4#frame=66
66,RIGHT_PINKY,0.41504329442977905,0.3220813274383545,0.07317168265581131,0.3839365541934967,CapturedFrames_-4.0_2.0_0.0/video.mp4#frame=66
66,LEFT_INDEX,0.45876675844192505,0.36430639028549194,-0.1963006556034088,0.9895856976509094,CapturedFrames_-4.0_2.0_0.0/video.mp4#frame=66
66,RIGHT_INDEX,0.41459059715270996,0.3221248388290405,0.054161738604307175,0.39169132709503174,CapturedFrames_-4.0_2.0_0.0/video.mp4#frame=66
66,LEFT_THUMB,0.45591267943382263,0.357618510723114,-0.17552877962589264,0.9849845170974731,CapturedFrames_-4.0_2.0_0.0/video.mp4#frame=66
66,RIGHT_THUMB,0.4168074131011963,0.3191036283969879,0.06354261934757233,0.3932328224182129,CapturedFrames_-4.0_2.0_0.0/video.mp4#frame=66
66,LEFT_HIP,0.43597736954689026,0.35019388794898987,-0.048286452889442444,0.9995736479759216,CapturedFrames_-4.0_2.0_0.0/video.mp4#frame=66
66,RIGHT_HIP,0.4486461281776428,0.33253321051597595,0.04834899306297302,0.9981228709220886,CapturedFrames_-4.0_2.0_0.0/video.mp4#frame=66
66,LEFT_KNEE,0.42169421911239624,0.4131755530834198,0.014904570765793324,0.9737687706947327,CapturedFrames_-4.0_2.0_0.0/video.mp4#frame=66
66,RIGHT_KNEE,0.45052391290664673,0.3990575075149536,0.16480913758277893,0.5252510905265808,CapturedFrames_-4.0_2.0_0.0/video.mp4#frame=66
66,LEFT_ANKLE,0.4111230969429016,0.5009517073631287,0.0897630974650383,0.9621277451515198,CapturedFrames_-4.0_2.0_0.0/video.mp4#frame=66
66,RIGHT_ANKLE,0.47188717126846313,0.4753040373325348,0.28536316752433777,0.4649337828159332,CapturedFrames_-4.0_2.0_0.0/video.mp4#frame=66
66,LEFT_HEEL,0.41427740454673767,0.5209592580795288,0.09725034981966019,0.95624178647995,CapturedFrames_-4.0_2.0_0.0/video.mp4#frame=66
66,RIGHT_HEEL,0.4788334369659424,0.49084365367889404,0.2992086112499237,0.579874575138092,CapturedFrames_-4.0_2.0_0.0/video.mp4#frame=66
66,LEFT_FOOT_INDEX,0.3817806541919708,0.5170232057571411,0.07096663117408752,0.9464446902275085,CapturedFrames_-4.0_2.0_0.0/video.mp4#frame=66
66,RIGHT_FOOT_INDEX,0.45802026987075806,0.48786452412605286,0.30217230319976807,0.5814284086227417,CapturedFrames_-4.0_2.0_0.0/video.mp4#frame=66
67,NOSE,0.40200915932655334,0.16631834208965302,-0.10299356281757355,0.9999669790267944,CapturedFrames_-4.0_2.0_0.0/video.mp4#frame=67
67,LEFT_EYE_INNER,0.40491995215415955,0.1561717689037323,-0.11571569740772247,0.9999513626098633,CapturedFrames_-4.0_2.0_0.0/video.mp4#frame=67
67,LEFT_EYE,0.40604066848754883,0.15570276975631714,-0.1157146692276001,0.999967098236084,CapturedFrames_-4.0_2.0_0.0/video.mp4#frame=67
67,LEFT_EYE_OUTER,0.4071655869483948,0.15521588921546936,-0.11573837697505951,0.9999663829803467,CapturedFrames_-4.0_2.0_0.0/video.mp4#frame=67
67,RIGHT_EYE_INNER,0.40432029962539673,0.15536126494407654,-0.09799012541770935,0.9999123811721802,CapturedFrames_-4.0_2.0_0.0/video.mp4#frame=67
67,RIGHT_EYE,0.40497779846191406,0.15431872010231018,-0.09798595309257507,0.9999129772186279,CapturedFrames_-4.0_2.0_0.0/video.mp4#frame=67
67,RIGHT_EYE_OUTER,0.40572887659072876,0.15314826369285583,-0.09799303859472275,0.9998949766159058,CapturedFrames_-4.0_2.0_0.0/video.mp4#frame=67
67,LEFT_EAR,0.4156341552734375,0.15679937601089478,-0.14319610595703125,0.9999593496322632,CapturedFrames_-4.0_2.0_0.0/video.mp4#frame=67
67,RIGHT_EAR,0.41365963220596313,0.15361467003822327,-0.06348049640655518,0.9998451471328735,CapturedFrames_-4.0_2.0_0.0/video.mp4#frame=67
67,MOUTH_LEFT,0.4077676832675934,0.1744365692138672,-0.11001881211996078,0.9999617338180542,CapturedFrames_-4.0_2.0_0.0/video.mp4#frame=67
67,MOUTH_RIGHT,0.4067269265651703,0.17377795279026031,-0.08692456781864166,0.9999130964279175,CapturedFrames_-4.0_2.0_0.0/video.mp4#frame=67
67,LEFT_SHOULDER,0.4311605393886566,0.21522563695907593,-0.16079364717006683,0.9999904632568359,CapturedFrames_-4.0_2.0_0.0/video.mp4#frame=67
67,RIGHT_SHOULDER,0.43043678998947144,0.19726388156414032,-0.008510137908160686,0.9996355772018433,CapturedFrames_-4.0_2.0_0.0/video.mp4#frame=67
67,LEFT_ELBOW,0.4421002268791199,0.2856634855270386,-0.16196486353874207,0.9973570704460144,CapturedFrames_-4.0_2.0_0.0/video.mp4#frame=67
67,RIGHT_ELBOW,0.4324244558811188,0.26892876625061035,0.03886992111802101,0.21978145837783813,CapturedFrames_-4.0_2.0_0.0/video.mp4#frame=67
67,LEFT_WRIST,0.4529191553592682,0.34963804483413696,-0.1448841243982315,0.9940038323402405,CapturedFrames_-4.0_2.0_0.0/video.mp4#frame=67
67,RIGHT_WRIST,0.4115731120109558,0.30936548113822937,0.015184451825916767,0.46987199783325195,CapturedFrames_-4.0_2.0_0.0/video.mp4#frame=67
67,LEFT_PINKY,0.4592295289039612,0.36765262484550476,-0.16061024367809296,0.9872462749481201,CapturedFrames_-4.0_2.0_0.0/video.mp4#frame=67
67,RIGHT_PINKY,0.40647727251052856,0.32480528950691223,0.0125102074816823,0.4696596562862396,CapturedFrames_-4.0_2.0_0.0/video.mp4#frame=67
67,LEFT_INDEX,0.45755714178085327,0.3679802715778351,-0.16371949017047882,0.9874691963195801,CapturedFrames_-4.0_2.0_0.0/video.mp4#frame=67
67,RIGHT_INDEX,0.40510791540145874,0.32363858819007874,-0.007091502659022808,0.4813123345375061,CapturedFrames_-4.0_2.0_0.0/video.mp4#frame=67
67,LEFT_THUMB,0.45465365052223206,0.3616037964820862,-0.1452019214630127,0.9840142130851746,CapturedFrames_-4.0_2.0_0.0/video.mp4#frame=67
67,RIGHT_THUMB,0.40716832876205444,0.32028910517692566,0.005972766317427158,0.4785788059234619,CapturedFrames_-4.0_2.0_0.0/video.mp4#frame=67
67,LEFT_HIP,0.43046480417251587,0.35230785608291626,-0.04760545864701271,0.9996315240859985,CapturedFrames_-4.0_2.0_0.0/video.mp4#frame=67
67,RIGHT_HIP,0.4402293264865875,0.34014952182769775,0.047655414789915085,0.9984361529350281,CapturedFrames_-4.0_2.0_0.0/video.mp4#frame=67
67,LEFT_KNEE,0.4085523188114166,0.4236313998699188,0.021313192322850227,0.9897721409797668,CapturedFrames_-4.0_2.0_0.0/video.mp4#frame=67
67,RIGHT_KNEE,0.4503496289253235,0.412896990776062,0.1751561462879181,0.7054766416549683,CapturedFrames_-4.0_2.0_0.0/video.mp4#frame=67
67,LEFT_ANKLE,0.3944295644760132,0.49875015020370483,0.09193183481693268,0.9877638220787048,CapturedFrames_-4.0_2.0_0.0/video.mp4#frame=67
67,RIGHT_ANKLE,0.46900996565818787,0.47897636890411377,0.2985915541648865,0.7069783210754395,CapturedFrames_-4.0_2.0_0.0/video.mp4#frame=67
67,LEFT_HEEL,0.3964117765426636,0.5177491307258606,0.09836308658123016,0.9753713607788086,CapturedFrames_-4.0_2.0_0.0/video.mp4#frame=67
67,RIGHT_HEEL,0.47674360871315,0.4946504831314087,0.3126950263977051,0.7506104707717896,CapturedFrames_-4.0_2.0_0.0/video.mp4#frame=67
67,LEFT_FOOT_INDEX,0.361904501914978,0.5048717260360718,0.06500217318534851,0.9814650416374207,CapturedFrames_-4.0_2.0_0.0/video.mp4#frame=67
67,RIGHT_FOOT_INDEX,0.4483404755592346,0.492304265499115,0.3143567442893982,0.806878387928009,CapturedFrames_-4.0_2.0_0.0/video.mp4#frame=67
68,NOSE,0.39459991455078125,0.17042990028858185,-0.09450305253267288,0.9999961853027344,CapturedFrames_-4.0_2.0_0.0/video.mp4#frame=68
68,LEFT_EYE_INNER,0.3974590003490448,0.15978480875492096,-0.10493065416812897,0.9999936819076538,CapturedFrames_-4.0_2.0_0.0/video.mp4#frame=68
68,LEFT_EYE,0.39835140109062195,0.15955215692520142,-0.10491639375686646,0.9999948740005493,CapturedFrames_-4.0_2.0_0.0/video.mp4#frame=68
68,LEFT_EYE_OUTER,0.3992989957332611,0.15928010642528534,-0.10491880029439926,0.9999958276748657,CapturedFrames_-4.0_2.0_0.0/video.mp4#frame=68
68,RIGHT_EYE_INNER,0.39683210849761963,0.15916810929775238,-0.08778198063373566,0.9999899864196777,CapturedFrames_-4.0_2.0_0.0/video.mp4#frame=68
68,RIGHT_EYE,0.39742687344551086,0.15857891738414764,-0.0877867341041565,0.9999887943267822,CapturedFrames_-4.0_2.0_0.0/video.mp4#frame=68
68,RIGHT_EYE_OUTER,0.3981461226940155,0.1578683853149414,-0.08778522163629532,0.9999886751174927,CapturedFrames_-4.0_2.0_0.0/video.mp4#frame=68
68,LEFT_EAR,0.4068795144557953,0.1613171249628067,-0.12740492820739746,0.999993085861206,CapturedFrames_-4.0_2.0_0.0/video.mp4#frame=68
68,RIGHT_EAR,0.4055701196193695,0.15870262682437897,-0.0516570508480072,0.9999775886535645,CapturedFrames_-4.0_2.0_0.0/video.mp4#frame=68
68,MOUTH_LEFT,0.3993265926837921,0.1785343438386917,-0.10090690851211548,0.9999957084655762,CapturedFrames_-4.0_2.0_0.0/video.mp4#frame=68
68,MOUTH_RIGHT,0.398358553647995,0.17808346450328827,-0.07884551584720612,0.9999885559082031,CapturedFrames_-4.0_2.0_0.0/video.mp4#frame=68
68,LEFT_SHOULDER,0.42589277029037476,0.221516415476799,-0.1433965116739273,0.9999916553497314,CapturedFrames_-4.0_2.0_0.0/video.mp4#frame=68
68,RIGHT_SHOULDER,0.42050203680992126,0.20188391208648682,0.0005784181412309408,0.9997983574867249,CapturedFrames_-4.0_2.0_0.0/video.mp4#frame=68
68,LEFT_ELBOW,0.4397280216217041,0.2925255298614502,-0.14852452278137207,0.9965893030166626,CapturedFrames_-4.0_2.0_0.0/video.mp4#frame=68
68,RIGHT_ELBOW,0.41893473267555237,0.2685873210430145,0.040640585124492645,0.231951043009758,CapturedFrames_-4.0_2.0_0.0/video.mp4#frame=68
68,LEFT_WRIST,0.45186537504196167,0.3544190526008606,-0.13952669501304626,0.993273138999939,CapturedFrames_-4.0_2.0_0.0/video.mp4#frame=68
68,RIGHT_WRIST,0.39899641275405884,0.3050082325935364,0.020508665591478348,0.48118507862091064,CapturedFrames_-4.0_2.0_0.0/video.mp4#frame=68
68,LEFT_PINKY,0.4589826464653015,0.37300780415534973,-0.15561580657958984,0.984451413154602,CapturedFrames_-4.0_2.0_0.0/video.mp4#frame=68
68,RIGHT_PINKY,0.3921281397342682,0.32020699977874756,0.01807284913957119,0.46423301100730896,CapturedFrames_-4.0_2.0_0.0/video.mp4#frame=68
68,LEFT_INDEX,0.4549996852874756,0.3751349449157715,-0.15997901558876038,0.9844472408294678,CapturedFrames_-4.0_2.0_0.0/video.mp4#frame=68
68,RIGHT_INDEX,0.3920247256755829,0.3190958499908447,-0.00134110520593822,0.4778761863708496,CapturedFrames_-4.0_2.0_0.0/video.mp4#frame=68
68,LEFT_THUMB,0.45185619592666626,0.36789384484291077,-0.1409359872341156,0.9797601103782654,CapturedFrames_-4.0_2.0_0.0/video.mp4#frame=68
68,RIGHT_THUMB,0.3940204083919525,0.314752459526062,0.011167064309120178,0.4956606328487396,CapturedFrames_-4.0_2.0_0.0/video.mp4#frame=68
68,LEFT_HIP,0.42964476346969604,0.35027268528938293,-0.043419599533081055,0.9997240900993347,CapturedFrames_-4.0_2.0_0.0/video.mp4#frame=68
68,RIGHT_HIP,0.43321067094802856,0.3410930335521698,0.0434793159365654,0.9992221593856812,CapturedFrames_-4.0_2.0_0.0/video.mp4#frame=68
68,LEFT_KNEE,0.399757444858551,0.41281673312187195,0.015598779544234276,0.9844216108322144,CapturedFrames_-4.0_2.0_0.0/video.mp4#frame=68
68,RIGHT_KNEE,0.44597309827804565,0.41451624035835266,0.15350237488746643,0.7420640587806702,CapturedFrames_-4.0_2.0_0.0/video.mp4#frame=68
68,LEFT_ANKLE,0.38004910945892334,0.49777570366859436,0.07402627915143967,0.9907190203666687,CapturedFrames_-4.0_2.0_0.0/video.mp4#frame=68
68,RIGHT_ANKLE,0.4656603932380676,0.47706592082977295,0.26002153754234314,0.8289007544517517,CapturedFrames_-4.0_2.0_0.0/video.mp4#frame=68
68,LEFT_HEEL,0.3809567093849182,0.518700361251831,0.07852364331483841,0.9867766499519348,CapturedFrames_-4.0_2.0_0.0/video.mp4#frame=68
68,RIGHT_HEEL,0.4728550314903259,0.4919990003108978,0.27127447724342346,0.859940767288208,CapturedFrames_-4.0_2.0_0.0/video.mp4#frame=68
68,LEFT_FOOT_INDEX,0.3520200848579407,0.4924285411834717,0.04229288548231125,0.9846232533454895,CapturedFrames_-4.0_2.0_0.0/video.mp4#frame=68
68,RIGHT_FOOT_INDEX,0.43972402811050415,0.4910035729408264,0.2632707953453064,0.8722847700119019,CapturedFrames_-4.0_2.0_0.0/video.mp4#frame=68
69,NOSE,0.3868728280067444,0.17267200350761414,-0.10075770318508148,0.999998927116394,CapturedFrames_-4.0_2.0_0.0/video.mp4#frame=69
69,LEFT_EYE_INNER,0.3897567689418793,0.16224351525306702,-0.11074131727218628,0.9999977350234985,CapturedFrames_-4.0_2.0_0.0/video.mp4#frame=69
69,LEFT_EYE,0.39058786630630493,0.16215075552463531,-0.11072530597448349,0.9999982118606567,CapturedFrames_-4.0_2.0_0.0/video.mp4#frame=69
69,LEFT_EYE_OUTER,0.391446053981781,0.16211849451065063,-0.11072927713394165,0.9999985694885254,CapturedFrames_-4.0_2.0_0.0/video.mp4#frame=69
69,RIGHT_EYE_INNER,0.389421671628952,0.1612972617149353,-0.09391091018915176,0.999996542930603,CapturedFrames_-4.0_2.0_0.0/video.mp4#frame=69
69,RIGHT_EYE,0.39011871814727783,0.16055387258529663,-0.09390914440155029,0.9999959468841553,CapturedFrames_-4.0_2.0_0.0/video.mp4#frame=69
69,RIGHT_EYE_OUTER,0.39088237285614014,0.15984290838241577,-0.09390543401241302,0.9999958276748657,CapturedFrames_-4.0_2.0_0.0/video.mp4#frame=69
69,LEFT_EAR,0.39873388409614563,0.16575179994106293,-0.1315108686685562,0.9999972581863403,CapturedFrames_-4.0_2.0_0.0/video.mp4#frame=69
69,RIGHT_EAR,0.39822447299957275,0.16266952455043793,-0.05705029517412186,0.9999918937683105,CapturedFrames_-4.0_2.0_0.0/video.mp4#frame=69
69,MOUTH_LEFT,0.3915335237979889,0.18180768191814423,-0.10656692832708359,0.9999988079071045,CapturedFrames_-4.0_2.0_0.0/video.mp4#frame=69
69,MOUTH_RIGHT,0.39091789722442627,0.1808529794216156,-0.08487533777952194,0.9999967813491821,CapturedFrames_-4.0_2.0_0.0/video.mp4#frame=69
69,LEFT_SHOULDER,0.41755008697509766,0.22868040204048157,-0.1440923511981964,0.9999959468841553,CapturedFrames_-4.0_2.0_0.0/video.mp4#frame=69
69,RIGHT_SHOULDER,0.411533921957016,0.20291046798229218,-0.005171685479581356,0.9999263286590576,CapturedFrames_-4.0_2.0_0.0/video.mp4#frame=69
69,LEFT_ELBOW,0.4313008189201355,0.29748767614364624,-0.15373174846172333,0.9967446327209473,CapturedFrames_-4.0_2.0_0.0/video.mp4#frame=69
69,RIGHT_ELBOW,0.40588897466659546,0.2653726637363434,0.04857107996940613,0.3139951825141907,CapturedFrames_-4.0_2.0_0.0/video.mp4#frame=69
69,LEFT_WRIST,0.4455109238624573,0.35719436407089233,-0.15318883955478668,0.9936988353729248,CapturedFrames_-4.0_2.0_0.0/video.mp4#frame=69
69,RIGHT_WRIST,0.3859870433807373,0.3054569363594055,0.050330810248851776,0.6501287817955017,CapturedFrames_-4.0_2.0_0.0/video.mp4#frame=69
69,LEFT_PINKY,0.45403116941452026,0.37572619318962097,-0.16998012363910675,0.9860348701477051,CapturedFrames_-4.0_2.0_0.0/video.mp4#frame=69
69,RIGHT_PINKY,0.3804427683353424,0.32004159688949585,0.04961954429745674,0.6294108033180237,CapturedFrames_-4.0_2.0_0.0/video.mp4#frame=69
69,LEFT_INDEX,0.450659841299057,0.3780743181705475,-0.1760723739862442,0.9863327145576477,CapturedFrames_-4.0_2.0_0.0/video.mp4#frame=69
69,RIGHT_INDEX,0.3801209032535553,0.3197207450866699,0.03162381798028946,0.6427171230316162,CapturedFrames_-4.0_2.0_0.0/video.mp4#frame=69
69,LEFT_THUMB,0.4467621445655823,0.3713793158531189,-0.155533567070961,0.9821173548698425,CapturedFrames_-4.0_2.0_0.0/video.mp4#frame=69
69,RIGHT_THUMB,0.381841778755188,0.3151589035987854,0.04224107787013054,0.658902645111084,CapturedFrames_-4.0_2.0_0.0/video.mp4#frame=69
69,LEFT_HIP,0.42214900255203247,0.3527253568172455,-0.04289696738123894,0.9998852014541626,CapturedFrames_-4.0_2.0_0.0/video.mp4#frame=69
69,RIGHT_HIP,0.42751485109329224,0.34319403767585754,0.04300042986869812,0.999704897403717,CapturedFrames_-4.0_2.0_0.0/video.mp4#frame=69
69,LEFT_KNEE,0.3914560079574585,0.4164579510688782,0.005321214906871319,0.9869275689125061,CapturedFrames_-4.0_2.0_0.0/video.mp4#frame=69
69,RIGHT_KNEE,0.443272203207016,0.4152706265449524,0.16684146225452423,0.7756537199020386,CapturedFrames_-4.0_2.0_0.0/video.mp4#frame=69
69,LEFT_ANKLE,0.36928945779800415,0.5021180510520935,0.052525319159030914,0.9941709637641907,CapturedFrames_-4.0_2.0_0.0/video.mp4#frame=69
69,RIGHT_ANKLE,0.4660945534706116,0.4782174527645111,0.28672417998313904,0.8777665495872498,CapturedFrames_-4.0_2.0_0.0/video.mp4#frame=69
69,LEFT_HEEL,0.3705710768699646,0.5223971605300903,0.056195009499788284,0.9910495281219482,CapturedFrames_-4.0_2.0_0.0/video.mp4#frame=69
69,RIGHT_HEEL,0.47433367371559143,0.493484765291214,0.2992604672908783,0.8986130952835083,CapturedFrames_-4.0_2.0_0.0/video.mp4#frame=69
69,LEFT_FOOT_INDEX,0.34271490573883057,0.49428313970565796,0.017493322491645813,0.9897037148475647,CapturedFrames_-4.0_2.0_0.0/video.mp4#frame=69
69,RIGHT_FOOT_INDEX,0.44376105070114136,0.49522507190704346,0.2911280393600464,0.9046100974082947,CapturedFrames_-4.0_2.0_0.0/video.mp4#frame=69
70,NOSE,0.3787038326263428,0.17617593705654144,-0.10626934468746185,0.9999985694885254,CapturedFrames_-4.0_2.0_0.0/video.mp4#frame=70
70,LEFT_EYE_INNER,0.38187989592552185,0.16555330157279968,-0.1167798861861229,0.9999972581863403,CapturedFrames_-4.0_2.0_0.0/video.mp4#frame=70
70,LEFT_EYE,0.3827953636646271,0.16527949273586273,-0.11676041781902313,0.9999978542327881,CapturedFrames_-4.0_2.0_0.0/video.mp4#frame=70
70,LEFT_EYE_OUTER,0.383712500333786,0.1651119738817215,-0.11676289886236191,0.9999982118606567,CapturedFrames_-4.0_2.0_0.0/video.mp4#frame=70
70,RIGHT_EYE_INNER,0.3814574182033539,0.1650376170873642,-0.09996547549962997,0.9999955892562866,CapturedFrames_-4.0_2.0_0.0/video.mp4#frame=70
70,RIGHT_EYE,0.38218018412590027,0.1643340140581131,-0.09997037798166275,0.9999951124191284,CapturedFrames_-4.0_2.0_0.0/video.mp4#frame=70
70,RIGHT_EYE_OUTER,0.38301557302474976,0.16362890601158142,-0.09997265040874481,0.999995231628418,CapturedFrames_-4.0_2.0_0.0/video.mp4#frame=70
70,LEFT_EAR,0.3910989463329315,0.16823810338974,-0.13831329345703125,0.9999967813491821,CapturedFrames_-4.0_2.0_0.0/video.mp4#frame=70
70,RIGHT_EAR,0.3903735280036926,0.16584394872188568,-0.0639805719256401,0.9999910593032837,CapturedFrames_-4.0_2.0_0.0/video.mp4#frame=70
70,MOUTH_LEFT,0.38359060883522034,0.18491020798683167,-0.11208300292491913,0.9999985694885254,CapturedFrames_-4.0_2.0_0.0/video.mp4#frame=70
70,MOUTH_RIGHT,0.3829948306083679,0.18442364037036896,-0.09043265134096146,0.9999961853027344,CapturedFrames_-4.0_2.0_0.0/video.mp4#frame=70
70,LEFT_SHOULDER,0.40966424345970154,0.22863253951072693,-0.1492847502231598,0.9999959468841553,CapturedFrames_-4.0_2.0_0.0/video.mp4#frame=70
70,RIGHT_SHOULDER,0.40283623337745667,0.20903049409389496,-0.01013572234660387,0.999936580657959,CapturedFrames_-4.0_2.0_0.0/video.mp4#frame=70
70,LEFT_ELBOW,0.4243178963661194,0.30066633224487305,-0.15889602899551392,0.9960821270942688,CapturedFrames_-4.0_2.0_0.0/video.mp4#frame=70
70,RIGHT_ELBOW,0.39583054184913635,0.27024632692337036,0.04067578166723251,0.3051580786705017,CapturedFrames_-4.0_2.0_0.0/video.mp4#frame=70
70,LEFT_WRIST,0.43854790925979614,0.36348772048950195,-0.16203099489212036,0.9920646548271179,CapturedFrames_-4.0_2.0_0.0/video.mp4#frame=70
70,RIGHT_WRIST,0.37618565559387207,0.31058019399642944,0.037360068410634995,0.6333457827568054,CapturedFrames_-4.0_2.0_0.0/video.mp4#frame=70
70,LEFT_PINKY,0.44639796018600464,0.37985914945602417,-0.17909961938858032,0.9831157326698303,CapturedFrames_-4.0_2.0_0.0/video.mp4#frame=70
70,RIGHT_PINKY,0.37099504470825195,0.32582131028175354,0.03577756509184837,0.6142234206199646,CapturedFrames_-4.0_2.0_0.0/video.mp4#frame=70
70,LEFT_INDEX,0.4437068998813629,0.3821702301502228,-0.18503327667713165,0.9830649495124817,CapturedFrames_-4.0_2.0_0.0/video.mp4#frame=70
70,RIGHT_INDEX,0.37065988779067993,0.32573333382606506,0.017473096027970314,0.626467227935791,CapturedFrames_-4.0_2.0_0.0/video.mp4#frame=70
70,LEFT_THUMB,0.43978825211524963,0.3769659399986267,-0.16439582407474518,0.9779819846153259,CapturedFrames_-4.0_2.0_0.0/video.mp4#frame=70
70,RIGHT_THUMB,0.37236905097961426,0.32136932015419006,0.028936540707945824,0.6442000269889832,CapturedFrames_-4.0_2.0_0.0/video.mp4#frame=70
70,LEFT_HIP,0.4141119122505188,0.35526755452156067,-0.04276096075773239,0.9998223185539246,CapturedFrames_-4.0_2.0_0.0/video.mp4#frame=70
70,RIGHT_HIP,0.4186278283596039,0.346088171005249,0.042828723788261414,0.9995927214622498,CapturedFrames_-4.0_2.0_0.0/video.mp4#frame=70
70,LEFT_KNEE,0.38472169637680054,0.42170748114585876,0.01726420596241951,0.9836058616638184,CapturedFrames_-4.0_2.0_0.0/video.mp4#frame=70
70,RIGHT_KNEE,0.4380423426628113,0.41589564085006714,0.16073080897331238,0.7932039499282837,CapturedFrames_-4.0_2.0_0.0/video.mp4#frame=70
70,LEFT_ANKLE,0.3649168014526367,0.5083420872688293,0.07449419051408768,0.993133544921875,CapturedFrames_-4.0_2.0_0.0/video.mp4#frame=70
70,RIGHT_ANKLE,0.46493014693260193,0.47714173793792725,0.2748315930366516,0.8727380633354187,CapturedFrames_-4.0_2.0_0.0/video.mp4#frame=70
70,LEFT_HEEL,0.36697593331336975,0.5278263688087463,0.07896730303764343,0.9881125092506409,CapturedFrames_-4.0_2.0_0.0/video.mp4#frame=70
70,RIGHT_HEEL,0.47386351227760315,0.4915332496166229,0.2870539426803589,0.9028003811836243,CapturedFrames_-4.0_2.0_0.0/video.mp4#frame=70
70,LEFT_FOOT_INDEX,0.33966538310050964,0.5059983730316162,0.04163001850247383,0.987348198890686,CapturedFrames_-4.0_2.0_0.0/video.mp4#frame=70
70,RIGHT_FOOT_INDEX,0.4433446526527405,0.49608632922172546,0.2799156904220581,0.9029972553253174,CapturedFrames_-4.0_2.0_0.0/video.mp4#frame=70
71,NOSE,0.3707740604877472,0.17918376624584198,-0.10518532991409302,0.999992847442627,CapturedFrames_-4.0_2.0_0.0/video.mp4#frame=71
71,LEFT_EYE_INNER,0.3737991750240326,0.16824203729629517,-0.11613823473453522,0.9999871253967285,CapturedFrames_-4.0_2.0_0.0/video.mp4#frame=71
71,LEFT_EYE,0.37470975518226624,0.16800138354301453,-0.1161336749792099,0.9999904632568359,CapturedFrames_-4.0_2.0_0.0/video.mp4#frame=71
71,LEFT_EYE_OUTER,0.3755360543727875,0.1677238643169403,-0.11615045368671417,0.9999918937683105,CapturedFrames_-4.0_2.0_0.0/video.mp4#frame=71
71,RIGHT_EYE_INNER,0.3732239007949829,0.1675722897052765,-0.0989118292927742,0.9999772310256958,CapturedFrames_-4.0_2.0_0.0/video.mp4#frame=71
71,RIGHT_EYE,0.3737926483154297,0.16689623892307281,-0.09891403466463089,0.9999759197235107,CapturedFrames_-4.0_2.0_0.0/video.mp4#frame=71
71,RIGHT_EYE_OUTER,0.3744477927684784,0.16609571874141693,-0.09891696274280548,0.9999744892120361,CapturedFrames_-4.0_2.0_0.0/video.mp4#frame=71
71,LEFT_EAR,0.3830564320087433,0.17039160430431366,-0.1400613635778427,0.9999872446060181,CapturedFrames_-4.0_2.0_0.0/video.mp4#frame=71
71,RIGHT_EAR,0.38215190172195435,0.16761216521263123,-0.06312717497348785,0.9999489784240723,CapturedFrames_-4.0_2.0_0.0/video.mp4#frame=71
71,MOUTH_LEFT,0.3752884566783905,0.1864689439535141,-0.11174297332763672,0.9999914169311523,CapturedFrames_-4.0_2.0_0.0/video.mp4#frame=71
71,MOUTH_RIGHT,0.3744893968105316,0.18615871667861938,-0.08941586315631866,0.9999768733978271,CapturedFrames_-4.0_2.0_0.0/video.mp4#frame=71
71,LEFT_SHOULDER,0.40077024698257446,0.22997364401817322,-0.15633253753185272,0.9999945163726807,CapturedFrames_-4.0_2.0_0.0/video.mp4#frame=71
71,RIGHT_SHOULDER,0.3962137997150421,0.21108673512935638,-0.009642050601541996,0.9998276233673096,CapturedFrames_-4.0_2.0_0.0/video.mp4#frame=71
71,LEFT_ELBOW,0.41447925567626953,0.3006463348865509,-0.16642813384532928,0.9967073202133179,CapturedFrames_-4.0_2.0_0.0/video.mp4#frame=71
71,RIGHT_ELBOW,0.3954005837440491,0.2776404917240143,0.02672465518116951,0.2584376633167267,CapturedFrames_-4.0_2.0_0.0/video.mp4#frame=71
71,LEFT_WRIST,0.4286983609199524,0.366324782371521,-0.16347762942314148,0.9917891025543213,CapturedFrames_-4.0_2.0_0.0/video.mp4#frame=71
71,RIGHT_WRIST,0.37363332509994507,0.3155589699745178,-0.0007499745697714388,0.5345586538314819,CapturedFrames_-4.0_2.0_0.0/video.mp4#frame=71
71,LEFT_PINKY,0.4361799359321594,0.3834848999977112,-0.18072783946990967,0.9813159704208374,CapturedFrames_-4.0_2.0_0.0/video.mp4#frame=71
71,RIGHT_PINKY,0.36761388182640076,0.32924699783325195,-0.005594437010586262,0.5092218518257141,CapturedFrames_-4.0_2.0_0.0/video.mp4#frame=71
71,LEFT_INDEX,0.4338597357273102,0.3850908875465393,-0.18443860113620758,0.9811217784881592,CapturedFrames_-4.0_2.0_0.0/video.mp4#frame=71
71,RIGHT_INDEX,0.3673238754272461,0.3286049962043762,-0.025069456547498703,0.5198113918304443,CapturedFrames_-4.0_2.0_0.0/video.mp4#frame=71
71,LEFT_THUMB,0.43071073293685913,0.37998729944229126,-0.1647474318742752,0.9759790301322937,CapturedFrames_-4.0_2.0_0.0/video.mp4#frame=71
71,RIGHT_THUMB,0.3692072331905365,0.3247166872024536,-0.010469071567058563,0.5347356200218201,CapturedFrames_-4.0_2.0_0.0/video.mp4#frame=71
71,LEFT_HIP,0.40732160210609436,0.3580186069011688,-0.04478432238101959,0.9997937083244324,CapturedFrames_-4.0_2.0_0.0/video.mp4#frame=71
71,RIGHT_HIP,0.41066884994506836,0.3478139042854309,0.04484916850924492,0.9993185997009277,CapturedFrames_-4.0_2.0_0.0/video.mp4#frame=71
71,LEFT_KNEE,0.3783382773399353,0.4259498119354248,0.009209836833178997,0.9832879900932312,CapturedFrames_-4.0_2.0_0.0/video.mp4#frame=71
71,RIGHT_KNEE,0.43627867102622986,0.4159080982208252,0.1650981456041336,0.7001868486404419,CapturedFrames_-4.0_2.0_0.0/video.mp4#frame=71
71,LEFT_ANKLE,0.36452993750572205,0.5144124627113342,0.0651794970035553,0.9874136447906494,CapturedFrames_-4.0_2.0_0.0/video.mp4#frame=71
71,RIGHT_ANKLE,0.4640441834926605,0.4798907935619354,0.2757614254951477,0.7730571031570435,CapturedFrames_-4.0_2.0_0.0/video.mp4#frame=71
71,LEFT_HEEL,0.36827516555786133,0.532619297504425,0.06958538293838501,0.9761427640914917,CapturedFrames_-4.0_2.0_0.0/video.mp4#frame=71
71,RIGHT_HEEL,0.47124871611595154,0.4903259575366974,0.2879468500614166,0.8193475604057312,CapturedFrames_-4.0_2.0_0.0/video.mp4#frame=71
71,LEFT_FOOT_INDEX,0.33680459856987,0.5217417478561401,0.03272993117570877,0.9804543852806091,CapturedFrames_-4.0_2.0_0.0/video.mp4#frame=71
71,RIGHT_FOOT_INDEX,0.4445079267024994,0.4989608824253082,0.28557348251342773,0.8428096175193787,CapturedFrames_-4.0_2.0_0.0/video.mp4#frame=71
72,NOSE,0.3643248379230499,0.18021142482757568,-0.09910903871059418,0.9999897480010986,CapturedFrames_-4.0_2.0_0.0/video.mp4#frame=72
72,LEFT_EYE_INNER,0.3673660159111023,0.16982823610305786,-0.11065158993005753,0.9999839067459106,CapturedFrames_-4.0_2.0_0.0/video.mp4#frame=72
72,LEFT_EYE,0.3682625889778137,0.16956770420074463,-0.11064324527978897,0.9999890327453613,CapturedFrames_-4.0_2.0_0.0/video.mp4#frame=72
72,LEFT_EYE_OUTER,0.3691498637199402,0.169253870844841,-0.11065689474344254,0.9999898672103882,CapturedFrames_-4.0_2.0_0.0/video.mp4#frame=72
72,RIGHT_EYE_INNER,0.3667060434818268,0.1691865622997284,-0.09421735256910324,0.9999685287475586,CapturedFrames_-4.0_2.0_0.0/video.mp4#frame=72
72,RIGHT_EYE,0.36724579334259033,0.1684245616197586,-0.09420370310544968,0.9999669790267944,CapturedFrames_-4.0_2.0_0.0/video.mp4#frame=72
72,RIGHT_EYE_OUTER,0.3678821921348572,0.1674802154302597,-0.09421013295650482,0.9999619722366333,CapturedFrames_-4.0_2.0_0.0/video.mp4#frame=72
72,LEFT_EAR,0.3765813410282135,0.17148080468177795,-0.13424362242221832,0.9999872446060181,CapturedFrames_-4.0_2.0_0.0/video.mp4#frame=72
72,RIGHT_EAR,0.3752584457397461,0.16885027289390564,-0.06105027720332146,0.9999426603317261,CapturedFrames_-4.0_2.0_0.0/video.mp4#frame=72
72,MOUTH_LEFT,0.36876118183135986,0.1869073510169983,-0.10498674213886261,0.9999904632568359,CapturedFrames_-4.0_2.0_0.0/video.mp4#frame=72
72,MOUTH_RIGHT,0.3678167164325714,0.18653717637062073,-0.08375358581542969,0.9999740123748779,CapturedFrames_-4.0_2.0_0.0/video.mp4#frame=72
72,LEFT_SHOULDER,0.39401692152023315,0.2288985401391983,-0.15195520222187042,0.9999957084655762,CapturedFrames_-4.0_2.0_0.0/video.mp4#frame=72
72,RIGHT_SHOULDER,0.3863462507724762,0.21078500151634216,-0.0061987400986254215,0.9998189806938171,CapturedFrames_-4.0_2.0_0.0/video.mp4#frame=72
72,LEFT_ELBOW,0.40611058473587036,0.3005314767360687,-0.16443385183811188,0.9973382353782654,CapturedFrames_-4.0_2.0_0.0/video.mp4#frame=72
72,RIGHT_ELBOW,0.38399332761764526,0.2810784578323364,0.03447551280260086,0.28743094205856323,CapturedFrames_-4.0_2.0_0.0/video.mp4#frame=72
72,LEFT_WRIST,0.4180704951286316,0.37143704295158386,-0.1662067025899887,0.994819700717926,CapturedFrames_-4.0_2.0_0.0/video.mp4#frame=72
72,RIGHT_WRIST,0.36932072043418884,0.32406193017959595,0.007984179072082043,0.6245667934417725,CapturedFrames_-4.0_2.0_0.0/video.mp4#frame=72
72,LEFT_PINKY,0.4244144856929779,0.3879665434360504,-0.18216107785701752,0.9885699152946472,CapturedFrames_-4.0_2.0_0.0/video.mp4#frame=72
72,RIGHT_PINKY,0.3639908730983734,0.3386349678039551,0.002969790482893586,0.6080162525177002,CapturedFrames_-4.0_2.0_0.0/video.mp4#frame=72
72,LEFT_INDEX,0.4219079613685608,0.38904261589050293,-0.1869535595178604,0.9883801937103271,CapturedFrames_-4.0_2.0_0.0/video.mp4#frame=72
72,RIGHT_INDEX,0.3638524115085602,0.3381126821041107,-0.015141683630645275,0.614892303943634,CapturedFrames_-4.0_2.0_0.0/video.mp4#frame=72
72,LEFT_THUMB,0.41925424337387085,0.3836107552051544,-0.16736041009426117,0.9849675297737122,CapturedFrames_-4.0_2.0_0.0/video.mp4#frame=72
72,RIGHT_THUMB,0.3667762577533722,0.3340638279914856,-0.0010521389776840806,0.6153736114501953,CapturedFrames_-4.0_2.0_0.0/video.mp4#frame=72
72,LEFT_HIP,0.3959386646747589,0.35942989587783813,-0.042699556797742844,0.9996355772018433,CapturedFrames_-4.0_2.0_0.0/video.mp4#frame=72
72,RIGHT_HIP,0.396881639957428,0.3486884534358978,0.04274933040142059,0.9988466501235962,CapturedFrames_-4.0_2.0_0.0/video.mp4#frame=72
72,LEFT_KNEE,0.3690812587738037,0.430683970451355,0.01018992904573679,0.984562337398529,CapturedFrames_-4.0_2.0_0.0/video.mp4#frame=72
72,RIGHT_KNEE,0.42596253752708435,0.41672104597091675,0.1465558409690857,0.7720140218734741,CapturedFrames_-4.0_2.0_0.0/video.mp4#frame=72
72,LEFT_ANKLE,0.36250343918800354,0.5172088742256165,0.06591293215751648,0.9855610728263855,CapturedFrames_-4.0_2.0_0.0/video.mp4#frame=72
72,RIGHT_ANKLE,0.459544837474823,0.47732752561569214,0.24263019859790802,0.7676923274993896,CapturedFrames_-4.0_2.0_0.0/video.mp4#frame=72
72,LEFT_HEEL,0.3681299686431885,0.5357085466384888,0.070354163646698,0.9695829749107361,CapturedFrames_-4.0_2.0_0.0/video.mp4#frame=72
72,RIGHT_HEEL,0.46739596128463745,0.48553815484046936,0.2535279393196106,0.8100606203079224,CapturedFrames_-4.0_2.0_0.0/video.mp4#frame=72
72,LEFT_FOOT_INDEX,0.33540844917297363,0.5342608094215393,0.035540707409381866,0.9749822616577148,CapturedFrames_-4.0_2.0_0.0/video.mp4#frame=72
72,RIGHT_FOOT_INDEX,0.44559091329574585,0.5019951462745667,0.2519286274909973,0.8321605920791626,CapturedFrames_-4.0_2.0_0.0/video.mp4#frame=72
73,NOSE,0.35570117831230164,0.18328770995140076,-0.09465533494949341,0.9999638795852661,CapturedFrames_-4.0_2.0_0.0/video.mp4#frame=73
73,LEFT_EYE_INNER,0.3582570254802704,0.17238950729370117,-0.10648037493228912,0.9999650716781616,CapturedFrames_-4.0_2.0_0.0/video.mp4#frame=73
73,LEFT_EYE,0.3590800166130066,0.17194613814353943,-0.10646909475326538,0.999974250793457,CapturedFrames_-4.0_2.0_0.0/video.mp4#frame=73
73,LEFT_EYE_OUTER,0.3599095940589905,0.17152930796146393,-0.10648336261510849,0.9999774694442749,CapturedFrames_-4.0_2.0_0.0/video.mp4#frame=73
73,RIGHT_EYE_INNER,0.3578607141971588,0.17183050513267517,-0.09014223515987396,0.9999291896820068,CapturedFrames_-4.0_2.0_0.0/video.mp4#frame=73
73,RIGHT_EYE,0.35847994685173035,0.17097915709018707,-0.09014593064785004,0.9999237060546875,CapturedFrames_-4.0_2.0_0.0/video.mp4#frame=73
73,RIGHT_EYE_OUTER,0.35917720198631287,0.17000116407871246,-0.09016703814268112,0.9999227523803711,CapturedFrames_-4.0_2.0_0.0/video.mp4#frame=73
73,LEFT_EAR,0.36724188923835754,0.17366917431354523,-0.13187165558338165,0.9999710321426392,CapturedFrames_-4.0_2.0_0.0/video.mp4#frame=73
73,RIGHT_EAR,0.3669374883174896,0.17104655504226685,-0.05929800122976303,0.9998965263366699,CapturedFrames_-4.0_2.0_0.0/video.mp4#frame=73
73,MOUTH_LEFT,0.3604063093662262,0.1905321180820465,-0.10108219087123871,0.999976634979248,CapturedFrames_-4.0_2.0_0.0/video.mp4#frame=73
73,MOUTH_RIGHT,0.35958796739578247,0.19021163880825043,-0.08009283244609833,0.9999419450759888,CapturedFrames_-4.0_2.0_0.0/video.mp4#frame=73
73,LEFT_SHOULDER,0.3853091895580292,0.23362991213798523,-0.15239106118679047,0.9999880790710449,CapturedFrames_-4.0_2.0_0.0/video.mp4#frame=73
73,RIGHT_SHOULDER,0.38012319803237915,0.21368473768234253,-0.005891714710742235,0.9996329545974731,CapturedFrames_-4.0_2.0_0.0/video.mp4#frame=73
73,LEFT_ELBOW,0.39553773403167725,0.3066762685775757,-0.16685180366039276,0.9945370554924011,CapturedFrames_-4.0_2.0_0.0/video.mp4#frame=73
73,RIGHT_ELBOW,0.3823908567428589,0.2811151146888733,0.03948165103793144,0.13762934505939484,CapturedFrames_-4.0_2.0_0.0/video.mp4#frame=73
73,LEFT_WRIST,0.4044174551963806,0.37824928760528564,-0.1650988757610321,0.9878619909286499,CapturedFrames_-4.0_2.0_0.0/video.mp4#frame=73
73,RIGHT_WRIST,0.36953428387641907,0.32779037952423096,0.025478357449173927,0.3524371385574341,CapturedFrames_-4.0_2.0_0.0/video.mp4#frame=73
73,LEFT_PINKY,0.41018667817115784,0.39297133684158325,-0.18009191751480103,0.9777017831802368,CapturedFrames_-4.0_2.0_0.0/video.mp4#frame=73
73,RIGHT_PINKY,0.36666133999824524,0.34239205718040466,0.022154569625854492,0.393010675907135,CapturedFrames_-4.0_2.0_0.0/video.mp4#frame=73
73,LEFT_INDEX,0.40755796432495117,0.3923839032649994,-0.18341512978076935,0.9769510626792908,CapturedFrames_-4.0_2.0_0.0/video.mp4#frame=73
73,RIGHT_INDEX,0.36825498938560486,0.3412017822265625,0.005523493513464928,0.3987676799297333,CapturedFrames_-4.0_2.0_0.0/video.mp4#frame=73
73,LEFT_THUMB,0.40479573607444763,0.3877285420894623,-0.16519491374492645,0.9692158699035645,CapturedFrames_-4.0_2.0_0.0/video.mp4#frame=73
73,RIGHT_THUMB,0.3705011010169983,0.3376377820968628,0.01770063117146492,0.39209532737731934,CapturedFrames_-4.0_2.0_0.0/video.mp4#frame=73
73,LEFT_HIP,0.38535305857658386,0.36185696721076965,-0.04460952430963516,0.9993340373039246,CapturedFrames_-4.0_2.0_0.0/video.mp4#frame=73
73,RIGHT_HIP,0.3880179524421692,0.3498953580856323,0.044641025364398956,0.9977752566337585,CapturedFrames_-4.0_2.0_0.0/video.mp4#frame=73
73,LEFT_KNEE,0.35679808259010315,0.42960500717163086,-0.002066825283691287,0.9701341986656189,CapturedFrames_-4.0_2.0_0.0/video.mp4#frame=73
73,RIGHT_KNEE,0.4111085832118988,0.41897469758987427,0.12846826016902924,0.6901223659515381,CapturedFrames_-4.0_2.0_0.0/video.mp4#frame=73
73,LEFT_ANKLE,0.3617706298828125,0.5171927213668823,0.05549205467104912,0.9764571785926819,CapturedFrames_-4.0_2.0_0.0/video.mp4#frame=73
73,RIGHT_ANKLE,0.4514351487159729,0.4711717963218689,0.21489746868610382,0.6897063851356506,CapturedFrames_-4.0_2.0_0.0/video.mp4#frame=73
73,LEFT_HEEL,0.3679898977279663,0.53375643491745,0.06000892072916031,0.9534454941749573,CapturedFrames_-4.0_2.0_0.0/video.mp4#frame=73
73,RIGHT_HEEL,0.45961135625839233,0.477106511592865,0.22466060519218445,0.7915266156196594,CapturedFrames_-4.0_2.0_0.0/video.mp4#frame=73
73,LEFT_FOOT_INDEX,0.3363533318042755,0.5358907580375671,0.028686409816145897,0.9607236981391907,CapturedFrames_-4.0_2.0_0.0/video.mp4#frame=73
73,RIGHT_FOOT_INDEX,0.4451161324977875,0.49828019738197327,0.22330470383167267,0.7594743967056274,CapturedFrames_-4.0_2.0_0.0/video.mp4#frame=73
74,NOSE,0.3470182716846466,0.18021155893802643,-0.060592006891965866,0.999884843826294,CapturedFrames_-4.0_2.0_0.0/video.mp4#frame=74
74,LEFT_EYE_INNER,0.3502250611782074,0.1696874499320984,-0.07297821342945099,0.9999090433120728,CapturedFrames_-4.0_2.0_0.0/video.mp4#frame=74
74,LEFT_EYE,0.35118556022644043,0.16910353302955627,-0.072974294424057,0.9999339580535889,CapturedFrames_-4.0_2.0_0.0/video.mp4#frame=74
74,LEFT_EYE_OUTER,0.3521277606487274,0.16847075521945953,-0.07300011813640594,0.9999407529830933,CapturedFrames_-4.0_2.0_0.0/video.mp4#frame=74
74,RIGHT_EYE_INNER,0.34974807500839233,0.16965626180171967,-0.05602554231882095,0.9998114705085754,CapturedFrames_-4.0_2.0_0.0/video.mp4#frame=74
74,RIGHT_EYE,0.35043254494667053,0.16899694502353668,-0.056015558540821075,0.9998132586479187,CapturedFrames_-4.0_2.0_0.0/video.mp4#frame=74
74,RIGHT_EYE_OUTER,0.35119450092315674,0.1681128889322281,-0.056032247841358185,0.9998144507408142,CapturedFrames_-4.0_2.0_0.0/video.mp4#frame=74
74,LEFT_EAR,0.36016955971717834,0.17049798369407654,-0.10388852655887604,0.9999202489852905,CapturedFrames_-4.0_2.0_0.0/video.mp4#frame=74
74,RIGHT_EAR,0.3589196503162384,0.16869787871837616,-0.028076181188225746,0.9997478127479553,CapturedFrames_-4.0_2.0_0.0/video.mp4#frame=74
74,MOUTH_LEFT,0.352141797542572,0.18699398636817932,-0.06918340176343918,0.9999165534973145,CapturedFrames_-4.0_2.0_0.0/video.mp4#frame=74
74,MOUTH_RIGHT,0.3514023721218109,0.18720075488090515,-0.04724344238638878,0.999804675579071,CapturedFrames_-4.0_2.0_0.0/video.mp4#frame=74
74,LEFT_SHOULDER,0.3744887411594391,0.22764141857624054,-0.12934687733650208,0.9999703168869019,CapturedFrames_-4.0_2.0_0.0/video.mp4#frame=74
74,RIGHT_SHOULDER,0.3716016113758087,0.21353253722190857,0.019451608881354332,0.9990656971931458,CapturedFrames_-4.0_2.0_0.0/video.mp4#frame=74
74,LEFT_ELBOW,0.38459956645965576,0.30577272176742554,-0.14104142785072327,0.9906553626060486,CapturedFrames_-4.0_2.0_0.0/video.mp4#frame=74
74,RIGHT_ELBOW,0.3748547434806824,0.2855173349380493,0.051673524081707,0.07976488023996353,CapturedFrames_-4.0_2.0_0.0/video.mp4#frame=74
74,LEFT_WRIST,0.3910718262195587,0.37728169560432434,-0.12533417344093323,0.9760602116584778,CapturedFrames_-4.0_2.0_0.0/video.mp4#frame=74
74,RIGHT_WRIST,0.3696010410785675,0.33858224749565125,0.024341698735952377,0.18608376383781433,CapturedFrames_-4.0_2.0_0.0/video.mp4#frame=74
74,LEFT_PINKY,0.3969215452671051,0.3962186276912689,-0.13786327838897705,0.9623286128044128,CapturedFrames_-4.0_2.0_0.0/video.mp4#frame=74
74,RIGHT_PINKY,0.3664136230945587,0.3518730700016022,0.02101309224963188,0.24857096374034882,CapturedFrames_-4.0_2.0_0.0/video.mp4#frame=74
74,LEFT_INDEX,0.39440271258354187,0.3956814110279083,-0.13808239996433258,0.9595630764961243,CapturedFrames_-4.0_2.0_0.0/video.mp4#frame=74
74,RIGHT_INDEX,0.3664003908634186,0.35046669840812683,0.0046462113969028,0.2541489601135254,CapturedFrames_-4.0_2.0_0.0/video.mp4#frame=74
74,LEFT_THUMB,0.39162880182266235,0.38960710167884827,-0.12385197728872299,0.9479398727416992,CapturedFrames_-4.0_2.0_0.0/video.mp4#frame=74
74,RIGHT_THUMB,0.36891117691993713,0.3481302261352539,0.01640033908188343,0.254210889339447,CapturedFrames_-4.0_2.0_0.0/video.mp4#frame=74
74,LEFT_HIP,0.3757547438144684,0.3655987083911896,-0.04727938026189804,0.9989308714866638,CapturedFrames_-4.0_2.0_0.0/video.mp4#frame=74
74,RIGHT_HIP,0.37878844141960144,0.3544721007347107,0.04732462391257286,0.9957244396209717,CapturedFrames_-4.0_2.0_0.0/video.mp4#frame=74
74,LEFT_KNEE,0.34828734397888184,0.4324660301208496,-0.01939006708562374,0.9797548651695251,CapturedFrames_-4.0_2.0_0.0/video.mp4#frame=74
74,RIGHT_KNEE,0.39374926686286926,0.4221808612346649,0.10654948651790619,0.6448647379875183,CapturedFrames_-4.0_2.0_0.0/video.mp4#frame=74
74,LEFT_ANKLE,0.3617519438266754,0.5173779129981995,0.033324189484119415,0.9828739762306213,CapturedFrames_-4.0_2.0_0.0/video.mp4#frame=74
74,RIGHT_ANKLE,0.4410315155982971,0.4650322496891022,0.16446582973003387,0.6228370070457458,CapturedFrames_-4.0_2.0_0.0/video.mp4#frame=74
74,LEFT_HEEL,0.3684743642807007,0.5307809114456177,0.03789691627025604,0.9673948884010315,CapturedFrames_-4.0_2.0_0.0/video.mp4#frame=74
74,RIGHT_HEEL,0.4473634362220764,0.46318814158439636,0.1718994528055191,0.7626279592514038,CapturedFrames_-4.0_2.0_0.0/video.mp4#frame=74
74,LEFT_FOOT_INDEX,0.33568209409713745,0.5376962423324585,0.019437847658991814,0.965303361415863,CapturedFrames_-4.0_2.0_0.0/video.mp4#frame=74
74,RIGHT_FOOT_INDEX,0.441642701625824,0.48771193623542786,0.18125128746032715,0.6748484969139099,CapturedFrames_-4.0_2.0_0.0/video.mp4#frame=74
75,NOSE,0.3381287455558777,0.18261206150054932,-0.0889124944806099,0.9994773268699646,CapturedFrames_-4.0_2.0_0.0/video.mp4#frame=75
75,LEFT_EYE_INNER,0.34054017066955566,0.17181354761123657,-0.10217978805303574,0.9995805621147156,CapturedFrames_-4.0_2.0_0.0/video.mp4#frame=75
75,LEFT_EYE,0.3413187861442566,0.1715346872806549,-0.10220037400722504,0.9996685981750488,CapturedFrames_-4.0_2.0_0.0/video.mp4#frame=75
75,LEFT_EYE_OUTER,0.3420153856277466,0.17129182815551758,-0.10226231813430786,0.9996800422668457,CapturedFrames_-4.0_2.0_0.0/video.mp4#frame=75
75,RIGHT_EYE_INNER,0.3404541611671448,0.17102402448654175,-0.08423788845539093,0.9992009997367859,CapturedFrames_-4.0_2.0_0.0/video.mp4#frame=75
75,RIGHT_EYE,0.34126290678977966,0.17009174823760986,-0.08422016352415085,0.9992477893829346,CapturedFrames_-4.0_2.0_0.0/video.mp4#frame=75
75,RIGHT_EYE_OUTER,0.34216824173927307,0.16890418529510498,-0.08426224440336227,0.9992928504943848,CapturedFrames_-4.0_2.0_0.0/video.mp4#frame=75
75,LEFT_EAR,0.3491951823234558,0.17345082759857178,-0.13546626269817352,0.9995174407958984,CapturedFrames_-4.0_2.0_0.0/video.mp4#frame=75
75,RIGHT_EAR,0.3502986431121826,0.1690131425857544,-0.055177412927150726,0.9992125034332275,CapturedFrames_-4.0_2.0_0.0/video.mp4#frame=75
75,MOUTH_LEFT,0.3428492546081543,0.18960224092006683,-0.09788396209478378,0.9995206594467163,CapturedFrames_-4.0_2.0_0.0/video.mp4#frame=75
75,MOUTH_RIGHT,0.34266191720962524,0.18878310918807983,-0.0746762752532959,0.9992916584014893,CapturedFrames_-4.0_2.0_0.0/video.mp4#frame=75
75,LEFT_SHOULDER,0.36034107208251953,0.23753732442855835,-0.15881608426570892,0.9998492002487183,CapturedFrames_-4.0_2.0_0.0/video.mp4#frame=75
75,RIGHT_SHOULDER,0.36977601051330566,0.21102291345596313,-0.01078904327005148,0.9988110065460205,CapturedFrames_-4.0_2.0_0.0/video.mp4#frame=75
75,LEFT_ELBOW,0.3707621693611145,0.3182812035083771,-0.17110836505889893,0.9577045440673828,CapturedFrames_-4.0_2.0_0.0/video.mp4#frame=75
75,RIGHT_ELBOW,0.37182965874671936,0.2857690751552582,0.02401156537234783,0.06013479083776474,CapturedFrames_-4.0_2.0_0.0/video.mp4#frame=75
75,LEFT_WRIST,0.3730430006980896,0.379241019487381,-0.15460975468158722,0.8811483383178711,CapturedFrames_-4.0_2.0_0.0/video.mp4#frame=75
75,RIGHT_WRIST,0.3770367503166199,0.33696162700653076,0.006782694719731808,0.08484010398387909,CapturedFrames_-4.0_2.0_0.0/video.mp4#frame=75
75,LEFT_PINKY,0.37510523200035095,0.3954646587371826,-0.17275398969650269,0.8610405325889587,CapturedFrames_-4.0_2.0_0.0/video.mp4#frame=75
75,RIGHT_PINKY,0.376532644033432,0.35501885414123535,0.0035097417421638966,0.12693175673484802,CapturedFrames_-4.0_2.0_0.0/video.mp4#frame=75
75,LEFT_INDEX,0.37369585037231445,0.393494576215744,-0.17101503908634186,0.855685293674469,CapturedFrames_-4.0_2.0_0.0/video.mp4#frame=75
75,RIGHT_INDEX,0.37462443113327026,0.3540722131729126,-0.014776872470974922,0.13060225546360016,CapturedFrames_-4.0_2.0_0.0/video.mp4#frame=75
75,LEFT_THUMB,0.3732684552669525,0.38807594776153564,-0.15326394140720367,0.8235045075416565,CapturedFrames_-4.0_2.0_0.0/video.mp4#frame=75
75,RIGHT_THUMB,0.37510454654693604,0.3493281602859497,-0.0013920675264671445,0.13621538877487183,CapturedFrames_-4.0_2.0_0.0/video.mp4#frame=75
75,LEFT_HIP,0.3690168559551239,0.37810951471328735,-0.049521319568157196,0.9993711113929749,CapturedFrames_-4.0_2.0_0.0/video.mp4#frame=75
75,RIGHT_HIP,0.3793926537036896,0.35578659176826477,0.04955335706472397,0.9979990124702454,CapturedFrames_-4.0_2.0_0.0/video.mp4#frame=75
75,LEFT_KNEE,0.34742167592048645,0.43961164355278015,0.036926448345184326,0.975115180015564,CapturedFrames_-4.0_2.0_0.0/video.mp4#frame=75
75,RIGHT_KNEE,0.38441407680511475,0.41608425974845886,0.16575086116790771,0.4249187707901001,CapturedFrames_-4.0_2.0_0.0/video.mp4#frame=75
75,LEFT_ANKLE,0.3604321777820587,0.5182204842567444,0.12955781817436218,0.9658279418945312,CapturedFrames_-4.0_2.0_0.0/video.mp4#frame=75
75,RIGHT_ANKLE,0.4229997992515564,0.4556036591529846,0.28574642539024353,0.3694955110549927,CapturedFrames_-4.0_2.0_0.0/video.mp4#frame=75
75,LEFT_HEEL,0.36809849739074707,0.5275880098342896,0.14016158878803253,0.9694892168045044,CapturedFrames_-4.0_2.0_0.0/video.mp4#frame=75
75,RIGHT_HEEL,0.4280281960964203,0.45951393246650696,0.3005429208278656,0.6346420049667358,CapturedFrames_-4.0_2.0_0.0/video.mp4#frame=75
75,LEFT_FOOT_INDEX,0.3365294933319092,0.536400556564331,0.12804089486598969,0.9373431205749512,CapturedFrames_-4.0_2.0_0.0/video.mp4#frame=75
75,RIGHT_FOOT_INDEX,0.42503705620765686,0.46657341718673706,0.31308701634407043,0.44329652190208435,CapturedFrames_-4.0_2.0_0.0/video.mp4#frame=75
76,NOSE,0.32704785466194153,0.17985668778419495,-0.0536193922162056,0.9984517097473145,CapturedFrames_-4.0_2.0_0.0/video.mp4#frame=76
76,LEFT_EYE_INNER,0.329508900642395,0.1698276698589325,-0.06747908145189285,0.9987706542015076,CapturedFrames_-4.0_2.0_0.0/video.mp4#frame=76
76,LEFT_EYE,0.3303586542606354,0.16955038905143738,-0.06751406192779541,0.9989833235740662,CapturedFrames_-4.0_2.0_0.0/video.mp4#frame=76
76,LEFT_EYE_OUTER,0.3312312960624695,0.1692454218864441,-0.06756485253572464,0.9990587830543518,CapturedFrames_-4.0_2.0_0.0/video.mp4#frame=76
76,RIGHT_EYE_INNER,0.3296249210834503,0.16835984587669373,-0.04814613610506058,0.9978445768356323,CapturedFrames_-4.0_2.0_0.0/video.mp4#frame=76
76,RIGHT_EYE,0.3305871784687042,0.16708943247795105,-0.04812916740775108,0.9978607296943665,CapturedFrames_-4.0_2.0_0.0/video.mp4#frame=76
76,RIGHT_EYE_OUTER,0.33160388469696045,0.1656194031238556,-0.04817447066307068,0.9980295300483704,CapturedFrames_-4.0_2.0_0.0/video.mp4#frame=76
76,LEFT_EAR,0.33909985423088074,0.17061370611190796,-0.10554300248622894,0.998673677444458,CapturedFrames_-4.0_2.0_0.0/video.mp4#frame=76
76,RIGHT_EAR,0.3402487635612488,0.16580966114997864,-0.018388656899333,0.9976016879081726,CapturedFrames_-4.0_2.0_0.0/video.mp4#frame=76
76,MOUTH_LEFT,0.33317428827285767,0.18708911538124084,-0.06459562480449677,0.9987778067588806,CapturedFrames_-4.0_2.0_0.0/video.mp4#frame=76
76,MOUTH_RIGHT,0.3331035077571869,0.18562844395637512,-0.039442047476768494,0.9980900883674622,CapturedFrames_-4.0_2.0_0.0/video.mp4#frame=76
76,LEFT_SHOULDER,0.3531413674354553,0.2290218323469162,-0.1424151062965393,0.9998725652694702,CapturedFrames_-4.0_2.0_0.0/video.mp4#frame=76
76,RIGHT_SHOULDER,0.361699640750885,0.20867404341697693,0.028323978185653687,0.9980698227882385,CapturedFrames_-4.0_2.0_0.0/video.mp4#frame=76
76,LEFT_ELBOW,0.36226123571395874,0.29920196533203125,-0.16705280542373657,0.963485062122345,CapturedFrames_-4.0_2.0_0.0/video.mp4#frame=76
76,RIGHT_ELBOW,0.36979132890701294,0.2731711268424988,0.05834667757153511,0.040682192891836166,CapturedFrames_-4.0_2.0_0.0/video.mp4#frame=76
76,LEFT_WRIST,0.3596314489841461,0.366225928068161,-0.15222260355949402,0.8908365964889526,CapturedFrames_-4.0_2.0_0.0/video.mp4#frame=76
76,RIGHT_WRIST,0.36815327405929565,0.3342909812927246,0.03214671090245247,0.05213172361254692,CapturedFrames_-4.0_2.0_0.0/video.mp4#frame=76
76,LEFT_PINKY,0.3599016070365906,0.38493776321411133,-0.1700139194726944,0.8690639138221741,CapturedFrames_-4.0_2.0_0.0/video.mp4#frame=76
76,RIGHT_PINKY,0.3673500716686249,0.35676002502441406,0.030993368476629257,0.07889010012149811,CapturedFrames_-4.0_2.0_0.0/video.mp4#frame=76
76,LEFT_INDEX,0.35949018597602844,0.383700430393219,-0.16504572331905365,0.8617913722991943,CapturedFrames_-4.0_2.0_0.0/video.mp4#frame=76
76,RIGHT_INDEX,0.3651253879070282,0.3576987087726593,0.01231871172785759,0.08027196675539017,CapturedFrames_-4.0_2.0_0.0/video.mp4#frame=76
76,LEFT_THUMB,0.35968849062919617,0.377061128616333,-0.14930695295333862,0.8186860680580139,CapturedFrames_-4.0_2.0_0.0/video.mp4#frame=76
76,RIGHT_THUMB,0.36860182881355286,0.36892497539520264,0.02344467304646969,0.0845431461930275,CapturedFrames_-4.0_2.0_0.0/video.mp4#frame=76
76,LEFT_HIP,0.35893815755844116,0.36948126554489136,-0.05737794563174248,0.9991989731788635,CapturedFrames_-4.0_2.0_0.0/video.mp4#frame=76
76,RIGHT_HIP,0.37095990777015686,0.35308006405830383,0.05741671845316887,0.9970018267631531,CapturedFrames_-4.0_2.0_0.0/video.mp4#frame=76
76,LEFT_KNEE,0.34379255771636963,0.43360140919685364,0.0041778599843382835,0.9776245355606079,CapturedFrames_-4.0_2.0_0.0/video.mp4#frame=76
76,RIGHT_KNEE,0.36244961619377136,0.41512662172317505,0.1494321972131729,0.40014562010765076,CapturedFrames_-4.0_2.0_0.0/video.mp4#frame=76
76,LEFT_ANKLE,0.3597206473350525,0.5183533430099487,0.08069876581430435,0.9730550050735474,CapturedFrames_-4.0_2.0_0.0/video.mp4#frame=76
76,RIGHT_ANKLE,0.4039902091026306,0.46073776483535767,0.2510858178138733,0.3655793368816376,CapturedFrames_-4.0_2.0_0.0/video.mp4#frame=76
76,LEFT_HEEL,0.3679685592651367,0.5319333672523499,0.08930636942386627,0.9687710404396057,CapturedFrames_-4.0_2.0_0.0/video.mp4#frame=76
76,RIGHT_HEEL,0.40999311208724976,0.4623810648918152,0.2631440758705139,0.5906383991241455,CapturedFrames_-4.0_2.0_0.0/video.mp4#frame=76
76,LEFT_FOOT_INDEX,0.33366599678993225,0.5411610007286072,0.07046393305063248,0.9484763145446777,CapturedFrames_-4.0_2.0_0.0/video.mp4#frame=76
76,RIGHT_FOOT_INDEX,0.40724310278892517,0.47832509875297546,0.2683805525302887,0.435764342546463,CapturedFrames_-4.0_2.0_0.0/video.mp4#frame=76
77,NOSE,0.31937649846076965,0.18074928224086761,-0.06157975643873215,0.9989944100379944,CapturedFrames_-4.0_2.0_0.0/video.mp4#frame=77
77,LEFT_EYE_INNER,0.32189062237739563,0.17009028792381287,-0.07433425635099411,0.9992523789405823,CapturedFrames_-4.0_2.0_0.0/video.mp4#frame=77
77,LEFT_EYE,0.3227868974208832,0.16956743597984314,-0.07436583936214447,0.9993570446968079,CapturedFrames_-4.0_2.0_0.0/video.mp4#frame=77
77,LEFT_EYE_OUTER,0.32373014092445374,0.1689930558204651,-0.07440996915102005,0.9994184970855713,CapturedFrames_-4.0_2.0_0.0/video.mp4#frame=77
77,RIGHT_EYE_INNER,0.32176411151885986,0.16899025440216064,-0.05576682835817337,0.9985421895980835,CapturedFrames_-4.0_2.0_0.0/video.mp4#frame=77
77,RIGHT_EYE,0.32260674238204956,0.16772469878196716,-0.05574918910861015,0.9985119700431824,CapturedFrames_-4.0_2.0_0.0/video.mp4#frame=77
77,RIGHT_EYE_OUTER,0.3235321640968323,0.1662345826625824,-0.05578050762414932,0.9986997842788696,CapturedFrames_-4.0_2.0_0.0/video.mp4#frame=77
77,LEFT_EAR,0.331734836101532,0.16874945163726807,-0.10947732627391815,0.9991409778594971,CapturedFrames_-4.0_2.0_0.0/video.mp4#frame=77
77,RIGHT_EAR,0.3322262763977051,0.1647988259792328,-0.02598213031888008,0.9983177185058594,CapturedFrames_-4.0_2.0_0.0/video.mp4#frame=77
77,MOUTH_LEFT,0.3254406750202179,0.18676532804965973,-0.07177108526229858,0.9992071986198425,CapturedFrames_-4.0_2.0_0.0/video.mp4#frame=77
77,MOUTH_RIGHT,0.3249923586845398,0.1855030208826065,-0.04766757786273956,0.9987277388572693,CapturedFrames_-4.0_2.0_0.0/video.mp4#frame=77
77,LEFT_SHOULDER,0.3475024402141571,0.22513745725154877,-0.14503037929534912,0.9999226331710815,CapturedFrames_-4.0_2.0_0.0/video.mp4#frame=77
77,RIGHT_SHOULDER,0.3535384237766266,0.2088668793439865,0.02026224136352539,0.9983450174331665,CapturedFrames_-4.0_2.0_0.0/video.mp4#frame=77
77,LEFT_ELBOW,0.35389444231987,0.3047580420970917,-0.1585029661655426,0.980251133441925,CapturedFrames_-4.0_2.0_0.0/video.mp4#frame=77
77,RIGHT_ELBOW,0.3598380386829376,0.2874460220336914,0.04513075202703476,0.057013314217329025,CapturedFrames_-4.0_2.0_0.0/video.mp4#frame=77
77,LEFT_WRIST,0.3442791998386383,0.37231966853141785,-0.130593404173851,0.9412766695022583,CapturedFrames_-4.0_2.0_0.0/video.mp4#frame=77
77,RIGHT_WRIST,0.35478997230529785,0.3437659740447998,0.014654263854026794,0.058056801557540894,CapturedFrames_-4.0_2.0_0.0/video.mp4#frame=77
77,LEFT_PINKY,0.34352532029151917,0.39206838607788086,-0.1479036509990692,0.9195664525032043,CapturedFrames_-4.0_2.0_0.0/video.mp4#frame=77
77,RIGHT_PINKY,0.3519359827041626,0.36860403418540955,0.011627511121332645,0.07719213515520096,CapturedFrames_-4.0_2.0_0.0/video.mp4#frame=77
77,LEFT_INDEX,0.3427268862724304,0.3900986909866333,-0.14397098124027252,0.91707843542099,CapturedFrames_-4.0_2.0_0.0/video.mp4#frame=77
77,RIGHT_INDEX,0.35025373101234436,0.36734670400619507,-0.006537340581417084,0.07910425961017609,CapturedFrames_-4.0_2.0_0.0/video.mp4#frame=77
77,LEFT_THUMB,0.34316787123680115,0.3827055096626282,-0.12811069190502167,0.8837985992431641,CapturedFrames_-4.0_2.0_0.0/video.mp4#frame=77
77,RIGHT_THUMB,0.3510814905166626,0.36024072766304016,0.005868701264262199,0.08123216778039932,CapturedFrames_-4.0_2.0_0.0/video.mp4#frame=77
77,LEFT_HIP,0.3552553057670593,0.37329134345054626,-0.054223962128162384,0.9992291927337646,CapturedFrames_-4.0_2.0_0.0/video.mp4#frame=77
77,RIGHT_HIP,0.3630984127521515,0.3573216199874878,0.054255880415439606,0.9963304400444031,CapturedFrames_-4.0_2.0_0.0/video.mp4#frame=77
77,LEFT_KNEE,0.3421359062194824,0.4299580752849579,0.019861746579408646,0.9583566784858704,CapturedFrames_-4.0_2.0_0.0/video.mp4#frame=77
77,RIGHT_KNEE,0.34911930561065674,0.4124949276447296,0.15147048234939575,0.326267808675766,CapturedFrames_-4.0_2.0_0.0/video.mp4#frame=77
77,LEFT_ANKLE,0.3581499457359314,0.5169359445571899,0.10472279787063599,0.9480464458465576,CapturedFrames_-4.0_2.0_0.0/video.mp4#frame=77
77,RIGHT_ANKLE,0.38759538531303406,0.46201154589653015,0.2593440115451813,0.304638534784317,CapturedFrames_-4.0_2.0_0.0/video.mp4#frame=77
77,LEFT_HEEL,0.36632996797561646,0.5330314636230469,0.11378476768732071,0.9437528848648071,CapturedFrames_-4.0_2.0_0.0/video.mp4#frame=77
77,RIGHT_HEEL,0.39683330059051514,0.4669249355792999,0.2715257406234741,0.5033031702041626,CapturedFrames_-4.0_2.0_0.0/video.mp4#frame=77
77,LEFT_FOOT_INDEX,0.33186739683151245,0.5403318405151367,0.09389805048704147,0.9232895374298096,CapturedFrames_-4.0_2.0_0.0/video.mp4#frame=77
77,RIGHT_FOOT_INDEX,0.38824743032455444,0.4773203432559967,0.27515172958374023,0.41290411353111267,CapturedFrames_-4.0_2.0_0.0/video.mp4#frame=77
78,NOSE,0.3117107152938843,0.1736769676208496,-0.09401808679103851,0.9968594312667847,CapturedFrames_-4.0_2.0_0.0/video.mp4#frame=78
78,LEFT_EYE_INNER,0.3141324520111084,0.1611139476299286,-0.10705691576004028,0.9977748990058899,CapturedFrames_-4.0_2.0_0.0/video.mp4#frame=78
78,LEFT_EYE,0.31493714451789856,0.16075709462165833,-0.10707233101129532,0.9983038902282715,CapturedFrames_-4.0_2.0_0.0/video.mp4#frame=78
78,LEFT_EYE_OUTER,0.3156915009021759,0.16036725044250488,-0.10709816217422485,0.9985505938529968,CapturedFrames_-4.0_2.0_0.0/video.mp4#frame=78
78,RIGHT_EYE_INNER,0.313795268535614,0.16046088933944702,-0.08724547177553177,0.994671642780304,CapturedFrames_-4.0_2.0_0.0/video.mp4#frame=78
78,RIGHT_EYE,0.3144184947013855,0.15967655181884766,-0.08724648505449295,0.9948771595954895,CapturedFrames_-4.0_2.0_0.0/video.mp4#frame=78
78,RIGHT_EYE_OUTER,0.3151119351387024,0.15874367952346802,-0.08728054910898209,0.995297372341156,CapturedFrames_-4.0_2.0_0.0/video.mp4#frame=78
78,LEFT_EAR,0.3233046233654022,0.16154628992080688,-0.1421942114830017,0.9977185726165771,CapturedFrames_-4.0_2.0_0.0/video.mp4#frame=78
78,RIGHT_EAR,0.32297390699386597,0.15823101997375488,-0.053070198744535446,0.9919787645339966,CapturedFrames_-4.0_2.0_0.0/video.mp4#frame=78
78,MOUTH_LEFT,0.3166913688182831,0.18182317912578583,-0.10432802140712738,0.998230516910553,CapturedFrames_-4.0_2.0_0.0/video.mp4#frame=78
78,MOUTH_RIGHT,0.3160390555858612,0.18099579215049744,-0.07863038778305054,0.9962748289108276,CapturedFrames_-4.0_2.0_0.0/video.mp4#frame=78
78,LEFT_SHOULDER,0.33752623200416565,0.2205619364976883,-0.1838204711675644,0.9999619722366333,CapturedFrames_-4.0_2.0_0.0/video.mp4#frame=78
78,RIGHT_SHOULDER,0.34472647309303284,0.20282262563705444,0.00953091774135828,0.9973830580711365,CapturedFrames_-4.0_2.0_0.0/video.mp4#frame=78
78,LEFT_ELBOW,0.3364897072315216,0.30079203844070435,-0.19538284838199615,0.9872345328330994,CapturedFrames_-4.0_2.0_0.0/video.mp4#frame=78
78,RIGHT_ELBOW,0.35046812891960144,0.2785833477973938,0.04452921077609062,0.04104146733880043,CapturedFrames_-4.0_2.0_0.0/video.mp4#frame=78
78,LEFT_WRIST,0.32634687423706055,0.3668540418148041,-0.16237518191337585,0.9658539891242981,CapturedFrames_-4.0_2.0_0.0/video.mp4#frame=78
78,RIGHT_WRIST,0.34372878074645996,0.33987322449684143,0.014118227176368237,0.05554250627756119,CapturedFrames_-4.0_2.0_0.0/video.mp4#frame=78
78,LEFT_PINKY,0.3270016312599182,0.3852928876876831,-0.1812973916530609,0.9470646381378174,CapturedFrames_-4.0_2.0_0.0/video.mp4#frame=78
78,RIGHT_PINKY,0.34086963534355164,0.35841450095176697,0.011740010231733322,0.0714225023984909,CapturedFrames_-4.0_2.0_0.0/video.mp4#frame=78
78,LEFT_INDEX,0.3251318037509918,0.3859873414039612,-0.1784668266773224,0.9448602199554443,CapturedFrames_-4.0_2.0_0.0/video.mp4#frame=78
78,RIGHT_INDEX,0.3388708829879761,0.3595857322216034,-0.008273042738437653,0.07276781648397446,CapturedFrames_-4.0_2.0_0.0/video.mp4#frame=78
78,LEFT_THUMB,0.3251502811908722,0.38032692670822144,-0.16002751886844635,0.9164460301399231,CapturedFrames_-4.0_2.0_0.0/video.mp4#frame=78
78,RIGHT_THUMB,0.33919304609298706,0.35481497645378113,0.004429454915225506,0.07487456500530243,CapturedFrames_-4.0_2.0_0.0/video.mp4#frame=78
78,LEFT_HIP,0.34842076897621155,0.3628195524215698,-0.06396304816007614,0.9993125200271606,CapturedFrames_-4.0_2.0_0.0/video.mp4#frame=78
78,RIGHT_HIP,0.35543349385261536,0.3475416898727417,0.06390801072120667,0.9949228167533875,CapturedFrames_-4.0_2.0_0.0/video.mp4#frame=78
78,LEFT_KNEE,0.33874666690826416,0.4397279918193817,0.03305184096097946,0.9640436172485352,CapturedFrames_-4.0_2.0_0.0/video.mp4#frame=78
78,RIGHT_KNEE,0.34292420744895935,0.4088347852230072,0.1865350902080536,0.29839810729026794,CapturedFrames_-4.0_2.0_0.0/video.mp4#frame=78
78,LEFT_ANKLE,0.3591535687446594,0.5239673852920532,0.13121001422405243,0.9694902896881104,CapturedFrames_-4.0_2.0_0.0/video.mp4#frame=78
78,RIGHT_ANKLE,0.37631261348724365,0.46933528780937195,0.32129067182540894,0.3290751576423645,CapturedFrames_-4.0_2.0_0.0/video.mp4#frame=78
78,LEFT_HEEL,0.36608654260635376,0.542002260684967,0.14011184871196747,0.9182825088500977,CapturedFrames_-4.0_2.0_0.0/video.mp4#frame=78
78,RIGHT_HEEL,0.3888441324234009,0.47064292430877686,0.3358428478240967,0.494367390871048,CapturedFrames_-4.0_2.0_0.0/video.mp4#frame=78
78,LEFT_FOOT_INDEX,0.3322798013687134,0.5417178273200989,0.10085342824459076,0.9525800943374634,CapturedFrames_-4.0_2.0_0.0/video.mp4#frame=78
78,RIGHT_FOOT_INDEX,0.36593008041381836,0.48573651909828186,0.3347168266773224,0.5392275452613831,CapturedFrames_-4.0_2.0_0.0/video.mp4#frame=78
79,NOSE,0.30474913120269775,0.16764387488365173,-0.09142259508371353,0.9991469383239746,CapturedFrames_-4.0_2.0_0.0/video.mp4#frame=79
79,LEFT_EYE_INNER,0.3070830702781677,0.1571880578994751,-0.10420019924640656,0.9994171857833862,CapturedFrames_-4.0_2.0_0.0/video.mp4#frame=79
79,LEFT_EYE,0.30773425102233887,0.15685386955738068,-0.10421869903802872,0.999508261680603,CapturedFrames_-4.0_2.0_0.0/video.mp4#frame=79
79,LEFT_EYE_OUTER,0.3084162771701813,0.1565355360507965,-0.10424377024173737,0.9996138215065002,CapturedFrames_-4.0_2.0_0.0/video.mp4#frame=79
79,RIGHT_EYE_INNER,0.30742019414901733,0.15689456462860107,-0.08583321422338486,0.998749852180481,CapturedFrames_-4.0_2.0_0.0/video.mp4#frame=79
79,RIGHT_EYE,0.3083108067512512,0.15628141164779663,-0.08583281934261322,0.9987565279006958,CapturedFrames_-4.0_2.0_0.0/video.mp4#frame=79
79,RIGHT_EYE_OUTER,0.3092425465583801,0.15554265677928925,-0.08586199581623077,0.9988977909088135,CapturedFrames_-4.0_2.0_0.0/video.mp4#frame=79
79,LEFT_EAR,0.3156881332397461,0.15799136459827423,-0.13956396281719208,0.9993948936462402,CapturedFrames_-4.0_2.0_0.0/video.mp4#frame=79
79,RIGHT_EAR,0.31677448749542236,0.1559602916240692,-0.05762064456939697,0.998112678527832,CapturedFrames_-4.0_2.0_0.0/video.mp4#frame=79
79,MOUTH_LEFT,0.3092184364795685,0.17628052830696106,-0.10201270878314972,0.9995352029800415,CapturedFrames_-4.0_2.0_0.0/video.mp4#frame=79
79,MOUTH_RIGHT,0.3092576861381531,0.17633619904518127,-0.07835593074560165,0.9990097284317017,CapturedFrames_-4.0_2.0_0.0/video.mp4#frame=79
79,LEFT_SHOULDER,0.3278099596500397,0.21706850826740265,-0.17873317003250122,0.9999822378158569,CapturedFrames_-4.0_2.0_0.0/video.mp4#frame=79
79,RIGHT_SHOULDER,0.3397989869117737,0.20507439970970154,0.0010753209935501218,0.9988798499107361,CapturedFrames_-4.0_2.0_0.0/video.mp4#frame=79
79,LEFT_ELBOW,0.3266724944114685,0.3015522062778473,-0.17880813777446747,0.9855166077613831,CapturedFrames_-4.0_2.0_0.0/video.mp4#frame=79
79,RIGHT_ELBOW,0.34824681282043457,0.27823132276535034,0.03101630136370659,0.06314324587583542,CapturedFrames_-4.0_2.0_0.0/video.mp4#frame=79
79,LEFT_WRIST,0.31064552068710327,0.3674156665802002,-0.1349862962961197,0.9474010467529297,CapturedFrames_-4.0_2.0_0.0/video.mp4#frame=79
79,RIGHT_WRIST,0.34316563606262207,0.32889866828918457,0.009039979428052902,0.05179908871650696,CapturedFrames_-4.0_2.0_0.0/video.mp4#frame=79
79,LEFT_PINKY,0.3101191222667694,0.3835323750972748,-0.14944376051425934,0.9160282015800476,CapturedFrames_-4.0_2.0_0.0/video.mp4#frame=79
79,RIGHT_PINKY,0.33948323130607605,0.3450891077518463,0.006619816180318594,0.055383529514074326,CapturedFrames_-4.0_2.0_0.0/video.mp4#frame=79
79,LEFT_INDEX,0.30833953619003296,0.38151413202285767,-0.14895908534526825,0.9127073287963867,CapturedFrames_-4.0_2.0_0.0/video.mp4#frame=79
79,RIGHT_INDEX,0.3340485394001007,0.3594602048397064,-0.009218093007802963,0.05626733973622322,CapturedFrames_-4.0_2.0_0.0/video.mp4#frame=79
79,LEFT_THUMB,0.30854740738868713,0.3759353756904602,-0.1332692801952362,0.8674403429031372,CapturedFrames_-4.0_2.0_0.0/video.mp4#frame=79
79,RIGHT_THUMB,0.33473849296569824,0.3546757698059082,0.0008971873903647065,0.0574457012116909,CapturedFrames_-4.0_2.0_0.0/video.mp4#frame=79
79,LEFT_HIP,0.3418128490447998,0.3589268922805786,-0.05715314298868179,0.9996929168701172,CapturedFrames_-4.0_2.0_0.0/video.mp4#frame=79
79,RIGHT_HIP,0.3483024835586548,0.3413192331790924,0.05701417848467827,0.9971286654472351,CapturedFrames_-4.0_2.0_0.0/video.mp4#frame=79
79,LEFT_KNEE,0.3376312553882599,0.436626136302948,0.051850371062755585,0.9566137194633484,CapturedFrames_-4.0_2.0_0.0/video.mp4#frame=79
79,RIGHT_KNEE,0.3358978033065796,0.40729695558547974,0.18007661402225494,0.3866981863975525,CapturedFrames_-4.0_2.0_0.0/video.mp4#frame=79
79,LEFT_ANKLE,0.35839220881462097,0.5186730027198792,0.15252074599266052,0.9651726484298706,CapturedFrames_-4.0_2.0_0.0/video.mp4#frame=79
79,RIGHT_ANKLE,0.364572137594223,0.46869200468063354,0.3124484717845917,0.44542378187179565,CapturedFrames_-4.0_2.0_0.0/video.mp4#frame=79
79,LEFT_HEEL,0.3653332591056824,0.537246584892273,0.16094660758972168,0.8928045630455017,CapturedFrames_-4.0_2.0_0.0/video.mp4#frame=79
79,RIGHT_HEEL,0.3735294044017792,0.4701404869556427,0.326180100440979,0.5659898519515991,CapturedFrames_-4.0_2.0_0.0/video.mp4#frame=79
79,LEFT_FOOT_INDEX,0.33395424485206604,0.5340455174446106,0.12136640399694443,0.9558885097503662,CapturedFrames_-4.0_2.0_0.0/video.mp4#frame=79
79,RIGHT_FOOT_INDEX,0.35515010356903076,0.48474931716918945,0.322409451007843,0.6724866032600403,CapturedFrames_-4.0_2.0_0.0/video.mp4#frame=79
80,NOSE,0.29732078313827515,0.16471625864505768,-0.07171694934368134,0.9997312426567078,CapturedFrames_-4.0_2.0_0.0/video.mp4#frame=80
80,LEFT_EYE_INNER,0.29980915784835815,0.15520745515823364,-0.08568963408470154,0.9997580647468567,CapturedFrames_-4.0_2.0_0.0/video.mp4#frame=80
80,LEFT_EYE,0.30055269598960876,0.15487773716449738,-0.08571378141641617,0.9997766613960266,CapturedFrames_-4.0_2.0_0.0/video.mp4#frame=80
80,LEFT_EYE_OUTER,0.3012591004371643,0.15457135438919067,-0.08573801070451736,0.9998296499252319,CapturedFrames_-4.0_2.0_0.0/video.mp4#frame=80
80,RIGHT_EYE_INNER,0.29985499382019043,0.15483461320400238,-0.06861874461174011,0.9996790885925293,CapturedFrames_-4.0_2.0_0.0/video.mp4#frame=80
80,RIGHT_EYE,0.3006383180618286,0.15417899191379547,-0.06859871000051498,0.999636173248291,CapturedFrames_-4.0_2.0_0.0/video.mp4#frame=80
80,RIGHT_EYE_OUTER,0.3015347123146057,0.1534135937690735,-0.06861051917076111,0.9996408224105835,CapturedFrames_-4.0_2.0_0.0/video.mp4#frame=80
80,LEFT_EAR,0.3080444037914276,0.15655188262462616,-0.12179641425609589,0.999756395816803,CapturedFrames_-4.0_2.0_0.0/video.mp4#frame=80
80,RIGHT_EAR,0.30899253487586975,0.1544078141450882,-0.04552792012691498,0.9995502829551697,CapturedFrames_-4.0_2.0_0.0/video.mp4#frame=80
80,MOUTH_LEFT,0.3019654154777527,0.1736525148153305,-0.08216781914234161,0.9998509883880615,CapturedFrames_-4.0_2.0_0.0/video.mp4#frame=80
80,MOUTH_RIGHT,0.3019137680530548,0.1734517514705658,-0.06010044366121292,0.9997066855430603,CapturedFrames_-4.0_2.0_0.0/video.mp4#frame=80
80,LEFT_SHOULDER,0.3189162015914917,0.2127864807844162,-0.1602398306131363,0.9999959468841553,CapturedFrames_-4.0_2.0_0.0/video.mp4#frame=80
80,RIGHT_SHOULDER,0.33369675278663635,0.20620086789131165,0.011214792728424072,0.999803364276886,CapturedFrames_-4.0_2.0_0.0/video.mp4#frame=80
80,LEFT_ELBOW,0.31552088260650635,0.29450416564941406,-0.1713399440050125,0.9911564588546753,CapturedFrames_-4.0_2.0_0.0/video.mp4#frame=80
80,RIGHT_ELBOW,0.3483509421348572,0.27545166015625,0.05582033470273018,0.3925590217113495,CapturedFrames_-4.0_2.0_0.0/video.mp4#frame=80
80,LEFT_WRIST,0.2970632016658783,0.3556075692176819,-0.15209533274173737,0.9718513488769531,CapturedFrames_-4.0_2.0_0.0/video.mp4#frame=80
80,RIGHT_WRIST,0.35322287678718567,0.3312447965145111,0.06055358797311783,0.3174480199813843,CapturedFrames_-4.0_2.0_0.0/video.mp4#frame=80
80,LEFT_PINKY,0.2966251075267792,0.3714933693408966,-0.1675308495759964,0.9506078958511353,CapturedFrames_-4.0_2.0_0.0/video.mp4#frame=80
80,RIGHT_PINKY,0.35427841544151306,0.3470901548862457,0.062070541083812714,0.2725483775138855,CapturedFrames_-4.0_2.0_0.0/video.mp4#frame=80
80,LEFT_INDEX,0.2944830358028412,0.36888644099235535,-0.16595743596553802,0.9480932950973511,CapturedFrames_-4.0_2.0_0.0/video.mp4#frame=80
80,RIGHT_INDEX,0.35382184386253357,0.34701016545295715,0.04955708980560303,0.27357009053230286,CapturedFrames_-4.0_2.0_0.0/video.mp4#frame=80
80,LEFT_THUMB,0.2944841980934143,0.3635422885417938,-0.1502225697040558,0.9101036190986633,CapturedFrames_-4.0_2.0_0.0/video.mp4#frame=80
80,RIGHT_THUMB,0.35207170248031616,0.34171757102012634,0.054762162268161774,0.2572897672653198,CapturedFrames_-4.0_2.0_0.0/video.mp4#frame=80
80,LEFT_HIP,0.33471354842185974,0.3577601909637451,-0.05671479552984238,0.9999103546142578,CapturedFrames_-4.0_2.0_0.0/video.mp4#frame=80
80,RIGHT_HIP,0.3344724774360657,0.3445109724998474,0.05655922368168831,0.9992628693580627,CapturedFrames_-4.0_2.0_0.0/video.mp4#frame=80
80,LEFT_KNEE,0.3353988230228424,0.43400436639785767,0.053756825625896454,0.9866049885749817,CapturedFrames_-4.0_2.0_0.0/video.mp4#frame=80
80,RIGHT_KNEE,0.3186538815498352,0.4038349688053131,0.1919178068637848,0.6046907305717468,CapturedFrames_-4.0_2.0_0.0/video.mp4#frame=80
80,LEFT_ANKLE,0.35684043169021606,0.5155618190765381,0.15575475990772247,0.9833400845527649,CapturedFrames_-4.0_2.0_0.0/video.mp4#frame=80
80,RIGHT_ANKLE,0.33942845463752747,0.47339239716529846,0.333285927772522,0.6521252393722534,CapturedFrames_-4.0_2.0_0.0/video.mp4#frame=80
80,LEFT_HEEL,0.3649936318397522,0.5309419631958008,0.1645515263080597,0.9421437978744507,CapturedFrames_-4.0_2.0_0.0/video.mp4#frame=80
80,RIGHT_HEEL,0.3453940451145172,0.48495787382125854,0.34699487686157227,0.6505948901176453,CapturedFrames_-4.0_2.0_0.0/video.mp4#frame=80
80,LEFT_FOOT_INDEX,0.33314943313598633,0.5331474542617798,0.12778837978839874,0.9841782450675964,CapturedFrames_-4.0_2.0_0.0/video.mp4#frame=80
80,RIGHT_FOOT_INDEX,0.31863805651664734,0.4915919303894043,0.3400060534477234,0.8522096276283264,CapturedFrames_-4.0_2.0_0.0/video.mp4#frame=80
81,NOSE,0.2889847755432129,0.16267690062522888,-0.07188709080219269,0.9999163150787354,CapturedFrames_-4.0_2.0_0.0/video.mp4#frame=81
81,LEFT_EYE_INNER,0.29144996404647827,0.15306968986988068,-0.08582167327404022,0.9999126195907593,CapturedFrames_-4.0_2.0_0.0/video.mp4#frame=81
81,LEFT_EYE,0.29209089279174805,0.1528272032737732,-0.08583574742078781,0.9999197721481323,CapturedFrames_-4.0_2.0_0.0/video.mp4#frame=81
81,LEFT_EYE_OUTER,0.29273277521133423,0.15265212953090668,-0.0858517736196518,0.9999337196350098,CapturedFrames_-4.0_2.0_0.0/video.mp4#frame=81
81,RIGHT_EYE_INNER,0.2918146252632141,0.15255458652973175,-0.06881799548864365,0.9999105930328369,CapturedFrames_-4.0_2.0_0.0/video.mp4#frame=81
81,RIGHT_EYE,0.2927757501602173,0.15186868607997894,-0.06879883259534836,0.9999011754989624,CapturedFrames_-4.0_2.0_0.0/video.mp4#frame=81
81,RIGHT_EYE_OUTER,0.293743759393692,0.1511528491973877,-0.06879967451095581,0.9998936653137207,CapturedFrames_-4.0_2.0_0.0/video.mp4#frame=81
81,LEFT_EAR,0.2991766333580017,0.1549571007490158,-0.12044470012187958,0.9999175071716309,CapturedFrames_-4.0_2.0_0.0/video.mp4#frame=81
81,RIGHT_EAR,0.30092155933380127,0.15246160328388214,-0.044021882116794586,0.9998456239700317,CapturedFrames_-4.0_2.0_0.0/video.mp4#frame=81
81,MOUTH_LEFT,0.29298657178878784,0.1711389422416687,-0.08198698610067368,0.9999197721481323,CapturedFrames_-4.0_2.0_0.0/video.mp4#frame=81
81,MOUTH_RIGHT,0.29322507977485657,0.17096546292304993,-0.05990874767303467,0.9998319149017334,CapturedFrames_-4.0_2.0_0.0/video.mp4#frame=81
81,LEFT_SHOULDER,0.3090705871582031,0.21226681768894196,-0.15587259829044342,0.9999923706054688,CapturedFrames_-4.0_2.0_0.0/video.mp4#frame=81
81,RIGHT_SHOULDER,0.3248213231563568,0.2052413672208786,0.01053925883024931,0.9998121857643127,CapturedFrames_-4.0_2.0_0.0/video.mp4#frame=81
81,LEFT_ELBOW,0.30562108755111694,0.2869502902030945,-0.1612807661294937,0.9961972236633301,CapturedFrames_-4.0_2.0_0.0/video.mp4#frame=81
81,RIGHT_ELBOW,0.34449493885040283,0.2731681764125824,0.04093572869896889,0.6461461782455444,CapturedFrames_-4.0_2.0_0.0/video.mp4#frame=81
81,LEFT_WRIST,0.2858790457248688,0.33849668502807617,-0.13635385036468506,0.9814373254776001,CapturedFrames_-4.0_2.0_0.0/video.mp4#frame=81
81,RIGHT_WRIST,0.3531110882759094,0.3265340030193329,0.03159032389521599,0.600317656993866,CapturedFrames_-4.0_2.0_0.0/video.mp4#frame=81
81,LEFT_PINKY,0.283611536026001,0.35370972752571106,-0.14828631281852722,0.964164137840271,CapturedFrames_-4.0_2.0_0.0/video.mp4#frame=81
81,RIGHT_PINKY,0.35715818405151367,0.34269556403160095,0.031139623373746872,0.5170181393623352,CapturedFrames_-4.0_2.0_0.0/video.mp4#frame=81
81,LEFT_INDEX,0.2822951674461365,0.3512362539768219,-0.14885517954826355,0.9626926183700562,CapturedFrames_-4.0_2.0_0.0/video.mp4#frame=81
81,RIGHT_INDEX,0.3546762764453888,0.3432723581790924,0.020532241091132164,0.5070810317993164,CapturedFrames_-4.0_2.0_0.0/video.mp4#frame=81
81,LEFT_THUMB,0.2829245626926422,0.3467225730419159,-0.13482598960399628,0.9352016448974609,CapturedFrames_-4.0_2.0_0.0/video.mp4#frame=81
81,RIGHT_THUMB,0.35242682695388794,0.3377711772918701,0.026206690818071365,0.458153635263443,CapturedFrames_-4.0_2.0_0.0/video.mp4#frame=81
81,LEFT_HIP,0.3298538625240326,0.34554538130760193,-0.056368160992860794,0.9999011754989624,CapturedFrames_-4.0_2.0_0.0/video.mp4#frame=81
81,RIGHT_HIP,0.3211524486541748,0.340903103351593,0.05625079944729805,0.9994848966598511,CapturedFrames_-4.0_2.0_0.0/video.mp4#frame=81
81,LEFT_KNEE,0.3354361653327942,0.43233463168144226,0.0039267633110284805,0.9975704550743103,CapturedFrames_-4.0_2.0_0.0/video.mp4#frame=81
81,RIGHT_KNEE,0.30455395579338074,0.3971826732158661,0.15872424840927124,0.916215181350708,CapturedFrames_-4.0_2.0_0.0/video.mp4#frame=81
81,LEFT_ANKLE,0.3567703068256378,0.516454815864563,0.07154341042041779,0.9972881078720093,CapturedFrames_-4.0_2.0_0.0/video.mp4#frame=81
81,RIGHT_ANKLE,0.32119908928871155,0.47444432973861694,0.27698516845703125,0.9510335922241211,CapturedFrames_-4.0_2.0_0.0/video.mp4#frame=81
81,LEFT_HEEL,0.3654298782348633,0.5328734517097473,0.07582312077283859,0.9814241528511047,CapturedFrames_-4.0_2.0_0.0/video.mp4#frame=81
81,RIGHT_HEEL,0.3255711793899536,0.48907268047332764,0.2872510254383087,0.9120802283287048,CapturedFrames_-4.0_2.0_0.0/video.mp4#frame=81
81,LEFT_FOOT_INDEX,0.3352702260017395,0.5365524291992188,0.03089582920074463,0.9964780211448669,CapturedFrames_-4.0_2.0_0.0/video.mp4#frame=81
81,RIGHT_FOOT_INDEX,0.29749202728271484,0.4848717451095581,0.27750954031944275,0.9757142066955566,CapturedFrames_-4.0_2.0_0.0/video.mp4#frame=81
82,NOSE,0.2807326316833496,0.16589727997779846,-0.055359143763780594,0.999893069267273,CapturedFrames_-4.0_2.0_0.0/video.mp4#frame=82
82,LEFT_EYE_INNER,0.28289124369621277,0.15487472712993622,-0.06881663203239441,0.9998840093612671,CapturedFrames_-4.0_2.0_0.0/video.mp4#frame=82
82,LEFT_EYE,0.2835173010826111,0.15462547540664673,-0.06883936375379562,0.9998905658721924,CapturedFrames_-4.0_2.0_0.0/video.mp4#frame=82
82,LEFT_EYE_OUTER,0.28414931893348694,0.15453848242759705,-0.06884972751140594,0.9999097585678101,CapturedFrames_-4.0_2.0_0.0/video.mp4#frame=82
82,RIGHT_EYE_INNER,0.2831757664680481,0.15444879233837128,-0.05210333317518234,0.9998691082000732,CapturedFrames_-4.0_2.0_0.0/video.mp4#frame=82
82,RIGHT_EYE,0.2840777635574341,0.15377986431121826,-0.05206409841775894,0.9998466968536377,CapturedFrames_-4.0_2.0_0.0/video.mp4#frame=82
82,RIGHT_EYE_OUTER,0.28507310152053833,0.15314266085624695,-0.05206374451518059,0.9998268485069275,CapturedFrames_-4.0_2.0_0.0/video.mp4#frame=82
82,LEFT_EAR,0.29061004519462585,0.157475546002388,-0.10271526873111725,0.999887228012085,CapturedFrames_-4.0_2.0_0.0/video.mp4#frame=82
82,RIGHT_EAR,0.29227325320243835,0.15435227751731873,-0.027042623609304428,0.9997015595436096,CapturedFrames_-4.0_2.0_0.0/video.mp4#frame=82
82,MOUTH_LEFT,0.2850903868675232,0.17525939643383026,-0.06534770876169205,0.9998964071273804,CapturedFrames_-4.0_2.0_0.0/video.mp4#frame=82
82,MOUTH_RIGHT,0.28527194261550903,0.17513936758041382,-0.043520137667655945,0.9997507929801941,CapturedFrames_-4.0_2.0_0.0/video.mp4#frame=82
82,LEFT_SHOULDER,0.30004847049713135,0.20992134511470795,-0.1434461772441864,0.9999915361404419,CapturedFrames_-4.0_2.0_0.0/video.mp4#frame=82
82,RIGHT_SHOULDER,0.3188355267047882,0.20398029685020447,0.025358980521559715,0.9997125267982483,CapturedFrames_-4.0_2.0_0.0/video.mp4#frame=82
82,LEFT_ELBOW,0.2955135107040405,0.28500258922576904,-0.15223805606365204,0.9981825351715088,CapturedFrames_-4.0_2.0_0.0/video.mp4#frame=82
82,RIGHT_ELBOW,0.3402094841003418,0.27310147881507874,0.04687654599547386,0.70502769947052,CapturedFrames_-4.0_2.0_0.0/video.mp4#frame=82
82,LEFT_WRIST,0.27435579895973206,0.3309425711631775,-0.12880931794643402,0.9905921816825867,CapturedFrames_-4.0_2.0_0.0/video.mp4#frame=82
82,RIGHT_WRIST,0.3521859645843506,0.32682493329048157,0.022111229598522186,0.6739500761032104,CapturedFrames_-4.0_2.0_0.0/video.mp4#frame=82
82,LEFT_PINKY,0.27077871561050415,0.34512123465538025,-0.14066901803016663,0.9801559448242188,CapturedFrames_-4.0_2.0_0.0/video.mp4#frame=82
82,RIGHT_PINKY,0.3556689918041229,0.3423718512058258,0.018911896273493767,0.5875751376152039,CapturedFrames_-4.0_2.0_0.0/video.mp4#frame=82
82,LEFT_INDEX,0.2698362469673157,0.3426578938961029,-0.1400027722120285,0.9797189235687256,CapturedFrames_-4.0_2.0_0.0/video.mp4#frame=82
82,RIGHT_INDEX,0.35435280203819275,0.34378013014793396,0.008483278565108776,0.5774129629135132,CapturedFrames_-4.0_2.0_0.0/video.mp4#frame=82
82,LEFT_THUMB,0.27103832364082336,0.337900310754776,-0.12666141986846924,0.9655091166496277,CapturedFrames_-4.0_2.0_0.0/video.mp4#frame=82
82,RIGHT_THUMB,0.35133177042007446,0.33859527111053467,0.016246434301137924,0.5215342044830322,CapturedFrames_-4.0_2.0_0.0/video.mp4#frame=82
82,LEFT_HIP,0.3229445219039917,0.3502291738986969,-0.058622878044843674,0.9998478889465332,CapturedFrames_-4.0_2.0_0.0/video.mp4#frame=82
82,RIGHT_HIP,0.31714609265327454,0.3461039364337921,0.0584995374083519,0.9991224408149719,CapturedFrames_-4.0_2.0_0.0/video.mp4#frame=82
82,LEFT_KNEE,0.33504191040992737,0.43287068605422974,0.0028238457161933184,0.997992753982544,CapturedFrames_-4.0_2.0_0.0/video.mp4#frame=82
82,RIGHT_KNEE,0.2935398519039154,0.39734235405921936,0.1574733406305313,0.9193280339241028,CapturedFrames_-4.0_2.0_0.0/video.mp4#frame=82
82,LEFT_ANKLE,0.35925063490867615,0.5162877440452576,0.07330925017595291,0.9966499209403992,CapturedFrames_-4.0_2.0_0.0/video.mp4#frame=82
82,RIGHT_ANKLE,0.30559447407722473,0.4709513783454895,0.2700526714324951,0.9458839893341064,CapturedFrames_-4.0_2.0_0.0/video.mp4#frame=82
82,LEFT_HEEL,0.3667389154434204,0.5318748950958252,0.07796116918325424,0.9787463545799255,CapturedFrames_-4.0_2.0_0.0/video.mp4#frame=82
82,RIGHT_HEEL,0.3111492395401001,0.4871540367603302,0.2796074450016022,0.9272281527519226,CapturedFrames_-4.0_2.0_0.0/video.mp4#frame=82
82,LEFT_FOOT_INDEX,0.332927942276001,0.5353349447250366,0.03298133239150047,0.9954814910888672,CapturedFrames_-4.0_2.0_0.0/video.mp4#frame=82
82,RIGHT_FOOT_INDEX,0.2810782790184021,0.4806232750415802,0.2706523835659027,0.9703568816184998,CapturedFrames_-4.0_2.0_0.0/video.mp4#frame=82
83,NOSE,0.27191853523254395,0.16720803081989288,-0.056025050580501556,0.9999189376831055,CapturedFrames_-4.0_2.0_0.0/video.mp4#frame=83
83,LEFT_EYE_INNER,0.27415937185287476,0.15599656105041504,-0.06941542774438858,0.9999181032180786,CapturedFrames_-4.0_2.0_0.0/video.mp4#frame=83
83,LEFT_EYE,0.2748594880104065,0.15573371946811676,-0.069439597427845,0.999916672706604,CapturedFrames_-4.0_2.0_0.0/video.mp4#frame=83
83,LEFT_EYE_OUTER,0.2755619287490845,0.15566733479499817,-0.06944968551397324,0.9999346733093262,CapturedFrames_-4.0_2.0_0.0/video.mp4#frame=83
83,RIGHT_EYE_INNER,0.2745673954486847,0.15554335713386536,-0.05266370251774788,0.999907374382019,CapturedFrames_-4.0_2.0_0.0/video.mp4#frame=83
83,RIGHT_EYE,0.2755104601383209,0.15488630533218384,-0.052625514566898346,0.9998871088027954,CapturedFrames_-4.0_2.0_0.0/video.mp4#frame=83
83,RIGHT_EYE_OUTER,0.2765514850616455,0.15427835285663605,-0.052625708281993866,0.9998805522918701,CapturedFrames_-4.0_2.0_0.0/video.mp4#frame=83
83,LEFT_EAR,0.2824307680130005,0.15860550105571747,-0.10304270684719086,0.9999008178710938,CapturedFrames_-4.0_2.0_0.0/video.mp4#frame=83
83,RIGHT_EAR,0.2842252254486084,0.155389666557312,-0.026882147416472435,0.9997890591621399,CapturedFrames_-4.0_2.0_0.0/video.mp4#frame=83
83,MOUTH_LEFT,0.2762889266014099,0.17664870619773865,-0.0658305212855339,0.9999290704727173,CapturedFrames_-4.0_2.0_0.0/video.mp4#frame=83
83,MOUTH_RIGHT,0.27662572264671326,0.17644880712032318,-0.04384847357869148,0.9998373985290527,CapturedFrames_-4.0_2.0_0.0/video.mp4#frame=83
83,LEFT_SHOULDER,0.29104459285736084,0.21198374032974243,-0.14112219214439392,0.999994158744812,CapturedFrames_-4.0_2.0_0.0/video.mp4#frame=83
83,RIGHT_SHOULDER,0.31134241819381714,0.20444145798683167,0.025089357048273087,0.999819815158844,CapturedFrames_-4.0_2.0_0.0/video.mp4#frame=83
83,LEFT_ELBOW,0.28451478481292725,0.2836466133594513,-0.15309025347232819,0.997718095779419,CapturedFrames_-4.0_2.0_0.0/video.mp4#frame=83
83,RIGHT_ELBOW,0.33262526988983154,0.2738489806652069,0.050774313509464264,0.7312949299812317,CapturedFrames_-4.0_2.0_0.0/video.mp4#frame=83
83,LEFT_WRIST,0.2653544843196869,0.32787129282951355,-0.1411873698234558,0.9893981218338013,CapturedFrames_-4.0_2.0_0.0/video.mp4#frame=83
83,RIGHT_WRIST,0.3472610414028168,0.32734742760658264,0.028385674580931664,0.654937744140625,CapturedFrames_-4.0_2.0_0.0/video.mp4#frame=83
83,LEFT_PINKY,0.2605850100517273,0.3443570137023926,-0.15514671802520752,0.9787502288818359,CapturedFrames_-4.0_2.0_0.0/video.mp4#frame=83
83,RIGHT_PINKY,0.3514898717403412,0.34246766567230225,0.02510393224656582,0.5611193776130676,CapturedFrames_-4.0_2.0_0.0/video.mp4#frame=83
83,LEFT_INDEX,0.25984349846839905,0.341516375541687,-0.15327198803424835,0.9785565137863159,CapturedFrames_-4.0_2.0_0.0/video.mp4#frame=83
83,RIGHT_INDEX,0.35006970167160034,0.34344977140426636,0.01411656104028225,0.5537791848182678,CapturedFrames_-4.0_2.0_0.0/video.mp4#frame=83
83,LEFT_THUMB,0.26120227575302124,0.33594879508018494,-0.13890306651592255,0.9616721868515015,CapturedFrames_-4.0_2.0_0.0/video.mp4#frame=83
83,RIGHT_THUMB,0.34674105048179626,0.3383669853210449,0.022545969113707542,0.5003844499588013,CapturedFrames_-4.0_2.0_0.0/video.mp4#frame=83
83,LEFT_HIP,0.31577783823013306,0.3549458980560303,-0.05853351205587387,0.999931812286377,CapturedFrames_-4.0_2.0_0.0/video.mp4#frame=83
83,RIGHT_HIP,0.31285762786865234,0.3513089418411255,0.058384157717227936,0.9994901418685913,CapturedFrames_-4.0_2.0_0.0/video.mp4#frame=83
83,LEFT_KNEE,0.3311847746372223,0.43279969692230225,0.012996256351470947,0.9977637529373169,CapturedFrames_-4.0_2.0_0.0/video.mp4#frame=83
83,RIGHT_KNEE,0.2910441756248474,0.4070320427417755,0.18546587228775024,0.8734528422355652,CapturedFrames_-4.0_2.0_0.0/video.mp4#frame=83
83,LEFT_ANKLE,0.35764163732528687,0.5124180316925049,0.08543634414672852,0.9962796568870544,CapturedFrames_-4.0_2.0_0.0/video.mp4#frame=83
83,RIGHT_ANKLE,0.2905813455581665,0.47482141852378845,0.30895254015922546,0.9162778258323669,CapturedFrames_-4.0_2.0_0.0/video.mp4#frame=83
83,LEFT_HEEL,0.36639848351478577,0.5292012095451355,0.09064503014087677,0.9803076386451721,CapturedFrames_-4.0_2.0_0.0/video.mp4#frame=83
83,RIGHT_HEEL,0.29546844959259033,0.4894368052482605,0.3198789060115814,0.8974195718765259,CapturedFrames_-4.0_2.0_0.0/video.mp4#frame=83
83,LEFT_FOOT_INDEX,0.33325308561325073,0.5354049205780029,0.046523112803697586,0.9954839944839478,CapturedFrames_-4.0_2.0_0.0/video.mp4#frame=83
83,RIGHT_FOOT_INDEX,0.26520997285842896,0.47295108437538147,0.3128414452075958,0.9593442678451538,CapturedFrames_-4.0_2.0_0.0/video.mp4#frame=83
84,NOSE,0.2633540630340576,0.1697690784931183,-0.032468538731336594,0.999798595905304,CapturedFrames_-4.0_2.0_0.0/video.mp4#frame=84
84,LEFT_EYE_INNER,0.26464563608169556,0.15798139572143555,-0.046881597489118576,0.9998100399971008,CapturedFrames_-4.0_2.0_0.0/video.mp4#frame=84
84,LEFT_EYE,0.26512616872787476,0.15768642723560333,-0.04690871760249138,0.9997896552085876,CapturedFrames_-4.0_2.0_0.0/video.mp4#frame=84
84,LEFT_EYE_OUTER,0.26561519503593445,0.1574903428554535,-0.04691961407661438,0.9998193383216858,CapturedFrames_-4.0_2.0_0.0/video.mp4#frame=84
84,RIGHT_EYE_INNER,0.2651766538619995,0.15752193331718445,-0.029119908809661865,0.9998043179512024,CapturedFrames_-4.0_2.0_0.0/video.mp4#frame=84
84,RIGHT_EYE,0.2660006284713745,0.1568719744682312,-0.029094820842146873,0.9997790455818176,CapturedFrames_-4.0_2.0_0.0/video.mp4#frame=84
84,RIGHT_EYE_OUTER,0.26691189408302307,0.15619879961013794,-0.029106605798006058,0.9997797608375549,CapturedFrames_-4.0_2.0_0.0/video.mp4#frame=84
84,LEFT_EAR,0.2715928256511688,0.1603911817073822,-0.0865008756518364,0.9997337460517883,CapturedFrames_-4.0_2.0_0.0/video.mp4#frame=84
84,RIGHT_EAR,0.27399712800979614,0.15758362412452698,-0.005179832223802805,0.9995530247688293,CapturedFrames_-4.0_2.0_0.0/video.mp4#frame=84
84,MOUTH_LEFT,0.2675924599170685,0.17868568003177643,-0.04441743344068527,0.9997000694274902,CapturedFrames_-4.0_2.0_0.0/video.mp4#frame=84
84,MOUTH_RIGHT,0.26812994480133057,0.17842228710651398,-0.02098960056900978,0.999476969242096,CapturedFrames_-4.0_2.0_0.0/video.mp4#frame=84
84,LEFT_SHOULDER,0.2801194190979004,0.21225017309188843,-0.12776196002960205,0.9999861717224121,CapturedFrames_-4.0_2.0_0.0/video.mp4#frame=84
84,RIGHT_SHOULDER,0.3051460087299347,0.207906112074852,0.043077252805233,0.9997499585151672,CapturedFrames_-4.0_2.0_0.0/video.mp4#frame=84
84,LEFT_ELBOW,0.2744337320327759,0.2774356007575989,-0.15389195084571838,0.9982078075408936,CapturedFrames_-4.0_2.0_0.0/video.mp4#frame=84
84,RIGHT_ELBOW,0.32813966274261475,0.2719338536262512,0.05930884927511215,0.8080959916114807,CapturedFrames_-4.0_2.0_0.0/video.mp4#frame=84
84,LEFT_WRIST,0.2545488178730011,0.32202181220054626,-0.15677639842033386,0.9888553023338318,CapturedFrames_-4.0_2.0_0.0/video.mp4#frame=84
84,RIGHT_WRIST,0.34350600838661194,0.33200889825820923,0.033540427684783936,0.8349470496177673,CapturedFrames_-4.0_2.0_0.0/video.mp4#frame=84
84,LEFT_PINKY,0.2506200075149536,0.33666566014289856,-0.16974446177482605,0.9730638265609741,CapturedFrames_-4.0_2.0_0.0/video.mp4#frame=84
84,RIGHT_PINKY,0.3473430871963501,0.34712401032447815,0.03518930450081825,0.7400336265563965,CapturedFrames_-4.0_2.0_0.0/video.mp4#frame=84
84,LEFT_INDEX,0.2498851716518402,0.33380845189094543,-0.16230565309524536,0.972288966178894,CapturedFrames_-4.0_2.0_0.0/video.mp4#frame=84
84,RIGHT_INDEX,0.3435417711734772,0.3477914333343506,0.02447080798447132,0.7236312031745911,CapturedFrames_-4.0_2.0_0.0/video.mp4#frame=84
84,LEFT_THUMB,0.25125768780708313,0.32942500710487366,-0.15269434452056885,0.9451797008514404,CapturedFrames_-4.0_2.0_0.0/video.mp4#frame=84
84,RIGHT_THUMB,0.34152713418006897,0.34328004717826843,0.028239866718649864,0.67082279920578,CapturedFrames_-4.0_2.0_0.0/video.mp4#frame=84
84,LEFT_HIP,0.3078439235687256,0.35385826230049133,-0.06113005802035332,0.9999525547027588,CapturedFrames_-4.0_2.0_0.0/video.mp4#frame=84
84,RIGHT_HIP,0.3078981935977936,0.34919339418411255,0.06093351170420647,0.9994971752166748,CapturedFrames_-4.0_2.0_0.0/video.mp4#frame=84
84,LEFT_KNEE,0.32810378074645996,0.428914338350296,-0.01824670098721981,0.9982292056083679,CapturedFrames_-4.0_2.0_0.0/video.mp4#frame=84
84,RIGHT_KNEE,0.29111412167549133,0.41780129075050354,0.17165200412273407,0.8542712330818176,CapturedFrames_-4.0_2.0_0.0/video.mp4#frame=84
84,LEFT_ANKLE,0.35597875714302063,0.5084233283996582,0.03696183115243912,0.9981308579444885,CapturedFrames_-4.0_2.0_0.0/video.mp4#frame=84
84,RIGHT_ANKLE,0.27969419956207275,0.47724419832229614,0.27972519397735596,0.9450895190238953,CapturedFrames_-4.0_2.0_0.0/video.mp4#frame=84
84,LEFT_HEEL,0.36428168416023254,0.5248802900314331,0.04036546126008034,0.9852191209793091,CapturedFrames_-4.0_2.0_0.0/video.mp4#frame=84
84,RIGHT_HEEL,0.2824885845184326,0.4976147413253784,0.28917184472084045,0.9144347906112671,CapturedFrames_-4.0_2.0_0.0/video.mp4#frame=84
84,LEFT_FOOT_INDEX,0.33423909544944763,0.5316128134727478,-0.006078333128243685,0.9970850348472595,CapturedFrames_-4.0_2.0_0.0/video.mp4#frame=84
84,RIGHT_FOOT_INDEX,0.25547167658805847,0.47353968024253845,0.2775561809539795,0.9708663821220398,CapturedFrames_-4.0_2.0_0.0/video.mp4#frame=84
85,NOSE,0.2551635503768921,0.1758440136909485,-0.0368351936340332,0.9998509883880615,CapturedFrames_-4.0_2.0_0.0/video.mp4#frame=85
85,LEFT_EYE_INNER,0.2564023435115814,0.16286662220954895,-0.05127836391329765,0.9998651742935181,CapturedFrames_-4.0_2.0_0.0/video.mp4#frame=85
85,LEFT_EYE,0.25694096088409424,0.16258367896080017,-0.05130570009350777,0.9998533725738525,CapturedFrames_-4.0_2.0_0.0/video.mp4#frame=85
85,LEFT_EYE_OUTER,0.25751668214797974,0.16232697665691376,-0.051318902522325516,0.9998723268508911,CapturedFrames_-4.0_2.0_0.0/video.mp4#frame=85
85,RIGHT_EYE_INNER,0.2568373680114746,0.1624949723482132,-0.03446342423558235,0.9998586177825928,CapturedFrames_-4.0_2.0_0.0/video.mp4#frame=85
85,RIGHT_EYE,0.25768283009529114,0.16190044581890106,-0.03444613888859749,0.9998461008071899,CapturedFrames_-4.0_2.0_0.0/video.mp4#frame=85
85,RIGHT_EYE_OUTER,0.2586229145526886,0.1612016260623932,-0.034449897706508636,0.9998445510864258,CapturedFrames_-4.0_2.0_0.0/video.mp4#frame=85
85,LEFT_EAR,0.2635992765426636,0.16427697241306305,-0.08931548148393631,0.9998080134391785,CapturedFrames_-4.0_2.0_0.0/video.mp4#frame=85
85,RIGHT_EAR,0.2652670741081238,0.16192121803760529,-0.012921521440148354,0.9996863603591919,CapturedFrames_-4.0_2.0_0.0/video.mp4#frame=85
85,MOUTH_LEFT,0.2591467499732971,0.1839728057384491,-0.04815562069416046,0.9997634291648865,CapturedFrames_-4.0_2.0_0.0/video.mp4#frame=85
85,MOUTH_RIGHT,0.25945544242858887,0.18388186395168304,-0.026131868362426758,0.9995830655097961,CapturedFrames_-4.0_2.0_0.0/video.mp4#frame=85
85,LEFT_SHOULDER,0.2705825865268707,0.21826201677322388,-0.12579943239688873,0.9999817609786987,CapturedFrames_-4.0_2.0_0.0/video.mp4#frame=85
85,RIGHT_SHOULDER,0.29895177483558655,0.21420297026634216,0.03268246725201607,0.9997830986976624,CapturedFrames_-4.0_2.0_0.0/video.mp4#frame=85
85,LEFT_ELBOW,0.265043169260025,0.2817802429199219,-0.13534988462924957,0.997208297252655,CapturedFrames_-4.0_2.0_0.0/video.mp4#frame=85
85,RIGHT_ELBOW,0.3210679590702057,0.27536454796791077,0.05070864409208298,0.8512077331542969,CapturedFrames_-4.0_2.0_0.0/video.mp4#frame=85
85,LEFT_WRIST,0.2438325583934784,0.32479187846183777,-0.11898777633905411,0.982395350933075,CapturedFrames_-4.0_2.0_0.0/video.mp4#frame=85
85,RIGHT_WRIST,0.33736860752105713,0.333622008562088,0.030354076996445656,0.8542258739471436,CapturedFrames_-4.0_2.0_0.0/video.mp4#frame=85
85,LEFT_PINKY,0.24025264382362366,0.33826977014541626,-0.12844832241535187,0.9615440964698792,CapturedFrames_-4.0_2.0_0.0/video.mp4#frame=85
85,RIGHT_PINKY,0.3406068682670593,0.3486151695251465,0.03051140531897545,0.7683562636375427,CapturedFrames_-4.0_2.0_0.0/video.mp4#frame=85
85,LEFT_INDEX,0.2395901381969452,0.33516183495521545,-0.12420842796564102,0.9610778093338013,CapturedFrames_-4.0_2.0_0.0/video.mp4#frame=85
85,RIGHT_INDEX,0.33775097131729126,0.35079869627952576,0.020976558327674866,0.7561345100402832,CapturedFrames_-4.0_2.0_0.0/video.mp4#frame=85
85,LEFT_THUMB,0.24115648865699768,0.3306530714035034,-0.11563380807638168,0.9299007654190063,CapturedFrames_-4.0_2.0_0.0/video.mp4#frame=85
85,RIGHT_THUMB,0.33581724762916565,0.3464244306087494,0.025489812716841698,0.7058886289596558,CapturedFrames_-4.0_2.0_0.0/video.mp4#frame=85
85,LEFT_HIP,0.3002631366252899,0.3567781150341034,-0.056424327194690704,0.9999381303787231,CapturedFrames_-4.0_2.0_0.0/video.mp4#frame=85
85,RIGHT_HIP,0.2993623614311218,0.3525678217411041,0.05624764412641525,0.9994681477546692,CapturedFrames_-4.0_2.0_0.0/video.mp4#frame=85
85,LEFT_KNEE,0.3267284333705902,0.4327988624572754,-0.010457574389874935,0.9956186413764954,CapturedFrames_-4.0_2.0_0.0/video.mp4#frame=85
85,RIGHT_KNEE,0.2838060259819031,0.4182197153568268,0.15666235983371735,0.8138945698738098,CapturedFrames_-4.0_2.0_0.0/video.mp4#frame=85
85,LEFT_ANKLE,0.35570043325424194,0.5080946683883667,0.04358677193522453,0.9960126876831055,CapturedFrames_-4.0_2.0_0.0/video.mp4#frame=85
85,RIGHT_ANKLE,0.2749479413032532,0.4807162880897522,0.25533440709114075,0.9324538111686707,CapturedFrames_-4.0_2.0_0.0/video.mp4#frame=85
85,LEFT_HEEL,0.3646211326122284,0.5211303234100342,0.046952053904533386,0.9818106889724731,CapturedFrames_-4.0_2.0_0.0/video.mp4#frame=85
85,RIGHT_HEEL,0.27780666947364807,0.5003450512886047,0.26412689685821533,0.9138704538345337,CapturedFrames_-4.0_2.0_0.0/video.mp4#frame=85
85,LEFT_FOOT_INDEX,0.33443862199783325,0.5333812832832336,0.006251298822462559,0.9940741658210754,CapturedFrames_-4.0_2.0_0.0/video.mp4#frame=85
85,RIGHT_FOOT_INDEX,0.24964773654937744,0.4807058870792389,0.2562169134616852,0.9639654755592346,CapturedFrames_-4.0_2.0_0.0/video.mp4#frame=85
86,NOSE,0.2494729459285736,0.17587928473949432,-0.03625751659274101,0.9998137354850769,CapturedFrames_-4.0_2.0_0.0/video.mp4#frame=86
86,LEFT_EYE_INNER,0.25045499205589294,0.1648934781551361,-0.050008244812488556,0.9998220801353455,CapturedFrames_-4.0_2.0_0.0/video.mp4#frame=86
86,LEFT_EYE,0.25084102153778076,0.1647711843252182,-0.05002874881029129,0.999805748462677,CapturedFrames_-4.0_2.0_0.0/video.mp4#frame=86
86,LEFT_EYE_OUTER,0.251261830329895,0.16477668285369873,-0.05003446340560913,0.999828577041626,CapturedFrames_-4.0_2.0_0.0/video.mp4#frame=86
86,RIGHT_EYE_INNER,0.25106894969940186,0.16439132392406464,-0.033795762807130814,0.9998164772987366,CapturedFrames_-4.0_2.0_0.0/video.mp4#frame=86
86,RIGHT_EYE,0.2519465386867523,0.1638212651014328,-0.03377552330493927,0.999790370464325,CapturedFrames_-4.0_2.0_0.0/video.mp4#frame=86
86,RIGHT_EYE_OUTER,0.25296637415885925,0.16327351331710815,-0.0337875634431839,0.9997937083244324,CapturedFrames_-4.0_2.0_0.0/video.mp4#frame=86
86,LEFT_EAR,0.2571973502635956,0.1682346761226654,-0.08703922480344772,0.9997305274009705,CapturedFrames_-4.0_2.0_0.0/video.mp4#frame=86
86,RIGHT_EAR,0.2605541944503784,0.16543403267860413,-0.012747900560498238,0.9995337724685669,CapturedFrames_-4.0_2.0_0.0/video.mp4#frame=86
86,MOUTH_LEFT,0.2534465193748474,0.18497084081172943,-0.04721169173717499,0.999657154083252,CapturedFrames_-4.0_2.0_0.0/video.mp4#frame=86
86,MOUTH_RIGHT,0.25414296984672546,0.1845172643661499,-0.02587655745446682,0.999424934387207,CapturedFrames_-4.0_2.0_0.0/video.mp4#frame=86
86,LEFT_SHOULDER,0.26314419507980347,0.22295038402080536,-0.127689391374588,0.9999762773513794,CapturedFrames_-4.0_2.0_0.0/video.mp4#frame=86
86,RIGHT_SHOULDER,0.2912808954715729,0.21628692746162415,0.03427320718765259,0.9996601343154907,CapturedFrames_-4.0_2.0_0.0/video.mp4#frame=86
86,LEFT_ELBOW,0.2568773031234741,0.2862786650657654,-0.14703501760959625,0.9979580640792847,CapturedFrames_-4.0_2.0_0.0/video.mp4#frame=86
86,RIGHT_ELBOW,0.3156708776950836,0.2794919013977051,0.05027560144662857,0.8568829298019409,CapturedFrames_-4.0_2.0_0.0/video.mp4#frame=86
86,LEFT_WRIST,0.23643788695335388,0.3261973261833191,-0.14247043430805206,0.9853789806365967,CapturedFrames_-4.0_2.0_0.0/video.mp4#frame=86
86,RIGHT_WRIST,0.33172959089279175,0.33798015117645264,0.026156574487686157,0.8904866576194763,CapturedFrames_-4.0_2.0_0.0/video.mp4#frame=86
86,LEFT_PINKY,0.23237672448158264,0.3393019735813141,-0.15335460007190704,0.966323971748352,CapturedFrames_-4.0_2.0_0.0/video.mp4#frame=86
86,RIGHT_PINKY,0.33578255772590637,0.35290199518203735,0.026644472032785416,0.8224383592605591,CapturedFrames_-4.0_2.0_0.0/video.mp4#frame=86
86,LEFT_INDEX,0.23134195804595947,0.33600759506225586,-0.146918386220932,0.9660511016845703,CapturedFrames_-4.0_2.0_0.0/video.mp4#frame=86
86,RIGHT_INDEX,0.33269965648651123,0.3537449240684509,0.01629427820444107,0.8113144040107727,CapturedFrames_-4.0_2.0_0.0/video.mp4#frame=86
86,LEFT_THUMB,0.23293563723564148,0.331916868686676,-0.1385679990053177,0.9384792447090149,CapturedFrames_-4.0_2.0_0.0/video.mp4#frame=86
86,RIGHT_THUMB,0.33074626326560974,0.3500382900238037,0.021124448627233505,0.7606854438781738,CapturedFrames_-4.0_2.0_0.0/video.mp4#frame=86
86,LEFT_HIP,0.2939097583293915,0.35846853256225586,-0.06141551211476326,0.9999430179595947,CapturedFrames_-4.0_2.0_0.0/video.mp4#frame=86
86,RIGHT_HIP,0.292342871427536,0.35355186462402344,0.06121247261762619,0.9994062185287476,CapturedFrames_-4.0_2.0_0.0/video.mp4#frame=86
86,LEFT_KNEE,0.3204287886619568,0.4316260814666748,-0.030652355402708054,0.9982765913009644,CapturedFrames_-4.0_2.0_0.0/video.mp4#frame=86
86,RIGHT_KNEE,0.2738795280456543,0.4117071032524109,0.16445961594581604,0.8167657852172852,CapturedFrames_-4.0_2.0_0.0/video.mp4#frame=86
86,LEFT_ANKLE,0.35413065552711487,0.5060654282569885,0.014785544946789742,0.9980955719947815,CapturedFrames_-4.0_2.0_0.0/video.mp4#frame=86
86,RIGHT_ANKLE,0.27033013105392456,0.4829363524913788,0.2667800486087799,0.9341461062431335,CapturedFrames_-4.0_2.0_0.0/video.mp4#frame=86
86,LEFT_HEEL,0.3629833161830902,0.5193328857421875,0.01763738878071308,0.9853953123092651,CapturedFrames_-4.0_2.0_0.0/video.mp4#frame=86
86,RIGHT_HEEL,0.2756578326225281,0.5012487173080444,0.2758450210094452,0.9145689010620117,CapturedFrames_-4.0_2.0_0.0/video.mp4#frame=86
86,LEFT_FOOT_INDEX,0.3324451744556427,0.5337170958518982,-0.027348702773451805,0.9966825842857361,CapturedFrames_-4.0_2.0_0.0/video.mp4#frame=86
86,RIGHT_FOOT_INDEX,0.24728086590766907,0.48842328786849976,0.26664477586746216,0.9642982482910156,CapturedFrames_-4.0_2.0_0.0/video.mp4#frame=86
87,NOSE,0.24120831489562988,0.17913460731506348,-0.024378102272748947,0.9999288320541382,CapturedFrames_-4.0_2.0_0.0/video.mp4#frame=87
87,LEFT_EYE_INNER,0.2425529956817627,0.16640697419643402,-0.03970971703529358,0.9999262094497681,CapturedFrames_-4.0_2.0_0.0/video.mp4#frame=87
87,LEFT_EYE,0.2430395632982254,0.1661599576473236,-0.03973010182380676,0.9999274015426636,CapturedFrames_-4.0_2.0_0.0/video.mp4#frame=87
87,LEFT_EYE_OUTER,0.24353206157684326,0.16596363484859467,-0.03974003344774246,0.999930739402771,CapturedFrames_-4.0_2.0_0.0/video.mp4#frame=87
87,RIGHT_EYE_INNER,0.2431255280971527,0.16604945063591003,-0.022059094160795212,0.9999257326126099,CapturedFrames_-4.0_2.0_0.0/video.mp4#frame=87
87,RIGHT_EYE,0.24399349093437195,0.16549387574195862,-0.02203335426747799,0.999920129776001,CapturedFrames_-4.0_2.0_0.0/video.mp4#frame=87
87,RIGHT_EYE_OUTER,0.24497981369495392,0.16483746469020844,-0.022030659019947052,0.9999089241027832,CapturedFrames_-4.0_2.0_0.0/video.mp4#frame=87
87,LEFT_EAR,0.24958392977714539,0.16823206841945648,-0.08324692398309708,0.9999213218688965,CapturedFrames_-4.0_2.0_0.0/video.mp4#frame=87
87,RIGHT_EAR,0.2517746686935425,0.16571646928787231,-0.0023565429728478193,0.9998418092727661,CapturedFrames_-4.0_2.0_0.0/video.mp4#frame=87
87,MOUTH_LEFT,0.24488648772239685,0.187396839261055,-0.03778434544801712,0.9998667240142822,CapturedFrames_-4.0_2.0_0.0/video.mp4#frame=87
87,MOUTH_RIGHT,0.24524851143360138,0.18725760281085968,-0.014607803896069527,0.9997641444206238,CapturedFrames_-4.0_2.0_0.0/video.mp4#frame=87
87,LEFT_SHOULDER,0.2554740905761719,0.22152286767959595,-0.12787973880767822,0.9999874830245972,CapturedFrames_-4.0_2.0_0.0/video.mp4#frame=87
87,RIGHT_SHOULDER,0.28619539737701416,0.21961969137191772,0.0415789932012558,0.9997938275337219,CapturedFrames_-4.0_2.0_0.0/video.mp4#frame=87
87,LEFT_ELBOW,0.25009092688560486,0.28569266200065613,-0.13931982219219208,0.9990257024765015,CapturedFrames_-4.0_2.0_0.0/video.mp4#frame=87
87,RIGHT_ELBOW,0.30950334668159485,0.2835029661655426,0.049732182174921036,0.8996981382369995,CapturedFrames_-4.0_2.0_0.0/video.mp4#frame=87
87,LEFT_WRIST,0.22973069548606873,0.3292350769042969,-0.11771895736455917,0.9883235692977905,CapturedFrames_-4.0_2.0_0.0/video.mp4#frame=87
87,RIGHT_WRIST,0.3235251009464264,0.34050214290618896,0.02364356815814972,0.8877936005592346,CapturedFrames_-4.0_2.0_0.0/video.mp4#frame=87
87,LEFT_PINKY,0.22547511756420135,0.3438074588775635,-0.12639567255973816,0.9719270467758179,CapturedFrames_-4.0_2.0_0.0/video.mp4#frame=87
87,RIGHT_PINKY,0.3281845450401306,0.3561776578426361,0.02342466451227665,0.8078156113624573,CapturedFrames_-4.0_2.0_0.0/video.mp4#frame=87
87,LEFT_INDEX,0.22464589774608612,0.3403378427028656,-0.1230349913239479,0.9719778299331665,CapturedFrames_-4.0_2.0_0.0/video.mp4#frame=87
87,RIGHT_INDEX,0.326353520154953,0.35655754804611206,0.01518277544528246,0.7955015301704407,CapturedFrames_-4.0_2.0_0.0/video.mp4#frame=87
87,LEFT_THUMB,0.22622743248939514,0.33556368947029114,-0.11453531682491302,0.9487314820289612,CapturedFrames_-4.0_2.0_0.0/video.mp4#frame=87
87,RIGHT_THUMB,0.3244529664516449,0.35278287529945374,0.018941542133688927,0.7506411075592041,CapturedFrames_-4.0_2.0_0.0/video.mp4#frame=87
87,LEFT_HIP,0.2874062955379486,0.3605358600616455,-0.06307147443294525,0.9999305009841919,CapturedFrames_-4.0_2.0_0.0/video.mp4#frame=87
87,RIGHT_HIP,0.2821453809738159,0.3596455454826355,0.06288647651672363,0.9995520710945129,CapturedFrames_-4.0_2.0_0.0/video.mp4#frame=87
87,LEFT_KNEE,0.31437021493911743,0.4379902780056,-0.03584561124444008,0.9991300702095032,CapturedFrames_-4.0_2.0_0.0/video.mp4#frame=87
87,RIGHT_KNEE,0.2628263235092163,0.4094598889350891,0.14461027085781097,0.9444218277931213,CapturedFrames_-4.0_2.0_0.0/video.mp4#frame=87
87,LEFT_ANKLE,0.351889967918396,0.5056676864624023,0.013792981393635273,0.9989513158798218,CapturedFrames_-4.0_2.0_0.0/video.mp4#frame=87
87,RIGHT_ANKLE,0.2680497467517853,0.4860028624534607,0.2506696581840515,0.9775198101997375,CapturedFrames_-4.0_2.0_0.0/video.mp4#frame=87
87,LEFT_HEEL,0.3617837727069855,0.5171495676040649,0.01652153581380844,0.9875824451446533,CapturedFrames_-4.0_2.0_0.0/video.mp4#frame=87
87,RIGHT_HEEL,0.27451086044311523,0.5074514150619507,0.25995972752571106,0.9628814458847046,CapturedFrames_-4.0_2.0_0.0/video.mp4#frame=87
87,LEFT_FOOT_INDEX,0.3336388170719147,0.5367868542671204,-0.034014977514743805,0.998130738735199,CapturedFrames_-4.0_2.0_0.0/video.mp4#frame=87
87,RIGHT_FOOT_INDEX,0.24450989067554474,0.49587440490722656,0.2469222992658615,0.9847496747970581,CapturedFrames_-4.0_2.0_0.0/video.mp4#frame=87
88,NOSE,0.235240176320076,0.1762988120317459,-0.01771494373679161,0.9998352527618408,CapturedFrames_-4.0_2.0_0.0/video.mp4#frame=88
88,LEFT_EYE_INNER,0.2367548942565918,0.1660640388727188,-0.03324086591601372,0.9998295307159424,CapturedFrames_-4.0_2.0_0.0/video.mp4#frame=88
88,LEFT_EYE,0.23712074756622314,0.16596366465091705,-0.0332588255405426,0.9998351335525513,CapturedFrames_-4.0_2.0_0.0/video.mp4#frame=88
88,LEFT_EYE_OUTER,0.2374671995639801,0.16590972244739532,-0.033276867121458054,0.9998335838317871,CapturedFrames_-4.0_2.0_0.0/video.mp4#frame=88
88,RIGHT_EYE_INNER,0.23761728405952454,0.165433868765831,-0.015786323696374893,0.9998145699501038,CapturedFrames_-4.0_2.0_0.0/video.mp4#frame=88
88,RIGHT_EYE,0.23857524991035461,0.16482079029083252,-0.015762167051434517,0.9997817873954773,CapturedFrames_-4.0_2.0_0.0/video.mp4#frame=88
88,RIGHT_EYE_OUTER,0.23959127068519592,0.16412222385406494,-0.015756990760564804,0.9997361302375793,CapturedFrames_-4.0_2.0_0.0/video.mp4#frame=88
88,LEFT_EAR,0.24292555451393127,0.16794943809509277,-0.07859648019075394,0.999839186668396,CapturedFrames_-4.0_2.0_0.0/video.mp4#frame=88
88,RIGHT_EAR,0.24676916003227234,0.16489042341709137,0.001142468536272645,0.9994775652885437,CapturedFrames_-4.0_2.0_0.0/video.mp4#frame=88
88,MOUTH_LEFT,0.23853878676891327,0.1839069426059723,-0.03174283355474472,0.9997285008430481,CapturedFrames_-4.0_2.0_0.0/video.mp4#frame=88
88,MOUTH_RIGHT,0.23961445689201355,0.1835227906703949,-0.008894871920347214,0.9994875192642212,CapturedFrames_-4.0_2.0_0.0/video.mp4#frame=88
88,LEFT_SHOULDER,0.24763889610767365,0.22404779493808746,-0.12524265050888062,0.9999850988388062,CapturedFrames_-4.0_2.0_0.0/video.mp4#frame=88
88,RIGHT_SHOULDER,0.27855515480041504,0.22175130248069763,0.04285794124007225,0.9996402263641357,CapturedFrames_-4.0_2.0_0.0/video.mp4#frame=88
88,LEFT_ELBOW,0.2409418374300003,0.29417529702186584,-0.1417926549911499,0.9989894032478333,CapturedFrames_-4.0_2.0_0.0/video.mp4#frame=88
88,RIGHT_ELBOW,0.30074384808540344,0.2863689959049225,0.04928959533572197,0.886765718460083,CapturedFrames_-4.0_2.0_0.0/video.mp4#frame=88
88,LEFT_WRIST,0.2230251282453537,0.33953508734703064,-0.1174071803689003,0.9867607355117798,CapturedFrames_-4.0_2.0_0.0/video.mp4#frame=88
88,RIGHT_WRIST,0.3129088282585144,0.34235677123069763,0.025181416422128677,0.9144548773765564,CapturedFrames_-4.0_2.0_0.0/video.mp4#frame=88
88,LEFT_PINKY,0.2190673053264618,0.355254203081131,-0.12583927810192108,0.9696743488311768,CapturedFrames_-4.0_2.0_0.0/video.mp4#frame=88
88,RIGHT_PINKY,0.3174203336238861,0.3577711880207062,0.025007162243127823,0.865363359451294,CapturedFrames_-4.0_2.0_0.0/video.mp4#frame=88
88,LEFT_INDEX,0.21817560493946075,0.35277411341667175,-0.12306984513998032,0.9694944620132446,CapturedFrames_-4.0_2.0_0.0/video.mp4#frame=88
88,RIGHT_INDEX,0.3157610595226288,0.35791507363319397,0.017526062205433846,0.8558459877967834,CapturedFrames_-4.0_2.0_0.0/video.mp4#frame=88
88,LEFT_THUMB,0.21946926414966583,0.34825900197029114,-0.11449038982391357,0.9439324736595154,CapturedFrames_-4.0_2.0_0.0/video.mp4#frame=88
88,RIGHT_THUMB,0.31388410925865173,0.3536611795425415,0.020683053880929947,0.8127403855323792,CapturedFrames_-4.0_2.0_0.0/video.mp4#frame=88
88,LEFT_HIP,0.2785531282424927,0.3582175076007843,-0.0635707676410675,0.9999390840530396,CapturedFrames_-4.0_2.0_0.0/video.mp4#frame=88
88,RIGHT_HIP,0.2744938135147095,0.3585466742515564,0.06342555582523346,0.9994365572929382,CapturedFrames_-4.0_2.0_0.0/video.mp4#frame=88
88,LEFT_KNEE,0.3003814220428467,0.443619042634964,-0.05350373312830925,0.999060332775116,CapturedFrames_-4.0_2.0_0.0/video.mp4#frame=88
88,RIGHT_KNEE,0.2561399042606354,0.4095611274242401,0.14659683406352997,0.9195227026939392,CapturedFrames_-4.0_2.0_0.0/video.mp4#frame=88
88,LEFT_ANKLE,0.34579703211784363,0.5024641752243042,-0.016720134764909744,0.9992234706878662,CapturedFrames_-4.0_2.0_0.0/video.mp4#frame=88
88,RIGHT_ANKLE,0.2668159008026123,0.4880830645561218,0.25264424085617065,0.9769448041915894,CapturedFrames_-4.0_2.0_0.0/video.mp4#frame=88
88,LEFT_HEEL,0.35695353150367737,0.5085407495498657,-0.014856761321425438,0.9920647740364075,CapturedFrames_-4.0_2.0_0.0/video.mp4#frame=88
88,RIGHT_HEEL,0.2740270793437958,0.5068528652191162,0.26190340518951416,0.9656347632408142,CapturedFrames_-4.0_2.0_0.0/video.mp4#frame=88
88,LEFT_FOOT_INDEX,0.3348754346370697,0.5404788851737976,-0.06549598276615143,0.998530387878418,CapturedFrames_-4.0_2.0_0.0/video.mp4#frame=88
88,RIGHT_FOOT_INDEX,0.24361494183540344,0.4995138943195343,0.24672317504882812,0.9824962615966797,CapturedFrames_-4.0_2.0_0.0/video.mp4#frame=88
89,NOSE,0.22788436710834503,0.17490531504154205,-0.02086695283651352,0.9999639987945557,CapturedFrames_-4.0_2.0_0.0/video.mp4#frame=89
89,LEFT_EYE_INNER,0.22940512001514435,0.1646067500114441,-0.03511340543627739,0.9999595880508423,CapturedFrames_-4.0_2.0_0.0/video.mp4#frame=89
89,LEFT_EYE,0.22980955243110657,0.1645999550819397,-0.03512062132358551,0.9999579191207886,CapturedFrames_-4.0_2.0_0.0/video.mp4#frame=89
89,LEFT_EYE_OUTER,0.2302076518535614,0.16460657119750977,-0.03512084484100342,0.9999604225158691,CapturedFrames_-4.0_2.0_0.0/video.mp4#frame=89
89,RIGHT_EYE_INNER,0.2303391993045807,0.1640222817659378,-0.018665876239538193,0.9999469518661499,CapturedFrames_-4.0_2.0_0.0/video.mp4#frame=89
89,RIGHT_EYE,0.23143160343170166,0.1634986251592636,-0.018659651279449463,0.9999370574951172,CapturedFrames_-4.0_2.0_0.0/video.mp4#frame=89
89,RIGHT_EYE_OUTER,0.2325790822505951,0.1628618985414505,-0.018656130880117416,0.999931812286377,CapturedFrames_-4.0_2.0_0.0/video.mp4#frame=89
89,LEFT_EAR,0.2362789362668991,0.16726915538311005,-0.07584892213344574,0.9999397993087769,CapturedFrames_-4.0_2.0_0.0/video.mp4#frame=89
89,RIGHT_EAR,0.23996210098266602,0.1635463982820511,-0.0012168941320851445,0.9998676776885986,CapturedFrames_-4.0_2.0_0.0/video.mp4#frame=89
89,MOUTH_LEFT,0.2312500774860382,0.18363334238529205,-0.033434927463531494,0.9999465942382812,CapturedFrames_-4.0_2.0_0.0/video.mp4#frame=89
89,MOUTH_RIGHT,0.23222815990447998,0.1832471638917923,-0.011974669061601162,0.9999018907546997,CapturedFrames_-4.0_2.0_0.0/video.mp4#frame=89
89,LEFT_SHOULDER,0.23911795020103455,0.22315320372581482,-0.12169758975505829,0.9999953508377075,CapturedFrames_-4.0_2.0_0.0/video.mp4#frame=89
89,RIGHT_SHOULDER,0.27165815234184265,0.22149275243282318,0.04113579913973808,0.9999405145645142,CapturedFrames_-4.0_2.0_0.0/video.mp4#frame=89
89,LEFT_ELBOW,0.23505553603172302,0.2991728186607361,-0.13160978257656097,0.9979579448699951,CapturedFrames_-4.0_2.0_0.0/video.mp4#frame=89
89,RIGHT_ELBOW,0.29124295711517334,0.2872166931629181,0.04613827168941498,0.8904455304145813,CapturedFrames_-4.0_2.0_0.0/video.mp4#frame=89
89,LEFT_WRIST,0.2178128957748413,0.3507186472415924,-0.10582344233989716,0.9842034578323364,CapturedFrames_-4.0_2.0_0.0/video.mp4#frame=89
89,RIGHT_WRIST,0.3023717403411865,0.3422679603099823,0.02498379349708557,0.8556257486343384,CapturedFrames_-4.0_2.0_0.0/video.mp4#frame=89
89,LEFT_PINKY,0.21531891822814941,0.36451613903045654,-0.11383511126041412,0.9684253931045532,CapturedFrames_-4.0_2.0_0.0/video.mp4#frame=89
89,RIGHT_PINKY,0.3064696788787842,0.3568185567855835,0.02614978328347206,0.7929328083992004,CapturedFrames_-4.0_2.0_0.0/video.mp4#frame=89
89,LEFT_INDEX,0.21470907330513,0.3620796501636505,-0.11167337000370026,0.9691804647445679,CapturedFrames_-4.0_2.0_0.0/video.mp4#frame=89
89,RIGHT_INDEX,0.3051888942718506,0.3590009808540344,0.01740371435880661,0.7782530188560486,CapturedFrames_-4.0_2.0_0.0/video.mp4#frame=89
89,LEFT_THUMB,0.21562615036964417,0.3576071560382843,-0.10306771099567413,0.9470616579055786,CapturedFrames_-4.0_2.0_0.0/video.mp4#frame=89
89,RIGHT_THUMB,0.302732914686203,0.3535650372505188,0.020366203039884567,0.731549084186554,CapturedFrames_-4.0_2.0_0.0/video.mp4#frame=89
89,LEFT_HIP,0.27062156796455383,0.35766011476516724,-0.06214378401637077,0.9999687671661377,CapturedFrames_-4.0_2.0_0.0/video.mp4#frame=89
89,RIGHT_HIP,0.2685585021972656,0.35817751288414,0.06199878454208374,0.9998224377632141,CapturedFrames_-4.0_2.0_0.0/video.mp4#frame=89
89,LEFT_KNEE,0.2837633788585663,0.44578343629837036,-0.05279270559549332,0.9975494742393494,CapturedFrames_-4.0_2.0_0.0/video.mp4#frame=89
89,RIGHT_KNEE,0.2597040832042694,0.4239811301231384,0.15485301613807678,0.882492184638977,CapturedFrames_-4.0_2.0_0.0/video.mp4#frame=89
89,LEFT_ANKLE,0.33433473110198975,0.49281564354896545,-0.030176695436239243,0.9987756609916687,CapturedFrames_-4.0_2.0_0.0/video.mp4#frame=89
89,RIGHT_ANKLE,0.2663746476173401,0.4938105344772339,0.257045716047287,0.9619005918502808,CapturedFrames_-4.0_2.0_0.0/video.mp4#frame=89
89,LEFT_HEEL,0.3474600911140442,0.4927442669868469,-0.02950510010123253,0.9946925044059753,CapturedFrames_-4.0_2.0_0.0/video.mp4#frame=89
89,RIGHT_HEEL,0.2725805640220642,0.5089728236198425,0.26558685302734375,0.9523432850837708,CapturedFrames_-4.0_2.0_0.0/video.mp4#frame=89
89,LEFT_FOOT_INDEX,0.33487895131111145,0.5392370223999023,-0.07680883258581161,0.998731791973114,CapturedFrames_-4.0_2.0_0.0/video.mp4#frame=89
89,RIGHT_FOOT_INDEX,0.24375779926776886,0.5028907656669617,0.25082913041114807,0.9789328575134277,CapturedFrames_-4.0_2.0_0.0/video.mp4#frame=89
90,NOSE,0.21832294762134552,0.17418409883975983,-0.008702204562723637,0.999920129776001,CapturedFrames_-4.0_2.0_0.0/video.mp4#frame=90
90,LEFT_EYE_INNER,0.21995392441749573,0.16391994059085846,-0.02333061210811138,0.9999008178710938,CapturedFrames_-4.0_2.0_0.0/video.mp4#frame=90
90,LEFT_EYE,0.22034421563148499,0.1640009582042694,-0.02332954853773117,0.9998900890350342,CapturedFrames_-4.0_2.0_0.0/video.mp4#frame=90
90,LEFT_EYE_OUTER,0.22074958682060242,0.16413317620754242,-0.023326091468334198,0.9998854398727417,CapturedFrames_-4.0_2.0_0.0/video.mp4#frame=90
90,RIGHT_EYE_INNER,0.22088737785816193,0.16314001381397247,-0.008558573201298714,0.999872088432312,CapturedFrames_-4.0_2.0_0.0/video.mp4#frame=90
90,RIGHT_EYE,0.22192081809043884,0.16261611878871918,-0.008556395769119263,0.9998611211776733,CapturedFrames_-4.0_2.0_0.0/video.mp4#frame=90
90,RIGHT_EYE_OUTER,0.2229808270931244,0.16202028095722198,-0.00856977328658104,0.999855637550354,CapturedFrames_-4.0_2.0_0.0/video.mp4#frame=90
90,LEFT_EAR,0.22638845443725586,0.167089581489563,-0.06820734590291977,0.9998142123222351,CapturedFrames_-4.0_2.0_0.0/video.mp4#frame=90
90,RIGHT_EAR,0.23016004264354706,0.16355079412460327,-0.0016152227763086557,0.999778687953949,CapturedFrames_-4.0_2.0_0.0/video.mp4#frame=90
90,MOUTH_LEFT,0.22165445983409882,0.1826460063457489,-0.022955279797315598,0.9998496770858765,CapturedFrames_-4.0_2.0_0.0/video.mp4#frame=90
90,MOUTH_RIGHT,0.22265669703483582,0.1822248250246048,-0.003780155908316374,0.9998061060905457,CapturedFrames_-4.0_2.0_0.0/video.mp4#frame=90
90,LEFT_SHOULDER,0.2297874242067337,0.22613921761512756,-0.11326895654201508,0.9999806880950928,CapturedFrames_-4.0_2.0_0.0/video.mp4#frame=90
90,RIGHT_SHOULDER,0.26108479499816895,0.21886058151721954,0.02919991873204708,0.9999445676803589,CapturedFrames_-4.0_2.0_0.0/video.mp4#frame=90
90,LEFT_ELBOW,0.22796139121055603,0.3035021424293518,-0.11691681295633316,0.9964708089828491,CapturedFrames_-4.0_2.0_0.0/video.mp4#frame=90
90,RIGHT_ELBOW,0.2826020121574402,0.28304219245910645,0.0337245874106884,0.8909638524055481,CapturedFrames_-4.0_2.0_0.0/video.mp4#frame=90
90,LEFT_WRIST,0.21491971611976624,0.3608191907405853,-0.0774030014872551,0.9554542899131775,CapturedFrames_-4.0_2.0_0.0/video.mp4#frame=90
90,RIGHT_WRIST,0.2926352620124817,0.33967164158821106,0.022072572261095047,0.8134716749191284,CapturedFrames_-4.0_2.0_0.0/video.mp4#frame=90
90,LEFT_PINKY,0.2130964696407318,0.3777664601802826,-0.08024876564741135,0.9165866374969482,CapturedFrames_-4.0_2.0_0.0/video.mp4#frame=90
90,RIGHT_PINKY,0.2971145510673523,0.3550300598144531,0.02529279515147209,0.7331675291061401,CapturedFrames_-4.0_2.0_0.0/video.mp4#frame=90
90,LEFT_INDEX,0.21315345168113708,0.37715017795562744,-0.0787673145532608,0.9188774824142456,CapturedFrames_-4.0_2.0_0.0/video.mp4#frame=90
90,RIGHT_INDEX,0.29416146874427795,0.35589566826820374,0.01738535612821579,0.7189968824386597,CapturedFrames_-4.0_2.0_0.0/video.mp4#frame=90
90,LEFT_THUMB,0.21407580375671387,0.3710378408432007,-0.07470071315765381,0.8833664059638977,CapturedFrames_-4.0_2.0_0.0/video.mp4#frame=90
90,RIGHT_THUMB,0.29159626364707947,0.3504699170589447,0.018279127776622772,0.6799453496932983,CapturedFrames_-4.0_2.0_0.0/video.mp4#frame=90
90,LEFT_HIP,0.2621968686580658,0.35867470502853394,-0.05438444763422012,0.9999548196792603,CapturedFrames_-4.0_2.0_0.0/video.mp4#frame=90
90,RIGHT_HIP,0.2645554542541504,0.35498082637786865,0.054190270602703094,0.9998641014099121,CapturedFrames_-4.0_2.0_0.0/video.mp4#frame=90
90,LEFT_KNEE,0.2676163613796234,0.4441536068916321,-0.029368603602051735,0.9934237003326416,CapturedFrames_-4.0_2.0_0.0/video.mp4#frame=90
90,RIGHT_KNEE,0.25521770119667053,0.4244254231452942,0.13309970498085022,0.8518812656402588,CapturedFrames_-4.0_2.0_0.0/video.mp4#frame=90
90,LEFT_ANKLE,0.3173742890357971,0.48784396052360535,-0.010374218225479126,0.9960162043571472,CapturedFrames_-4.0_2.0_0.0/video.mp4#frame=90
90,RIGHT_ANKLE,0.26602861285209656,0.49611079692840576,0.20770812034606934,0.94468754529953,CapturedFrames_-4.0_2.0_0.0/video.mp4#frame=90
90,LEFT_HEEL,0.3284965455532074,0.48412179946899414,-0.009272164665162563,0.9925110340118408,CapturedFrames_-4.0_2.0_0.0/video.mp4#frame=90
90,RIGHT_HEEL,0.27275922894477844,0.512037456035614,0.2140510529279709,0.9381139874458313,CapturedFrames_-4.0_2.0_0.0/video.mp4#frame=90
90,LEFT_FOOT_INDEX,0.3229791820049286,0.5354021787643433,-0.04017987847328186,0.9957737326622009,CapturedFrames_-4.0_2.0_0.0/video.mp4#frame=90
90,RIGHT_FOOT_INDEX,0.24382977187633514,0.5058452486991882,0.2046281397342682,0.9619406461715698,CapturedFrames_-4.0_2.0_0.0/video.mp4#frame=90
91,NOSE,0.20928117632865906,0.1728222668170929,-0.016864482313394547,0.9999465942382812,CapturedFrames_-4.0_2.0_0.0/video.mp4#frame=91
91,LEFT_EYE_INNER,0.21108266711235046,0.16283276677131653,-0.031052345409989357,0.9999287128448486,CapturedFrames_-4.0_2.0_0.0/video.mp4#frame=91
91,LEFT_EYE,0.21147093176841736,0.16290199756622314,-0.031041717156767845,0.9999250173568726,CapturedFrames_-4.0_2.0_0.0/video.mp4#frame=91
91,LEFT_EYE_OUTER,0.21187373995780945,0.16304390132427216,-0.031037786975502968,0.9999179840087891,CapturedFrames_-4.0_2.0_0.0/video.mp4#frame=91
91,RIGHT_EYE_INNER,0.21211513876914978,0.16197867691516876,-0.015908192843198776,0.9999107122421265,CapturedFrames_-4.0_2.0_0.0/video.mp4#frame=91
91,RIGHT_EYE,0.21323946118354797,0.1613699048757553,-0.015915697440505028,0.9999017715454102,CapturedFrames_-4.0_2.0_0.0/video.mp4#frame=91
91,RIGHT_EYE_OUTER,0.2143745720386505,0.16071419417858124,-0.01592159830033779,0.9998961687088013,CapturedFrames_-4.0_2.0_0.0/video.mp4#frame=91
91,LEFT_EAR,0.2178204506635666,0.165705144405365,-0.07733051478862762,0.9998874664306641,CapturedFrames_-4.0_2.0_0.0/video.mp4#frame=91
91,RIGHT_EAR,0.22174127399921417,0.16198261082172394,-0.009658433496952057,0.999858021736145,CapturedFrames_-4.0_2.0_0.0/video.mp4#frame=91
91,MOUTH_LEFT,0.21296493709087372,0.18126104772090912,-0.031843800097703934,0.9998708963394165,CapturedFrames_-4.0_2.0_0.0/video.mp4#frame=91
91,MOUTH_RIGHT,0.21400943398475647,0.18088148534297943,-0.012222778052091599,0.9998564720153809,CapturedFrames_-4.0_2.0_0.0/video.mp4#frame=91
91,LEFT_SHOULDER,0.22331193089485168,0.22379657626152039,-0.12608852982521057,0.9999836683273315,CapturedFrames_-4.0_2.0_0.0/video.mp4#frame=91
91,RIGHT_SHOULDER,0.2523537278175354,0.21594876050949097,0.02622080221772194,0.9999600648880005,CapturedFrames_-4.0_2.0_0.0/video.mp4#frame=91
91,LEFT_ELBOW,0.22281205654144287,0.30591797828674316,-0.13227584958076477,0.9938083291053772,CapturedFrames_-4.0_2.0_0.0/video.mp4#frame=91
91,RIGHT_ELBOW,0.273672878742218,0.2816098928451538,0.028912533074617386,0.803945004940033,CapturedFrames_-4.0_2.0_0.0/video.mp4#frame=91
91,LEFT_WRIST,0.2138848751783371,0.36764267086982727,-0.0901104137301445,0.9384625554084778,CapturedFrames_-4.0_2.0_0.0/video.mp4#frame=91
91,RIGHT_WRIST,0.2797536253929138,0.33854660391807556,0.01265433244407177,0.7403671145439148,CapturedFrames_-4.0_2.0_0.0/video.mp4#frame=91
91,LEFT_PINKY,0.21298281848430634,0.384356826543808,-0.0946679338812828,0.9001951217651367,CapturedFrames_-4.0_2.0_0.0/video.mp4#frame=91
91,RIGHT_PINKY,0.28283053636550903,0.35553333163261414,0.01773923449218273,0.6873447299003601,CapturedFrames_-4.0_2.0_0.0/video.mp4#frame=91
91,LEFT_INDEX,0.2130405604839325,0.38465583324432373,-0.09096872806549072,0.9022008776664734,CapturedFrames_-4.0_2.0_0.0/video.mp4#frame=91
91,RIGHT_INDEX,0.28018268942832947,0.3548479974269867,0.00885186716914177,0.672105610370636,CapturedFrames_-4.0_2.0_0.0/video.mp4#frame=91
91,LEFT_THUMB,0.21400900185108185,0.3792928159236908,-0.08651628345251083,0.8643925189971924,CapturedFrames_-4.0_2.0_0.0/video.mp4#frame=91
91,RIGHT_THUMB,0.2782384753227234,0.34905174374580383,0.008485153317451477,0.6294706463813782,CapturedFrames_-4.0_2.0_0.0/video.mp4#frame=91
91,LEFT_HIP,0.2522243857383728,0.35815587639808655,-0.05897656828165054,0.9999517202377319,CapturedFrames_-4.0_2.0_0.0/video.mp4#frame=91
91,RIGHT_HIP,0.26415249705314636,0.3508721590042114,0.058760933578014374,0.999904990196228,CapturedFrames_-4.0_2.0_0.0/video.mp4#frame=91
91,LEFT_KNEE,0.2502119541168213,0.4364485740661621,-0.006577947176992893,0.9846324920654297,CapturedFrames_-4.0_2.0_0.0/video.mp4#frame=91
91,RIGHT_KNEE,0.2500695586204529,0.4301101565361023,0.15179133415222168,0.5834320187568665,CapturedFrames_-4.0_2.0_0.0/video.mp4#frame=91
91,LEFT_ANKLE,0.30358415842056274,0.4829369783401489,-0.005003509111702442,0.9952602982521057,CapturedFrames_-4.0_2.0_0.0/video.mp4#frame=91
91,RIGHT_ANKLE,0.2659558653831482,0.5006912350654602,0.19517824053764343,0.9137437343597412,CapturedFrames_-4.0_2.0_0.0/video.mp4#frame=91
91,LEFT_HEEL,0.31543824076652527,0.48244765400886536,-0.004535422194749117,0.9956520199775696,CapturedFrames_-4.0_2.0_0.0/video.mp4#frame=91
91,RIGHT_HEEL,0.27178940176963806,0.5151374340057373,0.19865509867668152,0.9327859878540039,CapturedFrames_-4.0_2.0_0.0/video.mp4#frame=91
91,LEFT_FOOT_INDEX,0.306128591299057,0.5338931083679199,-0.02151048555970192,0.9961054921150208,CapturedFrames_-4.0_2.0_0.0/video.mp4#frame=91
91,RIGHT_FOOT_INDEX,0.24480180442333221,0.5139105916023254,0.19127361476421356,0.9483696222305298,CapturedFrames_-4.0_2.0_0.0/video.mp4#frame=91
92,NOSE,0.19965583086013794,0.17065508663654327,-0.014278140850365162,0.9999150037765503,CapturedFrames_-4.0_2.0_0.0/video.mp4#frame=92
92,LEFT_EYE_INNER,0.20145030319690704,0.15961065888404846,-0.027073469012975693,0.9998974800109863,CapturedFrames_-4.0_2.0_0.0/video.mp4#frame=92
92,LEFT_EYE,0.2018985003232956,0.15942071378231049,-0.027083730325102806,0.9999023675918579,CapturedFrames_-4.0_2.0_0.0/video.mp4#frame=92
92,LEFT_EYE_OUTER,0.2023155391216278,0.15930084884166718,-0.027077462524175644,0.9998928308486938,CapturedFrames_-4.0_2.0_0.0/video.mp4#frame=92
92,RIGHT_EYE_INNER,0.20225736498832703,0.15924496948719025,-0.011476089246571064,0.9998576641082764,CapturedFrames_-4.0_2.0_0.0/video.mp4#frame=92
92,RIGHT_EYE,0.203274205327034,0.1587609499692917,-0.01147945411503315,0.9998482465744019,CapturedFrames_-4.0_2.0_0.0/video.mp4#frame=92
92,RIGHT_EYE_OUTER,0.20433974266052246,0.15822428464889526,-0.011477453634142876,0.9998249411582947,CapturedFrames_-4.0_2.0_0.0/video.mp4#frame=92
92,LEFT_EAR,0.20839664340019226,0.1621808409690857,-0.07059785723686218,0.9998760223388672,CapturedFrames_-4.0_2.0_0.0/video.mp4#frame=92
92,RIGHT_EAR,0.2112145870923996,0.1594802290201187,-0.0015223270747810602,0.9998038411140442,CapturedFrames_-4.0_2.0_0.0/video.mp4#frame=92
92,MOUTH_LEFT,0.20397157967090607,0.18018467724323273,-0.02852277085185051,0.9998373985290527,CapturedFrames_-4.0_2.0_0.0/video.mp4#frame=92
92,MOUTH_RIGHT,0.20482197403907776,0.1799187809228897,-0.00839261244982481,0.9998058676719666,CapturedFrames_-4.0_2.0_0.0/video.mp4#frame=92
92,LEFT_SHOULDER,0.21675613522529602,0.21822211146354675,-0.12786419689655304,0.9999868869781494,CapturedFrames_-4.0_2.0_0.0/video.mp4#frame=92
92,RIGHT_SHOULDER,0.24010589718818665,0.20825369656085968,0.04491579160094261,0.9998680353164673,CapturedFrames_-4.0_2.0_0.0/video.mp4#frame=92
92,LEFT_ELBOW,0.21995651721954346,0.30582907795906067,-0.13202834129333496,0.9900254011154175,CapturedFrames_-4.0_2.0_0.0/video.mp4#frame=92
92,RIGHT_ELBOW,0.25799429416656494,0.2754117250442505,0.059506334364414215,0.2164500504732132,CapturedFrames_-4.0_2.0_0.0/video.mp4#frame=92
92,LEFT_WRIST,0.21616199612617493,0.36598533391952515,-0.07113004475831985,0.9466667175292969,CapturedFrames_-4.0_2.0_0.0/video.mp4#frame=92
92,RIGHT_WRIST,0.25693920254707336,0.3294602632522583,0.050159286707639694,0.15998537838459015,CapturedFrames_-4.0_2.0_0.0/video.mp4#frame=92
92,LEFT_PINKY,0.21691961586475372,0.3819780647754669,-0.07689008861780167,0.9190884828567505,CapturedFrames_-4.0_2.0_0.0/video.mp4#frame=92
92,RIGHT_PINKY,0.2551303505897522,0.3441146910190582,0.057459063827991486,0.17999504506587982,CapturedFrames_-4.0_2.0_0.0/video.mp4#frame=92
92,LEFT_INDEX,0.2165783941745758,0.38217422366142273,-0.07202492654323578,0.9198061227798462,CapturedFrames_-4.0_2.0_0.0/video.mp4#frame=92
92,RIGHT_INDEX,0.2525300085544586,0.3415282070636749,0.04609343037009239,0.17836478352546692,CapturedFrames_-4.0_2.0_0.0/video.mp4#frame=92
92,LEFT_THUMB,0.2169496715068817,0.377198189496994,-0.06678522378206253,0.8921430706977844,CapturedFrames_-4.0_2.0_0.0/video.mp4#frame=92
92,RIGHT_THUMB,0.2536553144454956,0.3354295492172241,0.04495836794376373,0.1708999127149582,CapturedFrames_-4.0_2.0_0.0/video.mp4#frame=92
92,LEFT_HIP,0.24314208328723907,0.3592710793018341,-0.06275732815265656,0.9999270439147949,CapturedFrames_-4.0_2.0_0.0/video.mp4#frame=92
92,RIGHT_HIP,0.25621575117111206,0.3526592254638672,0.06247317045927048,0.9998406171798706,CapturedFrames_-4.0_2.0_0.0/video.mp4#frame=92
92,LEFT_KNEE,0.2378404140472412,0.43524518609046936,0.035913724452257156,0.9699890613555908,CapturedFrames_-4.0_2.0_0.0/video.mp4#frame=92
92,RIGHT_KNEE,0.2416357547044754,0.42552584409713745,0.16622281074523926,0.38969191908836365,CapturedFrames_-4.0_2.0_0.0/video.mp4#frame=92
92,LEFT_ANKLE,0.28540563583374023,0.48778975009918213,0.02920723520219326,0.9923015832901001,CapturedFrames_-4.0_2.0_0.0/video.mp4#frame=92
92,RIGHT_ANKLE,0.26204895973205566,0.49683713912963867,0.17620177567005157,0.8445583581924438,CapturedFrames_-4.0_2.0_0.0/video.mp4#frame=92
92,LEFT_HEEL,0.29886409640312195,0.488179475069046,0.02990076318383217,0.9949055910110474,CapturedFrames_-4.0_2.0_0.0/video.mp4#frame=92
92,RIGHT_HEEL,0.2669626772403717,0.5107895135879517,0.17651131749153137,0.8988929390907288,CapturedFrames_-4.0_2.0_0.0/video.mp4#frame=92
92,LEFT_FOOT_INDEX,0.2822512090206146,0.5278608202934265,0.02690231427550316,0.9941242337226868,CapturedFrames_-4.0_2.0_0.0/video.mp4#frame=92
92,RIGHT_FOOT_INDEX,0.24470515549182892,0.5113365054130554,0.1747860461473465,0.9183662533760071,CapturedFrames_-4.0_2.0_0.0/video.mp4#frame=92
93,NOSE,0.19205427169799805,0.17009371519088745,-0.020183010026812553,0.9989079236984253,CapturedFrames_-4.0_2.0_0.0/video.mp4#frame=93
93,LEFT_EYE_INNER,0.19258558750152588,0.15807734429836273,-0.03139035776257515,0.9988376498222351,CapturedFrames_-4.0_2.0_0.0/video.mp4#frame=93
93,LEFT_EYE,0.19291606545448303,0.1579769104719162,-0.03140623867511749,0.9988898634910583,CapturedFrames_-4.0_2.0_0.0/video.mp4#frame=93
93,LEFT_EYE_OUTER,0.1932324320077896,0.15793545544147491,-0.03140804544091225,0.9989874958992004,CapturedFrames_-4.0_2.0_0.0/video.mp4#frame=93
93,RIGHT_EYE_INNER,0.19333727657794952,0.15724380314350128,-0.01653170958161354,0.9985686540603638,CapturedFrames_-4.0_2.0_0.0/video.mp4#frame=93
93,RIGHT_EYE,0.19419878721237183,0.1565118134021759,-0.016531769186258316,0.9983803033828735,CapturedFrames_-4.0_2.0_0.0/video.mp4#frame=93
93,RIGHT_EYE_OUTER,0.1951218843460083,0.155686154961586,-0.016564447432756424,0.998498797416687,CapturedFrames_-4.0_2.0_0.0/video.mp4#frame=93
93,LEFT_EAR,0.1986694484949112,0.16017000377178192,-0.06784407794475555,0.9986441731452942,CapturedFrames_-4.0_2.0_0.0/video.mp4#frame=93
93,RIGHT_EAR,0.20206335186958313,0.1558421105146408,-0.002332907635718584,0.998297393321991,CapturedFrames_-4.0_2.0_0.0/video.mp4#frame=93
93,MOUTH_LEFT,0.19590789079666138,0.17799268662929535,-0.031747881323099136,0.9980592131614685,CapturedFrames_-4.0_2.0_0.0/video.mp4#frame=93
93,MOUTH_RIGHT,0.19672775268554688,0.1771826446056366,-0.012633807957172394,0.9979684948921204,CapturedFrames_-4.0_2.0_0.0/video.mp4#frame=93
93,LEFT_SHOULDER,0.20908501744270325,0.21781131625175476,-0.11790124326944351,0.9997298121452332,CapturedFrames_-4.0_2.0_0.0/video.mp4#frame=93
93,RIGHT_SHOULDER,0.23082992434501648,0.20106878876686096,0.04359748214483261,0.9985859394073486,CapturedFrames_-4.0_2.0_0.0/video.mp4#frame=93
93,LEFT_ELBOW,0.21604672074317932,0.3048320412635803,-0.13731056451797485,0.9283011555671692,CapturedFrames_-4.0_2.0_0.0/video.mp4#frame=93
93,RIGHT_ELBOW,0.24233050644397736,0.27506762742996216,0.04807881638407707,0.049859873950481415,CapturedFrames_-4.0_2.0_0.0/video.mp4#frame=93
93,LEFT_WRIST,0.21631476283073425,0.36616218090057373,-0.10083302110433578,0.7815401554107666,CapturedFrames_-4.0_2.0_0.0/video.mp4#frame=93
93,RIGHT_WRIST,0.23947438597679138,0.33995044231414795,0.01774531789124012,0.0588894821703434,CapturedFrames_-4.0_2.0_0.0/video.mp4#frame=93
93,LEFT_PINKY,0.21835532784461975,0.3839889466762543,-0.10993929207324982,0.7404077649116516,CapturedFrames_-4.0_2.0_0.0/video.mp4#frame=93
93,RIGHT_PINKY,0.23908047378063202,0.3538086414337158,0.020787565037608147,0.07737968862056732,CapturedFrames_-4.0_2.0_0.0/video.mp4#frame=93
93,LEFT_INDEX,0.21774327754974365,0.38360175490379333,-0.10522899776697159,0.7358659505844116,CapturedFrames_-4.0_2.0_0.0/video.mp4#frame=93
93,RIGHT_INDEX,0.23683872818946838,0.3547701835632324,0.008191319182515144,0.07683723419904709,CapturedFrames_-4.0_2.0_0.0/video.mp4#frame=93
93,LEFT_THUMB,0.21758894622325897,0.3778998851776123,-0.09781618416309357,0.6844610571861267,CapturedFrames_-4.0_2.0_0.0/video.mp4#frame=93
93,RIGHT_THUMB,0.23712077736854553,0.34983640909194946,0.011493679136037827,0.07328937202692032,CapturedFrames_-4.0_2.0_0.0/video.mp4#frame=93
93,LEFT_HIP,0.23688943684101105,0.3559264838695526,-0.05509089305996895,0.9993057250976562,CapturedFrames_-4.0_2.0_0.0/video.mp4#frame=93
93,RIGHT_HIP,0.25148722529411316,0.34719952940940857,0.05493974685668945,0.9987452030181885,CapturedFrames_-4.0_2.0_0.0/video.mp4#frame=93
93,LEFT_KNEE,0.22364547848701477,0.4345596432685852,0.0387800894677639,0.966847836971283,CapturedFrames_-4.0_2.0_0.0/video.mp4#frame=93
93,RIGHT_KNEE,0.2424856722354889,0.41622093319892883,0.14409777522087097,0.4777563214302063,CapturedFrames_-4.0_2.0_0.0/video.mp4#frame=93
93,LEFT_ANKLE,0.26670271158218384,0.4920763671398163,0.05889476463198662,0.9808068871498108,CapturedFrames_-4.0_2.0_0.0/video.mp4#frame=93
93,RIGHT_ANKLE,0.2669554650783539,0.4929250478744507,0.15948215126991272,0.7588998079299927,CapturedFrames_-4.0_2.0_0.0/video.mp4#frame=93
93,LEFT_HEEL,0.27722716331481934,0.499382346868515,0.061707329005002975,0.9825637936592102,CapturedFrames_-4.0_2.0_0.0/video.mp4#frame=93
93,RIGHT_HEEL,0.278224915266037,0.5033764243125916,0.16061842441558838,0.8083563446998596,CapturedFrames_-4.0_2.0_0.0/video.mp4#frame=93
93,LEFT_FOOT_INDEX,0.25295528769493103,0.5194433927536011,0.05848027020692825,0.9753598570823669,CapturedFrames_-4.0_2.0_0.0/video.mp4#frame=93
93,RIGHT_FOOT_INDEX,0.25129610300064087,0.5180121064186096,0.1576930284500122,0.8068050742149353,CapturedFrames_-4.0_2.0_0.0/video.mp4#frame=93
94,NOSE,0.18134424090385437,0.1684226244688034,-0.04167519137263298,0.9985914826393127,CapturedFrames_-4.0_2.0_0.0/video.mp4#frame=94
94,LEFT_EYE_INNER,0.1825946569442749,0.155992329120636,-0.05411197990179062,0.998611569404602,CapturedFrames_-4.0_2.0_0.0/video.mp4#frame=94
94,LEFT_EYE,0.18314288556575775,0.155594140291214,-0.05413712188601494,0.9987823367118835,CapturedFrames_-4.0_2.0_0.0/video.mp4#frame=94
94,LEFT_EYE_OUTER,0.18364137411117554,0.15527164936065674,-0.05415332317352295,0.9988802075386047,CapturedFrames_-4.0_2.0_0.0/video.mp4#frame=94
94,RIGHT_EYE_INNER,0.1830170452594757,0.1549815833568573,-0.0369781069457531,0.9977372884750366,CapturedFrames_-4.0_2.0_0.0/video.mp4#frame=94
94,RIGHT_EYE,0.18390285968780518,0.15383172035217285,-0.03696654736995697,0.9974873065948486,CapturedFrames_-4.0_2.0_0.0/video.mp4#frame=94
94,RIGHT_EYE_OUTER,0.18483519554138184,0.15257182717323303,-0.03701139986515045,0.9977082014083862,CapturedFrames_-4.0_2.0_0.0/video.mp4#frame=94
94,LEFT_EAR,0.1900239735841751,0.1555858552455902,-0.09062186628580093,0.9983457326889038,CapturedFrames_-4.0_2.0_0.0/video.mp4#frame=94
94,RIGHT_EAR,0.19210386276245117,0.1511908769607544,-0.014110857620835304,0.9968613386154175,CapturedFrames_-4.0_2.0_0.0/video.mp4#frame=94
94,MOUTH_LEFT,0.1862364411354065,0.1755576729774475,-0.052555181086063385,0.9980066418647766,CapturedFrames_-4.0_2.0_0.0/video.mp4#frame=94
94,MOUTH_RIGHT,0.18664026260375977,0.1740858256816864,-0.030370082706212997,0.9971964359283447,CapturedFrames_-4.0_2.0_0.0/video.mp4#frame=94
94,LEFT_SHOULDER,0.2032662332057953,0.20621395111083984,-0.13311782479286194,0.9998964071273804,CapturedFrames_-4.0_2.0_0.0/video.mp4#frame=94
94,RIGHT_SHOULDER,0.2183830440044403,0.1921338140964508,0.03214960917830467,0.9985488057136536,CapturedFrames_-4.0_2.0_0.0/video.mp4#frame=94
94,LEFT_ELBOW,0.21396610140800476,0.2950420081615448,-0.15204013884067535,0.9709059596061707,CapturedFrames_-4.0_2.0_0.0/video.mp4#frame=94
94,RIGHT_ELBOW,0.23209968209266663,0.2705966830253601,0.046118199825286865,0.06579265743494034,CapturedFrames_-4.0_2.0_0.0/video.mp4#frame=94
94,LEFT_WRIST,0.21486444771289825,0.36310142278671265,-0.12674473226070404,0.928026020526886,CapturedFrames_-4.0_2.0_0.0/video.mp4#frame=94
94,RIGHT_WRIST,0.23272161185741425,0.32863980531692505,0.016963940113782883,0.06612800806760788,CapturedFrames_-4.0_2.0_0.0/video.mp4#frame=94
94,LEFT_PINKY,0.2169608175754547,0.3828781247138977,-0.1418195515871048,0.9023321866989136,CapturedFrames_-4.0_2.0_0.0/video.mp4#frame=94
94,RIGHT_PINKY,0.23197631537914276,0.3488242030143738,0.018018463626503944,0.08164194226264954,CapturedFrames_-4.0_2.0_0.0/video.mp4#frame=94
94,LEFT_INDEX,0.2177504003047943,0.381803423166275,-0.13741393387317657,0.8982741832733154,CapturedFrames_-4.0_2.0_0.0/video.mp4#frame=94
94,RIGHT_INDEX,0.23018737137317657,0.35025885701179504,0.0017780810594558716,0.0814938172698021,CapturedFrames_-4.0_2.0_0.0/video.mp4#frame=94
94,LEFT_THUMB,0.21756267547607422,0.37407711148262024,-0.12437917292118073,0.8615357279777527,CapturedFrames_-4.0_2.0_0.0/video.mp4#frame=94
94,RIGHT_THUMB,0.22986595332622528,0.34362679719924927,0.009237490594387054,0.08133094012737274,CapturedFrames_-4.0_2.0_0.0/video.mp4#frame=94
94,LEFT_HIP,0.22915856540203094,0.35799258947372437,-0.05406554788351059,0.9991676807403564,CapturedFrames_-4.0_2.0_0.0/video.mp4#frame=94
94,RIGHT_HIP,0.2444150149822235,0.3466000258922577,0.05397229269146919,0.9973391890525818,CapturedFrames_-4.0_2.0_0.0/video.mp4#frame=94
94,LEFT_KNEE,0.21562060713768005,0.42895299196243286,0.0472087524831295,0.9605191946029663,CapturedFrames_-4.0_2.0_0.0/video.mp4#frame=94
94,RIGHT_KNEE,0.24271146953105927,0.41172581911087036,0.15768705308437347,0.37192752957344055,CapturedFrames_-4.0_2.0_0.0/video.mp4#frame=94
94,LEFT_ANKLE,0.25275564193725586,0.49915367364883423,0.11521495878696442,0.9438527226448059,CapturedFrames_-4.0_2.0_0.0/video.mp4#frame=94
94,RIGHT_ANKLE,0.2620459198951721,0.4876508116722107,0.22428515553474426,0.46427789330482483,CapturedFrames_-4.0_2.0_0.0/video.mp4#frame=94
94,LEFT_HEEL,0.26291319727897644,0.508217453956604,0.12273098528385162,0.9405274987220764,CapturedFrames_-4.0_2.0_0.0/video.mp4#frame=94
94,RIGHT_HEEL,0.27213335037231445,0.4994908571243286,0.2315039187669754,0.6056073904037476,CapturedFrames_-4.0_2.0_0.0/video.mp4#frame=94
94,LEFT_FOOT_INDEX,0.2368946522474289,0.535449743270874,0.11473405361175537,0.9251886010169983,CapturedFrames_-4.0_2.0_0.0/video.mp4#frame=94
94,RIGHT_FOOT_INDEX,0.2490854561328888,0.5165683627128601,0.23287323117256165,0.5667986273765564,CapturedFrames_-4.0_2.0_0.0/video.mp4#frame=94
95,NOSE,0.17447543144226074,0.1630070060491562,-0.05759618431329727,0.9993674159049988,CapturedFrames_-4.0_2.0_0.0/video.mp4#frame=95
95,LEFT_EYE_INNER,0.17585474252700806,0.15080693364143372,-0.06873024255037308,0.9993031024932861,CapturedFrames_-4.0_2.0_0.0/video.mp4#frame=95
95,LEFT_EYE,0.17650485038757324,0.15041294693946838,-0.06874991953372955,0.9994310736656189,CapturedFrames_-4.0_2.0_0.0/video.mp4#frame=95
95,LEFT_EYE_OUTER,0.17712634801864624,0.1501266062259674,-0.06876503676176071,0.9994913339614868,CapturedFrames_-4.0_2.0_0.0/video.mp4#frame=95
95,RIGHT_EYE_INNER,0.17576614022254944,0.15009793639183044,-0.05114750936627388,0.9989393353462219,CapturedFrames_-4.0_2.0_0.0/video.mp4#frame=95
95,RIGHT_EYE,0.17637187242507935,0.14919187128543854,-0.05113111808896065,0.9988935589790344,CapturedFrames_-4.0_2.0_0.0/video.mp4#frame=95
95,RIGHT_EYE_OUTER,0.17704223096370697,0.1481376737356186,-0.05116329342126846,0.9989823698997498,CapturedFrames_-4.0_2.0_0.0/video.mp4#frame=95
95,LEFT_EAR,0.18386700749397278,0.15178182721138,-0.09805445373058319,0.9992350339889526,CapturedFrames_-4.0_2.0_0.0/video.mp4#frame=95
95,RIGHT_EAR,0.18452045321464539,0.14792026579380035,-0.019688399508595467,0.9984630346298218,CapturedFrames_-4.0_2.0_0.0/video.mp4#frame=95
95,MOUTH_LEFT,0.17928160727024078,0.17003391683101654,-0.06594590097665787,0.9991193413734436,CapturedFrames_-4.0_2.0_0.0/video.mp4#frame=95
95,MOUTH_RIGHT,0.17926689982414246,0.1693440079689026,-0.04328933358192444,0.9986141920089722,CapturedFrames_-4.0_2.0_0.0/video.mp4#frame=95
95,LEFT_SHOULDER,0.19967910647392273,0.20651356875896454,-0.136808842420578,0.9999403953552246,CapturedFrames_-4.0_2.0_0.0/video.mp4#frame=95
95,RIGHT_SHOULDER,0.20827503502368927,0.18955543637275696,0.03285382688045502,0.998842716217041,CapturedFrames_-4.0_2.0_0.0/video.mp4#frame=95
95,LEFT_ELBOW,0.21271415054798126,0.2964794635772705,-0.15155652165412903,0.9773038029670715,CapturedFrames_-4.0_2.0_0.0/video.mp4#frame=95
95,RIGHT_ELBOW,0.2239823341369629,0.26862847805023193,0.047934602946043015,0.07827875018119812,CapturedFrames_-4.0_2.0_0.0/video.mp4#frame=95
95,LEFT_WRIST,0.21612200140953064,0.36495471000671387,-0.1320376992225647,0.9504998326301575,CapturedFrames_-4.0_2.0_0.0/video.mp4#frame=95
95,RIGHT_WRIST,0.22474952042102814,0.3347671627998352,0.018523303791880608,0.0746074989438057,CapturedFrames_-4.0_2.0_0.0/video.mp4#frame=95
95,LEFT_PINKY,0.21917319297790527,0.38461002707481384,-0.15084420144557953,0.9239225387573242,CapturedFrames_-4.0_2.0_0.0/video.mp4#frame=95
95,RIGHT_PINKY,0.22622916102409363,0.3513321876525879,0.01597071997821331,0.0851857140660286,CapturedFrames_-4.0_2.0_0.0/video.mp4#frame=95
95,LEFT_INDEX,0.2191760092973709,0.38387027382850647,-0.14834977686405182,0.9190173149108887,CapturedFrames_-4.0_2.0_0.0/video.mp4#frame=95
95,RIGHT_INDEX,0.2245785892009735,0.3536359667778015,-0.000705968530382961,0.08549273014068604,CapturedFrames_-4.0_2.0_0.0/video.mp4#frame=95
95,LEFT_THUMB,0.21867735683918,0.3763098120689392,-0.13084107637405396,0.8868383169174194,CapturedFrames_-4.0_2.0_0.0/video.mp4#frame=95
95,RIGHT_THUMB,0.2242700755596161,0.3495115041732788,0.010334588587284088,0.08701339364051819,CapturedFrames_-4.0_2.0_0.0/video.mp4#frame=95
95,LEFT_HIP,0.22610485553741455,0.35754668712615967,-0.05275760963559151,0.9989211559295654,CapturedFrames_-4.0_2.0_0.0/video.mp4#frame=95
95,RIGHT_HIP,0.23699192702770233,0.34935835003852844,0.052719246596097946,0.997395396232605,CapturedFrames_-4.0_2.0_0.0/video.mp4#frame=95
95,LEFT_KNEE,0.20585143566131592,0.4249741733074188,0.04771493747830391,0.9657905101776123,CapturedFrames_-4.0_2.0_0.0/video.mp4#frame=95
95,RIGHT_KNEE,0.23872999846935272,0.41394296288490295,0.14365535974502563,0.5692013502120972,CapturedFrames_-4.0_2.0_0.0/video.mp4#frame=95
95,LEFT_ANKLE,0.2369178831577301,0.5042315125465393,0.16886629164218903,0.9223734140396118,CapturedFrames_-4.0_2.0_0.0/video.mp4#frame=95
95,RIGHT_ANKLE,0.2595367133617401,0.4912891685962677,0.24408359825611115,0.4787583649158478,CapturedFrames_-4.0_2.0_0.0/video.mp4#frame=95
95,LEFT_HEEL,0.251300185918808,0.5115188360214233,0.18085002899169922,0.869517982006073,CapturedFrames_-4.0_2.0_0.0/video.mp4#frame=95
95,RIGHT_HEEL,0.2683771252632141,0.5050002932548523,0.25462934374809265,0.5776435136795044,CapturedFrames_-4.0_2.0_0.0/video.mp4#frame=95
95,LEFT_FOOT_INDEX,0.21787981688976288,0.5349687337875366,0.16576693952083588,0.8759521245956421,CapturedFrames_-4.0_2.0_0.0/video.mp4#frame=95
95,RIGHT_FOOT_INDEX,0.23652128875255585,0.5191320776939392,0.25377553701400757,0.5483728051185608,CapturedFrames_-4.0_2.0_0.0/video.mp4#frame=95
96,NOSE,0.16491051018238068,0.16379781067371368,-0.07877156883478165,0.9999067783355713,CapturedFrames_-4.0_2.0_0.0/video.mp4#frame=96
96,LEFT_EYE_INNER,0.1663704216480255,0.15119878947734833,-0.08991436660289764,0.9998849630355835,CapturedFrames_-4.0_2.0_0.0/video.mp4#frame=96
96,LEFT_EYE,0.16699574887752533,0.150657057762146,-0.08992850035429001,0.9999080896377563,CapturedFrames_-4.0_2.0_0.0/video.mp4#frame=96
96,LEFT_EYE_OUTER,0.16758891940116882,0.15014812350273132,-0.08994075655937195,0.9999204874038696,CapturedFrames_-4.0_2.0_0.0/video.mp4#frame=96
96,RIGHT_EYE_INNER,0.16656138002872467,0.15076838433742523,-0.07180418074131012,0.999825656414032,CapturedFrames_-4.0_2.0_0.0/video.mp4#frame=96
96,RIGHT_EYE,0.16730910539627075,0.14991594851016998,-0.07178731262683868,0.9998175501823425,CapturedFrames_-4.0_2.0_0.0/video.mp4#frame=96
96,RIGHT_EYE_OUTER,0.1680903285741806,0.14894884824752808,-0.07180505245923996,0.9998218417167664,CapturedFrames_-4.0_2.0_0.0/video.mp4#frame=96
96,LEFT_EAR,0.17402741312980652,0.14974172413349152,-0.1170753464102745,0.9999039173126221,CapturedFrames_-4.0_2.0_0.0/video.mp4#frame=96
96,RIGHT_EAR,0.17498114705085754,0.1474270522594452,-0.036462415009737015,0.9996987581253052,CapturedFrames_-4.0_2.0_0.0/video.mp4#frame=96
96,MOUTH_LEFT,0.17003515362739563,0.17032954096794128,-0.08624733984470367,0.9999094009399414,CapturedFrames_-4.0_2.0_0.0/video.mp4#frame=96
96,MOUTH_RIGHT,0.17042005062103271,0.1700487583875656,-0.06295385211706161,0.9998219609260559,CapturedFrames_-4.0_2.0_0.0/video.mp4#frame=96
96,LEFT_SHOULDER,0.19090835750102997,0.20305576920509338,-0.15169943869113922,0.999990701675415,CapturedFrames_-4.0_2.0_0.0/video.mp4#frame=96
96,RIGHT_SHOULDER,0.20088627934455872,0.19222310185432434,0.019697990268468857,0.9994733929634094,CapturedFrames_-4.0_2.0_0.0/video.mp4#frame=96
96,LEFT_ELBOW,0.2075171172618866,0.2868967652320862,-0.16173040866851807,0.992021918296814,CapturedFrames_-4.0_2.0_0.0/video.mp4#frame=96
96,RIGHT_ELBOW,0.21556024253368378,0.26402056217193604,0.03644843026995659,0.09814124554395676,CapturedFrames_-4.0_2.0_0.0/video.mp4#frame=96
96,LEFT_WRIST,0.21591539680957794,0.3589570224285126,-0.13916057348251343,0.9830434918403625,CapturedFrames_-4.0_2.0_0.0/video.mp4#frame=96
96,RIGHT_WRIST,0.2218531370162964,0.3345605731010437,0.005434943828731775,0.08291889727115631,CapturedFrames_-4.0_2.0_0.0/video.mp4#frame=96
96,LEFT_PINKY,0.22048339247703552,0.37618955969810486,-0.15851451456546783,0.966729998588562,CapturedFrames_-4.0_2.0_0.0/video.mp4#frame=96
96,RIGHT_PINKY,0.2220630645751953,0.35363298654556274,0.0013598453951999545,0.08730204403400421,CapturedFrames_-4.0_2.0_0.0/video.mp4#frame=96
96,LEFT_INDEX,0.219134122133255,0.37877312302589417,-0.15697714686393738,0.963678777217865,CapturedFrames_-4.0_2.0_0.0/video.mp4#frame=96
96,RIGHT_INDEX,0.22364957630634308,0.3559947609901428,-0.014408307150006294,0.0877276062965393,CapturedFrames_-4.0_2.0_0.0/video.mp4#frame=96
96,LEFT_THUMB,0.21823963522911072,0.3729488253593445,-0.13774363696575165,0.9432082176208496,CapturedFrames_-4.0_2.0_0.0/video.mp4#frame=96
96,RIGHT_THUMB,0.22303619980812073,0.35032254457473755,-0.0027580042369663715,0.09030570834875107,CapturedFrames_-4.0_2.0_0.0/video.mp4#frame=96
96,LEFT_HIP,0.2150135487318039,0.35216593742370605,-0.052253514528274536,0.9990774393081665,CapturedFrames_-4.0_2.0_0.0/video.mp4#frame=96
96,RIGHT_HIP,0.2252538949251175,0.3395823538303375,0.052187465131282806,0.9972176551818848,CapturedFrames_-4.0_2.0_0.0/video.mp4#frame=96
96,LEFT_KNEE,0.20106002688407898,0.42984825372695923,0.053204022347927094,0.9762261509895325,CapturedFrames_-4.0_2.0_0.0/video.mp4#frame=96
96,RIGHT_KNEE,0.23815421760082245,0.41313934326171875,0.14558865129947662,0.7074769735336304,CapturedFrames_-4.0_2.0_0.0/video.mp4#frame=96
96,LEFT_ANKLE,0.21555034816265106,0.5134791135787964,0.1631155163049698,0.9588639736175537,CapturedFrames_-4.0_2.0_0.0/video.mp4#frame=96
96,RIGHT_ANKLE,0.26251667737960815,0.4845011532306671,0.24483327567577362,0.679955780506134,CapturedFrames_-4.0_2.0_0.0/video.mp4#frame=96
96,LEFT_HEEL,0.2238304167985916,0.5284536480903625,0.17264549434185028,0.9038676619529724,CapturedFrames_-4.0_2.0_0.0/video.mp4#frame=96
96,RIGHT_HEEL,0.26892128586769104,0.5006423592567444,0.2549925148487091,0.7267889380455017,CapturedFrames_-4.0_2.0_0.0/video.mp4#frame=96
96,LEFT_FOOT_INDEX,0.18905137479305267,0.5340138077735901,0.14153477549552917,0.9302659630775452,CapturedFrames_-4.0_2.0_0.0/video.mp4#frame=96
96,RIGHT_FOOT_INDEX,0.2458808720111847,0.5053949356079102,0.2452581375837326,0.7393915057182312,CapturedFrames_-4.0_2.0_0.0/video.mp4#frame=96
97,NOSE,0.15596722066402435,0.16226476430892944,-0.07082538306713104,0.9999299049377441,CapturedFrames_-4.0_2.0_0.0/video.mp4#frame=97
97,LEFT_EYE_INNER,0.15742464363574982,0.15231798589229584,-0.0812399610877037,0.9999104738235474,CapturedFrames_-4.0_2.0_0.0/video.mp4#frame=97
97,LEFT_EYE,0.15792971849441528,0.15215818583965302,-0.08124485611915588,0.9999141693115234,CapturedFrames_-4.0_2.0_0.0/video.mp4#frame=97
97,LEFT_EYE_OUTER,0.1584959626197815,0.15196922421455383,-0.08127140253782272,0.9999346733093262,CapturedFrames_-4.0_2.0_0.0/video.mp4#frame=97
97,RIGHT_EYE_INNER,0.1578887403011322,0.1518721580505371,-0.06439273059368134,0.9998651742935181,CapturedFrames_-4.0_2.0_0.0/video.mp4#frame=97
97,RIGHT_EYE,0.158709317445755,0.15139997005462646,-0.06437501311302185,0.9998492002487183,CapturedFrames_-4.0_2.0_0.0/video.mp4#frame=97
97,RIGHT_EYE_OUTER,0.15964722633361816,0.15082603693008423,-0.06441132724285126,0.9998818635940552,CapturedFrames_-4.0_2.0_0.0/video.mp4#frame=97
97,LEFT_EAR,0.1661398857831955,0.1539849489927292,-0.11226598918437958,0.9999266862869263,CapturedFrames_-4.0_2.0_0.0/video.mp4#frame=97
97,RIGHT_EAR,0.16773253679275513,0.15148279070854187,-0.03817509114742279,0.9997702240943909,CapturedFrames_-4.0_2.0_0.0/video.mp4#frame=97
97,MOUTH_LEFT,0.16046646237373352,0.1714157909154892,-0.08082465827465057,0.999920129776001,CapturedFrames_-4.0_2.0_0.0/video.mp4#frame=97
97,MOUTH_RIGHT,0.16121193766593933,0.17180775105953217,-0.05923270061612129,0.9998797178268433,CapturedFrames_-4.0_2.0_0.0/video.mp4#frame=97
97,LEFT_SHOULDER,0.18581241369247437,0.21513798832893372,-0.1433708369731903,0.9999736547470093,CapturedFrames_-4.0_2.0_0.0/video.mp4#frame=97
97,RIGHT_SHOULDER,0.1985555738210678,0.2040567547082901,0.009472549892961979,0.9992057681083679,CapturedFrames_-4.0_2.0_0.0/video.mp4#frame=97
97,LEFT_ELBOW,0.2037392556667328,0.29853591322898865,-0.14017394185066223,0.9350582957267761,CapturedFrames_-4.0_2.0_0.0/video.mp4#frame=97
97,RIGHT_ELBOW,0.21251937747001648,0.27757877111434937,0.015057029202580452,0.02324897237122059,CapturedFrames_-4.0_2.0_0.0/video.mp4#frame=97
97,LEFT_WRIST,0.21544794738292694,0.3649199604988098,-0.0968448594212532,0.860798180103302,CapturedFrames_-4.0_2.0_0.0/video.mp4#frame=97
97,RIGHT_WRIST,0.21484783291816711,0.34274256229400635,-0.0056972624734044075,0.020315054804086685,CapturedFrames_-4.0_2.0_0.0/video.mp4#frame=97
97,LEFT_PINKY,0.22171778976917267,0.381761759519577,-0.11177317798137665,0.7979099750518799,CapturedFrames_-4.0_2.0_0.0/video.mp4#frame=97
97,RIGHT_PINKY,0.2150164544582367,0.3579646348953247,-0.007570789661258459,0.022940952330827713,CapturedFrames_-4.0_2.0_0.0/video.mp4#frame=97
97,LEFT_INDEX,0.2216183841228485,0.38383132219314575,-0.11162552982568741,0.7862850427627563,CapturedFrames_-4.0_2.0_0.0/video.mp4#frame=97
97,RIGHT_INDEX,0.21819138526916504,0.35534247756004333,-0.017358984798192978,0.022905468940734863,CapturedFrames_-4.0_2.0_0.0/video.mp4#frame=97
97,LEFT_THUMB,0.21942532062530518,0.37798020243644714,-0.09585610032081604,0.7122837901115417,CapturedFrames_-4.0_2.0_0.0/video.mp4#frame=97
97,RIGHT_THUMB,0.21480803191661835,0.3527079224586487,-0.011464866809546947,0.029267389327287674,CapturedFrames_-4.0_2.0_0.0/video.mp4#frame=97
97,LEFT_HIP,0.2077898532152176,0.34596019983291626,-0.0436902679502964,0.9979473948478699,CapturedFrames_-4.0_2.0_0.0/video.mp4#frame=97
97,RIGHT_HIP,0.22082018852233887,0.3373410701751709,0.043601520359516144,0.9974167346954346,CapturedFrames_-4.0_2.0_0.0/video.mp4#frame=97
97,LEFT_KNEE,0.19022923707962036,0.4242440164089203,0.03032650612294674,0.9547648429870605,CapturedFrames_-4.0_2.0_0.0/video.mp4#frame=97
97,RIGHT_KNEE,0.24024584889411926,0.4111268222332001,0.11868418753147125,0.5274418592453003,CapturedFrames_-4.0_2.0_0.0/video.mp4#frame=97
97,LEFT_ANKLE,0.19226403534412384,0.5093635320663452,0.11563201993703842,0.9683883786201477,CapturedFrames_-4.0_2.0_0.0/video.mp4#frame=97
97,RIGHT_ANKLE,0.2645128667354584,0.4855317771434784,0.20708350837230682,0.799961268901825,CapturedFrames_-4.0_2.0_0.0/video.mp4#frame=97
97,LEFT_HEEL,0.1983693689107895,0.5269159078598022,0.12253892421722412,0.9196386337280273,CapturedFrames_-4.0_2.0_0.0/video.mp4#frame=97
97,RIGHT_HEEL,0.27182725071907043,0.5043619871139526,0.21571478247642517,0.8239762187004089,CapturedFrames_-4.0_2.0_0.0/video.mp4#frame=97
97,LEFT_FOOT_INDEX,0.16521070897579193,0.5184649229049683,0.09796086698770523,0.9334959983825684,CapturedFrames_-4.0_2.0_0.0/video.mp4#frame=97
97,RIGHT_FOOT_INDEX,0.2433607578277588,0.5004213452339172,0.2070109099149704,0.7918050289154053,CapturedFrames_-4.0_2.0_0.0/video.mp4#frame=97
98,NOSE,0.1493724286556244,0.16797024011611938,-0.09161563962697983,0.9999837875366211,CapturedFrames_-4.0_2.0_0.0/video.mp4#frame=98
98,LEFT_EYE_INNER,0.150593101978302,0.15725106000900269,-0.10386650264263153,0.9999738931655884,CapturedFrames_-4.0_2.0_0.0/video.mp4#frame=98
98,LEFT_EYE,0.15121643245220184,0.15707461535930634,-0.10388153791427612,0.9999788999557495,CapturedFrames_-4.0_2.0_0.0/video.mp4#frame=98
98,LEFT_EYE_OUTER,0.1518431454896927,0.15694664418697357,-0.10390262305736542,0.9999818801879883,CapturedFrames_-4.0_2.0_0.0/video.mp4#frame=98
98,RIGHT_EYE_INNER,0.1508292704820633,0.1563662886619568,-0.08406075835227966,0.9999567270278931,CapturedFrames_-4.0_2.0_0.0/video.mp4#frame=98
98,RIGHT_EYE,0.15158772468566895,0.15556274354457855,-0.08404532074928284,0.9999567270278931,CapturedFrames_-4.0_2.0_0.0/video.mp4#frame=98
98,RIGHT_EYE_OUTER,0.15241454541683197,0.15471814572811127,-0.08404109627008438,0.9999579191207886,CapturedFrames_-4.0_2.0_0.0/video.mp4#frame=98
98,LEFT_EAR,0.15923388302326202,0.1580473780632019,-0.1369582712650299,0.9999754428863525,CapturedFrames_-4.0_2.0_0.0/video.mp4#frame=98
98,RIGHT_EAR,0.1604127436876297,0.1548202633857727,-0.04812172055244446,0.9999030828475952,CapturedFrames_-4.0_2.0_0.0/video.mp4#frame=98
98,MOUTH_LEFT,0.15529479086399078,0.17594590783119202,-0.10153104364871979,0.9999794960021973,CapturedFrames_-4.0_2.0_0.0/video.mp4#frame=98
98,MOUTH_RIGHT,0.15565527975559235,0.1753610521554947,-0.07585722208023071,0.9999563694000244,CapturedFrames_-4.0_2.0_0.0/video.mp4#frame=98
98,LEFT_SHOULDER,0.17921899259090424,0.21380238234996796,-0.16500668227672577,0.9999929666519165,CapturedFrames_-4.0_2.0_0.0/video.mp4#frame=98
98,RIGHT_SHOULDER,0.18741990625858307,0.1998184621334076,0.005426931194961071,0.9997158646583557,CapturedFrames_-4.0_2.0_0.0/video.mp4#frame=98
98,LEFT_ELBOW,0.20066213607788086,0.2937989830970764,-0.16629979014396667,0.9920905828475952,CapturedFrames_-4.0_2.0_0.0/video.mp4#frame=98
98,RIGHT_ELBOW,0.2064649611711502,0.274971604347229,0.027517089620232582,0.07276702672243118,CapturedFrames_-4.0_2.0_0.0/video.mp4#frame=98
98,LEFT_WRIST,0.2158629149198532,0.359729140996933,-0.1294550597667694,0.9801142811775208,CapturedFrames_-4.0_2.0_0.0/video.mp4#frame=98
98,RIGHT_WRIST,0.20464842021465302,0.32647642493247986,-0.003265238832682371,0.08905104547739029,CapturedFrames_-4.0_2.0_0.0/video.mp4#frame=98
98,LEFT_PINKY,0.2224397212266922,0.3742921054363251,-0.14613622426986694,0.9613603353500366,CapturedFrames_-4.0_2.0_0.0/video.mp4#frame=98
98,RIGHT_PINKY,0.2042093724012375,0.3415832817554474,-0.00783951673656702,0.10656467825174332,CapturedFrames_-4.0_2.0_0.0/video.mp4#frame=98
98,LEFT_INDEX,0.22148597240447998,0.37569358944892883,-0.14605988562107086,0.9587767124176025,CapturedFrames_-4.0_2.0_0.0/video.mp4#frame=98
98,RIGHT_INDEX,0.2037949562072754,0.3424559235572815,-0.024394441395998,0.10798689723014832,CapturedFrames_-4.0_2.0_0.0/video.mp4#frame=98
98,LEFT_THUMB,0.2189052551984787,0.36992040276527405,-0.12818124890327454,0.938753068447113,CapturedFrames_-4.0_2.0_0.0/video.mp4#frame=98
98,RIGHT_THUMB,0.20451822876930237,0.33810698986053467,-0.011952865868806839,0.11668110638856888,CapturedFrames_-4.0_2.0_0.0/video.mp4#frame=98
98,LEFT_HIP,0.1997005045413971,0.35011711716651917,-0.05160464718937874,0.9993845224380493,CapturedFrames_-4.0_2.0_0.0/video.mp4#frame=98
98,RIGHT_HIP,0.21159318089485168,0.33645951747894287,0.05155738443136215,0.9983788728713989,CapturedFrames_-4.0_2.0_0.0/video.mp4#frame=98
98,LEFT_KNEE,0.1819760501384735,0.4266624450683594,0.04186666011810303,0.9754550457000732,CapturedFrames_-4.0_2.0_0.0/video.mp4#frame=98
98,RIGHT_KNEE,0.2373596429824829,0.413409560918808,0.1629214882850647,0.6599317193031311,CapturedFrames_-4.0_2.0_0.0/video.mp4#frame=98
98,LEFT_ANKLE,0.17312972247600555,0.5081044435501099,0.14077232778072357,0.9741013050079346,CapturedFrames_-4.0_2.0_0.0/video.mp4#frame=98
98,RIGHT_ANKLE,0.26347485184669495,0.4842287302017212,0.27880072593688965,0.7758208513259888,CapturedFrames_-4.0_2.0_0.0/video.mp4#frame=98
98,LEFT_HEEL,0.17713405191898346,0.5296107530593872,0.14972276985645294,0.9397841095924377,CapturedFrames_-4.0_2.0_0.0/video.mp4#frame=98
98,RIGHT_HEEL,0.27090951800346375,0.5001596808433533,0.2915142774581909,0.8405519127845764,CapturedFrames_-4.0_2.0_0.0/video.mp4#frame=98
98,LEFT_FOOT_INDEX,0.1433645635843277,0.5137361884117126,0.11956455558538437,0.9561864137649536,CapturedFrames_-4.0_2.0_0.0/video.mp4#frame=98
98,RIGHT_FOOT_INDEX,0.243125319480896,0.504233181476593,0.28706008195877075,0.8181034922599792,CapturedFrames_-4.0_2.0_0.0/video.mp4#frame=98
99,NOSE,0.1412447690963745,0.1722622662782669,-0.07237869501113892,0.9999878406524658,CapturedFrames_-4.0_2.0_0.0/video.mp4#frame=99
99,LEFT_EYE_INNER,0.14290347695350647,0.1608598530292511,-0.08473999798297882,0.999980092048645,CapturedFrames_-4.0_2.0_0.0/video.mp4#frame=99
99,LEFT_EYE,0.1434597373008728,0.16046224534511566,-0.084764264523983,0.9999850988388062,CapturedFrames_-4.0_2.0_0.0/video.mp4#frame=99
99,LEFT_EYE_OUTER,0.143972709774971,0.16007377207279205,-0.08478500694036484,0.9999867677688599,CapturedFrames_-4.0_2.0_0.0/video.mp4#frame=99
99,RIGHT_EYE_INNER,0.14323967695236206,0.16027775406837463,-0.06538496166467667,0.9999712705612183,CapturedFrames_-4.0_2.0_0.0/video.mp4#frame=99
99,RIGHT_EYE,0.1440868228673935,0.15945355594158173,-0.06536396592855453,0.9999701976776123,CapturedFrames_-4.0_2.0_0.0/video.mp4#frame=99
99,RIGHT_EYE_OUTER,0.14498436450958252,0.15850436687469482,-0.06539108604192734,0.9999668598175049,CapturedFrames_-4.0_2.0_0.0/video.mp4#frame=99
99,LEFT_EAR,0.15101788938045502,0.16100111603736877,-0.11586451530456543,0.9999862909317017,CapturedFrames_-4.0_2.0_0.0/video.mp4#frame=99
99,RIGHT_EAR,0.15321430563926697,0.15788854658603668,-0.03108547255396843,0.9999450445175171,CapturedFrames_-4.0_2.0_0.0/video.mp4#frame=99
99,MOUTH_LEFT,0.14646929502487183,0.17955051362514496,-0.08137839287519455,0.9999819993972778,CapturedFrames_-4.0_2.0_0.0/video.mp4#frame=99
99,MOUTH_RIGHT,0.1470225304365158,0.1792736053466797,-0.05670943856239319,0.9999629259109497,CapturedFrames_-4.0_2.0_0.0/video.mp4#frame=99
99,LEFT_SHOULDER,0.17082616686820984,0.2171948254108429,-0.15061700344085693,0.9999891519546509,CapturedFrames_-4.0_2.0_0.0/video.mp4#frame=99
99,RIGHT_SHOULDER,0.17812351882457733,0.203725665807724,0.03308150917291641,0.9996815919876099,CapturedFrames_-4.0_2.0_0.0/video.mp4#frame=99
99,LEFT_ELBOW,0.1960279643535614,0.29688721895217896,-0.15633806586265564,0.9913301467895508,CapturedFrames_-4.0_2.0_0.0/video.mp4#frame=99
99,RIGHT_ELBOW,0.1933646947145462,0.27829307317733765,0.05157167837023735,0.050401218235492706,CapturedFrames_-4.0_2.0_0.0/video.mp4#frame=99
99,LEFT_WRIST,0.21280601620674133,0.36182597279548645,-0.12443897873163223,0.9869815707206726,CapturedFrames_-4.0_2.0_0.0/video.mp4#frame=99
99,RIGHT_WRIST,0.18781328201293945,0.3199898898601532,0.022087087854743004,0.09379971027374268,CapturedFrames_-4.0_2.0_0.0/video.mp4#frame=99
99,LEFT_PINKY,0.2193528115749359,0.37256067991256714,-0.1417289674282074,0.97406005859375,CapturedFrames_-4.0_2.0_0.0/video.mp4#frame=99
99,RIGHT_PINKY,0.18085788190364838,0.33261922001838684,0.021600492298603058,0.10782943665981293,CapturedFrames_-4.0_2.0_0.0/video.mp4#frame=99
99,LEFT_INDEX,0.21761198341846466,0.37356358766555786,-0.14030106365680695,0.971097469329834,CapturedFrames_-4.0_2.0_0.0/video.mp4#frame=99
99,RIGHT_INDEX,0.1777873933315277,0.3294311463832855,0.004696499090641737,0.11030103266239166,CapturedFrames_-4.0_2.0_0.0/video.mp4#frame=99
99,LEFT_THUMB,0.21489647030830383,0.36956965923309326,-0.12264982610940933,0.9539656043052673,CapturedFrames_-4.0_2.0_0.0/video.mp4#frame=99
99,RIGHT_THUMB,0.1807180792093277,0.3262947201728821,0.013341261073946953,0.11975033581256866,CapturedFrames_-4.0_2.0_0.0/video.mp4#frame=99
99,LEFT_HIP,0.1956467479467392,0.3511679172515869,-0.051080506294965744,0.9986938834190369,CapturedFrames_-4.0_2.0_0.0/video.mp4#frame=99
99,RIGHT_HIP,0.2093556821346283,0.3386153280735016,0.05104874446988106,0.9980629086494446,CapturedFrames_-4.0_2.0_0.0/video.mp4#frame=99
99,LEFT_KNEE,0.16956160962581635,0.4147278964519501,0.04265349358320236,0.960660457611084,CapturedFrames_-4.0_2.0_0.0/video.mp4#frame=99
99,RIGHT_KNEE,0.23424220085144043,0.41416457295417786,0.15375222265720367,0.7836431264877319,CapturedFrames_-4.0_2.0_0.0/video.mp4#frame=99
99,LEFT_ANKLE,0.15715572237968445,0.5015739798545837,0.14467786252498627,0.9513880014419556,CapturedFrames_-4.0_2.0_0.0/video.mp4#frame=99
99,RIGHT_ANKLE,0.2640426754951477,0.4861706495285034,0.2566339373588562,0.8422192931175232,CapturedFrames_-4.0_2.0_0.0/video.mp4#frame=99
99,LEFT_HEEL,0.15879389643669128,0.5238462686538696,0.15401995182037354,0.9458380937576294,CapturedFrames_-4.0_2.0_0.0/video.mp4#frame=99
99,RIGHT_HEEL,0.2722088694572449,0.5032202005386353,0.2677309811115265,0.9079095125198364,CapturedFrames_-4.0_2.0_0.0/video.mp4#frame=99
99,LEFT_FOOT_INDEX,0.12535132467746735,0.49651670455932617,0.1383180022239685,0.9172916412353516,CapturedFrames_-4.0_2.0_0.0/video.mp4#frame=99
99,RIGHT_FOOT_INDEX,0.2425471544265747,0.4992999732494354,0.26499301195144653,0.8311704993247986,CapturedFrames_-4.0_2.0_0.0/video.mp4#frame=99
100,NOSE,0.13147827982902527,0.17588737607002258,-0.06920032203197479,0.9999905824661255,CapturedFrames_-4.0_2.0_0.0/video.mp4#frame=100
100,LEFT_EYE_INNER,0.1327478438615799,0.16418549418449402,-0.08068904280662537,0.999984860420227,CapturedFrames_-4.0_2.0_0.0/video.mp4#frame=100
100,LEFT_EYE,0.1333891600370407,0.16396042704582214,-0.08070783317089081,0.9999895095825195,CapturedFrames_-4.0_2.0_0.0/video.mp4#frame=100
100,LEFT_EYE_OUTER,0.1340072751045227,0.16379547119140625,-0.08072442561388016,0.9999905824661255,CapturedFrames_-4.0_2.0_0.0/video.mp4#frame=100
100,RIGHT_EYE_INNER,0.13312335312366486,0.163433238863945,-0.06175059825181961,0.9999781847000122,CapturedFrames_-4.0_2.0_0.0/video.mp4#frame=100
100,RIGHT_EYE,0.1340673863887787,0.16269245743751526,-0.061733655631542206,0.9999784231185913,CapturedFrames_-4.0_2.0_0.0/video.mp4#frame=100
100,RIGHT_EYE_OUTER,0.13503748178482056,0.16189280152320862,-0.061753999441862106,0.9999747276306152,CapturedFrames_-4.0_2.0_0.0/video.mp4#frame=100
100,LEFT_EAR,0.1408991664648056,0.16586019098758698,-0.10816459357738495,0.9999904632568359,CapturedFrames_-4.0_2.0_0.0/video.mp4#frame=100
100,RIGHT_EAR,0.1428680270910263,0.16230981051921844,-0.025780443102121353,0.9999655485153198,CapturedFrames_-4.0_2.0_0.0/video.mp4#frame=100
100,MOUTH_LEFT,0.13660049438476562,0.18359743058681488,-0.07700981199741364,0.9999876022338867,CapturedFrames_-4.0_2.0_0.0/video.mp4#frame=100
100,MOUTH_RIGHT,0.13732674717903137,0.18280982971191406,-0.053065262734889984,0.9999752044677734,CapturedFrames_-4.0_2.0_0.0/video.mp4#frame=100
100,LEFT_SHOULDER,0.16123265027999878,0.22116659581661224,-0.14535270631313324,0.9999933242797852,CapturedFrames_-4.0_2.0_0.0/video.mp4#frame=100
100,RIGHT_SHOULDER,0.16964823007583618,0.20900364220142365,0.042649853974580765,0.9997791647911072,CapturedFrames_-4.0_2.0_0.0/video.mp4#frame=100
100,LEFT_ELBOW,0.1868702620267868,0.2971671223640442,-0.15817579627037048,0.9950128197669983,CapturedFrames_-4.0_2.0_0.0/video.mp4#frame=100
100,RIGHT_ELBOW,0.18285059928894043,0.28118380904197693,0.07790331542491913,0.06364290416240692,CapturedFrames_-4.0_2.0_0.0/video.mp4#frame=100
100,LEFT_WRIST,0.20587165653705597,0.36228668689727783,-0.14110639691352844,0.9932206869125366,CapturedFrames_-4.0_2.0_0.0/video.mp4#frame=100
100,RIGHT_WRIST,0.17417794466018677,0.32075586915016174,0.06243797391653061,0.15626993775367737,CapturedFrames_-4.0_2.0_0.0/video.mp4#frame=100
100,LEFT_PINKY,0.21346215903759003,0.3739144504070282,-0.15988385677337646,0.9855270385742188,CapturedFrames_-4.0_2.0_0.0/video.mp4#frame=100
100,RIGHT_PINKY,0.1660766452550888,0.33134925365448,0.06415572762489319,0.178532674908638,CapturedFrames_-4.0_2.0_0.0/video.mp4#frame=100
100,LEFT_INDEX,0.21244530379772186,0.37566065788269043,-0.15861842036247253,0.9835851192474365,CapturedFrames_-4.0_2.0_0.0/video.mp4#frame=100
100,RIGHT_INDEX,0.16569039225578308,0.32945311069488525,0.046282075345516205,0.1851431429386139,CapturedFrames_-4.0_2.0_0.0/video.mp4#frame=100
100,LEFT_THUMB,0.20897968113422394,0.37120699882507324,-0.13952337205410004,0.9725040793418884,CapturedFrames_-4.0_2.0_0.0/video.mp4#frame=100
100,RIGHT_THUMB,0.16811543703079224,0.3264864385128021,0.05385144427418709,0.19446393847465515,CapturedFrames_-4.0_2.0_0.0/video.mp4#frame=100
100,LEFT_HIP,0.18783074617385864,0.35616064071655273,-0.05166827514767647,0.9991542100906372,CapturedFrames_-4.0_2.0_0.0/video.mp4#frame=100
100,RIGHT_HIP,0.20306706428527832,0.3442429006099701,0.051634710282087326,0.9988217949867249,CapturedFrames_-4.0_2.0_0.0/video.mp4#frame=100
100,LEFT_KNEE,0.16123707592487335,0.41660743951797485,0.049607958644628525,0.9690598845481873,CapturedFrames_-4.0_2.0_0.0/video.mp4#frame=100
100,RIGHT_KNEE,0.2309393435716629,0.4184977114200592,0.14496178925037384,0.8493384122848511,CapturedFrames_-4.0_2.0_0.0/video.mp4#frame=100
100,LEFT_ANKLE,0.1480545699596405,0.5066981315612793,0.1607658565044403,0.9616475105285645,CapturedFrames_-4.0_2.0_0.0/video.mp4#frame=100
100,RIGHT_ANKLE,0.263921320438385,0.48722535371780396,0.24084706604480743,0.8741327524185181,CapturedFrames_-4.0_2.0_0.0/video.mp4#frame=100
100,LEFT_HEEL,0.15051846206188202,0.5274577736854553,0.1709228754043579,0.9549527764320374,CapturedFrames_-4.0_2.0_0.0/video.mp4#frame=100
100,RIGHT_HEEL,0.27386945486068726,0.5031421184539795,0.25113117694854736,0.9211525321006775,CapturedFrames_-4.0_2.0_0.0/video.mp4#frame=100
100,LEFT_FOOT_INDEX,0.11924482882022858,0.49919307231903076,0.15619853138923645,0.9337509274482727,CapturedFrames_-4.0_2.0_0.0/video.mp4#frame=100
100,RIGHT_FOOT_INDEX,0.2407265156507492,0.5007196664810181,0.24578137695789337,0.8712509274482727,CapturedFrames_-4.0_2.0_0.0/video.mp4#frame=100
101,NOSE,0.1259690374135971,0.17953437566757202,-0.07471822202205658,0.9999905824661255,CapturedFrames_-4.0_2.0_0.0/video.mp4#frame=101
101,LEFT_EYE_INNER,0.1264527440071106,0.16815590858459473,-0.08593615889549255,0.9999847412109375,CapturedFrames_-4.0_2.0_0.0/video.mp4#frame=101
101,LEFT_EYE,0.1268945187330246,0.16784003376960754,-0.08594804257154465,0.99998939037323,CapturedFrames_-4.0_2.0_0.0/video.mp4#frame=101
101,LEFT_EYE_OUTER,0.12728217244148254,0.1676151305437088,-0.08596725761890411,0.9999899864196777,CapturedFrames_-4.0_2.0_0.0/video.mp4#frame=101
101,RIGHT_EYE_INNER,0.12675590813159943,0.16760390996932983,-0.06878568977117538,0.9999780654907227,CapturedFrames_-4.0_2.0_0.0/video.mp4#frame=101
101,RIGHT_EYE,0.1274767518043518,0.16680586338043213,-0.0687723234295845,0.9999793767929077,CapturedFrames_-4.0_2.0_0.0/video.mp4#frame=101
101,RIGHT_EYE_OUTER,0.12822246551513672,0.16593070328235626,-0.0687795877456665,0.9999774694442749,CapturedFrames_-4.0_2.0_0.0/video.mp4#frame=101
101,LEFT_EAR,0.13343076407909393,0.16907824575901031,-0.10790238529443741,0.9999891519546509,CapturedFrames_-4.0_2.0_0.0/video.mp4#frame=101
101,RIGHT_EAR,0.13524633646011353,0.16537463665008545,-0.0335850864648819,0.9999697208404541,CapturedFrames_-4.0_2.0_0.0/video.mp4#frame=101
101,MOUTH_LEFT,0.13064293563365936,0.1864173710346222,-0.08014050871133804,0.999985933303833,CapturedFrames_-4.0_2.0_0.0/video.mp4#frame=101
101,MOUTH_RIGHT,0.13128729164600372,0.18648192286491394,-0.058596380054950714,0.9999754428863525,CapturedFrames_-4.0_2.0_0.0/video.mp4#frame=101
101,LEFT_SHOULDER,0.15497754514217377,0.2250291258096695,-0.13479597866535187,0.9999876022338867,CapturedFrames_-4.0_2.0_0.0/video.mp4#frame=101
101,RIGHT_SHOULDER,0.16116037964820862,0.21445393562316895,0.03135033696889877,0.9998490810394287,CapturedFrames_-4.0_2.0_0.0/video.mp4#frame=101
101,LEFT_ELBOW,0.18268641829490662,0.3021547794342041,-0.14120696485042572,0.9915016889572144,CapturedFrames_-4.0_2.0_0.0/video.mp4#frame=101
101,RIGHT_ELBOW,0.1734279990196228,0.28964871168136597,0.06893880665302277,0.1018676608800888,CapturedFrames_-4.0_2.0_0.0/video.mp4#frame=101
101,LEFT_WRIST,0.201284721493721,0.36647894978523254,-0.12839043140411377,0.9825930595397949,CapturedFrames_-4.0_2.0_0.0/video.mp4#frame=101
101,RIGHT_WRIST,0.16262716054916382,0.3252757787704468,0.050190918147563934,0.24121637642383575,CapturedFrames_-4.0_2.0_0.0/video.mp4#frame=101
101,LEFT_PINKY,0.20795223116874695,0.3774431347846985,-0.1431649625301361,0.9669901728630066,CapturedFrames_-4.0_2.0_0.0/video.mp4#frame=101
101,RIGHT_PINKY,0.15709669888019562,0.34091827273368835,0.05051533132791519,0.2692045569419861,CapturedFrames_-4.0_2.0_0.0/video.mp4#frame=101
101,LEFT_INDEX,0.2066100835800171,0.3781694173812866,-0.14427325129508972,0.9627235531806946,CapturedFrames_-4.0_2.0_0.0/video.mp4#frame=101
101,RIGHT_INDEX,0.15591637790203094,0.33734869956970215,0.032997969537973404,0.27653270959854126,CapturedFrames_-4.0_2.0_0.0/video.mp4#frame=101
101,LEFT_THUMB,0.20375773310661316,0.37371110916137695,-0.12748685479164124,0.9463433623313904,CapturedFrames_-4.0_2.0_0.0/video.mp4#frame=101
101,RIGHT_THUMB,0.15775582194328308,0.3337385058403015,0.04211483523249626,0.2767907381057739,CapturedFrames_-4.0_2.0_0.0/video.mp4#frame=101
101,LEFT_HIP,0.182732492685318,0.3569829761981964,-0.04452212527394295,0.9994661211967468,CapturedFrames_-4.0_2.0_0.0/video.mp4#frame=101
101,RIGHT_HIP,0.19603168964385986,0.34371286630630493,0.04452821612358093,0.9994957447052002,CapturedFrames_-4.0_2.0_0.0/video.mp4#frame=101
101,LEFT_KNEE,0.15440505743026733,0.4202483594417572,0.04523637145757675,0.9731144905090332,CapturedFrames_-4.0_2.0_0.0/video.mp4#frame=101
101,RIGHT_KNEE,0.2229444682598114,0.4136650562286377,0.11426465213298798,0.8688068389892578,CapturedFrames_-4.0_2.0_0.0/video.mp4#frame=101
101,LEFT_ANKLE,0.14644017815589905,0.5122224688529968,0.14704665541648865,0.9553282856941223,CapturedFrames_-4.0_2.0_0.0/video.mp4#frame=101
101,RIGHT_ANKLE,0.262387752532959,0.48514237999916077,0.18255487084388733,0.8934147357940674,CapturedFrames_-4.0_2.0_0.0/video.mp4#frame=101
101,LEFT_HEEL,0.15024490654468536,0.5326762795448303,0.15667906403541565,0.9534457325935364,CapturedFrames_-4.0_2.0_0.0/video.mp4#frame=101
101,RIGHT_HEEL,0.27160629630088806,0.49978479743003845,0.19011567533016205,0.9257035255432129,CapturedFrames_-4.0_2.0_0.0/video.mp4#frame=101
101,LEFT_FOOT_INDEX,0.11600283533334732,0.5123298168182373,0.1479179859161377,0.9262803792953491,CapturedFrames_-4.0_2.0_0.0/video.mp4#frame=101
101,RIGHT_FOOT_INDEX,0.24131639301776886,0.5021212100982666,0.18571163713932037,0.8887850046157837,CapturedFrames_-4.0_2.0_0.0/video.mp4#frame=101
102,NOSE,0.11568248271942139,0.18339768052101135,-0.07686964422464371,0.9999942779541016,CapturedFrames_-4.0_2.0_0.0/video.mp4#frame=102
102,LEFT_EYE_INNER,0.11672589927911758,0.1711428165435791,-0.0881272554397583,0.999990701675415,CapturedFrames_-4.0_2.0_0.0/video.mp4#frame=102
102,LEFT_EYE,0.11727199703454971,0.1709211766719818,-0.08813714981079102,0.9999935626983643,CapturedFrames_-4.0_2.0_0.0/video.mp4#frame=102
102,LEFT_EYE_OUTER,0.1177954226732254,0.17080724239349365,-0.08815371245145798,0.999994158744812,CapturedFrames_-4.0_2.0_0.0/video.mp4#frame=102
102,RIGHT_EYE_INNER,0.11701364815235138,0.17050385475158691,-0.07053917646408081,0.999985933303833,CapturedFrames_-4.0_2.0_0.0/video.mp4#frame=102
102,RIGHT_EYE,0.11782747507095337,0.16978706419467926,-0.07051981985569,0.9999866485595703,CapturedFrames_-4.0_2.0_0.0/video.mp4#frame=102
102,RIGHT_EYE_OUTER,0.11871860176324844,0.16903431713581085,-0.07052303850650787,0.9999852180480957,CapturedFrames_-4.0_2.0_0.0/video.mp4#frame=102
102,LEFT_EAR,0.12475432455539703,0.17267899215221405,-0.11180110275745392,0.9999939203262329,CapturedFrames_-4.0_2.0_0.0/video.mp4#frame=102
102,RIGHT_EAR,0.12689149379730225,0.16887427866458893,-0.03543362021446228,0.9999793767929077,CapturedFrames_-4.0_2.0_0.0/video.mp4#frame=102
102,MOUTH_LEFT,0.12045441567897797,0.19018666446208954,-0.08315468579530716,0.9999915361404419,CapturedFrames_-4.0_2.0_0.0/video.mp4#frame=102
102,MOUTH_RIGHT,0.12110905349254608,0.18982577323913574,-0.06099643185734749,0.9999842643737793,CapturedFrames_-4.0_2.0_0.0/video.mp4#frame=102
102,LEFT_SHOULDER,0.14568740129470825,0.22941888868808746,-0.13965323567390442,0.9999924898147583,CapturedFrames_-4.0_2.0_0.0/video.mp4#frame=102
102,RIGHT_SHOULDER,0.15440215170383453,0.21627071499824524,0.02916823700070381,0.999840259552002,CapturedFrames_-4.0_2.0_0.0/video.mp4#frame=102
102,LEFT_ELBOW,0.17291750013828278,0.3039260506629944,-0.14752577245235443,0.994450569152832,CapturedFrames_-4.0_2.0_0.0/video.mp4#frame=102
102,RIGHT_ELBOW,0.16575399041175842,0.2901628613471985,0.061747319996356964,0.07065865397453308,CapturedFrames_-4.0_2.0_0.0/video.mp4#frame=102
102,LEFT_WRIST,0.1913052797317505,0.3701634407043457,-0.13183218240737915,0.9869743585586548,CapturedFrames_-4.0_2.0_0.0/video.mp4#frame=102
102,RIGHT_WRIST,0.15730765461921692,0.33536264300346375,0.03802173212170601,0.17058512568473816,CapturedFrames_-4.0_2.0_0.0/video.mp4#frame=102
102,LEFT_PINKY,0.19777117669582367,0.38145574927330017,-0.14834624528884888,0.9734086394309998,CapturedFrames_-4.0_2.0_0.0/video.mp4#frame=102
102,RIGHT_PINKY,0.15182381868362427,0.3440706133842468,0.0363120399415493,0.19911296665668488,CapturedFrames_-4.0_2.0_0.0/video.mp4#frame=102
102,LEFT_INDEX,0.1955621987581253,0.3824872672557831,-0.14868192374706268,0.9698161482810974,CapturedFrames_-4.0_2.0_0.0/video.mp4#frame=102
102,RIGHT_INDEX,0.1503193974494934,0.3420890271663666,0.01854581944644451,0.2048785537481308,CapturedFrames_-4.0_2.0_0.0/video.mp4#frame=102
102,LEFT_THUMB,0.19296863675117493,0.3783196210861206,-0.13070765137672424,0.9548024535179138,CapturedFrames_-4.0_2.0_0.0/video.mp4#frame=102
102,RIGHT_THUMB,0.15474912524223328,0.33895477652549744,0.029463941231369972,0.20972293615341187,CapturedFrames_-4.0_2.0_0.0/video.mp4#frame=102
102,LEFT_HIP,0.17332413792610168,0.3595554828643799,-0.04533850774168968,0.9993355870246887,CapturedFrames_-4.0_2.0_0.0/video.mp4#frame=102
102,RIGHT_HIP,0.1859717220067978,0.3451482653617859,0.04532945156097412,0.9992745518684387,CapturedFrames_-4.0_2.0_0.0/video.mp4#frame=102
102,LEFT_KNEE,0.14688266813755035,0.4292765259742737,0.041134320199489594,0.9755628108978271,CapturedFrames_-4.0_2.0_0.0/video.mp4#frame=102
102,RIGHT_KNEE,0.21735206246376038,0.4156154692173004,0.11408393085002899,0.8739299774169922,CapturedFrames_-4.0_2.0_0.0/video.mp4#frame=102
102,LEFT_ANKLE,0.14571288228034973,0.5184815526008606,0.14113342761993408,0.9645504951477051,CapturedFrames_-4.0_2.0_0.0/video.mp4#frame=102
102,RIGHT_ANKLE,0.2590579688549042,0.48498475551605225,0.18155403435230255,0.8926063179969788,CapturedFrames_-4.0_2.0_0.0/video.mp4#frame=102
102,LEFT_HEEL,0.15194204449653625,0.5397916436195374,0.1504734456539154,0.9568256139755249,CapturedFrames_-4.0_2.0_0.0/video.mp4#frame=102
102,RIGHT_HEEL,0.27016687393188477,0.49710899591445923,0.18882982432842255,0.9232088327407837,CapturedFrames_-4.0_2.0_0.0/video.mp4#frame=102
102,LEFT_FOOT_INDEX,0.11833779513835907,0.5306400060653687,0.1391773372888565,0.9379751086235046,CapturedFrames_-4.0_2.0_0.0/video.mp4#frame=102
102,RIGHT_FOOT_INDEX,0.24131183326244354,0.5093326568603516,0.18298377096652985,0.8883033394813538,CapturedFrames_-4.0_2.0_0.0/video.mp4#frame=102
103,NOSE,0.10778786987066269,0.18705667555332184,-0.0897052213549614,0.9999915361404419,CapturedFrames_-4.0_2.0_0.0/video.mp4#frame=103
103,LEFT_EYE_INNER,0.10941053926944733,0.17534564435482025,-0.10062859952449799,0.9999889135360718,CapturedFrames_-4.0_2.0_0.0/video.mp4#frame=103
103,LEFT_EYE,0.10997352749109268,0.17498239874839783,-0.10064166784286499,0.9999927282333374,CapturedFrames_-4.0_2.0_0.0/video.mp4#frame=103
103,LEFT_EYE_OUTER,0.11049328744411469,0.17465010285377502,-0.10067848116159439,0.999993085861206,CapturedFrames_-4.0_2.0_0.0/video.mp4#frame=103
103,RIGHT_EYE_INNER,0.10957787185907364,0.17465995252132416,-0.0829424187541008,0.9999810457229614,CapturedFrames_-4.0_2.0_0.0/video.mp4#frame=103
103,RIGHT_EYE,0.11035262048244476,0.1737743765115738,-0.08292589336633682,0.9999828338623047,CapturedFrames_-4.0_2.0_0.0/video.mp4#frame=103
103,RIGHT_EYE_OUTER,0.11119948327541351,0.17275705933570862,-0.08293204009532928,0.9999809265136719,CapturedFrames_-4.0_2.0_0.0/video.mp4#frame=103
103,LEFT_EAR,0.11701700836420059,0.17568178474903107,-0.12581130862236023,0.9999921321868896,CapturedFrames_-4.0_2.0_0.0/video.mp4#frame=103
103,RIGHT_EAR,0.11897917836904526,0.17188096046447754,-0.048351868987083435,0.9999721050262451,CapturedFrames_-4.0_2.0_0.0/video.mp4#frame=103
103,MOUTH_LEFT,0.11259424686431885,0.1932167112827301,-0.0964905321598053,0.9999871253967285,CapturedFrames_-4.0_2.0_0.0/video.mp4#frame=103
103,MOUTH_RIGHT,0.11300919204950333,0.1928049772977829,-0.07409533113241196,0.9999749660491943,CapturedFrames_-4.0_2.0_0.0/video.mp4#frame=103
103,LEFT_SHOULDER,0.1383485496044159,0.23576420545578003,-0.1538802832365036,0.9999929666519165,CapturedFrames_-4.0_2.0_0.0/video.mp4#frame=103
103,RIGHT_SHOULDER,0.14420285820960999,0.21677523851394653,0.008961138315498829,0.9997783303260803,CapturedFrames_-4.0_2.0_0.0/video.mp4#frame=103
103,LEFT_ELBOW,0.16156485676765442,0.3144890367984772,-0.1562778502702713,0.9940893650054932,CapturedFrames_-4.0_2.0_0.0/video.mp4#frame=103
103,RIGHT_ELBOW,0.15888190269470215,0.2956632375717163,0.026534397155046463,0.05308588221669197,CapturedFrames_-4.0_2.0_0.0/video.mp4#frame=103
103,LEFT_WRIST,0.17901651561260223,0.3795570433139801,-0.12751151621341705,0.9867810606956482,CapturedFrames_-4.0_2.0_0.0/video.mp4#frame=103
103,RIGHT_WRIST,0.16849766671657562,0.35081198811531067,-0.004577907267957926,0.09312710165977478,CapturedFrames_-4.0_2.0_0.0/video.mp4#frame=103
103,LEFT_PINKY,0.18500520288944244,0.3923535943031311,-0.1455889344215393,0.9751400351524353,CapturedFrames_-4.0_2.0_0.0/video.mp4#frame=103
103,RIGHT_PINKY,0.17053964734077454,0.36829978227615356,-0.010498779825866222,0.11908935010433197,CapturedFrames_-4.0_2.0_0.0/video.mp4#frame=103
103,LEFT_INDEX,0.1832996904850006,0.39308083057403564,-0.1461351066827774,0.9724250435829163,CapturedFrames_-4.0_2.0_0.0/video.mp4#frame=103
103,RIGHT_INDEX,0.16931505501270294,0.36691415309906006,-0.026566360145807266,0.11965478211641312,CapturedFrames_-4.0_2.0_0.0/video.mp4#frame=103
103,LEFT_THUMB,0.18114487826824188,0.3884105980396271,-0.12641166150569916,0.9590219259262085,CapturedFrames_-4.0_2.0_0.0/video.mp4#frame=103
103,RIGHT_THUMB,0.16968682408332825,0.3630296587944031,-0.012562918476760387,0.12123633921146393,CapturedFrames_-4.0_2.0_0.0/video.mp4#frame=103
103,LEFT_HIP,0.1639026701450348,0.3660948574542999,-0.04646996781229973,0.9993784427642822,CapturedFrames_-4.0_2.0_0.0/video.mp4#frame=103
103,RIGHT_HIP,0.17530038952827454,0.35085904598236084,0.046484753489494324,0.9992109537124634,CapturedFrames_-4.0_2.0_0.0/video.mp4#frame=103
103,LEFT_KNEE,0.1372048407793045,0.4322381019592285,0.03317234292626381,0.9710369110107422,CapturedFrames_-4.0_2.0_0.0/video.mp4#frame=103
103,RIGHT_KNEE,0.21113285422325134,0.4196906089782715,0.1235554963350296,0.7442535758018494,CapturedFrames_-4.0_2.0_0.0/video.mp4#frame=103
103,LEFT_ANKLE,0.14406271278858185,0.5246122479438782,0.1300324946641922,0.9537453651428223,CapturedFrames_-4.0_2.0_0.0/video.mp4#frame=103
103,RIGHT_ANKLE,0.25524139404296875,0.48180657625198364,0.20131969451904297,0.7896520495414734,CapturedFrames_-4.0_2.0_0.0/video.mp4#frame=103
103,LEFT_HEEL,0.15273606777191162,0.5427452325820923,0.13955874741077423,0.9493839144706726,CapturedFrames_-4.0_2.0_0.0/video.mp4#frame=103
103,RIGHT_HEEL,0.26481109857559204,0.49117523431777954,0.21029698848724365,0.8736822605133057,CapturedFrames_-4.0_2.0_0.0/video.mp4#frame=103
103,LEFT_FOOT_INDEX,0.11906655132770538,0.5436776876449585,0.12711754441261292,0.9181655049324036,CapturedFrames_-4.0_2.0_0.0/video.mp4#frame=103
103,RIGHT_FOOT_INDEX,0.24455392360687256,0.509540319442749,0.21019811928272247,0.7967396974563599,CapturedFrames_-4.0_2.0_0.0/video.mp4#frame=103
104,NOSE,0.0971352607011795,0.18493030965328217,-0.08028428256511688,0.9999887943267822,CapturedFrames_-4.0_2.0_0.0/video.mp4#frame=104
104,LEFT_EYE_INNER,0.09922060370445251,0.17294614017009735,-0.09135287255048752,0.9999879598617554,CapturedFrames_-4.0_2.0_0.0/video.mp4#frame=104
104,LEFT_EYE,0.09990546852350235,0.1725635528564453,-0.09136340767145157,0.9999908208847046,CapturedFrames_-4.0_2.0_0.0/video.mp4#frame=104
104,LEFT_EYE_OUTER,0.10059501230716705,0.17236743867397308,-0.09139563143253326,0.999991774559021,CapturedFrames_-4.0_2.0_0.0/video.mp4#frame=104
104,RIGHT_EYE_INNER,0.09949265420436859,0.17286016047000885,-0.07318241149187088,0.9999784231185913,CapturedFrames_-4.0_2.0_0.0/video.mp4#frame=104
104,RIGHT_EYE,0.10037235915660858,0.17233480513095856,-0.07316602021455765,0.9999796152114868,CapturedFrames_-4.0_2.0_0.0/video.mp4#frame=104
104,RIGHT_EYE_OUTER,0.10131945461034775,0.17184065282344818,-0.07316341251134872,0.9999808073043823,CapturedFrames_-4.0_2.0_0.0/video.mp4#frame=104
104,LEFT_EAR,0.10902027040719986,0.17434078454971313,-0.12084700912237167,0.9999880790710449,CapturedFrames_-4.0_2.0_0.0/video.mp4#frame=104
104,RIGHT_EAR,0.11000001430511475,0.1716894656419754,-0.03983744978904724,0.9999716281890869,CapturedFrames_-4.0_2.0_0.0/video.mp4#frame=104
104,MOUTH_LEFT,0.10300396382808685,0.19428172707557678,-0.08871045708656311,0.9999884366989136,CapturedFrames_-4.0_2.0_0.0/video.mp4#frame=104
104,MOUTH_RIGHT,0.10333251953125,0.19448159635066986,-0.06536407768726349,0.9999793767929077,CapturedFrames_-4.0_2.0_0.0/video.mp4#frame=104
104,LEFT_SHOULDER,0.13018961250782013,0.2363184243440628,-0.14593659341335297,0.9999959468841553,CapturedFrames_-4.0_2.0_0.0/video.mp4#frame=104
104,RIGHT_SHOULDER,0.13602358102798462,0.21596573293209076,0.009528230875730515,0.9998706579208374,CapturedFrames_-4.0_2.0_0.0/video.mp4#frame=104
104,LEFT_ELBOW,0.14816871285438538,0.31719374656677246,-0.14976546168327332,0.9904025793075562,CapturedFrames_-4.0_2.0_0.0/video.mp4#frame=104
104,RIGHT_ELBOW,0.15837204456329346,0.2902653217315674,0.026138216257095337,0.08654064685106277,CapturedFrames_-4.0_2.0_0.0/video.mp4#frame=104
104,LEFT_WRIST,0.16477836668491364,0.3830013573169708,-0.12503711879253387,0.9774155020713806,CapturedFrames_-4.0_2.0_0.0/video.mp4#frame=104
104,RIGHT_WRIST,0.16754920780658722,0.36397504806518555,0.0004118041251786053,0.07068388909101486,CapturedFrames_-4.0_2.0_0.0/video.mp4#frame=104
104,LEFT_PINKY,0.1714390218257904,0.39724302291870117,-0.1426333785057068,0.9522259831428528,CapturedFrames_-4.0_2.0_0.0/video.mp4#frame=104
104,RIGHT_PINKY,0.1691577136516571,0.38118553161621094,-0.006219725124537945,0.07558370381593704,CapturedFrames_-4.0_2.0_0.0/video.mp4#frame=104
104,LEFT_INDEX,0.17093920707702637,0.39924734830856323,-0.14308308064937592,0.9462904930114746,CapturedFrames_-4.0_2.0_0.0/video.mp4#frame=104
104,RIGHT_INDEX,0.1673818826675415,0.3702065050601959,-0.019180962815880775,0.07506567984819412,CapturedFrames_-4.0_2.0_0.0/video.mp4#frame=104
104,LEFT_THUMB,0.16882865130901337,0.3936641812324524,-0.1244797334074974,0.9170393347740173,CapturedFrames_-4.0_2.0_0.0/video.mp4#frame=104
104,RIGHT_THUMB,0.16660092771053314,0.36848190426826477,-0.006629236042499542,0.08166936784982681,CapturedFrames_-4.0_2.0_0.0/video.mp4#frame=104
104,LEFT_HIP,0.1552886962890625,0.3711228668689728,-0.04851127043366432,0.9996252059936523,CapturedFrames_-4.0_2.0_0.0/video.mp4#frame=104
104,RIGHT_HIP,0.16102683544158936,0.35866835713386536,0.04837409779429436,0.9993027448654175,CapturedFrames_-4.0_2.0_0.0/video.mp4#frame=104
104,LEFT_KNEE,0.12600825726985931,0.4350942075252533,0.0679161548614502,0.9933813810348511,CapturedFrames_-4.0_2.0_0.0/video.mp4#frame=104
104,RIGHT_KNEE,0.1986798197031021,0.4242374897003174,0.1288558691740036,0.8749104142189026,CapturedFrames_-4.0_2.0_0.0/video.mp4#frame=104
104,LEFT_ANKLE,0.1422104388475418,0.5257303714752197,0.18912610411643982,0.9920666217803955,CapturedFrames_-4.0_2.0_0.0/video.mp4#frame=104
104,RIGHT_ANKLE,0.2475220263004303,0.4804491400718689,0.20891287922859192,0.8891924619674683,CapturedFrames_-4.0_2.0_0.0/video.mp4#frame=104
104,LEFT_HEEL,0.15226483345031738,0.5450771450996399,0.200465589761734,0.9661665558815002,CapturedFrames_-4.0_2.0_0.0/video.mp4#frame=104
104,RIGHT_HEEL,0.25709933042526245,0.4856736361980438,0.21772198379039764,0.8902533650398254,CapturedFrames_-4.0_2.0_0.0/video.mp4#frame=104
104,LEFT_FOOT_INDEX,0.11733595281839371,0.5463073253631592,0.1754557341337204,0.9777719974517822,CapturedFrames_-4.0_2.0_0.0/video.mp4#frame=104
104,RIGHT_FOOT_INDEX,0.24082604050636292,0.520440399646759,0.21139518916606903,0.9017647504806519,CapturedFrames_-4.0_2.0_0.0/video.mp4#frame=104
