frame_id,landmark,x,y,z,visibility,image_path
0,NOSE,0.07855722308158875,0.30742499232292175,-0.06746060401201248,0.9997088313102722,CapturedFrames_2.0_2.0_-4.0/video.mp4#frame=0
0,LEFT_EYE_INNER,0.06977233290672302,0.2902888357639313,-0.06313417106866837,0.9995180368423462,CapturedFrames_2.0_2.0_-4.0/video.mp4#frame=0
0,LEFT_EYE,0.06749651581048965,0.2899986505508423,-0.06319490075111389,0.9994680285453796,CapturedFrames_2.0_2.0_-4.0/video.mp4#frame=0
0,LEFT_EYE_OUTER,0.06505411863327026,0.28978991508483887,-0.0632903054356575,0.9996267557144165,CapturedFrames_2.0_2.0_-4.0/video.mp4#frame=0
0,RIGHT_EYE_INNER,0.07146047055721283,0.2915183901786804,-0.08912865817546844,0.9995343685150146,CapturedFrames_2.0_2.0_-4.0/video.mp4#frame=0
0,RIGHT_EYE,0.0706377848982811,0.2920048236846924,-0.08912745118141174,0.9994826316833496,CapturedFrames_2.0_2.0_-4.0/video.mp4#frame=0
0,RIGHT_EYE_OUTER,0.06959794461727142,0.29244357347488403,-0.08914515376091003,0.9995361566543579,CapturedFrames_2.0_2.0_-4.0/video.mp4#frame=0
0,LEFT_EAR,0.04951658472418785,0.30258890986442566,-0.036419522017240524,0.9993751645088196,CapturedFrames_2.0_2.0_-4.0/video.mp4#frame=0
0,RIGHT_EAR,0.05446743220090866,0.3038220703601837,-0.15249936282634735,0.9993985891342163,CapturedFrames_2.0_2.0_-4.0/video.mp4#frame=0
0,MOUTH_LEFT,0.07321754097938538,0.3296829164028168,-0.052186064422130585,0.9995703101158142,CapturedFrames_2.0_2.0_-4.0/video.mp4#frame=0
0,MOUTH_RIGHT,0.07472150772809982,0.33066079020500183,-0.08563189953565598,0.999790608882904,CapturedFrames_2.0_2.0_-4.0/video.mp4#frame=0
0,LEFT_SHOULDER,0.015850845724344254,0.4147767722606659,0.036599401384592056,0.9994200468063354,CapturedFrames_2.0_2.0_-4.0/video.mp4#frame=0
0,RIGHT_SHOULDER,0.06303248554468155,0.4395274817943573,-0.19633284211158752,0.9998807907104492,CapturedFrames_2.0_2.0_-4.0/video.mp4#frame=0
0,LEFT_ELBOW,0.049604080617427826,0.5688191056251526,0.07216000556945801,0.01772032305598259,CapturedFrames_2.0_2.0_-4.0/video.mp4#frame=0
0,RIGHT_ELBOW,0.10632529109716415,0.6057745814323425,-0.18411704897880554,0.9773216843605042,CapturedFrames_2.0_2.0_-4.0/video.mp4#frame=0
0,LEFT_WRIST,0.09917290508747101,0.6699009537696838,0.07199174910783768,0.0196116641163826,CapturedFrames_2.0_2.0_-4.0/video.mp4#frame=0
0,RIGHT_WRIST,0.15416456758975983,0.6935868859291077,-0.09486573189496994,0.9131126403808594,CapturedFrames_2.0_2.0_-4.0/video.mp4#frame=0
0,LEFT_PINKY,0.10270538181066513,0.6777039766311646,0.0726955458521843,0.027602767571806908,CapturedFrames_2.0_2.0_-4.0/video.mp4#frame=0
0,RIGHT_PINKY,0.15991681814193726,0.7187120318412781,-0.10901618003845215,0.8785338997840881,CapturedFrames_2.0_2.0_-4.0/video.mp4#frame=0
0,LEFT_INDEX,0.11478970944881439,0.6940906643867493,0.057440560311079025,0.028966812416911125,CapturedFrames_2.0_2.0_-4.0/video.mp4#frame=0
0,RIGHT_INDEX,0.16217727959156036,0.7165316939353943,-0.10405443608760834,0.874350905418396,CapturedFrames_2.0_2.0_-4.0/video.mp4#frame=0
0,LEFT_THUMB,0.11078165471553802,0.6901888251304626,0.06397219002246857,0.028880147263407707,CapturedFrames_2.0_2.0_-4.0/video.mp4#frame=0
0,RIGHT_THUMB,0.1595263034105301,0.7061924934387207,-0.09189436584711075,0.8495606780052185,CapturedFrames_2.0_2.0_-4.0/video.mp4#frame=0
0,LEFT_HIP,0.053855083882808685,0.6651830077171326,0.0732625424861908,0.9993413090705872,CapturedFrames_2.0_2.0_-4.0/video.mp4#frame=0
0,RIGHT_HIP,0.08659334480762482,0.6710121631622314,-0.07331600040197372,0.9994714856147766,CapturedFrames_2.0_2.0_-4.0/video.mp4#frame=0
0,LEFT_KNEE,0.11997918784618378,0.7382867336273193,0.17374224960803986,0.686854898929596,CapturedFrames_2.0_2.0_-4.0/video.mp4#frame=0
0,RIGHT_KNEE,0.16605186462402344,0.7517292499542236,0.0176786370575428,0.980073869228363,CapturedFrames_2.0_2.0_-4.0/video.mp4#frame=0
0,LEFT_ANKLE,0.0839812308549881,0.9137770533561707,0.2985609769821167,0.8153477907180786,CapturedFrames_2.0_2.0_-4.0/video.mp4#frame=0
0,RIGHT_ANKLE,0.18103693425655365,0.9327927231788635,0.15416060388088226,0.9747322201728821,CapturedFrames_2.0_2.0_-4.0/video.mp4#frame=0
0,LEFT_HEEL,0.06659653037786484,0.9544983506202698,0.3104231059551239,0.7982425689697266,CapturedFrames_2.0_2.0_-4.0/video.mp4#frame=0
0,RIGHT_HEEL,0.1738976240158081,0.9717919826507568,0.16777324676513672,0.9293821454048157,CapturedFrames_2.0_2.0_-4.0/video.mp4#frame=0
0,LEFT_FOOT_INDEX,0.12703897058963776,0.9362614750862122,0.3211791217327118,0.8351284265518188,CapturedFrames_2.0_2.0_-4.0/video.mp4#frame=0
0,RIGHT_FOOT_INDEX,0.2246609479188919,0.9047117233276367,0.1688184291124344,0.9597366452217102,CapturedFrames_2.0_2.0_-4.0/video.mp4#frame=0
1,NOSE,0.09331349283456802,0.2912672758102417,-0.10477666556835175,0.9990386962890625,CapturedFrames_2.0_2.0_-4.0/video.mp4#frame=1
1,LEFT_EYE_INNER,0.08594286441802979,0.27395370602607727,-0.09956920892000198,0.9981077909469604,CapturedFrames_2.0_2.0_-4.0/video.mp4#frame=1
1,LEFT_EYE,0.08432061225175858,0.2734476625919342,-0.09961792081594467,0.9981738328933716,CapturedFrames_2.0_2.0_-4.0/video.mp4#frame=1
1,LEFT_EYE_OUTER,0.08240088820457458,0.2730601727962494,-0.09966877102851868,0.9986007809638977,CapturedFrames_2.0_2.0_-4.0/video.mp4#frame=1
1,RIGHT_EYE_INNER,0.08655402064323425,0.27515938878059387,-0.1255524605512619,0.9982172846794128,CapturedFrames_2.0_2.0_-4.0/video.mp4#frame=1
1,RIGHT_EYE,0.08559470623731613,0.2754605710506439,-0.12556377053260803,0.9981840252876282,CapturedFrames_2.0_2.0_-4.0/video.mp4#frame=1
1,RIGHT_EYE_OUTER,0.08438114821910858,0.2757863998413086,-0.12559369206428528,0.9982947707176208,CapturedFrames_2.0_2.0_-4.0/video.mp4#frame=1
1,LEFT_EAR,0.06737254559993744,0.28506791591644287,-0.06621019542217255,0.9971430897712708,CapturedFrames_2.0_2.0_-4.0/video.mp4#frame=1
1,RIGHT_EAR,0.07046361267566681,0.2865818440914154,-0.18418294191360474,0.997776210308075,CapturedFrames_2.0_2.0_-4.0/video.mp4#frame=1
1,MOUTH_LEFT,0.09004262089729309,0.3132722079753876,-0.08697827160358429,0.9986347556114197,CapturedFrames_2.0_2.0_-4.0/video.mp4#frame=1
1,MOUTH_RIGHT,0.089944027364254,0.3140624761581421,-0.1210474744439125,0.9993093013763428,CapturedFrames_2.0_2.0_-4.0/video.mp4#frame=1
1,LEFT_SHOULDER,0.03320479765534401,0.4006303548812866,0.008018300868570805,0.9988032579421997,CapturedFrames_2.0_2.0_-4.0/video.mp4#frame=1
1,RIGHT_SHOULDER,0.07090380042791367,0.4158238172531128,-0.2216358482837677,0.9999245405197144,CapturedFrames_2.0_2.0_-4.0/video.mp4#frame=1
1,LEFT_ELBOW,0.060059331357479095,0.537388801574707,0.04001658409833908,0.017919786274433136,CapturedFrames_2.0_2.0_-4.0/video.mp4#frame=1
1,RIGHT_ELBOW,0.12440623342990875,0.572181224822998,-0.21790549159049988,0.9765703082084656,CapturedFrames_2.0_2.0_-4.0/video.mp4#frame=1
1,LEFT_WRIST,0.11931227147579193,0.6344876289367676,0.030525797978043556,0.02598821371793747,CapturedFrames_2.0_2.0_-4.0/video.mp4#frame=1
1,RIGHT_WRIST,0.1729002594947815,0.6561998724937439,-0.1573052555322647,0.9443113803863525,CapturedFrames_2.0_2.0_-4.0/video.mp4#frame=1
1,LEFT_PINKY,0.1236487403512001,0.6470003128051758,0.030780399218201637,0.04157509282231331,CapturedFrames_2.0_2.0_-4.0/video.mp4#frame=1
1,RIGHT_PINKY,0.17988121509552002,0.6802318692207336,-0.17730014026165009,0.9281165599822998,CapturedFrames_2.0_2.0_-4.0/video.mp4#frame=1
1,LEFT_INDEX,0.1341220736503601,0.6492323875427246,0.013699917122721672,0.04340291768312454,CapturedFrames_2.0_2.0_-4.0/video.mp4#frame=1
1,RIGHT_INDEX,0.18187546730041504,0.676313579082489,-0.17061157524585724,0.9219504594802856,CapturedFrames_2.0_2.0_-4.0/video.mp4#frame=1
1,LEFT_THUMB,0.13126903772354126,0.6472781300544739,0.022146550938487053,0.04274242743849754,CapturedFrames_2.0_2.0_-4.0/video.mp4#frame=1
1,RIGHT_THUMB,0.17907002568244934,0.667299747467041,-0.15435519814491272,0.892029345035553,CapturedFrames_2.0_2.0_-4.0/video.mp4#frame=1
1,LEFT_HIP,0.08117474615573883,0.6474614143371582,0.07629986852407455,0.9976678490638733,CapturedFrames_2.0_2.0_-4.0/video.mp4#frame=1
1,RIGHT_HIP,0.10941411554813385,0.6531606316566467,-0.07628054171800613,0.9991772770881653,CapturedFrames_2.0_2.0_-4.0/video.mp4#frame=1
1,LEFT_KNEE,0.13909929990768433,0.740935206413269,0.21585598587989807,0.4219263195991516,CapturedFrames_2.0_2.0_-4.0/video.mp4#frame=1
1,RIGHT_KNEE,0.1676269769668579,0.772239089012146,0.05867769196629524,0.9715448617935181,CapturedFrames_2.0_2.0_-4.0/video.mp4#frame=1
1,LEFT_ANKLE,0.12151416391134262,0.8861840963363647,0.3774612843990326,0.6674789190292358,CapturedFrames_2.0_2.0_-4.0/video.mp4#frame=1
1,RIGHT_ANKLE,0.17911455035209656,0.9321442246437073,0.21195891499519348,0.9783144593238831,CapturedFrames_2.0_2.0_-4.0/video.mp4#frame=1
1,LEFT_HEEL,0.1100112795829773,0.9204720258712769,0.3930378258228302,0.6857355237007141,CapturedFrames_2.0_2.0_-4.0/video.mp4#frame=1
1,RIGHT_HEEL,0.17550478875637054,0.9703582525253296,0.2258222997188568,0.9396763443946838,CapturedFrames_2.0_2.0_-4.0/video.mp4#frame=1
1,LEFT_FOOT_INDEX,0.16033455729484558,0.8827558159828186,0.3965712785720825,0.8293516039848328,CapturedFrames_2.0_2.0_-4.0/video.mp4#frame=1
1,RIGHT_FOOT_INDEX,0.22273516654968262,0.8992016315460205,0.2036983072757721,0.9653294682502747,CapturedFrames_2.0_2.0_-4.0/video.mp4#frame=1
2,NOSE,0.10518469661474228,0.28355345129966736,-0.07828724384307861,0.9992712140083313,CapturedFrames_2.0_2.0_-4.0/video.mp4#frame=2
2,LEFT_EYE_INNER,0.09661447256803513,0.26549872756004333,-0.07325338572263718,0.9987217783927917,CapturedFrames_2.0_2.0_-4.0/video.mp4#frame=2
2,LEFT_EYE,0.09481189399957657,0.26524925231933594,-0.07329253107309341,0.9987609386444092,CapturedFrames_2.0_2.0_-4.0/video.mp4#frame=2
2,LEFT_EYE_OUTER,0.09288595616817474,0.2650728225708008,-0.07335864007472992,0.9989781379699707,CapturedFrames_2.0_2.0_-4.0/video.mp4#frame=2
2,RIGHT_EYE_INNER,0.09732998162508011,0.266318142414093,-0.09851381182670593,0.9987560510635376,CapturedFrames_2.0_2.0_-4.0/video.mp4#frame=2
2,RIGHT_EYE,0.09623853862285614,0.2665846645832062,-0.09854402393102646,0.9986762404441833,CapturedFrames_2.0_2.0_-4.0/video.mp4#frame=2
2,RIGHT_EYE_OUTER,0.09501425176858902,0.26685023307800293,-0.09856990724802017,0.9987466335296631,CapturedFrames_2.0_2.0_-4.0/video.mp4#frame=2
2,LEFT_EAR,0.07868580520153046,0.2779441177845001,-0.043095313012599945,0.9984614849090576,CapturedFrames_2.0_2.0_-4.0/video.mp4#frame=2
2,RIGHT_EAR,0.081875279545784,0.2792823016643524,-0.1571921706199646,0.9988073110580444,CapturedFrames_2.0_2.0_-4.0/video.mp4#frame=2
2,MOUTH_LEFT,0.10141591727733612,0.30500054359436035,-0.06223895028233528,0.9991890788078308,CapturedFrames_2.0_2.0_-4.0/video.mp4#frame=2
2,MOUTH_RIGHT,0.10168133676052094,0.3051989674568176,-0.09517543017864227,0.9995298385620117,CapturedFrames_2.0_2.0_-4.0/video.mp4#frame=2
2,LEFT_SHOULDER,0.04598439112305641,0.392558753490448,0.022273894399404526,0.9990703463554382,CapturedFrames_2.0_2.0_-4.0/video.mp4#frame=2
2,RIGHT_SHOULDER,0.08686861395835876,0.40172889828681946,-0.20198480784893036,0.9999617338180542,CapturedFrames_2.0_2.0_-4.0/video.mp4#frame=2
2,LEFT_ELBOW,0.06911039352416992,0.5241935849189758,0.0391601026058197,0.017079737037420273,CapturedFrames_2.0_2.0_-4.0/video.mp4#frame=2
2,RIGHT_ELBOW,0.13891083002090454,0.5489678978919983,-0.1939089000225067,0.9919663667678833,CapturedFrames_2.0_2.0_-4.0/video.mp4#frame=2
2,LEFT_WRIST,0.11317989975214005,0.6175598502159119,0.014476764015853405,0.02431200072169304,CapturedFrames_2.0_2.0_-4.0/video.mp4#frame=2
2,RIGHT_WRIST,0.19375333189964294,0.6262768507003784,-0.12855388224124908,0.9715873003005981,CapturedFrames_2.0_2.0_-4.0/video.mp4#frame=2
2,LEFT_PINKY,0.12075851857662201,0.6243008971214294,0.011844624765217304,0.038035932928323746,CapturedFrames_2.0_2.0_-4.0/video.mp4#frame=2
2,RIGHT_PINKY,0.20055338740348816,0.6520388126373291,-0.14638526737689972,0.9586890935897827,CapturedFrames_2.0_2.0_-4.0/video.mp4#frame=2
2,LEFT_INDEX,0.12461880594491959,0.6291062831878662,-0.000709463085513562,0.03825562074780464,CapturedFrames_2.0_2.0_-4.0/video.mp4#frame=2
2,RIGHT_INDEX,0.20329663157463074,0.6479902863502502,-0.13616010546684265,0.9547932147979736,CapturedFrames_2.0_2.0_-4.0/video.mp4#frame=2
2,LEFT_THUMB,0.12368144094944,0.6260719895362854,0.00724061718210578,0.03659681975841522,CapturedFrames_2.0_2.0_-4.0/video.mp4#frame=2
2,RIGHT_THUMB,0.20084039866924286,0.6382216215133667,-0.12414135783910751,0.9312638640403748,CapturedFrames_2.0_2.0_-4.0/video.mp4#frame=2
2,LEFT_HIP,0.09694543480873108,0.6350743174552917,0.07176260650157928,0.9969757795333862,CapturedFrames_2.0_2.0_-4.0/video.mp4#frame=2
2,RIGHT_HIP,0.1237591952085495,0.6486318707466125,-0.07174866646528244,0.9990528225898743,CapturedFrames_2.0_2.0_-4.0/video.mp4#frame=2
2,LEFT_KNEE,0.15146280825138092,0.7403841018676758,0.204295352101326,0.3179093897342682,CapturedFrames_2.0_2.0_-4.0/video.mp4#frame=2
2,RIGHT_KNEE,0.16689592599868774,0.7908977270126343,0.05794097110629082,0.9436725378036499,CapturedFrames_2.0_2.0_-4.0/video.mp4#frame=2
2,LEFT_ANKLE,0.16542518138885498,0.8612996339797974,0.35745668411254883,0.43703949451446533,CapturedFrames_2.0_2.0_-4.0/video.mp4#frame=2
2,RIGHT_ANKLE,0.17517763376235962,0.935845673084259,0.20454668998718262,0.9291890263557434,CapturedFrames_2.0_2.0_-4.0/video.mp4#frame=2
2,LEFT_HEEL,0.16026118397712708,0.9026604294776917,0.3715066909790039,0.5184625387191772,CapturedFrames_2.0_2.0_-4.0/video.mp4#frame=2
2,RIGHT_HEEL,0.17203211784362793,0.9697787165641785,0.21771125495433807,0.852500319480896,CapturedFrames_2.0_2.0_-4.0/video.mp4#frame=2
2,LEFT_FOOT_INDEX,0.2006129026412964,0.8554257750511169,0.3686565160751343,0.6773216128349304,CapturedFrames_2.0_2.0_-4.0/video.mp4#frame=2
2,RIGHT_FOOT_INDEX,0.2190970480442047,0.9055222272872925,0.18907663226127625,0.900748074054718,CapturedFrames_2.0_2.0_-4.0/video.mp4#frame=2
3,NOSE,0.11711499840021133,0.27403244376182556,-0.09466898441314697,0.9997286200523376,CapturedFrames_2.0_2.0_-4.0/video.mp4#frame=3
3,LEFT_EYE_INNER,0.10792072117328644,0.2576766908168793,-0.08980023115873337,0.9992917776107788,CapturedFrames_2.0_2.0_-4.0/video.mp4#frame=3
3,LEFT_EYE,0.10560846328735352,0.2575531005859375,-0.0898546501994133,0.9994333386421204,CapturedFrames_2.0_2.0_-4.0/video.mp4#frame=3
3,LEFT_EYE_OUTER,0.10323129594326019,0.25768792629241943,-0.08987817913293839,0.999372661113739,CapturedFrames_2.0_2.0_-4.0/video.mp4#frame=3
3,RIGHT_EYE_INNER,0.1106203943490982,0.2580723464488983,-0.11861524730920792,0.9994474053382874,CapturedFrames_2.0_2.0_-4.0/video.mp4#frame=3
3,RIGHT_EYE,0.11040888726711273,0.2581406235694885,-0.1186533123254776,0.9994656443595886,CapturedFrames_2.0_2.0_-4.0/video.mp4#frame=3
3,RIGHT_EYE_OUTER,0.1101398691534996,0.25833967328071594,-0.11872504651546478,0.9993852376937866,CapturedFrames_2.0_2.0_-4.0/video.mp4#frame=3
3,LEFT_EAR,0.0900828093290329,0.2702699899673462,-0.05634446069598198,0.9992269277572632,CapturedFrames_2.0_2.0_-4.0/video.mp4#frame=3
3,RIGHT_EAR,0.09951116144657135,0.26877641677856445,-0.18742629885673523,0.9995713829994202,CapturedFrames_2.0_2.0_-4.0/video.mp4#frame=3
3,MOUTH_LEFT,0.11272118240594864,0.2935485541820526,-0.07751172035932541,0.9996581077575684,CapturedFrames_2.0_2.0_-4.0/video.mp4#frame=3
3,MOUTH_RIGHT,0.11524597555398941,0.29340264201164246,-0.11557106673717499,0.9998347759246826,CapturedFrames_2.0_2.0_-4.0/video.mp4#frame=3
3,LEFT_SHOULDER,0.052508749067783356,0.39305564761161804,0.014549839310348034,0.9998217225074768,CapturedFrames_2.0_2.0_-4.0/video.mp4#frame=3
3,RIGHT_SHOULDER,0.10893404483795166,0.3907170295715332,-0.2436327487230301,0.9999943971633911,CapturedFrames_2.0_2.0_-4.0/video.mp4#frame=3
3,LEFT_ELBOW,0.061399467289447784,0.5186982750892639,0.033628854900598526,0.26363497972488403,CapturedFrames_2.0_2.0_-4.0/video.mp4#frame=3
3,RIGHT_ELBOW,0.15548360347747803,0.5252388715744019,-0.25289201736450195,0.997337281703949,CapturedFrames_2.0_2.0_-4.0/video.mp4#frame=3
3,LEFT_WRIST,0.0797385573387146,0.6279515027999878,0.003679133951663971,0.21548467874526978,CapturedFrames_2.0_2.0_-4.0/video.mp4#frame=3
3,RIGHT_WRIST,0.2152276337146759,0.5943133234977722,-0.2004963606595993,0.9866296052932739,CapturedFrames_2.0_2.0_-4.0/video.mp4#frame=3
3,LEFT_PINKY,0.07632263004779816,0.6604476571083069,-0.0020295134745538235,0.20779594779014587,CapturedFrames_2.0_2.0_-4.0/video.mp4#frame=3
3,RIGHT_PINKY,0.22163577377796173,0.6193829774856567,-0.22931008040905,0.9752447605133057,CapturedFrames_2.0_2.0_-4.0/video.mp4#frame=3
3,LEFT_INDEX,0.07843706756830215,0.6575417518615723,-0.016621703281998634,0.19953219592571259,CapturedFrames_2.0_2.0_-4.0/video.mp4#frame=3
3,RIGHT_INDEX,0.222979336977005,0.6144272685050964,-0.21771936118602753,0.9731271266937256,CapturedFrames_2.0_2.0_-4.0/video.mp4#frame=3
3,LEFT_THUMB,0.08199454843997955,0.6459348201751709,-0.004296394996345043,0.16764207184314728,CapturedFrames_2.0_2.0_-4.0/video.mp4#frame=3
3,RIGHT_THUMB,0.22067007422447205,0.6045330762863159,-0.1955379843711853,0.9556271433830261,CapturedFrames_2.0_2.0_-4.0/video.mp4#frame=3
3,LEFT_HIP,0.10649988800287247,0.6223726272583008,0.08832152187824249,0.9992290735244751,CapturedFrames_2.0_2.0_-4.0/video.mp4#frame=3
3,RIGHT_HIP,0.13667923212051392,0.6341257691383362,-0.08844316005706787,0.9997875094413757,CapturedFrames_2.0_2.0_-4.0/video.mp4#frame=3
3,LEFT_KNEE,0.16424471139907837,0.7030150294303894,0.2724737823009491,0.6573010683059692,CapturedFrames_2.0_2.0_-4.0/video.mp4#frame=3
3,RIGHT_KNEE,0.1707521677017212,0.7792273759841919,0.05648812651634216,0.9911298751831055,CapturedFrames_2.0_2.0_-4.0/video.mp4#frame=3
3,LEFT_ANKLE,0.1907823532819748,0.8094292283058167,0.4711224138736725,0.7804970145225525,CapturedFrames_2.0_2.0_-4.0/video.mp4#frame=3
3,RIGHT_ANKLE,0.17540974915027618,0.9263588190078735,0.23250386118888855,0.9760560393333435,CapturedFrames_2.0_2.0_-4.0/video.mp4#frame=3
3,LEFT_HEEL,0.1885043978691101,0.8377282619476318,0.4892909526824951,0.8039264678955078,CapturedFrames_2.0_2.0_-4.0/video.mp4#frame=3
3,RIGHT_HEEL,0.17143765091896057,0.9618906378746033,0.24861302971839905,0.9341332316398621,CapturedFrames_2.0_2.0_-4.0/video.mp4#frame=3
3,LEFT_FOOT_INDEX,0.22576412558555603,0.7936140894889832,0.4764917492866516,0.9067763686180115,CapturedFrames_2.0_2.0_-4.0/video.mp4#frame=3
3,RIGHT_FOOT_INDEX,0.217220276594162,0.9015236496925354,0.19785375893115997,0.9674216508865356,CapturedFrames_2.0_2.0_-4.0/video.mp4#frame=3
4,NOSE,0.1293170154094696,0.27477940917015076,-0.048879437148571014,0.999909520149231,CapturedFrames_2.0_2.0_-4.0/video.mp4#frame=4
4,LEFT_EYE_INNER,0.11989186704158783,0.2595161199569702,-0.05039095878601074,0.9997701048851013,CapturedFrames_2.0_2.0_-4.0/video.mp4#frame=4
4,LEFT_EYE,0.11755502223968506,0.25988444685935974,-0.050447963178157806,0.9998313188552856,CapturedFrames_2.0_2.0_-4.0/video.mp4#frame=4
4,LEFT_EYE_OUTER,0.11514012515544891,0.260507196187973,-0.0504629909992218,0.9997863173484802,CapturedFrames_2.0_2.0_-4.0/video.mp4#frame=4
4,RIGHT_EYE_INNER,0.12299779802560806,0.2591022849082947,-0.07638827711343765,0.9997966885566711,CapturedFrames_2.0_2.0_-4.0/video.mp4#frame=4
4,RIGHT_EYE,0.1230723038315773,0.25906965136528015,-0.0764249935746193,0.999800980091095,CapturedFrames_2.0_2.0_-4.0/video.mp4#frame=4
4,RIGHT_EYE_OUTER,0.1230834573507309,0.25915244221687317,-0.07652248442173004,0.9997528195381165,CapturedFrames_2.0_2.0_-4.0/video.mp4#frame=4
4,LEFT_EAR,0.1029009073972702,0.27229493856430054,-0.042670704424381256,0.9997796416282654,CapturedFrames_2.0_2.0_-4.0/video.mp4#frame=4
4,RIGHT_EAR,0.11336169391870499,0.2699545919895172,-0.16121840476989746,0.9998273253440857,CapturedFrames_2.0_2.0_-4.0/video.mp4#frame=4
4,MOUTH_LEFT,0.12567195296287537,0.2950901687145233,-0.040604040026664734,0.9998598098754883,CapturedFrames_2.0_2.0_-4.0/video.mp4#frame=4
4,MOUTH_RIGHT,0.12904034554958344,0.29386410117149353,-0.07515367120504379,0.9999136924743652,CapturedFrames_2.0_2.0_-4.0/video.mp4#frame=4
4,LEFT_SHOULDER,0.06500430405139923,0.39025941491127014,0.013432811014354229,0.9999312162399292,CapturedFrames_2.0_2.0_-4.0/video.mp4#frame=4
4,RIGHT_SHOULDER,0.12730447947978973,0.3864057660102844,-0.22476156055927277,0.9999972581863403,CapturedFrames_2.0_2.0_-4.0/video.mp4#frame=4
4,LEFT_ELBOW,0.07060817629098892,0.5174756050109863,0.029737990349531174,0.6325668096542358,CapturedFrames_2.0_2.0_-4.0/video.mp4#frame=4
4,RIGHT_ELBOW,0.17468279600143433,0.5064364075660706,-0.2233535349369049,0.9954147338867188,CapturedFrames_2.0_2.0_-4.0/video.mp4#frame=4
4,LEFT_WRIST,0.0823170617222786,0.6252289414405823,0.002119634533300996,0.4366995096206665,CapturedFrames_2.0_2.0_-4.0/video.mp4#frame=4
4,RIGHT_WRIST,0.2327730655670166,0.5653555989265442,-0.15319274365901947,0.9741560816764832,CapturedFrames_2.0_2.0_-4.0/video.mp4#frame=4
4,LEFT_PINKY,0.07923270016908646,0.6583272814750671,-0.0015495860716328025,0.366128534078598,CapturedFrames_2.0_2.0_-4.0/video.mp4#frame=4
4,RIGHT_PINKY,0.23977741599082947,0.5884836912155151,-0.17363108694553375,0.9541323781013489,CapturedFrames_2.0_2.0_-4.0/video.mp4#frame=4
4,LEFT_INDEX,0.08230172097682953,0.6534572243690491,-0.012798341922461987,0.34890487790107727,CapturedFrames_2.0_2.0_-4.0/video.mp4#frame=4
4,RIGHT_INDEX,0.24054241180419922,0.5819990634918213,-0.163987398147583,0.9514488577842712,CapturedFrames_2.0_2.0_-4.0/video.mp4#frame=4
4,LEFT_THUMB,0.08589771389961243,0.6425435543060303,-0.0038986350409686565,0.28983452916145325,CapturedFrames_2.0_2.0_-4.0/video.mp4#frame=4
4,RIGHT_THUMB,0.23809507489204407,0.5744157433509827,-0.14786383509635925,0.9248711466789246,CapturedFrames_2.0_2.0_-4.0/video.mp4#frame=4
4,LEFT_HIP,0.11985192447900772,0.6181325316429138,0.08231019973754883,0.9997285008430481,CapturedFrames_2.0_2.0_-4.0/video.mp4#frame=4
4,RIGHT_HIP,0.15251922607421875,0.6325366497039795,-0.08248138427734375,0.9999558925628662,CapturedFrames_2.0_2.0_-4.0/video.mp4#frame=4
4,LEFT_KNEE,0.18009339272975922,0.657278299331665,0.31929823756217957,0.801255464553833,CapturedFrames_2.0_2.0_-4.0/video.mp4#frame=4
4,RIGHT_KNEE,0.17760410904884338,0.78078293800354,0.05320097133517265,0.9958059787750244,CapturedFrames_2.0_2.0_-4.0/video.mp4#frame=4
4,LEFT_ANKLE,0.22041305899620056,0.7610639929771423,0.5457508563995361,0.8968941569328308,CapturedFrames_2.0_2.0_-4.0/video.mp4#frame=4
4,RIGHT_ANKLE,0.17538949847221375,0.9322570562362671,0.20611600577831268,0.984230101108551,CapturedFrames_2.0_2.0_-4.0/video.mp4#frame=4
4,LEFT_HEEL,0.22193273901939392,0.7866429686546326,0.5674610137939453,0.8921862244606018,CapturedFrames_2.0_2.0_-4.0/video.mp4#frame=4
4,RIGHT_HEEL,0.16946697235107422,0.9699137210845947,0.22130534052848816,0.9503665566444397,CapturedFrames_2.0_2.0_-4.0/video.mp4#frame=4
4,LEFT_FOOT_INDEX,0.2529398798942566,0.7329190373420715,0.5687221884727478,0.9391205310821533,CapturedFrames_2.0_2.0_-4.0/video.mp4#frame=4
4,RIGHT_FOOT_INDEX,0.21805529296398163,0.9011929035186768,0.17394036054611206,0.9762725234031677,CapturedFrames_2.0_2.0_-4.0/video.mp4#frame=4
5,NOSE,0.14020027220249176,0.274286687374115,-0.021880149841308594,0.9999605417251587,CapturedFrames_2.0_2.0_-4.0/video.mp4#frame=5
5,LEFT_EYE_INNER,0.13146468997001648,0.25973984599113464,-0.02781628631055355,0.9999244213104248,CapturedFrames_2.0_2.0_-4.0/video.mp4#frame=5
5,LEFT_EYE,0.12890823185443878,0.26006603240966797,-0.027883287519216537,0.9999330043792725,CapturedFrames_2.0_2.0_-4.0/video.mp4#frame=5
5,LEFT_EYE_OUTER,0.12639275193214417,0.260626882314682,-0.027895737439393997,0.9999274015426636,CapturedFrames_2.0_2.0_-4.0/video.mp4#frame=5
5,RIGHT_EYE_INNER,0.1353948414325714,0.25942885875701904,-0.05029109865427017,0.9999194145202637,CapturedFrames_2.0_2.0_-4.0/video.mp4#frame=5
5,RIGHT_EYE,0.13585036993026733,0.25942620635032654,-0.05030369013547897,0.9999033212661743,CapturedFrames_2.0_2.0_-4.0/video.mp4#frame=5
5,RIGHT_EYE_OUTER,0.1362622231245041,0.2595222294330597,-0.050399135798215866,0.9998875856399536,CapturedFrames_2.0_2.0_-4.0/video.mp4#frame=5
5,LEFT_EAR,0.11540549993515015,0.27303585410118103,-0.03706439957022667,0.9999094009399414,CapturedFrames_2.0_2.0_-4.0/video.mp4#frame=5
5,RIGHT_EAR,0.128703773021698,0.26930028200149536,-0.14078561961650848,0.9998846054077148,CapturedFrames_2.0_2.0_-4.0/video.mp4#frame=5
5,MOUTH_LEFT,0.13645482063293457,0.29368799924850464,-0.01953526772558689,0.9999454021453857,CapturedFrames_2.0_2.0_-4.0/video.mp4#frame=5
5,MOUTH_RIGHT,0.14041443169116974,0.29293617606163025,-0.04995816946029663,0.9999510049819946,CapturedFrames_2.0_2.0_-4.0/video.mp4#frame=5
5,LEFT_SHOULDER,0.07891098409891129,0.3924131989479065,0.00794273056089878,0.9999778270721436,CapturedFrames_2.0_2.0_-4.0/video.mp4#frame=5
5,RIGHT_SHOULDER,0.1459341198205948,0.38771069049835205,-0.20743992924690247,0.999997615814209,CapturedFrames_2.0_2.0_-4.0/video.mp4#frame=5
5,LEFT_ELBOW,0.07816725224256516,0.5204740166664124,0.0361500158905983,0.8781655430793762,CapturedFrames_2.0_2.0_-4.0/video.mp4#frame=5
5,RIGHT_ELBOW,0.19710946083068848,0.49893301725387573,-0.19731847941875458,0.9950742125511169,CapturedFrames_2.0_2.0_-4.0/video.mp4#frame=5
5,LEFT_WRIST,0.08128830045461655,0.6250659227371216,0.029024964198470116,0.7023371458053589,CapturedFrames_2.0_2.0_-4.0/video.mp4#frame=5
5,RIGHT_WRIST,0.2524445056915283,0.5482943654060364,-0.11966036260128021,0.9671586751937866,CapturedFrames_2.0_2.0_-4.0/video.mp4#frame=5
5,LEFT_PINKY,0.07880109548568726,0.6581523418426514,0.028246436268091202,0.5862060785293579,CapturedFrames_2.0_2.0_-4.0/video.mp4#frame=5
5,RIGHT_PINKY,0.26026245951652527,0.5688943862915039,-0.1362241804599762,0.9418885111808777,CapturedFrames_2.0_2.0_-4.0/video.mp4#frame=5
5,LEFT_INDEX,0.0846024602651596,0.6535629034042358,0.017422977834939957,0.5613651871681213,CapturedFrames_2.0_2.0_-4.0/video.mp4#frame=5
5,RIGHT_INDEX,0.26061561703681946,0.5653374791145325,-0.12982463836669922,0.9387173056602478,CapturedFrames_2.0_2.0_-4.0/video.mp4#frame=5
5,LEFT_THUMB,0.08803489804267883,0.6425603628158569,0.024267317727208138,0.48874837160110474,CapturedFrames_2.0_2.0_-4.0/video.mp4#frame=5
5,RIGHT_THUMB,0.25790977478027344,0.5587055087089539,-0.11545953899621964,0.8999440670013428,CapturedFrames_2.0_2.0_-4.0/video.mp4#frame=5
5,LEFT_HIP,0.13048575818538666,0.6109817624092102,0.07981597632169724,0.9998748302459717,CapturedFrames_2.0_2.0_-4.0/video.mp4#frame=5
5,RIGHT_HIP,0.1661272794008255,0.6254627704620361,-0.08009466528892517,0.9999841451644897,CapturedFrames_2.0_2.0_-4.0/video.mp4#frame=5
5,LEFT_KNEE,0.19161579012870789,0.62651526927948,0.36773189902305603,0.7050418257713318,CapturedFrames_2.0_2.0_-4.0/video.mp4#frame=5
5,RIGHT_KNEE,0.1849927008152008,0.7744373083114624,0.03561621531844139,0.9967201352119446,CapturedFrames_2.0_2.0_-4.0/video.mp4#frame=5
5,LEFT_ANKLE,0.24194204807281494,0.7210088968276978,0.6188188791275024,0.8445040583610535,CapturedFrames_2.0_2.0_-4.0/video.mp4#frame=5
5,RIGHT_ANKLE,0.17522276937961578,0.9247403740882874,0.16287697851657867,0.99101322889328,CapturedFrames_2.0_2.0_-4.0/video.mp4#frame=5
5,LEFT_HEEL,0.24293379485607147,0.7299070358276367,0.6436113119125366,0.8309087753295898,CapturedFrames_2.0_2.0_-4.0/video.mp4#frame=5
5,RIGHT_HEEL,0.1697206348180771,0.9640694260597229,0.1759994477033615,0.9606612920761108,CapturedFrames_2.0_2.0_-4.0/video.mp4#frame=5
5,LEFT_FOOT_INDEX,0.26924535632133484,0.6787923574447632,0.6511353254318237,0.9029759764671326,CapturedFrames_2.0_2.0_-4.0/video.mp4#frame=5
5,RIGHT_FOOT_INDEX,0.21854230761528015,0.9062975645065308,0.1253199726343155,0.9839321374893188,CapturedFrames_2.0_2.0_-4.0/video.mp4#frame=5
6,NOSE,0.15489652752876282,0.27465492486953735,-0.002795775653794408,0.9999853372573853,CapturedFrames_2.0_2.0_-4.0/video.mp4#frame=6
6,LEFT_EYE_INNER,0.14662335813045502,0.2610771656036377,-0.011743568815290928,0.9999699592590332,CapturedFrames_2.0_2.0_-4.0/video.mp4#frame=6
6,LEFT_EYE,0.14433054625988007,0.261147677898407,-0.011819252744317055,0.9999750852584839,CapturedFrames_2.0_2.0_-4.0/video.mp4#frame=6
6,LEFT_EYE_OUTER,0.14202727377414703,0.2615140378475189,-0.011837159283459187,0.9999722242355347,CapturedFrames_2.0_2.0_-4.0/video.mp4#frame=6
6,RIGHT_EYE_INNER,0.15046639740467072,0.26082420349121094,-0.031837210059165955,0.9999644756317139,CapturedFrames_2.0_2.0_-4.0/video.mp4#frame=6
6,RIGHT_EYE,0.1508358120918274,0.2606865465641022,-0.03185653313994408,0.9999597072601318,CapturedFrames_2.0_2.0_-4.0/video.mp4#frame=6
6,RIGHT_EYE_OUTER,0.15112730860710144,0.26075172424316406,-0.031946953386068344,0.9999514818191528,CapturedFrames_2.0_2.0_-4.0/video.mp4#frame=6
6,LEFT_EAR,0.13076379895210266,0.2737845778465271,-0.03277817741036415,0.9999686479568481,CapturedFrames_2.0_2.0_-4.0/video.mp4#frame=6
6,RIGHT_EAR,0.14442940056324005,0.2710457444190979,-0.12604860961437225,0.9999560117721558,CapturedFrames_2.0_2.0_-4.0/video.mp4#frame=6
6,MOUTH_LEFT,0.15111412107944489,0.29271477460861206,-0.004815747961401939,0.9999788999557495,CapturedFrames_2.0_2.0_-4.0/video.mp4#frame=6
6,MOUTH_RIGHT,0.15493398904800415,0.2920096516609192,-0.032119788229465485,0.9999778270721436,CapturedFrames_2.0_2.0_-4.0/video.mp4#frame=6
6,LEFT_SHOULDER,0.09386665374040604,0.39324620366096497,-0.003238398116081953,0.9999904632568359,CapturedFrames_2.0_2.0_-4.0/video.mp4#frame=6
6,RIGHT_SHOULDER,0.16398945450782776,0.38651689887046814,-0.18961092829704285,0.9999984502792358,CapturedFrames_2.0_2.0_-4.0/video.mp4#frame=6
6,LEFT_ELBOW,0.08844517171382904,0.5167739391326904,0.009434898383915424,0.9606575965881348,CapturedFrames_2.0_2.0_-4.0/video.mp4#frame=6
6,RIGHT_ELBOW,0.21334536373615265,0.48699405789375305,-0.16997937858104706,0.9950340986251831,CapturedFrames_2.0_2.0_-4.0/video.mp4#frame=6
6,LEFT_WRIST,0.08922351151704788,0.613411009311676,-0.005370657425373793,0.8074480891227722,CapturedFrames_2.0_2.0_-4.0/video.mp4#frame=6
6,RIGHT_WRIST,0.2680332660675049,0.5309877395629883,-0.07428833097219467,0.9417493939399719,CapturedFrames_2.0_2.0_-4.0/video.mp4#frame=6
6,LEFT_PINKY,0.08792709559202194,0.6458591222763062,-0.008330878801643848,0.6795092225074768,CapturedFrames_2.0_2.0_-4.0/video.mp4#frame=6
6,RIGHT_PINKY,0.27647119760513306,0.5470569133758545,-0.08477387577295303,0.893143355846405,CapturedFrames_2.0_2.0_-4.0/video.mp4#frame=6
6,LEFT_INDEX,0.09301653504371643,0.6423018574714661,-0.016187479719519615,0.6543173789978027,CapturedFrames_2.0_2.0_-4.0/video.mp4#frame=6
6,RIGHT_INDEX,0.2765452563762665,0.5433849096298218,-0.07753432542085648,0.8880556225776672,CapturedFrames_2.0_2.0_-4.0/video.mp4#frame=6
6,LEFT_THUMB,0.09631668776273727,0.6313332319259644,-0.009107216261327267,0.5740271806716919,CapturedFrames_2.0_2.0_-4.0/video.mp4#frame=6
6,RIGHT_THUMB,0.27334365248680115,0.538461446762085,-0.06940186768770218,0.839046835899353,CapturedFrames_2.0_2.0_-4.0/video.mp4#frame=6
6,LEFT_HIP,0.1497594565153122,0.6073439121246338,0.0728878602385521,0.999908447265625,CapturedFrames_2.0_2.0_-4.0/video.mp4#frame=6
6,RIGHT_HIP,0.1806369125843048,0.6190974712371826,-0.07317708432674408,0.9999865293502808,CapturedFrames_2.0_2.0_-4.0/video.mp4#frame=6
6,LEFT_KNEE,0.20875780284404755,0.6009300351142883,0.33124133944511414,0.769607663154602,CapturedFrames_2.0_2.0_-4.0/video.mp4#frame=6
6,RIGHT_KNEE,0.1910203993320465,0.7756325006484985,0.047111876308918,0.9966886639595032,CapturedFrames_2.0_2.0_-4.0/video.mp4#frame=6
6,LEFT_ANKLE,0.25740769505500793,0.6988319754600525,0.5540400743484497,0.8791112899780273,CapturedFrames_2.0_2.0_-4.0/video.mp4#frame=6
6,RIGHT_ANKLE,0.17604964971542358,0.9295637607574463,0.17959852516651154,0.9907241463661194,CapturedFrames_2.0_2.0_-4.0/video.mp4#frame=6
6,LEFT_HEEL,0.2630666494369507,0.7197951674461365,0.5764861106872559,0.8720000386238098,CapturedFrames_2.0_2.0_-4.0/video.mp4#frame=6
6,RIGHT_HEEL,0.168521910905838,0.9630911350250244,0.19385391473770142,0.9597568511962891,CapturedFrames_2.0_2.0_-4.0/video.mp4#frame=6
6,LEFT_FOOT_INDEX,0.28118768334388733,0.646721363067627,0.5907714366912842,0.9160799384117126,CapturedFrames_2.0_2.0_-4.0/video.mp4#frame=6
6,RIGHT_FOOT_INDEX,0.21727748215198517,0.9065428972244263,0.15332333743572235,0.9817515015602112,CapturedFrames_2.0_2.0_-4.0/video.mp4#frame=6
7,NOSE,0.16390907764434814,0.2817942500114441,-0.006945527158677578,0.9999845027923584,CapturedFrames_2.0_2.0_-4.0/video.mp4#frame=7
7,LEFT_EYE_INNER,0.15638141334056854,0.2683764398097992,-0.01938135363161564,0.9999713897705078,CapturedFrames_2.0_2.0_-4.0/video.mp4#frame=7
7,LEFT_EYE,0.15357260406017303,0.2689744532108307,-0.019453587010502815,0.9999723434448242,CapturedFrames_2.0_2.0_-4.0/video.mp4#frame=7
7,LEFT_EYE_OUTER,0.15063214302062988,0.2698271870613098,-0.019482115283608437,0.9999716281890869,CapturedFrames_2.0_2.0_-4.0/video.mp4#frame=7
7,RIGHT_EYE_INNER,0.16176119446754456,0.26689085364341736,-0.037094179540872574,0.9999655485153198,CapturedFrames_2.0_2.0_-4.0/video.mp4#frame=7
7,RIGHT_EYE,0.16288070380687714,0.26645466685295105,-0.03711329400539398,0.9999587535858154,CapturedFrames_2.0_2.0_-4.0/video.mp4#frame=7
7,RIGHT_EYE_OUTER,0.16397494077682495,0.26615050435066223,-0.03720247000455856,0.9999555349349976,CapturedFrames_2.0_2.0_-4.0/video.mp4#frame=7
7,LEFT_EAR,0.14049753546714783,0.28146231174468994,-0.05168862268328667,0.9999676942825317,CapturedFrames_2.0_2.0_-4.0/video.mp4#frame=7
7,RIGHT_EAR,0.1596410721540451,0.27533605694770813,-0.13452208042144775,0.9999579191207886,CapturedFrames_2.0_2.0_-4.0/video.mp4#frame=7
7,MOUTH_LEFT,0.16001002490520477,0.2998008728027344,-0.012807917781174183,0.9999843835830688,CapturedFrames_2.0_2.0_-4.0/video.mp4#frame=7
7,MOUTH_RIGHT,0.16581220924854279,0.29858317971229553,-0.03713061287999153,0.9999823570251465,CapturedFrames_2.0_2.0_-4.0/video.mp4#frame=7
7,LEFT_SHOULDER,0.10804102569818497,0.38815486431121826,-0.020155884325504303,0.9999908208847046,CapturedFrames_2.0_2.0_-4.0/video.mp4#frame=7
7,RIGHT_SHOULDER,0.18294589221477509,0.3865715563297272,-0.19661930203437805,0.9999988079071045,CapturedFrames_2.0_2.0_-4.0/video.mp4#frame=7
7,LEFT_ELBOW,0.10492980480194092,0.5137162804603577,0.010366134345531464,0.9478152990341187,CapturedFrames_2.0_2.0_-4.0/video.mp4#frame=7
7,RIGHT_ELBOW,0.23254792392253876,0.4785212278366089,-0.1646495908498764,0.9935708045959473,CapturedFrames_2.0_2.0_-4.0/video.mp4#frame=7
7,LEFT_WRIST,0.10074134171009064,0.6114215850830078,0.02150128036737442,0.7763471007347107,CapturedFrames_2.0_2.0_-4.0/video.mp4#frame=7
7,RIGHT_WRIST,0.28386422991752625,0.5209968686103821,-0.056735239923000336,0.9301810264587402,CapturedFrames_2.0_2.0_-4.0/video.mp4#frame=7
7,LEFT_PINKY,0.09937521815299988,0.641461968421936,0.02269243635237217,0.6451259255409241,CapturedFrames_2.0_2.0_-4.0/video.mp4#frame=7
7,RIGHT_PINKY,0.2920157313346863,0.5357497930526733,-0.0653737485408783,0.8776932954788208,CapturedFrames_2.0_2.0_-4.0/video.mp4#frame=7
7,LEFT_INDEX,0.10237593948841095,0.6385151147842407,0.01339109055697918,0.6173574924468994,CapturedFrames_2.0_2.0_-4.0/video.mp4#frame=7
7,RIGHT_INDEX,0.29190486669540405,0.5328673720359802,-0.059142421931028366,0.8720960021018982,CapturedFrames_2.0_2.0_-4.0/video.mp4#frame=7
7,LEFT_THUMB,0.10479097068309784,0.6289151310920715,0.01791374385356903,0.5322161316871643,CapturedFrames_2.0_2.0_-4.0/video.mp4#frame=7
7,RIGHT_THUMB,0.28869256377220154,0.5286117792129517,-0.052113164216279984,0.8165875673294067,CapturedFrames_2.0_2.0_-4.0/video.mp4#frame=7
7,LEFT_HIP,0.16343744099140167,0.6008089184761047,0.06984426081180573,0.9999328851699829,CapturedFrames_2.0_2.0_-4.0/video.mp4#frame=7
7,RIGHT_HIP,0.19534125924110413,0.6135755181312561,-0.07016028463840485,0.9999910593032837,CapturedFrames_2.0_2.0_-4.0/video.mp4#frame=7
7,LEFT_KNEE,0.21694162487983704,0.6009767651557922,0.34194186329841614,0.7397751212120056,CapturedFrames_2.0_2.0_-4.0/video.mp4#frame=7
7,RIGHT_KNEE,0.19758470356464386,0.7720006108283997,0.05313079431653023,0.9961691498756409,CapturedFrames_2.0_2.0_-4.0/video.mp4#frame=7
7,LEFT_ANKLE,0.267103910446167,0.6884445548057556,0.5767019391059875,0.865509569644928,CapturedFrames_2.0_2.0_-4.0/video.mp4#frame=7
7,RIGHT_ANKLE,0.17712530493736267,0.9258792400360107,0.18860803544521332,0.9926468133926392,CapturedFrames_2.0_2.0_-4.0/video.mp4#frame=7
7,LEFT_HEEL,0.27202552556991577,0.7066509127616882,0.6007993817329407,0.8411509394645691,CapturedFrames_2.0_2.0_-4.0/video.mp4#frame=7
7,RIGHT_HEEL,0.17013800144195557,0.9610525965690613,0.20307083427906036,0.9599437713623047,CapturedFrames_2.0_2.0_-4.0/video.mp4#frame=7
7,LEFT_FOOT_INDEX,0.2915116846561432,0.6348998546600342,0.6125082969665527,0.9010254144668579,CapturedFrames_2.0_2.0_-4.0/video.mp4#frame=7
7,RIGHT_FOOT_INDEX,0.21871140599250793,0.9052927494049072,0.15570150315761566,0.9841422438621521,CapturedFrames_2.0_2.0_-4.0/video.mp4#frame=7
8,NOSE,0.17572668194770813,0.2813914716243744,0.03139669820666313,0.999992847442627,CapturedFrames_2.0_2.0_-4.0/video.mp4#frame=8
8,LEFT_EYE_INNER,0.16822606325149536,0.2687368392944336,0.018011225387454033,0.9999885559082031,CapturedFrames_2.0_2.0_-4.0/video.mp4#frame=8
8,LEFT_EYE,0.16522681713104248,0.26930293440818787,0.017955992370843887,0.9999885559082031,CapturedFrames_2.0_2.0_-4.0/video.mp4#frame=8
8,LEFT_EYE_OUTER,0.1622593104839325,0.27005714178085327,0.017949290573596954,0.9999874830245972,CapturedFrames_2.0_2.0_-4.0/video.mp4#frame=8
8,RIGHT_EYE_INNER,0.1741492748260498,0.2672632336616516,0.0008182032033801079,0.9999865293502808,CapturedFrames_2.0_2.0_-4.0/video.mp4#frame=8
8,RIGHT_EYE,0.17545804381370544,0.2667876183986664,0.0008074239594861865,0.9999836683273315,CapturedFrames_2.0_2.0_-4.0/video.mp4#frame=8
8,RIGHT_EYE_OUTER,0.1767231971025467,0.2664059102535248,0.0007143187685869634,0.999981164932251,CapturedFrames_2.0_2.0_-4.0/video.mp4#frame=8
8,LEFT_EAR,0.15339261293411255,0.2816556692123413,-0.022022036835551262,0.9999815225601196,CapturedFrames_2.0_2.0_-4.0/video.mp4#frame=8
8,RIGHT_EAR,0.1737780123949051,0.27433446049690247,-0.1026829332113266,0.9999794960021973,CapturedFrames_2.0_2.0_-4.0/video.mp4#frame=8
8,MOUTH_LEFT,0.17198112607002258,0.2983511686325073,0.022387739270925522,0.99998939037323,CapturedFrames_2.0_2.0_-4.0/video.mp4#frame=8
8,MOUTH_RIGHT,0.17802420258522034,0.2964979112148285,-0.0013175018830224872,0.9999874830245972,CapturedFrames_2.0_2.0_-4.0/video.mp4#frame=8
8,LEFT_SHOULDER,0.12260792404413223,0.38854485750198364,0.0029338980093598366,0.9999934434890747,CapturedFrames_2.0_2.0_-4.0/video.mp4#frame=8
8,RIGHT_SHOULDER,0.1966095119714737,0.38030731678009033,-0.17826960980892181,0.9999992847442627,CapturedFrames_2.0_2.0_-4.0/video.mp4#frame=8
8,LEFT_ELBOW,0.11971154063940048,0.5120148658752441,0.019139103591442108,0.9802756905555725,CapturedFrames_2.0_2.0_-4.0/video.mp4#frame=8
8,RIGHT_ELBOW,0.24449720978736877,0.47267916798591614,-0.1463572084903717,0.9947792291641235,CapturedFrames_2.0_2.0_-4.0/video.mp4#frame=8
8,LEFT_WRIST,0.11433187872171402,0.6048675179481506,0.020418820902705193,0.8483279943466187,CapturedFrames_2.0_2.0_-4.0/video.mp4#frame=8
8,RIGHT_WRIST,0.2936652898788452,0.5164166688919067,-0.022633183747529984,0.9069766402244568,CapturedFrames_2.0_2.0_-4.0/video.mp4#frame=8
8,LEFT_PINKY,0.11275015026330948,0.6366684436798096,0.02348867617547512,0.7093685865402222,CapturedFrames_2.0_2.0_-4.0/video.mp4#frame=8
8,RIGHT_PINKY,0.3029751479625702,0.5322498083114624,-0.023952951654791832,0.8273038864135742,CapturedFrames_2.0_2.0_-4.0/video.mp4#frame=8
8,LEFT_INDEX,0.1153290644288063,0.6349686980247498,0.017653344199061394,0.6865469217300415,CapturedFrames_2.0_2.0_-4.0/video.mp4#frame=8
8,RIGHT_INDEX,0.30308467149734497,0.5291886925697327,-0.01686672307550907,0.8184283375740051,CapturedFrames_2.0_2.0_-4.0/video.mp4#frame=8
8,LEFT_THUMB,0.11795090138912201,0.625228226184845,0.01824258267879486,0.6039361953735352,CapturedFrames_2.0_2.0_-4.0/video.mp4#frame=8
8,RIGHT_THUMB,0.29977691173553467,0.52413010597229,-0.016527356579899788,0.7458215951919556,CapturedFrames_2.0_2.0_-4.0/video.mp4#frame=8
8,LEFT_HIP,0.17806750535964966,0.5974211692810059,0.07458419352769852,0.9999529123306274,CapturedFrames_2.0_2.0_-4.0/video.mp4#frame=8
8,RIGHT_HIP,0.20928259193897247,0.6054057478904724,-0.07497122138738632,0.9999967813491821,CapturedFrames_2.0_2.0_-4.0/video.mp4#frame=8
8,LEFT_KNEE,0.22777822613716125,0.6062511205673218,0.369449645280838,0.6364955902099609,CapturedFrames_2.0_2.0_-4.0/video.mp4#frame=8
8,RIGHT_KNEE,0.20257940888404846,0.7645304203033447,0.009207063354551792,0.9966596364974976,CapturedFrames_2.0_2.0_-4.0/video.mp4#frame=8
8,LEFT_ANKLE,0.27653172612190247,0.6922074556350708,0.6072157621383667,0.8619546294212341,CapturedFrames_2.0_2.0_-4.0/video.mp4#frame=8
8,RIGHT_ANKLE,0.1803646981716156,0.9194130897521973,0.08667394518852234,0.9938147068023682,CapturedFrames_2.0_2.0_-4.0/video.mp4#frame=8
8,LEFT_HEEL,0.28289955854415894,0.7184779047966003,0.6317577362060547,0.8581278324127197,CapturedFrames_2.0_2.0_-4.0/video.mp4#frame=8
8,RIGHT_HEEL,0.1704460084438324,0.9560137987136841,0.09498605132102966,0.9638659358024597,CapturedFrames_2.0_2.0_-4.0/video.mp4#frame=8
8,LEFT_FOOT_INDEX,0.30316901206970215,0.6478674411773682,0.6503376960754395,0.8931707739830017,CapturedFrames_2.0_2.0_-4.0/video.mp4#frame=8
8,RIGHT_FOOT_INDEX,0.22116950154304504,0.8987144231796265,0.04818327724933624,0.9849045276641846,CapturedFrames_2.0_2.0_-4.0/video.mp4#frame=8
9,NOSE,0.18786613643169403,0.2803533375263214,0.011848571710288525,0.9999897480010986,CapturedFrames_2.0_2.0_-4.0/video.mp4#frame=9
9,LEFT_EYE_INNER,0.18015265464782715,0.2676002085208893,0.00018925266340374947,0.9999823570251465,CapturedFrames_2.0_2.0_-4.0/video.mp4#frame=9
9,LEFT_EYE,0.17743061482906342,0.26800987124443054,0.0001362829061690718,0.9999817609786987,CapturedFrames_2.0_2.0_-4.0/video.mp4#frame=9
9,LEFT_EYE_OUTER,0.17473404109477997,0.2686675488948822,0.00013276886602398008,0.9999804496765137,CapturedFrames_2.0_2.0_-4.0/video.mp4#frame=9
9,RIGHT_EYE_INNER,0.18559880554676056,0.26663345098495483,-0.016299519687891006,0.9999808073043823,CapturedFrames_2.0_2.0_-4.0/video.mp4#frame=9
9,RIGHT_EYE,0.1867334544658661,0.26624640822410583,-0.016291921958327293,0.999976634979248,CapturedFrames_2.0_2.0_-4.0/video.mp4#frame=9
9,RIGHT_EYE_OUTER,0.1878177672624588,0.2659623920917511,-0.01637055166065693,0.9999722242355347,CapturedFrames_2.0_2.0_-4.0/video.mp4#frame=9
9,LEFT_EAR,0.16656702756881714,0.28004932403564453,-0.03106525167822838,0.9999697208404541,CapturedFrames_2.0_2.0_-4.0/video.mp4#frame=9
9,RIGHT_EAR,0.18415959179401398,0.2738119065761566,-0.10924248397350311,0.9999643564224243,CapturedFrames_2.0_2.0_-4.0/video.mp4#frame=9
9,MOUTH_LEFT,0.18450678884983063,0.29624617099761963,0.005854055285453796,0.9999849796295166,CapturedFrames_2.0_2.0_-4.0/video.mp4#frame=9
9,MOUTH_RIGHT,0.18968792259693146,0.29481571912765503,-0.01711682602763176,0.999983549118042,CapturedFrames_2.0_2.0_-4.0/video.mp4#frame=9
9,LEFT_SHOULDER,0.13612183928489685,0.3851316571235657,-0.002062039915472269,0.999991774559021,CapturedFrames_2.0_2.0_-4.0/video.mp4#frame=9
9,RIGHT_SHOULDER,0.20758576691150665,0.3793357312679291,-0.17585353553295135,0.9999990463256836,CapturedFrames_2.0_2.0_-4.0/video.mp4#frame=9
9,LEFT_ELBOW,0.13666437566280365,0.5016980767250061,0.019798753783106804,0.9718144536018372,CapturedFrames_2.0_2.0_-4.0/video.mp4#frame=9
9,RIGHT_ELBOW,0.2559797465801239,0.4702901244163513,-0.16117806732654572,0.9946303367614746,CapturedFrames_2.0_2.0_-4.0/video.mp4#frame=9
9,LEFT_WRIST,0.1324741244316101,0.5980720520019531,0.021019749343395233,0.8554598689079285,CapturedFrames_2.0_2.0_-4.0/video.mp4#frame=9
9,RIGHT_WRIST,0.302034467458725,0.5198022723197937,-0.07808876782655716,0.9319359660148621,CapturedFrames_2.0_2.0_-4.0/video.mp4#frame=9
9,LEFT_PINKY,0.12975436449050903,0.6275098919868469,0.022408364340662956,0.7348202466964722,CapturedFrames_2.0_2.0_-4.0/video.mp4#frame=9
9,RIGHT_PINKY,0.31104451417922974,0.5383296608924866,-0.08643955737352371,0.8773007988929749,CapturedFrames_2.0_2.0_-4.0/video.mp4#frame=9
9,LEFT_INDEX,0.1321590393781662,0.6251548528671265,0.015014192089438438,0.7132108211517334,CapturedFrames_2.0_2.0_-4.0/video.mp4#frame=9
9,RIGHT_INDEX,0.3107779324054718,0.534355878829956,-0.08157385140657425,0.8708563446998596,CapturedFrames_2.0_2.0_-4.0/video.mp4#frame=9
9,LEFT_THUMB,0.13515587151050568,0.6162102222442627,0.018667588010430336,0.6354236602783203,CapturedFrames_2.0_2.0_-4.0/video.mp4#frame=9
9,RIGHT_THUMB,0.3077365756034851,0.5282062292098999,-0.07390240579843521,0.8024078011512756,CapturedFrames_2.0_2.0_-4.0/video.mp4#frame=9
9,LEFT_HIP,0.18990714848041534,0.5859463214874268,0.07030507922172546,0.999946117401123,CapturedFrames_2.0_2.0_-4.0/video.mp4#frame=9
9,RIGHT_HIP,0.2195056676864624,0.595679521560669,-0.070676289498806,0.9999970197677612,CapturedFrames_2.0_2.0_-4.0/video.mp4#frame=9
9,LEFT_KNEE,0.237627774477005,0.6104059219360352,0.36697548627853394,0.6389660239219666,CapturedFrames_2.0_2.0_-4.0/video.mp4#frame=9
9,RIGHT_KNEE,0.20858614146709442,0.7492193579673767,-0.011622047051787376,0.9964802861213684,CapturedFrames_2.0_2.0_-4.0/video.mp4#frame=9
9,LEFT_ANKLE,0.27982842922210693,0.6978727579116821,0.6116098165512085,0.8535446524620056,CapturedFrames_2.0_2.0_-4.0/video.mp4#frame=9
9,RIGHT_ANKLE,0.18054795265197754,0.9108444452285767,0.04291297495365143,0.993863582611084,CapturedFrames_2.0_2.0_-4.0/video.mp4#frame=9
9,LEFT_HEEL,0.2849067151546478,0.7257426977157593,0.636431097984314,0.8531781435012817,CapturedFrames_2.0_2.0_-4.0/video.mp4#frame=9
9,RIGHT_HEEL,0.17081540822982788,0.9470471143722534,0.04819946736097336,0.9611069560050964,CapturedFrames_2.0_2.0_-4.0/video.mp4#frame=9
9,LEFT_FOOT_INDEX,0.30701765418052673,0.6621543765068054,0.6505128741264343,0.8876132965087891,CapturedFrames_2.0_2.0_-4.0/video.mp4#frame=9
9,RIGHT_FOOT_INDEX,0.22121258080005646,0.9022426009178162,-0.0067213475704193115,0.9853163361549377,CapturedFrames_2.0_2.0_-4.0/video.mp4#frame=9
10,NOSE,0.1946086585521698,0.27677029371261597,0.02908872440457344,0.9999784231185913,CapturedFrames_2.0_2.0_-4.0/video.mp4#frame=10
10,LEFT_EYE_INNER,0.18762452900409698,0.26391035318374634,0.017049618065357208,0.999962329864502,CapturedFrames_2.0_2.0_-4.0/video.mp4#frame=10
10,LEFT_EYE,0.1849488615989685,0.26449185609817505,0.017011797055602074,0.9999619722366333,CapturedFrames_2.0_2.0_-4.0/video.mp4#frame=10
10,LEFT_EYE_OUTER,0.18231415748596191,0.2653571367263794,0.017011050134897232,0.9999572038650513,CapturedFrames_2.0_2.0_-4.0/video.mp4#frame=10
10,RIGHT_EYE_INNER,0.19318382441997528,0.2626696825027466,0.0010921596549451351,0.9999604225158691,CapturedFrames_2.0_2.0_-4.0/video.mp4#frame=10
10,RIGHT_EYE,0.1945408433675766,0.2622356116771698,0.0010796765564009547,0.9999545812606812,CapturedFrames_2.0_2.0_-4.0/video.mp4#frame=10
10,RIGHT_EYE_OUTER,0.19588926434516907,0.2618916928768158,0.0009775463258847594,0.9999433755874634,CapturedFrames_2.0_2.0_-4.0/video.mp4#frame=10
10,LEFT_EAR,0.1743384599685669,0.2771766185760498,-0.01930086873471737,0.9999256134033203,CapturedFrames_2.0_2.0_-4.0/video.mp4#frame=10
10,RIGHT_EAR,0.1931639313697815,0.2699229419231415,-0.09485026448965073,0.9999244213104248,CapturedFrames_2.0_2.0_-4.0/video.mp4#frame=10
10,MOUTH_LEFT,0.19119906425476074,0.29342544078826904,0.020689690485596657,0.9999648332595825,CapturedFrames_2.0_2.0_-4.0/video.mp4#frame=10
10,MOUTH_RIGHT,0.1971086859703064,0.29189977049827576,-0.0015024413587525487,0.9999672174453735,CapturedFrames_2.0_2.0_-4.0/video.mp4#frame=10
10,LEFT_SHOULDER,0.14803123474121094,0.38059282302856445,0.007312542758882046,0.9999779462814331,CapturedFrames_2.0_2.0_-4.0/video.mp4#frame=10
10,RIGHT_SHOULDER,0.21801380813121796,0.3741404116153717,-0.16748046875,0.9999977350234985,CapturedFrames_2.0_2.0_-4.0/video.mp4#frame=10
10,LEFT_ELBOW,0.15107953548431396,0.4937984049320221,0.03050203062593937,0.9594619274139404,CapturedFrames_2.0_2.0_-4.0/video.mp4#frame=10
10,RIGHT_ELBOW,0.26117563247680664,0.4657619595527649,-0.15534499287605286,0.99408358335495,CapturedFrames_2.0_2.0_-4.0/video.mp4#frame=10
10,LEFT_WRIST,0.1495211273431778,0.5868385434150696,0.03433797508478165,0.8227324485778809,CapturedFrames_2.0_2.0_-4.0/video.mp4#frame=10
10,RIGHT_WRIST,0.3059143126010895,0.5189269185066223,-0.07620251178741455,0.9258341193199158,CapturedFrames_2.0_2.0_-4.0/video.mp4#frame=10
10,LEFT_PINKY,0.14810888469219208,0.6144155859947205,0.0356888547539711,0.7018685936927795,CapturedFrames_2.0_2.0_-4.0/video.mp4#frame=10
10,RIGHT_PINKY,0.31278476119041443,0.5385120511054993,-0.08384601026773453,0.8668915629386902,CapturedFrames_2.0_2.0_-4.0/video.mp4#frame=10
10,LEFT_INDEX,0.15089505910873413,0.6100373268127441,0.028119195252656937,0.6819721460342407,CapturedFrames_2.0_2.0_-4.0/video.mp4#frame=10
10,RIGHT_INDEX,0.31268489360809326,0.5345864295959473,-0.07940946519374847,0.8598350882530212,CapturedFrames_2.0_2.0_-4.0/video.mp4#frame=10
10,LEFT_THUMB,0.15385085344314575,0.6009988188743591,0.03173312917351723,0.5991809964179993,CapturedFrames_2.0_2.0_-4.0/video.mp4#frame=10
10,RIGHT_THUMB,0.3100943863391876,0.5282236933708191,-0.07223954051733017,0.7794390320777893,CapturedFrames_2.0_2.0_-4.0/video.mp4#frame=10
10,LEFT_HIP,0.20674876868724823,0.5755761861801147,0.06898801028728485,0.9998961687088013,CapturedFrames_2.0_2.0_-4.0/video.mp4#frame=10
10,RIGHT_HIP,0.23001806437969208,0.5874128937721252,-0.06927762925624847,0.9999955892562866,CapturedFrames_2.0_2.0_-4.0/video.mp4#frame=10
10,LEFT_KNEE,0.25038692355155945,0.6043307781219482,0.3482303321361542,0.7484359741210938,CapturedFrames_2.0_2.0_-4.0/video.mp4#frame=10
10,RIGHT_KNEE,0.22348089516162872,0.7301672101020813,-0.037179164588451385,0.9974181652069092,CapturedFrames_2.0_2.0_-4.0/video.mp4#frame=10
10,LEFT_ANKLE,0.28461065888404846,0.7073615193367004,0.5869773030281067,0.9173674583435059,CapturedFrames_2.0_2.0_-4.0/video.mp4#frame=10
10,RIGHT_ANKLE,0.1857941597700119,0.8982934951782227,-0.009549970738589764,0.995854914188385,CapturedFrames_2.0_2.0_-4.0/video.mp4#frame=10
10,LEFT_HEEL,0.28485602140426636,0.7373964786529541,0.6105211973190308,0.8900758624076843,CapturedFrames_2.0_2.0_-4.0/video.mp4#frame=10
10,RIGHT_HEEL,0.17480197548866272,0.9316867589950562,-0.007487630937248468,0.9638371467590332,CapturedFrames_2.0_2.0_-4.0/video.mp4#frame=10
10,LEFT_FOOT_INDEX,0.30971747636795044,0.6832629442214966,0.6160645484924316,0.9140251278877258,CapturedFrames_2.0_2.0_-4.0/video.mp4#frame=10
10,RIGHT_FOOT_INDEX,0.22717826068401337,0.8998042345046997,-0.06765566021203995,0.9873728156089783,CapturedFrames_2.0_2.0_-4.0/video.mp4#frame=10
11,NOSE,0.20380918681621552,0.2734591066837311,0.03275463357567787,0.9999645948410034,CapturedFrames_2.0_2.0_-4.0/video.mp4#frame=11
11,LEFT_EYE_INNER,0.19677424430847168,0.26176124811172485,0.02137807570397854,0.9999397993087769,CapturedFrames_2.0_2.0_-4.0/video.mp4#frame=11
11,LEFT_EYE,0.19395636022090912,0.26224660873413086,0.02133108489215374,0.9999358654022217,CapturedFrames_2.0_2.0_-4.0/video.mp4#frame=11
11,LEFT_EYE_OUTER,0.19108042120933533,0.2630521059036255,0.021308934316039085,0.9999316930770874,CapturedFrames_2.0_2.0_-4.0/video.mp4#frame=11
11,RIGHT_EYE_INNER,0.20259638130664825,0.2609672248363495,0.0073364125564694405,0.9999361038208008,CapturedFrames_2.0_2.0_-4.0/video.mp4#frame=11
11,RIGHT_EYE,0.20401296019554138,0.26069626212120056,0.00732352863997221,0.9999260902404785,CapturedFrames_2.0_2.0_-4.0/video.mp4#frame=11
11,RIGHT_EYE_OUTER,0.20537921786308289,0.26052460074424744,0.007227056659758091,0.9999102354049683,CapturedFrames_2.0_2.0_-4.0/video.mp4#frame=11
11,LEFT_EAR,0.1836152970790863,0.2746090590953827,-0.015061141923069954,0.9999047517776489,CapturedFrames_2.0_2.0_-4.0/video.mp4#frame=11
11,RIGHT_EAR,0.20342998206615448,0.26795387268066406,-0.08111470937728882,0.9998975992202759,CapturedFrames_2.0_2.0_-4.0/video.mp4#frame=11
11,MOUTH_LEFT,0.20076262950897217,0.28897687792778015,0.023697813972830772,0.9999487400054932,CapturedFrames_2.0_2.0_-4.0/video.mp4#frame=11
11,MOUTH_RIGHT,0.20660337805747986,0.2873937487602234,0.004403799306601286,0.999956488609314,CapturedFrames_2.0_2.0_-4.0/video.mp4#frame=11
11,LEFT_SHOULDER,0.1609710454940796,0.3786427676677704,0.014087607152760029,0.9999713897705078,CapturedFrames_2.0_2.0_-4.0/video.mp4#frame=11
11,RIGHT_SHOULDER,0.2283993661403656,0.3692292869091034,-0.15347470343112946,0.9999978542327881,CapturedFrames_2.0_2.0_-4.0/video.mp4#frame=11
11,LEFT_ELBOW,0.16510078310966492,0.4862639009952545,0.0449252687394619,0.9492736458778381,CapturedFrames_2.0_2.0_-4.0/video.mp4#frame=11
11,RIGHT_ELBOW,0.26829028129577637,0.464106023311615,-0.15172117948532104,0.993302583694458,CapturedFrames_2.0_2.0_-4.0/video.mp4#frame=11
11,LEFT_WRIST,0.16715365648269653,0.5759776830673218,0.07011553645133972,0.7500466704368591,CapturedFrames_2.0_2.0_-4.0/video.mp4#frame=11
11,RIGHT_WRIST,0.30795636773109436,0.5237395167350769,-0.09982036054134369,0.9548817873001099,CapturedFrames_2.0_2.0_-4.0/video.mp4#frame=11
11,LEFT_PINKY,0.1652214378118515,0.6026846170425415,0.07352210581302643,0.6156934499740601,CapturedFrames_2.0_2.0_-4.0/video.mp4#frame=11
11,RIGHT_PINKY,0.31415078043937683,0.5452959537506104,-0.11031584441661835,0.9157695174217224,CapturedFrames_2.0_2.0_-4.0/video.mp4#frame=11
11,LEFT_INDEX,0.16864360868930817,0.5989624857902527,0.06509756296873093,0.5946959853172302,CapturedFrames_2.0_2.0_-4.0/video.mp4#frame=11
11,RIGHT_INDEX,0.31440138816833496,0.5425646305084229,-0.10880585759878159,0.9103623032569885,CapturedFrames_2.0_2.0_-4.0/video.mp4#frame=11
11,LEFT_THUMB,0.1722273975610733,0.5893381834030151,0.06746755540370941,0.5224964022636414,CapturedFrames_2.0_2.0_-4.0/video.mp4#frame=11
11,RIGHT_THUMB,0.3121332824230194,0.5354384779930115,-0.09804051369428635,0.8532341122627258,CapturedFrames_2.0_2.0_-4.0/video.mp4#frame=11
11,LEFT_HIP,0.21605989336967468,0.5615229606628418,0.06716088950634003,0.9998571872711182,CapturedFrames_2.0_2.0_-4.0/video.mp4#frame=11
11,RIGHT_HIP,0.24301771819591522,0.5724478363990784,-0.06729262322187424,0.9999912977218628,CapturedFrames_2.0_2.0_-4.0/video.mp4#frame=11
11,LEFT_KNEE,0.2588779330253601,0.601020336151123,0.3032756745815277,0.7216425538063049,CapturedFrames_2.0_2.0_-4.0/video.mp4#frame=11
11,RIGHT_KNEE,0.24364228546619415,0.7160283327102661,-0.05330444127321243,0.9970978498458862,CapturedFrames_2.0_2.0_-4.0/video.mp4#frame=11
11,LEFT_ANKLE,0.2809505760669708,0.7032056450843811,0.516650378704071,0.8667050004005432,CapturedFrames_2.0_2.0_-4.0/video.mp4#frame=11
11,RIGHT_ANKLE,0.19795826077461243,0.8766753077507019,-0.033914025872945786,0.9956117272377014,CapturedFrames_2.0_2.0_-4.0/video.mp4#frame=11
11,LEFT_HEEL,0.2818511128425598,0.7370150089263916,0.5366144776344299,0.836819052696228,CapturedFrames_2.0_2.0_-4.0/video.mp4#frame=11
11,RIGHT_HEEL,0.18394510447978973,0.8977842330932617,-0.03260292112827301,0.9655359387397766,CapturedFrames_2.0_2.0_-4.0/video.mp4#frame=11
11,LEFT_FOOT_INDEX,0.3057140111923218,0.6876829862594604,0.5405810475349426,0.8597015142440796,CapturedFrames_2.0_2.0_-4.0/video.mp4#frame=11
11,RIGHT_FOOT_INDEX,0.2280312329530716,0.9094483852386475,-0.08883114159107208,0.9857730269432068,CapturedFrames_2.0_2.0_-4.0/video.mp4#frame=11
12,NOSE,0.21429543197155,0.26980775594711304,0.02378985285758972,0.9999605417251587,CapturedFrames_2.0_2.0_-4.0/video.mp4#frame=12
12,LEFT_EYE_INNER,0.20741012692451477,0.2589806020259857,0.013208327814936638,0.9999353885650635,CapturedFrames_2.0_2.0_-4.0/video.mp4#frame=12
12,LEFT_EYE,0.20437149703502655,0.2596081495285034,0.013168953359127045,0.9999262094497681,CapturedFrames_2.0_2.0_-4.0/video.mp4#frame=12
12,LEFT_EYE_OUTER,0.201361745595932,0.26054009795188904,0.013144882395863533,0.9999264478683472,CapturedFrames_2.0_2.0_-4.0/video.mp4#frame=12
12,RIGHT_EYE_INNER,0.2136400043964386,0.2581000328063965,-0.000766797864343971,0.9999357461929321,CapturedFrames_2.0_2.0_-4.0/video.mp4#frame=12
12,RIGHT_EYE,0.2149854153394699,0.25788038969039917,-0.0007778963772580028,0.9999192953109741,CapturedFrames_2.0_2.0_-4.0/video.mp4#frame=12
12,RIGHT_EYE_OUTER,0.21626055240631104,0.25782090425491333,-0.0008676666766405106,0.9999098777770996,CapturedFrames_2.0_2.0_-4.0/video.mp4#frame=12
12,LEFT_EAR,0.1942279040813446,0.2711885869503021,-0.019316338002681732,0.9999078512191772,CapturedFrames_2.0_2.0_-4.0/video.mp4#frame=12
12,RIGHT_EAR,0.2138310670852661,0.26551851630210876,-0.08407354354858398,0.9999123811721802,CapturedFrames_2.0_2.0_-4.0/video.mp4#frame=12
12,MOUTH_LEFT,0.2104673683643341,0.2850344777107239,0.01627497375011444,0.9999566078186035,CapturedFrames_2.0_2.0_-4.0/video.mp4#frame=12
12,MOUTH_RIGHT,0.216732457280159,0.2838401198387146,-0.0025478117167949677,0.9999661445617676,CapturedFrames_2.0_2.0_-4.0/video.mp4#frame=12
12,LEFT_SHOULDER,0.17327271401882172,0.37407755851745605,0.014052818529307842,0.9999740123748779,CapturedFrames_2.0_2.0_-4.0/video.mp4#frame=12
12,RIGHT_SHOULDER,0.23577451705932617,0.3606632947921753,-0.15368150174617767,0.9999978542327881,CapturedFrames_2.0_2.0_-4.0/video.mp4#frame=12
12,LEFT_ELBOW,0.18025627732276917,0.4761302173137665,0.03707387298345566,0.9325011968612671,CapturedFrames_2.0_2.0_-4.0/video.mp4#frame=12
12,RIGHT_ELBOW,0.2752529978752136,0.4612751305103302,-0.1503114551305771,0.9954898953437805,CapturedFrames_2.0_2.0_-4.0/video.mp4#frame=12
12,LEFT_WRIST,0.18418726325035095,0.5602788925170898,0.05184904485940933,0.7013711929321289,CapturedFrames_2.0_2.0_-4.0/video.mp4#frame=12
12,RIGHT_WRIST,0.31085285544395447,0.5317241549491882,-0.0989614874124527,0.9788221716880798,CapturedFrames_2.0_2.0_-4.0/video.mp4#frame=12
12,LEFT_PINKY,0.1834673434495926,0.5870580673217773,0.05393390730023384,0.5652945041656494,CapturedFrames_2.0_2.0_-4.0/video.mp4#frame=12
12,RIGHT_PINKY,0.317033976316452,0.5528712868690491,-0.11011554300785065,0.958859384059906,CapturedFrames_2.0_2.0_-4.0/video.mp4#frame=12
12,LEFT_INDEX,0.1889275163412094,0.5849347114562988,0.044756241142749786,0.5418745875358582,CapturedFrames_2.0_2.0_-4.0/video.mp4#frame=12
12,RIGHT_INDEX,0.3165040910243988,0.551669180393219,-0.10951828956604004,0.9553650617599487,CapturedFrames_2.0_2.0_-4.0/video.mp4#frame=12
12,LEFT_THUMB,0.19175522029399872,0.5754854083061218,0.04831431806087494,0.47775763273239136,CapturedFrames_2.0_2.0_-4.0/video.mp4#frame=12
12,RIGHT_THUMB,0.31418588757514954,0.5444037318229675,-0.09780984371900558,0.9261359572410583,CapturedFrames_2.0_2.0_-4.0/video.mp4#frame=12
12,LEFT_HIP,0.22003309428691864,0.5507062077522278,0.06759888678789139,0.9997809529304504,CapturedFrames_2.0_2.0_-4.0/video.mp4#frame=12
12,RIGHT_HIP,0.25164830684661865,0.5596932768821716,-0.06771685183048248,0.9999760389328003,CapturedFrames_2.0_2.0_-4.0/video.mp4#frame=12
12,LEFT_KNEE,0.26282814145088196,0.5930082201957703,0.2635640501976013,0.780412495136261,CapturedFrames_2.0_2.0_-4.0/video.mp4#frame=12
12,RIGHT_KNEE,0.2680985629558563,0.6965645551681519,-0.05083923786878586,0.9972077012062073,CapturedFrames_2.0_2.0_-4.0/video.mp4#frame=12
12,LEFT_ANKLE,0.280019074678421,0.6995265483856201,0.44920629262924194,0.8645343780517578,CapturedFrames_2.0_2.0_-4.0/video.mp4#frame=12
12,RIGHT_ANKLE,0.2123701274394989,0.8427886962890625,-0.015806397423148155,0.9961754083633423,CapturedFrames_2.0_2.0_-4.0/video.mp4#frame=12
12,LEFT_HEEL,0.28246453404426575,0.7212287187576294,0.4658750593662262,0.819108247756958,CapturedFrames_2.0_2.0_-4.0/video.mp4#frame=12
12,RIGHT_HEEL,0.19805319607257843,0.8551000952720642,-0.012687238864600658,0.97531658411026,CapturedFrames_2.0_2.0_-4.0/video.mp4#frame=12
12,LEFT_FOOT_INDEX,0.30147066712379456,0.6899125576019287,0.4684523046016693,0.8597433567047119,CapturedFrames_2.0_2.0_-4.0/video.mp4#frame=12
12,RIGHT_FOOT_INDEX,0.23220717906951904,0.8920466899871826,-0.0631268322467804,0.9876074194908142,CapturedFrames_2.0_2.0_-4.0/video.mp4#frame=12
13,NOSE,0.2259475290775299,0.26377353072166443,0.007912486791610718,0.9999511241912842,CapturedFrames_2.0_2.0_-4.0/video.mp4#frame=13
13,LEFT_EYE_INNER,0.21909253299236298,0.2532429099082947,-0.002557775005698204,0.999910831451416,CapturedFrames_2.0_2.0_-4.0/video.mp4#frame=13
13,LEFT_EYE,0.2163049727678299,0.25353145599365234,-0.0025868744123727083,0.9998947381973267,CapturedFrames_2.0_2.0_-4.0/video.mp4#frame=13
13,LEFT_EYE_OUTER,0.21344920992851257,0.2540819048881531,-0.0025979464408010244,0.9999076128005981,CapturedFrames_2.0_2.0_-4.0/video.mp4#frame=13
13,RIGHT_EYE_INNER,0.22475261986255646,0.25271886587142944,-0.016426973044872284,0.9999322891235352,CapturedFrames_2.0_2.0_-4.0/video.mp4#frame=13
13,RIGHT_EYE,0.2259783297777176,0.2524683177471161,-0.01645243726670742,0.9999145269393921,CapturedFrames_2.0_2.0_-4.0/video.mp4#frame=13
13,RIGHT_EYE_OUTER,0.22715505957603455,0.25232115387916565,-0.016520338132977486,0.9999182224273682,CapturedFrames_2.0_2.0_-4.0/video.mp4#frame=13
13,LEFT_EAR,0.20550468564033508,0.263523131608963,-0.032579533755779266,0.9998854398727417,CapturedFrames_2.0_2.0_-4.0/video.mp4#frame=13
13,RIGHT_EAR,0.22431811690330505,0.259622722864151,-0.09528926759958267,0.9999392032623291,CapturedFrames_2.0_2.0_-4.0/video.mp4#frame=13
13,MOUTH_LEFT,0.22271743416786194,0.2780250310897827,0.0017413791501894593,0.9999610185623169,CapturedFrames_2.0_2.0_-4.0/video.mp4#frame=13
13,MOUTH_RIGHT,0.22804073989391327,0.27703163027763367,-0.016278767958283424,0.9999719858169556,CapturedFrames_2.0_2.0_-4.0/video.mp4#frame=13
13,LEFT_SHOULDER,0.18425190448760986,0.36573028564453125,0.007398701272904873,0.9999884366989136,CapturedFrames_2.0_2.0_-4.0/video.mp4#frame=13
13,RIGHT_SHOULDER,0.24459883570671082,0.35460278391838074,-0.15811613202095032,0.9999995231628418,CapturedFrames_2.0_2.0_-4.0/video.mp4#frame=13
13,LEFT_ELBOW,0.19295185804367065,0.464035302400589,0.026453252881765366,0.7526653409004211,CapturedFrames_2.0_2.0_-4.0/video.mp4#frame=13
13,RIGHT_ELBOW,0.27866673469543457,0.4582253694534302,-0.1521221399307251,0.9845706820487976,CapturedFrames_2.0_2.0_-4.0/video.mp4#frame=13
13,LEFT_WRIST,0.20438912510871887,0.5442885756492615,0.03496227413415909,0.35930609703063965,CapturedFrames_2.0_2.0_-4.0/video.mp4#frame=13
13,RIGHT_WRIST,0.31408607959747314,0.5316023826599121,-0.0957847461104393,0.9605372548103333,CapturedFrames_2.0_2.0_-4.0/video.mp4#frame=13
13,LEFT_PINKY,0.20591595768928528,0.5694072246551514,0.040008168667554855,0.2946360111236572,CapturedFrames_2.0_2.0_-4.0/video.mp4#frame=13
13,RIGHT_PINKY,0.3201645016670227,0.5538219809532166,-0.10408438742160797,0.9405795931816101,CapturedFrames_2.0_2.0_-4.0/video.mp4#frame=13
13,LEFT_INDEX,0.2090287208557129,0.5658087730407715,0.03111892379820347,0.2789374887943268,CapturedFrames_2.0_2.0_-4.0/video.mp4#frame=13
13,RIGHT_INDEX,0.3192192316055298,0.5536326169967651,-0.1038142666220665,0.9351871609687805,CapturedFrames_2.0_2.0_-4.0/video.mp4#frame=13
13,LEFT_THUMB,0.21084952354431152,0.5575268268585205,0.03153856471180916,0.25134310126304626,CapturedFrames_2.0_2.0_-4.0/video.mp4#frame=13
13,RIGHT_THUMB,0.3167726397514343,0.5468625426292419,-0.09429963678121567,0.9021807312965393,CapturedFrames_2.0_2.0_-4.0/video.mp4#frame=13
13,LEFT_HIP,0.23197022080421448,0.5364824533462524,0.06849739700555801,0.9998705387115479,CapturedFrames_2.0_2.0_-4.0/video.mp4#frame=13
13,RIGHT_HIP,0.26093077659606934,0.5408970713615417,-0.06867318600416183,0.9999897480010986,CapturedFrames_2.0_2.0_-4.0/video.mp4#frame=13
13,LEFT_KNEE,0.2549757659435272,0.5495287775993347,0.2589437663555145,0.17597447335720062,CapturedFrames_2.0_2.0_-4.0/video.mp4#frame=13
13,RIGHT_KNEE,0.29225248098373413,0.6715996861457825,-0.06452411413192749,0.9761918783187866,CapturedFrames_2.0_2.0_-4.0/video.mp4#frame=13
13,LEFT_ANKLE,0.24536959826946259,0.5952930450439453,0.37872856855392456,0.34418874979019165,CapturedFrames_2.0_2.0_-4.0/video.mp4#frame=13
13,RIGHT_ANKLE,0.23535041511058807,0.8005644679069519,-0.05405765771865845,0.9892691969871521,CapturedFrames_2.0_2.0_-4.0/video.mp4#frame=13
13,LEFT_HEEL,0.24232056736946106,0.6077300906181335,0.3894875943660736,0.44541576504707336,CapturedFrames_2.0_2.0_-4.0/video.mp4#frame=13
13,RIGHT_HEEL,0.21693840622901917,0.8115050196647644,-0.05254589766263962,0.9815623760223389,CapturedFrames_2.0_2.0_-4.0/video.mp4#frame=13
13,LEFT_FOOT_INDEX,0.2494991272687912,0.5919265151023865,0.4033704698085785,0.5076344609260559,CapturedFrames_2.0_2.0_-4.0/video.mp4#frame=13
13,RIGHT_FOOT_INDEX,0.2508242428302765,0.8598765134811401,-0.0853404551744461,0.985779881477356,CapturedFrames_2.0_2.0_-4.0/video.mp4#frame=13
14,NOSE,0.24134795367717743,0.2585375905036926,-0.036943234503269196,0.999529242515564,CapturedFrames_2.0_2.0_-4.0/video.mp4#frame=14
14,LEFT_EYE_INNER,0.2347254455089569,0.24843090772628784,-0.04050307348370552,0.9985577464103699,CapturedFrames_2.0_2.0_-4.0/video.mp4#frame=14
14,LEFT_EYE,0.23240840435028076,0.24880003929138184,-0.04053902626037598,0.9988006353378296,CapturedFrames_2.0_2.0_-4.0/video.mp4#frame=14
14,LEFT_EYE_OUTER,0.23005016148090363,0.24935370683670044,-0.040543753653764725,0.9985632300376892,CapturedFrames_2.0_2.0_-4.0/video.mp4#frame=14
14,RIGHT_EYE_INNER,0.2385353296995163,0.24778571724891663,-0.057456888258457184,0.9989977478981018,CapturedFrames_2.0_2.0_-4.0/video.mp4#frame=14
14,RIGHT_EYE,0.23919251561164856,0.24756744503974915,-0.05748816579580307,0.999092698097229,CapturedFrames_2.0_2.0_-4.0/video.mp4#frame=14
14,RIGHT_EYE_OUTER,0.23983511328697205,0.2474113404750824,-0.057547736912965775,0.9987903237342834,CapturedFrames_2.0_2.0_-4.0/video.mp4#frame=14
14,LEFT_EAR,0.22081592679023743,0.2583034038543701,-0.04532594606280327,0.9978729486465454,CapturedFrames_2.0_2.0_-4.0/video.mp4#frame=14
14,RIGHT_EAR,0.2354956567287445,0.2552032172679901,-0.12254577875137329,0.9990317821502686,CapturedFrames_2.0_2.0_-4.0/video.mp4#frame=14
14,MOUTH_LEFT,0.23896130919456482,0.27309131622314453,-0.03425406664609909,0.9988981485366821,CapturedFrames_2.0_2.0_-4.0/video.mp4#frame=14
14,MOUTH_RIGHT,0.24222569167613983,0.2721654772758484,-0.05661368370056152,0.999476969242096,CapturedFrames_2.0_2.0_-4.0/video.mp4#frame=14
14,LEFT_SHOULDER,0.19802704453468323,0.35865625739097595,0.007294104900211096,0.999923825263977,CapturedFrames_2.0_2.0_-4.0/video.mp4#frame=14
14,RIGHT_SHOULDER,0.2516446113586426,0.3465038537979126,-0.17432336509227753,0.9999960660934448,CapturedFrames_2.0_2.0_-4.0/video.mp4#frame=14
14,LEFT_ELBOW,0.20901313424110413,0.4561527967453003,0.025296758860349655,0.3566875457763672,CapturedFrames_2.0_2.0_-4.0/video.mp4#frame=14
14,RIGHT_ELBOW,0.28160229325294495,0.45418015122413635,-0.1784123331308365,0.992733359336853,CapturedFrames_2.0_2.0_-4.0/video.mp4#frame=14
14,LEFT_WRIST,0.22634777426719666,0.5351877808570862,0.022802092134952545,0.19625936448574066,CapturedFrames_2.0_2.0_-4.0/video.mp4#frame=14
14,RIGHT_WRIST,0.31444448232650757,0.5303869247436523,-0.1344490647315979,0.9843288660049438,CapturedFrames_2.0_2.0_-4.0/video.mp4#frame=14
14,LEFT_PINKY,0.22795097529888153,0.5571654438972473,0.02766328491270542,0.19719542562961578,CapturedFrames_2.0_2.0_-4.0/video.mp4#frame=14
14,RIGHT_PINKY,0.3190750777721405,0.5530794858932495,-0.14551803469657898,0.9799526333808899,CapturedFrames_2.0_2.0_-4.0/video.mp4#frame=14
14,LEFT_INDEX,0.2312428504228592,0.5553242564201355,0.016603408381342888,0.18725420534610748,CapturedFrames_2.0_2.0_-4.0/video.mp4#frame=14
14,RIGHT_INDEX,0.31781110167503357,0.5519891977310181,-0.14081165194511414,0.977796733379364,CapturedFrames_2.0_2.0_-4.0/video.mp4#frame=14
14,LEFT_THUMB,0.23248684406280518,0.54836106300354,0.018202805891633034,0.17932023108005524,CapturedFrames_2.0_2.0_-4.0/video.mp4#frame=14
14,RIGHT_THUMB,0.3154684603214264,0.5446527004241943,-0.13143494725227356,0.964218258857727,CapturedFrames_2.0_2.0_-4.0/video.mp4#frame=14
14,LEFT_HIP,0.2431682050228119,0.5287269949913025,0.06944188475608826,0.9997137188911438,CapturedFrames_2.0_2.0_-4.0/video.mp4#frame=14
14,RIGHT_HIP,0.26944035291671753,0.5259084701538086,-0.06959313154220581,0.9999328851699829,CapturedFrames_2.0_2.0_-4.0/video.mp4#frame=14
14,LEFT_KNEE,0.28666335344314575,0.607712984085083,0.2230444699525833,0.3891509473323822,CapturedFrames_2.0_2.0_-4.0/video.mp4#frame=14
14,RIGHT_KNEE,0.3069561719894409,0.6381763219833374,-0.07200184464454651,0.9806265234947205,CapturedFrames_2.0_2.0_-4.0/video.mp4#frame=14
14,LEFT_ANKLE,0.2813332676887512,0.7012627720832825,0.31612300872802734,0.7684891223907471,CapturedFrames_2.0_2.0_-4.0/video.mp4#frame=14
14,RIGHT_ANKLE,0.25966915488243103,0.7645634412765503,-0.0710710808634758,0.9933112859725952,CapturedFrames_2.0_2.0_-4.0/video.mp4#frame=14
14,LEFT_HEEL,0.27721863985061646,0.7185043096542358,0.323177695274353,0.7875864505767822,CapturedFrames_2.0_2.0_-4.0/video.mp4#frame=14
14,RIGHT_HEEL,0.24240633845329285,0.7803643345832825,-0.07121997326612473,0.9787277579307556,CapturedFrames_2.0_2.0_-4.0/video.mp4#frame=14
14,LEFT_FOOT_INDEX,0.30035868287086487,0.706664502620697,0.3147033751010895,0.8635978698730469,CapturedFrames_2.0_2.0_-4.0/video.mp4#frame=14
14,RIGHT_FOOT_INDEX,0.27677661180496216,0.8155902624130249,-0.1115816980600357,0.9907134771347046,CapturedFrames_2.0_2.0_-4.0/video.mp4#frame=14
15,NOSE,0.2525865137577057,0.2535412311553955,-0.045071110129356384,0.9956696033477783,CapturedFrames_2.0_2.0_-4.0/video.mp4#frame=15
15,LEFT_EYE_INNER,0.24631305038928986,0.2420685887336731,-0.044726572930812836,0.991980791091919,CapturedFrames_2.0_2.0_-4.0/video.mp4#frame=15
15,LEFT_EYE,0.24441704154014587,0.24213343858718872,-0.04475715011358261,0.9908326268196106,CapturedFrames_2.0_2.0_-4.0/video.mp4#frame=15
15,LEFT_EYE_OUTER,0.24251475930213928,0.2423904985189438,-0.04480408504605293,0.992630124092102,CapturedFrames_2.0_2.0_-4.0/video.mp4#frame=15
15,RIGHT_EYE_INNER,0.2492874413728714,0.2417764663696289,-0.0637212023139,0.9942652583122253,CapturedFrames_2.0_2.0_-4.0/video.mp4#frame=15
15,RIGHT_EYE,0.24965400993824005,0.2415514588356018,-0.06370329111814499,0.9935919642448425,CapturedFrames_2.0_2.0_-4.0/video.mp4#frame=15
15,RIGHT_EYE_OUTER,0.2500312924385071,0.24144023656845093,-0.06373801082372665,0.9937744140625,CapturedFrames_2.0_2.0_-4.0/video.mp4#frame=15
15,LEFT_EAR,0.23325136303901672,0.25085487961769104,-0.03595723584294319,0.9869071245193481,CapturedFrames_2.0_2.0_-4.0/video.mp4#frame=15
15,RIGHT_EAR,0.2453249990940094,0.24857166409492493,-0.12156955897808075,0.993144154548645,CapturedFrames_2.0_2.0_-4.0/video.mp4#frame=15
15,MOUTH_LEFT,0.2503054440021515,0.2675684690475464,-0.03766453638672829,0.9932776093482971,CapturedFrames_2.0_2.0_-4.0/video.mp4#frame=15
15,MOUTH_RIGHT,0.2524220943450928,0.26725688576698303,-0.06250157207250595,0.9964526891708374,CapturedFrames_2.0_2.0_-4.0/video.mp4#frame=15
15,LEFT_SHOULDER,0.21196267008781433,0.34405121207237244,0.01853584498167038,0.9990842342376709,CapturedFrames_2.0_2.0_-4.0/video.mp4#frame=15
15,RIGHT_SHOULDER,0.2555157244205475,0.33804023265838623,-0.16515621542930603,0.9999291896820068,CapturedFrames_2.0_2.0_-4.0/video.mp4#frame=15
15,LEFT_ELBOW,0.22986015677452087,0.4338656961917877,0.05253555625677109,0.027417218312621117,CapturedFrames_2.0_2.0_-4.0/video.mp4#frame=15
15,RIGHT_ELBOW,0.28800445795059204,0.4470798373222351,-0.16976062953472137,0.9746529459953308,CapturedFrames_2.0_2.0_-4.0/video.mp4#frame=15
15,LEFT_WRIST,0.2582584321498871,0.49688711762428284,0.06194312125444412,0.028254462406039238,CapturedFrames_2.0_2.0_-4.0/video.mp4#frame=15
15,RIGHT_WRIST,0.3145413100719452,0.5291181206703186,-0.12889961898326874,0.9604498147964478,CapturedFrames_2.0_2.0_-4.0/video.mp4#frame=15
15,LEFT_PINKY,0.2650265693664551,0.5129289031028748,0.0697641596198082,0.043567243963479996,CapturedFrames_2.0_2.0_-4.0/video.mp4#frame=15
15,RIGHT_PINKY,0.3183014392852783,0.5548766851425171,-0.1434088498353958,0.9526197910308838,CapturedFrames_2.0_2.0_-4.0/video.mp4#frame=15
15,LEFT_INDEX,0.26876986026763916,0.5105259418487549,0.056238818913698196,0.04293830692768097,CapturedFrames_2.0_2.0_-4.0/video.mp4#frame=15
15,RIGHT_INDEX,0.31856468319892883,0.5534928441047668,-0.13701871037483215,0.9463785886764526,CapturedFrames_2.0_2.0_-4.0/video.mp4#frame=15
15,LEFT_THUMB,0.2702018618583679,0.5016974806785583,0.0563664436340332,0.0422651506960392,CapturedFrames_2.0_2.0_-4.0/video.mp4#frame=15
15,RIGHT_THUMB,0.3166393041610718,0.5437754988670349,-0.1259777843952179,0.9149259328842163,CapturedFrames_2.0_2.0_-4.0/video.mp4#frame=15
15,LEFT_HIP,0.2497037649154663,0.5157244801521301,0.06016802042722702,0.9971891045570374,CapturedFrames_2.0_2.0_-4.0/video.mp4#frame=15
15,RIGHT_HIP,0.27770301699638367,0.5104590654373169,-0.060177139937877655,0.9981011748313904,CapturedFrames_2.0_2.0_-4.0/video.mp4#frame=15
15,LEFT_KNEE,0.28190484642982483,0.5991830229759216,0.15537278354167938,0.3832070529460907,CapturedFrames_2.0_2.0_-4.0/video.mp4#frame=15
15,RIGHT_KNEE,0.31960204243659973,0.606102705001831,-0.0120403366163373,0.9445487260818481,CapturedFrames_2.0_2.0_-4.0/video.mp4#frame=15
15,LEFT_ANKLE,0.28684985637664795,0.7116432189941406,0.263261616230011,0.4633581340312958,CapturedFrames_2.0_2.0_-4.0/video.mp4#frame=15
15,RIGHT_ANKLE,0.2835254371166229,0.7297409176826477,0.07174412161111832,0.9468901753425598,CapturedFrames_2.0_2.0_-4.0/video.mp4#frame=15
15,LEFT_HEEL,0.2746172845363617,0.731997013092041,0.272085964679718,0.4322165250778198,CapturedFrames_2.0_2.0_-4.0/video.mp4#frame=15
15,RIGHT_HEEL,0.2695031762123108,0.74590003490448,0.07976546138525009,0.8482136130332947,CapturedFrames_2.0_2.0_-4.0/video.mp4#frame=15
15,LEFT_FOOT_INDEX,0.3079221248626709,0.7051024436950684,0.26530709862709045,0.5610215663909912,CapturedFrames_2.0_2.0_-4.0/video.mp4#frame=15
15,RIGHT_FOOT_INDEX,0.30151933431625366,0.7729862928390503,0.059427060186862946,0.9012259244918823,CapturedFrames_2.0_2.0_-4.0/video.mp4#frame=15
16,NOSE,0.25965046882629395,0.24549952149391174,-0.01757659949362278,0.9995192289352417,CapturedFrames_2.0_2.0_-4.0/video.mp4#frame=16
16,LEFT_EYE_INNER,0.25306999683380127,0.23470798134803772,-0.019932426512241364,0.9991850256919861,CapturedFrames_2.0_2.0_-4.0/video.mp4#frame=16
16,LEFT_EYE,0.2507179081439972,0.23519325256347656,-0.019958514720201492,0.9988597631454468,CapturedFrames_2.0_2.0_-4.0/video.mp4#frame=16
16,LEFT_EYE_OUTER,0.24837450683116913,0.23583176732063293,-0.020012816414237022,0.9991142153739929,CapturedFrames_2.0_2.0_-4.0/video.mp4#frame=16
16,RIGHT_EYE_INNER,0.2572433054447174,0.23379096388816833,-0.03612300381064415,0.9995610117912292,CapturedFrames_2.0_2.0_-4.0/video.mp4#frame=16
16,RIGHT_EYE,0.25791776180267334,0.23350560665130615,-0.03608444705605507,0.999502420425415,CapturedFrames_2.0_2.0_-4.0/video.mp4#frame=16
16,RIGHT_EYE_OUTER,0.25859248638153076,0.2332456409931183,-0.03609875217080116,0.999596893787384,CapturedFrames_2.0_2.0_-4.0/video.mp4#frame=16
16,LEFT_EAR,0.24047932028770447,0.2441355437040329,-0.02116304636001587,0.9988006353378296,CapturedFrames_2.0_2.0_-4.0/video.mp4#frame=16
16,RIGHT_EAR,0.2549365758895874,0.2411462366580963,-0.09365786612033844,0.999534010887146,CapturedFrames_2.0_2.0_-4.0/video.mp4#frame=16
16,MOUTH_LEFT,0.2571766674518585,0.2604592442512512,-0.01387004368007183,0.9990540146827698,CapturedFrames_2.0_2.0_-4.0/video.mp4#frame=16
16,MOUTH_RIGHT,0.2606907784938812,0.25972771644592285,-0.034836508333683014,0.9995852112770081,CapturedFrames_2.0_2.0_-4.0/video.mp4#frame=16
16,LEFT_SHOULDER,0.22311468422412872,0.3325231373310089,0.027738865464925766,0.9989720582962036,CapturedFrames_2.0_2.0_-4.0/video.mp4#frame=16
16,RIGHT_SHOULDER,0.26509612798690796,0.33301764726638794,-0.13961374759674072,0.999935507774353,CapturedFrames_2.0_2.0_-4.0/video.mp4#frame=16
16,LEFT_ELBOW,0.24180817604064941,0.4119906425476074,0.09424080699682236,0.032937437295913696,CapturedFrames_2.0_2.0_-4.0/video.mp4#frame=16
16,RIGHT_ELBOW,0.293913871049881,0.44620051980018616,-0.14623422920703888,0.9703812003135681,CapturedFrames_2.0_2.0_-4.0/video.mp4#frame=16
16,LEFT_WRIST,0.26763442158699036,0.4190325140953064,0.13508570194244385,0.025479145348072052,CapturedFrames_2.0_2.0_-4.0/video.mp4#frame=16
16,RIGHT_WRIST,0.31628546118736267,0.5296778082847595,-0.11559204757213593,0.9464277029037476,CapturedFrames_2.0_2.0_-4.0/video.mp4#frame=16
16,LEFT_PINKY,0.2717752158641815,0.4217444956302643,0.14622828364372253,0.036918044090270996,CapturedFrames_2.0_2.0_-4.0/video.mp4#frame=16
16,RIGHT_PINKY,0.32069408893585205,0.5552012324333191,-0.12734250724315643,0.9323406219482422,CapturedFrames_2.0_2.0_-4.0/video.mp4#frame=16
16,LEFT_INDEX,0.27447038888931274,0.4122005105018616,0.13309530913829803,0.037808116525411606,CapturedFrames_2.0_2.0_-4.0/video.mp4#frame=16
16,RIGHT_INDEX,0.3205640912055969,0.5537835359573364,-0.12427636235952377,0.9235703945159912,CapturedFrames_2.0_2.0_-4.0/video.mp4#frame=16
16,LEFT_THUMB,0.27524977922439575,0.41287073493003845,0.1304435431957245,0.03954596072435379,CapturedFrames_2.0_2.0_-4.0/video.mp4#frame=16
16,RIGHT_THUMB,0.3180541396141052,0.5439673662185669,-0.11377211660146713,0.8817935585975647,CapturedFrames_2.0_2.0_-4.0/video.mp4#frame=16
16,LEFT_HIP,0.2561812400817871,0.5024147629737854,0.054935239255428314,0.9975173473358154,CapturedFrames_2.0_2.0_-4.0/video.mp4#frame=16
16,RIGHT_HIP,0.28099218010902405,0.4961976706981659,-0.054898522794246674,0.9978519678115845,CapturedFrames_2.0_2.0_-4.0/video.mp4#frame=16
16,LEFT_KNEE,0.2843385338783264,0.5905336737632751,0.12531954050064087,0.6479474902153015,CapturedFrames_2.0_2.0_-4.0/video.mp4#frame=16
16,RIGHT_KNEE,0.33123043179512024,0.5839270353317261,0.005849169101566076,0.9704273343086243,CapturedFrames_2.0_2.0_-4.0/video.mp4#frame=16
16,LEFT_ANKLE,0.2873811721801758,0.7058996558189392,0.21593980491161346,0.739561915397644,CapturedFrames_2.0_2.0_-4.0/video.mp4#frame=16
16,RIGHT_ANKLE,0.30093997716903687,0.7035770416259766,0.09894904494285583,0.9814099073410034,CapturedFrames_2.0_2.0_-4.0/video.mp4#frame=16
16,LEFT_HEEL,0.27938300371170044,0.7286279201507568,0.22340483963489532,0.669710099697113,CapturedFrames_2.0_2.0_-4.0/video.mp4#frame=16
16,RIGHT_HEEL,0.28895387053489685,0.7251790165901184,0.10837087780237198,0.9187270402908325,CapturedFrames_2.0_2.0_-4.0/video.mp4#frame=16
16,LEFT_FOOT_INDEX,0.31312769651412964,0.7253060340881348,0.21940211951732635,0.7799895405769348,CapturedFrames_2.0_2.0_-4.0/video.mp4#frame=16
16,RIGHT_FOOT_INDEX,0.32439124584198,0.7416926622390747,0.10275547206401825,0.9565043449401855,CapturedFrames_2.0_2.0_-4.0/video.mp4#frame=16
17,NOSE,0.2742297351360321,0.23845310509204865,-0.043019961565732956,0.999311089515686,CapturedFrames_2.0_2.0_-4.0/video.mp4#frame=17
17,LEFT_EYE_INNER,0.26832687854766846,0.22705680131912231,-0.04091022536158562,0.9988754391670227,CapturedFrames_2.0_2.0_-4.0/video.mp4#frame=17
17,LEFT_EYE,0.2665080428123474,0.22692835330963135,-0.040927767753601074,0.9984328150749207,CapturedFrames_2.0_2.0_-4.0/video.mp4#frame=17
17,LEFT_EYE_OUTER,0.26466354727745056,0.22702810168266296,-0.04095522314310074,0.9988136291503906,CapturedFrames_2.0_2.0_-4.0/video.mp4#frame=17
17,RIGHT_EYE_INNER,0.2709735631942749,0.2273545116186142,-0.06019369512796402,0.9993835687637329,CapturedFrames_2.0_2.0_-4.0/video.mp4#frame=17
17,RIGHT_EYE,0.2712043821811676,0.22730356454849243,-0.060175128281116486,0.9993265867233276,CapturedFrames_2.0_2.0_-4.0/video.mp4#frame=17
17,RIGHT_EYE_OUTER,0.2714109420776367,0.22730883955955505,-0.060212939977645874,0.9994845390319824,CapturedFrames_2.0_2.0_-4.0/video.mp4#frame=17
17,LEFT_EAR,0.25566643476486206,0.23556041717529297,-0.025122832506895065,0.9980214834213257,CapturedFrames_2.0_2.0_-4.0/video.mp4#frame=17
17,RIGHT_EAR,0.2656625211238861,0.23477217555046082,-0.11177130043506622,0.9992107152938843,CapturedFrames_2.0_2.0_-4.0/video.mp4#frame=17
17,MOUTH_LEFT,0.27144986391067505,0.25293922424316406,-0.03311192989349365,0.9986427426338196,CapturedFrames_2.0_2.0_-4.0/video.mp4#frame=17
17,MOUTH_RIGHT,0.2734011113643646,0.2528897225856781,-0.058123014867305756,0.999448835849762,CapturedFrames_2.0_2.0_-4.0/video.mp4#frame=17
17,LEFT_SHOULDER,0.23631229996681213,0.3190000057220459,0.03098989650607109,0.9987369179725647,CapturedFrames_2.0_2.0_-4.0/video.mp4#frame=17
17,RIGHT_SHOULDER,0.2727254629135132,0.3275112211704254,-0.14972704648971558,0.999948263168335,CapturedFrames_2.0_2.0_-4.0/video.mp4#frame=17
17,LEFT_ELBOW,0.25321024656295776,0.40385738015174866,0.08634784072637558,0.014732829295098782,CapturedFrames_2.0_2.0_-4.0/video.mp4#frame=17
17,RIGHT_ELBOW,0.2961939871311188,0.4403820037841797,-0.15610313415527344,0.9766161441802979,CapturedFrames_2.0_2.0_-4.0/video.mp4#frame=17
17,LEFT_WRIST,0.2714725136756897,0.4635811150074005,0.11020591109991074,0.02709946595132351,CapturedFrames_2.0_2.0_-4.0/video.mp4#frame=17
17,RIGHT_WRIST,0.31634441018104553,0.5257790088653564,-0.1256537288427353,0.9642022848129272,CapturedFrames_2.0_2.0_-4.0/video.mp4#frame=17
17,LEFT_PINKY,0.27584415674209595,0.4822484850883484,0.11904706060886383,0.04136587306857109,CapturedFrames_2.0_2.0_-4.0/video.mp4#frame=17
17,RIGHT_PINKY,0.31797879934310913,0.5487187504768372,-0.1412077248096466,0.9493022561073303,CapturedFrames_2.0_2.0_-4.0/video.mp4#frame=17
17,LEFT_INDEX,0.2841513156890869,0.45332053303718567,0.10553963482379913,0.04320308938622475,CapturedFrames_2.0_2.0_-4.0/video.mp4#frame=17
17,RIGHT_INDEX,0.31812575459480286,0.5486524701118469,-0.13706296682357788,0.9452676773071289,CapturedFrames_2.0_2.0_-4.0/video.mp4#frame=17
17,LEFT_THUMB,0.28389862179756165,0.4516502320766449,0.10504613816738129,0.042086247354745865,CapturedFrames_2.0_2.0_-4.0/video.mp4#frame=17
17,RIGHT_THUMB,0.31738463044166565,0.5390796661376953,-0.12344793975353241,0.9157146215438843,CapturedFrames_2.0_2.0_-4.0/video.mp4#frame=17
17,LEFT_HIP,0.26482152938842773,0.49546369910240173,0.054701067507267,0.9989135265350342,CapturedFrames_2.0_2.0_-4.0/video.mp4#frame=17
17,RIGHT_HIP,0.28832802176475525,0.4915945827960968,-0.05476211756467819,0.9991532564163208,CapturedFrames_2.0_2.0_-4.0/video.mp4#frame=17
17,LEFT_KNEE,0.2840953469276428,0.5938203930854797,0.1378946453332901,0.8487301468849182,CapturedFrames_2.0_2.0_-4.0/video.mp4#frame=17
17,RIGHT_KNEE,0.34165889024734497,0.5603989958763123,0.012697075493633747,0.9795145988464355,CapturedFrames_2.0_2.0_-4.0/video.mp4#frame=17
17,LEFT_ANKLE,0.2885311245918274,0.6985645294189453,0.2340867966413498,0.8698176145553589,CapturedFrames_2.0_2.0_-4.0/video.mp4#frame=17
17,RIGHT_ANKLE,0.31955382227897644,0.6854338645935059,0.1230778843164444,0.981090784072876,CapturedFrames_2.0_2.0_-4.0/video.mp4#frame=17
17,LEFT_HEEL,0.28230196237564087,0.7237910032272339,0.24294885993003845,0.8238945007324219,CapturedFrames_2.0_2.0_-4.0/video.mp4#frame=17
17,RIGHT_HEEL,0.3099060356616974,0.7081298828125,0.13400207459926605,0.9156241416931152,CapturedFrames_2.0_2.0_-4.0/video.mp4#frame=17
17,LEFT_FOOT_INDEX,0.31317758560180664,0.6943362355232239,0.24472662806510925,0.8786291480064392,CapturedFrames_2.0_2.0_-4.0/video.mp4#frame=17
17,RIGHT_FOOT_INDEX,0.3456215560436249,0.7022696733474731,0.13349127769470215,0.96684730052948,CapturedFrames_2.0_2.0_-4.0/video.mp4#frame=17
18,NOSE,0.2838785946369171,0.23440515995025635,-0.021117577329277992,0.9985907673835754,CapturedFrames_2.0_2.0_-4.0/video.mp4#frame=18
18,LEFT_EYE_INNER,0.2783527076244354,0.22282695770263672,-0.023421647027134895,0.9977816939353943,CapturedFrames_2.0_2.0_-4.0/video.mp4#frame=18
18,LEFT_EYE,0.2766093313694,0.22261688113212585,-0.02343130111694336,0.9971018433570862,CapturedFrames_2.0_2.0_-4.0/video.mp4#frame=18
18,LEFT_EYE_OUTER,0.27497705817222595,0.22269710898399353,-0.023441603407263756,0.9976041913032532,CapturedFrames_2.0_2.0_-4.0/video.mp4#frame=18
18,RIGHT_EYE_INNER,0.281301349401474,0.22343380749225616,-0.04147303104400635,0.9988144636154175,CapturedFrames_2.0_2.0_-4.0/video.mp4#frame=18
18,RIGHT_EYE,0.2817104458808899,0.22346726059913635,-0.04145719110965729,0.9987974166870117,CapturedFrames_2.0_2.0_-4.0/video.mp4#frame=18
18,RIGHT_EYE_OUTER,0.2821219563484192,0.22364461421966553,-0.041508808732032776,0.9991286396980286,CapturedFrames_2.0_2.0_-4.0/video.mp4#frame=18
18,LEFT_EAR,0.26701855659484863,0.23099222779273987,-0.021602559834718704,0.9963811039924622,CapturedFrames_2.0_2.0_-4.0/video.mp4#frame=18
18,RIGHT_EAR,0.27686524391174316,0.23114833235740662,-0.10240552574396133,0.9986575841903687,CapturedFrames_2.0_2.0_-4.0/video.mp4#frame=18
18,MOUTH_LEFT,0.28071868419647217,0.24858862161636353,-0.015663187950849533,0.9976142644882202,CapturedFrames_2.0_2.0_-4.0/video.mp4#frame=18
18,MOUTH_RIGHT,0.2831616997718811,0.24896866083145142,-0.038949720561504364,0.9990584254264832,CapturedFrames_2.0_2.0_-4.0/video.mp4#frame=18
18,LEFT_SHOULDER,0.24689719080924988,0.31074053049087524,0.03195701166987419,0.9984793066978455,CapturedFrames_2.0_2.0_-4.0/video.mp4#frame=18
18,RIGHT_SHOULDER,0.2813747525215149,0.3260313868522644,-0.14237813651561737,0.9999266862869263,CapturedFrames_2.0_2.0_-4.0/video.mp4#frame=18
18,LEFT_ELBOW,0.26459628343582153,0.3906223773956299,0.09153018891811371,0.022863369435071945,CapturedFrames_2.0_2.0_-4.0/video.mp4#frame=18
18,RIGHT_ELBOW,0.3013809621334076,0.43700823187828064,-0.14302249252796173,0.9348239302635193,CapturedFrames_2.0_2.0_-4.0/video.mp4#frame=18
18,LEFT_WRIST,0.29328423738479614,0.42923352122306824,0.12393926084041595,0.03392501175403595,CapturedFrames_2.0_2.0_-4.0/video.mp4#frame=18
18,RIGHT_WRIST,0.317367821931839,0.5231354236602783,-0.10877259075641632,0.8514695167541504,CapturedFrames_2.0_2.0_-4.0/video.mp4#frame=18
18,LEFT_PINKY,0.29871484637260437,0.43614956736564636,0.13239921629428864,0.04359884932637215,CapturedFrames_2.0_2.0_-4.0/video.mp4#frame=18
18,RIGHT_PINKY,0.31632277369499207,0.544456958770752,-0.12206294387578964,0.8178396224975586,CapturedFrames_2.0_2.0_-4.0/video.mp4#frame=18
18,LEFT_INDEX,0.30281728506088257,0.4313858151435852,0.11898492276668549,0.04548991471529007,CapturedFrames_2.0_2.0_-4.0/video.mp4#frame=18
18,RIGHT_INDEX,0.31761854887008667,0.5470442771911621,-0.12144865095615387,0.810028612613678,CapturedFrames_2.0_2.0_-4.0/video.mp4#frame=18
18,LEFT_THUMB,0.30193787813186646,0.430160254240036,0.11870746314525604,0.04619322717189789,CapturedFrames_2.0_2.0_-4.0/video.mp4#frame=18
18,RIGHT_THUMB,0.31787872314453125,0.5385815501213074,-0.10743622481822968,0.7600767612457275,CapturedFrames_2.0_2.0_-4.0/video.mp4#frame=18
18,LEFT_HIP,0.2722724676132202,0.49206411838531494,0.05412299185991287,0.9986139535903931,CapturedFrames_2.0_2.0_-4.0/video.mp4#frame=18
18,RIGHT_HIP,0.29614588618278503,0.4906727969646454,-0.05415070056915283,0.9989078044891357,CapturedFrames_2.0_2.0_-4.0/video.mp4#frame=18
18,LEFT_KNEE,0.28700631856918335,0.5864728689193726,0.13327337801456451,0.775689423084259,CapturedFrames_2.0_2.0_-4.0/video.mp4#frame=18
18,RIGHT_KNEE,0.3520873785018921,0.5330398678779602,0.021208789199590683,0.9620875716209412,CapturedFrames_2.0_2.0_-4.0/video.mp4#frame=18
18,LEFT_ANKLE,0.2858963906764984,0.6997979879379272,0.22270116209983826,0.8080961108207703,CapturedFrames_2.0_2.0_-4.0/video.mp4#frame=18
18,RIGHT_ANKLE,0.3388110101222992,0.6692808270454407,0.1274348497390747,0.942317545413971,CapturedFrames_2.0_2.0_-4.0/video.mp4#frame=18
18,LEFT_HEEL,0.28190770745277405,0.7251979112625122,0.23115411400794983,0.7928091287612915,CapturedFrames_2.0_2.0_-4.0/video.mp4#frame=18
18,RIGHT_HEEL,0.3289622664451599,0.6947462558746338,0.1377660632133484,0.8626329898834229,CapturedFrames_2.0_2.0_-4.0/video.mp4#frame=18
18,LEFT_FOOT_INDEX,0.3074031174182892,0.6894396543502808,0.23347918689250946,0.7831907868385315,CapturedFrames_2.0_2.0_-4.0/video.mp4#frame=18
18,RIGHT_FOOT_INDEX,0.3673650324344635,0.6685352325439453,0.14043451845645905,0.9129099249839783,CapturedFrames_2.0_2.0_-4.0/video.mp4#frame=18
19,NOSE,0.291463702917099,0.23516598343849182,0.008538765832781792,0.9966296553611755,CapturedFrames_2.0_2.0_-4.0/video.mp4#frame=19
19,LEFT_EYE_INNER,0.2872385084629059,0.22221900522708893,0.006104527041316032,0.9942106008529663,CapturedFrames_2.0_2.0_-4.0/video.mp4#frame=19
19,LEFT_EYE,0.2853638231754303,0.22188574075698853,0.0060944221913814545,0.9936873316764832,CapturedFrames_2.0_2.0_-4.0/video.mp4#frame=19
19,LEFT_EYE_OUTER,0.2835055887699127,0.22175325453281403,0.006102186162024736,0.9948409199714661,CapturedFrames_2.0_2.0_-4.0/video.mp4#frame=19
19,RIGHT_EYE_INNER,0.2908440828323364,0.22246405482292175,-0.012211727909743786,0.996056318283081,CapturedFrames_2.0_2.0_-4.0/video.mp4#frame=19
19,RIGHT_EYE,0.29161617159843445,0.22229936718940735,-0.0122079998254776,0.9960764050483704,CapturedFrames_2.0_2.0_-4.0/video.mp4#frame=19
19,RIGHT_EYE_OUTER,0.29238831996917725,0.22221170365810394,-0.012286726385354996,0.9968478083610535,CapturedFrames_2.0_2.0_-4.0/video.mp4#frame=19
19,LEFT_EAR,0.27623671293258667,0.2289123386144638,0.0031371633522212505,0.9902921319007874,CapturedFrames_2.0_2.0_-4.0/video.mp4#frame=19
19,RIGHT_EAR,0.2889258563518524,0.22885218262672424,-0.07893314957618713,0.9946056008338928,CapturedFrames_2.0_2.0_-4.0/video.mp4#frame=19
19,MOUTH_LEFT,0.2882678806781769,0.24716567993164062,0.011913959868252277,0.9945530891418457,CapturedFrames_2.0_2.0_-4.0/video.mp4#frame=19
19,MOUTH_RIGHT,0.29151859879493713,0.24721521139144897,-0.01175952423363924,0.9973993301391602,CapturedFrames_2.0_2.0_-4.0/video.mp4#frame=19
19,LEFT_SHOULDER,0.2570725679397583,0.30075955390930176,0.054294902831315994,0.9980781078338623,CapturedFrames_2.0_2.0_-4.0/video.mp4#frame=19
19,RIGHT_SHOULDER,0.29225143790245056,0.3178485035896301,-0.12743763625621796,0.9999282360076904,CapturedFrames_2.0_2.0_-4.0/video.mp4#frame=19
19,LEFT_ELBOW,0.2664670944213867,0.3935287892818451,0.07697398215532303,0.015447597950696945,CapturedFrames_2.0_2.0_-4.0/video.mp4#frame=19
19,RIGHT_ELBOW,0.3013862073421478,0.42948421835899353,-0.13401733338832855,0.9434481859207153,CapturedFrames_2.0_2.0_-4.0/video.mp4#frame=19
19,LEFT_WRIST,0.2876676619052887,0.4691668748855591,0.061269938945770264,0.02798285521566868,CapturedFrames_2.0_2.0_-4.0/video.mp4#frame=19
19,RIGHT_WRIST,0.31403014063835144,0.513495147228241,-0.10702298581600189,0.8860634565353394,CapturedFrames_2.0_2.0_-4.0/video.mp4#frame=19
19,LEFT_PINKY,0.28781598806381226,0.4793483316898346,0.06360137462615967,0.03794438764452934,CapturedFrames_2.0_2.0_-4.0/video.mp4#frame=19
19,RIGHT_PINKY,0.3133867681026459,0.5337887406349182,-0.12297134101390839,0.8530426621437073,CapturedFrames_2.0_2.0_-4.0/video.mp4#frame=19
19,LEFT_INDEX,0.29672881960868835,0.4849380850791931,0.04919534921646118,0.03815961256623268,CapturedFrames_2.0_2.0_-4.0/video.mp4#frame=19
19,RIGHT_INDEX,0.31429538130760193,0.5349002480506897,-0.11967931687831879,0.8445035219192505,CapturedFrames_2.0_2.0_-4.0/video.mp4#frame=19
19,LEFT_THUMB,0.295510470867157,0.4793814420700073,0.05408327654004097,0.03807752951979637,CapturedFrames_2.0_2.0_-4.0/video.mp4#frame=19
19,RIGHT_THUMB,0.31486746668815613,0.5259423851966858,-0.105005644261837,0.793215811252594,CapturedFrames_2.0_2.0_-4.0/video.mp4#frame=19
19,LEFT_HIP,0.2785422205924988,0.4829835593700409,0.06017811968922615,0.9993690848350525,CapturedFrames_2.0_2.0_-4.0/video.mp4#frame=19
19,RIGHT_HIP,0.3032899498939514,0.48094481229782104,-0.06026650592684746,0.9994620680809021,CapturedFrames_2.0_2.0_-4.0/video.mp4#frame=19
19,LEFT_KNEE,0.28953996300697327,0.584175705909729,0.1293867528438568,0.8771406412124634,CapturedFrames_2.0_2.0_-4.0/video.mp4#frame=19
19,RIGHT_KNEE,0.3605978786945343,0.5219414234161377,0.014703230932354927,0.9892855286598206,CapturedFrames_2.0_2.0_-4.0/video.mp4#frame=19
19,LEFT_ANKLE,0.28528866171836853,0.6967752575874329,0.2063707560300827,0.9165152907371521,CapturedFrames_2.0_2.0_-4.0/video.mp4#frame=19
19,RIGHT_ANKLE,0.361809641122818,0.646332859992981,0.12029124796390533,0.9780852794647217,CapturedFrames_2.0_2.0_-4.0/video.mp4#frame=19
19,LEFT_HEEL,0.28084081411361694,0.7241803407669067,0.21327757835388184,0.8951404094696045,CapturedFrames_2.0_2.0_-4.0/video.mp4#frame=19
19,RIGHT_HEEL,0.3582824468612671,0.6706143617630005,0.12992319464683533,0.921204686164856,CapturedFrames_2.0_2.0_-4.0/video.mp4#frame=19
19,LEFT_FOOT_INDEX,0.3110046982765198,0.6835364699363708,0.20965933799743652,0.9037989377975464,CapturedFrames_2.0_2.0_-4.0/video.mp4#frame=19
19,RIGHT_FOOT_INDEX,0.38467225432395935,0.6347090005874634,0.12845298647880554,0.9678874611854553,CapturedFrames_2.0_2.0_-4.0/video.mp4#frame=19
20,NOSE,0.3018769323825836,0.2345065176486969,-0.008460072800517082,0.9984228610992432,CapturedFrames_2.0_2.0_-4.0/video.mp4#frame=20
20,LEFT_EYE_INNER,0.29792317748069763,0.2234799712896347,-0.012751569971442223,0.9967907071113586,CapturedFrames_2.0_2.0_-4.0/video.mp4#frame=20
20,LEFT_EYE,0.29606595635414124,0.22320811450481415,-0.012760140001773834,0.9961875081062317,CapturedFrames_2.0_2.0_-4.0/video.mp4#frame=20
20,LEFT_EYE_OUTER,0.2941872179508209,0.2229866236448288,-0.012771906331181526,0.9966717958450317,CapturedFrames_2.0_2.0_-4.0/video.mp4#frame=20
20,RIGHT_EYE_INNER,0.30164384841918945,0.22380970418453217,-0.02963956631720066,0.9980478286743164,CapturedFrames_2.0_2.0_-4.0/video.mp4#frame=20
20,RIGHT_EYE,0.3024444878101349,0.22376850247383118,-0.0296137984842062,0.9979742169380188,CapturedFrames_2.0_2.0_-4.0/video.mp4#frame=20
20,RIGHT_EYE_OUTER,0.30321183800697327,0.22373154759407043,-0.029678871855139732,0.9983929991722107,CapturedFrames_2.0_2.0_-4.0/video.mp4#frame=20
20,LEFT_EAR,0.28733542561531067,0.2287665754556656,-0.016970941796898842,0.9946998357772827,CapturedFrames_2.0_2.0_-4.0/video.mp4#frame=20
20,RIGHT_EAR,0.29981234669685364,0.23050226271152496,-0.09283752739429474,0.997844934463501,CapturedFrames_2.0_2.0_-4.0/video.mp4#frame=20
20,MOUTH_LEFT,0.29893559217453003,0.24745532870292664,-0.0046528480015695095,0.9971509575843811,CapturedFrames_2.0_2.0_-4.0/video.mp4#frame=20
20,MOUTH_RIGHT,0.30224108695983887,0.24845530092716217,-0.026489581912755966,0.9985765218734741,CapturedFrames_2.0_2.0_-4.0/video.mp4#frame=20
20,LEFT_SHOULDER,0.2681933641433716,0.302584171295166,0.035655152052640915,0.9991188645362854,CapturedFrames_2.0_2.0_-4.0/video.mp4#frame=20
20,RIGHT_SHOULDER,0.3024044334888458,0.31802013516426086,-0.13123519718647003,0.9999246597290039,CapturedFrames_2.0_2.0_-4.0/video.mp4#frame=20
20,LEFT_ELBOW,0.2852998971939087,0.38809648156166077,0.1097520962357521,0.019217131659388542,CapturedFrames_2.0_2.0_-4.0/video.mp4#frame=20
20,RIGHT_ELBOW,0.30770576000213623,0.42589154839515686,-0.1325414478778839,0.8333022594451904,CapturedFrames_2.0_2.0_-4.0/video.mp4#frame=20
20,LEFT_WRIST,0.31570151448249817,0.40791991353034973,0.14300015568733215,0.07761877030134201,CapturedFrames_2.0_2.0_-4.0/video.mp4#frame=20
20,RIGHT_WRIST,0.3160880506038666,0.5081695318222046,-0.1097022145986557,0.8070636987686157,CapturedFrames_2.0_2.0_-4.0/video.mp4#frame=20
20,LEFT_PINKY,0.32490622997283936,0.4099063575267792,0.15099023282527924,0.09662220627069473,CapturedFrames_2.0_2.0_-4.0/video.mp4#frame=20
20,RIGHT_PINKY,0.31517574191093445,0.5286794304847717,-0.1245950311422348,0.7830195426940918,CapturedFrames_2.0_2.0_-4.0/video.mp4#frame=20
20,LEFT_INDEX,0.32805147767066956,0.4120946526527405,0.1345217525959015,0.10380293428897858,CapturedFrames_2.0_2.0_-4.0/video.mp4#frame=20
20,RIGHT_INDEX,0.3157620429992676,0.5285081267356873,-0.12605436146259308,0.776701807975769,CapturedFrames_2.0_2.0_-4.0/video.mp4#frame=20
20,LEFT_THUMB,0.32480940222740173,0.411877304315567,0.13660912215709686,0.10464472323656082,CapturedFrames_2.0_2.0_-4.0/video.mp4#frame=20
20,RIGHT_THUMB,0.31643810868263245,0.5194064378738403,-0.10950563848018646,0.7228040099143982,CapturedFrames_2.0_2.0_-4.0/video.mp4#frame=20
20,LEFT_HIP,0.28616347908973694,0.483062744140625,0.05563156679272652,0.999556839466095,CapturedFrames_2.0_2.0_-4.0/video.mp4#frame=20
20,RIGHT_HIP,0.3158639371395111,0.4782733619213104,-0.0557311475276947,0.9996260404586792,CapturedFrames_2.0_2.0_-4.0/video.mp4#frame=20
20,LEFT_KNEE,0.28984782099723816,0.5838134288787842,0.1688632220029831,0.9012881517410278,CapturedFrames_2.0_2.0_-4.0/video.mp4#frame=20
20,RIGHT_KNEE,0.3635145425796509,0.5202062129974365,0.0681900829076767,0.9771052598953247,CapturedFrames_2.0_2.0_-4.0/video.mp4#frame=20
20,LEFT_ANKLE,0.2874052822589874,0.6933410167694092,0.2868054211139679,0.9455474615097046,CapturedFrames_2.0_2.0_-4.0/video.mp4#frame=20
20,RIGHT_ANKLE,0.37763747572898865,0.6280488967895508,0.21805982291698456,0.968966007232666,CapturedFrames_2.0_2.0_-4.0/video.mp4#frame=20
20,LEFT_HEEL,0.28315088152885437,0.7180960178375244,0.2992941439151764,0.9489380717277527,CapturedFrames_2.0_2.0_-4.0/video.mp4#frame=20
20,RIGHT_HEEL,0.3790997862815857,0.6505927443504333,0.23391588032245636,0.9279043674468994,CapturedFrames_2.0_2.0_-4.0/video.mp4#frame=20
20,LEFT_FOOT_INDEX,0.3083072006702423,0.686660885810852,0.29976800084114075,0.8874083161354065,CapturedFrames_2.0_2.0_-4.0/video.mp4#frame=20
20,RIGHT_FOOT_INDEX,0.39840012788772583,0.606716513633728,0.2406158745288849,0.9378977417945862,CapturedFrames_2.0_2.0_-4.0/video.mp4#frame=20
21,NOSE,0.31061455607414246,0.2302151620388031,0.004913163837045431,0.9996127486228943,CapturedFrames_2.0_2.0_-4.0/video.mp4#frame=21
21,LEFT_EYE_INNER,0.30681851506233215,0.21938659250736237,0.0007416593725793064,0.9992716908454895,CapturedFrames_2.0_2.0_-4.0/video.mp4#frame=21
21,LEFT_EYE,0.30497506260871887,0.21914586424827576,0.0007231509080156684,0.9992659687995911,CapturedFrames_2.0_2.0_-4.0/video.mp4#frame=21
21,LEFT_EYE_OUTER,0.3030494153499603,0.21896512806415558,0.0007075774483382702,0.9993473887443542,CapturedFrames_2.0_2.0_-4.0/video.mp4#frame=21
21,RIGHT_EYE_INNER,0.31083059310913086,0.21947653591632843,-0.0139082046225667,0.9994775652885437,CapturedFrames_2.0_2.0_-4.0/video.mp4#frame=21
21,RIGHT_EYE,0.31179893016815186,0.2192571461200714,-0.013870416209101677,0.999476969242096,CapturedFrames_2.0_2.0_-4.0/video.mp4#frame=21
21,RIGHT_EYE_OUTER,0.31275343894958496,0.219038724899292,-0.013922473415732384,0.9995207786560059,CapturedFrames_2.0_2.0_-4.0/video.mp4#frame=21
21,LEFT_EAR,0.2962561249732971,0.22515998780727386,-0.006379848811775446,0.9991776347160339,CapturedFrames_2.0_2.0_-4.0/video.mp4#frame=21
21,RIGHT_EAR,0.30980274081230164,0.22560836374759674,-0.0725947916507721,0.9995155334472656,CapturedFrames_2.0_2.0_-4.0/video.mp4#frame=21
21,MOUTH_LEFT,0.3078877925872803,0.24228568375110626,0.007061676122248173,0.9994675517082214,CapturedFrames_2.0_2.0_-4.0/video.mp4#frame=21
21,MOUTH_RIGHT,0.3115697503089905,0.24249118566513062,-0.011999223381280899,0.9996722936630249,CapturedFrames_2.0_2.0_-4.0/video.mp4#frame=21
21,LEFT_SHOULDER,0.2792699933052063,0.29752978682518005,0.03756106644868851,0.9996206760406494,CapturedFrames_2.0_2.0_-4.0/video.mp4#frame=21
21,RIGHT_SHOULDER,0.3107519745826721,0.31435275077819824,-0.11023567616939545,0.9999339580535889,CapturedFrames_2.0_2.0_-4.0/video.mp4#frame=21
21,LEFT_ELBOW,0.29944247007369995,0.3815658688545227,0.10255184024572372,0.041116856038570404,CapturedFrames_2.0_2.0_-4.0/video.mp4#frame=21
21,RIGHT_ELBOW,0.30814623832702637,0.41652509570121765,-0.12332083284854889,0.8470067381858826,CapturedFrames_2.0_2.0_-4.0/video.mp4#frame=21
21,LEFT_WRIST,0.33341699838638306,0.40284591913223267,0.13160035014152527,0.24471719563007355,CapturedFrames_2.0_2.0_-4.0/video.mp4#frame=21
21,RIGHT_WRIST,0.31730619072914124,0.5016872882843018,-0.12231364101171494,0.8643065094947815,CapturedFrames_2.0_2.0_-4.0/video.mp4#frame=21
21,LEFT_PINKY,0.3429105877876282,0.41239747405052185,0.13884510099887848,0.2902539372444153,CapturedFrames_2.0_2.0_-4.0/video.mp4#frame=21
21,RIGHT_PINKY,0.3163906931877136,0.5208832025527954,-0.13750629127025604,0.8463481068611145,CapturedFrames_2.0_2.0_-4.0/video.mp4#frame=21
21,LEFT_INDEX,0.3443750739097595,0.4117458462715149,0.12333860248327255,0.29457277059555054,CapturedFrames_2.0_2.0_-4.0/video.mp4#frame=21
21,RIGHT_INDEX,0.31680798530578613,0.5213830471038818,-0.14203409850597382,0.8396144509315491,CapturedFrames_2.0_2.0_-4.0/video.mp4#frame=21
21,LEFT_THUMB,0.3410862684249878,0.4098353981971741,0.12603309750556946,0.27834632992744446,CapturedFrames_2.0_2.0_-4.0/video.mp4#frame=21
21,RIGHT_THUMB,0.3174183964729309,0.5122153759002686,-0.12365145981311798,0.7981326580047607,CapturedFrames_2.0_2.0_-4.0/video.mp4#frame=21
21,LEFT_HIP,0.2951272428035736,0.4758177101612091,0.04777795821428299,0.999889612197876,CapturedFrames_2.0_2.0_-4.0/video.mp4#frame=21
21,RIGHT_HIP,0.32292959094047546,0.4724648892879486,-0.047872450202703476,0.9998201727867126,CapturedFrames_2.0_2.0_-4.0/video.mp4#frame=21
21,LEFT_KNEE,0.29297974705696106,0.5839365720748901,0.12184436619281769,0.9682660698890686,CapturedFrames_2.0_2.0_-4.0/video.mp4#frame=21
21,RIGHT_KNEE,0.3677685856819153,0.522584080696106,0.09733917564153671,0.9622113704681396,CapturedFrames_2.0_2.0_-4.0/video.mp4#frame=21
21,LEFT_ANKLE,0.2843925952911377,0.6936930418014526,0.18863937258720398,0.9657071232795715,CapturedFrames_2.0_2.0_-4.0/video.mp4#frame=21
21,RIGHT_ANKLE,0.38919949531555176,0.6139183640480042,0.23361405730247498,0.9232476949691772,CapturedFrames_2.0_2.0_-4.0/video.mp4#frame=21
21,LEFT_HEEL,0.2807867228984833,0.7204009890556335,0.1960865706205368,0.9816142916679382,CapturedFrames_2.0_2.0_-4.0/video.mp4#frame=21
21,RIGHT_HEEL,0.3918343484401703,0.6371101140975952,0.24786606431007385,0.9251867532730103,CapturedFrames_2.0_2.0_-4.0/video.mp4#frame=21
21,LEFT_FOOT_INDEX,0.30720141530036926,0.6836267709732056,0.1867125779390335,0.8404620289802551,CapturedFrames_2.0_2.0_-4.0/video.mp4#frame=21
21,RIGHT_FOOT_INDEX,0.4076945185661316,0.5854818820953369,0.24811093509197235,0.7729871273040771,CapturedFrames_2.0_2.0_-4.0/video.mp4#frame=21
22,NOSE,0.3167324364185333,0.22812870144844055,0.02920357510447502,0.9998852014541626,CapturedFrames_2.0_2.0_-4.0/video.mp4#frame=22
22,LEFT_EYE_INNER,0.3130583167076111,0.217569962143898,0.02131154201924801,0.9997852444648743,CapturedFrames_2.0_2.0_-4.0/video.mp4#frame=22
22,LEFT_EYE,0.3109537661075592,0.21737375855445862,0.021290993317961693,0.999774158000946,CapturedFrames_2.0_2.0_-4.0/video.mp4#frame=22
22,LEFT_EYE_OUTER,0.30884817242622375,0.21729670464992523,0.021251926198601723,0.9997937083244324,CapturedFrames_2.0_2.0_-4.0/video.mp4#frame=22
22,RIGHT_EYE_INNER,0.3179193139076233,0.21813133358955383,0.009122012183070183,0.99983811378479,CapturedFrames_2.0_2.0_-4.0/video.mp4#frame=22
22,RIGHT_EYE,0.3191882371902466,0.21836021542549133,0.009149737656116486,0.9998302459716797,CapturedFrames_2.0_2.0_-4.0/video.mp4#frame=22
22,RIGHT_EYE_OUTER,0.320476233959198,0.21867722272872925,0.009090941399335861,0.9998364448547363,CapturedFrames_2.0_2.0_-4.0/video.mp4#frame=22
22,LEFT_EAR,0.3046727776527405,0.22416803240776062,-0.00030900450656190515,0.9997302889823914,CapturedFrames_2.0_2.0_-4.0/video.mp4#frame=22
22,RIGHT_EAR,0.32000434398651123,0.22574613988399506,-0.055903684347867966,0.9998513460159302,CapturedFrames_2.0_2.0_-4.0/video.mp4#frame=22
22,MOUTH_LEFT,0.3140697479248047,0.24010631442070007,0.025979865342378616,0.9998334646224976,CapturedFrames_2.0_2.0_-4.0/video.mp4#frame=22
22,MOUTH_RIGHT,0.3190041780471802,0.2406444400548935,0.009902718476951122,0.999884843826294,CapturedFrames_2.0_2.0_-4.0/video.mp4#frame=22
22,LEFT_SHOULDER,0.2890920042991638,0.29807227849960327,0.03648923709988594,0.9996753931045532,CapturedFrames_2.0_2.0_-4.0/video.mp4#frame=22
22,RIGHT_SHOULDER,0.32193252444267273,0.31513410806655884,-0.10107024759054184,0.9999521970748901,CapturedFrames_2.0_2.0_-4.0/video.mp4#frame=22
22,LEFT_ELBOW,0.30887794494628906,0.3754674792289734,0.10379289090633392,0.048923809081315994,CapturedFrames_2.0_2.0_-4.0/video.mp4#frame=22
22,RIGHT_ELBOW,0.31978839635849,0.41648009419441223,-0.11265935003757477,0.8825889229774475,CapturedFrames_2.0_2.0_-4.0/video.mp4#frame=22
22,LEFT_WRIST,0.3450843095779419,0.3933074176311493,0.1402827650308609,0.2338935285806656,CapturedFrames_2.0_2.0_-4.0/video.mp4#frame=22
22,RIGHT_WRIST,0.32259002327919006,0.5017715096473694,-0.10772441327571869,0.9046046733856201,CapturedFrames_2.0_2.0_-4.0/video.mp4#frame=22
22,LEFT_PINKY,0.3524961471557617,0.4009232521057129,0.1489846110343933,0.25695645809173584,CapturedFrames_2.0_2.0_-4.0/video.mp4#frame=22
22,RIGHT_PINKY,0.3206150531768799,0.5214152932167053,-0.12033329159021378,0.883630633354187,CapturedFrames_2.0_2.0_-4.0/video.mp4#frame=22
22,LEFT_INDEX,0.35506486892700195,0.40023523569107056,0.13308684527873993,0.2651711106300354,CapturedFrames_2.0_2.0_-4.0/video.mp4#frame=22
22,RIGHT_INDEX,0.3214626610279083,0.5235862135887146,-0.12205594778060913,0.87529057264328,CapturedFrames_2.0_2.0_-4.0/video.mp4#frame=22
22,LEFT_THUMB,0.35231173038482666,0.3985782265663147,0.13449187576770782,0.26320013403892517,CapturedFrames_2.0_2.0_-4.0/video.mp4#frame=22
22,RIGHT_THUMB,0.32278314232826233,0.5156142115592957,-0.10806210339069366,0.8345945477485657,CapturedFrames_2.0_2.0_-4.0/video.mp4#frame=22
22,LEFT_HIP,0.2998972535133362,0.4710004925727844,0.04171321168541908,0.999940037727356,CapturedFrames_2.0_2.0_-4.0/video.mp4#frame=22
22,RIGHT_HIP,0.327788770198822,0.47219228744506836,-0.04179610311985016,0.9998562335968018,CapturedFrames_2.0_2.0_-4.0/video.mp4#frame=22
22,LEFT_KNEE,0.29489952325820923,0.5807510614395142,0.12081116437911987,0.9917744994163513,CapturedFrames_2.0_2.0_-4.0/video.mp4#frame=22
22,RIGHT_KNEE,0.3664734661579132,0.5269954204559326,0.11560442298650742,0.9875084757804871,CapturedFrames_2.0_2.0_-4.0/video.mp4#frame=22
22,LEFT_ANKLE,0.2844025194644928,0.6944526433944702,0.1899106502532959,0.9894558787345886,CapturedFrames_2.0_2.0_-4.0/video.mp4#frame=22
22,RIGHT_ANKLE,0.3951359987258911,0.6018997430801392,0.24997881054878235,0.9754976630210876,CapturedFrames_2.0_2.0_-4.0/video.mp4#frame=22
22,LEFT_HEEL,0.28034520149230957,0.7196458578109741,0.19756653904914856,0.9937869310379028,CapturedFrames_2.0_2.0_-4.0/video.mp4#frame=22
22,RIGHT_HEEL,0.39960020780563354,0.6276848912239075,0.26464536786079407,0.9718855023384094,CapturedFrames_2.0_2.0_-4.0/video.mp4#frame=22
22,LEFT_FOOT_INDEX,0.30438894033432007,0.681830883026123,0.18243612349033356,0.9109342098236084,CapturedFrames_2.0_2.0_-4.0/video.mp4#frame=22
22,RIGHT_FOOT_INDEX,0.4175313115119934,0.5724079608917236,0.26366758346557617,0.8798603415489197,CapturedFrames_2.0_2.0_-4.0/video.mp4#frame=22
23,NOSE,0.32810699939727783,0.2311336249113083,0.005162179935723543,0.9998660087585449,CapturedFrames_2.0_2.0_-4.0/video.mp4#frame=23
23,LEFT_EYE_INNER,0.32398560643196106,0.22063128650188446,0.0015895779943093657,0.9997159838676453,CapturedFrames_2.0_2.0_-4.0/video.mp4#frame=23
23,LEFT_EYE,0.32206910848617554,0.22048419713974,0.0015847705071792006,0.9996798038482666,CapturedFrames_2.0_2.0_-4.0/video.mp4#frame=23
23,LEFT_EYE_OUTER,0.3201858401298523,0.22043749690055847,0.0015663194935768843,0.9997292160987854,CapturedFrames_2.0_2.0_-4.0/video.mp4#frame=23
23,RIGHT_EYE_INNER,0.3281868100166321,0.22112107276916504,-0.013643056154251099,0.9998244643211365,CapturedFrames_2.0_2.0_-4.0/video.mp4#frame=23
23,RIGHT_EYE,0.32913240790367126,0.22128447890281677,-0.013619770295917988,0.9998108744621277,CapturedFrames_2.0_2.0_-4.0/video.mp4#frame=23
23,RIGHT_EYE_OUTER,0.3300751745700836,0.22149890661239624,-0.013693329878151417,0.9998354911804199,CapturedFrames_2.0_2.0_-4.0/video.mp4#frame=23
23,LEFT_EAR,0.31521075963974,0.22642841935157776,-0.0033802143298089504,0.9996534585952759,CapturedFrames_2.0_2.0_-4.0/video.mp4#frame=23
23,RIGHT_EAR,0.32787591218948364,0.2281603068113327,-0.07200247049331665,0.9998231530189514,CapturedFrames_2.0_2.0_-4.0/video.mp4#frame=23
23,MOUTH_LEFT,0.32546699047088623,0.24283722043037415,0.00765479588881135,0.9997997879981995,CapturedFrames_2.0_2.0_-4.0/video.mp4#frame=23
23,MOUTH_RIGHT,0.3293302357196808,0.24363934993743896,-0.01217770203948021,0.9998776912689209,CapturedFrames_2.0_2.0_-4.0/video.mp4#frame=23
23,LEFT_SHOULDER,0.30457645654678345,0.29879581928253174,0.047827932983636856,0.9997403025627136,CapturedFrames_2.0_2.0_-4.0/video.mp4#frame=23
23,RIGHT_SHOULDER,0.3269432783126831,0.31517714262008667,-0.11928298324346542,0.9999651908874512,CapturedFrames_2.0_2.0_-4.0/video.mp4#frame=23
23,LEFT_ELBOW,0.32324060797691345,0.3719590902328491,0.1305650770664215,0.043729934841394424,CapturedFrames_2.0_2.0_-4.0/video.mp4#frame=23
23,RIGHT_ELBOW,0.32594871520996094,0.4182528555393219,-0.13551367819309235,0.9002994894981384,CapturedFrames_2.0_2.0_-4.0/video.mp4#frame=23
23,LEFT_WRIST,0.3554425537586212,0.3885726034641266,0.1794816255569458,0.44362321496009827,CapturedFrames_2.0_2.0_-4.0/video.mp4#frame=23
23,RIGHT_WRIST,0.32822561264038086,0.5038332939147949,-0.14083468914031982,0.9502594470977783,CapturedFrames_2.0_2.0_-4.0/video.mp4#frame=23
23,LEFT_PINKY,0.3641906976699829,0.3963894248008728,0.19182778894901276,0.470269113779068,CapturedFrames_2.0_2.0_-4.0/video.mp4#frame=23
23,RIGHT_PINKY,0.32353776693344116,0.5245797634124756,-0.15951620042324066,0.9439824223518372,CapturedFrames_2.0_2.0_-4.0/video.mp4#frame=23
23,LEFT_INDEX,0.3667324185371399,0.39581382274627686,0.17402701079845428,0.48525387048721313,CapturedFrames_2.0_2.0_-4.0/video.mp4#frame=23
23,RIGHT_INDEX,0.3238598704338074,0.5247576236724854,-0.16074717044830322,0.9377930164337158,CapturedFrames_2.0_2.0_-4.0/video.mp4#frame=23
23,LEFT_THUMB,0.36329904198646545,0.39426273107528687,0.1734887808561325,0.4662579894065857,CapturedFrames_2.0_2.0_-4.0/video.mp4#frame=23
23,RIGHT_THUMB,0.3259601593017578,0.5180644989013672,-0.14123740792274475,0.9043260216712952,CapturedFrames_2.0_2.0_-4.0/video.mp4#frame=23
23,LEFT_HIP,0.3105825185775757,0.46795201301574707,0.05293159559369087,0.999954342842102,CapturedFrames_2.0_2.0_-4.0/video.mp4#frame=23
23,RIGHT_HIP,0.3352811932563782,0.4706849455833435,-0.052941180765628815,0.9998993873596191,CapturedFrames_2.0_2.0_-4.0/video.mp4#frame=23
23,LEFT_KNEE,0.29742929339408875,0.5781728625297546,0.12413110584020615,0.9750586748123169,CapturedFrames_2.0_2.0_-4.0/video.mp4#frame=23
23,RIGHT_KNEE,0.3727133274078369,0.5215168595314026,0.1030678004026413,0.9799039363861084,CapturedFrames_2.0_2.0_-4.0/video.mp4#frame=23
23,LEFT_ANKLE,0.2848866581916809,0.6917644143104553,0.184150829911232,0.9687879681587219,CapturedFrames_2.0_2.0_-4.0/video.mp4#frame=23
23,RIGHT_ANKLE,0.3982056677341461,0.6005896329879761,0.23825666308403015,0.9653548002243042,CapturedFrames_2.0_2.0_-4.0/video.mp4#frame=23
23,LEFT_HEEL,0.28050705790519714,0.7152697443962097,0.19097650051116943,0.9857004880905151,CapturedFrames_2.0_2.0_-4.0/video.mp4#frame=23
23,RIGHT_HEEL,0.4020218253135681,0.6261366605758667,0.2522298991680145,0.9627406597137451,CapturedFrames_2.0_2.0_-4.0/video.mp4#frame=23
23,LEFT_FOOT_INDEX,0.3064585030078888,0.6783875226974487,0.17426931858062744,0.8609862327575684,CapturedFrames_2.0_2.0_-4.0/video.mp4#frame=23
23,RIGHT_FOOT_INDEX,0.4204162061214447,0.5727596282958984,0.2470720261335373,0.8581855297088623,CapturedFrames_2.0_2.0_-4.0/video.mp4#frame=23
24,NOSE,0.3344305455684662,0.23236379027366638,0.00549999438226223,0.9998773336410522,CapturedFrames_2.0_2.0_-4.0/video.mp4#frame=24
24,LEFT_EYE_INNER,0.3304256498813629,0.22205299139022827,0.001955893123522401,0.9996986389160156,CapturedFrames_2.0_2.0_-4.0/video.mp4#frame=24
24,LEFT_EYE,0.32844215631484985,0.22196874022483826,0.0019527722615748644,0.9996559619903564,CapturedFrames_2.0_2.0_-4.0/video.mp4#frame=24
24,LEFT_EYE_OUTER,0.326520174741745,0.2220291793346405,0.0019351780647411942,0.9997053742408752,CapturedFrames_2.0_2.0_-4.0/video.mp4#frame=24
24,RIGHT_EYE_INNER,0.33519792556762695,0.22257040441036224,-0.012938996776938438,0.9998342990875244,CapturedFrames_2.0_2.0_-4.0/video.mp4#frame=24
24,RIGHT_EYE,0.3363869786262512,0.22280989587306976,-0.012916329316794872,0.9998319149017334,CapturedFrames_2.0_2.0_-4.0/video.mp4#frame=24
24,RIGHT_EYE_OUTER,0.3375890254974365,0.223135307431221,-0.012989108450710773,0.9998522996902466,CapturedFrames_2.0_2.0_-4.0/video.mp4#frame=24
24,LEFT_EAR,0.3219994902610779,0.22862158715724945,-0.0027125077322125435,0.9996277093887329,CapturedFrames_2.0_2.0_-4.0/video.mp4#frame=24
24,RIGHT_EAR,0.3360796868801117,0.23025637865066528,-0.06961138546466827,0.9998329877853394,CapturedFrames_2.0_2.0_-4.0/video.mp4#frame=24
24,MOUTH_LEFT,0.3318663537502289,0.24394400417804718,0.008012921549379826,0.9997970461845398,CapturedFrames_2.0_2.0_-4.0/video.mp4#frame=24
24,MOUTH_RIGHT,0.336345374584198,0.244329035282135,-0.011308474466204643,0.9998732805252075,CapturedFrames_2.0_2.0_-4.0/video.mp4#frame=24
24,LEFT_SHOULDER,0.31165269017219543,0.30020564794540405,0.0497453510761261,0.9997429251670837,CapturedFrames_2.0_2.0_-4.0/video.mp4#frame=24
24,RIGHT_SHOULDER,0.3347131311893463,0.31710296869277954,-0.11709277331829071,0.9999712705612183,CapturedFrames_2.0_2.0_-4.0/video.mp4#frame=24
24,LEFT_ELBOW,0.3317055106163025,0.36403101682662964,0.13606518507003784,0.04722459241747856,CapturedFrames_2.0_2.0_-4.0/video.mp4#frame=24
24,RIGHT_ELBOW,0.33540987968444824,0.41492223739624023,-0.13320083916187286,0.901584267616272,CapturedFrames_2.0_2.0_-4.0/video.mp4#frame=24
24,LEFT_WRIST,0.3624304533004761,0.38548803329467773,0.18921644985675812,0.43074026703834534,CapturedFrames_2.0_2.0_-4.0/video.mp4#frame=24
24,RIGHT_WRIST,0.3379037082195282,0.49560338258743286,-0.1404222846031189,0.9492127895355225,CapturedFrames_2.0_2.0_-4.0/video.mp4#frame=24
24,LEFT_PINKY,0.37083208560943604,0.39274725317955017,0.20255418121814728,0.4625488221645355,CapturedFrames_2.0_2.0_-4.0/video.mp4#frame=24
24,RIGHT_PINKY,0.3335894048213959,0.516201913356781,-0.15926146507263184,0.9426167011260986,CapturedFrames_2.0_2.0_-4.0/video.mp4#frame=24
24,LEFT_INDEX,0.3728228509426117,0.39231202006340027,0.1847454011440277,0.47567352652549744,CapturedFrames_2.0_2.0_-4.0/video.mp4#frame=24
24,RIGHT_INDEX,0.333996444940567,0.516730546951294,-0.16002178192138672,0.9359493255615234,CapturedFrames_2.0_2.0_-4.0/video.mp4#frame=24
24,LEFT_THUMB,0.3691112995147705,0.38987213373184204,0.1834537833929062,0.4589087963104248,CapturedFrames_2.0_2.0_-4.0/video.mp4#frame=24
24,RIGHT_THUMB,0.3361828327178955,0.5089547038078308,-0.14063812792301178,0.8989214301109314,CapturedFrames_2.0_2.0_-4.0/video.mp4#frame=24
24,LEFT_HIP,0.3188181519508362,0.4643914997577667,0.053149737417697906,0.9999561309814453,CapturedFrames_2.0_2.0_-4.0/video.mp4#frame=24
24,RIGHT_HIP,0.3427167534828186,0.4667487144470215,-0.05317871645092964,0.9999067783355713,CapturedFrames_2.0_2.0_-4.0/video.mp4#frame=24
24,LEFT_KNEE,0.30408650636672974,0.5753973722457886,0.11756501346826553,0.9827300310134888,CapturedFrames_2.0_2.0_-4.0/video.mp4#frame=24
24,RIGHT_KNEE,0.3820078372955322,0.5192114114761353,0.09201499074697495,0.9856063723564148,CapturedFrames_2.0_2.0_-4.0/video.mp4#frame=24
24,LEFT_ANKLE,0.2866942882537842,0.6891694068908691,0.17184297740459442,0.9804977178573608,CapturedFrames_2.0_2.0_-4.0/video.mp4#frame=24
24,RIGHT_ANKLE,0.40229669213294983,0.6052581071853638,0.2197466343641281,0.9779499173164368,CapturedFrames_2.0_2.0_-4.0/video.mp4#frame=24
24,LEFT_HEEL,0.28090620040893555,0.7144076228141785,0.17813165485858917,0.9908497333526611,CapturedFrames_2.0_2.0_-4.0/video.mp4#frame=24
24,RIGHT_HEEL,0.4042772352695465,0.6293573379516602,0.23286983370780945,0.9725732803344727,CapturedFrames_2.0_2.0_-4.0/video.mp4#frame=24
24,LEFT_FOOT_INDEX,0.30746588110923767,0.6854268312454224,0.16263949871063232,0.9013538956642151,CapturedFrames_2.0_2.0_-4.0/video.mp4#frame=24
24,RIGHT_FOOT_INDEX,0.42369985580444336,0.5791367292404175,0.22890186309814453,0.8967268466949463,CapturedFrames_2.0_2.0_-4.0/video.mp4#frame=24
25,NOSE,0.34610334038734436,0.2351437509059906,-0.019752884283661842,0.9998618364334106,CapturedFrames_2.0_2.0_-4.0/video.mp4#frame=25
25,LEFT_EYE_INNER,0.3418862819671631,0.2240758091211319,-0.019451338797807693,0.9997195601463318,CapturedFrames_2.0_2.0_-4.0/video.mp4#frame=25
25,LEFT_EYE,0.3400762975215912,0.22357603907585144,-0.019478337839245796,0.9996838569641113,CapturedFrames_2.0_2.0_-4.0/video.mp4#frame=25
25,LEFT_EYE_OUTER,0.33831217885017395,0.22330039739608765,-0.019484099000692368,0.9997424483299255,CapturedFrames_2.0_2.0_-4.0/video.mp4#frame=25
25,RIGHT_EYE_INNER,0.34599626064300537,0.22532057762145996,-0.03575745224952698,0.999841570854187,CapturedFrames_2.0_2.0_-4.0/video.mp4#frame=25
25,RIGHT_EYE,0.34702268242836,0.22557172179222107,-0.035740628838539124,0.9998303651809692,CapturedFrames_2.0_2.0_-4.0/video.mp4#frame=25
25,RIGHT_EYE_OUTER,0.3480353355407715,0.22585119307041168,-0.03579770773649216,0.999859094619751,CapturedFrames_2.0_2.0_-4.0/video.mp4#frame=25
25,LEFT_EAR,0.33288756012916565,0.2297212779521942,-0.009509919211268425,0.9995917677879333,CapturedFrames_2.0_2.0_-4.0/video.mp4#frame=25
25,RIGHT_EAR,0.345501571893692,0.23120346665382385,-0.08326147496700287,0.9998295307159424,CapturedFrames_2.0_2.0_-4.0/video.mp4#frame=25
25,MOUTH_LEFT,0.3433416783809662,0.24662144482135773,-0.012060143984854221,0.999768078327179,CapturedFrames_2.0_2.0_-4.0/video.mp4#frame=25
25,MOUTH_RIGHT,0.3468988239765167,0.24705423414707184,-0.03324713557958603,0.999871015548706,CapturedFrames_2.0_2.0_-4.0/video.mp4#frame=25
25,LEFT_SHOULDER,0.3176799416542053,0.29616454243659973,0.04227318987250328,0.999806821346283,CapturedFrames_2.0_2.0_-4.0/video.mp4#frame=25
25,RIGHT_SHOULDER,0.34639203548431396,0.3172043561935425,-0.11771513521671295,0.99997878074646,CapturedFrames_2.0_2.0_-4.0/video.mp4#frame=25
25,LEFT_ELBOW,0.33289608359336853,0.3729504346847534,0.10515736043453217,0.03284298628568649,CapturedFrames_2.0_2.0_-4.0/video.mp4#frame=25
25,RIGHT_ELBOW,0.3438747525215149,0.41974130272865295,-0.13241897523403168,0.9029794931411743,CapturedFrames_2.0_2.0_-4.0/video.mp4#frame=25
25,LEFT_WRIST,0.36305123567581177,0.3928283154964447,0.1263657957315445,0.21303033828735352,CapturedFrames_2.0_2.0_-4.0/video.mp4#frame=25
25,RIGHT_WRIST,0.34916114807128906,0.4978785514831543,-0.12501314282417297,0.9146392941474915,CapturedFrames_2.0_2.0_-4.0/video.mp4#frame=25
25,LEFT_PINKY,0.37149205803871155,0.3994639813899994,0.13276809453964233,0.27047011256217957,CapturedFrames_2.0_2.0_-4.0/video.mp4#frame=25
25,RIGHT_PINKY,0.34593677520751953,0.5165954232215881,-0.14105165004730225,0.903851330280304,CapturedFrames_2.0_2.0_-4.0/video.mp4#frame=25
25,LEFT_INDEX,0.3729519844055176,0.39813774824142456,0.11760113388299942,0.2763749659061432,CapturedFrames_2.0_2.0_-4.0/video.mp4#frame=25
25,RIGHT_INDEX,0.3455069959163666,0.5173956751823425,-0.14363959431648254,0.8947867751121521,CapturedFrames_2.0_2.0_-4.0/video.mp4#frame=25
25,LEFT_THUMB,0.36986079812049866,0.3965552747249603,0.12037970870733261,0.2615874111652374,CapturedFrames_2.0_2.0_-4.0/video.mp4#frame=25
25,RIGHT_THUMB,0.3466411828994751,0.5093156695365906,-0.12550920248031616,0.8607155680656433,CapturedFrames_2.0_2.0_-4.0/video.mp4#frame=25
25,LEFT_HIP,0.32780399918556213,0.45980098843574524,0.04982965812087059,0.999987006187439,CapturedFrames_2.0_2.0_-4.0/video.mp4#frame=25
25,RIGHT_HIP,0.3489331305027008,0.46456339955329895,-0.04990321770310402,0.9999669790267944,CapturedFrames_2.0_2.0_-4.0/video.mp4#frame=25
25,LEFT_KNEE,0.31398245692253113,0.5674070715904236,0.10432426631450653,0.9895280003547668,CapturedFrames_2.0_2.0_-4.0/video.mp4#frame=25
25,RIGHT_KNEE,0.39082956314086914,0.5057930946350098,0.11789140850305557,0.9727679491043091,CapturedFrames_2.0_2.0_-4.0/video.mp4#frame=25
25,LEFT_ANKLE,0.29037725925445557,0.6741809248924255,0.1475381702184677,0.9881977438926697,CapturedFrames_2.0_2.0_-4.0/video.mp4#frame=25
25,RIGHT_ANKLE,0.40687093138694763,0.6031133532524109,0.26202166080474854,0.9544900059700012,CapturedFrames_2.0_2.0_-4.0/video.mp4#frame=25
25,LEFT_HEEL,0.28470587730407715,0.700650691986084,0.15289853513240814,0.9940243363380432,CapturedFrames_2.0_2.0_-4.0/video.mp4#frame=25
25,RIGHT_HEEL,0.40555134415626526,0.6264472007751465,0.2763783931732178,0.9534357190132141,CapturedFrames_2.0_2.0_-4.0/video.mp4#frame=25
25,LEFT_FOOT_INDEX,0.3095777928829193,0.6865268349647522,0.1408740133047104,0.9495438933372498,CapturedFrames_2.0_2.0_-4.0/video.mp4#frame=25
25,RIGHT_FOOT_INDEX,0.4255489408969879,0.5861986875534058,0.28018489480018616,0.8561566472053528,CapturedFrames_2.0_2.0_-4.0/video.mp4#frame=25
26,NOSE,0.3506700396537781,0.23422934114933014,-0.0050217509269714355,0.9993368983268738,CapturedFrames_2.0_2.0_-4.0/video.mp4#frame=26
26,LEFT_EYE_INNER,0.34715771675109863,0.22462181746959686,-0.006078777369111776,0.9986032843589783,CapturedFrames_2.0_2.0_-4.0/video.mp4#frame=26
26,LEFT_EYE,0.34528836607933044,0.22450372576713562,-0.006099907215684652,0.9981523156166077,CapturedFrames_2.0_2.0_-4.0/video.mp4#frame=26
26,LEFT_EYE_OUTER,0.3433959186077118,0.22451838850975037,-0.006104742176830769,0.9987566471099854,CapturedFrames_2.0_2.0_-4.0/video.mp4#frame=26
26,RIGHT_EYE_INNER,0.35177212953567505,0.22498397529125214,-0.02214770019054413,0.9991998076438904,CapturedFrames_2.0_2.0_-4.0/video.mp4#frame=26
26,RIGHT_EYE,0.3530201315879822,0.2251264601945877,-0.02213219180703163,0.999039351940155,CapturedFrames_2.0_2.0_-4.0/video.mp4#frame=26
26,RIGHT_EYE_OUTER,0.35430529713630676,0.22531820833683014,-0.022196339443325996,0.9993438124656677,CapturedFrames_2.0_2.0_-4.0/video.mp4#frame=26
26,LEFT_EAR,0.3387153446674347,0.23052404820919037,-0.0016428980743512511,0.9971024394035339,CapturedFrames_2.0_2.0_-4.0/video.mp4#frame=26
26,RIGHT_EAR,0.3538888990879059,0.23185499012470245,-0.07443034648895264,0.9989124536514282,CapturedFrames_2.0_2.0_-4.0/video.mp4#frame=26
26,MOUTH_LEFT,0.3483898937702179,0.24549008905887604,0.0003229925059713423,0.9990299940109253,CapturedFrames_2.0_2.0_-4.0/video.mp4#frame=26
26,MOUTH_RIGHT,0.3527333438396454,0.24558821320533752,-0.0204726941883564,0.9994446635246277,CapturedFrames_2.0_2.0_-4.0/video.mp4#frame=26
26,LEFT_SHOULDER,0.3250143826007843,0.2968863248825073,0.04953360557556152,0.9995278120040894,CapturedFrames_2.0_2.0_-4.0/video.mp4#frame=26
26,RIGHT_SHOULDER,0.3561117649078369,0.31552863121032715,-0.11677218973636627,0.9999488592147827,CapturedFrames_2.0_2.0_-4.0/video.mp4#frame=26
26,LEFT_ELBOW,0.33975014090538025,0.37187546491622925,0.1019841879606247,0.02071472443640232,CapturedFrames_2.0_2.0_-4.0/video.mp4#frame=26
26,RIGHT_ELBOW,0.35560256242752075,0.41656896471977234,-0.12961959838867188,0.9094253182411194,CapturedFrames_2.0_2.0_-4.0/video.mp4#frame=26
26,LEFT_WRIST,0.36688995361328125,0.3929732143878937,0.10485140979290009,0.12647898495197296,CapturedFrames_2.0_2.0_-4.0/video.mp4#frame=26
26,RIGHT_WRIST,0.3632908761501312,0.49118104577064514,-0.10956065356731415,0.8206440806388855,CapturedFrames_2.0_2.0_-4.0/video.mp4#frame=26
26,LEFT_PINKY,0.3747275471687317,0.4003698229789734,0.10797999054193497,0.17627905309200287,CapturedFrames_2.0_2.0_-4.0/video.mp4#frame=26
26,RIGHT_PINKY,0.3608892858028412,0.5067427158355713,-0.12390977144241333,0.7974036931991577,CapturedFrames_2.0_2.0_-4.0/video.mp4#frame=26
26,LEFT_INDEX,0.3759636878967285,0.40044456720352173,0.09308680146932602,0.18321655690670013,CapturedFrames_2.0_2.0_-4.0/video.mp4#frame=26
26,RIGHT_INDEX,0.36071494221687317,0.5082218050956726,-0.1254342496395111,0.7833521366119385,CapturedFrames_2.0_2.0_-4.0/video.mp4#frame=26
26,LEFT_THUMB,0.3738192915916443,0.39918577671051025,0.09806802868843079,0.17579036951065063,CapturedFrames_2.0_2.0_-4.0/video.mp4#frame=26
26,RIGHT_THUMB,0.3618782162666321,0.5007253289222717,-0.10941829532384872,0.7346976399421692,CapturedFrames_2.0_2.0_-4.0/video.mp4#frame=26
26,LEFT_HIP,0.3356177806854248,0.4578684866428375,0.05565422773361206,0.999915599822998,CapturedFrames_2.0_2.0_-4.0/video.mp4#frame=26
26,RIGHT_HIP,0.3593541979789734,0.4598478078842163,-0.05571740120649338,0.9998370409011841,CapturedFrames_2.0_2.0_-4.0/video.mp4#frame=26
26,LEFT_KNEE,0.3248438239097595,0.5599027872085571,0.10755059868097305,0.9138666987419128,CapturedFrames_2.0_2.0_-4.0/video.mp4#frame=26
26,RIGHT_KNEE,0.3994363248348236,0.503280520439148,0.06733785569667816,0.9498342275619507,CapturedFrames_2.0_2.0_-4.0/video.mp4#frame=26
26,LEFT_ANKLE,0.29706573486328125,0.6647641658782959,0.1514575481414795,0.9488343000411987,CapturedFrames_2.0_2.0_-4.0/video.mp4#frame=26
26,RIGHT_ANKLE,0.4071892201900482,0.6070238351821899,0.18956990540027618,0.9390361309051514,CapturedFrames_2.0_2.0_-4.0/video.mp4#frame=26
26,LEFT_HEEL,0.2856042981147766,0.685286283493042,0.1561909019947052,0.9697054028511047,CapturedFrames_2.0_2.0_-4.0/video.mp4#frame=26
26,RIGHT_HEEL,0.40551862120628357,0.629508912563324,0.20157364010810852,0.9277122616767883,CapturedFrames_2.0_2.0_-4.0/video.mp4#frame=26
26,LEFT_FOOT_INDEX,0.30876392126083374,0.6916333436965942,0.14401088654994965,0.8854970335960388,CapturedFrames_2.0_2.0_-4.0/video.mp4#frame=26
26,RIGHT_FOOT_INDEX,0.42685896158218384,0.5925832986831665,0.20251241326332092,0.8745150566101074,CapturedFrames_2.0_2.0_-4.0/video.mp4#frame=26
27,NOSE,0.36068448424339294,0.23382441699504852,-0.003975461702793837,0.9990509152412415,CapturedFrames_2.0_2.0_-4.0/video.mp4#frame=27
27,LEFT_EYE_INNER,0.35697194933891296,0.22319526970386505,-0.0035504489205777645,0.9982742071151733,CapturedFrames_2.0_2.0_-4.0/video.mp4#frame=27
27,LEFT_EYE,0.3550397753715515,0.2228829264640808,-0.0035758682060986757,0.997791051864624,CapturedFrames_2.0_2.0_-4.0/video.mp4#frame=27
27,LEFT_EYE_OUTER,0.3531126379966736,0.22281116247177124,-0.0035707862116396427,0.9984927177429199,CapturedFrames_2.0_2.0_-4.0/video.mp4#frame=27
27,RIGHT_EYE_INNER,0.3613603711128235,0.2241363674402237,-0.02130531333386898,0.9989867806434631,CapturedFrames_2.0_2.0_-4.0/video.mp4#frame=27
27,RIGHT_EYE,0.36261308193206787,0.22437945008277893,-0.02129225805401802,0.9987825751304626,CapturedFrames_2.0_2.0_-4.0/video.mp4#frame=27
27,RIGHT_EYE_OUTER,0.36381301283836365,0.22472912073135376,-0.021353362128138542,0.9991156458854675,CapturedFrames_2.0_2.0_-4.0/video.mp4#frame=27
27,LEFT_EAR,0.34824588894844055,0.22934071719646454,0.0037840749137103558,0.9963908791542053,CapturedFrames_2.0_2.0_-4.0/video.mp4#frame=27
27,RIGHT_EAR,0.36209583282470703,0.2303672581911087,-0.07607779651880264,0.998364269733429,CapturedFrames_2.0_2.0_-4.0/video.mp4#frame=27
27,MOUTH_LEFT,0.3575213849544525,0.24496465921401978,0.00200567115098238,0.9986149072647095,CapturedFrames_2.0_2.0_-4.0/video.mp4#frame=27
27,MOUTH_RIGHT,0.36194244027137756,0.24517686665058136,-0.020883658900856972,0.9991961121559143,CapturedFrames_2.0_2.0_-4.0/video.mp4#frame=27
27,LEFT_SHOULDER,0.3323390781879425,0.2945389747619629,0.05443340539932251,0.9991853833198547,CapturedFrames_2.0_2.0_-4.0/video.mp4#frame=27
27,RIGHT_SHOULDER,0.3620612919330597,0.3107919692993164,-0.12194214761257172,0.9999353885650635,CapturedFrames_2.0_2.0_-4.0/video.mp4#frame=27
27,LEFT_ELBOW,0.34378156065940857,0.37458711862564087,0.07747901976108551,0.015063195489346981,CapturedFrames_2.0_2.0_-4.0/video.mp4#frame=27
27,RIGHT_ELBOW,0.366161584854126,0.41010501980781555,-0.13705086708068848,0.895328164100647,CapturedFrames_2.0_2.0_-4.0/video.mp4#frame=27
27,LEFT_WRIST,0.36717689037323,0.40750420093536377,0.05215505510568619,0.04870065674185753,CapturedFrames_2.0_2.0_-4.0/video.mp4#frame=27
27,RIGHT_WRIST,0.3765312135219574,0.47755861282348633,-0.11646419763565063,0.7987988591194153,CapturedFrames_2.0_2.0_-4.0/video.mp4#frame=27
27,LEFT_PINKY,0.3748052418231964,0.41635259985923767,0.05191163346171379,0.0727158933877945,CapturedFrames_2.0_2.0_-4.0/video.mp4#frame=27
27,RIGHT_PINKY,0.3738793730735779,0.49456387758255005,-0.13290627300739288,0.7691598534584045,CapturedFrames_2.0_2.0_-4.0/video.mp4#frame=27
27,LEFT_INDEX,0.37559273838996887,0.4127804934978485,0.03687753900885582,0.07479925453662872,CapturedFrames_2.0_2.0_-4.0/video.mp4#frame=27
27,RIGHT_INDEX,0.3736974000930786,0.49566948413848877,-0.1304064691066742,0.7553682327270508,CapturedFrames_2.0_2.0_-4.0/video.mp4#frame=27
27,LEFT_THUMB,0.37387576699256897,0.411957710981369,0.04421069100499153,0.07468432188034058,CapturedFrames_2.0_2.0_-4.0/video.mp4#frame=27
27,RIGHT_THUMB,0.3753271698951721,0.4877185523509979,-0.11511565744876862,0.694431483745575,CapturedFrames_2.0_2.0_-4.0/video.mp4#frame=27
27,LEFT_HIP,0.3424322009086609,0.4497213065624237,0.058817826211452484,0.9997727274894714,CapturedFrames_2.0_2.0_-4.0/video.mp4#frame=27
27,RIGHT_HIP,0.36696118116378784,0.44909560680389404,-0.05889717489480972,0.9997311234474182,CapturedFrames_2.0_2.0_-4.0/video.mp4#frame=27
27,LEFT_KNEE,0.3372316062450409,0.5485458970069885,0.10939186811447144,0.9105640649795532,CapturedFrames_2.0_2.0_-4.0/video.mp4#frame=27
27,RIGHT_KNEE,0.4069489538669586,0.5013448596000671,0.018149355426430702,0.9684091806411743,CapturedFrames_2.0_2.0_-4.0/video.mp4#frame=27
27,LEFT_ANKLE,0.3040044605731964,0.6440544724464417,0.1573411375284195,0.9619234204292297,CapturedFrames_2.0_2.0_-4.0/video.mp4#frame=27
27,RIGHT_ANKLE,0.4078291356563568,0.606218695640564,0.11937873065471649,0.9733151197433472,CapturedFrames_2.0_2.0_-4.0/video.mp4#frame=27
27,LEFT_HEEL,0.29376596212387085,0.6553574800491333,0.16178786754608154,0.9670957922935486,CapturedFrames_2.0_2.0_-4.0/video.mp4#frame=27
27,RIGHT_HEEL,0.4033936858177185,0.6304646134376526,0.12864059209823608,0.9383264780044556,CapturedFrames_2.0_2.0_-4.0/video.mp4#frame=27
27,LEFT_FOOT_INDEX,0.3114079535007477,0.6871094703674316,0.14851173758506775,0.9210479259490967,CapturedFrames_2.0_2.0_-4.0/video.mp4#frame=27
27,RIGHT_FOOT_INDEX,0.4305265545845032,0.5961769223213196,0.12295065075159073,0.9464004635810852,CapturedFrames_2.0_2.0_-4.0/video.mp4#frame=27
28,NOSE,0.36950159072875977,0.23287497460842133,-0.0104591716080904,0.9989953637123108,CapturedFrames_2.0_2.0_-4.0/video.mp4#frame=28
28,LEFT_EYE_INNER,0.366336852312088,0.22211281955242157,-0.009743740782141685,0.9981526732444763,CapturedFrames_2.0_2.0_-4.0/video.mp4#frame=28
28,LEFT_EYE,0.3646032512187958,0.22173413634300232,-0.009764745831489563,0.9977103471755981,CapturedFrames_2.0_2.0_-4.0/video.mp4#frame=28
28,LEFT_EYE_OUTER,0.36287441849708557,0.2215205579996109,-0.009763460606336594,0.9983939528465271,CapturedFrames_2.0_2.0_-4.0/video.mp4#frame=28
28,RIGHT_EYE_INNER,0.37017351388931274,0.2228916734457016,-0.027783110737800598,0.9989334940910339,CapturedFrames_2.0_2.0_-4.0/video.mp4#frame=28
28,RIGHT_EYE,0.3710629642009735,0.22299112379550934,-0.027768617495894432,0.9987851977348328,CapturedFrames_2.0_2.0_-4.0/video.mp4#frame=28
28,RIGHT_EYE_OUTER,0.3719194829463959,0.223130464553833,-0.02782343700528145,0.9990703463554382,CapturedFrames_2.0_2.0_-4.0/video.mp4#frame=28
28,LEFT_EAR,0.3570486605167389,0.22720646858215332,-0.002064729342237115,0.9963710308074951,CapturedFrames_2.0_2.0_-4.0/video.mp4#frame=28
28,RIGHT_EAR,0.3696027994155884,0.2290332019329071,-0.0831674188375473,0.9981288313865662,CapturedFrames_2.0_2.0_-4.0/video.mp4#frame=28
28,MOUTH_LEFT,0.36641615629196167,0.24334238469600677,-0.004127070773392916,0.9984748959541321,CapturedFrames_2.0_2.0_-4.0/video.mp4#frame=28
28,MOUTH_RIGHT,0.37002333998680115,0.24412113428115845,-0.027493808418512344,0.9991523027420044,CapturedFrames_2.0_2.0_-4.0/video.mp4#frame=28
28,LEFT_SHOULDER,0.3389006555080414,0.28726688027381897,0.04700085520744324,0.9993993043899536,CapturedFrames_2.0_2.0_-4.0/video.mp4#frame=28
28,RIGHT_SHOULDER,0.3698458671569824,0.3077138066291809,-0.12718991935253143,0.9999659061431885,CapturedFrames_2.0_2.0_-4.0/video.mp4#frame=28
28,LEFT_ELBOW,0.3441162109375,0.36849430203437805,0.0672222375869751,0.015712223947048187,CapturedFrames_2.0_2.0_-4.0/video.mp4#frame=28
28,RIGHT_ELBOW,0.3767606019973755,0.40426307916641235,-0.1415061354637146,0.9519307613372803,CapturedFrames_2.0_2.0_-4.0/video.mp4#frame=28
28,LEFT_WRIST,0.35570967197418213,0.4272090792655945,0.047599583864212036,0.03355851396918297,CapturedFrames_2.0_2.0_-4.0/video.mp4#frame=28
28,RIGHT_WRIST,0.3886265158653259,0.47707507014274597,-0.1229051798582077,0.9119794964790344,CapturedFrames_2.0_2.0_-4.0/video.mp4#frame=28
28,LEFT_PINKY,0.35899460315704346,0.4404301643371582,0.04884401708841324,0.05009055137634277,CapturedFrames_2.0_2.0_-4.0/video.mp4#frame=28
28,RIGHT_PINKY,0.38863980770111084,0.49410951137542725,-0.14097172021865845,0.8915084004402161,CapturedFrames_2.0_2.0_-4.0/video.mp4#frame=28
28,LEFT_INDEX,0.3660695552825928,0.44554728269577026,0.03479663282632828,0.05039087310433388,CapturedFrames_2.0_2.0_-4.0/video.mp4#frame=28
28,RIGHT_INDEX,0.38771623373031616,0.4939667284488678,-0.1367555409669876,0.8857529163360596,CapturedFrames_2.0_2.0_-4.0/video.mp4#frame=28
28,LEFT_THUMB,0.36588189005851746,0.4420333802700043,0.04059780761599541,0.050756730139255524,CapturedFrames_2.0_2.0_-4.0/video.mp4#frame=28
28,RIGHT_THUMB,0.38781362771987915,0.4869917631149292,-0.12099641561508179,0.835790753364563,CapturedFrames_2.0_2.0_-4.0/video.mp4#frame=28
28,LEFT_HIP,0.3473217189311981,0.4451129138469696,0.05850405618548393,0.9998912811279297,CapturedFrames_2.0_2.0_-4.0/video.mp4#frame=28
28,RIGHT_HIP,0.3703513741493225,0.445041686296463,-0.05865161493420601,0.9999022483825684,CapturedFrames_2.0_2.0_-4.0/video.mp4#frame=28
28,LEFT_KNEE,0.34987911581993103,0.5349688529968262,0.12156735360622406,0.9263386726379395,CapturedFrames_2.0_2.0_-4.0/video.mp4#frame=28
28,RIGHT_KNEE,0.4089600145816803,0.5005055665969849,0.012956978753209114,0.981795608997345,CapturedFrames_2.0_2.0_-4.0/video.mp4#frame=28
28,LEFT_ANKLE,0.31603482365608215,0.6203197240829468,0.183233842253685,0.963767945766449,CapturedFrames_2.0_2.0_-4.0/video.mp4#frame=28
28,RIGHT_ANKLE,0.4082705080509186,0.6053951978683472,0.11505495011806488,0.9861859083175659,CapturedFrames_2.0_2.0_-4.0/video.mp4#frame=28
28,LEFT_HEEL,0.3055163621902466,0.6314834356307983,0.18945689499378204,0.9623090624809265,CapturedFrames_2.0_2.0_-4.0/video.mp4#frame=28
28,RIGHT_HEEL,0.404590904712677,0.6266063451766968,0.12461008131504059,0.9567221999168396,CapturedFrames_2.0_2.0_-4.0/video.mp4#frame=28
28,LEFT_FOOT_INDEX,0.31884074211120605,0.6700447797775269,0.18457482755184174,0.9361905455589294,CapturedFrames_2.0_2.0_-4.0/video.mp4#frame=28
28,RIGHT_FOOT_INDEX,0.43027323484420776,0.596371054649353,0.1234607920050621,0.9741876125335693,CapturedFrames_2.0_2.0_-4.0/video.mp4#frame=28
29,NOSE,0.3762027323246002,0.22740373015403748,-0.020744362846016884,0.9986249208450317,CapturedFrames_2.0_2.0_-4.0/video.mp4#frame=29
29,LEFT_EYE_INNER,0.3731893002986908,0.21707847714424133,-0.022727325558662415,0.9976401329040527,CapturedFrames_2.0_2.0_-4.0/video.mp4#frame=29
29,LEFT_EYE,0.37158718705177307,0.21662233769893646,-0.022748282179236412,0.996981680393219,CapturedFrames_2.0_2.0_-4.0/video.mp4#frame=29
29,LEFT_EYE_OUTER,0.3700404167175293,0.21635819971561432,-0.022760359570384026,0.9979641437530518,CapturedFrames_2.0_2.0_-4.0/video.mp4#frame=29
29,RIGHT_EYE_INNER,0.37655869126319885,0.217924103140831,-0.03756880387663841,0.998601496219635,CapturedFrames_2.0_2.0_-4.0/video.mp4#frame=29
29,RIGHT_EYE,0.37734299898147583,0.21812087297439575,-0.037562042474746704,0.9982234835624695,CapturedFrames_2.0_2.0_-4.0/video.mp4#frame=29
29,RIGHT_EYE_OUTER,0.3781311810016632,0.2184448391199112,-0.03760102763772011,0.9986672401428223,CapturedFrames_2.0_2.0_-4.0/video.mp4#frame=29
29,LEFT_EAR,0.3641323447227478,0.22211307287216187,-0.02349773421883583,0.9957107305526733,CapturedFrames_2.0_2.0_-4.0/video.mp4#frame=29
29,RIGHT_EAR,0.3762983977794647,0.22429150342941284,-0.09014920145273209,0.9972754120826721,CapturedFrames_2.0_2.0_-4.0/video.mp4#frame=29
29,MOUTH_LEFT,0.37294259667396545,0.2376943975687027,-0.017577778548002243,0.9983439445495605,CapturedFrames_2.0_2.0_-4.0/video.mp4#frame=29
29,MOUTH_RIGHT,0.3762485980987549,0.23813685774803162,-0.03669821843504906,0.9990077614784241,CapturedFrames_2.0_2.0_-4.0/video.mp4#frame=29
29,LEFT_SHOULDER,0.3435870409011841,0.28635382652282715,0.019013015553355217,0.9990450739860535,CapturedFrames_2.0_2.0_-4.0/video.mp4#frame=29
29,RIGHT_SHOULDER,0.3746322989463806,0.3002766966819763,-0.12594331800937653,0.999927282333374,CapturedFrames_2.0_2.0_-4.0/video.mp4#frame=29
29,LEFT_ELBOW,0.3570728600025177,0.35897865891456604,0.04174046590924263,0.02031930722296238,CapturedFrames_2.0_2.0_-4.0/video.mp4#frame=29
29,RIGHT_ELBOW,0.38503479957580566,0.3921187222003937,-0.13068440556526184,0.9187058210372925,CapturedFrames_2.0_2.0_-4.0/video.mp4#frame=29
29,LEFT_WRIST,0.37227335572242737,0.4169166088104248,0.03665080666542053,0.024574756622314453,CapturedFrames_2.0_2.0_-4.0/video.mp4#frame=29
29,RIGHT_WRIST,0.4001472592353821,0.46544164419174194,-0.0991785004734993,0.766464114189148,CapturedFrames_2.0_2.0_-4.0/video.mp4#frame=29
29,LEFT_PINKY,0.37125879526138306,0.42409244179725647,0.03761524334549904,0.03662942349910736,CapturedFrames_2.0_2.0_-4.0/video.mp4#frame=29
29,RIGHT_PINKY,0.401561975479126,0.4849178194999695,-0.1126706451177597,0.7385107278823853,CapturedFrames_2.0_2.0_-4.0/video.mp4#frame=29
29,LEFT_INDEX,0.3787740468978882,0.42783161997795105,0.026193225756287575,0.03682444244623184,CapturedFrames_2.0_2.0_-4.0/video.mp4#frame=29
29,RIGHT_INDEX,0.4016425609588623,0.4839475750923157,-0.11096571385860443,0.7310824990272522,CapturedFrames_2.0_2.0_-4.0/video.mp4#frame=29
29,LEFT_THUMB,0.37843379378318787,0.4243925213813782,0.031087324023246765,0.0362543947994709,CapturedFrames_2.0_2.0_-4.0/video.mp4#frame=29
29,RIGHT_THUMB,0.400587260723114,0.47660133242607117,-0.09804034978151321,0.6705367565155029,CapturedFrames_2.0_2.0_-4.0/video.mp4#frame=29
29,LEFT_HIP,0.35482174158096313,0.4361438751220703,0.047725528478622437,0.9997771382331848,CapturedFrames_2.0_2.0_-4.0/video.mp4#frame=29
29,RIGHT_HIP,0.37783554196357727,0.4389159679412842,-0.04778176173567772,0.9997742772102356,CapturedFrames_2.0_2.0_-4.0/video.mp4#frame=29
29,LEFT_KNEE,0.360584020614624,0.5202932357788086,0.10180284082889557,0.8528649210929871,CapturedFrames_2.0_2.0_-4.0/video.mp4#frame=29
29,RIGHT_KNEE,0.41156020760536194,0.5016321539878845,0.03595950827002525,0.9359544515609741,CapturedFrames_2.0_2.0_-4.0/video.mp4#frame=29
29,LEFT_ANKLE,0.3296196758747101,0.6068838238716125,0.15936057269573212,0.9323640465736389,CapturedFrames_2.0_2.0_-4.0/video.mp4#frame=29
29,RIGHT_ANKLE,0.4083825945854187,0.6028608083724976,0.1383333057165146,0.9574316143989563,CapturedFrames_2.0_2.0_-4.0/video.mp4#frame=29
29,LEFT_HEEL,0.3204978108406067,0.616858959197998,0.16477227210998535,0.9259692430496216,CapturedFrames_2.0_2.0_-4.0/video.mp4#frame=29
29,RIGHT_HEEL,0.40318793058395386,0.624854326248169,0.14760862290859222,0.9061529040336609,CapturedFrames_2.0_2.0_-4.0/video.mp4#frame=29
29,LEFT_FOOT_INDEX,0.33629271388053894,0.6513372659683228,0.1531982570886612,0.911835253238678,CapturedFrames_2.0_2.0_-4.0/video.mp4#frame=29
29,RIGHT_FOOT_INDEX,0.4288581907749176,0.5990800857543945,0.14144878089427948,0.941458523273468,CapturedFrames_2.0_2.0_-4.0/video.mp4#frame=29
30,NOSE,0.3816978931427002,0.22199705243110657,-0.01626894809305668,0.9945281147956848,CapturedFrames_2.0_2.0_-4.0/video.mp4#frame=30
30,LEFT_EYE_INNER,0.3784792125225067,0.2118886262178421,-0.02123367041349411,0.9913325905799866,CapturedFrames_2.0_2.0_-4.0/video.mp4#frame=30
30,LEFT_EYE,0.37679383158683777,0.21136678755283356,-0.02125280722975731,0.9894664883613586,CapturedFrames_2.0_2.0_-4.0/video.mp4#frame=30
30,LEFT_EYE_OUTER,0.3751186728477478,0.21103207767009735,-0.02127213589847088,0.992508590221405,CapturedFrames_2.0_2.0_-4.0/video.mp4#frame=30
30,RIGHT_EYE_INNER,0.38219836354255676,0.21270842850208282,-0.03394218534231186,0.9952065348625183,CapturedFrames_2.0_2.0_-4.0/video.mp4#frame=30
30,RIGHT_EYE,0.38318270444869995,0.21271732449531555,-0.03392411395907402,0.9941235184669495,CapturedFrames_2.0_2.0_-4.0/video.mp4#frame=30
30,RIGHT_EYE_OUTER,0.38416507840156555,0.2128039449453354,-0.033964745700359344,0.9955673813819885,CapturedFrames_2.0_2.0_-4.0/video.mp4#frame=30
30,LEFT_EAR,0.36906957626342773,0.2160138040781021,-0.031496137380599976,0.9854061603546143,CapturedFrames_2.0_2.0_-4.0/video.mp4#frame=30
30,RIGHT_EAR,0.3821728527545929,0.2177637368440628,-0.08800964802503586,0.9896281957626343,CapturedFrames_2.0_2.0_-4.0/video.mp4#frame=30
30,MOUTH_LEFT,0.37853169441223145,0.23199571669101715,-0.015923716127872467,0.9926387071609497,CapturedFrames_2.0_2.0_-4.0/video.mp4#frame=30
30,MOUTH_RIGHT,0.3821670711040497,0.23264597356319427,-0.032200075685977936,0.9953889846801758,CapturedFrames_2.0_2.0_-4.0/video.mp4#frame=30
30,LEFT_SHOULDER,0.34757372736930847,0.2802426815032959,0.009312116540968418,0.9966440200805664,CapturedFrames_2.0_2.0_-4.0/video.mp4#frame=30
30,RIGHT_SHOULDER,0.38351163268089294,0.29304027557373047,-0.12008384615182877,0.9997360110282898,CapturedFrames_2.0_2.0_-4.0/video.mp4#frame=30
30,LEFT_ELBOW,0.3609050512313843,0.3495980501174927,0.059932731091976166,0.01412090752273798,CapturedFrames_2.0_2.0_-4.0/video.mp4#frame=30
30,RIGHT_ELBOW,0.39496129751205444,0.3838975727558136,-0.12172194570302963,0.8352631330490112,CapturedFrames_2.0_2.0_-4.0/video.mp4#frame=30
30,LEFT_WRIST,0.3792785108089447,0.38754773139953613,0.0914694294333458,0.019089875742793083,CapturedFrames_2.0_2.0_-4.0/video.mp4#frame=30
30,RIGHT_WRIST,0.4093376100063324,0.4504617154598236,-0.09941168874502182,0.6615142822265625,CapturedFrames_2.0_2.0_-4.0/video.mp4#frame=30
30,LEFT_PINKY,0.3830357789993286,0.39501410722732544,0.09769786894321442,0.029355894774198532,CapturedFrames_2.0_2.0_-4.0/video.mp4#frame=30
30,RIGHT_PINKY,0.41029080748558044,0.470446914434433,-0.11185278743505478,0.6592636704444885,CapturedFrames_2.0_2.0_-4.0/video.mp4#frame=30
30,LEFT_INDEX,0.38695576786994934,0.3925759196281433,0.08592844009399414,0.029881199821829796,CapturedFrames_2.0_2.0_-4.0/video.mp4#frame=30
30,RIGHT_INDEX,0.40988579392433167,0.469757616519928,-0.11310224235057831,0.6536568403244019,CapturedFrames_2.0_2.0_-4.0/video.mp4#frame=30
30,LEFT_THUMB,0.3870226740837097,0.3909202218055725,0.08720523118972778,0.02998575009405613,CapturedFrames_2.0_2.0_-4.0/video.mp4#frame=30
30,RIGHT_THUMB,0.4088882505893707,0.46320998668670654,-0.09931795299053192,0.5715593695640564,CapturedFrames_2.0_2.0_-4.0/video.mp4#frame=30
30,LEFT_HIP,0.3608863651752472,0.4303048551082611,0.04489173740148544,0.9985929131507874,CapturedFrames_2.0_2.0_-4.0/video.mp4#frame=30
30,RIGHT_HIP,0.38533124327659607,0.43202653527259827,-0.044925492256879807,0.9990777969360352,CapturedFrames_2.0_2.0_-4.0/video.mp4#frame=30
30,LEFT_KNEE,0.3697022795677185,0.5059760212898254,0.11294324696063995,0.6840218305587769,CapturedFrames_2.0_2.0_-4.0/video.mp4#frame=30
30,RIGHT_KNEE,0.40917760133743286,0.506652295589447,0.04103856906294823,0.9020131826400757,CapturedFrames_2.0_2.0_-4.0/video.mp4#frame=30
30,LEFT_ANKLE,0.34497061371803284,0.5943764448165894,0.1903049647808075,0.8341087102890015,CapturedFrames_2.0_2.0_-4.0/video.mp4#frame=30
30,RIGHT_ANKLE,0.40910083055496216,0.6033506393432617,0.13502366840839386,0.9395309686660767,CapturedFrames_2.0_2.0_-4.0/video.mp4#frame=30
30,LEFT_HEEL,0.33680593967437744,0.6078993678092957,0.19777575135231018,0.8375087976455688,CapturedFrames_2.0_2.0_-4.0/video.mp4#frame=30
30,RIGHT_HEEL,0.4044455587863922,0.6273690462112427,0.14370018243789673,0.8886148929595947,CapturedFrames_2.0_2.0_-4.0/video.mp4#frame=30
30,LEFT_FOOT_INDEX,0.35824963450431824,0.6198564171791077,0.18855959177017212,0.8045992255210876,CapturedFrames_2.0_2.0_-4.0/video.mp4#frame=30
30,RIGHT_FOOT_INDEX,0.4293838441371918,0.598235011100769,0.13124486804008484,0.9091292023658752,CapturedFrames_2.0_2.0_-4.0/video.mp4#frame=30
31,NOSE,0.385417640209198,0.21859842538833618,0.002987668151035905,0.997251570224762,CapturedFrames_2.0_2.0_-4.0/video.mp4#frame=31
31,LEFT_EYE_INNER,0.38267526030540466,0.209623783826828,-0.002856655279174447,0.995695948600769,CapturedFrames_2.0_2.0_-4.0/video.mp4#frame=31
31,LEFT_EYE,0.380892276763916,0.209136500954628,-0.002870832569897175,0.9950953722000122,CapturedFrames_2.0_2.0_-4.0/video.mp4#frame=31
31,LEFT_EYE_OUTER,0.379131555557251,0.20879605412483215,-0.0028912900015711784,0.9961698651313782,CapturedFrames_2.0_2.0_-4.0/video.mp4#frame=31
31,RIGHT_EYE_INNER,0.3863619267940521,0.21047230064868927,-0.013957470655441284,0.9968206882476807,CapturedFrames_2.0_2.0_-4.0/video.mp4#frame=31
31,RIGHT_EYE,0.38731488585472107,0.21056543290615082,-0.013937616720795631,0.9962111711502075,CapturedFrames_2.0_2.0_-4.0/video.mp4#frame=31
31,RIGHT_EYE_OUTER,0.38826242089271545,0.2107561081647873,-0.013985006138682365,0.9967269897460938,CapturedFrames_2.0_2.0_-4.0/video.mp4#frame=31
31,LEFT_EAR,0.3731656074523926,0.21267952024936676,-0.019667237997055054,0.9929366707801819,CapturedFrames_2.0_2.0_-4.0/video.mp4#frame=31
31,RIGHT_EAR,0.38665688037872314,0.2151380479335785,-0.06940731406211853,0.9941146969795227,CapturedFrames_2.0_2.0_-4.0/video.mp4#frame=31
31,MOUTH_LEFT,0.38239622116088867,0.22760836780071259,0.0006422972655855119,0.9967496395111084,CapturedFrames_2.0_2.0_-4.0/video.mp4#frame=31
31,MOUTH_RIGHT,0.38613420724868774,0.22805343568325043,-0.013713309541344643,0.9978057742118835,CapturedFrames_2.0_2.0_-4.0/video.mp4#frame=31
31,LEFT_SHOULDER,0.35067668557167053,0.27727124094963074,0.010343138128519058,0.9978419542312622,CapturedFrames_2.0_2.0_-4.0/video.mp4#frame=31
31,RIGHT_SHOULDER,0.3904682695865631,0.2839468717575073,-0.10659804195165634,0.9998623132705688,CapturedFrames_2.0_2.0_-4.0/video.mp4#frame=31
31,LEFT_ELBOW,0.3574642241001129,0.3549043834209442,0.03799484670162201,0.02404237724840641,CapturedFrames_2.0_2.0_-4.0/video.mp4#frame=31
31,RIGHT_ELBOW,0.4019978642463684,0.3728470802307129,-0.10831759870052338,0.934381365776062,CapturedFrames_2.0_2.0_-4.0/video.mp4#frame=31
31,LEFT_WRIST,0.3672267496585846,0.40984970331192017,0.05728209763765335,0.02347702719271183,CapturedFrames_2.0_2.0_-4.0/video.mp4#frame=31
31,RIGHT_WRIST,0.4168776571750641,0.4397558867931366,-0.08192960172891617,0.8273692727088928,CapturedFrames_2.0_2.0_-4.0/video.mp4#frame=31
31,LEFT_PINKY,0.36897286772727966,0.4254109561443329,0.06245983764529228,0.035198137164115906,CapturedFrames_2.0_2.0_-4.0/video.mp4#frame=31
31,RIGHT_PINKY,0.41743889451026917,0.45649048686027527,-0.09256123751401901,0.8013314008712769,CapturedFrames_2.0_2.0_-4.0/video.mp4#frame=31
31,LEFT_INDEX,0.37232816219329834,0.42463138699531555,0.05270583555102348,0.03415539860725403,CapturedFrames_2.0_2.0_-4.0/video.mp4#frame=31
31,RIGHT_INDEX,0.4168367385864258,0.45606836676597595,-0.09098733961582184,0.7898639440536499,CapturedFrames_2.0_2.0_-4.0/video.mp4#frame=31
31,LEFT_THUMB,0.37788739800453186,0.4254412353038788,0.05350910499691963,0.03202376514673233,CapturedFrames_2.0_2.0_-4.0/video.mp4#frame=31
31,RIGHT_THUMB,0.4158712327480316,0.45094677805900574,-0.08102846890687943,0.7175480127334595,CapturedFrames_2.0_2.0_-4.0/video.mp4#frame=31
31,LEFT_HIP,0.36761367321014404,0.4236314594745636,0.039495911449193954,0.999270498752594,CapturedFrames_2.0_2.0_-4.0/video.mp4#frame=31
31,RIGHT_HIP,0.3924857974052429,0.4249626100063324,-0.03954068943858147,0.9993466734886169,CapturedFrames_2.0_2.0_-4.0/video.mp4#frame=31
31,LEFT_KNEE,0.3768994212150574,0.4920637011528015,0.10140969604253769,0.7862467169761658,CapturedFrames_2.0_2.0_-4.0/video.mp4#frame=31
31,RIGHT_KNEE,0.4062117636203766,0.5061241388320923,0.04404565691947937,0.9441130757331848,CapturedFrames_2.0_2.0_-4.0/video.mp4#frame=31
31,LEFT_ANKLE,0.3598826229572296,0.586628258228302,0.17886263132095337,0.8906603455543518,CapturedFrames_2.0_2.0_-4.0/video.mp4#frame=31
31,RIGHT_ANKLE,0.40952759981155396,0.6051331758499146,0.13189561665058136,0.9562107920646667,CapturedFrames_2.0_2.0_-4.0/video.mp4#frame=31
31,LEFT_HEEL,0.35424143075942993,0.6039340496063232,0.18604789674282074,0.88262939453125,CapturedFrames_2.0_2.0_-4.0/video.mp4#frame=31
31,RIGHT_HEEL,0.4050191342830658,0.6251015067100525,0.1398145705461502,0.9182343482971191,CapturedFrames_2.0_2.0_-4.0/video.mp4#frame=31
31,LEFT_FOOT_INDEX,0.373305082321167,0.5969851016998291,0.17323532700538635,0.8834633231163025,CapturedFrames_2.0_2.0_-4.0/video.mp4#frame=31
31,RIGHT_FOOT_INDEX,0.4282064437866211,0.5965819358825684,0.12166376411914825,0.9295504093170166,CapturedFrames_2.0_2.0_-4.0/video.mp4#frame=31
32,NOSE,0.3885030746459961,0.20981529355049133,0.011493540368974209,0.9996669292449951,CapturedFrames_2.0_2.0_-4.0/video.mp4#frame=32
32,LEFT_EYE_INNER,0.38561487197875977,0.20196707546710968,0.004168342798948288,0.9994329810142517,CapturedFrames_2.0_2.0_-4.0/video.mp4#frame=32
32,LEFT_EYE,0.38378146290779114,0.20171229541301727,0.004162014462053776,0.9993894100189209,CapturedFrames_2.0_2.0_-4.0/video.mp4#frame=32
32,LEFT_EYE_OUTER,0.38190340995788574,0.2015574723482132,0.004164900630712509,0.999466598033905,CapturedFrames_2.0_2.0_-4.0/video.mp4#frame=32
32,RIGHT_EYE_INNER,0.3896920680999756,0.2025042474269867,-0.0055647655390203,0.9995421171188354,CapturedFrames_2.0_2.0_-4.0/video.mp4#frame=32
32,RIGHT_EYE,0.3907177746295929,0.2025911957025528,-0.005567893385887146,0.9994688630104065,CapturedFrames_2.0_2.0_-4.0/video.mp4#frame=32
32,RIGHT_EYE_OUTER,0.391751229763031,0.20279717445373535,-0.005618026480078697,0.9995115995407104,CapturedFrames_2.0_2.0_-4.0/video.mp4#frame=32
32,LEFT_EAR,0.37611159682273865,0.20543767511844635,-0.01825147122144699,0.9992146492004395,CapturedFrames_2.0_2.0_-4.0/video.mp4#frame=32
32,RIGHT_EAR,0.390595018863678,0.20764444768428802,-0.06186714768409729,0.999349057674408,CapturedFrames_2.0_2.0_-4.0/video.mp4#frame=32
32,MOUTH_LEFT,0.38537314534187317,0.21883051097393036,0.006923738867044449,0.9996547698974609,CapturedFrames_2.0_2.0_-4.0/video.mp4#frame=32
32,MOUTH_RIGHT,0.38958871364593506,0.2188105285167694,-0.005669041536748409,0.9997697472572327,CapturedFrames_2.0_2.0_-4.0/video.mp4#frame=32
32,LEFT_SHOULDER,0.35471752285957336,0.2714184522628784,0.005178811959922314,0.9995819926261902,CapturedFrames_2.0_2.0_-4.0/video.mp4#frame=32
32,RIGHT_SHOULDER,0.39552316069602966,0.27429282665252686,-0.10342507064342499,0.9999716281890869,CapturedFrames_2.0_2.0_-4.0/video.mp4#frame=32
32,LEFT_ELBOW,0.355190634727478,0.349892795085907,0.027991700917482376,0.27920767664909363,CapturedFrames_2.0_2.0_-4.0/video.mp4#frame=32
32,RIGHT_ELBOW,0.4072191119194031,0.35700634121894836,-0.10055972635746002,0.9887570738792419,CapturedFrames_2.0_2.0_-4.0/video.mp4#frame=32
32,LEFT_WRIST,0.3606617748737335,0.41048482060432434,0.0377533920109272,0.22889509797096252,CapturedFrames_2.0_2.0_-4.0/video.mp4#frame=32
32,RIGHT_WRIST,0.42569345235824585,0.41820308566093445,-0.0681425929069519,0.96312415599823,CapturedFrames_2.0_2.0_-4.0/video.mp4#frame=32
32,LEFT_PINKY,0.35988324880599976,0.43003275990486145,0.04028899222612381,0.2374444305896759,CapturedFrames_2.0_2.0_-4.0/video.mp4#frame=32
32,RIGHT_PINKY,0.42730093002319336,0.4360200762748718,-0.07796722650527954,0.9392487406730652,CapturedFrames_2.0_2.0_-4.0/video.mp4#frame=32
32,LEFT_INDEX,0.3620729446411133,0.42957133054733276,0.030666803941130638,0.22446021437644958,CapturedFrames_2.0_2.0_-4.0/video.mp4#frame=32
32,RIGHT_INDEX,0.4264083802700043,0.43457624316215515,-0.07667149603366852,0.93422532081604,CapturedFrames_2.0_2.0_-4.0/video.mp4#frame=32
32,LEFT_THUMB,0.3640199303627014,0.42262381315231323,0.03403560817241669,0.19023175537586212,CapturedFrames_2.0_2.0_-4.0/video.mp4#frame=32
32,RIGHT_THUMB,0.42480725049972534,0.42931655049324036,-0.06716665625572205,0.9024170637130737,CapturedFrames_2.0_2.0_-4.0/video.mp4#frame=32
32,LEFT_HIP,0.3727600574493408,0.4124695360660553,0.04159405082464218,0.9995310306549072,CapturedFrames_2.0_2.0_-4.0/video.mp4#frame=32
32,RIGHT_HIP,0.39630958437919617,0.41500124335289,-0.04168415069580078,0.999727189540863,CapturedFrames_2.0_2.0_-4.0/video.mp4#frame=32
32,LEFT_KNEE,0.3829698860645294,0.48302140831947327,0.127712681889534,0.7537432312965393,CapturedFrames_2.0_2.0_-4.0/video.mp4#frame=32
32,RIGHT_KNEE,0.4054188132286072,0.5023731589317322,0.04644431546330452,0.981579065322876,CapturedFrames_2.0_2.0_-4.0/video.mp4#frame=32
32,LEFT_ANKLE,0.37271085381507874,0.5757759809494019,0.22389204800128937,0.8870174288749695,CapturedFrames_2.0_2.0_-4.0/video.mp4#frame=32
32,RIGHT_ANKLE,0.4089367389678955,0.6038148403167725,0.13208897411823273,0.9818861484527588,CapturedFrames_2.0_2.0_-4.0/video.mp4#frame=32
32,LEFT_HEEL,0.36811211705207825,0.5937460064888,0.23322561383247375,0.8855246901512146,CapturedFrames_2.0_2.0_-4.0/video.mp4#frame=32
32,RIGHT_HEEL,0.4053471088409424,0.6237733960151672,0.14010584354400635,0.9652704000473022,CapturedFrames_2.0_2.0_-4.0/video.mp4#frame=32
32,LEFT_FOOT_INDEX,0.3842049837112427,0.5762898921966553,0.22462883591651917,0.9051596522331238,CapturedFrames_2.0_2.0_-4.0/video.mp4#frame=32
32,RIGHT_FOOT_INDEX,0.42968758940696716,0.596910834312439,0.11756620556116104,0.964090883731842,CapturedFrames_2.0_2.0_-4.0/video.mp4#frame=32
33,NOSE,0.3893108665943146,0.20187434554100037,0.00934856291860342,0.9998470544815063,CapturedFrames_2.0_2.0_-4.0/video.mp4#frame=33
33,LEFT_EYE_INNER,0.3861805498600006,0.19409680366516113,-0.0001878375915111974,0.9997767806053162,CapturedFrames_2.0_2.0_-4.0/video.mp4#frame=33
33,LEFT_EYE,0.38424062728881836,0.1940440535545349,-0.0001924850803334266,0.9997692704200745,CapturedFrames_2.0_2.0_-4.0/video.mp4#frame=33
33,LEFT_EYE_OUTER,0.3820723295211792,0.19404055178165436,-0.0001881790958577767,0.9997579455375671,CapturedFrames_2.0_2.0_-4.0/video.mp4#frame=33
33,RIGHT_EYE_INNER,0.39065176248550415,0.19431911408901215,-0.008248318918049335,0.999819815158844,CapturedFrames_2.0_2.0_-4.0/video.mp4#frame=33
33,RIGHT_EYE,0.3918338418006897,0.1944343000650406,-0.008254129439592361,0.9998019337654114,CapturedFrames_2.0_2.0_-4.0/video.mp4#frame=33
33,RIGHT_EYE_OUTER,0.39303869009017944,0.19464150071144104,-0.00829912256449461,0.9997926354408264,CapturedFrames_2.0_2.0_-4.0/video.mp4#frame=33
33,LEFT_EAR,0.37702205777168274,0.1983875334262848,-0.030248671770095825,0.9997270703315735,CapturedFrames_2.0_2.0_-4.0/video.mp4#frame=33
33,RIGHT_EAR,0.39293810725212097,0.20013752579689026,-0.06612930446863174,0.9998040795326233,CapturedFrames_2.0_2.0_-4.0/video.mp4#frame=33
33,MOUTH_LEFT,0.38676974177360535,0.2118823379278183,0.001960426103323698,0.9998499155044556,CapturedFrames_2.0_2.0_-4.0/video.mp4#frame=33
33,MOUTH_RIGHT,0.39120399951934814,0.21119338274002075,-0.00837562046945095,0.9998993873596191,CapturedFrames_2.0_2.0_-4.0/video.mp4#frame=33
33,LEFT_SHOULDER,0.3580666184425354,0.2651771605014801,-0.007465994451195002,0.9996905326843262,CapturedFrames_2.0_2.0_-4.0/video.mp4#frame=33
33,RIGHT_SHOULDER,0.3995877206325531,0.2672048807144165,-0.11316299438476562,0.99997878074646,CapturedFrames_2.0_2.0_-4.0/video.mp4#frame=33
33,LEFT_ELBOW,0.35580259561538696,0.3432598412036896,0.011677560396492481,0.6927940249443054,CapturedFrames_2.0_2.0_-4.0/video.mp4#frame=33
33,RIGHT_ELBOW,0.41382867097854614,0.3483937680721283,-0.10889862477779388,0.9922188520431519,CapturedFrames_2.0_2.0_-4.0/video.mp4#frame=33
33,LEFT_WRIST,0.3573538064956665,0.40460196137428284,0.021540585905313492,0.44739747047424316,CapturedFrames_2.0_2.0_-4.0/video.mp4#frame=33
33,RIGHT_WRIST,0.43221908807754517,0.40682604908943176,-0.06637301295995712,0.951518177986145,CapturedFrames_2.0_2.0_-4.0/video.mp4#frame=33
33,LEFT_PINKY,0.3570663332939148,0.4242948889732361,0.024255434051156044,0.39607322216033936,CapturedFrames_2.0_2.0_-4.0/video.mp4#frame=33
33,RIGHT_PINKY,0.43371468782424927,0.42469629645347595,-0.07486138492822647,0.9117758870124817,CapturedFrames_2.0_2.0_-4.0/video.mp4#frame=33
33,LEFT_INDEX,0.3592302203178406,0.42372503876686096,0.01528437901288271,0.3744502663612366,CapturedFrames_2.0_2.0_-4.0/video.mp4#frame=33
33,RIGHT_INDEX,0.43228116631507874,0.4235656261444092,-0.07296176999807358,0.902613639831543,CapturedFrames_2.0_2.0_-4.0/video.mp4#frame=33
33,LEFT_THUMB,0.36130139231681824,0.4166010022163391,0.018159223720431328,0.3149978518486023,CapturedFrames_2.0_2.0_-4.0/video.mp4#frame=33
33,RIGHT_THUMB,0.4308292865753174,0.4175538718700409,-0.0649092048406601,0.8636913299560547,CapturedFrames_2.0_2.0_-4.0/video.mp4#frame=33
33,LEFT_HIP,0.37353113293647766,0.40711355209350586,0.045261356979608536,0.9994415640830994,CapturedFrames_2.0_2.0_-4.0/video.mp4#frame=33
33,RIGHT_HIP,0.3974556624889374,0.4103451073169708,-0.045376650989055634,0.9997729659080505,CapturedFrames_2.0_2.0_-4.0/video.mp4#frame=33
33,LEFT_KNEE,0.38684746623039246,0.48142606019973755,0.15453580021858215,0.7750228643417358,CapturedFrames_2.0_2.0_-4.0/video.mp4#frame=33
33,RIGHT_KNEE,0.4046188294887543,0.4991534650325775,0.0450286827981472,0.9919657707214355,CapturedFrames_2.0_2.0_-4.0/video.mp4#frame=33
33,LEFT_ANKLE,0.3856944441795349,0.5647830367088318,0.2616725564002991,0.8923282027244568,CapturedFrames_2.0_2.0_-4.0/video.mp4#frame=33
33,RIGHT_ANKLE,0.4056723117828369,0.599489152431488,0.1297203153371811,0.990020751953125,CapturedFrames_2.0_2.0_-4.0/video.mp4#frame=33
33,LEFT_HEEL,0.38167306780815125,0.5839816927909851,0.2719370722770691,0.8841498494148254,CapturedFrames_2.0_2.0_-4.0/video.mp4#frame=33
33,RIGHT_HEEL,0.4021104872226715,0.6210358738899231,0.13770410418510437,0.9737783670425415,CapturedFrames_2.0_2.0_-4.0/video.mp4#frame=33
33,LEFT_FOOT_INDEX,0.39769136905670166,0.5579891204833984,0.2672971785068512,0.897625207901001,CapturedFrames_2.0_2.0_-4.0/video.mp4#frame=33
33,RIGHT_FOOT_INDEX,0.42660874128341675,0.5928518772125244,0.11291511356830597,0.9717123508453369,CapturedFrames_2.0_2.0_-4.0/video.mp4#frame=33
34,NOSE,0.39394038915634155,0.20306967198848724,0.028322404250502586,0.9999022483825684,CapturedFrames_2.0_2.0_-4.0/video.mp4#frame=34
34,LEFT_EYE_INNER,0.3907913267612457,0.19448144733905792,0.017270753160119057,0.9998847246170044,CapturedFrames_2.0_2.0_-4.0/video.mp4#frame=34
34,LEFT_EYE,0.3887646198272705,0.19409069418907166,0.017261669039726257,0.999874472618103,CapturedFrames_2.0_2.0_-4.0/video.mp4#frame=34
34,LEFT_EYE_OUTER,0.38669294118881226,0.1938600391149521,0.01725662313401699,0.9998762607574463,CapturedFrames_2.0_2.0_-4.0/video.mp4#frame=34
34,RIGHT_EYE_INNER,0.3952031135559082,0.19525396823883057,0.009842335246503353,0.9998844861984253,CapturedFrames_2.0_2.0_-4.0/video.mp4#frame=34
34,RIGHT_EYE,0.3963104784488678,0.19538769125938416,0.009828339330852032,0.9998531341552734,CapturedFrames_2.0_2.0_-4.0/video.mp4#frame=34
34,RIGHT_EYE_OUTER,0.39733490347862244,0.19561246037483215,0.009778980165719986,0.9998449087142944,CapturedFrames_2.0_2.0_-4.0/video.mp4#frame=34
34,LEFT_EAR,0.3817308843135834,0.19841749966144562,-0.01914326101541519,0.9998691082000732,CapturedFrames_2.0_2.0_-4.0/video.mp4#frame=34
34,RIGHT_EAR,0.39698925614356995,0.20005562901496887,-0.05258362740278244,0.9998832941055298,CapturedFrames_2.0_2.0_-4.0/video.mp4#frame=34
34,MOUTH_LEFT,0.3910672962665558,0.21271885931491852,0.01859096810221672,0.9999420642852783,CapturedFrames_2.0_2.0_-4.0/video.mp4#frame=34
34,MOUTH_RIGHT,0.39548978209495544,0.21281883120536804,0.0089208222925663,0.9999533891677856,CapturedFrames_2.0_2.0_-4.0/video.mp4#frame=34
34,LEFT_SHOULDER,0.36043259501457214,0.2663176357746124,-0.007049035280942917,0.9998974800109863,CapturedFrames_2.0_2.0_-4.0/video.mp4#frame=34
34,RIGHT_SHOULDER,0.40543121099472046,0.2671893537044525,-0.09850086271762848,0.999983549118042,CapturedFrames_2.0_2.0_-4.0/video.mp4#frame=34
34,LEFT_ELBOW,0.35889512300491333,0.34145933389663696,-0.00448892405256629,0.8856454491615295,CapturedFrames_2.0_2.0_-4.0/video.mp4#frame=34
34,RIGHT_ELBOW,0.42289218306541443,0.34292301535606384,-0.08099889755249023,0.9940477609634399,CapturedFrames_2.0_2.0_-4.0/video.mp4#frame=34
34,LEFT_WRIST,0.3560190796852112,0.40660765767097473,-0.010757697746157646,0.6943606734275818,CapturedFrames_2.0_2.0_-4.0/video.mp4#frame=34
34,RIGHT_WRIST,0.4388633668422699,0.3975808918476105,-0.01890016347169876,0.9197421669960022,CapturedFrames_2.0_2.0_-4.0/video.mp4#frame=34
34,LEFT_PINKY,0.35511475801467896,0.4254176616668701,-0.011630275286734104,0.5929577946662903,CapturedFrames_2.0_2.0_-4.0/video.mp4#frame=34
34,RIGHT_PINKY,0.44064193964004517,0.4129312336444855,-0.023342275992035866,0.8520346879959106,CapturedFrames_2.0_2.0_-4.0/video.mp4#frame=34
34,LEFT_INDEX,0.35854122042655945,0.4245087802410126,-0.01849435828626156,0.5659539699554443,CapturedFrames_2.0_2.0_-4.0/video.mp4#frame=34
34,RIGHT_INDEX,0.4388267397880554,0.4117735028266907,-0.021330025047063828,0.837189793586731,CapturedFrames_2.0_2.0_-4.0/video.mp4#frame=34
34,LEFT_THUMB,0.3605201244354248,0.4186357855796814,-0.013845296576619148,0.4790903329849243,CapturedFrames_2.0_2.0_-4.0/video.mp4#frame=34
34,RIGHT_THUMB,0.43779507279396057,0.4073220491409302,-0.01707351952791214,0.787916362285614,CapturedFrames_2.0_2.0_-4.0/video.mp4#frame=34
34,LEFT_HIP,0.3756919205188751,0.402972549200058,0.04249412938952446,0.9994811415672302,CapturedFrames_2.0_2.0_-4.0/video.mp4#frame=34
34,RIGHT_HIP,0.40058737993240356,0.4072333574295044,-0.04263642802834511,0.9998124241828918,CapturedFrames_2.0_2.0_-4.0/video.mp4#frame=34
34,LEFT_KNEE,0.3974493145942688,0.47987115383148193,0.15938545763492584,0.6836782693862915,CapturedFrames_2.0_2.0_-4.0/video.mp4#frame=34
34,RIGHT_KNEE,0.40591925382614136,0.5020016431808472,0.03737954795360565,0.9872942566871643,CapturedFrames_2.0_2.0_-4.0/video.mp4#frame=34
34,LEFT_ANKLE,0.3970348536968231,0.5436994433403015,0.2675458788871765,0.7424339652061462,CapturedFrames_2.0_2.0_-4.0/video.mp4#frame=34
34,RIGHT_ANKLE,0.4054533541202545,0.6016855239868164,0.11506766080856323,0.9726090431213379,CapturedFrames_2.0_2.0_-4.0/video.mp4#frame=34
34,LEFT_HEEL,0.3986421525478363,0.561454713344574,0.27820903062820435,0.7971972227096558,CapturedFrames_2.0_2.0_-4.0/video.mp4#frame=34
34,RIGHT_HEEL,0.4019904136657715,0.622182309627533,0.12280096113681793,0.9553759694099426,CapturedFrames_2.0_2.0_-4.0/video.mp4#frame=34
34,LEFT_FOOT_INDEX,0.41504496335983276,0.5468145608901978,0.27380847930908203,0.7187156081199646,CapturedFrames_2.0_2.0_-4.0/video.mp4#frame=34
34,RIGHT_FOOT_INDEX,0.42419248819351196,0.5955355167388916,0.09727627784013748,0.8966960906982422,CapturedFrames_2.0_2.0_-4.0/video.mp4#frame=34
35,NOSE,0.39790353178977966,0.20321650803089142,0.013922736048698425,0.9998451471328735,CapturedFrames_2.0_2.0_-4.0/video.mp4#frame=35
35,LEFT_EYE_INNER,0.39460837841033936,0.1957424432039261,0.0037641115486621857,0.9998069405555725,CapturedFrames_2.0_2.0_-4.0/video.mp4#frame=35
35,LEFT_EYE,0.39262279868125916,0.19568604230880737,0.00374349532648921,0.9997968077659607,CapturedFrames_2.0_2.0_-4.0/video.mp4#frame=35
35,LEFT_EYE_OUTER,0.39061179757118225,0.19574832916259766,0.0037426012568175793,0.9998021721839905,CapturedFrames_2.0_2.0_-4.0/video.mp4#frame=35
35,RIGHT_EYE_INNER,0.39894482493400574,0.19589246809482574,-0.002934725722298026,0.9997981190681458,CapturedFrames_2.0_2.0_-4.0/video.mp4#frame=35
35,RIGHT_EYE,0.4001196026802063,0.1958744078874588,-0.0029345008078962564,0.9997448325157166,CapturedFrames_2.0_2.0_-4.0/video.mp4#frame=35
35,RIGHT_EYE_OUTER,0.40129250288009644,0.19589640200138092,-0.002974406350404024,0.9997256398200989,CapturedFrames_2.0_2.0_-4.0/video.mp4#frame=35
35,LEFT_EAR,0.38551589846611023,0.20029810070991516,-0.027348792180418968,0.9998194575309753,CapturedFrames_2.0_2.0_-4.0/video.mp4#frame=35
35,RIGHT_EAR,0.40033668279647827,0.20040380954742432,-0.05777525156736374,0.999767005443573,CapturedFrames_2.0_2.0_-4.0/video.mp4#frame=35
35,MOUTH_LEFT,0.3952241539955139,0.21201473474502563,0.0059570022858679295,0.9999047517776489,CapturedFrames_2.0_2.0_-4.0/video.mp4#frame=35
35,MOUTH_RIGHT,0.3995395004749298,0.21189212799072266,-0.0028119878843426704,0.9999072551727295,CapturedFrames_2.0_2.0_-4.0/video.mp4#frame=35
35,LEFT_SHOULDER,0.3643438518047333,0.2662256956100464,-0.013844084925949574,0.9998977184295654,CapturedFrames_2.0_2.0_-4.0/video.mp4#frame=35
35,RIGHT_SHOULDER,0.40936803817749023,0.2642853260040283,-0.09892110526561737,0.9999805688858032,CapturedFrames_2.0_2.0_-4.0/video.mp4#frame=35
35,LEFT_ELBOW,0.36083462834358215,0.34269851446151733,-0.0073332772590219975,0.9570964574813843,CapturedFrames_2.0_2.0_-4.0/video.mp4#frame=35
35,RIGHT_ELBOW,0.42885246872901917,0.3366088569164276,-0.09214410185813904,0.991682767868042,CapturedFrames_2.0_2.0_-4.0/video.mp4#frame=35
35,LEFT_WRIST,0.357295423746109,0.40390995144844055,-0.0077734217047691345,0.8693409562110901,CapturedFrames_2.0_2.0_-4.0/video.mp4#frame=35
35,RIGHT_WRIST,0.4463745951652527,0.3867449164390564,-0.04978076368570328,0.9399923086166382,CapturedFrames_2.0_2.0_-4.0/video.mp4#frame=35
35,LEFT_PINKY,0.3557945489883423,0.42139166593551636,-0.00823721569031477,0.7775623798370361,CapturedFrames_2.0_2.0_-4.0/video.mp4#frame=35
35,RIGHT_PINKY,0.4479377865791321,0.4031852185726166,-0.05783706158399582,0.8825827836990356,CapturedFrames_2.0_2.0_-4.0/video.mp4#frame=35
35,LEFT_INDEX,0.3587437868118286,0.4205814003944397,-0.015500669367611408,0.7598718404769897,CapturedFrames_2.0_2.0_-4.0/video.mp4#frame=35
35,RIGHT_INDEX,0.4460567533969879,0.40160030126571655,-0.055425070226192474,0.8699109554290771,CapturedFrames_2.0_2.0_-4.0/video.mp4#frame=35
35,LEFT_THUMB,0.3618282675743103,0.41376638412475586,-0.010524537414312363,0.6879463195800781,CapturedFrames_2.0_2.0_-4.0/video.mp4#frame=35
35,RIGHT_THUMB,0.44518786668777466,0.39637264609336853,-0.04832654818892479,0.822959840297699,CapturedFrames_2.0_2.0_-4.0/video.mp4#frame=35
35,LEFT_HIP,0.3798562288284302,0.4011107087135315,0.040906522423028946,0.9992432594299316,CapturedFrames_2.0_2.0_-4.0/video.mp4#frame=35
35,RIGHT_HIP,0.4030342996120453,0.4055957496166229,-0.0410248227417469,0.9997528195381165,CapturedFrames_2.0_2.0_-4.0/video.mp4#frame=35
35,LEFT_KNEE,0.4039005637168884,0.46973782777786255,0.1590956151485443,0.6877532601356506,CapturedFrames_2.0_2.0_-4.0/video.mp4#frame=35
35,RIGHT_KNEE,0.4091392457485199,0.503004789352417,0.03471871092915535,0.9891498684883118,CapturedFrames_2.0_2.0_-4.0/video.mp4#frame=35
35,LEFT_ANKLE,0.4108065664768219,0.5320705771446228,0.26841071248054504,0.7723729014396667,CapturedFrames_2.0_2.0_-4.0/video.mp4#frame=35
35,RIGHT_ANKLE,0.4068586230278015,0.5982732176780701,0.10927616059780121,0.9805946946144104,CapturedFrames_2.0_2.0_-4.0/video.mp4#frame=35
35,LEFT_HEEL,0.4096359312534332,0.5531684756278992,0.27877840399742126,0.8035473227500916,CapturedFrames_2.0_2.0_-4.0/video.mp4#frame=35
35,RIGHT_HEEL,0.4040304720401764,0.618979811668396,0.11640338599681854,0.9519040584564209,CapturedFrames_2.0_2.0_-4.0/video.mp4#frame=35
35,LEFT_FOOT_INDEX,0.41911745071411133,0.5308403372764587,0.2734787166118622,0.7887948155403137,CapturedFrames_2.0_2.0_-4.0/video.mp4#frame=35
35,RIGHT_FOOT_INDEX,0.4242522716522217,0.594782829284668,0.08810340613126755,0.9343661069869995,CapturedFrames_2.0_2.0_-4.0/video.mp4#frame=35
36,NOSE,0.39900317788124084,0.20540231466293335,0.033252738416194916,0.9999141693115234,CapturedFrames_2.0_2.0_-4.0/video.mp4#frame=36
36,LEFT_EYE_INNER,0.3956177532672882,0.19782654941082,0.020405322313308716,0.9998985528945923,CapturedFrames_2.0_2.0_-4.0/video.mp4#frame=36
36,LEFT_EYE,0.39332541823387146,0.1976865530014038,0.02039063535630703,0.9998955726623535,CapturedFrames_2.0_2.0_-4.0/video.mp4#frame=36
36,LEFT_EYE_OUTER,0.39108210802078247,0.19768710434436798,0.020387135446071625,0.9998879432678223,CapturedFrames_2.0_2.0_-4.0/video.mp4#frame=36
36,RIGHT_EYE_INNER,0.40057459473609924,0.1982019990682602,0.01498732902109623,0.9998866319656372,CapturedFrames_2.0_2.0_-4.0/video.mp4#frame=36
36,RIGHT_EYE,0.4018279016017914,0.19832627475261688,0.01497290562838316,0.9998599290847778,CapturedFrames_2.0_2.0_-4.0/video.mp4#frame=36
36,RIGHT_EYE_OUTER,0.40301141142845154,0.19855691492557526,0.014915292151272297,0.9998384714126587,CapturedFrames_2.0_2.0_-4.0/video.mp4#frame=36
36,LEFT_EAR,0.38731497526168823,0.20240060985088348,-0.021163377910852432,0.999893069267273,CapturedFrames_2.0_2.0_-4.0/video.mp4#frame=36
36,RIGHT_EAR,0.40334901213645935,0.2030792087316513,-0.04611712321639061,0.9998830556869507,CapturedFrames_2.0_2.0_-4.0/video.mp4#frame=36
36,MOUTH_LEFT,0.3961276113986969,0.21448016166687012,0.021640680730342865,0.9999390840530396,CapturedFrames_2.0_2.0_-4.0/video.mp4#frame=36
36,MOUTH_RIGHT,0.40112772583961487,0.21395307779312134,0.014365178532898426,0.9999369382858276,CapturedFrames_2.0_2.0_-4.0/video.mp4#frame=36
36,LEFT_SHOULDER,0.36841610074043274,0.268307626247406,-0.012213856913149357,0.9999423027038574,CapturedFrames_2.0_2.0_-4.0/video.mp4#frame=36
36,RIGHT_SHOULDER,0.41751807928085327,0.2692984640598297,-0.08938179165124893,0.9999840259552002,CapturedFrames_2.0_2.0_-4.0/video.mp4#frame=36
36,LEFT_ELBOW,0.3644927144050598,0.34112274646759033,-0.003924791235476732,0.9824740290641785,CapturedFrames_2.0_2.0_-4.0/video.mp4#frame=36
36,RIGHT_ELBOW,0.4377724230289459,0.33718737959861755,-0.06366848200559616,0.9925822019577026,CapturedFrames_2.0_2.0_-4.0/video.mp4#frame=36
36,LEFT_WRIST,0.35918885469436646,0.40462952852249146,0.002943416591733694,0.9125849604606628,CapturedFrames_2.0_2.0_-4.0/video.mp4#frame=36
36,RIGHT_WRIST,0.4522777497768402,0.375307559967041,0.01032080315053463,0.8650844693183899,CapturedFrames_2.0_2.0_-4.0/video.mp4#frame=36
36,LEFT_PINKY,0.3575202226638794,0.42235231399536133,0.004917152225971222,0.8208904266357422,CapturedFrames_2.0_2.0_-4.0/video.mp4#frame=36
36,RIGHT_PINKY,0.45413142442703247,0.3917812407016754,0.010204656980931759,0.7442058324813843,CapturedFrames_2.0_2.0_-4.0/video.mp4#frame=36
36,LEFT_INDEX,0.3605111539363861,0.4209382236003876,-0.000895181845407933,0.8065431714057922,CapturedFrames_2.0_2.0_-4.0/video.mp4#frame=36
36,RIGHT_INDEX,0.4524552822113037,0.3894757628440857,0.013290482573211193,0.7266894578933716,CapturedFrames_2.0_2.0_-4.0/video.mp4#frame=36
36,LEFT_THUMB,0.36343058943748474,0.41410669684410095,0.0008445849525742233,0.7334903478622437,CapturedFrames_2.0_2.0_-4.0/video.mp4#frame=36
36,RIGHT_THUMB,0.45131915807724,0.38361772894859314,0.013002896681427956,0.6717600226402283,CapturedFrames_2.0_2.0_-4.0/video.mp4#frame=36
36,LEFT_HIP,0.38546451926231384,0.4018860161304474,0.039172060787677765,0.9996325969696045,CapturedFrames_2.0_2.0_-4.0/video.mp4#frame=36
36,RIGHT_HIP,0.4087294936180115,0.40557587146759033,-0.039338383823633194,0.9999057054519653,CapturedFrames_2.0_2.0_-4.0/video.mp4#frame=36
36,LEFT_KNEE,0.40941494703292847,0.44996654987335205,0.17029845714569092,0.7209423780441284,CapturedFrames_2.0_2.0_-4.0/video.mp4#frame=36
36,RIGHT_KNEE,0.4148545265197754,0.5000759363174438,0.033759769052267075,0.9912427663803101,CapturedFrames_2.0_2.0_-4.0/video.mp4#frame=36
36,LEFT_ANKLE,0.4205038547515869,0.5088969469070435,0.28530243039131165,0.7714446187019348,CapturedFrames_2.0_2.0_-4.0/video.mp4#frame=36
36,RIGHT_ANKLE,0.4066886007785797,0.5935713648796082,0.10680881887674332,0.9807727336883545,CapturedFrames_2.0_2.0_-4.0/video.mp4#frame=36
36,LEFT_HEEL,0.4205484986305237,0.5260904431343079,0.2967681288719177,0.8174285292625427,CapturedFrames_2.0_2.0_-4.0/video.mp4#frame=36
36,RIGHT_HEEL,0.40291109681129456,0.6162658929824829,0.11426683515310287,0.9584213495254517,CapturedFrames_2.0_2.0_-4.0/video.mp4#frame=36
36,LEFT_FOOT_INDEX,0.42739954590797424,0.5129584074020386,0.2954760193824768,0.729206919670105,CapturedFrames_2.0_2.0_-4.0/video.mp4#frame=36
36,RIGHT_FOOT_INDEX,0.42510947585105896,0.5946623086929321,0.08780963718891144,0.9201341271400452,CapturedFrames_2.0_2.0_-4.0/video.mp4#frame=36
37,NOSE,0.40275296568870544,0.2077423483133316,0.03460808843374252,0.999935507774353,CapturedFrames_2.0_2.0_-4.0/video.mp4#frame=37
37,LEFT_EYE_INNER,0.39941084384918213,0.20037329196929932,0.021492894738912582,0.9999245405197144,CapturedFrames_2.0_2.0_-4.0/video.mp4#frame=37
37,LEFT_EYE,0.3972747027873993,0.2003205120563507,0.02147676609456539,0.9999239444732666,CapturedFrames_2.0_2.0_-4.0/video.mp4#frame=37
37,LEFT_EYE_OUTER,0.3950543999671936,0.20037920773029327,0.021470200270414352,0.9999140501022339,CapturedFrames_2.0_2.0_-4.0/video.mp4#frame=37
37,RIGHT_EYE_INNER,0.4045385718345642,0.2006220519542694,0.016392257064580917,0.9999092817306519,CapturedFrames_2.0_2.0_-4.0/video.mp4#frame=37
37,RIGHT_EYE,0.40590906143188477,0.20066668093204498,0.016384689137339592,0.9998904466629028,CapturedFrames_2.0_2.0_-4.0/video.mp4#frame=37
37,RIGHT_EYE_OUTER,0.40733131766319275,0.2007690817117691,0.016334109008312225,0.9998713731765747,CapturedFrames_2.0_2.0_-4.0/video.mp4#frame=37
37,LEFT_EAR,0.3912293016910553,0.20495101809501648,-0.019641859456896782,0.9999151229858398,CapturedFrames_2.0_2.0_-4.0/video.mp4#frame=37
37,RIGHT_EAR,0.40827783942222595,0.20524495840072632,-0.04366563260555267,0.9998953342437744,CapturedFrames_2.0_2.0_-4.0/video.mp4#frame=37
37,MOUTH_LEFT,0.4004910886287689,0.21638523042201996,0.02320680022239685,0.9999452829360962,CapturedFrames_2.0_2.0_-4.0/video.mp4#frame=37
37,MOUTH_RIGHT,0.4055357575416565,0.21595168113708496,0.016155989840626717,0.9999358654022217,CapturedFrames_2.0_2.0_-4.0/video.mp4#frame=37
37,LEFT_SHOULDER,0.3725776970386505,0.2688060998916626,-0.013108943589031696,0.9999639987945557,CapturedFrames_2.0_2.0_-4.0/video.mp4#frame=37
37,RIGHT_SHOULDER,0.42202481627464294,0.2697678208351135,-0.08390479534864426,0.999988317489624,CapturedFrames_2.0_2.0_-4.0/video.mp4#frame=37
37,LEFT_ELBOW,0.3692014813423157,0.3414376974105835,0.0014999844133853912,0.9896921515464783,CapturedFrames_2.0_2.0_-4.0/video.mp4#frame=37
37,RIGHT_ELBOW,0.44279247522354126,0.33252328634262085,-0.05973479896783829,0.9940159320831299,CapturedFrames_2.0_2.0_-4.0/video.mp4#frame=37
37,LEFT_WRIST,0.3631468713283539,0.40212389826774597,0.017077336087822914,0.926324725151062,CapturedFrames_2.0_2.0_-4.0/video.mp4#frame=37
37,RIGHT_WRIST,0.4578545093536377,0.3698529005050659,0.011225341819226742,0.8601858615875244,CapturedFrames_2.0_2.0_-4.0/video.mp4#frame=37
37,LEFT_PINKY,0.3616536259651184,0.42113515734672546,0.021738022565841675,0.8357623815536499,CapturedFrames_2.0_2.0_-4.0/video.mp4#frame=37
37,RIGHT_PINKY,0.4598737359046936,0.38380083441734314,0.012112049385905266,0.735188364982605,CapturedFrames_2.0_2.0_-4.0/video.mp4#frame=37
37,LEFT_INDEX,0.36414194107055664,0.41967636346817017,0.015831364318728447,0.8240432739257812,CapturedFrames_2.0_2.0_-4.0/video.mp4#frame=37
37,RIGHT_INDEX,0.4579087197780609,0.3822043836116791,0.01462681032717228,0.7193083167076111,CapturedFrames_2.0_2.0_-4.0/video.mp4#frame=37
37,LEFT_THUMB,0.3671506643295288,0.41204339265823364,0.015526565723121166,0.762438952922821,CapturedFrames_2.0_2.0_-4.0/video.mp4#frame=37
37,RIGHT_THUMB,0.4567717909812927,0.37763717770576477,0.013823154382407665,0.6588846445083618,CapturedFrames_2.0_2.0_-4.0/video.mp4#frame=37
37,LEFT_HIP,0.3890974521636963,0.4012429416179657,0.034778766334056854,0.9997439980506897,CapturedFrames_2.0_2.0_-4.0/video.mp4#frame=37
37,RIGHT_HIP,0.41334956884384155,0.4029543697834015,-0.0349268764257431,0.9999562501907349,CapturedFrames_2.0_2.0_-4.0/video.mp4#frame=37
37,LEFT_KNEE,0.41028863191604614,0.43784916400909424,0.1682528704404831,0.5471112728118896,CapturedFrames_2.0_2.0_-4.0/video.mp4#frame=37
37,RIGHT_KNEE,0.41624554991722107,0.4997051954269409,0.02337948977947235,0.9875448346138,CapturedFrames_2.0_2.0_-4.0/video.mp4#frame=37
37,LEFT_ANKLE,0.42680034041404724,0.48862630128860474,0.2805007994174957,0.6427751183509827,CapturedFrames_2.0_2.0_-4.0/video.mp4#frame=37
37,RIGHT_ANKLE,0.40823134779930115,0.5936727523803711,0.08101717382669449,0.980556845664978,CapturedFrames_2.0_2.0_-4.0/video.mp4#frame=37
37,LEFT_HEEL,0.43010464310646057,0.49061471223831177,0.2918423116207123,0.7810719609260559,CapturedFrames_2.0_2.0_-4.0/video.mp4#frame=37
37,RIGHT_HEEL,0.4034274220466614,0.6152315139770508,0.08680040389299393,0.9646758437156677,CapturedFrames_2.0_2.0_-4.0/video.mp4#frame=37
37,LEFT_FOOT_INDEX,0.43122005462646484,0.49867722392082214,0.2937511205673218,0.6165842413902283,CapturedFrames_2.0_2.0_-4.0/video.mp4#frame=37
37,RIGHT_FOOT_INDEX,0.423544704914093,0.5921377539634705,0.06108800694346428,0.9233070015907288,CapturedFrames_2.0_2.0_-4.0/video.mp4#frame=37
38,NOSE,0.40668192505836487,0.20875635743141174,0.026367824524641037,0.9999042749404907,CapturedFrames_2.0_2.0_-4.0/video.mp4#frame=38
38,LEFT_EYE_INNER,0.4031446576118469,0.20134253799915314,0.011546711437404156,0.9998917579650879,CapturedFrames_2.0_2.0_-4.0/video.mp4#frame=38
38,LEFT_EYE,0.4011797308921814,0.20140451192855835,0.011520696803927422,0.9998950958251953,CapturedFrames_2.0_2.0_-4.0/video.mp4#frame=38
38,LEFT_EYE_OUTER,0.3992284834384918,0.20157845318317413,0.011509181931614876,0.9998792409896851,CapturedFrames_2.0_2.0_-4.0/video.mp4#frame=38
38,RIGHT_EYE_INNER,0.4081502854824066,0.20138056576251984,0.007971402257680893,0.9998639822006226,CapturedFrames_2.0_2.0_-4.0/video.mp4#frame=38
38,RIGHT_EYE,0.4096267819404602,0.2013484686613083,0.007963014766573906,0.9998418092727661,CapturedFrames_2.0_2.0_-4.0/video.mp4#frame=38
38,RIGHT_EYE_OUTER,0.41109809279441833,0.2013486921787262,0.007911079563200474,0.9998145699501038,CapturedFrames_2.0_2.0_-4.0/video.mp4#frame=38
38,LEFT_EAR,0.39567145705223083,0.20639267563819885,-0.03482293337583542,0.9999083280563354,CapturedFrames_2.0_2.0_-4.0/video.mp4#frame=38
38,RIGHT_EAR,0.41169971227645874,0.20628638565540314,-0.051749616861343384,0.9998823404312134,CapturedFrames_2.0_2.0_-4.0/video.mp4#frame=38
38,MOUTH_LEFT,0.4046618342399597,0.21727409958839417,0.013173244893550873,0.999941349029541,CapturedFrames_2.0_2.0_-4.0/video.mp4#frame=38
38,MOUTH_RIGHT,0.4096801280975342,0.21691852807998657,0.008236139081418514,0.9999204874038696,CapturedFrames_2.0_2.0_-4.0/video.mp4#frame=38
38,LEFT_SHOULDER,0.3777390718460083,0.26857298612594604,-0.031802672892808914,0.9999755620956421,CapturedFrames_2.0_2.0_-4.0/video.mp4#frame=38
38,RIGHT_SHOULDER,0.42709881067276,0.27071693539619446,-0.08656113594770432,0.9999905824661255,CapturedFrames_2.0_2.0_-4.0/video.mp4#frame=38
38,LEFT_ELBOW,0.3734291195869446,0.3426976799964905,-0.018892306834459305,0.9932061433792114,CapturedFrames_2.0_2.0_-4.0/video.mp4#frame=38
38,RIGHT_ELBOW,0.44836148619651794,0.3315959572792053,-0.048602961003780365,0.9891097545623779,CapturedFrames_2.0_2.0_-4.0/video.mp4#frame=38
38,LEFT_WRIST,0.36613762378692627,0.40258580446243286,0.00042507913894951344,0.9444301724433899,CapturedFrames_2.0_2.0_-4.0/video.mp4#frame=38
38,RIGHT_WRIST,0.4618442952632904,0.36502620577812195,0.038614802062511444,0.8082799911499023,CapturedFrames_2.0_2.0_-4.0/video.mp4#frame=38
38,LEFT_PINKY,0.3658898174762726,0.4225029945373535,0.0030114364344626665,0.8588592410087585,CapturedFrames_2.0_2.0_-4.0/video.mp4#frame=38
38,RIGHT_PINKY,0.4643872380256653,0.3786981403827667,0.04221750795841217,0.6622864007949829,CapturedFrames_2.0_2.0_-4.0/video.mp4#frame=38
38,LEFT_INDEX,0.3679504692554474,0.4231964647769928,-0.001343194511719048,0.849412739276886,CapturedFrames_2.0_2.0_-4.0/video.mp4#frame=38
38,RIGHT_INDEX,0.4625937342643738,0.37676793336868286,0.04225236177444458,0.6446033120155334,CapturedFrames_2.0_2.0_-4.0/video.mp4#frame=38
38,LEFT_THUMB,0.3692074418067932,0.4163602292537689,-0.0006193916196934879,0.7913177013397217,CapturedFrames_2.0_2.0_-4.0/video.mp4#frame=38
38,RIGHT_THUMB,0.46122732758522034,0.3722403645515442,0.04048318415880203,0.6052151322364807,CapturedFrames_2.0_2.0_-4.0/video.mp4#frame=38
38,LEFT_HIP,0.3949720561504364,0.3997271955013275,0.0307652298361063,0.9997836947441101,CapturedFrames_2.0_2.0_-4.0/video.mp4#frame=38
38,RIGHT_HIP,0.41625887155532837,0.4035603702068329,-0.030871594324707985,0.99996018409729,CapturedFrames_2.0_2.0_-4.0/video.mp4#frame=38
38,LEFT_KNEE,0.41369229555130005,0.4285174608230591,0.1695690006017685,0.4276070296764374,CapturedFrames_2.0_2.0_-4.0/video.mp4#frame=38
38,RIGHT_KNEE,0.41947340965270996,0.5031127333641052,0.03837160766124725,0.9795913696289062,CapturedFrames_2.0_2.0_-4.0/video.mp4#frame=38
38,LEFT_ANKLE,0.4301289916038513,0.48439595103263855,0.2872518002986908,0.4973231256008148,CapturedFrames_2.0_2.0_-4.0/video.mp4#frame=38
38,RIGHT_ANKLE,0.40820303559303284,0.5924975275993347,0.10423489660024643,0.9665145874023438,CapturedFrames_2.0_2.0_-4.0/video.mp4#frame=38
38,LEFT_HEEL,0.43444544076919556,0.48765289783477783,0.2992163300514221,0.6575145125389099,CapturedFrames_2.0_2.0_-4.0/video.mp4#frame=38
38,RIGHT_HEEL,0.40354451537132263,0.6164554953575134,0.11080320924520493,0.9425285458564758,CapturedFrames_2.0_2.0_-4.0/video.mp4#frame=38
38,LEFT_FOOT_INDEX,0.43753117322921753,0.479563444852829,0.3021571934223175,0.5249089598655701,CapturedFrames_2.0_2.0_-4.0/video.mp4#frame=38
38,RIGHT_FOOT_INDEX,0.4242985248565674,0.5910197496414185,0.08445024490356445,0.895890474319458,CapturedFrames_2.0_2.0_-4.0/video.mp4#frame=38
39,NOSE,0.41127127408981323,0.21158528327941895,0.020584676414728165,0.9999262094497681,CapturedFrames_2.0_2.0_-4.0/video.mp4#frame=39
39,LEFT_EYE_INNER,0.4078461229801178,0.20432648062705994,0.006962638348340988,0.9999107122421265,CapturedFrames_2.0_2.0_-4.0/video.mp4#frame=39
39,LEFT_EYE,0.4059201180934906,0.20426681637763977,0.006946969777345657,0.999915361404419,CapturedFrames_2.0_2.0_-4.0/video.mp4#frame=39
39,LEFT_EYE_OUTER,0.40402013063430786,0.2044079601764679,0.006949961185455322,0.9998958110809326,CapturedFrames_2.0_2.0_-4.0/video.mp4#frame=39
39,RIGHT_EYE_INNER,0.4124867022037506,0.204445481300354,0.003296502633020282,0.9998923540115356,CapturedFrames_2.0_2.0_-4.0/video.mp4#frame=39
39,RIGHT_EYE,0.4138602614402771,0.20434144139289856,0.003295173402875662,0.9998788833618164,CapturedFrames_2.0_2.0_-4.0/video.mp4#frame=39
39,RIGHT_EYE_OUTER,0.4152325689792633,0.20426510274410248,0.0032526892609894276,0.9998469352722168,CapturedFrames_2.0_2.0_-4.0/video.mp4#frame=39
39,LEFT_EAR,0.40029534697532654,0.2099907398223877,-0.03489569574594498,0.9999189376831055,CapturedFrames_2.0_2.0_-4.0/video.mp4#frame=39
39,RIGHT_EAR,0.415905237197876,0.2084721177816391,-0.052481599152088165,0.9998934268951416,CapturedFrames_2.0_2.0_-4.0/video.mp4#frame=39
39,MOUTH_LEFT,0.409161239862442,0.22030457854270935,0.008716476149857044,0.999953031539917,CapturedFrames_2.0_2.0_-4.0/video.mp4#frame=39
39,MOUTH_RIGHT,0.4136720299720764,0.22027280926704407,0.0036193884443491697,0.9999452829360962,CapturedFrames_2.0_2.0_-4.0/video.mp4#frame=39
39,LEFT_SHOULDER,0.38182446360588074,0.2718336582183838,-0.026937520131468773,0.9999698400497437,CapturedFrames_2.0_2.0_-4.0/video.mp4#frame=39
39,RIGHT_SHOULDER,0.4308631420135498,0.27041399478912354,-0.08851836621761322,0.9999923706054688,CapturedFrames_2.0_2.0_-4.0/video.mp4#frame=39
39,LEFT_ELBOW,0.3772295415401459,0.34398290514945984,-0.013651986606419086,0.9889310002326965,CapturedFrames_2.0_2.0_-4.0/video.mp4#frame=39
39,RIGHT_ELBOW,0.4520891308784485,0.32776421308517456,-0.060152698308229446,0.9900826811790466,CapturedFrames_2.0_2.0_-4.0/video.mp4#frame=39
39,LEFT_WRIST,0.37092381715774536,0.4044864773750305,0.0005273334099911153,0.9499229192733765,CapturedFrames_2.0_2.0_-4.0/video.mp4#frame=39
39,RIGHT_WRIST,0.4663350582122803,0.36399972438812256,0.011817649006843567,0.8712595701217651,CapturedFrames_2.0_2.0_-4.0/video.mp4#frame=39
39,LEFT_PINKY,0.37029576301574707,0.42205819487571716,0.0022125854156911373,0.8847760558128357,CapturedFrames_2.0_2.0_-4.0/video.mp4#frame=39
39,RIGHT_PINKY,0.4690696597099304,0.37877321243286133,0.012734750285744667,0.7653033137321472,CapturedFrames_2.0_2.0_-4.0/video.mp4#frame=39
39,LEFT_INDEX,0.37174347043037415,0.4216412901878357,-0.00275523797608912,0.8748999238014221,CapturedFrames_2.0_2.0_-4.0/video.mp4#frame=39
39,RIGHT_INDEX,0.4673307538032532,0.3760184943675995,0.012402006424963474,0.7502304911613464,CapturedFrames_2.0_2.0_-4.0/video.mp4#frame=39
39,LEFT_THUMB,0.3728836476802826,0.4169292747974396,-0.0007941013318486512,0.8206638097763062,CapturedFrames_2.0_2.0_-4.0/video.mp4#frame=39
39,RIGHT_THUMB,0.46593016386032104,0.3709734082221985,0.013278121128678322,0.7043741941452026,CapturedFrames_2.0_2.0_-4.0/video.mp4#frame=39
39,LEFT_HIP,0.3995596766471863,0.39756661653518677,0.03460466116666794,0.9998175501823425,CapturedFrames_2.0_2.0_-4.0/video.mp4#frame=39
39,RIGHT_HIP,0.4213124215602875,0.4027743339538574,-0.03474249318242073,0.9999711513519287,CapturedFrames_2.0_2.0_-4.0/video.mp4#frame=39
39,LEFT_KNEE,0.4187702238559723,0.4232885539531708,0.1752488911151886,0.5225809812545776,CapturedFrames_2.0_2.0_-4.0/video.mp4#frame=39
39,RIGHT_KNEE,0.42074450850486755,0.49707645177841187,0.025755438953638077,0.988526463508606,CapturedFrames_2.0_2.0_-4.0/video.mp4#frame=39
39,LEFT_ANKLE,0.4280151426792145,0.49244287610054016,0.29460033774375916,0.683161735534668,CapturedFrames_2.0_2.0_-4.0/video.mp4#frame=39
39,RIGHT_ANKLE,0.409578800201416,0.5890926122665405,0.08199754357337952,0.9811027646064758,CapturedFrames_2.0_2.0_-4.0/video.mp4#frame=39
39,LEFT_HEEL,0.4296121597290039,0.5002132058143616,0.30639246106147766,0.7754009962081909,CapturedFrames_2.0_2.0_-4.0/video.mp4#frame=39
39,RIGHT_HEEL,0.4037708640098572,0.6134990453720093,0.0874767079949379,0.9555468559265137,CapturedFrames_2.0_2.0_-4.0/video.mp4#frame=39
39,LEFT_FOOT_INDEX,0.4365645945072174,0.4948204755783081,0.3083360493183136,0.7085515260696411,CapturedFrames_2.0_2.0_-4.0/video.mp4#frame=39
39,RIGHT_FOOT_INDEX,0.4269689619541168,0.5923993587493896,0.05842576548457146,0.943342387676239,CapturedFrames_2.0_2.0_-4.0/video.mp4#frame=39
40,NOSE,0.41309022903442383,0.21226496994495392,0.030504029244184494,0.9999297857284546,CapturedFrames_2.0_2.0_-4.0/video.mp4#frame=40
40,LEFT_EYE_INNER,0.41040879487991333,0.20517145097255707,0.01625511609017849,0.9999059438705444,CapturedFrames_2.0_2.0_-4.0/video.mp4#frame=40
40,LEFT_EYE,0.4086921811103821,0.20529720187187195,0.01624891348183155,0.9999104738235474,CapturedFrames_2.0_2.0_-4.0/video.mp4#frame=40
40,LEFT_EYE_OUTER,0.4067944884300232,0.20557951927185059,0.01625075377523899,0.9998894929885864,CapturedFrames_2.0_2.0_-4.0/video.mp4#frame=40
40,RIGHT_EYE_INNER,0.41485294699668884,0.20479708909988403,0.013536748476326466,0.9998914003372192,CapturedFrames_2.0_2.0_-4.0/video.mp4#frame=40
40,RIGHT_EYE,0.4161335825920105,0.2046692669391632,0.013532278127968311,0.9998795986175537,CapturedFrames_2.0_2.0_-4.0/video.mp4#frame=40
40,RIGHT_EYE_OUTER,0.41750580072402954,0.20462295413017273,0.013490051031112671,0.9998427629470825,CapturedFrames_2.0_2.0_-4.0/video.mp4#frame=40
40,LEFT_EAR,0.40340104699134827,0.2114345282316208,-0.028764480724930763,0.9999027252197266,CapturedFrames_2.0_2.0_-4.0/video.mp4#frame=40
40,RIGHT_EAR,0.41904759407043457,0.20921143889427185,-0.04219517111778259,0.9998812675476074,CapturedFrames_2.0_2.0_-4.0/video.mp4#frame=40
40,MOUTH_LEFT,0.4112611711025238,0.22075843811035156,0.01733940653502941,0.9999438524246216,CapturedFrames_2.0_2.0_-4.0/video.mp4#frame=40
40,MOUTH_RIGHT,0.4160412847995758,0.22032849490642548,0.013446417637169361,0.9999387264251709,CapturedFrames_2.0_2.0_-4.0/video.mp4#frame=40
40,LEFT_SHOULDER,0.3860430419445038,0.27144455909729004,-0.023612143471837044,0.9999493360519409,CapturedFrames_2.0_2.0_-4.0/video.mp4#frame=40
40,RIGHT_SHOULDER,0.43504756689071655,0.2698728144168854,-0.07926630228757858,0.9999874830245972,CapturedFrames_2.0_2.0_-4.0/video.mp4#frame=40
40,LEFT_ELBOW,0.3827328383922577,0.34152036905288696,-0.011404660530388355,0.9885438084602356,CapturedFrames_2.0_2.0_-4.0/video.mp4#frame=40
40,RIGHT_ELBOW,0.45521003007888794,0.32922881841659546,-0.05604099482297897,0.9928471446037292,CapturedFrames_2.0_2.0_-4.0/video.mp4#frame=40
40,LEFT_WRIST,0.3769245743751526,0.40374845266342163,0.003138537285849452,0.9458544254302979,CapturedFrames_2.0_2.0_-4.0/video.mp4#frame=40
40,RIGHT_WRIST,0.47035107016563416,0.36781227588653564,0.006005060859024525,0.8833785653114319,CapturedFrames_2.0_2.0_-4.0/video.mp4#frame=40
40,LEFT_PINKY,0.37549901008605957,0.4210851788520813,0.005094240885227919,0.8808155655860901,CapturedFrames_2.0_2.0_-4.0/video.mp4#frame=40
40,RIGHT_PINKY,0.47261056303977966,0.3814055025577545,0.006399744655936956,0.7818484306335449,CapturedFrames_2.0_2.0_-4.0/video.mp4#frame=40
40,LEFT_INDEX,0.3774350583553314,0.4201148450374603,-0.00013079718337394297,0.8724396228790283,CapturedFrames_2.0_2.0_-4.0/video.mp4#frame=40
40,RIGHT_INDEX,0.470740407705307,0.37886711955070496,0.006394434720277786,0.7669341564178467,CapturedFrames_2.0_2.0_-4.0/video.mp4#frame=40
40,LEFT_THUMB,0.3793604373931885,0.4144687354564667,0.0017537418752908707,0.8188401460647583,CapturedFrames_2.0_2.0_-4.0/video.mp4#frame=40
40,RIGHT_THUMB,0.46947938203811646,0.3748112916946411,0.007317103445529938,0.7182239890098572,CapturedFrames_2.0_2.0_-4.0/video.mp4#frame=40
40,LEFT_HIP,0.4041453003883362,0.397042453289032,0.03115319088101387,0.9997711777687073,CapturedFrames_2.0_2.0_-4.0/video.mp4#frame=40
40,RIGHT_HIP,0.42522016167640686,0.4015501141548157,-0.03126496821641922,0.9999568462371826,CapturedFrames_2.0_2.0_-4.0/video.mp4#frame=40
40,LEFT_KNEE,0.42208799719810486,0.43176528811454773,0.1554735153913498,0.659675121307373,CapturedFrames_2.0_2.0_-4.0/video.mp4#frame=40
40,RIGHT_KNEE,0.4220384955406189,0.49213412404060364,0.02241186611354351,0.9912795424461365,CapturedFrames_2.0_2.0_-4.0/video.mp4#frame=40
40,LEFT_ANKLE,0.43203598260879517,0.5018415451049805,0.26376092433929443,0.7737211585044861,CapturedFrames_2.0_2.0_-4.0/video.mp4#frame=40
40,RIGHT_ANKLE,0.4092617928981781,0.5868756771087646,0.07413651794195175,0.9859030246734619,CapturedFrames_2.0_2.0_-4.0/video.mp4#frame=40
40,LEFT_HEEL,0.43527787923812866,0.515062153339386,0.27441051602363586,0.8365800976753235,CapturedFrames_2.0_2.0_-4.0/video.mp4#frame=40
40,RIGHT_HEEL,0.4027581214904785,0.6093814969062805,0.0790666788816452,0.9646037220954895,CapturedFrames_2.0_2.0_-4.0/video.mp4#frame=40
40,LEFT_FOOT_INDEX,0.4404507577419281,0.5030190348625183,0.2735650837421417,0.740814208984375,CapturedFrames_2.0_2.0_-4.0/video.mp4#frame=40
40,RIGHT_FOOT_INDEX,0.42535361647605896,0.5960681438446045,0.050224222242832184,0.9408766627311707,CapturedFrames_2.0_2.0_-4.0/video.mp4#frame=40
41,NOSE,0.4160037636756897,0.20998908579349518,0.027198728173971176,0.999745786190033,CapturedFrames_2.0_2.0_-4.0/video.mp4#frame=41
41,LEFT_EYE_INNER,0.41290920972824097,0.20314517617225647,0.013867896981537342,0.9996836185455322,CapturedFrames_2.0_2.0_-4.0/video.mp4#frame=41
41,LEFT_EYE,0.4109838604927063,0.20336197316646576,0.01385442167520523,0.9996877908706665,CapturedFrames_2.0_2.0_-4.0/video.mp4#frame=41
41,LEFT_EYE_OUTER,0.40907755494117737,0.20369109511375427,0.013849539682269096,0.999617338180542,CapturedFrames_2.0_2.0_-4.0/video.mp4#frame=41
41,RIGHT_EYE_INNER,0.41762393712997437,0.2030690461397171,0.010329634882509708,0.9996145963668823,CapturedFrames_2.0_2.0_-4.0/video.mp4#frame=41
41,RIGHT_EYE,0.4189421236515045,0.20321129262447357,0.0103260837495327,0.9995726943016052,CapturedFrames_2.0_2.0_-4.0/video.mp4#frame=41
41,RIGHT_EYE_OUTER,0.42031043767929077,0.20342159271240234,0.010274290107190609,0.9994667172431946,CapturedFrames_2.0_2.0_-4.0/video.mp4#frame=41
41,LEFT_EAR,0.40606576204299927,0.20866435766220093,-0.028839293867349625,0.9996788501739502,CapturedFrames_2.0_2.0_-4.0/video.mp4#frame=41
41,RIGHT_EAR,0.42143315076828003,0.20836585760116577,-0.04563350975513458,0.9996275901794434,CapturedFrames_2.0_2.0_-4.0/video.mp4#frame=41
41,MOUTH_LEFT,0.4140462875366211,0.21903619170188904,0.014704117551445961,0.9998388290405273,CapturedFrames_2.0_2.0_-4.0/video.mp4#frame=41
41,MOUTH_RIGHT,0.4189414381980896,0.2186747044324875,0.009884551167488098,0.9998154044151306,CapturedFrames_2.0_2.0_-4.0/video.mp4#frame=41
41,LEFT_SHOULDER,0.39068084955215454,0.269390732049942,-0.020720310509204865,0.9999257326126099,CapturedFrames_2.0_2.0_-4.0/video.mp4#frame=41
41,RIGHT_SHOULDER,0.4376091957092285,0.2687978744506836,-0.08628998696804047,0.9999779462814331,CapturedFrames_2.0_2.0_-4.0/video.mp4#frame=41
41,LEFT_ELBOW,0.3859291076660156,0.3402327001094818,-0.008147465996444225,0.9869152903556824,CapturedFrames_2.0_2.0_-4.0/video.mp4#frame=41
41,RIGHT_ELBOW,0.4561764597892761,0.3306797444820404,-0.06588064134120941,0.991310715675354,CapturedFrames_2.0_2.0_-4.0/video.mp4#frame=41
41,LEFT_WRIST,0.3810906708240509,0.39998894929885864,0.00802062451839447,0.9115394949913025,CapturedFrames_2.0_2.0_-4.0/video.mp4#frame=41
41,RIGHT_WRIST,0.47028201818466187,0.37045609951019287,-0.00511963851749897,0.8541311025619507,CapturedFrames_2.0_2.0_-4.0/video.mp4#frame=41
41,LEFT_PINKY,0.3802044093608856,0.417412132024765,0.009978245012462139,0.8095276355743408,CapturedFrames_2.0_2.0_-4.0/video.mp4#frame=41
41,RIGHT_PINKY,0.4726071357727051,0.384542852640152,-0.005533978808671236,0.7337415814399719,CapturedFrames_2.0_2.0_-4.0/video.mp4#frame=41
41,LEFT_INDEX,0.381867915391922,0.4168200194835663,0.005555710289627314,0.79767245054245,CapturedFrames_2.0_2.0_-4.0/video.mp4#frame=41
41,RIGHT_INDEX,0.47103363275527954,0.3826744854450226,-0.0058482978492975235,0.7144206762313843,CapturedFrames_2.0_2.0_-4.0/video.mp4#frame=41
41,LEFT_THUMB,0.38335302472114563,0.4119945168495178,0.006833957973867655,0.7268748879432678,CapturedFrames_2.0_2.0_-4.0/video.mp4#frame=41
41,RIGHT_THUMB,0.4699818193912506,0.37810543179512024,-0.003946675918996334,0.66925448179245,CapturedFrames_2.0_2.0_-4.0/video.mp4#frame=41
41,LEFT_HIP,0.40844374895095825,0.3911314308643341,0.03311613202095032,0.9997479319572449,CapturedFrames_2.0_2.0_-4.0/video.mp4#frame=41
41,RIGHT_HIP,0.42844945192337036,0.39557570219039917,-0.033197157084941864,0.9999418258666992,CapturedFrames_2.0_2.0_-4.0/video.mp4#frame=41
41,LEFT_KNEE,0.42735910415649414,0.43297243118286133,0.15094758570194244,0.6449434757232666,CapturedFrames_2.0_2.0_-4.0/video.mp4#frame=41
41,RIGHT_KNEE,0.4260675013065338,0.4878343939781189,0.014375108294188976,0.9892003536224365,CapturedFrames_2.0_2.0_-4.0/video.mp4#frame=41
41,LEFT_ANKLE,0.43204444646835327,0.5025576949119568,0.25396981835365295,0.7739566564559937,CapturedFrames_2.0_2.0_-4.0/video.mp4#frame=41
41,RIGHT_ANKLE,0.40990662574768066,0.582436203956604,0.06128308176994324,0.9850184321403503,CapturedFrames_2.0_2.0_-4.0/video.mp4#frame=41
41,LEFT_HEEL,0.4364863932132721,0.5184575319290161,0.2635287344455719,0.8250420689582825,CapturedFrames_2.0_2.0_-4.0/video.mp4#frame=41
41,RIGHT_HEEL,0.40239667892456055,0.5993934869766235,0.0656275600194931,0.9625869989395142,CapturedFrames_2.0_2.0_-4.0/video.mp4#frame=41
41,LEFT_FOOT_INDEX,0.4389379620552063,0.5061928033828735,0.2609381079673767,0.722105085849762,CapturedFrames_2.0_2.0_-4.0/video.mp4#frame=41
41,RIGHT_FOOT_INDEX,0.4260191321372986,0.5998513102531433,0.03654170781373978,0.9393990635871887,CapturedFrames_2.0_2.0_-4.0/video.mp4#frame=41
42,NOSE,0.41918620467185974,0.21008075773715973,0.03350997343659401,0.9998811483383179,CapturedFrames_2.0_2.0_-4.0/video.mp4#frame=42
42,LEFT_EYE_INNER,0.4159548878669739,0.20361369848251343,0.019137805327773094,0.9998449087142944,CapturedFrames_2.0_2.0_-4.0/video.mp4#frame=42
42,LEFT_EYE,0.41387301683425903,0.203617662191391,0.019141295924782753,0.9998490810394287,CapturedFrames_2.0_2.0_-4.0/video.mp4#frame=42
42,LEFT_EYE_OUTER,0.411961168050766,0.20373059809207916,0.019147779792547226,0.9997954964637756,CapturedFrames_2.0_2.0_-4.0/video.mp4#frame=42
42,RIGHT_EYE_INNER,0.4207427501678467,0.20377758145332336,0.015246599912643433,0.9998425245285034,CapturedFrames_2.0_2.0_-4.0/video.mp4#frame=42
42,RIGHT_EYE,0.4220663607120514,0.20379985868930817,0.015228956937789917,0.9998419284820557,CapturedFrames_2.0_2.0_-4.0/video.mp4#frame=42
42,RIGHT_EYE_OUTER,0.4233412742614746,0.20387348532676697,0.0151719581335783,0.9997898936271667,CapturedFrames_2.0_2.0_-4.0/video.mp4#frame=42
42,LEFT_EAR,0.40887337923049927,0.20837895572185516,-0.026467178016901016,0.999785840511322,CapturedFrames_2.0_2.0_-4.0/video.mp4#frame=42
42,RIGHT_EAR,0.42451396584510803,0.20796681940555573,-0.0452113077044487,0.9998465776443481,CapturedFrames_2.0_2.0_-4.0/video.mp4#frame=42
42,MOUTH_LEFT,0.4171067178249359,0.21824878454208374,0.0201611015945673,0.9999165534973145,CapturedFrames_2.0_2.0_-4.0/video.mp4#frame=42
42,MOUTH_RIGHT,0.42196059226989746,0.21783694624900818,0.014694489538669586,0.9999299049377441,CapturedFrames_2.0_2.0_-4.0/video.mp4#frame=42
42,LEFT_SHOULDER,0.39364638924598694,0.26725542545318604,-0.01710893213748932,0.9999363422393799,CapturedFrames_2.0_2.0_-4.0/video.mp4#frame=42
42,RIGHT_SHOULDER,0.44009050726890564,0.266750693321228,-0.09019279479980469,0.9999843835830688,CapturedFrames_2.0_2.0_-4.0/video.mp4#frame=42
42,LEFT_ELBOW,0.39085492491722107,0.34002822637557983,-0.009526106528937817,0.9894317388534546,CapturedFrames_2.0_2.0_-4.0/video.mp4#frame=42
42,RIGHT_ELBOW,0.4572754502296448,0.3303768038749695,-0.0753672644495964,0.9960160851478577,CapturedFrames_2.0_2.0_-4.0/video.mp4#frame=42
42,LEFT_WRIST,0.38560864329338074,0.3967539370059967,-0.005920536816120148,0.8893659114837646,CapturedFrames_2.0_2.0_-4.0/video.mp4#frame=42
42,RIGHT_WRIST,0.47158461809158325,0.3741803765296936,-0.020276080816984177,0.8122583031654358,CapturedFrames_2.0_2.0_-4.0/video.mp4#frame=42
42,LEFT_PINKY,0.3845352530479431,0.41466283798217773,-0.0057973712682724,0.7766586542129517,CapturedFrames_2.0_2.0_-4.0/video.mp4#frame=42
42,RIGHT_PINKY,0.47411012649536133,0.3901628255844116,-0.021904753521084785,0.6727404594421387,CapturedFrames_2.0_2.0_-4.0/video.mp4#frame=42
42,LEFT_INDEX,0.3866185247898102,0.41385433077812195,-0.011328009888529778,0.7577488422393799,CapturedFrames_2.0_2.0_-4.0/video.mp4#frame=42
42,RIGHT_INDEX,0.4722786545753479,0.38817277550697327,-0.02268623746931553,0.6504743099212646,CapturedFrames_2.0_2.0_-4.0/video.mp4#frame=42
42,LEFT_THUMB,0.3880807161331177,0.4080391228199005,-0.007931791245937347,0.6721130609512329,CapturedFrames_2.0_2.0_-4.0/video.mp4#frame=42
42,RIGHT_THUMB,0.4711894094944,0.38296234607696533,-0.019271180033683777,0.5787275433540344,CapturedFrames_2.0_2.0_-4.0/video.mp4#frame=42
42,LEFT_HIP,0.41223859786987305,0.39142662286758423,0.03975192457437515,0.9996955394744873,CapturedFrames_2.0_2.0_-4.0/video.mp4#frame=42
42,RIGHT_HIP,0.4334373474121094,0.39563342928886414,-0.03985831141471863,0.9999572038650513,CapturedFrames_2.0_2.0_-4.0/video.mp4#frame=42
42,LEFT_KNEE,0.43148598074913025,0.4342781901359558,0.1720791459083557,0.7556996941566467,CapturedFrames_2.0_2.0_-4.0/video.mp4#frame=42
42,RIGHT_KNEE,0.4356593191623688,0.4857519268989563,-0.0035466502886265516,0.996896505355835,CapturedFrames_2.0_2.0_-4.0/video.mp4#frame=42
42,LEFT_ANKLE,0.435436487197876,0.5082261562347412,0.2818991243839264,0.8383472561836243,CapturedFrames_2.0_2.0_-4.0/video.mp4#frame=42
42,RIGHT_ANKLE,0.4153342843055725,0.5731756687164307,0.02273235097527504,0.993350088596344,CapturedFrames_2.0_2.0_-4.0/video.mp4#frame=42
42,LEFT_HEEL,0.4342072606086731,0.5156835913658142,0.29214251041412354,0.8801402449607849,CapturedFrames_2.0_2.0_-4.0/video.mp4#frame=42
42,RIGHT_HEEL,0.40365344285964966,0.5824804306030273,0.02482219785451889,0.9846694469451904,CapturedFrames_2.0_2.0_-4.0/video.mp4#frame=42
42,LEFT_FOOT_INDEX,0.4392353594303131,0.5133250951766968,0.29001662135124207,0.6987307071685791,CapturedFrames_2.0_2.0_-4.0/video.mp4#frame=42
42,RIGHT_FOOT_INDEX,0.4255533814430237,0.6011110544204712,-0.007023489568382502,0.9520670175552368,CapturedFrames_2.0_2.0_-4.0/video.mp4#frame=42
43,NOSE,0.42379799485206604,0.20886722207069397,0.04782841354608536,0.9998601675033569,CapturedFrames_2.0_2.0_-4.0/video.mp4#frame=43
43,LEFT_EYE_INNER,0.4205865263938904,0.2020062953233719,0.034725140780210495,0.9998039603233337,CapturedFrames_2.0_2.0_-4.0/video.mp4#frame=43
43,LEFT_EYE,0.41878342628479004,0.20208892226219177,0.03472566977143288,0.9998168349266052,CapturedFrames_2.0_2.0_-4.0/video.mp4#frame=43
43,LEFT_EYE_OUTER,0.4168551564216614,0.20231086015701294,0.034726813435554504,0.9997721314430237,CapturedFrames_2.0_2.0_-4.0/video.mp4#frame=43
43,RIGHT_EYE_INNER,0.4250951409339905,0.2019939422607422,0.03154449537396431,0.999825656414032,CapturedFrames_2.0_2.0_-4.0/video.mp4#frame=43
43,RIGHT_EYE,0.42632317543029785,0.20201274752616882,0.03153152018785477,0.9998213648796082,CapturedFrames_2.0_2.0_-4.0/video.mp4#frame=43
43,RIGHT_EYE_OUTER,0.42755550146102905,0.20206375420093536,0.031498659402132034,0.999779999256134,CapturedFrames_2.0_2.0_-4.0/video.mp4#frame=43
43,LEFT_EAR,0.4135180115699768,0.20706167817115784,-0.009058534167706966,0.9997798800468445,CapturedFrames_2.0_2.0_-4.0/video.mp4#frame=43
43,RIGHT_EAR,0.4283541738986969,0.20629946887493134,-0.02435210719704628,0.9998677968978882,CapturedFrames_2.0_2.0_-4.0/video.mp4#frame=43
43,MOUTH_LEFT,0.42197808623313904,0.2171621471643448,0.03503385931253433,0.9998666048049927,CapturedFrames_2.0_2.0_-4.0/video.mp4#frame=43
43,MOUTH_RIGHT,0.42639869451522827,0.216683030128479,0.030647221952676773,0.9998962879180908,CapturedFrames_2.0_2.0_-4.0/video.mp4#frame=43
43,LEFT_SHOULDER,0.3976075351238251,0.26480844616889954,-0.002953252987936139,0.9999324083328247,CapturedFrames_2.0_2.0_-4.0/video.mp4#frame=43
43,RIGHT_SHOULDER,0.4435352683067322,0.264652818441391,-0.0664341002702713,0.9999823570251465,CapturedFrames_2.0_2.0_-4.0/video.mp4#frame=43
43,LEFT_ELBOW,0.39540818333625793,0.33652862906455994,-0.0038121454417705536,0.9756945371627808,CapturedFrames_2.0_2.0_-4.0/video.mp4#frame=43
43,RIGHT_ELBOW,0.4590483605861664,0.33104604482650757,-0.06226582080125809,0.9964426159858704,CapturedFrames_2.0_2.0_-4.0/video.mp4#frame=43
43,LEFT_WRIST,0.3925729990005493,0.3923104703426361,-0.003836970077827573,0.8042786717414856,CapturedFrames_2.0_2.0_-4.0/video.mp4#frame=43
43,RIGHT_WRIST,0.47273486852645874,0.3785947263240814,-0.02247503027319908,0.8662610650062561,CapturedFrames_2.0_2.0_-4.0/video.mp4#frame=43
43,LEFT_PINKY,0.3915010988712311,0.4090993106365204,-0.0013066193787381053,0.6917603015899658,CapturedFrames_2.0_2.0_-4.0/video.mp4#frame=43
43,RIGHT_PINKY,0.4745870530605316,0.3942371904850006,-0.022618941962718964,0.7688097953796387,CapturedFrames_2.0_2.0_-4.0/video.mp4#frame=43
43,LEFT_INDEX,0.3937969207763672,0.40824538469314575,-0.0059517803601920605,0.6715219616889954,CapturedFrames_2.0_2.0_-4.0/video.mp4#frame=43
43,RIGHT_INDEX,0.472540944814682,0.39263808727264404,-0.020741403102874756,0.752307116985321,CapturedFrames_2.0_2.0_-4.0/video.mp4#frame=43
43,LEFT_THUMB,0.39603734016418457,0.4015824496746063,-0.005136596038937569,0.5880728960037231,CapturedFrames_2.0_2.0_-4.0/video.mp4#frame=43
43,RIGHT_THUMB,0.4711224436759949,0.38801175355911255,-0.020602300763130188,0.6863588094711304,CapturedFrames_2.0_2.0_-4.0/video.mp4#frame=43
43,LEFT_HIP,0.41497334837913513,0.3874151110649109,0.03874935209751129,0.9995428323745728,CapturedFrames_2.0_2.0_-4.0/video.mp4#frame=43
43,RIGHT_HIP,0.4385877251625061,0.3883729577064514,-0.03883989900350571,0.9999035596847534,CapturedFrames_2.0_2.0_-4.0/video.mp4#frame=43
43,LEFT_KNEE,0.4310930371284485,0.44724953174591064,0.13395854830741882,0.6471704840660095,CapturedFrames_2.0_2.0_-4.0/video.mp4#frame=43
43,RIGHT_KNEE,0.4448142647743225,0.47594887018203735,-0.02589212916791439,0.9922785758972168,CapturedFrames_2.0_2.0_-4.0/video.mp4#frame=43
43,LEFT_ANKLE,0.4325183928012848,0.5201945304870605,0.18951316177845,0.8115277886390686,CapturedFrames_2.0_2.0_-4.0/video.mp4#frame=43
43,RIGHT_ANKLE,0.4232010245323181,0.553770899772644,-0.025329167023301125,0.9930074214935303,CapturedFrames_2.0_2.0_-4.0/video.mp4#frame=43
43,LEFT_HEEL,0.42608410120010376,0.527646541595459,0.19405733048915863,0.888282060623169,CapturedFrames_2.0_2.0_-4.0/video.mp4#frame=43
43,RIGHT_HEEL,0.4136177897453308,0.558577299118042,-0.025323713198304176,0.9885225296020508,CapturedFrames_2.0_2.0_-4.0/video.mp4#frame=43
43,LEFT_FOOT_INDEX,0.43813061714172363,0.5159561634063721,0.1875094324350357,0.6645945310592651,CapturedFrames_2.0_2.0_-4.0/video.mp4#frame=43
43,RIGHT_FOOT_INDEX,0.42748576402664185,0.5926773548126221,-0.05130235105752945,0.9554582238197327,CapturedFrames_2.0_2.0_-4.0/video.mp4#frame=43
44,NOSE,0.42790573835372925,0.20619559288024902,0.03493253514170647,0.9998565912246704,CapturedFrames_2.0_2.0_-4.0/video.mp4#frame=44
44,LEFT_EYE_INNER,0.42465105652809143,0.19905713200569153,0.02218875288963318,0.9997356534004211,CapturedFrames_2.0_2.0_-4.0/video.mp4#frame=44
44,LEFT_EYE,0.4228576719760895,0.19916561245918274,0.022196616977453232,0.999769389629364,CapturedFrames_2.0_2.0_-4.0/video.mp4#frame=44
44,LEFT_EYE_OUTER,0.42100825905799866,0.19932883977890015,0.02220863476395607,0.9997162222862244,CapturedFrames_2.0_2.0_-4.0/video.mp4#frame=44
44,RIGHT_EYE_INNER,0.42909249663352966,0.19898900389671326,0.01862850785255432,0.999794065952301,CapturedFrames_2.0_2.0_-4.0/video.mp4#frame=44
44,RIGHT_EYE,0.4302425980567932,0.1989804357290268,0.018605299293994904,0.9997946619987488,CapturedFrames_2.0_2.0_-4.0/video.mp4#frame=44
44,RIGHT_EYE_OUTER,0.4313274323940277,0.19905130565166473,0.018577683717012405,0.9997314810752869,CapturedFrames_2.0_2.0_-4.0/video.mp4#frame=44
44,LEFT_EAR,0.4178401827812195,0.20412816107273102,-0.021317090839147568,0.9996676445007324,CapturedFrames_2.0_2.0_-4.0/video.mp4#frame=44
44,RIGHT_EAR,0.43265360593795776,0.20378477871418,-0.03851144388318062,0.9997908473014832,CapturedFrames_2.0_2.0_-4.0/video.mp4#frame=44
44,MOUTH_LEFT,0.42591243982315063,0.21468111872673035,0.022192232310771942,0.9997943043708801,CapturedFrames_2.0_2.0_-4.0/video.mp4#frame=44
44,MOUTH_RIGHT,0.43035608530044556,0.2140776813030243,0.017332877963781357,0.9998599290847778,CapturedFrames_2.0_2.0_-4.0/video.mp4#frame=44
44,LEFT_SHOULDER,0.40188080072402954,0.2620258331298828,-0.01671776920557022,0.9999204874038696,CapturedFrames_2.0_2.0_-4.0/video.mp4#frame=44
44,RIGHT_SHOULDER,0.44601568579673767,0.26061907410621643,-0.07586847990751266,0.9999786615371704,CapturedFrames_2.0_2.0_-4.0/video.mp4#frame=44
44,LEFT_ELBOW,0.40115636587142944,0.3315494656562805,-0.018477240577340126,0.9435927867889404,CapturedFrames_2.0_2.0_-4.0/video.mp4#frame=44
44,RIGHT_ELBOW,0.4591309428215027,0.3288073241710663,-0.07723568379878998,0.9943537712097168,CapturedFrames_2.0_2.0_-4.0/video.mp4#frame=44
44,LEFT_WRIST,0.4001651406288147,0.38384220004081726,-0.017953181639313698,0.7537268400192261,CapturedFrames_2.0_2.0_-4.0/video.mp4#frame=44
44,RIGHT_WRIST,0.47312507033348083,0.37716925144195557,-0.05053708702325821,0.8696359395980835,CapturedFrames_2.0_2.0_-4.0/video.mp4#frame=44
44,LEFT_PINKY,0.39927732944488525,0.4025523364543915,-0.015153443440794945,0.6673627495765686,CapturedFrames_2.0_2.0_-4.0/video.mp4#frame=44
44,RIGHT_PINKY,0.47451144456863403,0.3945181667804718,-0.052045904099941254,0.7937377691268921,CapturedFrames_2.0_2.0_-4.0/video.mp4#frame=44
44,LEFT_INDEX,0.4021243453025818,0.4013032615184784,-0.01998252049088478,0.6433886885643005,CapturedFrames_2.0_2.0_-4.0/video.mp4#frame=44
44,RIGHT_INDEX,0.4729556143283844,0.39282986521720886,-0.04899516701698303,0.781970739364624,CapturedFrames_2.0_2.0_-4.0/video.mp4#frame=44
44,LEFT_THUMB,0.4037349224090576,0.39412346482276917,-0.01908324658870697,0.5591291785240173,CapturedFrames_2.0_2.0_-4.0/video.mp4#frame=44
44,RIGHT_THUMB,0.471568763256073,0.3868970572948456,-0.04858821630477905,0.7095048427581787,CapturedFrames_2.0_2.0_-4.0/video.mp4#frame=44
44,LEFT_HIP,0.4202161431312561,0.3819739520549774,0.03695221245288849,0.9996126294136047,CapturedFrames_2.0_2.0_-4.0/video.mp4#frame=44
44,RIGHT_HIP,0.4427949786186218,0.38272303342819214,-0.03711720183491707,0.9999046325683594,CapturedFrames_2.0_2.0_-4.0/video.mp4#frame=44
44,LEFT_KNEE,0.43348008394241333,0.44181591272354126,0.1489109843969345,0.5458318591117859,CapturedFrames_2.0_2.0_-4.0/video.mp4#frame=44
44,RIGHT_KNEE,0.45235496759414673,0.45817676186561584,-0.014099081046879292,0.9821083545684814,CapturedFrames_2.0_2.0_-4.0/video.mp4#frame=44
44,LEFT_ANKLE,0.43468961119651794,0.5191824436187744,0.1608436405658722,0.8815665245056152,CapturedFrames_2.0_2.0_-4.0/video.mp4#frame=44
44,RIGHT_ANKLE,0.43141260743141174,0.5352873206138611,-0.04129968211054802,0.9939219951629639,CapturedFrames_2.0_2.0_-4.0/video.mp4#frame=44
44,LEFT_HEEL,0.42743387818336487,0.5274633169174194,0.16135086119174957,0.9347294569015503,CapturedFrames_2.0_2.0_-4.0/video.mp4#frame=44
44,RIGHT_HEEL,0.4232997000217438,0.5385810136795044,-0.043681371957063675,0.9892902970314026,CapturedFrames_2.0_2.0_-4.0/video.mp4#frame=44
44,LEFT_FOOT_INDEX,0.43615812063217163,0.5275335311889648,0.15348517894744873,0.8347736597061157,CapturedFrames_2.0_2.0_-4.0/video.mp4#frame=44
44,RIGHT_FOOT_INDEX,0.43792667984962463,0.5756043195724487,-0.06705334782600403,0.9769546985626221,CapturedFrames_2.0_2.0_-4.0/video.mp4#frame=44
45,NOSE,0.43197646737098694,0.20236004889011383,0.03500814363360405,0.999853253364563,CapturedFrames_2.0_2.0_-4.0/video.mp4#frame=45
45,LEFT_EYE_INNER,0.42892971634864807,0.19542145729064941,0.022881578654050827,0.9997180104255676,CapturedFrames_2.0_2.0_-4.0/video.mp4#frame=45
45,LEFT_EYE,0.42726224660873413,0.19557800889015198,0.022889526560902596,0.9997376799583435,CapturedFrames_2.0_2.0_-4.0/video.mp4#frame=45
45,LEFT_EYE_OUTER,0.42546194791793823,0.19581998884677887,0.02290242165327072,0.9997313618659973,CapturedFrames_2.0_2.0_-4.0/video.mp4#frame=45
45,RIGHT_EYE_INNER,0.433185338973999,0.19539271295070648,0.02011091820895672,0.9997699856758118,CapturedFrames_2.0_2.0_-4.0/video.mp4#frame=45
45,RIGHT_EYE,0.43435436487197876,0.19544768333435059,0.020112477242946625,0.9997562766075134,CapturedFrames_2.0_2.0_-4.0/video.mp4#frame=45
45,RIGHT_EYE_OUTER,0.43547001481056213,0.19555577635765076,0.020098216831684113,0.9997300505638123,CapturedFrames_2.0_2.0_-4.0/video.mp4#frame=45
45,LEFT_EAR,0.42243194580078125,0.20090919733047485,-0.019177544862031937,0.99967360496521,CapturedFrames_2.0_2.0_-4.0/video.mp4#frame=45
45,RIGHT_EAR,0.4371902048587799,0.20044255256652832,-0.032260820269584656,0.9997087121009827,CapturedFrames_2.0_2.0_-4.0/video.mp4#frame=45
45,MOUTH_LEFT,0.4301735460758209,0.2112112194299698,0.02268274500966072,0.9997377991676331,CapturedFrames_2.0_2.0_-4.0/video.mp4#frame=45
45,MOUTH_RIGHT,0.43453449010849,0.21076270937919617,0.019104432314634323,0.9997815489768982,CapturedFrames_2.0_2.0_-4.0/video.mp4#frame=45
45,LEFT_SHOULDER,0.4068360924720764,0.2558463215827942,-0.016548216342926025,0.9998722076416016,CapturedFrames_2.0_2.0_-4.0/video.mp4#frame=45
45,RIGHT_SHOULDER,0.4493749737739563,0.2572067975997925,-0.06413917243480682,0.9999605417251587,CapturedFrames_2.0_2.0_-4.0/video.mp4#frame=45
45,LEFT_ELBOW,0.4066968858242035,0.32736849784851074,-0.014408019371330738,0.8424792289733887,CapturedFrames_2.0_2.0_-4.0/video.mp4#frame=45
45,RIGHT_ELBOW,0.4599166512489319,0.324914813041687,-0.06927528232336044,0.9902400970458984,CapturedFrames_2.0_2.0_-4.0/video.mp4#frame=45
45,LEFT_WRIST,0.4080430567264557,0.3798847198486328,-0.011210083961486816,0.6492807269096375,CapturedFrames_2.0_2.0_-4.0/video.mp4#frame=45
45,RIGHT_WRIST,0.47445449233055115,0.3780195116996765,-0.05225185677409172,0.9247069954872131,CapturedFrames_2.0_2.0_-4.0/video.mp4#frame=45
45,LEFT_PINKY,0.4088529944419861,0.3957292437553406,-0.008038748055696487,0.5829470753669739,CapturedFrames_2.0_2.0_-4.0/video.mp4#frame=45
45,RIGHT_PINKY,0.47668200731277466,0.39512988924980164,-0.05433161184191704,0.8740039467811584,CapturedFrames_2.0_2.0_-4.0/video.mp4#frame=45
45,LEFT_INDEX,0.41067084670066833,0.39333397150039673,-0.013353722169995308,0.5618371963500977,CapturedFrames_2.0_2.0_-4.0/video.mp4#frame=45
45,RIGHT_INDEX,0.4745047092437744,0.3946540057659149,-0.050612546503543854,0.8655828237533569,CapturedFrames_2.0_2.0_-4.0/video.mp4#frame=45
45,LEFT_THUMB,0.4118569791316986,0.3878902494907379,-0.012472127564251423,0.497763067483902,CapturedFrames_2.0_2.0_-4.0/video.mp4#frame=45
45,RIGHT_THUMB,0.4727253019809723,0.38883087038993835,-0.05031638592481613,0.8148152232170105,CapturedFrames_2.0_2.0_-4.0/video.mp4#frame=45
45,LEFT_HIP,0.4229632318019867,0.3768605887889862,0.028571033850312233,0.9995946288108826,CapturedFrames_2.0_2.0_-4.0/video.mp4#frame=45
45,RIGHT_HIP,0.44719091057777405,0.3781881034374237,-0.028719108551740646,0.9997351765632629,CapturedFrames_2.0_2.0_-4.0/video.mp4#frame=45
45,LEFT_KNEE,0.436123788356781,0.43849292397499084,0.10957677662372589,0.6337639093399048,CapturedFrames_2.0_2.0_-4.0/video.mp4#frame=45
45,RIGHT_KNEE,0.45967888832092285,0.4500236213207245,0.02628355659544468,0.9632949233055115,CapturedFrames_2.0_2.0_-4.0/video.mp4#frame=45
45,LEFT_ANKLE,0.43728914856910706,0.5122064352035522,0.08828020095825195,0.9167274236679077,CapturedFrames_2.0_2.0_-4.0/video.mp4#frame=45
45,RIGHT_ANKLE,0.4396541118621826,0.5211867094039917,0.004075784236192703,0.9889365434646606,CapturedFrames_2.0_2.0_-4.0/video.mp4#frame=45
45,LEFT_HEEL,0.4314008355140686,0.5195302963256836,0.08544604480266571,0.9350882768630981,CapturedFrames_2.0_2.0_-4.0/video.mp4#frame=45
45,RIGHT_HEEL,0.4329599440097809,0.5264818668365479,0.0025721718557178974,0.9786417484283447,CapturedFrames_2.0_2.0_-4.0/video.mp4#frame=45
45,LEFT_FOOT_INDEX,0.4430045485496521,0.5321493148803711,0.07417769730091095,0.9119706749916077,CapturedFrames_2.0_2.0_-4.0/video.mp4#frame=45
45,RIGHT_FOOT_INDEX,0.4466983675956726,0.5579500198364258,-0.010651392862200737,0.9728296399116516,CapturedFrames_2.0_2.0_-4.0/video.mp4#frame=45
46,NOSE,0.4381435811519623,0.1978200525045395,0.020435567945241928,0.9998478889465332,CapturedFrames_2.0_2.0_-4.0/video.mp4#frame=46
46,LEFT_EYE_INNER,0.43529829382896423,0.19081249833106995,0.012534821406006813,0.9997770190238953,CapturedFrames_2.0_2.0_-4.0/video.mp4#frame=46
46,LEFT_EYE,0.43362483382225037,0.19110091030597687,0.012533199973404408,0.9997939467430115,CapturedFrames_2.0_2.0_-4.0/video.mp4#frame=46
46,LEFT_EYE_OUTER,0.4318329691886902,0.19143450260162354,0.012546834535896778,0.9998041987419128,CapturedFrames_2.0_2.0_-4.0/video.mp4#frame=46
46,RIGHT_EYE_INNER,0.4388914108276367,0.1904987394809723,0.0072043039835989475,0.9998067021369934,CapturedFrames_2.0_2.0_-4.0/video.mp4#frame=46
46,RIGHT_EYE,0.439911425113678,0.19059839844703674,0.0072129713371396065,0.9997959733009338,CapturedFrames_2.0_2.0_-4.0/video.mp4#frame=46
46,RIGHT_EYE_OUTER,0.44096654653549194,0.19074484705924988,0.00721476087346673,0.9997875094413757,CapturedFrames_2.0_2.0_-4.0/video.mp4#frame=46
46,LEFT_EAR,0.4276159405708313,0.19594494998455048,-0.013850638642907143,0.9997572302818298,CapturedFrames_2.0_2.0_-4.0/video.mp4#frame=46
46,RIGHT_EAR,0.4414001405239105,0.19589769840240479,-0.03835001587867737,0.9997147917747498,CapturedFrames_2.0_2.0_-4.0/video.mp4#frame=46
46,MOUTH_LEFT,0.4362412095069885,0.2066640406847,0.01359530072659254,0.9996589422225952,CapturedFrames_2.0_2.0_-4.0/video.mp4#frame=46
46,MOUTH_RIGHT,0.44004279375076294,0.2061811238527298,0.0067116878926754,0.9997028708457947,CapturedFrames_2.0_2.0_-4.0/video.mp4#frame=46
46,LEFT_SHOULDER,0.4111455976963043,0.25168490409851074,-0.00381810637190938,0.9998900890350342,CapturedFrames_2.0_2.0_-4.0/video.mp4#frame=46
46,RIGHT_SHOULDER,0.45242708921432495,0.25352048873901367,-0.0704338327050209,0.9999641180038452,CapturedFrames_2.0_2.0_-4.0/video.mp4#frame=46
46,LEFT_ELBOW,0.4119199216365814,0.32147759199142456,0.0004912372096441686,0.6348410248756409,CapturedFrames_2.0_2.0_-4.0/video.mp4#frame=46
46,RIGHT_ELBOW,0.4602612555027008,0.3198040723800659,-0.08264084905385971,0.9886694550514221,CapturedFrames_2.0_2.0_-4.0/video.mp4#frame=46
46,LEFT_WRIST,0.4167395234107971,0.3726409375667572,0.003834513481706381,0.31755903363227844,CapturedFrames_2.0_2.0_-4.0/video.mp4#frame=46
46,RIGHT_WRIST,0.47476059198379517,0.3768877387046814,-0.0722019374370575,0.919019341468811,CapturedFrames_2.0_2.0_-4.0/video.mp4#frame=46
46,LEFT_PINKY,0.41743117570877075,0.3866451382637024,0.007584297563880682,0.287016361951828,CapturedFrames_2.0_2.0_-4.0/video.mp4#frame=46
46,RIGHT_PINKY,0.47633036971092224,0.3938564658164978,-0.076313316822052,0.8720146417617798,CapturedFrames_2.0_2.0_-4.0/video.mp4#frame=46
46,LEFT_INDEX,0.4195360541343689,0.3850299119949341,0.0010090849827975035,0.27360111474990845,CapturedFrames_2.0_2.0_-4.0/video.mp4#frame=46
46,RIGHT_INDEX,0.47449225187301636,0.39324259757995605,-0.0709523931145668,0.8670228123664856,CapturedFrames_2.0_2.0_-4.0/video.mp4#frame=46
46,LEFT_THUMB,0.4203883111476898,0.3798954486846924,0.0017999043921008706,0.24623164534568787,CapturedFrames_2.0_2.0_-4.0/video.mp4#frame=46
46,RIGHT_THUMB,0.4732356667518616,0.38759922981262207,-0.06964985281229019,0.80964195728302,CapturedFrames_2.0_2.0_-4.0/video.mp4#frame=46
46,LEFT_HIP,0.42838090658187866,0.370236337184906,0.030259430408477783,0.9997156262397766,CapturedFrames_2.0_2.0_-4.0/video.mp4#frame=46
46,RIGHT_HIP,0.45125812292099,0.36983078718185425,-0.03037806786596775,0.9996875524520874,CapturedFrames_2.0_2.0_-4.0/video.mp4#frame=46
46,LEFT_KNEE,0.4374524652957916,0.436270147562027,0.07921720296144485,0.6859606504440308,CapturedFrames_2.0_2.0_-4.0/video.mp4#frame=46
46,RIGHT_KNEE,0.4657520353794098,0.4370390474796295,0.008705106563866138,0.9676475524902344,CapturedFrames_2.0_2.0_-4.0/video.mp4#frame=46
46,LEFT_ANKLE,0.43833836913108826,0.5112452507019043,0.040555812418460846,0.926128625869751,CapturedFrames_2.0_2.0_-4.0/video.mp4#frame=46
46,RIGHT_ANKLE,0.448140949010849,0.5108740925788879,-0.028000246733427048,0.9876720905303955,CapturedFrames_2.0_2.0_-4.0/video.mp4#frame=46
46,LEFT_HEEL,0.43301382660865784,0.5223356485366821,0.03582189232110977,0.9330227375030518,CapturedFrames_2.0_2.0_-4.0/video.mp4#frame=46
46,RIGHT_HEEL,0.4415983557701111,0.5182511806488037,-0.030798811465501785,0.9675217270851135,CapturedFrames_2.0_2.0_-4.0/video.mp4#frame=46
46,LEFT_FOOT_INDEX,0.4483107626438141,0.5356025099754333,0.022313881665468216,0.947236180305481,CapturedFrames_2.0_2.0_-4.0/video.mp4#frame=46
46,RIGHT_FOOT_INDEX,0.4558846056461334,0.5460582971572876,-0.03786030411720276,0.984177827835083,CapturedFrames_2.0_2.0_-4.0/video.mp4#frame=46
47,NOSE,0.44284749031066895,0.19506452977657318,0.02420116402208805,0.9998291730880737,CapturedFrames_2.0_2.0_-4.0/video.mp4#frame=47
47,LEFT_EYE_INNER,0.44011425971984863,0.18793848156929016,0.018410760909318924,0.99983811378479,CapturedFrames_2.0_2.0_-4.0/video.mp4#frame=47
47,LEFT_EYE,0.43850383162498474,0.18803325295448303,0.018411971628665924,0.9997921586036682,CapturedFrames_2.0_2.0_-4.0/video.mp4#frame=47
47,LEFT_EYE_OUTER,0.4368430972099304,0.18824172019958496,0.018398307263851166,0.9998173117637634,CapturedFrames_2.0_2.0_-4.0/video.mp4#frame=47
47,RIGHT_EYE_INNER,0.4436611533164978,0.18818281590938568,0.011486382223665714,0.9998769760131836,CapturedFrames_2.0_2.0_-4.0/video.mp4#frame=47
47,RIGHT_EYE,0.44452279806137085,0.1883762627840042,0.011496377177536488,0.9998507499694824,CapturedFrames_2.0_2.0_-4.0/video.mp4#frame=47
47,RIGHT_EYE_OUTER,0.4453662931919098,0.18863335251808167,0.01147384475916624,0.9998663663864136,CapturedFrames_2.0_2.0_-4.0/video.mp4#frame=47
47,LEFT_EAR,0.43282628059387207,0.1931813508272171,-0.002561102621257305,0.9997779726982117,CapturedFrames_2.0_2.0_-4.0/video.mp4#frame=47
47,RIGHT_EAR,0.4456316828727722,0.1938454806804657,-0.033530350774526596,0.9998401403427124,CapturedFrames_2.0_2.0_-4.0/video.mp4#frame=47
47,MOUTH_LEFT,0.4406825006008148,0.2039092779159546,0.01910090632736683,0.9995131492614746,CapturedFrames_2.0_2.0_-4.0/video.mp4#frame=47
47,MOUTH_RIGHT,0.4442060887813568,0.20341752469539642,0.010295410640537739,0.9996659755706787,CapturedFrames_2.0_2.0_-4.0/video.mp4#frame=47
47,LEFT_SHOULDER,0.41614270210266113,0.24888812005519867,0.015049058012664318,0.9995566010475159,CapturedFrames_2.0_2.0_-4.0/video.mp4#frame=47
47,RIGHT_SHOULDER,0.45452484488487244,0.2506866455078125,-0.07362692058086395,0.9999356269836426,CapturedFrames_2.0_2.0_-4.0/video.mp4#frame=47
47,LEFT_ELBOW,0.41890501976013184,0.3134194016456604,0.033955223858356476,0.3065680265426636,CapturedFrames_2.0_2.0_-4.0/video.mp4#frame=47
47,RIGHT_ELBOW,0.4616217017173767,0.32095882296562195,-0.07630959898233414,0.9776405096054077,CapturedFrames_2.0_2.0_-4.0/video.mp4#frame=47
47,LEFT_WRIST,0.4302665591239929,0.33959996700286865,0.059862084686756134,0.0418672040104866,CapturedFrames_2.0_2.0_-4.0/video.mp4#frame=47
47,RIGHT_WRIST,0.4727593958377838,0.37540528178215027,-0.04054669663310051,0.6779374480247498,CapturedFrames_2.0_2.0_-4.0/video.mp4#frame=47
47,LEFT_PINKY,0.4317719340324402,0.3530905246734619,0.06815089285373688,0.04148915037512779,CapturedFrames_2.0_2.0_-4.0/video.mp4#frame=47
47,RIGHT_PINKY,0.4733408987522125,0.39241868257522583,-0.039768461138010025,0.5723240375518799,CapturedFrames_2.0_2.0_-4.0/video.mp4#frame=47
47,LEFT_INDEX,0.43346938490867615,0.35276123881340027,0.0637807846069336,0.0399189367890358,CapturedFrames_2.0_2.0_-4.0/video.mp4#frame=47
47,RIGHT_INDEX,0.47264426946640015,0.39100658893585205,-0.0344293974339962,0.5635923147201538,CapturedFrames_2.0_2.0_-4.0/video.mp4#frame=47
47,LEFT_THUMB,0.43311652541160583,0.34990668296813965,0.058787040412425995,0.03981891646981239,CapturedFrames_2.0_2.0_-4.0/video.mp4#frame=47
47,RIGHT_THUMB,0.4716872274875641,0.38497108221054077,-0.037180859595537186,0.49895647168159485,CapturedFrames_2.0_2.0_-4.0/video.mp4#frame=47
47,LEFT_HIP,0.43148747086524963,0.366915225982666,0.0301884226500988,0.9996191263198853,CapturedFrames_2.0_2.0_-4.0/video.mp4#frame=47
47,RIGHT_HIP,0.4519576132297516,0.364609956741333,-0.030332038179039955,0.9993742108345032,CapturedFrames_2.0_2.0_-4.0/video.mp4#frame=47
47,LEFT_KNEE,0.43703407049179077,0.4289594292640686,0.08223293721675873,0.8546700477600098,CapturedFrames_2.0_2.0_-4.0/video.mp4#frame=47
47,RIGHT_KNEE,0.4716886579990387,0.42347609996795654,0.016143402084708214,0.9353189468383789,CapturedFrames_2.0_2.0_-4.0/video.mp4#frame=47
47,LEFT_ANKLE,0.4365135133266449,0.5087846517562866,0.0713934600353241,0.9136235117912292,CapturedFrames_2.0_2.0_-4.0/video.mp4#frame=47
47,RIGHT_ANKLE,0.4544556736946106,0.5014106035232544,0.01817448064684868,0.942782998085022,CapturedFrames_2.0_2.0_-4.0/video.mp4#frame=47
47,LEFT_HEEL,0.43475252389907837,0.5225008726119995,0.06974592804908752,0.899689257144928,CapturedFrames_2.0_2.0_-4.0/video.mp4#frame=47
47,RIGHT_HEEL,0.44772443175315857,0.5103279948234558,0.019230734556913376,0.8728297352790833,CapturedFrames_2.0_2.0_-4.0/video.mp4#frame=47
47,LEFT_FOOT_INDEX,0.44893747568130493,0.5214910507202148,0.066545270383358,0.8890691995620728,CapturedFrames_2.0_2.0_-4.0/video.mp4#frame=47
47,RIGHT_FOOT_INDEX,0.46474283933639526,0.528419017791748,0.02479102835059166,0.9333111643791199,CapturedFrames_2.0_2.0_-4.0/video.mp4#frame=47
48,NOSE,0.4477623999118805,0.19214847683906555,0.02903398498892784,0.9996067881584167,CapturedFrames_2.0_2.0_-4.0/video.mp4#frame=48
48,LEFT_EYE_INNER,0.44516581296920776,0.18448127806186676,0.023230627179145813,0.9996084570884705,CapturedFrames_2.0_2.0_-4.0/video.mp4#frame=48
48,LEFT_EYE,0.44361957907676697,0.18414847552776337,0.02322920598089695,0.9995232820510864,CapturedFrames_2.0_2.0_-4.0/video.mp4#frame=48
48,LEFT_EYE_OUTER,0.4420124888420105,0.18399643898010254,0.023205064237117767,0.9995856881141663,CapturedFrames_2.0_2.0_-4.0/video.mp4#frame=48
48,RIGHT_EYE_INNER,0.4486513137817383,0.185265451669693,0.01558298896998167,0.9997043013572693,CapturedFrames_2.0_2.0_-4.0/video.mp4#frame=48
48,RIGHT_EYE,0.4495787024497986,0.18541482090950012,0.015591653995215893,0.9996469020843506,CapturedFrames_2.0_2.0_-4.0/video.mp4#frame=48
48,RIGHT_EYE_OUTER,0.4504336416721344,0.1856480985879898,0.015549549832940102,0.9996869564056396,CapturedFrames_2.0_2.0_-4.0/video.mp4#frame=48
48,LEFT_EAR,0.43801337480545044,0.1876983791589737,0.0033730913419276476,0.9994024038314819,CapturedFrames_2.0_2.0_-4.0/video.mp4#frame=48
48,RIGHT_EAR,0.4510768949985504,0.19041188061237335,-0.03074207343161106,0.9995539784431458,CapturedFrames_2.0_2.0_-4.0/video.mp4#frame=48
48,MOUTH_LEFT,0.4455116391181946,0.2001819759607315,0.024516958743333817,0.9990056157112122,CapturedFrames_2.0_2.0_-4.0/video.mp4#frame=48
48,MOUTH_RIGHT,0.4489363729953766,0.2003348171710968,0.014716719277203083,0.9992974996566772,CapturedFrames_2.0_2.0_-4.0/video.mp4#frame=48
48,LEFT_SHOULDER,0.4205736219882965,0.24343544244766235,0.018908055499196053,0.9987040758132935,CapturedFrames_2.0_2.0_-4.0/video.mp4#frame=48
48,RIGHT_SHOULDER,0.4565902352333069,0.24612046778202057,-0.07161324471235275,0.9998797178268433,CapturedFrames_2.0_2.0_-4.0/video.mp4#frame=48
48,LEFT_ELBOW,0.4245578646659851,0.30191564559936523,0.04317925497889519,0.15957383811473846,CapturedFrames_2.0_2.0_-4.0/video.mp4#frame=48
48,RIGHT_ELBOW,0.4624994695186615,0.3153243064880371,-0.07208452373743057,0.9668547511100769,CapturedFrames_2.0_2.0_-4.0/video.mp4#frame=48
48,LEFT_WRIST,0.4341851770877838,0.32940077781677246,0.07228654623031616,0.01953907497227192,CapturedFrames_2.0_2.0_-4.0/video.mp4#frame=48
48,RIGHT_WRIST,0.4719699025154114,0.3727418780326843,-0.0343797393143177,0.6430043578147888,CapturedFrames_2.0_2.0_-4.0/video.mp4#frame=48
48,LEFT_PINKY,0.4367448687553406,0.3430275022983551,0.0799335315823555,0.02108023501932621,CapturedFrames_2.0_2.0_-4.0/video.mp4#frame=48
48,RIGHT_PINKY,0.47235479950904846,0.39048242568969727,-0.03477492555975914,0.5322538614273071,CapturedFrames_2.0_2.0_-4.0/video.mp4#frame=48
48,LEFT_INDEX,0.43918371200561523,0.341218501329422,0.07502324134111404,0.02027740329504013,CapturedFrames_2.0_2.0_-4.0/video.mp4#frame=48
48,RIGHT_INDEX,0.47133582830429077,0.3892287015914917,-0.030739057809114456,0.5271891355514526,CapturedFrames_2.0_2.0_-4.0/video.mp4#frame=48
48,LEFT_THUMB,0.437991201877594,0.3392382562160492,0.07081441581249237,0.0214154664427042,CapturedFrames_2.0_2.0_-4.0/video.mp4#frame=48
48,RIGHT_THUMB,0.47050705552101135,0.3829454779624939,-0.03138938918709755,0.45374152064323425,CapturedFrames_2.0_2.0_-4.0/video.mp4#frame=48
48,LEFT_HIP,0.4344530999660492,0.3635178804397583,0.029170706868171692,0.9995842576026917,CapturedFrames_2.0_2.0_-4.0/video.mp4#frame=48
48,RIGHT_HIP,0.4553007483482361,0.36162877082824707,-0.02926604077219963,0.9993857145309448,CapturedFrames_2.0_2.0_-4.0/video.mp4#frame=48
48,LEFT_KNEE,0.43827885389328003,0.43150973320007324,0.06977657228708267,0.9408126473426819,CapturedFrames_2.0_2.0_-4.0/video.mp4#frame=48
48,RIGHT_KNEE,0.4747439920902252,0.41884711384773254,0.03597060963511467,0.9596914052963257,CapturedFrames_2.0_2.0_-4.0/video.mp4#frame=48
48,LEFT_ANKLE,0.4364349842071533,0.5091619491577148,0.09677442908287048,0.9178581833839417,CapturedFrames_2.0_2.0_-4.0/video.mp4#frame=48
48,RIGHT_ANKLE,0.4608530104160309,0.4967324435710907,0.08830161392688751,0.9341898560523987,CapturedFrames_2.0_2.0_-4.0/video.mp4#frame=48
48,LEFT_HEEL,0.4357350468635559,0.5230008363723755,0.09915279597043991,0.9116436839103699,CapturedFrames_2.0_2.0_-4.0/video.mp4#frame=48
48,RIGHT_HEEL,0.454580694437027,0.5094031095504761,0.09412175416946411,0.8809959292411804,CapturedFrames_2.0_2.0_-4.0/video.mp4#frame=48
48,LEFT_FOOT_INDEX,0.44457703828811646,0.5142379403114319,0.09674955159425735,0.7977170944213867,CapturedFrames_2.0_2.0_-4.0/video.mp4#frame=48
48,RIGHT_FOOT_INDEX,0.4746832251548767,0.5146737098693848,0.09926081448793411,0.8598654866218567,CapturedFrames_2.0_2.0_-4.0/video.mp4#frame=48
49,NOSE,0.4521036148071289,0.19019488990306854,0.04481836408376694,0.9998980760574341,CapturedFrames_2.0_2.0_-4.0/video.mp4#frame=49
49,LEFT_EYE_INNER,0.44982805848121643,0.1823807656764984,0.03679996728897095,0.9998860359191895,CapturedFrames_2.0_2.0_-4.0/video.mp4#frame=49
49,LEFT_EYE,0.4483385682106018,0.18211454153060913,0.036797959357500076,0.99988853931427,CapturedFrames_2.0_2.0_-4.0/video.mp4#frame=49
49,LEFT_EYE_OUTER,0.4466991424560547,0.18196327984333038,0.03676191344857216,0.9999017715454102,CapturedFrames_2.0_2.0_-4.0/video.mp4#frame=49
49,RIGHT_EYE_INNER,0.45323601365089417,0.1828383505344391,0.02968333289027214,0.9998854398727417,CapturedFrames_2.0_2.0_-4.0/video.mp4#frame=49
49,RIGHT_EYE,0.4541105628013611,0.18294143676757812,0.029696140438318253,0.9998786449432373,CapturedFrames_2.0_2.0_-4.0/video.mp4#frame=49
49,RIGHT_EYE_OUTER,0.4549321234226227,0.18309834599494934,0.029658809304237366,0.999876856803894,CapturedFrames_2.0_2.0_-4.0/video.mp4#frame=49
49,LEFT_EAR,0.4427572786808014,0.18574072420597076,0.008013444021344185,0.9998610019683838,CapturedFrames_2.0_2.0_-4.0/video.mp4#frame=49
49,RIGHT_EAR,0.4552542269229889,0.18782082200050354,-0.023834312334656715,0.9998540878295898,CapturedFrames_2.0_2.0_-4.0/video.mp4#frame=49
49,MOUTH_LEFT,0.4494690001010895,0.19809181988239288,0.03740242123603821,0.9998235106468201,CapturedFrames_2.0_2.0_-4.0/video.mp4#frame=49
49,MOUTH_RIGHT,0.45294708013534546,0.19869571924209595,0.028191447257995605,0.9998581409454346,CapturedFrames_2.0_2.0_-4.0/video.mp4#frame=49
49,LEFT_SHOULDER,0.42544645071029663,0.23515349626541138,0.01613999903202057,0.9995064735412598,CapturedFrames_2.0_2.0_-4.0/video.mp4#frame=49
49,RIGHT_SHOULDER,0.4609123170375824,0.24548815190792084,-0.06358469277620316,0.9999239444732666,CapturedFrames_2.0_2.0_-4.0/video.mp4#frame=49
49,LEFT_ELBOW,0.43167075514793396,0.29510998725891113,0.028653621673583984,0.1547567993402481,CapturedFrames_2.0_2.0_-4.0/video.mp4#frame=49
49,RIGHT_ELBOW,0.4651713967323303,0.31321534514427185,-0.061688609421253204,0.9584288001060486,CapturedFrames_2.0_2.0_-4.0/video.mp4#frame=49
49,LEFT_WRIST,0.4399248957633972,0.3396896421909332,0.037048131227493286,0.023138640448451042,CapturedFrames_2.0_2.0_-4.0/video.mp4#frame=49
49,RIGHT_WRIST,0.47216111421585083,0.3732812702655792,-0.02557087317109108,0.6565052270889282,CapturedFrames_2.0_2.0_-4.0/video.mp4#frame=49
49,LEFT_PINKY,0.4407103657722473,0.35310980677604675,0.03970276564359665,0.025218578055500984,CapturedFrames_2.0_2.0_-4.0/video.mp4#frame=49
49,RIGHT_PINKY,0.4723593592643738,0.3887803256511688,-0.027263423427939415,0.5474874377250671,CapturedFrames_2.0_2.0_-4.0/video.mp4#frame=49
49,LEFT_INDEX,0.44646573066711426,0.360969215631485,0.03355122730135918,0.024541253224015236,CapturedFrames_2.0_2.0_-4.0/video.mp4#frame=49
49,RIGHT_INDEX,0.47125983238220215,0.3886784017086029,-0.025423314422369003,0.5403879284858704,CapturedFrames_2.0_2.0_-4.0/video.mp4#frame=49
49,LEFT_THUMB,0.4462917447090149,0.35735151171684265,0.034250326454639435,0.02674446441233158,CapturedFrames_2.0_2.0_-4.0/video.mp4#frame=49
49,RIGHT_THUMB,0.47038331627845764,0.38378608226776123,-0.023752043023705482,0.47599509358406067,CapturedFrames_2.0_2.0_-4.0/video.mp4#frame=49
49,LEFT_HIP,0.4353455901145935,0.3598273694515228,0.025554964318871498,0.9999094009399414,CapturedFrames_2.0_2.0_-4.0/video.mp4#frame=49
49,RIGHT_HIP,0.45729511976242065,0.3581625521183014,-0.025672057643532753,0.9998438358306885,CapturedFrames_2.0_2.0_-4.0/video.mp4#frame=49
49,LEFT_KNEE,0.4396420121192932,0.42821410298347473,0.0854685977101326,0.9615609645843506,CapturedFrames_2.0_2.0_-4.0/video.mp4#frame=49
49,RIGHT_KNEE,0.4794750213623047,0.4027020037174225,0.05951762944459915,0.9772202372550964,CapturedFrames_2.0_2.0_-4.0/video.mp4#frame=49
49,LEFT_ANKLE,0.4369428753852844,0.5066749453544617,0.13630549609661102,0.9237980246543884,CapturedFrames_2.0_2.0_-4.0/video.mp4#frame=49
49,RIGHT_ANKLE,0.47299879789352417,0.48531776666641235,0.13787536323070526,0.9416559934616089,CapturedFrames_2.0_2.0_-4.0/video.mp4#frame=49
49,LEFT_HEEL,0.43597450852394104,0.5216822624206543,0.14211103320121765,0.9352290630340576,CapturedFrames_2.0_2.0_-4.0/video.mp4#frame=49
49,RIGHT_HEEL,0.466502845287323,0.5014294385910034,0.1467188596725464,0.9252092838287354,CapturedFrames_2.0_2.0_-4.0/video.mp4#frame=49
49,LEFT_FOOT_INDEX,0.44314104318618774,0.5038543343544006,0.1424359530210495,0.7309280037879944,CapturedFrames_2.0_2.0_-4.0/video.mp4#frame=49
49,RIGHT_FOOT_INDEX,0.48216232657432556,0.49331235885620117,0.15170955657958984,0.8241730332374573,CapturedFrames_2.0_2.0_-4.0/video.mp4#frame=49
50,NOSE,0.46003755927085876,0.19095954298973083,0.037600573152303696,0.9990509152412415,CapturedFrames_2.0_2.0_-4.0/video.mp4#frame=50
50,LEFT_EYE_INNER,0.4578046202659607,0.18237686157226562,0.026606056839227676,0.9988163709640503,CapturedFrames_2.0_2.0_-4.0/video.mp4#frame=50
50,LEFT_EYE,0.45655375719070435,0.1816779524087906,0.026592839509248734,0.9990941286087036,CapturedFrames_2.0_2.0_-4.0/video.mp4#frame=50
50,LEFT_EYE_OUTER,0.4551958441734314,0.18100713193416595,0.02654591202735901,0.9990338087081909,CapturedFrames_2.0_2.0_-4.0/video.mp4#frame=50
50,RIGHT_EYE_INNER,0.46033602952957153,0.1837802529335022,0.020345846191048622,0.9988105297088623,CapturedFrames_2.0_2.0_-4.0/video.mp4#frame=50
50,RIGHT_EYE,0.46103304624557495,0.1841454654932022,0.020396720618009567,0.9989458918571472,CapturedFrames_2.0_2.0_-4.0/video.mp4#frame=50
50,RIGHT_EYE_OUTER,0.4616660177707672,0.18449810147285461,0.020354848355054855,0.9987074136734009,CapturedFrames_2.0_2.0_-4.0/video.mp4#frame=50
50,LEFT_EAR,0.4499693512916565,0.18287372589111328,-0.01159155648201704,0.9988157749176025,CapturedFrames_2.0_2.0_-4.0/video.mp4#frame=50
50,RIGHT_EAR,0.4599270820617676,0.18742379546165466,-0.038231637328863144,0.9986036419868469,CapturedFrames_2.0_2.0_-4.0/video.mp4#frame=50
50,MOUTH_LEFT,0.4575449824333191,0.1974426507949829,0.027403268963098526,0.9987389445304871,CapturedFrames_2.0_2.0_-4.0/video.mp4#frame=50
50,MOUTH_RIGHT,0.460096538066864,0.19941042363643646,0.019586097449064255,0.9987094402313232,CapturedFrames_2.0_2.0_-4.0/video.mp4#frame=50
50,LEFT_SHOULDER,0.4299028515815735,0.2269679456949234,-0.0016633470077067614,0.9990111589431763,CapturedFrames_2.0_2.0_-4.0/video.mp4#frame=50
50,RIGHT_SHOULDER,0.46383994817733765,0.24447780847549438,-0.07030102610588074,0.9997178912162781,CapturedFrames_2.0_2.0_-4.0/video.mp4#frame=50
50,LEFT_ELBOW,0.4369000494480133,0.2848009169101715,0.03674719110131264,0.09733551740646362,CapturedFrames_2.0_2.0_-4.0/video.mp4#frame=50
50,RIGHT_ELBOW,0.46647968888282776,0.3098103106021881,-0.06428789347410202,0.7219513058662415,CapturedFrames_2.0_2.0_-4.0/video.mp4#frame=50
50,LEFT_WRIST,0.4444121718406677,0.329392671585083,0.06622432172298431,0.036421723663806915,CapturedFrames_2.0_2.0_-4.0/video.mp4#frame=50
50,RIGHT_WRIST,0.47181040048599243,0.37101224064826965,-0.02991006337106228,0.5673106908798218,CapturedFrames_2.0_2.0_-4.0/video.mp4#frame=50
50,LEFT_PINKY,0.44721904397010803,0.3341321051120758,0.06955212354660034,0.045248840004205704,CapturedFrames_2.0_2.0_-4.0/video.mp4#frame=50
50,RIGHT_PINKY,0.47197359800338745,0.38622233271598816,-0.03183099627494812,0.53750079870224,CapturedFrames_2.0_2.0_-4.0/video.mp4#frame=50
50,LEFT_INDEX,0.4570505619049072,0.33013683557510376,0.06270398199558258,0.044634994119405746,CapturedFrames_2.0_2.0_-4.0/video.mp4#frame=50
50,RIGHT_INDEX,0.4706154763698578,0.3863160312175751,-0.03457621484994888,0.5333811640739441,CapturedFrames_2.0_2.0_-4.0/video.mp4#frame=50
50,LEFT_THUMB,0.4572799801826477,0.32891011238098145,0.0637686625123024,0.04317694157361984,CapturedFrames_2.0_2.0_-4.0/video.mp4#frame=50
50,RIGHT_THUMB,0.4701448380947113,0.38087671995162964,-0.029780829325318336,0.47411206364631653,CapturedFrames_2.0_2.0_-4.0/video.mp4#frame=50
50,LEFT_HIP,0.43916797637939453,0.3611399233341217,0.024488776922225952,0.9997575879096985,CapturedFrames_2.0_2.0_-4.0/video.mp4#frame=50
50,RIGHT_HIP,0.4631671905517578,0.362731009721756,-0.02470267191529274,0.9996600151062012,CapturedFrames_2.0_2.0_-4.0/video.mp4#frame=50
50,LEFT_KNEE,0.43905359506607056,0.4313018321990967,0.09376388788223267,0.976893961429596,CapturedFrames_2.0_2.0_-4.0/video.mp4#frame=50
50,RIGHT_KNEE,0.4801596701145172,0.40065711736679077,0.09285420924425125,0.9702956080436707,CapturedFrames_2.0_2.0_-4.0/video.mp4#frame=50
50,LEFT_ANKLE,0.43717509508132935,0.5020435452461243,0.15858420729637146,0.927091658115387,CapturedFrames_2.0_2.0_-4.0/video.mp4#frame=50
50,RIGHT_ANKLE,0.4807886481285095,0.477141410112381,0.1937619000673294,0.9040836691856384,CapturedFrames_2.0_2.0_-4.0/video.mp4#frame=50
50,LEFT_HEEL,0.4358992576599121,0.5194802284240723,0.16603881120681763,0.9381487369537354,CapturedFrames_2.0_2.0_-4.0/video.mp4#frame=50
50,RIGHT_HEEL,0.47767138481140137,0.49275314807891846,0.2063809186220169,0.9068121314048767,CapturedFrames_2.0_2.0_-4.0/video.mp4#frame=50
50,LEFT_FOOT_INDEX,0.44039908051490784,0.506531834602356,0.16373619437217712,0.6897237300872803,CapturedFrames_2.0_2.0_-4.0/video.mp4#frame=50
50,RIGHT_FOOT_INDEX,0.4877830445766449,0.4806477129459381,0.2154911309480667,0.705921471118927,CapturedFrames_2.0_2.0_-4.0/video.mp4#frame=50
51,NOSE,0.46347832679748535,0.19086715579032898,0.04025758057832718,0.9996966123580933,CapturedFrames_2.0_2.0_-4.0/video.mp4#frame=51
51,LEFT_EYE_INNER,0.4611923098564148,0.1832142025232315,0.0336940623819828,0.9996589422225952,CapturedFrames_2.0_2.0_-4.0/video.mp4#frame=51
51,LEFT_EYE,0.45989471673965454,0.18262407183647156,0.033681463450193405,0.9997052550315857,CapturedFrames_2.0_2.0_-4.0/video.mp4#frame=51
51,LEFT_EYE_OUTER,0.45853036642074585,0.18201234936714172,0.03365278244018555,0.9996973276138306,CapturedFrames_2.0_2.0_-4.0/video.mp4#frame=51
51,RIGHT_EYE_INNER,0.4641498625278473,0.18419307470321655,0.026286298409104347,0.9996732473373413,CapturedFrames_2.0_2.0_-4.0/video.mp4#frame=51
51,RIGHT_EYE,0.4649941921234131,0.18435223400592804,0.02630305290222168,0.9996992349624634,CapturedFrames_2.0_2.0_-4.0/video.mp4#frame=51
51,RIGHT_EYE_OUTER,0.4658574163913727,0.18455345928668976,0.026262307539582253,0.9996633529663086,CapturedFrames_2.0_2.0_-4.0/video.mp4#frame=51
51,LEFT_EAR,0.4540763795375824,0.18373066186904907,0.010510502383112907,0.9996156692504883,CapturedFrames_2.0_2.0_-4.0/video.mp4#frame=51
51,RIGHT_EAR,0.46487393975257874,0.18792575597763062,-0.02215719409286976,0.999632716178894,CapturedFrames_2.0_2.0_-4.0/video.mp4#frame=51
51,MOUTH_LEFT,0.461251825094223,0.19785325229167938,0.0348312109708786,0.999526858329773,CapturedFrames_2.0_2.0_-4.0/video.mp4#frame=51
51,MOUTH_RIGHT,0.46400555968284607,0.1991334855556488,0.02533845230937004,0.9995859265327454,CapturedFrames_2.0_2.0_-4.0/video.mp4#frame=51
51,LEFT_SHOULDER,0.43590593338012695,0.22883684933185577,0.023716844618320465,0.9994484782218933,CapturedFrames_2.0_2.0_-4.0/video.mp4#frame=51
51,RIGHT_SHOULDER,0.46780580282211304,0.2442973405122757,-0.05733349174261093,0.9999098777770996,CapturedFrames_2.0_2.0_-4.0/video.mp4#frame=51
51,LEFT_ELBOW,0.442175954580307,0.2884814739227295,0.03622930496931076,0.09167366474866867,CapturedFrames_2.0_2.0_-4.0/video.mp4#frame=51
51,RIGHT_ELBOW,0.46803003549575806,0.3092174828052521,-0.05688457563519478,0.8874894380569458,CapturedFrames_2.0_2.0_-4.0/video.mp4#frame=51
51,LEFT_WRIST,0.452104389667511,0.34141620993614197,0.03754610940814018,0.04065164178609848,CapturedFrames_2.0_2.0_-4.0/video.mp4#frame=51
51,RIGHT_WRIST,0.47204384207725525,0.36941781640052795,-0.021808341145515442,0.7300658226013184,CapturedFrames_2.0_2.0_-4.0/video.mp4#frame=51
51,LEFT_PINKY,0.45269975066185,0.3424752652645111,0.03929267078638077,0.04913506656885147,CapturedFrames_2.0_2.0_-4.0/video.mp4#frame=51
51,RIGHT_PINKY,0.47171467542648315,0.3859036862850189,-0.02382368966937065,0.679932713508606,CapturedFrames_2.0_2.0_-4.0/video.mp4#frame=51
51,LEFT_INDEX,0.45850902795791626,0.3541252613067627,0.03179967775940895,0.04816517233848572,CapturedFrames_2.0_2.0_-4.0/video.mp4#frame=51
51,RIGHT_INDEX,0.47068095207214355,0.38641178607940674,-0.02384830079972744,0.6751959919929504,CapturedFrames_2.0_2.0_-4.0/video.mp4#frame=51
51,LEFT_THUMB,0.4583640992641449,0.35149461030960083,0.034123435616493225,0.04727175459265709,CapturedFrames_2.0_2.0_-4.0/video.mp4#frame=51
51,RIGHT_THUMB,0.47037798166275024,0.3807196021080017,-0.02073517255485058,0.6209833025932312,CapturedFrames_2.0_2.0_-4.0/video.mp4#frame=51
51,LEFT_HIP,0.441788911819458,0.353008508682251,0.026875460520386696,0.9999185800552368,CapturedFrames_2.0_2.0_-4.0/video.mp4#frame=51
51,RIGHT_HIP,0.4636787474155426,0.35391244292259216,-0.027057822793722153,0.9998458623886108,CapturedFrames_2.0_2.0_-4.0/video.mp4#frame=51
51,LEFT_KNEE,0.44145292043685913,0.42614835500717163,0.06924048066139221,0.9837753176689148,CapturedFrames_2.0_2.0_-4.0/video.mp4#frame=51
51,RIGHT_KNEE,0.48384523391723633,0.3938981294631958,0.05879262089729309,0.9773274660110474,CapturedFrames_2.0_2.0_-4.0/video.mp4#frame=51
51,LEFT_ANKLE,0.43698573112487793,0.5052526593208313,0.10552026331424713,0.9589980244636536,CapturedFrames_2.0_2.0_-4.0/video.mp4#frame=51
51,RIGHT_ANKLE,0.49051839113235474,0.46689572930336,0.13775049149990082,0.9258270859718323,CapturedFrames_2.0_2.0_-4.0/video.mp4#frame=51
51,LEFT_HEEL,0.4350719451904297,0.5206243991851807,0.10978518426418304,0.9667217135429382,CapturedFrames_2.0_2.0_-4.0/video.mp4#frame=51
51,RIGHT_HEEL,0.48904967308044434,0.4833698272705078,0.14714021980762482,0.9149185419082642,CapturedFrames_2.0_2.0_-4.0/video.mp4#frame=51
51,LEFT_FOOT_INDEX,0.44619959592819214,0.501791775226593,0.1063152551651001,0.8346502184867859,CapturedFrames_2.0_2.0_-4.0/video.mp4#frame=51
51,RIGHT_FOOT_INDEX,0.49937137961387634,0.4644857943058014,0.15477098524570465,0.8228443264961243,CapturedFrames_2.0_2.0_-4.0/video.mp4#frame=51
52,NOSE,0.4666913151741028,0.19103462994098663,0.030620301142334938,0.9993139505386353,CapturedFrames_2.0_2.0_-4.0/video.mp4#frame=52
52,LEFT_EYE_INNER,0.4646488130092621,0.18297886848449707,0.02454611472785473,0.9990423321723938,CapturedFrames_2.0_2.0_-4.0/video.mp4#frame=52
52,LEFT_EYE,0.46324777603149414,0.18236488103866577,0.02452813647687435,0.9991803765296936,CapturedFrames_2.0_2.0_-4.0/video.mp4#frame=52
52,LEFT_EYE_OUTER,0.46188458800315857,0.1818442940711975,0.02450145035982132,0.9991673231124878,CapturedFrames_2.0_2.0_-4.0/video.mp4#frame=52
52,RIGHT_EYE_INNER,0.46774667501449585,0.1840948462486267,0.016921494156122208,0.999127209186554,CapturedFrames_2.0_2.0_-4.0/video.mp4#frame=52
52,RIGHT_EYE,0.468741238117218,0.18435828387737274,0.01694411039352417,0.9991840720176697,CapturedFrames_2.0_2.0_-4.0/video.mp4#frame=52
52,RIGHT_EYE_OUTER,0.46973615884780884,0.18465399742126465,0.016908559948205948,0.9991133809089661,CapturedFrames_2.0_2.0_-4.0/video.mp4#frame=52
52,LEFT_EAR,0.4578689932823181,0.18395505845546722,0.004706427920609713,0.9985737800598145,CapturedFrames_2.0_2.0_-4.0/video.mp4#frame=52
52,RIGHT_EAR,0.46921008825302124,0.18871848285198212,-0.02890968881547451,0.9989416003227234,CapturedFrames_2.0_2.0_-4.0/video.mp4#frame=52
52,MOUTH_LEFT,0.4647189676761627,0.1972067654132843,0.026278650388121605,0.9990425705909729,CapturedFrames_2.0_2.0_-4.0/video.mp4#frame=52
52,MOUTH_RIGHT,0.46773427724838257,0.19871780276298523,0.01645914651453495,0.9991045594215393,CapturedFrames_2.0_2.0_-4.0/video.mp4#frame=52
52,LEFT_SHOULDER,0.44227296113967896,0.22681927680969238,0.01830310933291912,0.9990991353988647,CapturedFrames_2.0_2.0_-4.0/video.mp4#frame=52
52,RIGHT_SHOULDER,0.46856528520584106,0.23867861926555634,-0.06374745815992355,0.9998161196708679,CapturedFrames_2.0_2.0_-4.0/video.mp4#frame=52
52,LEFT_ELBOW,0.45399218797683716,0.2804364264011383,0.03140438348054886,0.12976057827472687,CapturedFrames_2.0_2.0_-4.0/video.mp4#frame=52
52,RIGHT_ELBOW,0.46707063913345337,0.3026654124259949,-0.07084900140762329,0.857742965221405,CapturedFrames_2.0_2.0_-4.0/video.mp4#frame=52
52,LEFT_WRIST,0.4680759310722351,0.3217287063598633,0.024532314389944077,0.08509993553161621,CapturedFrames_2.0_2.0_-4.0/video.mp4#frame=52
52,RIGHT_WRIST,0.47177261114120483,0.361307829618454,-0.04378816485404968,0.7098606824874878,CapturedFrames_2.0_2.0_-4.0/video.mp4#frame=52
52,LEFT_PINKY,0.47268804907798767,0.32855910062789917,0.024703463539481163,0.09690174460411072,CapturedFrames_2.0_2.0_-4.0/video.mp4#frame=52
52,RIGHT_PINKY,0.47106486558914185,0.3788115084171295,-0.04793166741728783,0.6547567844390869,CapturedFrames_2.0_2.0_-4.0/video.mp4#frame=52
52,LEFT_INDEX,0.4678061604499817,0.32351332902908325,0.01609712839126587,0.09703715145587921,CapturedFrames_2.0_2.0_-4.0/video.mp4#frame=52
52,RIGHT_INDEX,0.4705306887626648,0.3790968954563141,-0.04854796826839447,0.645462155342102,CapturedFrames_2.0_2.0_-4.0/video.mp4#frame=52
52,LEFT_THUMB,0.4749628007411957,0.3293205797672272,0.020173702389001846,0.09463538974523544,CapturedFrames_2.0_2.0_-4.0/video.mp4#frame=52
52,RIGHT_THUMB,0.4705990254878998,0.37218886613845825,-0.04324015974998474,0.5880433917045593,CapturedFrames_2.0_2.0_-4.0/video.mp4#frame=52
52,LEFT_HIP,0.44678348302841187,0.35077497363090515,0.02790839411318302,0.9998589754104614,CapturedFrames_2.0_2.0_-4.0/video.mp4#frame=52
52,RIGHT_HIP,0.46839040517807007,0.3498220145702362,-0.02804485522210598,0.9996880292892456,CapturedFrames_2.0_2.0_-4.0/video.mp4#frame=52
52,LEFT_KNEE,0.44170254468917847,0.42787110805511475,0.046404916793107986,0.9761042594909668,CapturedFrames_2.0_2.0_-4.0/video.mp4#frame=52
52,RIGHT_KNEE,0.48368731141090393,0.39725732803344727,0.06170712038874626,0.975309431552887,CapturedFrames_2.0_2.0_-4.0/video.mp4#frame=52
52,LEFT_ANKLE,0.4372982382774353,0.5059188008308411,0.06545183807611465,0.9675631523132324,CapturedFrames_2.0_2.0_-4.0/video.mp4#frame=52
52,RIGHT_ANKLE,0.49756747484207153,0.4610573947429657,0.12999576330184937,0.945628821849823,CapturedFrames_2.0_2.0_-4.0/video.mp4#frame=52
52,LEFT_HEEL,0.43645793199539185,0.523922860622406,0.06743986159563065,0.9742417335510254,CapturedFrames_2.0_2.0_-4.0/video.mp4#frame=52
52,RIGHT_HEEL,0.49812060594558716,0.4778634309768677,0.13791480660438538,0.9434887766838074,CapturedFrames_2.0_2.0_-4.0/video.mp4#frame=52
52,LEFT_FOOT_INDEX,0.44183555245399475,0.5057291984558105,0.05222130939364433,0.8603159785270691,CapturedFrames_2.0_2.0_-4.0/video.mp4#frame=52
52,RIGHT_FOOT_INDEX,0.50722336769104,0.45017296075820923,0.13819335401058197,0.8376253247261047,CapturedFrames_2.0_2.0_-4.0/video.mp4#frame=52
53,NOSE,0.47100967168807983,0.18808652460575104,0.04627674072980881,0.9996328353881836,CapturedFrames_2.0_2.0_-4.0/video.mp4#frame=53
53,LEFT_EYE_INNER,0.4685693681240082,0.18009048700332642,0.039545636624097824,0.99953293800354,CapturedFrames_2.0_2.0_-4.0/video.mp4#frame=53
53,LEFT_EYE,0.4672001004219055,0.1797950714826584,0.039526429027318954,0.9995875954627991,CapturedFrames_2.0_2.0_-4.0/video.mp4#frame=53
53,LEFT_EYE_OUTER,0.4658399224281311,0.1796836256980896,0.0394999161362648,0.9996008276939392,CapturedFrames_2.0_2.0_-4.0/video.mp4#frame=53
53,RIGHT_EYE_INNER,0.47198286652565,0.18116244673728943,0.033063363283872604,0.9995980858802795,CapturedFrames_2.0_2.0_-4.0/video.mp4#frame=53
53,RIGHT_EYE,0.47286373376846313,0.18147483468055725,0.03307490423321724,0.99962317943573,CapturedFrames_2.0_2.0_-4.0/video.mp4#frame=53
53,RIGHT_EYE_OUTER,0.47374874353408813,0.18191105127334595,0.033040180802345276,0.9996035695075989,CapturedFrames_2.0_2.0_-4.0/video.mp4#frame=53
53,LEFT_EAR,0.46195006370544434,0.18359531462192535,0.016362112015485764,0.9994508624076843,CapturedFrames_2.0_2.0_-4.0/video.mp4#frame=53
53,RIGHT_EAR,0.4730401933193207,0.1867324858903885,-0.012485700659453869,0.999593198299408,CapturedFrames_2.0_2.0_-4.0/video.mp4#frame=53
53,MOUTH_LEFT,0.46882739663124084,0.1954866349697113,0.04072369635105133,0.9994603991508484,CapturedFrames_2.0_2.0_-4.0/video.mp4#frame=53
53,MOUTH_RIGHT,0.47209906578063965,0.1967603862285614,0.03229726478457451,0.9994776844978333,CapturedFrames_2.0_2.0_-4.0/video.mp4#frame=53
53,LEFT_SHOULDER,0.4465860426425934,0.22734658420085907,0.028371939435601234,0.9995456337928772,CapturedFrames_2.0_2.0_-4.0/video.mp4#frame=53
53,RIGHT_SHOULDER,0.4749356806278229,0.23945076763629913,-0.04740528389811516,0.9999046325683594,CapturedFrames_2.0_2.0_-4.0/video.mp4#frame=53
53,LEFT_ELBOW,0.45746803283691406,0.27990853786468506,0.048514075577259064,0.10877731442451477,CapturedFrames_2.0_2.0_-4.0/video.mp4#frame=53
53,RIGHT_ELBOW,0.47204360365867615,0.3041640818119049,-0.04658083990216255,0.8276600241661072,CapturedFrames_2.0_2.0_-4.0/video.mp4#frame=53
53,LEFT_WRIST,0.4715794622898102,0.3064116835594177,0.05397682264447212,0.07152598351240158,CapturedFrames_2.0_2.0_-4.0/video.mp4#frame=53
53,RIGHT_WRIST,0.47434407472610474,0.36069536209106445,-0.01637403853237629,0.6292386054992676,CapturedFrames_2.0_2.0_-4.0/video.mp4#frame=53
53,LEFT_PINKY,0.4770492911338806,0.3125945031642914,0.05657089874148369,0.0786452516913414,CapturedFrames_2.0_2.0_-4.0/video.mp4#frame=53
53,RIGHT_PINKY,0.47182902693748474,0.3760468661785126,-0.017763985320925713,0.5870254635810852,CapturedFrames_2.0_2.0_-4.0/video.mp4#frame=53
53,LEFT_INDEX,0.47794777154922485,0.30855441093444824,0.048988424241542816,0.07814119011163712,CapturedFrames_2.0_2.0_-4.0/video.mp4#frame=53
53,RIGHT_INDEX,0.47051897644996643,0.37667930126190186,-0.019039465114474297,0.579361617565155,CapturedFrames_2.0_2.0_-4.0/video.mp4#frame=53
53,LEFT_THUMB,0.47600826621055603,0.3085751533508301,0.05065225809812546,0.07864314317703247,CapturedFrames_2.0_2.0_-4.0/video.mp4#frame=53
53,RIGHT_THUMB,0.47126421332359314,0.3710327446460724,-0.015772268176078796,0.5216864943504333,CapturedFrames_2.0_2.0_-4.0/video.mp4#frame=53
53,LEFT_HIP,0.4494515359401703,0.34732839465141296,0.026779185980558395,0.9999649524688721,CapturedFrames_2.0_2.0_-4.0/video.mp4#frame=53
53,RIGHT_HIP,0.47066885232925415,0.3449815809726715,-0.026931757107377052,0.9999120235443115,CapturedFrames_2.0_2.0_-4.0/video.mp4#frame=53
53,LEFT_KNEE,0.4443266987800598,0.4254426658153534,0.04585633426904678,0.9866191744804382,CapturedFrames_2.0_2.0_-4.0/video.mp4#frame=53
53,RIGHT_KNEE,0.4864429831504822,0.3990570604801178,0.06625708192586899,0.9827783703804016,CapturedFrames_2.0_2.0_-4.0/video.mp4#frame=53
53,LEFT_ANKLE,0.437680184841156,0.504753589630127,0.05640522763133049,0.9785484075546265,CapturedFrames_2.0_2.0_-4.0/video.mp4#frame=53
53,RIGHT_ANKLE,0.5000312924385071,0.4589664936065674,0.128794863820076,0.9624798893928528,CapturedFrames_2.0_2.0_-4.0/video.mp4#frame=53
53,LEFT_HEEL,0.4361552596092224,0.5200581550598145,0.05778523534536362,0.9853825569152832,CapturedFrames_2.0_2.0_-4.0/video.mp4#frame=53
53,RIGHT_HEEL,0.5004559755325317,0.4750906229019165,0.1359730064868927,0.9560253620147705,CapturedFrames_2.0_2.0_-4.0/video.mp4#frame=53
53,LEFT_FOOT_INDEX,0.4457477629184723,0.502317488193512,0.04584065452218056,0.8530603051185608,CapturedFrames_2.0_2.0_-4.0/video.mp4#frame=53
53,RIGHT_FOOT_INDEX,0.5087957978248596,0.44531819224357605,0.14084812998771667,0.8477450013160706,CapturedFrames_2.0_2.0_-4.0/video.mp4#frame=53
54,NOSE,0.4756326675415039,0.19403012096881866,0.047743141651153564,0.9998207688331604,CapturedFrames_2.0_2.0_-4.0/video.mp4#frame=54
54,LEFT_EYE_INNER,0.4735671877861023,0.1865924447774887,0.04199729487299919,0.999763548374176,CapturedFrames_2.0_2.0_-4.0/video.mp4#frame=54
54,LEFT_EYE,0.47233837842941284,0.1860184371471405,0.04198206961154938,0.9997977614402771,CapturedFrames_2.0_2.0_-4.0/video.mp4#frame=54
54,LEFT_EYE_OUTER,0.47107163071632385,0.1854677051305771,0.041955623775720596,0.9998026490211487,CapturedFrames_2.0_2.0_-4.0/video.mp4#frame=54
54,RIGHT_EYE_INNER,0.47648149728775024,0.18735258281230927,0.03448692336678505,0.9997926354408264,CapturedFrames_2.0_2.0_-4.0/video.mp4#frame=54
54,RIGHT_EYE,0.47719866037368774,0.18744070827960968,0.03449840098619461,0.9998065829277039,CapturedFrames_2.0_2.0_-4.0/video.mp4#frame=54
54,RIGHT_EYE_OUTER,0.4778828024864197,0.18758000433444977,0.03446352854371071,0.999794065952301,CapturedFrames_2.0_2.0_-4.0/video.mp4#frame=54
54,LEFT_EAR,0.46712011098861694,0.18752209842205048,0.022115321829915047,0.9997125267982483,CapturedFrames_2.0_2.0_-4.0/video.mp4#frame=54
54,RIGHT_EAR,0.47745949029922485,0.19170315563678741,-0.011425227858126163,0.9997673630714417,CapturedFrames_2.0_2.0_-4.0/video.mp4#frame=54
54,MOUTH_LEFT,0.47325363755226135,0.2005539834499359,0.04327742010354996,0.9996581077575684,CapturedFrames_2.0_2.0_-4.0/video.mp4#frame=54
54,MOUTH_RIGHT,0.47613129019737244,0.20166386663913727,0.03350413218140602,0.9996674060821533,CapturedFrames_2.0_2.0_-4.0/video.mp4#frame=54
54,LEFT_SHOULDER,0.4509764611721039,0.23011700809001923,0.034905288368463516,0.999562680721283,CapturedFrames_2.0_2.0_-4.0/video.mp4#frame=54
54,RIGHT_SHOULDER,0.47899675369262695,0.24629147350788116,-0.049328435212373734,0.9999040365219116,CapturedFrames_2.0_2.0_-4.0/video.mp4#frame=54
54,LEFT_ELBOW,0.46202316880226135,0.28311723470687866,0.054122697561979294,0.15874557197093964,CapturedFrames_2.0_2.0_-4.0/video.mp4#frame=54
54,RIGHT_ELBOW,0.4724234640598297,0.3056388795375824,-0.05528069660067558,0.9132470488548279,CapturedFrames_2.0_2.0_-4.0/video.mp4#frame=54
54,LEFT_WRIST,0.47743645310401917,0.3080073595046997,0.051385629922151566,0.0976593866944313,CapturedFrames_2.0_2.0_-4.0/video.mp4#frame=54
54,RIGHT_WRIST,0.4760226309299469,0.3587689995765686,-0.030654426664114,0.7607957124710083,CapturedFrames_2.0_2.0_-4.0/video.mp4#frame=54
54,LEFT_PINKY,0.4834429621696472,0.3129774034023285,0.05277661234140396,0.10493489354848862,CapturedFrames_2.0_2.0_-4.0/video.mp4#frame=54
54,RIGHT_PINKY,0.4739665985107422,0.3738386034965515,-0.03348515182733536,0.7064926624298096,CapturedFrames_2.0_2.0_-4.0/video.mp4#frame=54
54,LEFT_INDEX,0.4843503534793854,0.3128983974456787,0.044163987040519714,0.10548882186412811,CapturedFrames_2.0_2.0_-4.0/video.mp4#frame=54
54,RIGHT_INDEX,0.4739219546318054,0.3743119239807129,-0.033529993146657944,0.6980774998664856,CapturedFrames_2.0_2.0_-4.0/video.mp4#frame=54
54,LEFT_THUMB,0.4821290373802185,0.3133297860622406,0.047344524413347244,0.10833368450403214,CapturedFrames_2.0_2.0_-4.0/video.mp4#frame=54
54,RIGHT_THUMB,0.47471076250076294,0.36795786023139954,-0.02957121655344963,0.634756326675415,CapturedFrames_2.0_2.0_-4.0/video.mp4#frame=54
54,LEFT_HIP,0.453601211309433,0.34844738245010376,0.02781050279736519,0.9999431371688843,CapturedFrames_2.0_2.0_-4.0/video.mp4#frame=54
54,RIGHT_HIP,0.47436586022377014,0.35018691420555115,-0.02792062982916832,0.9998643398284912,CapturedFrames_2.0_2.0_-4.0/video.mp4#frame=54
54,LEFT_KNEE,0.4467926621437073,0.4225950539112091,0.04722409322857857,0.9897969365119934,CapturedFrames_2.0_2.0_-4.0/video.mp4#frame=54
54,RIGHT_KNEE,0.4886527955532074,0.39720654487609863,0.05900461599230766,0.9895070195198059,CapturedFrames_2.0_2.0_-4.0/video.mp4#frame=54
54,LEFT_ANKLE,0.43696147203445435,0.5001890659332275,0.05939190834760666,0.9816182255744934,CapturedFrames_2.0_2.0_-4.0/video.mp4#frame=54
54,RIGHT_ANKLE,0.5006179809570312,0.45915403962135315,0.11909382045269012,0.9737116694450378,CapturedFrames_2.0_2.0_-4.0/video.mp4#frame=54
54,LEFT_HEEL,0.4357363283634186,0.515104353427887,0.06094277650117874,0.9869385957717896,CapturedFrames_2.0_2.0_-4.0/video.mp4#frame=54
54,RIGHT_HEEL,0.5006086826324463,0.47625890374183655,0.12616805732250214,0.9669026732444763,CapturedFrames_2.0_2.0_-4.0/video.mp4#frame=54
54,LEFT_FOOT_INDEX,0.4431958794593811,0.5054136514663696,0.05055137723684311,0.8786584138870239,CapturedFrames_2.0_2.0_-4.0/video.mp4#frame=54
54,RIGHT_FOOT_INDEX,0.5102552175521851,0.44738662242889404,0.13131652772426605,0.8882402777671814,CapturedFrames_2.0_2.0_-4.0/video.mp4#frame=54
55,NOSE,0.47918710112571716,0.19423630833625793,0.04060152918100357,0.9998095631599426,CapturedFrames_2.0_2.0_-4.0/video.mp4#frame=55
55,LEFT_EYE_INNER,0.47741907835006714,0.18757644295692444,0.036277320235967636,0.9997459053993225,CapturedFrames_2.0_2.0_-4.0/video.mp4#frame=55
55,LEFT_EYE,0.47621411085128784,0.18718893826007843,0.03626272454857826,0.9997709393501282,CapturedFrames_2.0_2.0_-4.0/video.mp4#frame=55
55,LEFT_EYE_OUTER,0.47503846883773804,0.18688130378723145,0.036240871995687485,0.9997798800468445,CapturedFrames_2.0_2.0_-4.0/video.mp4#frame=55
55,RIGHT_EYE_INNER,0.48034268617630005,0.18848739564418793,0.028355678543448448,0.999776303768158,CapturedFrames_2.0_2.0_-4.0/video.mp4#frame=55
55,RIGHT_EYE,0.48108047246932983,0.18884266912937164,0.028360869735479355,0.9997844099998474,CapturedFrames_2.0_2.0_-4.0/video.mp4#frame=55
55,RIGHT_EYE_OUTER,0.4817710816860199,0.18924400210380554,0.028323981910943985,0.9997803568840027,CapturedFrames_2.0_2.0_-4.0/video.mp4#frame=55
55,LEFT_EAR,0.4712415337562561,0.19006165862083435,0.02115519717335701,0.9996722936630249,CapturedFrames_2.0_2.0_-4.0/video.mp4#frame=55
55,RIGHT_EAR,0.48114562034606934,0.1933893859386444,-0.0142943961545825,0.9997500777244568,CapturedFrames_2.0_2.0_-4.0/video.mp4#frame=55
55,MOUTH_LEFT,0.4766367971897125,0.20110590755939484,0.03750257194042206,0.9996554851531982,CapturedFrames_2.0_2.0_-4.0/video.mp4#frame=55
55,MOUTH_RIGHT,0.47960615158081055,0.20225508511066437,0.027216900140047073,0.9996819496154785,CapturedFrames_2.0_2.0_-4.0/video.mp4#frame=55
55,LEFT_SHOULDER,0.4552164673805237,0.2325429767370224,0.03760559484362602,0.9994630217552185,CapturedFrames_2.0_2.0_-4.0/video.mp4#frame=55
55,RIGHT_SHOULDER,0.48196941614151,0.24480760097503662,-0.05216335132718086,0.9999018907546997,CapturedFrames_2.0_2.0_-4.0/video.mp4#frame=55
55,LEFT_ELBOW,0.465355783700943,0.2882533669471741,0.05130629613995552,0.10242129117250443,CapturedFrames_2.0_2.0_-4.0/video.mp4#frame=55
55,RIGHT_ELBOW,0.47606706619262695,0.304306298494339,-0.057948220521211624,0.8725965023040771,CapturedFrames_2.0_2.0_-4.0/video.mp4#frame=55
55,LEFT_WRIST,0.47954311966896057,0.3109702169895172,0.045440297573804855,0.08265285938978195,CapturedFrames_2.0_2.0_-4.0/video.mp4#frame=55
55,RIGHT_WRIST,0.4789215624332428,0.3553151488304138,-0.028171708807349205,0.6852293610572815,CapturedFrames_2.0_2.0_-4.0/video.mp4#frame=55
55,LEFT_PINKY,0.48562440276145935,0.3171740770339966,0.046211324632167816,0.09402090311050415,CapturedFrames_2.0_2.0_-4.0/video.mp4#frame=55
55,RIGHT_PINKY,0.4761448800563812,0.36973053216934204,-0.030992815271019936,0.6378101706504822,CapturedFrames_2.0_2.0_-4.0/video.mp4#frame=55
55,LEFT_INDEX,0.48682889342308044,0.3158718943595886,0.037987396121025085,0.09456316381692886,CapturedFrames_2.0_2.0_-4.0/video.mp4#frame=55
55,RIGHT_INDEX,0.47574424743652344,0.3710985779762268,-0.03144261986017227,0.6293691992759705,CapturedFrames_2.0_2.0_-4.0/video.mp4#frame=55
55,LEFT_THUMB,0.4840717911720276,0.316839337348938,0.04121173918247223,0.09502549469470978,CapturedFrames_2.0_2.0_-4.0/video.mp4#frame=55
55,RIGHT_THUMB,0.47686633467674255,0.3646300137042999,-0.02738148532807827,0.5755981802940369,CapturedFrames_2.0_2.0_-4.0/video.mp4#frame=55
55,LEFT_HIP,0.45738691091537476,0.3493056893348694,0.03022109344601631,0.9999337196350098,CapturedFrames_2.0_2.0_-4.0/video.mp4#frame=55
55,RIGHT_HIP,0.47790059447288513,0.34840279817581177,-0.030325334519147873,0.999855637550354,CapturedFrames_2.0_2.0_-4.0/video.mp4#frame=55
55,LEFT_KNEE,0.449122816324234,0.4235633313655853,0.04600812494754791,0.9843243360519409,CapturedFrames_2.0_2.0_-4.0/video.mp4#frame=55
55,RIGHT_KNEE,0.49340301752090454,0.39288440346717834,0.05093424767255783,0.9880827069282532,CapturedFrames_2.0_2.0_-4.0/video.mp4#frame=55
55,LEFT_ANKLE,0.4372407793998718,0.5004359483718872,0.056687019765377045,0.9779644012451172,CapturedFrames_2.0_2.0_-4.0/video.mp4#frame=55
55,RIGHT_ANKLE,0.5036510825157166,0.4596709907054901,0.11402513086795807,0.9697824120521545,CapturedFrames_2.0_2.0_-4.0/video.mp4#frame=55
55,LEFT_HEEL,0.4328654408454895,0.5176470279693604,0.05793262645602226,0.9835224151611328,CapturedFrames_2.0_2.0_-4.0/video.mp4#frame=55
55,RIGHT_HEEL,0.5038355588912964,0.47555822134017944,0.12119076400995255,0.9582124948501587,CapturedFrames_2.0_2.0_-4.0/video.mp4#frame=55
55,LEFT_FOOT_INDEX,0.44509220123291016,0.5088417530059814,0.0463387668132782,0.8918132781982422,CapturedFrames_2.0_2.0_-4.0/video.mp4#frame=55
55,RIGHT_FOOT_INDEX,0.5119858980178833,0.4517591595649719,0.12511679530143738,0.8949397802352905,CapturedFrames_2.0_2.0_-4.0/video.mp4#frame=55
56,NOSE,0.4838230013847351,0.20027849078178406,0.021399201825261116,0.9995477795600891,CapturedFrames_2.0_2.0_-4.0/video.mp4#frame=56
56,LEFT_EYE_INNER,0.4816645085811615,0.19168592989444733,0.018269900232553482,0.9994317889213562,CapturedFrames_2.0_2.0_-4.0/video.mp4#frame=56
56,LEFT_EYE,0.48048609495162964,0.19078873097896576,0.018250659108161926,0.9995115995407104,CapturedFrames_2.0_2.0_-4.0/video.mp4#frame=56
56,LEFT_EYE_OUTER,0.4792839586734772,0.189945787191391,0.018227949738502502,0.9994674324989319,CapturedFrames_2.0_2.0_-4.0/video.mp4#frame=56
56,RIGHT_EYE_INNER,0.4843297004699707,0.19325211644172668,0.008681431412696838,0.9995131492614746,CapturedFrames_2.0_2.0_-4.0/video.mp4#frame=56
56,RIGHT_EYE,0.4850572943687439,0.19347450137138367,0.008711067959666252,0.9995511174201965,CapturedFrames_2.0_2.0_-4.0/video.mp4#frame=56
56,RIGHT_EYE_OUTER,0.48577365279197693,0.19373470544815063,0.008674520999193192,0.999512791633606,CapturedFrames_2.0_2.0_-4.0/video.mp4#frame=56
56,LEFT_EAR,0.4750590920448303,0.1910364329814911,0.009747573174536228,0.9991185069084167,CapturedFrames_2.0_2.0_-4.0/video.mp4#frame=56
56,RIGHT_EAR,0.48444849252700806,0.1961398720741272,-0.03258306533098221,0.9995113611221313,CapturedFrames_2.0_2.0_-4.0/video.mp4#frame=56
56,MOUTH_LEFT,0.4815388321876526,0.20534835755825043,0.020991643890738487,0.9992181062698364,CapturedFrames_2.0_2.0_-4.0/video.mp4#frame=56
56,MOUTH_RIGHT,0.48395413160324097,0.207130566239357,0.008656598627567291,0.9993014335632324,CapturedFrames_2.0_2.0_-4.0/video.mp4#frame=56
56,LEFT_SHOULDER,0.45904916524887085,0.23118838667869568,0.024970756843686104,0.9993119239807129,CapturedFrames_2.0_2.0_-4.0/video.mp4#frame=56
56,RIGHT_SHOULDER,0.4828144907951355,0.24581433832645416,-0.06311428546905518,0.9997972846031189,CapturedFrames_2.0_2.0_-4.0/video.mp4#frame=56
56,LEFT_ELBOW,0.4693649411201477,0.2809070944786072,0.03677451238036156,0.16307197511196136,CapturedFrames_2.0_2.0_-4.0/video.mp4#frame=56
56,RIGHT_ELBOW,0.4823337495326996,0.3078576326370239,-0.06611887365579605,0.7954822182655334,CapturedFrames_2.0_2.0_-4.0/video.mp4#frame=56
56,LEFT_WRIST,0.48487693071365356,0.3138161301612854,0.025016436353325844,0.09167277067899704,CapturedFrames_2.0_2.0_-4.0/video.mp4#frame=56
56,RIGHT_WRIST,0.4849410653114319,0.36107924580574036,-0.022378118708729744,0.6597347855567932,CapturedFrames_2.0_2.0_-4.0/video.mp4#frame=56
56,LEFT_PINKY,0.48892349004745483,0.31929707527160645,0.02423134259879589,0.10350503772497177,CapturedFrames_2.0_2.0_-4.0/video.mp4#frame=56
56,RIGHT_PINKY,0.48426681756973267,0.37732136249542236,-0.02244654670357704,0.6117597222328186,CapturedFrames_2.0_2.0_-4.0/video.mp4#frame=56
56,LEFT_INDEX,0.49104219675064087,0.32013773918151855,0.017662053927779198,0.10187211632728577,CapturedFrames_2.0_2.0_-4.0/video.mp4#frame=56
56,RIGHT_INDEX,0.48359957337379456,0.3776593804359436,-0.023614931851625443,0.6017621755599976,CapturedFrames_2.0_2.0_-4.0/video.mp4#frame=56
56,LEFT_THUMB,0.49052947759628296,0.3199268877506256,0.021058497950434685,0.09929420799016953,CapturedFrames_2.0_2.0_-4.0/video.mp4#frame=56
56,RIGHT_THUMB,0.4836764931678772,0.37139764428138733,-0.021242551505565643,0.5562353134155273,CapturedFrames_2.0_2.0_-4.0/video.mp4#frame=56
56,LEFT_HIP,0.4609430432319641,0.3549838066101074,0.02744952403008938,0.9998538494110107,CapturedFrames_2.0_2.0_-4.0/video.mp4#frame=56
56,RIGHT_HIP,0.482260137796402,0.35339877009391785,-0.027635281905531883,0.999677300453186,CapturedFrames_2.0_2.0_-4.0/video.mp4#frame=56
56,LEFT_KNEE,0.45177608728408813,0.4258963167667389,0.05636243149638176,0.9865689277648926,CapturedFrames_2.0_2.0_-4.0/video.mp4#frame=56
56,RIGHT_KNEE,0.4974718689918518,0.390114963054657,0.061477769166231155,0.9720779657363892,CapturedFrames_2.0_2.0_-4.0/video.mp4#frame=56
56,LEFT_ANKLE,0.4387482702732086,0.4966772198677063,0.07724940031766891,0.9708496332168579,CapturedFrames_2.0_2.0_-4.0/video.mp4#frame=56
56,RIGHT_ANKLE,0.5040531754493713,0.455072283744812,0.13821323215961456,0.918271541595459,CapturedFrames_2.0_2.0_-4.0/video.mp4#frame=56
56,LEFT_HEEL,0.4371437430381775,0.5104591250419617,0.07967737317085266,0.9745445847511292,CapturedFrames_2.0_2.0_-4.0/video.mp4#frame=56
56,RIGHT_HEEL,0.502289891242981,0.4700930416584015,0.1478225290775299,0.9246751666069031,CapturedFrames_2.0_2.0_-4.0/video.mp4#frame=56
56,LEFT_FOOT_INDEX,0.4408675730228424,0.5088847279548645,0.07061643153429031,0.8670510649681091,CapturedFrames_2.0_2.0_-4.0/video.mp4#frame=56
56,RIGHT_FOOT_INDEX,0.5123400092124939,0.4571579694747925,0.15519475936889648,0.7868133783340454,CapturedFrames_2.0_2.0_-4.0/video.mp4#frame=56
57,NOSE,0.4881599545478821,0.20088696479797363,0.053817760199308395,0.9987252354621887,CapturedFrames_2.0_2.0_-4.0/video.mp4#frame=57
57,LEFT_EYE_INNER,0.4859965443611145,0.19200499355793,0.04997722804546356,0.998336672782898,CapturedFrames_2.0_2.0_-4.0/video.mp4#frame=57
57,LEFT_EYE,0.48465949296951294,0.19128724932670593,0.04995976760983467,0.9987583160400391,CapturedFrames_2.0_2.0_-4.0/video.mp4#frame=57
57,LEFT_EYE_OUTER,0.48323744535446167,0.19071075320243835,0.049944452941417694,0.9984340071678162,CapturedFrames_2.0_2.0_-4.0/video.mp4#frame=57
57,RIGHT_EYE_INNER,0.48885077238082886,0.19325518608093262,0.03832327574491501,0.9985333681106567,CapturedFrames_2.0_2.0_-4.0/video.mp4#frame=57
57,RIGHT_EYE,0.48959383368492126,0.19344797730445862,0.038365688174963,0.9988295435905457,CapturedFrames_2.0_2.0_-4.0/video.mp4#frame=57
57,RIGHT_EYE_OUTER,0.4903256297111511,0.19366207718849182,0.03831068053841591,0.9985175728797913,CapturedFrames_2.0_2.0_-4.0/video.mp4#frame=57
57,LEFT_EAR,0.4785446226596832,0.1929282248020172,0.03441664204001427,0.9976940751075745,CapturedFrames_2.0_2.0_-4.0/video.mp4#frame=57
57,RIGHT_EAR,0.48897188901901245,0.19670552015304565,-0.017525263130664825,0.9983571171760559,CapturedFrames_2.0_2.0_-4.0/video.mp4#frame=57
57,MOUTH_LEFT,0.4854751527309418,0.20577500760555267,0.05117594078183174,0.9966322779655457,CapturedFrames_2.0_2.0_-4.0/video.mp4#frame=57
57,MOUTH_RIGHT,0.4883788228034973,0.2073129415512085,0.03597158193588257,0.9969424605369568,CapturedFrames_2.0_2.0_-4.0/video.mp4#frame=57
57,LEFT_SHOULDER,0.4613843858242035,0.23268045485019684,0.04709320515394211,0.9968602657318115,CapturedFrames_2.0_2.0_-4.0/video.mp4#frame=57
57,RIGHT_SHOULDER,0.4888835549354553,0.2421552836894989,-0.06197405606508255,0.9996434450149536,CapturedFrames_2.0_2.0_-4.0/video.mp4#frame=57
57,LEFT_ELBOW,0.4674147963523865,0.2843521237373352,0.049936432391405106,0.1009630337357521,CapturedFrames_2.0_2.0_-4.0/video.mp4#frame=57
57,RIGHT_ELBOW,0.48708677291870117,0.2963729202747345,-0.08727691322565079,0.8849882483482361,CapturedFrames_2.0_2.0_-4.0/video.mp4#frame=57
57,LEFT_WRIST,0.4795040190219879,0.33796781301498413,0.024677876383066177,0.05369056761264801,CapturedFrames_2.0_2.0_-4.0/video.mp4#frame=57
57,RIGHT_WRIST,0.49150532484054565,0.3569720685482025,-0.07109390944242477,0.8445321917533875,CapturedFrames_2.0_2.0_-4.0/video.mp4#frame=57
57,LEFT_PINKY,0.481896311044693,0.3458043336868286,0.025756388902664185,0.07252377271652222,CapturedFrames_2.0_2.0_-4.0/video.mp4#frame=57
57,RIGHT_PINKY,0.49133554100990295,0.372731477022171,-0.07569462060928345,0.8182716369628906,CapturedFrames_2.0_2.0_-4.0/video.mp4#frame=57
57,LEFT_INDEX,0.4854504466056824,0.3494541347026825,0.016554677858948708,0.07106913626194,CapturedFrames_2.0_2.0_-4.0/video.mp4#frame=57
57,RIGHT_INDEX,0.490522563457489,0.37302717566490173,-0.07141353189945221,0.8146142363548279,CapturedFrames_2.0_2.0_-4.0/video.mp4#frame=57
57,LEFT_THUMB,0.4853145480155945,0.34792959690093994,0.019588882103562355,0.07493597269058228,CapturedFrames_2.0_2.0_-4.0/video.mp4#frame=57
57,RIGHT_THUMB,0.49014440178871155,0.3673356771469116,-0.068351611495018,0.7580427527427673,CapturedFrames_2.0_2.0_-4.0/video.mp4#frame=57
57,LEFT_HIP,0.4648100435733795,0.35242217779159546,0.033006828278303146,0.9996256828308105,CapturedFrames_2.0_2.0_-4.0/video.mp4#frame=57
57,RIGHT_HIP,0.4863288998603821,0.3528825044631958,-0.03322422131896019,0.9994803071022034,CapturedFrames_2.0_2.0_-4.0/video.mp4#frame=57
57,LEFT_KNEE,0.4563722014427185,0.41557183861732483,0.05787111446261406,0.9922358393669128,CapturedFrames_2.0_2.0_-4.0/video.mp4#frame=57
57,RIGHT_KNEE,0.5054365396499634,0.3841027021408081,0.03740672394633293,0.9903408885002136,CapturedFrames_2.0_2.0_-4.0/video.mp4#frame=57
57,LEFT_ANKLE,0.4413033127784729,0.48924577236175537,0.05997089296579361,0.9736378788948059,CapturedFrames_2.0_2.0_-4.0/video.mp4#frame=57
57,RIGHT_ANKLE,0.5049663186073303,0.4556698203086853,0.07097873836755753,0.963727593421936,CapturedFrames_2.0_2.0_-4.0/video.mp4#frame=57
57,LEFT_HEEL,0.4384278655052185,0.5006330013275146,0.06084451079368591,0.9800633192062378,CapturedFrames_2.0_2.0_-4.0/video.mp4#frame=57
57,RIGHT_HEEL,0.5023484230041504,0.46776849031448364,0.07647453248500824,0.9642065763473511,CapturedFrames_2.0_2.0_-4.0/video.mp4#frame=57
57,LEFT_FOOT_INDEX,0.44231724739074707,0.5078441500663757,0.05623524636030197,0.802010715007782,CapturedFrames_2.0_2.0_-4.0/video.mp4#frame=57
57,RIGHT_FOOT_INDEX,0.5093908309936523,0.4611682593822479,0.08262214064598083,0.8206971287727356,CapturedFrames_2.0_2.0_-4.0/video.mp4#frame=57
58,NOSE,0.4913698136806488,0.19874222576618195,0.04096372798085213,0.9986138343811035,CapturedFrames_2.0_2.0_-4.0/video.mp4#frame=58
58,LEFT_EYE_INNER,0.4891834855079651,0.19078822433948517,0.034241899847984314,0.9980332255363464,CapturedFrames_2.0_2.0_-4.0/video.mp4#frame=58
58,LEFT_EYE,0.4879675805568695,0.19015707075595856,0.03421491011977196,0.9982933402061462,CapturedFrames_2.0_2.0_-4.0/video.mp4#frame=58
58,LEFT_EYE_OUTER,0.48674339056015015,0.1896037459373474,0.03419016674160957,0.9982788562774658,CapturedFrames_2.0_2.0_-4.0/video.mp4#frame=58
58,RIGHT_EYE_INNER,0.49216228723526,0.19199447333812714,0.02678222581744194,0.9984101057052612,CapturedFrames_2.0_2.0_-4.0/video.mp4#frame=58
58,RIGHT_EYE,0.49303144216537476,0.19224491715431213,0.026813138276338577,0.998475968837738,CapturedFrames_2.0_2.0_-4.0/video.mp4#frame=58
58,RIGHT_EYE_OUTER,0.49388447403907776,0.19247177243232727,0.026772597804665565,0.9983034133911133,CapturedFrames_2.0_2.0_-4.0/video.mp4#frame=58
58,LEFT_EAR,0.482283353805542,0.19141165912151337,0.007964959368109703,0.9969668984413147,CapturedFrames_2.0_2.0_-4.0/video.mp4#frame=58
58,RIGHT_EAR,0.4927583634853363,0.19578330218791962,-0.025026872754096985,0.9975123405456543,CapturedFrames_2.0_2.0_-4.0/video.mp4#frame=58
58,MOUTH_LEFT,0.48881107568740845,0.2040792852640152,0.03412158042192459,0.9974797368049622,CapturedFrames_2.0_2.0_-4.0/video.mp4#frame=58
58,MOUTH_RIGHT,0.4916136860847473,0.20522592961788177,0.024500850588083267,0.9976207613945007,CapturedFrames_2.0_2.0_-4.0/video.mp4#frame=58
58,LEFT_SHOULDER,0.46577224135398865,0.23174095153808594,0.013157042674720287,0.9980721473693848,CapturedFrames_2.0_2.0_-4.0/video.mp4#frame=58
58,RIGHT_SHOULDER,0.49348968267440796,0.24409419298171997,-0.05635051801800728,0.9996159076690674,CapturedFrames_2.0_2.0_-4.0/video.mp4#frame=58
58,LEFT_ELBOW,0.4709550738334656,0.2852008640766144,0.01819787174463272,0.0982014387845993,CapturedFrames_2.0_2.0_-4.0/video.mp4#frame=58
58,RIGHT_ELBOW,0.49438196420669556,0.30873727798461914,-0.06849808990955353,0.7742296457290649,CapturedFrames_2.0_2.0_-4.0/video.mp4#frame=58
58,LEFT_WRIST,0.4764528274536133,0.32621991634368896,0.008715457282960415,0.05965714529156685,CapturedFrames_2.0_2.0_-4.0/video.mp4#frame=58
58,RIGHT_WRIST,0.49667972326278687,0.3624030649662018,-0.051486410200595856,0.6705512404441833,CapturedFrames_2.0_2.0_-4.0/video.mp4#frame=58
58,LEFT_PINKY,0.4843001365661621,0.3406573534011841,0.009693052619695663,0.07895520329475403,CapturedFrames_2.0_2.0_-4.0/video.mp4#frame=58
58,RIGHT_PINKY,0.4954466223716736,0.3782944679260254,-0.054690491408109665,0.635492205619812,CapturedFrames_2.0_2.0_-4.0/video.mp4#frame=58
58,LEFT_INDEX,0.4874505400657654,0.3437061011791229,0.002788812154904008,0.07794810831546783,CapturedFrames_2.0_2.0_-4.0/video.mp4#frame=58
58,RIGHT_INDEX,0.49504074454307556,0.37918785214424133,-0.05235731601715088,0.627947986125946,CapturedFrames_2.0_2.0_-4.0/video.mp4#frame=58
58,LEFT_THUMB,0.4872658848762512,0.3419174253940582,0.0052005834877491,0.07596960663795471,CapturedFrames_2.0_2.0_-4.0/video.mp4#frame=58
58,RIGHT_THUMB,0.4950784742832184,0.3729607164859772,-0.04996177926659584,0.5463237762451172,CapturedFrames_2.0_2.0_-4.0/video.mp4#frame=58
58,LEFT_HIP,0.4687458872795105,0.3471493721008301,0.020733967423439026,0.9997078776359558,CapturedFrames_2.0_2.0_-4.0/video.mp4#frame=58
58,RIGHT_HIP,0.4887217879295349,0.3480338454246521,-0.020933832973241806,0.9995238780975342,CapturedFrames_2.0_2.0_-4.0/video.mp4#frame=58
58,LEFT_KNEE,0.4625580906867981,0.4134317934513092,0.043722379952669144,0.9716196060180664,CapturedFrames_2.0_2.0_-4.0/video.mp4#frame=58
58,RIGHT_KNEE,0.5033735036849976,0.38804182410240173,0.0565146878361702,0.9304900765419006,CapturedFrames_2.0_2.0_-4.0/video.mp4#frame=58
58,LEFT_ANKLE,0.44427090883255005,0.4781074821949005,0.034769803285598755,0.9695478081703186,CapturedFrames_2.0_2.0_-4.0/video.mp4#frame=58
58,RIGHT_ANKLE,0.5071964263916016,0.4554111063480377,0.08437522500753403,0.9251651167869568,CapturedFrames_2.0_2.0_-4.0/video.mp4#frame=58
58,LEFT_HEEL,0.44015592336654663,0.4876825213432312,0.03418447822332382,0.9738463163375854,CapturedFrames_2.0_2.0_-4.0/video.mp4#frame=58
58,RIGHT_HEEL,0.5046916007995605,0.468813419342041,0.08830010890960693,0.9256187677383423,CapturedFrames_2.0_2.0_-4.0/video.mp4#frame=58
58,LEFT_FOOT_INDEX,0.44451647996902466,0.5035755038261414,0.02163425087928772,0.8796702027320862,CapturedFrames_2.0_2.0_-4.0/video.mp4#frame=58
58,RIGHT_FOOT_INDEX,0.5113973617553711,0.4636986255645752,0.08821776509284973,0.8081498742103577,CapturedFrames_2.0_2.0_-4.0/video.mp4#frame=58
67,NOSE,0.5040863156318665,0.17519590258598328,0.05820952728390694,0.9993321299552917,CapturedFrames_2.0_2.0_-4.0/video.mp4#frame=67
67,LEFT_EYE_INNER,0.5025818943977356,0.16989505290985107,0.046135202050209045,0.999061644077301,CapturedFrames_2.0_2.0_-4.0/video.mp4#frame=67
67,LEFT_EYE,0.5015484690666199,0.1700943112373352,0.046137407422065735,0.9992431402206421,CapturedFrames_2.0_2.0_-4.0/video.mp4#frame=67
67,LEFT_EYE_OUTER,0.5004875063896179,0.1704491227865219,0.046129532158374786,0.9992576241493225,CapturedFrames_2.0_2.0_-4.0/video.mp4#frame=67
67,RIGHT_EYE_INNER,0.505322277545929,0.16957268118858337,0.0452704131603241,0.9988677501678467,CapturedFrames_2.0_2.0_-4.0/video.mp4#frame=67
67,RIGHT_EYE,0.5062044262886047,0.169587180018425,0.04528937116265297,0.9987770915031433,CapturedFrames_2.0_2.0_-4.0/video.mp4#frame=67
67,RIGHT_EYE_OUTER,0.5072441101074219,0.16972781717777252,0.045248232781887054,0.998434841632843,CapturedFrames_2.0_2.0_-4.0/video.mp4#frame=67
67,LEFT_EAR,0.4980997145175934,0.17451873421669006,0.001940389396622777,0.9990696310997009,CapturedFrames_2.0_2.0_-4.0/video.mp4#frame=67
67,RIGHT_EAR,0.5087031722068787,0.17426171898841858,-0.0017172989901155233,0.997847318649292,CapturedFrames_2.0_2.0_-4.0/video.mp4#frame=67
67,MOUTH_LEFT,0.5026960372924805,0.1814703643321991,0.044804736971855164,0.9993671774864197,CapturedFrames_2.0_2.0_-4.0/video.mp4#frame=67
67,MOUTH_RIGHT,0.5055745244026184,0.1812591403722763,0.04361375421285629,0.9991291165351868,CapturedFrames_2.0_2.0_-4.0/video.mp4#frame=67
67,LEFT_SHOULDER,0.4825011193752289,0.21565768122673035,-0.016547005623579025,0.9995250701904297,CapturedFrames_2.0_2.0_-4.0/video.mp4#frame=67
67,RIGHT_SHOULDER,0.517928421497345,0.21546676754951477,-0.02308713272213936,0.9993135929107666,CapturedFrames_2.0_2.0_-4.0/video.mp4#frame=67
67,LEFT_ELBOW,0.47869163751602173,0.271095871925354,-0.01775757595896721,0.9423602223396301,CapturedFrames_2.0_2.0_-4.0/video.mp4#frame=67
67,RIGHT_ELBOW,0.5272613763809204,0.2669762074947357,-0.02466854639351368,0.9765565395355225,CapturedFrames_2.0_2.0_-4.0/video.mp4#frame=67
67,LEFT_WRIST,0.47465047240257263,0.31767168641090393,-0.023965951055288315,0.8416365385055542,CapturedFrames_2.0_2.0_-4.0/video.mp4#frame=67
67,RIGHT_WRIST,0.5353797674179077,0.3005029559135437,-0.01037546619772911,0.8485859632492065,CapturedFrames_2.0_2.0_-4.0/video.mp4#frame=67
67,LEFT_PINKY,0.4751986563205719,0.3310244083404541,-0.026340100914239883,0.766191840171814,CapturedFrames_2.0_2.0_-4.0/video.mp4#frame=67
67,RIGHT_PINKY,0.5367417931556702,0.3112979531288147,-0.010845763608813286,0.7623962163925171,CapturedFrames_2.0_2.0_-4.0/video.mp4#frame=67
67,LEFT_INDEX,0.4767796993255615,0.33129775524139404,-0.03004015050828457,0.7565170526504517,CapturedFrames_2.0_2.0_-4.0/video.mp4#frame=67
67,RIGHT_INDEX,0.5351502299308777,0.3105810582637787,-0.009908393956720829,0.748369574546814,CapturedFrames_2.0_2.0_-4.0/video.mp4#frame=67
67,LEFT_THUMB,0.47779616713523865,0.32681021094322205,-0.025039955973625183,0.7000765204429626,CapturedFrames_2.0_2.0_-4.0/video.mp4#frame=67
67,RIGHT_THUMB,0.5337944626808167,0.30668753385543823,-0.0092922979965806,0.6777289509773254,CapturedFrames_2.0_2.0_-4.0/video.mp4#frame=67
67,LEFT_HIP,0.4898582994937897,0.30864399671554565,0.011994443833827972,0.9983401298522949,CapturedFrames_2.0_2.0_-4.0/video.mp4#frame=67
67,RIGHT_HIP,0.509979784488678,0.3120769262313843,-0.01214133482426405,0.9988070726394653,CapturedFrames_2.0_2.0_-4.0/video.mp4#frame=67
67,LEFT_KNEE,0.5012640953063965,0.37022778391838074,0.05313291400671005,0.7544202208518982,CapturedFrames_2.0_2.0_-4.0/video.mp4#frame=67
67,RIGHT_KNEE,0.5084484815597534,0.3831978738307953,0.028926920145750046,0.897970974445343,CapturedFrames_2.0_2.0_-4.0/video.mp4#frame=67
67,LEFT_ANKLE,0.5026987791061401,0.4393419623374939,0.09297249466180801,0.7464919686317444,CapturedFrames_2.0_2.0_-4.0/video.mp4#frame=67
67,RIGHT_ANKLE,0.5049260258674622,0.45457059144973755,0.06287503987550735,0.8610796928405762,CapturedFrames_2.0_2.0_-4.0/video.mp4#frame=67
67,LEFT_HEEL,0.5018376708030701,0.4507855176925659,0.09728405624628067,0.8008407354354858,CapturedFrames_2.0_2.0_-4.0/video.mp4#frame=67
67,RIGHT_HEEL,0.503571093082428,0.4658811390399933,0.06705376505851746,0.8978350162506104,CapturedFrames_2.0_2.0_-4.0/video.mp4#frame=67
67,LEFT_FOOT_INDEX,0.5063885450363159,0.4467310905456543,0.08822885155677795,0.5382598638534546,CapturedFrames_2.0_2.0_-4.0/video.mp4#frame=67
67,RIGHT_FOOT_INDEX,0.5109614133834839,0.46267426013946533,0.05406603962182999,0.583910346031189,CapturedFrames_2.0_2.0_-4.0/video.mp4#frame=67
74,NOSE,0.5136837363243103,0.18033000826835632,0.032022956758737564,0.9991980195045471,CapturedFrames_2.0_2.0_-4.0/video.mp4#frame=74
74,LEFT_EYE_INNER,0.5120584964752197,0.17442601919174194,0.020252345129847527,0.9987441301345825,CapturedFrames_2.0_2.0_-4.0/video.mp4#frame=74
74,LEFT_EYE,0.5109832286834717,0.17448563873767853,0.02027014270424843,0.9988889098167419,CapturedFrames_2.0_2.0_-4.0/video.mp4#frame=74
74,LEFT_EYE_OUTER,0.509907066822052,0.1747508943080902,0.02028716169297695,0.9988816380500793,CapturedFrames_2.0_2.0_-4.0/video.mp4#frame=74
74,RIGHT_EYE_INNER,0.5148322582244873,0.17414511740207672,0.02029796876013279,0.9987918734550476,CapturedFrames_2.0_2.0_-4.0/video.mp4#frame=74
74,RIGHT_EYE,0.5157885551452637,0.1739809811115265,0.020294414833188057,0.9987581968307495,CapturedFrames_2.0_2.0_-4.0/video.mp4#frame=74
74,RIGHT_EYE_OUTER,0.5167834758758545,0.17400984466075897,0.020261431112885475,0.9986658096313477,CapturedFrames_2.0_2.0_-4.0/video.mp4#frame=74
74,LEFT_EAR,0.5082910656929016,0.17880453169345856,-0.02142583392560482,0.9983556866645813,CapturedFrames_2.0_2.0_-4.0/video.mp4#frame=74
74,RIGHT_EAR,0.5189725160598755,0.1780073344707489,-0.021853232756257057,0.9979339838027954,CapturedFrames_2.0_2.0_-4.0/video.mp4#frame=74
74,MOUTH_LEFT,0.5126374959945679,0.18695957958698273,0.01918996497988701,0.9989452958106995,CapturedFrames_2.0_2.0_-4.0/video.mp4#frame=74
74,MOUTH_RIGHT,0.5153497457504272,0.18652033805847168,0.019147051498293877,0.9988976716995239,CapturedFrames_2.0_2.0_-4.0/video.mp4#frame=74
74,LEFT_SHOULDER,0.4956880509853363,0.22137221693992615,-0.031118083745241165,0.9997171759605408,CapturedFrames_2.0_2.0_-4.0/video.mp4#frame=74
74,RIGHT_SHOULDER,0.5303220152854919,0.2207389622926712,-0.04224690794944763,0.999784529209137,CapturedFrames_2.0_2.0_-4.0/video.mp4#frame=74
74,LEFT_ELBOW,0.4930843710899353,0.2750275135040283,-0.03233357146382332,0.9198923707008362,CapturedFrames_2.0_2.0_-4.0/video.mp4#frame=74
74,RIGHT_ELBOW,0.5372841358184814,0.2697521448135376,-0.043761759996414185,0.9849338531494141,CapturedFrames_2.0_2.0_-4.0/video.mp4#frame=74
74,LEFT_WRIST,0.4885424077510834,0.3139512538909912,-0.03115953877568245,0.7490085363388062,CapturedFrames_2.0_2.0_-4.0/video.mp4#frame=74
74,RIGHT_WRIST,0.54385906457901,0.30532172322273254,-0.023961298167705536,0.8324155807495117,CapturedFrames_2.0_2.0_-4.0/video.mp4#frame=74
74,LEFT_PINKY,0.48765820264816284,0.3257836699485779,-0.030271247029304504,0.659052312374115,CapturedFrames_2.0_2.0_-4.0/video.mp4#frame=74
74,RIGHT_PINKY,0.5462328791618347,0.3161381781101227,-0.022568730637431145,0.7377137541770935,CapturedFrames_2.0_2.0_-4.0/video.mp4#frame=74
74,LEFT_INDEX,0.48916134238243103,0.3265848159790039,-0.03368674963712692,0.6475958228111267,CapturedFrames_2.0_2.0_-4.0/video.mp4#frame=74
74,RIGHT_INDEX,0.5445090532302856,0.3158150613307953,-0.019367920234799385,0.7300553917884827,CapturedFrames_2.0_2.0_-4.0/video.mp4#frame=74
74,LEFT_THUMB,0.49062711000442505,0.3224806785583496,-0.03172000125050545,0.5763538479804993,CapturedFrames_2.0_2.0_-4.0/video.mp4#frame=74
74,RIGHT_THUMB,0.5428922176361084,0.31157591938972473,-0.021913420408964157,0.663573145866394,CapturedFrames_2.0_2.0_-4.0/video.mp4#frame=74
74,LEFT_HIP,0.5048332214355469,0.3084285259246826,0.015844831243157387,0.9991835951805115,CapturedFrames_2.0_2.0_-4.0/video.mp4#frame=74
74,RIGHT_HIP,0.5229533314704895,0.3112134635448456,-0.016006844118237495,0.999332845211029,CapturedFrames_2.0_2.0_-4.0/video.mp4#frame=74
74,LEFT_KNEE,0.5125260353088379,0.35706740617752075,0.05524186044931412,0.5825738310813904,CapturedFrames_2.0_2.0_-4.0/video.mp4#frame=74
74,RIGHT_KNEE,0.5267304182052612,0.3695656657218933,0.0036436289083212614,0.8731887936592102,CapturedFrames_2.0_2.0_-4.0/video.mp4#frame=74
74,LEFT_ANKLE,0.5113372206687927,0.41614213585853577,0.01614299602806568,0.8431782126426697,CapturedFrames_2.0_2.0_-4.0/video.mp4#frame=74
74,RIGHT_ANKLE,0.5134743452072144,0.42615586519241333,-0.03639712557196617,0.9280012845993042,CapturedFrames_2.0_2.0_-4.0/video.mp4#frame=74
74,LEFT_HEEL,0.5074611902236938,0.4197295606136322,0.011819109320640564,0.8736599087715149,CapturedFrames_2.0_2.0_-4.0/video.mp4#frame=74
74,RIGHT_HEEL,0.5087102055549622,0.43080562353134155,-0.03963564336299896,0.9346421957015991,CapturedFrames_2.0_2.0_-4.0/video.mp4#frame=74
74,LEFT_FOOT_INDEX,0.5141324996948242,0.4372597634792328,-0.005385073367506266,0.8128417134284973,CapturedFrames_2.0_2.0_-4.0/video.mp4#frame=74
74,RIGHT_FOOT_INDEX,0.5156435966491699,0.4501186013221741,-0.05499624088406563,0.8618114590644836,CapturedFrames_2.0_2.0_-4.0/video.mp4#frame=74
79,NOSE,0.5274277329444885,0.17280662059783936,0.052483849227428436,0.9986670017242432,CapturedFrames_2.0_2.0_-4.0/video.mp4#frame=79
79,LEFT_EYE_INNER,0.5255014300346375,0.16683410108089447,0.04371761903166771,0.9986196756362915,CapturedFrames_2.0_2.0_-4.0/video.mp4#frame=79
79,LEFT_EYE,0.5245187878608704,0.1666538417339325,0.04371443763375282,0.9988596439361572,CapturedFrames_2.0_2.0_-4.0/video.mp4#frame=79
79,LEFT_EYE_OUTER,0.5235068798065186,0.16662155091762543,0.043698567897081375,0.9987987279891968,CapturedFrames_2.0_2.0_-4.0/video.mp4#frame=79
79,RIGHT_EYE_INNER,0.5283927321434021,0.16729316115379333,0.03859367221593857,0.9987013339996338,CapturedFrames_2.0_2.0_-4.0/video.mp4#frame=79
79,RIGHT_EYE,0.5293872356414795,0.16734318435192108,0.038634248077869415,0.9988358616828918,CapturedFrames_2.0_2.0_-4.0/video.mp4#frame=79
79,RIGHT_EYE_OUTER,0.5303590297698975,0.16740888357162476,0.038608454167842865,0.9986506104469299,CapturedFrames_2.0_2.0_-4.0/video.mp4#frame=79
79,LEFT_EAR,0.5212236046791077,0.16993898153305054,0.012544619850814342,0.9987364411354065,CapturedFrames_2.0_2.0_-4.0/video.mp4#frame=79
79,RIGHT_EAR,0.530997633934021,0.17058132588863373,-0.009795812889933586,0.998346209526062,CapturedFrames_2.0_2.0_-4.0/video.mp4#frame=79
79,MOUTH_LEFT,0.5261268019676208,0.1775229275226593,0.044093191623687744,0.9973695278167725,CapturedFrames_2.0_2.0_-4.0/video.mp4#frame=79
79,MOUTH_RIGHT,0.5287789702415466,0.17792651057243347,0.037659015506505966,0.9971553087234497,CapturedFrames_2.0_2.0_-4.0/video.mp4#frame=79
79,LEFT_SHOULDER,0.5077463388442993,0.20798031985759735,0.016298511996865273,0.9985132813453674,CapturedFrames_2.0_2.0_-4.0/video.mp4#frame=79
79,RIGHT_SHOULDER,0.5364854335784912,0.20941348373889923,-0.04761294648051262,0.9996646642684937,CapturedFrames_2.0_2.0_-4.0/video.mp4#frame=79
79,LEFT_ELBOW,0.5063341856002808,0.25415995717048645,0.03624719753861427,0.3938051462173462,CapturedFrames_2.0_2.0_-4.0/video.mp4#frame=79
79,RIGHT_ELBOW,0.539975643157959,0.25686439871788025,-0.058533065021038055,0.9725808501243591,CapturedFrames_2.0_2.0_-4.0/video.mp4#frame=79
79,LEFT_WRIST,0.514284074306488,0.268964946269989,0.053972817957401276,0.018712159246206284,CapturedFrames_2.0_2.0_-4.0/video.mp4#frame=79
79,RIGHT_WRIST,0.545189380645752,0.30126625299453735,-0.05216892808675766,0.7496324777603149,CapturedFrames_2.0_2.0_-4.0/video.mp4#frame=79
79,LEFT_PINKY,0.5178021788597107,0.282915323972702,0.06027376651763916,0.020417077466845512,CapturedFrames_2.0_2.0_-4.0/video.mp4#frame=79
79,RIGHT_PINKY,0.5460333824157715,0.31362083554267883,-0.05355241149663925,0.6557968258857727,CapturedFrames_2.0_2.0_-4.0/video.mp4#frame=79
79,LEFT_INDEX,0.5181813836097717,0.27832138538360596,0.05447688698768616,0.0198361873626709,CapturedFrames_2.0_2.0_-4.0/video.mp4#frame=79
79,RIGHT_INDEX,0.5448444485664368,0.31344595551490784,-0.049251507967710495,0.6586750745773315,CapturedFrames_2.0_2.0_-4.0/video.mp4#frame=79
79,LEFT_THUMB,0.5219883918762207,0.2807449698448181,0.052325211465358734,0.022623172029852867,CapturedFrames_2.0_2.0_-4.0/video.mp4#frame=79
79,RIGHT_THUMB,0.5440376996994019,0.30820798873901367,-0.04950492084026337,0.5821414589881897,CapturedFrames_2.0_2.0_-4.0/video.mp4#frame=79
79,LEFT_HIP,0.5156877636909485,0.3039291501045227,0.022900527343153954,0.9995881915092468,CapturedFrames_2.0_2.0_-4.0/video.mp4#frame=79
79,RIGHT_HIP,0.534041702747345,0.3039376139640808,-0.023011203855276108,0.9993352293968201,CapturedFrames_2.0_2.0_-4.0/video.mp4#frame=79
79,LEFT_KNEE,0.5152617692947388,0.3542473614215851,0.05279738828539848,0.9388846755027771,CapturedFrames_2.0_2.0_-4.0/video.mp4#frame=79
79,RIGHT_KNEE,0.5405714511871338,0.34591415524482727,0.034308210015296936,0.9750721454620361,CapturedFrames_2.0_2.0_-4.0/video.mp4#frame=79
79,LEFT_ANKLE,0.5134849548339844,0.41588127613067627,0.041936688125133514,0.9156352877616882,CapturedFrames_2.0_2.0_-4.0/video.mp4#frame=79
79,RIGHT_ANKLE,0.5342188477516174,0.3993385434150696,0.03345714882016182,0.9462305307388306,CapturedFrames_2.0_2.0_-4.0/video.mp4#frame=79
79,LEFT_HEEL,0.5141053199768066,0.424501895904541,0.04139458388090134,0.9512996673583984,CapturedFrames_2.0_2.0_-4.0/video.mp4#frame=79
79,RIGHT_HEEL,0.5292984843254089,0.409073144197464,0.03564268723130226,0.9583646655082703,CapturedFrames_2.0_2.0_-4.0/video.mp4#frame=79
79,LEFT_FOOT_INDEX,0.5154304504394531,0.41947323083877563,0.04186446964740753,0.6715409755706787,CapturedFrames_2.0_2.0_-4.0/video.mp4#frame=79
79,RIGHT_FOOT_INDEX,0.5372468829154968,0.41442418098449707,0.04663044959306717,0.8080388903617859,CapturedFrames_2.0_2.0_-4.0/video.mp4#frame=79
