frame_id,time_sec,Hips_X,Hips_Y,Hips_Z,LeftUpperLeg_X,LeftUpperLeg_Y,LeftUpperLeg_Z,RightUpperLeg_X,RightUpperLeg_Y,RightUpperLeg_Z,LeftLowerLeg_X,LeftLowerLeg_Y,LeftLowerLeg_Z,RightLowerLeg_X,RightLowerLeg_Y,RightLowerLeg_Z,LeftFoot_X,LeftFoot_Y,LeftFoot_Z,RightFoot_X,RightFoot_Y,RightFoot_Z,Spine_X,Spine_Y,Spine_Z,Chest_X,Chest_Y,Chest_Z,Neck_X,Neck_Y,Neck_Z,Head_X,Head_Y,Head_Z,LeftShoulder_X,LeftShoulder_Y,LeftShoulder_Z,RightShoulder_X,RightShoulder_Y,RightShoulder_Z,LeftUpperArm_X,LeftUpperArm_Y,LeftUpperArm_Z,RightUpperArm_X,RightUpperArm_Y,RightUpperArm_Z,LeftLowerArm_X,LeftLowerArm_Y,LeftLowerArm_Z,RightLowerArm_X,RightLowerArm_Y,RightLowerArm_Z,LeftHand_X,LeftHand_Y,LeftHand_Z,RightHand_X,RightHand_Y,RightHand_Z,LeftToes_X,LeftToes_Y,LeftToes_Z,RightToes_X,RightToes_Y,RightToes_Z,LeftEye_X,LeftEye_Y,LeftEye_Z,RightEye_X,RightEye_Y,RightEye_Z,Jaw_X,Jaw_Y,Jaw_Z,LeftThumbProximal_X,LeftThumbProximal_Y,LeftThumbProximal_Z,LeftThumbIntermediate_X,LeftThumbIntermediate_Y,LeftThumbIntermediate_Z,LeftThumbDistal_X,LeftThumbDistal_Y,LeftThumbDistal_Z,LeftIndexProximal_X,LeftIndexProximal_Y,LeftIndexProximal_Z,LeftIndexIntermediate_X,LeftIndexIntermediate_Y,LeftIndexIntermediate_Z,LeftIndexDistal_X,LeftIndexDistal_Y,LeftIndexDistal_Z,LeftMiddleProximal_X,LeftMiddleProximal_Y,LeftMiddleProximal_Z,LeftMiddleIntermediate_X,LeftMiddleIntermediate_Y,LeftMiddleIntermediate_Z,LeftMiddleDistal_X,LeftMiddleDistal_Y,LeftMiddleDistal_Z,LeftRingProximal_X,LeftRingProximal_Y,LeftRingProximal_Z,LeftRingIntermediate_X,LeftRingIntermediate_Y,LeftRingIntermediate_Z,LeftRingDistal_X,LeftRingDistal_Y,LeftRingDistal_Z,LeftLittleProximal_X,LeftLittleProximal_Y,LeftLittleProximal_Z,LeftLittleIntermediate_X,LeftLittleIntermediate_Y,LeftLittleIntermediate_Z,LeftLittleDistal_X,LeftLittleDistal_Y,LeftLittleDistal_Z,RightThumbProximal_X,RightThumbProximal_Y,RightThumbProximal_Z,RightThumbIntermediate_X,RightThumbIntermediate_Y,RightThumbIntermediate_Z,RightThumbDistal_X,RightThumbDistal_Y,RightThumbDistal_Z,RightIndexProximal_X,RightIndexProximal_Y,RightIndexProximal_Z,RightIndexIntermediate_X,RightIndexIntermediate_Y,RightIndexIntermediate_Z,RightIndexDistal_X,RightIndexDistal_Y,RightIndexDistal_Z,RightMiddleProximal_X,RightMiddleProximal_Y,RightMiddleProximal_Z,RightMiddleIntermediate_X,RightMiddleIntermediate_Y,RightMiddleIntermediate_Z,RightMiddleDistal_X,RightMiddleDistal_Y,RightMiddleDistal_Z,RightRingProximal_X,RightRingProximal_Y,RightRingProximal_Z,RightRingIntermediate_X,RightRingIntermediate_Y,RightRingIntermediate_Z,RightRingDistal_X,RightRingDistal_Y,RightRingDistal_Z,RightLittleProximal_X,RightLittleProximal_Y,RightLittleProximal_Z,RightLittleIntermediate_X,RightLittleIntermediate_Y,RightLittleIntermediate_Z,RightLittleDistal_X,RightLittleDistal_Y,RightLittleDistal_Z,UpperChest_X,UpperChest_Y,UpperChest_Z
0,0.000,-0.094165,0.962072,-3.337246,-0.213866,0.962947,-3.344768,0.025535,0.961199,-3.329724,-0.285039,0.557023,-3.174493,0.027620,0.535642,-3.196572,-0.237429,0.269458,-3.471651,0.027704,0.129129,-3.286078,-0.093431,1.079296,-3.335309,-0.096068,1.293128,-3.319996,-0.086324,1.533567,-3.288480,-0.081245,1.630253,-3.250698,-0.123638,1.482814,-3.290866,-0.052955,1.480686,-3.296447,-0.261008,1.428978,-3.267150,0.080766,1.416967,-3.309818,-0.324601,1.145686,-3.276699,0.143659,1.132803,-3.318704,-0.344703,0.869864,-3.217764,0.168217,0.867769,-3.223236,-0.258320,0.096460,-3.430162,0.046804,0.044773,-3.129217,,,,,,,,,,-0.327587,0.856860,-3.205054,-0.301943,0.810058,-3.205212,-0.291825,0.776239,-3.211618,-0.325517,0.776600,-3.203775,-0.312091,0.745172,-3.217655,-0.298383,0.728347,-3.233076,-0.344749,0.776128,-3.220751,-0.332454,0.746120,-3.242934,-0.321045,0.731569,-3.261460,-0.360407,0.777137,-3.234956,-0.349722,0.749137,-3.257441,-0.338851,0.739367,-3.275146,-0.372772,0.783886,-3.251688,-0.362791,0.761248,-3.273273,-0.351829,0.752560,-3.291184,0.155673,0.858694,-3.203642,0.123055,0.817346,-3.195018,0.109664,0.784607,-3.201036,0.147527,0.780098,-3.189361,0.126537,0.749897,-3.192169,0.104796,0.737074,-3.200648,0.159421,0.775135,-3.211546,0.138712,0.742439,-3.218308,0.116997,0.734471,-3.230567,0.169085,0.772420,-3.230181,0.149357,0.741774,-3.238868,0.129782,0.740362,-3.250775,0.175265,0.775498,-3.250935,0.156676,0.750055,-3.260149,0.137807,0.742995,-3.270680,,,
1,0.033,-0.094165,0.962072,-3.337246,-0.213866,0.962947,-3.344768,0.025535,0.961199,-3.329724,-0.285039,0.557023,-3.174493,0.027620,0.535642,-3.196572,-0.237429,0.269458,-3.471651,0.027704,0.129129,-3.286078,-0.093431,1.079296,-3.335309,-0.096068,1.293128,-3.319996,-0.086324,1.533567,-3.288480,-0.081245,1.630253,-3.250698,-0.123638,1.482814,-3.290866,-0.052955,1.480686,-3.296447,-0.261008,1.428978,-3.267150,0.080766,1.416967,-3.309818,-0.324601,1.145686,-3.276699,0.143659,1.132803,-3.318704,-0.344703,0.869864,-3.217764,0.168217,0.867769,-3.223236,-0.258320,0.096460,-3.430162,0.046804,0.044773,-3.129217,,,,,,,,,,-0.327587,0.856860,-3.205054,-0.301943,0.810058,-3.205212,-0.291825,0.776239,-3.211618,-0.325517,0.776600,-3.203775,-0.312091,0.745172,-3.217655,-0.298383,0.728347,-3.233076,-0.344749,0.776128,-3.220751,-0.332454,0.746120,-3.242934,-0.321045,0.731569,-3.261460,-0.360407,0.777137,-3.234956,-0.349722,0.749137,-3.257441,-0.338851,0.739367,-3.275146,-0.372772,0.783886,-3.251688,-0.362791,0.761248,-3.273273,-0.351829,0.752560,-3.291184,0.155673,0.858694,-3.203642,0.123055,0.817346,-3.195018,0.109664,0.784607,-3.201036,0.147527,0.780098,-3.189361,0.126537,0.749897,-3.192169,0.104796,0.737074,-3.200648,0.159421,0.775135,-3.211546,0.138712,0.742439,-3.218308,0.116997,0.734471,-3.230567,0.169085,0.772420,-3.230181,0.149357,0.741774,-3.238868,0.129782,0.740362,-3.250775,0.175265,0.775498,-3.250935,0.156676,0.750055,-3.260149,0.137807,0.742995,-3.270680,,,
2,0.067,-0.103075,0.977686,-3.279853,-0.222913,0.978247,-3.284756,0.016764,0.977126,-3.274951,-0.285514,0.583099,-3.087849,0.017216,0.538604,-3.194132,-0.247679,0.235567,-3.313799,0.021629,0.131066,-3.278730,-0.102586,1.094918,-3.278395,-0.104104,1.308589,-3.260847,-0.095943,1.548898,-3.227928,-0.092488,1.645561,-3.189903,-0.132963,1.497965,-3.230960,-0.062218,1.496238,-3.235852,-0.270239,1.442762,-3.210001,0.072431,1.434083,-3.247106,-0.331280,1.161070,-3.246243,0.138995,1.150670,-3.241639,-0.361409,0.881116,-3.220298,0.151813,0.894137,-3.123373,-0.272385,0.080254,-3.228045,0.042645,0.046310,-3.122330,,,,,,,,,,-0.344639,0.866014,-3.209605,-0.318527,0.820155,-3.217545,-0.307423,0.788176,-3.229429,-0.341791,0.786945,-3.223297,-0.327912,0.757304,-3.240308,-0.313482,0.742338,-3.256940,-0.360379,0.789603,-3.240782,-0.347459,0.762980,-3.266628,-0.335413,0.751117,-3.286609,-0.375513,0.793207,-3.255133,-0.364603,0.768533,-3.281132,-0.353328,0.761202,-3.299739,-0.387321,0.802933,-3.270765,-0.376988,0.784405,-3.295822,-0.365646,0.778965,-3.314750,0.137032,0.887933,-3.104225,0.103403,0.847948,-3.093350,0.090565,0.814538,-3.095878,0.126845,0.812248,-3.079412,0.106653,0.781380,-3.079554,0.086135,0.766734,-3.088126,0.141202,0.804178,-3.099086,0.121406,0.770465,-3.102981,0.101227,0.760311,-3.116210,0.152946,0.798834,-3.115864,0.134550,0.766744,-3.121843,0.116501,0.763040,-3.135535,0.161506,0.798861,-3.135992,0.144211,0.771968,-3.143440,0.126756,0.763058,-3.154960,,,
3,0.100,-0.108660,0.988680,-3.236865,-0.228547,0.989620,-3.240296,0.011227,0.987739,-3.233434,-0.282437,0.597732,-3.034499,0.009080,0.542859,-3.203268,-0.249536,0.203018,-3.162489,0.015426,0.136590,-3.293646,-0.107824,1.105882,-3.233939,-0.108896,1.319455,-3.215203,-0.104820,1.559965,-3.182994,-0.103777,1.656767,-3.145183,-0.141066,1.508532,-3.186844,-0.070196,1.507731,-3.189788,-0.278727,1.452365,-3.171813,0.065750,1.447747,-3.196167,-0.336718,1.174433,-3.233298,0.141217,1.167360,-3.174451,-0.369638,0.893610,-3.230117,0.145708,0.921131,-3.035485,-0.277814,0.076415,-3.038966,0.036812,0.052681,-3.136839,,,,,,,,,,-0.353203,0.878320,-3.219173,-0.324031,0.834617,-3.228503,-0.309879,0.804428,-3.241750,-0.344819,0.801105,-3.239550,-0.327878,0.773392,-3.257030,-0.311095,0.760297,-3.273021,-0.361735,0.804583,-3.258524,-0.345155,0.780690,-3.284943,-0.330683,0.770979,-3.304472,-0.375574,0.808857,-3.273958,-0.361253,0.786737,-3.300592,-0.347986,0.781311,-3.318527,-0.386310,0.819488,-3.289773,-0.372864,0.803669,-3.315207,-0.359586,0.800377,-3.333355,0.129412,0.915123,-3.017542,0.095285,0.875031,-3.008827,0.082826,0.841509,-3.011739,0.117734,0.839786,-2.992332,0.097701,0.808848,-2.993774,0.078036,0.794008,-3.003875,0.133759,0.831510,-3.010579,0.114392,0.797711,-3.015696,0.095426,0.787359,-3.030476,0.146916,0.825984,-3.026211,0.129185,0.793725,-3.033201,0.112362,0.789744,-3.048303,0.157143,0.825743,-3.045543,0.140601,0.798662,-3.053957,0.124186,0.789510,-3.066747,,,
4,0.133,-0.112820,0.991326,-3.184337,-0.232726,0.991492,-3.187173,0.007087,0.991160,-3.181500,-0.274097,0.592139,-2.993168,0.007487,0.545300,-3.187962,-0.251154,0.176523,-2.994040,0.011805,0.142192,-3.291638,-0.112759,1.108489,-3.180035,-0.112457,1.321976,-3.160311,-0.112759,1.562601,-3.128718,-0.113945,1.659567,-3.091333,-0.148148,1.510666,-3.133637,-0.077216,1.510831,-3.134176,-0.285880,1.453309,-3.125175,0.060363,1.454330,-3.134407,-0.336891,1.180454,-3.210837,0.147393,1.179228,-3.095312,-0.369496,0.900270,-3.230559,0.138679,0.947707,-2.933194,-0.284254,0.087479,-2.842180,0.034268,0.058654,-3.134785,,,,,,,,,,-0.353636,0.884869,-3.218944,-0.321920,0.842893,-3.227892,-0.305235,0.814133,-3.241370,-0.340112,0.809483,-3.243060,-0.320475,0.783504,-3.260383,-0.301697,0.772012,-3.275356,-0.355162,0.813612,-3.263425,-0.335039,0.792031,-3.289369,-0.318281,0.784084,-3.307838,-0.367541,0.818409,-3.279909,-0.349746,0.798549,-3.306228,-0.334541,0.794738,-3.323002,-0.377057,0.829677,-3.296060,-0.360442,0.815992,-3.320852,-0.345253,0.814330,-3.337675,0.120607,0.941966,-2.916944,0.086381,0.901510,-2.910630,0.074375,0.867817,-2.913459,0.107446,0.867275,-2.890568,0.087742,0.836258,-2.893775,0.069422,0.821165,-2.905839,0.125512,0.858727,-2.906656,0.107040,0.824662,-2.913132,0.089939,0.813829,-2.929731,0.140396,0.852956,-2.920554,0.123626,0.820446,-2.928659,0.108586,0.816024,-2.945428,0.152690,0.852287,-2.938632,0.137071,0.824943,-2.947916,0.122067,0.815401,-2.962079,,,
5,0.167,-0.116011,0.985280,-3.134791,-0.235885,0.981903,-3.136862,0.003864,0.988656,-3.132719,-0.268610,0.587575,-2.931274,0.013731,0.543434,-3.155362,-0.262856,0.183062,-2.833294,0.014679,0.149607,-3.290131,-0.119398,1.102356,-3.129567,-0.116286,1.315814,-3.109781,-0.121852,1.556484,-3.079025,-0.124837,1.653605,-3.042145,-0.156146,1.503941,-3.085106,-0.085257,1.505312,-3.082961,-0.293450,1.445005,-3.082756,0.053713,1.452766,-3.076138,-0.333443,1.177708,-3.189259,0.152924,1.185607,-3.016412,-0.362314,0.899496,-3.230728,0.134985,0.968289,-2.836380,-0.298783,0.133457,-2.664966,0.037133,0.063472,-3.134687,,,,,,,,,,-0.347486,0.883853,-3.218116,-0.314020,0.842915,-3.225336,-0.295185,0.815112,-3.237960,-0.329652,0.809933,-3.243911,-0.307734,0.785071,-3.260100,-0.287209,0.774566,-3.273412,-0.342450,0.814742,-3.265622,-0.319154,0.794706,-3.290108,-0.300310,0.787888,-3.306946,-0.353039,0.820085,-3.283152,-0.332015,0.801797,-3.308199,-0.314978,0.799040,-3.323339,-0.360967,0.831925,-3.299745,-0.341373,0.819709,-3.323087,-0.324366,0.819101,-3.338149,0.115280,0.963172,-2.821918,0.081228,0.922398,-2.816821,0.069298,0.888596,-2.818395,0.100436,0.890032,-2.792291,0.081365,0.858713,-2.796291,0.064694,0.842860,-2.809698,0.120352,0.880904,-2.805644,0.103124,0.846212,-2.812221,0.088191,0.834169,-2.830034,0.136812,0.874611,-2.817368,0.121239,0.841513,-2.825484,0.108236,0.836008,-2.843582,0.151091,0.873079,-2.833865,0.136514,0.845145,-2.843084,0.123104,0.834690,-2.858173,,,
6,0.200,-0.118907,0.973517,-3.079432,-0.238649,0.966652,-3.079926,0.000836,0.980382,-3.078939,-0.266005,0.586072,-2.849180,0.020127,0.536929,-3.121484,-0.283757,0.200596,-2.693114,0.017884,0.155130,-3.287278,-0.125633,1.090424,-3.073687,-0.121150,1.303962,-3.055053,-0.131270,1.544672,-3.025809,-0.135519,1.641931,-2.989420,-0.164569,1.491584,-3.032640,-0.093807,1.494042,-3.028348,-0.301578,1.431981,-3.035368,0.045389,1.443505,-3.014532,-0.330603,1.170272,-3.158070,0.153310,1.185944,-2.932076,-0.355810,0.895454,-3.219669,0.127349,0.980961,-2.739026,-0.321575,0.191760,-2.518250,0.040577,0.065595,-3.133803,,,,,,,,,,-0.342118,0.879248,-3.206496,-0.307509,0.839074,-3.212519,-0.287122,0.812200,-3.224737,-0.320700,0.807066,-3.234398,-0.296544,0.783949,-3.249977,-0.274502,0.774919,-3.261870,-0.331293,0.812989,-3.257003,-0.305165,0.795029,-3.280207,-0.284560,0.789673,-3.295435,-0.340122,0.819226,-3.275200,-0.316127,0.803126,-3.299050,-0.297549,0.801752,-3.312468,-0.346492,0.831920,-3.291833,-0.324406,0.821479,-3.313768,-0.305962,0.822053,-3.327034,0.106476,0.976667,-2.726005,0.072912,0.935594,-2.720135,0.061380,0.901626,-2.719401,0.090367,0.906252,-2.690935,0.072223,0.874280,-2.693960,0.057170,0.856943,-2.707443,0.111627,0.896482,-2.701461,0.095781,0.860860,-2.706316,0.082852,0.846840,-2.724249,0.129239,0.889587,-2.710963,0.115010,0.855537,-2.717446,0.103866,0.848133,-2.736099,0.145033,0.886915,-2.725856,0.131682,0.857938,-2.733595,0.119819,0.845826,-2.748739,,,
7,0.233,-0.122682,0.958330,-3.020492,-0.242329,0.950124,-3.018841,-0.003034,0.966537,-3.022143,-0.266280,0.590006,-2.756974,0.021272,0.526497,-3.090015,-0.295838,0.214189,-2.580476,0.016962,0.158725,-3.284923,-0.130606,1.075134,-3.014188,-0.127177,1.288789,-2.996710,-0.139276,1.529570,-2.968838,-0.144187,1.626987,-2.932957,-0.172126,1.476244,-2.975982,-0.101465,1.479162,-2.970477,-0.309197,1.417120,-2.982854,0.037137,1.428852,-2.951016,-0.330435,1.159406,-3.115224,0.150099,1.180576,-2.849123,-0.354572,0.888893,-3.193934,0.120137,0.984282,-2.647800,-0.333456,0.239511,-2.407186,0.040905,0.067434,-3.132677,,,,,,,,,,-0.341627,0.872020,-3.180843,-0.306432,0.832362,-3.186889,-0.284980,0.806227,-3.198886,-0.317996,0.801586,-3.211310,-0.291674,0.781664,-3.227768,-0.268567,0.775243,-3.239329,-0.327183,0.808731,-3.234175,-0.298841,0.793883,-3.256979,-0.277098,0.790685,-3.271194,-0.334889,0.815948,-3.252519,-0.308457,0.802945,-3.275672,-0.288896,0.803482,-3.287680,-0.340284,0.829534,-3.268790,-0.316438,0.820981,-3.289675,-0.297104,0.822761,-3.301486,0.098685,0.980198,-2.635684,0.066337,0.938390,-2.628359,0.056439,0.904018,-2.625542,0.083046,0.912240,-2.595875,0.066272,0.879426,-2.597417,0.052712,0.860505,-2.610345,0.105244,0.902533,-2.604320,0.091111,0.865979,-2.607085,0.079851,0.850048,-2.624542,0.123636,0.895623,-2.612194,0.111072,0.860618,-2.616741,0.101369,0.851336,-2.635360,0.140387,0.892410,-2.625885,0.128510,0.862387,-2.631834,0.117977,0.848594,-2.646517,,,
8,0.267,-0.127525,0.944468,-2.959133,-0.247155,0.936501,-2.955853,-0.007895,0.952434,-2.962414,-0.270748,0.579238,-2.690072,0.016991,0.517743,-3.058628,-0.293674,0.203185,-2.513094,0.014440,0.164404,-3.278647,-0.135127,1.061285,-2.952686,-0.133800,1.274967,-2.935251,-0.146946,1.515673,-2.907202,-0.152800,1.613116,-2.871537,-0.179535,1.462301,-2.915159,-0.109016,1.465336,-2.908111,-0.316136,1.402746,-2.926325,0.029120,1.415787,-2.883952,-0.330977,1.145826,-3.061090,0.143777,1.173173,-2.770921,-0.354623,0.879331,-3.152612,0.115538,0.980187,-2.566179,-0.326324,0.224373,-2.338248,0.038920,0.067066,-3.130281,,,,,,,,,,-0.341820,0.861838,-3.140213,-0.306274,0.822750,-3.147734,-0.284480,0.797438,-3.160828,-0.317189,0.793289,-3.174004,-0.290104,0.775489,-3.191616,-0.266712,0.770682,-3.203384,-0.325992,0.801619,-3.196618,-0.296851,0.788937,-3.219720,-0.274757,0.787166,-3.233641,-0.333399,0.809783,-3.214686,-0.306105,0.798858,-3.237913,-0.286267,0.800570,-3.249341,-0.338574,0.824205,-3.230295,-0.314099,0.817024,-3.250968,-0.294481,0.819606,-3.262147,0.093831,0.976317,-2.554455,0.062463,0.934161,-2.545132,0.053760,0.899705,-2.540191,0.078851,0.910899,-2.510366,0.063049,0.877570,-2.510119,0.050452,0.857408,-2.522109,0.101576,0.901303,-2.517419,0.088643,0.864208,-2.517934,0.078433,0.846723,-2.534527,0.120401,0.894420,-2.524219,0.108966,0.858825,-2.526696,0.100140,0.848005,-2.544916,0.137671,0.890760,-2.537132,0.126821,0.860048,-2.541238,0.117144,0.844936,-2.555195,,,
9,0.300,-0.133375,0.932204,-2.895049,-0.253122,0.926239,-2.891804,-0.013627,0.938169,-2.898295,-0.274320,0.560517,-2.637577,0.007450,0.511216,-3.025179,-0.287177,0.177324,-2.475524,0.011605,0.172361,-3.266889,-0.139086,1.049225,-2.890685,-0.140242,1.263079,-2.875486,-0.155425,1.503882,-2.849372,-0.163153,1.601553,-2.814699,-0.187494,1.450293,-2.857955,-0.117232,1.453739,-2.848832,-0.322969,1.388788,-2.871918,0.020723,1.406099,-2.820213,-0.334929,1.129154,-3.001673,0.135922,1.164526,-2.705516,-0.358710,0.863439,-3.095404,0.115337,0.968256,-2.502995,-0.310640,0.160968,-2.298697,0.037042,0.062812,-3.127468,,,,,,,,,,-0.345846,0.845195,-3.084210,-0.311530,0.805679,-3.094644,-0.291002,0.780536,-3.109928,-0.324130,0.777528,-3.121589,-0.298168,0.759988,-3.141055,-0.275387,0.755240,-3.153990,-0.333604,0.786940,-3.143497,-0.305655,0.774480,-3.168141,-0.284141,0.772730,-3.182945,-0.341512,0.795975,-3.160927,-0.315352,0.785396,-3.185575,-0.295918,0.787126,-3.197675,-0.346950,0.811114,-3.175746,-0.323344,0.804107,-3.197462,-0.304044,0.806608,-3.209198,0.093675,0.964490,-2.491155,0.063193,0.922165,-2.479867,0.055642,0.887706,-2.473311,0.079948,0.900992,-2.443960,0.065038,0.867344,-2.441505,0.052938,0.846134,-2.452121,0.102903,0.891562,-2.450474,0.090937,0.854177,-2.448801,0.081191,0.835485,-2.464323,0.121899,0.884767,-2.456877,0.111476,0.848780,-2.457290,0.102996,0.836684,-2.474861,0.139292,0.880858,-2.469549,0.129533,0.849606,-2.471970,0.120446,0.833441,-2.485120,,,
10,0.333,-0.140374,0.922261,-2.827762,-0.260220,0.917689,-2.826446,-0.020529,0.926834,-2.829078,-0.276708,0.543095,-2.585116,-0.003270,0.511936,-2.991540,-0.282428,0.150706,-2.446329,0.012295,0.186075,-3.250067,-0.144811,1.039384,-2.824870,-0.148492,1.253479,-2.814131,-0.164612,1.494856,-2.794736,-0.174905,1.593105,-2.762447,-0.196381,1.441010,-2.802812,-0.126405,1.444805,-2.791823,-0.331067,1.378147,-2.818281,0.011200,1.398537,-2.759509,-0.345068,1.113640,-2.937570,0.123911,1.153555,-2.649673,-0.371055,0.844719,-3.021003,0.112399,0.948792,-2.454994,-0.304707,0.093155,-2.278170,0.038995,0.055057,-3.130871,,,,,,,,,,-0.358108,0.825953,-3.010813,-0.325767,0.785523,-3.023755,-0.307257,0.760081,-3.040995,-0.340890,0.758101,-3.050148,-0.316736,0.740094,-3.071432,-0.294970,0.734863,-3.085843,-0.351396,0.768063,-3.071330,-0.325298,0.755050,-3.097660,-0.304732,0.752823,-3.113698,-0.360075,0.777547,-3.088144,-0.335745,0.766501,-3.114408,-0.317017,0.767795,-3.127625,-0.365937,0.793024,-3.102443,-0.343770,0.785421,-3.125439,-0.325058,0.787365,-3.138189,0.090770,0.945156,-2.443052,0.060450,0.902928,-2.430991,0.053817,0.868384,-2.423915,0.077339,0.882425,-2.394761,0.063040,0.848725,-2.390240,0.051092,0.826791,-2.399465,0.100314,0.872961,-2.401155,0.088848,0.835539,-2.397724,0.079165,0.816056,-2.412283,0.119321,0.866121,-2.407477,0.109576,0.829959,-2.406358,0.101203,0.817006,-2.423359,0.136705,0.862055,-2.420112,0.127785,0.830494,-2.421579,0.119107,0.813757,-2.434282,,,
11,0.367,-0.149996,0.916110,-2.763470,-0.269884,0.912722,-2.764438,-0.030107,0.919499,-2.762502,-0.290464,0.542323,-2.517023,-0.004889,0.503799,-2.921846,-0.287874,0.137001,-2.422309,0.016035,0.204040,-3.209891,-0.153320,1.033295,-2.761932,-0.160136,1.247451,-2.754430,-0.174008,1.489414,-2.741762,-0.186369,1.588289,-2.712228,-0.206232,1.435686,-2.748741,-0.136349,1.439085,-2.737057,-0.341125,1.373204,-2.763953,0.000574,1.392038,-2.703012,-0.363592,1.104038,-2.870885,0.107346,1.139160,-2.605871,-0.396313,0.831119,-2.937215,0.104762,0.921622,-2.425231,-0.311034,0.049301,-2.267848,0.043367,0.045046,-3.132044,,,,,,,,,,-0.383303,0.812629,-2.926607,-0.351801,0.771293,-2.938727,-0.334306,0.745049,-2.955825,-0.367966,0.742993,-2.963528,-0.344576,0.724119,-2.984912,-0.323302,0.718245,-2.999803,-0.378943,0.752200,-2.984812,-0.353601,0.737922,-3.011225,-0.333454,0.734876,-3.027654,-0.387978,0.761088,-3.001764,-0.364406,0.748721,-3.028131,-0.345999,0.749267,-3.041842,-0.394057,0.776032,-3.016532,-0.372325,0.766954,-3.039407,-0.353775,0.767943,-3.052500,0.083126,0.918279,-2.413218,0.051932,0.876552,-2.401650,0.044255,0.842130,-2.395054,0.068562,0.855094,-2.365856,0.053936,0.821639,-2.360617,0.041526,0.799739,-2.369297,0.091281,0.845222,-2.372540,0.079289,0.808000,-2.368753,0.069100,0.788535,-2.382987,0.110093,0.838060,-2.379085,0.099931,0.802020,-2.377771,0.091224,0.789112,-2.394638,0.127309,0.833811,-2.391890,0.118079,0.802349,-2.393554,0.109165,0.785732,-2.406251,,,
12,0.400,-0.161130,0.913420,-2.702296,-0.281007,0.910647,-2.705009,-0.041253,0.916193,-2.699583,-0.310860,0.553715,-2.439413,0.006487,0.486667,-2.809405,-0.295171,0.138267,-2.418919,0.024583,0.229838,-3.136475,-0.163846,1.030630,-2.702103,-0.171320,1.244818,-2.696306,-0.185244,1.486945,-2.687391,-0.198911,1.586156,-2.659612,-0.217464,1.433105,-2.693470,-0.147560,1.436706,-2.681971,-0.352149,1.369570,-2.705905,-0.010580,1.389593,-2.648251,-0.383587,1.096067,-2.798630,0.094286,1.128835,-2.572145,-0.420909,0.819171,-2.842111,0.104437,0.896245,-2.411648,-0.320958,0.050847,-2.264714,0.043022,0.051858,-3.128140,,,,,,,,,,-0.407884,0.801779,-2.829802,-0.376880,0.759114,-2.837951,-0.360388,0.731258,-2.853418,-0.393625,0.728516,-2.859413,-0.370924,0.707324,-2.879317,-0.350076,0.699713,-2.894022,-0.404847,0.735538,-2.881391,-0.379982,0.718365,-2.906502,-0.360094,0.713449,-2.922792,-0.414065,0.742679,-2.899055,-0.391086,0.727271,-2.924320,-0.372917,0.726109,-2.938308,-0.420250,0.756046,-2.915225,-0.398604,0.744146,-2.936854,-0.380048,0.743365,-2.949952,0.083133,0.892273,-2.399239,0.052214,0.849993,-2.389024,0.044108,0.815411,-2.383949,0.069790,0.826689,-2.354873,0.055461,0.792965,-2.350640,0.042859,0.771397,-2.359857,0.092305,0.817185,-2.362685,0.080601,0.779775,-2.360016,0.070043,0.760784,-2.374617,0.110921,0.810379,-2.370109,0.100885,0.774280,-2.370178,0.091722,0.762116,-2.387353,0.127775,0.806810,-2.383585,0.118564,0.775436,-2.386535,0.109336,0.759401,-2.399745,,,
13,0.433,-0.171411,0.914938,-2.642377,-0.291241,0.912663,-2.646962,-0.051580,0.917213,-2.637793,-0.325503,0.552349,-2.386514,0.014372,0.477644,-2.673318,-0.299627,0.137921,-2.415556,0.027749,0.269028,-3.033268,-0.173600,1.032155,-2.643328,-0.180246,1.246393,-2.638433,-0.193512,1.488590,-2.630482,-0.207686,1.587809,-2.602982,-0.225924,1.434798,-2.635935,-0.155883,1.438289,-2.625268,-0.360460,1.370365,-2.644879,-0.018684,1.390445,-2.593526,-0.401136,1.092880,-2.720623,0.082077,1.122821,-2.538678,-0.441034,0.813376,-2.736139,0.100615,0.877568,-2.399151,-0.326934,0.050562,-2.261579,0.047098,0.095551,-3.073489,,,,,,,,,,-0.428239,0.797134,-2.722135,-0.398306,0.753112,-2.725881,-0.383596,0.723576,-2.739968,-0.416012,0.720752,-2.743673,-0.394506,0.696576,-2.761382,-0.374263,0.686523,-2.775451,-0.427364,0.725588,-2.766167,-0.403330,0.705039,-2.789487,-0.383820,0.697787,-2.805357,-0.436653,0.730967,-2.784410,-0.414769,0.711900,-2.808101,-0.396960,0.708455,-2.822176,-0.442751,0.742624,-2.801883,-0.421495,0.727653,-2.821934,-0.403020,0.724785,-2.834853,0.079663,0.872846,-2.386409,0.048819,0.830086,-2.378151,0.041057,0.795175,-2.375255,0.067260,0.804465,-2.346187,0.052862,0.770567,-2.344143,0.039915,0.749804,-2.354642,0.089481,0.795427,-2.355288,0.077781,0.757925,-2.354743,0.066751,0.739933,-2.370233,0.107831,0.789070,-2.363705,0.097614,0.753093,-2.365969,0.087896,0.742164,-2.383662,0.124260,0.786357,-2.377887,0.114875,0.755239,-2.382517,0.105207,0.740068,-2.396414,,,
14,0.467,-0.180298,0.919832,-2.584040,-0.300010,0.918253,-2.591261,-0.060586,0.921411,-2.576818,-0.335078,0.546429,-2.347644,0.009208,0.482756,-2.537533,-0.303568,0.136095,-2.410065,0.020962,0.296947,-2.909823,-0.181724,1.037049,-2.586020,-0.186885,1.251336,-2.581550,-0.197454,1.493606,-2.571943,-0.210551,1.592721,-2.543551,-0.230558,1.440170,-2.576689,-0.160194,1.442905,-2.568135,-0.365154,1.375424,-2.581524,-0.022566,1.393623,-2.540748,-0.413847,1.094595,-2.637682,0.070736,1.120662,-2.501114,-0.454429,0.815219,-2.621656,0.097998,0.865575,-2.382169,-0.332748,0.049227,-2.256154,0.058450,0.127343,-2.953587,,,,,,,,,,-0.441712,0.800183,-2.606299,-0.412606,0.755452,-2.606113,-0.399183,0.724501,-2.618321,-0.431133,0.721849,-2.620425,-0.410709,0.695205,-2.635707,-0.391035,0.683013,-2.648865,-0.442730,0.724680,-2.643135,-0.419667,0.701155,-2.664544,-0.400638,0.691747,-2.679857,-0.452193,0.728428,-2.661693,-0.431282,0.706342,-2.683572,-0.413834,0.700919,-2.697475,-0.458345,0.738438,-2.680141,-0.437722,0.721086,-2.698890,-0.419516,0.716548,-2.711715,0.077363,0.859959,-2.369274,0.046647,0.816727,-2.363321,0.040091,0.781452,-2.363021,0.065832,0.788879,-2.333745,0.051373,0.754947,-2.334074,0.038138,0.735112,-2.345921,0.087798,0.780510,-2.344027,0.076049,0.743070,-2.345978,0.064616,0.726300,-2.362512,0.105919,0.774766,-2.353337,0.095607,0.739048,-2.357998,0.085449,0.729460,-2.376214,0.121981,0.773070,-2.368085,0.112664,0.742268,-2.374586,0.102744,0.728006,-2.389248,,,
15,0.500,-0.187109,0.928308,-2.526945,-0.306670,0.927473,-2.536439,-0.067548,0.929145,-2.517450,-0.337508,0.538030,-2.321460,-0.000820,0.501627,-2.409707,-0.305414,0.131745,-2.406114,0.008264,0.300212,-2.773868,-0.187702,1.045514,-2.529803,-0.191350,1.259834,-2.525384,-0.199106,1.502100,-2.513322,-0.209613,1.601159,-2.483683,-0.232915,1.449013,-2.516858,-0.162193,1.451029,-2.511763,-0.367537,1.384169,-2.514946,-0.023872,1.400207,-2.491642,-0.421405,1.100735,-2.548898,0.062363,1.123186,-2.467003,-0.457695,0.824834,-2.498728,0.101926,0.860740,-2.369448,-0.335610,0.044519,-2.252603,0.052484,0.128128,-2.796624,,,,,,,,,,-0.444367,0.811424,-2.482413,-0.415687,0.766579,-2.478617,-0.403134,0.734269,-2.487871,-0.435199,0.731859,-2.488159,-0.415814,0.703208,-2.500962,-0.396899,0.689167,-2.513368,-0.447882,0.732306,-2.510458,-0.426218,0.706056,-2.530087,-0.408097,0.694602,-2.545105,-0.458219,0.734096,-2.528841,-0.438453,0.709605,-2.549170,-0.421706,0.702578,-2.563214,-0.465189,0.742073,-2.547976,-0.445724,0.722685,-2.565953,-0.428268,0.716713,-2.579224,0.082214,0.853794,-2.355779,0.052501,0.809693,-2.351290,0.047392,0.774254,-2.353600,0.073864,0.780028,-2.325177,0.060013,0.745880,-2.326799,0.046352,0.726589,-2.339054,0.095251,0.772856,-2.337402,0.083829,0.735483,-2.341446,0.071561,0.719831,-2.358471,0.112826,0.768160,-2.348221,0.102865,0.732641,-2.354780,0.091740,0.724160,-2.372981,0.127954,0.767875,-2.364016,0.118984,0.737426,-2.372393,0.108539,0.724104,-2.387566,,,
16,0.533,-0.190843,0.939177,-2.471065,-0.310322,0.939072,-2.481567,-0.071363,0.939283,-2.460562,-0.332571,0.530869,-2.303501,-0.006416,0.530167,-2.295521,-0.304654,0.127319,-2.401640,-0.005265,0.291998,-2.636898,-0.190641,1.056368,-2.474531,-0.193346,1.270703,-2.470219,-0.199121,1.512964,-2.456978,-0.206615,1.611987,-2.426322,-0.233359,1.460065,-2.458795,-0.162452,1.461697,-2.457638,-0.367960,1.396017,-2.448227,-0.023662,1.409465,-2.446263,-0.424633,1.111309,-2.459154,0.057275,1.129812,-2.441040,-0.449087,0.842687,-2.374305,0.109301,0.861613,-2.368082,-0.334064,0.040130,-2.247954,0.030155,0.116549,-2.629888,,,,,,,,,,-0.434320,0.831333,-2.357671,-0.405367,0.787041,-2.350748,-0.393059,0.753778,-2.356154,-0.425627,0.751595,-2.353959,-0.407072,0.721537,-2.364581,-0.389117,0.706020,-2.376650,-0.440279,0.749319,-2.374897,-0.420309,0.720681,-2.392917,-0.403537,0.707322,-2.407929,-0.452242,0.748852,-2.392351,-0.433903,0.722338,-2.411442,-0.418324,0.713885,-2.426034,-0.460926,0.754389,-2.411647,-0.443230,0.732825,-2.428962,-0.427104,0.725209,-2.443049,0.091388,0.853016,-2.352954,0.062814,0.808093,-2.349297,0.057927,0.772921,-2.354436,0.087357,0.776550,-2.328781,0.074195,0.742179,-2.331223,0.059534,0.723402,-2.343114,0.107234,0.770993,-2.344022,0.095807,0.733880,-2.349993,0.081764,0.719489,-2.366756,0.123467,0.767692,-2.357198,0.113465,0.732566,-2.365566,0.100429,0.725320,-2.383016,0.136646,0.769197,-2.374589,0.127414,0.739395,-2.384806,0.115590,0.727242,-2.399948,,,
17,0.567,-0.190785,0.951595,-2.415286,-0.310219,0.952316,-2.426263,-0.071351,0.950874,-2.404309,-0.325061,0.528005,-2.289982,-0.012546,0.563639,-2.191182,-0.302932,0.126678,-2.398196,-0.016766,0.281169,-2.496889,-0.189729,1.068771,-2.419078,-0.192852,1.283117,-2.415679,-0.196076,1.525445,-2.402811,-0.200638,1.624450,-2.371527,-0.230768,1.472812,-2.402730,-0.159885,1.473891,-2.405210,-0.365361,1.410750,-2.383637,-0.021371,1.419821,-2.401946,-0.424712,1.126595,-2.372552,0.053467,1.138840,-2.417195,-0.431547,0.869790,-2.254401,0.111410,0.866392,-2.368457,-0.331303,0.039907,-2.244080,0.010941,0.110748,-2.449191,,,,,,,,,,-0.414745,0.860715,-2.238309,-0.384396,0.817764,-2.229246,-0.371045,0.784496,-2.230703,-0.404255,0.782144,-2.225497,-0.386206,0.751157,-2.234136,-0.369291,0.734389,-2.246032,-0.421203,0.777150,-2.244101,-0.402891,0.746498,-2.260499,-0.387703,0.731376,-2.275524,-0.435106,0.774404,-2.259823,-0.418373,0.745958,-2.277559,-0.404337,0.735972,-2.292738,-0.446075,0.777385,-2.278509,-0.430314,0.753717,-2.294923,-0.415890,0.744346,-2.309776,0.095387,0.856610,-2.351989,0.066114,0.812087,-2.349026,0.059388,0.777736,-2.356906,0.092125,0.778142,-2.335266,0.078056,0.744239,-2.338907,0.061515,0.726752,-2.350289,0.109623,0.773824,-2.353526,0.096402,0.737670,-2.361384,0.079821,0.725209,-2.377356,0.123856,0.771602,-2.369034,0.112008,0.737547,-2.379217,0.096606,0.732152,-2.395360,0.134662,0.774655,-2.387804,0.123536,0.746118,-2.399624,0.109613,0.735604,-2.414197,,,
18,0.600,-0.190140,0.962824,-2.358800,-0.309491,0.964390,-2.370565,-0.070789,0.961258,-2.347035,-0.316903,0.527471,-2.281800,-0.018387,0.597633,-2.094322,-0.300690,0.128420,-2.399099,-0.023788,0.267402,-2.347664,-0.188237,1.079991,-2.362512,-0.191692,1.294339,-2.359508,-0.191629,1.536688,-2.346644,-0.193133,1.635591,-2.314748,-0.226857,1.484442,-2.344891,-0.156163,1.484738,-2.350722,-0.361273,1.424751,-2.318418,-0.018535,1.428514,-2.354926,-0.423617,1.142729,-2.287335,0.049308,1.147656,-2.390976,-0.406151,0.902586,-2.139072,0.108165,0.872281,-2.365186,-0.327837,0.040885,-2.245195,0.001978,0.116010,-2.255454,,,,,,,,,,-0.387024,0.896192,-2.124345,-0.353572,0.855838,-2.114319,-0.338155,0.823463,-2.113149,-0.370914,0.820240,-2.103866,-0.352312,0.789103,-2.110581,-0.335985,0.771573,-2.122197,-0.389759,0.812367,-2.119396,-0.372028,0.780530,-2.134084,-0.358021,0.764152,-2.148937,-0.405347,0.807193,-2.132746,-0.389536,0.777200,-2.148689,-0.376978,0.765764,-2.164137,-0.418697,0.807441,-2.150070,-0.403994,0.782375,-2.165350,-0.391097,0.771670,-2.180698,0.093560,0.861664,-2.347935,0.062019,0.818668,-2.345835,0.052253,0.785738,-2.356210,0.087206,0.782146,-2.338762,0.070740,0.749555,-2.343979,0.051936,0.734213,-2.354934,0.102156,0.778874,-2.359355,0.085799,0.744489,-2.369038,0.066702,0.734662,-2.384006,0.114325,0.777563,-2.376624,0.099210,0.745427,-2.388569,0.081721,0.742567,-2.403160,0.123058,0.782012,-2.396177,0.108917,0.755447,-2.409298,0.092793,0.747205,-2.423040,,,
19,0.633,-0.189664,0.969813,-2.303542,-0.308909,0.972120,-2.316234,-0.070420,0.967507,-2.290851,-0.308422,0.528095,-2.275318,-0.023245,0.626648,-2.007262,-0.298644,0.131318,-2.400763,-0.026941,0.252330,-2.189294,-0.187070,1.086986,-2.306625,-0.190782,1.301303,-2.302153,-0.186954,1.543525,-2.287573,-0.185502,1.642175,-2.254897,-0.222752,1.491722,-2.284603,-0.152394,1.491158,-2.293621,-0.356784,1.434404,-2.251719,-0.015969,1.433109,-2.305397,-0.423549,1.155786,-2.203719,0.044321,1.154114,-2.362936,-0.373797,0.937310,-2.031242,0.100388,0.876998,-2.358071,-0.324441,0.043367,-2.246863,0.000906,0.132864,-2.058761,,,,,,,,,,-0.352812,0.933859,-2.018153,-0.316133,0.896777,-2.006857,-0.298472,0.865780,-2.003057,-0.330079,0.862262,-1.989787,-0.310418,0.831342,-1.994035,-0.294345,0.813046,-2.004792,-0.350032,0.851498,-2.001799,-0.332114,0.818678,-2.013861,-0.318827,0.800955,-2.027805,-0.366672,0.843848,-2.012410,-0.351037,0.812459,-2.025603,-0.339601,0.799371,-2.040603,-0.381851,0.841107,-2.027917,-0.367511,0.814722,-2.041189,-0.355785,0.802464,-2.056313,0.086625,0.865373,-2.340777,0.052739,0.824148,-2.340329,0.040149,0.793103,-2.353178,0.076092,0.785783,-2.339330,0.057116,0.754984,-2.346535,0.036505,0.742078,-2.357378,0.089052,0.783963,-2.361398,0.069760,0.751810,-2.373128,0.048897,0.744765,-2.387284,0.099644,0.783880,-2.379723,0.081491,0.754170,-2.393567,0.062699,0.753931,-2.406748,0.106990,0.789946,-2.399412,0.090126,0.765766,-2.413860,0.072407,0.759965,-2.426866,,,
20,0.667,-0.188078,0.972706,-2.248962,-0.307251,0.975710,-2.262168,-0.068905,0.969702,-2.235756,-0.303252,0.529827,-2.264393,-0.031903,0.643546,-1.933951,-0.296851,0.136996,-2.401893,-0.025108,0.237652,-2.025970,-0.184923,1.089891,-2.250780,-0.189573,1.304127,-2.243920,-0.181309,1.546066,-2.226713,-0.177444,1.644367,-2.193195,-0.217763,1.494783,-2.222830,-0.147866,1.493254,-2.234823,-0.351266,1.439945,-2.184086,-0.012895,1.433866,-2.254216,-0.424004,1.165974,-2.120537,0.038722,1.158265,-2.332724,-0.339868,0.971347,-1.933462,0.089618,0.880448,-2.346424,-0.321276,0.048565,-2.248044,0.003463,0.150708,-1.871987,,,,,,,,,,-0.317555,0.970500,-1.922281,-0.278544,0.936514,-1.909197,-0.259112,0.907145,-1.902345,-0.289381,0.904914,-1.885507,-0.269061,0.874164,-1.886964,-0.253467,0.854758,-1.896401,-0.310020,0.891932,-1.893492,-0.292072,0.858017,-1.901943,-0.279522,0.838576,-1.914175,-0.327342,0.882318,-1.900944,-0.311913,0.849532,-1.910470,-0.301535,0.834421,-1.924292,-0.343891,0.876790,-1.914132,-0.329807,0.848932,-1.924308,-0.319091,0.834624,-1.938341,0.076571,0.867476,-2.329539,0.041003,0.827721,-2.331101,0.026142,0.798777,-2.346226,0.062648,0.788658,-2.335982,0.041622,0.759801,-2.345240,0.019686,0.749170,-2.355954,0.073975,0.788839,-2.359002,0.052423,0.759022,-2.372789,0.030334,0.754482,-2.386084,0.083273,0.790414,-2.377952,0.062742,0.763246,-2.393580,0.043084,0.765268,-2.405260,0.089515,0.798365,-2.397347,0.070468,0.776661,-2.412967,0.051590,0.773060,-2.425109,,,
21,0.700,-0.186286,0.972275,-2.192576,-0.305296,0.977749,-2.206440,-0.067275,0.966800,-2.178712,-0.303304,0.534266,-2.252826,-0.046163,0.636720,-1.879657,-0.297676,0.146020,-2.402814,-0.022364,0.221273,-1.869593,-0.180900,1.089393,-2.192554,-0.187877,1.303506,-2.184043,-0.174440,1.544991,-2.163964,-0.168749,1.642855,-2.129443,-0.211671,1.494331,-2.159360,-0.142325,1.491699,-2.174056,-0.344457,1.442063,-2.115004,-0.009114,1.431102,-2.200574,-0.423911,1.174373,-2.034887,0.032442,1.159736,-2.297616,-0.310058,1.001438,-1.842309,0.076853,0.882091,-2.327640,-0.320714,0.055743,-2.249827,0.005902,0.169411,-1.700485,,,,,,,,,,-0.286823,1.002647,-1.833236,-0.245995,0.971638,-1.818420,-0.224913,0.944297,-1.808662,-0.253914,0.944272,-1.788998,-0.233125,0.913869,-1.786987,-0.217967,0.893247,-1.794322,-0.274864,0.929965,-1.792828,-0.256852,0.895287,-1.796918,-0.244896,0.874162,-1.806710,-0.292545,0.919098,-1.796988,-0.277215,0.885308,-1.802179,-0.267710,0.868165,-1.814134,-0.310065,0.911323,-1.807522,-0.296040,0.882355,-1.814012,-0.286102,0.866018,-1.826294,0.064623,0.867765,-2.311245,0.027614,0.829430,-2.314201,0.010474,0.802672,-2.330863,0.047405,0.790514,-2.324790,0.024379,0.763762,-2.335502,0.001229,0.755323,-2.345593,0.057001,0.792833,-2.348471,0.033338,0.765399,-2.363671,0.010177,0.763045,-2.375644,0.064928,0.796160,-2.367813,0.042146,0.771582,-2.384571,0.021768,0.775525,-2.394374,0.070009,0.805958,-2.386696,0.048979,0.786631,-2.402884,0.029107,0.784844,-2.413779,,,
22,0.733,-0.184811,0.967736,-2.133985,-0.303576,0.975454,-2.148850,-0.066046,0.960020,-2.119120,-0.304990,0.536942,-2.229709,-0.054774,0.610531,-1.842419,-0.298659,0.158150,-2.402164,-0.022668,0.206080,-1.749404,-0.177475,1.084729,-2.131862,-0.185783,1.298761,-2.122530,-0.168691,1.539856,-2.100628,-0.161977,1.637408,-2.065413,-0.206417,1.489623,-2.095415,-0.137563,1.486266,-2.112135,-0.337815,1.438246,-2.046155,-0.005822,1.425314,-2.144530,-0.422829,1.177966,-1.949116,0.026933,1.158070,-2.255397,-0.282072,1.025062,-1.757380,0.066037,0.881296,-2.298144,-0.321025,0.064878,-2.250882,0.004278,0.190621,-1.572992,,,,,,,,,,-0.258563,1.028247,-1.749581,-0.216406,1.000996,-1.731465,-0.193648,0.976622,-1.718232,-0.222511,0.978792,-1.697599,-0.200801,0.949769,-1.690747,-0.185234,0.928531,-1.694673,-0.243195,0.963621,-1.698142,-0.224350,0.929184,-1.696513,-0.212090,0.906909,-1.702728,-0.260717,0.951853,-1.699717,-0.244649,0.918009,-1.699291,-0.235053,0.899203,-1.708309,-0.278395,0.942067,-1.708091,-0.263715,0.912757,-1.709923,-0.253681,0.894759,-1.719510,0.054565,0.865840,-2.282234,0.016304,0.828815,-2.285868,-0.002868,0.804054,-2.303382,0.034121,0.790558,-2.301269,0.009306,0.765771,-2.312686,-0.014830,0.759166,-2.321785,0.042094,0.794780,-2.325287,0.016572,0.769483,-2.341172,-0.007424,0.768855,-2.351617,0.048736,0.799652,-2.344785,0.023972,0.777391,-2.361960,0.003095,0.782796,-2.369828,0.052768,0.810994,-2.363047,0.029995,0.793735,-2.379212,0.009334,0.793390,-2.388688,,,
23,0.767,-0.184457,0.958447,-2.072586,-0.303078,0.967280,-2.087970,-0.065837,0.949615,-2.057201,-0.301955,0.539199,-2.212785,-0.052860,0.569921,-1.823756,-0.299968,0.165760,-2.396639,-0.026479,0.187162,-1.662314,-0.176314,1.075326,-2.068272,-0.182866,1.289337,-2.057223,-0.164207,1.530191,-2.033984,-0.157007,1.627616,-1.998516,-0.202095,1.480110,-2.028490,-0.133541,1.476528,-2.046360,-0.332303,1.428708,-1.976193,-0.002817,1.416020,-2.083377,-0.421578,1.175884,-1.864390,0.023271,1.152054,-2.203482,-0.261732,1.037423,-1.676686,0.058911,0.876562,-2.256345,-0.321273,0.069377,-2.247165,-0.006013,0.188574,-1.484366,,,,,,,,,,-0.238385,1.042813,-1.669652,-0.195025,1.020577,-1.647891,-0.170473,1.000219,-1.631462,-0.200094,1.003600,-1.610968,-0.176966,0.977437,-1.599085,-0.160224,0.956737,-1.599188,-0.220073,0.987622,-1.609012,-0.199672,0.954866,-1.601622,-0.186343,0.932467,-1.604006,-0.237047,0.974984,-1.608623,-0.219488,0.942453,-1.602523,-0.208998,0.922853,-1.608259,-0.254271,0.963249,-1.615256,-0.238368,0.934671,-1.612367,-0.227556,0.915793,-1.618941,0.048100,0.859947,-2.241157,0.009098,0.823804,-2.245689,-0.011506,0.800800,-2.263955,0.025401,0.786786,-2.265239,-0.000577,0.763533,-2.277280,-0.025331,0.758176,-2.285497,0.032082,0.792935,-2.289235,0.005346,0.769368,-2.305770,-0.019190,0.769912,-2.314880,0.037700,0.799365,-2.308603,0.011597,0.778985,-2.326129,-0.009592,0.785314,-2.332288,0.040886,0.812165,-2.326050,0.016850,0.796645,-2.342150,-0.004354,0.797432,-2.350309,,,
24,0.800,-0.180989,0.944185,-2.013988,-0.299682,0.952371,-2.029169,-0.062295,0.936000,-1.998808,-0.294128,0.536147,-2.189042,-0.052452,0.557472,-1.763325,-0.300349,0.175648,-2.397045,-0.030941,0.170386,-1.611781,-0.173506,1.061100,-2.009452,-0.178140,1.275093,-1.997160,-0.158550,1.515739,-1.972567,-0.150732,1.613122,-1.937116,-0.196539,1.465736,-1.967054,-0.128157,1.462064,-1.985553,-0.326543,1.415073,-1.913542,0.001714,1.401542,-2.025440,-0.418478,1.167460,-1.792605,0.023668,1.139144,-2.149735,-0.251203,1.034611,-1.607334,0.057524,0.864963,-2.210059,-0.320743,0.069490,-2.254214,-0.010794,0.158559,-1.434185,,,,,,,,,,-0.228045,1.041692,-1.601235,-0.183513,1.023685,-1.577983,-0.158293,1.005810,-1.559774,-0.187433,1.010363,-1.539455,-0.163194,0.986025,-1.526010,-0.145798,0.965908,-1.524794,-0.206660,0.993822,-1.535587,-0.184775,0.962717,-1.525725,-0.170568,0.940743,-1.526371,-0.223051,0.980570,-1.533662,-0.203986,0.949489,-1.525044,-0.192756,0.929906,-1.529227,-0.239806,0.967488,-1.538809,-0.222507,0.940109,-1.533418,-0.210881,0.921199,-1.538291,0.046938,0.847253,-2.195990,0.007269,0.812117,-2.202303,-0.014280,0.790986,-2.221706,0.022392,0.776695,-2.225429,-0.004278,0.754869,-2.238578,-0.029341,0.750513,-2.246441,0.028417,0.784778,-2.249022,0.000980,0.762909,-2.266701,-0.023796,0.764413,-2.275019,0.033528,0.792759,-2.267948,0.006657,0.774232,-2.286347,-0.014618,0.781278,-2.291315,0.036364,0.806956,-2.284343,0.011683,0.793073,-2.300954,-0.009735,0.794697,-2.308398,,,
25,0.833,-0.176341,0.931098,-1.954642,-0.295306,0.936236,-1.969009,-0.057375,0.925960,-1.940275,-0.284343,0.526743,-2.145156,-0.052823,0.563963,-1.679948,-0.297647,0.185641,-2.383350,-0.034849,0.162778,-1.570447,-0.171561,1.048220,-1.952333,-0.174550,1.262290,-1.940905,-0.153497,1.502847,-1.916660,-0.144352,1.600337,-1.881824,-0.191742,1.453065,-1.910925,-0.123464,1.448989,-1.929722,-0.322254,1.403980,-1.857180,0.005440,1.386880,-1.970298,-0.417531,1.157006,-1.737532,0.026889,1.123021,-2.091550,-0.255873,1.021433,-1.549271,0.060514,0.848926,-2.152393,-0.319277,0.062863,-2.254727,-0.010799,0.120765,-1.397986,,,,,,,,,,-0.232833,1.028739,-1.542992,-0.188577,1.011418,-1.518714,-0.164612,0.993065,-1.499324,-0.193008,0.998916,-1.479967,-0.169104,0.974091,-1.466818,-0.152047,0.953673,-1.465829,-0.212227,0.982385,-1.476021,-0.190442,0.951235,-1.466080,-0.176301,0.929217,-1.466668,-0.228594,0.969111,-1.474046,-0.209543,0.938078,-1.465224,-0.198285,0.918487,-1.469292,-0.245224,0.955852,-1.479151,-0.227683,0.928739,-1.473225,-0.215813,0.909886,-1.477716,0.049570,0.830645,-2.139369,0.009323,0.796617,-2.147751,-0.012676,0.776878,-2.168093,0.023917,0.762286,-2.172784,-0.003021,0.741692,-2.187304,-0.028095,0.738182,-2.195545,0.030170,0.771570,-2.195870,0.002592,0.751067,-2.214913,-0.022103,0.753311,-2.223308,0.035490,0.780508,-2.214305,0.008509,0.763390,-2.233872,-0.012642,0.770956,-2.238597,0.038633,0.795548,-2.229871,0.013825,0.782919,-2.247273,-0.007537,0.785162,-2.254719,,,
26,0.867,-0.172107,0.922160,-1.891767,-0.291249,0.925441,-1.905182,-0.052965,0.918879,-1.878352,-0.286857,0.514499,-2.078213,-0.044082,0.565959,-1.605954,-0.293447,0.204322,-2.355720,-0.036167,0.153763,-1.548545,-0.169058,1.039352,-1.890184,-0.169753,1.253507,-1.880046,-0.149166,1.494399,-1.858926,-0.137559,1.592068,-1.825347,-0.187229,1.444591,-1.852279,-0.119090,1.440463,-1.871561,-0.317735,1.396143,-1.797943,0.009107,1.376791,-1.911957,-0.413278,1.143965,-1.689927,0.036841,1.108748,-2.022262,-0.265391,0.998653,-1.497654,0.075247,0.833345,-2.073632,-0.320788,0.056123,-2.258894,-0.016484,0.085583,-1.384076,,,,,,,,,,-0.242871,1.005728,-1.489502,-0.200523,0.987640,-1.462531,-0.179380,0.967581,-1.441608,-0.207790,0.974085,-1.424574,-0.185000,0.948734,-1.410484,-0.168139,0.928193,-1.408883,-0.227253,0.957496,-1.422508,-0.206346,0.925853,-1.412244,-0.192303,0.903769,-1.412666,-0.243726,0.944212,-1.422107,-0.225531,0.912831,-1.412728,-0.214087,0.893282,-1.416468,-0.259940,0.931139,-1.428784,-0.242832,0.903813,-1.422572,-0.230659,0.885099,-1.426826,0.063727,0.814889,-2.061373,0.023735,0.781172,-2.071946,0.002234,0.761697,-2.093060,0.039207,0.747212,-2.096958,0.012361,0.727530,-2.112848,-0.012470,0.724703,-2.122033,0.046415,0.756863,-2.119612,0.019402,0.737027,-2.140118,-0.004923,0.739662,-2.149428,0.052501,0.766091,-2.137662,0.025974,0.749691,-2.158428,0.005071,0.757569,-2.163715,0.056318,0.781381,-2.152829,0.031753,0.769227,-2.170903,0.010575,0.771727,-2.178779,,,
27,0.900,-0.164687,0.918397,-1.830080,-0.284024,0.920644,-1.841876,-0.045349,0.916151,-1.818284,-0.306550,0.495634,-1.974887,-0.029976,0.563680,-1.545592,-0.294845,0.226688,-2.292368,-0.033679,0.147576,-1.535233,-0.162611,1.035613,-1.828753,-0.163395,1.249826,-1.819921,-0.141447,1.490818,-1.801478,-0.127673,1.588579,-1.769004,-0.179667,1.441262,-1.793906,-0.111766,1.436613,-1.813895,-0.310484,1.394401,-1.738930,0.015049,1.370213,-1.854260,-0.405858,1.134449,-1.651074,0.048919,1.097196,-1.949645,-0.280845,0.967545,-1.460103,0.090423,0.819544,-1.983524,-0.319289,0.051789,-2.262383,-0.013822,0.065576,-1.377221,,,,,,,,,,-0.259266,0.973495,-1.449031,-0.220577,0.952613,-1.418780,-0.203255,0.929990,-1.396979,-0.232336,0.936819,-1.382870,-0.211957,0.909915,-1.367988,-0.195896,0.888790,-1.365851,-0.252208,0.920638,-1.384110,-0.233302,0.887798,-1.373726,-0.219787,0.865385,-1.374061,-0.268861,0.907784,-1.386445,-0.252512,0.875382,-1.377139,-0.241119,0.855789,-1.380799,-0.284453,0.895593,-1.395753,-0.268595,0.867464,-1.389819,-0.256356,0.848797,-1.394090,0.077933,0.801474,-1.971646,0.038352,0.767905,-1.984071,0.018243,0.748266,-2.006373,0.055048,0.733255,-2.007284,0.027978,0.714860,-2.024295,0.003506,0.713228,-2.034661,0.063814,0.742331,-2.029624,0.037262,0.723228,-2.051387,0.013593,0.726663,-2.062031,0.071158,0.751099,-2.047434,0.044961,0.735367,-2.069116,0.024594,0.743883,-2.075407,0.076116,0.766012,-2.062647,0.051912,0.753974,-2.081277,0.031072,0.756932,-2.089864,,,
28,0.933,-0.157789,0.918203,-1.771156,-0.277331,0.920160,-1.780724,-0.038248,0.916247,-1.761588,-0.328384,0.482110,-1.846593,-0.017003,0.555879,-1.499833,-0.307222,0.263783,-2.200357,-0.031888,0.141036,-1.530609,-0.155986,1.035422,-1.769716,-0.157918,1.249634,-1.761024,-0.137463,1.490812,-1.743326,-0.123014,1.588627,-1.711310,-0.175397,1.441051,-1.735665,-0.107430,1.436748,-1.755508,-0.306388,1.394058,-1.681219,0.019074,1.369331,-1.795156,-0.396660,1.126559,-1.612771,0.061318,1.092316,-1.874287,-0.298443,0.931599,-1.433052,0.106985,0.813464,-1.885080,-0.322560,0.087775,-2.229886,-0.009484,0.056089,-1.374505,,,,,,,,,,-0.278203,0.935462,-1.418944,-0.243968,0.909917,-1.386953,-0.230028,0.884354,-1.365992,-0.260348,0.890764,-1.354672,-0.242813,0.861558,-1.340523,-0.227797,0.839639,-1.338835,-0.280335,0.875597,-1.360036,-0.263905,0.841059,-1.351042,-0.251155,0.818227,-1.352155,-0.296911,0.863731,-1.365731,-0.282655,0.829899,-1.358251,-0.271423,0.810371,-1.362679,-0.311581,0.853243,-1.378108,-0.297435,0.823930,-1.373790,-0.285377,0.805327,-1.378789,0.094440,0.795972,-1.872421,0.056490,0.760289,-1.884022,0.038455,0.738522,-1.906119,0.075293,0.724506,-1.903625,0.048563,0.705221,-1.920183,0.024396,0.703112,-1.931157,0.084894,0.732109,-1.926171,0.059060,0.711619,-1.947533,0.035769,0.714428,-1.959151,0.092859,0.739708,-1.944249,0.067279,0.722420,-1.965477,0.047062,0.730410,-1.972852,0.098140,0.753555,-1.960336,0.074525,0.739783,-1.978516,0.053842,0.741892,-1.987710,,,
29,0.967,-0.152526,0.921787,-1.716114,-0.272270,0.923472,-1.722750,-0.032782,0.920102,-1.709479,-0.334587,0.482071,-1.712067,-0.007735,0.547250,-1.466196,-0.314658,0.294175,-2.082960,-0.029055,0.135860,-1.525921,-0.150964,1.039008,-1.714539,-0.154183,1.253117,-1.703922,-0.136542,1.494267,-1.683082,-0.122702,1.591876,-1.650181,-0.174160,1.444062,-1.676901,-0.105690,1.440633,-1.695117,-0.305937,1.395169,-1.626149,0.021593,1.373454,-1.732619,-0.388070,1.121589,-1.573254,0.070492,1.093675,-1.796779,-0.322884,0.895456,-1.416507,0.118322,0.815298,-1.783411,-0.332512,0.121749,-2.128086,-0.004156,0.051292,-1.369989,,,,,,,,,,-0.303680,0.895491,-1.400543,-0.273186,0.862570,-1.371659,-0.261573,0.833084,-1.354839,-0.292860,0.838699,-1.344819,-0.277640,0.806402,-1.335550,-0.263700,0.783782,-1.337222,-0.312976,0.825937,-1.354344,-0.298900,0.789391,-1.351187,-0.287167,0.766470,-1.355883,-0.329530,0.816283,-1.363329,-0.317271,0.780912,-1.361774,-0.306547,0.762025,-1.369214,-0.343599,0.809116,-1.378465,-0.331526,0.778592,-1.379143,-0.320190,0.760503,-1.386939,0.107004,0.798627,-1.768658,0.071531,0.759368,-1.775611,0.055025,0.734004,-1.794887,0.092675,0.722853,-1.791034,0.066614,0.700607,-1.804691,0.042393,0.696210,-1.814839,0.101707,0.728360,-1.814408,0.076457,0.704583,-1.832866,0.052886,0.705184,-1.844241,0.109114,0.734282,-1.833331,0.084098,0.713507,-1.851944,0.063401,0.719682,-1.859719,0.113425,0.746449,-1.850988,0.090345,0.729467,-1.867012,0.069450,0.729432,-1.875966,,,
30,1.000,-0.149682,0.929898,-1.662348,-0.269523,0.931193,-1.667040,-0.029841,0.928603,-1.657657,-0.334489,0.497073,-1.588606,-0.007367,0.539165,-1.441636,-0.311205,0.304108,-1.956691,-0.027534,0.130696,-1.519161,-0.148485,1.047120,-1.660586,-0.152168,1.261104,-1.647806,-0.136993,1.501956,-1.622144,-0.125053,1.599160,-1.587354,-0.174558,1.451458,-1.618596,-0.105281,1.448695,-1.633587,-0.307968,1.400196,-1.574943,0.023988,1.382572,-1.665799,-0.381966,1.121692,-1.538203,0.078650,1.100686,-1.714134,-0.351778,0.870424,-1.412077,0.125277,0.824605,-1.674565,-0.334532,0.128386,-1.982451,-0.001607,0.046369,-1.363267,,,,,,,,,,-0.332991,0.865363,-1.396421,-0.304734,0.824603,-1.376720,-0.294464,0.791406,-1.367798,-0.326119,0.795610,-1.357245,-0.312275,0.761421,-1.357025,-0.299166,0.739563,-1.364718,-0.346550,0.786772,-1.370001,-0.334161,0.750144,-1.376975,-0.323372,0.728875,-1.387760,-0.363297,0.780614,-1.381385,-0.352559,0.745640,-1.389466,-0.342489,0.729026,-1.401701,-0.377298,0.778324,-1.398032,-0.367013,0.748434,-1.406908,-0.356583,0.732487,-1.419292,0.115448,0.809673,-1.657129,0.082508,0.767685,-1.656978,0.066900,0.738645,-1.671136,0.105660,0.730652,-1.667506,0.081171,0.704669,-1.676763,0.057165,0.696967,-1.685327,0.113747,0.733131,-1.691728,0.089767,0.705226,-1.705507,0.065945,0.702529,-1.716023,0.120291,0.736588,-1.711558,0.096584,0.711512,-1.726155,0.075358,0.714980,-1.734178,0.123361,0.746205,-1.730961,0.101458,0.725449,-1.743894,0.080535,0.722627,-1.752324,,,
31,1.033,-0.150955,0.942933,-1.608722,-0.270821,0.943998,-1.612780,-0.031088,0.941868,-1.604664,-0.337945,0.523567,-1.480248,-0.016667,0.533571,-1.426008,-0.305492,0.292138,-1.824706,-0.028783,0.126789,-1.513442,-0.149980,1.060154,-1.606757,-0.153111,1.274071,-1.592778,-0.140265,1.514661,-1.563613,-0.131149,1.611517,-1.527046,-0.177792,1.464017,-1.562761,-0.107768,1.461625,-1.573834,-0.313000,1.411048,-1.527482,0.023745,1.396708,-1.598542,-0.380706,1.129015,-1.511257,0.082940,1.113165,-1.628255,-0.378587,0.862021,-1.418173,0.122342,0.841469,-1.560511,-0.326029,0.114219,-1.821733,-0.003422,0.042525,-1.357420,,,,,,,,,,-0.360360,0.852397,-1.404073,-0.333809,0.806950,-1.395263,-0.324177,0.772393,-1.394838,-0.356516,0.774635,-1.384430,-0.343478,0.741218,-1.393028,-0.330693,0.721807,-1.406011,-0.376864,0.770152,-1.399401,-0.365343,0.736312,-1.415707,-0.354900,0.718339,-1.431614,-0.393488,0.767767,-1.412284,-0.383467,0.735886,-1.429222,-0.373533,0.722823,-1.445279,-0.407122,0.770394,-1.429184,-0.397699,0.743574,-1.445611,-0.387549,0.731149,-1.461707,0.112489,0.829315,-1.541047,0.080746,0.786900,-1.534619,0.066152,0.755439,-1.543815,0.105192,0.749395,-1.538372,0.082645,0.720630,-1.543350,0.059420,0.709982,-1.550845,0.113828,0.748095,-1.562496,0.091485,0.717103,-1.571654,0.068101,0.711439,-1.581971,0.120783,0.748436,-1.582484,0.098911,0.719946,-1.593153,0.077831,0.720805,-1.602200,0.124082,0.754809,-1.603146,0.103614,0.731227,-1.613285,0.083206,0.726027,-1.621845,,,
32,1.067,-0.155975,0.958878,-1.556883,-0.275837,0.959752,-1.561116,-0.036113,0.958004,-1.552650,-0.342310,0.553828,-1.388953,-0.030374,0.532447,-1.419604,-0.302875,0.266264,-1.687307,-0.032747,0.125935,-1.509079,-0.155188,1.076101,-1.554967,-0.157404,1.289934,-1.539587,-0.146798,1.530372,-1.508351,-0.140684,1.627058,-1.470723,-0.184164,1.479619,-1.509712,-0.113661,1.477491,-1.517231,-0.320831,1.425783,-1.482233,0.019643,1.413772,-1.534268,-0.384662,1.142491,-1.490032,0.082269,1.129608,-1.544878,-0.403139,0.866669,-1.430566,0.109438,0.864574,-1.450121,-0.322619,0.093266,-1.645261,-0.009348,0.041578,-1.352801,,,,,,,,,,-0.385679,0.853665,-1.418331,-0.360050,0.806863,-1.419192,-0.350112,0.773044,-1.425874,-0.383575,0.773405,-1.417108,-0.370535,0.741978,-1.431352,-0.357256,0.725152,-1.447143,-0.403266,0.772934,-1.433550,-0.391584,0.742925,-1.456062,-0.380689,0.728374,-1.474894,-0.419308,0.773942,-1.447320,-0.409244,0.745942,-1.470089,-0.398863,0.736172,-1.488086,-0.432127,0.780691,-1.463706,-0.422743,0.758053,-1.485557,-0.412277,0.749364,-1.503762,0.097437,0.855499,-1.430190,0.065069,0.814151,-1.420673,0.051517,0.781412,-1.426322,0.089686,0.776902,-1.415691,0.068626,0.746702,-1.417922,0.046661,0.733879,-1.425800,0.100966,0.771940,-1.438195,0.080079,0.739244,-1.444385,0.058036,0.731276,-1.456043,0.110116,0.769225,-1.457087,0.090156,0.738579,-1.465230,0.070262,0.737167,-1.476594,0.115723,0.772303,-1.478003,0.096888,0.746860,-1.486704,0.077737,0.739800,-1.496712,,,
33,1.100,-0.162620,0.973978,-1.501325,-0.282458,0.974539,-1.506227,-0.042782,0.973418,-1.496422,-0.345059,0.579391,-1.309321,-0.042330,0.534897,-1.415602,-0.307225,0.231860,-1.535273,-0.037917,0.127359,-1.500200,-0.162131,1.091210,-1.499866,-0.163649,1.304881,-1.482319,-0.155489,1.545190,-1.449399,-0.152033,1.641853,-1.411374,-0.192509,1.494257,-1.452431,-0.121764,1.492530,-1.457323,-0.329785,1.439054,-1.431473,0.012886,1.430375,-1.468577,-0.390826,1.157362,-1.467714,0.079449,1.146962,-1.463111,-0.420955,0.877408,-1.441767,0.092268,0.890429,-1.344846,-0.331930,0.076547,-1.449520,-0.016900,0.042602,-1.343801,,,,,,,,,,-0.404185,0.862307,-1.431074,-0.378072,0.816447,-1.439014,-0.366968,0.784468,-1.450898,-0.401337,0.783237,-1.444766,-0.387457,0.753596,-1.461777,-0.373028,0.738629,-1.478408,-0.419924,0.785895,-1.462250,-0.407005,0.759272,-1.488097,-0.394959,0.747409,-1.508078,-0.435059,0.789499,-1.476602,-0.424149,0.764825,-1.502601,-0.412874,0.757493,-1.521208,-0.446867,0.799225,-1.492233,-0.436533,0.780697,-1.517291,-0.425192,0.775257,-1.536219,0.077487,0.884224,-1.325697,0.043858,0.844239,-1.314823,0.031020,0.810830,-1.317351,0.067300,0.808539,-1.300885,0.047108,0.777671,-1.301027,0.026590,0.763026,-1.309599,0.081657,0.800470,-1.320559,0.061861,0.766757,-1.324454,0.041682,0.756603,-1.337684,0.093401,0.795125,-1.337337,0.075005,0.763036,-1.343317,0.056956,0.759332,-1.357008,0.101961,0.795152,-1.357465,0.084666,0.768260,-1.364914,0.067210,0.759349,-1.376434,,,
34,1.133,-0.168206,0.984972,-1.458336,-0.288093,0.985912,-1.461767,-0.048319,0.984031,-1.454905,-0.341983,0.594024,-1.255970,-0.050465,0.539152,-1.424737,-0.309082,0.199311,-1.383964,-0.044120,0.132882,-1.515115,-0.167370,1.102174,-1.455410,-0.168442,1.315747,-1.436674,-0.164365,1.556257,-1.404465,-0.163322,1.653059,-1.366653,-0.200611,1.504825,-1.408315,-0.129742,1.504023,-1.411259,-0.338273,1.448657,-1.393283,0.006205,1.444039,-1.417638,-0.396264,1.170725,-1.454768,0.081672,1.163652,-1.395923,-0.429183,0.889902,-1.451586,0.086163,0.917422,-1.256957,-0.337360,0.072707,-1.260442,-0.022734,0.048973,-1.358309,,,,,,,,,,-0.412749,0.874612,-1.440643,-0.383576,0.830909,-1.449972,-0.369424,0.800720,-1.463220,-0.404365,0.797397,-1.461019,-0.387423,0.769684,-1.478499,-0.370641,0.756589,-1.494490,-0.421281,0.800875,-1.479993,-0.404700,0.776982,-1.506413,-0.390228,0.767271,-1.525941,-0.435120,0.805148,-1.495427,-0.420799,0.783029,-1.522061,-0.407532,0.777603,-1.539996,-0.445856,0.815780,-1.511242,-0.432409,0.799961,-1.536676,-0.419131,0.796669,-1.554824,0.069866,0.911415,-1.239014,0.035740,0.871322,-1.230300,0.023280,0.837801,-1.233211,0.058188,0.836077,-1.213804,0.038155,0.805139,-1.215247,0.018490,0.790300,-1.225348,0.074213,0.827801,-1.232051,0.054846,0.794003,-1.237168,0.035881,0.783651,-1.251948,0.087370,0.822276,-1.247684,0.069640,0.790017,-1.254673,0.052817,0.786035,-1.269775,0.097598,0.822034,-1.267016,0.081055,0.794954,-1.275430,0.064640,0.785802,-1.288219,,,
35,1.167,-0.172365,0.987619,-1.405808,-0.292272,0.987785,-1.408644,-0.052459,0.987453,-1.402972,-0.333642,0.588432,-1.214639,-0.052059,0.541593,-1.409432,-0.310700,0.172816,-1.215515,-0.047740,0.138485,-1.513108,-0.172305,1.104781,-1.401506,-0.172003,1.318268,-1.381782,-0.172305,1.558894,-1.350189,-0.173491,1.655860,-1.312804,-0.207694,1.506958,-1.355108,-0.136761,1.507123,-1.355647,-0.345426,1.449602,-1.346646,0.000817,1.450623,-1.355878,-0.396437,1.176747,-1.432307,0.087847,1.175520,-1.316784,-0.429042,0.896563,-1.452028,0.079134,0.943999,-1.154666,-0.343799,0.083770,-1.063656,-0.025277,0.054946,-1.356255,,,,,,,,,,-0.413183,0.881161,-1.440413,-0.381466,0.839185,-1.449361,-0.364782,0.810426,-1.462839,-0.399658,0.805775,-1.464529,-0.380021,0.779796,-1.481852,-0.361244,0.768305,-1.496825,-0.414708,0.809904,-1.484894,-0.394585,0.788324,-1.510838,-0.377828,0.780376,-1.529307,-0.427088,0.814701,-1.501378,-0.409293,0.794841,-1.527697,-0.394088,0.791030,-1.544471,-0.436603,0.825969,-1.517529,-0.419989,0.812285,-1.542321,-0.404800,0.810622,-1.559144,0.061062,0.938258,-1.138416,0.026836,0.897802,-1.132103,0.014829,0.864109,-1.134931,0.047900,0.863567,-1.112040,0.028197,0.832550,-1.115248,0.009876,0.817457,-1.127311,0.065966,0.855019,-1.128128,0.047494,0.820954,-1.134604,0.030393,0.810121,-1.151203,0.080850,0.849248,-1.142027,0.064080,0.816738,-1.150132,0.049040,0.812316,-1.166901,0.093144,0.848579,-1.160105,0.077526,0.821235,-1.169389,0.062521,0.811692,-1.183551,,,
36,1.200,-0.175556,0.981572,-1.356262,-0.295431,0.978196,-1.358333,-0.055682,0.984949,-1.354190,-0.328156,0.583867,-1.152745,-0.045815,0.539727,-1.376832,-0.322402,0.179354,-1.054769,-0.044866,0.145899,-1.511601,-0.178944,1.098649,-1.351038,-0.175831,1.312107,-1.331252,-0.181397,1.552777,-1.300496,-0.184382,1.649898,-1.263615,-0.215692,1.500234,-1.306577,-0.144802,1.501604,-1.304432,-0.352996,1.441297,-1.304227,-0.005832,1.449058,-1.297610,-0.392989,1.174001,-1.410729,0.093378,1.181900,-1.237884,-0.421860,0.895789,-1.452198,0.075439,0.964581,-1.057852,-0.358329,0.129747,-0.886440,-0.022413,0.059764,-1.356156,,,,,,,,,,-0.407032,0.880146,-1.439586,-0.373566,0.839208,-1.446805,-0.354731,0.811405,-1.459430,-0.389198,0.806226,-1.465381,-0.367280,0.781364,-1.481569,-0.346756,0.770859,-1.494882,-0.401996,0.811035,-1.487091,-0.378701,0.790998,-1.511578,-0.359857,0.784180,-1.528416,-0.412585,0.816377,-1.504622,-0.391561,0.798089,-1.529668,-0.374524,0.795332,-1.544809,-0.420513,0.828218,-1.521215,-0.400920,0.816002,-1.544556,-0.383913,0.815393,-1.559619,0.055734,0.959464,-1.043391,0.021682,0.918690,-1.038293,0.009752,0.884888,-1.039867,0.040890,0.886323,-1.013763,0.021819,0.855005,-1.017763,0.005148,0.839152,-1.031171,0.060806,0.877196,-1.027116,0.043578,0.842504,-1.033694,0.028646,0.830461,-1.051507,0.077266,0.870903,-1.038841,0.061693,0.837805,-1.046956,0.048690,0.832299,-1.065055,0.091545,0.869371,-1.055338,0.076968,0.841436,-1.064557,0.063558,0.830982,-1.079646,,,
37,1.233,-0.178453,0.969810,-1.300904,-0.298195,0.962945,-1.301397,-0.058710,0.976675,-1.300410,-0.325551,0.582365,-1.070652,-0.039418,0.533222,-1.342955,-0.343302,0.196888,-0.914588,-0.041661,0.151422,-1.508748,-0.185179,1.086717,-1.295158,-0.180696,1.300255,-1.276525,-0.190816,1.540965,-1.247280,-0.195065,1.638224,-1.210891,-0.224115,1.487877,-1.254111,-0.153352,1.490335,-1.249819,-0.361124,1.428274,-1.256839,-0.014157,1.439798,-1.236004,-0.390149,1.166565,-1.379540,0.093764,1.182236,-1.153549,-0.415357,0.891746,-1.441139,0.067803,0.977253,-0.960498,-0.381121,0.188051,-0.739723,-0.018968,0.061887,-1.355273,,,,,,,,,,-0.401664,0.875541,-1.427966,-0.367055,0.835367,-1.433989,-0.346668,0.808493,-1.446208,-0.380246,0.803359,-1.455868,-0.356090,0.780242,-1.471447,-0.334049,0.771212,-1.483341,-0.390840,0.809281,-1.478473,-0.364711,0.791321,-1.501678,-0.344107,0.785965,-1.516905,-0.399668,0.815518,-1.496670,-0.375674,0.799418,-1.520520,-0.357095,0.798044,-1.533939,-0.406039,0.828213,-1.513303,-0.383952,0.817772,-1.535238,-0.365508,0.818345,-1.548504,0.046931,0.972959,-0.947478,0.013367,0.931886,-0.941608,0.001835,0.897918,-0.940874,0.030821,0.902544,-0.912408,0.012677,0.870572,-0.915433,-0.002376,0.853235,-0.928916,0.052082,0.892774,-0.922934,0.036236,0.857152,-0.927789,0.023307,0.843132,-0.945721,0.069693,0.885879,-0.932436,0.055465,0.851829,-0.938919,0.044321,0.844425,-0.957572,0.085488,0.883208,-0.947329,0.072136,0.854230,-0.955068,0.060273,0.842118,-0.970212,,,
38,1.267,-0.182228,0.954623,-1.241963,-0.301875,0.946417,-1.240312,-0.062580,0.962830,-1.243614,-0.325825,0.586298,-0.978447,-0.038274,0.522790,-1.311486,-0.355384,0.210481,-0.801949,-0.042584,0.155018,-1.506393,-0.190152,1.071427,-1.235659,-0.186723,1.285082,-1.218181,-0.198821,1.525863,-1.190309,-0.203732,1.623279,-1.154428,-0.231671,1.472537,-1.197453,-0.161011,1.475455,-1.191948,-0.368743,1.413413,-1.204325,-0.022409,1.425145,-1.172487,-0.389980,1.155699,-1.336695,0.090553,1.176868,-1.070596,-0.414118,0.885185,-1.415404,0.060591,0.980574,-0.869272,-0.393001,0.235803,-0.628658,-0.018641,0.063727,-1.354147,,,,,,,,,,-0.401173,0.868313,-1.402313,-0.365978,0.828655,-1.408360,-0.344526,0.802520,-1.420356,-0.377542,0.797879,-1.432780,-0.351220,0.777957,-1.449239,-0.328113,0.771535,-1.460799,-0.386729,0.805024,-1.455645,-0.358387,0.790176,-1.478449,-0.336644,0.786977,-1.492665,-0.394435,0.812241,-1.473989,-0.368003,0.799238,-1.497142,-0.348442,0.799775,-1.509150,-0.399830,0.825826,-1.490260,-0.375985,0.817274,-1.511145,-0.356650,0.819053,-1.522957,0.039140,0.976491,-0.857157,0.006791,0.934683,-0.849832,-0.003107,0.900310,-0.847014,0.023501,0.908532,-0.817348,0.006726,0.875718,-0.818890,-0.006834,0.856798,-0.831817,0.045698,0.898825,-0.825793,0.031565,0.862271,-0.828558,0.020305,0.846341,-0.846015,0.064090,0.891915,-0.833667,0.051525,0.856910,-0.838214,0.041822,0.847628,-0.856833,0.080841,0.888702,-0.847359,0.068964,0.858679,-0.853307,0.058431,0.844886,-0.867990,,,
39,1.300,-0.187071,0.940761,-1.180604,-0.306701,0.932794,-1.177324,-0.067441,0.948727,-1.183885,-0.330294,0.575531,-0.911543,-0.042554,0.514036,-1.280099,-0.353219,0.199477,-0.734565,-0.045105,0.160696,-1.500117,-0.194673,1.057578,-1.174157,-0.193346,1.271260,-1.156722,-0.206492,1.511966,-1.128673,-0.212346,1.609409,-1.093008,-0.239080,1.458594,-1.136630,-0.168562,1.461629,-1.129582,-0.375682,1.399039,-1.147796,-0.030426,1.412080,-1.105423,-0.390523,1.142119,-1.282561,0.084231,1.169465,-0.992393,-0.414168,0.875623,-1.374083,0.055993,0.976480,-0.787650,-0.385869,0.220666,-0.559719,-0.020625,0.063358,-1.351751,,,,,,,,,,-0.401366,0.858131,-1.361683,-0.365820,0.819043,-1.369205,-0.344025,0.793731,-1.382299,-0.376735,0.789581,-1.395475,-0.349650,0.771782,-1.413087,-0.326258,0.766974,-1.424855,-0.385538,0.797911,-1.418088,-0.356397,0.785230,-1.441190,-0.334303,0.783458,-1.455112,-0.392945,0.806076,-1.436157,-0.365651,0.795150,-1.459383,-0.345812,0.796862,-1.470811,-0.398119,0.820498,-1.451765,-0.373645,0.813317,-1.472439,-0.354027,0.815898,-1.483618,0.034285,0.972609,-0.775927,0.002918,0.930453,-0.766603,-0.005786,0.895998,-0.761662,0.019305,0.907192,-0.731838,0.003503,0.873863,-0.731591,-0.009094,0.853701,-0.743581,0.042030,0.897596,-0.738891,0.029097,0.860501,-0.739406,0.018887,0.843015,-0.755999,0.060856,0.890712,-0.745691,0.049420,0.855118,-0.748168,0.040594,0.844298,-0.766388,0.078125,0.887053,-0.758604,0.067275,0.856341,-0.762710,0.057598,0.841229,-0.776667,,,
40,1.333,-0.192921,0.928497,-1.116520,-0.312668,0.922531,-1.113275,-0.073173,0.934462,-1.119766,-0.333865,0.556810,-0.859048,-0.052096,0.507509,-1.246650,-0.346723,0.173617,-0.696995,-0.047940,0.168653,-1.488358,-0.198632,1.045518,-1.112156,-0.199788,1.259372,-1.096957,-0.214971,1.500175,-1.070843,-0.222698,1.597845,-1.036170,-0.247039,1.446586,-1.079426,-0.176778,1.450032,-1.070303,-0.382515,1.385081,-1.093389,-0.038823,1.402392,-1.041684,-0.394475,1.125447,-1.223145,0.076376,1.160819,-0.926987,-0.418255,0.859732,-1.316875,0.055791,0.964549,-0.724466,-0.370186,0.157262,-0.520167,-0.022503,0.059105,-1.348937,,,,,,,,,,-0.405392,0.841488,-1.305680,-0.371076,0.801972,-1.316115,-0.350548,0.776829,-1.331399,-0.383675,0.773821,-1.343060,-0.357714,0.756280,-1.362526,-0.334933,0.751533,-1.375460,-0.393150,0.783233,-1.364967,-0.365201,0.770773,-1.389611,-0.343686,0.769022,-1.404416,-0.401057,0.792268,-1.382398,-0.374898,0.781689,-1.407046,-0.355463,0.783419,-1.419147,-0.406496,0.807407,-1.397217,-0.382890,0.800400,-1.418933,-0.363589,0.802901,-1.430669,0.034129,0.960782,-0.712626,0.003647,0.918458,-0.701338,-0.003904,0.883999,-0.694782,0.020402,0.897285,-0.665432,0.005492,0.863637,-0.662976,-0.006608,0.842427,-0.673592,0.043357,0.887855,-0.671945,0.031391,0.850470,-0.670272,0.021645,0.831778,-0.685794,0.062353,0.881059,-0.678348,0.051930,0.845072,-0.678761,0.043450,0.832977,-0.696332,0.079746,0.877151,-0.691020,0.069987,0.845899,-0.693441,0.060900,0.829734,-0.706591,,,
41,1.367,-0.199920,0.918554,-1.049233,-0.319765,0.913982,-1.047917,-0.080074,0.923127,-1.050549,-0.336254,0.539387,-0.806587,-0.062816,0.508228,-1.213011,-0.341974,0.146999,-0.667800,-0.047251,0.182368,-1.471538,-0.204357,1.035676,-1.046341,-0.208038,1.249772,-1.035603,-0.224158,1.491149,-1.016207,-0.234451,1.589398,-0.983918,-0.255927,1.437303,-1.024282,-0.185951,1.441098,-1.013294,-0.390613,1.374440,-1.039752,-0.048345,1.394829,-0.980980,-0.404613,1.109933,-1.159041,0.064366,1.149848,-0.871144,-0.430601,0.841012,-1.242475,0.052853,0.945085,-0.676465,-0.364252,0.089449,-0.499640,-0.020551,0.051350,-1.352341,,,,,,,,,,-0.417653,0.822246,-1.232285,-0.385313,0.781816,-1.245227,-0.366802,0.756374,-1.262467,-0.400435,0.754394,-1.271620,-0.376281,0.736387,-1.292903,-0.354515,0.731156,-1.307314,-0.410941,0.764356,-1.292801,-0.384843,0.751343,-1.319131,-0.364277,0.749115,-1.335169,-0.419620,0.773840,-1.309615,-0.395290,0.762794,-1.335880,-0.376562,0.764088,-1.349097,-0.425482,0.789317,-1.323915,-0.403315,0.781714,-1.346910,-0.384603,0.783659,-1.359661,0.031224,0.941449,-0.664523,0.000904,0.899221,-0.652462,-0.005728,0.864677,-0.645386,0.017794,0.878718,-0.616232,0.003494,0.845018,-0.611710,-0.008454,0.823084,-0.620935,0.040768,0.869254,-0.622626,0.029302,0.831833,-0.619194,0.019620,0.812349,-0.633754,0.059775,0.862414,-0.628947,0.050030,0.826252,-0.627828,0.041658,0.813299,-0.644830,0.077159,0.858348,-0.641583,0.068239,0.826787,-0.643050,0.059562,0.810050,-0.655752,,,
42,1.400,-0.209541,0.912403,-0.984941,-0.329429,0.909015,-0.985909,-0.089653,0.915791,-0.983973,-0.350010,0.538616,-0.738494,-0.064435,0.500092,-1.143317,-0.347420,0.133294,-0.643779,-0.043511,0.200332,-1.431362,-0.212866,1.029588,-0.983403,-0.219681,1.243744,-0.975901,-0.233553,1.485707,-0.963233,-0.245914,1.584582,-0.933699,-0.265778,1.431978,-0.970212,-0.195894,1.435378,-0.958528,-0.400670,1.369497,-0.985424,-0.058972,1.388330,-0.924483,-0.423137,1.100331,-1.092357,0.047801,1.135453,-0.827342,-0.455858,0.827412,-1.158686,0.045217,0.917915,-0.646702,-0.370580,0.045595,-0.489317,-0.016179,0.041338,-1.353514,,,,,,,,,,-0.442848,0.808922,-1.148078,-0.411346,0.767586,-1.160199,-0.393850,0.741342,-1.177296,-0.427511,0.739286,-1.184999,-0.404120,0.720412,-1.206383,-0.382847,0.714538,-1.221274,-0.438488,0.748493,-1.206283,-0.413146,0.734214,-1.232696,-0.392999,0.731169,-1.249125,-0.447523,0.757380,-1.223235,-0.423951,0.745014,-1.249602,-0.405544,0.745560,-1.263314,-0.453602,0.772324,-1.238004,-0.431870,0.763247,-1.260878,-0.413320,0.764236,-1.273971,0.023580,0.914572,-0.634689,-0.007613,0.872845,-0.623121,-0.015291,0.838423,-0.616524,0.009017,0.851387,-0.587327,-0.005609,0.817933,-0.582087,-0.018020,0.796033,-0.590767,0.031736,0.841515,-0.594010,0.019743,0.804294,-0.590223,0.009555,0.784829,-0.604458,0.050548,0.834353,-0.600556,0.040386,0.798314,-0.599241,0.031679,0.785405,-0.616108,0.067764,0.830104,-0.613360,0.058533,0.798642,-0.615024,0.049620,0.782025,-0.627721,,,
43,1.433,-0.220676,0.909713,-0.923767,-0.340553,0.906939,-0.926480,-0.100799,0.912486,-0.921055,-0.370406,0.550007,-0.660885,-0.053059,0.482960,-1.030877,-0.354717,0.134559,-0.640388,-0.034963,0.226130,-1.357946,-0.223392,1.026923,-0.923574,-0.230865,1.241110,-0.917777,-0.244789,1.483237,-0.908862,-0.258456,1.582449,-0.881083,-0.277010,1.429397,-0.914941,-0.207106,1.432999,-0.903442,-0.411695,1.365862,-0.927376,-0.070126,1.385885,-0.869722,-0.443132,1.092360,-1.020101,0.034741,1.125128,-0.793615,-0.480455,0.815464,-1.063583,0.044891,0.892538,-0.633119,-0.380504,0.047140,-0.486184,-0.016524,0.048150,-1.349610,,,,,,,,,,-0.467429,0.798072,-1.051274,-0.436425,0.755407,-1.059424,-0.419933,0.727551,-1.074890,-0.453170,0.724809,-1.080886,-0.430469,0.703617,-1.100789,-0.409621,0.696006,-1.115494,-0.464392,0.731831,-1.102863,-0.439528,0.714658,-1.127974,-0.419639,0.709742,-1.144264,-0.473610,0.738972,-1.120527,-0.450631,0.723564,-1.145792,-0.432462,0.722403,-1.159780,-0.479795,0.752339,-1.136698,-0.458149,0.740439,-1.158326,-0.439593,0.739658,-1.171424,0.023587,0.888566,-0.620709,-0.007332,0.846286,-0.610494,-0.015437,0.811703,-0.605419,0.010244,0.822982,-0.576343,-0.004085,0.789258,-0.572110,-0.016687,0.767690,-0.581328,0.032759,0.813478,-0.584155,0.021055,0.776068,-0.581486,0.010497,0.757077,-0.596087,0.051375,0.806672,-0.591579,0.041339,0.770573,-0.591648,0.032176,0.758409,-0.608823,0.068229,0.803103,-0.605056,0.059018,0.771730,-0.608005,0.049790,0.755694,-0.621215,,,
44,1.467,-0.230956,0.911230,-0.863849,-0.350787,0.908955,-0.868433,-0.111125,0.913505,-0.859264,-0.385049,0.548642,-0.607985,-0.045174,0.473937,-0.894791,-0.359173,0.134214,-0.637025,-0.031797,0.265319,-1.254741,-0.233145,1.028448,-0.864799,-0.239792,1.242685,-0.859904,-0.253058,1.484883,-0.851953,-0.267232,1.584101,-0.824453,-0.285470,1.431091,-0.857406,-0.215429,1.434582,-0.846739,-0.420005,1.366658,-0.866350,-0.078229,1.386738,-0.814997,-0.460681,1.089173,-0.942095,0.022532,1.119114,-0.760148,-0.500579,0.809669,-0.957611,0.041069,0.873861,-0.620621,-0.386480,0.046855,-0.483049,-0.012448,0.091842,-1.294961,,,,,,,,,,-0.487784,0.793427,-0.943607,-0.457851,0.749404,-0.947353,-0.443142,0.719869,-0.961440,-0.475558,0.717045,-0.965145,-0.454051,0.692869,-0.982855,-0.433808,0.682816,-0.996924,-0.486909,0.721881,-0.987640,-0.462875,0.701332,-1.010960,-0.443365,0.694079,-1.026830,-0.496198,0.727260,-1.005882,-0.474314,0.708193,-1.029574,-0.456505,0.704748,-1.043648,-0.502296,0.738917,-1.023355,-0.481041,0.723946,-1.043406,-0.462565,0.721078,-1.056326,0.020117,0.869139,-0.607879,-0.010727,0.826379,-0.599621,-0.018489,0.791469,-0.596725,0.007714,0.800758,-0.567657,-0.006684,0.766860,-0.565613,-0.019630,0.746097,-0.576112,0.029935,0.791720,-0.576758,0.018235,0.754218,-0.576213,0.007205,0.736225,-0.591703,0.048285,0.785363,-0.585175,0.038069,0.749386,-0.587439,0.028350,0.738457,-0.605132,0.064714,0.782650,-0.599357,0.055329,0.751532,-0.603987,0.045661,0.736361,-0.617884,,,
45,1.500,-0.239844,0.916125,-0.805511,-0.359555,0.914546,-0.812732,-0.120132,0.917704,-0.798290,-0.394624,0.542722,-0.569114,-0.050337,0.479049,-0.759005,-0.363114,0.132387,-0.631535,-0.038584,0.293239,-1.131296,-0.241270,1.033341,-0.807492,-0.246430,1.247629,-0.803021,-0.256999,1.489899,-0.793415,-0.270096,1.589014,-0.765023,-0.290104,1.436463,-0.798161,-0.219740,1.439198,-0.789606,-0.424700,1.371717,-0.802996,-0.082112,1.389916,-0.762220,-0.473393,1.090888,-0.859154,0.011190,1.116955,-0.722585,-0.513975,0.811511,-0.843129,0.038453,0.861868,-0.603640,-0.392294,0.045520,-0.477624,-0.001096,0.123635,-1.175060,,,,,,,,,,-0.501258,0.796475,-0.827772,-0.472152,0.751745,-0.827586,-0.458729,0.720794,-0.839793,-0.490679,0.718142,-0.841897,-0.470254,0.691498,-0.857180,-0.450581,0.679306,-0.870337,-0.502276,0.720973,-0.864607,-0.479213,0.697447,-0.886017,-0.460184,0.688040,-0.901330,-0.511739,0.724721,-0.883166,-0.490827,0.702635,-0.905045,-0.473380,0.697212,-0.918948,-0.517891,0.734731,-0.901614,-0.497268,0.717378,-0.920363,-0.479062,0.712841,-0.933187,0.017818,0.856252,-0.590745,-0.012898,0.813020,-0.584792,-0.019454,0.777745,-0.584492,0.006287,0.785172,-0.555216,-0.008172,0.751240,-0.555544,-0.021407,0.731405,-0.567391,0.028253,0.776803,-0.565497,0.016504,0.739363,-0.567448,0.005071,0.722593,-0.583982,0.046373,0.771059,-0.574807,0.036061,0.735341,-0.579469,0.025903,0.725752,-0.597685,0.062435,0.769363,-0.589556,0.053119,0.738561,-0.596056,0.043199,0.724299,-0.610718,,,
46,1.533,-0.246655,0.924601,-0.748416,-0.366215,0.923765,-0.757910,-0.127094,0.925437,-0.738922,-0.397054,0.534322,-0.542931,-0.060366,0.497919,-0.631180,-0.364959,0.128038,-0.627585,-0.051281,0.296505,-0.995341,-0.247247,1.041806,-0.751274,-0.250895,1.256126,-0.746855,-0.258651,1.498393,-0.734793,-0.269159,1.597451,-0.705154,-0.292461,1.445306,-0.738329,-0.221738,1.447321,-0.733235,-0.427083,1.380462,-0.736418,-0.083418,1.396499,-0.713114,-0.480951,1.097027,-0.770370,0.002817,1.119479,-0.688474,-0.517241,0.821127,-0.720200,0.042380,0.857033,-0.590918,-0.395156,0.040811,-0.474074,-0.007062,0.124420,-1.018097,,,,,,,,,,-0.503913,0.807716,-0.703886,-0.475233,0.762872,-0.700090,-0.462680,0.730562,-0.709344,-0.494745,0.728152,-0.709632,-0.475360,0.699501,-0.722435,-0.456445,0.685460,-0.734841,-0.507428,0.728598,-0.731931,-0.485764,0.702348,-0.751560,-0.467643,0.690894,-0.766578,-0.517765,0.730388,-0.750314,-0.497999,0.705898,-0.770643,-0.481251,0.698870,-0.784687,-0.524735,0.738366,-0.769449,-0.505269,0.718978,-0.787426,-0.487814,0.713006,-0.800697,0.022669,0.850087,-0.577249,-0.007045,0.805985,-0.572760,-0.012154,0.770546,-0.575070,0.014318,0.776321,-0.546647,0.000467,0.742173,-0.548268,-0.013194,0.722882,-0.560524,0.035705,0.769149,-0.558872,0.024283,0.731775,-0.562916,0.012015,0.716124,-0.579941,0.053280,0.764453,-0.569691,0.043319,0.728934,-0.576250,0.032195,0.720452,-0.594451,0.068408,0.764168,-0.585486,0.059438,0.733718,-0.593863,0.048993,0.720396,-0.609035,,,
47,1.567,-0.250388,0.935470,-0.692536,-0.369867,0.935365,-0.703038,-0.130909,0.935575,-0.682034,-0.392117,0.527162,-0.524971,-0.065961,0.526459,-0.516993,-0.364200,0.123611,-0.623110,-0.064811,0.288291,-0.858370,-0.250187,1.052660,-0.696002,-0.252891,1.266996,-0.691690,-0.258666,1.509256,-0.678449,-0.266160,1.608279,-0.647794,-0.292904,1.456357,-0.680266,-0.221998,1.457989,-0.679109,-0.427506,1.392309,-0.669699,-0.083208,1.405757,-0.667733,-0.484178,1.107601,-0.680626,-0.002271,1.126105,-0.662511,-0.508633,0.838979,-0.595778,0.049755,0.857906,-0.589551,-0.393610,0.036423,-0.469424,-0.029390,0.112842,-0.851361,,,,,,,,,,-0.493867,0.827625,-0.579144,-0.464913,0.783333,-0.572221,-0.452605,0.750070,-0.577627,-0.485173,0.747887,-0.575432,-0.466618,0.717829,-0.586054,-0.448664,0.702312,-0.598123,-0.499825,0.745611,-0.596369,-0.479855,0.716973,-0.614390,-0.463083,0.703614,-0.629402,-0.511788,0.745144,-0.613824,-0.493449,0.718630,-0.632915,-0.477870,0.710177,-0.647507,-0.520472,0.750681,-0.633120,-0.502776,0.729117,-0.650436,-0.486650,0.721501,-0.664522,0.031842,0.849309,-0.574424,0.003267,0.804385,-0.570767,-0.001619,0.769213,-0.575906,0.027811,0.772843,-0.550251,0.014649,0.738472,-0.552692,-0.000013,0.719695,-0.564584,0.047688,0.767286,-0.565492,0.036261,0.730173,-0.571463,0.022218,0.715781,-0.588225,0.063921,0.763984,-0.578668,0.053919,0.728859,-0.587035,0.040883,0.721613,-0.604486,0.077100,0.765490,-0.596059,0.067868,0.735687,-0.606276,0.056043,0.723534,-0.621417,,,
48,1.600,-0.250331,0.947888,-0.636757,-0.369765,0.948609,-0.647734,-0.130896,0.947167,-0.625780,-0.384607,0.524298,-0.511452,-0.072091,0.559931,-0.412654,-0.362478,0.122971,-0.619666,-0.076311,0.277462,-0.718362,-0.249275,1.065063,-0.640549,-0.252398,1.279410,-0.637150,-0.255621,1.521738,-0.624282,-0.260184,1.620743,-0.592998,-0.290314,1.469105,-0.624201,-0.219431,1.470184,-0.626681,-0.424907,1.407043,-0.605109,-0.080917,1.416114,-0.623417,-0.484258,1.122887,-0.594024,-0.006078,1.135133,-0.638665,-0.491094,0.866082,-0.475874,0.051864,0.862685,-0.589927,-0.390849,0.036200,-0.465549,-0.048604,0.107040,-0.670665,,,,,,,,,,-0.474291,0.857007,-0.459782,-0.443942,0.814056,-0.450719,-0.430592,0.780787,-0.452176,-0.463802,0.778436,-0.446970,-0.445752,0.747449,-0.455609,-0.428837,0.730681,-0.467505,-0.480749,0.773442,-0.465574,-0.462437,0.742790,-0.481972,-0.447249,0.727668,-0.496996,-0.494652,0.770696,-0.481296,-0.477919,0.742250,-0.499032,-0.463883,0.732265,-0.514211,-0.505621,0.773677,-0.499982,-0.489860,0.750009,-0.516396,-0.475436,0.740638,-0.531249,0.035841,0.852903,-0.573459,0.006568,0.808380,-0.570496,-0.000158,0.774028,-0.578376,0.032579,0.774434,-0.556735,0.018510,0.740532,-0.560377,0.001969,0.723045,-0.571758,0.050077,0.770117,-0.574996,0.036856,0.733963,-0.582853,0.020276,0.721502,-0.598826,0.064310,0.767895,-0.590504,0.052463,0.733839,-0.600687,0.037060,0.728444,-0.616830,0.075116,0.770948,-0.609274,0.063991,0.742411,-0.621094,0.050067,0.731896,-0.635666,,,
49,1.633,-0.249686,0.959116,-0.580271,-0.369037,0.960682,-0.592036,-0.130335,0.957550,-0.568507,-0.376448,0.523763,-0.503270,-0.077933,0.593925,-0.315795,-0.360235,0.124713,-0.620569,-0.083334,0.263695,-0.569138,-0.247782,1.076284,-0.583983,-0.251238,1.290631,-0.580979,-0.251174,1.532981,-0.568115,-0.252679,1.631884,-0.536220,-0.286403,1.480734,-0.566362,-0.215709,1.481030,-0.572193,-0.420819,1.421044,-0.539889,-0.078081,1.424807,-0.576397,-0.483163,1.139021,-0.508807,-0.010238,1.143948,-0.612446,-0.465698,0.898878,-0.360545,0.048619,0.868574,-0.586656,-0.387382,0.037177,-0.466665,-0.057567,0.112303,-0.476929,,,,,,,,,,-0.446570,0.892483,-0.345818,-0.413118,0.852129,-0.335791,-0.397701,0.819755,-0.334622,-0.430461,0.816531,-0.325339,-0.411859,0.785395,-0.332054,-0.395532,0.767865,-0.343670,-0.449305,0.808659,-0.340869,-0.431574,0.776822,-0.355557,-0.417567,0.760443,-0.370410,-0.464893,0.803485,-0.354219,-0.449083,0.773491,-0.370162,-0.436525,0.762056,-0.385610,-0.478243,0.803733,-0.371543,-0.463540,0.778667,-0.386823,-0.450644,0.767961,-0.402171,0.034014,0.857957,-0.569405,0.002473,0.814960,-0.567305,-0.007292,0.782030,-0.577680,0.027661,0.778439,-0.560232,0.011194,0.745847,-0.565449,-0.007609,0.730505,-0.576404,0.042611,0.775166,-0.580825,0.026254,0.740782,-0.590508,0.007156,0.730955,-0.605475,0.054779,0.773855,-0.598094,0.039664,0.741719,-0.610038,0.022175,0.738859,-0.624630,0.063512,0.778304,-0.617647,0.049372,0.751739,-0.630768,0.033247,0.743497,-0.644510,,,
50,1.667,-0.249210,0.966106,-0.525014,-0.368454,0.968412,-0.537705,-0.129966,0.963799,-0.512322,-0.367968,0.524387,-0.496788,-0.082791,0.622940,-0.228735,-0.358190,0.127611,-0.622232,-0.086486,0.248622,-0.410768,-0.246616,1.083278,-0.528097,-0.250328,1.297596,-0.523625,-0.246500,1.539818,-0.509044,-0.245048,1.638467,-0.476368,-0.282297,1.488014,-0.506075,-0.211940,1.487450,-0.515092,-0.416330,1.430696,-0.473191,-0.075515,1.429401,-0.526868,-0.483095,1.152078,-0.425191,-0.015224,1.150406,-0.584407,-0.433344,0.933602,-0.252715,0.040843,0.873291,-0.579541,-0.383987,0.039660,-0.468332,-0.058640,0.129156,-0.280237,,,,,,,,,,-0.412358,0.930150,-0.239626,-0.375680,0.893069,-0.228330,-0.358019,0.862072,-0.224529,-0.389626,0.858553,-0.211260,-0.369965,0.827634,-0.215508,-0.353893,0.809337,-0.226265,-0.409580,0.847790,-0.223272,-0.391661,0.814970,-0.235334,-0.378374,0.797246,-0.249278,-0.426219,0.840140,-0.233883,-0.410584,0.808751,-0.247075,-0.399148,0.795663,-0.262076,-0.441398,0.837398,-0.249390,-0.427058,0.811013,-0.262662,-0.415332,0.798755,-0.277786,0.027080,0.861665,-0.562247,-0.006806,0.820440,-0.561799,-0.019396,0.789395,-0.574648,0.016546,0.782075,-0.560800,-0.002430,0.751276,-0.568005,-0.023041,0.738370,-0.578848,0.029507,0.780256,-0.582868,0.010215,0.748103,-0.594598,-0.010648,0.741057,-0.608754,0.040099,0.780173,-0.601193,0.021946,0.750462,-0.615037,0.003154,0.750223,-0.628218,0.047445,0.786238,-0.620882,0.030581,0.762058,-0.635330,0.012862,0.756257,-0.648336,,,
51,1.700,-0.247624,0.968998,-0.470433,-0.366797,0.972002,-0.483639,-0.128451,0.965994,-0.457227,-0.362798,0.526119,-0.485863,-0.091449,0.639838,-0.155423,-0.356397,0.133288,-0.623363,-0.084653,0.233945,-0.247444,-0.244469,1.086183,-0.472251,-0.249119,1.300419,-0.465392,-0.240855,1.542358,-0.448184,-0.236990,1.640659,-0.414667,-0.277309,1.491076,-0.444302,-0.207412,1.489546,-0.456295,-0.410812,1.436238,-0.405558,-0.072441,1.430159,-0.475688,-0.483550,1.162266,-0.342009,-0.020824,1.154557,-0.554195,-0.399415,0.967639,-0.154935,0.030073,0.876740,-0.567895,-0.380822,0.044858,-0.469514,-0.056083,0.146999,-0.093462,,,,,,,,,,-0.377101,0.966791,-0.143753,-0.338091,0.932806,-0.130670,-0.318659,0.903436,-0.123817,-0.348927,0.901205,-0.106980,-0.328607,0.870455,-0.108436,-0.313013,0.851049,-0.117873,-0.369566,0.888224,-0.114965,-0.351619,0.854309,-0.123416,-0.339069,0.834868,-0.135648,-0.386888,0.878610,-0.122417,-0.371460,0.845823,-0.131943,-0.361081,0.830712,-0.145765,-0.403438,0.873081,-0.135605,-0.389354,0.845224,-0.145781,-0.378637,0.830916,-0.159813,0.017025,0.863769,-0.551009,-0.018542,0.824013,-0.552572,-0.033403,0.795069,-0.567697,0.003103,0.784950,-0.557452,-0.017924,0.756093,-0.566710,-0.039859,0.745463,-0.577424,0.014429,0.785132,-0.580473,-0.007122,0.755314,-0.594259,-0.029211,0.750774,-0.607555,0.023727,0.786706,-0.599422,0.003197,0.759538,-0.615051,-0.016461,0.761560,-0.626731,0.029970,0.794657,-0.618818,0.010923,0.772954,-0.634437,-0.007956,0.769353,-0.646579,,,
52,1.733,-0.245831,0.968567,-0.414048,-0.364841,0.974042,-0.427912,-0.126821,0.963093,-0.400184,-0.362850,0.530559,-0.474296,-0.105708,0.633013,-0.101129,-0.357222,0.142313,-0.624284,-0.081909,0.217566,-0.091067,-0.240446,1.085685,-0.414025,-0.247423,1.299799,-0.405515,-0.233986,1.541284,-0.385436,-0.228295,1.639148,-0.350915,-0.271217,1.490623,-0.380832,-0.201871,1.487992,-0.395528,-0.404003,1.438356,-0.336476,-0.068660,1.427395,-0.422045,-0.483457,1.170665,-0.256359,-0.027103,1.156029,-0.519087,-0.369604,0.997730,-0.063781,0.017308,0.878384,-0.549110,-0.380259,0.052035,-0.471296,-0.053643,0.165703,0.078041,,,,,,,,,,-0.346369,0.998939,-0.054708,-0.305542,0.967930,-0.039892,-0.284460,0.940589,-0.030134,-0.313461,0.940564,-0.010470,-0.292672,0.910161,-0.008459,-0.277513,0.889539,-0.015794,-0.334411,0.926257,-0.014300,-0.316398,0.891579,-0.018390,-0.304443,0.870454,-0.028182,-0.352091,0.915390,-0.018461,-0.336762,0.881600,-0.023652,-0.327257,0.864457,-0.035606,-0.369612,0.907615,-0.028994,-0.355587,0.878647,-0.035485,-0.345649,0.862310,-0.047767,0.005078,0.864057,-0.532715,-0.031932,0.825723,-0.535671,-0.049071,0.798965,-0.552334,-0.012141,0.786806,-0.546260,-0.035166,0.760054,-0.556972,-0.058316,0.751616,-0.567063,-0.002544,0.789126,-0.569941,-0.026207,0.761692,-0.585141,-0.049368,0.759337,-0.597114,0.005383,0.792452,-0.589283,-0.017399,0.767875,-0.606041,-0.037778,0.771818,-0.615844,0.010463,0.802250,-0.608166,-0.010567,0.782924,-0.624354,-0.030439,0.781136,-0.635249,,,
53,1.767,-0.244357,0.964029,-0.355457,-0.363121,0.971746,-0.370322,-0.125592,0.956312,-0.340591,-0.364535,0.533234,-0.451180,-0.114320,0.606824,-0.063890,-0.358205,0.154443,-0.623634,-0.082213,0.202372,0.029123,-0.237020,1.081022,-0.353334,-0.245329,1.295054,-0.344002,-0.228237,1.536149,-0.322100,-0.221523,1.633701,-0.286885,-0.265963,1.485916,-0.316886,-0.197109,1.482559,-0.333607,-0.397361,1.434539,-0.267627,-0.065368,1.421607,-0.366001,-0.482375,1.174259,-0.170588,-0.032613,1.154363,-0.476869,-0.341618,1.021354,0.021149,0.006492,0.877589,-0.519615,-0.380570,0.061171,-0.472352,-0.055267,0.186913,0.205535,,,,,,,,,,-0.318109,1.024539,0.028948,-0.275952,0.997288,0.047063,-0.253194,0.972913,0.060296,-0.282058,0.975083,0.080929,-0.260348,0.946060,0.087781,-0.244781,0.924823,0.083854,-0.302742,0.959913,0.080385,-0.283897,0.925476,0.082015,-0.271637,0.903201,0.075800,-0.320264,0.948145,0.078811,-0.304196,0.914301,0.079236,-0.294599,0.895494,0.070219,-0.337942,0.938359,0.070437,-0.323261,0.909049,0.068605,-0.313228,0.891051,0.059017,-0.004980,0.862132,-0.503705,-0.043241,0.825108,-0.507339,-0.062413,0.800347,-0.524853,-0.025424,0.786851,-0.522740,-0.050239,0.762064,-0.534157,-0.074375,0.755459,-0.543256,-0.017451,0.791073,-0.546758,-0.042973,0.765776,-0.562643,-0.066969,0.765148,-0.573088,-0.010809,0.795945,-0.566256,-0.035573,0.773683,-0.583431,-0.056450,0.779088,-0.591299,-0.006777,0.807287,-0.584518,-0.029550,0.790028,-0.600683,-0.050211,0.789683,-0.610158,,,
54,1.800,-0.244003,0.954740,-0.294058,-0.362624,0.963573,-0.309442,-0.125382,0.945908,-0.278673,-0.361501,0.535492,-0.434255,-0.112405,0.566215,-0.045226,-0.359514,0.162052,-0.618109,-0.086024,0.183455,0.116214,-0.235860,1.071619,-0.289744,-0.242411,1.285630,-0.278695,-0.223753,1.526484,-0.255456,-0.216552,1.623909,-0.219988,-0.261640,1.476403,-0.249962,-0.193087,1.472821,-0.267832,-0.391849,1.425001,-0.197665,-0.062363,1.412313,-0.304849,-0.481123,1.172176,-0.085863,-0.036274,1.148347,-0.424954,-0.321278,1.033715,0.101842,-0.000634,0.872855,-0.477816,-0.380819,0.065670,-0.468635,-0.065557,0.184867,0.294162,,,,,,,,,,-0.297931,1.039105,0.108876,-0.254571,1.016869,0.130637,-0.230019,0.996511,0.147066,-0.259640,0.999892,0.167560,-0.236513,0.973729,0.179443,-0.219770,0.953029,0.179340,-0.279619,0.983914,0.169516,-0.259219,0.951158,0.176906,-0.245889,0.928759,0.174522,-0.296593,0.971276,0.169904,-0.279034,0.938745,0.176005,-0.268544,0.919145,0.170268,-0.313818,0.959541,0.163272,-0.297914,0.930963,0.166161,-0.287102,0.912085,0.159587,-0.011446,0.856240,-0.462628,-0.050447,0.820096,-0.467160,-0.071051,0.797092,-0.485426,-0.034144,0.783079,-0.486710,-0.060122,0.759825,-0.498751,-0.084876,0.754468,-0.506968,-0.027463,0.789228,-0.510706,-0.054199,0.765661,-0.527240,-0.078735,0.766204,-0.536351,-0.021845,0.795657,-0.530074,-0.047948,0.775277,-0.547600,-0.069137,0.781607,-0.553758,-0.018659,0.808457,-0.547521,-0.042696,0.792938,-0.563621,-0.063899,0.793725,-0.571780,,,
55,1.833,-0.240535,0.940478,-0.235460,-0.359228,0.948664,-0.250640,-0.121841,0.932293,-0.220280,-0.353674,0.532439,-0.410512,-0.111997,0.553765,0.015203,-0.359895,0.171940,-0.618515,-0.090487,0.166679,0.166747,-0.233052,1.057393,-0.230923,-0.237686,1.271386,-0.218632,-0.218096,1.512032,-0.194039,-0.210278,1.609416,-0.158588,-0.256084,1.462029,-0.188525,-0.187703,1.458357,-0.207025,-0.386089,1.411366,-0.135013,-0.057832,1.397835,-0.246912,-0.478023,1.163753,-0.014077,-0.035877,1.135438,-0.371207,-0.310749,1.030903,0.171194,-0.002022,0.861256,-0.431530,-0.380289,0.065783,-0.475684,-0.070339,0.154852,0.344344,,,,,,,,,,-0.287591,1.037985,0.177293,-0.243059,1.019977,0.200545,-0.217838,1.002102,0.218754,-0.246979,1.006656,0.239073,-0.222740,0.982318,0.252518,-0.205344,0.962200,0.253734,-0.266206,0.990114,0.242941,-0.244321,0.959009,0.252802,-0.230114,0.937036,0.252157,-0.282597,0.976862,0.244866,-0.263532,0.945781,0.253484,-0.252302,0.926198,0.249301,-0.299352,0.963780,0.239719,-0.282052,0.936401,0.245110,-0.270426,0.917492,0.240236,-0.012608,0.843546,-0.417461,-0.052276,0.808410,-0.423774,-0.073825,0.787278,-0.443177,-0.037154,0.772988,-0.446900,-0.063824,0.751161,-0.460049,-0.088887,0.746806,-0.467912,-0.031128,0.781071,-0.470493,-0.058566,0.759202,-0.488172,-0.083342,0.760706,-0.496490,-0.026018,0.789052,-0.489419,-0.052889,0.770524,-0.507818,-0.074164,0.777571,-0.512786,-0.023181,0.803248,-0.505814,-0.047863,0.789366,-0.522425,-0.069281,0.790989,-0.529870,,,
56,1.867,-0.235887,0.927391,-0.176114,-0.354852,0.932529,-0.190481,-0.116921,0.922253,-0.161746,-0.343889,0.523036,-0.366627,-0.112369,0.560256,0.098580,-0.357194,0.181933,-0.604820,-0.094395,0.159070,0.208082,-0.231107,1.044513,-0.173804,-0.234096,1.258583,-0.162377,-0.213043,1.499140,-0.138131,-0.203898,1.596630,-0.103295,-0.251287,1.449358,-0.132396,-0.183010,1.445282,-0.151193,-0.381800,1.400273,-0.078651,-0.054105,1.383173,-0.191769,-0.477077,1.153299,0.040997,-0.032657,1.119314,-0.313022,-0.315419,1.017726,0.229258,0.000969,0.845220,-0.373865,-0.378823,0.059156,-0.476197,-0.070345,0.117058,0.380543,,,,,,,,,,-0.292379,1.025031,0.235536,-0.248123,1.007711,0.259814,-0.224158,0.989358,0.279204,-0.252553,0.995210,0.298561,-0.228650,0.970384,0.311711,-0.211593,0.949966,0.312699,-0.271773,0.978678,0.302508,-0.249988,0.947528,0.312449,-0.235846,0.925510,0.311861,-0.288140,0.965404,0.304482,-0.269089,0.934371,0.313304,-0.257830,0.914780,0.309236,-0.304770,0.952146,0.299377,-0.287229,0.925032,0.305303,-0.275358,0.906179,0.300813,-0.009975,0.826938,-0.360840,-0.050222,0.792910,-0.369223,-0.072221,0.773171,-0.389565,-0.035629,0.758579,-0.394256,-0.062566,0.737985,-0.408775,-0.087641,0.734475,-0.417016,-0.029375,0.767863,-0.417342,-0.056954,0.747360,-0.436385,-0.081649,0.749604,-0.444779,-0.024056,0.776801,-0.435776,-0.051036,0.759683,-0.455344,-0.072188,0.767249,-0.460069,-0.020912,0.791842,-0.451342,-0.045721,0.779212,-0.468745,-0.067082,0.781455,-0.476191,,,
57,1.900,-0.231653,0.918453,-0.113238,-0.350795,0.921734,-0.126653,-0.112510,0.915172,-0.099823,-0.346402,0.510792,-0.299685,-0.103628,0.562251,0.172574,-0.352993,0.200615,-0.577191,-0.095713,0.150056,0.229984,-0.228603,1.035645,-0.111656,-0.229298,1.249800,-0.101518,-0.208712,1.490692,-0.080398,-0.197105,1.588361,-0.046818,-0.246774,1.440884,-0.073750,-0.178635,1.436756,-0.093032,-0.377281,1.392436,-0.019414,-0.050439,1.373084,-0.133428,-0.472824,1.140258,0.088602,-0.022705,1.105041,-0.243733,-0.324936,0.994946,0.280875,0.015701,0.829638,-0.295104,-0.380334,0.052415,-0.480364,-0.076030,0.081876,0.394454,,,,,,,,,,-0.302417,1.002021,0.289027,-0.260068,0.983934,0.315998,-0.238925,0.963874,0.336920,-0.267335,0.970379,0.353955,-0.244545,0.945028,0.368045,-0.227684,0.924486,0.369645,-0.286798,0.953790,0.356021,-0.265891,0.922147,0.366285,-0.251848,0.900063,0.365863,-0.303271,0.940505,0.356421,-0.285076,0.909125,0.365801,-0.273632,0.889576,0.362061,-0.319485,0.927432,0.349745,-0.302377,0.900106,0.355956,-0.290204,0.881392,0.351703,0.004180,0.811182,-0.282844,-0.035811,0.777465,-0.293418,-0.057312,0.757990,-0.314532,-0.020339,0.743505,-0.318430,-0.047185,0.723823,-0.334319,-0.072016,0.720996,-0.343505,-0.013131,0.753156,-0.341084,-0.040144,0.733320,-0.361589,-0.064469,0.735955,-0.370899,-0.007046,0.762384,-0.359134,-0.033572,0.745984,-0.379900,-0.054475,0.753862,-0.385187,-0.003228,0.777674,-0.374301,-0.027793,0.765520,-0.392375,-0.048971,0.768020,-0.400251,,,
58,1.933,-0.224233,0.914690,-0.051551,-0.343570,0.916936,-0.063347,-0.104895,0.912443,-0.039756,-0.366095,0.491927,-0.196360,-0.089522,0.559973,0.232936,-0.354391,0.222979,-0.513840,-0.093225,0.143869,0.243296,-0.222157,1.031906,-0.050225,-0.222941,1.246119,-0.041392,-0.200993,1.487110,-0.022950,-0.187219,1.584871,0.009524,-0.239213,1.437555,-0.015377,-0.171312,1.432905,-0.035366,-0.370029,1.390693,0.039599,-0.044497,1.366505,-0.075732,-0.465404,1.130742,0.127455,-0.010626,1.093488,-0.171117,-0.340391,0.963838,0.318426,0.030877,0.815837,-0.204997,-0.378836,0.048081,-0.483854,-0.073368,0.061868,0.401309,,,,,,,,,,-0.318811,0.969788,0.329498,-0.280122,0.948906,0.359749,-0.262800,0.926283,0.381550,-0.291881,0.933112,0.395659,-0.271502,0.906208,0.410541,-0.255441,0.885083,0.412678,-0.311753,0.916931,0.394420,-0.292847,0.884091,0.404803,-0.279332,0.861679,0.404468,-0.328406,0.904078,0.392084,-0.312057,0.871676,0.401390,-0.300664,0.852082,0.397730,-0.343998,0.891887,0.382776,-0.328140,0.863757,0.388710,-0.315901,0.845090,0.384439,0.018388,0.797767,-0.193119,-0.021194,0.764198,-0.205544,-0.041303,0.744559,-0.227845,-0.004497,0.729547,-0.228757,-0.031568,0.711153,-0.245768,-0.056040,0.709521,-0.256133,0.004269,0.738624,-0.251096,-0.022284,0.719521,-0.272860,-0.045953,0.722956,-0.283503,0.011612,0.747392,-0.268907,-0.014584,0.731660,-0.290588,-0.034952,0.740176,-0.296879,0.016570,0.762305,-0.284119,-0.007634,0.750267,-0.302750,-0.028474,0.753224,-0.311336,,,
59,1.967,-0.217335,0.914496,0.007372,-0.336877,0.916453,-0.002196,-0.097793,0.912540,0.016940,-0.387930,0.478403,-0.068066,-0.076549,0.552172,0.278696,-0.366768,0.260075,-0.421830,-0.091433,0.137328,0.247921,-0.215532,1.031715,0.008812,-0.217464,1.245926,0.017504,-0.197009,1.487105,0.035203,-0.182560,1.584920,0.067218,-0.234943,1.437344,0.042864,-0.166976,1.433041,0.023020,-0.365934,1.390351,0.097310,-0.040472,1.365624,-0.016627,-0.456206,1.122852,0.165758,0.001773,1.088609,-0.095760,-0.357989,0.927892,0.345478,0.047439,0.809757,-0.106553,-0.382106,0.084067,-0.451357,-0.069030,0.052382,0.404025,,,,,,,,,,-0.337748,0.931756,0.359586,-0.303513,0.906211,0.391576,-0.289573,0.880648,0.412537,-0.319893,0.887058,0.423857,-0.302358,0.857853,0.438006,-0.287342,0.835933,0.439694,-0.339880,0.871891,0.418494,-0.323450,0.837353,0.427488,-0.310700,0.814521,0.426375,-0.356456,0.860025,0.412799,-0.342200,0.826193,0.420279,-0.330968,0.806665,0.415850,-0.371126,0.849537,0.400422,-0.356980,0.820225,0.404740,-0.344922,0.801621,0.399741,0.034894,0.792264,-0.093893,-0.003056,0.756582,-0.105495,-0.021091,0.734815,-0.127592,0.015747,0.720799,-0.125098,-0.010983,0.701514,-0.141656,-0.035151,0.699405,-0.152630,0.025348,0.728402,-0.147643,-0.000487,0.707912,-0.169006,-0.023777,0.710721,-0.180623,0.033313,0.736001,-0.165721,0.007733,0.718713,-0.186950,-0.012484,0.726703,-0.194325,0.038594,0.749848,-0.181808,0.014979,0.736076,-0.199989,-0.005704,0.738185,-0.209183,,,
60,2.000,-0.212072,0.918080,0.062414,-0.331816,0.919765,0.055778,-0.092327,0.916395,0.069049,-0.394132,0.478363,0.066459,-0.067281,0.543543,0.312333,-0.374204,0.290466,-0.304434,-0.088600,0.132153,0.252610,-0.210510,1.035301,0.063990,-0.213728,1.249410,0.074606,-0.196088,1.490560,0.095446,-0.182247,1.588168,0.128347,-0.233706,1.440355,0.101627,-0.165236,1.436925,0.083411,-0.365483,1.391462,0.152379,-0.037953,1.369746,0.045909,-0.447615,1.117882,0.205274,0.010946,1.089968,-0.018252,-0.382428,0.891749,0.362022,0.058775,0.811590,-0.004884,-0.392057,0.118040,-0.349559,-0.063701,0.047585,0.408541,,,,,,,,,,-0.363225,0.891784,0.377987,-0.332731,0.858863,0.406871,-0.321118,0.829378,0.423690,-0.352404,0.834993,0.433711,-0.337185,0.802696,0.442979,-0.323245,0.780076,0.441308,-0.372521,0.822231,0.424186,-0.358445,0.785685,0.427343,-0.346711,0.762764,0.422647,-0.389075,0.812576,0.415200,-0.376816,0.777206,0.416756,-0.366091,0.758318,0.409316,-0.403144,0.805410,0.400065,-0.391071,0.774885,0.399387,-0.379735,0.756796,0.391591,0.047458,0.794919,0.009869,0.011985,0.755661,0.002916,-0.004522,0.730296,-0.016360,0.033129,0.719146,-0.012507,0.007068,0.696900,-0.026165,-0.017153,0.692503,-0.036312,0.042161,0.724653,-0.035882,0.016911,0.700875,-0.054339,-0.006660,0.701476,-0.065714,0.049568,0.730575,-0.054804,0.024552,0.709799,-0.073417,0.003855,0.715974,-0.081192,0.053879,0.742742,-0.072461,0.030799,0.725760,-0.088485,0.009904,0.725725,-0.097439,,,
61,2.033,-0.209228,0.926190,0.116180,-0.329069,0.927485,0.111488,-0.089387,0.924896,0.120872,-0.394034,0.493365,0.189920,-0.066913,0.535457,0.336893,-0.370750,0.300400,-0.178164,-0.087080,0.126989,0.259369,-0.208030,1.043413,0.117942,-0.211714,1.257396,0.130722,-0.196538,1.498249,0.156384,-0.184598,1.595452,0.191175,-0.234104,1.447751,0.159932,-0.164826,1.444988,0.144942,-0.367513,1.396488,0.203585,-0.035558,1.378865,0.112729,-0.441512,1.117985,0.240326,0.019105,1.096979,0.064393,-0.411323,0.866717,0.366453,0.065731,0.820898,0.103962,-0.394078,0.124678,-0.203925,-0.061153,0.042662,0.415263,,,,,,,,,,-0.392536,0.861657,0.382108,-0.364279,0.820897,0.401810,-0.354009,0.787699,0.410732,-0.385664,0.791903,0.421286,-0.371819,0.757714,0.421506,-0.358710,0.735856,0.413812,-0.406095,0.783065,0.408530,-0.393706,0.746437,0.401555,-0.382916,0.725168,0.390771,-0.422842,0.776907,0.397145,-0.412104,0.741933,0.389064,-0.402034,0.725320,0.376830,-0.436843,0.774617,0.380499,-0.426558,0.744727,0.371623,-0.416127,0.728780,0.359238,0.055902,0.805965,0.121398,0.022963,0.763978,0.121548,0.007355,0.734937,0.107391,0.046115,0.726945,0.111021,0.021626,0.700962,0.101764,-0.002381,0.693260,0.093199,0.054201,0.729424,0.086798,0.030221,0.701519,0.073019,0.006400,0.698822,0.062503,0.060746,0.732881,0.066968,0.037039,0.707805,0.052371,0.015813,0.711273,0.044348,0.063815,0.742498,0.047565,0.041913,0.721742,0.034632,0.020990,0.718920,0.026203,,,
62,2.067,-0.210501,0.939225,0.169807,-0.330367,0.940290,0.165749,-0.090634,0.938160,0.173864,-0.397491,0.519858,0.298278,-0.076212,0.529864,0.352522,-0.365038,0.288431,-0.046180,-0.088329,0.123081,0.265087,-0.209526,1.056446,0.171771,-0.212657,1.270363,0.185751,-0.199810,1.510953,0.214915,-0.190695,1.607810,0.251482,-0.237338,1.460309,0.215767,-0.167313,1.457917,0.204694,-0.372545,1.407340,0.251046,-0.035801,1.393000,0.179986,-0.440251,1.125308,0.267272,0.023395,1.109457,0.150273,-0.438132,0.858314,0.360357,0.062796,0.837761,0.218016,-0.385575,0.110512,-0.043207,-0.062967,0.038818,0.421109,,,,,,,,,,-0.419905,0.848689,0.374457,-0.393354,0.803243,0.383268,-0.383722,0.768686,0.383693,-0.416061,0.770927,0.394100,-0.403023,0.737511,0.385503,-0.390237,0.718100,0.372520,-0.436409,0.766444,0.379130,-0.424888,0.732605,0.362824,-0.414445,0.714632,0.346917,-0.453033,0.764060,0.366247,-0.443012,0.732178,0.349309,-0.433078,0.719116,0.333253,-0.466667,0.766687,0.349347,-0.457243,0.739866,0.332920,-0.447094,0.727441,0.316824,0.052943,0.825607,0.237480,0.021201,0.783192,0.243908,0.006607,0.751731,0.234711,0.045646,0.745687,0.240155,0.023099,0.716922,0.235177,-0.000126,0.706274,0.227682,0.054283,0.744387,0.216030,0.031939,0.713395,0.206872,0.008556,0.707731,0.196556,0.061237,0.744728,0.196042,0.039365,0.716238,0.185374,0.018285,0.717097,0.176326,0.064536,0.751101,0.175381,0.044068,0.727519,0.165242,0.023660,0.722319,0.156681,,,
63,2.100,-0.215521,0.955170,0.221645,-0.335383,0.956044,0.217413,-0.095659,0.954296,0.225878,-0.401855,0.550120,0.389575,-0.089919,0.528740,0.358925,-0.362421,0.262557,0.091219,-0.092293,0.122227,0.269451,-0.214734,1.072393,0.223561,-0.216950,1.286226,0.238941,-0.206344,1.526664,0.270177,-0.200229,1.623350,0.307806,-0.243709,1.475912,0.268817,-0.173206,1.473784,0.261297,-0.380377,1.422076,0.296296,-0.039902,1.410065,0.244260,-0.444208,1.138783,0.288497,0.022723,1.125901,0.233650,-0.462684,0.862962,0.347964,0.049893,0.860866,0.328406,-0.382165,0.089559,0.133264,-0.068894,0.037871,0.425729,,,,,,,,,,-0.445224,0.849958,0.360199,-0.419595,0.803156,0.359338,-0.409657,0.769337,0.352657,-0.443120,0.769698,0.361422,-0.430080,0.738270,0.347179,-0.416801,0.721444,0.331388,-0.462811,0.769226,0.344981,-0.451129,0.739218,0.322469,-0.440234,0.724666,0.303637,-0.478854,0.770235,0.331211,-0.468790,0.742234,0.308441,-0.458408,0.732464,0.290445,-0.491673,0.776983,0.314824,-0.482288,0.754346,0.292974,-0.471822,0.745657,0.274768,0.037892,0.851791,0.348337,0.005523,0.810442,0.357854,-0.008028,0.777704,0.352205,0.030141,0.773194,0.362836,0.009081,0.742994,0.360605,-0.012884,0.730171,0.352726,0.041421,0.768232,0.340332,0.020534,0.735536,0.334142,-0.001510,0.727568,0.322484,0.050570,0.765517,0.321440,0.030611,0.734871,0.313297,0.010716,0.733459,0.301932,0.056178,0.768595,0.300524,0.037343,0.743152,0.291823,0.018192,0.736092,0.281814,,,
64,2.133,-0.222166,0.970270,0.277204,-0.342004,0.970831,0.272301,-0.102327,0.969710,0.282106,-0.404605,0.575683,0.469207,-0.101875,0.531189,0.362928,-0.366770,0.228153,0.243254,-0.097462,0.123651,0.278330,-0.221677,1.087502,0.278662,-0.223195,1.301173,0.296210,-0.215035,1.541483,0.329129,-0.211579,1.638145,0.367154,-0.252054,1.490549,0.326097,-0.181309,1.488822,0.321206,-0.389330,1.435346,0.347056,-0.046660,1.426668,0.309951,-0.450371,1.153654,0.310816,0.019904,1.143254,0.315417,-0.480500,0.873700,0.336763,0.032723,0.886721,0.433682,-0.391476,0.072839,0.329005,-0.076445,0.038894,0.434729,,,,,,,,,,-0.463730,0.858599,0.347456,-0.437617,0.812739,0.339517,-0.426513,0.780761,0.327633,-0.460882,0.779529,0.333765,-0.447003,0.749888,0.316754,-0.432573,0.734922,0.300122,-0.479470,0.782187,0.316280,-0.466550,0.755564,0.290434,-0.454504,0.743701,0.270453,-0.494604,0.785791,0.301929,-0.483694,0.761117,0.275930,-0.472419,0.753785,0.257323,-0.506412,0.795517,0.286297,-0.496078,0.776988,0.261240,-0.484737,0.771548,0.242312,0.017942,0.880516,0.452830,-0.015687,0.840531,0.463704,-0.028525,0.807122,0.461176,0.007755,0.804831,0.477642,-0.012437,0.773963,0.477501,-0.032955,0.759318,0.468928,0.022112,0.796762,0.457969,0.002316,0.763049,0.454073,-0.017863,0.752895,0.440844,0.033855,0.791417,0.441190,0.015460,0.759328,0.435211,-0.002590,0.755624,0.421519,0.042416,0.791444,0.421062,0.025121,0.764552,0.413613,0.007665,0.755642,0.402094,,,
65,2.167,-0.227751,0.981264,0.320193,-0.347638,0.982205,0.316762,-0.107864,0.980324,0.323624,-0.401529,0.590317,0.522558,-0.110011,0.535444,0.353793,-0.368628,0.195604,0.394562,-0.103665,0.129174,0.263415,-0.226916,1.098467,0.323119,-0.227987,1.312040,0.341855,-0.223911,1.552549,0.374064,-0.222868,1.649351,0.411875,-0.260157,1.501117,0.370214,-0.189287,1.500315,0.367270,-0.397818,1.444950,0.385246,-0.053341,1.440331,0.360891,-0.455810,1.167017,0.323762,0.022126,1.159944,0.382606,-0.488729,0.886195,0.326944,0.026617,0.913714,0.521571,-0.396905,0.068999,0.518083,-0.082279,0.045266,0.420221,,,,,,,,,,-0.472295,0.870904,0.337888,-0.443122,0.827202,0.328558,-0.428970,0.797012,0.315311,-0.463911,0.793690,0.317511,-0.446970,0.765976,0.300031,-0.430187,0.752881,0.284041,-0.480827,0.797167,0.298537,-0.464246,0.773275,0.272118,-0.449774,0.763563,0.252590,-0.494666,0.801441,0.283103,-0.480345,0.779321,0.256469,-0.467078,0.773895,0.238534,-0.505402,0.812072,0.267289,-0.491956,0.796253,0.241854,-0.478678,0.792961,0.223706,0.010321,0.907707,0.539514,-0.023806,0.867614,0.548229,-0.036265,0.834093,0.545317,-0.001357,0.832369,0.564725,-0.021390,0.801431,0.563282,-0.041055,0.786592,0.553181,0.014668,0.824093,0.546477,-0.004699,0.790295,0.541360,-0.023665,0.779943,0.526580,0.027825,0.818568,0.530845,0.010094,0.786309,0.523855,-0.006729,0.782327,0.508753,0.038052,0.818327,0.511512,0.021510,0.791246,0.503098,0.005094,0.782094,0.490309,,,
66,2.200,-0.231911,0.983911,0.372721,-0.351817,0.984077,0.369884,-0.112005,0.983745,0.375557,-0.393188,0.584724,0.563890,-0.111604,0.537886,0.369097,-0.370245,0.169109,0.563011,-0.107286,0.134777,0.265422,-0.231850,1.101074,0.377023,-0.231549,1.314561,0.396746,-0.231850,1.555186,0.428340,-0.233036,1.652153,0.465725,-0.267239,1.503251,0.423421,-0.196307,1.503416,0.422882,-0.404971,1.445894,0.431883,-0.058728,1.446915,0.422651,-0.455982,1.173040,0.346222,0.028301,1.171813,0.461744,-0.488587,0.892855,0.326501,0.019588,0.940291,0.623861,-0.403344,0.080062,0.714870,-0.084823,0.051239,0.422275,,,,,,,,,,-0.472728,0.877454,0.338116,-0.441012,0.835478,0.329168,-0.424327,0.806718,0.315690,-0.459204,0.802068,0.314000,-0.439567,0.776089,0.296677,-0.420790,0.764597,0.281705,-0.474254,0.806197,0.293636,-0.454131,0.784616,0.267692,-0.437373,0.776669,0.249222,-0.486634,0.810994,0.277152,-0.468839,0.791134,0.250833,-0.453633,0.787323,0.234058,-0.496149,0.822262,0.261000,-0.479535,0.808577,0.236208,-0.464346,0.806914,0.219385,0.001516,0.934550,0.640112,-0.032710,0.894093,0.646425,-0.044716,0.860400,0.643597,-0.011645,0.859858,0.666488,-0.031349,0.828842,0.663280,-0.049669,0.813749,0.651216,0.006421,0.851311,0.650400,-0.012051,0.817245,0.643923,-0.029152,0.806413,0.627325,0.021305,0.845540,0.636501,0.004534,0.813030,0.628396,-0.010506,0.808608,0.611627,0.033599,0.844871,0.618423,0.017980,0.817527,0.609139,0.002975,0.807984,0.594976,,,
67,2.233,-0.235102,0.977865,0.422267,-0.354976,0.974489,0.420195,-0.115227,0.981241,0.424339,-0.387701,0.580160,0.625783,-0.105360,0.536019,0.401697,-0.381947,0.175646,0.723758,-0.104412,0.142191,0.266929,-0.238489,1.094941,0.427491,-0.235377,1.308400,0.447277,-0.240943,1.549070,0.478033,-0.243928,1.646190,0.514913,-0.275237,1.496527,0.471952,-0.204348,1.497897,0.474097,-0.412541,1.437590,0.474302,-0.065378,1.445351,0.480919,-0.452535,1.170294,0.367800,0.033832,1.178192,0.540644,-0.481406,0.892081,0.326332,0.015894,0.960874,0.720676,-0.417874,0.126039,0.892086,-0.081958,0.056057,0.422374,,,,,,,,,,-0.466578,0.876438,0.338944,-0.433112,0.835501,0.331724,-0.414277,0.807697,0.319100,-0.448744,0.802518,0.313149,-0.426826,0.777656,0.296960,-0.406302,0.767151,0.283648,-0.461542,0.807327,0.291439,-0.438247,0.787291,0.266952,-0.419403,0.780473,0.250114,-0.472131,0.812670,0.273908,-0.451108,0.794382,0.248861,-0.434070,0.791625,0.233721,-0.480059,0.824510,0.257315,-0.460466,0.812294,0.233973,-0.443459,0.811686,0.218911,-0.003812,0.955756,0.735137,-0.037863,0.914982,0.740235,-0.049793,0.881181,0.738660,-0.018655,0.882616,0.764765,-0.037726,0.851297,0.760764,-0.054397,0.835444,0.747357,0.001261,0.873488,0.751412,-0.015968,0.838796,0.744834,-0.030900,0.826753,0.727021,0.017721,0.867195,0.739687,0.002148,0.834097,0.731571,-0.010855,0.828592,0.713473,0.032000,0.865663,0.723190,0.017423,0.837729,0.713971,0.004013,0.827274,0.698882,,,
68,2.267,-0.237998,0.966103,0.477625,-0.357740,0.959238,0.477131,-0.118256,0.972968,0.478119,-0.385096,0.578657,0.707876,-0.098964,0.529515,0.435574,-0.402848,0.193180,0.863939,-0.101207,0.147715,0.269782,-0.244724,1.083010,0.483371,-0.240241,1.296548,0.502004,-0.250361,1.537258,0.531249,-0.254610,1.634517,0.567638,-0.283660,1.484170,0.524417,-0.212898,1.486628,0.528710,-0.420669,1.424567,0.521689,-0.073702,1.436091,0.542525,-0.449694,1.162858,0.398989,0.034218,1.178529,0.624979,-0.474902,0.888039,0.337391,0.008258,0.973546,0.818030,-0.440667,0.184342,1.038803,-0.078515,0.058180,0.423257,,,,,,,,,,-0.461210,0.871833,0.350564,-0.426601,0.831660,0.344541,-0.406214,0.804786,0.332322,-0.439792,0.799651,0.322661,-0.415636,0.776534,0.307083,-0.393595,0.767504,0.295189,-0.450386,0.805574,0.300057,-0.424257,0.787614,0.276852,-0.403653,0.782258,0.261625,-0.459214,0.811811,0.281860,-0.435220,0.795711,0.258010,-0.416641,0.794337,0.244591,-0.465585,0.824505,0.265227,-0.443498,0.814064,0.243292,-0.425054,0.814638,0.230026,-0.012614,0.969251,0.831050,-0.046178,0.928179,0.836920,-0.057711,0.894211,0.837654,-0.028724,0.898837,0.866120,-0.046868,0.866865,0.863095,-0.061921,0.849528,0.849612,-0.007463,0.889066,0.855594,-0.023309,0.853444,0.850739,-0.036239,0.839424,0.832806,0.010148,0.882171,0.846091,-0.004080,0.848122,0.839609,-0.015224,0.840718,0.820955,0.025942,0.879500,0.831198,0.012591,0.850523,0.823460,0.000728,0.838411,0.808315,,,
69,2.300,-0.241773,0.950916,0.536566,-0.361421,0.942710,0.538217,-0.122126,0.959123,0.534915,-0.385371,0.582591,0.800081,-0.097819,0.519083,0.467043,-0.414929,0.206773,0.976578,-0.102129,0.151310,0.272137,-0.249697,1.067720,0.542870,-0.246268,1.281375,0.560348,-0.258367,1.522156,0.588219,-0.263278,1.619573,0.624101,-0.291217,1.468830,0.581075,-0.220556,1.471748,0.586581,-0.428288,1.409706,0.574204,-0.081954,1.421438,0.606041,-0.449526,1.151992,0.441834,0.031008,1.173161,0.707933,-0.473663,0.881478,0.363125,0.001046,0.976867,0.909256,-0.452546,0.232094,1.149869,-0.078186,0.060019,0.424383,,,,,,,,,,-0.460718,0.864606,0.376216,-0.425524,0.824948,0.370170,-0.404071,0.798813,0.358173,-0.437088,0.794172,0.345749,-0.410766,0.774250,0.329290,-0.387659,0.767828,0.317730,-0.446275,0.801316,0.322884,-0.417933,0.786469,0.300080,-0.396190,0.783270,0.285864,-0.453981,0.808534,0.304540,-0.427549,0.795530,0.281387,-0.407988,0.796067,0.269379,-0.459376,0.822119,0.288269,-0.435530,0.813567,0.267384,-0.416196,0.815346,0.255572,-0.020406,0.972783,0.921371,-0.052754,0.930975,0.928696,-0.062652,0.896603,0.931513,-0.036045,0.904825,0.961180,-0.052819,0.872010,0.959638,-0.066379,0.853090,0.946710,-0.013847,0.895118,0.952735,-0.027980,0.858564,0.949970,-0.039240,0.842633,0.932513,0.004544,0.888207,0.944861,-0.008020,0.853203,0.940313,-0.017723,0.843921,0.921695,0.021296,0.884994,0.931169,0.009419,0.854971,0.925221,-0.001114,0.841179,0.910537,,,
70,2.333,-0.246616,0.937054,0.597924,-0.366246,0.929087,0.601204,-0.126986,0.945020,0.594643,-0.389839,0.571824,0.866985,-0.102100,0.510329,0.498430,-0.412765,0.195770,1.043963,-0.104651,0.156989,0.278413,-0.254219,1.053871,0.604371,-0.252891,1.267553,0.621806,-0.266037,1.508259,0.649855,-0.271891,1.605702,0.685520,-0.298626,1.454887,0.641899,-0.228107,1.457922,0.648946,-0.435227,1.395332,0.630732,-0.089971,1.408373,0.673105,-0.450068,1.138412,0.495968,0.024686,1.165758,0.786135,-0.473714,0.871916,0.404446,-0.003553,0.972773,0.990877,-0.445415,0.216959,1.218809,-0.080171,0.059651,0.426779,,,,,,,,,,-0.460911,0.854424,0.416846,-0.425365,0.815336,0.409324,-0.403571,0.790024,0.396230,-0.436281,0.785874,0.383054,-0.409196,0.768075,0.365442,-0.385803,0.763267,0.353674,-0.445084,0.794204,0.360441,-0.415942,0.781523,0.337339,-0.393848,0.779751,0.323417,-0.452490,0.802369,0.342372,-0.425197,0.791443,0.319146,-0.405358,0.793155,0.307718,-0.457665,0.816791,0.326764,-0.433191,0.809610,0.306090,-0.413573,0.812191,0.294911,-0.025260,0.968902,1.002601,-0.056628,0.926746,1.011924,-0.065332,0.892290,1.016865,-0.040241,0.903484,1.046689,-0.056042,0.870156,1.046936,-0.068639,0.849993,1.034946,-0.017515,0.893889,1.039636,-0.030448,0.856793,1.039121,-0.040658,0.839308,1.022528,0.001310,0.887005,1.032837,-0.010125,0.851410,1.030360,-0.018952,0.840590,1.012139,0.018580,0.883345,1.019923,0.007730,0.852633,1.015817,-0.001947,0.837522,1.001860,,,
71,2.367,-0.252466,0.924790,0.662007,-0.372213,0.918824,0.665253,-0.132719,0.930755,0.658762,-0.393411,0.553103,0.919480,-0.111641,0.503802,0.531879,-0.406269,0.169911,1.081534,-0.107486,0.164946,0.290171,-0.258177,1.041811,0.666372,-0.259333,1.255665,0.681571,-0.274516,1.496468,0.707685,-0.282244,1.594138,0.742359,-0.306585,1.442879,0.699103,-0.236323,1.446325,0.708225,-0.442060,1.381374,0.685139,-0.098368,1.398685,0.736844,-0.454021,1.121740,0.555384,0.016831,1.157112,0.851541,-0.477801,0.856025,0.461653,-0.003754,0.960842,1.054062,-0.429732,0.153556,1.258361,-0.082049,0.055397,0.429592,,,,,,,,,,-0.464937,0.837781,0.472848,-0.430621,0.798265,0.462413,-0.410093,0.773123,0.447129,-0.443221,0.770115,0.435468,-0.417259,0.752574,0.416002,-0.394479,0.747826,0.403068,-0.452695,0.779526,0.413561,-0.424746,0.767066,0.388917,-0.403232,0.765316,0.374112,-0.460603,0.788561,0.396130,-0.434443,0.777982,0.371482,-0.415009,0.779712,0.359382,-0.466041,0.803700,0.381311,-0.442435,0.796693,0.359595,-0.423135,0.799194,0.347859,-0.025417,0.957075,1.065902,-0.055898,0.914750,1.077190,-0.063450,0.880292,1.083746,-0.039143,0.893578,1.113096,-0.054054,0.859930,1.115552,-0.066153,0.838720,1.104935,-0.016188,0.884147,1.106583,-0.028154,0.846763,1.108256,-0.037901,0.828071,1.092734,0.002807,0.877352,1.100180,-0.007615,0.841365,1.099766,-0.016095,0.829269,1.082195,0.020201,0.873444,1.087507,0.010441,0.842192,1.085086,0.001355,0.826027,1.071936,,,
72,2.400,-0.259465,0.914847,0.729295,-0.379311,0.910274,0.730611,-0.139620,0.919420,0.727979,-0.395799,0.535681,0.971941,-0.122361,0.504521,0.565518,-0.401519,0.143293,1.110729,-0.106797,0.178660,0.306991,-0.263902,1.031969,0.732186,-0.267583,1.246065,0.742925,-0.283703,1.487441,0.762321,-0.293996,1.585691,0.794610,-0.315472,1.433596,0.754246,-0.245496,1.437391,0.765234,-0.450158,1.370733,0.738776,-0.107891,1.391122,0.797548,-0.464158,1.106226,0.619486,0.004821,1.146140,0.907384,-0.490146,0.837305,0.536053,-0.006692,0.941378,1.102063,-0.423798,0.085744,1.278889,-0.080097,0.047643,0.426188,,,,,,,,,,-0.477199,0.818539,0.546243,-0.444858,0.778109,0.533301,-0.426347,0.752667,0.516061,-0.459980,0.750687,0.506908,-0.435826,0.732680,0.485624,-0.414060,0.727449,0.471214,-0.470486,0.760649,0.485727,-0.444388,0.747636,0.459396,-0.423823,0.745409,0.443359,-0.479165,0.770133,0.468912,-0.454835,0.759087,0.442648,-0.436107,0.760381,0.429431,-0.485027,0.785610,0.454613,-0.462860,0.778007,0.431617,-0.444148,0.779952,0.418867,-0.028321,0.937742,1.114005,-0.058641,0.895514,1.126066,-0.065274,0.860970,1.133142,-0.041752,0.875011,1.162296,-0.056051,0.841311,1.166818,-0.067999,0.819377,1.157593,-0.018777,0.865547,1.155902,-0.030243,0.828126,1.159333,-0.039926,0.808642,1.144774,0.000230,0.858707,1.149581,-0.009515,0.822545,1.150700,-0.017888,0.809592,1.133698,0.017614,0.854641,1.136945,0.008694,0.823081,1.135478,0.000016,0.806344,1.122776,,,
73,2.433,-0.269087,0.908696,0.793587,-0.388975,0.905307,0.792619,-0.149198,0.912084,0.794555,-0.409555,0.534909,1.040033,-0.123981,0.496385,0.635210,-0.406965,0.129587,1.134750,-0.103056,0.196624,0.347167,-0.272411,1.025880,0.795125,-0.279227,1.240037,0.802627,-0.293099,1.482000,0.815295,-0.305460,1.580875,0.844829,-0.325323,1.428271,0.808316,-0.255440,1.431671,0.820000,-0.460216,1.365790,0.793104,-0.118517,1.384623,0.854045,-0.482682,1.096624,0.686171,-0.011744,1.131747,0.951187,-0.515403,0.823705,0.619841,-0.014328,0.914208,1.131827,-0.430125,0.041889,1.289213,-0.075724,0.037631,0.425016,,,,,,,,,,-0.502394,0.805215,0.630449,-0.470891,0.763879,0.618329,-0.453396,0.737635,0.601231,-0.487056,0.735579,0.593528,-0.463666,0.716705,0.572144,-0.442392,0.710831,0.557253,-0.498033,0.744786,0.572244,-0.472691,0.730508,0.545831,-0.452545,0.727462,0.529402,-0.507068,0.753673,0.555292,-0.483496,0.741307,0.528925,-0.465089,0.741853,0.515213,-0.513148,0.768618,0.540524,-0.491415,0.759540,0.517649,-0.472865,0.760529,0.504556,-0.035965,0.910866,1.143840,-0.067159,0.869139,1.155408,-0.074836,0.834716,1.162004,-0.050528,0.847680,1.191202,-0.065155,0.814226,1.196441,-0.077565,0.792326,1.187762,-0.027809,0.837809,1.184518,-0.039802,0.800587,1.188306,-0.049991,0.781122,1.174071,-0.008998,0.830647,1.177973,-0.019159,0.794607,1.179288,-0.027867,0.781699,1.162421,0.008218,0.826398,1.165169,-0.001012,0.794936,1.163505,-0.009925,0.778319,1.150807,,,
74,2.467,-0.280221,0.906005,0.854760,-0.400098,0.903232,0.852048,-0.160344,0.908779,0.857473,-0.429951,0.546300,1.117643,-0.112605,0.479253,0.747649,-0.414263,0.130851,1.138141,-0.094509,0.222422,0.420581,-0.282937,1.023215,0.854954,-0.290411,1.237403,0.860750,-0.304335,1.479530,0.869666,-0.318002,1.578742,0.897446,-0.336555,1.425690,0.863587,-0.266651,1.429291,0.875086,-0.471240,1.362154,0.851152,-0.129671,1.382178,0.908806,-0.502677,1.088653,0.758426,-0.024804,1.121421,0.984913,-0.539999,0.811756,0.714944,-0.014654,0.888831,1.145411,-0.440049,0.043432,1.292346,-0.076069,0.044442,0.428919,,,,,,,,,,-0.526974,0.794365,0.727253,-0.495969,0.751699,0.719103,-0.479477,0.723843,0.703636,-0.512715,0.721102,0.697641,-0.490014,0.699909,0.677738,-0.469166,0.692299,0.663032,-0.523937,0.728124,0.675664,-0.499072,0.710951,0.650553,-0.479183,0.706035,0.634262,-0.533155,0.735265,0.657999,-0.510176,0.719857,0.632734,-0.492007,0.718695,0.618747,-0.539340,0.748632,0.641829,-0.517693,0.736732,0.620201,-0.499138,0.735951,0.607102,-0.035958,0.884860,1.157820,-0.066877,0.842579,1.168035,-0.074983,0.807997,1.173110,-0.049301,0.819276,1.202186,-0.063631,0.785552,1.206420,-0.076232,0.763983,1.197202,-0.026786,0.809772,1.194375,-0.038490,0.772362,1.197044,-0.049048,0.753371,1.182442,-0.008170,0.802966,1.186950,-0.018206,0.766867,1.186882,-0.027370,0.754702,1.169707,0.008684,0.799396,1.173474,-0.000527,0.768023,1.170524,-0.009755,0.751988,1.157315,,,
75,2.500,-0.290501,0.907523,0.914679,-0.410332,0.905248,0.910095,-0.170671,0.909798,0.919264,-0.444594,0.544935,1.170543,-0.104720,0.470229,0.883734,-0.418719,0.130506,1.141504,-0.091342,0.261610,0.523786,-0.292690,1.024740,0.913729,-0.299337,1.238978,0.918624,-0.312603,1.481175,0.926575,-0.326777,1.580394,0.954075,-0.345015,1.427383,0.921122,-0.274974,1.430874,0.931789,-0.479551,1.362950,0.912178,-0.137775,1.383030,0.963531,-0.520226,1.085465,0.836433,-0.037014,1.115407,1.018380,-0.560124,0.805961,0.820915,-0.018476,0.870154,1.157909,-0.446025,0.043147,1.295481,-0.071993,0.088133,0.483568,,,,,,,,,,-0.547329,0.789719,0.834919,-0.517396,0.745697,0.831173,-0.502687,0.716162,0.817086,-0.535103,0.713337,0.813381,-0.513596,0.689162,0.795672,-0.493353,0.679109,0.781602,-0.546454,0.718173,0.790886,-0.522420,0.697625,0.767566,-0.502910,0.690372,0.751696,-0.555743,0.723553,0.772644,-0.533859,0.704486,0.748952,-0.516050,0.701041,0.734878,-0.561841,0.735210,0.755171,-0.540586,0.720239,0.735120,-0.522110,0.717372,0.722200,-0.039428,0.865432,1.170650,-0.070272,0.822672,1.178908,-0.078034,0.787762,1.181804,-0.051831,0.797051,1.210873,-0.066229,0.763153,1.212917,-0.079176,0.742390,1.202417,-0.029610,0.788013,1.201772,-0.041310,0.750511,1.202317,-0.052341,0.732519,1.186827,-0.011260,0.781656,1.193354,-0.021477,0.745679,1.191091,-0.031195,0.734750,1.173397,0.005169,0.778943,1.179173,-0.004216,0.747825,1.174543,-0.013884,0.732654,1.160646,,,
76,2.533,-0.299389,0.912417,0.973017,-0.419101,0.910838,0.965796,-0.179677,0.913996,0.980238,-0.454169,0.539015,1.209414,-0.109883,0.475341,1.019520,-0.422659,0.128680,1.146994,-0.098129,0.289531,0.647230,-0.300815,1.029634,0.971036,-0.305976,1.243921,0.975507,-0.316545,1.486191,0.985113,-0.329642,1.585307,1.013505,-0.349649,1.432755,0.980367,-0.279285,1.435491,0.988922,-0.484245,1.368009,0.975532,-0.141657,1.386208,1.016308,-0.532938,1.087181,0.919373,-0.048355,1.113248,1.055944,-0.573519,0.807804,0.935397,-0.021093,0.858161,1.174889,-0.451839,0.041813,1.300905,-0.060642,0.119926,0.603466,,,,,,,,,,-0.560803,0.792768,0.950754,-0.531696,0.748037,0.950940,-0.518273,0.717087,0.938733,-0.550223,0.714434,0.936629,-0.529799,0.687790,0.921346,-0.510126,0.675598,0.908189,-0.561821,0.717265,0.913919,-0.538757,0.693740,0.892509,-0.519728,0.684332,0.877196,-0.571283,0.721013,0.895360,-0.550372,0.698928,0.873481,-0.532925,0.693504,0.859578,-0.577435,0.731024,0.876913,-0.556812,0.713671,0.858163,-0.538607,0.709133,0.845339,-0.041728,0.852545,1.187784,-0.072444,0.809313,1.193738,-0.079000,0.774038,1.194038,-0.053259,0.781465,1.223313,-0.067718,0.747533,1.222985,-0.080953,0.727698,1.211139,-0.031293,0.773096,1.213032,-0.043042,0.735656,1.211081,-0.054475,0.718886,1.194547,-0.013172,0.767352,1.203722,-0.023484,0.731634,1.199061,-0.033642,0.722046,1.180845,0.002890,0.765656,1.188974,-0.006427,0.734854,1.182474,-0.016347,0.720592,1.167811,,,
77,2.567,-0.306200,0.920893,1.030112,-0.425760,0.920057,1.020618,-0.186639,0.921730,1.039606,-0.456599,0.530615,1.235597,-0.119911,0.494211,1.147346,-0.424505,0.124330,1.150944,-0.110827,0.292797,0.783185,-0.306793,1.038099,1.027254,-0.310441,1.252419,1.031673,-0.318197,1.494685,1.043735,-0.328705,1.593744,1.073374,-0.352007,1.441598,1.040199,-0.281284,1.443614,1.045294,-0.486628,1.376754,1.042110,-0.142963,1.392792,1.065415,-0.540496,1.093320,1.008157,-0.056728,1.115772,1.090055,-0.576787,0.817419,1.058326,-0.017166,0.853325,1.187611,-0.454702,0.037104,1.304455,-0.066607,0.120713,0.760428,,,,,,,,,,-0.563459,0.804009,1.074640,-0.534779,0.759164,1.078436,-0.522226,0.726854,1.069182,-0.554291,0.724444,1.068894,-0.534905,0.695793,1.056090,-0.515990,0.681752,1.043685,-0.566974,0.724891,1.046595,-0.545309,0.698641,1.026965,-0.527189,0.687187,1.011948,-0.577310,0.726681,1.028212,-0.557544,0.702190,1.007883,-0.540797,0.695163,0.993839,-0.584280,0.734658,1.009077,-0.564815,0.715270,0.991100,-0.547359,0.709299,0.977829,-0.036877,0.846380,1.201280,-0.066591,0.802278,1.205770,-0.071700,0.766839,1.203459,-0.045228,0.772613,1.231882,-0.059079,0.738465,1.230261,-0.072740,0.719175,1.218006,-0.023841,0.765442,1.219658,-0.035263,0.728068,1.215614,-0.047531,0.712417,1.198589,-0.006265,0.760746,1.208838,-0.016227,0.725227,1.202280,-0.027351,0.716745,1.184079,0.008862,0.760461,1.193043,-0.000108,0.730011,1.184667,-0.010553,0.716689,1.169494,,,
78,2.600,-0.309934,0.931762,1.085992,-0.429413,0.931657,1.075490,-0.190454,0.931867,1.096494,-0.451662,0.523454,1.253558,-0.125507,0.522750,1.261533,-0.423746,0.119904,1.155420,-0.124356,0.284584,0.920155,-0.309732,1.048952,1.082526,-0.312437,1.263288,1.086838,-0.318212,1.505548,1.100079,-0.325706,1.604571,1.130734,-0.352450,1.452650,1.098262,-0.281543,1.454282,1.099419,-0.487051,1.388601,1.108829,-0.142753,1.402050,1.110795,-0.543724,1.103893,1.097901,-0.061816,1.122397,1.116018,-0.568179,0.835271,1.182748,-0.009790,0.854198,1.188978,-0.453156,0.032716,1.309106,-0.088935,0.109134,0.927163,,,,,,,,,,-0.553413,0.823917,1.199382,-0.524459,0.779625,1.206305,-0.512151,0.746362,1.200899,-0.544719,0.744179,1.203094,-0.526164,0.714120,1.192472,-0.508209,0.698604,1.180402,-0.559371,0.741903,1.182156,-0.539401,0.713265,1.164136,-0.522629,0.699907,1.149124,-0.571334,0.741436,1.164701,-0.552995,0.714922,1.145611,-0.537415,0.706469,1.131018,-0.580018,0.746973,1.145406,-0.562322,0.725410,1.128090,-0.546196,0.717793,1.114004,-0.027703,0.845601,1.204106,-0.056278,0.800678,1.207763,-0.061164,0.765506,1.202624,-0.031735,0.769136,1.228279,-0.044896,0.734764,1.225838,-0.059558,0.715987,1.213946,-0.011858,0.763579,1.213038,-0.023284,0.726466,1.207067,-0.037327,0.712074,1.190305,0.004375,0.760277,1.199862,-0.005627,0.725151,1.191495,-0.018663,0.717906,1.174044,0.017555,0.761782,1.182472,0.008323,0.731980,1.172254,-0.003502,0.719827,1.157113,,,
79,2.633,-0.309876,0.944180,1.141771,-0.429311,0.944901,1.130794,-0.190442,0.943459,1.152748,-0.444152,0.520590,1.267077,-0.131637,0.556222,1.365872,-0.422024,0.119263,1.158863,-0.135856,0.273755,1.060163,-0.308820,1.061356,1.137978,-0.311944,1.275702,1.141378,-0.315167,1.518030,1.154246,-0.319730,1.617035,1.185529,-0.349859,1.465397,1.154327,-0.278976,1.466476,1.151847,-0.484452,1.403335,1.173419,-0.140463,1.412406,1.155111,-0.543804,1.119179,1.184502,-0.065624,1.131425,1.139864,-0.550639,0.862374,1.302652,-0.007681,0.858978,1.188603,-0.450394,0.032493,1.312980,-0.108149,0.103333,1.107859,,,,,,,,,,-0.533837,0.853299,1.318744,-0.503488,0.810347,1.327807,-0.490138,0.777079,1.326350,-0.523348,0.774728,1.331555,-0.505298,0.743740,1.322917,-0.488383,0.726973,1.311021,-0.540295,0.769733,1.312951,-0.521983,0.739082,1.296554,-0.506795,0.723959,1.281529,-0.554198,0.766988,1.297230,-0.537465,0.738542,1.279494,-0.523429,0.728556,1.264315,-0.565167,0.769969,1.278543,-0.549406,0.746301,1.262130,-0.534982,0.736930,1.247277,-0.023704,0.849195,1.205070,-0.052977,0.804673,1.208033,-0.059703,0.770321,1.200153,-0.026966,0.770727,1.221794,-0.041035,0.736824,1.218153,-0.057576,0.719337,1.206771,-0.009469,0.766409,1.203533,-0.022689,0.730256,1.195676,-0.039269,0.717794,1.179704,0.004765,0.764188,1.188026,-0.007082,0.730132,1.177843,-0.022485,0.724737,1.161700,0.015571,0.767240,1.169256,0.004446,0.738704,1.157436,-0.009478,0.728188,1.142863,,,
80,2.667,-0.309231,0.955408,1.198256,-0.428583,0.956975,1.186492,-0.189880,0.953842,1.210021,-0.435994,0.520056,1.275259,-0.137478,0.590216,1.462732,-0.419781,0.121005,1.157961,-0.142879,0.259988,1.209386,-0.307328,1.072576,1.194544,-0.310784,1.286923,1.197549,-0.310720,1.529273,1.210413,-0.312225,1.628176,1.242308,-0.345949,1.477026,1.212165,-0.275255,1.477322,1.206335,-0.480365,1.417336,1.238639,-0.137626,1.421099,1.202131,-0.542708,1.135313,1.269720,-0.069783,1.140240,1.166083,-0.525244,0.895170,1.417981,-0.010926,0.864866,1.191874,-0.446928,0.033470,1.311865,-0.117112,0.108595,1.301594,,,,,,,,,,-0.506117,0.888775,1.432709,-0.472665,0.848421,1.442735,-0.457248,0.816046,1.443904,-0.490007,0.812823,1.453187,-0.471406,0.781686,1.446472,-0.455078,0.764156,1.434856,-0.508852,0.804950,1.437657,-0.491121,0.773113,1.422969,-0.477114,0.756735,1.408115,-0.524440,0.799777,1.424306,-0.508629,0.769783,1.408363,-0.496071,0.758347,1.392916,-0.537790,0.800024,1.406983,-0.523086,0.774958,1.391703,-0.510190,0.764253,1.376355,-0.025531,0.854249,1.209125,-0.057072,0.811252,1.211225,-0.066838,0.778323,1.200850,-0.031885,0.774731,1.218298,-0.048351,0.742139,1.213081,-0.067154,0.726798,1.202126,-0.016935,0.771458,1.197705,-0.033291,0.737074,1.188022,-0.052389,0.727247,1.173055,-0.004766,0.770147,1.180436,-0.019881,0.738011,1.168492,-0.037370,0.735151,1.153900,0.003967,0.774597,1.160883,-0.010173,0.748031,1.147762,-0.026298,0.739789,1.134020,,,
81,2.700,-0.308756,0.962398,1.253514,-0.428000,0.964705,1.240822,-0.189511,0.960092,1.266205,-0.427513,0.520680,1.281742,-0.142336,0.619232,1.549792,-0.417735,0.123903,1.156297,-0.146032,0.244915,1.367756,-0.306161,1.079571,1.250431,-0.309874,1.293888,1.254903,-0.306046,1.536110,1.269483,-0.304594,1.634760,1.302159,-0.341843,1.484307,1.272453,-0.271486,1.483743,1.263436,-0.475875,1.426988,1.305337,-0.135060,1.425694,1.251660,-0.542641,1.148370,1.353335,-0.074769,1.146699,1.194122,-0.492891,0.929893,1.525811,-0.018703,0.869583,1.198989,-0.443532,0.035952,1.310197,-0.118185,0.125447,1.498286,,,,,,,,,,-0.471905,0.926442,1.538900,-0.435227,0.889360,1.550196,-0.417566,0.858363,1.553997,-0.449174,0.854844,1.567266,-0.429512,0.823925,1.563018,-0.413440,0.805628,1.552261,-0.469127,0.844081,1.555254,-0.451208,0.811261,1.543192,-0.437921,0.793538,1.529248,-0.485766,0.836431,1.544643,-0.470132,0.805042,1.531450,-0.458695,0.791954,1.516449,-0.500945,0.833690,1.529136,-0.486605,0.807305,1.515864,-0.474879,0.795047,1.500740,-0.032465,0.857958,1.216282,-0.066352,0.816733,1.216730,-0.078941,0.785688,1.203882,-0.042999,0.778368,1.217729,-0.061975,0.747568,1.210525,-0.082586,0.734662,1.199682,-0.030038,0.776548,1.195662,-0.049330,0.744395,1.183932,-0.070193,0.737349,1.169776,-0.019446,0.776465,1.177337,-0.037599,0.746755,1.163493,-0.056391,0.746515,1.150312,-0.012100,0.782530,1.157648,-0.028964,0.758351,1.143200,-0.046683,0.752549,1.130194,,,
82,2.733,-0.307170,0.965291,1.308094,-0.426342,0.968295,1.294888,-0.187997,0.962287,1.321300,-0.422344,0.522412,1.292666,-0.150994,0.636131,1.623104,-0.415942,0.129580,1.155166,-0.144199,0.230238,1.531079,-0.304014,1.082476,1.306276,-0.308664,1.296712,1.313136,-0.300401,1.538651,1.330343,-0.296536,1.636952,1.363860,-0.336855,1.487368,1.334225,-0.266958,1.485839,1.322232,-0.470358,1.432531,1.372969,-0.131986,1.426451,1.302840,-0.543095,1.158559,1.436518,-0.080370,1.150850,1.224333,-0.458962,0.963930,1.623591,-0.029473,0.873033,1.210634,-0.440368,0.041150,1.309015,-0.115628,0.143291,1.685060,,,,,,,,,,-0.436648,0.963083,1.634773,-0.397638,0.929097,1.647856,-0.378206,0.899727,1.654709,-0.408474,0.897496,1.671546,-0.388154,0.866746,1.670089,-0.372560,0.847340,1.660652,-0.429114,0.884515,1.663561,-0.411166,0.850600,1.655110,-0.398616,0.831159,1.642877,-0.446435,0.874901,1.656109,-0.431007,0.842114,1.646583,-0.420628,0.827004,1.632760,-0.462985,0.869373,1.642921,-0.448901,0.841515,1.632745,-0.438184,0.827207,1.618712,-0.042520,0.860061,1.227520,-0.078088,0.820306,1.225957,-0.092949,0.791361,1.210833,-0.056442,0.781243,1.221077,-0.077469,0.752385,1.211819,-0.099404,0.741755,1.201105,-0.045116,0.781424,1.198057,-0.066667,0.751607,1.184270,-0.088757,0.747066,1.170975,-0.035818,0.782998,1.179107,-0.056348,0.755830,1.163479,-0.076006,0.757852,1.151799,-0.029575,0.790950,1.159711,-0.048622,0.769246,1.144092,-0.067501,0.765645,1.131950,,,
83,2.767,-0.305377,0.964860,1.364479,-0.424387,0.970335,1.350616,-0.186367,0.959385,1.378343,-0.422395,0.526851,1.304233,-0.165253,0.629306,1.677399,-0.416768,0.138605,1.154245,-0.141454,0.213859,1.687457,-0.299992,1.081978,1.364502,-0.306969,1.296092,1.373012,-0.293532,1.537577,1.393091,-0.287841,1.635441,1.427612,-0.330762,1.486916,1.397696,-0.261417,1.484284,1.383000,-0.463548,1.434648,1.442051,-0.128206,1.423688,1.356482,-0.543002,1.166958,1.522167,-0.086649,1.152321,1.259441,-0.429151,0.994022,1.714745,-0.042237,0.874676,1.229419,-0.439805,0.048328,1.307233,-0.113189,0.161994,1.856564,,,,,,,,,,-0.405916,0.995230,1.723818,-0.365089,0.964221,1.738634,-0.344007,0.936880,1.748392,-0.373008,0.936855,1.768056,-0.352219,0.906452,1.770066,-0.337061,0.885830,1.762732,-0.393958,0.922548,1.764226,-0.375945,0.887870,1.760136,-0.363990,0.866745,1.750343,-0.411638,0.911681,1.760065,-0.396309,0.877891,1.754874,-0.386804,0.860748,1.742919,-0.429159,0.903906,1.749532,-0.415134,0.874938,1.743041,-0.405196,0.858602,1.730759,-0.054468,0.860349,1.245813,-0.091477,0.822015,1.242858,-0.108616,0.795257,1.226195,-0.071686,0.783098,1.232269,-0.094711,0.756346,1.221557,-0.117861,0.747908,1.211466,-0.062089,0.785418,1.208588,-0.085752,0.757984,1.193388,-0.108913,0.755629,1.181415,-0.054162,0.788744,1.189246,-0.076944,0.764167,1.172488,-0.097323,0.768110,1.162685,-0.049082,0.798542,1.170363,-0.070111,0.779215,1.154175,-0.089983,0.777428,1.143280,,,
84,2.800,-0.303902,0.960322,1.423071,-0.422667,0.968039,1.408206,-0.185137,0.952605,1.437936,-0.424081,0.529527,1.327349,-0.173865,0.603118,1.714638,-0.417750,0.150735,1.154896,-0.141759,0.198665,1.807648,-0.296566,1.077315,1.425193,-0.304874,1.291347,1.434525,-0.287783,1.532442,1.456427,-0.281068,1.629993,1.491642,-0.325509,1.482209,1.461641,-0.256655,1.478852,1.444920,-0.456907,1.430832,1.510900,-0.124913,1.417900,1.412526,-0.541921,1.170552,1.607939,-0.092158,1.150656,1.301659,-0.401165,1.017646,1.799675,-0.053054,0.873882,1.258914,-0.440116,0.057463,1.306178,-0.114812,0.183205,1.984060,,,,,,,,,,-0.377656,1.020830,1.807474,-0.335499,0.993579,1.825589,-0.312741,0.969205,1.838822,-0.341605,0.971375,1.859455,-0.319895,0.942352,1.866307,-0.304327,0.921114,1.862380,-0.362289,0.956204,1.858911,-0.343443,0.921767,1.860541,-0.331183,0.899493,1.854325,-0.379811,0.944436,1.857337,-0.363743,0.910593,1.857762,-0.354146,0.891786,1.848744,-0.397488,0.934651,1.848963,-0.382808,0.905340,1.847130,-0.372775,0.887343,1.837543,-0.064525,0.858425,1.274823,-0.102787,0.821400,1.271189,-0.121958,0.796639,1.253676,-0.084969,0.783143,1.255789,-0.109785,0.758356,1.244372,-0.133920,0.751751,1.235272,-0.076997,0.787365,1.231770,-0.102518,0.762068,1.215885,-0.126514,0.761440,1.205441,-0.070354,0.792238,1.212273,-0.095118,0.769976,1.195097,-0.115995,0.775380,1.187229,-0.066322,0.803580,1.194011,-0.089095,0.786320,1.177845,-0.109756,0.785975,1.168370,,,
85,2.833,-0.303549,0.951033,1.484469,-0.422169,0.959866,1.469085,-0.184928,0.942201,1.499854,-0.421047,0.531785,1.344274,-0.171951,0.562509,1.733303,-0.419059,0.158345,1.160420,-0.145568,0.179749,1.894740,-0.295405,1.067912,1.488783,-0.301957,1.281923,1.499832,-0.283298,1.522777,1.523071,-0.276098,1.620202,1.558539,-0.321186,1.472696,1.528565,-0.252632,1.469114,1.510695,-0.451394,1.421294,1.580862,-0.121908,1.408606,1.473678,-0.540669,1.168469,1.692663,-0.095820,1.144640,1.353573,-0.380824,1.030007,1.880368,-0.060180,0.869148,1.300712,-0.440364,0.061962,1.309894,-0.125101,0.181160,2.072688,,,,,,,,,,-0.357477,1.035397,1.887403,-0.314118,1.013161,1.909163,-0.289566,0.992803,1.925592,-0.319187,0.996184,1.946086,-0.296059,0.970020,1.957969,-0.279317,0.949320,1.957866,-0.339165,0.980206,1.948042,-0.318765,0.947450,1.955432,-0.305436,0.925050,1.953047,-0.356139,0.967568,1.948430,-0.338581,0.935037,1.954530,-0.328091,0.915437,1.948794,-0.373364,0.955833,1.941797,-0.357461,0.927255,1.944686,-0.346649,0.908377,1.938112,-0.070991,0.852533,1.315899,-0.109992,0.816389,1.311368,-0.130597,0.793385,1.293102,-0.093690,0.779372,1.291818,-0.119667,0.756118,1.279777,-0.144421,0.750761,1.271560,-0.087008,0.785521,1.267822,-0.113744,0.761954,1.251287,-0.138280,0.762497,1.242177,-0.081390,0.791950,1.248454,-0.107493,0.771570,1.230927,-0.128682,0.777899,1.224769,-0.078205,0.804750,1.231007,-0.102241,0.789230,1.214906,-0.123444,0.790017,1.206747,,,
86,2.867,-0.300080,0.936771,1.543067,-0.418774,0.944957,1.527887,-0.181387,0.928586,1.558247,-0.413220,0.528732,1.368016,-0.171543,0.550058,1.793730,-0.419440,0.168232,1.160015,-0.150032,0.162972,1.945275,-0.292597,1.053686,1.547604,-0.297232,1.267679,1.559895,-0.277641,1.508325,1.584488,-0.269824,1.605709,1.619939,-0.315630,1.458322,1.590002,-0.247248,1.454651,1.571502,-0.445634,1.407659,1.643514,-0.117378,1.394128,1.531615,-0.537569,1.160046,1.764450,-0.095423,1.131731,1.407321,-0.370295,1.027196,1.949721,-0.061567,0.857549,1.346998,-0.439835,0.062075,1.302846,-0.129884,0.151146,2.122871,,,,,,,,,,-0.347137,1.034277,1.955820,-0.302605,1.016270,1.979071,-0.277385,0.998395,1.997280,-0.306525,1.002948,2.017600,-0.282286,0.978610,2.031044,-0.264890,0.958493,2.032260,-0.325752,0.986407,2.021467,-0.303867,0.955302,2.031329,-0.289660,0.933328,2.030684,-0.342143,0.973155,2.023393,-0.323078,0.942073,2.032011,-0.311849,0.922490,2.027827,-0.358899,0.960072,2.018245,-0.341599,0.932693,2.023637,-0.329973,0.913784,2.018763,-0.072153,0.839839,1.361066,-0.111822,0.804703,1.354754,-0.133370,0.783571,1.335351,-0.096699,0.769281,1.331628,-0.123369,0.747454,1.318479,-0.148432,0.743099,1.310616,-0.090674,0.777363,1.308035,-0.118111,0.755494,1.290356,-0.142887,0.756998,1.282037,-0.085563,0.785345,1.289109,-0.112434,0.766817,1.270710,-0.133709,0.773863,1.265742,-0.082726,0.799541,1.272714,-0.107408,0.785659,1.256103,-0.128826,0.787282,1.248658,,,
87,2.900,-0.295432,0.923684,1.602414,-0.414397,0.928822,1.588046,-0.176467,0.918546,1.616781,-0.403435,0.519328,1.411900,-0.171915,0.556548,1.877106,-0.416739,0.178226,1.173709,-0.153940,0.155363,1.986609,-0.290653,1.040806,1.604723,-0.293641,1.254876,1.616150,-0.272588,1.495433,1.640396,-0.263444,1.592923,1.675232,-0.310833,1.445651,1.646131,-0.242556,1.441575,1.627334,-0.441346,1.396566,1.699876,-0.113651,1.379467,1.586758,-0.536622,1.149592,1.819524,-0.092203,1.115607,1.465505,-0.374964,1.014019,2.007785,-0.058577,0.841513,1.404663,-0.438369,0.055449,1.302332,-0.129890,0.113352,2.159071,,,,,,,,,,-0.351924,1.021325,2.014063,-0.307668,1.004004,2.038342,-0.283703,0.985651,2.057731,-0.312098,0.991503,2.077088,-0.288195,0.966676,2.090238,-0.271138,0.946259,2.091226,-0.331318,0.974971,2.081035,-0.309533,0.943820,2.090976,-0.295392,0.921803,2.090388,-0.347685,0.961697,2.083009,-0.328634,0.930664,2.091831,-0.317376,0.911073,2.087763,-0.364315,0.948438,2.077904,-0.346774,0.921325,2.083830,-0.334903,0.902472,2.079340,-0.069521,0.823231,1.417687,-0.109768,0.789203,1.409304,-0.131767,0.769464,1.388962,-0.095174,0.754872,1.384271,-0.122112,0.734278,1.369752,-0.147187,0.730768,1.361511,-0.088921,0.764156,1.361185,-0.116500,0.743653,1.342142,-0.141194,0.745897,1.333748,-0.083602,0.773094,1.342751,-0.110582,0.755976,1.323183,-0.131733,0.763542,1.318458,-0.080458,0.788135,1.327185,-0.105267,0.775505,1.309782,-0.126628,0.777748,1.302336,,,
88,2.933,-0.291198,0.914746,1.665289,-0.410340,0.918027,1.651874,-0.172056,0.911465,1.678704,-0.405948,0.507085,1.478842,-0.163173,0.558544,1.951101,-0.412539,0.196906,1.201337,-0.155258,0.146349,2.008512,-0.288149,1.031938,1.666871,-0.288844,1.246093,1.677009,-0.268257,1.486985,1.698130,-0.256651,1.584654,1.731709,-0.306320,1.437177,1.704777,-0.238181,1.433049,1.685495,-0.436826,1.388729,1.759113,-0.109984,1.369377,1.645099,-0.532370,1.136551,1.867130,-0.082251,1.101334,1.534793,-0.384481,0.991240,2.059402,-0.043845,0.825932,1.483423,-0.439880,0.048708,1.298166,-0.135574,0.078170,2.172982,,,,,,,,,,-0.361962,0.998315,2.067554,-0.319613,0.980227,2.094525,-0.298470,0.960168,2.115448,-0.326880,0.966672,2.132482,-0.304090,0.941322,2.146572,-0.287229,0.920780,2.148172,-0.346343,0.950084,2.134549,-0.325436,0.918441,2.144813,-0.311393,0.896356,2.144391,-0.362816,0.936799,2.134949,-0.344621,0.905419,2.144329,-0.333177,0.885870,2.140589,-0.379030,0.923726,2.128273,-0.361922,0.896400,2.134484,-0.349749,0.877686,2.130231,-0.055365,0.807475,1.495682,-0.095357,0.773758,1.485109,-0.116858,0.754283,1.463995,-0.079885,0.739799,1.460097,-0.106731,0.720117,1.444207,-0.131562,0.717289,1.435022,-0.072677,0.749449,1.437443,-0.099690,0.729613,1.416937,-0.124015,0.732248,1.407627,-0.066592,0.758677,1.419393,-0.093118,0.742277,1.398626,-0.114021,0.750156,1.393340,-0.062774,0.773967,1.404226,-0.087339,0.761813,1.386151,-0.108517,0.764313,1.378276,,,
89,2.967,-0.283778,0.910983,1.726976,-0.403115,0.913229,1.715180,-0.164441,0.908736,1.738771,-0.425639,0.488220,1.582166,-0.149068,0.556266,2.011463,-0.413937,0.219271,1.264687,-0.152770,0.140162,2.021825,-0.281703,1.028198,1.728302,-0.282487,1.242411,1.737135,-0.260539,1.483403,1.755577,-0.246765,1.581164,1.788052,-0.298758,1.433847,1.763150,-0.230857,1.429198,1.743161,-0.429575,1.386986,1.818126,-0.104043,1.362798,1.702796,-0.524950,1.127035,1.905983,-0.070172,1.089781,1.607410,-0.399935,0.960132,2.096954,-0.028669,0.812130,1.573529,-0.438382,0.044374,1.294676,-0.132913,0.058162,2.179838,,,,,,,,,,-0.378356,0.966082,2.108026,-0.339667,0.945200,2.138276,-0.322345,0.922577,2.160078,-0.351425,0.929407,2.174187,-0.331046,0.902503,2.189069,-0.314986,0.881377,2.191206,-0.371298,0.913225,2.172948,-0.352392,0.880385,2.183331,-0.338876,0.857973,2.182997,-0.387950,0.900372,2.170613,-0.371602,0.867970,2.179919,-0.360209,0.848376,2.176258,-0.403543,0.888181,2.161304,-0.387684,0.860051,2.167238,-0.375446,0.841384,2.162967,-0.041158,0.794060,1.585407,-0.080740,0.760491,1.572982,-0.100849,0.740852,1.550681,-0.064043,0.725841,1.549769,-0.091114,0.707446,1.532758,-0.115586,0.705814,1.522393,-0.055278,0.734917,1.527430,-0.081830,0.715814,1.505666,-0.105499,0.719249,1.495023,-0.047934,0.743685,1.509619,-0.074131,0.727953,1.487938,-0.094498,0.736469,1.481647,-0.042976,0.758598,1.494407,-0.067180,0.746560,1.475777,-0.088020,0.749518,1.467190,,,
90,3.000,-0.276881,0.910789,1.785899,-0.396422,0.912745,1.776331,-0.157339,0.908832,1.795467,-0.447474,0.474696,1.710458,-0.136095,0.548464,2.057224,-0.426313,0.256366,1.356696,-0.150979,0.133621,2.026450,-0.275078,1.028008,1.787339,-0.277010,1.242219,1.796031,-0.256554,1.483398,1.813730,-0.242105,1.581212,1.845745,-0.294488,1.433637,1.821391,-0.226522,1.429333,1.801547,-0.425479,1.386643,1.875837,-0.100017,1.361917,1.761900,-0.515751,1.119145,1.944285,-0.057773,1.084902,1.682767,-0.417533,0.924186,2.124006,-0.012107,0.806050,1.671973,-0.441652,0.080357,1.327171,-0.128576,0.048674,2.182554,,,,,,,,,,-0.397293,0.928050,2.138114,-0.363057,0.902505,2.170105,-0.349117,0.876942,2.191065,-0.379437,0.883352,2.202386,-0.361902,0.854147,2.216535,-0.346886,0.832227,2.218222,-0.399424,0.868186,2.197022,-0.382994,0.833647,2.206016,-0.370244,0.810815,2.204904,-0.416000,0.856319,2.191328,-0.401744,0.822487,2.198807,-0.390512,0.802959,2.194379,-0.430670,0.845831,2.178951,-0.416525,0.816518,2.183268,-0.404466,0.797915,2.178270,-0.024652,0.788557,1.684632,-0.062602,0.752875,1.673030,-0.080637,0.731108,1.650933,-0.043799,0.717092,1.653427,-0.070529,0.697807,1.636869,-0.094697,0.695698,1.625895,-0.034198,0.724695,1.630882,-0.060033,0.704206,1.609519,-0.083324,0.707014,1.597902,-0.026233,0.732294,1.612804,-0.051813,0.715006,1.591575,-0.072030,0.722996,1.584201,-0.020953,0.746141,1.596717,-0.044567,0.732369,1.578536,-0.065250,0.734479,1.569342,,,
91,3.033,-0.271618,0.914372,1.840941,-0.391362,0.916057,1.834306,-0.151873,0.912687,1.847577,-0.453678,0.474656,1.844983,-0.126827,0.539836,2.090861,-0.433749,0.286758,1.474091,-0.148146,0.128446,2.031138,-0.270055,1.031593,1.842517,-0.273274,1.245702,1.853133,-0.255633,1.486852,1.873973,-0.241793,1.584461,1.906874,-0.293251,1.436647,1.880154,-0.224781,1.433218,1.861939,-0.425028,1.387755,1.930907,-0.097498,1.366039,1.824436,-0.507161,1.114175,1.983802,-0.048599,1.086260,1.760275,-0.441973,0.888043,2.140551,-0.000770,0.807883,1.773642,-0.451603,0.114331,1.428967,-0.123247,0.043878,2.187070,,,,,,,,,,-0.422770,0.888078,2.156515,-0.392275,0.855158,2.185400,-0.380662,0.825673,2.202219,-0.411948,0.831287,2.212240,-0.396729,0.798991,2.221509,-0.382788,0.776370,2.219837,-0.432065,0.818525,2.202715,-0.417989,0.781979,2.205873,-0.406255,0.759058,2.201177,-0.448619,0.808871,2.193730,-0.436360,0.773500,2.195286,-0.425635,0.754613,2.187846,-0.462688,0.801704,2.178594,-0.450614,0.771179,2.177917,-0.439279,0.753090,2.170121,-0.012087,0.791212,1.788394,-0.047561,0.751953,1.781441,-0.064067,0.726589,1.762165,-0.026417,0.715439,1.766018,-0.052478,0.693193,1.752360,-0.076698,0.688795,1.742212,-0.017385,0.720946,1.742643,-0.042635,0.697168,1.724186,-0.066205,0.697769,1.712811,-0.009977,0.726868,1.723721,-0.034994,0.706093,1.705107,-0.055691,0.712268,1.697332,-0.005667,0.739035,1.706064,-0.028747,0.722053,1.690040,-0.049642,0.722018,1.681085,,,
92,3.067,-0.268773,0.922483,1.894707,-0.388614,0.923778,1.890015,-0.148932,0.921188,1.899399,-0.453580,0.489657,1.968445,-0.126458,0.531750,2.115422,-0.430296,0.296692,1.600360,-0.146625,0.123281,2.037898,-0.267576,1.039705,1.896470,-0.271259,1.253688,1.909249,-0.256084,1.494541,1.934911,-0.244143,1.591745,1.969702,-0.293649,1.444043,1.938459,-0.224372,1.441280,1.923469,-0.427058,1.392781,1.982113,-0.095103,1.375157,1.891256,-0.501058,1.114278,2.018854,-0.040441,1.093271,1.842919,-0.470867,0.863010,2.144982,0.006185,0.817190,1.882487,-0.453623,0.120971,1.574598,-0.120698,0.038955,2.193792,,,,,,,,,,-0.452080,0.857950,2.160638,-0.423823,0.817191,2.180340,-0.413553,0.783993,2.189262,-0.445208,0.788197,2.199816,-0.431363,0.754008,2.200036,-0.418254,0.732150,2.192343,-0.465639,0.779359,2.187060,-0.453250,0.742731,2.180086,-0.442460,0.721462,2.169302,-0.482386,0.773201,2.175675,-0.471648,0.738227,2.167595,-0.461578,0.721613,2.155360,-0.496387,0.770910,2.159029,-0.486102,0.741020,2.150153,-0.475671,0.725073,2.137769,-0.003644,0.802257,1.899923,-0.036583,0.760270,1.900073,-0.052191,0.731229,1.885915,-0.013431,0.723237,1.889546,-0.037921,0.697254,1.880288,-0.061927,0.689552,1.871724,-0.005344,0.725716,1.865323,-0.029325,0.697811,1.851543,-0.053147,0.695115,1.841028,0.001200,0.729173,1.845493,-0.022507,0.704097,1.830896,-0.043733,0.707565,1.822873,0.004269,0.738791,1.826090,-0.017633,0.718034,1.813157,-0.038556,0.715212,1.804727,,,
93,3.100,-0.270046,0.935517,1.948334,-0.389912,0.936582,1.944276,-0.150179,0.934453,1.952392,-0.457036,0.516150,2.076804,-0.135757,0.526156,2.131050,-0.424583,0.284724,1.732344,-0.147874,0.119374,2.043616,-0.269071,1.052739,1.950299,-0.272202,1.266656,1.964278,-0.259356,1.507245,1.993443,-0.250240,1.604102,2.030010,-0.296883,1.456601,1.994294,-0.226859,1.454209,1.983221,-0.432091,1.403632,2.029574,-0.095346,1.389292,1.958513,-0.499797,1.121600,2.045800,-0.036151,1.105749,1.928799,-0.497677,0.854607,2.138887,0.003251,0.834053,1.996541,-0.445120,0.106804,1.735316,-0.122512,0.035110,2.199638,,,,,,,,,,-0.479450,0.844982,2.152986,-0.452899,0.799536,2.161798,-0.443267,0.764979,2.162224,-0.475606,0.767221,2.172631,-0.462567,0.733804,2.164034,-0.449782,0.714393,2.151051,-0.495954,0.762737,2.157660,-0.484433,0.728898,2.141355,-0.473990,0.710925,2.125448,-0.512577,0.760353,2.144777,-0.502556,0.728471,2.127840,-0.492622,0.715408,2.111784,-0.526211,0.762979,2.127877,-0.516788,0.736159,2.111451,-0.506638,0.723734,2.095355,-0.006602,0.821899,2.016005,-0.038345,0.779484,2.022433,-0.052939,0.748023,2.013236,-0.013899,0.741979,2.018679,-0.036447,0.713214,2.013701,-0.059671,0.702566,2.006206,-0.005263,0.740679,1.994555,-0.027606,0.709687,1.985397,-0.050990,0.704023,1.975080,0.001692,0.741020,1.974567,-0.020180,0.712530,1.963898,-0.041260,0.713389,1.954851,0.004990,0.747393,1.953905,-0.015478,0.723812,1.943766,-0.035885,0.718612,1.935206,,,
94,3.133,-0.275066,0.951462,2.000173,-0.394928,0.952336,1.995940,-0.155204,0.950588,2.004405,-0.461400,0.546411,2.168101,-0.149464,0.525032,2.137454,-0.421966,0.258851,1.869744,-0.151838,0.118520,2.047980,-0.274279,1.068686,2.002089,-0.276495,1.282518,2.017469,-0.265889,1.522956,2.048705,-0.259774,1.619642,2.086333,-0.303254,1.472204,2.047344,-0.232751,1.470076,2.039824,-0.439922,1.418368,2.074824,-0.099448,1.406357,2.022787,-0.503753,1.135076,2.067026,-0.036822,1.122193,2.012176,-0.522228,0.859254,2.126494,-0.009652,0.857158,2.106932,-0.441710,0.085852,1.911787,-0.128439,0.034164,2.204257,,,,,,,,,,-0.504769,0.846250,2.138729,-0.479140,0.799448,2.137869,-0.469201,0.765629,2.131187,-0.502665,0.765990,2.139953,-0.489624,0.734563,2.125710,-0.476345,0.717737,2.109919,-0.522355,0.765518,2.123512,-0.510674,0.735510,2.101000,-0.499779,0.720958,2.082168,-0.538398,0.766527,2.109742,-0.528334,0.738526,2.086972,-0.517953,0.728756,2.068976,-0.551217,0.773275,2.093355,-0.541832,0.750637,2.071505,-0.531366,0.741948,2.053299,-0.021653,0.848082,2.126863,-0.054022,0.806734,2.136379,-0.067573,0.773995,2.130730,-0.029404,0.769486,2.141361,-0.050464,0.739285,2.139130,-0.072429,0.726463,2.131251,-0.018124,0.764523,2.118857,-0.039011,0.731828,2.112667,-0.061054,0.723860,2.101009,-0.008975,0.761809,2.099965,-0.028934,0.731163,2.091822,-0.048829,0.729751,2.080457,-0.003367,0.764887,2.079049,-0.022202,0.739444,2.070348,-0.041353,0.732384,2.060339,,,
95,3.167,-0.281711,0.966562,2.055731,-0.401549,0.967123,2.050828,-0.161872,0.966002,2.060634,-0.464150,0.571975,2.247733,-0.161420,0.527482,2.141457,-0.426316,0.224447,2.021777,-0.157007,0.119944,2.056858,-0.281222,1.083794,2.057189,-0.282740,1.297466,2.074737,-0.274580,1.537775,2.107656,-0.271124,1.634437,2.145681,-0.311599,1.486842,2.104624,-0.240854,1.485114,2.099732,-0.448875,1.431638,2.125584,-0.106205,1.422960,2.088478,-0.509917,1.149946,2.089344,-0.039642,1.139546,2.093943,-0.540045,0.869993,2.115293,-0.026822,0.883012,2.212207,-0.451021,0.069132,2.107527,-0.135990,0.035187,2.213258,,,,,,,,,,-0.523275,0.854891,2.125986,-0.497162,0.809031,2.118047,-0.486058,0.777053,2.106163,-0.520427,0.775821,2.112295,-0.506548,0.746180,2.095284,-0.492118,0.731214,2.078653,-0.539015,0.778479,2.094810,-0.526095,0.751856,2.068964,-0.514049,0.739992,2.048983,-0.554149,0.782083,2.080459,-0.543239,0.757409,2.054461,-0.531964,0.750077,2.035853,-0.565957,0.791809,2.064827,-0.555624,0.773280,2.039770,-0.544282,0.767840,2.020842,-0.041602,0.876808,2.231355,-0.075231,0.836823,2.242229,-0.088069,0.803413,2.239702,-0.051790,0.801122,2.256167,-0.071982,0.770255,2.256025,-0.092500,0.755609,2.247453,-0.037433,0.793053,2.236493,-0.057229,0.759340,2.232598,-0.077408,0.749187,2.219368,-0.025689,0.787709,2.219714,-0.044085,0.755620,2.213735,-0.062135,0.751916,2.200044,-0.017129,0.787736,2.199587,-0.034424,0.760844,2.192138,-0.051880,0.751933,2.180618,,,
96,3.200,-0.287297,0.977556,2.098720,-0.407183,0.978497,2.095289,-0.167409,0.976616,2.102151,-0.461074,0.586609,2.301086,-0.169556,0.531736,2.132321,-0.428172,0.191897,2.173088,-0.163210,0.125467,2.041943,-0.286461,1.094759,2.101646,-0.287532,1.308332,2.120383,-0.283456,1.548841,2.152592,-0.282413,1.645644,2.190403,-0.319702,1.497409,2.148741,-0.248833,1.496608,2.145797,-0.457363,1.441242,2.163774,-0.112886,1.436623,2.139418,-0.515355,1.163310,2.102290,-0.037419,1.156236,2.161133,-0.548274,0.882487,2.105473,-0.032928,0.910006,2.300098,-0.456450,0.065291,2.296609,-0.141824,0.041558,2.198750,,,,,,,,,,-0.531840,0.867196,2.116416,-0.502667,0.823494,2.107087,-0.488516,0.793305,2.093839,-0.523456,0.789982,2.096040,-0.506515,0.762268,2.078560,-0.489732,0.749173,2.062569,-0.540372,0.793459,2.077065,-0.523791,0.769566,2.050646,-0.509320,0.759855,2.031118,-0.554211,0.797733,2.061632,-0.539890,0.775613,2.034997,-0.526624,0.770187,2.017063,-0.564947,0.808364,2.045817,-0.551501,0.792545,2.020383,-0.538223,0.789253,2.002235,-0.049224,0.903999,2.318041,-0.083351,0.863906,2.326755,-0.095810,0.830385,2.323844,-0.060902,0.828661,2.343251,-0.080935,0.797723,2.341808,-0.100600,0.782884,2.331707,-0.044877,0.820385,2.325004,-0.064244,0.786587,2.319887,-0.083210,0.776235,2.305107,-0.031720,0.814860,2.309371,-0.049451,0.782601,2.302382,-0.066274,0.778619,2.287280,-0.021493,0.814619,2.290039,-0.038035,0.787538,2.281625,-0.054451,0.778386,2.268836,,,
97,3.233,-0.291456,0.980204,2.151249,-0.411362,0.980370,2.148413,-0.171550,0.980038,2.154085,-0.452734,0.581017,2.342419,-0.171150,0.534178,2.147626,-0.429790,0.165401,2.341537,-0.166832,0.131070,2.043951,-0.291396,1.097367,2.155551,-0.291094,1.310853,2.175275,-0.291396,1.551479,2.206868,-0.292581,1.648445,2.244253,-0.326785,1.499544,2.201949,-0.255852,1.499708,2.201410,-0.464516,1.442187,2.210412,-0.118274,1.443208,2.201179,-0.515528,1.169332,2.124751,-0.031244,1.168105,2.240272,-0.548133,0.889148,2.105031,-0.039957,0.936583,2.402389,-0.462889,0.076354,2.493396,-0.144369,0.047531,2.200804,,,,,,,,,,-0.532274,0.873746,2.116646,-0.500558,0.831770,2.107698,-0.483873,0.803011,2.094219,-0.518750,0.798360,2.092530,-0.499113,0.772381,2.075207,-0.480336,0.760889,2.060235,-0.533800,0.802489,2.072165,-0.513677,0.780909,2.046221,-0.496919,0.772961,2.027752,-0.546180,0.807286,2.055682,-0.528385,0.787426,2.029363,-0.513179,0.783615,2.012588,-0.555695,0.818554,2.039530,-0.539081,0.804869,2.014738,-0.523891,0.803206,1.997915,-0.058029,0.930842,2.418640,-0.092255,0.890386,2.424953,-0.104262,0.856693,2.422125,-0.071190,0.856151,2.445016,-0.090894,0.825134,2.441808,-0.109215,0.810041,2.429744,-0.053124,0.847603,2.428927,-0.071597,0.813538,2.422451,-0.088698,0.802705,2.405853,-0.038241,0.841832,2.415029,-0.055011,0.809321,2.406924,-0.070051,0.804900,2.390155,-0.025947,0.841163,2.396951,-0.041565,0.813819,2.387667,-0.056570,0.804276,2.373504,,,
98,3.267,-0.294647,0.974158,2.200795,-0.414521,0.970782,2.198724,-0.174773,0.977534,2.202867,-0.447247,0.576453,2.404311,-0.164906,0.532312,2.180226,-0.441492,0.171939,2.502285,-0.163957,0.138484,2.045459,-0.298035,1.091234,2.206019,-0.294922,1.304693,2.225805,-0.300488,1.545362,2.256562,-0.303473,1.642483,2.293442,-0.334782,1.492819,2.250480,-0.263893,1.494190,2.252625,-0.472086,1.433883,2.252831,-0.124923,1.441644,2.259447,-0.512080,1.166586,2.146329,-0.025713,1.174484,2.319172,-0.540951,0.888374,2.104861,-0.043652,0.957166,2.499203,-0.477419,0.122330,2.670613,-0.141503,0.052349,2.200903,,,,,,,,,,-0.526123,0.872731,2.117473,-0.492657,0.831793,2.110254,-0.473822,0.803990,2.097629,-0.508290,0.798811,2.091678,-0.486371,0.773949,2.075490,-0.465847,0.763444,2.062177,-0.521088,0.803620,2.069968,-0.497792,0.783583,2.045481,-0.478948,0.776765,2.028643,-0.531677,0.808962,2.052437,-0.510653,0.790674,2.027391,-0.493616,0.787917,2.012250,-0.539605,0.820803,2.035844,-0.520012,0.808587,2.012503,-0.503005,0.807978,1.997440,-0.063357,0.952048,2.513665,-0.097408,0.911275,2.518763,-0.109338,0.877472,2.517188,-0.078201,0.878908,2.543293,-0.097272,0.847589,2.539292,-0.113942,0.831736,2.525885,-0.058285,0.869780,2.529939,-0.075513,0.835088,2.523362,-0.090445,0.823045,2.505549,-0.041824,0.863487,2.518214,-0.057397,0.830389,2.510099,-0.070401,0.824884,2.492001,-0.027545,0.861955,2.501717,-0.042123,0.834021,2.492498,-0.055532,0.823566,2.477410,,,
99,3.300,-0.297543,0.962395,2.256153,-0.417285,0.955531,2.255660,-0.177801,0.969261,2.256647,-0.444642,0.574950,2.486404,-0.158510,0.525808,2.214103,-0.462393,0.189473,2.642466,-0.160753,0.144007,2.048311,-0.304269,1.079303,2.261899,-0.299787,1.292841,2.280532,-0.309906,1.533551,2.309777,-0.314155,1.630809,2.346166,-0.343205,1.480463,2.302946,-0.272443,1.482921,2.307238,-0.480214,1.420860,2.300218,-0.133247,1.432384,2.321053,-0.509240,1.159150,2.177518,-0.025327,1.174822,2.403507,-0.534448,0.884332,2.115920,-0.051287,0.969838,2.596557,-0.500212,0.180634,2.817331,-0.138060,0.054472,2.201787,,,,,,,,,,-0.520755,0.868126,2.129093,-0.486147,0.827952,2.123070,-0.465759,0.801078,2.110851,-0.499337,0.795944,2.101190,-0.475181,0.772827,2.085612,-0.453140,0.763797,2.073718,-0.509931,0.801866,2.078586,-0.483802,0.783906,2.055381,-0.463198,0.778550,2.040154,-0.518760,0.808104,2.060389,-0.494765,0.792003,2.036539,-0.476187,0.790629,2.023120,-0.525130,0.820798,2.043756,-0.503044,0.810357,2.021821,-0.484600,0.810930,2.008555,-0.072160,0.965544,2.609578,-0.105724,0.924471,2.615448,-0.117256,0.890503,2.616182,-0.088269,0.895129,2.644648,-0.106413,0.863157,2.641623,-0.121466,0.845820,2.628140,-0.067009,0.885359,2.634122,-0.082855,0.849737,2.629267,-0.095784,0.835717,2.611334,-0.049397,0.878463,2.624619,-0.063626,0.844414,2.618136,-0.074770,0.837010,2.599483,-0.033603,0.875792,2.609726,-0.046954,0.846815,2.601987,-0.058817,0.834703,2.586843,,,
100,3.333,-0.301319,0.947209,2.315094,-0.420966,0.939003,2.316745,-0.181671,0.955416,2.313443,-0.444916,0.578883,2.578609,-0.157365,0.515375,2.245572,-0.474474,0.203066,2.755105,-0.161674,0.147603,2.050665,-0.309243,1.064013,2.321398,-0.305813,1.277668,2.338876,-0.317912,1.518449,2.366748,-0.322823,1.615865,2.402629,-0.350762,1.465123,2.359604,-0.280101,1.468041,2.365109,-0.487833,1.405999,2.352732,-0.141500,1.417731,2.384569,-0.509071,1.148284,2.220362,-0.028537,1.169454,2.486460,-0.533208,0.877771,2.141654,-0.058499,0.973159,2.687783,-0.512092,0.228386,2.928397,-0.137732,0.056312,2.202912,,,,,,,,,,-0.520263,0.860899,2.154745,-0.485069,0.821241,2.148698,-0.463617,0.795106,2.136702,-0.496633,0.790465,2.124278,-0.470311,0.770542,2.107819,-0.447204,0.764120,2.096259,-0.505820,0.797609,2.101413,-0.477478,0.782761,2.078609,-0.455735,0.779562,2.064393,-0.513526,0.804826,2.083068,-0.487094,0.791823,2.059916,-0.467533,0.792360,2.047908,-0.518921,0.818412,2.066798,-0.495076,0.809859,2.045913,-0.475742,0.811638,2.034101,-0.079951,0.969076,2.699899,-0.112299,0.927268,2.707224,-0.122198,0.892896,2.710041,-0.095590,0.901118,2.739708,-0.112365,0.868303,2.738166,-0.125924,0.849383,2.725238,-0.073392,0.891411,2.731263,-0.087525,0.854856,2.728498,-0.098786,0.838926,2.711041,-0.055001,0.884500,2.723388,-0.067565,0.849495,2.718841,-0.077268,0.840213,2.700223,-0.038249,0.881287,2.709697,-0.050126,0.851264,2.703749,-0.060660,0.837472,2.689065,,,
101,3.367,-0.306161,0.933346,2.376452,-0.425791,0.925380,2.379733,-0.186531,0.941313,2.373171,-0.449384,0.568117,2.645513,-0.161645,0.506622,2.276959,-0.472310,0.192063,2.822491,-0.164197,0.153281,2.056942,-0.313764,1.050164,2.382900,-0.312436,1.263846,2.400334,-0.325583,1.504551,2.428383,-0.331436,1.601995,2.464049,-0.358171,1.451180,2.420427,-0.287652,1.454215,2.427474,-0.494772,1.391625,2.409260,-0.149516,1.404665,2.451633,-0.509614,1.134704,2.274496,-0.034860,1.162051,2.564663,-0.533259,0.868209,2.182975,-0.063098,0.969065,2.769405,-0.504961,0.213252,2.997337,-0.139717,0.055943,2.205308,,,,,,,,,,-0.520457,0.850717,2.195374,-0.484910,0.811628,2.187853,-0.463116,0.786316,2.174759,-0.495826,0.782167,2.161583,-0.468741,0.764367,2.143971,-0.445348,0.759559,2.132203,-0.504629,0.790497,2.138969,-0.475488,0.777815,2.115867,-0.453394,0.776044,2.101946,-0.512036,0.798661,2.120901,-0.484742,0.787736,2.097675,-0.464903,0.789447,2.086246,-0.517210,0.813083,2.105292,-0.492736,0.805902,2.084619,-0.473118,0.808483,2.073440,-0.084805,0.965195,2.781129,-0.116173,0.923039,2.790452,-0.124877,0.888583,2.795393,-0.099786,0.899777,2.825217,-0.115588,0.866448,2.825464,-0.128185,0.846286,2.813474,-0.077060,0.890181,2.818164,-0.089994,0.853086,2.817649,-0.100204,0.835601,2.801056,-0.058235,0.883297,2.811365,-0.069671,0.847703,2.808888,-0.078497,0.836883,2.790668,-0.040966,0.879638,2.798451,-0.051816,0.848926,2.794345,-0.061492,0.833814,2.780388,,,
102,3.400,-0.312011,0.921082,2.440536,-0.431759,0.915117,2.443781,-0.192264,0.927048,2.437290,-0.452956,0.549396,2.698009,-0.171186,0.500095,2.310408,-0.465814,0.166203,2.860062,-0.167031,0.161238,2.068700,-0.317723,1.038104,2.444901,-0.318878,1.251957,2.460099,-0.334061,1.492761,2.486213,-0.341789,1.590431,2.520887,-0.366130,1.439172,2.477631,-0.295868,1.442618,2.486753,-0.501605,1.377667,2.463668,-0.157913,1.394977,2.515372,-0.513566,1.118033,2.333912,-0.042714,1.153404,2.630069,-0.537346,0.852318,2.240182,-0.063299,0.957134,2.832590,-0.489277,0.149849,3.036890,-0.141594,0.051690,2.208122,,,,,,,,,,-0.524483,0.834074,2.251376,-0.490166,0.794558,2.240942,-0.469639,0.769415,2.225658,-0.502766,0.766407,2.213997,-0.476804,0.748866,2.194531,-0.454024,0.744119,2.181597,-0.512240,0.775818,2.192090,-0.484291,0.763359,2.167445,-0.462777,0.761608,2.152641,-0.520148,0.784853,2.174659,-0.493988,0.774274,2.150011,-0.474554,0.776004,2.137910,-0.525587,0.799993,2.159840,-0.501980,0.792986,2.138124,-0.482680,0.795487,2.126388,-0.084962,0.953368,2.844430,-0.115444,0.911043,2.855718,-0.122995,0.876585,2.862274,-0.098688,0.889871,2.891624,-0.113599,0.856222,2.894079,-0.125698,0.835013,2.883463,-0.075733,0.880440,2.885111,-0.087700,0.843056,2.886784,-0.097446,0.824363,2.871262,-0.056738,0.873645,2.878707,-0.067161,0.837658,2.878294,-0.075641,0.825562,2.860723,-0.039344,0.869737,2.866035,-0.049104,0.838485,2.863614,-0.058191,0.822320,2.850464,,,
103,3.433,-0.319011,0.911140,2.507823,-0.438856,0.906567,2.509139,-0.199165,0.915713,2.506507,-0.455344,0.531973,2.750470,-0.181906,0.500813,2.344047,-0.461065,0.139585,2.889258,-0.166342,0.174952,2.085521,-0.323448,1.028262,2.510715,-0.327129,1.242357,2.521454,-0.343248,1.483734,2.540849,-0.353541,1.581984,2.573138,-0.375017,1.429889,2.532774,-0.305041,1.433684,2.543762,-0.509703,1.367025,2.517305,-0.167436,1.387415,2.576076,-0.523703,1.102519,2.398015,-0.054725,1.142433,2.685912,-0.549691,0.833598,2.314581,-0.066238,0.937671,2.880592,-0.483344,0.082037,3.057418,-0.139642,0.043936,2.204718,,,,,,,,,,-0.536744,0.814832,2.324771,-0.504403,0.774402,2.311830,-0.485892,0.748960,2.294590,-0.519525,0.746980,2.285436,-0.495371,0.728973,2.264153,-0.473605,0.723742,2.249742,-0.530031,0.756942,2.264255,-0.503933,0.743929,2.237925,-0.483367,0.741701,2.221887,-0.538710,0.766426,2.247441,-0.514380,0.755380,2.221177,-0.495652,0.756674,2.207960,-0.544572,0.781903,2.233141,-0.522405,0.774300,2.210146,-0.503693,0.776244,2.197396,-0.087866,0.934035,2.892534,-0.118187,0.891807,2.904595,-0.124819,0.857263,2.911671,-0.101297,0.871304,2.940825,-0.115597,0.837604,2.945346,-0.127545,0.815670,2.936121,-0.078323,0.861840,2.934431,-0.089789,0.824419,2.937862,-0.099471,0.804935,2.923303,-0.059316,0.855000,2.928109,-0.069061,0.818838,2.929228,-0.077433,0.805885,2.912226,-0.041932,0.850934,2.915474,-0.050852,0.819373,2.914007,-0.059529,0.802637,2.901304,,,
104,3.467,-0.328632,0.904989,2.572115,-0.448520,0.901600,2.571148,-0.208743,0.908377,2.573083,-0.469100,0.531201,2.818562,-0.183526,0.492678,2.413739,-0.466510,0.125880,2.913279,-0.162602,0.192916,2.125695,-0.331956,1.022173,2.573653,-0.338772,1.236330,2.581156,-0.352644,1.478292,2.593823,-0.365005,1.577168,2.623358,-0.384868,1.424564,2.586844,-0.314985,1.427964,2.598529,-0.519761,1.362083,2.571633,-0.178062,1.380916,2.632573,-0.542227,1.092917,2.464700,-0.071289,1.128039,2.729716,-0.574948,0.819998,2.398369,-0.073873,0.910502,2.910356,-0.489670,0.038182,3.067742,-0.135270,0.033924,2.203546,,,,,,,,,,-0.561938,0.801508,2.408977,-0.530436,0.760172,2.396856,-0.512941,0.733928,2.379759,-0.546601,0.731872,2.372056,-0.523211,0.712998,2.350672,-0.501937,0.707124,2.335781,-0.557578,0.741079,2.350772,-0.532236,0.726800,2.324359,-0.512089,0.723755,2.307930,-0.566613,0.749966,2.333820,-0.543041,0.737600,2.307453,-0.524634,0.738146,2.293741,-0.572692,0.764911,2.319052,-0.550960,0.755833,2.296177,-0.532410,0.756822,2.283084,-0.095510,0.907159,2.922369,-0.126704,0.865432,2.933937,-0.134381,0.831009,2.940534,-0.110073,0.843973,2.969731,-0.124700,0.810519,2.974971,-0.137110,0.788619,2.966291,-0.087354,0.834102,2.963048,-0.099347,0.796880,2.966835,-0.109536,0.777415,2.952600,-0.068543,0.826940,2.956502,-0.078704,0.790900,2.957817,-0.087412,0.777992,2.940950,-0.051327,0.822691,2.943698,-0.060557,0.791229,2.942034,-0.069470,0.774612,2.929336,,,
105,3.500,-0.339766,0.902298,2.633289,-0.459643,0.899525,2.630576,-0.219889,0.905071,2.636001,-0.489496,0.542592,2.896171,-0.172151,0.475546,2.526177,-0.473808,0.127144,2.916670,-0.154054,0.218714,2.199109,-0.342482,1.019508,2.633482,-0.349956,1.233696,2.639279,-0.363880,1.475823,2.648194,-0.377547,1.575034,2.675974,-0.396100,1.421983,2.642115,-0.326196,1.425584,2.653614,-0.530785,1.358447,2.629680,-0.189216,1.378471,2.687335,-0.562222,1.084945,2.536954,-0.084349,1.117714,2.763442,-0.599544,0.808049,2.493472,-0.074200,0.885124,2.923940,-0.499594,0.039724,3.070874,-0.135614,0.040734,2.207448,,,,,,,,,,-0.586519,0.790657,2.505781,-0.555515,0.747992,2.497631,-0.539023,0.720136,2.482164,-0.572260,0.717395,2.476169,-0.549559,0.696202,2.456265,-0.528711,0.688592,2.441560,-0.583482,0.724417,2.454191,-0.558617,0.707244,2.429080,-0.538729,0.702328,2.412790,-0.592700,0.731558,2.436527,-0.569721,0.716150,2.411262,-0.551552,0.714988,2.397275,-0.598885,0.744925,2.420357,-0.577238,0.733025,2.398728,-0.558683,0.732244,2.385630,-0.095504,0.881153,2.936349,-0.126423,0.838872,2.946564,-0.134528,0.804290,2.951640,-0.108847,0.815569,2.980716,-0.123176,0.781845,2.984949,-0.135778,0.760277,2.975731,-0.086332,0.806065,2.972904,-0.098036,0.768655,2.975573,-0.108594,0.749664,2.960972,-0.067716,0.799259,2.965479,-0.077752,0.763160,2.965411,-0.086915,0.750995,2.948236,-0.050862,0.795689,2.952003,-0.060073,0.764316,2.949054,-0.069301,0.748281,2.935844,,,
