frame_id,landmark,x,y,z,visibility,image_path
0,NOSE,0.24612613022327423,0.2602100670337677,-0.05925218015909195,0.9949952363967896,CapturedFrames_4.0_1.5_-5.0/video.mp4#frame=0
0,LEFT_EYE_INNER,0.2432141751050949,0.25132203102111816,-0.05551645904779434,0.9879323840141296,CapturedFrames_4.0_1.5_-5.0/video.mp4#frame=0
0,LEFT_EYE,0.24240684509277344,0.2509302794933319,-0.05554293468594551,0.988102376461029,CapturedFrames_4.0_1.5_-5.0/video.mp4#frame=0
0,LEFT_EYE_OUTER,0.24149322509765625,0.2505989074707031,-0.055539727210998535,0.9899308681488037,CapturedFrames_4.0_1.5_-5.0/video.mp4#frame=0
0,RIGHT_EYE_INNER,0.24398639798164368,0.2516646087169647,-0.07141946256160736,0.9928106665611267,CapturedFrames_4.0_1.5_-5.0/video.mp4#frame=0
0,RIGHT_EYE,0.24377772212028503,0.2515358328819275,-0.07141648977994919,0.9930047392845154,CapturedFrames_4.0_1.5_-5.0/video.mp4#frame=0
0,RIGHT_EYE_OUTER,0.24352392554283142,0.2515244483947754,-0.07144062221050262,0.9940699338912964,CapturedFrames_4.0_1.5_-5.0/video.mp4#frame=0
0,LEFT_EAR,0.23468342423439026,0.2533935606479645,-0.030754024162888527,0.981173574924469,CapturedFrames_4.0_1.5_-5.0/video.mp4#frame=0
0,RIGHT_EAR,0.2377767264842987,0.2551117539405823,-0.1018402948975563,0.990422248840332,CapturedFrames_4.0_1.5_-5.0/video.mp4#frame=0
0,MOUTH_LEFT,0.24304798245429993,0.2685791552066803,-0.04699511080980301,0.9901086091995239,CapturedFrames_4.0_1.5_-5.0/video.mp4#frame=0
0,MOUTH_RIGHT,0.24366477131843567,0.2684744596481323,-0.06758714467287064,0.9954720735549927,CapturedFrames_4.0_1.5_-5.0/video.mp4#frame=0
0,LEFT_SHOULDER,0.2162228524684906,0.29929110407829285,0.017850924283266068,0.9954156875610352,CapturedFrames_4.0_1.5_-5.0/video.mp4#frame=0
0,RIGHT_SHOULDER,0.23060722649097443,0.3077043294906616,-0.12708927690982819,0.9998972415924072,CapturedFrames_4.0_1.5_-5.0/video.mp4#frame=0
0,LEFT_ELBOW,0.2174411118030548,0.35506683588027954,0.04372178018093109,0.03192184865474701,CapturedFrames_4.0_1.5_-5.0/video.mp4#frame=0
0,RIGHT_ELBOW,0.24052628874778748,0.3845864534378052,-0.1429089456796646,0.9798088669776917,CapturedFrames_4.0_1.5_-5.0/video.mp4#frame=0
0,LEFT_WRIST,0.2272869050502777,0.39837539196014404,0.036128249019384384,0.033416230231523514,CapturedFrames_4.0_1.5_-5.0/video.mp4#frame=0
0,RIGHT_WRIST,0.2570778727531433,0.44093260169029236,-0.12819592654705048,0.9436968564987183,CapturedFrames_4.0_1.5_-5.0/video.mp4#frame=0
0,LEFT_PINKY,0.23061665892601013,0.4092307686805725,0.038106583058834076,0.04857870563864708,CapturedFrames_4.0_1.5_-5.0/video.mp4#frame=0
0,RIGHT_PINKY,0.25907963514328003,0.4571836292743683,-0.14283935725688934,0.9168524146080017,CapturedFrames_4.0_1.5_-5.0/video.mp4#frame=0
0,LEFT_INDEX,0.23253722488880157,0.4036230444908142,0.02782927080988884,0.04997018352150917,CapturedFrames_4.0_1.5_-5.0/video.mp4#frame=0
0,RIGHT_INDEX,0.26051756739616394,0.4558906853199005,-0.1370140016078949,0.9145711064338684,CapturedFrames_4.0_1.5_-5.0/video.mp4#frame=0
0,LEFT_THUMB,0.23284845054149628,0.40212109684944153,0.031238114461302757,0.049633514136075974,CapturedFrames_4.0_1.5_-5.0/video.mp4#frame=0
0,RIGHT_THUMB,0.259720116853714,0.4500797986984253,-0.12529228627681732,0.8710376024246216,CapturedFrames_4.0_1.5_-5.0/video.mp4#frame=0
0,LEFT_HIP,0.22551962733268738,0.43186116218566895,0.047638531774282455,0.9952657222747803,CapturedFrames_4.0_1.5_-5.0/video.mp4#frame=0
0,RIGHT_HIP,0.2379317283630371,0.43855613470077515,-0.047685835510492325,0.9987541437149048,CapturedFrames_4.0_1.5_-5.0/video.mp4#frame=0
0,LEFT_KNEE,0.24390940368175507,0.4987139105796814,0.11419618129730225,0.5073741674423218,CapturedFrames_4.0_1.5_-5.0/video.mp4#frame=0
0,RIGHT_KNEE,0.26021939516067505,0.5050759315490723,0.010793774388730526,0.9616288542747498,CapturedFrames_4.0_1.5_-5.0/video.mp4#frame=0
0,LEFT_ANKLE,0.21517078578472137,0.5710797309875488,0.19287467002868652,0.7429085373878479,CapturedFrames_4.0_1.5_-5.0/video.mp4#frame=0
0,RIGHT_ANKLE,0.25917261838912964,0.6015539765357971,0.08865436911582947,0.9750195741653442,CapturedFrames_4.0_1.5_-5.0/video.mp4#frame=0
0,LEFT_HEEL,0.20576982200145721,0.5839616060256958,0.20051996409893036,0.773568868637085,CapturedFrames_4.0_1.5_-5.0/video.mp4#frame=0
0,RIGHT_HEEL,0.25383302569389343,0.6210352182388306,0.0953245535492897,0.9505494236946106,CapturedFrames_4.0_1.5_-5.0/video.mp4#frame=0
0,LEFT_FOOT_INDEX,0.22858938574790955,0.6013785600662231,0.19974085688591003,0.8307747840881348,CapturedFrames_4.0_1.5_-5.0/video.mp4#frame=0
0,RIGHT_FOOT_INDEX,0.2851924002170563,0.6033424139022827,0.07813083380460739,0.9673744440078735,CapturedFrames_4.0_1.5_-5.0/video.mp4#frame=0
1,NOSE,0.2521686553955078,0.25498586893081665,-0.0678534284234047,0.9958043694496155,CapturedFrames_4.0_1.5_-5.0/video.mp4#frame=1
1,LEFT_EYE_INNER,0.24916298687458038,0.24668461084365845,-0.06344040483236313,0.9912556409835815,CapturedFrames_4.0_1.5_-5.0/video.mp4#frame=1
1,LEFT_EYE,0.24830427765846252,0.24635235965251923,-0.06345411390066147,0.9912324547767639,CapturedFrames_4.0_1.5_-5.0/video.mp4#frame=1
1,LEFT_EYE_OUTER,0.24746617674827576,0.24608883261680603,-0.06344612687826157,0.9927405714988708,CapturedFrames_4.0_1.5_-5.0/video.mp4#frame=1
1,RIGHT_EYE_INNER,0.2501629889011383,0.24695563316345215,-0.08014766126871109,0.9948676824569702,CapturedFrames_4.0_1.5_-5.0/video.mp4#frame=1
1,RIGHT_EYE,0.25003549456596375,0.2468237578868866,-0.08015640079975128,0.9948511719703674,CapturedFrames_4.0_1.5_-5.0/video.mp4#frame=1
1,RIGHT_EYE_OUTER,0.24987363815307617,0.24673381447792053,-0.08019804209470749,0.9955849647521973,CapturedFrames_4.0_1.5_-5.0/video.mp4#frame=1
1,LEFT_EAR,0.24105243384838104,0.24925769865512848,-0.03778654709458351,0.9839619398117065,CapturedFrames_4.0_1.5_-5.0/video.mp4#frame=1
1,RIGHT_EAR,0.24431049823760986,0.25008898973464966,-0.11294622719287872,0.9925389885902405,CapturedFrames_4.0_1.5_-5.0/video.mp4#frame=1
1,MOUTH_LEFT,0.24931922554969788,0.2633478045463562,-0.05534326285123825,0.9929212927818298,CapturedFrames_4.0_1.5_-5.0/video.mp4#frame=1
1,MOUTH_RIGHT,0.2501731216907501,0.2635660767555237,-0.07719852030277252,0.9969050288200378,CapturedFrames_4.0_1.5_-5.0/video.mp4#frame=1
1,LEFT_SHOULDER,0.22244958579540253,0.2998066246509552,0.013144302181899548,0.9967045187950134,CapturedFrames_4.0_1.5_-5.0/video.mp4#frame=1
1,RIGHT_SHOULDER,0.2390241175889969,0.30449944734573364,-0.1391311138868332,0.9999362230300903,CapturedFrames_4.0_1.5_-5.0/video.mp4#frame=1
1,LEFT_ELBOW,0.22713342308998108,0.36636731028556824,0.03374005854129791,0.029750017449259758,CapturedFrames_4.0_1.5_-5.0/video.mp4#frame=1
1,RIGHT_ELBOW,0.25150296092033386,0.38319748640060425,-0.150270476937294,0.9809709191322327,CapturedFrames_4.0_1.5_-5.0/video.mp4#frame=1
1,LEFT_WRIST,0.23866267502307892,0.42097294330596924,0.023757103830575943,0.04371202364563942,CapturedFrames_4.0_1.5_-5.0/video.mp4#frame=1
1,RIGHT_WRIST,0.2699027955532074,0.43618112802505493,-0.13231267035007477,0.9572247266769409,CapturedFrames_4.0_1.5_-5.0/video.mp4#frame=1
1,LEFT_PINKY,0.23911313712596893,0.4316348731517792,0.025917107239365578,0.05999278649687767,CapturedFrames_4.0_1.5_-5.0/video.mp4#frame=1
1,RIGHT_PINKY,0.2720787227153778,0.44921356439590454,-0.147002175450325,0.9407833814620972,CapturedFrames_4.0_1.5_-5.0/video.mp4#frame=1
1,LEFT_INDEX,0.241661936044693,0.43019914627075195,0.015424458310008049,0.05906040966510773,CapturedFrames_4.0_1.5_-5.0/video.mp4#frame=1
1,RIGHT_INDEX,0.273152232170105,0.4483696520328522,-0.14266332983970642,0.937868595123291,CapturedFrames_4.0_1.5_-5.0/video.mp4#frame=1
1,LEFT_THUMB,0.24179713428020477,0.426791250705719,0.018675582483410835,0.05442866310477257,CapturedFrames_4.0_1.5_-5.0/video.mp4#frame=1
1,RIGHT_THUMB,0.2720496654510498,0.4443572461605072,-0.12985579669475555,0.896035373210907,CapturedFrames_4.0_1.5_-5.0/video.mp4#frame=1
1,LEFT_HIP,0.23230278491973877,0.4269253611564636,0.048640236258506775,0.9970446228981018,CapturedFrames_4.0_1.5_-5.0/video.mp4#frame=1
1,RIGHT_HIP,0.2462032288312912,0.430110901594162,-0.04874904453754425,0.998877227306366,CapturedFrames_4.0_1.5_-5.0/video.mp4#frame=1
1,LEFT_KNEE,0.2517610490322113,0.49154725670814514,0.12482918798923492,0.6583320498466492,CapturedFrames_4.0_1.5_-5.0/video.mp4#frame=1
1,RIGHT_KNEE,0.26102232933044434,0.5089408159255981,0.020389316603541374,0.9687473177909851,CapturedFrames_4.0_1.5_-5.0/video.mp4#frame=1
1,LEFT_ANKLE,0.2369883805513382,0.5713444352149963,0.2147190272808075,0.7811572551727295,CapturedFrames_4.0_1.5_-5.0/video.mp4#frame=1
1,RIGHT_ANKLE,0.25913509726524353,0.6027754545211792,0.10377635806798935,0.9774070978164673,CapturedFrames_4.0_1.5_-5.0/video.mp4#frame=1
1,LEFT_HEEL,0.2285189926624298,0.5872399806976318,0.22318163514137268,0.7530173659324646,CapturedFrames_4.0_1.5_-5.0/video.mp4#frame=1
1,RIGHT_HEEL,0.2544727325439453,0.6201431751251221,0.11028243601322174,0.9427163600921631,CapturedFrames_4.0_1.5_-5.0/video.mp4#frame=1
1,LEFT_FOOT_INDEX,0.2469956874847412,0.581131100654602,0.21617822349071503,0.880042314529419,CapturedFrames_4.0_1.5_-5.0/video.mp4#frame=1
1,RIGHT_FOOT_INDEX,0.2834784686565399,0.6029618978500366,0.08160538226366043,0.9735634326934814,CapturedFrames_4.0_1.5_-5.0/video.mp4#frame=1
2,NOSE,0.2576620578765869,0.25449833273887634,-0.04920127987861633,0.9932903051376343,CapturedFrames_4.0_1.5_-5.0/video.mp4#frame=2
2,LEFT_EYE_INNER,0.25495097041130066,0.24574898183345795,-0.04533864185214043,0.9895129799842834,CapturedFrames_4.0_1.5_-5.0/video.mp4#frame=2
2,LEFT_EYE,0.2541765570640564,0.24538813531398773,-0.04536053165793419,0.9902319312095642,CapturedFrames_4.0_1.5_-5.0/video.mp4#frame=2
2,LEFT_EYE_OUTER,0.2533852458000183,0.2449866235256195,-0.04535427689552307,0.991008460521698,CapturedFrames_4.0_1.5_-5.0/video.mp4#frame=2
2,RIGHT_EYE_INNER,0.25584959983825684,0.24571086466312408,-0.06164134666323662,0.9920754432678223,CapturedFrames_4.0_1.5_-5.0/video.mp4#frame=2
2,RIGHT_EYE,0.25575152039527893,0.24535474181175232,-0.06165272742509842,0.9926907420158386,CapturedFrames_4.0_1.5_-5.0/video.mp4#frame=2
2,RIGHT_EYE_OUTER,0.2556026577949524,0.24498526751995087,-0.06169092655181885,0.9929714798927307,CapturedFrames_4.0_1.5_-5.0/video.mp4#frame=2
2,LEFT_EAR,0.24714002013206482,0.24644404649734497,-0.02474888600409031,0.9836560487747192,CapturedFrames_4.0_1.5_-5.0/video.mp4#frame=2
2,RIGHT_EAR,0.24979785084724426,0.24753858149051666,-0.09817616641521454,0.9921947717666626,CapturedFrames_4.0_1.5_-5.0/video.mp4#frame=2
2,MOUTH_LEFT,0.2550725042819977,0.26294630765914917,-0.03882748261094093,0.9915866851806641,CapturedFrames_4.0_1.5_-5.0/video.mp4#frame=2
2,MOUTH_RIGHT,0.2558460533618927,0.26279404759407043,-0.06025860458612442,0.9953426122665405,CapturedFrames_4.0_1.5_-5.0/video.mp4#frame=2
2,LEFT_SHOULDER,0.22493258118629456,0.2944161891937256,0.020430346950888634,0.9973869919776917,CapturedFrames_4.0_1.5_-5.0/video.mp4#frame=2
2,RIGHT_SHOULDER,0.24708160758018494,0.2963448762893677,-0.129761204123497,0.9999263286590576,CapturedFrames_4.0_1.5_-5.0/video.mp4#frame=2
2,LEFT_ELBOW,0.22449171543121338,0.36367136240005493,0.03355884552001953,0.11523251235485077,CapturedFrames_4.0_1.5_-5.0/video.mp4#frame=2
2,RIGHT_ELBOW,0.25791898369789124,0.3712199628353119,-0.14631399512290955,0.9929768443107605,CapturedFrames_4.0_1.5_-5.0/video.mp4#frame=2
2,LEFT_WRIST,0.23410038650035858,0.41909024119377136,0.02379707060754299,0.11883965879678726,CapturedFrames_4.0_1.5_-5.0/video.mp4#frame=2
2,RIGHT_WRIST,0.27970293164253235,0.42480921745300293,-0.13588429987430573,0.9817251563072205,CapturedFrames_4.0_1.5_-5.0/video.mp4#frame=2
2,LEFT_PINKY,0.23336195945739746,0.4332088828086853,0.02740960195660591,0.13273084163665771,CapturedFrames_4.0_1.5_-5.0/video.mp4#frame=2
2,RIGHT_PINKY,0.2822655737400055,0.44139066338539124,-0.15216182172298431,0.9694226384162903,CapturedFrames_4.0_1.5_-5.0/video.mp4#frame=2
2,LEFT_INDEX,0.2356104552745819,0.4310127794742584,0.016653623431921005,0.12791545689105988,CapturedFrames_4.0_1.5_-5.0/video.mp4#frame=2
2,RIGHT_INDEX,0.28360727429389954,0.44112759828567505,-0.1445367932319641,0.967235803604126,CapturedFrames_4.0_1.5_-5.0/video.mp4#frame=2
2,LEFT_THUMB,0.2365780770778656,0.42739138007164,0.01894557848572731,0.11438409984111786,CapturedFrames_4.0_1.5_-5.0/video.mp4#frame=2
2,RIGHT_THUMB,0.28272122144699097,0.4351176917552948,-0.13250595331192017,0.939532995223999,CapturedFrames_4.0_1.5_-5.0/video.mp4#frame=2
2,LEFT_HIP,0.2360009402036667,0.4192567467689514,0.04914502799510956,0.9963118433952332,CapturedFrames_4.0_1.5_-5.0/video.mp4#frame=2
2,RIGHT_HIP,0.24939994513988495,0.4245608150959015,-0.0492735356092453,0.9983140230178833,CapturedFrames_4.0_1.5_-5.0/video.mp4#frame=2
2,LEFT_KNEE,0.25694701075553894,0.4926624298095703,0.10454676300287247,0.4813781976699829,CapturedFrames_4.0_1.5_-5.0/video.mp4#frame=2
2,RIGHT_KNEE,0.2593061327934265,0.5123648643493652,-0.0017777535831555724,0.9577103853225708,CapturedFrames_4.0_1.5_-5.0/video.mp4#frame=2
2,LEFT_ANKLE,0.2560140788555145,0.5739492177963257,0.1755862981081009,0.6239146590232849,CapturedFrames_4.0_1.5_-5.0/video.mp4#frame=2
2,RIGHT_ANKLE,0.2567898631095886,0.5996475219726562,0.06016314774751663,0.9628929495811462,CapturedFrames_4.0_1.5_-5.0/video.mp4#frame=2
2,LEFT_HEEL,0.2535431981086731,0.5975227355957031,0.18115141987800598,0.6388798356056213,CapturedFrames_4.0_1.5_-5.0/video.mp4#frame=2
2,RIGHT_HEEL,0.25254449248313904,0.6184526681900024,0.0643550232052803,0.9163917303085327,CapturedFrames_4.0_1.5_-5.0/video.mp4#frame=2
2,LEFT_FOOT_INDEX,0.27417322993278503,0.581078827381134,0.1682889610528946,0.7720298767089844,CapturedFrames_4.0_1.5_-5.0/video.mp4#frame=2
2,RIGHT_FOOT_INDEX,0.2792666554450989,0.6005356907844543,0.034145087003707886,0.9495389461517334,CapturedFrames_4.0_1.5_-5.0/video.mp4#frame=2
3,NOSE,0.262942373752594,0.253911554813385,-0.04753294587135315,0.9992920160293579,CapturedFrames_4.0_1.5_-5.0/video.mp4#frame=3
3,LEFT_EYE_INNER,0.2604285776615143,0.24642586708068848,-0.04340612143278122,0.9987154006958008,CapturedFrames_4.0_1.5_-5.0/video.mp4#frame=3
3,LEFT_EYE,0.25969359278678894,0.24612973630428314,-0.04342766851186752,0.9988429546356201,CapturedFrames_4.0_1.5_-5.0/video.mp4#frame=3
3,LEFT_EYE_OUTER,0.2589186728000641,0.24576933681964874,-0.04340783506631851,0.9988160133361816,CapturedFrames_4.0_1.5_-5.0/video.mp4#frame=3
3,RIGHT_EYE_INNER,0.26105400919914246,0.24642296135425568,-0.058997951447963715,0.9990412592887878,CapturedFrames_4.0_1.5_-5.0/video.mp4#frame=3
3,RIGHT_EYE,0.260836660861969,0.24616748094558716,-0.05900578573346138,0.9990720748901367,CapturedFrames_4.0_1.5_-5.0/video.mp4#frame=3
3,RIGHT_EYE_OUTER,0.2605587840080261,0.2458477020263672,-0.05904233455657959,0.9989795088768005,CapturedFrames_4.0_1.5_-5.0/video.mp4#frame=3
3,LEFT_EAR,0.25328007340431213,0.24793966114521027,-0.02114577777683735,0.9978460073471069,CapturedFrames_4.0_1.5_-5.0/video.mp4#frame=3
3,RIGHT_EAR,0.25573620200157166,0.24872833490371704,-0.09174095094203949,0.9987109899520874,CapturedFrames_4.0_1.5_-5.0/video.mp4#frame=3
3,MOUTH_LEFT,0.26060250401496887,0.26280319690704346,-0.03686682507395744,0.9989845156669617,CapturedFrames_4.0_1.5_-5.0/video.mp4#frame=3
3,MOUTH_RIGHT,0.2610355615615845,0.2623353600502014,-0.057518087327480316,0.9994224309921265,CapturedFrames_4.0_1.5_-5.0/video.mp4#frame=3
3,LEFT_SHOULDER,0.23234274983406067,0.2978608012199402,0.023835791274905205,0.9996521472930908,CapturedFrames_4.0_1.5_-5.0/video.mp4#frame=3
3,RIGHT_SHOULDER,0.2528562843799591,0.2925824522972107,-0.12495342642068863,0.9999856948852539,CapturedFrames_4.0_1.5_-5.0/video.mp4#frame=3
3,LEFT_ELBOW,0.22605860233306885,0.3655608296394348,0.033839717507362366,0.6293781995773315,CapturedFrames_4.0_1.5_-5.0/video.mp4#frame=3
3,RIGHT_ELBOW,0.2661195993423462,0.3624926805496216,-0.1443779319524765,0.998094379901886,CapturedFrames_4.0_1.5_-5.0/video.mp4#frame=3
3,LEFT_WRIST,0.2286478728055954,0.4199126660823822,0.01630031317472458,0.5831755995750427,CapturedFrames_4.0_1.5_-5.0/video.mp4#frame=3
3,RIGHT_WRIST,0.2915795147418976,0.4168148338794708,-0.1346973180770874,0.9932723641395569,CapturedFrames_4.0_1.5_-5.0/video.mp4#frame=3
3,LEFT_PINKY,0.22661682963371277,0.4383780062198639,0.015877889469265938,0.5022678971290588,CapturedFrames_4.0_1.5_-5.0/video.mp4#frame=3
3,RIGHT_PINKY,0.2940916419029236,0.43266189098358154,-0.15062040090560913,0.9874575734138489,CapturedFrames_4.0_1.5_-5.0/video.mp4#frame=3
3,LEFT_INDEX,0.22845034301280975,0.43841636180877686,0.0060362000949680805,0.48870912194252014,CapturedFrames_4.0_1.5_-5.0/video.mp4#frame=3
3,RIGHT_INDEX,0.294479638338089,0.43270301818847656,-0.1452029049396515,0.9865380525588989,CapturedFrames_4.0_1.5_-5.0/video.mp4#frame=3
3,LEFT_THUMB,0.23050877451896667,0.4324793517589569,0.011558318510651588,0.421003520488739,CapturedFrames_4.0_1.5_-5.0/video.mp4#frame=3
3,RIGHT_THUMB,0.2937414050102234,0.42658674716949463,-0.1317918449640274,0.9714351892471313,CapturedFrames_4.0_1.5_-5.0/video.mp4#frame=3
3,LEFT_HIP,0.24362245202064514,0.41550111770629883,0.052200473845005035,0.998730480670929,CapturedFrames_4.0_1.5_-5.0/video.mp4#frame=3
3,RIGHT_HIP,0.25271230936050415,0.42045891284942627,-0.05238199979066849,0.9996428489685059,CapturedFrames_4.0_1.5_-5.0/video.mp4#frame=3
3,LEFT_KNEE,0.26327404379844666,0.48668181896209717,0.12478409707546234,0.8137768507003784,CapturedFrames_4.0_1.5_-5.0/video.mp4#frame=3
3,RIGHT_KNEE,0.26131290197372437,0.5069503784179688,-0.018986407667398453,0.9954403638839722,CapturedFrames_4.0_1.5_-5.0/video.mp4#frame=3
3,LEFT_ANKLE,0.2701980769634247,0.5600683689117432,0.2099715918302536,0.8819300532341003,CapturedFrames_4.0_1.5_-5.0/video.mp4#frame=3
3,RIGHT_ANKLE,0.2573963701725006,0.5995841026306152,0.024469442665576935,0.9934315085411072,CapturedFrames_4.0_1.5_-5.0/video.mp4#frame=3
3,LEFT_HEEL,0.2677153944969177,0.5739246606826782,0.2169613540172577,0.8419685959815979,CapturedFrames_4.0_1.5_-5.0/video.mp4#frame=3
3,RIGHT_HEEL,0.25352779030799866,0.617077112197876,0.026396166533231735,0.9691690802574158,CapturedFrames_4.0_1.5_-5.0/video.mp4#frame=3
3,LEFT_FOOT_INDEX,0.28946977853775024,0.5686699748039246,0.204607754945755,0.9404833912849426,CapturedFrames_4.0_1.5_-5.0/video.mp4#frame=3
3,RIGHT_FOOT_INDEX,0.28033894300460815,0.6010454297065735,-0.012322451919317245,0.9909371733665466,CapturedFrames_4.0_1.5_-5.0/video.mp4#frame=3
4,NOSE,0.2678290605545044,0.2536623775959015,-0.06336589902639389,0.9999350309371948,CapturedFrames_4.0_1.5_-5.0/video.mp4#frame=4
4,LEFT_EYE_INNER,0.26484671235084534,0.2454770803451538,-0.05923967808485031,0.9998733997344971,CapturedFrames_4.0_1.5_-5.0/video.mp4#frame=4
4,LEFT_EYE,0.2639526426792145,0.24520479142665863,-0.05926186591386795,0.9998748302459717,CapturedFrames_4.0_1.5_-5.0/video.mp4#frame=4
4,LEFT_EYE_OUTER,0.2630237340927124,0.24487453699111938,-0.05924876779317856,0.9998760223388672,CapturedFrames_4.0_1.5_-5.0/video.mp4#frame=4
4,RIGHT_EYE_INNER,0.26609838008880615,0.24542994797229767,-0.07489414513111115,0.9998829364776611,CapturedFrames_4.0_1.5_-5.0/video.mp4#frame=4
4,RIGHT_EYE,0.2661130428314209,0.24518722295761108,-0.07490113377571106,0.999873161315918,CapturedFrames_4.0_1.5_-5.0/video.mp4#frame=4
4,RIGHT_EYE_OUTER,0.2660779654979706,0.2449125498533249,-0.07493282109498978,0.9998527765274048,CapturedFrames_4.0_1.5_-5.0/video.mp4#frame=4
4,LEFT_EAR,0.2567839026451111,0.2467663288116455,-0.035143956542015076,0.9996618032455444,CapturedFrames_4.0_1.5_-5.0/video.mp4#frame=4
4,RIGHT_EAR,0.2609330117702484,0.24737384915351868,-0.10695613920688629,0.9998161196708679,CapturedFrames_4.0_1.5_-5.0/video.mp4#frame=4
4,MOUTH_LEFT,0.2652979791164398,0.2622210383415222,-0.0520779974758625,0.9998989105224609,CapturedFrames_4.0_1.5_-5.0/video.mp4#frame=4
4,MOUTH_RIGHT,0.2665281593799591,0.26163309812545776,-0.07310415059328079,0.9999345541000366,CapturedFrames_4.0_1.5_-5.0/video.mp4#frame=4
4,LEFT_SHOULDER,0.23588910698890686,0.29952311515808105,0.013822580687701702,0.9999568462371826,CapturedFrames_4.0_1.5_-5.0/video.mp4#frame=4
4,RIGHT_SHOULDER,0.25985774397850037,0.29447856545448303,-0.14178651571273804,0.999997615814209,CapturedFrames_4.0_1.5_-5.0/video.mp4#frame=4
4,LEFT_ELBOW,0.2298237383365631,0.36949360370635986,0.026593048125505447,0.8608385920524597,CapturedFrames_4.0_1.5_-5.0/video.mp4#frame=4
4,RIGHT_ELBOW,0.27383697032928467,0.36037477850914,-0.15658672153949738,0.997584342956543,CapturedFrames_4.0_1.5_-5.0/video.mp4#frame=4
4,LEFT_WRIST,0.22839371860027313,0.4211731255054474,0.009941588155925274,0.7843118906021118,CapturedFrames_4.0_1.5_-5.0/video.mp4#frame=4
4,RIGHT_WRIST,0.3021661639213562,0.4097050428390503,-0.13725289702415466,0.992581844329834,CapturedFrames_4.0_1.5_-5.0/video.mp4#frame=4
4,LEFT_PINKY,0.22567908465862274,0.43917474150657654,0.007214353885501623,0.6699797511100769,CapturedFrames_4.0_1.5_-5.0/video.mp4#frame=4
4,RIGHT_PINKY,0.30443674325942993,0.42565613985061646,-0.15315814316272736,0.9866377115249634,CapturedFrames_4.0_1.5_-5.0/video.mp4#frame=4
4,LEFT_INDEX,0.2287103831768036,0.43974682688713074,-0.0016692731296643615,0.6526029706001282,CapturedFrames_4.0_1.5_-5.0/video.mp4#frame=4
4,RIGHT_INDEX,0.3050368130207062,0.4253123104572296,-0.14952507615089417,0.985261857509613,CapturedFrames_4.0_1.5_-5.0/video.mp4#frame=4
4,LEFT_THUMB,0.23151394724845886,0.43436670303344727,0.005382057279348373,0.5846178531646729,CapturedFrames_4.0_1.5_-5.0/video.mp4#frame=4
4,RIGHT_THUMB,0.3041706681251526,0.4195801317691803,-0.13505667448043823,0.9671656489372253,CapturedFrames_4.0_1.5_-5.0/video.mp4#frame=4
4,LEFT_HIP,0.24824337661266327,0.41707944869995117,0.05438865348696709,0.9998026490211487,CapturedFrames_4.0_1.5_-5.0/video.mp4#frame=4
4,RIGHT_HIP,0.25960665941238403,0.42150065302848816,-0.054607897996902466,0.9999595880508423,CapturedFrames_4.0_1.5_-5.0/video.mp4#frame=4
4,LEFT_KNEE,0.27022305130958557,0.4819203317165375,0.15895609557628632,0.8042438626289368,CapturedFrames_4.0_1.5_-5.0/video.mp4#frame=4
4,RIGHT_KNEE,0.2658218443393707,0.5065490007400513,-0.03015420399606228,0.9964250922203064,CapturedFrames_4.0_1.5_-5.0/video.mp4#frame=4
4,LEFT_ANKLE,0.28912079334259033,0.5532588362693787,0.272798627614975,0.9211773872375488,CapturedFrames_4.0_1.5_-5.0/video.mp4#frame=4
4,RIGHT_ANKLE,0.25746724009513855,0.5975203514099121,0.011694036424160004,0.9939206838607788,CapturedFrames_4.0_1.5_-5.0/video.mp4#frame=4
4,LEFT_HEEL,0.2902160584926605,0.5697008371353149,0.2826734185218811,0.8764830231666565,CapturedFrames_4.0_1.5_-5.0/video.mp4#frame=4
4,RIGHT_HEEL,0.2518247961997986,0.6150199174880981,0.013902087695896626,0.9514414668083191,CapturedFrames_4.0_1.5_-5.0/video.mp4#frame=4
4,LEFT_FOOT_INDEX,0.30969998240470886,0.5457146763801575,0.26793372631073,0.9578741788864136,CapturedFrames_4.0_1.5_-5.0/video.mp4#frame=4
4,RIGHT_FOOT_INDEX,0.27818503975868225,0.599189281463623,-0.031047826632857323,0.9911311268806458,CapturedFrames_4.0_1.5_-5.0/video.mp4#frame=4
5,NOSE,0.2734963595867157,0.2545691430568695,-0.03152725100517273,0.9999126195907593,CapturedFrames_4.0_1.5_-5.0/video.mp4#frame=5
5,LEFT_EYE_INNER,0.2703384757041931,0.24648341536521912,-0.028404438868165016,0.999841570854187,CapturedFrames_4.0_1.5_-5.0/video.mp4#frame=5
5,LEFT_EYE,0.269379585981369,0.24630361795425415,-0.02843393012881279,0.9998546838760376,CapturedFrames_4.0_1.5_-5.0/video.mp4#frame=5
5,LEFT_EYE_OUTER,0.26837193965911865,0.24611228704452515,-0.028425533324480057,0.999841570854187,CapturedFrames_4.0_1.5_-5.0/video.mp4#frame=5
5,RIGHT_EYE_INNER,0.27156734466552734,0.24640405178070068,-0.043328315019607544,0.9998468160629272,CapturedFrames_4.0_1.5_-5.0/video.mp4#frame=5
5,RIGHT_EYE,0.2715996205806732,0.24622607231140137,-0.04332989454269409,0.9998366832733154,CapturedFrames_4.0_1.5_-5.0/video.mp4#frame=5
5,RIGHT_EYE_OUTER,0.2715803384780884,0.24602454900741577,-0.04335848614573479,0.9998018145561218,CapturedFrames_4.0_1.5_-5.0/video.mp4#frame=5
5,LEFT_EAR,0.2619382441043854,0.24883711338043213,-0.011928929947316647,0.9996108412742615,CapturedFrames_4.0_1.5_-5.0/video.mp4#frame=5
5,RIGHT_EAR,0.26651397347450256,0.24916985630989075,-0.08008157461881638,0.9997707009315491,CapturedFrames_4.0_1.5_-5.0/video.mp4#frame=5
5,MOUTH_LEFT,0.2709234654903412,0.2635287046432495,-0.023224525153636932,0.9998144507408142,CapturedFrames_4.0_1.5_-5.0/video.mp4#frame=5
5,MOUTH_RIGHT,0.27218660712242126,0.262946754693985,-0.043213434517383575,0.9998563528060913,CapturedFrames_4.0_1.5_-5.0/video.mp4#frame=5
5,LEFT_SHOULDER,0.24249234795570374,0.3007788062095642,0.02977551892399788,0.9999473094940186,CapturedFrames_4.0_1.5_-5.0/video.mp4#frame=5
5,RIGHT_SHOULDER,0.26753488183021545,0.2965424060821533,-0.12196917831897736,0.9999966621398926,CapturedFrames_4.0_1.5_-5.0/video.mp4#frame=5
5,LEFT_ELBOW,0.23413732647895813,0.36970633268356323,0.03888929635286331,0.9194104671478271,CapturedFrames_4.0_1.5_-5.0/video.mp4#frame=5
5,RIGHT_ELBOW,0.2828643023967743,0.35986557602882385,-0.1371261030435562,0.9972355961799622,CapturedFrames_4.0_1.5_-5.0/video.mp4#frame=5
5,LEFT_WRIST,0.2311161756515503,0.42494261264801025,0.024404413998126984,0.7898024320602417,CapturedFrames_4.0_1.5_-5.0/video.mp4#frame=5
5,RIGHT_WRIST,0.3120788335800171,0.4065009355545044,-0.1129516139626503,0.9882820248603821,CapturedFrames_4.0_1.5_-5.0/video.mp4#frame=5
5,LEFT_PINKY,0.228669211268425,0.4397011995315552,0.02401730976998806,0.6657211184501648,CapturedFrames_4.0_1.5_-5.0/video.mp4#frame=5
5,RIGHT_PINKY,0.31527280807495117,0.42061805725097656,-0.12596495449543,0.9781147837638855,CapturedFrames_4.0_1.5_-5.0/video.mp4#frame=5
5,LEFT_INDEX,0.23069623112678528,0.43912267684936523,0.01605837792158127,0.6529770493507385,CapturedFrames_4.0_1.5_-5.0/video.mp4#frame=5
5,RIGHT_INDEX,0.315410315990448,0.419944167137146,-0.12075679004192352,0.9763970375061035,CapturedFrames_4.0_1.5_-5.0/video.mp4#frame=5
5,LEFT_THUMB,0.23297710716724396,0.43453294038772583,0.020487522706389427,0.582492470741272,CapturedFrames_4.0_1.5_-5.0/video.mp4#frame=5
5,RIGHT_THUMB,0.3143159747123718,0.4151464104652405,-0.10981807857751846,0.9505774974822998,CapturedFrames_4.0_1.5_-5.0/video.mp4#frame=5
5,LEFT_HIP,0.2534526288509369,0.41860830783843994,0.053383104503154755,0.9997469782829285,CapturedFrames_4.0_1.5_-5.0/video.mp4#frame=5
5,RIGHT_HIP,0.26458510756492615,0.42358988523483276,-0.05358854681253433,0.9999480247497559,CapturedFrames_4.0_1.5_-5.0/video.mp4#frame=5
5,LEFT_KNEE,0.2802714407444,0.48454466462135315,0.14339721202850342,0.797029972076416,CapturedFrames_4.0_1.5_-5.0/video.mp4#frame=5
5,RIGHT_KNEE,0.2692618668079376,0.5060569643974304,-0.04229937493801117,0.9954251646995544,CapturedFrames_4.0_1.5_-5.0/video.mp4#frame=5
5,LEFT_ANKLE,0.30136510729789734,0.5408535599708557,0.23892411589622498,0.9355944395065308,CapturedFrames_4.0_1.5_-5.0/video.mp4#frame=5
5,RIGHT_ANKLE,0.2570461630821228,0.5948900580406189,-0.006625580135732889,0.991969883441925,CapturedFrames_4.0_1.5_-5.0/video.mp4#frame=5
5,LEFT_HEEL,0.3029926121234894,0.5609008073806763,0.2469089925289154,0.8968221545219421,CapturedFrames_4.0_1.5_-5.0/video.mp4#frame=5
5,RIGHT_HEEL,0.25062698125839233,0.6130541563034058,-0.004667989443987608,0.9352511763572693,CapturedFrames_4.0_1.5_-5.0/video.mp4#frame=5
5,LEFT_FOOT_INDEX,0.3204047977924347,0.5317007899284363,0.23389704525470734,0.9539444446563721,CapturedFrames_4.0_1.5_-5.0/video.mp4#frame=5
5,RIGHT_FOOT_INDEX,0.2793120741844177,0.5989384055137634,-0.04579430818557739,0.9868724346160889,CapturedFrames_4.0_1.5_-5.0/video.mp4#frame=5
6,NOSE,0.2786387801170349,0.2585159242153168,-0.019818702712655067,0.9998966455459595,CapturedFrames_4.0_1.5_-5.0/video.mp4#frame=6
6,LEFT_EYE_INNER,0.2757149338722229,0.25090694427490234,-0.017750762403011322,0.9998207688331604,CapturedFrames_4.0_1.5_-5.0/video.mp4#frame=6
6,LEFT_EYE,0.2748541235923767,0.2507935166358948,-0.01778799295425415,0.9998456239700317,CapturedFrames_4.0_1.5_-5.0/video.mp4#frame=6
6,LEFT_EYE_OUTER,0.2740006744861603,0.2506445646286011,-0.01778198406100273,0.999830961227417,CapturedFrames_4.0_1.5_-5.0/video.mp4#frame=6
6,RIGHT_EYE_INNER,0.2770117223262787,0.25062885880470276,-0.03132287412881851,0.9998117089271545,CapturedFrames_4.0_1.5_-5.0/video.mp4#frame=6
6,RIGHT_EYE,0.27714091539382935,0.25036799907684326,-0.031315673142671585,0.9998075366020203,CapturedFrames_4.0_1.5_-5.0/video.mp4#frame=6
6,RIGHT_EYE_OUTER,0.277238667011261,0.2500354051589966,-0.03133327141404152,0.9997431635856628,CapturedFrames_4.0_1.5_-5.0/video.mp4#frame=6
6,LEFT_EAR,0.26814624667167664,0.25369617342948914,-0.0051951282657682896,0.9996082186698914,CapturedFrames_4.0_1.5_-5.0/video.mp4#frame=6
6,RIGHT_EAR,0.272873193025589,0.25390446186065674,-0.06765689700841904,0.9996987581253052,CapturedFrames_4.0_1.5_-5.0/video.mp4#frame=6
6,MOUTH_LEFT,0.27680206298828125,0.26703938841819763,-0.013024302199482918,0.9997754693031311,CapturedFrames_4.0_1.5_-5.0/video.mp4#frame=6
6,MOUTH_RIGHT,0.27795565128326416,0.2665259838104248,-0.031402427703142166,0.9997913241386414,CapturedFrames_4.0_1.5_-5.0/video.mp4#frame=6
6,LEFT_SHOULDER,0.2490551769733429,0.30481410026550293,0.02888466790318489,0.9999650716781616,CapturedFrames_4.0_1.5_-5.0/video.mp4#frame=6
6,RIGHT_SHOULDER,0.2740001976490021,0.29795944690704346,-0.10577449947595596,0.9999951124191284,CapturedFrames_4.0_1.5_-5.0/video.mp4#frame=6
6,LEFT_ELBOW,0.23941108584403992,0.3718325197696686,0.038451358675956726,0.9569357633590698,CapturedFrames_4.0_1.5_-5.0/video.mp4#frame=6
6,RIGHT_ELBOW,0.29093003273010254,0.3595450222492218,-0.12086950242519379,0.998068630695343,CapturedFrames_4.0_1.5_-5.0/video.mp4#frame=6
6,LEFT_WRIST,0.2353956401348114,0.4223230183124542,0.025340130552649498,0.9024442434310913,CapturedFrames_4.0_1.5_-5.0/video.mp4#frame=6
6,RIGHT_WRIST,0.320260614156723,0.40333884954452515,-0.09982488304376602,0.9898287653923035,CapturedFrames_4.0_1.5_-5.0/video.mp4#frame=6
6,LEFT_PINKY,0.23328132927417755,0.43881478905677795,0.02513667568564415,0.8214108347892761,CapturedFrames_4.0_1.5_-5.0/video.mp4#frame=6
6,RIGHT_PINKY,0.32390737533569336,0.41495105624198914,-0.11181406676769257,0.9797214269638062,CapturedFrames_4.0_1.5_-5.0/video.mp4#frame=6
6,LEFT_INDEX,0.23451995849609375,0.4390709698200226,0.01777293160557747,0.8170779943466187,CapturedFrames_4.0_1.5_-5.0/video.mp4#frame=6
6,RIGHT_INDEX,0.32430848479270935,0.414361834526062,-0.10514763742685318,0.978339433670044,CapturedFrames_4.0_1.5_-5.0/video.mp4#frame=6
6,LEFT_THUMB,0.2366616427898407,0.43388035893440247,0.02215469256043434,0.7494356036186218,CapturedFrames_4.0_1.5_-5.0/video.mp4#frame=6
6,RIGHT_THUMB,0.3228650391101837,0.4101017713546753,-0.09609556198120117,0.9541682004928589,CapturedFrames_4.0_1.5_-5.0/video.mp4#frame=6
6,LEFT_HIP,0.26613619923591614,0.42397359013557434,0.04715627431869507,0.9998667240142822,CapturedFrames_4.0_1.5_-5.0/video.mp4#frame=6
6,RIGHT_HIP,0.27086421847343445,0.4278319180011749,-0.04736155644059181,0.999966025352478,CapturedFrames_4.0_1.5_-5.0/video.mp4#frame=6
6,LEFT_KNEE,0.29295414686203003,0.48213765025138855,0.14097540080547333,0.8312996029853821,CapturedFrames_4.0_1.5_-5.0/video.mp4#frame=6
6,RIGHT_KNEE,0.2731773257255554,0.5104469060897827,-0.03550637513399124,0.9968474507331848,CapturedFrames_4.0_1.5_-5.0/video.mp4#frame=6
6,LEFT_ANKLE,0.31295469403266907,0.5345167517662048,0.23456454277038574,0.9482548832893372,CapturedFrames_4.0_1.5_-5.0/video.mp4#frame=6
6,RIGHT_ANKLE,0.2554783225059509,0.597038984298706,-0.0015102771576493979,0.9929885268211365,CapturedFrames_4.0_1.5_-5.0/video.mp4#frame=6
6,LEFT_HEEL,0.3150649070739746,0.5537296533584595,0.24274006485939026,0.8991358280181885,CapturedFrames_4.0_1.5_-5.0/video.mp4#frame=6
6,RIGHT_HEEL,0.2496671974658966,0.6147341132164001,0.000489856000058353,0.9308105707168579,CapturedFrames_4.0_1.5_-5.0/video.mp4#frame=6
6,LEFT_FOOT_INDEX,0.32924550771713257,0.5224847793579102,0.23206660151481628,0.9592322707176208,CapturedFrames_4.0_1.5_-5.0/video.mp4#frame=6
6,RIGHT_FOOT_INDEX,0.28062427043914795,0.5998720526695251,-0.036573152989149094,0.9878302216529846,CapturedFrames_4.0_1.5_-5.0/video.mp4#frame=6
7,NOSE,0.2833966016769409,0.2621522545814514,-0.0018417701357975602,0.999937891960144,CapturedFrames_4.0_1.5_-5.0/video.mp4#frame=7
7,LEFT_EYE_INNER,0.28034061193466187,0.25564488768577576,-0.0015118796145543456,0.9998981952667236,CapturedFrames_4.0_1.5_-5.0/video.mp4#frame=7
7,LEFT_EYE,0.2794552743434906,0.25557947158813477,-0.0015492119127884507,0.9999111890792847,CapturedFrames_4.0_1.5_-5.0/video.mp4#frame=7
7,LEFT_EYE_OUTER,0.2785877287387848,0.2555577754974365,-0.0015464144526049495,0.9999074935913086,CapturedFrames_4.0_1.5_-5.0/video.mp4#frame=7
7,RIGHT_EYE_INNER,0.28199824690818787,0.25543659925460815,-0.013763775117695332,0.9998884201049805,CapturedFrames_4.0_1.5_-5.0/video.mp4#frame=7
7,RIGHT_EYE,0.28226953744888306,0.25521743297576904,-0.013752100989222527,0.999880313873291,CapturedFrames_4.0_1.5_-5.0/video.mp4#frame=7
7,RIGHT_EYE_OUTER,0.282530277967453,0.2549477219581604,-0.013771465048193932,0.999839186668396,CapturedFrames_4.0_1.5_-5.0/video.mp4#frame=7
7,LEFT_EAR,0.27377787232398987,0.25990867614746094,0.0029936328064650297,0.999782383441925,CapturedFrames_4.0_1.5_-5.0/video.mp4#frame=7
7,RIGHT_EAR,0.2796494662761688,0.2591506540775299,-0.05325794965028763,0.99977046251297,CapturedFrames_4.0_1.5_-5.0/video.mp4#frame=7
7,MOUTH_LEFT,0.2818986475467682,0.27073991298675537,0.001868025166913867,0.9998651742935181,CapturedFrames_4.0_1.5_-5.0/video.mp4#frame=7
7,MOUTH_RIGHT,0.2832390069961548,0.27000778913497925,-0.014740201644599438,0.9998602867126465,CapturedFrames_4.0_1.5_-5.0/video.mp4#frame=7
7,LEFT_SHOULDER,0.2563047707080841,0.31036490201950073,0.02816220000386238,0.9999701976776123,CapturedFrames_4.0_1.5_-5.0/video.mp4#frame=7
7,RIGHT_SHOULDER,0.281812846660614,0.30381786823272705,-0.09341062605381012,0.9999954700469971,CapturedFrames_4.0_1.5_-5.0/video.mp4#frame=7
7,LEFT_ELBOW,0.24602916836738586,0.37471187114715576,0.03629782423377037,0.9755927324295044,CapturedFrames_4.0_1.5_-5.0/video.mp4#frame=7
7,RIGHT_ELBOW,0.300417423248291,0.36237818002700806,-0.10570760071277618,0.9977600574493408,CapturedFrames_4.0_1.5_-5.0/video.mp4#frame=7
7,LEFT_WRIST,0.24114041030406952,0.4244380593299866,0.02682982012629509,0.9196778535842896,CapturedFrames_4.0_1.5_-5.0/video.mp4#frame=7
7,RIGHT_WRIST,0.3291187286376953,0.4032251238822937,-0.08446205407381058,0.9854832887649536,CapturedFrames_4.0_1.5_-5.0/video.mp4#frame=7
7,LEFT_PINKY,0.23818323016166687,0.438906729221344,0.027065102010965347,0.8430208563804626,CapturedFrames_4.0_1.5_-5.0/video.mp4#frame=7
7,RIGHT_PINKY,0.3332895040512085,0.41606956720352173,-0.09527445584535599,0.9697772264480591,CapturedFrames_4.0_1.5_-5.0/video.mp4#frame=7
7,LEFT_INDEX,0.23916678130626678,0.4387717843055725,0.02032248117029667,0.8387629389762878,CapturedFrames_4.0_1.5_-5.0/video.mp4#frame=7
7,RIGHT_INDEX,0.33359837532043457,0.41503822803497314,-0.08943638205528259,0.967899739742279,CapturedFrames_4.0_1.5_-5.0/video.mp4#frame=7
7,LEFT_THUMB,0.2410094290971756,0.434500515460968,0.024111615493893623,0.772136390209198,CapturedFrames_4.0_1.5_-5.0/video.mp4#frame=7
7,RIGHT_THUMB,0.33226513862609863,0.41053563356399536,-0.08119195699691772,0.9359935522079468,CapturedFrames_4.0_1.5_-5.0/video.mp4#frame=7
7,LEFT_HIP,0.27402907609939575,0.42559751868247986,0.04360729455947876,0.999869704246521,CapturedFrames_4.0_1.5_-5.0/video.mp4#frame=7
7,RIGHT_HIP,0.278131902217865,0.42901644110679626,-0.04381590709090233,0.9999736547470093,CapturedFrames_4.0_1.5_-5.0/video.mp4#frame=7
7,LEFT_KNEE,0.2986937165260315,0.48101335763931274,0.13754676282405853,0.8130374550819397,CapturedFrames_4.0_1.5_-5.0/video.mp4#frame=7
7,RIGHT_KNEE,0.2762931287288666,0.5097812414169312,-0.03657468035817146,0.9967600703239441,CapturedFrames_4.0_1.5_-5.0/video.mp4#frame=7
7,LEFT_ANKLE,0.320677250623703,0.533710241317749,0.22972038388252258,0.9445457458496094,CapturedFrames_4.0_1.5_-5.0/video.mp4#frame=7
7,RIGHT_ANKLE,0.2571251392364502,0.5943751335144043,-0.011804334819316864,0.9928007125854492,CapturedFrames_4.0_1.5_-5.0/video.mp4#frame=7
7,LEFT_HEEL,0.32372844219207764,0.5531331896781921,0.23796680569648743,0.8940789103507996,CapturedFrames_4.0_1.5_-5.0/video.mp4#frame=7
7,RIGHT_HEEL,0.25051403045654297,0.6105194091796875,-0.010452826507389545,0.9290146231651306,CapturedFrames_4.0_1.5_-5.0/video.mp4#frame=7
7,LEFT_FOOT_INDEX,0.33662205934524536,0.5195242762565613,0.22930434346199036,0.9475730061531067,CapturedFrames_4.0_1.5_-5.0/video.mp4#frame=7
7,RIGHT_FOOT_INDEX,0.28090688586235046,0.6021499633789062,-0.04510553553700447,0.9849817752838135,CapturedFrames_4.0_1.5_-5.0/video.mp4#frame=7
8,NOSE,0.2886819541454315,0.2649794816970825,-0.006462522782385349,0.9998373985290527,CapturedFrames_4.0_1.5_-5.0/video.mp4#frame=8
8,LEFT_EYE_INNER,0.286019891500473,0.2583814859390259,-0.005846966058015823,0.9996862411499023,CapturedFrames_4.0_1.5_-5.0/video.mp4#frame=8
8,LEFT_EYE,0.2850034534931183,0.25832074880599976,-0.005882542114704847,0.9997233748435974,CapturedFrames_4.0_1.5_-5.0/video.mp4#frame=8
8,LEFT_EYE_OUTER,0.2839406728744507,0.25835850834846497,-0.005877398420125246,0.9997026324272156,CapturedFrames_4.0_1.5_-5.0/video.mp4#frame=8
8,RIGHT_EYE_INNER,0.28753042221069336,0.25818175077438354,-0.018938444554805756,0.9996644258499146,CapturedFrames_4.0_1.5_-5.0/video.mp4#frame=8
8,RIGHT_EYE,0.2877320945262909,0.257965087890625,-0.018930157646536827,0.9996393918991089,CapturedFrames_4.0_1.5_-5.0/video.mp4#frame=8
8,RIGHT_EYE_OUTER,0.2879326343536377,0.2577792704105377,-0.018959488719701767,0.9994893074035645,CapturedFrames_4.0_1.5_-5.0/video.mp4#frame=8
8,LEFT_EAR,0.2787543833255768,0.2623416781425476,0.0011371109867468476,0.9991717338562012,CapturedFrames_4.0_1.5_-5.0/video.mp4#frame=8
8,RIGHT_EAR,0.2855941355228424,0.261654794216156,-0.05919937044382095,0.9992713332176208,CapturedFrames_4.0_1.5_-5.0/video.mp4#frame=8
8,MOUTH_LEFT,0.28714147210121155,0.2726728916168213,-0.0016731515061110258,0.999609649181366,CapturedFrames_4.0_1.5_-5.0/video.mp4#frame=8
8,MOUTH_RIGHT,0.2883721888065338,0.27211999893188477,-0.019447866827249527,0.9995989203453064,CapturedFrames_4.0_1.5_-5.0/video.mp4#frame=8
8,LEFT_SHOULDER,0.2620449364185333,0.31139785051345825,0.028422761708498,0.9999667406082153,CapturedFrames_4.0_1.5_-5.0/video.mp4#frame=8
8,RIGHT_SHOULDER,0.288108229637146,0.3047454357147217,-0.09976320713758469,0.999993085861206,CapturedFrames_4.0_1.5_-5.0/video.mp4#frame=8
8,LEFT_ELBOW,0.25279736518859863,0.3746841549873352,0.03336870297789574,0.9714959263801575,CapturedFrames_4.0_1.5_-5.0/video.mp4#frame=8
8,RIGHT_ELBOW,0.30401843786239624,0.3608523905277252,-0.11724887043237686,0.9970797896385193,CapturedFrames_4.0_1.5_-5.0/video.mp4#frame=8
8,LEFT_WRIST,0.24681265652179718,0.4235312044620514,0.013218441978096962,0.9438255429267883,CapturedFrames_4.0_1.5_-5.0/video.mp4#frame=8
8,RIGHT_WRIST,0.33358609676361084,0.40077564120292664,-0.09925033152103424,0.9854265451431274,CapturedFrames_4.0_1.5_-5.0/video.mp4#frame=8
8,LEFT_PINKY,0.24416585266590118,0.43817904591560364,0.01103044394403696,0.885182797908783,CapturedFrames_4.0_1.5_-5.0/video.mp4#frame=8
8,RIGHT_PINKY,0.3382912874221802,0.4139389395713806,-0.11167135089635849,0.9712962508201599,CapturedFrames_4.0_1.5_-5.0/video.mp4#frame=8
8,LEFT_INDEX,0.24520628154277802,0.43839186429977417,0.003163865301758051,0.8827701210975647,CapturedFrames_4.0_1.5_-5.0/video.mp4#frame=8
8,RIGHT_INDEX,0.33887577056884766,0.41307395696640015,-0.10614354908466339,0.9696359038352966,CapturedFrames_4.0_1.5_-5.0/video.mp4#frame=8
8,LEFT_THUMB,0.2469393014907837,0.4339278042316437,0.00956412311643362,0.831030011177063,CapturedFrames_4.0_1.5_-5.0/video.mp4#frame=8
8,RIGHT_THUMB,0.33728185296058655,0.40845629572868347,-0.09613756835460663,0.9378750920295715,CapturedFrames_4.0_1.5_-5.0/video.mp4#frame=8
8,LEFT_HIP,0.28129372000694275,0.42742738127708435,0.04704722389578819,0.9998650550842285,CapturedFrames_4.0_1.5_-5.0/video.mp4#frame=8
8,RIGHT_HIP,0.2842141091823578,0.4312863349914551,-0.04728197678923607,0.9999721050262451,CapturedFrames_4.0_1.5_-5.0/video.mp4#frame=8
8,LEFT_KNEE,0.30374282598495483,0.48271167278289795,0.13951493799686432,0.7858407497406006,CapturedFrames_4.0_1.5_-5.0/video.mp4#frame=8
8,RIGHT_KNEE,0.2809894382953644,0.508595883846283,-0.04689541459083557,0.9955539107322693,CapturedFrames_4.0_1.5_-5.0/video.mp4#frame=8
8,LEFT_ANKLE,0.3237939476966858,0.5403515100479126,0.23239555954933167,0.9372787475585938,CapturedFrames_4.0_1.5_-5.0/video.mp4#frame=8
8,RIGHT_ANKLE,0.2579461336135864,0.5905028581619263,-0.014853480271995068,0.9923858642578125,CapturedFrames_4.0_1.5_-5.0/video.mp4#frame=8
8,LEFT_HEEL,0.32482054829597473,0.5600118041038513,0.24054808914661407,0.8776831030845642,CapturedFrames_4.0_1.5_-5.0/video.mp4#frame=8
8,RIGHT_HEEL,0.25063541531562805,0.6073434352874756,-0.012961518950760365,0.9157902002334595,CapturedFrames_4.0_1.5_-5.0/video.mp4#frame=8
8,LEFT_FOOT_INDEX,0.3416436016559601,0.529068648815155,0.22721008956432343,0.9409367442131042,CapturedFrames_4.0_1.5_-5.0/video.mp4#frame=8
8,RIGHT_FOOT_INDEX,0.28215959668159485,0.6034640073776245,-0.052402518689632416,0.9849886894226074,CapturedFrames_4.0_1.5_-5.0/video.mp4#frame=8
9,NOSE,0.2942706048488617,0.26718777418136597,-0.008274896070361137,0.9998811483383179,CapturedFrames_4.0_1.5_-5.0/video.mp4#frame=9
9,LEFT_EYE_INNER,0.291253924369812,0.2607932984828949,-0.008522355929017067,0.9997844099998474,CapturedFrames_4.0_1.5_-5.0/video.mp4#frame=9
9,LEFT_EYE,0.2902897894382477,0.26074695587158203,-0.008547298610210419,0.9998012185096741,CapturedFrames_4.0_1.5_-5.0/video.mp4#frame=9
9,LEFT_EYE_OUTER,0.28926870226860046,0.2607969641685486,-0.00854120496660471,0.9997777342796326,CapturedFrames_4.0_1.5_-5.0/video.mp4#frame=9
9,RIGHT_EYE_INNER,0.29298293590545654,0.26075756549835205,-0.020636718720197678,0.9997836947441101,CapturedFrames_4.0_1.5_-5.0/video.mp4#frame=9
9,RIGHT_EYE,0.293305903673172,0.2606033682823181,-0.020626487210392952,0.9997673630714417,CapturedFrames_4.0_1.5_-5.0/video.mp4#frame=9
9,RIGHT_EYE_OUTER,0.2936268746852875,0.2604373097419739,-0.020653611049056053,0.9996699094772339,CapturedFrames_4.0_1.5_-5.0/video.mp4#frame=9
9,LEFT_EAR,0.2842678427696228,0.26521816849708557,-0.003950742073357105,0.9994184970855713,CapturedFrames_4.0_1.5_-5.0/video.mp4#frame=9
9,RIGHT_EAR,0.291239470243454,0.26459068059921265,-0.060191888362169266,0.9995355606079102,CapturedFrames_4.0_1.5_-5.0/video.mp4#frame=9
9,MOUTH_LEFT,0.2928618788719177,0.2749180793762207,-0.004376024007797241,0.9996356964111328,CapturedFrames_4.0_1.5_-5.0/video.mp4#frame=9
9,MOUTH_RIGHT,0.29437533020973206,0.2746085524559021,-0.02090158686041832,0.9996484518051147,CapturedFrames_4.0_1.5_-5.0/video.mp4#frame=9
9,LEFT_SHOULDER,0.26760831475257874,0.31296294927597046,0.02056046947836876,0.999950647354126,CapturedFrames_4.0_1.5_-5.0/video.mp4#frame=9
9,RIGHT_SHOULDER,0.2961028516292572,0.3104720115661621,-0.09889154881238937,0.9999904632568359,CapturedFrames_4.0_1.5_-5.0/video.mp4#frame=9
9,LEFT_ELBOW,0.2602108120918274,0.3762885332107544,0.02788221836090088,0.9601864218711853,CapturedFrames_4.0_1.5_-5.0/video.mp4#frame=9
9,RIGHT_ELBOW,0.3124474287033081,0.3632502257823944,-0.11634588241577148,0.9978011250495911,CapturedFrames_4.0_1.5_-5.0/video.mp4#frame=9
9,LEFT_WRIST,0.2537701725959778,0.42846521735191345,0.00928502157330513,0.9142946600914001,CapturedFrames_4.0_1.5_-5.0/video.mp4#frame=9
9,RIGHT_WRIST,0.33924227952957153,0.4052600562572479,-0.09405592083930969,0.9860549569129944,CapturedFrames_4.0_1.5_-5.0/video.mp4#frame=9
9,LEFT_PINKY,0.250148206949234,0.4421496093273163,0.007409597281366587,0.8364362120628357,CapturedFrames_4.0_1.5_-5.0/video.mp4#frame=9
9,RIGHT_PINKY,0.34378769993782043,0.41891446709632874,-0.10433642566204071,0.9714195728302002,CapturedFrames_4.0_1.5_-5.0/video.mp4#frame=9
9,LEFT_INDEX,0.25189828872680664,0.4426531195640564,-0.0006580555927939713,0.8344240188598633,CapturedFrames_4.0_1.5_-5.0/video.mp4#frame=9
9,RIGHT_INDEX,0.34443920850753784,0.41790327429771423,-0.0986432209610939,0.9698777198791504,CapturedFrames_4.0_1.5_-5.0/video.mp4#frame=9
9,LEFT_THUMB,0.2543576955795288,0.4385676383972168,0.005616352893412113,0.7793092727661133,CapturedFrames_4.0_1.5_-5.0/video.mp4#frame=9
9,RIGHT_THUMB,0.3427926301956177,0.4133879244327545,-0.09067743271589279,0.9404458999633789,CapturedFrames_4.0_1.5_-5.0/video.mp4#frame=9
9,LEFT_HIP,0.2894830107688904,0.4280626177787781,0.04441313445568085,0.9998435974121094,CapturedFrames_4.0_1.5_-5.0/video.mp4#frame=9
9,RIGHT_HIP,0.2921863794326782,0.4346809685230255,-0.044651098549366,0.9999648332595825,CapturedFrames_4.0_1.5_-5.0/video.mp4#frame=9
9,LEFT_KNEE,0.30938276648521423,0.4840236306190491,0.13645470142364502,0.8282967209815979,CapturedFrames_4.0_1.5_-5.0/video.mp4#frame=9
9,RIGHT_KNEE,0.28405633568763733,0.507016658782959,-0.03206857666373253,0.995473325252533,CapturedFrames_4.0_1.5_-5.0/video.mp4#frame=9
9,LEFT_ANKLE,0.32567310333251953,0.5447483658790588,0.22707656025886536,0.9423052072525024,CapturedFrames_4.0_1.5_-5.0/video.mp4#frame=9
9,RIGHT_ANKLE,0.2589627206325531,0.5875157713890076,0.002410025103017688,0.9925324320793152,CapturedFrames_4.0_1.5_-5.0/video.mp4#frame=9
9,LEFT_HEEL,0.32475659251213074,0.5653499364852905,0.23528547585010529,0.8914974927902222,CapturedFrames_4.0_1.5_-5.0/video.mp4#frame=9
9,RIGHT_HEEL,0.2519259750843048,0.6034184694290161,0.004831810016185045,0.9192786812782288,CapturedFrames_4.0_1.5_-5.0/video.mp4#frame=9
9,LEFT_FOOT_INDEX,0.34356868267059326,0.5426541566848755,0.2246900498867035,0.9406862258911133,CapturedFrames_4.0_1.5_-5.0/video.mp4#frame=9
9,RIGHT_FOOT_INDEX,0.2831738293170929,0.6066833734512329,-0.030847255140542984,0.9820104241371155,CapturedFrames_4.0_1.5_-5.0/video.mp4#frame=9
10,NOSE,0.29922622442245483,0.26915544271469116,0.004256126005202532,0.9995291233062744,CapturedFrames_4.0_1.5_-5.0/video.mp4#frame=10
10,LEFT_EYE_INNER,0.29650187492370605,0.2624993920326233,0.004563640337437391,0.9991008043289185,CapturedFrames_4.0_1.5_-5.0/video.mp4#frame=10
10,LEFT_EYE,0.29552358388900757,0.2624715566635132,0.004538289271295071,0.9991357922554016,CapturedFrames_4.0_1.5_-5.0/video.mp4#frame=10
10,LEFT_EYE_OUTER,0.2944934368133545,0.262546181678772,0.00454061571508646,0.999047577381134,CapturedFrames_4.0_1.5_-5.0/video.mp4#frame=10
10,RIGHT_EYE_INNER,0.2981877028942108,0.26236599683761597,-0.008368530310690403,0.9991409778594971,CapturedFrames_4.0_1.5_-5.0/video.mp4#frame=10
10,RIGHT_EYE,0.2984769642353058,0.2622062563896179,-0.008357464335858822,0.9990864992141724,CapturedFrames_4.0_1.5_-5.0/video.mp4#frame=10
10,RIGHT_EYE_OUTER,0.2987537384033203,0.26212629675865173,-0.00839564111083746,0.9988226294517517,CapturedFrames_4.0_1.5_-5.0/video.mp4#frame=10
10,LEFT_EAR,0.2895316779613495,0.2668357491493225,0.009699590504169464,0.9975213408470154,CapturedFrames_4.0_1.5_-5.0/video.mp4#frame=10
10,RIGHT_EAR,0.2964724600315094,0.2662486732006073,-0.05015449598431587,0.9984509944915771,CapturedFrames_4.0_1.5_-5.0/video.mp4#frame=10
10,MOUTH_LEFT,0.2977258563041687,0.27662456035614014,0.008336145430803299,0.998572587966919,CapturedFrames_4.0_1.5_-5.0/video.mp4#frame=10
10,MOUTH_RIGHT,0.2992270886898041,0.27647653222084045,-0.009237408638000488,0.9988539218902588,CapturedFrames_4.0_1.5_-5.0/video.mp4#frame=10
10,LEFT_SHOULDER,0.27167773246765137,0.3159804046154022,0.030381107702851295,0.9998005032539368,CapturedFrames_4.0_1.5_-5.0/video.mp4#frame=10
10,RIGHT_SHOULDER,0.30255797505378723,0.3106718957424164,-0.09299197793006897,0.9999808073043823,CapturedFrames_4.0_1.5_-5.0/video.mp4#frame=10
10,LEFT_ELBOW,0.26607462763786316,0.37981414794921875,0.03554512932896614,0.8505071997642517,CapturedFrames_4.0_1.5_-5.0/video.mp4#frame=10
10,RIGHT_ELBOW,0.3180408775806427,0.3660348653793335,-0.11542527377605438,0.9977033734321594,CapturedFrames_4.0_1.5_-5.0/video.mp4#frame=10
10,LEFT_WRIST,0.26183319091796875,0.4278305768966675,0.016771474853157997,0.6851640939712524,CapturedFrames_4.0_1.5_-5.0/video.mp4#frame=10
10,RIGHT_WRIST,0.3423084020614624,0.411526620388031,-0.09196752309799194,0.9796513915061951,CapturedFrames_4.0_1.5_-5.0/video.mp4#frame=10
10,LEFT_PINKY,0.25846558809280396,0.4423403739929199,0.016063356772065163,0.5758514404296875,CapturedFrames_4.0_1.5_-5.0/video.mp4#frame=10
10,RIGHT_PINKY,0.34616824984550476,0.42444637417793274,-0.10108505189418793,0.958452045917511,CapturedFrames_4.0_1.5_-5.0/video.mp4#frame=10
10,LEFT_INDEX,0.2610545754432678,0.4421791136264801,0.007949131540954113,0.5743098258972168,CapturedFrames_4.0_1.5_-5.0/video.mp4#frame=10
10,RIGHT_INDEX,0.3465859293937683,0.4245966076850891,-0.09354469925165176,0.9561948776245117,CapturedFrames_4.0_1.5_-5.0/video.mp4#frame=10
10,LEFT_THUMB,0.26357853412628174,0.43773895502090454,0.012815575115382671,0.5200328230857849,CapturedFrames_4.0_1.5_-5.0/video.mp4#frame=10
10,RIGHT_THUMB,0.34506529569625854,0.42023909091949463,-0.0877782478928566,0.9199988842010498,CapturedFrames_4.0_1.5_-5.0/video.mp4#frame=10
10,LEFT_HIP,0.2963504493236542,0.42794176936149597,0.0449092872440815,0.9996541738510132,CapturedFrames_4.0_1.5_-5.0/video.mp4#frame=10
10,RIGHT_HIP,0.30035021901130676,0.43489810824394226,-0.04513152688741684,0.9999039173126221,CapturedFrames_4.0_1.5_-5.0/video.mp4#frame=10
10,LEFT_KNEE,0.3140231668949127,0.4800460934638977,0.12032224982976913,0.7786291837692261,CapturedFrames_4.0_1.5_-5.0/video.mp4#frame=10
10,RIGHT_KNEE,0.2918284237384796,0.5056093335151672,-0.03539564087986946,0.9933717250823975,CapturedFrames_4.0_1.5_-5.0/video.mp4#frame=10
10,LEFT_ANKLE,0.3275419771671295,0.5441434383392334,0.19737312197685242,0.8959088921546936,CapturedFrames_4.0_1.5_-5.0/video.mp4#frame=10
10,RIGHT_ANKLE,0.2624114155769348,0.5860154032707214,-0.00017955950170289725,0.9880999326705933,CapturedFrames_4.0_1.5_-5.0/video.mp4#frame=10
10,LEFT_HEEL,0.3248058557510376,0.5597715377807617,0.20438024401664734,0.8310745358467102,CapturedFrames_4.0_1.5_-5.0/video.mp4#frame=10
10,RIGHT_HEEL,0.2539293169975281,0.597189724445343,0.0026385008823126554,0.9038017392158508,CapturedFrames_4.0_1.5_-5.0/video.mp4#frame=10
10,LEFT_FOOT_INDEX,0.3453829884529114,0.5502236485481262,0.1965274065732956,0.8849586248397827,CapturedFrames_4.0_1.5_-5.0/video.mp4#frame=10
10,RIGHT_FOOT_INDEX,0.28436481952667236,0.6081264615058899,-0.0292764101177454,0.9683617353439331,CapturedFrames_4.0_1.5_-5.0/video.mp4#frame=10
11,NOSE,0.3043833374977112,0.26970571279525757,-0.004130215384066105,0.9993975162506104,CapturedFrames_4.0_1.5_-5.0/video.mp4#frame=11
11,LEFT_EYE_INNER,0.3010440766811371,0.26343926787376404,-0.004088317044079304,0.9989016056060791,CapturedFrames_4.0_1.5_-5.0/video.mp4#frame=11
11,LEFT_EYE,0.299968957901001,0.2633628845214844,-0.004110294859856367,0.9989468455314636,CapturedFrames_4.0_1.5_-5.0/video.mp4#frame=11
11,LEFT_EYE_OUTER,0.2989540100097656,0.2633850574493408,-0.004105964209884405,0.9989200830459595,CapturedFrames_4.0_1.5_-5.0/video.mp4#frame=11
11,RIGHT_EYE_INNER,0.3032003343105316,0.2632071375846863,-0.01695045828819275,0.9990131855010986,CapturedFrames_4.0_1.5_-5.0/video.mp4#frame=11
11,RIGHT_EYE,0.30365538597106934,0.2629178762435913,-0.016954455524683,0.9989916682243347,CapturedFrames_4.0_1.5_-5.0/video.mp4#frame=11
11,RIGHT_EYE_OUTER,0.3041353225708008,0.2626180052757263,-0.01699635572731495,0.9987793564796448,CapturedFrames_4.0_1.5_-5.0/video.mp4#frame=11
11,LEFT_EAR,0.2942575514316559,0.2676379680633545,1.8445532987243496e-05,0.997199535369873,CapturedFrames_4.0_1.5_-5.0/video.mp4#frame=11
11,RIGHT_EAR,0.30171334743499756,0.2663857936859131,-0.059233956038951874,0.9985713958740234,CapturedFrames_4.0_1.5_-5.0/video.mp4#frame=11
11,MOUTH_LEFT,0.3028251826763153,0.2774278521537781,-0.00044103729305788875,0.998490571975708,CapturedFrames_4.0_1.5_-5.0/video.mp4#frame=11
11,MOUTH_RIGHT,0.30471229553222656,0.2769702076911926,-0.01784403808414936,0.9988683462142944,CapturedFrames_4.0_1.5_-5.0/video.mp4#frame=11
11,LEFT_SHOULDER,0.2769929766654968,0.3182131052017212,0.02531711384654045,0.9998090863227844,CapturedFrames_4.0_1.5_-5.0/video.mp4#frame=11
11,RIGHT_SHOULDER,0.30780577659606934,0.30921828746795654,-0.10026105493307114,0.9999843835830688,CapturedFrames_4.0_1.5_-5.0/video.mp4#frame=11
11,LEFT_ELBOW,0.2734905183315277,0.38143759965896606,0.03079749271273613,0.8313700556755066,CapturedFrames_4.0_1.5_-5.0/video.mp4#frame=11
11,RIGHT_ELBOW,0.32115674018859863,0.36710014939308167,-0.12100204080343246,0.9969090819358826,CapturedFrames_4.0_1.5_-5.0/video.mp4#frame=11
11,LEFT_WRIST,0.27133598923683167,0.42915186285972595,0.014188984408974648,0.6944465637207031,CapturedFrames_4.0_1.5_-5.0/video.mp4#frame=11
11,RIGHT_WRIST,0.34379225969314575,0.4134952127933502,-0.10420383512973785,0.9834445714950562,CapturedFrames_4.0_1.5_-5.0/video.mp4#frame=11
11,LEFT_PINKY,0.26774585247039795,0.4426156282424927,0.014114114455878735,0.5870436429977417,CapturedFrames_4.0_1.5_-5.0/video.mp4#frame=11
11,RIGHT_PINKY,0.3468705713748932,0.42618852853775024,-0.11544358730316162,0.9670068025588989,CapturedFrames_4.0_1.5_-5.0/video.mp4#frame=11
11,LEFT_INDEX,0.27048054337501526,0.44257625937461853,0.005328555591404438,0.5856850743293762,CapturedFrames_4.0_1.5_-5.0/video.mp4#frame=11
11,RIGHT_INDEX,0.34706026315689087,0.4259583055973053,-0.10771658271551132,0.9653031826019287,CapturedFrames_4.0_1.5_-5.0/video.mp4#frame=11
11,LEFT_THUMB,0.27307385206222534,0.4384732246398926,0.009958443231880665,0.5226242542266846,CapturedFrames_4.0_1.5_-5.0/video.mp4#frame=11
11,RIGHT_THUMB,0.3456997573375702,0.4219244718551636,-0.10019765049219131,0.9320999979972839,CapturedFrames_4.0_1.5_-5.0/video.mp4#frame=11
11,LEFT_HIP,0.30193689465522766,0.42641034722328186,0.04716213792562485,0.9997828602790833,CapturedFrames_4.0_1.5_-5.0/video.mp4#frame=11
11,RIGHT_HIP,0.3067680597305298,0.4311806857585907,-0.04737222194671631,0.9999042749404907,CapturedFrames_4.0_1.5_-5.0/video.mp4#frame=11
11,LEFT_KNEE,0.31795942783355713,0.4801892936229706,0.11032213270664215,0.7835330367088318,CapturedFrames_4.0_1.5_-5.0/video.mp4#frame=11
11,RIGHT_KNEE,0.3032718598842621,0.5045305490493774,-0.03043467178940773,0.9962698221206665,CapturedFrames_4.0_1.5_-5.0/video.mp4#frame=11
11,LEFT_ANKLE,0.32745930552482605,0.5460189580917358,0.1795234978199005,0.921586275100708,CapturedFrames_4.0_1.5_-5.0/video.mp4#frame=11
11,RIGHT_ANKLE,0.2714328169822693,0.5739606022834778,0.015458164736628532,0.9942477941513062,CapturedFrames_4.0_1.5_-5.0/video.mp4#frame=11
11,LEFT_HEEL,0.3259538412094116,0.5639626383781433,0.18526817858219147,0.8536216020584106,CapturedFrames_4.0_1.5_-5.0/video.mp4#frame=11
11,RIGHT_HEEL,0.2607162594795227,0.5805221796035767,0.01962946727871895,0.9360159039497375,CapturedFrames_4.0_1.5_-5.0/video.mp4#frame=11
11,LEFT_FOOT_INDEX,0.3465903401374817,0.5506192445755005,0.17333149909973145,0.9199013710021973,CapturedFrames_4.0_1.5_-5.0/video.mp4#frame=11
11,RIGHT_FOOT_INDEX,0.2831837236881256,0.6089898943901062,-0.008976010605692863,0.9858814477920532,CapturedFrames_4.0_1.5_-5.0/video.mp4#frame=11
12,NOSE,0.30777740478515625,0.2707141637802124,0.03161318972706795,0.9998621940612793,CapturedFrames_4.0_1.5_-5.0/video.mp4#frame=12
12,LEFT_EYE_INNER,0.30516910552978516,0.264072060585022,0.028963934630155563,0.9997053742408752,CapturedFrames_4.0_1.5_-5.0/video.mp4#frame=12
12,LEFT_EYE,0.3039361238479614,0.26402679085731506,0.02894620969891548,0.9997641444206238,CapturedFrames_4.0_1.5_-5.0/video.mp4#frame=12
12,LEFT_EYE_OUTER,0.3026741147041321,0.2641124725341797,0.028943996876478195,0.9997383952140808,CapturedFrames_4.0_1.5_-5.0/video.mp4#frame=12
12,RIGHT_EYE_INNER,0.30751699209213257,0.26383286714553833,0.01785125583410263,0.9997078776359558,CapturedFrames_4.0_1.5_-5.0/video.mp4#frame=12
12,RIGHT_EYE,0.308106929063797,0.2635907828807831,0.017870819196105003,0.9997146725654602,CapturedFrames_4.0_1.5_-5.0/video.mp4#frame=12
12,RIGHT_EYE_OUTER,0.3086986839771271,0.2634342312812805,0.017842929810285568,0.9995930790901184,CapturedFrames_4.0_1.5_-5.0/video.mp4#frame=12
12,LEFT_EAR,0.2982587218284607,0.2680588364601135,0.020164884626865387,0.999484658241272,CapturedFrames_4.0_1.5_-5.0/video.mp4#frame=12
12,RIGHT_EAR,0.30750006437301636,0.2668113112449646,-0.030694996938109398,0.9996252059936523,CapturedFrames_4.0_1.5_-5.0/video.mp4#frame=12
12,MOUTH_LEFT,0.3062705397605896,0.2778180241584778,0.030831117182970047,0.9995139837265015,CapturedFrames_4.0_1.5_-5.0/video.mp4#frame=12
12,MOUTH_RIGHT,0.3084237575531006,0.27746960520744324,0.015917662531137466,0.9995782971382141,CapturedFrames_4.0_1.5_-5.0/video.mp4#frame=12
12,LEFT_SHOULDER,0.2825069725513458,0.31716638803482056,0.04045558720827103,0.9999643564224243,CapturedFrames_4.0_1.5_-5.0/video.mp4#frame=12
12,RIGHT_SHOULDER,0.3142969310283661,0.30846816301345825,-0.079520083963871,0.9999920129776001,CapturedFrames_4.0_1.5_-5.0/video.mp4#frame=12
12,LEFT_ELBOW,0.2811054587364197,0.3774845600128174,0.04051528871059418,0.8556832075119019,CapturedFrames_4.0_1.5_-5.0/video.mp4#frame=12
12,RIGHT_ELBOW,0.3263736665248871,0.36719682812690735,-0.09687668085098267,0.9982607960700989,CapturedFrames_4.0_1.5_-5.0/video.mp4#frame=12
12,LEFT_WRIST,0.2813326418399811,0.4266764223575592,0.021706171333789825,0.8119604587554932,CapturedFrames_4.0_1.5_-5.0/video.mp4#frame=12
12,RIGHT_WRIST,0.3453005850315094,0.4146985709667206,-0.08101321011781693,0.990340530872345,CapturedFrames_4.0_1.5_-5.0/video.mp4#frame=12
12,LEFT_PINKY,0.2796432077884674,0.4414201080799103,0.02185188978910446,0.7190492153167725,CapturedFrames_4.0_1.5_-5.0/video.mp4#frame=12
12,RIGHT_PINKY,0.3481106162071228,0.4280821979045868,-0.08990849554538727,0.9792553782463074,CapturedFrames_4.0_1.5_-5.0/video.mp4#frame=12
12,LEFT_INDEX,0.28156188130378723,0.4416961967945099,0.012940466403961182,0.7147617936134338,CapturedFrames_4.0_1.5_-5.0/video.mp4#frame=12
12,RIGHT_INDEX,0.34823712706565857,0.4282231330871582,-0.0815194621682167,0.9783625602722168,CapturedFrames_4.0_1.5_-5.0/video.mp4#frame=12
12,LEFT_THUMB,0.28320959210395813,0.4373997151851654,0.017436642199754715,0.6597843170166016,CapturedFrames_4.0_1.5_-5.0/video.mp4#frame=12
12,RIGHT_THUMB,0.3469313085079193,0.4235823452472687,-0.07668166607618332,0.9593541622161865,CapturedFrames_4.0_1.5_-5.0/video.mp4#frame=12
12,LEFT_HIP,0.29892343282699585,0.41693827509880066,0.05023439973592758,0.9998910427093506,CapturedFrames_4.0_1.5_-5.0/video.mp4#frame=12
12,RIGHT_HIP,0.3140064775943756,0.4216468334197998,-0.05040990561246872,0.9999399185180664,CapturedFrames_4.0_1.5_-5.0/video.mp4#frame=12
12,LEFT_KNEE,0.32140693068504333,0.4812676012516022,0.08362726867198944,0.6521532535552979,CapturedFrames_4.0_1.5_-5.0/video.mp4#frame=12
12,RIGHT_KNEE,0.3202189803123474,0.49717721343040466,-0.06537031382322311,0.9974932670593262,CapturedFrames_4.0_1.5_-5.0/video.mp4#frame=12
12,LEFT_ANKLE,0.3290081024169922,0.545850396156311,0.09644325077533722,0.9037250280380249,CapturedFrames_4.0_1.5_-5.0/video.mp4#frame=12
12,RIGHT_ANKLE,0.2817677855491638,0.5608106851577759,-0.06954605877399445,0.9964703321456909,CapturedFrames_4.0_1.5_-5.0/video.mp4#frame=12
12,LEFT_HEEL,0.3276465833187103,0.5629881620407104,0.09628596156835556,0.8557417392730713,CapturedFrames_4.0_1.5_-5.0/video.mp4#frame=12
12,RIGHT_HEEL,0.2706812024116516,0.5631372928619385,-0.06944423168897629,0.9690505266189575,CapturedFrames_4.0_1.5_-5.0/video.mp4#frame=12
12,LEFT_FOOT_INDEX,0.34609150886535645,0.5494367480278015,0.08118501305580139,0.9038636088371277,CapturedFrames_4.0_1.5_-5.0/video.mp4#frame=12
12,RIGHT_FOOT_INDEX,0.28719058632850647,0.6047313809394836,-0.0942552387714386,0.9911655783653259,CapturedFrames_4.0_1.5_-5.0/video.mp4#frame=12
13,NOSE,0.3151962459087372,0.26789841055870056,0.03917764872312546,0.9998757839202881,CapturedFrames_4.0_1.5_-5.0/video.mp4#frame=13
13,LEFT_EYE_INNER,0.31231772899627686,0.2607085704803467,0.035990651696920395,0.9997528195381165,CapturedFrames_4.0_1.5_-5.0/video.mp4#frame=13
13,LEFT_EYE,0.31104564666748047,0.26080358028411865,0.035977914929389954,0.9997962117195129,CapturedFrames_4.0_1.5_-5.0/video.mp4#frame=13
13,LEFT_EYE_OUTER,0.30969756841659546,0.2609604001045227,0.035969533026218414,0.9997947812080383,CapturedFrames_4.0_1.5_-5.0/video.mp4#frame=13
13,RIGHT_EYE_INNER,0.3145376145839691,0.26050108671188354,0.0250050388276577,0.9997465014457703,CapturedFrames_4.0_1.5_-5.0/video.mp4#frame=13
13,RIGHT_EYE,0.3149794936180115,0.26043665409088135,0.025040049105882645,0.9997368454933167,CapturedFrames_4.0_1.5_-5.0/video.mp4#frame=13
13,RIGHT_EYE_OUTER,0.3153799772262573,0.2603805363178253,0.025018710643053055,0.9996417760848999,CapturedFrames_4.0_1.5_-5.0/video.mp4#frame=13
13,LEFT_EAR,0.3045012354850769,0.26468807458877563,0.024450095370411873,0.9996480941772461,CapturedFrames_4.0_1.5_-5.0/video.mp4#frame=13
13,RIGHT_EAR,0.3134734332561493,0.26451820135116577,-0.025571828708052635,0.9996707439422607,CapturedFrames_4.0_1.5_-5.0/video.mp4#frame=13
13,MOUTH_LEFT,0.31336572766304016,0.2756122350692749,0.03735560551285744,0.9996414184570312,CapturedFrames_4.0_1.5_-5.0/video.mp4#frame=13
13,MOUTH_RIGHT,0.31545865535736084,0.2751966118812561,0.02278248779475689,0.9996508359909058,CapturedFrames_4.0_1.5_-5.0/video.mp4#frame=13
13,LEFT_SHOULDER,0.2880938947200775,0.31422972679138184,0.041519761085510254,0.9999669790267944,CapturedFrames_4.0_1.5_-5.0/video.mp4#frame=13
13,RIGHT_SHOULDER,0.31990936398506165,0.3091033101081848,-0.0743827074766159,0.9999878406524658,CapturedFrames_4.0_1.5_-5.0/video.mp4#frame=13
13,LEFT_ELBOW,0.28845611214637756,0.37614378333091736,0.04828149452805519,0.863822340965271,CapturedFrames_4.0_1.5_-5.0/video.mp4#frame=13
13,RIGHT_ELBOW,0.3301307260990143,0.36868780851364136,-0.0898931473493576,0.9977693557739258,CapturedFrames_4.0_1.5_-5.0/video.mp4#frame=13
13,LEFT_WRIST,0.29173725843429565,0.4231419563293457,0.04150160402059555,0.7438715696334839,CapturedFrames_4.0_1.5_-5.0/video.mp4#frame=13
13,RIGHT_WRIST,0.3470771312713623,0.41746407747268677,-0.07221274077892303,0.9891807436943054,CapturedFrames_4.0_1.5_-5.0/video.mp4#frame=13
13,LEFT_PINKY,0.29057714343070984,0.43848681449890137,0.04308689758181572,0.6389983296394348,CapturedFrames_4.0_1.5_-5.0/video.mp4#frame=13
13,RIGHT_PINKY,0.3502298593521118,0.4310269355773926,-0.07967233657836914,0.9771975874900818,CapturedFrames_4.0_1.5_-5.0/video.mp4#frame=13
13,LEFT_INDEX,0.2922752797603607,0.4384474456310272,0.03451273590326309,0.6310073137283325,CapturedFrames_4.0_1.5_-5.0/video.mp4#frame=13
13,RIGHT_INDEX,0.34991055727005005,0.43082499504089355,-0.07292274385690689,0.9761090278625488,CapturedFrames_4.0_1.5_-5.0/video.mp4#frame=13
13,LEFT_THUMB,0.2939487099647522,0.43370214104652405,0.037582878023386,0.5872734189033508,CapturedFrames_4.0_1.5_-5.0/video.mp4#frame=13
13,RIGHT_THUMB,0.3482610583305359,0.42570945620536804,-0.0686030387878418,0.957687258720398,CapturedFrames_4.0_1.5_-5.0/video.mp4#frame=13
13,LEFT_HIP,0.30480292439460754,0.41506725549697876,0.04532961547374725,0.999836802482605,CapturedFrames_4.0_1.5_-5.0/video.mp4#frame=13
13,RIGHT_HIP,0.32192811369895935,0.417971134185791,-0.04543546214699745,0.999839186668396,CapturedFrames_4.0_1.5_-5.0/video.mp4#frame=13
13,LEFT_KNEE,0.32855188846588135,0.48089247941970825,0.06926121562719345,0.5920633673667908,CapturedFrames_4.0_1.5_-5.0/video.mp4#frame=13
13,RIGHT_KNEE,0.3311323821544647,0.49547433853149414,-0.04172148182988167,0.992216944694519,CapturedFrames_4.0_1.5_-5.0/video.mp4#frame=13
13,LEFT_ANKLE,0.32843154668807983,0.5471166372299194,0.0656600296497345,0.8083971738815308,CapturedFrames_4.0_1.5_-5.0/video.mp4#frame=13
13,RIGHT_ANKLE,0.29379802942276,0.5508297681808472,-0.03486422076821327,0.9851421117782593,CapturedFrames_4.0_1.5_-5.0/video.mp4#frame=13
13,LEFT_HEEL,0.3294687867164612,0.5612658262252808,0.0640845075249672,0.776267409324646,CapturedFrames_4.0_1.5_-5.0/video.mp4#frame=13
13,RIGHT_HEEL,0.2812764644622803,0.5524545907974243,-0.03329436853528023,0.9327356219291687,CapturedFrames_4.0_1.5_-5.0/video.mp4#frame=13
13,LEFT_FOOT_INDEX,0.34356269240379333,0.5486996173858643,0.05149795860052109,0.8060073852539062,CapturedFrames_4.0_1.5_-5.0/video.mp4#frame=13
13,RIGHT_FOOT_INDEX,0.30058977007865906,0.5914676189422607,-0.04970449581742287,0.9657385945320129,CapturedFrames_4.0_1.5_-5.0/video.mp4#frame=13
14,NOSE,0.3204594552516937,0.26729828119277954,0.01677999086678028,0.9991102814674377,CapturedFrames_4.0_1.5_-5.0/video.mp4#frame=14
14,LEFT_EYE_INNER,0.31732887029647827,0.26016491651535034,0.01648176647722721,0.9981750249862671,CapturedFrames_4.0_1.5_-5.0/video.mp4#frame=14
14,LEFT_EYE,0.31628677248954773,0.2601854205131531,0.016467155888676643,0.9984956979751587,CapturedFrames_4.0_1.5_-5.0/video.mp4#frame=14
14,LEFT_EYE_OUTER,0.31524619460105896,0.2602982521057129,0.016464117914438248,0.9984316229820251,CapturedFrames_4.0_1.5_-5.0/video.mp4#frame=14
14,RIGHT_EYE_INNER,0.31949394941329956,0.2597353458404541,0.004287583287805319,0.9983618855476379,CapturedFrames_4.0_1.5_-5.0/video.mp4#frame=14
14,RIGHT_EYE,0.31997841596603394,0.2594274580478668,0.004313785117119551,0.998433530330658,CapturedFrames_4.0_1.5_-5.0/video.mp4#frame=14
14,RIGHT_EYE_OUTER,0.32047680020332336,0.2590924799442291,0.004286837764084339,0.9979988932609558,CapturedFrames_4.0_1.5_-5.0/video.mp4#frame=14
14,LEFT_EAR,0.31087443232536316,0.2641773819923401,0.016449978575110435,0.9972262978553772,CapturedFrames_4.0_1.5_-5.0/video.mp4#frame=14
14,RIGHT_EAR,0.318832665681839,0.2623373866081238,-0.03861638531088829,0.9981790781021118,CapturedFrames_4.0_1.5_-5.0/video.mp4#frame=14
14,MOUTH_LEFT,0.3190900683403015,0.27461785078048706,0.01905263587832451,0.9974591135978699,CapturedFrames_4.0_1.5_-5.0/video.mp4#frame=14
14,MOUTH_RIGHT,0.32095950841903687,0.27373266220092773,0.002963643753901124,0.9982317090034485,CapturedFrames_4.0_1.5_-5.0/video.mp4#frame=14
14,LEFT_SHOULDER,0.29631030559539795,0.31141915917396545,0.039668433368206024,0.9997897744178772,CapturedFrames_4.0_1.5_-5.0/video.mp4#frame=14
14,RIGHT_SHOULDER,0.32355138659477234,0.3047885596752167,-0.08422833681106567,0.9999648332595825,CapturedFrames_4.0_1.5_-5.0/video.mp4#frame=14
14,LEFT_ELBOW,0.2957490384578705,0.37455159425735474,0.04597397521138191,0.4597342908382416,CapturedFrames_4.0_1.5_-5.0/video.mp4#frame=14
14,RIGHT_ELBOW,0.33255982398986816,0.3667024075984955,-0.09840075671672821,0.9962995648384094,CapturedFrames_4.0_1.5_-5.0/video.mp4#frame=14
14,LEFT_WRIST,0.3023981750011444,0.4215429127216339,0.03666558861732483,0.3349269926548004,CapturedFrames_4.0_1.5_-5.0/video.mp4#frame=14
14,RIGHT_WRIST,0.34883973002433777,0.4167656898498535,-0.07517904043197632,0.9795188307762146,CapturedFrames_4.0_1.5_-5.0/video.mp4#frame=14
14,LEFT_PINKY,0.30272528529167175,0.4364984333515167,0.03829905018210411,0.3025824725627899,CapturedFrames_4.0_1.5_-5.0/video.mp4#frame=14
14,RIGHT_PINKY,0.35129427909851074,0.4309568703174591,-0.0827779471874237,0.9619088768959045,CapturedFrames_4.0_1.5_-5.0/video.mp4#frame=14
14,LEFT_INDEX,0.3041938841342926,0.436503142118454,0.02962484396994114,0.2965865135192871,CapturedFrames_4.0_1.5_-5.0/video.mp4#frame=14
14,RIGHT_INDEX,0.3509725332260132,0.43146708607673645,-0.07634273171424866,0.9606890678405762,CapturedFrames_4.0_1.5_-5.0/video.mp4#frame=14
14,LEFT_THUMB,0.3052173852920532,0.43158820271492004,0.03237227723002434,0.2786746621131897,CapturedFrames_4.0_1.5_-5.0/video.mp4#frame=14
14,RIGHT_THUMB,0.34969407320022583,0.42671531438827515,-0.07160677015781403,0.9345556497573853,CapturedFrames_4.0_1.5_-5.0/video.mp4#frame=14
14,LEFT_HIP,0.31146588921546936,0.41708216071128845,0.04685938358306885,0.99928218126297,CapturedFrames_4.0_1.5_-5.0/video.mp4#frame=14
14,RIGHT_HIP,0.32747557759284973,0.4198209047317505,-0.04695580154657364,0.9995102882385254,CapturedFrames_4.0_1.5_-5.0/video.mp4#frame=14
14,LEFT_KNEE,0.3344409763813019,0.4751262962818146,0.07579770684242249,0.3679748475551605,CapturedFrames_4.0_1.5_-5.0/video.mp4#frame=14
14,RIGHT_KNEE,0.34084445238113403,0.48878321051597595,-0.041304368525743484,0.9838566780090332,CapturedFrames_4.0_1.5_-5.0/video.mp4#frame=14
14,LEFT_ANKLE,0.32640358805656433,0.5418474674224854,0.09757179766893387,0.5749924182891846,CapturedFrames_4.0_1.5_-5.0/video.mp4#frame=14
14,RIGHT_ANKLE,0.30826517939567566,0.5462761521339417,-0.016690490767359734,0.9710273146629333,CapturedFrames_4.0_1.5_-5.0/video.mp4#frame=14
14,LEFT_HEEL,0.3296871781349182,0.5542594790458679,0.09841976314783096,0.5444676876068115,CapturedFrames_4.0_1.5_-5.0/video.mp4#frame=14
14,RIGHT_HEEL,0.2958691120147705,0.5490159392356873,-0.013760579749941826,0.9040365219116211,CapturedFrames_4.0_1.5_-5.0/video.mp4#frame=14
14,LEFT_FOOT_INDEX,0.3415641188621521,0.5488705039024353,0.0889035016298294,0.5993420481681824,CapturedFrames_4.0_1.5_-5.0/video.mp4#frame=14
14,RIGHT_FOOT_INDEX,0.31607410311698914,0.5791499018669128,-0.029255133122205734,0.9423254132270813,CapturedFrames_4.0_1.5_-5.0/video.mp4#frame=14
15,NOSE,0.3260633051395416,0.2660619616508484,0.005706932861357927,0.9873394966125488,CapturedFrames_4.0_1.5_-5.0/video.mp4#frame=15
15,LEFT_EYE_INNER,0.3233438730239868,0.25923776626586914,0.005930090788751841,0.9778159856796265,CapturedFrames_4.0_1.5_-5.0/video.mp4#frame=15
15,LEFT_EYE,0.32236388325691223,0.25903594493865967,0.005899852141737938,0.9810405373573303,CapturedFrames_4.0_1.5_-5.0/video.mp4#frame=15
15,LEFT_EYE_OUTER,0.321336030960083,0.2589089870452881,0.00586478179320693,0.9824320673942566,CapturedFrames_4.0_1.5_-5.0/video.mp4#frame=15
15,RIGHT_EYE_INNER,0.3254648447036743,0.2595698833465576,-0.005279703065752983,0.9830905199050903,CapturedFrames_4.0_1.5_-5.0/video.mp4#frame=15
15,RIGHT_EYE,0.32593852281570435,0.25956225395202637,-0.005236214492470026,0.9846387505531311,CapturedFrames_4.0_1.5_-5.0/video.mp4#frame=15
15,RIGHT_EYE_OUTER,0.32640233635902405,0.25953954458236694,-0.0052537452429533005,0.982617199420929,CapturedFrames_4.0_1.5_-5.0/video.mp4#frame=15
15,LEFT_EAR,0.3168758749961853,0.2624800205230713,0.008732092566788197,0.975784420967102,CapturedFrames_4.0_1.5_-5.0/video.mp4#frame=15
15,RIGHT_EAR,0.3243156373500824,0.2628614902496338,-0.040478918701410294,0.9785175919532776,CapturedFrames_4.0_1.5_-5.0/video.mp4#frame=15
15,MOUTH_LEFT,0.3244853615760803,0.27261805534362793,0.008953127078711987,0.9681149125099182,CapturedFrames_4.0_1.5_-5.0/video.mp4#frame=15
15,MOUTH_RIGHT,0.3262313902378082,0.27295270562171936,-0.005452203564345837,0.9778343439102173,CapturedFrames_4.0_1.5_-5.0/video.mp4#frame=15
15,LEFT_SHOULDER,0.30278855562210083,0.30474936962127686,0.03791923075914383,0.9972086548805237,CapturedFrames_4.0_1.5_-5.0/video.mp4#frame=15
15,RIGHT_SHOULDER,0.3286004364490509,0.31025636196136475,-0.080564945936203,0.9997596144676208,CapturedFrames_4.0_1.5_-5.0/video.mp4#frame=15
15,LEFT_ELBOW,0.30655232071876526,0.3577330708503723,0.0696599930524826,0.0791962742805481,CapturedFrames_4.0_1.5_-5.0/video.mp4#frame=15
15,RIGHT_ELBOW,0.33627548813819885,0.36857712268829346,-0.09668684750795364,0.974927544593811,CapturedFrames_4.0_1.5_-5.0/video.mp4#frame=15
15,LEFT_WRIST,0.31491103768348694,0.38800621032714844,0.09457967430353165,0.024098262190818787,CapturedFrames_4.0_1.5_-5.0/video.mp4#frame=15
15,RIGHT_WRIST,0.3484434485435486,0.41938430070877075,-0.08844663947820663,0.9198078513145447,CapturedFrames_4.0_1.5_-5.0/video.mp4#frame=15
15,LEFT_PINKY,0.3175986707210541,0.3970130383968353,0.10295400768518448,0.03089188225567341,CapturedFrames_4.0_1.5_-5.0/video.mp4#frame=15
15,RIGHT_PINKY,0.35002022981643677,0.43294110894203186,-0.09673986583948135,0.8919780850410461,CapturedFrames_4.0_1.5_-5.0/video.mp4#frame=15
15,LEFT_INDEX,0.3199957013130188,0.39484214782714844,0.09476998448371887,0.03038131259381771,CapturedFrames_4.0_1.5_-5.0/video.mp4#frame=15
15,RIGHT_INDEX,0.35006698966026306,0.4333241879940033,-0.09210721403360367,0.8879144191741943,CapturedFrames_4.0_1.5_-5.0/video.mp4#frame=15
15,LEFT_THUMB,0.3194277882575989,0.3936587870121002,0.09153306484222412,0.03306374326348305,CapturedFrames_4.0_1.5_-5.0/video.mp4#frame=15
15,RIGHT_THUMB,0.34923645853996277,0.428627610206604,-0.08620123565196991,0.8311876058578491,CapturedFrames_4.0_1.5_-5.0/video.mp4#frame=15
15,LEFT_HIP,0.3160029947757721,0.4151436686515808,0.0415925495326519,0.9956504702568054,CapturedFrames_4.0_1.5_-5.0/video.mp4#frame=15
15,RIGHT_HIP,0.3322260081768036,0.41763925552368164,-0.04158756136894226,0.996845006942749,CapturedFrames_4.0_1.5_-5.0/video.mp4#frame=15
15,LEFT_KNEE,0.3348553776741028,0.4740248918533325,0.05495765060186386,0.2209363579750061,CapturedFrames_4.0_1.5_-5.0/video.mp4#frame=15
15,RIGHT_KNEE,0.35025691986083984,0.48089882731437683,-0.030903641134500504,0.9575939178466797,CapturedFrames_4.0_1.5_-5.0/video.mp4#frame=15
15,LEFT_ANKLE,0.3301733434200287,0.5376803874969482,0.07710372656583786,0.3689267039299011,CapturedFrames_4.0_1.5_-5.0/video.mp4#frame=15
15,RIGHT_ANKLE,0.32164856791496277,0.5415855646133423,-0.005954655818641186,0.9453998804092407,CapturedFrames_4.0_1.5_-5.0/video.mp4#frame=15
15,LEFT_HEEL,0.32697710394859314,0.5509215593338013,0.07792023569345474,0.36947736144065857,CapturedFrames_4.0_1.5_-5.0/video.mp4#frame=15
15,RIGHT_HEEL,0.31186944246292114,0.5488547682762146,-0.0029368384275585413,0.8736652731895447,CapturedFrames_4.0_1.5_-5.0/video.mp4#frame=15
15,LEFT_FOOT_INDEX,0.3447740972042084,0.5517445802688599,0.07099100947380066,0.4189842641353607,CapturedFrames_4.0_1.5_-5.0/video.mp4#frame=15
15,RIGHT_FOOT_INDEX,0.3341410458087921,0.5650168061256409,-0.011352277360856533,0.9030318856239319,CapturedFrames_4.0_1.5_-5.0/video.mp4#frame=15
16,NOSE,0.3306589126586914,0.264768123626709,-0.016154062002897263,0.9846745729446411,CapturedFrames_4.0_1.5_-5.0/video.mp4#frame=16
16,LEFT_EYE_INNER,0.3282012939453125,0.2577998638153076,-0.015075142495334148,0.9692574143409729,CapturedFrames_4.0_1.5_-5.0/video.mp4#frame=16
16,LEFT_EYE,0.3273372948169708,0.25754666328430176,-0.015091070905327797,0.9717954993247986,CapturedFrames_4.0_1.5_-5.0/video.mp4#frame=16
16,LEFT_EYE_OUTER,0.3265048563480377,0.257365345954895,-0.015104117803275585,0.9759013652801514,CapturedFrames_4.0_1.5_-5.0/video.mp4#frame=16
16,RIGHT_EYE_INNER,0.3300589323043823,0.2581484317779541,-0.02708790823817253,0.9763946533203125,CapturedFrames_4.0_1.5_-5.0/video.mp4#frame=16
16,RIGHT_EYE,0.3305221199989319,0.2581077814102173,-0.027046527713537216,0.9767401814460754,CapturedFrames_4.0_1.5_-5.0/video.mp4#frame=16
16,RIGHT_EYE_OUTER,0.3310425579547882,0.25814080238342285,-0.02706226333975792,0.977445125579834,CapturedFrames_4.0_1.5_-5.0/video.mp4#frame=16
16,LEFT_EAR,0.32296502590179443,0.26061922311782837,-0.005553924012929201,0.9576910138130188,CapturedFrames_4.0_1.5_-5.0/video.mp4#frame=16
16,RIGHT_EAR,0.3295649290084839,0.2614147663116455,-0.058899663388729095,0.9585506916046143,CapturedFrames_4.0_1.5_-5.0/video.mp4#frame=16
16,MOUTH_LEFT,0.32952484488487244,0.2710069417953491,-0.010470356792211533,0.9634851813316345,CapturedFrames_4.0_1.5_-5.0/video.mp4#frame=16
16,MOUTH_RIGHT,0.33099791407585144,0.271616131067276,-0.025967273861169815,0.9737010598182678,CapturedFrames_4.0_1.5_-5.0/video.mp4#frame=16
16,LEFT_SHOULDER,0.3113962709903717,0.2999815344810486,0.027376389130949974,0.9931786060333252,CapturedFrames_4.0_1.5_-5.0/video.mp4#frame=16
16,RIGHT_SHOULDER,0.3311172425746918,0.30937322974205017,-0.09095924347639084,0.9993270635604858,CapturedFrames_4.0_1.5_-5.0/video.mp4#frame=16
16,LEFT_ELBOW,0.3149609863758087,0.3501002788543701,0.04896433651447296,0.058364953845739365,CapturedFrames_4.0_1.5_-5.0/video.mp4#frame=16
16,RIGHT_ELBOW,0.3378464877605438,0.3671635389328003,-0.11077053844928741,0.967512845993042,CapturedFrames_4.0_1.5_-5.0/video.mp4#frame=16
16,LEFT_WRIST,0.32938167452812195,0.38906949758529663,0.043124862015247345,0.05717703327536583,CapturedFrames_4.0_1.5_-5.0/video.mp4#frame=16
16,RIGHT_WRIST,0.34857577085494995,0.4216447174549103,-0.10318149626255035,0.9482563734054565,CapturedFrames_4.0_1.5_-5.0/video.mp4#frame=16
16,LEFT_PINKY,0.33222535252571106,0.39288684725761414,0.04611542075872421,0.07662708312273026,CapturedFrames_4.0_1.5_-5.0/video.mp4#frame=16
16,RIGHT_PINKY,0.3500184118747711,0.4356801211833954,-0.11214236915111542,0.9290640950202942,CapturedFrames_4.0_1.5_-5.0/video.mp4#frame=16
16,LEFT_INDEX,0.3351461887359619,0.39416176080703735,0.035934727638959885,0.07815123349428177,CapturedFrames_4.0_1.5_-5.0/video.mp4#frame=16
16,RIGHT_INDEX,0.3500887453556061,0.4362964332103729,-0.1082204133272171,0.9276065826416016,CapturedFrames_4.0_1.5_-5.0/video.mp4#frame=16
16,LEFT_THUMB,0.33462581038475037,0.393662691116333,0.038237325847148895,0.07931531965732574,CapturedFrames_4.0_1.5_-5.0/video.mp4#frame=16
16,RIGHT_THUMB,0.3491499125957489,0.4310435950756073,-0.1011715903878212,0.8906590342521667,CapturedFrames_4.0_1.5_-5.0/video.mp4#frame=16
16,LEFT_HIP,0.32255101203918457,0.4119192659854889,0.0399421751499176,0.993767261505127,CapturedFrames_4.0_1.5_-5.0/video.mp4#frame=16
16,RIGHT_HIP,0.3357209861278534,0.417380154132843,-0.039952728897333145,0.9956973791122437,CapturedFrames_4.0_1.5_-5.0/video.mp4#frame=16
16,LEFT_KNEE,0.3362910747528076,0.4737817049026489,0.05733753368258476,0.3350568115711212,CapturedFrames_4.0_1.5_-5.0/video.mp4#frame=16
16,RIGHT_KNEE,0.3550768792629242,0.47260090708732605,-0.02191607467830181,0.9529387354850769,CapturedFrames_4.0_1.5_-5.0/video.mp4#frame=16
16,LEFT_ANKLE,0.33203303813934326,0.5368361473083496,0.07768911123275757,0.47983038425445557,CapturedFrames_4.0_1.5_-5.0/video.mp4#frame=16
16,RIGHT_ANKLE,0.33377599716186523,0.5359434485435486,0.013948182575404644,0.9169836044311523,CapturedFrames_4.0_1.5_-5.0/video.mp4#frame=16
16,LEFT_HEEL,0.32593831419944763,0.5460389852523804,0.07848060131072998,0.46970435976982117,CapturedFrames_4.0_1.5_-5.0/video.mp4#frame=16
16,RIGHT_HEEL,0.3263654410839081,0.5459945201873779,0.018165096640586853,0.8453001976013184,CapturedFrames_4.0_1.5_-5.0/video.mp4#frame=16
16,LEFT_FOOT_INDEX,0.34690675139427185,0.5562493801116943,0.07028889656066895,0.5397993326187134,CapturedFrames_4.0_1.5_-5.0/video.mp4#frame=16
16,RIGHT_FOOT_INDEX,0.3466842770576477,0.5581017732620239,0.012364178895950317,0.881547749042511,CapturedFrames_4.0_1.5_-5.0/video.mp4#frame=16
17,NOSE,0.3394554853439331,0.26599782705307007,-0.04767980799078941,0.9963346719741821,CapturedFrames_4.0_1.5_-5.0/video.mp4#frame=17
17,LEFT_EYE_INNER,0.33695748448371887,0.2574886679649353,-0.04590313509106636,0.9938763976097107,CapturedFrames_4.0_1.5_-5.0/video.mp4#frame=17
17,LEFT_EYE,0.33623355627059937,0.25703173875808716,-0.045889414846897125,0.9934068918228149,CapturedFrames_4.0_1.5_-5.0/video.mp4#frame=17
17,LEFT_EYE_OUTER,0.3355436325073242,0.2566835880279541,-0.04588643088936806,0.9937519431114197,CapturedFrames_4.0_1.5_-5.0/video.mp4#frame=17
17,RIGHT_EYE_INNER,0.33799952268600464,0.25840651988983154,-0.05662573501467705,0.9961618185043335,CapturedFrames_4.0_1.5_-5.0/video.mp4#frame=17
17,RIGHT_EYE,0.3380654752254486,0.25857794284820557,-0.05658964067697525,0.9962642788887024,CapturedFrames_4.0_1.5_-5.0/video.mp4#frame=17
17,RIGHT_EYE_OUTER,0.33813151717185974,0.25888270139694214,-0.056598491966724396,0.996732234954834,CapturedFrames_4.0_1.5_-5.0/video.mp4#frame=17
17,LEFT_EAR,0.3311406970024109,0.2590366005897522,-0.028084147721529007,0.9924988150596619,CapturedFrames_4.0_1.5_-5.0/video.mp4#frame=17
17,RIGHT_EAR,0.3349325656890869,0.2622092068195343,-0.07600284367799759,0.9951632022857666,CapturedFrames_4.0_1.5_-5.0/video.mp4#frame=17
17,MOUTH_LEFT,0.33772262930870056,0.27166974544525146,-0.03859186917543411,0.9924744963645935,CapturedFrames_4.0_1.5_-5.0/video.mp4#frame=17
17,MOUTH_RIGHT,0.33865463733673096,0.2728700637817383,-0.05239642411470413,0.99489426612854,CapturedFrames_4.0_1.5_-5.0/video.mp4#frame=17
17,LEFT_SHOULDER,0.3171248435974121,0.29654955863952637,0.010365973226726055,0.996098518371582,CapturedFrames_4.0_1.5_-5.0/video.mp4#frame=17
17,RIGHT_SHOULDER,0.3361853361129761,0.3119778037071228,-0.09779785573482513,0.9996280670166016,CapturedFrames_4.0_1.5_-5.0/video.mp4#frame=17
17,LEFT_ELBOW,0.3224419057369232,0.31467050313949585,0.05911053344607353,0.1235760897397995,CapturedFrames_4.0_1.5_-5.0/video.mp4#frame=17
17,RIGHT_ELBOW,0.34101998805999756,0.3669325113296509,-0.1200651153922081,0.9689240455627441,CapturedFrames_4.0_1.5_-5.0/video.mp4#frame=17
17,LEFT_WRIST,0.33490774035453796,0.31850847601890564,0.08535590022802353,0.1286619007587433,CapturedFrames_4.0_1.5_-5.0/video.mp4#frame=17
17,RIGHT_WRIST,0.34939154982566833,0.4193617105484009,-0.11090992391109467,0.9375488758087158,CapturedFrames_4.0_1.5_-5.0/video.mp4#frame=17
17,LEFT_PINKY,0.3354807496070862,0.3156861662864685,0.09145951271057129,0.15436795353889465,CapturedFrames_4.0_1.5_-5.0/video.mp4#frame=17
17,RIGHT_PINKY,0.35020148754119873,0.43236660957336426,-0.11742309480905533,0.9090700149536133,CapturedFrames_4.0_1.5_-5.0/video.mp4#frame=17
17,LEFT_INDEX,0.3368351459503174,0.31641775369644165,0.08399822562932968,0.15594372153282166,CapturedFrames_4.0_1.5_-5.0/video.mp4#frame=17
17,RIGHT_INDEX,0.3498865067958832,0.43294909596443176,-0.11774255335330963,0.9061881303787231,CapturedFrames_4.0_1.5_-5.0/video.mp4#frame=17
17,LEFT_THUMB,0.33796870708465576,0.31924086809158325,0.08240635693073273,0.15929871797561646,CapturedFrames_4.0_1.5_-5.0/video.mp4#frame=17
17,RIGHT_THUMB,0.3493734896183014,0.42802780866622925,-0.1102382093667984,0.8733227252960205,CapturedFrames_4.0_1.5_-5.0/video.mp4#frame=17
17,LEFT_HIP,0.32711926102638245,0.4151398241519928,0.03940859064459801,0.9963460564613342,CapturedFrames_4.0_1.5_-5.0/video.mp4#frame=17
17,RIGHT_HIP,0.3411957323551178,0.4191715121269226,-0.03944892808794975,0.998160183429718,CapturedFrames_4.0_1.5_-5.0/video.mp4#frame=17
17,LEFT_KNEE,0.333638459444046,0.4745030701160431,0.0681568831205368,0.5065585970878601,CapturedFrames_4.0_1.5_-5.0/video.mp4#frame=17
17,RIGHT_KNEE,0.3591292202472687,0.4704400897026062,-0.0051202489994466305,0.9706624746322632,CapturedFrames_4.0_1.5_-5.0/video.mp4#frame=17
17,LEFT_ANKLE,0.33237239718437195,0.5394127368927002,0.09180444478988647,0.7157322764396667,CapturedFrames_4.0_1.5_-5.0/video.mp4#frame=17
17,RIGHT_ANKLE,0.34344878792762756,0.5362961292266846,0.03602369502186775,0.9636974930763245,CapturedFrames_4.0_1.5_-5.0/video.mp4#frame=17
17,LEFT_HEEL,0.3285534083843231,0.5532612800598145,0.09324027597904205,0.7372536659240723,CapturedFrames_4.0_1.5_-5.0/video.mp4#frame=17
17,RIGHT_HEEL,0.3353879749774933,0.5529917478561401,0.04103390872478485,0.9324846863746643,CapturedFrames_4.0_1.5_-5.0/video.mp4#frame=17
17,LEFT_FOOT_INDEX,0.34979668259620667,0.5441434383392334,0.0893012136220932,0.7231078743934631,CapturedFrames_4.0_1.5_-5.0/video.mp4#frame=17
17,RIGHT_FOOT_INDEX,0.3610025942325592,0.5525572299957275,0.040917374193668365,0.9346258044242859,CapturedFrames_4.0_1.5_-5.0/video.mp4#frame=17
18,NOSE,0.3427777886390686,0.2669259309768677,-0.05058056861162186,0.9972942471504211,CapturedFrames_4.0_1.5_-5.0/video.mp4#frame=18
18,LEFT_EYE_INNER,0.3413533866405487,0.2588435411453247,-0.04648257791996002,0.9954959154129028,CapturedFrames_4.0_1.5_-5.0/video.mp4#frame=18
18,LEFT_EYE,0.34086084365844727,0.25847333669662476,-0.046481333673000336,0.9953457713127136,CapturedFrames_4.0_1.5_-5.0/video.mp4#frame=18
18,LEFT_EYE_OUTER,0.34045809507369995,0.2582016587257385,-0.04647411033511162,0.9958149790763855,CapturedFrames_4.0_1.5_-5.0/video.mp4#frame=18
18,RIGHT_EYE_INNER,0.3421581983566284,0.25927025079727173,-0.05823464319109917,0.9970477223396301,CapturedFrames_4.0_1.5_-5.0/video.mp4#frame=18
18,RIGHT_EYE,0.34221288561820984,0.2592870593070984,-0.058196913450956345,0.9970802664756775,CapturedFrames_4.0_1.5_-5.0/video.mp4#frame=18
18,RIGHT_EYE_OUTER,0.3423004746437073,0.2594229578971863,-0.058208197355270386,0.9975054860115051,CapturedFrames_4.0_1.5_-5.0/video.mp4#frame=18
18,LEFT_EAR,0.33684611320495605,0.25967442989349365,-0.022334646433591843,0.9939561486244202,CapturedFrames_4.0_1.5_-5.0/video.mp4#frame=18
18,RIGHT_EAR,0.33957913517951965,0.26211485266685486,-0.07461965829133987,0.9959040284156799,CapturedFrames_4.0_1.5_-5.0/video.mp4#frame=18
18,MOUTH_LEFT,0.3413505554199219,0.2716391384601593,-0.039373449981212616,0.9948257207870483,CapturedFrames_4.0_1.5_-5.0/video.mp4#frame=18
18,MOUTH_RIGHT,0.3421163558959961,0.27252423763275146,-0.05451595038175583,0.9962414503097534,CapturedFrames_4.0_1.5_-5.0/video.mp4#frame=18
18,LEFT_SHOULDER,0.3242952525615692,0.296415776014328,0.022868936881422997,0.9966132044792175,CapturedFrames_4.0_1.5_-5.0/video.mp4#frame=18
18,RIGHT_SHOULDER,0.33875390887260437,0.30846983194351196,-0.10045917332172394,0.999713122844696,CapturedFrames_4.0_1.5_-5.0/video.mp4#frame=18
18,LEFT_ELBOW,0.329879492521286,0.33585959672927856,0.055960215628147125,0.12011972069740295,CapturedFrames_4.0_1.5_-5.0/video.mp4#frame=18
18,RIGHT_ELBOW,0.3400712311267853,0.3654765784740448,-0.1230337843298912,0.9902778267860413,CapturedFrames_4.0_1.5_-5.0/video.mp4#frame=18
18,LEFT_WRIST,0.3400695025920868,0.35441070795059204,0.056255389004945755,0.13236719369888306,CapturedFrames_4.0_1.5_-5.0/video.mp4#frame=18
18,RIGHT_WRIST,0.34942448139190674,0.4172048270702362,-0.11650005728006363,0.9716183543205261,CapturedFrames_4.0_1.5_-5.0/video.mp4#frame=18
18,LEFT_PINKY,0.34112557768821716,0.3577098846435547,0.06051921844482422,0.15817895531654358,CapturedFrames_4.0_1.5_-5.0/video.mp4#frame=18
18,RIGHT_PINKY,0.35002046823501587,0.429522842168808,-0.12614065408706665,0.951036810874939,CapturedFrames_4.0_1.5_-5.0/video.mp4#frame=18
18,LEFT_INDEX,0.3434458076953888,0.35635900497436523,0.051423750817775726,0.15971790254116058,CapturedFrames_4.0_1.5_-5.0/video.mp4#frame=18
18,RIGHT_INDEX,0.34926894307136536,0.43071097135543823,-0.12228181213140488,0.9502136707305908,CapturedFrames_4.0_1.5_-5.0/video.mp4#frame=18
18,LEFT_THUMB,0.3439304828643799,0.35627636313438416,0.05208129435777664,0.15102577209472656,CapturedFrames_4.0_1.5_-5.0/video.mp4#frame=18
18,RIGHT_THUMB,0.34863531589508057,0.4266926348209381,-0.11439819633960724,0.9307330846786499,CapturedFrames_4.0_1.5_-5.0/video.mp4#frame=18
18,LEFT_HIP,0.3343106210231781,0.41344815492630005,0.042647480964660645,0.9971309304237366,CapturedFrames_4.0_1.5_-5.0/video.mp4#frame=18
18,RIGHT_HIP,0.3438270092010498,0.41479605436325073,-0.042709384113550186,0.9982914328575134,CapturedFrames_4.0_1.5_-5.0/video.mp4#frame=18
18,LEFT_KNEE,0.3368455171585083,0.47428956627845764,0.04468332603573799,0.6762077212333679,CapturedFrames_4.0_1.5_-5.0/video.mp4#frame=18
18,RIGHT_KNEE,0.3687956929206848,0.4574708342552185,-0.015787629410624504,0.9780216217041016,CapturedFrames_4.0_1.5_-5.0/video.mp4#frame=18
18,LEFT_ANKLE,0.3341449797153473,0.5416421890258789,0.057274021208286285,0.7641410827636719,CapturedFrames_4.0_1.5_-5.0/video.mp4#frame=18
18,RIGHT_ANKLE,0.3557969927787781,0.5339822769165039,0.028167400509119034,0.9601014256477356,CapturedFrames_4.0_1.5_-5.0/video.mp4#frame=18
18,LEFT_HEEL,0.33102115988731384,0.5556780695915222,0.0577276274561882,0.738431990146637,CapturedFrames_4.0_1.5_-5.0/video.mp4#frame=18
18,RIGHT_HEEL,0.34846770763397217,0.5465811491012573,0.03279152512550354,0.9278863668441772,CapturedFrames_4.0_1.5_-5.0/video.mp4#frame=18
18,LEFT_FOOT_INDEX,0.34679076075553894,0.5473708510398865,0.04829118400812149,0.7701712846755981,CapturedFrames_4.0_1.5_-5.0/video.mp4#frame=18
18,RIGHT_FOOT_INDEX,0.3749989867210388,0.5450928211212158,0.027765756472945213,0.9415859580039978,CapturedFrames_4.0_1.5_-5.0/video.mp4#frame=18
19,NOSE,0.3505862057209015,0.26605939865112305,-0.07501211017370224,0.994238018989563,CapturedFrames_4.0_1.5_-5.0/video.mp4#frame=19
19,LEFT_EYE_INNER,0.3486812114715576,0.2583116590976715,-0.07078918814659119,0.991738498210907,CapturedFrames_4.0_1.5_-5.0/video.mp4#frame=19
19,LEFT_EYE,0.3482200503349304,0.2578350901603699,-0.07079784572124481,0.9909967184066772,CapturedFrames_4.0_1.5_-5.0/video.mp4#frame=19
19,LEFT_EYE_OUTER,0.3477882742881775,0.2574489116668701,-0.0708070918917656,0.9918930530548096,CapturedFrames_4.0_1.5_-5.0/video.mp4#frame=19
19,RIGHT_EYE_INNER,0.34885865449905396,0.258879154920578,-0.08592261373996735,0.9940298795700073,CapturedFrames_4.0_1.5_-5.0/video.mp4#frame=19
19,RIGHT_EYE,0.34857994318008423,0.25890517234802246,-0.0859043151140213,0.993565022945404,CapturedFrames_4.0_1.5_-5.0/video.mp4#frame=19
19,RIGHT_EYE_OUTER,0.34830164909362793,0.25908946990966797,-0.08593191206455231,0.994314968585968,CapturedFrames_4.0_1.5_-5.0/video.mp4#frame=19
19,LEFT_EAR,0.3435406982898712,0.25891172885894775,-0.042709894478321075,0.9865663647651672,CapturedFrames_4.0_1.5_-5.0/video.mp4#frame=19
19,RIGHT_EAR,0.34468549489974976,0.26211971044540405,-0.11082996428012848,0.9922687411308289,CapturedFrames_4.0_1.5_-5.0/video.mp4#frame=19
19,MOUTH_LEFT,0.3492569625377655,0.2712171971797943,-0.06227593496441841,0.988750159740448,CapturedFrames_4.0_1.5_-5.0/video.mp4#frame=19
19,MOUTH_RIGHT,0.3491491973400116,0.2718145251274109,-0.08215522766113281,0.9921666383743286,CapturedFrames_4.0_1.5_-5.0/video.mp4#frame=19
19,LEFT_SHOULDER,0.33655646443367004,0.29189223051071167,0.004080726765096188,0.9954861998558044,CapturedFrames_4.0_1.5_-5.0/video.mp4#frame=19
19,RIGHT_SHOULDER,0.339750200510025,0.3065606951713562,-0.1342713087797165,0.9995312690734863,CapturedFrames_4.0_1.5_-5.0/video.mp4#frame=19
19,LEFT_ELBOW,0.341159850358963,0.3280485272407532,0.045921023935079575,0.13480624556541443,CapturedFrames_4.0_1.5_-5.0/video.mp4#frame=19
19,RIGHT_ELBOW,0.33994260430336,0.3627091646194458,-0.1540507674217224,0.9903818964958191,CapturedFrames_4.0_1.5_-5.0/video.mp4#frame=19
19,LEFT_WRIST,0.3463651239871979,0.33902043104171753,0.0456947460770607,0.2652817964553833,CapturedFrames_4.0_1.5_-5.0/video.mp4#frame=19
19,RIGHT_WRIST,0.3478313684463501,0.41426023840904236,-0.14110404253005981,0.9826520681381226,CapturedFrames_4.0_1.5_-5.0/video.mp4#frame=19
19,LEFT_PINKY,0.34695878624916077,0.3411107063293457,0.0483473502099514,0.26934492588043213,CapturedFrames_4.0_1.5_-5.0/video.mp4#frame=19
19,RIGHT_PINKY,0.3483934998512268,0.4273429811000824,-0.15219800174236298,0.9671857357025146,CapturedFrames_4.0_1.5_-5.0/video.mp4#frame=19
19,LEFT_INDEX,0.3485880196094513,0.33960622549057007,0.03798570856451988,0.2811093330383301,CapturedFrames_4.0_1.5_-5.0/video.mp4#frame=19
19,RIGHT_INDEX,0.3484039604663849,0.4285874366760254,-0.15026099979877472,0.9664629101753235,CapturedFrames_4.0_1.5_-5.0/video.mp4#frame=19
19,LEFT_THUMB,0.34893032908439636,0.34020671248435974,0.04043377563357353,0.27140671014785767,CapturedFrames_4.0_1.5_-5.0/video.mp4#frame=19
19,RIGHT_THUMB,0.3479992151260376,0.4238475263118744,-0.13967424631118774,0.9461960792541504,CapturedFrames_4.0_1.5_-5.0/video.mp4#frame=19
19,LEFT_HIP,0.345467209815979,0.4033883512020111,0.04310871288180351,0.998573899269104,CapturedFrames_4.0_1.5_-5.0/video.mp4#frame=19
19,RIGHT_HIP,0.342436283826828,0.41011345386505127,-0.04310532286763191,0.9983483552932739,CapturedFrames_4.0_1.5_-5.0/video.mp4#frame=19
19,LEFT_KNEE,0.3732423484325409,0.4458977282047272,0.04994663596153259,0.8173298835754395,CapturedFrames_4.0_1.5_-5.0/video.mp4#frame=19
19,RIGHT_KNEE,0.3389822244644165,0.470710426568985,0.005463522393256426,0.9809061288833618,CapturedFrames_4.0_1.5_-5.0/video.mp4#frame=19
19,LEFT_ANKLE,0.3742038309574127,0.5242446660995483,0.07735493034124374,0.8506312370300293,CapturedFrames_4.0_1.5_-5.0/video.mp4#frame=19
19,RIGHT_ANKLE,0.3320261538028717,0.5400248765945435,0.07740586251020432,0.9660255908966064,CapturedFrames_4.0_1.5_-5.0/video.mp4#frame=19
19,LEFT_HEEL,0.37057942152023315,0.5388017296791077,0.0787452831864357,0.7799908518791199,CapturedFrames_4.0_1.5_-5.0/video.mp4#frame=19
19,RIGHT_HEEL,0.3254421651363373,0.5573934316635132,0.08389785885810852,0.8872325420379639,CapturedFrames_4.0_1.5_-5.0/video.mp4#frame=19
19,LEFT_FOOT_INDEX,0.393475741147995,0.5302318334579468,0.05818987637758255,0.8639248013496399,CapturedFrames_4.0_1.5_-5.0/video.mp4#frame=19
19,RIGHT_FOOT_INDEX,0.3496748208999634,0.5528555512428284,0.06203324720263481,0.94331955909729,CapturedFrames_4.0_1.5_-5.0/video.mp4#frame=19
29,NOSE,0.40448155999183655,0.27906161546707153,-0.03342755511403084,0.9934014678001404,CapturedFrames_4.0_1.5_-5.0/video.mp4#frame=29
29,LEFT_EYE_INNER,0.4029305875301361,0.27076441049575806,-0.031006809324026108,0.9879809021949768,CapturedFrames_4.0_1.5_-5.0/video.mp4#frame=29
29,LEFT_EYE,0.40226006507873535,0.2702544331550598,-0.03102005459368229,0.988438069820404,CapturedFrames_4.0_1.5_-5.0/video.mp4#frame=29
29,LEFT_EYE_OUTER,0.40157613158226013,0.2698211967945099,-0.03102639690041542,0.9895080327987671,CapturedFrames_4.0_1.5_-5.0/video.mp4#frame=29
29,RIGHT_EYE_INNER,0.40377649664878845,0.27131664752960205,-0.043153222650289536,0.993880033493042,CapturedFrames_4.0_1.5_-5.0/video.mp4#frame=29
29,RIGHT_EYE,0.4037713408470154,0.2712807059288025,-0.04312838986515999,0.9942091703414917,CapturedFrames_4.0_1.5_-5.0/video.mp4#frame=29
29,RIGHT_EYE_OUTER,0.40375882387161255,0.27133795619010925,-0.04314778372645378,0.9947044253349304,CapturedFrames_4.0_1.5_-5.0/video.mp4#frame=29
29,LEFT_EAR,0.3969569504261017,0.27061453461647034,-0.014099198393523693,0.9864116907119751,CapturedFrames_4.0_1.5_-5.0/video.mp4#frame=29
29,RIGHT_EAR,0.40114444494247437,0.2734593152999878,-0.06823169440031052,0.9914032816886902,CapturedFrames_4.0_1.5_-5.0/video.mp4#frame=29
29,MOUTH_LEFT,0.40257811546325684,0.283530056476593,-0.024910835549235344,0.9880244135856628,CapturedFrames_4.0_1.5_-5.0/video.mp4#frame=29
29,MOUTH_RIGHT,0.40341633558273315,0.28442811965942383,-0.04060373455286026,0.9924996495246887,CapturedFrames_4.0_1.5_-5.0/video.mp4#frame=29
29,LEFT_SHOULDER,0.38332822918891907,0.30220451951026917,0.01874575950205326,0.9956028461456299,CapturedFrames_4.0_1.5_-5.0/video.mp4#frame=29
29,RIGHT_SHOULDER,0.39653101563453674,0.31273508071899414,-0.09049040079116821,0.9997442364692688,CapturedFrames_4.0_1.5_-5.0/video.mp4#frame=29
29,LEFT_ELBOW,0.3905017375946045,0.31925925612449646,0.0606665313243866,0.12844988703727722,CapturedFrames_4.0_1.5_-5.0/video.mp4#frame=29
29,RIGHT_ELBOW,0.3998400866985321,0.36462512612342834,-0.11806198209524155,0.9746147990226746,CapturedFrames_4.0_1.5_-5.0/video.mp4#frame=29
29,LEFT_WRIST,0.40215688943862915,0.32825028896331787,0.07872604578733444,0.16853971779346466,CapturedFrames_4.0_1.5_-5.0/video.mp4#frame=29
29,RIGHT_WRIST,0.40644001960754395,0.41405704617500305,-0.11946562677621841,0.9598303437232971,CapturedFrames_4.0_1.5_-5.0/video.mp4#frame=29
29,LEFT_PINKY,0.40389928221702576,0.3263523578643799,0.08380716294050217,0.20323871076107025,CapturedFrames_4.0_1.5_-5.0/video.mp4#frame=29
29,RIGHT_PINKY,0.40790075063705444,0.42766985297203064,-0.12812970578670502,0.9439693093299866,CapturedFrames_4.0_1.5_-5.0/video.mp4#frame=29
29,LEFT_INDEX,0.4051838517189026,0.3268623650074005,0.07573730498552322,0.20561018586158752,CapturedFrames_4.0_1.5_-5.0/video.mp4#frame=29
29,RIGHT_INDEX,0.40788230299949646,0.4275934100151062,-0.1263282150030136,0.9422132968902588,CapturedFrames_4.0_1.5_-5.0/video.mp4#frame=29
29,LEFT_THUMB,0.40571707487106323,0.32924187183380127,0.07535399496555328,0.20482566952705383,CapturedFrames_4.0_1.5_-5.0/video.mp4#frame=29
29,RIGHT_THUMB,0.4069287180900574,0.4227123260498047,-0.1179092675447464,0.9110811948776245,CapturedFrames_4.0_1.5_-5.0/video.mp4#frame=29
29,LEFT_HIP,0.3883168399333954,0.4087100028991699,0.03481096774339676,0.9960535764694214,CapturedFrames_4.0_1.5_-5.0/video.mp4#frame=29
29,RIGHT_HIP,0.39923906326293945,0.4137416481971741,-0.03483206033706665,0.9985933899879456,CapturedFrames_4.0_1.5_-5.0/video.mp4#frame=29
29,LEFT_KNEE,0.3876338303089142,0.4601808190345764,0.055962979793548584,0.7433260083198547,CapturedFrames_4.0_1.5_-5.0/video.mp4#frame=29
29,RIGHT_KNEE,0.41261348128318787,0.4617674648761749,-0.0010706324828788638,0.9691791534423828,CapturedFrames_4.0_1.5_-5.0/video.mp4#frame=29
29,LEFT_ANKLE,0.3612200617790222,0.5043033361434937,0.0858539417386055,0.8131064772605896,CapturedFrames_4.0_1.5_-5.0/video.mp4#frame=29
29,RIGHT_ANKLE,0.4140896797180176,0.5225715637207031,0.04334545508027077,0.9658871293067932,CapturedFrames_4.0_1.5_-5.0/video.mp4#frame=29
29,LEFT_HEEL,0.35288166999816895,0.5067623853683472,0.0890377089381218,0.8278505802154541,CapturedFrames_4.0_1.5_-5.0/video.mp4#frame=29
29,RIGHT_HEEL,0.4098528027534485,0.5379383563995361,0.048341549932956696,0.9485343098640442,CapturedFrames_4.0_1.5_-5.0/video.mp4#frame=29
29,LEFT_FOOT_INDEX,0.3628788888454437,0.5337565541267395,0.08725544810295105,0.8061360120773315,CapturedFrames_4.0_1.5_-5.0/video.mp4#frame=29
29,RIGHT_FOOT_INDEX,0.4302375316619873,0.5327934622764587,0.042257681488990784,0.9446143507957458,CapturedFrames_4.0_1.5_-5.0/video.mp4#frame=29
30,NOSE,0.4087557792663574,0.27387741208076477,-0.011473369784653187,0.9912590384483337,CapturedFrames_4.0_1.5_-5.0/video.mp4#frame=30
30,LEFT_EYE_INNER,0.4076353907585144,0.2657245993614197,-0.010628359392285347,0.9842637181282043,CapturedFrames_4.0_1.5_-5.0/video.mp4#frame=30
30,LEFT_EYE,0.4070116877555847,0.26509374380111694,-0.010644310154020786,0.9862209558486938,CapturedFrames_4.0_1.5_-5.0/video.mp4#frame=30
30,LEFT_EYE_OUTER,0.40634065866470337,0.26456573605537415,-0.010649766772985458,0.9864863157272339,CapturedFrames_4.0_1.5_-5.0/video.mp4#frame=30
30,RIGHT_EYE_INNER,0.4083377718925476,0.2666574716567993,-0.02264525182545185,0.9894223809242249,CapturedFrames_4.0_1.5_-5.0/video.mp4#frame=30
30,RIGHT_EYE,0.40828412771224976,0.26673242449760437,-0.02263120748102665,0.9899908304214478,CapturedFrames_4.0_1.5_-5.0/video.mp4#frame=30
30,RIGHT_EYE_OUTER,0.4082225263118744,0.26690149307250977,-0.022652074694633484,0.9901027679443359,CapturedFrames_4.0_1.5_-5.0/video.mp4#frame=30
30,LEFT_EAR,0.4017426073551178,0.2662166357040405,-0.001706423470750451,0.9768751859664917,CapturedFrames_4.0_1.5_-5.0/video.mp4#frame=30
30,RIGHT_EAR,0.405762255191803,0.269311785697937,-0.05530389025807381,0.9835192561149597,CapturedFrames_4.0_1.5_-5.0/video.mp4#frame=30
30,MOUTH_LEFT,0.4066782593727112,0.2790023684501648,-0.005841715261340141,0.9850358963012695,CapturedFrames_4.0_1.5_-5.0/video.mp4#frame=30
30,MOUTH_RIGHT,0.40724611282348633,0.28001344203948975,-0.02138870768249035,0.9902442097663879,CapturedFrames_4.0_1.5_-5.0/video.mp4#frame=30
30,LEFT_SHOULDER,0.3858848214149475,0.3000778555870056,0.023912644013762474,0.9936580061912537,CapturedFrames_4.0_1.5_-5.0/video.mp4#frame=30
30,RIGHT_SHOULDER,0.40273743867874146,0.3104177415370941,-0.08266899734735489,0.9997209906578064,CapturedFrames_4.0_1.5_-5.0/video.mp4#frame=30
30,LEFT_ELBOW,0.3868064284324646,0.3416616916656494,0.043109942227602005,0.06279543787240982,CapturedFrames_4.0_1.5_-5.0/video.mp4#frame=30
30,RIGHT_ELBOW,0.40851888060569763,0.3630179464817047,-0.10062017291784286,0.9655962586402893,CapturedFrames_4.0_1.5_-5.0/video.mp4#frame=30
30,LEFT_WRIST,0.39801350235939026,0.38456055521965027,0.03392237797379494,0.04891694337129593,CapturedFrames_4.0_1.5_-5.0/video.mp4#frame=30
30,RIGHT_WRIST,0.4136670231819153,0.4073529541492462,-0.0865757167339325,0.9311814904212952,CapturedFrames_4.0_1.5_-5.0/video.mp4#frame=30
30,LEFT_PINKY,0.3993895351886749,0.38826000690460205,0.03456277400255203,0.07203730940818787,CapturedFrames_4.0_1.5_-5.0/video.mp4#frame=30
30,RIGHT_PINKY,0.4147500991821289,0.419327050447464,-0.09376754611730576,0.9102129340171814,CapturedFrames_4.0_1.5_-5.0/video.mp4#frame=30
30,LEFT_INDEX,0.40155667066574097,0.3893330991268158,0.026827555149793625,0.07200969755649567,CapturedFrames_4.0_1.5_-5.0/video.mp4#frame=30
30,RIGHT_INDEX,0.41492193937301636,0.41929617524147034,-0.09013348072767258,0.9068101644515991,CapturedFrames_4.0_1.5_-5.0/video.mp4#frame=30
30,LEFT_THUMB,0.401909738779068,0.38918083906173706,0.0298566035926342,0.07332628220319748,CapturedFrames_4.0_1.5_-5.0/video.mp4#frame=30
30,RIGHT_THUMB,0.4138469099998474,0.41483861207962036,-0.08429185301065445,0.8683384656906128,CapturedFrames_4.0_1.5_-5.0/video.mp4#frame=30
30,LEFT_HIP,0.3917449116706848,0.4054258465766907,0.03439514338970184,0.9968361854553223,CapturedFrames_4.0_1.5_-5.0/video.mp4#frame=30
30,RIGHT_HIP,0.4053947925567627,0.41078659892082214,-0.03444693610072136,0.9988309741020203,CapturedFrames_4.0_1.5_-5.0/video.mp4#frame=30
30,LEFT_KNEE,0.3927815556526184,0.4582652151584625,0.07176104187965393,0.7117829322814941,CapturedFrames_4.0_1.5_-5.0/video.mp4#frame=30
30,RIGHT_KNEE,0.41430479288101196,0.46063199639320374,0.01355092041194439,0.9616597294807434,CapturedFrames_4.0_1.5_-5.0/video.mp4#frame=30
30,LEFT_ANKLE,0.3735649585723877,0.5044063329696655,0.1050589308142662,0.7498584389686584,CapturedFrames_4.0_1.5_-5.0/video.mp4#frame=30
30,RIGHT_ANKLE,0.41408032178878784,0.5231809020042419,0.06513653695583344,0.9553029537200928,CapturedFrames_4.0_1.5_-5.0/video.mp4#frame=30
30,LEFT_HEEL,0.3659572899341583,0.509763240814209,0.10879800468683243,0.7943513989448547,CapturedFrames_4.0_1.5_-5.0/video.mp4#frame=30
30,RIGHT_HEEL,0.4103926718235016,0.5383694767951965,0.07117613404989243,0.9456993937492371,CapturedFrames_4.0_1.5_-5.0/video.mp4#frame=30
30,LEFT_FOOT_INDEX,0.37647515535354614,0.5296714305877686,0.10516669601202011,0.6822596192359924,CapturedFrames_4.0_1.5_-5.0/video.mp4#frame=30
30,RIGHT_FOOT_INDEX,0.43031802773475647,0.531675398349762,0.06247072294354439,0.894971489906311,CapturedFrames_4.0_1.5_-5.0/video.mp4#frame=30
