frame_id,landmark,x,y,z,visibility,image_path
0,NOSE,0.33891433477401733,0.24649646878242493,0.02037263847887516,0.999631404876709,CapturedFrames_2.0_1.5_-6.0/video.mp4#frame=0
0,LEFT_EYE_INNER,0.3350127637386322,0.23656176030635834,0.013396319933235645,0.9995396137237549,CapturedFrames_2.0_1.5_-6.0/video.mp4#frame=0
0,LEFT_EYE,0.33305951952934265,0.23627929389476776,0.013394388370215893,0.9994532465934753,CapturedFrames_2.0_1.5_-6.0/video.mp4#frame=0
0,LEFT_EYE_OUTER,0.33088377118110657,0.23619675636291504,0.013384871184825897,0.9995087385177612,CapturedFrames_2.0_1.5_-6.0/video.mp4#frame=0
0,RIGHT_EYE_INNER,0.33938032388687134,0.2371426522731781,0.004021294880658388,0.9996176958084106,CapturedFrames_2.0_1.5_-6.0/video.mp4#frame=0
0,RIGHT_EYE,0.3405032455921173,0.2370695173740387,0.004046319983899593,0.9995371103286743,CapturedFrames_2.0_1.5_-6.0/video.mp4#frame=0
0,RIGHT_EYE_OUTER,0.3415972888469696,0.23693391680717468,0.004003014415502548,0.9995933175086975,CapturedFrames_2.0_1.5_-6.0/video.mp4#frame=0
0,LEFT_EAR,0.3244847059249878,0.2409452646970749,-0.010542811825871468,0.9993021488189697,CapturedFrames_2.0_1.5_-6.0/video.mp4#frame=0
0,RIGHT_EAR,0.33945807814598083,0.24121099710464478,-0.05225758999586105,0.9994951486587524,CapturedFrames_2.0_1.5_-6.0/video.mp4#frame=0
0,MOUTH_LEFT,0.33607831597328186,0.25607937574386597,0.01492032129317522,0.9995138645172119,CapturedFrames_2.0_1.5_-6.0/video.mp4#frame=0
0,MOUTH_RIGHT,0.33993101119995117,0.2558247447013855,0.002934180898591876,0.9996819496154785,CapturedFrames_2.0_1.5_-6.0/video.mp4#frame=0
0,LEFT_SHOULDER,0.30078527331352234,0.3078012466430664,0.012258302420377731,0.99925297498703,CapturedFrames_2.0_1.5_-6.0/video.mp4#frame=0
0,RIGHT_SHOULDER,0.34730014204978943,0.30858075618743896,-0.09756917506456375,0.9999418258666992,CapturedFrames_2.0_1.5_-6.0/video.mp4#frame=0
0,LEFT_ELBOW,0.3014204502105713,0.3870452344417572,0.024512192234396935,0.18154412508010864,CapturedFrames_2.0_1.5_-6.0/video.mp4#frame=0
0,RIGHT_ELBOW,0.3567258417606354,0.39858946204185486,-0.09806938469409943,0.9744671583175659,CapturedFrames_2.0_1.5_-6.0/video.mp4#frame=0
0,LEFT_WRIST,0.30910441279411316,0.45141398906707764,0.03578483685851097,0.10647252947092056,CapturedFrames_2.0_1.5_-6.0/video.mp4#frame=0
0,RIGHT_WRIST,0.37173184752464294,0.4644368886947632,-0.06333810836076736,0.8943980932235718,CapturedFrames_2.0_1.5_-6.0/video.mp4#frame=0
0,LEFT_PINKY,0.3083536624908447,0.47427067160606384,0.039087481796741486,0.11347343027591705,CapturedFrames_2.0_1.5_-6.0/video.mp4#frame=0
0,RIGHT_PINKY,0.3731760084629059,0.48411351442337036,-0.0700593814253807,0.8473019599914551,CapturedFrames_2.0_1.5_-6.0/video.mp4#frame=0
0,LEFT_INDEX,0.3119906187057495,0.4725324809551239,0.031444892287254333,0.10704140365123749,CapturedFrames_2.0_1.5_-6.0/video.mp4#frame=0
0,RIGHT_INDEX,0.3708234429359436,0.4831227958202362,-0.06860563158988953,0.8406438231468201,CapturedFrames_2.0_1.5_-6.0/video.mp4#frame=0
0,LEFT_THUMB,0.3137262463569641,0.4644641578197479,0.03250196948647499,0.09227769076824188,CapturedFrames_2.0_1.5_-6.0/video.mp4#frame=0
0,RIGHT_THUMB,0.3692106604576111,0.4764085114002228,-0.061941344290971756,0.7847995162010193,CapturedFrames_2.0_1.5_-6.0/video.mp4#frame=0
0,LEFT_HIP,0.31870555877685547,0.4543389081954956,0.038160793483257294,0.9995548129081726,CapturedFrames_2.0_1.5_-6.0/video.mp4#frame=0
0,RIGHT_HIP,0.3437938690185547,0.4541633129119873,-0.0382244847714901,0.9995877146720886,CapturedFrames_2.0_1.5_-6.0/video.mp4#frame=0
0,LEFT_KNEE,0.3246261775493622,0.5379483103752136,0.07374230027198792,0.8994569182395935,CapturedFrames_2.0_1.5_-6.0/video.mp4#frame=0
0,RIGHT_KNEE,0.3564024567604065,0.5468626618385315,0.02008080668747425,0.9726521968841553,CapturedFrames_2.0_1.5_-6.0/video.mp4#frame=0
0,LEFT_ANKLE,0.3056108057498932,0.6373574733734131,0.11845145374536514,0.9438453912734985,CapturedFrames_2.0_1.5_-6.0/video.mp4#frame=0
0,RIGHT_ANKLE,0.3590874671936035,0.6522216200828552,0.07799752801656723,0.9634354114532471,CapturedFrames_2.0_1.5_-6.0/video.mp4#frame=0
0,LEFT_HEEL,0.29987385869026184,0.6534909009933472,0.12196449190378189,0.9258902072906494,CapturedFrames_2.0_1.5_-6.0/video.mp4#frame=0
0,RIGHT_HEEL,0.353497177362442,0.6750518083572388,0.08316302299499512,0.92081218957901,CapturedFrames_2.0_1.5_-6.0/video.mp4#frame=0
0,LEFT_FOOT_INDEX,0.3172089457511902,0.6583635210990906,0.10868597030639648,0.9179425835609436,CapturedFrames_2.0_1.5_-6.0/video.mp4#frame=0
0,RIGHT_FOOT_INDEX,0.37988319993019104,0.6497644186019897,0.06744995713233948,0.9327684044837952,CapturedFrames_2.0_1.5_-6.0/video.mp4#frame=0
1,NOSE,0.34081509709358215,0.24257172644138336,0.024908842518925667,0.9995028972625732,CapturedFrames_2.0_1.5_-6.0/video.mp4#frame=1
1,LEFT_EYE_INNER,0.33725282549858093,0.23325799405574799,0.018123585730791092,0.9994465708732605,CapturedFrames_2.0_1.5_-6.0/video.mp4#frame=1
1,LEFT_EYE,0.3352692723274231,0.23317648470401764,0.018111465498805046,0.999365508556366,CapturedFrames_2.0_1.5_-6.0/video.mp4#frame=1
1,LEFT_EYE_OUTER,0.333084374666214,0.2332315444946289,0.018103785812854767,0.9994800686836243,CapturedFrames_2.0_1.5_-6.0/video.mp4#frame=1
1,RIGHT_EYE_INNER,0.34178316593170166,0.23341219127178192,0.008070799522101879,0.9994553923606873,CapturedFrames_2.0_1.5_-6.0/video.mp4#frame=1
1,RIGHT_EYE,0.34296727180480957,0.23335425555706024,0.00809137336909771,0.9992918968200684,CapturedFrames_2.0_1.5_-6.0/video.mp4#frame=1
1,RIGHT_EYE_OUTER,0.3441084921360016,0.233243927359581,0.008036327548325062,0.999352753162384,CapturedFrames_2.0_1.5_-6.0/video.mp4#frame=1
1,LEFT_EAR,0.3273778259754181,0.2376338392496109,-0.005411193706095219,0.9992316961288452,CapturedFrames_2.0_1.5_-6.0/video.mp4#frame=1
1,RIGHT_EAR,0.34292009472846985,0.23725399374961853,-0.05001965910196304,0.9993011951446533,CapturedFrames_2.0_1.5_-6.0/video.mp4#frame=1
1,MOUTH_LEFT,0.33824530243873596,0.25188446044921875,0.019930554553866386,0.9995492100715637,CapturedFrames_2.0_1.5_-6.0/video.mp4#frame=1
1,MOUTH_RIGHT,0.34250175952911377,0.25154781341552734,0.007039763033390045,0.9996103644371033,CapturedFrames_2.0_1.5_-6.0/video.mp4#frame=1
1,LEFT_SHOULDER,0.30587729811668396,0.3046284317970276,0.019601184874773026,0.9996812343597412,CapturedFrames_2.0_1.5_-6.0/video.mp4#frame=1
1,RIGHT_SHOULDER,0.3509361445903778,0.30238795280456543,-0.09692060947418213,0.9999231100082397,CapturedFrames_2.0_1.5_-6.0/video.mp4#frame=1
1,LEFT_ELBOW,0.3035321831703186,0.38511329889297485,0.032487135380506516,0.6826137900352478,CapturedFrames_2.0_1.5_-6.0/video.mp4#frame=1
1,RIGHT_ELBOW,0.36213257908821106,0.38959506154060364,-0.09458903223276138,0.9812390804290771,CapturedFrames_2.0_1.5_-6.0/video.mp4#frame=1
1,LEFT_WRIST,0.3070797622203827,0.45268386602401733,0.03620405122637749,0.5612103343009949,CapturedFrames_2.0_1.5_-6.0/video.mp4#frame=1
1,RIGHT_WRIST,0.3786337077617645,0.45402517914772034,-0.05961764603853226,0.9581507444381714,CapturedFrames_2.0_1.5_-6.0/video.mp4#frame=1
1,LEFT_PINKY,0.3060086965560913,0.47397851943969727,0.03846478834748268,0.485866516828537,CapturedFrames_2.0_1.5_-6.0/video.mp4#frame=1
1,RIGHT_PINKY,0.3791068494319916,0.4713420569896698,-0.06761337071657181,0.9322354793548584,CapturedFrames_2.0_1.5_-6.0/video.mp4#frame=1
1,LEFT_INDEX,0.30856525897979736,0.4724593162536621,0.03050450049340725,0.4632743000984192,CapturedFrames_2.0_1.5_-6.0/video.mp4#frame=1
1,RIGHT_INDEX,0.3768349587917328,0.4707593321800232,-0.0667056143283844,0.9249193668365479,CapturedFrames_2.0_1.5_-6.0/video.mp4#frame=1
1,LEFT_THUMB,0.31116676330566406,0.46577441692352295,0.03293878212571144,0.3983551859855652,CapturedFrames_2.0_1.5_-6.0/video.mp4#frame=1
1,RIGHT_THUMB,0.37564346194267273,0.465610533952713,-0.05840013176202774,0.8861642479896545,CapturedFrames_2.0_1.5_-6.0/video.mp4#frame=1
1,LEFT_HIP,0.32084745168685913,0.44463497400283813,0.0440865121781826,0.9995046854019165,CapturedFrames_2.0_1.5_-6.0/video.mp4#frame=1
1,RIGHT_HIP,0.3461952805519104,0.4442000389099121,-0.04422633349895477,0.9994195699691772,CapturedFrames_2.0_1.5_-6.0/video.mp4#frame=1
1,LEFT_KNEE,0.330515056848526,0.5296651124954224,0.10761626064777374,0.8853565454483032,CapturedFrames_2.0_1.5_-6.0/video.mp4#frame=1
1,RIGHT_KNEE,0.3574889004230499,0.5425527095794678,0.023796744644641876,0.9768483638763428,CapturedFrames_2.0_1.5_-6.0/video.mp4#frame=1
1,LEFT_ANKLE,0.3216462731361389,0.6279372572898865,0.1797412931919098,0.9294228553771973,CapturedFrames_2.0_1.5_-6.0/video.mp4#frame=1
1,RIGHT_ANKLE,0.3594232201576233,0.6512539386749268,0.0903836190700531,0.9759905934333801,CapturedFrames_2.0_1.5_-6.0/video.mp4#frame=1
1,LEFT_HEEL,0.3161185681819916,0.6468789577484131,0.18588556349277496,0.9029005765914917,CapturedFrames_2.0_1.5_-6.0/video.mp4#frame=1
1,RIGHT_HEEL,0.35679319500923157,0.6748086214065552,0.09623251855373383,0.9383049011230469,CapturedFrames_2.0_1.5_-6.0/video.mp4#frame=1
1,LEFT_FOOT_INDEX,0.336196631193161,0.6325333118438721,0.17365522682666779,0.9161857962608337,CapturedFrames_2.0_1.5_-6.0/video.mp4#frame=1
1,RIGHT_FOOT_INDEX,0.38072216510772705,0.6482465267181396,0.07183503359556198,0.954437792301178,CapturedFrames_2.0_1.5_-6.0/video.mp4#frame=1
2,NOSE,0.34273526072502136,0.2410127818584442,0.022073429077863693,0.9995860457420349,CapturedFrames_2.0_1.5_-6.0/video.mp4#frame=2
2,LEFT_EYE_INNER,0.33950382471084595,0.2322607934474945,0.011957347393035889,0.9995606541633606,CapturedFrames_2.0_1.5_-6.0/video.mp4#frame=2
2,LEFT_EYE,0.33766087889671326,0.23214983940124512,0.011944901198148727,0.9995378255844116,CapturedFrames_2.0_1.5_-6.0/video.mp4#frame=2
2,LEFT_EYE_OUTER,0.33568257093429565,0.2320994883775711,0.011942057870328426,0.9995666146278381,CapturedFrames_2.0_1.5_-6.0/video.mp4#frame=2
2,RIGHT_EYE_INNER,0.34384551644325256,0.23255592584609985,0.004891742020845413,0.9995658993721008,CapturedFrames_2.0_1.5_-6.0/video.mp4#frame=2
2,RIGHT_EYE,0.3452130854129791,0.2325834333896637,0.004910120740532875,0.9994693398475647,CapturedFrames_2.0_1.5_-6.0/video.mp4#frame=2
2,RIGHT_EYE_OUTER,0.34651899337768555,0.23251289129257202,0.004869404714554548,0.9994643330574036,CapturedFrames_2.0_1.5_-6.0/video.mp4#frame=2
2,LEFT_EAR,0.3302467167377472,0.2363767772912979,-0.021434687077999115,0.9994801878929138,CapturedFrames_2.0_1.5_-6.0/video.mp4#frame=2
2,RIGHT_EAR,0.34560051560401917,0.2362644374370575,-0.05246841162443161,0.9994595646858215,CapturedFrames_2.0_1.5_-6.0/video.mp4#frame=2
2,MOUTH_LEFT,0.3404894173145294,0.25008273124694824,0.013551123440265656,0.9996836185455322,CapturedFrames_2.0_1.5_-6.0/video.mp4#frame=2
2,MOUTH_RIGHT,0.3446127772331238,0.2501765489578247,0.0046004075556993484,0.9997044205665588,CapturedFrames_2.0_1.5_-6.0/video.mp4#frame=2
2,LEFT_SHOULDER,0.30863818526268005,0.30041152238845825,-0.0006394544034264982,0.9996986389160156,CapturedFrames_2.0_1.5_-6.0/video.mp4#frame=2
2,RIGHT_SHOULDER,0.35557690262794495,0.3007502257823944,-0.09924331307411194,0.9999381303787231,CapturedFrames_2.0_1.5_-6.0/video.mp4#frame=2
2,LEFT_ELBOW,0.30429941415786743,0.3800900876522064,0.015967724844813347,0.9313661456108093,CapturedFrames_2.0_1.5_-6.0/video.mp4#frame=2
2,RIGHT_ELBOW,0.36871522665023804,0.3826201260089874,-0.10094223916530609,0.9847322106361389,CapturedFrames_2.0_1.5_-6.0/video.mp4#frame=2
2,LEFT_WRIST,0.30582520365715027,0.44634249806404114,0.02682182751595974,0.7671371698379517,CapturedFrames_2.0_1.5_-6.0/video.mp4#frame=2
2,RIGHT_WRIST,0.38531914353370667,0.44340893626213074,-0.07440339773893356,0.9377549290657043,CapturedFrames_2.0_1.5_-6.0/video.mp4#frame=2
2,LEFT_PINKY,0.30389121174812317,0.4668256938457489,0.029416244477033615,0.6680908799171448,CapturedFrames_2.0_1.5_-6.0/video.mp4#frame=2
2,RIGHT_PINKY,0.3865015506744385,0.46305495500564575,-0.08322586119174957,0.8939588665962219,CapturedFrames_2.0_1.5_-6.0/video.mp4#frame=2
2,LEFT_INDEX,0.30745720863342285,0.46578872203826904,0.02121826633810997,0.6462675929069519,CapturedFrames_2.0_1.5_-6.0/video.mp4#frame=2
2,RIGHT_INDEX,0.38403046131134033,0.46294158697128296,-0.08284669369459152,0.8823309540748596,CapturedFrames_2.0_1.5_-6.0/video.mp4#frame=2
2,LEFT_THUMB,0.3105868399143219,0.4579009711742401,0.024259664118289948,0.5744366645812988,CapturedFrames_2.0_1.5_-6.0/video.mp4#frame=2
2,RIGHT_THUMB,0.3826684057712555,0.4562830328941345,-0.07343736290931702,0.8311824798583984,CapturedFrames_2.0_1.5_-6.0/video.mp4#frame=2
2,LEFT_HIP,0.3223077654838562,0.44112035632133484,0.0445471815764904,0.9987708926200867,CapturedFrames_2.0_1.5_-6.0/video.mp4#frame=2
2,RIGHT_HIP,0.34806278347969055,0.44212689995765686,-0.04464593529701233,0.9994291663169861,CapturedFrames_2.0_1.5_-6.0/video.mp4#frame=2
2,LEFT_KNEE,0.33461320400238037,0.5247479677200317,0.12502068281173706,0.758978009223938,CapturedFrames_2.0_1.5_-6.0/video.mp4#frame=2
2,RIGHT_KNEE,0.3562481105327606,0.5395628809928894,0.009922290220856667,0.9834561944007874,CapturedFrames_2.0_1.5_-6.0/video.mp4#frame=2
2,LEFT_ANKLE,0.33388960361480713,0.6178494691848755,0.20685303211212158,0.8806312680244446,CapturedFrames_2.0_1.5_-6.0/video.mp4#frame=2
2,RIGHT_ANKLE,0.3574898838996887,0.6540805697441101,0.05706175044178963,0.984555184841156,CapturedFrames_2.0_1.5_-6.0/video.mp4#frame=2
2,LEFT_HEEL,0.3311006426811218,0.6396822929382324,0.21370729804039001,0.8537467122077942,CapturedFrames_2.0_1.5_-6.0/video.mp4#frame=2
2,RIGHT_HEEL,0.35242295265197754,0.6741926670074463,0.0607343390583992,0.9596133828163147,CapturedFrames_2.0_1.5_-6.0/video.mp4#frame=2
2,LEFT_FOOT_INDEX,0.34778860211372375,0.6079922318458557,0.2044730931520462,0.8574967980384827,CapturedFrames_2.0_1.5_-6.0/video.mp4#frame=2
2,RIGHT_FOOT_INDEX,0.37749138474464417,0.6471534967422485,0.03282061591744423,0.9547174572944641,CapturedFrames_2.0_1.5_-6.0/video.mp4#frame=2
3,NOSE,0.3465867340564728,0.23974895477294922,0.042176567018032074,0.9989064931869507,CapturedFrames_2.0_1.5_-6.0/video.mp4#frame=3
3,LEFT_EYE_INNER,0.3428395986557007,0.2306143045425415,0.03352968394756317,0.9991254210472107,CapturedFrames_2.0_1.5_-6.0/video.mp4#frame=3
3,LEFT_EYE,0.34100982546806335,0.230372816324234,0.03351325914263725,0.9990440011024475,CapturedFrames_2.0_1.5_-6.0/video.mp4#frame=3
3,LEFT_EYE_OUTER,0.3390207588672638,0.23021520674228668,0.03351125493645668,0.9990744590759277,CapturedFrames_2.0_1.5_-6.0/video.mp4#frame=3
3,RIGHT_EYE_INNER,0.3472307622432709,0.23097123205661774,0.024928003549575806,0.9990817308425903,CapturedFrames_2.0_1.5_-6.0/video.mp4#frame=3
3,RIGHT_EYE,0.3484240472316742,0.23092465102672577,0.024938935413956642,0.9988823533058167,CapturedFrames_2.0_1.5_-6.0/video.mp4#frame=3
3,RIGHT_EYE_OUTER,0.3495533764362335,0.23082126677036285,0.024879468604922295,0.9989094734191895,CapturedFrames_2.0_1.5_-6.0/video.mp4#frame=3
3,LEFT_EAR,0.33361363410949707,0.23482269048690796,0.002816467545926571,0.9987701773643494,CapturedFrames_2.0_1.5_-6.0/video.mp4#frame=3
3,RIGHT_EAR,0.34832316637039185,0.2347555011510849,-0.03505340591073036,0.9991505146026611,CapturedFrames_2.0_1.5_-6.0/video.mp4#frame=3
3,MOUTH_LEFT,0.34425660967826843,0.2484322190284729,0.03422166034579277,0.9991610050201416,CapturedFrames_2.0_1.5_-6.0/video.mp4#frame=3
3,MOUTH_RIGHT,0.34832778573036194,0.24835336208343506,0.02329464815557003,0.9992115497589111,CapturedFrames_2.0_1.5_-6.0/video.mp4#frame=3
3,LEFT_SHOULDER,0.31192120909690857,0.29812031984329224,0.023528579622507095,0.9997346997261047,CapturedFrames_2.0_1.5_-6.0/video.mp4#frame=3
3,RIGHT_SHOULDER,0.3595519959926605,0.2969897389411926,-0.08880489319562912,0.9999330043792725,CapturedFrames_2.0_1.5_-6.0/video.mp4#frame=3
3,LEFT_ELBOW,0.30732521414756775,0.37768784165382385,0.026936184614896774,0.9586769938468933,CapturedFrames_2.0_1.5_-6.0/video.mp4#frame=3
3,RIGHT_ELBOW,0.3742625117301941,0.376300185918808,-0.08673939108848572,0.9875718355178833,CapturedFrames_2.0_1.5_-6.0/video.mp4#frame=3
3,LEFT_WRIST,0.30562424659729004,0.4436738193035126,0.0212718453258276,0.8011483550071716,CapturedFrames_2.0_1.5_-6.0/video.mp4#frame=3
3,RIGHT_WRIST,0.3919736444950104,0.4300811290740967,-0.04710366204380989,0.9329432845115662,CapturedFrames_2.0_1.5_-6.0/video.mp4#frame=3
3,LEFT_PINKY,0.3044450879096985,0.4646940529346466,0.022092923521995544,0.6804422736167908,CapturedFrames_2.0_1.5_-6.0/video.mp4#frame=3
3,RIGHT_PINKY,0.3938452899456024,0.4476752281188965,-0.052825700491666794,0.880329430103302,CapturedFrames_2.0_1.5_-6.0/video.mp4#frame=3
3,LEFT_INDEX,0.3071531057357788,0.4646061658859253,0.015579653903841972,0.6601874232292175,CapturedFrames_2.0_1.5_-6.0/video.mp4#frame=3
3,RIGHT_INDEX,0.39078420400619507,0.44803476333618164,-0.052508383989334106,0.8684871792793274,CapturedFrames_2.0_1.5_-6.0/video.mp4#frame=3
3,LEFT_THUMB,0.309486985206604,0.4562969505786896,0.018451465293765068,0.5752375721931458,CapturedFrames_2.0_1.5_-6.0/video.mp4#frame=3
3,RIGHT_THUMB,0.3893376588821411,0.44224146008491516,-0.04548751190304756,0.8145016431808472,CapturedFrames_2.0_1.5_-6.0/video.mp4#frame=3
3,LEFT_HIP,0.3274768888950348,0.43449604511260986,0.047839101403951645,0.9986898303031921,CapturedFrames_2.0_1.5_-6.0/video.mp4#frame=3
3,RIGHT_HIP,0.35189053416252136,0.43534040451049805,-0.04797353595495224,0.9993398785591125,CapturedFrames_2.0_1.5_-6.0/video.mp4#frame=3
3,LEFT_KNEE,0.3438689112663269,0.5242968201637268,0.11871329694986343,0.6343621015548706,CapturedFrames_2.0_1.5_-6.0/video.mp4#frame=3
3,RIGHT_KNEE,0.35782504081726074,0.5423817038536072,-0.01617748662829399,0.9599777460098267,CapturedFrames_2.0_1.5_-6.0/video.mp4#frame=3
3,LEFT_ANKLE,0.3473082482814789,0.6158279776573181,0.1866549253463745,0.7720001935958862,CapturedFrames_2.0_1.5_-6.0/video.mp4#frame=3
3,RIGHT_ANKLE,0.35539159178733826,0.6520569324493408,0.011603725142776966,0.9419521689414978,CapturedFrames_2.0_1.5_-6.0/video.mp4#frame=3
3,LEFT_HEEL,0.345001220703125,0.6378182172775269,0.19155967235565186,0.781040370464325,CapturedFrames_2.0_1.5_-6.0/video.mp4#frame=3
3,RIGHT_HEEL,0.3529838025569916,0.675432026386261,0.013383802957832813,0.9063922762870789,CapturedFrames_2.0_1.5_-6.0/video.mp4#frame=3
3,LEFT_FOOT_INDEX,0.3604412376880646,0.6148685216903687,0.17873522639274597,0.7169933319091797,CapturedFrames_2.0_1.5_-6.0/video.mp4#frame=3
3,RIGHT_FOOT_INDEX,0.3764459788799286,0.6476907134056091,-0.01778229884803295,0.869121253490448,CapturedFrames_2.0_1.5_-6.0/video.mp4#frame=3
4,NOSE,0.3460261821746826,0.2408130168914795,0.06576261669397354,0.9994482398033142,CapturedFrames_2.0_1.5_-6.0/video.mp4#frame=4
4,LEFT_EYE_INNER,0.342349112033844,0.23336760699748993,0.053944848477840424,0.9995352029800415,CapturedFrames_2.0_1.5_-6.0/video.mp4#frame=4
4,LEFT_EYE,0.3399639129638672,0.23355402052402496,0.05393534153699875,0.9994875192642212,CapturedFrames_2.0_1.5_-6.0/video.mp4#frame=4
4,LEFT_EYE_OUTER,0.337626188993454,0.23385508358478546,0.05392630770802498,0.9995120763778687,CapturedFrames_2.0_1.5_-6.0/video.mp4#frame=4
4,RIGHT_EYE_INNER,0.34747761487960815,0.23329181969165802,0.04763064906001091,0.9994283318519592,CapturedFrames_2.0_1.5_-6.0/video.mp4#frame=4
4,RIGHT_EYE,0.34883132576942444,0.23336787521839142,0.04763535410165787,0.9992761015892029,CapturedFrames_2.0_1.5_-6.0/video.mp4#frame=4
4,RIGHT_EYE_OUTER,0.3501996695995331,0.23344096541404724,0.04758431762456894,0.9992873072624207,CapturedFrames_2.0_1.5_-6.0/video.mp4#frame=4
4,LEFT_EAR,0.333976686000824,0.23857705295085907,0.011668422259390354,0.9994822144508362,CapturedFrames_2.0_1.5_-6.0/video.mp4#frame=4
4,RIGHT_EAR,0.3508427143096924,0.23826870322227478,-0.01646345481276512,0.9994953870773315,CapturedFrames_2.0_1.5_-6.0/video.mp4#frame=4
4,MOUTH_LEFT,0.3436571955680847,0.25023266673088074,0.053564559668302536,0.9997184872627258,CapturedFrames_2.0_1.5_-6.0/video.mp4#frame=4
4,MOUTH_RIGHT,0.34915417432785034,0.25022590160369873,0.04543903470039368,0.9997140765190125,CapturedFrames_2.0_1.5_-6.0/video.mp4#frame=4
4,LEFT_SHOULDER,0.31446290016174316,0.3016010820865631,0.020469384267926216,0.9998846054077148,CapturedFrames_2.0_1.5_-6.0/video.mp4#frame=4
4,RIGHT_SHOULDER,0.3635803163051605,0.29909783601760864,-0.0708157867193222,0.9999390840530396,CapturedFrames_2.0_1.5_-6.0/video.mp4#frame=4
4,LEFT_ELBOW,0.30952346324920654,0.3808369040489197,0.019928785040974617,0.9858523607254028,CapturedFrames_2.0_1.5_-6.0/video.mp4#frame=4
4,RIGHT_ELBOW,0.3827632963657379,0.3742882311344147,-0.06441664695739746,0.9924010038375854,CapturedFrames_2.0_1.5_-6.0/video.mp4#frame=4
4,LEFT_WRIST,0.30605170130729675,0.4454096853733063,0.019426265731453896,0.8914738893508911,CapturedFrames_2.0_1.5_-6.0/video.mp4#frame=4
4,RIGHT_WRIST,0.39741960167884827,0.425856351852417,-0.01627190038561821,0.8825792670249939,CapturedFrames_2.0_1.5_-6.0/video.mp4#frame=4
4,LEFT_PINKY,0.30506038665771484,0.4661368131637573,0.020007453858852386,0.7859894037246704,CapturedFrames_2.0_1.5_-6.0/video.mp4#frame=4
4,RIGHT_PINKY,0.39857447147369385,0.4443031847476959,-0.020468050613999367,0.77935791015625,CapturedFrames_2.0_1.5_-6.0/video.mp4#frame=4
4,LEFT_INDEX,0.30755192041397095,0.46542155742645264,0.014862611889839172,0.7693497538566589,CapturedFrames_2.0_1.5_-6.0/video.mp4#frame=4
4,RIGHT_INDEX,0.39629417657852173,0.4435073733329773,-0.01943182572722435,0.7591272592544556,CapturedFrames_2.0_1.5_-6.0/video.mp4#frame=4
4,LEFT_THUMB,0.3097659945487976,0.45795026421546936,0.01728290319442749,0.6888718008995056,CapturedFrames_2.0_1.5_-6.0/video.mp4#frame=4
4,RIGHT_THUMB,0.39529359340667725,0.4374997317790985,-0.014691738411784172,0.694686770439148,CapturedFrames_2.0_1.5_-6.0/video.mp4#frame=4
4,LEFT_HIP,0.3304979205131531,0.43659016489982605,0.04270922392606735,0.9991307854652405,CapturedFrames_2.0_1.5_-6.0/video.mp4#frame=4
4,RIGHT_HIP,0.3542070686817169,0.43680164217948914,-0.042817600071430206,0.9995256662368774,CapturedFrames_2.0_1.5_-6.0/video.mp4#frame=4
4,LEFT_KNEE,0.34485286474227905,0.5253567099571228,0.12195630371570587,0.6780897378921509,CapturedFrames_2.0_1.5_-6.0/video.mp4#frame=4
4,RIGHT_KNEE,0.35985609889030457,0.5458487272262573,-0.009432709775865078,0.9737738370895386,CapturedFrames_2.0_1.5_-6.0/video.mp4#frame=4
4,LEFT_ANKLE,0.3562180697917938,0.600008487701416,0.19599777460098267,0.7620680332183838,CapturedFrames_2.0_1.5_-6.0/video.mp4#frame=4
4,RIGHT_ANKLE,0.3576107323169708,0.649054229259491,0.026370178908109665,0.951568067073822,CapturedFrames_2.0_1.5_-6.0/video.mp4#frame=4
4,LEFT_HEEL,0.3534534275531769,0.6211348176002502,0.2019975632429123,0.8311779499053955,CapturedFrames_2.0_1.5_-6.0/video.mp4#frame=4
4,RIGHT_HEEL,0.35420534014701843,0.6716498136520386,0.02901194989681244,0.9428130984306335,CapturedFrames_2.0_1.5_-6.0/video.mp4#frame=4
4,LEFT_FOOT_INDEX,0.36569783091545105,0.5991686582565308,0.19033078849315643,0.6404939293861389,CapturedFrames_2.0_1.5_-6.0/video.mp4#frame=4
4,RIGHT_FOOT_INDEX,0.37561243772506714,0.6475982666015625,-0.0010687659960240126,0.822573184967041,CapturedFrames_2.0_1.5_-6.0/video.mp4#frame=4
5,NOSE,0.350098192691803,0.24616067111492157,0.04836058244109154,0.9995418787002563,CapturedFrames_2.0_1.5_-6.0/video.mp4#frame=5
5,LEFT_EYE_INNER,0.34658893942832947,0.23800377547740936,0.03425547853112221,0.9995868802070618,CapturedFrames_2.0_1.5_-6.0/video.mp4#frame=5
5,LEFT_EYE,0.3444925546646118,0.2379186898469925,0.034246817231178284,0.9995735287666321,CapturedFrames_2.0_1.5_-6.0/video.mp4#frame=5
5,LEFT_EYE_OUTER,0.34232214093208313,0.23805396258831024,0.034245651215314865,0.9995311498641968,CapturedFrames_2.0_1.5_-6.0/video.mp4#frame=5
5,RIGHT_EYE_INNER,0.35139596462249756,0.23827393352985382,0.03012099862098694,0.9995174407958984,CapturedFrames_2.0_1.5_-6.0/video.mp4#frame=5
5,RIGHT_EYE,0.3527744710445404,0.23825137317180634,0.0301214512437582,0.9994364380836487,CapturedFrames_2.0_1.5_-6.0/video.mp4#frame=5
5,RIGHT_EYE_OUTER,0.3540824055671692,0.238161101937294,0.03006419911980629,0.9993994235992432,CapturedFrames_2.0_1.5_-6.0/video.mp4#frame=5
5,LEFT_EAR,0.338147908449173,0.2427559494972229,-0.01358148641884327,0.999545156955719,CapturedFrames_2.0_1.5_-6.0/video.mp4#frame=5
5,RIGHT_EAR,0.3535367548465729,0.24223122000694275,-0.03233252093195915,0.9995989203453064,CapturedFrames_2.0_1.5_-6.0/video.mp4#frame=5
5,MOUTH_LEFT,0.3477296531200409,0.2545362710952759,0.03431329503655434,0.9997598528862,CapturedFrames_2.0_1.5_-6.0/video.mp4#frame=5
5,MOUTH_RIGHT,0.35260674357414246,0.25465089082717896,0.028824333101511,0.9997283816337585,CapturedFrames_2.0_1.5_-6.0/video.mp4#frame=5
5,LEFT_SHOULDER,0.3186030387878418,0.3038499653339386,-0.0057900529354810715,0.999869704246521,CapturedFrames_2.0_1.5_-6.0/video.mp4#frame=5
5,RIGHT_SHOULDER,0.36754557490348816,0.3010314106941223,-0.07961808890104294,0.9999524354934692,CapturedFrames_2.0_1.5_-6.0/video.mp4#frame=5
5,LEFT_ELBOW,0.3127930760383606,0.3806930184364319,0.0028675405774265528,0.9903820157051086,CapturedFrames_2.0_1.5_-6.0/video.mp4#frame=5
5,RIGHT_ELBOW,0.38825729489326477,0.37032270431518555,-0.06097235530614853,0.9914389848709106,CapturedFrames_2.0_1.5_-6.0/video.mp4#frame=5
5,LEFT_WRIST,0.30725687742233276,0.4468527138233185,0.011515428312122822,0.925258994102478,CapturedFrames_2.0_1.5_-6.0/video.mp4#frame=5
5,RIGHT_WRIST,0.40215277671813965,0.41813647747039795,0.00138148944824934,0.8772807121276855,CapturedFrames_2.0_1.5_-6.0/video.mp4#frame=5
5,LEFT_PINKY,0.3065500259399414,0.4653851091861725,0.013506002724170685,0.8318848013877869,CapturedFrames_2.0_1.5_-6.0/video.mp4#frame=5
5,RIGHT_PINKY,0.40446385741233826,0.43611404299736023,0.0003318551753181964,0.7735246419906616,CapturedFrames_2.0_1.5_-6.0/video.mp4#frame=5
5,LEFT_INDEX,0.3097463846206665,0.466086745262146,0.008240331895649433,0.8195606470108032,CapturedFrames_2.0_1.5_-6.0/video.mp4#frame=5
5,RIGHT_INDEX,0.40161222219467163,0.4358285367488861,-0.00043601877405308187,0.755168616771698,CapturedFrames_2.0_1.5_-6.0/video.mp4#frame=5
5,LEFT_THUMB,0.3112742304801941,0.4588163197040558,0.009923751465976238,0.7539618611335754,CapturedFrames_2.0_1.5_-6.0/video.mp4#frame=5
5,RIGHT_THUMB,0.3999488353729248,0.42951691150665283,0.0027178677264600992,0.6997187733650208,CapturedFrames_2.0_1.5_-6.0/video.mp4#frame=5
5,LEFT_HIP,0.33597588539123535,0.4355185329914093,0.0391496866941452,0.9990730285644531,CapturedFrames_2.0_1.5_-6.0/video.mp4#frame=5
5,RIGHT_HIP,0.3592512905597687,0.436034619808197,-0.03927530720829964,0.9997599720954895,CapturedFrames_2.0_1.5_-6.0/video.mp4#frame=5
5,LEFT_KNEE,0.349428653717041,0.4983373284339905,0.14515842497348785,0.5241777896881104,CapturedFrames_2.0_1.5_-6.0/video.mp4#frame=5
5,RIGHT_KNEE,0.3635191023349762,0.5437694191932678,0.0027014666702598333,0.9767593741416931,CapturedFrames_2.0_1.5_-6.0/video.mp4#frame=5
5,LEFT_ANKLE,0.36590132117271423,0.5691101551055908,0.23741766810417175,0.5969793200492859,CapturedFrames_2.0_1.5_-6.0/video.mp4#frame=5
5,RIGHT_ANKLE,0.3590952157974243,0.6431474685668945,0.03761656582355499,0.9605120420455933,CapturedFrames_2.0_1.5_-6.0/video.mp4#frame=5
5,LEFT_HEEL,0.36750370264053345,0.5795050859451294,0.245667964220047,0.7243165373802185,CapturedFrames_2.0_1.5_-6.0/video.mp4#frame=5
5,RIGHT_HEEL,0.35482096672058105,0.6653696298599243,0.040279243141412735,0.9485794901847839,CapturedFrames_2.0_1.5_-6.0/video.mp4#frame=5
5,LEFT_FOOT_INDEX,0.3715779185295105,0.5753276348114014,0.23894183337688446,0.5102069973945618,CapturedFrames_2.0_1.5_-6.0/video.mp4#frame=5
5,RIGHT_FOOT_INDEX,0.37644124031066895,0.6434767246246338,0.007693677209317684,0.8514676094055176,CapturedFrames_2.0_1.5_-6.0/video.mp4#frame=5
6,NOSE,0.35350501537323,0.251705527305603,0.03876744210720062,0.9998835325241089,CapturedFrames_2.0_1.5_-6.0/video.mp4#frame=6
6,LEFT_EYE_INNER,0.35022664070129395,0.24457435309886932,0.023555824533104897,0.9998708963394165,CapturedFrames_2.0_1.5_-6.0/video.mp4#frame=6
6,LEFT_EYE,0.3484252989292145,0.2447429597377777,0.023548316210508347,0.9998798370361328,CapturedFrames_2.0_1.5_-6.0/video.mp4#frame=6
6,LEFT_EYE_OUTER,0.3464753329753876,0.2450142353773117,0.023553665727376938,0.9998524188995361,CapturedFrames_2.0_1.5_-6.0/video.mp4#frame=6
6,RIGHT_EYE_INNER,0.35460054874420166,0.244416743516922,0.02105441689491272,0.9998471736907959,CapturedFrames_2.0_1.5_-6.0/video.mp4#frame=6
6,RIGHT_EYE,0.3558814525604248,0.24437221884727478,0.021052129566669464,0.9998307228088379,CapturedFrames_2.0_1.5_-6.0/video.mp4#frame=6
6,RIGHT_EYE_OUTER,0.35719242691993713,0.2443007528781891,0.02101464942097664,0.9997952580451965,CapturedFrames_2.0_1.5_-6.0/video.mp4#frame=6
6,LEFT_EAR,0.3425833284854889,0.24981598556041718,-0.025603637099266052,0.999875545501709,CapturedFrames_2.0_1.5_-6.0/video.mp4#frame=6
6,RIGHT_EAR,0.35780060291290283,0.2485262155532837,-0.03773226961493492,0.9998629093170166,CapturedFrames_2.0_1.5_-6.0/video.mp4#frame=6
6,MOUTH_LEFT,0.35171079635620117,0.26052501797676086,0.02431534416973591,0.9999430179595947,CapturedFrames_2.0_1.5_-6.0/video.mp4#frame=6
6,MOUTH_RIGHT,0.35614725947380066,0.2604929804801941,0.020755521953105927,0.999932050704956,CapturedFrames_2.0_1.5_-6.0/video.mp4#frame=6
6,LEFT_SHOULDER,0.3231774568557739,0.30865049362182617,-0.026376405730843544,0.999969482421875,CapturedFrames_2.0_1.5_-6.0/video.mp4#frame=6
6,RIGHT_SHOULDER,0.3727427124977112,0.3055059313774109,-0.07266388833522797,0.9999840259552002,CapturedFrames_2.0_1.5_-6.0/video.mp4#frame=6
6,LEFT_ELBOW,0.3169606626033783,0.3843279182910919,-0.0254827793687582,0.9956274032592773,CapturedFrames_2.0_1.5_-6.0/video.mp4#frame=6
6,RIGHT_ELBOW,0.3944244086742401,0.3697057068347931,-0.0439128503203392,0.9878957271575928,CapturedFrames_2.0_1.5_-6.0/video.mp4#frame=6
6,LEFT_WRIST,0.3118235468864441,0.4474194049835205,-0.022223345935344696,0.96292644739151,CapturedFrames_2.0_1.5_-6.0/video.mp4#frame=6
6,RIGHT_WRIST,0.40636247396469116,0.4156692624092102,0.026801887899637222,0.7661073207855225,CapturedFrames_2.0_1.5_-6.0/video.mp4#frame=6
6,LEFT_PINKY,0.3107641935348511,0.46563050150871277,-0.02274344116449356,0.9049628376960754,CapturedFrames_2.0_1.5_-6.0/video.mp4#frame=6
6,RIGHT_PINKY,0.40872859954833984,0.430710107088089,0.029007563367486,0.6309248805046082,CapturedFrames_2.0_1.5_-6.0/video.mp4#frame=6
6,LEFT_INDEX,0.31355851888656616,0.46458736062049866,-0.026652222499251366,0.8962866067886353,CapturedFrames_2.0_1.5_-6.0/video.mp4#frame=6
6,RIGHT_INDEX,0.40591007471084595,0.43050438165664673,0.027014736086130142,0.6122077703475952,CapturedFrames_2.0_1.5_-6.0/video.mp4#frame=6
6,LEFT_THUMB,0.3151634633541107,0.45770615339279175,-0.023112531751394272,0.8484002947807312,CapturedFrames_2.0_1.5_-6.0/video.mp4#frame=6
6,RIGHT_THUMB,0.4043441712856293,0.4255788028240204,0.027961816638708115,0.5604361891746521,CapturedFrames_2.0_1.5_-6.0/video.mp4#frame=6
6,LEFT_HIP,0.3412989377975464,0.44025665521621704,0.0337231382727623,0.9995899796485901,CapturedFrames_2.0_1.5_-6.0/video.mp4#frame=6
6,RIGHT_HIP,0.3640596270561218,0.4406237006187439,-0.033837735652923584,0.9999306201934814,CapturedFrames_2.0_1.5_-6.0/video.mp4#frame=6
6,LEFT_KNEE,0.36115139722824097,0.48364177346229553,0.1541936844587326,0.5142831802368164,CapturedFrames_2.0_1.5_-6.0/video.mp4#frame=6
6,RIGHT_KNEE,0.36847934126853943,0.5419895052909851,0.00935265701264143,0.987073540687561,CapturedFrames_2.0_1.5_-6.0/video.mp4#frame=6
6,LEFT_ANKLE,0.37255439162254333,0.55314040184021,0.25470471382141113,0.5843011140823364,CapturedFrames_2.0_1.5_-6.0/video.mp4#frame=6
6,RIGHT_ANKLE,0.3577301502227783,0.6427968740463257,0.043412744998931885,0.976581871509552,CapturedFrames_2.0_1.5_-6.0/video.mp4#frame=6
6,LEFT_HEEL,0.37499114871025085,0.5665081739425659,0.26445725560188293,0.7221223711967468,CapturedFrames_2.0_1.5_-6.0/video.mp4#frame=6
6,RIGHT_HEEL,0.35315850377082825,0.6667509078979492,0.04627570882439613,0.9627824425697327,CapturedFrames_2.0_1.5_-6.0/video.mp4#frame=6
6,LEFT_FOOT_INDEX,0.3764619529247284,0.5539291501045227,0.2638776898384094,0.4898693561553955,CapturedFrames_2.0_1.5_-6.0/video.mp4#frame=6
6,RIGHT_FOOT_INDEX,0.3741919696331024,0.6455192565917969,0.015996813774108887,0.884670078754425,CapturedFrames_2.0_1.5_-6.0/video.mp4#frame=6
7,NOSE,0.3575918972492218,0.2573639750480652,0.05301064997911453,0.9998904466629028,CapturedFrames_2.0_1.5_-6.0/video.mp4#frame=7
7,LEFT_EYE_INNER,0.35423561930656433,0.24963006377220154,0.03805415332317352,0.9998817443847656,CapturedFrames_2.0_1.5_-6.0/video.mp4#frame=7
7,LEFT_EYE,0.3522641658782959,0.2498367577791214,0.038042616099119186,0.9998871088027954,CapturedFrames_2.0_1.5_-6.0/video.mp4#frame=7
7,LEFT_EYE_OUTER,0.35032641887664795,0.2501523494720459,0.038042377680540085,0.9998748302459717,CapturedFrames_2.0_1.5_-6.0/video.mp4#frame=7
7,RIGHT_EYE_INNER,0.35848331451416016,0.2493607997894287,0.035469431430101395,0.9998536109924316,CapturedFrames_2.0_1.5_-6.0/video.mp4#frame=7
7,RIGHT_EYE,0.3596116900444031,0.24941736459732056,0.03547211363911629,0.999826967716217,CapturedFrames_2.0_1.5_-6.0/video.mp4#frame=7
7,RIGHT_EYE_OUTER,0.3608691692352295,0.2495334893465042,0.03543179854750633,0.9997809529304504,CapturedFrames_2.0_1.5_-6.0/video.mp4#frame=7
7,LEFT_EAR,0.34667378664016724,0.2549987733364105,-0.012133050709962845,0.9998860359191895,CapturedFrames_2.0_1.5_-6.0/video.mp4#frame=7
7,RIGHT_EAR,0.36262089014053345,0.25378096103668213,-0.024585163220763206,0.9998297691345215,CapturedFrames_2.0_1.5_-6.0/video.mp4#frame=7
7,MOUTH_LEFT,0.35619959235191345,0.26631978154182434,0.03802897781133652,0.9999302625656128,CapturedFrames_2.0_1.5_-6.0/video.mp4#frame=7
7,MOUTH_RIGHT,0.3603227436542511,0.26632529497146606,0.034386564046144485,0.9999033212661743,CapturedFrames_2.0_1.5_-6.0/video.mp4#frame=7
7,LEFT_SHOULDER,0.3282163143157959,0.311819463968277,-0.017565317451953888,0.9999796152114868,CapturedFrames_2.0_1.5_-6.0/video.mp4#frame=7
7,RIGHT_SHOULDER,0.3768266439437866,0.30824732780456543,-0.06196833774447441,0.999980092048645,CapturedFrames_2.0_1.5_-6.0/video.mp4#frame=7
7,LEFT_ELBOW,0.3223177492618561,0.3849974274635315,-0.01858898438513279,0.9979003667831421,CapturedFrames_2.0_1.5_-6.0/video.mp4#frame=7
7,RIGHT_ELBOW,0.3987566828727722,0.36844828724861145,-0.03750966489315033,0.9908782839775085,CapturedFrames_2.0_1.5_-6.0/video.mp4#frame=7
7,LEFT_WRIST,0.3165201246738434,0.4470820426940918,-0.01382919680327177,0.9834290146827698,CapturedFrames_2.0_1.5_-6.0/video.mp4#frame=7
7,RIGHT_WRIST,0.41169285774230957,0.41184619069099426,0.03247004747390747,0.8381065130233765,CapturedFrames_2.0_1.5_-6.0/video.mp4#frame=7
7,LEFT_PINKY,0.3149278163909912,0.4650909900665283,-0.012605679221451283,0.9497765898704529,CapturedFrames_2.0_1.5_-6.0/video.mp4#frame=7
7,RIGHT_PINKY,0.4147401452064514,0.4258139431476593,0.03602174296975136,0.7068917751312256,CapturedFrames_2.0_1.5_-6.0/video.mp4#frame=7
7,LEFT_INDEX,0.317312091588974,0.464633971452713,-0.01663348451256752,0.9452458620071411,CapturedFrames_2.0_1.5_-6.0/video.mp4#frame=7
7,RIGHT_INDEX,0.4123007655143738,0.42559272050857544,0.036009181290864944,0.6928159594535828,CapturedFrames_2.0_1.5_-6.0/video.mp4#frame=7
7,LEFT_THUMB,0.3197028636932373,0.4572545289993286,-0.014604805037379265,0.9151400327682495,CapturedFrames_2.0_1.5_-6.0/video.mp4#frame=7
7,RIGHT_THUMB,0.4105762839317322,0.4204734265804291,0.03432413190603256,0.6448162198066711,CapturedFrames_2.0_1.5_-6.0/video.mp4#frame=7
7,LEFT_HIP,0.34502241015434265,0.4405457079410553,0.03213603422045708,0.9996637105941772,CapturedFrames_2.0_1.5_-6.0/video.mp4#frame=7
7,RIGHT_HIP,0.3675805330276489,0.44258421659469604,-0.032277096062898636,0.999915361404419,CapturedFrames_2.0_1.5_-6.0/video.mp4#frame=7
7,LEFT_KNEE,0.3669455647468567,0.5026073455810547,0.14307954907417297,0.5227599143981934,CapturedFrames_2.0_1.5_-6.0/video.mp4#frame=7
7,RIGHT_KNEE,0.36958226561546326,0.538125216960907,0.007531565614044666,0.9786116480827332,CapturedFrames_2.0_1.5_-6.0/video.mp4#frame=7
7,LEFT_ANKLE,0.37610843777656555,0.5603800415992737,0.2350580394268036,0.5523104071617126,CapturedFrames_2.0_1.5_-6.0/video.mp4#frame=7
7,RIGHT_ANKLE,0.35945525765419006,0.641117513179779,0.04059668630361557,0.9567729234695435,CapturedFrames_2.0_1.5_-6.0/video.mp4#frame=7
7,LEFT_HEEL,0.37757518887519836,0.5733318328857422,0.24402561783790588,0.6853607296943665,CapturedFrames_2.0_1.5_-6.0/video.mp4#frame=7
7,RIGHT_HEEL,0.3545064330101013,0.6632446646690369,0.04347018897533417,0.939029335975647,CapturedFrames_2.0_1.5_-6.0/video.mp4#frame=7
7,LEFT_FOOT_INDEX,0.3803058862686157,0.560259997844696,0.24326300621032715,0.46356648206710815,CapturedFrames_2.0_1.5_-6.0/video.mp4#frame=7
7,RIGHT_FOOT_INDEX,0.3750634491443634,0.6458323001861572,0.015749791637063026,0.8280913829803467,CapturedFrames_2.0_1.5_-6.0/video.mp4#frame=7
8,NOSE,0.36188262701034546,0.2593994736671448,0.03940695896744728,0.9999315738677979,CapturedFrames_2.0_1.5_-6.0/video.mp4#frame=8
8,LEFT_EYE_INNER,0.3583934009075165,0.2516341805458069,0.026179904118180275,0.9999202489852905,CapturedFrames_2.0_1.5_-6.0/video.mp4#frame=8
8,LEFT_EYE,0.35642513632774353,0.251629114151001,0.02617611363530159,0.9999207258224487,CapturedFrames_2.0_1.5_-6.0/video.mp4#frame=8
8,LEFT_EYE_OUTER,0.3544771671295166,0.25178828835487366,0.026179853826761246,0.9999030828475952,CapturedFrames_2.0_1.5_-6.0/video.mp4#frame=8
8,RIGHT_EYE_INNER,0.3628474771976471,0.25167328119277954,0.02151171676814556,0.9999116659164429,CapturedFrames_2.0_1.5_-6.0/video.mp4#frame=8
8,RIGHT_EYE,0.3640141487121582,0.25167199969291687,0.021503079682588577,0.9998993873596191,CapturedFrames_2.0_1.5_-6.0/video.mp4#frame=8
8,RIGHT_EYE_OUTER,0.36518239974975586,0.25175559520721436,0.02145414426922798,0.9998736381530762,CapturedFrames_2.0_1.5_-6.0/video.mp4#frame=8
8,LEFT_EAR,0.3510865569114685,0.25683873891830444,-0.016666706651449203,0.9999111890792847,CapturedFrames_2.0_1.5_-6.0/video.mp4#frame=8
8,RIGHT_EAR,0.36654627323150635,0.2556120753288269,-0.03854665905237198,0.999914288520813,CapturedFrames_2.0_1.5_-6.0/video.mp4#frame=8
8,MOUTH_LEFT,0.35982346534729004,0.26795148849487305,0.026955347508192062,0.9999523162841797,CapturedFrames_2.0_1.5_-6.0/video.mp4#frame=8
8,MOUTH_RIGHT,0.36418017745018005,0.26799798011779785,0.02060435712337494,0.9999527931213379,CapturedFrames_2.0_1.5_-6.0/video.mp4#frame=8
8,LEFT_SHOULDER,0.3332797586917877,0.3169187307357788,-0.011076072230935097,0.9999663829803467,CapturedFrames_2.0_1.5_-6.0/video.mp4#frame=8
8,RIGHT_SHOULDER,0.3817914128303528,0.3128674626350403,-0.0824180394411087,0.9999909400939941,CapturedFrames_2.0_1.5_-6.0/video.mp4#frame=8
8,LEFT_ELBOW,0.326651394367218,0.38697385787963867,-0.005482350010424852,0.9920359253883362,CapturedFrames_2.0_1.5_-6.0/video.mp4#frame=8
8,RIGHT_ELBOW,0.4032350182533264,0.3733977973461151,-0.06013751029968262,0.9962981343269348,CapturedFrames_2.0_1.5_-6.0/video.mp4#frame=8
8,LEFT_WRIST,0.31984275579452515,0.4473002552986145,-0.00040334687219001353,0.9387739300727844,CapturedFrames_2.0_1.5_-6.0/video.mp4#frame=8
8,RIGHT_WRIST,0.41673851013183594,0.4144976735115051,0.009470445103943348,0.8779686689376831,CapturedFrames_2.0_1.5_-6.0/video.mp4#frame=8
8,LEFT_PINKY,0.31881028413772583,0.4651334881782532,-6.550444231834263e-05,0.8577064871788025,CapturedFrames_2.0_1.5_-6.0/video.mp4#frame=8
8,RIGHT_PINKY,0.41927510499954224,0.4303523898124695,0.010263591073453426,0.7612003684043884,CapturedFrames_2.0_1.5_-6.0/video.mp4#frame=8
8,LEFT_INDEX,0.3206542730331421,0.46538251638412476,-0.004816926550120115,0.8448718190193176,CapturedFrames_2.0_1.5_-6.0/video.mp4#frame=8
8,RIGHT_INDEX,0.41702428460121155,0.42926254868507385,0.010423687286674976,0.7460702657699585,CapturedFrames_2.0_1.5_-6.0/video.mp4#frame=8
8,LEFT_THUMB,0.3222115933895111,0.46015244722366333,-0.002169928979128599,0.7813724279403687,CapturedFrames_2.0_1.5_-6.0/video.mp4#frame=8
8,RIGHT_THUMB,0.4158022403717041,0.42375314235687256,0.011249393224716187,0.6952969431877136,CapturedFrames_2.0_1.5_-6.0/video.mp4#frame=8
8,LEFT_HIP,0.3491908013820648,0.4401238262653351,0.036917079240083694,0.9997395873069763,CapturedFrames_2.0_1.5_-6.0/video.mp4#frame=8
8,RIGHT_HIP,0.37099602818489075,0.44301873445510864,-0.03704514726996422,0.9999533891677856,CapturedFrames_2.0_1.5_-6.0/video.mp4#frame=8
8,LEFT_KNEE,0.3694230914115906,0.49661165475845337,0.15990674495697021,0.689293384552002,CapturedFrames_2.0_1.5_-6.0/video.mp4#frame=8
8,RIGHT_KNEE,0.3707704544067383,0.5402448177337646,0.005497877951711416,0.9933746457099915,CapturedFrames_2.0_1.5_-6.0/video.mp4#frame=8
8,LEFT_ANKLE,0.3776005804538727,0.5630367398262024,0.26163166761398315,0.7818710803985596,CapturedFrames_2.0_1.5_-6.0/video.mp4#frame=8
8,RIGHT_ANKLE,0.35845035314559937,0.6403064727783203,0.04045421630144119,0.9837043881416321,CapturedFrames_2.0_1.5_-6.0/video.mp4#frame=8
8,LEFT_HEEL,0.3803805112838745,0.5736492276191711,0.2713219225406647,0.8406317830085754,CapturedFrames_2.0_1.5_-6.0/video.mp4#frame=8
8,RIGHT_HEEL,0.35263651609420776,0.6628018617630005,0.043509844690561295,0.964971125125885,CapturedFrames_2.0_1.5_-6.0/video.mp4#frame=8
8,LEFT_FOOT_INDEX,0.38622546195983887,0.5653395652770996,0.26905184984207153,0.7063848376274109,CapturedFrames_2.0_1.5_-6.0/video.mp4#frame=8
8,RIGHT_FOOT_INDEX,0.3761584758758545,0.6458029747009277,0.01283728051930666,0.9221367835998535,CapturedFrames_2.0_1.5_-6.0/video.mp4#frame=8
9,NOSE,0.3622067868709564,0.2594987750053406,0.045809973031282425,0.9997939467430115,CapturedFrames_2.0_1.5_-6.0/video.mp4#frame=9
9,LEFT_EYE_INNER,0.35907182097435,0.2528645992279053,0.030648091807961464,0.9997785687446594,CapturedFrames_2.0_1.5_-6.0/video.mp4#frame=9
9,LEFT_EYE,0.3571981191635132,0.25310975313186646,0.030645927414298058,0.9997896552085876,CapturedFrames_2.0_1.5_-6.0/video.mp4#frame=9
9,LEFT_EYE_OUTER,0.3554011285305023,0.2534450888633728,0.030644666403532028,0.9997510313987732,CapturedFrames_2.0_1.5_-6.0/video.mp4#frame=9
9,RIGHT_EYE_INNER,0.3635990619659424,0.25265103578567505,0.02832113765180111,0.99974125623703,CapturedFrames_2.0_1.5_-6.0/video.mp4#frame=9
9,RIGHT_EYE,0.36484232544898987,0.2527596950531006,0.028315026313066483,0.9997145533561707,CapturedFrames_2.0_1.5_-6.0/video.mp4#frame=9
9,RIGHT_EYE_OUTER,0.3661808967590332,0.25289255380630493,0.02826821245253086,0.9996354579925537,CapturedFrames_2.0_1.5_-6.0/video.mp4#frame=9
9,LEFT_EAR,0.35251402854919434,0.25854891538619995,-0.018923444673419,0.9997439980506897,CapturedFrames_2.0_1.5_-6.0/video.mp4#frame=9
9,RIGHT_EAR,0.36838677525520325,0.2571792006492615,-0.030271103605628014,0.9997252821922302,CapturedFrames_2.0_1.5_-6.0/video.mp4#frame=9
9,MOUTH_LEFT,0.3605811297893524,0.2683295011520386,0.030949611216783524,0.9998682737350464,CapturedFrames_2.0_1.5_-6.0/video.mp4#frame=9
9,MOUTH_RIGHT,0.3653925359249115,0.26822322607040405,0.0276425089687109,0.9998290538787842,CapturedFrames_2.0_1.5_-6.0/video.mp4#frame=9
9,LEFT_SHOULDER,0.33653002977371216,0.31496721506118774,-0.018008863553404808,0.9999459981918335,CapturedFrames_2.0_1.5_-6.0/video.mp4#frame=9
9,RIGHT_SHOULDER,0.38418832421302795,0.3120310306549072,-0.0705266147851944,0.9999632835388184,CapturedFrames_2.0_1.5_-6.0/video.mp4#frame=9
9,LEFT_ELBOW,0.3317803144454956,0.38879016041755676,-0.012449291534721851,0.9965198040008545,CapturedFrames_2.0_1.5_-6.0/video.mp4#frame=9
9,RIGHT_ELBOW,0.4063379168510437,0.3743032217025757,-0.047112200409173965,0.992327868938446,CapturedFrames_2.0_1.5_-6.0/video.mp4#frame=9
9,LEFT_WRIST,0.3252296447753906,0.4471614360809326,-0.0008574865642003715,0.9666877388954163,CapturedFrames_2.0_1.5_-6.0/video.mp4#frame=9
9,RIGHT_WRIST,0.41783708333969116,0.41643452644348145,0.018529091030359268,0.7972724437713623,CapturedFrames_2.0_1.5_-6.0/video.mp4#frame=9
9,LEFT_PINKY,0.3234383463859558,0.4668126702308655,0.0007581945974379778,0.9077098965644836,CapturedFrames_2.0_1.5_-6.0/video.mp4#frame=9
9,RIGHT_PINKY,0.4207276403903961,0.4311182200908661,0.020851248875260353,0.6456349492073059,CapturedFrames_2.0_1.5_-6.0/video.mp4#frame=9
9,LEFT_INDEX,0.3254871964454651,0.46661725640296936,-0.0035949121229350567,0.9007725119590759,CapturedFrames_2.0_1.5_-6.0/video.mp4#frame=9
9,RIGHT_INDEX,0.4186681807041168,0.43079710006713867,0.019542457535862923,0.6256729364395142,CapturedFrames_2.0_1.5_-6.0/video.mp4#frame=9
9,LEFT_THUMB,0.32731372117996216,0.45928871631622314,-0.001866934122517705,0.8523317575454712,CapturedFrames_2.0_1.5_-6.0/video.mp4#frame=9
9,RIGHT_THUMB,0.4172963500022888,0.4264668822288513,0.01975318230688572,0.5715961456298828,CapturedFrames_2.0_1.5_-6.0/video.mp4#frame=9
9,LEFT_HIP,0.3537915050983429,0.4385423958301544,0.03347385302186012,0.9995676875114441,CapturedFrames_2.0_1.5_-6.0/video.mp4#frame=9
9,RIGHT_HIP,0.375273197889328,0.44057074189186096,-0.03358641639351845,0.999881386756897,CapturedFrames_2.0_1.5_-6.0/video.mp4#frame=9
9,LEFT_KNEE,0.3713172674179077,0.5005493760108948,0.13578546047210693,0.6696178913116455,CapturedFrames_2.0_1.5_-6.0/video.mp4#frame=9
9,RIGHT_KNEE,0.3732331395149231,0.5352151989936829,0.00099877396132797,0.9863818883895874,CapturedFrames_2.0_1.5_-6.0/video.mp4#frame=9
9,LEFT_ANKLE,0.3807620704174042,0.5696286559104919,0.22302600741386414,0.7572835683822632,CapturedFrames_2.0_1.5_-6.0/video.mp4#frame=9
9,RIGHT_ANKLE,0.3593619763851166,0.6369994878768921,0.0300152488052845,0.9780703186988831,CapturedFrames_2.0_1.5_-6.0/video.mp4#frame=9
9,LEFT_HEEL,0.3830644190311432,0.5845447182655334,0.23106999695301056,0.8190951347351074,CapturedFrames_2.0_1.5_-6.0/video.mp4#frame=9
9,RIGHT_HEEL,0.35244330763816833,0.6566877365112305,0.03210202604532242,0.9594411849975586,CapturedFrames_2.0_1.5_-6.0/video.mp4#frame=9
9,LEFT_FOOT_INDEX,0.3871329724788666,0.5749248266220093,0.22449751198291779,0.6143640875816345,CapturedFrames_2.0_1.5_-6.0/video.mp4#frame=9
9,RIGHT_FOOT_INDEX,0.37539830803871155,0.6465875506401062,-0.00035794012364931405,0.8843501806259155,CapturedFrames_2.0_1.5_-6.0/video.mp4#frame=9
10,NOSE,0.36477360129356384,0.2615807056427002,0.04244329780340195,0.9998915195465088,CapturedFrames_2.0_1.5_-6.0/video.mp4#frame=10
10,LEFT_EYE_INNER,0.3619121313095093,0.25492924451828003,0.026789963245391846,0.999873161315918,CapturedFrames_2.0_1.5_-6.0/video.mp4#frame=10
10,LEFT_EYE,0.36008840799331665,0.2551655173301697,0.026798972859978676,0.9998824596405029,CapturedFrames_2.0_1.5_-6.0/video.mp4#frame=10
10,LEFT_EYE_OUTER,0.3583504259586334,0.2555220127105713,0.02680402621626854,0.9998468160629272,CapturedFrames_2.0_1.5_-6.0/video.mp4#frame=10
10,RIGHT_EYE_INNER,0.36619076132774353,0.25473302602767944,0.024865245446562767,0.999863862991333,CapturedFrames_2.0_1.5_-6.0/video.mp4#frame=10
10,RIGHT_EYE,0.36746320128440857,0.2547568082809448,0.024855410680174828,0.9998588562011719,CapturedFrames_2.0_1.5_-6.0/video.mp4#frame=10
10,RIGHT_EYE_OUTER,0.3688483238220215,0.25483834743499756,0.024811306968331337,0.9998014569282532,CapturedFrames_2.0_1.5_-6.0/video.mp4#frame=10
10,LEFT_EAR,0.35541239380836487,0.2607746720314026,-0.024079060181975365,0.9998261332511902,CapturedFrames_2.0_1.5_-6.0/video.mp4#frame=10
10,RIGHT_EAR,0.3712826371192932,0.2587718367576599,-0.03388664871454239,0.9998552799224854,CapturedFrames_2.0_1.5_-6.0/video.mp4#frame=10
10,MOUTH_LEFT,0.3632577657699585,0.2701776623725891,0.027129460126161575,0.999923825263977,CapturedFrames_2.0_1.5_-6.0/video.mp4#frame=10
10,MOUTH_RIGHT,0.36785414814949036,0.270114541053772,0.024255644530057907,0.9999136924743652,CapturedFrames_2.0_1.5_-6.0/video.mp4#frame=10
10,LEFT_SHOULDER,0.3393523097038269,0.31489288806915283,-0.020775966346263885,0.9999648332595825,CapturedFrames_2.0_1.5_-6.0/video.mp4#frame=10
10,RIGHT_SHOULDER,0.387292742729187,0.3137826919555664,-0.07585617899894714,0.9999755620956421,CapturedFrames_2.0_1.5_-6.0/video.mp4#frame=10
10,LEFT_ELBOW,0.3354073166847229,0.38887783885002136,-0.015265789814293385,0.9969525337219238,CapturedFrames_2.0_1.5_-6.0/video.mp4#frame=10
10,RIGHT_ELBOW,0.4084964394569397,0.37867388129234314,-0.0578576996922493,0.9947681427001953,CapturedFrames_2.0_1.5_-6.0/video.mp4#frame=10
10,LEFT_WRIST,0.3297084867954254,0.4474021792411804,-0.010491766035556793,0.9641450643539429,CapturedFrames_2.0_1.5_-6.0/video.mp4#frame=10
10,RIGHT_WRIST,0.41957372426986694,0.42229846119880676,0.0020240091253072023,0.7824100852012634,CapturedFrames_2.0_1.5_-6.0/video.mp4#frame=10
10,LEFT_PINKY,0.3278331756591797,0.4665449261665344,-0.01009313017129898,0.9056233763694763,CapturedFrames_2.0_1.5_-6.0/video.mp4#frame=10
10,RIGHT_PINKY,0.4219873547554016,0.4381346106529236,0.0035267542116343975,0.6348268985748291,CapturedFrames_2.0_1.5_-6.0/video.mp4#frame=10
10,LEFT_INDEX,0.329609215259552,0.466730535030365,-0.01531242299824953,0.8983644843101501,CapturedFrames_2.0_1.5_-6.0/video.mp4#frame=10
10,RIGHT_INDEX,0.41952210664749146,0.4372427761554718,0.0018670618301257491,0.6145310997962952,CapturedFrames_2.0_1.5_-6.0/video.mp4#frame=10
10,LEFT_THUMB,0.3314453363418579,0.45970839262008667,-0.011967836879193783,0.8469505310058594,CapturedFrames_2.0_1.5_-6.0/video.mp4#frame=10
10,RIGHT_THUMB,0.41783374547958374,0.43179431557655334,0.0030684866942465305,0.552318811416626,CapturedFrames_2.0_1.5_-6.0/video.mp4#frame=10
10,LEFT_HIP,0.35796475410461426,0.43765968084335327,0.03695153445005417,0.9997631907463074,CapturedFrames_2.0_1.5_-6.0/video.mp4#frame=10
10,RIGHT_HIP,0.37963107228279114,0.44016820192337036,-0.03707364946603775,0.9999469518661499,CapturedFrames_2.0_1.5_-6.0/video.mp4#frame=10
10,LEFT_KNEE,0.3760320842266083,0.5067045092582703,0.15006624162197113,0.8067468404769897,CapturedFrames_2.0_1.5_-6.0/video.mp4#frame=10
10,RIGHT_KNEE,0.37815073132514954,0.5311870574951172,-0.006588649936020374,0.9956063628196716,CapturedFrames_2.0_1.5_-6.0/video.mp4#frame=10
10,LEFT_ANKLE,0.3814181387424469,0.5768388509750366,0.24503806233406067,0.8809078335762024,CapturedFrames_2.0_1.5_-6.0/video.mp4#frame=10
10,RIGHT_ANKLE,0.36098766326904297,0.6303591728210449,0.012295924127101898,0.99191814661026,CapturedFrames_2.0_1.5_-6.0/video.mp4#frame=10
10,LEFT_HEEL,0.3824664056301117,0.5903826951980591,0.2538347542285919,0.9004291892051697,CapturedFrames_2.0_1.5_-6.0/video.mp4#frame=10
10,RIGHT_HEEL,0.3525306284427643,0.6469175815582275,0.01345321536064148,0.9822947978973389,CapturedFrames_2.0_1.5_-6.0/video.mp4#frame=10
10,LEFT_FOOT_INDEX,0.3894508481025696,0.5823050141334534,0.2473040074110031,0.7229456901550293,CapturedFrames_2.0_1.5_-6.0/video.mp4#frame=10
10,RIGHT_FOOT_INDEX,0.3761864900588989,0.6510070562362671,-0.019730962812900543,0.9369506239891052,CapturedFrames_2.0_1.5_-6.0/video.mp4#frame=10
11,NOSE,0.3688609004020691,0.26135319471359253,0.05519784614443779,0.9998977184295654,CapturedFrames_2.0_1.5_-6.0/video.mp4#frame=11
11,LEFT_EYE_INNER,0.36558854579925537,0.2543356418609619,0.0398356169462204,0.9998764991760254,CapturedFrames_2.0_1.5_-6.0/video.mp4#frame=11
11,LEFT_EYE,0.3638339340686798,0.2544841766357422,0.03983666002750397,0.9998989105224609,CapturedFrames_2.0_1.5_-6.0/video.mp4#frame=11
11,LEFT_EYE_OUTER,0.3620082437992096,0.25481170415878296,0.03984859958291054,0.9998605251312256,CapturedFrames_2.0_1.5_-6.0/video.mp4#frame=11
11,RIGHT_EYE_INNER,0.370028018951416,0.2542248070240021,0.03822263330221176,0.999868631362915,CapturedFrames_2.0_1.5_-6.0/video.mp4#frame=11
11,RIGHT_EYE,0.37135061621665955,0.25422677397727966,0.038219913840293884,0.9998706579208374,CapturedFrames_2.0_1.5_-6.0/video.mp4#frame=11
11,RIGHT_EYE_OUTER,0.372719407081604,0.2541201412677765,0.03818425536155701,0.9998087286949158,CapturedFrames_2.0_1.5_-6.0/video.mp4#frame=11
11,LEFT_EAR,0.3586626648902893,0.26052072644233704,-0.01200686302036047,0.999882698059082,CapturedFrames_2.0_1.5_-6.0/video.mp4#frame=11
11,RIGHT_EAR,0.3737104833126068,0.25832805037498474,-0.020268235355615616,0.9998831748962402,CapturedFrames_2.0_1.5_-6.0/video.mp4#frame=11
11,MOUTH_LEFT,0.36740589141845703,0.26956915855407715,0.039558544754981995,0.9999395608901978,CapturedFrames_2.0_1.5_-6.0/video.mp4#frame=11
11,MOUTH_RIGHT,0.3718213737010956,0.2694125473499298,0.037132807075977325,0.9999327659606934,CapturedFrames_2.0_1.5_-6.0/video.mp4#frame=11
11,LEFT_SHOULDER,0.34280073642730713,0.31758081912994385,-0.013218480162322521,0.9999827146530151,CapturedFrames_2.0_1.5_-6.0/video.mp4#frame=11
11,RIGHT_SHOULDER,0.39091429114341736,0.3143359422683716,-0.06101261451840401,0.9999784231185913,CapturedFrames_2.0_1.5_-6.0/video.mp4#frame=11
11,LEFT_ELBOW,0.3388204574584961,0.38961461186408997,-0.014089329168200493,0.9977152347564697,CapturedFrames_2.0_1.5_-6.0/video.mp4#frame=11
11,RIGHT_ELBOW,0.4081125855445862,0.3774086833000183,-0.04955814406275749,0.9951372742652893,CapturedFrames_2.0_1.5_-6.0/video.mp4#frame=11
11,LEFT_WRIST,0.33559650182724,0.4485301077365875,-0.016574086621403694,0.9711822271347046,CapturedFrames_2.0_1.5_-6.0/video.mp4#frame=11
11,RIGHT_WRIST,0.4205264449119568,0.42825907468795776,-0.0020665761549025774,0.8136274218559265,CapturedFrames_2.0_1.5_-6.0/video.mp4#frame=11
11,LEFT_PINKY,0.33435335755348206,0.4657314419746399,-0.016858169808983803,0.9262882471084595,CapturedFrames_2.0_1.5_-6.0/video.mp4#frame=11
11,RIGHT_PINKY,0.42196887731552124,0.44260337948799133,-0.0012368805473670363,0.6912253499031067,CapturedFrames_2.0_1.5_-6.0/video.mp4#frame=11
11,LEFT_INDEX,0.33635213971138,0.465466171503067,-0.02112562768161297,0.9191625118255615,CapturedFrames_2.0_1.5_-6.0/video.mp4#frame=11
11,RIGHT_INDEX,0.4194137454032898,0.4438994526863098,-0.0025766941253095865,0.6736196279525757,CapturedFrames_2.0_1.5_-6.0/video.mp4#frame=11
11,LEFT_THUMB,0.33832046389579773,0.459683895111084,-0.017490752041339874,0.8756389617919922,CapturedFrames_2.0_1.5_-6.0/video.mp4#frame=11
11,RIGHT_THUMB,0.4181484282016754,0.4393698275089264,-0.0010687531903386116,0.6080935597419739,CapturedFrames_2.0_1.5_-6.0/video.mp4#frame=11
11,LEFT_HIP,0.360918790102005,0.4345107078552246,0.037715844810009,0.9998113512992859,CapturedFrames_2.0_1.5_-6.0/video.mp4#frame=11
11,RIGHT_HIP,0.3848687708377838,0.43479737639427185,-0.03782249987125397,0.9999653100967407,CapturedFrames_2.0_1.5_-6.0/video.mp4#frame=11
11,LEFT_KNEE,0.3781975209712982,0.49650996923446655,0.14095516502857208,0.7819721102714539,CapturedFrames_2.0_1.5_-6.0/video.mp4#frame=11
11,RIGHT_KNEE,0.3874759376049042,0.5265495777130127,-0.028460631147027016,0.9968829154968262,CapturedFrames_2.0_1.5_-6.0/video.mp4#frame=11
11,LEFT_ANKLE,0.38337644934654236,0.5743076205253601,0.232137992978096,0.8706714510917664,CapturedFrames_2.0_1.5_-6.0/video.mp4#frame=11
11,RIGHT_ANKLE,0.36557790637016296,0.6205097436904907,-0.022720778360962868,0.9960461258888245,CapturedFrames_2.0_1.5_-6.0/video.mp4#frame=11
11,LEFT_HEEL,0.382449746131897,0.58346027135849,0.2403172254562378,0.911685585975647,CapturedFrames_2.0_1.5_-6.0/video.mp4#frame=11
11,RIGHT_HEEL,0.3565920889377594,0.6291385889053345,-0.022372817620635033,0.9934346675872803,CapturedFrames_2.0_1.5_-6.0/video.mp4#frame=11
11,LEFT_FOOT_INDEX,0.388801246881485,0.5770001411437988,0.23404283821582794,0.6844016313552856,CapturedFrames_2.0_1.5_-6.0/video.mp4#frame=11
11,RIGHT_FOOT_INDEX,0.37601912021636963,0.6526818871498108,-0.05390927195549011,0.9661593437194824,CapturedFrames_2.0_1.5_-6.0/video.mp4#frame=11
12,NOSE,0.37104958295822144,0.26400598883628845,0.0648592859506607,0.9999135732650757,CapturedFrames_2.0_1.5_-6.0/video.mp4#frame=12
12,LEFT_EYE_INNER,0.3680698871612549,0.25755417346954346,0.04976619407534599,0.9998610019683838,CapturedFrames_2.0_1.5_-6.0/video.mp4#frame=12
12,LEFT_EYE,0.366272509098053,0.2578837275505066,0.049767669290304184,0.9998971223831177,CapturedFrames_2.0_1.5_-6.0/video.mp4#frame=12
12,LEFT_EYE_OUTER,0.3644361197948456,0.25829803943634033,0.049780283123254776,0.9998611211776733,CapturedFrames_2.0_1.5_-6.0/video.mp4#frame=12
12,RIGHT_EYE_INNER,0.3722541630268097,0.2569548487663269,0.04970405995845795,0.9998611211776733,CapturedFrames_2.0_1.5_-6.0/video.mp4#frame=12
12,RIGHT_EYE,0.3735376298427582,0.2567947506904602,0.04970109090209007,0.9998750686645508,CapturedFrames_2.0_1.5_-6.0/video.mp4#frame=12
12,RIGHT_EYE_OUTER,0.374892920255661,0.25658634305000305,0.049678731709718704,0.9998069405555725,CapturedFrames_2.0_1.5_-6.0/video.mp4#frame=12
12,LEFT_EAR,0.36178550124168396,0.2624914050102234,-0.003870620857924223,0.9998804330825806,CapturedFrames_2.0_1.5_-6.0/video.mp4#frame=12
12,RIGHT_EAR,0.3768635094165802,0.2601523995399475,-0.005138813517987728,0.9998698234558105,CapturedFrames_2.0_1.5_-6.0/video.mp4#frame=12
12,MOUTH_LEFT,0.3699318766593933,0.2720785140991211,0.04824299365282059,0.9999167919158936,CapturedFrames_2.0_1.5_-6.0/video.mp4#frame=12
12,MOUTH_RIGHT,0.3743222951889038,0.2716718018054962,0.047880034893751144,0.999911904335022,CapturedFrames_2.0_1.5_-6.0/video.mp4#frame=12
12,LEFT_SHOULDER,0.3469192385673523,0.3145824074745178,-0.00862160511314869,0.9999866485595703,CapturedFrames_2.0_1.5_-6.0/video.mp4#frame=12
12,RIGHT_SHOULDER,0.39433640241622925,0.3151434063911438,-0.04253899306058884,0.9999812841415405,CapturedFrames_2.0_1.5_-6.0/video.mp4#frame=12
12,LEFT_ELBOW,0.34435364603996277,0.3855365812778473,-0.014879466965794563,0.9941501617431641,CapturedFrames_2.0_1.5_-6.0/video.mp4#frame=12
12,RIGHT_ELBOW,0.40823784470558167,0.37984439730644226,-0.0374826081097126,0.994922935962677,CapturedFrames_2.0_1.5_-6.0/video.mp4#frame=12
12,LEFT_WRIST,0.3407628834247589,0.44464942812919617,-0.01917370595037937,0.973055899143219,CapturedFrames_2.0_1.5_-6.0/video.mp4#frame=12
12,RIGHT_WRIST,0.42177146673202515,0.4306547939777374,-0.004721496254205704,0.886772871017456,CapturedFrames_2.0_1.5_-6.0/video.mp4#frame=12
12,LEFT_PINKY,0.33981624245643616,0.4616999626159668,-0.01801934652030468,0.9398479461669922,CapturedFrames_2.0_1.5_-6.0/video.mp4#frame=12
12,RIGHT_PINKY,0.42367038130760193,0.44492751359939575,-0.00315318931825459,0.81173175573349,CapturedFrames_2.0_1.5_-6.0/video.mp4#frame=12
12,LEFT_INDEX,0.34233173727989197,0.46125003695487976,-0.02196337655186653,0.9344715476036072,CapturedFrames_2.0_1.5_-6.0/video.mp4#frame=12
12,RIGHT_INDEX,0.4206438958644867,0.44637441635131836,-0.0025569582358002663,0.7999253273010254,CapturedFrames_2.0_1.5_-6.0/video.mp4#frame=12
12,LEFT_THUMB,0.34420445561408997,0.45560047030448914,-0.01953979581594467,0.8969914317131042,CapturedFrames_2.0_1.5_-6.0/video.mp4#frame=12
12,RIGHT_THUMB,0.4189419150352478,0.44203102588653564,-0.003282771911472082,0.7439496517181396,CapturedFrames_2.0_1.5_-6.0/video.mp4#frame=12
12,LEFT_HIP,0.36360964179039,0.43425238132476807,0.03422553464770317,0.9998138546943665,CapturedFrames_2.0_1.5_-6.0/video.mp4#frame=12
12,RIGHT_HIP,0.38728249073028564,0.4326634705066681,-0.03435813635587692,0.9999592304229736,CapturedFrames_2.0_1.5_-6.0/video.mp4#frame=12
12,LEFT_KNEE,0.3793514668941498,0.5056090950965881,0.1295040398836136,0.6875797510147095,CapturedFrames_2.0_1.5_-6.0/video.mp4#frame=12
12,RIGHT_KNEE,0.3969671428203583,0.5200868248939514,-0.036432769149541855,0.9944126009941101,CapturedFrames_2.0_1.5_-6.0/video.mp4#frame=12
12,LEFT_ANKLE,0.383328378200531,0.5757203102111816,0.15612263977527618,0.883874237537384,CapturedFrames_2.0_1.5_-6.0/video.mp4#frame=12
12,RIGHT_ANKLE,0.3734414875507355,0.6049837470054626,-0.07693038135766983,0.9965225458145142,CapturedFrames_2.0_1.5_-6.0/video.mp4#frame=12
12,LEFT_HEEL,0.3789553642272949,0.5786166191101074,0.1577773243188858,0.9295455813407898,CapturedFrames_2.0_1.5_-6.0/video.mp4#frame=12
12,RIGHT_HEEL,0.36334627866744995,0.6098901033401489,-0.08076340705156326,0.993408203125,CapturedFrames_2.0_1.5_-6.0/video.mp4#frame=12
12,LEFT_FOOT_INDEX,0.3905235528945923,0.5805708169937134,0.1472277194261551,0.78324294090271,CapturedFrames_2.0_1.5_-6.0/video.mp4#frame=12
12,RIGHT_FOOT_INDEX,0.3785518705844879,0.6438159942626953,-0.1096799373626709,0.9795368909835815,CapturedFrames_2.0_1.5_-6.0/video.mp4#frame=12
13,NOSE,0.37543007731437683,0.2614976465702057,0.059198617935180664,0.9998596906661987,CapturedFrames_2.0_1.5_-6.0/video.mp4#frame=13
13,LEFT_EYE_INNER,0.3722888231277466,0.2548825144767761,0.04467546194791794,0.9997805953025818,CapturedFrames_2.0_1.5_-6.0/video.mp4#frame=13
13,LEFT_EYE,0.3703857958316803,0.2552570700645447,0.04467879235744476,0.9998375177383423,CapturedFrames_2.0_1.5_-6.0/video.mp4#frame=13
13,LEFT_EYE_OUTER,0.36853840947151184,0.25575390458106995,0.04469098150730133,0.9998157620429993,CapturedFrames_2.0_1.5_-6.0/video.mp4#frame=13
13,RIGHT_EYE_INNER,0.37671491503715515,0.25435349345207214,0.044328588992357254,0.9997527003288269,CapturedFrames_2.0_1.5_-6.0/video.mp4#frame=13
13,RIGHT_EYE,0.37793615460395813,0.25429248809814453,0.04434650391340256,0.9997702240943909,CapturedFrames_2.0_1.5_-6.0/video.mp4#frame=13
13,RIGHT_EYE_OUTER,0.37923991680145264,0.2541022300720215,0.04433687776327133,0.9996877908706665,CapturedFrames_2.0_1.5_-6.0/video.mp4#frame=13
13,LEFT_EAR,0.3657670021057129,0.26027870178222656,-0.0078717190772295,0.9998468160629272,CapturedFrames_2.0_1.5_-6.0/video.mp4#frame=13
13,RIGHT_EAR,0.38078296184539795,0.25717803835868835,-0.010203741490840912,0.9997702240943909,CapturedFrames_2.0_1.5_-6.0/video.mp4#frame=13
13,MOUTH_LEFT,0.3736383318901062,0.2698251008987427,0.04274767264723778,0.9998688697814941,CapturedFrames_2.0_1.5_-6.0/video.mp4#frame=13
13,MOUTH_RIGHT,0.37815332412719727,0.26892608404159546,0.04219220578670502,0.9998328685760498,CapturedFrames_2.0_1.5_-6.0/video.mp4#frame=13
13,LEFT_SHOULDER,0.3507700562477112,0.3142814040184021,-0.01186264306306839,0.9999780654907227,CapturedFrames_2.0_1.5_-6.0/video.mp4#frame=13
13,RIGHT_SHOULDER,0.39712023735046387,0.3105272054672241,-0.047787345945835114,0.9999415874481201,CapturedFrames_2.0_1.5_-6.0/video.mp4#frame=13
13,LEFT_ELBOW,0.34935125708580017,0.3819461464881897,-0.016152799129486084,0.9894751310348511,CapturedFrames_2.0_1.5_-6.0/video.mp4#frame=13
13,RIGHT_ELBOW,0.40871182084083557,0.3772878348827362,-0.047255195677280426,0.992952287197113,CapturedFrames_2.0_1.5_-6.0/video.mp4#frame=13
13,LEFT_WRIST,0.3479378819465637,0.43973594903945923,-0.015563799068331718,0.9620662927627563,CapturedFrames_2.0_1.5_-6.0/video.mp4#frame=13
13,RIGHT_WRIST,0.4217063784599304,0.4300347566604614,-0.02398141846060753,0.9039539694786072,CapturedFrames_2.0_1.5_-6.0/video.mp4#frame=13
13,LEFT_PINKY,0.34676113724708557,0.45637452602386475,-0.015281247906386852,0.9193642735481262,CapturedFrames_2.0_1.5_-6.0/video.mp4#frame=13
13,RIGHT_PINKY,0.42464107275009155,0.445740282535553,-0.024781640619039536,0.8458386063575745,CapturedFrames_2.0_1.5_-6.0/video.mp4#frame=13
13,LEFT_INDEX,0.3489687144756317,0.4559362530708313,-0.019880784675478935,0.9128515124320984,CapturedFrames_2.0_1.5_-6.0/video.mp4#frame=13
13,RIGHT_INDEX,0.42162904143333435,0.4456610083580017,-0.02358560636639595,0.8383136987686157,CapturedFrames_2.0_1.5_-6.0/video.mp4#frame=13
13,LEFT_THUMB,0.3511238396167755,0.44918906688690186,-0.016522835940122604,0.8717042803764343,CapturedFrames_2.0_1.5_-6.0/video.mp4#frame=13
13,RIGHT_THUMB,0.41972246766090393,0.4407847225666046,-0.022805161774158478,0.7975393533706665,CapturedFrames_2.0_1.5_-6.0/video.mp4#frame=13
13,LEFT_HIP,0.3675245940685272,0.4323587119579315,0.030392605811357498,0.999845027923584,CapturedFrames_2.0_1.5_-6.0/video.mp4#frame=13
13,RIGHT_HIP,0.3911641538143158,0.43133270740509033,-0.030444707721471786,0.9998052716255188,CapturedFrames_2.0_1.5_-6.0/video.mp4#frame=13
13,LEFT_KNEE,0.3793560266494751,0.5026049613952637,0.0803203135728836,0.7736274003982544,CapturedFrames_2.0_1.5_-6.0/video.mp4#frame=13
13,RIGHT_KNEE,0.4025731682777405,0.5102541446685791,-0.0060319602489471436,0.9908650517463684,CapturedFrames_2.0_1.5_-6.0/video.mp4#frame=13
13,LEFT_ANKLE,0.384562611579895,0.5802236199378967,0.05630658194422722,0.9242081642150879,CapturedFrames_2.0_1.5_-6.0/video.mp4#frame=13
13,RIGHT_ANKLE,0.3818650543689728,0.5860304236412048,-0.03636572137475014,0.9909810423851013,CapturedFrames_2.0_1.5_-6.0/video.mp4#frame=13
13,LEFT_HEEL,0.378903329372406,0.5872948169708252,0.052512992173433304,0.9449439644813538,CapturedFrames_2.0_1.5_-6.0/video.mp4#frame=13
13,RIGHT_HEEL,0.3727969527244568,0.5914093852043152,-0.03857210651040077,0.9866032600402832,CapturedFrames_2.0_1.5_-6.0/video.mp4#frame=13
13,LEFT_FOOT_INDEX,0.3893609046936035,0.6143410205841064,0.03369135037064552,0.8854944109916687,CapturedFrames_2.0_1.5_-6.0/video.mp4#frame=13
13,RIGHT_FOOT_INDEX,0.3869883716106415,0.6278335452079773,-0.05704367905855179,0.9720553159713745,CapturedFrames_2.0_1.5_-6.0/video.mp4#frame=13
14,NOSE,0.38005945086479187,0.2574230432510376,0.04593149945139885,0.9998698234558105,CapturedFrames_2.0_1.5_-6.0/video.mp4#frame=14
14,LEFT_EYE_INNER,0.3771001994609833,0.2504318058490753,0.03301322087645531,0.9998173117637634,CapturedFrames_2.0_1.5_-6.0/video.mp4#frame=14
14,LEFT_EYE,0.37535929679870605,0.25072211027145386,0.03301330655813217,0.9998610019683838,CapturedFrames_2.0_1.5_-6.0/video.mp4#frame=14
14,LEFT_EYE_OUTER,0.37358373403549194,0.25114500522613525,0.033027976751327515,0.9998623132705688,CapturedFrames_2.0_1.5_-6.0/video.mp4#frame=14
14,RIGHT_EYE_INNER,0.38109511137008667,0.25010836124420166,0.03159317374229431,0.999792754650116,CapturedFrames_2.0_1.5_-6.0/video.mp4#frame=14
14,RIGHT_EYE,0.3822214603424072,0.2501303553581238,0.03162580728530884,0.9998020529747009,CapturedFrames_2.0_1.5_-6.0/video.mp4#frame=14
14,RIGHT_EYE_OUTER,0.38343507051467896,0.25008755922317505,0.031635772436857224,0.9997642636299133,CapturedFrames_2.0_1.5_-6.0/video.mp4#frame=14
14,LEFT_EAR,0.3707500994205475,0.25624871253967285,-0.012848506681621075,0.9998699426651001,CapturedFrames_2.0_1.5_-6.0/video.mp4#frame=14
14,RIGHT_EAR,0.38485562801361084,0.25398728251457214,-0.019673826172947884,0.9997567534446716,CapturedFrames_2.0_1.5_-6.0/video.mp4#frame=14
14,MOUTH_LEFT,0.37840762734413147,0.2656618356704712,0.032030537724494934,0.9998478889465332,CapturedFrames_2.0_1.5_-6.0/video.mp4#frame=14
14,MOUTH_RIGHT,0.3824147582054138,0.26529955863952637,0.030255068093538284,0.9997984766960144,CapturedFrames_2.0_1.5_-6.0/video.mp4#frame=14
14,LEFT_SHOULDER,0.35545510053634644,0.3133586049079895,-0.012352400459349155,0.9999719858169556,CapturedFrames_2.0_1.5_-6.0/video.mp4#frame=14
14,RIGHT_SHOULDER,0.40052860975265503,0.3075229823589325,-0.05448513478040695,0.9999387264251709,CapturedFrames_2.0_1.5_-6.0/video.mp4#frame=14
14,LEFT_ELBOW,0.3542361557483673,0.3819253146648407,-0.014321444556117058,0.9627397060394287,CapturedFrames_2.0_1.5_-6.0/video.mp4#frame=14
14,RIGHT_ELBOW,0.4108862280845642,0.3768613636493683,-0.06386394798755646,0.9898015856742859,CapturedFrames_2.0_1.5_-6.0/video.mp4#frame=14
14,LEFT_WRIST,0.3558758497238159,0.43802374601364136,-0.013686619699001312,0.8809633851051331,CapturedFrames_2.0_1.5_-6.0/video.mp4#frame=14
14,RIGHT_WRIST,0.42333659529685974,0.43211889266967773,-0.06004811450839043,0.9318302273750305,CapturedFrames_2.0_1.5_-6.0/video.mp4#frame=14
14,LEFT_PINKY,0.3562399446964264,0.45539000630378723,-0.012870438396930695,0.8019745945930481,CapturedFrames_2.0_1.5_-6.0/video.mp4#frame=14
14,RIGHT_PINKY,0.42641177773475647,0.44737857580184937,-0.06413926184177399,0.8923369646072388,CapturedFrames_2.0_1.5_-6.0/video.mp4#frame=14
14,LEFT_INDEX,0.35845810174942017,0.45338061451911926,-0.018688613548874855,0.7914828062057495,CapturedFrames_2.0_1.5_-6.0/video.mp4#frame=14
14,RIGHT_INDEX,0.4239776134490967,0.44713133573532104,-0.06158505752682686,0.8893586993217468,CapturedFrames_2.0_1.5_-6.0/video.mp4#frame=14
14,LEFT_THUMB,0.3599737286567688,0.44653090834617615,-0.01517015416175127,0.7311559915542603,CapturedFrames_2.0_1.5_-6.0/video.mp4#frame=14
14,RIGHT_THUMB,0.4222521185874939,0.44152095913887024,-0.05877329781651497,0.848092794418335,CapturedFrames_2.0_1.5_-6.0/video.mp4#frame=14
14,LEFT_HIP,0.37202706933021545,0.4338422417640686,0.027059797197580338,0.9998840093612671,CapturedFrames_2.0_1.5_-6.0/video.mp4#frame=14
14,RIGHT_HIP,0.3954824209213257,0.43169260025024414,-0.027082210406661034,0.9997685551643372,CapturedFrames_2.0_1.5_-6.0/video.mp4#frame=14
14,LEFT_KNEE,0.3830145597457886,0.5009636878967285,0.06376349180936813,0.8473257422447205,CapturedFrames_2.0_1.5_-6.0/video.mp4#frame=14
14,RIGHT_KNEE,0.4077967703342438,0.501895546913147,0.0040086801163852215,0.987809419631958,CapturedFrames_2.0_1.5_-6.0/video.mp4#frame=14
14,LEFT_ANKLE,0.3841077983379364,0.5717117190361023,0.011079838499426842,0.9584287405014038,CapturedFrames_2.0_1.5_-6.0/video.mp4#frame=14
14,RIGHT_ANKLE,0.39016854763031006,0.5707563161849976,-0.04875833913683891,0.9916501045227051,CapturedFrames_2.0_1.5_-6.0/video.mp4#frame=14
14,LEFT_HEEL,0.3799465298652649,0.5787506103515625,0.004382068756967783,0.961892306804657,CapturedFrames_2.0_1.5_-6.0/video.mp4#frame=14
14,RIGHT_HEEL,0.3835105299949646,0.5771933794021606,-0.05299627035856247,0.9857304096221924,CapturedFrames_2.0_1.5_-6.0/video.mp4#frame=14
14,LEFT_FOOT_INDEX,0.3940269947052002,0.6055102348327637,-0.018719254061579704,0.9509082436561584,CapturedFrames_2.0_1.5_-6.0/video.mp4#frame=14
14,RIGHT_FOOT_INDEX,0.39747071266174316,0.6077948212623596,-0.06530193239450455,0.9854427576065063,CapturedFrames_2.0_1.5_-6.0/video.mp4#frame=14
15,NOSE,0.38373613357543945,0.2577512562274933,0.033697083592414856,0.9997995495796204,CapturedFrames_2.0_1.5_-6.0/video.mp4#frame=15
15,LEFT_EYE_INNER,0.38092854619026184,0.2511366605758667,0.022183598950505257,0.9997361302375793,CapturedFrames_2.0_1.5_-6.0/video.mp4#frame=15
15,LEFT_EYE,0.37930867075920105,0.25140896439552307,0.022186454385519028,0.9997889399528503,CapturedFrames_2.0_1.5_-6.0/video.mp4#frame=15
15,LEFT_EYE_OUTER,0.3776499032974243,0.2518289089202881,0.022201254963874817,0.9997889399528503,CapturedFrames_2.0_1.5_-6.0/video.mp4#frame=15
15,RIGHT_EYE_INNER,0.384734570980072,0.25078535079956055,0.020332172513008118,0.9997319579124451,CapturedFrames_2.0_1.5_-6.0/video.mp4#frame=15
15,RIGHT_EYE,0.38587239384651184,0.2508249282836914,0.020346904173493385,0.9997507929801941,CapturedFrames_2.0_1.5_-6.0/video.mp4#frame=15
15,RIGHT_EYE_OUTER,0.3871803879737854,0.25084352493286133,0.02034378983080387,0.9997170567512512,CapturedFrames_2.0_1.5_-6.0/video.mp4#frame=15
15,LEFT_EAR,0.37447142601013184,0.25703710317611694,-0.017144540324807167,0.9998036026954651,CapturedFrames_2.0_1.5_-6.0/video.mp4#frame=15
15,RIGHT_EAR,0.38918760418891907,0.25543275475502014,-0.025647293776273727,0.9997138381004333,CapturedFrames_2.0_1.5_-6.0/video.mp4#frame=15
15,MOUTH_LEFT,0.38247382640838623,0.26641520857810974,0.022259078919887543,0.9997459053993225,CapturedFrames_2.0_1.5_-6.0/video.mp4#frame=15
15,MOUTH_RIGHT,0.38638409972190857,0.2662476897239685,0.019950365647673607,0.9997158646583557,CapturedFrames_2.0_1.5_-6.0/video.mp4#frame=15
15,LEFT_SHOULDER,0.35979342460632324,0.31067878007888794,-0.01158695388585329,0.9999563694000244,CapturedFrames_2.0_1.5_-6.0/video.mp4#frame=15
15,RIGHT_SHOULDER,0.4029797613620758,0.30744796991348267,-0.05652875825762749,0.9999420642852783,CapturedFrames_2.0_1.5_-6.0/video.mp4#frame=15
15,LEFT_ELBOW,0.3600631058216095,0.37915393710136414,-0.009133768267929554,0.9121377468109131,CapturedFrames_2.0_1.5_-6.0/video.mp4#frame=15
15,RIGHT_ELBOW,0.4108671247959137,0.37263205647468567,-0.061712510883808136,0.989098310470581,CapturedFrames_2.0_1.5_-6.0/video.mp4#frame=15
15,LEFT_WRIST,0.36455589532852173,0.43098804354667664,-0.005862180609256029,0.7563439607620239,CapturedFrames_2.0_1.5_-6.0/video.mp4#frame=15
15,RIGHT_WRIST,0.423400342464447,0.4288530945777893,-0.05629603937268257,0.8985329270362854,CapturedFrames_2.0_1.5_-6.0/video.mp4#frame=15
15,LEFT_PINKY,0.3643067181110382,0.44724079966545105,-0.005095174070447683,0.6501449942588806,CapturedFrames_2.0_1.5_-6.0/video.mp4#frame=15
15,RIGHT_PINKY,0.42514437437057495,0.446625292301178,-0.06004943326115608,0.8402500748634338,CapturedFrames_2.0_1.5_-6.0/video.mp4#frame=15
15,LEFT_INDEX,0.36632922291755676,0.4453757703304291,-0.01084994524717331,0.6351738572120667,CapturedFrames_2.0_1.5_-6.0/video.mp4#frame=15
15,RIGHT_INDEX,0.4231879711151123,0.44652414321899414,-0.058432210236787796,0.8402586579322815,CapturedFrames_2.0_1.5_-6.0/video.mp4#frame=15
15,LEFT_THUMB,0.3676110804080963,0.43897706270217896,-0.007348144892603159,0.5618773698806763,CapturedFrames_2.0_1.5_-6.0/video.mp4#frame=15
15,RIGHT_THUMB,0.42184820771217346,0.44041505455970764,-0.055058740079402924,0.7905968427658081,CapturedFrames_2.0_1.5_-6.0/video.mp4#frame=15
15,LEFT_HIP,0.37613391876220703,0.4255233407020569,0.026207873597741127,0.9998751878738403,CapturedFrames_2.0_1.5_-6.0/video.mp4#frame=15
15,RIGHT_HIP,0.39975228905677795,0.4241308569908142,-0.02627788484096527,0.9997708201408386,CapturedFrames_2.0_1.5_-6.0/video.mp4#frame=15
15,LEFT_KNEE,0.38416630029678345,0.5007718801498413,0.05662160366773605,0.8752480149269104,CapturedFrames_2.0_1.5_-6.0/video.mp4#frame=15
15,RIGHT_KNEE,0.4157260060310364,0.4951516091823578,0.002200670773163438,0.9872651100158691,CapturedFrames_2.0_1.5_-6.0/video.mp4#frame=15
15,LEFT_ANKLE,0.38723546266555786,0.5746694803237915,0.015133775770664215,0.9593164324760437,CapturedFrames_2.0_1.5_-6.0/video.mp4#frame=15
15,RIGHT_ANKLE,0.3969799876213074,0.5691421031951904,-0.0356038399040699,0.9881353378295898,CapturedFrames_2.0_1.5_-6.0/video.mp4#frame=15
15,LEFT_HEEL,0.3835285007953644,0.586335301399231,0.009898324497044086,0.9569759368896484,CapturedFrames_2.0_1.5_-6.0/video.mp4#frame=15
15,RIGHT_HEEL,0.3915221393108368,0.5771101713180542,-0.038257159292697906,0.9746847748756409,CapturedFrames_2.0_1.5_-6.0/video.mp4#frame=15
15,LEFT_FOOT_INDEX,0.39750614762306213,0.6005539894104004,-0.00975870806723833,0.9505425095558167,CapturedFrames_2.0_1.5_-6.0/video.mp4#frame=15
15,RIGHT_FOOT_INDEX,0.4060259461402893,0.6019085049629211,-0.044356245547533035,0.9826425313949585,CapturedFrames_2.0_1.5_-6.0/video.mp4#frame=15
16,NOSE,0.3900436460971832,0.2571870684623718,0.029197758063673973,0.9996356964111328,CapturedFrames_2.0_1.5_-6.0/video.mp4#frame=16
16,LEFT_EYE_INNER,0.3872770369052887,0.2501455545425415,0.02048105001449585,0.999690055847168,CapturedFrames_2.0_1.5_-6.0/video.mp4#frame=16
16,LEFT_EYE,0.38583508133888245,0.2501921057701111,0.020478505641222,0.9996932744979858,CapturedFrames_2.0_1.5_-6.0/video.mp4#frame=16
16,LEFT_EYE_OUTER,0.3843185007572174,0.2503805458545685,0.020470235496759415,0.9997093081474304,CapturedFrames_2.0_1.5_-6.0/video.mp4#frame=16
16,RIGHT_EYE_INNER,0.3906329870223999,0.24997958540916443,0.016027959063649178,0.9997162222862244,CapturedFrames_2.0_1.5_-6.0/video.mp4#frame=16
16,RIGHT_EYE,0.3917064666748047,0.2498328536748886,0.016063660383224487,0.9996938705444336,CapturedFrames_2.0_1.5_-6.0/video.mp4#frame=16
16,RIGHT_EYE_OUTER,0.3928021192550659,0.24966281652450562,0.016055934131145477,0.9996845722198486,CapturedFrames_2.0_1.5_-6.0/video.mp4#frame=16
16,LEFT_EAR,0.3803989887237549,0.25463902950286865,-0.009906591847538948,0.999748170375824,CapturedFrames_2.0_1.5_-6.0/video.mp4#frame=16
16,RIGHT_EAR,0.39275023341178894,0.253615140914917,-0.028880897909402847,0.9996552467346191,CapturedFrames_2.0_1.5_-6.0/video.mp4#frame=16
16,MOUTH_LEFT,0.3888600170612335,0.2646152377128601,0.021160557866096497,0.9993457198143005,CapturedFrames_2.0_1.5_-6.0/video.mp4#frame=16
16,MOUTH_RIGHT,0.3918374180793762,0.2645062506198883,0.015836011618375778,0.9993583559989929,CapturedFrames_2.0_1.5_-6.0/video.mp4#frame=16
16,LEFT_SHOULDER,0.3646286129951477,0.3048093318939209,0.004718824289739132,0.9997337460517883,CapturedFrames_2.0_1.5_-6.0/video.mp4#frame=16
16,RIGHT_SHOULDER,0.4040099084377289,0.30531203746795654,-0.06584834307432175,0.9998883008956909,CapturedFrames_2.0_1.5_-6.0/video.mp4#frame=16
16,LEFT_ELBOW,0.36446160078048706,0.3677970767021179,0.030545929446816444,0.49859821796417236,CapturedFrames_2.0_1.5_-6.0/video.mp4#frame=16
16,RIGHT_ELBOW,0.4123493731021881,0.3723791241645813,-0.06624870002269745,0.9803012013435364,CapturedFrames_2.0_1.5_-6.0/video.mp4#frame=16
16,LEFT_WRIST,0.3772367835044861,0.39737921953201294,0.06577323377132416,0.0503942146897316,CapturedFrames_2.0_1.5_-6.0/video.mp4#frame=16
16,RIGHT_WRIST,0.4227755665779114,0.42617547512054443,-0.047257665544748306,0.7309877276420593,CapturedFrames_2.0_1.5_-6.0/video.mp4#frame=16
16,LEFT_PINKY,0.3784600794315338,0.4106862246990204,0.07394181936979294,0.0437341071665287,CapturedFrames_2.0_1.5_-6.0/video.mp4#frame=16
16,RIGHT_PINKY,0.42377257347106934,0.4443728029727936,-0.047810330986976624,0.6279889345169067,CapturedFrames_2.0_1.5_-6.0/video.mp4#frame=16
16,LEFT_INDEX,0.3808181881904602,0.4085541069507599,0.0693354606628418,0.04138343408703804,CapturedFrames_2.0_1.5_-6.0/video.mp4#frame=16
16,RIGHT_INDEX,0.4222504496574402,0.4438355267047882,-0.046012960374355316,0.6302610635757446,CapturedFrames_2.0_1.5_-6.0/video.mp4#frame=16
16,LEFT_THUMB,0.3806234896183014,0.40255653858184814,0.06521899998188019,0.04197658598423004,CapturedFrames_2.0_1.5_-6.0/video.mp4#frame=16
16,RIGHT_THUMB,0.4213239550590515,0.4371240437030792,-0.04537500441074371,0.5717657804489136,CapturedFrames_2.0_1.5_-6.0/video.mp4#frame=16
16,LEFT_HIP,0.3792450428009033,0.42279350757598877,0.02739822492003441,0.9998061060905457,CapturedFrames_2.0_1.5_-6.0/video.mp4#frame=16
16,RIGHT_HIP,0.4017501473426819,0.42070209980010986,-0.027501707896590233,0.9996088147163391,CapturedFrames_2.0_1.5_-6.0/video.mp4#frame=16
16,LEFT_KNEE,0.3847120702266693,0.49636441469192505,0.06295537203550339,0.8122481107711792,CapturedFrames_2.0_1.5_-6.0/video.mp4#frame=16
16,RIGHT_KNEE,0.4198154807090759,0.4848676919937134,0.02684473991394043,0.9235747456550598,CapturedFrames_2.0_1.5_-6.0/video.mp4#frame=16
16,LEFT_ANKLE,0.3848252296447754,0.574929416179657,0.037468258291482925,0.9209661483764648,CapturedFrames_2.0_1.5_-6.0/video.mp4#frame=16
16,RIGHT_ANKLE,0.40539127588272095,0.5598901510238647,0.004530969075858593,0.9531257152557373,CapturedFrames_2.0_1.5_-6.0/video.mp4#frame=16
16,LEFT_HEEL,0.3818814158439636,0.5913195610046387,0.03430745005607605,0.9259408116340637,CapturedFrames_2.0_1.5_-6.0/video.mp4#frame=16
16,RIGHT_HEEL,0.39649149775505066,0.5742846727371216,0.0033728331327438354,0.9345108866691589,CapturedFrames_2.0_1.5_-6.0/video.mp4#frame=16
16,LEFT_FOOT_INDEX,0.39130762219429016,0.5943219065666199,0.024980058893561363,0.8852049112319946,CapturedFrames_2.0_1.5_-6.0/video.mp4#frame=16
16,RIGHT_FOOT_INDEX,0.4157707095146179,0.5906360149383545,0.004719895776361227,0.9468514919281006,CapturedFrames_2.0_1.5_-6.0/video.mp4#frame=16
17,NOSE,0.3934134244918823,0.25505924224853516,0.025828544050455093,0.9997138381004333,CapturedFrames_2.0_1.5_-6.0/video.mp4#frame=17
17,LEFT_EYE_INNER,0.3909319043159485,0.2485477477312088,0.01641319878399372,0.9997416138648987,CapturedFrames_2.0_1.5_-6.0/video.mp4#frame=17
17,LEFT_EYE,0.3894159495830536,0.248838871717453,0.01642349734902382,0.9997463822364807,CapturedFrames_2.0_1.5_-6.0/video.mp4#frame=17
17,LEFT_EYE_OUTER,0.3877803385257721,0.24926620721817017,0.01640988513827324,0.9997453093528748,CapturedFrames_2.0_1.5_-6.0/video.mp4#frame=17
17,RIGHT_EYE_INNER,0.3945316672325134,0.24808302521705627,0.012014745734632015,0.9997908473014832,CapturedFrames_2.0_1.5_-6.0/video.mp4#frame=17
17,RIGHT_EYE,0.3955979645252228,0.24801063537597656,0.01206897385418415,0.9997715353965759,CapturedFrames_2.0_1.5_-6.0/video.mp4#frame=17
17,RIGHT_EYE_OUTER,0.39663565158843994,0.2479478269815445,0.012054303660988808,0.9997698664665222,CapturedFrames_2.0_1.5_-6.0/video.mp4#frame=17
17,LEFT_EAR,0.384230375289917,0.25342437624931335,-0.012731323018670082,0.9997257590293884,CapturedFrames_2.0_1.5_-6.0/video.mp4#frame=17
17,RIGHT_EAR,0.39743131399154663,0.25217485427856445,-0.03128349035978317,0.9997163414955139,CapturedFrames_2.0_1.5_-6.0/video.mp4#frame=17
17,MOUTH_LEFT,0.39186787605285645,0.26254498958587646,0.018707357347011566,0.9994285702705383,CapturedFrames_2.0_1.5_-6.0/video.mp4#frame=17
17,MOUTH_RIGHT,0.39538851380348206,0.26215195655822754,0.01342320442199707,0.9995049238204956,CapturedFrames_2.0_1.5_-6.0/video.mp4#frame=17
17,LEFT_SHOULDER,0.36982396245002747,0.3022339940071106,0.004649554379284382,0.9992153644561768,CapturedFrames_2.0_1.5_-6.0/video.mp4#frame=17
17,RIGHT_SHOULDER,0.40713196992874146,0.305427610874176,-0.0691147968173027,0.9997885823249817,CapturedFrames_2.0_1.5_-6.0/video.mp4#frame=17
17,LEFT_ELBOW,0.3687407076358795,0.3614274263381958,0.04703620821237564,0.2817572355270386,CapturedFrames_2.0_1.5_-6.0/video.mp4#frame=17
17,RIGHT_ELBOW,0.4121728539466858,0.36794519424438477,-0.0664609968662262,0.9724722504615784,CapturedFrames_2.0_1.5_-6.0/video.mp4#frame=17
17,LEFT_WRIST,0.3823876976966858,0.38252702355384827,0.09153372794389725,0.016554394736886024,CapturedFrames_2.0_1.5_-6.0/video.mp4#frame=17
17,RIGHT_WRIST,0.42219454050064087,0.4234125018119812,-0.047014281153678894,0.6645128726959229,CapturedFrames_2.0_1.5_-6.0/video.mp4#frame=17
17,LEFT_PINKY,0.38428688049316406,0.38998866081237793,0.09940675646066666,0.01765323430299759,CapturedFrames_2.0_1.5_-6.0/video.mp4#frame=17
17,RIGHT_PINKY,0.4231069087982178,0.4417969286441803,-0.05058431625366211,0.5590730309486389,CapturedFrames_2.0_1.5_-6.0/video.mp4#frame=17
17,LEFT_INDEX,0.3866824209690094,0.38544878363609314,0.09202606976032257,0.016904205083847046,CapturedFrames_2.0_1.5_-6.0/video.mp4#frame=17
17,RIGHT_INDEX,0.42178744077682495,0.441631019115448,-0.05104440450668335,0.5632713437080383,CapturedFrames_2.0_1.5_-6.0/video.mp4#frame=17
17,LEFT_THUMB,0.38608604669570923,0.3837181627750397,0.09000665694475174,0.019134026020765305,CapturedFrames_2.0_1.5_-6.0/video.mp4#frame=17
17,RIGHT_THUMB,0.4208151698112488,0.43522536754608154,-0.045937541872262955,0.4981163442134857,CapturedFrames_2.0_1.5_-6.0/video.mp4#frame=17
17,LEFT_HIP,0.3814398944377899,0.4200483560562134,0.027601083740592003,0.9995518326759338,CapturedFrames_2.0_1.5_-6.0/video.mp4#frame=17
17,RIGHT_HIP,0.40405216813087463,0.41841238737106323,-0.02761957421898842,0.9993972778320312,CapturedFrames_2.0_1.5_-6.0/video.mp4#frame=17
17,LEFT_KNEE,0.38603582978248596,0.49477869272232056,0.048831190913915634,0.9414049386978149,CapturedFrames_2.0_1.5_-6.0/video.mp4#frame=17
17,RIGHT_KNEE,0.42312997579574585,0.4773158133029938,0.030828768387436867,0.967047929763794,CapturedFrames_2.0_1.5_-6.0/video.mp4#frame=17
17,LEFT_ANKLE,0.3853818476200104,0.5762267708778381,0.07286663353443146,0.9412909746170044,CapturedFrames_2.0_1.5_-6.0/video.mp4#frame=17
17,RIGHT_ANKLE,0.4131912589073181,0.5572947263717651,0.0764271467924118,0.9561828970909119,CapturedFrames_2.0_1.5_-6.0/video.mp4#frame=17
17,LEFT_HEEL,0.3834843039512634,0.5950180292129517,0.07483039051294327,0.9365095496177673,CapturedFrames_2.0_1.5_-6.0/video.mp4#frame=17
17,RIGHT_HEEL,0.40407928824424744,0.5736483335494995,0.08191249519586563,0.9229859113693237,CapturedFrames_2.0_1.5_-6.0/video.mp4#frame=17
17,LEFT_FOOT_INDEX,0.3910902738571167,0.572903037071228,0.07009752839803696,0.7993581891059875,CapturedFrames_2.0_1.5_-6.0/video.mp4#frame=17
17,RIGHT_FOOT_INDEX,0.42284369468688965,0.5711873769760132,0.08631902188062668,0.8848932981491089,CapturedFrames_2.0_1.5_-6.0/video.mp4#frame=17
18,NOSE,0.39802733063697815,0.2536963224411011,0.025885730981826782,0.9996535778045654,CapturedFrames_2.0_1.5_-6.0/video.mp4#frame=18
18,LEFT_EYE_INNER,0.395423024892807,0.2469676285982132,0.016188370063900948,0.9996367692947388,CapturedFrames_2.0_1.5_-6.0/video.mp4#frame=18
18,LEFT_EYE,0.3939233720302582,0.2469387650489807,0.016200633719563484,0.9996739625930786,CapturedFrames_2.0_1.5_-6.0/video.mp4#frame=18
18,LEFT_EYE_OUTER,0.3924415409564972,0.24701671302318573,0.016186319291591644,0.9996178150177002,CapturedFrames_2.0_1.5_-6.0/video.mp4#frame=18
18,RIGHT_EYE_INNER,0.39907559752464294,0.24714726209640503,0.011822870001196861,0.9997326731681824,CapturedFrames_2.0_1.5_-6.0/video.mp4#frame=18
18,RIGHT_EYE,0.4001564383506775,0.24715858697891235,0.011883489787578583,0.999748170375824,CapturedFrames_2.0_1.5_-6.0/video.mp4#frame=18
18,RIGHT_EYE_OUTER,0.4013335108757019,0.2471899390220642,0.011873218230903149,0.9997138381004333,CapturedFrames_2.0_1.5_-6.0/video.mp4#frame=18
18,LEFT_EAR,0.3888804614543915,0.2505883574485779,-0.012654307298362255,0.999667763710022,CapturedFrames_2.0_1.5_-6.0/video.mp4#frame=18
18,RIGHT_EAR,0.40217214822769165,0.2508622407913208,-0.03078194335103035,0.9996602535247803,CapturedFrames_2.0_1.5_-6.0/video.mp4#frame=18
18,MOUTH_LEFT,0.3963076174259186,0.26045697927474976,0.01909646764397621,0.9991670846939087,CapturedFrames_2.0_1.5_-6.0/video.mp4#frame=18
18,MOUTH_RIGHT,0.39993372559547424,0.2606912851333618,0.013898536562919617,0.999277651309967,CapturedFrames_2.0_1.5_-6.0/video.mp4#frame=18
18,LEFT_SHOULDER,0.3729054629802704,0.29853206872940063,0.00724810129031539,0.9990267753601074,CapturedFrames_2.0_1.5_-6.0/video.mp4#frame=18
18,RIGHT_SHOULDER,0.41017699241638184,0.30249226093292236,-0.06886688619852066,0.9998231530189514,CapturedFrames_2.0_1.5_-6.0/video.mp4#frame=18
18,LEFT_ELBOW,0.3749812841415405,0.3525860011577606,0.057514093816280365,0.24845823645591736,CapturedFrames_2.0_1.5_-6.0/video.mp4#frame=18
18,RIGHT_ELBOW,0.41347354650497437,0.3642379641532898,-0.0717616155743599,0.9719635248184204,CapturedFrames_2.0_1.5_-6.0/video.mp4#frame=18
18,LEFT_WRIST,0.38502177596092224,0.36874106526374817,0.1084834560751915,0.01473697554320097,CapturedFrames_2.0_1.5_-6.0/video.mp4#frame=18
18,RIGHT_WRIST,0.4221392571926117,0.4207005500793457,-0.06231149286031723,0.7394371628761292,CapturedFrames_2.0_1.5_-6.0/video.mp4#frame=18
18,LEFT_PINKY,0.38664576411247253,0.38029342889785767,0.11838892847299576,0.016304533928632736,CapturedFrames_2.0_1.5_-6.0/video.mp4#frame=18
18,RIGHT_PINKY,0.4227312207221985,0.43928298354148865,-0.0671495795249939,0.6490269899368286,CapturedFrames_2.0_1.5_-6.0/video.mp4#frame=18
18,LEFT_INDEX,0.3917601704597473,0.3780905306339264,0.11009379476308823,0.015796151012182236,CapturedFrames_2.0_1.5_-6.0/video.mp4#frame=18
18,RIGHT_INDEX,0.4216119647026062,0.4394749104976654,-0.06736046820878983,0.6525137424468994,CapturedFrames_2.0_1.5_-6.0/video.mp4#frame=18
18,LEFT_THUMB,0.3917462229728699,0.3767133355140686,0.10696251690387726,0.01798769272863865,CapturedFrames_2.0_1.5_-6.0/video.mp4#frame=18
18,RIGHT_THUMB,0.4206846356391907,0.43234044313430786,-0.06119881197810173,0.5681161880493164,CapturedFrames_2.0_1.5_-6.0/video.mp4#frame=18
18,LEFT_HIP,0.3838132619857788,0.41616031527519226,0.028842568397521973,0.999542236328125,CapturedFrames_2.0_1.5_-6.0/video.mp4#frame=18
18,RIGHT_HIP,0.4059121012687683,0.4144837558269501,-0.028867673128843307,0.9994558691978455,CapturedFrames_2.0_1.5_-6.0/video.mp4#frame=18
18,LEFT_KNEE,0.38737645745277405,0.49241113662719727,0.04123633727431297,0.9776646494865417,CapturedFrames_2.0_1.5_-6.0/video.mp4#frame=18
18,RIGHT_KNEE,0.4277104437351227,0.4659302234649658,0.025198329240083694,0.9892297387123108,CapturedFrames_2.0_1.5_-6.0/video.mp4#frame=18
18,LEFT_ANKLE,0.3846322000026703,0.5763107538223267,0.05678865313529968,0.9742760062217712,CapturedFrames_2.0_1.5_-6.0/video.mp4#frame=18
18,RIGHT_ANKLE,0.42199721932411194,0.5513104200363159,0.06580391526222229,0.9800155758857727,CapturedFrames_2.0_1.5_-6.0/video.mp4#frame=18
18,LEFT_HEEL,0.382656991481781,0.5949402451515198,0.05817543715238571,0.9757048487663269,CapturedFrames_2.0_1.5_-6.0/video.mp4#frame=18
18,RIGHT_HEEL,0.4172254204750061,0.5663164258003235,0.07103978097438812,0.9617693424224854,CapturedFrames_2.0_1.5_-6.0/video.mp4#frame=18
18,LEFT_FOOT_INDEX,0.39159828424453735,0.571591854095459,0.05612940341234207,0.8548516631126404,CapturedFrames_2.0_1.5_-6.0/video.mp4#frame=18
18,RIGHT_FOOT_INDEX,0.4334355294704437,0.5588595867156982,0.07930487394332886,0.9171130061149597,CapturedFrames_2.0_1.5_-6.0/video.mp4#frame=18
19,NOSE,0.4032585620880127,0.25426363945007324,0.03061438724398613,0.9994584918022156,CapturedFrames_2.0_1.5_-6.0/video.mp4#frame=19
19,LEFT_EYE_INNER,0.40060701966285706,0.24730859696865082,0.02152755856513977,0.9993901252746582,CapturedFrames_2.0_1.5_-6.0/video.mp4#frame=19
19,LEFT_EYE,0.3991096317768097,0.24731840193271637,0.021529654040932655,0.9994627833366394,CapturedFrames_2.0_1.5_-6.0/video.mp4#frame=19
19,LEFT_EYE_OUTER,0.3976629078388214,0.24742110073566437,0.02151692658662796,0.9993743300437927,CapturedFrames_2.0_1.5_-6.0/video.mp4#frame=19
19,RIGHT_EYE_INNER,0.4042127728462219,0.24758245050907135,0.01647384837269783,0.9995208978652954,CapturedFrames_2.0_1.5_-6.0/video.mp4#frame=19
19,RIGHT_EYE,0.4052458703517914,0.24768899381160736,0.016520801931619644,0.9995582699775696,CapturedFrames_2.0_1.5_-6.0/video.mp4#frame=19
19,RIGHT_EYE_OUTER,0.406353235244751,0.24782589077949524,0.016498981043696404,0.9994972944259644,CapturedFrames_2.0_1.5_-6.0/video.mp4#frame=19
19,LEFT_EAR,0.3939618170261383,0.2509821951389313,-0.006914431694895029,0.9994103908538818,CapturedFrames_2.0_1.5_-6.0/video.mp4#frame=19
19,RIGHT_EAR,0.4070509076118469,0.25158917903900146,-0.028137361630797386,0.9993714690208435,CapturedFrames_2.0_1.5_-6.0/video.mp4#frame=19
19,MOUTH_LEFT,0.4015854001045227,0.2611585259437561,0.023730959743261337,0.9989545345306396,CapturedFrames_2.0_1.5_-6.0/video.mp4#frame=19
19,MOUTH_RIGHT,0.40512925386428833,0.26154714822769165,0.01761030964553356,0.9990959167480469,CapturedFrames_2.0_1.5_-6.0/video.mp4#frame=19
19,LEFT_SHOULDER,0.37816715240478516,0.2967911660671234,0.012088542804121971,0.9985981583595276,CapturedFrames_2.0_1.5_-6.0/video.mp4#frame=19
19,RIGHT_SHOULDER,0.41353195905685425,0.3031649589538574,-0.06860369443893433,0.9998502731323242,CapturedFrames_2.0_1.5_-6.0/video.mp4#frame=19
19,LEFT_ELBOW,0.3794387876987457,0.3496788442134857,0.05107787996530533,0.17975959181785583,CapturedFrames_2.0_1.5_-6.0/video.mp4#frame=19
19,RIGHT_ELBOW,0.4156295657157898,0.36614882946014404,-0.07607928663492203,0.9733277559280396,CapturedFrames_2.0_1.5_-6.0/video.mp4#frame=19
19,LEFT_WRIST,0.3882993459701538,0.37973612546920776,0.08537768572568893,0.019132357090711594,CapturedFrames_2.0_1.5_-6.0/video.mp4#frame=19
19,RIGHT_WRIST,0.4223896861076355,0.4237261414527893,-0.06964471936225891,0.8208923935890198,CapturedFrames_2.0_1.5_-6.0/video.mp4#frame=19
19,LEFT_PINKY,0.3905341923236847,0.38660016655921936,0.09352629631757736,0.022183896973729134,CapturedFrames_2.0_1.5_-6.0/video.mp4#frame=19
19,RIGHT_PINKY,0.4227071702480316,0.4414859414100647,-0.07632199674844742,0.7380152940750122,CapturedFrames_2.0_1.5_-6.0/video.mp4#frame=19
19,LEFT_INDEX,0.39236220717430115,0.3843388557434082,0.08478783071041107,0.021590881049633026,CapturedFrames_2.0_1.5_-6.0/video.mp4#frame=19
19,RIGHT_INDEX,0.42092570662498474,0.44144362211227417,-0.07545021176338196,0.7348931431770325,CapturedFrames_2.0_1.5_-6.0/video.mp4#frame=19
19,LEFT_THUMB,0.3925883173942566,0.3820081353187561,0.08310745656490326,0.023648850619792938,CapturedFrames_2.0_1.5_-6.0/video.mp4#frame=19
19,RIGHT_THUMB,0.4201677441596985,0.43457382917404175,-0.06849726289510727,0.6553276777267456,CapturedFrames_2.0_1.5_-6.0/video.mp4#frame=19
19,LEFT_HIP,0.38607776165008545,0.4142839312553406,0.030387932434678078,0.9996896982192993,CapturedFrames_2.0_1.5_-6.0/video.mp4#frame=19
19,RIGHT_HIP,0.4080585837364197,0.41420885920524597,-0.03040458634495735,0.9996463060379028,CapturedFrames_2.0_1.5_-6.0/video.mp4#frame=19
19,LEFT_KNEE,0.3883061707019806,0.49147045612335205,0.029869113117456436,0.9724605679512024,CapturedFrames_2.0_1.5_-6.0/video.mp4#frame=19
19,RIGHT_KNEE,0.4311836361885071,0.4611682891845703,0.027194026857614517,0.9904853701591492,CapturedFrames_2.0_1.5_-6.0/video.mp4#frame=19
19,LEFT_ANKLE,0.38427478075027466,0.5755085349082947,0.03958401083946228,0.9745834469795227,CapturedFrames_2.0_1.5_-6.0/video.mp4#frame=19
19,RIGHT_ANKLE,0.4323291778564453,0.5454641580581665,0.065948486328125,0.9850844740867615,CapturedFrames_2.0_1.5_-6.0/video.mp4#frame=19
19,LEFT_HEEL,0.38246241211891174,0.5935171842575073,0.04030582681298256,0.9788306355476379,CapturedFrames_2.0_1.5_-6.0/video.mp4#frame=19
19,RIGHT_HEEL,0.4267353415489197,0.5626431107521057,0.07021810114383698,0.9724124073982239,CapturedFrames_2.0_1.5_-6.0/video.mp4#frame=19
19,LEFT_FOOT_INDEX,0.393989622592926,0.571346640586853,0.03257567435503006,0.8903504014015198,CapturedFrames_2.0_1.5_-6.0/video.mp4#frame=19
19,RIGHT_FOOT_INDEX,0.4453911781311035,0.5453374981880188,0.07093778997659683,0.9400465488433838,CapturedFrames_2.0_1.5_-6.0/video.mp4#frame=19
20,NOSE,0.4084019064903259,0.2560531198978424,0.029474740847945213,0.9992758631706238,CapturedFrames_2.0_1.5_-6.0/video.mp4#frame=20
20,LEFT_EYE_INNER,0.40593066811561584,0.2485387623310089,0.021884381771087646,0.9989838004112244,CapturedFrames_2.0_1.5_-6.0/video.mp4#frame=20
20,LEFT_EYE,0.4046732783317566,0.24841926991939545,0.021873563528060913,0.999136745929718,CapturedFrames_2.0_1.5_-6.0/video.mp4#frame=20
20,LEFT_EYE_OUTER,0.40342625975608826,0.24849973618984222,0.021865004673600197,0.9990573525428772,CapturedFrames_2.0_1.5_-6.0/video.mp4#frame=20
20,RIGHT_EYE_INNER,0.4088429808616638,0.24897393584251404,0.01538066565990448,0.9990934133529663,CapturedFrames_2.0_1.5_-6.0/video.mp4#frame=20
20,RIGHT_EYE,0.4097753167152405,0.2490764856338501,0.015405898913741112,0.9991661310195923,CapturedFrames_2.0_1.5_-6.0/video.mp4#frame=20
20,RIGHT_EYE_OUTER,0.4107465147972107,0.24926748871803284,0.015376634895801544,0.9990604519844055,CapturedFrames_2.0_1.5_-6.0/video.mp4#frame=20
20,LEFT_EAR,0.4001083970069885,0.25289851427078247,-0.0021093818359076977,0.9987664222717285,CapturedFrames_2.0_1.5_-6.0/video.mp4#frame=20
20,RIGHT_EAR,0.4106217920780182,0.2529377341270447,-0.03071759268641472,0.9988834261894226,CapturedFrames_2.0_1.5_-6.0/video.mp4#frame=20
20,MOUTH_LEFT,0.40692752599716187,0.26342082023620605,0.023946357890963554,0.9991641044616699,CapturedFrames_2.0_1.5_-6.0/video.mp4#frame=20
20,MOUTH_RIGHT,0.40968865156173706,0.2641844153404236,0.01564144343137741,0.9992417097091675,CapturedFrames_2.0_1.5_-6.0/video.mp4#frame=20
20,LEFT_SHOULDER,0.3827231824398041,0.298531174659729,0.013927655294537544,0.9992521405220032,CapturedFrames_2.0_1.5_-6.0/video.mp4#frame=20
20,RIGHT_SHOULDER,0.41632604598999023,0.30349433422088623,-0.06880611181259155,0.9999113082885742,CapturedFrames_2.0_1.5_-6.0/video.mp4#frame=20
20,LEFT_ELBOW,0.3870505392551422,0.35228294134140015,0.02679806388914585,0.1302451491355896,CapturedFrames_2.0_1.5_-6.0/video.mp4#frame=20
20,RIGHT_ELBOW,0.41807037591934204,0.37009990215301514,-0.07007060199975967,0.9529384970664978,CapturedFrames_2.0_1.5_-6.0/video.mp4#frame=20
20,LEFT_WRIST,0.3926734924316406,0.3904961049556732,0.026410222053527832,0.03714394569396973,CapturedFrames_2.0_1.5_-6.0/video.mp4#frame=20
20,RIGHT_WRIST,0.4217132031917572,0.42680326104164124,-0.049148619174957275,0.8664058446884155,CapturedFrames_2.0_1.5_-6.0/video.mp4#frame=20
20,LEFT_PINKY,0.3968062996864319,0.4047432243824005,0.028339916840195656,0.045482978224754333,CapturedFrames_2.0_1.5_-6.0/video.mp4#frame=20
20,RIGHT_PINKY,0.4211147427558899,0.4428737759590149,-0.05541170760989189,0.8279923796653748,CapturedFrames_2.0_1.5_-6.0/video.mp4#frame=20
20,LEFT_INDEX,0.4013267457485199,0.40566954016685486,0.019585954025387764,0.043899983167648315,CapturedFrames_2.0_1.5_-6.0/video.mp4#frame=20
20,RIGHT_INDEX,0.4197617173194885,0.44215431809425354,-0.05552714318037033,0.8266770839691162,CapturedFrames_2.0_1.5_-6.0/video.mp4#frame=20
20,LEFT_THUMB,0.4014533460140228,0.40318939089775085,0.022706883028149605,0.04585074260830879,CapturedFrames_2.0_1.5_-6.0/video.mp4#frame=20
20,RIGHT_THUMB,0.41959887742996216,0.43642374873161316,-0.04847925156354904,0.7749363780021667,CapturedFrames_2.0_1.5_-6.0/video.mp4#frame=20
20,LEFT_HIP,0.39022329449653625,0.4140596091747284,0.03033486381173134,0.9999047517776489,CapturedFrames_2.0_1.5_-6.0/video.mp4#frame=20
20,RIGHT_HIP,0.4110313951969147,0.4140387773513794,-0.030399486422538757,0.9998509883880615,CapturedFrames_2.0_1.5_-6.0/video.mp4#frame=20
20,LEFT_KNEE,0.3893265426158905,0.489907830953598,0.04261799901723862,0.9829555749893188,CapturedFrames_2.0_1.5_-6.0/video.mp4#frame=20
20,RIGHT_KNEE,0.4314473271369934,0.4618852734565735,0.03429898992180824,0.9900227189064026,CapturedFrames_2.0_1.5_-6.0/video.mp4#frame=20
20,LEFT_ANKLE,0.38472887873649597,0.5735792517662048,0.05939347296953201,0.9841512441635132,CapturedFrames_2.0_1.5_-6.0/video.mp4#frame=20
20,RIGHT_ANKLE,0.43823161721229553,0.5381932258605957,0.0886712595820427,0.9842652082443237,CapturedFrames_2.0_1.5_-6.0/video.mp4#frame=20
20,LEFT_HEEL,0.384226530790329,0.5904726982116699,0.06115677207708359,0.9861742258071899,CapturedFrames_2.0_1.5_-6.0/video.mp4#frame=20
20,RIGHT_HEEL,0.4363771080970764,0.5540798902511597,0.09453748911619186,0.975278913974762,CapturedFrames_2.0_1.5_-6.0/video.mp4#frame=20
20,LEFT_FOOT_INDEX,0.39285844564437866,0.5722703337669373,0.050437431782484055,0.9236451387405396,CapturedFrames_2.0_1.5_-6.0/video.mp4#frame=20
20,RIGHT_FOOT_INDEX,0.4520702362060547,0.5337343811988831,0.09182245284318924,0.9487082958221436,CapturedFrames_2.0_1.5_-6.0/video.mp4#frame=20
21,NOSE,0.4130156934261322,0.25619226694107056,0.028898540884256363,0.9977635145187378,CapturedFrames_2.0_1.5_-6.0/video.mp4#frame=21
21,LEFT_EYE_INNER,0.41070103645324707,0.24895144999027252,0.019650109112262726,0.9970701932907104,CapturedFrames_2.0_1.5_-6.0/video.mp4#frame=21
21,LEFT_EYE,0.40953120589256287,0.2488604485988617,0.01963651366531849,0.9976590871810913,CapturedFrames_2.0_1.5_-6.0/video.mp4#frame=21
21,LEFT_EYE_OUTER,0.4084305167198181,0.2489878088235855,0.01961405575275421,0.9972597360610962,CapturedFrames_2.0_1.5_-6.0/video.mp4#frame=21
21,RIGHT_EYE_INNER,0.41335445642471313,0.24953770637512207,0.013972850516438484,0.9974842071533203,CapturedFrames_2.0_1.5_-6.0/video.mp4#frame=21
21,RIGHT_EYE,0.4141682982444763,0.2498050034046173,0.014015810564160347,0.9979000091552734,CapturedFrames_2.0_1.5_-6.0/video.mp4#frame=21
21,RIGHT_EYE_OUTER,0.4150589108467102,0.2502017021179199,0.013987196609377861,0.9974598288536072,CapturedFrames_2.0_1.5_-6.0/video.mp4#frame=21
21,LEFT_EAR,0.4053555130958557,0.25378939509391785,-0.00876160990446806,0.9973371624946594,CapturedFrames_2.0_1.5_-6.0/video.mp4#frame=21
21,RIGHT_EAR,0.41480088233947754,0.2543978691101074,-0.03313359618186951,0.9973338842391968,CapturedFrames_2.0_1.5_-6.0/video.mp4#frame=21
21,MOUTH_LEFT,0.41171279549598694,0.26343971490859985,0.022012999281287193,0.9977707862854004,CapturedFrames_2.0_1.5_-6.0/video.mp4#frame=21
21,MOUTH_RIGHT,0.4142983555793762,0.2643594741821289,0.01492735929787159,0.997849702835083,CapturedFrames_2.0_1.5_-6.0/video.mp4#frame=21
21,LEFT_SHOULDER,0.3885699212551117,0.2968403995037079,0.007981578819453716,0.998227059841156,CapturedFrames_2.0_1.5_-6.0/video.mp4#frame=21
21,RIGHT_SHOULDER,0.4198512136936188,0.30415821075439453,-0.07010279595851898,0.9997555613517761,CapturedFrames_2.0_1.5_-6.0/video.mp4#frame=21
21,LEFT_ELBOW,0.39052140712738037,0.34092697501182556,0.04606955870985985,0.14067478477954865,CapturedFrames_2.0_1.5_-6.0/video.mp4#frame=21
21,RIGHT_ELBOW,0.41956624388694763,0.3686964809894562,-0.0811794176697731,0.901669442653656,CapturedFrames_2.0_1.5_-6.0/video.mp4#frame=21
21,LEFT_WRIST,0.39603182673454285,0.35886314511299133,0.07392055541276932,0.03757840022444725,CapturedFrames_2.0_1.5_-6.0/video.mp4#frame=21
21,RIGHT_WRIST,0.42308416962623596,0.424308180809021,-0.08073919266462326,0.7856458425521851,CapturedFrames_2.0_1.5_-6.0/video.mp4#frame=21
21,LEFT_PINKY,0.39714178442955017,0.36311909556388855,0.07934356480836868,0.0475163534283638,CapturedFrames_2.0_1.5_-6.0/video.mp4#frame=21
21,RIGHT_PINKY,0.4228096902370453,0.439882755279541,-0.08943633735179901,0.7494240999221802,CapturedFrames_2.0_1.5_-6.0/video.mp4#frame=21
21,LEFT_INDEX,0.4011154770851135,0.3623642325401306,0.07057739794254303,0.04619339480996132,CapturedFrames_2.0_1.5_-6.0/video.mp4#frame=21
21,RIGHT_INDEX,0.4217201769351959,0.4406130909919739,-0.09014494717121124,0.7451462149620056,CapturedFrames_2.0_1.5_-6.0/video.mp4#frame=21
21,LEFT_THUMB,0.40203776955604553,0.36162975430488586,0.07116014510393143,0.047601208090782166,CapturedFrames_2.0_1.5_-6.0/video.mp4#frame=21
21,RIGHT_THUMB,0.42121344804763794,0.4344216585159302,-0.08050994575023651,0.6742338538169861,CapturedFrames_2.0_1.5_-6.0/video.mp4#frame=21
21,LEFT_HIP,0.393198162317276,0.416228711605072,0.028676386922597885,0.9998146891593933,CapturedFrames_2.0_1.5_-6.0/video.mp4#frame=21
21,RIGHT_HIP,0.4146520495414734,0.41516897082328796,-0.02874896489083767,0.9996845722198486,CapturedFrames_2.0_1.5_-6.0/video.mp4#frame=21
21,LEFT_KNEE,0.39051327109336853,0.49105581641197205,0.03555873781442642,0.9769935011863708,CapturedFrames_2.0_1.5_-6.0/video.mp4#frame=21
21,RIGHT_KNEE,0.4304719567298889,0.46381595730781555,0.04680006578564644,0.9857004880905151,CapturedFrames_2.0_1.5_-6.0/video.mp4#frame=21
21,LEFT_ANKLE,0.38345634937286377,0.5725184679031372,0.0521354153752327,0.9783128499984741,CapturedFrames_2.0_1.5_-6.0/video.mp4#frame=21
21,RIGHT_ANKLE,0.44452422857284546,0.5322586894035339,0.10172183811664581,0.9768233299255371,CapturedFrames_2.0_1.5_-6.0/video.mp4#frame=21
21,LEFT_HEEL,0.3818834722042084,0.5918620228767395,0.05385495349764824,0.9850937128067017,CapturedFrames_2.0_1.5_-6.0/video.mp4#frame=21
21,RIGHT_HEEL,0.44497355818748474,0.5491369366645813,0.10819782316684723,0.976408064365387,CapturedFrames_2.0_1.5_-6.0/video.mp4#frame=21
21,LEFT_FOOT_INDEX,0.39059704542160034,0.5728155374526978,0.04077189043164253,0.8679602146148682,CapturedFrames_2.0_1.5_-6.0/video.mp4#frame=21
21,RIGHT_FOOT_INDEX,0.45428594946861267,0.5209333300590515,0.1061551421880722,0.9039996862411499,CapturedFrames_2.0_1.5_-6.0/video.mp4#frame=21
22,NOSE,0.4175316393375397,0.25913405418395996,0.05646909400820732,0.9992218017578125,CapturedFrames_2.0_1.5_-6.0/video.mp4#frame=22
22,LEFT_EYE_INNER,0.4147891402244568,0.2514963448047638,0.04956922307610512,0.9991094470024109,CapturedFrames_2.0_1.5_-6.0/video.mp4#frame=22
22,LEFT_EYE,0.41336578130722046,0.2509845495223999,0.049547579139471054,0.9993413090705872,CapturedFrames_2.0_1.5_-6.0/video.mp4#frame=22
22,LEFT_EYE_OUTER,0.41200894117355347,0.2506833076477051,0.04952097684144974,0.9992282390594482,CapturedFrames_2.0_1.5_-6.0/video.mp4#frame=22
22,RIGHT_EYE_INNER,0.4179069399833679,0.2530171573162079,0.04297806695103645,0.9990973472595215,CapturedFrames_2.0_1.5_-6.0/video.mp4#frame=22
22,RIGHT_EYE,0.4186476171016693,0.25345057249069214,0.04302413389086723,0.9992783665657043,CapturedFrames_2.0_1.5_-6.0/video.mp4#frame=22
22,RIGHT_EYE_OUTER,0.4194273352622986,0.2539635896682739,0.04298470914363861,0.9990684390068054,CapturedFrames_2.0_1.5_-6.0/video.mp4#frame=22
22,LEFT_EAR,0.40839895606040955,0.2553088068962097,0.025246107950806618,0.9992639422416687,CapturedFrames_2.0_1.5_-6.0/video.mp4#frame=22
22,RIGHT_EAR,0.4187421202659607,0.25824663043022156,-0.0037803282029926777,0.9990862607955933,CapturedFrames_2.0_1.5_-6.0/video.mp4#frame=22
22,MOUTH_LEFT,0.41565313935279846,0.26529330015182495,0.05043135955929756,0.9989593029022217,CapturedFrames_2.0_1.5_-6.0/video.mp4#frame=22
22,MOUTH_RIGHT,0.41836223006248474,0.2670811414718628,0.041931457817554474,0.9987723231315613,CapturedFrames_2.0_1.5_-6.0/video.mp4#frame=22
22,LEFT_SHOULDER,0.39360281825065613,0.2971248924732208,0.03817306086421013,0.9993040561676025,CapturedFrames_2.0_1.5_-6.0/video.mp4#frame=22
22,RIGHT_SHOULDER,0.42277246713638306,0.30718839168548584,-0.04663374647498131,0.9998090863227844,CapturedFrames_2.0_1.5_-6.0/video.mp4#frame=22
22,LEFT_ELBOW,0.3990233242511749,0.3449873626232147,0.06211568042635918,0.12570802867412567,CapturedFrames_2.0_1.5_-6.0/video.mp4#frame=22
22,RIGHT_ELBOW,0.4202275276184082,0.36455899477005005,-0.06598319113254547,0.8937721848487854,CapturedFrames_2.0_1.5_-6.0/video.mp4#frame=22
22,LEFT_WRIST,0.41603097319602966,0.3812471628189087,0.06636828929185867,0.059193115681409836,CapturedFrames_2.0_1.5_-6.0/video.mp4#frame=22
22,RIGHT_WRIST,0.42433303594589233,0.42025047540664673,-0.06412732601165771,0.8436093926429749,CapturedFrames_2.0_1.5_-6.0/video.mp4#frame=22
22,LEFT_PINKY,0.42010146379470825,0.3863075375556946,0.07078231126070023,0.07201175391674042,CapturedFrames_2.0_1.5_-6.0/video.mp4#frame=22
22,RIGHT_PINKY,0.42330402135849,0.43404316902160645,-0.07083972543478012,0.8097630739212036,CapturedFrames_2.0_1.5_-6.0/video.mp4#frame=22
22,LEFT_INDEX,0.42415815591812134,0.3874625861644745,0.06036447361111641,0.07203038781881332,CapturedFrames_2.0_1.5_-6.0/video.mp4#frame=22
22,RIGHT_INDEX,0.42230480909347534,0.4340883791446686,-0.0708523765206337,0.8075003027915955,CapturedFrames_2.0_1.5_-6.0/video.mp4#frame=22
22,LEFT_THUMB,0.42352622747421265,0.3868233859539032,0.06214448809623718,0.07320419698953629,CapturedFrames_2.0_1.5_-6.0/video.mp4#frame=22
22,RIGHT_THUMB,0.422402560710907,0.42764392495155334,-0.06363549828529358,0.7522925138473511,CapturedFrames_2.0_1.5_-6.0/video.mp4#frame=22
22,LEFT_HIP,0.3971056044101715,0.4129403531551361,0.02802267111837864,0.9999529123306274,CapturedFrames_2.0_1.5_-6.0/video.mp4#frame=22
22,RIGHT_HIP,0.41807013750076294,0.41039255261421204,-0.028112059459090233,0.999874472618103,CapturedFrames_2.0_1.5_-6.0/video.mp4#frame=22
22,LEFT_KNEE,0.3930218815803528,0.49200451374053955,0.014404051005840302,0.9890791773796082,CapturedFrames_2.0_1.5_-6.0/video.mp4#frame=22
22,RIGHT_KNEE,0.4336511492729187,0.46881383657455444,0.04283807799220085,0.9881590008735657,CapturedFrames_2.0_1.5_-6.0/video.mp4#frame=22
22,LEFT_ANKLE,0.3850781321525574,0.574076771736145,0.004973150324076414,0.984153687953949,CapturedFrames_2.0_1.5_-6.0/video.mp4#frame=22
22,RIGHT_ANKLE,0.44644778966903687,0.532458484172821,0.08979588747024536,0.9747826457023621,CapturedFrames_2.0_1.5_-6.0/video.mp4#frame=22
22,LEFT_HEEL,0.3840673863887787,0.5896762609481812,0.0037888367660343647,0.9908388257026672,CapturedFrames_2.0_1.5_-6.0/video.mp4#frame=22
22,RIGHT_HEEL,0.4465428292751312,0.5489760637283325,0.09593124687671661,0.9768173098564148,CapturedFrames_2.0_1.5_-6.0/video.mp4#frame=22
22,LEFT_FOOT_INDEX,0.39127370715141296,0.5748932957649231,-0.014288948848843575,0.8753605484962463,CapturedFrames_2.0_1.5_-6.0/video.mp4#frame=22
22,RIGHT_FOOT_INDEX,0.45714038610458374,0.5181742906570435,0.09703952074050903,0.881648063659668,CapturedFrames_2.0_1.5_-6.0/video.mp4#frame=22
23,NOSE,0.4198475480079651,0.2628728151321411,0.041895195841789246,0.9997169375419617,CapturedFrames_2.0_1.5_-6.0/video.mp4#frame=23
23,LEFT_EYE_INNER,0.4180586338043213,0.2558584213256836,0.038033075630664825,0.9996602535247803,CapturedFrames_2.0_1.5_-6.0/video.mp4#frame=23
23,LEFT_EYE,0.4169873297214508,0.25562918186187744,0.03801051527261734,0.9997392296791077,CapturedFrames_2.0_1.5_-6.0/video.mp4#frame=23
23,LEFT_EYE_OUTER,0.4158620238304138,0.2555409073829651,0.03798714280128479,0.9996752738952637,CapturedFrames_2.0_1.5_-6.0/video.mp4#frame=23
23,RIGHT_EYE_INNER,0.4207170605659485,0.2567174434661865,0.03012957237660885,0.9996799230575562,CapturedFrames_2.0_1.5_-6.0/video.mp4#frame=23
23,RIGHT_EYE,0.42146286368370056,0.25708720088005066,0.03016567789018154,0.9997276663780212,CapturedFrames_2.0_1.5_-6.0/video.mp4#frame=23
23,RIGHT_EYE_OUTER,0.4222204089164734,0.25757458806037903,0.03013424202799797,0.9996449947357178,CapturedFrames_2.0_1.5_-6.0/video.mp4#frame=23
23,LEFT_EAR,0.4128216803073883,0.25921374559402466,0.026370719075202942,0.999679684638977,CapturedFrames_2.0_1.5_-6.0/video.mp4#frame=23
23,RIGHT_EAR,0.42260637879371643,0.2626131772994995,-0.008749755099415779,0.9997068047523499,CapturedFrames_2.0_1.5_-6.0/video.mp4#frame=23
23,MOUTH_LEFT,0.4182097315788269,0.2688369154930115,0.04021879658102989,0.9995878338813782,CapturedFrames_2.0_1.5_-6.0/video.mp4#frame=23
23,MOUTH_RIGHT,0.42086976766586304,0.2701007127761841,0.029928740113973618,0.9995585083961487,CapturedFrames_2.0_1.5_-6.0/video.mp4#frame=23
23,LEFT_SHOULDER,0.39655447006225586,0.3001822829246521,0.0417698509991169,0.9995388984680176,CapturedFrames_2.0_1.5_-6.0/video.mp4#frame=23
23,RIGHT_SHOULDER,0.4258604943752289,0.308637797832489,-0.045762527734041214,0.9998476505279541,CapturedFrames_2.0_1.5_-6.0/video.mp4#frame=23
23,LEFT_ELBOW,0.4078914225101471,0.3410341143608093,0.06181011348962784,0.18667294085025787,CapturedFrames_2.0_1.5_-6.0/video.mp4#frame=23
23,RIGHT_ELBOW,0.4211216866970062,0.36078721284866333,-0.06218348816037178,0.8352155685424805,CapturedFrames_2.0_1.5_-6.0/video.mp4#frame=23
23,LEFT_WRIST,0.4226354956626892,0.3494065999984741,0.05970805138349533,0.11767765134572983,CapturedFrames_2.0_1.5_-6.0/video.mp4#frame=23
23,RIGHT_WRIST,0.42532259225845337,0.41422179341316223,-0.044098325073719025,0.7700461149215698,CapturedFrames_2.0_1.5_-6.0/video.mp4#frame=23
23,LEFT_PINKY,0.4259353280067444,0.34821760654449463,0.06085686758160591,0.13059064745903015,CapturedFrames_2.0_1.5_-6.0/video.mp4#frame=23
23,RIGHT_PINKY,0.42283207178115845,0.4281315207481384,-0.04800387844443321,0.735454797744751,CapturedFrames_2.0_1.5_-6.0/video.mp4#frame=23
23,LEFT_INDEX,0.42794904112815857,0.3486160337924957,0.05230765417218208,0.13070032000541687,CapturedFrames_2.0_1.5_-6.0/video.mp4#frame=23
23,RIGHT_INDEX,0.4221060872077942,0.42953765392303467,-0.048335883766412735,0.7289230823516846,CapturedFrames_2.0_1.5_-6.0/video.mp4#frame=23
23,LEFT_THUMB,0.42634281516075134,0.3495122194290161,0.05538422614336014,0.1294727474451065,CapturedFrames_2.0_1.5_-6.0/video.mp4#frame=23
23,RIGHT_THUMB,0.4227919578552246,0.42291030287742615,-0.04328736290335655,0.6834537982940674,CapturedFrames_2.0_1.5_-6.0/video.mp4#frame=23
23,LEFT_HIP,0.40011024475097656,0.4159787595272064,0.0293341763317585,0.9999711513519287,CapturedFrames_2.0_1.5_-6.0/video.mp4#frame=23
23,RIGHT_HIP,0.4207480847835541,0.4132210612297058,-0.02945074811577797,0.999911904335022,CapturedFrames_2.0_1.5_-6.0/video.mp4#frame=23
23,LEFT_KNEE,0.39509251713752747,0.4920083284378052,0.029071515426039696,0.9933264255523682,CapturedFrames_2.0_1.5_-6.0/video.mp4#frame=23
23,RIGHT_KNEE,0.4364813268184662,0.46406060457229614,0.062343429774045944,0.9919686913490295,CapturedFrames_2.0_1.5_-6.0/video.mp4#frame=23
23,LEFT_ANKLE,0.38574543595314026,0.5736395120620728,0.026237647980451584,0.9863346815109253,CapturedFrames_2.0_1.5_-6.0/video.mp4#frame=23
23,RIGHT_ANKLE,0.4497404098510742,0.5283874273300171,0.13213786482810974,0.9746018648147583,CapturedFrames_2.0_1.5_-6.0/video.mp4#frame=23
23,LEFT_HEEL,0.3833468556404114,0.5872663259506226,0.026054179295897484,0.9914323091506958,CapturedFrames_2.0_1.5_-6.0/video.mp4#frame=23
23,RIGHT_HEEL,0.4493923783302307,0.5453460216522217,0.14101047813892365,0.9795555472373962,CapturedFrames_2.0_1.5_-6.0/video.mp4#frame=23
23,LEFT_FOOT_INDEX,0.39109382033348083,0.5783421397209167,0.00890138279646635,0.904090166091919,CapturedFrames_2.0_1.5_-6.0/video.mp4#frame=23
23,RIGHT_FOOT_INDEX,0.4605017602443695,0.5207472443580627,0.1449604034423828,0.8865917325019836,CapturedFrames_2.0_1.5_-6.0/video.mp4#frame=23
34,NOSE,0.4448821544647217,0.26134151220321655,0.05833180993795395,0.9994111061096191,CapturedFrames_2.0_1.5_-6.0/video.mp4#frame=34
34,LEFT_EYE_INNER,0.44311317801475525,0.2558690905570984,0.04570362716913223,0.9991551637649536,CapturedFrames_2.0_1.5_-6.0/video.mp4#frame=34
34,LEFT_EYE,0.44203275442123413,0.25580859184265137,0.04570919647812843,0.9993485808372498,CapturedFrames_2.0_1.5_-6.0/video.mp4#frame=34
34,LEFT_EYE_OUTER,0.44088584184646606,0.25592097640037537,0.045712344348430634,0.9992659687995911,CapturedFrames_2.0_1.5_-6.0/video.mp4#frame=34
34,RIGHT_EYE_INNER,0.4459395408630371,0.25572794675827026,0.04504075646400452,0.9990658164024353,CapturedFrames_2.0_1.5_-6.0/video.mp4#frame=34
34,RIGHT_EYE,0.44682979583740234,0.2555927336215973,0.04506102204322815,0.9991413354873657,CapturedFrames_2.0_1.5_-6.0/video.mp4#frame=34
34,RIGHT_EYE_OUTER,0.4478546977043152,0.2555573582649231,0.04502043500542641,0.998814582824707,CapturedFrames_2.0_1.5_-6.0/video.mp4#frame=34
34,LEFT_EAR,0.43869709968566895,0.2589956521987915,0.0005942870047874749,0.9991382360458374,CapturedFrames_2.0_1.5_-6.0/video.mp4#frame=34
34,RIGHT_EAR,0.4498535096645355,0.25794804096221924,-0.0021993527188897133,0.9986544847488403,CapturedFrames_2.0_1.5_-6.0/video.mp4#frame=34
34,MOUTH_LEFT,0.4439461827278137,0.26597359776496887,0.044679246842861176,0.9993398785591125,CapturedFrames_2.0_1.5_-6.0/video.mp4#frame=34
34,MOUTH_RIGHT,0.4468328058719635,0.2661769986152649,0.04375341162085533,0.9991412162780762,CapturedFrames_2.0_1.5_-6.0/video.mp4#frame=34
34,LEFT_SHOULDER,0.42542552947998047,0.29612261056900024,-0.014544965699315071,0.9994365572929382,CapturedFrames_2.0_1.5_-6.0/video.mp4#frame=34
34,RIGHT_SHOULDER,0.4604049324989319,0.29138511419296265,-0.027630474418401718,0.9996596574783325,CapturedFrames_2.0_1.5_-6.0/video.mp4#frame=34
34,LEFT_ELBOW,0.4202860891819,0.3450930416584015,-0.01226480957120657,0.924014687538147,CapturedFrames_2.0_1.5_-6.0/video.mp4#frame=34
34,RIGHT_ELBOW,0.4650474190711975,0.34085965156555176,-0.027795013040304184,0.9870648384094238,CapturedFrames_2.0_1.5_-6.0/video.mp4#frame=34
34,LEFT_WRIST,0.41910070180892944,0.39373788237571716,-0.018389100208878517,0.8305739760398865,CapturedFrames_2.0_1.5_-6.0/video.mp4#frame=34
34,RIGHT_WRIST,0.4732515215873718,0.3805045187473297,-0.012432551011443138,0.9310388565063477,CapturedFrames_2.0_1.5_-6.0/video.mp4#frame=34
34,LEFT_PINKY,0.41852647066116333,0.4069269001483917,-0.02057727798819542,0.7721732258796692,CapturedFrames_2.0_1.5_-6.0/video.mp4#frame=34
34,RIGHT_PINKY,0.4762786030769348,0.3928714692592621,-0.013366445899009705,0.8766783475875854,CapturedFrames_2.0_1.5_-6.0/video.mp4#frame=34
34,LEFT_INDEX,0.42008519172668457,0.4073944091796875,-0.02578759752213955,0.7603616118431091,CapturedFrames_2.0_1.5_-6.0/video.mp4#frame=34
34,RIGHT_INDEX,0.4749526381492615,0.39289021492004395,-0.01185584720224142,0.8672670722007751,CapturedFrames_2.0_1.5_-6.0/video.mp4#frame=34
34,LEFT_THUMB,0.42162618041038513,0.4027843177318573,-0.01982625015079975,0.7034305930137634,CapturedFrames_2.0_1.5_-6.0/video.mp4#frame=34
34,RIGHT_THUMB,0.4730965495109558,0.3885604739189148,-0.01098607387393713,0.8198320269584656,CapturedFrames_2.0_1.5_-6.0/video.mp4#frame=34
34,LEFT_HIP,0.43257230520248413,0.3918440639972687,0.01742756925523281,0.998925507068634,CapturedFrames_2.0_1.5_-6.0/video.mp4#frame=34
34,RIGHT_HIP,0.45287734270095825,0.39362046122550964,-0.01764892414212227,0.9993627667427063,CapturedFrames_2.0_1.5_-6.0/video.mp4#frame=34
34,LEFT_KNEE,0.4387515187263489,0.44570714235305786,0.0660850927233696,0.8284252285957336,CapturedFrames_2.0_1.5_-6.0/video.mp4#frame=34
34,RIGHT_KNEE,0.4522513747215271,0.45773568749427795,0.03545043244957924,0.9622302651405334,CapturedFrames_2.0_1.5_-6.0/video.mp4#frame=34
34,LEFT_ANKLE,0.4413807988166809,0.5209523439407349,0.10741128772497177,0.8289058208465576,CapturedFrames_2.0_1.5_-6.0/video.mp4#frame=34
34,RIGHT_ANKLE,0.45134180784225464,0.5370489954948425,0.0666927769780159,0.9179868698120117,CapturedFrames_2.0_1.5_-6.0/video.mp4#frame=34
34,LEFT_HEEL,0.4401131272315979,0.5353371500968933,0.11249823868274689,0.8796737790107727,CapturedFrames_2.0_1.5_-6.0/video.mp4#frame=34
34,RIGHT_HEEL,0.4481801390647888,0.553355872631073,0.07117650657892227,0.9390618205070496,CapturedFrames_2.0_1.5_-6.0/video.mp4#frame=34
34,LEFT_FOOT_INDEX,0.44931119680404663,0.5231104493141174,0.10883233696222305,0.6453930139541626,CapturedFrames_2.0_1.5_-6.0/video.mp4#frame=34
34,RIGHT_FOOT_INDEX,0.4611485004425049,0.538135826587677,0.06271353363990784,0.6875365376472473,CapturedFrames_2.0_1.5_-6.0/video.mp4#frame=34
35,NOSE,0.445697158575058,0.26240450143814087,0.04313886910676956,0.9997026324272156,CapturedFrames_2.0_1.5_-6.0/video.mp4#frame=35
35,LEFT_EYE_INNER,0.4438965916633606,0.2569889426231384,0.030546706169843674,0.9995428323745728,CapturedFrames_2.0_1.5_-6.0/video.mp4#frame=35
35,LEFT_EYE,0.4429071843624115,0.2570652365684509,0.030556509271264076,0.9996557235717773,CapturedFrames_2.0_1.5_-6.0/video.mp4#frame=35
35,LEFT_EYE_OUTER,0.44193321466445923,0.2572931945323944,0.030562514439225197,0.999592125415802,CapturedFrames_2.0_1.5_-6.0/video.mp4#frame=35
35,RIGHT_EYE_INNER,0.4467960000038147,0.2566695213317871,0.02984563633799553,0.9995125532150269,CapturedFrames_2.0_1.5_-6.0/video.mp4#frame=35
35,RIGHT_EYE,0.4478503167629242,0.2564232349395752,0.029875710606575012,0.9995537400245667,CapturedFrames_2.0_1.5_-6.0/video.mp4#frame=35
35,RIGHT_EYE_OUTER,0.4489767551422119,0.2561500072479248,0.029847964644432068,0.9993582367897034,CapturedFrames_2.0_1.5_-6.0/video.mp4#frame=35
35,LEFT_EAR,0.44050201773643494,0.26075559854507446,-0.011685396544635296,0.999512791633606,CapturedFrames_2.0_1.5_-6.0/video.mp4#frame=35
35,RIGHT_EAR,0.45014458894729614,0.2591090798377991,-0.01472906582057476,0.9992284774780273,CapturedFrames_2.0_1.5_-6.0/video.mp4#frame=35
35,MOUTH_LEFT,0.4449324607849121,0.2672377824783325,0.030658459290862083,0.9996846914291382,CapturedFrames_2.0_1.5_-6.0/video.mp4#frame=35
35,MOUTH_RIGHT,0.44749802350997925,0.2669002413749695,0.029671117663383484,0.9996123909950256,CapturedFrames_2.0_1.5_-6.0/video.mp4#frame=35
35,LEFT_SHOULDER,0.4273763597011566,0.2997340261936188,-0.023185301572084427,0.9996883869171143,CapturedFrames_2.0_1.5_-6.0/video.mp4#frame=35
35,RIGHT_SHOULDER,0.4605695307254791,0.2944786846637726,-0.03705032914876938,0.9997339844703674,CapturedFrames_2.0_1.5_-6.0/video.mp4#frame=35
35,LEFT_ELBOW,0.42129889130592346,0.3473215699195862,-0.017383292317390442,0.9542608261108398,CapturedFrames_2.0_1.5_-6.0/video.mp4#frame=35
35,RIGHT_ELBOW,0.4688638150691986,0.34403151273727417,-0.033638618886470795,0.9919370412826538,CapturedFrames_2.0_1.5_-6.0/video.mp4#frame=35
35,LEFT_WRIST,0.419353723526001,0.3921336829662323,-0.027130190283060074,0.8935917019844055,CapturedFrames_2.0_1.5_-6.0/video.mp4#frame=35
35,RIGHT_WRIST,0.47632431983947754,0.38041412830352783,-0.019721580669283867,0.9572376012802124,CapturedFrames_2.0_1.5_-6.0/video.mp4#frame=35
35,LEFT_PINKY,0.4190647602081299,0.40629830956459045,-0.031160861253738403,0.8451555371284485,CapturedFrames_2.0_1.5_-6.0/video.mp4#frame=35
35,RIGHT_PINKY,0.47850602865219116,0.3912942111492157,-0.022083185613155365,0.9190794229507446,CapturedFrames_2.0_1.5_-6.0/video.mp4#frame=35
35,LEFT_INDEX,0.42041563987731934,0.40668395161628723,-0.03640129417181015,0.8347270488739014,CapturedFrames_2.0_1.5_-6.0/video.mp4#frame=35
35,RIGHT_INDEX,0.4771440625190735,0.3914481997489929,-0.022288134321570396,0.9119772911071777,CapturedFrames_2.0_1.5_-6.0/video.mp4#frame=35
35,LEFT_THUMB,0.4218670725822449,0.4020497500896454,-0.028780287131667137,0.7878773808479309,CapturedFrames_2.0_1.5_-6.0/video.mp4#frame=35
35,RIGHT_THUMB,0.47586947679519653,0.3879777789115906,-0.019068758934736252,0.8772339224815369,CapturedFrames_2.0_1.5_-6.0/video.mp4#frame=35
35,LEFT_HIP,0.43498048186302185,0.3906446695327759,0.016114041209220886,0.999268114566803,CapturedFrames_2.0_1.5_-6.0/video.mp4#frame=35
35,RIGHT_HIP,0.4539203643798828,0.39247143268585205,-0.016285337507724762,0.9996132254600525,CapturedFrames_2.0_1.5_-6.0/video.mp4#frame=35
35,LEFT_KNEE,0.4413755536079407,0.44530901312828064,0.08070013672113419,0.8500126004219055,CapturedFrames_2.0_1.5_-6.0/video.mp4#frame=35
35,RIGHT_KNEE,0.45277708768844604,0.4576156735420227,0.046250149607658386,0.9673014283180237,CapturedFrames_2.0_1.5_-6.0/video.mp4#frame=35
35,LEFT_ANKLE,0.44560447335243225,0.5160738229751587,0.1397065669298172,0.8396762013435364,CapturedFrames_2.0_1.5_-6.0/video.mp4#frame=35
35,RIGHT_ANKLE,0.45140165090560913,0.5285143256187439,0.09653574228286743,0.9414808750152588,CapturedFrames_2.0_1.5_-6.0/video.mp4#frame=35
35,LEFT_HEEL,0.444343626499176,0.5285840630531311,0.14656668901443481,0.8972989320755005,CapturedFrames_2.0_1.5_-6.0/video.mp4#frame=35
35,RIGHT_HEEL,0.44939249753952026,0.5431840419769287,0.1029549390077591,0.9560510516166687,CapturedFrames_2.0_1.5_-6.0/video.mp4#frame=35
35,LEFT_FOOT_INDEX,0.4499441981315613,0.5134828686714172,0.14162218570709229,0.6616228818893433,CapturedFrames_2.0_1.5_-6.0/video.mp4#frame=35
35,RIGHT_FOOT_INDEX,0.4587167799472809,0.5322461724281311,0.09226854145526886,0.7632219791412354,CapturedFrames_2.0_1.5_-6.0/video.mp4#frame=35
