frame_id,landmark,x,y,z,visibility,image_path
17,NOSE,0.9235397577285767,0.042842477560043335,-0.15869680047035217,0.9986112117767334,CapturedFrames_-3.0_1.5_-2.0/video.mp4#frame=17
17,LEFT_EYE_INNER,0.9333094358444214,0.027566462755203247,-0.17662803828716278,0.9985795021057129,CapturedFrames_-3.0_1.5_-2.0/video.mp4#frame=17
17,LEFT_EYE,0.9349840879440308,0.02769756317138672,-0.1766851544380188,0.9988988637924194,CapturedFrames_-3.0_1.5_-2.0/video.mp4#frame=17
17,LEFT_EYE_OUTER,0.9368966817855835,0.02758723311126232,-0.17678533494472504,0.9993464350700378,CapturedFrames_-3.0_1.5_-2.0/video.mp4#frame=17
17,RIGHT_EYE_INNER,0.9328001141548157,0.02670690417289734,-0.15093711018562317,0.997614860534668,CapturedFrames_-3.0_1.5_-2.0/video.mp4#frame=17
17,RIGHT_EYE,0.9342226982116699,0.026226133108139038,-0.1509292870759964,0.9974238872528076,CapturedFrames_-3.0_1.5_-2.0/video.mp4#frame=17
17,RIGHT_EYE_OUTER,0.9359320402145386,0.02539115957915783,-0.15100082755088806,0.9982713460922241,CapturedFrames_-3.0_1.5_-2.0/video.mp4#frame=17
17,LEFT_EAR,0.9515840411186218,0.039520472288131714,-0.21770592033863068,0.9993093013763428,CapturedFrames_-3.0_1.5_-2.0/video.mp4#frame=17
17,RIGHT_EAR,0.9489480257034302,0.03613820672035217,-0.10502158105373383,0.9981179237365723,CapturedFrames_-3.0_1.5_-2.0/video.mp4#frame=17
17,MOUTH_LEFT,0.9271825551986694,0.06474369764328003,-0.17038767039775848,0.9991564750671387,CapturedFrames_-3.0_1.5_-2.0/video.mp4#frame=17
17,MOUTH_RIGHT,0.9252659678459167,0.06325483322143555,-0.1374087780714035,0.9976202845573425,CapturedFrames_-3.0_1.5_-2.0/video.mp4#frame=17
17,LEFT_SHOULDER,0.9596875905990601,0.1637825220823288,-0.26434198021888733,0.9999526739120483,CapturedFrames_-3.0_1.5_-2.0/video.mp4#frame=17
17,RIGHT_SHOULDER,0.9516749382019043,0.14845506846904755,-0.005059150513261557,0.9957072734832764,CapturedFrames_-3.0_1.5_-2.0/video.mp4#frame=17
17,LEFT_ELBOW,0.9115499258041382,0.31274542212486267,-0.25269198417663574,0.9909366965293884,CapturedFrames_-3.0_1.5_-2.0/video.mp4#frame=17
17,RIGHT_ELBOW,0.9235924482345581,0.2809434235095978,0.04440637677907944,0.06407257914543152,CapturedFrames_-3.0_1.5_-2.0/video.mp4#frame=17
17,LEFT_WRIST,0.8588253259658813,0.40220770239830017,-0.19160568714141846,0.9822646379470825,CapturedFrames_-3.0_1.5_-2.0/video.mp4#frame=17
17,RIGHT_WRIST,0.8859301805496216,0.38175851106643677,0.033070117235183716,0.0829811617732048,CapturedFrames_-3.0_1.5_-2.0/video.mp4#frame=17
17,LEFT_PINKY,0.849014163017273,0.43458807468414307,-0.21280863881111145,0.9667659401893616,CapturedFrames_-3.0_1.5_-2.0/video.mp4#frame=17
17,RIGHT_PINKY,0.8821893930435181,0.3936249911785126,0.03253016248345375,0.08376005291938782,CapturedFrames_-3.0_1.5_-2.0/video.mp4#frame=17
17,LEFT_INDEX,0.8454855680465698,0.433329701423645,-0.21179096400737762,0.9650989174842834,CapturedFrames_-3.0_1.5_-2.0/video.mp4#frame=17
17,RIGHT_INDEX,0.878555953502655,0.3957555890083313,0.011596829630434513,0.08109717816114426,CapturedFrames_-3.0_1.5_-2.0/video.mp4#frame=17
17,LEFT_THUMB,0.8482944369316101,0.42301973700523376,-0.18862134218215942,0.9445358514785767,CapturedFrames_-3.0_1.5_-2.0/video.mp4#frame=17
17,RIGHT_THUMB,0.8818989992141724,0.39246606826782227,0.02289508283138275,0.08260253071784973,CapturedFrames_-3.0_1.5_-2.0/video.mp4#frame=17
17,LEFT_HIP,0.9224302172660828,0.3933524787425995,-0.07246953248977661,0.9998675584793091,CapturedFrames_-3.0_1.5_-2.0/video.mp4#frame=17
17,RIGHT_HIP,0.9082432985305786,0.37213051319122314,0.07230950891971588,0.9986024498939514,CapturedFrames_-3.0_1.5_-2.0/video.mp4#frame=17
17,LEFT_KNEE,0.858350396156311,0.5224332809448242,0.005905834957957268,0.957612931728363,CapturedFrames_-3.0_1.5_-2.0/video.mp4#frame=17
17,RIGHT_KNEE,0.8322974443435669,0.4673282206058502,0.14058123528957367,0.5272310972213745,CapturedFrames_-3.0_1.5_-2.0/video.mp4#frame=17
17,LEFT_ANKLE,0.865597128868103,0.6716645956039429,0.12843354046344757,0.9741020202636719,CapturedFrames_-3.0_1.5_-2.0/video.mp4#frame=17
17,RIGHT_ANKLE,0.8611594438552856,0.6022776961326599,0.29724690318107605,0.4962438941001892,CapturedFrames_-3.0_1.5_-2.0/video.mp4#frame=17
17,LEFT_HEEL,0.8727239370346069,0.710445761680603,0.13743813335895538,0.9186568260192871,CapturedFrames_-3.0_1.5_-2.0/video.mp4#frame=17
17,RIGHT_HEEL,0.8684026002883911,0.624756395816803,0.31235116720199585,0.5317704677581787,CapturedFrames_-3.0_1.5_-2.0/video.mp4#frame=17
17,LEFT_FOOT_INDEX,0.8193126916885376,0.6825190186500549,0.09608758985996246,0.9517779350280762,CapturedFrames_-3.0_1.5_-2.0/video.mp4#frame=17
17,RIGHT_FOOT_INDEX,0.8209711909294128,0.6309454441070557,0.308847039937973,0.6665741205215454,CapturedFrames_-3.0_1.5_-2.0/video.mp4#frame=17
18,NOSE,0.9039136171340942,0.04625958204269409,-0.1818069964647293,0.9996175765991211,CapturedFrames_-3.0_1.5_-2.0/video.mp4#frame=18
18,LEFT_EYE_INNER,0.9130708575248718,0.026931971311569214,-0.1997942328453064,0.9994858503341675,CapturedFrames_-3.0_1.5_-2.0/video.mp4#frame=18
18,LEFT_EYE,0.914605438709259,0.027033120393753052,-0.19985756278038025,0.9996432065963745,CapturedFrames_-3.0_1.5_-2.0/video.mp4#frame=18
18,LEFT_EYE_OUTER,0.9163063764572144,0.026736078783869743,-0.19993290305137634,0.9997321963310242,CapturedFrames_-3.0_1.5_-2.0/video.mp4#frame=18
18,RIGHT_EYE_INNER,0.9124771356582642,0.02582433819770813,-0.17292700707912445,0.9993265867233276,CapturedFrames_-3.0_1.5_-2.0/video.mp4#frame=18
18,RIGHT_EYE,0.9137288928031921,0.02524825930595398,-0.17291735112667084,0.9993422627449036,CapturedFrames_-3.0_1.5_-2.0/video.mp4#frame=18
18,RIGHT_EYE_OUTER,0.9153062701225281,0.024209290742874146,-0.17298607528209686,0.9994161128997803,CapturedFrames_-3.0_1.5_-2.0/video.mp4#frame=18
18,LEFT_EAR,0.9307031631469727,0.037963539361953735,-0.23963618278503418,0.9997833371162415,CapturedFrames_-3.0_1.5_-2.0/video.mp4#frame=18
18,RIGHT_EAR,0.928970456123352,0.034901946783065796,-0.12061960995197296,0.9993484616279602,CapturedFrames_-3.0_1.5_-2.0/video.mp4#frame=18
18,MOUTH_LEFT,0.9073346853256226,0.06890794634819031,-0.19320836663246155,0.9996809959411621,CapturedFrames_-3.0_1.5_-2.0/video.mp4#frame=18
18,MOUTH_RIGHT,0.9056710004806519,0.06791883707046509,-0.15863752365112305,0.9990829229354858,CapturedFrames_-3.0_1.5_-2.0/video.mp4#frame=18
18,LEFT_SHOULDER,0.9415850639343262,0.1541423350572586,-0.2867497205734253,0.9999747276306152,CapturedFrames_-3.0_1.5_-2.0/video.mp4#frame=18
18,RIGHT_SHOULDER,0.935533344745636,0.14350703358650208,-0.017628133296966553,0.9980535507202148,CapturedFrames_-3.0_1.5_-2.0/video.mp4#frame=18
18,LEFT_ELBOW,0.893670916557312,0.3002975285053253,-0.27992933988571167,0.9930005073547363,CapturedFrames_-3.0_1.5_-2.0/video.mp4#frame=18
18,RIGHT_ELBOW,0.9084256887435913,0.2730354964733124,0.023901233449578285,0.058301329612731934,CapturedFrames_-3.0_1.5_-2.0/video.mp4#frame=18
18,LEFT_WRIST,0.8379992246627808,0.371705025434494,-0.22264878451824188,0.9856997132301331,CapturedFrames_-3.0_1.5_-2.0/video.mp4#frame=18
18,RIGHT_WRIST,0.8675451278686523,0.3650403320789337,-0.009257671423256397,0.10737201571464539,CapturedFrames_-3.0_1.5_-2.0/video.mp4#frame=18
18,LEFT_PINKY,0.8292080163955688,0.39722761511802673,-0.2473716288805008,0.9754747748374939,CapturedFrames_-3.0_1.5_-2.0/video.mp4#frame=18
18,RIGHT_PINKY,0.863789439201355,0.3822897970676422,-0.01929393596947193,0.1111602634191513,CapturedFrames_-3.0_1.5_-2.0/video.mp4#frame=18
18,LEFT_INDEX,0.8243476748466492,0.3956623375415802,-0.25083988904953003,0.9749400019645691,CapturedFrames_-3.0_1.5_-2.0/video.mp4#frame=18
18,RIGHT_INDEX,0.8559768795967102,0.38364359736442566,-0.041380446404218674,0.11112172901630402,CapturedFrames_-3.0_1.5_-2.0/video.mp4#frame=18
18,LEFT_THUMB,0.8263607025146484,0.38849812746047974,-0.22151407599449158,0.9588949680328369,CapturedFrames_-3.0_1.5_-2.0/video.mp4#frame=18
18,RIGHT_THUMB,0.8604366183280945,0.3794957995414734,-0.021352345123887062,0.10873421281576157,CapturedFrames_-3.0_1.5_-2.0/video.mp4#frame=18
18,LEFT_HIP,0.9043222665786743,0.3823736011981964,-0.07200702279806137,0.999964714050293,CapturedFrames_-3.0_1.5_-2.0/video.mp4#frame=18
18,RIGHT_HIP,0.889936625957489,0.3658544421195984,0.07183532416820526,0.9997047781944275,CapturedFrames_-3.0_1.5_-2.0/video.mp4#frame=18
18,LEFT_KNEE,0.8641101121902466,0.5310508012771606,0.013672584667801857,0.993129551410675,CapturedFrames_-3.0_1.5_-2.0/video.mp4#frame=18
18,RIGHT_KNEE,0.8109687566757202,0.44094666838645935,0.17389068007469177,0.9186642169952393,CapturedFrames_-3.0_1.5_-2.0/video.mp4#frame=18
18,LEFT_ANKLE,0.8678287267684937,0.6737089157104492,0.14729973673820496,0.9944975972175598,CapturedFrames_-3.0_1.5_-2.0/video.mp4#frame=18
18,RIGHT_ANKLE,0.8261834383010864,0.5712015628814697,0.36011072993278503,0.9228707551956177,CapturedFrames_-3.0_1.5_-2.0/video.mp4#frame=18
18,LEFT_HEEL,0.8760355710983276,0.7122359275817871,0.15637068450450897,0.9577304720878601,CapturedFrames_-3.0_1.5_-2.0/video.mp4#frame=18
18,RIGHT_HEEL,0.8339093327522278,0.6049900650978088,0.37679168581962585,0.8604254722595215,CapturedFrames_-3.0_1.5_-2.0/video.mp4#frame=18
18,LEFT_FOOT_INDEX,0.8235584497451782,0.6847867965698242,0.10092735290527344,0.9890754222869873,CapturedFrames_-3.0_1.5_-2.0/video.mp4#frame=18
18,RIGHT_FOOT_INDEX,0.7811728715896606,0.5877253413200378,0.36944013833999634,0.9440868496894836,CapturedFrames_-3.0_1.5_-2.0/video.mp4#frame=18
19,NOSE,0.88446044921875,0.0487479567527771,-0.1686515510082245,0.9997190833091736,CapturedFrames_-3.0_1.5_-2.0/video.mp4#frame=19
19,LEFT_EYE_INNER,0.8936029672622681,0.0319916307926178,-0.1872185468673706,0.999650239944458,CapturedFrames_-3.0_1.5_-2.0/video.mp4#frame=19
19,LEFT_EYE,0.8953925967216492,0.03193971514701843,-0.18727068603038788,0.9997265934944153,CapturedFrames_-3.0_1.5_-2.0/video.mp4#frame=19
19,LEFT_EYE_OUTER,0.8973084688186646,0.03164803981781006,-0.18732894957065582,0.9997970461845398,CapturedFrames_-3.0_1.5_-2.0/video.mp4#frame=19
19,RIGHT_EYE_INNER,0.8923850059509277,0.031210511922836304,-0.1595209240913391,0.999599277973175,CapturedFrames_-3.0_1.5_-2.0/video.mp4#frame=19
19,RIGHT_EYE,0.8935145139694214,0.030619412660598755,-0.1595127284526825,0.9995880722999573,CapturedFrames_-3.0_1.5_-2.0/video.mp4#frame=19
19,RIGHT_EYE_OUTER,0.8949344754219055,0.02962934970855713,-0.15957321226596832,0.9996488094329834,CapturedFrames_-3.0_1.5_-2.0/video.mp4#frame=19
19,LEFT_EAR,0.9114366769790649,0.04098618030548096,-0.22735491394996643,0.9998266100883484,CapturedFrames_-3.0_1.5_-2.0/video.mp4#frame=19
19,RIGHT_EAR,0.908178448677063,0.03825271129608154,-0.104436956346035,0.9996227025985718,CapturedFrames_-3.0_1.5_-2.0/video.mp4#frame=19
19,MOUTH_LEFT,0.8890531659126282,0.07065093517303467,-0.18008121848106384,0.9997383952140808,CapturedFrames_-3.0_1.5_-2.0/video.mp4#frame=19
19,MOUTH_RIGHT,0.8864096403121948,0.06956872344017029,-0.14443686604499817,0.9993394017219543,CapturedFrames_-3.0_1.5_-2.0/video.mp4#frame=19
19,LEFT_SHOULDER,0.9239497184753418,0.15523512661457062,-0.2782818078994751,0.9999613761901855,CapturedFrames_-3.0_1.5_-2.0/video.mp4#frame=19
19,RIGHT_SHOULDER,0.9158338308334351,0.1402558982372284,0.0008195039117708802,0.9989861845970154,CapturedFrames_-3.0_1.5_-2.0/video.mp4#frame=19
19,LEFT_ELBOW,0.8765867352485657,0.29087817668914795,-0.27593865990638733,0.9895297884941101,CapturedFrames_-3.0_1.5_-2.0/video.mp4#frame=19
19,RIGHT_ELBOW,0.8927405476570129,0.2589395046234131,0.04314015060663223,0.04336871579289436,CapturedFrames_-3.0_1.5_-2.0/video.mp4#frame=19
19,LEFT_WRIST,0.8161109089851379,0.35093286633491516,-0.20874634385108948,0.9660278558731079,CapturedFrames_-3.0_1.5_-2.0/video.mp4#frame=19
19,RIGHT_WRIST,0.8605562448501587,0.34389573335647583,0.0012491780798882246,0.051932696253061295,CapturedFrames_-3.0_1.5_-2.0/video.mp4#frame=19
19,LEFT_PINKY,0.8038531541824341,0.37496045231819153,-0.2300734966993332,0.9469060897827148,CapturedFrames_-3.0_1.5_-2.0/video.mp4#frame=19
19,RIGHT_PINKY,0.8529077768325806,0.36382296681404114,-0.007770405616611242,0.05651053413748741,CapturedFrames_-3.0_1.5_-2.0/video.mp4#frame=19
19,LEFT_INDEX,0.8008637428283691,0.3718589246273041,-0.23352177441120148,0.9460535645484924,CapturedFrames_-3.0_1.5_-2.0/video.mp4#frame=19
19,RIGHT_INDEX,0.8517435193061829,0.3627944886684418,-0.02850523218512535,0.05630774423480034,CapturedFrames_-3.0_1.5_-2.0/video.mp4#frame=19
19,LEFT_THUMB,0.8043033480644226,0.3663181662559509,-0.20711199939250946,0.9129384756088257,CapturedFrames_-3.0_1.5_-2.0/video.mp4#frame=19
19,RIGHT_THUMB,0.8552368879318237,0.35714974999427795,-0.01023432333022356,0.05546722933650017,CapturedFrames_-3.0_1.5_-2.0/video.mp4#frame=19
19,LEFT_HIP,0.8917505145072937,0.38212698698043823,-0.07607235014438629,0.9999493360519409,CapturedFrames_-3.0_1.5_-2.0/video.mp4#frame=19
19,RIGHT_HIP,0.8744480013847351,0.36062896251678467,0.0759519413113594,0.9997889399528503,CapturedFrames_-3.0_1.5_-2.0/video.mp4#frame=19
19,LEFT_KNEE,0.8585311770439148,0.5304716229438782,-0.019960355013608932,0.9944370985031128,CapturedFrames_-3.0_1.5_-2.0/video.mp4#frame=19
19,RIGHT_KNEE,0.7933664321899414,0.43145835399627686,0.1418345868587494,0.9635476469993591,CapturedFrames_-3.0_1.5_-2.0/video.mp4#frame=19
19,LEFT_ANKLE,0.8682428598403931,0.6663575172424316,0.09435119479894638,0.9971733093261719,CapturedFrames_-3.0_1.5_-2.0/video.mp4#frame=19
19,RIGHT_ANKLE,0.7939920425415039,0.5626972317695618,0.30453675985336304,0.9686237573623657,CapturedFrames_-3.0_1.5_-2.0/video.mp4#frame=19
19,LEFT_HEEL,0.8773542642593384,0.6987065672874451,0.10119744390249252,0.9669205546379089,CapturedFrames_-3.0_1.5_-2.0/video.mp4#frame=19
19,RIGHT_HEEL,0.8004657030105591,0.5958570241928101,0.31809091567993164,0.9281401038169861,CapturedFrames_-3.0_1.5_-2.0/video.mp4#frame=19
19,LEFT_FOOT_INDEX,0.8227769136428833,0.6796309947967529,0.040218234062194824,0.9939701557159424,CapturedFrames_-3.0_1.5_-2.0/video.mp4#frame=19
19,RIGHT_FOOT_INDEX,0.7501951456069946,0.5683311223983765,0.309026300907135,0.9721492528915405,CapturedFrames_-3.0_1.5_-2.0/video.mp4#frame=19
20,NOSE,0.8671945333480835,0.0505642294883728,-0.16847245395183563,0.9998892545700073,CapturedFrames_-3.0_1.5_-2.0/video.mp4#frame=20
20,LEFT_EYE_INNER,0.8761340379714966,0.03326493501663208,-0.1888926774263382,0.9998737573623657,CapturedFrames_-3.0_1.5_-2.0/video.mp4#frame=20
20,LEFT_EYE,0.8778728246688843,0.03327256441116333,-0.18893496692180634,0.9999008178710938,CapturedFrames_-3.0_1.5_-2.0/video.mp4#frame=20
20,LEFT_EYE_OUTER,0.8796527981758118,0.033173561096191406,-0.18899103999137878,0.9999169111251831,CapturedFrames_-3.0_1.5_-2.0/video.mp4#frame=20
20,RIGHT_EYE_INNER,0.8750544786453247,0.03295093774795532,-0.1599941849708557,0.999858021736145,CapturedFrames_-3.0_1.5_-2.0/video.mp4#frame=20
20,RIGHT_EYE,0.8761714696884155,0.03272882103919983,-0.15996602177619934,0.9998726844787598,CapturedFrames_-3.0_1.5_-2.0/video.mp4#frame=20
20,RIGHT_EYE_OUTER,0.877475380897522,0.03220945596694946,-0.1599896252155304,0.9998782873153687,CapturedFrames_-3.0_1.5_-2.0/video.mp4#frame=20
20,LEFT_EAR,0.8927561044692993,0.04246121644973755,-0.2359672486782074,0.9999277591705322,CapturedFrames_-3.0_1.5_-2.0/video.mp4#frame=20
20,RIGHT_EAR,0.8905414342880249,0.04074162244796753,-0.10707618296146393,0.9998875856399536,CapturedFrames_-3.0_1.5_-2.0/video.mp4#frame=20
20,MOUTH_LEFT,0.8713415861129761,0.06995144486427307,-0.18219855427742004,0.9999076128005981,CapturedFrames_-3.0_1.5_-2.0/video.mp4#frame=20
20,MOUTH_RIGHT,0.8695260286331177,0.06956610083580017,-0.14493221044540405,0.9997921586036682,CapturedFrames_-3.0_1.5_-2.0/video.mp4#frame=20
20,LEFT_SHOULDER,0.9046369791030884,0.150831937789917,-0.2810942530632019,0.9999874830245972,CapturedFrames_-3.0_1.5_-2.0/video.mp4#frame=20
20,RIGHT_SHOULDER,0.8984090089797974,0.13936202228069305,-0.00801007729023695,0.9996273517608643,CapturedFrames_-3.0_1.5_-2.0/video.mp4#frame=20
20,LEFT_ELBOW,0.8617250323295593,0.28470104932785034,-0.28409379720687866,0.9959077835083008,CapturedFrames_-3.0_1.5_-2.0/video.mp4#frame=20
20,RIGHT_ELBOW,0.898139476776123,0.25261425971984863,0.04288766160607338,0.15623903274536133,CapturedFrames_-3.0_1.5_-2.0/video.mp4#frame=20
20,LEFT_WRIST,0.7986645698547363,0.33064109086990356,-0.2348422259092331,0.9854098558425903,CapturedFrames_-3.0_1.5_-2.0/video.mp4#frame=20
20,RIGHT_WRIST,0.8877338171005249,0.34913262724876404,0.02697429060935974,0.1630798876285553,CapturedFrames_-3.0_1.5_-2.0/video.mp4#frame=20
20,LEFT_PINKY,0.7860507965087891,0.35395747423171997,-0.25962331891059875,0.9717134833335876,CapturedFrames_-3.0_1.5_-2.0/video.mp4#frame=20
20,RIGHT_PINKY,0.8853508830070496,0.3699120879173279,0.02202608436346054,0.1460016518831253,CapturedFrames_-3.0_1.5_-2.0/video.mp4#frame=20
20,LEFT_INDEX,0.782108724117279,0.35189029574394226,-0.25765570998191833,0.970687210559845,CapturedFrames_-3.0_1.5_-2.0/video.mp4#frame=20
20,RIGHT_INDEX,0.8884137868881226,0.3731016516685486,0.004572886507958174,0.14143089950084686,CapturedFrames_-3.0_1.5_-2.0/video.mp4#frame=20
20,LEFT_THUMB,0.7857869267463684,0.34463638067245483,-0.23159363865852356,0.9444530010223389,CapturedFrames_-3.0_1.5_-2.0/video.mp4#frame=20
20,RIGHT_THUMB,0.887965202331543,0.3671501874923706,0.01802695170044899,0.13347966969013214,CapturedFrames_-3.0_1.5_-2.0/video.mp4#frame=20
20,LEFT_HIP,0.8749720454216003,0.3790852129459381,-0.078396737575531,0.999969482421875,CapturedFrames_-3.0_1.5_-2.0/video.mp4#frame=20
20,RIGHT_HIP,0.8562966585159302,0.36011332273483276,0.078219473361969,0.9998571872711182,CapturedFrames_-3.0_1.5_-2.0/video.mp4#frame=20
20,LEFT_KNEE,0.8559163808822632,0.5221531391143799,0.02076955884695053,0.9977278113365173,CapturedFrames_-3.0_1.5_-2.0/video.mp4#frame=20
20,RIGHT_KNEE,0.7813809514045715,0.435179740190506,0.19353865087032318,0.9809892773628235,CapturedFrames_-3.0_1.5_-2.0/video.mp4#frame=20
20,LEFT_ANKLE,0.8707111477851868,0.6671291589736938,0.15955813229084015,0.99866783618927,CapturedFrames_-3.0_1.5_-2.0/video.mp4#frame=20
20,RIGHT_ANKLE,0.7624430060386658,0.5567107200622559,0.3711545765399933,0.9876593947410583,CapturedFrames_-3.0_1.5_-2.0/video.mp4#frame=20
20,LEFT_HEEL,0.8796787261962891,0.7004332542419434,0.1688241809606552,0.9778528213500977,CapturedFrames_-3.0_1.5_-2.0/video.mp4#frame=20
20,RIGHT_HEEL,0.7664246559143066,0.5926220417022705,0.38623836636543274,0.9560291767120361,CapturedFrames_-3.0_1.5_-2.0/video.mp4#frame=20
20,LEFT_FOOT_INDEX,0.8247736692428589,0.6805565357208252,0.10210460424423218,0.9970694184303284,CapturedFrames_-3.0_1.5_-2.0/video.mp4#frame=20
20,RIGHT_FOOT_INDEX,0.7235449552536011,0.5550239682197571,0.3694970905780792,0.9897633790969849,CapturedFrames_-3.0_1.5_-2.0/video.mp4#frame=20
21,NOSE,0.8467699885368347,0.05061936378479004,-0.13621461391448975,0.9996817111968994,CapturedFrames_-3.0_1.5_-2.0/video.mp4#frame=21
21,LEFT_EYE_INNER,0.8549704551696777,0.035657256841659546,-0.15646430850028992,0.9996627569198608,CapturedFrames_-3.0_1.5_-2.0/video.mp4#frame=21
21,LEFT_EYE,0.8563714027404785,0.03591516613960266,-0.15651512145996094,0.9997397065162659,CapturedFrames_-3.0_1.5_-2.0/video.mp4#frame=21
21,LEFT_EYE_OUTER,0.8578323125839233,0.035959094762802124,-0.15656757354736328,0.9997783303260803,CapturedFrames_-3.0_1.5_-2.0/video.mp4#frame=21
21,RIGHT_EYE_INNER,0.854664146900177,0.034808993339538574,-0.12879711389541626,0.9996058344841003,CapturedFrames_-3.0_1.5_-2.0/video.mp4#frame=21
21,RIGHT_EYE,0.8559988737106323,0.034494102001190186,-0.12875895202159882,0.9996567964553833,CapturedFrames_-3.0_1.5_-2.0/video.mp4#frame=21
21,RIGHT_EYE_OUTER,0.8575800061225891,0.03380921483039856,-0.12877635657787323,0.9996488094329834,CapturedFrames_-3.0_1.5_-2.0/video.mp4#frame=21
21,LEFT_EAR,0.8698450326919556,0.045303285121917725,-0.20846888422966003,0.9998412132263184,CapturedFrames_-3.0_1.5_-2.0/video.mp4#frame=21
21,RIGHT_EAR,0.8701833486557007,0.04274255037307739,-0.08423656225204468,0.9995858073234558,CapturedFrames_-3.0_1.5_-2.0/video.mp4#frame=21
21,MOUTH_LEFT,0.8504186868667603,0.06969812512397766,-0.15203656256198883,0.999722421169281,CapturedFrames_-3.0_1.5_-2.0/video.mp4#frame=21
21,MOUTH_RIGHT,0.8493601083755493,0.06875762343406677,-0.1161799281835556,0.9993163347244263,CapturedFrames_-3.0_1.5_-2.0/video.mp4#frame=21
21,LEFT_SHOULDER,0.8806784749031067,0.14696870744228363,-0.2551058828830719,0.9999752044677734,CapturedFrames_-3.0_1.5_-2.0/video.mp4#frame=21
21,RIGHT_SHOULDER,0.8877751231193542,0.1487472802400589,0.0028513679280877113,0.9986012578010559,CapturedFrames_-3.0_1.5_-2.0/video.mp4#frame=21
21,LEFT_ELBOW,0.8317133188247681,0.27365076541900635,-0.2598792016506195,0.9984344840049744,CapturedFrames_-3.0_1.5_-2.0/video.mp4#frame=21
21,RIGHT_ELBOW,0.8974262475967407,0.26810020208358765,0.056744568049907684,0.3205704391002655,CapturedFrames_-3.0_1.5_-2.0/video.mp4#frame=21
21,LEFT_WRIST,0.7743324637413025,0.32372143864631653,-0.21023793518543243,0.9940477609634399,CapturedFrames_-3.0_1.5_-2.0/video.mp4#frame=21
21,RIGHT_WRIST,0.8892685770988464,0.3607777953147888,0.07260813564062119,0.49458611011505127,CapturedFrames_-3.0_1.5_-2.0/video.mp4#frame=21
21,LEFT_PINKY,0.7617887258529663,0.3431890606880188,-0.2284083366394043,0.987180769443512,CapturedFrames_-3.0_1.5_-2.0/video.mp4#frame=21
21,RIGHT_PINKY,0.8895352482795715,0.38608041405677795,0.07484550774097443,0.44328728318214417,CapturedFrames_-3.0_1.5_-2.0/video.mp4#frame=21
21,LEFT_INDEX,0.7582780122756958,0.34063097834587097,-0.22563990950584412,0.9863367676734924,CapturedFrames_-3.0_1.5_-2.0/video.mp4#frame=21
21,RIGHT_INDEX,0.8880184292793274,0.3814336657524109,0.06141963601112366,0.4263198971748352,CapturedFrames_-3.0_1.5_-2.0/video.mp4#frame=21
21,LEFT_THUMB,0.762249767780304,0.3345741033554077,-0.20618543028831482,0.9711188077926636,CapturedFrames_-3.0_1.5_-2.0/video.mp4#frame=21
21,RIGHT_THUMB,0.8870797157287598,0.3738389015197754,0.06579583138227463,0.39643779397010803,CapturedFrames_-3.0_1.5_-2.0/video.mp4#frame=21
21,LEFT_HIP,0.8605071902275085,0.3749968111515045,-0.07469592243432999,0.9999239444732666,CapturedFrames_-3.0_1.5_-2.0/video.mp4#frame=21
21,RIGHT_HIP,0.8429220914840698,0.3610183000564575,0.0744401142001152,0.9993163347244263,CapturedFrames_-3.0_1.5_-2.0/video.mp4#frame=21
21,LEFT_KNEE,0.8502610325813293,0.5207914710044861,0.012184159830212593,0.997658371925354,CapturedFrames_-3.0_1.5_-2.0/video.mp4#frame=21
21,RIGHT_KNEE,0.7706795930862427,0.44253087043762207,0.20206335186958313,0.9672494530677795,CapturedFrames_-3.0_1.5_-2.0/video.mp4#frame=21
21,LEFT_ANKLE,0.8687630891799927,0.6638172268867493,0.14116045832633972,0.9974070191383362,CapturedFrames_-3.0_1.5_-2.0/video.mp4#frame=21
21,RIGHT_ANKLE,0.7408639192581177,0.5498524904251099,0.3574221134185791,0.9829040169715881,CapturedFrames_-3.0_1.5_-2.0/video.mp4#frame=21
21,LEFT_HEEL,0.8810670971870422,0.6952250003814697,0.14950031042099,0.9504151940345764,CapturedFrames_-3.0_1.5_-2.0/video.mp4#frame=21
21,RIGHT_HEEL,0.7407457232475281,0.5803416967391968,0.37094759941101074,0.9474108815193176,CapturedFrames_-3.0_1.5_-2.0/video.mp4#frame=21
21,LEFT_FOOT_INDEX,0.825241208076477,0.6771200895309448,0.08608493953943253,0.9942502975463867,CapturedFrames_-3.0_1.5_-2.0/video.mp4#frame=21
21,RIGHT_FOOT_INDEX,0.7042754888534546,0.5342428684234619,0.3516124486923218,0.9849668145179749,CapturedFrames_-3.0_1.5_-2.0/video.mp4#frame=21
22,NOSE,0.8309067487716675,0.0670025646686554,-0.12037040293216705,0.9996681213378906,CapturedFrames_-3.0_1.5_-2.0/video.mp4#frame=22
22,LEFT_EYE_INNER,0.8362575769424438,0.05221062898635864,-0.14241687953472137,0.9996663331985474,CapturedFrames_-3.0_1.5_-2.0/video.mp4#frame=22
22,LEFT_EYE,0.8373461961746216,0.05201971158385277,-0.14246805012226105,0.9996980428695679,CapturedFrames_-3.0_1.5_-2.0/video.mp4#frame=22
22,LEFT_EYE_OUTER,0.8385800123214722,0.05168386921286583,-0.14249394834041595,0.9997305274009705,CapturedFrames_-3.0_1.5_-2.0/video.mp4#frame=22
22,RIGHT_EYE_INNER,0.8368226885795593,0.0514090396463871,-0.11340232193470001,0.9996201992034912,CapturedFrames_-3.0_1.5_-2.0/video.mp4#frame=22
22,RIGHT_EYE,0.8383815884590149,0.050503313541412354,-0.11336741596460342,0.9996490478515625,CapturedFrames_-3.0_1.5_-2.0/video.mp4#frame=22
22,RIGHT_EYE_OUTER,0.8401644825935364,0.049313511699438095,-0.11337970197200775,0.9996486902236938,CapturedFrames_-3.0_1.5_-2.0/video.mp4#frame=22
22,LEFT_EAR,0.8516193628311157,0.05843019485473633,-0.19823572039604187,0.9996912479400635,CapturedFrames_-3.0_1.5_-2.0/video.mp4#frame=22
22,RIGHT_EAR,0.8526952862739563,0.05573609843850136,-0.06719452887773514,0.9993510842323303,CapturedFrames_-3.0_1.5_-2.0/video.mp4#frame=22
22,MOUTH_LEFT,0.8341835737228394,0.08333134651184082,-0.13683860003948212,0.9995044469833374,CapturedFrames_-3.0_1.5_-2.0/video.mp4#frame=22
22,MOUTH_RIGHT,0.8342625498771667,0.08224645256996155,-0.09912431240081787,0.9990843534469604,CapturedFrames_-3.0_1.5_-2.0/video.mp4#frame=22
22,LEFT_SHOULDER,0.8628768920898438,0.15038204193115234,-0.25322169065475464,0.9999771118164062,CapturedFrames_-3.0_1.5_-2.0/video.mp4#frame=22
22,RIGHT_SHOULDER,0.8731295466423035,0.15714441239833832,0.022585470229387283,0.9994623064994812,CapturedFrames_-3.0_1.5_-2.0/video.mp4#frame=22
22,LEFT_ELBOW,0.8110907673835754,0.2667248845100403,-0.27279284596443176,0.9985178112983704,CapturedFrames_-3.0_1.5_-2.0/video.mp4#frame=22
22,RIGHT_ELBOW,0.8844434022903442,0.27204152941703796,0.06129686161875725,0.466733455657959,CapturedFrames_-3.0_1.5_-2.0/video.mp4#frame=22
22,LEFT_WRIST,0.7562676668167114,0.31566575169563293,-0.2351227104663849,0.9903274178504944,CapturedFrames_-3.0_1.5_-2.0/video.mp4#frame=22
22,RIGHT_WRIST,0.8798341751098633,0.37026095390319824,0.04664728790521622,0.5272644758224487,CapturedFrames_-3.0_1.5_-2.0/video.mp4#frame=22
22,LEFT_PINKY,0.7435665726661682,0.3364383578300476,-0.25595489144325256,0.9779489040374756,CapturedFrames_-3.0_1.5_-2.0/video.mp4#frame=22
22,RIGHT_PINKY,0.8820473551750183,0.39684247970581055,0.04891171678900719,0.4681307375431061,CapturedFrames_-3.0_1.5_-2.0/video.mp4#frame=22
22,LEFT_INDEX,0.7406032085418701,0.33229100704193115,-0.24886131286621094,0.9768185615539551,CapturedFrames_-3.0_1.5_-2.0/video.mp4#frame=22
22,RIGHT_INDEX,0.8785157203674316,0.3930574059486389,0.03205196186900139,0.454087495803833,CapturedFrames_-3.0_1.5_-2.0/video.mp4#frame=22
22,LEFT_THUMB,0.7448257207870483,0.3251066207885742,-0.2296568900346756,0.949069082736969,CapturedFrames_-3.0_1.5_-2.0/video.mp4#frame=22
22,RIGHT_THUMB,0.8759544491767883,0.38356009125709534,0.03849535062909126,0.4025195837020874,CapturedFrames_-3.0_1.5_-2.0/video.mp4#frame=22
22,LEFT_HIP,0.8427753448486328,0.3771774172782898,-0.08748619258403778,0.9998906850814819,CapturedFrames_-3.0_1.5_-2.0/video.mp4#frame=22
22,RIGHT_HIP,0.8301132917404175,0.3661517798900604,0.08719078451395035,0.9994813799858093,CapturedFrames_-3.0_1.5_-2.0/video.mp4#frame=22
22,LEFT_KNEE,0.8471044301986694,0.5206844806671143,0.01916918344795704,0.9962899684906006,CapturedFrames_-3.0_1.5_-2.0/video.mp4#frame=22
22,RIGHT_KNEE,0.767289400100708,0.4502519965171814,0.19891346991062164,0.9674435257911682,CapturedFrames_-3.0_1.5_-2.0/video.mp4#frame=22
22,LEFT_ANKLE,0.8685735464096069,0.6652324199676514,0.15677683055400848,0.9979826211929321,CapturedFrames_-3.0_1.5_-2.0/video.mp4#frame=22
22,RIGHT_ANKLE,0.7243617177009583,0.5503833293914795,0.3313978910446167,0.9868321418762207,CapturedFrames_-3.0_1.5_-2.0/video.mp4#frame=22
22,LEFT_HEEL,0.8787840008735657,0.7012248039245605,0.16640512645244598,0.9709472060203552,CapturedFrames_-3.0_1.5_-2.0/video.mp4#frame=22
22,RIGHT_HEEL,0.7202720642089844,0.5818266868591309,0.3425959348678589,0.9634981751441956,CapturedFrames_-3.0_1.5_-2.0/video.mp4#frame=22
22,LEFT_FOOT_INDEX,0.8234102129936218,0.6749387979507446,0.10319487750530243,0.9961777925491333,CapturedFrames_-3.0_1.5_-2.0/video.mp4#frame=22
22,RIGHT_FOOT_INDEX,0.688014566898346,0.5268664360046387,0.3201373219490051,0.989607036113739,CapturedFrames_-3.0_1.5_-2.0/video.mp4#frame=22
23,NOSE,0.8138830065727234,0.07539328932762146,-0.0972638949751854,0.9999213218688965,CapturedFrames_-3.0_1.5_-2.0/video.mp4#frame=23
23,LEFT_EYE_INNER,0.8189604878425598,0.060374826192855835,-0.11843571811914444,0.9999258518218994,CapturedFrames_-3.0_1.5_-2.0/video.mp4#frame=23
23,LEFT_EYE,0.8200716972351074,0.06007140874862671,-0.11849002540111542,0.9999314546585083,CapturedFrames_-3.0_1.5_-2.0/video.mp4#frame=23
23,LEFT_EYE_OUTER,0.8212617635726929,0.059657394886016846,-0.11850199848413467,0.9999402761459351,CapturedFrames_-3.0_1.5_-2.0/video.mp4#frame=23
23,RIGHT_EYE_INNER,0.8192430734634399,0.05981558561325073,-0.09010758996009827,0.9999179840087891,CapturedFrames_-3.0_1.5_-2.0/video.mp4#frame=23
23,RIGHT_EYE,0.8206302523612976,0.058980703353881836,-0.0900743156671524,0.9999161958694458,CapturedFrames_-3.0_1.5_-2.0/video.mp4#frame=23
23,RIGHT_EYE_OUTER,0.8222001791000366,0.05795946717262268,-0.09007174521684647,0.9999111890792847,CapturedFrames_-3.0_1.5_-2.0/video.mp4#frame=23
23,LEFT_EAR,0.8334969282150269,0.06698620319366455,-0.17057833075523376,0.999932050704956,CapturedFrames_-3.0_1.5_-2.0/video.mp4#frame=23
23,RIGHT_EAR,0.8342589139938354,0.06470105051994324,-0.0424547903239727,0.9998518228530884,CapturedFrames_-3.0_1.5_-2.0/video.mp4#frame=23
23,MOUTH_LEFT,0.8174792528152466,0.09166163206100464,-0.11245346069335938,0.9998973608016968,CapturedFrames_-3.0_1.5_-2.0/video.mp4#frame=23
23,MOUTH_RIGHT,0.8173139691352844,0.09094539284706116,-0.07561526447534561,0.9997910857200623,CapturedFrames_-3.0_1.5_-2.0/video.mp4#frame=23
23,LEFT_SHOULDER,0.843389630317688,0.1533849686384201,-0.23114736378192902,0.9999951124191284,CapturedFrames_-3.0_1.5_-2.0/video.mp4#frame=23
23,RIGHT_SHOULDER,0.8582192659378052,0.16065144538879395,0.0477822907269001,0.999760091304779,CapturedFrames_-3.0_1.5_-2.0/video.mp4#frame=23
23,LEFT_ELBOW,0.7958652973175049,0.246380016207695,-0.2570001780986786,0.9996199607849121,CapturedFrames_-3.0_1.5_-2.0/video.mp4#frame=23
23,RIGHT_ELBOW,0.871015727519989,0.2708732485771179,0.08837590366601944,0.5797662138938904,CapturedFrames_-3.0_1.5_-2.0/video.mp4#frame=23
23,LEFT_WRIST,0.7417276501655579,0.309508740901947,-0.2305886447429657,0.9971867203712463,CapturedFrames_-3.0_1.5_-2.0/video.mp4#frame=23
23,RIGHT_WRIST,0.8666097521781921,0.37084877490997314,0.0651240274310112,0.5923169255256653,CapturedFrames_-3.0_1.5_-2.0/video.mp4#frame=23
23,LEFT_PINKY,0.7299180030822754,0.3269702196121216,-0.2532646358013153,0.9922230839729309,CapturedFrames_-3.0_1.5_-2.0/video.mp4#frame=23
23,RIGHT_PINKY,0.8704208135604858,0.3969075381755829,0.06541342288255692,0.5127220749855042,CapturedFrames_-3.0_1.5_-2.0/video.mp4#frame=23
23,LEFT_INDEX,0.7273114323616028,0.3217354714870453,-0.24652943015098572,0.9918923377990723,CapturedFrames_-3.0_1.5_-2.0/video.mp4#frame=23
23,RIGHT_INDEX,0.8665622472763062,0.39135098457336426,0.04748544469475746,0.5048545002937317,CapturedFrames_-3.0_1.5_-2.0/video.mp4#frame=23
23,LEFT_THUMB,0.7314085364341736,0.3156261444091797,-0.22514089941978455,0.9803444147109985,CapturedFrames_-3.0_1.5_-2.0/video.mp4#frame=23
23,RIGHT_THUMB,0.8642445802688599,0.38087666034698486,0.05639657378196716,0.447626531124115,CapturedFrames_-3.0_1.5_-2.0/video.mp4#frame=23
23,LEFT_HIP,0.8270384073257446,0.377610981464386,-0.0898677408695221,0.9999517202377319,CapturedFrames_-3.0_1.5_-2.0/video.mp4#frame=23
23,RIGHT_HIP,0.8190279006958008,0.37057924270629883,0.08960100263357162,0.9996861219406128,CapturedFrames_-3.0_1.5_-2.0/video.mp4#frame=23
23,LEFT_KNEE,0.8411015272140503,0.518109917640686,-0.00875577237457037,0.9981802701950073,CapturedFrames_-3.0_1.5_-2.0/video.mp4#frame=23
23,RIGHT_KNEE,0.7548633813858032,0.44966503977775574,0.20840632915496826,0.9727431535720825,CapturedFrames_-3.0_1.5_-2.0/video.mp4#frame=23
23,LEFT_ANKLE,0.8707247972488403,0.6601386666297913,0.10174115002155304,0.9989014863967896,CapturedFrames_-3.0_1.5_-2.0/video.mp4#frame=23
23,RIGHT_ANKLE,0.7162541747093201,0.5484050512313843,0.3460153341293335,0.989165723323822,CapturedFrames_-3.0_1.5_-2.0/video.mp4#frame=23
23,LEFT_HEEL,0.8816326260566711,0.6946041584014893,0.10920314490795135,0.9858312010765076,CapturedFrames_-3.0_1.5_-2.0/video.mp4#frame=23
23,RIGHT_HEEL,0.7143166661262512,0.5803895592689514,0.35731521248817444,0.9704077243804932,CapturedFrames_-3.0_1.5_-2.0/video.mp4#frame=23
23,LEFT_FOOT_INDEX,0.8241969347000122,0.675572395324707,0.046144381165504456,0.9981200098991394,CapturedFrames_-3.0_1.5_-2.0/video.mp4#frame=23
23,RIGHT_FOOT_INDEX,0.6784125566482544,0.5331413745880127,0.33723878860473633,0.9919301867485046,CapturedFrames_-3.0_1.5_-2.0/video.mp4#frame=23
24,NOSE,0.7988162040710449,0.07878631353378296,-0.11723746359348297,0.9998700618743896,CapturedFrames_-3.0_1.5_-2.0/video.mp4#frame=24
24,LEFT_EYE_INNER,0.8051941990852356,0.06317839026451111,-0.1397530883550644,0.9998729228973389,CapturedFrames_-3.0_1.5_-2.0/video.mp4#frame=24
24,LEFT_EYE,0.8063665628433228,0.06306934356689453,-0.13978256285190582,0.999882698059082,CapturedFrames_-3.0_1.5_-2.0/video.mp4#frame=24
24,LEFT_EYE_OUTER,0.8075359463691711,0.06300175189971924,-0.1397882103919983,0.9998891353607178,CapturedFrames_-3.0_1.5_-2.0/video.mp4#frame=24
24,RIGHT_EYE_INNER,0.8052300214767456,0.0622783862054348,-0.11020765453577042,0.9998681545257568,CapturedFrames_-3.0_1.5_-2.0/video.mp4#frame=24
24,RIGHT_EYE,0.8065274953842163,0.06152745708823204,-0.11019090563058853,0.9998687505722046,CapturedFrames_-3.0_1.5_-2.0/video.mp4#frame=24
24,RIGHT_EYE_OUTER,0.8079520463943481,0.060811758041381836,-0.11019472032785416,0.9998608827590942,CapturedFrames_-3.0_1.5_-2.0/video.mp4#frame=24
24,LEFT_EAR,0.8183032870292664,0.0724077820777893,-0.19587664306163788,0.9998738765716553,CapturedFrames_-3.0_1.5_-2.0/video.mp4#frame=24
24,RIGHT_EAR,0.8194211721420288,0.07091179490089417,-0.06144540756940842,0.9997578263282776,CapturedFrames_-3.0_1.5_-2.0/video.mp4#frame=24
24,MOUTH_LEFT,0.802512526512146,0.09639531373977661,-0.1335737407207489,0.9998061060905457,CapturedFrames_-3.0_1.5_-2.0/video.mp4#frame=24
24,MOUTH_RIGHT,0.8018380999565125,0.09560435265302658,-0.09500643610954285,0.9996298551559448,CapturedFrames_-3.0_1.5_-2.0/video.mp4#frame=24
24,LEFT_SHOULDER,0.8284764289855957,0.1587398648262024,-0.2522585391998291,0.9999878406524658,CapturedFrames_-3.0_1.5_-2.0/video.mp4#frame=24
24,RIGHT_SHOULDER,0.8424021005630493,0.16305388510227203,0.029292434453964233,0.9997275471687317,CapturedFrames_-3.0_1.5_-2.0/video.mp4#frame=24
24,LEFT_ELBOW,0.7835285663604736,0.2589592933654785,-0.2730763852596283,0.9989344477653503,CapturedFrames_-3.0_1.5_-2.0/video.mp4#frame=24
24,RIGHT_ELBOW,0.8539838790893555,0.2755715847015381,0.07743847370147705,0.5773900151252747,CapturedFrames_-3.0_1.5_-2.0/video.mp4#frame=24
24,LEFT_WRIST,0.7316372990608215,0.31279194355010986,-0.23989291489124298,0.9925697445869446,CapturedFrames_-3.0_1.5_-2.0/video.mp4#frame=24
24,RIGHT_WRIST,0.8534242510795593,0.37176936864852905,0.06134216859936714,0.660273551940918,CapturedFrames_-3.0_1.5_-2.0/video.mp4#frame=24
24,LEFT_PINKY,0.717144250869751,0.3317430317401886,-0.26150596141815186,0.9828488230705261,CapturedFrames_-3.0_1.5_-2.0/video.mp4#frame=24
24,RIGHT_PINKY,0.8572371602058411,0.3982548713684082,0.06118258088827133,0.59295654296875,CapturedFrames_-3.0_1.5_-2.0/video.mp4#frame=24
24,LEFT_INDEX,0.71486496925354,0.3277890980243683,-0.2569906711578369,0.9824267625808716,CapturedFrames_-3.0_1.5_-2.0/video.mp4#frame=24
24,RIGHT_INDEX,0.8527454137802124,0.39499905705451965,0.04300869628787041,0.5827394127845764,CapturedFrames_-3.0_1.5_-2.0/video.mp4#frame=24
24,LEFT_THUMB,0.7198939919471741,0.3213077783584595,-0.2355155497789383,0.9612388014793396,CapturedFrames_-3.0_1.5_-2.0/video.mp4#frame=24
24,RIGHT_THUMB,0.8498716354370117,0.38682618737220764,0.05248572677373886,0.5289357304573059,CapturedFrames_-3.0_1.5_-2.0/video.mp4#frame=24
24,LEFT_HIP,0.8140348196029663,0.38052526116371155,-0.09441166371107101,0.9999499320983887,CapturedFrames_-3.0_1.5_-2.0/video.mp4#frame=24
24,RIGHT_HIP,0.8016719818115234,0.37243813276290894,0.09414869546890259,0.999710738658905,CapturedFrames_-3.0_1.5_-2.0/video.mp4#frame=24
24,LEFT_KNEE,0.8306077122688293,0.5219248533248901,-0.02253003418445587,0.9983977675437927,CapturedFrames_-3.0_1.5_-2.0/video.mp4#frame=24
24,RIGHT_KNEE,0.7393044233322144,0.44373267889022827,0.23396757245063782,0.9756757020950317,CapturedFrames_-3.0_1.5_-2.0/video.mp4#frame=24
24,LEFT_ANKLE,0.8685821294784546,0.6582863330841064,0.08531386405229568,0.9992433786392212,CapturedFrames_-3.0_1.5_-2.0/video.mp4#frame=24
24,RIGHT_ANKLE,0.7062839269638062,0.5517014265060425,0.40809258818626404,0.9918617010116577,CapturedFrames_-3.0_1.5_-2.0/video.mp4#frame=24
24,LEFT_HEEL,0.8825737237930298,0.68829345703125,0.09225122630596161,0.9853031635284424,CapturedFrames_-3.0_1.5_-2.0/video.mp4#frame=24
24,RIGHT_HEEL,0.7079403400421143,0.5837216973304749,0.4229615330696106,0.9770491719245911,CapturedFrames_-3.0_1.5_-2.0/video.mp4#frame=24
24,LEFT_FOOT_INDEX,0.8232514262199402,0.6800292730331421,0.01751614920794964,0.9987492561340332,CapturedFrames_-3.0_1.5_-2.0/video.mp4#frame=24
24,RIGHT_FOOT_INDEX,0.67054283618927,0.5397657155990601,0.4008680284023285,0.993926465511322,CapturedFrames_-3.0_1.5_-2.0/video.mp4#frame=24
25,NOSE,0.7845674753189087,0.08094778656959534,-0.12900932133197784,0.999910831451416,CapturedFrames_-3.0_1.5_-2.0/video.mp4#frame=25
25,LEFT_EYE_INNER,0.7911108732223511,0.06620430946350098,-0.15067271888256073,0.9999098777770996,CapturedFrames_-3.0_1.5_-2.0/video.mp4#frame=25
25,LEFT_EYE,0.7922435998916626,0.06621870398521423,-0.15069162845611572,0.9999144077301025,CapturedFrames_-3.0_1.5_-2.0/video.mp4#frame=25
25,LEFT_EYE_OUTER,0.7933740615844727,0.06638026237487793,-0.15070457756519318,0.9999227523803711,CapturedFrames_-3.0_1.5_-2.0/video.mp4#frame=25
25,RIGHT_EYE_INNER,0.7911219596862793,0.06516268849372864,-0.12208535522222519,0.9998968839645386,CapturedFrames_-3.0_1.5_-2.0/video.mp4#frame=25
25,RIGHT_EYE,0.792345404624939,0.06448867917060852,-0.12206797301769257,0.9998922348022461,CapturedFrames_-3.0_1.5_-2.0/video.mp4#frame=25
25,RIGHT_EYE_OUTER,0.7936655282974243,0.06397894024848938,-0.1220652237534523,0.9998942613601685,CapturedFrames_-3.0_1.5_-2.0/video.mp4#frame=25
25,LEFT_EAR,0.8039800524711609,0.0766843855381012,-0.20635242760181427,0.9999102354049683,CapturedFrames_-3.0_1.5_-2.0/video.mp4#frame=25
25,RIGHT_EAR,0.8046880960464478,0.07463711500167847,-0.07615689933300018,0.9998162388801575,CapturedFrames_-3.0_1.5_-2.0/video.mp4#frame=25
25,MOUTH_LEFT,0.7880092263221741,0.09907150268554688,-0.1455189287662506,0.9998703002929688,CapturedFrames_-3.0_1.5_-2.0/video.mp4#frame=25
25,MOUTH_RIGHT,0.7874629497528076,0.09784191846847534,-0.10817636549472809,0.9997227787971497,CapturedFrames_-3.0_1.5_-2.0/video.mp4#frame=25
25,LEFT_SHOULDER,0.8106774091720581,0.16435213387012482,-0.25720787048339844,0.9999892711639404,CapturedFrames_-3.0_1.5_-2.0/video.mp4#frame=25
25,RIGHT_SHOULDER,0.8270741701126099,0.16514745354652405,0.00933144148439169,0.9997530579566956,CapturedFrames_-3.0_1.5_-2.0/video.mp4#frame=25
25,LEFT_ELBOW,0.7673889994621277,0.2718999683856964,-0.2755482494831085,0.9985352754592896,CapturedFrames_-3.0_1.5_-2.0/video.mp4#frame=25
25,RIGHT_ELBOW,0.8368320465087891,0.2753753066062927,0.05517785996198654,0.6171648502349854,CapturedFrames_-3.0_1.5_-2.0/video.mp4#frame=25
25,LEFT_WRIST,0.7192214727401733,0.31974518299102783,-0.2428300827741623,0.9912392497062683,CapturedFrames_-3.0_1.5_-2.0/video.mp4#frame=25
25,RIGHT_WRIST,0.8331862688064575,0.3752152621746063,0.04879339784383774,0.7210988402366638,CapturedFrames_-3.0_1.5_-2.0/video.mp4#frame=25
25,LEFT_PINKY,0.7054415345191956,0.3415686786174774,-0.26315757632255554,0.9810870289802551,CapturedFrames_-3.0_1.5_-2.0/video.mp4#frame=25
25,RIGHT_PINKY,0.8374185562133789,0.4013817608356476,0.04859619960188866,0.6601037979125977,CapturedFrames_-3.0_1.5_-2.0/video.mp4#frame=25
25,LEFT_INDEX,0.7028960585594177,0.3373020887374878,-0.26077181100845337,0.9810444712638855,CapturedFrames_-3.0_1.5_-2.0/video.mp4#frame=25
25,RIGHT_INDEX,0.8344722986221313,0.39935365319252014,0.03128736838698387,0.6494768261909485,CapturedFrames_-3.0_1.5_-2.0/video.mp4#frame=25
25,LEFT_THUMB,0.7069188356399536,0.3304722011089325,-0.239549919962883,0.9600067138671875,CapturedFrames_-3.0_1.5_-2.0/video.mp4#frame=25
25,RIGHT_THUMB,0.8313729166984558,0.3915044665336609,0.04031959921121597,0.6015793085098267,CapturedFrames_-3.0_1.5_-2.0/video.mp4#frame=25
25,LEFT_HIP,0.7970193028450012,0.379200279712677,-0.09142272919416428,0.9999663829803467,CapturedFrames_-3.0_1.5_-2.0/video.mp4#frame=25
25,RIGHT_HIP,0.7851606607437134,0.36928069591522217,0.09118044376373291,0.9997685551643372,CapturedFrames_-3.0_1.5_-2.0/video.mp4#frame=25
25,LEFT_KNEE,0.8119319081306458,0.5224027633666992,-0.03612257540225983,0.9980613589286804,CapturedFrames_-3.0_1.5_-2.0/video.mp4#frame=25
25,RIGHT_KNEE,0.7230093479156494,0.4470370411872864,0.23209384083747864,0.97454833984375,CapturedFrames_-3.0_1.5_-2.0/video.mp4#frame=25
25,LEFT_ANKLE,0.8622151613235474,0.6500661969184875,0.061892591416835785,0.9992315769195557,CapturedFrames_-3.0_1.5_-2.0/video.mp4#frame=25
25,RIGHT_ANKLE,0.7014470100402832,0.5560438632965088,0.41300591826438904,0.9909810423851013,CapturedFrames_-3.0_1.5_-2.0/video.mp4#frame=25
25,LEFT_HEEL,0.8773030042648315,0.6755846738815308,0.06794916093349457,0.9822737574577332,CapturedFrames_-3.0_1.5_-2.0/video.mp4#frame=25
25,RIGHT_HEEL,0.7052816152572632,0.5861653089523315,0.42870956659317017,0.9723343849182129,CapturedFrames_-3.0_1.5_-2.0/video.mp4#frame=25
25,LEFT_FOOT_INDEX,0.8209806680679321,0.6834772825241089,-0.006914236582815647,0.9988454580307007,CapturedFrames_-3.0_1.5_-2.0/video.mp4#frame=25
25,RIGHT_FOOT_INDEX,0.6653338670730591,0.5512842535972595,0.4077296853065491,0.9929541945457458,CapturedFrames_-3.0_1.5_-2.0/video.mp4#frame=25
26,NOSE,0.7712464928627014,0.08676424622535706,-0.08648311346769333,0.999925971031189,CapturedFrames_-3.0_1.5_-2.0/video.mp4#frame=26
26,LEFT_EYE_INNER,0.776589035987854,0.07158869504928589,-0.10877086222171783,0.9999208450317383,CapturedFrames_-3.0_1.5_-2.0/video.mp4#frame=26
26,LEFT_EYE,0.7776809334754944,0.07135751843452454,-0.10878211259841919,0.9999251365661621,CapturedFrames_-3.0_1.5_-2.0/video.mp4#frame=26
26,LEFT_EYE_OUTER,0.7787953615188599,0.07125779986381531,-0.10877995193004608,0.9999305009841919,CapturedFrames_-3.0_1.5_-2.0/video.mp4#frame=26
26,RIGHT_EYE_INNER,0.7768598794937134,0.07090160250663757,-0.07970365136861801,0.9999096393585205,CapturedFrames_-3.0_1.5_-2.0/video.mp4#frame=26
26,RIGHT_EYE,0.7781797647476196,0.07020562887191772,-0.07968412339687347,0.9998979568481445,CapturedFrames_-3.0_1.5_-2.0/video.mp4#frame=26
26,RIGHT_EYE_OUTER,0.7796098589897156,0.06961947679519653,-0.07968650758266449,0.9998958110809326,CapturedFrames_-3.0_1.5_-2.0/video.mp4#frame=26
26,LEFT_EAR,0.78898686170578,0.07940074801445007,-0.16974297165870667,0.9999251365661621,CapturedFrames_-3.0_1.5_-2.0/video.mp4#frame=26
26,RIGHT_EAR,0.7903349995613098,0.07822775840759277,-0.037199825048446655,0.999778687953949,CapturedFrames_-3.0_1.5_-2.0/video.mp4#frame=26
26,MOUTH_LEFT,0.7747582197189331,0.10357043147087097,-0.10523201525211334,0.9999122619628906,CapturedFrames_-3.0_1.5_-2.0/video.mp4#frame=26
26,MOUTH_RIGHT,0.7746231555938721,0.10292685031890869,-0.06721771508455276,0.9998180270195007,CapturedFrames_-3.0_1.5_-2.0/video.mp4#frame=26
26,LEFT_SHOULDER,0.7926395535469055,0.16319581866264343,-0.2371305525302887,0.999995231628418,CapturedFrames_-3.0_1.5_-2.0/video.mp4#frame=26
26,RIGHT_SHOULDER,0.8150043487548828,0.1695600301027298,0.04802590236067772,0.9998346567153931,CapturedFrames_-3.0_1.5_-2.0/video.mp4#frame=26
26,LEFT_ELBOW,0.7543526291847229,0.26887476444244385,-0.26283928751945496,0.9987838864326477,CapturedFrames_-3.0_1.5_-2.0/video.mp4#frame=26
26,RIGHT_ELBOW,0.8203946948051453,0.28188803791999817,0.0821850597858429,0.6506683230400085,CapturedFrames_-3.0_1.5_-2.0/video.mp4#frame=26
26,LEFT_WRIST,0.7101374268531799,0.3261958658695221,-0.23132574558258057,0.9927756786346436,CapturedFrames_-3.0_1.5_-2.0/video.mp4#frame=26
26,RIGHT_WRIST,0.8142579793930054,0.3757520318031311,0.05876665562391281,0.7736198902130127,CapturedFrames_-3.0_1.5_-2.0/video.mp4#frame=26
26,LEFT_PINKY,0.6951033473014832,0.3488427400588989,-0.25094908475875854,0.9847116470336914,CapturedFrames_-3.0_1.5_-2.0/video.mp4#frame=26
26,RIGHT_PINKY,0.8170592188835144,0.40155482292175293,0.060053933411836624,0.7232254147529602,CapturedFrames_-3.0_1.5_-2.0/video.mp4#frame=26
26,LEFT_INDEX,0.6925928592681885,0.34584033489227295,-0.24747958779335022,0.9847395420074463,CapturedFrames_-3.0_1.5_-2.0/video.mp4#frame=26
26,RIGHT_INDEX,0.8145884275436401,0.3980948030948639,0.04227754473686218,0.7146903276443481,CapturedFrames_-3.0_1.5_-2.0/video.mp4#frame=26
26,LEFT_THUMB,0.6967289447784424,0.33953502774238586,-0.22733275592327118,0.9671030044555664,CapturedFrames_-3.0_1.5_-2.0/video.mp4#frame=26
26,RIGHT_THUMB,0.8118723034858704,0.3888520896434784,0.04992939904332161,0.6603188514709473,CapturedFrames_-3.0_1.5_-2.0/video.mp4#frame=26
26,LEFT_HIP,0.7790935635566711,0.37753650546073914,-0.09925591200590134,0.9999727010726929,CapturedFrames_-3.0_1.5_-2.0/video.mp4#frame=26
26,RIGHT_HIP,0.770034909248352,0.370034396648407,0.09904775023460388,0.999771773815155,CapturedFrames_-3.0_1.5_-2.0/video.mp4#frame=26
26,LEFT_KNEE,0.786775529384613,0.5205886363983154,-0.08895344287157059,0.9985478520393372,CapturedFrames_-3.0_1.5_-2.0/video.mp4#frame=26
26,RIGHT_KNEE,0.7128069400787354,0.4393655061721802,0.2482450306415558,0.9435680508613586,CapturedFrames_-3.0_1.5_-2.0/video.mp4#frame=26
26,LEFT_ANKLE,0.8489404916763306,0.6444518566131592,-0.040421947836875916,0.999554455280304,CapturedFrames_-3.0_1.5_-2.0/video.mp4#frame=26
26,RIGHT_ANKLE,0.6997023224830627,0.5597566366195679,0.4177219271659851,0.9863185882568359,CapturedFrames_-3.0_1.5_-2.0/video.mp4#frame=26
26,LEFT_HEEL,0.8682351112365723,0.6626282334327698,-0.03886863589286804,0.9922480583190918,CapturedFrames_-3.0_1.5_-2.0/video.mp4#frame=26
26,RIGHT_HEEL,0.7038368582725525,0.5888700485229492,0.4316309988498688,0.9728154540061951,CapturedFrames_-3.0_1.5_-2.0/video.mp4#frame=26
26,LEFT_FOOT_INDEX,0.819246768951416,0.687547504901886,-0.12139757722616196,0.9994357228279114,CapturedFrames_-3.0_1.5_-2.0/video.mp4#frame=26
26,RIGHT_FOOT_INDEX,0.6638193726539612,0.5570647716522217,0.407074511051178,0.9916300177574158,CapturedFrames_-3.0_1.5_-2.0/video.mp4#frame=26
27,NOSE,0.7583327889442444,0.08353254199028015,-0.10052119195461273,0.9989702701568604,CapturedFrames_-3.0_1.5_-2.0/video.mp4#frame=27
27,LEFT_EYE_INNER,0.7639126181602478,0.06854686141014099,-0.1216529831290245,0.9987486600875854,CapturedFrames_-3.0_1.5_-2.0/video.mp4#frame=27
27,LEFT_EYE,0.7648850083351135,0.06866398453712463,-0.12168258428573608,0.9988327622413635,CapturedFrames_-3.0_1.5_-2.0/video.mp4#frame=27
27,LEFT_EYE_OUTER,0.7659370303153992,0.06879398226737976,-0.12171181291341782,0.9989633560180664,CapturedFrames_-3.0_1.5_-2.0/video.mp4#frame=27
27,RIGHT_EYE_INNER,0.7642937898635864,0.06818646192550659,-0.09437543153762817,0.9983863830566406,CapturedFrames_-3.0_1.5_-2.0/video.mp4#frame=27
27,RIGHT_EYE,0.7656111121177673,0.06800839304924011,-0.09434746205806732,0.9982722997665405,CapturedFrames_-3.0_1.5_-2.0/video.mp4#frame=27
27,RIGHT_EYE_OUTER,0.7671079635620117,0.06777149438858032,-0.09435655176639557,0.9983433485031128,CapturedFrames_-3.0_1.5_-2.0/video.mp4#frame=27
27,LEFT_EAR,0.7767133712768555,0.07855957746505737,-0.1796746402978897,0.9990290403366089,CapturedFrames_-3.0_1.5_-2.0/video.mp4#frame=27
27,RIGHT_EAR,0.7781857848167419,0.07652309536933899,-0.05527143552899361,0.9966428279876709,CapturedFrames_-3.0_1.5_-2.0/video.mp4#frame=27
27,MOUTH_LEFT,0.7609131932258606,0.0993531346321106,-0.1182653084397316,0.9990621209144592,CapturedFrames_-3.0_1.5_-2.0/video.mp4#frame=27
27,MOUTH_RIGHT,0.7609207630157471,0.09882527589797974,-0.08251211047172546,0.9978139400482178,CapturedFrames_-3.0_1.5_-2.0/video.mp4#frame=27
27,LEFT_SHOULDER,0.7771068811416626,0.16312478482723236,-0.2361866533756256,0.999976634979248,CapturedFrames_-3.0_1.5_-2.0/video.mp4#frame=27
27,RIGHT_SHOULDER,0.7969681024551392,0.17152628302574158,0.026744801551103592,0.9991900324821472,CapturedFrames_-3.0_1.5_-2.0/video.mp4#frame=27
27,LEFT_ELBOW,0.7447177171707153,0.27706795930862427,-0.2438824623823166,0.9981098175048828,CapturedFrames_-3.0_1.5_-2.0/video.mp4#frame=27
27,RIGHT_ELBOW,0.803399920463562,0.27816325426101685,0.06725583225488663,0.32903987169265747,CapturedFrames_-3.0_1.5_-2.0/video.mp4#frame=27
27,LEFT_WRIST,0.699526846408844,0.3382277488708496,-0.18282602727413177,0.9889278411865234,CapturedFrames_-3.0_1.5_-2.0/video.mp4#frame=27
27,RIGHT_WRIST,0.7922947406768799,0.36754655838012695,0.06459591537714005,0.5661717653274536,CapturedFrames_-3.0_1.5_-2.0/video.mp4#frame=27
27,LEFT_PINKY,0.6883976459503174,0.3609475791454315,-0.19765426218509674,0.9775376319885254,CapturedFrames_-3.0_1.5_-2.0/video.mp4#frame=27
27,RIGHT_PINKY,0.7927645444869995,0.389676958322525,0.06693089753389359,0.5415315628051758,CapturedFrames_-3.0_1.5_-2.0/video.mp4#frame=27
27,LEFT_INDEX,0.6861724257469177,0.35952550172805786,-0.19477124512195587,0.9775260090827942,CapturedFrames_-3.0_1.5_-2.0/video.mp4#frame=27
27,RIGHT_INDEX,0.7915300726890564,0.38545820116996765,0.05167407542467117,0.5299724340438843,CapturedFrames_-3.0_1.5_-2.0/video.mp4#frame=27
27,LEFT_THUMB,0.6896706223487854,0.3535443842411041,-0.17851488292217255,0.9563855528831482,CapturedFrames_-3.0_1.5_-2.0/video.mp4#frame=27
27,RIGHT_THUMB,0.7905744314193726,0.37921416759490967,0.05702372267842293,0.49732738733291626,CapturedFrames_-3.0_1.5_-2.0/video.mp4#frame=27
27,LEFT_HIP,0.7688871622085571,0.37305086851119995,-0.0868077501654625,0.9999469518661499,CapturedFrames_-3.0_1.5_-2.0/video.mp4#frame=27
27,RIGHT_HIP,0.7551244497299194,0.36499103903770447,0.08655717223882675,0.9995561242103577,CapturedFrames_-3.0_1.5_-2.0/video.mp4#frame=27
27,LEFT_KNEE,0.7612718343734741,0.5175877809524536,-0.04316869005560875,0.9960370659828186,CapturedFrames_-3.0_1.5_-2.0/video.mp4#frame=27
27,RIGHT_KNEE,0.7032392024993896,0.4450046420097351,0.222783163189888,0.8814101815223694,CapturedFrames_-3.0_1.5_-2.0/video.mp4#frame=27
27,LEFT_ANKLE,0.8331524729728699,0.6226775050163269,0.03230801969766617,0.9984889030456543,CapturedFrames_-3.0_1.5_-2.0/video.mp4#frame=27
27,RIGHT_ANKLE,0.6982051730155945,0.5564126968383789,0.3792182505130768,0.9654479026794434,CapturedFrames_-3.0_1.5_-2.0/video.mp4#frame=27
27,LEFT_HEEL,0.853550136089325,0.6331069469451904,0.03707267716526985,0.9756888747215271,CapturedFrames_-3.0_1.5_-2.0/video.mp4#frame=27
27,RIGHT_HEEL,0.7032032608985901,0.5853592157363892,0.39234206080436707,0.9385936260223389,CapturedFrames_-3.0_1.5_-2.0/video.mp4#frame=27
27,LEFT_FOOT_INDEX,0.81645667552948,0.6855804920196533,-0.02826274372637272,0.9974287152290344,CapturedFrames_-3.0_1.5_-2.0/video.mp4#frame=27
27,RIGHT_FOOT_INDEX,0.6628981828689575,0.561317503452301,0.3709767162799835,0.9759013652801514,CapturedFrames_-3.0_1.5_-2.0/video.mp4#frame=27
28,NOSE,0.7442637085914612,0.08738255500793457,-0.14159858226776123,0.9999574422836304,CapturedFrames_-3.0_1.5_-2.0/video.mp4#frame=28
28,LEFT_EYE_INNER,0.7493813037872314,0.07391351461410522,-0.16089865565299988,0.9999498128890991,CapturedFrames_-3.0_1.5_-2.0/video.mp4#frame=28
28,LEFT_EYE,0.7505300045013428,0.07378694415092468,-0.16090206801891327,0.9999504089355469,CapturedFrames_-3.0_1.5_-2.0/video.mp4#frame=28
28,LEFT_EYE_OUTER,0.7517174482345581,0.07368594408035278,-0.16090525686740875,0.9999597072601318,CapturedFrames_-3.0_1.5_-2.0/video.mp4#frame=28
28,RIGHT_EYE_INNER,0.7489924430847168,0.07345610857009888,-0.13249307870864868,0.9999250173568726,CapturedFrames_-3.0_1.5_-2.0/video.mp4#frame=28
28,RIGHT_EYE,0.7499511241912842,0.07292437553405762,-0.1324661374092102,0.9999080896377563,CapturedFrames_-3.0_1.5_-2.0/video.mp4#frame=28
28,RIGHT_EYE_OUTER,0.7510808110237122,0.0723244845867157,-0.13244128227233887,0.9999148845672607,CapturedFrames_-3.0_1.5_-2.0/video.mp4#frame=28
28,LEFT_EAR,0.7619898319244385,0.08195292949676514,-0.21046379208564758,0.9999518394470215,CapturedFrames_-3.0_1.5_-2.0/video.mp4#frame=28
28,RIGHT_EAR,0.7620131969451904,0.08052703738212585,-0.08165418356657028,0.9998250603675842,CapturedFrames_-3.0_1.5_-2.0/video.mp4#frame=28
28,MOUTH_LEFT,0.7478612661361694,0.10353124141693115,-0.15659546852111816,0.9999628067016602,CapturedFrames_-3.0_1.5_-2.0/video.mp4#frame=28
28,MOUTH_RIGHT,0.7472297549247742,0.10264896601438522,-0.11944528669118881,0.9999116659164429,CapturedFrames_-3.0_1.5_-2.0/video.mp4#frame=28
28,LEFT_SHOULDER,0.7646621465682983,0.1657056212425232,-0.2648850977420807,0.9999984502792358,CapturedFrames_-3.0_1.5_-2.0/video.mp4#frame=28
28,RIGHT_SHOULDER,0.7805680632591248,0.16223111748695374,0.011151074431836605,0.9999423027038574,CapturedFrames_-3.0_1.5_-2.0/video.mp4#frame=28
28,LEFT_ELBOW,0.733105480670929,0.28398871421813965,-0.28771907091140747,0.997401237487793,CapturedFrames_-3.0_1.5_-2.0/video.mp4#frame=28
28,RIGHT_ELBOW,0.77858567237854,0.2697490155696869,0.048740778118371964,0.21375641226768494,CapturedFrames_-3.0_1.5_-2.0/video.mp4#frame=28
28,LEFT_WRIST,0.6908078193664551,0.3564828336238861,-0.2551482021808624,0.98811274766922,CapturedFrames_-3.0_1.5_-2.0/video.mp4#frame=28
28,RIGHT_WRIST,0.7676395177841187,0.36002594232559204,0.027289018034934998,0.2943245470523834,CapturedFrames_-3.0_1.5_-2.0/video.mp4#frame=28
28,LEFT_PINKY,0.6813039183616638,0.37754979729652405,-0.27974823117256165,0.9755903482437134,CapturedFrames_-3.0_1.5_-2.0/video.mp4#frame=28
28,RIGHT_PINKY,0.7628293633460999,0.3819980323314667,0.029230523854494095,0.2840264141559601,CapturedFrames_-3.0_1.5_-2.0/video.mp4#frame=28
28,LEFT_INDEX,0.6777863502502441,0.376330703496933,-0.2742786705493927,0.9761291742324829,CapturedFrames_-3.0_1.5_-2.0/video.mp4#frame=28
28,RIGHT_INDEX,0.7615748047828674,0.3803732693195343,0.008668297901749611,0.2736018896102905,CapturedFrames_-3.0_1.5_-2.0/video.mp4#frame=28
28,LEFT_THUMB,0.6800661683082581,0.371862530708313,-0.25097978115081787,0.9532116055488586,CapturedFrames_-3.0_1.5_-2.0/video.mp4#frame=28
28,RIGHT_THUMB,0.7635655999183655,0.3735038638114929,0.017838383093476295,0.2575797736644745,CapturedFrames_-3.0_1.5_-2.0/video.mp4#frame=28
28,LEFT_HIP,0.7539219260215759,0.3708166480064392,-0.09187982231378555,0.9999909400939941,CapturedFrames_-3.0_1.5_-2.0/video.mp4#frame=28
28,RIGHT_HIP,0.7453947067260742,0.36155593395233154,0.09172050654888153,0.9999344348907471,CapturedFrames_-3.0_1.5_-2.0/video.mp4#frame=28
28,LEFT_KNEE,0.7376415729522705,0.5077260732650757,-0.06696098297834396,0.9971209168434143,CapturedFrames_-3.0_1.5_-2.0/video.mp4#frame=28
28,RIGHT_KNEE,0.6998006701469421,0.4403742849826813,0.25522956252098083,0.8737478852272034,CapturedFrames_-3.0_1.5_-2.0/video.mp4#frame=28
28,LEFT_ANKLE,0.8068645596504211,0.6033415198326111,-0.0010697259567677975,0.9993160963058472,CapturedFrames_-3.0_1.5_-2.0/video.mp4#frame=28
28,RIGHT_ANKLE,0.6981377601623535,0.5541089177131653,0.4326910376548767,0.9671069383621216,CapturedFrames_-3.0_1.5_-2.0/video.mp4#frame=28
28,LEFT_HEEL,0.8275256156921387,0.6078591346740723,0.0028526464011520147,0.9928971529006958,CapturedFrames_-3.0_1.5_-2.0/video.mp4#frame=28
28,RIGHT_HEEL,0.7022220492362976,0.5837030410766602,0.4471501410007477,0.9329450130462646,CapturedFrames_-3.0_1.5_-2.0/video.mp4#frame=28
28,LEFT_FOOT_INDEX,0.7996882200241089,0.6740221977233887,-0.06458740681409836,0.9993093013763428,CapturedFrames_-3.0_1.5_-2.0/video.mp4#frame=28
28,RIGHT_FOOT_INDEX,0.6616535782814026,0.5574568510055542,0.4240254759788513,0.9821829795837402,CapturedFrames_-3.0_1.5_-2.0/video.mp4#frame=28
29,NOSE,0.7294453978538513,0.08225780725479126,-0.13450297713279724,0.9998196959495544,CapturedFrames_-3.0_1.5_-2.0/video.mp4#frame=29
29,LEFT_EYE_INNER,0.7353397607803345,0.06817114353179932,-0.15104341506958008,0.999790370464325,CapturedFrames_-3.0_1.5_-2.0/video.mp4#frame=29
29,LEFT_EYE,0.7363871335983276,0.06842106580734253,-0.15106253325939178,0.9998237490653992,CapturedFrames_-3.0_1.5_-2.0/video.mp4#frame=29
29,LEFT_EYE_OUTER,0.7374430298805237,0.06860032677650452,-0.15106941759586334,0.9998412132263184,CapturedFrames_-3.0_1.5_-2.0/video.mp4#frame=29
29,RIGHT_EYE_INNER,0.7354121804237366,0.06769314408302307,-0.12556511163711548,0.9996659755706787,CapturedFrames_-3.0_1.5_-2.0/video.mp4#frame=29
29,RIGHT_EYE,0.7365984916687012,0.06763514876365662,-0.12554815411567688,0.9996527433395386,CapturedFrames_-3.0_1.5_-2.0/video.mp4#frame=29
29,RIGHT_EYE_OUTER,0.7378765940666199,0.06741970777511597,-0.12554332613945007,0.9996639490127563,CapturedFrames_-3.0_1.5_-2.0/video.mp4#frame=29
29,LEFT_EAR,0.7465740442276001,0.07628950476646423,-0.19291850924491882,0.9998618364334106,CapturedFrames_-3.0_1.5_-2.0/video.mp4#frame=29
29,RIGHT_EAR,0.7477535605430603,0.0741989016532898,-0.07799221575260162,0.9994007349014282,CapturedFrames_-3.0_1.5_-2.0/video.mp4#frame=29
29,MOUTH_LEFT,0.7329400181770325,0.09793075919151306,-0.14730426669120789,0.9998435974121094,CapturedFrames_-3.0_1.5_-2.0/video.mp4#frame=29
29,MOUTH_RIGHT,0.7328755855560303,0.09738147258758545,-0.11400681734085083,0.9997134804725647,CapturedFrames_-3.0_1.5_-2.0/video.mp4#frame=29
29,LEFT_SHOULDER,0.7503812909126282,0.16268371045589447,-0.24865975975990295,0.9999939203262329,CapturedFrames_-3.0_1.5_-2.0/video.mp4#frame=29
29,RIGHT_SHOULDER,0.7690149545669556,0.15908682346343994,0.015381199307739735,0.9997972846031189,CapturedFrames_-3.0_1.5_-2.0/video.mp4#frame=29
29,LEFT_ELBOW,0.7251952886581421,0.28619036078453064,-0.2574048340320587,0.9895251989364624,CapturedFrames_-3.0_1.5_-2.0/video.mp4#frame=29
29,RIGHT_ELBOW,0.7601395845413208,0.263708233833313,0.04466542229056358,0.056022174656391144,CapturedFrames_-3.0_1.5_-2.0/video.mp4#frame=29
29,LEFT_WRIST,0.692190945148468,0.3655926585197449,-0.19845904409885406,0.9591445326805115,CapturedFrames_-3.0_1.5_-2.0/video.mp4#frame=29
29,RIGHT_WRIST,0.734581470489502,0.34667855501174927,0.005830169189721346,0.07137799263000488,CapturedFrames_-3.0_1.5_-2.0/video.mp4#frame=29
29,LEFT_PINKY,0.6837071776390076,0.39062637090682983,-0.22088971734046936,0.9303629994392395,CapturedFrames_-3.0_1.5_-2.0/video.mp4#frame=29
29,RIGHT_PINKY,0.7292163968086243,0.3640728294849396,0.0040513016283512115,0.08179076015949249,CapturedFrames_-3.0_1.5_-2.0/video.mp4#frame=29
29,LEFT_INDEX,0.6812346577644348,0.3898734152317047,-0.21754762530326843,0.931198239326477,CapturedFrames_-3.0_1.5_-2.0/video.mp4#frame=29
29,RIGHT_INDEX,0.7274152636528015,0.36302876472473145,-0.01705140620470047,0.08002911508083344,CapturedFrames_-3.0_1.5_-2.0/video.mp4#frame=29
29,LEFT_THUMB,0.6837157607078552,0.38220351934432983,-0.19493989646434784,0.8854623436927795,CapturedFrames_-3.0_1.5_-2.0/video.mp4#frame=29
29,RIGHT_THUMB,0.7292382121086121,0.3575243353843689,-0.0045064170844852924,0.08102935552597046,CapturedFrames_-3.0_1.5_-2.0/video.mp4#frame=29
29,LEFT_HIP,0.7411405444145203,0.36045393347740173,-0.0837210938334465,0.9999719858169556,CapturedFrames_-3.0_1.5_-2.0/video.mp4#frame=29
29,RIGHT_HIP,0.7363253235816956,0.3531588912010193,0.08353473991155624,0.9999051094055176,CapturedFrames_-3.0_1.5_-2.0/video.mp4#frame=29
29,LEFT_KNEE,0.7108476161956787,0.48012369871139526,-0.02943071350455284,0.9947145581245422,CapturedFrames_-3.0_1.5_-2.0/video.mp4#frame=29
29,RIGHT_KNEE,0.6953606605529785,0.4468952715396881,0.2096494734287262,0.8486936092376709,CapturedFrames_-3.0_1.5_-2.0/video.mp4#frame=29
29,LEFT_ANKLE,0.7780049443244934,0.5864124298095703,0.04334487020969391,0.9989926218986511,CapturedFrames_-3.0_1.5_-2.0/video.mp4#frame=29
29,RIGHT_ANKLE,0.6957780718803406,0.5596975088119507,0.3315942585468292,0.9688820838928223,CapturedFrames_-3.0_1.5_-2.0/video.mp4#frame=29
29,LEFT_HEEL,0.7971838712692261,0.5950483083724976,0.04833417013287544,0.9939693212509155,CapturedFrames_-3.0_1.5_-2.0/video.mp4#frame=29
29,RIGHT_HEEL,0.7009450197219849,0.589020311832428,0.3408895432949066,0.9377455115318298,CapturedFrames_-3.0_1.5_-2.0/video.mp4#frame=29
29,LEFT_FOOT_INDEX,0.7678189277648926,0.6522759199142456,8.933767094276845e-05,0.9987725615501404,CapturedFrames_-3.0_1.5_-2.0/video.mp4#frame=29
29,RIGHT_FOOT_INDEX,0.6620322465896606,0.5637644529342651,0.3193745017051697,0.9799154996871948,CapturedFrames_-3.0_1.5_-2.0/video.mp4#frame=29
30,NOSE,0.7143954634666443,0.079691082239151,-0.1280616968870163,0.9998564720153809,CapturedFrames_-3.0_1.5_-2.0/video.mp4#frame=30
30,LEFT_EYE_INNER,0.7199645042419434,0.06632685661315918,-0.14322642982006073,0.999840497970581,CapturedFrames_-3.0_1.5_-2.0/video.mp4#frame=30
30,LEFT_EYE,0.7211670279502869,0.06640833616256714,-0.14324897527694702,0.9998692274093628,CapturedFrames_-3.0_1.5_-2.0/video.mp4#frame=30
30,LEFT_EYE_OUTER,0.7224446535110474,0.06643372774124146,-0.1432660073041916,0.9998842477798462,CapturedFrames_-3.0_1.5_-2.0/video.mp4#frame=30
30,RIGHT_EYE_INNER,0.7199117541313171,0.06587448716163635,-0.11993690580129623,0.999728262424469,CapturedFrames_-3.0_1.5_-2.0/video.mp4#frame=30
30,RIGHT_EYE,0.7211177945137024,0.06563875079154968,-0.11992719024419785,0.9997085928916931,CapturedFrames_-3.0_1.5_-2.0/video.mp4#frame=30
30,RIGHT_EYE_OUTER,0.7225480079650879,0.06523969769477844,-0.11992941051721573,0.9997221827507019,CapturedFrames_-3.0_1.5_-2.0/video.mp4#frame=30
30,LEFT_EAR,0.7326077818870544,0.07244628667831421,-0.1823800802230835,0.9999154806137085,CapturedFrames_-3.0_1.5_-2.0/video.mp4#frame=30
30,RIGHT_EAR,0.7334276437759399,0.07084435224533081,-0.07823403924703598,0.9995772242546082,CapturedFrames_-3.0_1.5_-2.0/video.mp4#frame=30
30,MOUTH_LEFT,0.7182813882827759,0.09437057375907898,-0.14015839993953705,0.9998825788497925,CapturedFrames_-3.0_1.5_-2.0/video.mp4#frame=30
30,MOUTH_RIGHT,0.7179896235466003,0.09372064471244812,-0.10983457416296005,0.999767005443573,CapturedFrames_-3.0_1.5_-2.0/video.mp4#frame=30
30,LEFT_SHOULDER,0.7391653656959534,0.15759757161140442,-0.23671527206897736,0.9999954700469971,CapturedFrames_-3.0_1.5_-2.0/video.mp4#frame=30
30,RIGHT_SHOULDER,0.7558275461196899,0.15707433223724365,0.013680363073945045,0.9997696280479431,CapturedFrames_-3.0_1.5_-2.0/video.mp4#frame=30
30,LEFT_ELBOW,0.7167012691497803,0.2816914916038513,-0.24307982623577118,0.9924405813217163,CapturedFrames_-3.0_1.5_-2.0/video.mp4#frame=30
30,RIGHT_ELBOW,0.7404990196228027,0.26903480291366577,0.05175503343343735,0.05912041664123535,CapturedFrames_-3.0_1.5_-2.0/video.mp4#frame=30
30,LEFT_WRIST,0.6898021101951599,0.3708972930908203,-0.19107112288475037,0.9762647747993469,CapturedFrames_-3.0_1.5_-2.0/video.mp4#frame=30
30,RIGHT_WRIST,0.7162869572639465,0.34233999252319336,0.031128058210015297,0.12287669628858566,CapturedFrames_-3.0_1.5_-2.0/video.mp4#frame=30
30,LEFT_PINKY,0.6859991550445557,0.39511406421661377,-0.2123790979385376,0.9591789841651917,CapturedFrames_-3.0_1.5_-2.0/video.mp4#frame=30
30,RIGHT_PINKY,0.7109752893447876,0.35832709074020386,0.03433900326490402,0.14677804708480835,CapturedFrames_-3.0_1.5_-2.0/video.mp4#frame=30
30,LEFT_INDEX,0.6833797693252563,0.39613720774650574,-0.20817157626152039,0.9591049551963806,CapturedFrames_-3.0_1.5_-2.0/video.mp4#frame=30
30,RIGHT_INDEX,0.7084068655967712,0.3573252856731415,0.014086839742958546,0.14259520173072815,CapturedFrames_-3.0_1.5_-2.0/video.mp4#frame=30
30,LEFT_THUMB,0.6854888200759888,0.3878258168697357,-0.18713465332984924,0.9333257675170898,CapturedFrames_-3.0_1.5_-2.0/video.mp4#frame=30
30,RIGHT_THUMB,0.7107914686203003,0.3525436520576477,0.022033192217350006,0.14360181987285614,CapturedFrames_-3.0_1.5_-2.0/video.mp4#frame=30
30,LEFT_HIP,0.728929877281189,0.3500823974609375,-0.07935010641813278,0.9999735355377197,CapturedFrames_-3.0_1.5_-2.0/video.mp4#frame=30
30,RIGHT_HIP,0.7302752733230591,0.3479406535625458,0.07917412370443344,0.9998975992202759,CapturedFrames_-3.0_1.5_-2.0/video.mp4#frame=30
30,LEFT_KNEE,0.6935494542121887,0.47097906470298767,-0.022068755701184273,0.9815027713775635,CapturedFrames_-3.0_1.5_-2.0/video.mp4#frame=30
30,RIGHT_KNEE,0.692164957523346,0.45466816425323486,0.19911518692970276,0.5417890548706055,CapturedFrames_-3.0_1.5_-2.0/video.mp4#frame=30
30,LEFT_ANKLE,0.7515313029289246,0.5790425539016724,0.03515099361538887,0.9957369565963745,CapturedFrames_-3.0_1.5_-2.0/video.mp4#frame=30
30,RIGHT_ANKLE,0.6922643780708313,0.5641021728515625,0.2934895157814026,0.8747005462646484,CapturedFrames_-3.0_1.5_-2.0/video.mp4#frame=30
30,LEFT_HEEL,0.7695020437240601,0.5895878076553345,0.03956333175301552,0.9921823143959045,CapturedFrames_-3.0_1.5_-2.0/video.mp4#frame=30
30,RIGHT_HEEL,0.6989353895187378,0.5894513130187988,0.300895094871521,0.86297607421875,CapturedFrames_-3.0_1.5_-2.0/video.mp4#frame=30
30,LEFT_FOOT_INDEX,0.7331128120422363,0.6342264413833618,0.011424390599131584,0.9952364563941956,CapturedFrames_-3.0_1.5_-2.0/video.mp4#frame=30
30,RIGHT_FOOT_INDEX,0.6590471863746643,0.5655781030654907,0.2870824933052063,0.9220194816589355,CapturedFrames_-3.0_1.5_-2.0/video.mp4#frame=30
31,NOSE,0.7024237513542175,0.07202643156051636,-0.12973140180110931,0.9990125894546509,CapturedFrames_-3.0_1.5_-2.0/video.mp4#frame=31
31,LEFT_EYE_INNER,0.7079988718032837,0.05928167700767517,-0.14343759417533875,0.9991787075996399,CapturedFrames_-3.0_1.5_-2.0/video.mp4#frame=31
31,LEFT_EYE,0.7091282606124878,0.05942344665527344,-0.14347492158412933,0.9993083477020264,CapturedFrames_-3.0_1.5_-2.0/video.mp4#frame=31
31,LEFT_EYE_OUTER,0.710303544998169,0.059540633112192154,-0.14353913068771362,0.9994910955429077,CapturedFrames_-3.0_1.5_-2.0/video.mp4#frame=31
31,RIGHT_EYE_INNER,0.7080814242362976,0.05876067653298378,-0.12005724012851715,0.9983332753181458,CapturedFrames_-3.0_1.5_-2.0/video.mp4#frame=31
31,RIGHT_EYE,0.7092893123626709,0.058489322662353516,-0.120029017329216,0.9981028437614441,CapturedFrames_-3.0_1.5_-2.0/video.mp4#frame=31
31,RIGHT_EYE_OUTER,0.7106478214263916,0.05809358134865761,-0.12004812806844711,0.998428463935852,CapturedFrames_-3.0_1.5_-2.0/video.mp4#frame=31
31,LEFT_EAR,0.7208124995231628,0.06624957919120789,-0.17956244945526123,0.9996433258056641,CapturedFrames_-3.0_1.5_-2.0/video.mp4#frame=31
31,RIGHT_EAR,0.7214969992637634,0.06451821327209473,-0.07587417960166931,0.9978444576263428,CapturedFrames_-3.0_1.5_-2.0/video.mp4#frame=31
31,MOUTH_LEFT,0.7063323855400085,0.0869130790233612,-0.14124995470046997,0.9991503953933716,CapturedFrames_-3.0_1.5_-2.0/video.mp4#frame=31
31,MOUTH_RIGHT,0.7060933709144592,0.08668692409992218,-0.11102752387523651,0.9983254075050354,CapturedFrames_-3.0_1.5_-2.0/video.mp4#frame=31
31,LEFT_SHOULDER,0.729856014251709,0.15427841246128082,-0.23325380682945251,0.9999772310256958,CapturedFrames_-3.0_1.5_-2.0/video.mp4#frame=31
31,RIGHT_SHOULDER,0.7405703663825989,0.15338259935379028,0.010639653541147709,0.9987142086029053,CapturedFrames_-3.0_1.5_-2.0/video.mp4#frame=31
31,LEFT_ELBOW,0.7098473906517029,0.2789593040943146,-0.2451949417591095,0.9880627393722534,CapturedFrames_-3.0_1.5_-2.0/video.mp4#frame=31
31,RIGHT_ELBOW,0.7279469966888428,0.2653343081474304,0.03038758598268032,0.04667564481496811,CapturedFrames_-3.0_1.5_-2.0/video.mp4#frame=31
31,LEFT_WRIST,0.6899730563163757,0.3705027401447296,-0.20199117064476013,0.974949836730957,CapturedFrames_-3.0_1.5_-2.0/video.mp4#frame=31
31,RIGHT_WRIST,0.7133117914199829,0.35175347328186035,-0.0035465345717966557,0.14421464502811432,CapturedFrames_-3.0_1.5_-2.0/video.mp4#frame=31
31,LEFT_PINKY,0.6894314289093018,0.3980952501296997,-0.2261129915714264,0.9598627090454102,CapturedFrames_-3.0_1.5_-2.0/video.mp4#frame=31
31,RIGHT_PINKY,0.7108057737350464,0.3668355643749237,-0.003652021987363696,0.17616836726665497,CapturedFrames_-3.0_1.5_-2.0/video.mp4#frame=31
31,LEFT_INDEX,0.6872206330299377,0.3984290361404419,-0.221253901720047,0.9596392512321472,CapturedFrames_-3.0_1.5_-2.0/video.mp4#frame=31
31,RIGHT_INDEX,0.7084724307060242,0.3673345744609833,-0.023793155327439308,0.16886474192142487,CapturedFrames_-3.0_1.5_-2.0/video.mp4#frame=31
31,LEFT_THUMB,0.6874552965164185,0.3883964419364929,-0.19866803288459778,0.9371424913406372,CapturedFrames_-3.0_1.5_-2.0/video.mp4#frame=31
31,RIGHT_THUMB,0.7098075747489929,0.3631480038166046,-0.013238733634352684,0.17055796086788177,CapturedFrames_-3.0_1.5_-2.0/video.mp4#frame=31
31,LEFT_HIP,0.721042811870575,0.3423256576061249,-0.07749077677726746,0.9999064207077026,CapturedFrames_-3.0_1.5_-2.0/video.mp4#frame=31
31,RIGHT_HIP,0.7261258959770203,0.3390229046344757,0.07740607857704163,0.9996222257614136,CapturedFrames_-3.0_1.5_-2.0/video.mp4#frame=31
31,LEFT_KNEE,0.6770228743553162,0.4580802619457245,-0.04027042165398598,0.9475845694541931,CapturedFrames_-3.0_1.5_-2.0/video.mp4#frame=31
31,RIGHT_KNEE,0.6826728582382202,0.44464826583862305,0.14652960002422333,0.32728976011276245,CapturedFrames_-3.0_1.5_-2.0/video.mp4#frame=31
31,LEFT_ANKLE,0.7201114296913147,0.57511305809021,0.05908425897359848,0.9757930636405945,CapturedFrames_-3.0_1.5_-2.0/video.mp4#frame=31
31,RIGHT_ANKLE,0.6952629089355469,0.5616635680198669,0.25044602155685425,0.6288303136825562,CapturedFrames_-3.0_1.5_-2.0/video.mp4#frame=31
31,LEFT_HEEL,0.7361577749252319,0.589591383934021,0.06755638867616653,0.9642738699913025,CapturedFrames_-3.0_1.5_-2.0/video.mp4#frame=31
31,RIGHT_HEEL,0.7036606669425964,0.5760476589202881,0.2588889002799988,0.6559792160987854,CapturedFrames_-3.0_1.5_-2.0/video.mp4#frame=31
31,LEFT_FOOT_INDEX,0.7005616426467896,0.6171876192092896,0.04802599176764488,0.9667410254478455,CapturedFrames_-3.0_1.5_-2.0/video.mp4#frame=31
31,RIGHT_FOOT_INDEX,0.6590980291366577,0.5656051635742188,0.24254854023456573,0.6815633177757263,CapturedFrames_-3.0_1.5_-2.0/video.mp4#frame=31
32,NOSE,0.6893956065177917,0.0725540816783905,-0.09926976263523102,0.9986568689346313,CapturedFrames_-3.0_1.5_-2.0/video.mp4#frame=32
32,LEFT_EYE_INNER,0.6942781209945679,0.05858117341995239,-0.11282545328140259,0.9988835453987122,CapturedFrames_-3.0_1.5_-2.0/video.mp4#frame=32
32,LEFT_EYE,0.6955124139785767,0.05822524428367615,-0.11283709108829498,0.999030590057373,CapturedFrames_-3.0_1.5_-2.0/video.mp4#frame=32
32,LEFT_EYE_OUTER,0.69678795337677,0.05784386396408081,-0.11287613958120346,0.9992696642875671,CapturedFrames_-3.0_1.5_-2.0/video.mp4#frame=32
32,RIGHT_EYE_INNER,0.6942126750946045,0.05817800760269165,-0.09127232432365417,0.9985003471374512,CapturedFrames_-3.0_1.5_-2.0/video.mp4#frame=32
32,RIGHT_EYE,0.6954421997070312,0.057525306940078735,-0.09126549959182739,0.9984174966812134,CapturedFrames_-3.0_1.5_-2.0/video.mp4#frame=32
32,RIGHT_EYE_OUTER,0.6968209743499756,0.05674463510513306,-0.0913330614566803,0.9987918734550476,CapturedFrames_-3.0_1.5_-2.0/video.mp4#frame=32
32,LEFT_EAR,0.7069132924079895,0.06229954957962036,-0.148260697722435,0.9993482232093811,CapturedFrames_-3.0_1.5_-2.0/video.mp4#frame=32
32,RIGHT_EAR,0.7070795893669128,0.06066611781716347,-0.054123468697071075,0.9986622333526611,CapturedFrames_-3.0_1.5_-2.0/video.mp4#frame=32
32,MOUTH_LEFT,0.6943767666816711,0.08705650269985199,-0.1102718710899353,0.9988890290260315,CapturedFrames_-3.0_1.5_-2.0/video.mp4#frame=32
32,MOUTH_RIGHT,0.694138765335083,0.08687953650951385,-0.08281141519546509,0.9983687996864319,CapturedFrames_-3.0_1.5_-2.0/video.mp4#frame=32
32,LEFT_SHOULDER,0.7207015752792358,0.14569464325904846,-0.19586974382400513,0.9998935461044312,CapturedFrames_-3.0_1.5_-2.0/video.mp4#frame=32
32,RIGHT_SHOULDER,0.7300460934638977,0.14233292639255524,0.02066505141556263,0.997718095779419,CapturedFrames_-3.0_1.5_-2.0/video.mp4#frame=32
32,LEFT_ELBOW,0.7053647041320801,0.27011239528656006,-0.19930727779865265,0.985541045665741,CapturedFrames_-3.0_1.5_-2.0/video.mp4#frame=32
32,RIGHT_ELBOW,0.7276960015296936,0.2545665204524994,0.03587301820516586,0.0573151595890522,CapturedFrames_-3.0_1.5_-2.0/video.mp4#frame=32
32,LEFT_WRIST,0.6907002925872803,0.3658807873725891,-0.15435408055782318,0.9700526595115662,CapturedFrames_-3.0_1.5_-2.0/video.mp4#frame=32
32,RIGHT_WRIST,0.710938572883606,0.3397497534751892,0.004358871839940548,0.10234487056732178,CapturedFrames_-3.0_1.5_-2.0/video.mp4#frame=32
32,LEFT_PINKY,0.6908085346221924,0.39354005455970764,-0.17392024397850037,0.946565568447113,CapturedFrames_-3.0_1.5_-2.0/video.mp4#frame=32
32,RIGHT_PINKY,0.7056596875190735,0.3675740659236908,0.0028854545671492815,0.10523829609155655,CapturedFrames_-3.0_1.5_-2.0/video.mp4#frame=32
32,LEFT_INDEX,0.6886138916015625,0.39398688077926636,-0.17424651980400085,0.9436889886856079,CapturedFrames_-3.0_1.5_-2.0/video.mp4#frame=32
32,RIGHT_INDEX,0.7040285468101501,0.3693482279777527,-0.014497606083750725,0.10241112858057022,CapturedFrames_-3.0_1.5_-2.0/video.mp4#frame=32
32,LEFT_THUMB,0.6889402270317078,0.3843444287776947,-0.15300168097019196,0.9169917106628418,CapturedFrames_-3.0_1.5_-2.0/video.mp4#frame=32
32,RIGHT_THUMB,0.7062683701515198,0.3628484606742859,-0.0042806221172213554,0.10713813453912735,CapturedFrames_-3.0_1.5_-2.0/video.mp4#frame=32
32,LEFT_HIP,0.7113917469978333,0.33393266797065735,-0.06505154818296432,0.9987682700157166,CapturedFrames_-3.0_1.5_-2.0/video.mp4#frame=32
32,RIGHT_HIP,0.7191963791847229,0.3284500241279602,0.06496329605579376,0.996616780757904,CapturedFrames_-3.0_1.5_-2.0/video.mp4#frame=32
32,LEFT_KNEE,0.6604534983634949,0.4479506313800812,-0.009653782472014427,0.9594241380691528,CapturedFrames_-3.0_1.5_-2.0/video.mp4#frame=32
32,RIGHT_KNEE,0.6868653893470764,0.43722647428512573,0.13170570135116577,0.40381425619125366,CapturedFrames_-3.0_1.5_-2.0/video.mp4#frame=32
32,LEFT_ANKLE,0.6890021562576294,0.5698376893997192,0.08296367526054382,0.9461694955825806,CapturedFrames_-3.0_1.5_-2.0/video.mp4#frame=32
32,RIGHT_ANKLE,0.6960562467575073,0.553149402141571,0.22254233062267303,0.578305721282959,CapturedFrames_-3.0_1.5_-2.0/video.mp4#frame=32
32,LEFT_HEEL,0.699262797832489,0.5962274074554443,0.08947360515594482,0.9406144022941589,CapturedFrames_-3.0_1.5_-2.0/video.mp4#frame=32
32,RIGHT_HEEL,0.7035450339317322,0.5794570446014404,0.2293294370174408,0.6756979823112488,CapturedFrames_-3.0_1.5_-2.0/video.mp4#frame=32
32,LEFT_FOOT_INDEX,0.6578094959259033,0.5863742828369141,0.06206477805972099,0.9277663230895996,CapturedFrames_-3.0_1.5_-2.0/video.mp4#frame=32
32,RIGHT_FOOT_INDEX,0.6659901142120361,0.5676486492156982,0.2107926309108734,0.6619693636894226,CapturedFrames_-3.0_1.5_-2.0/video.mp4#frame=32
33,NOSE,0.6804171800613403,0.0661865770816803,-0.11421255767345428,0.9993643164634705,CapturedFrames_-3.0_1.5_-2.0/video.mp4#frame=33
33,LEFT_EYE_INNER,0.6854361295700073,0.052172932773828506,-0.12923145294189453,0.999413013458252,CapturedFrames_-3.0_1.5_-2.0/video.mp4#frame=33
33,LEFT_EYE,0.6865419745445251,0.05204373598098755,-0.1292174756526947,0.9995043277740479,CapturedFrames_-3.0_1.5_-2.0/video.mp4#frame=33
33,LEFT_EYE_OUTER,0.6876379251480103,0.05191696062684059,-0.12924359738826752,0.9996139407157898,CapturedFrames_-3.0_1.5_-2.0/video.mp4#frame=33
33,RIGHT_EYE_INNER,0.6853175163269043,0.052032265812158585,-0.10684718936681747,0.9992615580558777,CapturedFrames_-3.0_1.5_-2.0/video.mp4#frame=33
33,RIGHT_EYE,0.6863797903060913,0.05173155292868614,-0.10683928430080414,0.9991881251335144,CapturedFrames_-3.0_1.5_-2.0/video.mp4#frame=33
33,RIGHT_EYE_OUTER,0.6875366568565369,0.05130690336227417,-0.10692880302667618,0.999359667301178,CapturedFrames_-3.0_1.5_-2.0/video.mp4#frame=33
33,LEFT_EAR,0.6977871656417847,0.05719947814941406,-0.16405680775642395,0.999690055847168,CapturedFrames_-3.0_1.5_-2.0/video.mp4#frame=33
33,RIGHT_EAR,0.6978356242179871,0.05599447712302208,-0.06630948930978775,0.999352753162384,CapturedFrames_-3.0_1.5_-2.0/video.mp4#frame=33
33,MOUTH_LEFT,0.6849590539932251,0.08026584982872009,-0.124383345246315,0.9995027780532837,CapturedFrames_-3.0_1.5_-2.0/video.mp4#frame=33
33,MOUTH_RIGHT,0.684585690498352,0.08020403981208801,-0.09591478854417801,0.9993077516555786,CapturedFrames_-3.0_1.5_-2.0/video.mp4#frame=33
33,LEFT_SHOULDER,0.7142634391784668,0.1390923708677292,-0.20865468680858612,0.9999419450759888,CapturedFrames_-3.0_1.5_-2.0/video.mp4#frame=33
33,RIGHT_SHOULDER,0.7184759974479675,0.1375429481267929,0.016024334356188774,0.9987762570381165,CapturedFrames_-3.0_1.5_-2.0/video.mp4#frame=33
33,LEFT_ELBOW,0.7031001448631287,0.2650541663169861,-0.2135360687971115,0.9922731518745422,CapturedFrames_-3.0_1.5_-2.0/video.mp4#frame=33
33,RIGHT_ELBOW,0.7065570950508118,0.25538352131843567,0.04233085736632347,0.08417501300573349,CapturedFrames_-3.0_1.5_-2.0/video.mp4#frame=33
33,LEFT_WRIST,0.6934170126914978,0.3665526509284973,-0.18255530297756195,0.9841949939727783,CapturedFrames_-3.0_1.5_-2.0/video.mp4#frame=33
33,RIGHT_WRIST,0.6955246925354004,0.34343859553337097,0.010549204424023628,0.13198164105415344,CapturedFrames_-3.0_1.5_-2.0/video.mp4#frame=33
33,LEFT_PINKY,0.6963998079299927,0.39241668581962585,-0.2067793905735016,0.9688554406166077,CapturedFrames_-3.0_1.5_-2.0/video.mp4#frame=33
33,RIGHT_PINKY,0.6955894231796265,0.36928340792655945,0.009257635101675987,0.12458524852991104,CapturedFrames_-3.0_1.5_-2.0/video.mp4#frame=33
33,LEFT_INDEX,0.691353976726532,0.393358051776886,-0.20866549015045166,0.9666160345077515,CapturedFrames_-3.0_1.5_-2.0/video.mp4#frame=33
33,RIGHT_INDEX,0.6938744783401489,0.3666256070137024,-0.010242222808301449,0.12428785860538483,CapturedFrames_-3.0_1.5_-2.0/video.mp4#frame=33
33,LEFT_THUMB,0.6901102066040039,0.3838202953338623,-0.1820330172777176,0.949536919593811,CapturedFrames_-3.0_1.5_-2.0/video.mp4#frame=33
33,RIGHT_THUMB,0.6932698488235474,0.3583722412586212,0.0015623982762917876,0.1322784125804901,CapturedFrames_-3.0_1.5_-2.0/video.mp4#frame=33
33,LEFT_HIP,0.7036506533622742,0.3335510790348053,-0.06630042940378189,0.9982547163963318,CapturedFrames_-3.0_1.5_-2.0/video.mp4#frame=33
33,RIGHT_HIP,0.7082124948501587,0.32868048548698425,0.06626391410827637,0.9967315196990967,CapturedFrames_-3.0_1.5_-2.0/video.mp4#frame=33
33,LEFT_KNEE,0.6526257991790771,0.43980851769447327,-0.00174589769449085,0.975983202457428,CapturedFrames_-3.0_1.5_-2.0/video.mp4#frame=33
33,RIGHT_KNEE,0.6883102059364319,0.44267767667770386,0.14472034573554993,0.4303138256072998,CapturedFrames_-3.0_1.5_-2.0/video.mp4#frame=33
33,LEFT_ANKLE,0.6692321300506592,0.5658648610115051,0.09977628290653229,0.9408463835716248,CapturedFrames_-3.0_1.5_-2.0/video.mp4#frame=33
33,RIGHT_ANKLE,0.6892275810241699,0.5582294464111328,0.24014338850975037,0.5680391788482666,CapturedFrames_-3.0_1.5_-2.0/video.mp4#frame=33
33,LEFT_HEEL,0.6795799136161804,0.5900615453720093,0.10749988257884979,0.9384124875068665,CapturedFrames_-3.0_1.5_-2.0/video.mp4#frame=33
33,RIGHT_HEEL,0.6946619749069214,0.5836798548698425,0.24748221039772034,0.6795456409454346,CapturedFrames_-3.0_1.5_-2.0/video.mp4#frame=33
33,LEFT_FOOT_INDEX,0.6332651972770691,0.5889794826507568,0.07940008491277695,0.9122232794761658,CapturedFrames_-3.0_1.5_-2.0/video.mp4#frame=33
33,RIGHT_FOOT_INDEX,0.6567509174346924,0.5791815519332886,0.2257428914308548,0.629508912563324,CapturedFrames_-3.0_1.5_-2.0/video.mp4#frame=33
34,NOSE,0.6687346696853638,0.06371486186981201,-0.11883344501256943,0.9998407363891602,CapturedFrames_-3.0_1.5_-2.0/video.mp4#frame=34
34,LEFT_EYE_INNER,0.6736055016517639,0.05127725005149841,-0.13440072536468506,0.9998093247413635,CapturedFrames_-3.0_1.5_-2.0/video.mp4#frame=34
34,LEFT_EYE,0.6746759414672852,0.05100658908486366,-0.13439230620861053,0.9998465776443481,CapturedFrames_-3.0_1.5_-2.0/video.mp4#frame=34
34,LEFT_EYE_OUTER,0.6757521033287048,0.05074438452720642,-0.1344136744737625,0.9998846054077148,CapturedFrames_-3.0_1.5_-2.0/video.mp4#frame=34
34,RIGHT_EYE_INNER,0.6735749840736389,0.051063477993011475,-0.11096038669347763,0.9997699856758118,CapturedFrames_-3.0_1.5_-2.0/video.mp4#frame=34
34,RIGHT_EYE,0.6746639013290405,0.05054708942770958,-0.11094322055578232,0.9997432827949524,CapturedFrames_-3.0_1.5_-2.0/video.mp4#frame=34
34,RIGHT_EYE_OUTER,0.6758708357810974,0.049954742193222046,-0.11102361977100372,0.9997946619987488,CapturedFrames_-3.0_1.5_-2.0/video.mp4#frame=34
34,LEFT_EAR,0.6860940456390381,0.05655717849731445,-0.16985712945461273,0.9999109506607056,CapturedFrames_-3.0_1.5_-2.0/video.mp4#frame=34
34,RIGHT_EAR,0.6859538555145264,0.05545762553811073,-0.06733080744743347,0.9997654557228088,CapturedFrames_-3.0_1.5_-2.0/video.mp4#frame=34
34,MOUTH_LEFT,0.6733114123344421,0.07829101383686066,-0.12937821447849274,0.9999022483825684,CapturedFrames_-3.0_1.5_-2.0/video.mp4#frame=34
34,MOUTH_RIGHT,0.6729728579521179,0.07802222669124603,-0.09948530048131943,0.9998422861099243,CapturedFrames_-3.0_1.5_-2.0/video.mp4#frame=34
34,LEFT_SHOULDER,0.7015039324760437,0.1410037875175476,-0.20886966586112976,0.9999712705612183,CapturedFrames_-3.0_1.5_-2.0/video.mp4#frame=34
34,RIGHT_SHOULDER,0.706595778465271,0.13684631884098053,0.014798869378864765,0.9991974234580994,CapturedFrames_-3.0_1.5_-2.0/video.mp4#frame=34
34,LEFT_ELBOW,0.6979522705078125,0.2654136121273041,-0.21560315787792206,0.9920417666435242,CapturedFrames_-3.0_1.5_-2.0/video.mp4#frame=34
34,RIGHT_ELBOW,0.6976364254951477,0.24944590032100677,0.04085619002580643,0.08115541934967041,CapturedFrames_-3.0_1.5_-2.0/video.mp4#frame=34
34,LEFT_WRIST,0.6922993659973145,0.3616622984409332,-0.18689048290252686,0.9845890402793884,CapturedFrames_-3.0_1.5_-2.0/video.mp4#frame=34
34,RIGHT_WRIST,0.6849480271339417,0.32977429032325745,0.00510836485773325,0.14979180693626404,CapturedFrames_-3.0_1.5_-2.0/video.mp4#frame=34
34,LEFT_PINKY,0.6963669657707214,0.3871656060218811,-0.2127043455839157,0.9690243005752563,CapturedFrames_-3.0_1.5_-2.0/video.mp4#frame=34
34,RIGHT_PINKY,0.6818084716796875,0.3496028184890747,0.0018487724009901285,0.13805383443832397,CapturedFrames_-3.0_1.5_-2.0/video.mp4#frame=34
34,LEFT_INDEX,0.6914100050926208,0.38663244247436523,-0.21498382091522217,0.9654586911201477,CapturedFrames_-3.0_1.5_-2.0/video.mp4#frame=34
34,RIGHT_INDEX,0.678136944770813,0.34559473395347595,-0.01919008232653141,0.1391691118478775,CapturedFrames_-3.0_1.5_-2.0/video.mp4#frame=34
34,LEFT_THUMB,0.689383327960968,0.37610483169555664,-0.18666955828666687,0.9474502801895142,CapturedFrames_-3.0_1.5_-2.0/video.mp4#frame=34
34,RIGHT_THUMB,0.6803447008132935,0.33923470973968506,-0.004904323723167181,0.14894084632396698,CapturedFrames_-3.0_1.5_-2.0/video.mp4#frame=34
34,LEFT_HIP,0.690205454826355,0.33027440309524536,-0.06187967211008072,0.9990242719650269,CapturedFrames_-3.0_1.5_-2.0/video.mp4#frame=34
34,RIGHT_HIP,0.6980575323104858,0.3246632516384125,0.06188111752271652,0.9976946711540222,CapturedFrames_-3.0_1.5_-2.0/video.mp4#frame=34
34,LEFT_KNEE,0.6429961323738098,0.43698328733444214,0.007840308360755444,0.9771198630332947,CapturedFrames_-3.0_1.5_-2.0/video.mp4#frame=34
34,RIGHT_KNEE,0.6887765526771545,0.4370531737804413,0.16834047436714172,0.6046717166900635,CapturedFrames_-3.0_1.5_-2.0/video.mp4#frame=34
34,LEFT_ANKLE,0.6334913372993469,0.5568743348121643,0.09661658108234406,0.9726410508155823,CapturedFrames_-3.0_1.5_-2.0/video.mp4#frame=34
34,RIGHT_ANKLE,0.6953116655349731,0.5519205331802368,0.28299424052238464,0.7345438003540039,CapturedFrames_-3.0_1.5_-2.0/video.mp4#frame=34
34,LEFT_HEEL,0.6406400203704834,0.5872477293014526,0.10193326324224472,0.9456459879875183,CapturedFrames_-3.0_1.5_-2.0/video.mp4#frame=34
34,RIGHT_HEEL,0.7031385898590088,0.5817552804946899,0.29251089692115784,0.750450074672699,CapturedFrames_-3.0_1.5_-2.0/video.mp4#frame=34
34,LEFT_FOOT_INDEX,0.5994384288787842,0.5690646171569824,0.05653378367424011,0.950795590877533,CapturedFrames_-3.0_1.5_-2.0/video.mp4#frame=34
34,RIGHT_FOOT_INDEX,0.6629185080528259,0.5616245269775391,0.26690712571144104,0.7677292823791504,CapturedFrames_-3.0_1.5_-2.0/video.mp4#frame=34
35,NOSE,0.6600216627120972,0.07064701616764069,-0.10824038833379745,0.9999836683273315,CapturedFrames_-3.0_1.5_-2.0/video.mp4#frame=35
35,LEFT_EYE_INNER,0.6643739938735962,0.05562478303909302,-0.12265727669000626,0.9999765157699585,CapturedFrames_-3.0_1.5_-2.0/video.mp4#frame=35
35,LEFT_EYE,0.6654927730560303,0.05546003580093384,-0.12265147268772125,0.9999809265136719,CapturedFrames_-3.0_1.5_-2.0/video.mp4#frame=35
35,LEFT_EYE_OUTER,0.6666063070297241,0.0552668571472168,-0.12266691774129868,0.9999866485595703,CapturedFrames_-3.0_1.5_-2.0/video.mp4#frame=35
35,RIGHT_EYE_INNER,0.6640332341194153,0.055192142724990845,-0.09954557567834854,0.999969482421875,CapturedFrames_-3.0_1.5_-2.0/video.mp4#frame=35
35,RIGHT_EYE,0.6649508476257324,0.054715123027563095,-0.0995330810546875,0.9999644756317139,CapturedFrames_-3.0_1.5_-2.0/video.mp4#frame=35
35,RIGHT_EYE_OUTER,0.6659647822380066,0.054150547832250595,-0.09959292411804199,0.9999697208404541,CapturedFrames_-3.0_1.5_-2.0/video.mp4#frame=35
35,LEFT_EAR,0.6764333248138428,0.061318546533584595,-0.155022993683815,0.9999868869781494,CapturedFrames_-3.0_1.5_-2.0/video.mp4#frame=35
35,RIGHT_EAR,0.6755590438842773,0.059269487857818604,-0.0541834719479084,0.9999535083770752,CapturedFrames_-3.0_1.5_-2.0/video.mp4#frame=35
35,MOUTH_LEFT,0.6642463207244873,0.08511064946651459,-0.1179935559630394,0.9999897480010986,CapturedFrames_-3.0_1.5_-2.0/video.mp4#frame=35
35,MOUTH_RIGHT,0.6634098887443542,0.08531732857227325,-0.08862537145614624,0.9999767541885376,CapturedFrames_-3.0_1.5_-2.0/video.mp4#frame=35
35,LEFT_SHOULDER,0.6929311752319336,0.1430911421775818,-0.19511805474758148,0.99998939037323,CapturedFrames_-3.0_1.5_-2.0/video.mp4#frame=35
35,RIGHT_SHOULDER,0.6886175274848938,0.14047186076641083,0.029094401746988297,0.9995630383491516,CapturedFrames_-3.0_1.5_-2.0/video.mp4#frame=35
35,LEFT_ELBOW,0.6971860527992249,0.25884580612182617,-0.20668622851371765,0.9967848062515259,CapturedFrames_-3.0_1.5_-2.0/video.mp4#frame=35
35,RIGHT_ELBOW,0.6817072033882141,0.24559155106544495,0.06765950471162796,0.10107956826686859,CapturedFrames_-3.0_1.5_-2.0/video.mp4#frame=35
35,LEFT_WRIST,0.6918426752090454,0.3519814610481262,-0.18936142325401306,0.992478609085083,CapturedFrames_-3.0_1.5_-2.0/video.mp4#frame=35
35,RIGHT_WRIST,0.6619991064071655,0.30401647090911865,0.03340721130371094,0.20461532473564148,CapturedFrames_-3.0_1.5_-2.0/video.mp4#frame=35
35,LEFT_PINKY,0.6969234347343445,0.3780041038990021,-0.21352097392082214,0.982322633266449,CapturedFrames_-3.0_1.5_-2.0/video.mp4#frame=35
35,RIGHT_PINKY,0.6533831357955933,0.32344821095466614,0.032529011368751526,0.18672040104866028,CapturedFrames_-3.0_1.5_-2.0/video.mp4#frame=35
35,LEFT_INDEX,0.6923573017120361,0.3779400587081909,-0.21553274989128113,0.9800941348075867,CapturedFrames_-3.0_1.5_-2.0/video.mp4#frame=35
35,RIGHT_INDEX,0.6518210768699646,0.32184118032455444,0.00994516909122467,0.19276081025600433,CapturedFrames_-3.0_1.5_-2.0/video.mp4#frame=35
35,LEFT_THUMB,0.6895636320114136,0.3679043650627136,-0.18883748352527618,0.9689652323722839,CapturedFrames_-3.0_1.5_-2.0/video.mp4#frame=35
35,RIGHT_THUMB,0.6556572318077087,0.3166297674179077,0.022655107080936432,0.20458315312862396,CapturedFrames_-3.0_1.5_-2.0/video.mp4#frame=35
35,LEFT_HIP,0.6799612641334534,0.33529844880104065,-0.060499630868434906,0.9994662404060364,CapturedFrames_-3.0_1.5_-2.0/video.mp4#frame=35
35,RIGHT_HIP,0.6850782632827759,0.3286477029323578,0.060547538101673126,0.998770534992218,CapturedFrames_-3.0_1.5_-2.0/video.mp4#frame=35
35,LEFT_KNEE,0.6325182914733887,0.43459653854370117,0.021949922665953636,0.9923596978187561,CapturedFrames_-3.0_1.5_-2.0/video.mp4#frame=35
35,RIGHT_KNEE,0.6821181774139404,0.43530333042144775,0.17764616012573242,0.8338835835456848,CapturedFrames_-3.0_1.5_-2.0/video.mp4#frame=35
35,LEFT_ANKLE,0.6085522174835205,0.5508373975753784,0.11459144204854965,0.9915766716003418,CapturedFrames_-3.0_1.5_-2.0/video.mp4#frame=35
35,RIGHT_ANKLE,0.6940258741378784,0.5490305423736572,0.29964229464530945,0.9120805263519287,CapturedFrames_-3.0_1.5_-2.0/video.mp4#frame=35
35,LEFT_HEEL,0.6125115752220154,0.5748854875564575,0.12064681947231293,0.9848213791847229,CapturedFrames_-3.0_1.5_-2.0/video.mp4#frame=35
35,RIGHT_HEEL,0.7019733786582947,0.5767265558242798,0.3103336691856384,0.914117157459259,CapturedFrames_-3.0_1.5_-2.0/video.mp4#frame=35
35,LEFT_FOOT_INDEX,0.5728105902671814,0.5439996123313904,0.07550495117902756,0.9830580353736877,CapturedFrames_-3.0_1.5_-2.0/video.mp4#frame=35
35,RIGHT_FOOT_INDEX,0.6599120497703552,0.5560414791107178,0.28836700320243835,0.9244894981384277,CapturedFrames_-3.0_1.5_-2.0/video.mp4#frame=35
36,NOSE,0.6472232937812805,0.06907257437705994,-0.11262507736682892,0.9999467134475708,CapturedFrames_-3.0_1.5_-2.0/video.mp4#frame=36
36,LEFT_EYE_INNER,0.6530429124832153,0.055601298809051514,-0.1270887702703476,0.9999372959136963,CapturedFrames_-3.0_1.5_-2.0/video.mp4#frame=36
36,LEFT_EYE,0.654222846031189,0.05563494190573692,-0.1271176040172577,0.9999510049819946,CapturedFrames_-3.0_1.5_-2.0/video.mp4#frame=36
36,LEFT_EYE_OUTER,0.6554328799247742,0.05568033456802368,-0.12716132402420044,0.9999673366546631,CapturedFrames_-3.0_1.5_-2.0/video.mp4#frame=36
36,RIGHT_EYE_INNER,0.6531035900115967,0.05529022216796875,-0.1033322662115097,0.9999046325683594,CapturedFrames_-3.0_1.5_-2.0/video.mp4#frame=36
36,RIGHT_EYE,0.6543657183647156,0.055091530084609985,-0.10331529378890991,0.999883770942688,CapturedFrames_-3.0_1.5_-2.0/video.mp4#frame=36
36,RIGHT_EYE_OUTER,0.6557673811912537,0.054853405803442,-0.1033608466386795,0.9999001026153564,CapturedFrames_-3.0_1.5_-2.0/video.mp4#frame=36
36,LEFT_EAR,0.6654433608055115,0.06272602081298828,-0.16233137249946594,0.9999734163284302,CapturedFrames_-3.0_1.5_-2.0/video.mp4#frame=36
36,RIGHT_EAR,0.6661003828048706,0.06187215447425842,-0.05831919237971306,0.9998406171798706,CapturedFrames_-3.0_1.5_-2.0/video.mp4#frame=36
36,MOUTH_LEFT,0.651938259601593,0.08434854447841644,-0.12338687479496002,0.9999653100967407,CapturedFrames_-3.0_1.5_-2.0/video.mp4#frame=36
36,MOUTH_RIGHT,0.6518123745918274,0.0844305008649826,-0.09302835911512375,0.999920129776001,CapturedFrames_-3.0_1.5_-2.0/video.mp4#frame=36
36,LEFT_SHOULDER,0.6830894947052002,0.15238241851329803,-0.19765159487724304,0.9999804496765137,CapturedFrames_-3.0_1.5_-2.0/video.mp4#frame=36
36,RIGHT_SHOULDER,0.6812199354171753,0.14279679954051971,0.02244640700519085,0.9988032579421997,CapturedFrames_-3.0_1.5_-2.0/video.mp4#frame=36
36,LEFT_ELBOW,0.6889452338218689,0.2650330662727356,-0.20671141147613525,0.9921608567237854,CapturedFrames_-3.0_1.5_-2.0/video.mp4#frame=36
36,RIGHT_ELBOW,0.6747952103614807,0.24585823714733124,0.05429450795054436,0.05888817459344864,CapturedFrames_-3.0_1.5_-2.0/video.mp4#frame=36
36,LEFT_WRIST,0.6890190839767456,0.3587484657764435,-0.18563055992126465,0.9852875471115112,CapturedFrames_-3.0_1.5_-2.0/video.mp4#frame=36
36,RIGHT_WRIST,0.6557781100273132,0.30158963799476624,0.020772963762283325,0.12055779248476028,CapturedFrames_-3.0_1.5_-2.0/video.mp4#frame=36
36,LEFT_PINKY,0.6959633827209473,0.3843822181224823,-0.2101553976535797,0.968319296836853,CapturedFrames_-3.0_1.5_-2.0/video.mp4#frame=36
36,RIGHT_PINKY,0.6511394381523132,0.3176436126232147,0.019462980329990387,0.12003852427005768,CapturedFrames_-3.0_1.5_-2.0/video.mp4#frame=36
36,LEFT_INDEX,0.6921794414520264,0.3857977092266083,-0.21158573031425476,0.9648839831352234,CapturedFrames_-3.0_1.5_-2.0/video.mp4#frame=36
36,RIGHT_INDEX,0.6477388143539429,0.3175954818725586,-0.002171397441998124,0.1269879788160324,CapturedFrames_-3.0_1.5_-2.0/video.mp4#frame=36
36,LEFT_THUMB,0.6878861784934998,0.37661415338516235,-0.18491710722446442,0.9473402500152588,CapturedFrames_-3.0_1.5_-2.0/video.mp4#frame=36
36,RIGHT_THUMB,0.6498303413391113,0.312653511762619,0.010198942385613918,0.1443319320678711,CapturedFrames_-3.0_1.5_-2.0/video.mp4#frame=36
36,LEFT_HIP,0.6674043536186218,0.33345410227775574,-0.05719351768493652,0.9991487264633179,CapturedFrames_-3.0_1.5_-2.0/video.mp4#frame=36
36,RIGHT_HIP,0.6731685400009155,0.32791075110435486,0.05722760036587715,0.9984666109085083,CapturedFrames_-3.0_1.5_-2.0/video.mp4#frame=36
36,LEFT_KNEE,0.6197470426559448,0.42701780796051025,0.04042627289891243,0.9482750296592712,CapturedFrames_-3.0_1.5_-2.0/video.mp4#frame=36
36,RIGHT_KNEE,0.6780104637145996,0.4418206512928009,0.16594883799552917,0.7640296220779419,CapturedFrames_-3.0_1.5_-2.0/video.mp4#frame=36
36,LEFT_ANKLE,0.5882307291030884,0.5293671488761902,0.1542641520500183,0.9788975715637207,CapturedFrames_-3.0_1.5_-2.0/video.mp4#frame=36
36,RIGHT_ANKLE,0.6932422518730164,0.5506989359855652,0.2770882844924927,0.8719397783279419,CapturedFrames_-3.0_1.5_-2.0/video.mp4#frame=36
36,LEFT_HEEL,0.5884658694267273,0.5569239854812622,0.16271036863327026,0.9695802927017212,CapturedFrames_-3.0_1.5_-2.0/video.mp4#frame=36
36,RIGHT_HEEL,0.7001088857650757,0.5794824957847595,0.28745487332344055,0.8850396871566772,CapturedFrames_-3.0_1.5_-2.0/video.mp4#frame=36
36,LEFT_FOOT_INDEX,0.5530869364738464,0.5168737769126892,0.12605738639831543,0.9593129754066467,CapturedFrames_-3.0_1.5_-2.0/video.mp4#frame=36
36,RIGHT_FOOT_INDEX,0.6610169410705566,0.5583962202072144,0.2670842111110687,0.8631827235221863,CapturedFrames_-3.0_1.5_-2.0/video.mp4#frame=36
37,NOSE,0.6361393332481384,0.07562294602394104,-0.10535552352666855,0.9999938011169434,CapturedFrames_-3.0_1.5_-2.0/video.mp4#frame=37
37,LEFT_EYE_INNER,0.6417415142059326,0.06338462233543396,-0.11892633140087128,0.9999915361404419,CapturedFrames_-3.0_1.5_-2.0/video.mp4#frame=37
37,LEFT_EYE,0.6428849101066589,0.06342130899429321,-0.11894669383764267,0.999992847442627,CapturedFrames_-3.0_1.5_-2.0/video.mp4#frame=37
37,LEFT_EYE_OUTER,0.6440802812576294,0.06348952651023865,-0.11897673457860947,0.9999955892562866,CapturedFrames_-3.0_1.5_-2.0/video.mp4#frame=37
37,RIGHT_EYE_INNER,0.6417645215988159,0.06293687224388123,-0.09608343243598938,0.9999867677688599,CapturedFrames_-3.0_1.5_-2.0/video.mp4#frame=37
37,RIGHT_EYE,0.6429896354675293,0.06269407272338867,-0.09606920927762985,0.9999822378158569,CapturedFrames_-3.0_1.5_-2.0/video.mp4#frame=37
37,RIGHT_EYE_OUTER,0.644353985786438,0.062465518712997437,-0.09608890861272812,0.999984860420227,CapturedFrames_-3.0_1.5_-2.0/video.mp4#frame=37
37,LEFT_EAR,0.653655469417572,0.07050958275794983,-0.15004590153694153,0.9999958276748657,CapturedFrames_-3.0_1.5_-2.0/video.mp4#frame=37
37,RIGHT_EAR,0.6540414094924927,0.06954914331436157,-0.05026416853070259,0.9999734163284302,CapturedFrames_-3.0_1.5_-2.0/video.mp4#frame=37
37,MOUTH_LEFT,0.6407060623168945,0.09020034968852997,-0.11454149335622787,0.9999959468841553,CapturedFrames_-3.0_1.5_-2.0/video.mp4#frame=37
37,MOUTH_RIGHT,0.6405096054077148,0.09013024717569351,-0.08542201668024063,0.9999889135360718,CapturedFrames_-3.0_1.5_-2.0/video.mp4#frame=37
37,LEFT_SHOULDER,0.6736146211624146,0.15525886416435242,-0.186891108751297,0.9999963045120239,CapturedFrames_-3.0_1.5_-2.0/video.mp4#frame=37
37,RIGHT_SHOULDER,0.6650137305259705,0.14818207919597626,0.03491833806037903,0.9997568726539612,CapturedFrames_-3.0_1.5_-2.0/video.mp4#frame=37
37,LEFT_ELBOW,0.6814662218093872,0.26587072014808655,-0.2005070149898529,0.9981313347816467,CapturedFrames_-3.0_1.5_-2.0/video.mp4#frame=37
37,RIGHT_ELBOW,0.6547598242759705,0.2414659559726715,0.08503386378288269,0.1321476548910141,CapturedFrames_-3.0_1.5_-2.0/video.mp4#frame=37
37,LEFT_WRIST,0.684709906578064,0.36613354086875916,-0.19160252809524536,0.996773898601532,CapturedFrames_-3.0_1.5_-2.0/video.mp4#frame=37
37,RIGHT_WRIST,0.6269888877868652,0.27980783581733704,0.061553291976451874,0.38107484579086304,CapturedFrames_-3.0_1.5_-2.0/video.mp4#frame=37
37,LEFT_PINKY,0.6931684613227844,0.38857442140579224,-0.21507132053375244,0.991443932056427,CapturedFrames_-3.0_1.5_-2.0/video.mp4#frame=37
37,RIGHT_PINKY,0.616992175579071,0.30150043964385986,0.06155858561396599,0.3605506718158722,CapturedFrames_-3.0_1.5_-2.0/video.mp4#frame=37
37,LEFT_INDEX,0.6886699795722961,0.39014244079589844,-0.21798810362815857,0.9906296133995056,CapturedFrames_-3.0_1.5_-2.0/video.mp4#frame=37
37,RIGHT_INDEX,0.615119457244873,0.3009975254535675,0.03895865008234978,0.38024383783340454,CapturedFrames_-3.0_1.5_-2.0/video.mp4#frame=37
37,LEFT_THUMB,0.6841773390769958,0.3823034167289734,-0.19116716086864471,0.9851421117782593,CapturedFrames_-3.0_1.5_-2.0/video.mp4#frame=37
37,RIGHT_THUMB,0.6194019913673401,0.293207585811615,0.05063115805387497,0.4036581516265869,CapturedFrames_-3.0_1.5_-2.0/video.mp4#frame=37
37,LEFT_HIP,0.6564906239509583,0.3363887667655945,-0.05903664976358414,0.9996228218078613,CapturedFrames_-3.0_1.5_-2.0/video.mp4#frame=37
37,RIGHT_HIP,0.6629863977432251,0.3304974436759949,0.05907118320465088,0.9993582367897034,CapturedFrames_-3.0_1.5_-2.0/video.mp4#frame=37
37,LEFT_KNEE,0.6063640117645264,0.4206494688987732,0.04050193354487419,0.9631502032279968,CapturedFrames_-3.0_1.5_-2.0/video.mp4#frame=37
37,RIGHT_KNEE,0.6723254919052124,0.44312751293182373,0.170967236161232,0.8089469075202942,CapturedFrames_-3.0_1.5_-2.0/video.mp4#frame=37
37,LEFT_ANKLE,0.5716063380241394,0.5197579264640808,0.1554316282272339,0.9827530384063721,CapturedFrames_-3.0_1.5_-2.0/video.mp4#frame=37
37,RIGHT_ANKLE,0.6945998072624207,0.547250509262085,0.28478285670280457,0.8927451372146606,CapturedFrames_-3.0_1.5_-2.0/video.mp4#frame=37
37,LEFT_HEEL,0.5687624216079712,0.5480965375900269,0.1647493839263916,0.9776550531387329,CapturedFrames_-3.0_1.5_-2.0/video.mp4#frame=37
37,RIGHT_HEEL,0.7019107341766357,0.5728764533996582,0.295899361371994,0.91435706615448,CapturedFrames_-3.0_1.5_-2.0/video.mp4#frame=37
37,LEFT_FOOT_INDEX,0.5380498766899109,0.4970134198665619,0.13421232998371124,0.9673987627029419,CapturedFrames_-3.0_1.5_-2.0/video.mp4#frame=37
37,RIGHT_FOOT_INDEX,0.6596954464912415,0.5592695474624634,0.2810943126678467,0.8819621205329895,CapturedFrames_-3.0_1.5_-2.0/video.mp4#frame=37
38,NOSE,0.6238078474998474,0.0855485200881958,-0.10819895565509796,0.9999955892562866,CapturedFrames_-3.0_1.5_-2.0/video.mp4#frame=38
38,LEFT_EYE_INNER,0.62937992811203,0.0727408230304718,-0.12243489176034927,0.9999933242797852,CapturedFrames_-3.0_1.5_-2.0/video.mp4#frame=38
38,LEFT_EYE,0.6305242776870728,0.07247689366340637,-0.1224520355463028,0.9999942779541016,CapturedFrames_-3.0_1.5_-2.0/video.mp4#frame=38
38,LEFT_EYE_OUTER,0.6316190361976624,0.0721966028213501,-0.12248227745294571,0.9999961853027344,CapturedFrames_-3.0_1.5_-2.0/video.mp4#frame=38
38,RIGHT_EYE_INNER,0.6295418739318848,0.0724683403968811,-0.10012388229370117,0.9999902248382568,CapturedFrames_-3.0_1.5_-2.0/video.mp4#frame=38
38,RIGHT_EYE,0.630827784538269,0.07197752594947815,-0.10010980069637299,0.9999877214431763,CapturedFrames_-3.0_1.5_-2.0/video.mp4#frame=38
38,RIGHT_EYE_OUTER,0.6321061253547668,0.0714387595653534,-0.10012620687484741,0.99998939037323,CapturedFrames_-3.0_1.5_-2.0/video.mp4#frame=38
38,LEFT_EAR,0.6408773064613342,0.0773921012878418,-0.15284010767936707,0.9999959468841553,CapturedFrames_-3.0_1.5_-2.0/video.mp4#frame=38
38,RIGHT_EAR,0.6413209438323975,0.0767417848110199,-0.055539846420288086,0.9999836683273315,CapturedFrames_-3.0_1.5_-2.0/video.mp4#frame=38
38,MOUTH_LEFT,0.6290243864059448,0.09972870349884033,-0.11668024212121964,0.9999960660934448,CapturedFrames_-3.0_1.5_-2.0/video.mp4#frame=38
38,MOUTH_RIGHT,0.6288442611694336,0.09948843717575073,-0.08830834180116653,0.9999910593032837,CapturedFrames_-3.0_1.5_-2.0/video.mp4#frame=38
38,LEFT_SHOULDER,0.6621707677841187,0.16051170229911804,-0.18361441791057587,0.9999954700469971,CapturedFrames_-3.0_1.5_-2.0/video.mp4#frame=38
38,RIGHT_SHOULDER,0.652930498123169,0.1498248428106308,0.027581626549363136,0.9998980760574341,CapturedFrames_-3.0_1.5_-2.0/video.mp4#frame=38
38,LEFT_ELBOW,0.6703153848648071,0.26937079429626465,-0.19752170145511627,0.9970685839653015,CapturedFrames_-3.0_1.5_-2.0/video.mp4#frame=38
38,RIGHT_ELBOW,0.6404540538787842,0.23656600713729858,0.0805712416768074,0.14405585825443268,CapturedFrames_-3.0_1.5_-2.0/video.mp4#frame=38
38,LEFT_WRIST,0.6750402450561523,0.36635106801986694,-0.18854841589927673,0.9935311675071716,CapturedFrames_-3.0_1.5_-2.0/video.mp4#frame=38
38,RIGHT_WRIST,0.6157956123352051,0.27826008200645447,0.06624942272901535,0.36204561591148376,CapturedFrames_-3.0_1.5_-2.0/video.mp4#frame=38
38,LEFT_PINKY,0.6840590238571167,0.3879910409450531,-0.21111667156219482,0.983822762966156,CapturedFrames_-3.0_1.5_-2.0/video.mp4#frame=38
38,RIGHT_PINKY,0.6064209342002869,0.2964816987514496,0.06716301292181015,0.3499980568885803,CapturedFrames_-3.0_1.5_-2.0/video.mp4#frame=38
38,LEFT_INDEX,0.6795424222946167,0.3892383277416229,-0.21395018696784973,0.9824348092079163,CapturedFrames_-3.0_1.5_-2.0/video.mp4#frame=38
38,RIGHT_INDEX,0.604771614074707,0.29636043310165405,0.045138001441955566,0.3661468029022217,CapturedFrames_-3.0_1.5_-2.0/video.mp4#frame=38
38,LEFT_THUMB,0.6748353242874146,0.3817150592803955,-0.18839116394519806,0.9735047817230225,CapturedFrames_-3.0_1.5_-2.0/video.mp4#frame=38
38,RIGHT_THUMB,0.6082687973976135,0.2903938889503479,0.055956143885850906,0.3917509615421295,CapturedFrames_-3.0_1.5_-2.0/video.mp4#frame=38
38,LEFT_HIP,0.6474453210830688,0.33729034662246704,-0.05594848468899727,0.9996687173843384,CapturedFrames_-3.0_1.5_-2.0/video.mp4#frame=38
38,RIGHT_HIP,0.6549217104911804,0.33136531710624695,0.05597029998898506,0.9996477365493774,CapturedFrames_-3.0_1.5_-2.0/video.mp4#frame=38
38,LEFT_KNEE,0.5963188409805298,0.41967007517814636,0.04530307650566101,0.9768868088722229,CapturedFrames_-3.0_1.5_-2.0/video.mp4#frame=38
38,RIGHT_KNEE,0.6655824184417725,0.442709743976593,0.1593542993068695,0.8717569708824158,CapturedFrames_-3.0_1.5_-2.0/video.mp4#frame=38
38,LEFT_ANKLE,0.5602155327796936,0.5200588703155518,0.16239573061466217,0.985095202922821,CapturedFrames_-3.0_1.5_-2.0/video.mp4#frame=38
38,RIGHT_ANKLE,0.6920222043991089,0.5458953380584717,0.2561206519603729,0.9259123206138611,CapturedFrames_-3.0_1.5_-2.0/video.mp4#frame=38
38,LEFT_HEEL,0.5583713054656982,0.5468475818634033,0.1728803962469101,0.9809375405311584,CapturedFrames_-3.0_1.5_-2.0/video.mp4#frame=38
38,RIGHT_HEEL,0.6997926235198975,0.5704700350761414,0.26574352383613586,0.9331462979316711,CapturedFrames_-3.0_1.5_-2.0/video.mp4#frame=38
38,LEFT_FOOT_INDEX,0.5291280150413513,0.49735769629478455,0.15165571868419647,0.9733032584190369,CapturedFrames_-3.0_1.5_-2.0/video.mp4#frame=38
38,RIGHT_FOOT_INDEX,0.6603488922119141,0.5586681962013245,0.2534557580947876,0.9129137992858887,CapturedFrames_-3.0_1.5_-2.0/video.mp4#frame=38
39,NOSE,0.6151049137115479,0.08729523420333862,-0.10526621341705322,0.9999977350234985,CapturedFrames_-3.0_1.5_-2.0/video.mp4#frame=39
39,LEFT_EYE_INNER,0.6192706227302551,0.07486268877983093,-0.11848779022693634,0.9999967813491821,CapturedFrames_-3.0_1.5_-2.0/video.mp4#frame=39
39,LEFT_EYE,0.6202279329299927,0.07472017407417297,-0.11850713193416595,0.9999974966049194,CapturedFrames_-3.0_1.5_-2.0/video.mp4#frame=39
39,LEFT_EYE_OUTER,0.6211931109428406,0.07465377449989319,-0.11853702366352081,0.9999983310699463,CapturedFrames_-3.0_1.5_-2.0/video.mp4#frame=39
39,RIGHT_EYE_INNER,0.619259774684906,0.07386800646781921,-0.09706179052591324,0.9999947547912598,CapturedFrames_-3.0_1.5_-2.0/video.mp4#frame=39
39,RIGHT_EYE,0.6202841997146606,0.0730939507484436,-0.09704094380140305,0.9999934434890747,CapturedFrames_-3.0_1.5_-2.0/video.mp4#frame=39
39,RIGHT_EYE_OUTER,0.6213920712471008,0.07245099544525146,-0.0970432311296463,0.9999936819076538,CapturedFrames_-3.0_1.5_-2.0/video.mp4#frame=39
39,LEFT_EAR,0.6317156553268433,0.08052113652229309,-0.1452765315771103,0.9999982118606567,CapturedFrames_-3.0_1.5_-2.0/video.mp4#frame=39
39,RIGHT_EAR,0.6312708854675293,0.07858860492706299,-0.05230807512998581,0.9999895095825195,CapturedFrames_-3.0_1.5_-2.0/video.mp4#frame=39
39,MOUTH_LEFT,0.6186012625694275,0.10186722874641418,-0.11256780475378036,0.9999977350234985,CapturedFrames_-3.0_1.5_-2.0/video.mp4#frame=39
39,MOUTH_RIGHT,0.6182969212532043,0.10084885358810425,-0.08545036613941193,0.9999943971633911,CapturedFrames_-3.0_1.5_-2.0/video.mp4#frame=39
39,LEFT_SHOULDER,0.6485421657562256,0.16344359517097473,-0.17917382717132568,0.999997615814209,CapturedFrames_-3.0_1.5_-2.0/video.mp4#frame=39
39,RIGHT_SHOULDER,0.6426615118980408,0.15408048033714294,0.03323634713888168,0.999875545501709,CapturedFrames_-3.0_1.5_-2.0/video.mp4#frame=39
39,LEFT_ELBOW,0.6572328805923462,0.27281102538108826,-0.19513638317584991,0.9986962676048279,CapturedFrames_-3.0_1.5_-2.0/video.mp4#frame=39
39,RIGHT_ELBOW,0.6331174969673157,0.24455398321151733,0.0854966938495636,0.1398070901632309,CapturedFrames_-3.0_1.5_-2.0/video.mp4#frame=39
39,LEFT_WRIST,0.6643736958503723,0.36886996030807495,-0.18515445291996002,0.9978671073913574,CapturedFrames_-3.0_1.5_-2.0/video.mp4#frame=39
39,RIGHT_WRIST,0.6055503487586975,0.2788735628128052,0.06372460722923279,0.45197367668151855,CapturedFrames_-3.0_1.5_-2.0/video.mp4#frame=39
39,LEFT_PINKY,0.673043966293335,0.3894592821598053,-0.2074030190706253,0.9939867258071899,CapturedFrames_-3.0_1.5_-2.0/video.mp4#frame=39
39,RIGHT_PINKY,0.5962373614311218,0.296489417552948,0.0634925365447998,0.44369155168533325,CapturedFrames_-3.0_1.5_-2.0/video.mp4#frame=39
39,LEFT_INDEX,0.6690556406974792,0.3911201059818268,-0.21058018505573273,0.9934743046760559,CapturedFrames_-3.0_1.5_-2.0/video.mp4#frame=39
39,RIGHT_INDEX,0.5943049788475037,0.2978658974170685,0.040396735072135925,0.4654499590396881,CapturedFrames_-3.0_1.5_-2.0/video.mp4#frame=39
39,LEFT_THUMB,0.6640274524688721,0.38403481245040894,-0.1847146600484848,0.9895499348640442,CapturedFrames_-3.0_1.5_-2.0/video.mp4#frame=39
39,RIGHT_THUMB,0.5978969931602478,0.2919189929962158,0.05284085124731064,0.47947680950164795,CapturedFrames_-3.0_1.5_-2.0/video.mp4#frame=39
39,LEFT_HIP,0.6349002718925476,0.33886873722076416,-0.056221384555101395,0.9997484087944031,CapturedFrames_-3.0_1.5_-2.0/video.mp4#frame=39
39,RIGHT_HIP,0.6434263586997986,0.33168935775756836,0.0562385730445385,0.999649167060852,CapturedFrames_-3.0_1.5_-2.0/video.mp4#frame=39
39,LEFT_KNEE,0.586978018283844,0.42451149225234985,0.04227596893906593,0.9797329902648926,CapturedFrames_-3.0_1.5_-2.0/video.mp4#frame=39
39,RIGHT_KNEE,0.6597927808761597,0.44275882840156555,0.15684424340724945,0.8876307010650635,CapturedFrames_-3.0_1.5_-2.0/video.mp4#frame=39
39,LEFT_ANKLE,0.5562258958816528,0.5249306559562683,0.1559908241033554,0.9868302941322327,CapturedFrames_-3.0_1.5_-2.0/video.mp4#frame=39
39,RIGHT_ANKLE,0.6903473734855652,0.5450018644332886,0.25391650199890137,0.9352501034736633,CapturedFrames_-3.0_1.5_-2.0/video.mp4#frame=39
39,LEFT_HEEL,0.5562232136726379,0.5500401258468628,0.16598102450370789,0.9830439686775208,CapturedFrames_-3.0_1.5_-2.0/video.mp4#frame=39
39,RIGHT_HEEL,0.6996761560440063,0.5697214007377625,0.2634710967540741,0.9421858787536621,CapturedFrames_-3.0_1.5_-2.0/video.mp4#frame=39
39,LEFT_FOOT_INDEX,0.5226197242736816,0.510424017906189,0.14495380222797394,0.9768900871276855,CapturedFrames_-3.0_1.5_-2.0/video.mp4#frame=39
39,RIGHT_FOOT_INDEX,0.6591184139251709,0.5615940093994141,0.2502234876155853,0.9259260892868042,CapturedFrames_-3.0_1.5_-2.0/video.mp4#frame=39
40,NOSE,0.6043099761009216,0.09233570843935013,-0.10448046773672104,0.9999973773956299,CapturedFrames_-3.0_1.5_-2.0/video.mp4#frame=40
40,LEFT_EYE_INNER,0.6085500121116638,0.08003029227256775,-0.11851060390472412,0.9999959468841553,CapturedFrames_-3.0_1.5_-2.0/video.mp4#frame=40
40,LEFT_EYE,0.6094931960105896,0.07990643382072449,-0.1185288205742836,0.999996542930603,CapturedFrames_-3.0_1.5_-2.0/video.mp4#frame=40
40,LEFT_EYE_OUTER,0.6104456782341003,0.07976150512695312,-0.11856535822153091,0.9999978542327881,CapturedFrames_-3.0_1.5_-2.0/video.mp4#frame=40
40,RIGHT_EYE_INNER,0.6084873676300049,0.07968077063560486,-0.09644857794046402,0.9999923706054688,CapturedFrames_-3.0_1.5_-2.0/video.mp4#frame=40
40,RIGHT_EYE,0.6094763278961182,0.07931849360466003,-0.09642362594604492,0.9999898672103882,CapturedFrames_-3.0_1.5_-2.0/video.mp4#frame=40
40,RIGHT_EYE_OUTER,0.6106079816818237,0.07889750599861145,-0.09643544256687164,0.9999915361404419,CapturedFrames_-3.0_1.5_-2.0/video.mp4#frame=40
40,LEFT_EAR,0.6199694275856018,0.08601656556129456,-0.14998389780521393,0.9999979734420776,CapturedFrames_-3.0_1.5_-2.0/video.mp4#frame=40
40,RIGHT_EAR,0.6200863718986511,0.08471965789794922,-0.053546495735645294,0.9999877214431763,CapturedFrames_-3.0_1.5_-2.0/video.mp4#frame=40
40,MOUTH_LEFT,0.6084021329879761,0.10645805299282074,-0.1133209690451622,0.999997615814209,CapturedFrames_-3.0_1.5_-2.0/video.mp4#frame=40
40,MOUTH_RIGHT,0.6081053614616394,0.10625410079956055,-0.0852355882525444,0.9999945163726807,CapturedFrames_-3.0_1.5_-2.0/video.mp4#frame=40
40,LEFT_SHOULDER,0.6374937295913696,0.1694934368133545,-0.1801411360502243,0.9999982118606567,CapturedFrames_-3.0_1.5_-2.0/video.mp4#frame=40
40,RIGHT_SHOULDER,0.6322348713874817,0.15703462064266205,0.024812493473291397,0.9999074935913086,CapturedFrames_-3.0_1.5_-2.0/video.mp4#frame=40
40,LEFT_ELBOW,0.6447786092758179,0.27563363313674927,-0.19240200519561768,0.9969550371170044,CapturedFrames_-3.0_1.5_-2.0/video.mp4#frame=40
40,RIGHT_ELBOW,0.6181473135948181,0.23933610320091248,0.06589412689208984,0.12023483216762543,CapturedFrames_-3.0_1.5_-2.0/video.mp4#frame=40
40,LEFT_WRIST,0.6487342715263367,0.37148794531822205,-0.18337583541870117,0.9946424961090088,CapturedFrames_-3.0_1.5_-2.0/video.mp4#frame=40
40,RIGHT_WRIST,0.5989392399787903,0.28859835863113403,0.04214226081967354,0.2993035316467285,CapturedFrames_-3.0_1.5_-2.0/video.mp4#frame=40
40,LEFT_PINKY,0.6583418250083923,0.39148709177970886,-0.20731434226036072,0.987165093421936,CapturedFrames_-3.0_1.5_-2.0/video.mp4#frame=40
40,RIGHT_PINKY,0.589422881603241,0.3091030716896057,0.03973865136504173,0.2867082357406616,CapturedFrames_-3.0_1.5_-2.0/video.mp4#frame=40
40,LEFT_INDEX,0.6547519564628601,0.39282819628715515,-0.21005801856517792,0.9859640598297119,CapturedFrames_-3.0_1.5_-2.0/video.mp4#frame=40
40,RIGHT_INDEX,0.5870835185050964,0.30846184492111206,0.018293995410203934,0.29870209097862244,CapturedFrames_-3.0_1.5_-2.0/video.mp4#frame=40
40,LEFT_THUMB,0.6496115922927856,0.384930282831192,-0.1833312213420868,0.9777300357818604,CapturedFrames_-3.0_1.5_-2.0/video.mp4#frame=40
40,RIGHT_THUMB,0.5916385650634766,0.3014777600765228,0.03159652277827263,0.32487308979034424,CapturedFrames_-3.0_1.5_-2.0/video.mp4#frame=40
40,LEFT_HIP,0.6209903955459595,0.34363844990730286,-0.05170488357543945,0.9997593760490417,CapturedFrames_-3.0_1.5_-2.0/video.mp4#frame=40
40,RIGHT_HIP,0.6293618679046631,0.3361680507659912,0.051727958023548126,0.9996131062507629,CapturedFrames_-3.0_1.5_-2.0/video.mp4#frame=40
40,LEFT_KNEE,0.5774025321006775,0.4282281696796417,0.039137642830610275,0.9678949117660522,CapturedFrames_-3.0_1.5_-2.0/video.mp4#frame=40
40,RIGHT_KNEE,0.6553800106048584,0.44250738620758057,0.16207914054393768,0.8526564240455627,CapturedFrames_-3.0_1.5_-2.0/video.mp4#frame=40
40,LEFT_ANKLE,0.5526440143585205,0.53168785572052,0.1456756591796875,0.9823810458183289,CapturedFrames_-3.0_1.5_-2.0/video.mp4#frame=40
40,RIGHT_ANKLE,0.687974214553833,0.5415348410606384,0.2720273733139038,0.9184267520904541,CapturedFrames_-3.0_1.5_-2.0/video.mp4#frame=40
40,LEFT_HEEL,0.5557594299316406,0.5568015575408936,0.15496626496315002,0.9788656234741211,CapturedFrames_-3.0_1.5_-2.0/video.mp4#frame=40
40,RIGHT_HEEL,0.6982790231704712,0.5674077272415161,0.283374160528183,0.9362012147903442,CapturedFrames_-3.0_1.5_-2.0/video.mp4#frame=40
40,LEFT_FOOT_INDEX,0.5207225680351257,0.5285089612007141,0.1319817155599594,0.9670609831809998,CapturedFrames_-3.0_1.5_-2.0/video.mp4#frame=40
40,RIGHT_FOOT_INDEX,0.658479630947113,0.5608226656913757,0.27446070313453674,0.909748911857605,CapturedFrames_-3.0_1.5_-2.0/video.mp4#frame=40
41,NOSE,0.5947026610374451,0.0929858386516571,-0.10471521317958832,0.9999986886978149,CapturedFrames_-3.0_1.5_-2.0/video.mp4#frame=41
41,LEFT_EYE_INNER,0.5996458530426025,0.0816425085067749,-0.11895893514156342,0.9999978542327881,CapturedFrames_-3.0_1.5_-2.0/video.mp4#frame=41
41,LEFT_EYE,0.6005420684814453,0.0816146731376648,-0.11896169185638428,0.9999983310699463,CapturedFrames_-3.0_1.5_-2.0/video.mp4#frame=41
41,LEFT_EYE_OUTER,0.601459264755249,0.08153419196605682,-0.11897401511669159,0.9999988079071045,CapturedFrames_-3.0_1.5_-2.0/video.mp4#frame=41
41,RIGHT_EYE_INNER,0.5997104644775391,0.08103771507740021,-0.09645576775074005,0.9999959468841553,CapturedFrames_-3.0_1.5_-2.0/video.mp4#frame=41
41,RIGHT_EYE,0.6007292866706848,0.08059269189834595,-0.09644113481044769,0.999995231628418,CapturedFrames_-3.0_1.5_-2.0/video.mp4#frame=41
41,RIGHT_EYE_OUTER,0.6018627285957336,0.08006161451339722,-0.09645304828882217,0.9999958276748657,CapturedFrames_-3.0_1.5_-2.0/video.mp4#frame=41
41,LEFT_EAR,0.6101829409599304,0.08827060461044312,-0.15043620765209198,0.9999986886978149,CapturedFrames_-3.0_1.5_-2.0/video.mp4#frame=41
41,RIGHT_EAR,0.6106644868850708,0.08582960069179535,-0.05202244967222214,0.9999942779541016,CapturedFrames_-3.0_1.5_-2.0/video.mp4#frame=41
41,MOUTH_LEFT,0.5985210537910461,0.10714810341596603,-0.11346794664859772,0.9999986886978149,CapturedFrames_-3.0_1.5_-2.0/video.mp4#frame=41
41,MOUTH_RIGHT,0.5985230207443237,0.10676678270101547,-0.08482655882835388,0.9999972581863403,CapturedFrames_-3.0_1.5_-2.0/video.mp4#frame=41
41,LEFT_SHOULDER,0.62638920545578,0.17425082623958588,-0.18239474296569824,0.999998927116394,CapturedFrames_-3.0_1.5_-2.0/video.mp4#frame=41
41,RIGHT_SHOULDER,0.6249939203262329,0.15610167384147644,0.02768000401556492,0.9999693632125854,CapturedFrames_-3.0_1.5_-2.0/video.mp4#frame=41
41,LEFT_ELBOW,0.6317166686058044,0.2790166437625885,-0.19234593212604523,0.9965302348136902,CapturedFrames_-3.0_1.5_-2.0/video.mp4#frame=41
41,RIGHT_ELBOW,0.6149082779884338,0.2526208758354187,0.06499993056058884,0.19377940893173218,CapturedFrames_-3.0_1.5_-2.0/video.mp4#frame=41
41,LEFT_WRIST,0.634157121181488,0.3745713233947754,-0.18480226397514343,0.9942924976348877,CapturedFrames_-3.0_1.5_-2.0/video.mp4#frame=41
41,RIGHT_WRIST,0.5903128385543823,0.3022911548614502,0.030583104118704796,0.46459755301475525,CapturedFrames_-3.0_1.5_-2.0/video.mp4#frame=41
41,LEFT_PINKY,0.6423065662384033,0.3962176442146301,-0.20875723659992218,0.9873300790786743,CapturedFrames_-3.0_1.5_-2.0/video.mp4#frame=41
41,RIGHT_PINKY,0.5828697085380554,0.3207979202270508,0.02574881538748741,0.4423655569553375,CapturedFrames_-3.0_1.5_-2.0/video.mp4#frame=41
41,LEFT_INDEX,0.6385166645050049,0.3990951180458069,-0.21271201968193054,0.9859593510627747,CapturedFrames_-3.0_1.5_-2.0/video.mp4#frame=41
41,RIGHT_INDEX,0.5828231573104858,0.3184005618095398,0.0038789287209510803,0.45282331109046936,CapturedFrames_-3.0_1.5_-2.0/video.mp4#frame=41
41,LEFT_THUMB,0.6350367665290833,0.3905331790447235,-0.18529003858566284,0.9780370593070984,CapturedFrames_-3.0_1.5_-2.0/video.mp4#frame=41
41,RIGHT_THUMB,0.5858405828475952,0.31310874223709106,0.01959414593875408,0.4709154963493347,CapturedFrames_-3.0_1.5_-2.0/video.mp4#frame=41
41,LEFT_HIP,0.6116142868995667,0.34874629974365234,-0.05520665645599365,0.9997275471687317,CapturedFrames_-3.0_1.5_-2.0/video.mp4#frame=41
41,RIGHT_HIP,0.6234118938446045,0.3423427641391754,0.055184345692396164,0.9996395111083984,CapturedFrames_-3.0_1.5_-2.0/video.mp4#frame=41
41,LEFT_KNEE,0.5654250383377075,0.4285936951637268,0.03634018078446388,0.974090039730072,CapturedFrames_-3.0_1.5_-2.0/video.mp4#frame=41
41,RIGHT_KNEE,0.6450429558753967,0.4455852806568146,0.15754197537899017,0.8724557757377625,CapturedFrames_-3.0_1.5_-2.0/video.mp4#frame=41
41,LEFT_ANKLE,0.5482814311981201,0.538032054901123,0.14294104278087616,0.9836732149124146,CapturedFrames_-3.0_1.5_-2.0/video.mp4#frame=41
41,RIGHT_ANKLE,0.6837347149848938,0.539034903049469,0.2610331177711487,0.9145927429199219,CapturedFrames_-3.0_1.5_-2.0/video.mp4#frame=41
41,LEFT_HEEL,0.5523384213447571,0.562385618686676,0.15212629735469818,0.9780542254447937,CapturedFrames_-3.0_1.5_-2.0/video.mp4#frame=41
41,RIGHT_HEEL,0.6955395936965942,0.5579820871353149,0.272024542093277,0.9451419115066528,CapturedFrames_-3.0_1.5_-2.0/video.mp4#frame=41
41,LEFT_FOOT_INDEX,0.5177736282348633,0.541039228439331,0.12883061170578003,0.970970094203949,CapturedFrames_-3.0_1.5_-2.0/video.mp4#frame=41
41,RIGHT_FOOT_INDEX,0.658044159412384,0.565635085105896,0.2667081952095032,0.9216622114181519,CapturedFrames_-3.0_1.5_-2.0/video.mp4#frame=41
42,NOSE,0.5842927694320679,0.0959417000412941,-0.10220049321651459,0.999988317489624,CapturedFrames_-3.0_1.5_-2.0/video.mp4#frame=42
42,LEFT_EYE_INNER,0.5888760089874268,0.08244475722312927,-0.11481717973947525,0.9999885559082031,CapturedFrames_-3.0_1.5_-2.0/video.mp4#frame=42
42,LEFT_EYE,0.589803159236908,0.08241146802902222,-0.11482640355825424,0.9999895095825195,CapturedFrames_-3.0_1.5_-2.0/video.mp4#frame=42
42,LEFT_EYE_OUTER,0.5907242894172668,0.08239780366420746,-0.11486943811178207,0.9999939203262329,CapturedFrames_-3.0_1.5_-2.0/video.mp4#frame=42
42,RIGHT_EYE_INNER,0.588834285736084,0.08219027519226074,-0.09325790405273438,0.999976634979248,CapturedFrames_-3.0_1.5_-2.0/video.mp4#frame=42
42,RIGHT_EYE,0.5897763967514038,0.08196358382701874,-0.0932309627532959,0.9999678134918213,CapturedFrames_-3.0_1.5_-2.0/video.mp4#frame=42
42,RIGHT_EYE_OUTER,0.5907742977142334,0.08168180286884308,-0.09324362874031067,0.9999775886535645,CapturedFrames_-3.0_1.5_-2.0/video.mp4#frame=42
42,LEFT_EAR,0.5993401408195496,0.08863000571727753,-0.14636778831481934,0.999993085861206,CapturedFrames_-3.0_1.5_-2.0/video.mp4#frame=42
42,RIGHT_EAR,0.5996842384338379,0.08716994524002075,-0.05190206319093704,0.9999644756317139,CapturedFrames_-3.0_1.5_-2.0/video.mp4#frame=42
42,MOUTH_LEFT,0.5874099731445312,0.10945628583431244,-0.1117703765630722,0.9999912977218628,CapturedFrames_-3.0_1.5_-2.0/video.mp4#frame=42
42,MOUTH_RIGHT,0.5872368216514587,0.10984864830970764,-0.08429712057113647,0.999981164932251,CapturedFrames_-3.0_1.5_-2.0/video.mp4#frame=42
42,LEFT_SHOULDER,0.613836407661438,0.17151643335819244,-0.18148669600486755,0.9999954700469971,CapturedFrames_-3.0_1.5_-2.0/video.mp4#frame=42
42,RIGHT_SHOULDER,0.6138893365859985,0.1621522456407547,0.022377168759703636,0.999825656414032,CapturedFrames_-3.0_1.5_-2.0/video.mp4#frame=42
42,LEFT_ELBOW,0.6171041131019592,0.2825911045074463,-0.18760740756988525,0.992155909538269,CapturedFrames_-3.0_1.5_-2.0/video.mp4#frame=42
42,RIGHT_ELBOW,0.6075612306594849,0.259733647108078,0.04864872619509697,0.07584390789270401,CapturedFrames_-3.0_1.5_-2.0/video.mp4#frame=42
42,LEFT_WRIST,0.6187339425086975,0.37429365515708923,-0.16205842792987823,0.985848069190979,CapturedFrames_-3.0_1.5_-2.0/video.mp4#frame=42
42,RIGHT_WRIST,0.5877506732940674,0.31721484661102295,0.01630951277911663,0.15083225071430206,CapturedFrames_-3.0_1.5_-2.0/video.mp4#frame=42
42,LEFT_PINKY,0.6239113807678223,0.3971162438392639,-0.1842353790998459,0.9714664816856384,CapturedFrames_-3.0_1.5_-2.0/video.mp4#frame=42
42,RIGHT_PINKY,0.5824289917945862,0.3323235511779785,0.012303975410759449,0.156587153673172,CapturedFrames_-3.0_1.5_-2.0/video.mp4#frame=42
42,LEFT_INDEX,0.618480384349823,0.3987569212913513,-0.18741129338741302,0.9698013663291931,CapturedFrames_-3.0_1.5_-2.0/video.mp4#frame=42
42,RIGHT_INDEX,0.5810149908065796,0.33146753907203674,-0.0062326653860509396,0.16329611837863922,CapturedFrames_-3.0_1.5_-2.0/video.mp4#frame=42
42,LEFT_THUMB,0.6160345077514648,0.3918573260307312,-0.1621757596731186,0.9565953016281128,CapturedFrames_-3.0_1.5_-2.0/video.mp4#frame=42
42,RIGHT_THUMB,0.5839061737060547,0.3274378180503845,0.00691439863294363,0.17951907217502594,CapturedFrames_-3.0_1.5_-2.0/video.mp4#frame=42
42,LEFT_HIP,0.6042634844779968,0.3405154347419739,-0.056013286113739014,0.9995707869529724,CapturedFrames_-3.0_1.5_-2.0/video.mp4#frame=42
42,RIGHT_HIP,0.6068974137306213,0.3326663076877594,0.05598384886980057,0.999437153339386,CapturedFrames_-3.0_1.5_-2.0/video.mp4#frame=42
42,LEFT_KNEE,0.552783191204071,0.42523452639579773,0.011150036007165909,0.9776121377944946,CapturedFrames_-3.0_1.5_-2.0/video.mp4#frame=42
42,RIGHT_KNEE,0.6274387836456299,0.44160619378089905,0.12345254421234131,0.7964650988578796,CapturedFrames_-3.0_1.5_-2.0/video.mp4#frame=42
42,LEFT_ANKLE,0.5472513437271118,0.5386998653411865,0.10281282663345337,0.9894914627075195,CapturedFrames_-3.0_1.5_-2.0/video.mp4#frame=42
42,RIGHT_ANKLE,0.6724340915679932,0.5284952521324158,0.19617903232574463,0.8970509767532349,CapturedFrames_-3.0_1.5_-2.0/video.mp4#frame=42
42,LEFT_HEEL,0.5523045659065247,0.561517596244812,0.11042280495166779,0.9745026230812073,CapturedFrames_-3.0_1.5_-2.0/video.mp4#frame=42
42,RIGHT_HEEL,0.687980592250824,0.5412158370018005,0.20305171608924866,0.8982316851615906,CapturedFrames_-3.0_1.5_-2.0/video.mp4#frame=42
42,LEFT_FOOT_INDEX,0.5179632306098938,0.5433716177940369,0.08665575087070465,0.9707448482513428,CapturedFrames_-3.0_1.5_-2.0/video.mp4#frame=42
42,RIGHT_FOOT_INDEX,0.6600342988967896,0.5703387260437012,0.1928805261850357,0.8766507506370544,CapturedFrames_-3.0_1.5_-2.0/video.mp4#frame=42
43,NOSE,0.5737249851226807,0.0955670177936554,-0.08554530143737793,0.9999834299087524,CapturedFrames_-3.0_1.5_-2.0/video.mp4#frame=43
43,LEFT_EYE_INNER,0.5782240629196167,0.08249467611312866,-0.0969221219420433,0.9999873638153076,CapturedFrames_-3.0_1.5_-2.0/video.mp4#frame=43
43,LEFT_EYE,0.5791547894477844,0.08233408629894257,-0.09693198651075363,0.9999872446060181,CapturedFrames_-3.0_1.5_-2.0/video.mp4#frame=43
43,LEFT_EYE_OUTER,0.5800642371177673,0.0822383463382721,-0.0969795361161232,0.999992847442627,CapturedFrames_-3.0_1.5_-2.0/video.mp4#frame=43
43,RIGHT_EYE_INNER,0.578303873538971,0.08227252960205078,-0.0761905163526535,0.99997878074646,CapturedFrames_-3.0_1.5_-2.0/video.mp4#frame=43
43,RIGHT_EYE,0.5793260335922241,0.08192022144794464,-0.07615265250205994,0.9999691247940063,CapturedFrames_-3.0_1.5_-2.0/video.mp4#frame=43
43,RIGHT_EYE_OUTER,0.5803675055503845,0.08157594501972198,-0.0761517733335495,0.999981164932251,CapturedFrames_-3.0_1.5_-2.0/video.mp4#frame=43
43,LEFT_EAR,0.5885719060897827,0.0889226570725441,-0.12639395892620087,0.9999916553497314,CapturedFrames_-3.0_1.5_-2.0/video.mp4#frame=43
43,RIGHT_EAR,0.5891019701957703,0.08770251274108887,-0.035539738833904266,0.9999657869338989,CapturedFrames_-3.0_1.5_-2.0/video.mp4#frame=43
43,MOUTH_LEFT,0.5779654383659363,0.10962086915969849,-0.09486722201108932,0.9999852180480957,CapturedFrames_-3.0_1.5_-2.0/video.mp4#frame=43
43,MOUTH_RIGHT,0.5776258707046509,0.10996834188699722,-0.0684468001127243,0.9999721050262451,CapturedFrames_-3.0_1.5_-2.0/video.mp4#frame=43
43,LEFT_SHOULDER,0.6012851595878601,0.16994404792785645,-0.16775089502334595,0.9999868869781494,CapturedFrames_-3.0_1.5_-2.0/video.mp4#frame=43
43,RIGHT_SHOULDER,0.6057043671607971,0.16070811450481415,0.032416608184576035,0.9995005130767822,CapturedFrames_-3.0_1.5_-2.0/video.mp4#frame=43
43,LEFT_ELBOW,0.6024625301361084,0.2775997519493103,-0.1710856556892395,0.9909054040908813,CapturedFrames_-3.0_1.5_-2.0/video.mp4#frame=43
43,RIGHT_ELBOW,0.6034854650497437,0.26101556420326233,0.04223126918077469,0.03953371196985245,CapturedFrames_-3.0_1.5_-2.0/video.mp4#frame=43
43,LEFT_WRIST,0.5975033640861511,0.3694906532764435,-0.124015212059021,0.9712128043174744,CapturedFrames_-3.0_1.5_-2.0/video.mp4#frame=43
43,RIGHT_WRIST,0.600303053855896,0.3394712805747986,0.003245144383981824,0.061239082366228104,CapturedFrames_-3.0_1.5_-2.0/video.mp4#frame=43
43,LEFT_PINKY,0.6015433669090271,0.3939925730228424,-0.1428443193435669,0.9444934129714966,CapturedFrames_-3.0_1.5_-2.0/video.mp4#frame=43
43,RIGHT_PINKY,0.6014646887779236,0.3567022681236267,-0.0036384195555001497,0.06745364516973495,CapturedFrames_-3.0_1.5_-2.0/video.mp4#frame=43
43,LEFT_INDEX,0.5961097478866577,0.3949100971221924,-0.14383277297019958,0.9417215585708618,CapturedFrames_-3.0_1.5_-2.0/video.mp4#frame=43
43,RIGHT_INDEX,0.5975232124328613,0.36122405529022217,-0.019105104729533195,0.0672638788819313,CapturedFrames_-3.0_1.5_-2.0/video.mp4#frame=43
43,LEFT_THUMB,0.5939739942550659,0.38629040122032166,-0.12282808125019073,0.9223963618278503,CapturedFrames_-3.0_1.5_-2.0/video.mp4#frame=43
43,RIGHT_THUMB,0.5962470173835754,0.3557782769203186,-0.005324316211044788,0.07372873276472092,CapturedFrames_-3.0_1.5_-2.0/video.mp4#frame=43
43,LEFT_HIP,0.5977911353111267,0.335906982421875,-0.058513205498456955,0.9997226595878601,CapturedFrames_-3.0_1.5_-2.0/video.mp4#frame=43
43,RIGHT_HIP,0.5989241003990173,0.3277645409107208,0.058483123779296875,0.9993687272071838,CapturedFrames_-3.0_1.5_-2.0/video.mp4#frame=43
43,LEFT_KNEE,0.5458568930625916,0.4246317148208618,-0.01232417393475771,0.9841269850730896,CapturedFrames_-3.0_1.5_-2.0/video.mp4#frame=43
43,RIGHT_KNEE,0.6088937520980835,0.43519842624664307,0.11446760594844818,0.7829380631446838,CapturedFrames_-3.0_1.5_-2.0/video.mp4#frame=43
43,LEFT_ANKLE,0.5471715331077576,0.5392616987228394,0.06306444853544235,0.9921684861183167,CapturedFrames_-3.0_1.5_-2.0/video.mp4#frame=43
43,RIGHT_ANKLE,0.66026771068573,0.5130819082260132,0.18393968045711517,0.8989627361297607,CapturedFrames_-3.0_1.5_-2.0/video.mp4#frame=43
43,LEFT_HEEL,0.5541208982467651,0.5626557469367981,0.06873559951782227,0.970206618309021,CapturedFrames_-3.0_1.5_-2.0/video.mp4#frame=43
43,RIGHT_HEEL,0.6761884689331055,0.5219769477844238,0.1898122876882553,0.8802922964096069,CapturedFrames_-3.0_1.5_-2.0/video.mp4#frame=43
43,LEFT_FOOT_INDEX,0.5181130170822144,0.5459450483322144,0.04193664342164993,0.9799343943595886,CapturedFrames_-3.0_1.5_-2.0/video.mp4#frame=43
43,RIGHT_FOOT_INDEX,0.6542303562164307,0.5640604496002197,0.17767810821533203,0.866893470287323,CapturedFrames_-3.0_1.5_-2.0/video.mp4#frame=43
44,NOSE,0.5633760094642639,0.09319023787975311,-0.08377839624881744,0.999945878982544,CapturedFrames_-3.0_1.5_-2.0/video.mp4#frame=44
44,LEFT_EYE_INNER,0.5678805708885193,0.08152347803115845,-0.09573369473218918,0.9999370574951172,CapturedFrames_-3.0_1.5_-2.0/video.mp4#frame=44
44,LEFT_EYE,0.5688417553901672,0.08130325376987457,-0.09573882073163986,0.9999393224716187,CapturedFrames_-3.0_1.5_-2.0/video.mp4#frame=44
44,LEFT_EYE_OUTER,0.5697659254074097,0.0811728686094284,-0.09575194120407104,0.99996018409729,CapturedFrames_-3.0_1.5_-2.0/video.mp4#frame=44
44,RIGHT_EYE_INNER,0.5678896307945251,0.081407830119133,-0.0742160901427269,0.9999055862426758,CapturedFrames_-3.0_1.5_-2.0/video.mp4#frame=44
44,RIGHT_EYE,0.5688945651054382,0.08103817701339722,-0.07419953495264053,0.9998779296875,CapturedFrames_-3.0_1.5_-2.0/video.mp4#frame=44
44,RIGHT_EYE_OUTER,0.5699242353439331,0.08068107068538666,-0.07421278208494186,0.9999130964279175,CapturedFrames_-3.0_1.5_-2.0/video.mp4#frame=44
44,LEFT_EAR,0.5782569646835327,0.08761854469776154,-0.12679219245910645,0.9999649524688721,CapturedFrames_-3.0_1.5_-2.0/video.mp4#frame=44
44,RIGHT_EAR,0.5784434676170349,0.0869707316160202,-0.030926069244742393,0.9998297691345215,CapturedFrames_-3.0_1.5_-2.0/video.mp4#frame=44
44,MOUTH_LEFT,0.5674001574516296,0.10736758261919022,-0.09379960596561432,0.9999314546585083,CapturedFrames_-3.0_1.5_-2.0/video.mp4#frame=44
44,MOUTH_RIGHT,0.5672118067741394,0.10761221498250961,-0.06601874530315399,0.9998654127120972,CapturedFrames_-3.0_1.5_-2.0/video.mp4#frame=44
44,LEFT_SHOULDER,0.5918900370597839,0.16634111106395721,-0.17562082409858704,0.9999816417694092,CapturedFrames_-3.0_1.5_-2.0/video.mp4#frame=44
44,RIGHT_SHOULDER,0.5969263911247253,0.15968164801597595,0.03920383006334305,0.9993114471435547,CapturedFrames_-3.0_1.5_-2.0/video.mp4#frame=44
44,LEFT_ELBOW,0.5881959199905396,0.27657556533813477,-0.19018328189849854,0.9957706332206726,CapturedFrames_-3.0_1.5_-2.0/video.mp4#frame=44
44,RIGHT_ELBOW,0.591850221157074,0.26185834407806396,0.04977495223283768,0.051411546766757965,CapturedFrames_-3.0_1.5_-2.0/video.mp4#frame=44
44,LEFT_WRIST,0.5800819993019104,0.36598649621009827,-0.15132829546928406,0.9871188402175903,CapturedFrames_-3.0_1.5_-2.0/video.mp4#frame=44
44,RIGHT_WRIST,0.5856878161430359,0.3362945318222046,0.009989784099161625,0.10328587144613266,CapturedFrames_-3.0_1.5_-2.0/video.mp4#frame=44
44,LEFT_PINKY,0.5819273591041565,0.38841500878334045,-0.1703444868326187,0.9720483422279358,CapturedFrames_-3.0_1.5_-2.0/video.mp4#frame=44
44,RIGHT_PINKY,0.584326446056366,0.36054643988609314,0.005458260886371136,0.10884498059749603,CapturedFrames_-3.0_1.5_-2.0/video.mp4#frame=44
44,LEFT_INDEX,0.5792089104652405,0.38989850878715515,-0.16964982450008392,0.9712983965873718,CapturedFrames_-3.0_1.5_-2.0/video.mp4#frame=44
44,RIGHT_INDEX,0.5825240015983582,0.3628312945365906,-0.01137117762118578,0.10846816748380661,CapturedFrames_-3.0_1.5_-2.0/video.mp4#frame=44
44,LEFT_THUMB,0.577869713306427,0.3810368776321411,-0.14968575537204742,0.9545772075653076,CapturedFrames_-3.0_1.5_-2.0/video.mp4#frame=44
44,RIGHT_THUMB,0.5823625326156616,0.3555072546005249,0.0009832598734647036,0.11516346037387848,CapturedFrames_-3.0_1.5_-2.0/video.mp4#frame=44
44,LEFT_HIP,0.5891706943511963,0.33602726459503174,-0.06730256229639053,0.9997413754463196,CapturedFrames_-3.0_1.5_-2.0/video.mp4#frame=44
44,RIGHT_HIP,0.5886349081993103,0.3294874131679535,0.06727495044469833,0.999674916267395,CapturedFrames_-3.0_1.5_-2.0/video.mp4#frame=44
44,LEFT_KNEE,0.5670821666717529,0.42742568254470825,-0.03600984811782837,0.985444962978363,CapturedFrames_-3.0_1.5_-2.0/video.mp4#frame=44
44,RIGHT_KNEE,0.5545900464057922,0.41789740324020386,0.08280270546674728,0.8899155855178833,CapturedFrames_-3.0_1.5_-2.0/video.mp4#frame=44
44,LEFT_ANKLE,0.6128323674201965,0.5180599689483643,0.04531101882457733,0.9912307262420654,CapturedFrames_-3.0_1.5_-2.0/video.mp4#frame=44
44,RIGHT_ANKLE,0.5874777436256409,0.5189924240112305,0.15442609786987305,0.9441559910774231,CapturedFrames_-3.0_1.5_-2.0/video.mp4#frame=44
44,LEFT_HEEL,0.6263980865478516,0.5274143815040588,0.051565878093242645,0.9663700461387634,CapturedFrames_-3.0_1.5_-2.0/video.mp4#frame=44
44,RIGHT_HEEL,0.5987879633903503,0.5354596376419067,0.15946127474308014,0.9369885921478271,CapturedFrames_-3.0_1.5_-2.0/video.mp4#frame=44
44,LEFT_FOOT_INDEX,0.5953357815742493,0.5555745363235474,0.018432503566145897,0.9892539978027344,CapturedFrames_-3.0_1.5_-2.0/video.mp4#frame=44
44,RIGHT_FOOT_INDEX,0.5638347268104553,0.5502693057060242,0.13887105882167816,0.9456703066825867,CapturedFrames_-3.0_1.5_-2.0/video.mp4#frame=44
45,NOSE,0.5535489320755005,0.0925760567188263,-0.09592863917350769,0.9998910427093506,CapturedFrames_-3.0_1.5_-2.0/video.mp4#frame=45
45,LEFT_EYE_INNER,0.5577417612075806,0.08100126683712006,-0.10800479352474213,0.9999250173568726,CapturedFrames_-3.0_1.5_-2.0/video.mp4#frame=45
45,LEFT_EYE,0.558617115020752,0.08098731935024261,-0.10802795737981796,0.9999310970306396,CapturedFrames_-3.0_1.5_-2.0/video.mp4#frame=45
45,LEFT_EYE_OUTER,0.5594842433929443,0.08099251985549927,-0.10806868970394135,0.9999566078186035,CapturedFrames_-3.0_1.5_-2.0/video.mp4#frame=45
45,RIGHT_EYE_INNER,0.5579822659492493,0.08068923652172089,-0.08719372749328613,0.9998632669448853,CapturedFrames_-3.0_1.5_-2.0/video.mp4#frame=45
45,RIGHT_EYE,0.5590270161628723,0.08038440346717834,-0.0871749147772789,0.9998284578323364,CapturedFrames_-3.0_1.5_-2.0/video.mp4#frame=45
45,RIGHT_EYE_OUTER,0.5601302981376648,0.08001461625099182,-0.08718792349100113,0.9998871088027954,CapturedFrames_-3.0_1.5_-2.0/video.mp4#frame=45
45,LEFT_EAR,0.5680316686630249,0.08645561337471008,-0.1382085084915161,0.9999517202377319,CapturedFrames_-3.0_1.5_-2.0/video.mp4#frame=45
45,RIGHT_EAR,0.5688562393188477,0.08542528748512268,-0.046602942049503326,0.9997934699058533,CapturedFrames_-3.0_1.5_-2.0/video.mp4#frame=45
45,MOUTH_LEFT,0.5576207041740417,0.10590778291225433,-0.10498316586017609,0.9999028444290161,CapturedFrames_-3.0_1.5_-2.0/video.mp4#frame=45
45,MOUTH_RIGHT,0.5576808452606201,0.10554599016904831,-0.07834410667419434,0.9997929930686951,CapturedFrames_-3.0_1.5_-2.0/video.mp4#frame=45
45,LEFT_SHOULDER,0.5795040130615234,0.16923782229423523,-0.18060389161109924,0.9999722242355347,CapturedFrames_-3.0_1.5_-2.0/video.mp4#frame=45
45,RIGHT_SHOULDER,0.588884711265564,0.1611468493938446,0.02575220726430416,0.9989914298057556,CapturedFrames_-3.0_1.5_-2.0/video.mp4#frame=45
45,LEFT_ELBOW,0.571966826915741,0.2785535752773285,-0.1790638118982315,0.9828208684921265,CapturedFrames_-3.0_1.5_-2.0/video.mp4#frame=45
45,RIGHT_ELBOW,0.5863091349601746,0.2647560238838196,0.03384871780872345,0.050275638699531555,CapturedFrames_-3.0_1.5_-2.0/video.mp4#frame=45
45,LEFT_WRIST,0.55842125415802,0.3602101504802704,-0.12420831620693207,0.9623544812202454,CapturedFrames_-3.0_1.5_-2.0/video.mp4#frame=45
45,RIGHT_WRIST,0.574732780456543,0.33901628851890564,-0.009232882410287857,0.0911930501461029,CapturedFrames_-3.0_1.5_-2.0/video.mp4#frame=45
45,LEFT_PINKY,0.5603896379470825,0.38586562871932983,-0.14178337156772614,0.9355251789093018,CapturedFrames_-3.0_1.5_-2.0/video.mp4#frame=45
45,RIGHT_PINKY,0.5709049701690674,0.35595211386680603,-0.015666941180825233,0.1051143929362297,CapturedFrames_-3.0_1.5_-2.0/video.mp4#frame=45
45,LEFT_INDEX,0.5587193369865417,0.387334406375885,-0.14263096451759338,0.933415412902832,CapturedFrames_-3.0_1.5_-2.0/video.mp4#frame=45
45,RIGHT_INDEX,0.5693121552467346,0.3614979684352875,-0.031154552474617958,0.10420878231525421,CapturedFrames_-3.0_1.5_-2.0/video.mp4#frame=45
45,LEFT_THUMB,0.5585273504257202,0.37875857949256897,-0.12267575412988663,0.9094032049179077,CapturedFrames_-3.0_1.5_-2.0/video.mp4#frame=45
45,RIGHT_THUMB,0.5720841884613037,0.3505582809448242,-0.017893655225634575,0.10728660225868225,CapturedFrames_-3.0_1.5_-2.0/video.mp4#frame=45
45,LEFT_HIP,0.5754686594009399,0.3354994058609009,-0.06352108716964722,0.9994588494300842,CapturedFrames_-3.0_1.5_-2.0/video.mp4#frame=45
45,RIGHT_HIP,0.5826537609100342,0.329595685005188,0.0634661465883255,0.9984838366508484,CapturedFrames_-3.0_1.5_-2.0/video.mp4#frame=45
45,LEFT_KNEE,0.5349193811416626,0.4271426796913147,-0.006291578523814678,0.9508294463157654,CapturedFrames_-3.0_1.5_-2.0/video.mp4#frame=45
45,RIGHT_KNEE,0.5704951286315918,0.41885536909103394,0.12301768362522125,0.7129639387130737,CapturedFrames_-3.0_1.5_-2.0/video.mp4#frame=45
45,LEFT_ANKLE,0.5454884171485901,0.5350373983383179,0.08521471917629242,0.985161304473877,CapturedFrames_-3.0_1.5_-2.0/video.mp4#frame=45
45,RIGHT_ANKLE,0.6205971837043762,0.49080440402030945,0.19884809851646423,0.8653935194015503,CapturedFrames_-3.0_1.5_-2.0/video.mp4#frame=45
45,LEFT_HEEL,0.5531378984451294,0.5618187189102173,0.09198742359876633,0.9635775089263916,CapturedFrames_-3.0_1.5_-2.0/video.mp4#frame=45
45,RIGHT_HEEL,0.6350624561309814,0.49715736508369446,0.2056649625301361,0.8892640471458435,CapturedFrames_-3.0_1.5_-2.0/video.mp4#frame=45
45,LEFT_FOOT_INDEX,0.5157945156097412,0.5454604625701904,0.06513596326112747,0.9744677543640137,CapturedFrames_-3.0_1.5_-2.0/video.mp4#frame=45
45,RIGHT_FOOT_INDEX,0.6171509027481079,0.542754054069519,0.19750714302062988,0.8637732267379761,CapturedFrames_-3.0_1.5_-2.0/video.mp4#frame=45
46,NOSE,0.5479469299316406,0.08642187714576721,-0.08848116546869278,0.9992450475692749,CapturedFrames_-3.0_1.5_-2.0/video.mp4#frame=46
46,LEFT_EYE_INNER,0.5512235760688782,0.07477569580078125,-0.1010393500328064,0.999447762966156,CapturedFrames_-3.0_1.5_-2.0/video.mp4#frame=46
46,LEFT_EYE,0.551590621471405,0.07499191164970398,-0.10107956826686859,0.9995526671409607,CapturedFrames_-3.0_1.5_-2.0/video.mp4#frame=46
46,LEFT_EYE_OUTER,0.5519171357154846,0.07521608471870422,-0.10111092031002045,0.999661922454834,CapturedFrames_-3.0_1.5_-2.0/video.mp4#frame=46
46,RIGHT_EYE_INNER,0.5519712567329407,0.07423931360244751,-0.08049717545509338,0.9991015195846558,CapturedFrames_-3.0_1.5_-2.0/video.mp4#frame=46
46,RIGHT_EYE,0.5529974699020386,0.074124276638031,-0.0804784744977951,0.9990850687026978,CapturedFrames_-3.0_1.5_-2.0/video.mp4#frame=46
46,RIGHT_EYE_OUTER,0.5540716648101807,0.07400265336036682,-0.08049940317869186,0.9992700219154358,CapturedFrames_-3.0_1.5_-2.0/video.mp4#frame=46
46,LEFT_EAR,0.5584544539451599,0.08275017142295837,-0.13363148272037506,0.9996834993362427,CapturedFrames_-3.0_1.5_-2.0/video.mp4#frame=46
46,RIGHT_EAR,0.5620447993278503,0.08100020885467529,-0.043017711490392685,0.998843789100647,CapturedFrames_-3.0_1.5_-2.0/video.mp4#frame=46
46,MOUTH_LEFT,0.5500491857528687,0.10041259974241257,-0.09828329086303711,0.9994034767150879,CapturedFrames_-3.0_1.5_-2.0/video.mp4#frame=46
46,MOUTH_RIGHT,0.5509334802627563,0.10002407431602478,-0.07190468162298203,0.998974084854126,CapturedFrames_-3.0_1.5_-2.0/video.mp4#frame=46
46,LEFT_SHOULDER,0.5641404390335083,0.16364535689353943,-0.17901937663555145,0.999956488609314,CapturedFrames_-3.0_1.5_-2.0/video.mp4#frame=46
46,RIGHT_SHOULDER,0.582891047000885,0.15510858595371246,0.027905240654945374,0.9974926710128784,CapturedFrames_-3.0_1.5_-2.0/video.mp4#frame=46
46,LEFT_ELBOW,0.5556943416595459,0.2732161283493042,-0.17860913276672363,0.9799038767814636,CapturedFrames_-3.0_1.5_-2.0/video.mp4#frame=46
46,RIGHT_ELBOW,0.5788882374763489,0.25059303641319275,0.03740963339805603,0.031965792179107666,CapturedFrames_-3.0_1.5_-2.0/video.mp4#frame=46
46,LEFT_WRIST,0.5409744381904602,0.34839633107185364,-0.11563734710216522,0.9577915072441101,CapturedFrames_-3.0_1.5_-2.0/video.mp4#frame=46
46,RIGHT_WRIST,0.5613250732421875,0.33231139183044434,-0.005398619454354048,0.05542491748929024,CapturedFrames_-3.0_1.5_-2.0/video.mp4#frame=46
46,LEFT_PINKY,0.5399430990219116,0.36830708384513855,-0.13266603648662567,0.9289636015892029,CapturedFrames_-3.0_1.5_-2.0/video.mp4#frame=46
46,RIGHT_PINKY,0.5556250214576721,0.3461185097694397,-0.012848841957747936,0.0665774866938591,CapturedFrames_-3.0_1.5_-2.0/video.mp4#frame=46
46,LEFT_INDEX,0.538000226020813,0.3694075345993042,-0.13233020901679993,0.9243818521499634,CapturedFrames_-3.0_1.5_-2.0/video.mp4#frame=46
46,RIGHT_INDEX,0.5547052621841431,0.3460465371608734,-0.028753038495779037,0.06658616662025452,CapturedFrames_-3.0_1.5_-2.0/video.mp4#frame=46
46,LEFT_THUMB,0.5385632514953613,0.3619019389152527,-0.11358101665973663,0.8902387022972107,CapturedFrames_-3.0_1.5_-2.0/video.mp4#frame=46
46,RIGHT_THUMB,0.556931734085083,0.3420447111129761,-0.014506293460726738,0.06975161284208298,CapturedFrames_-3.0_1.5_-2.0/video.mp4#frame=46
46,LEFT_HIP,0.5637995004653931,0.3315916359424591,-0.06292106211185455,0.9994316697120667,CapturedFrames_-3.0_1.5_-2.0/video.mp4#frame=46
46,RIGHT_HIP,0.5755998492240906,0.32616546750068665,0.06281962245702744,0.9968822002410889,CapturedFrames_-3.0_1.5_-2.0/video.mp4#frame=46
46,LEFT_KNEE,0.5348681807518005,0.42914488911628723,0.012950504198670387,0.9169766902923584,CapturedFrames_-3.0_1.5_-2.0/video.mp4#frame=46
46,RIGHT_KNEE,0.5550536513328552,0.4124131500720978,0.15162990987300873,0.536453366279602,CapturedFrames_-3.0_1.5_-2.0/video.mp4#frame=46
46,LEFT_ANKLE,0.5459924340248108,0.5377174615859985,0.10863121598958969,0.9767927527427673,CapturedFrames_-3.0_1.5_-2.0/video.mp4#frame=46
46,RIGHT_ANKLE,0.598584771156311,0.4899604320526123,0.2525599002838135,0.743931233882904,CapturedFrames_-3.0_1.5_-2.0/video.mp4#frame=46
46,LEFT_HEEL,0.5539146065711975,0.561325192451477,0.11533285677433014,0.9515155553817749,CapturedFrames_-3.0_1.5_-2.0/video.mp4#frame=46
46,RIGHT_HEEL,0.6118746995925903,0.49885666370391846,0.26164117455482483,0.809873640537262,CapturedFrames_-3.0_1.5_-2.0/video.mp4#frame=46
46,LEFT_FOOT_INDEX,0.5155695080757141,0.5446614623069763,0.08550651371479034,0.9657108783721924,CapturedFrames_-3.0_1.5_-2.0/video.mp4#frame=46
46,RIGHT_FOOT_INDEX,0.5871264934539795,0.5331105589866638,0.25319555401802063,0.8121472597122192,CapturedFrames_-3.0_1.5_-2.0/video.mp4#frame=46
47,NOSE,0.5373006463050842,0.0862075537443161,-0.08828623592853546,0.9996064305305481,CapturedFrames_-3.0_1.5_-2.0/video.mp4#frame=47
47,LEFT_EYE_INNER,0.5410952568054199,0.07432709634304047,-0.10224980115890503,0.9997093081474304,CapturedFrames_-3.0_1.5_-2.0/video.mp4#frame=47
47,LEFT_EYE,0.5417174100875854,0.07450845837593079,-0.10228307545185089,0.9997826218605042,CapturedFrames_-3.0_1.5_-2.0/video.mp4#frame=47
47,LEFT_EYE_OUTER,0.5423362255096436,0.07470475137233734,-0.10231591761112213,0.9998096823692322,CapturedFrames_-3.0_1.5_-2.0/video.mp4#frame=47
47,RIGHT_EYE_INNER,0.5414879322052002,0.07387980818748474,-0.0820019543170929,0.9994829893112183,CapturedFrames_-3.0_1.5_-2.0/video.mp4#frame=47
47,RIGHT_EYE,0.5424187183380127,0.07376793026924133,-0.08197183161973953,0.9994977712631226,CapturedFrames_-3.0_1.5_-2.0/video.mp4#frame=47
47,RIGHT_EYE_OUTER,0.5435010194778442,0.07358348369598389,-0.08198075741529465,0.9995094537734985,CapturedFrames_-3.0_1.5_-2.0/video.mp4#frame=47
47,LEFT_EAR,0.5493422746658325,0.08065341413021088,-0.13959941267967224,0.9998601675033569,CapturedFrames_-3.0_1.5_-2.0/video.mp4#frame=47
47,RIGHT_EAR,0.5523072481155396,0.07876637578010559,-0.05012134835124016,0.999363124370575,CapturedFrames_-3.0_1.5_-2.0/video.mp4#frame=47
47,MOUTH_LEFT,0.5407126545906067,0.0993792861700058,-0.09949523955583572,0.9997592568397522,CapturedFrames_-3.0_1.5_-2.0/video.mp4#frame=47
47,MOUTH_RIGHT,0.5411379337310791,0.09918006509542465,-0.07348112016916275,0.9995429515838623,CapturedFrames_-3.0_1.5_-2.0/video.mp4#frame=47
47,LEFT_SHOULDER,0.5529648065567017,0.1608045995235443,-0.18267697095870972,0.9999889135360718,CapturedFrames_-3.0_1.5_-2.0/video.mp4#frame=47
47,RIGHT_SHOULDER,0.5762071013450623,0.15425220131874084,0.016929931938648224,0.9988439083099365,CapturedFrames_-3.0_1.5_-2.0/video.mp4#frame=47
47,LEFT_ELBOW,0.5432062149047852,0.2640480101108551,-0.17764148116111755,0.9890311360359192,CapturedFrames_-3.0_1.5_-2.0/video.mp4#frame=47
47,RIGHT_ELBOW,0.5775641202926636,0.24448712170124054,0.03190477937459946,0.07095795124769211,CapturedFrames_-3.0_1.5_-2.0/video.mp4#frame=47
47,LEFT_WRIST,0.5236495733261108,0.33605095744132996,-0.1128857284784317,0.9724729657173157,CapturedFrames_-3.0_1.5_-2.0/video.mp4#frame=47
47,RIGHT_WRIST,0.5665515661239624,0.31566122174263,-0.002837255597114563,0.15261046588420868,CapturedFrames_-3.0_1.5_-2.0/video.mp4#frame=47
47,LEFT_PINKY,0.522118330001831,0.3572986125946045,-0.12767453491687775,0.9507858753204346,CapturedFrames_-3.0_1.5_-2.0/video.mp4#frame=47
47,RIGHT_PINKY,0.562774121761322,0.32974791526794434,-0.008989107795059681,0.1677054613828659,CapturedFrames_-3.0_1.5_-2.0/video.mp4#frame=47
47,LEFT_INDEX,0.5211827158927917,0.3574685752391815,-0.12871147692203522,0.9475573897361755,CapturedFrames_-3.0_1.5_-2.0/video.mp4#frame=47
47,RIGHT_INDEX,0.5609528422355652,0.3289625644683838,-0.023512624204158783,0.1633274108171463,CapturedFrames_-3.0_1.5_-2.0/video.mp4#frame=47
47,LEFT_THUMB,0.5222053527832031,0.3495093882083893,-0.1110253781080246,0.920188307762146,CapturedFrames_-3.0_1.5_-2.0/video.mp4#frame=47
47,RIGHT_THUMB,0.5615549087524414,0.3270334303379059,-0.011117675341665745,0.15930788218975067,CapturedFrames_-3.0_1.5_-2.0/video.mp4#frame=47
47,LEFT_HIP,0.5512818694114685,0.3220057189464569,-0.061556510627269745,0.9998574256896973,CapturedFrames_-3.0_1.5_-2.0/video.mp4#frame=47
47,RIGHT_HIP,0.5661817789077759,0.3180611729621887,0.061443816870450974,0.9985211491584778,CapturedFrames_-3.0_1.5_-2.0/video.mp4#frame=47
47,LEFT_KNEE,0.5314624905586243,0.42450496554374695,0.026201266795396805,0.9485281109809875,CapturedFrames_-3.0_1.5_-2.0/video.mp4#frame=47
47,RIGHT_KNEE,0.5440657138824463,0.40163886547088623,0.17581872642040253,0.5481383204460144,CapturedFrames_-3.0_1.5_-2.0/video.mp4#frame=47
47,LEFT_ANKLE,0.543192446231842,0.5373125076293945,0.12032823264598846,0.9826347231864929,CapturedFrames_-3.0_1.5_-2.0/video.mp4#frame=47
47,RIGHT_ANKLE,0.5785486698150635,0.48315492272377014,0.29634541273117065,0.7589221596717834,CapturedFrames_-3.0_1.5_-2.0/video.mp4#frame=47
47,LEFT_HEEL,0.5515008568763733,0.5606935620307922,0.12652330100536346,0.951032280921936,CapturedFrames_-3.0_1.5_-2.0/video.mp4#frame=47
47,RIGHT_HEEL,0.5903983116149902,0.49654990434646606,0.30760812759399414,0.8154106736183167,CapturedFrames_-3.0_1.5_-2.0/video.mp4#frame=47
47,LEFT_FOOT_INDEX,0.5148866176605225,0.5452159643173218,0.09218722581863403,0.9762787818908691,CapturedFrames_-3.0_1.5_-2.0/video.mp4#frame=47
47,RIGHT_FOOT_INDEX,0.557455837726593,0.5132166147232056,0.3008567988872528,0.8579556941986084,CapturedFrames_-3.0_1.5_-2.0/video.mp4#frame=47
48,NOSE,0.5309123992919922,0.08373965322971344,-0.0452452227473259,0.9995036125183105,CapturedFrames_-3.0_1.5_-2.0/video.mp4#frame=48
48,LEFT_EYE_INNER,0.5341764092445374,0.07202038168907166,-0.06161589175462723,0.9995458722114563,CapturedFrames_-3.0_1.5_-2.0/video.mp4#frame=48
48,LEFT_EYE,0.5344967842102051,0.07221835851669312,-0.0616271011531353,0.9996533393859863,CapturedFrames_-3.0_1.5_-2.0/video.mp4#frame=48
48,LEFT_EYE_OUTER,0.5347900986671448,0.0724458247423172,-0.06164829805493355,0.9996612071990967,CapturedFrames_-3.0_1.5_-2.0/video.mp4#frame=48
48,RIGHT_EYE_INNER,0.5352250933647156,0.07130429148674011,-0.041033435612916946,0.9994182586669922,CapturedFrames_-3.0_1.5_-2.0/video.mp4#frame=48
48,RIGHT_EYE,0.5363765954971313,0.07099911570549011,-0.04100261256098747,0.9994810223579407,CapturedFrames_-3.0_1.5_-2.0/video.mp4#frame=48
48,RIGHT_EYE_OUTER,0.5376118421554565,0.07066632807254791,-0.04103032127022743,0.9994543194770813,CapturedFrames_-3.0_1.5_-2.0/video.mp4#frame=48
48,LEFT_EAR,0.5408301949501038,0.07772156596183777,-0.11073758453130722,0.9997218251228333,CapturedFrames_-3.0_1.5_-2.0/video.mp4#frame=48
48,RIGHT_EAR,0.5457619428634644,0.07547324895858765,-0.019705424085259438,0.999437153339386,CapturedFrames_-3.0_1.5_-2.0/video.mp4#frame=48
48,MOUTH_LEFT,0.5337402820587158,0.09543773531913757,-0.06073659658432007,0.9996603727340698,CapturedFrames_-3.0_1.5_-2.0/video.mp4#frame=48
48,MOUTH_RIGHT,0.534701943397522,0.09499107301235199,-0.03436889126896858,0.9994407296180725,CapturedFrames_-3.0_1.5_-2.0/video.mp4#frame=48
48,LEFT_SHOULDER,0.5408477187156677,0.1545926332473755,-0.16207563877105713,0.9999865293502808,CapturedFrames_-3.0_1.5_-2.0/video.mp4#frame=48
48,RIGHT_SHOULDER,0.5714989900588989,0.1527627557516098,0.03447822481393814,0.9993289709091187,CapturedFrames_-3.0_1.5_-2.0/video.mp4#frame=48
48,LEFT_ELBOW,0.5326004028320312,0.2506968080997467,-0.16601617634296417,0.9957510232925415,CapturedFrames_-3.0_1.5_-2.0/video.mp4#frame=48
48,RIGHT_ELBOW,0.577440619468689,0.24333596229553223,0.050743989646434784,0.3879163861274719,CapturedFrames_-3.0_1.5_-2.0/video.mp4#frame=48
48,LEFT_WRIST,0.5110679268836975,0.3182118535041809,-0.11665783822536469,0.9777194261550903,CapturedFrames_-3.0_1.5_-2.0/video.mp4#frame=48
48,RIGHT_WRIST,0.575154185295105,0.31392180919647217,0.02618199959397316,0.5525854825973511,CapturedFrames_-3.0_1.5_-2.0/video.mp4#frame=48
48,LEFT_PINKY,0.509207010269165,0.3392188251018524,-0.12744364142417908,0.9575091004371643,CapturedFrames_-3.0_1.5_-2.0/video.mp4#frame=48
48,RIGHT_PINKY,0.5746957063674927,0.3350239098072052,0.02437773533165455,0.5059953927993774,CapturedFrames_-3.0_1.5_-2.0/video.mp4#frame=48
48,LEFT_INDEX,0.5071651339530945,0.338713675737381,-0.12731607258319855,0.9544262886047363,CapturedFrames_-3.0_1.5_-2.0/video.mp4#frame=48
48,RIGHT_INDEX,0.5728936195373535,0.33545631170272827,0.013215279206633568,0.4888017177581787,CapturedFrames_-3.0_1.5_-2.0/video.mp4#frame=48
48,LEFT_THUMB,0.5073992609977722,0.33291321992874146,-0.11408605426549911,0.9269809126853943,CapturedFrames_-3.0_1.5_-2.0/video.mp4#frame=48
48,RIGHT_THUMB,0.5719028115272522,0.3273572325706482,0.019749540835618973,0.4507763087749481,CapturedFrames_-3.0_1.5_-2.0/video.mp4#frame=48
48,LEFT_HIP,0.5456498861312866,0.3143739700317383,-0.06641386449337006,0.9999216794967651,CapturedFrames_-3.0_1.5_-2.0/video.mp4#frame=48
48,RIGHT_HIP,0.5609412789344788,0.3115012049674988,0.06631910055875778,0.9988514184951782,CapturedFrames_-3.0_1.5_-2.0/video.mp4#frame=48
48,LEFT_KNEE,0.5305063128471375,0.421492338180542,-0.006805033888667822,0.992164134979248,CapturedFrames_-3.0_1.5_-2.0/video.mp4#frame=48
48,RIGHT_KNEE,0.537517249584198,0.3985295295715332,0.18558500707149506,0.620193600654602,CapturedFrames_-3.0_1.5_-2.0/video.mp4#frame=48
48,LEFT_ANKLE,0.545006513595581,0.5359470248222351,0.05302988737821579,0.994396448135376,CapturedFrames_-3.0_1.5_-2.0/video.mp4#frame=48
48,RIGHT_ANKLE,0.5599421858787537,0.4784989356994629,0.30831781029701233,0.8230680823326111,CapturedFrames_-3.0_1.5_-2.0/video.mp4#frame=48
48,LEFT_HEEL,0.5538422465324402,0.5601980686187744,0.05577608197927475,0.9822300672531128,CapturedFrames_-3.0_1.5_-2.0/video.mp4#frame=48
48,RIGHT_HEEL,0.5694884657859802,0.49036598205566406,0.3193114697933197,0.8479880094528198,CapturedFrames_-3.0_1.5_-2.0/video.mp4#frame=48
48,LEFT_FOOT_INDEX,0.5166584253311157,0.5477743148803711,0.013963302597403526,0.9908236265182495,CapturedFrames_-3.0_1.5_-2.0/video.mp4#frame=48
48,RIGHT_FOOT_INDEX,0.5408967137336731,0.4912850260734558,0.31199872493743896,0.9185975193977356,CapturedFrames_-3.0_1.5_-2.0/video.mp4#frame=48
49,NOSE,0.5242412090301514,0.08000387251377106,-0.02730214037001133,0.9997383952140808,CapturedFrames_-3.0_1.5_-2.0/video.mp4#frame=49
49,LEFT_EYE_INNER,0.5269532799720764,0.06926250457763672,-0.044067833572626114,0.9997453093528748,CapturedFrames_-3.0_1.5_-2.0/video.mp4#frame=49
49,LEFT_EYE,0.5271302461624146,0.06952276825904846,-0.04408993199467659,0.9997863173484802,CapturedFrames_-3.0_1.5_-2.0/video.mp4#frame=49
49,LEFT_EYE_OUTER,0.5273150205612183,0.06974604725837708,-0.04412849619984627,0.9997832179069519,CapturedFrames_-3.0_1.5_-2.0/video.mp4#frame=49
49,RIGHT_EYE_INNER,0.5285630226135254,0.06855526566505432,-0.025294939056038857,0.9997087121009827,CapturedFrames_-3.0_1.5_-2.0/video.mp4#frame=49
49,RIGHT_EYE,0.529951810836792,0.06831112504005432,-0.02526332065463066,0.9997026324272156,CapturedFrames_-3.0_1.5_-2.0/video.mp4#frame=49
49,RIGHT_EYE_OUTER,0.531385600566864,0.06802856922149658,-0.02529328688979149,0.9996556043624878,CapturedFrames_-3.0_1.5_-2.0/video.mp4#frame=49
49,LEFT_EAR,0.5333723425865173,0.07478654384613037,-0.09565872699022293,0.9998173117637634,CapturedFrames_-3.0_1.5_-2.0/video.mp4#frame=49
49,RIGHT_EAR,0.5389639735221863,0.0722806304693222,-0.01284966804087162,0.9996908903121948,CapturedFrames_-3.0_1.5_-2.0/video.mp4#frame=49
49,MOUTH_LEFT,0.5267696976661682,0.0918649435043335,-0.043669119477272034,0.9998026490211487,CapturedFrames_-3.0_1.5_-2.0/video.mp4#frame=49
49,MOUTH_RIGHT,0.5285119414329529,0.09206174314022064,-0.01963549666106701,0.9996944665908813,CapturedFrames_-3.0_1.5_-2.0/video.mp4#frame=49
49,LEFT_SHOULDER,0.5324157476425171,0.14722172915935516,-0.14910852909088135,0.9999890327453613,CapturedFrames_-3.0_1.5_-2.0/video.mp4#frame=49
49,RIGHT_SHOULDER,0.566084086894989,0.15090416371822357,0.035521768033504486,0.9995926022529602,CapturedFrames_-3.0_1.5_-2.0/video.mp4#frame=49
49,LEFT_ELBOW,0.5196628570556641,0.2439144402742386,-0.15179865062236786,0.9968018531799316,CapturedFrames_-3.0_1.5_-2.0/video.mp4#frame=49
49,RIGHT_ELBOW,0.5742647647857666,0.24156245589256287,0.05238233879208565,0.6412710547447205,CapturedFrames_-3.0_1.5_-2.0/video.mp4#frame=49
49,LEFT_WRIST,0.4946790337562561,0.31084758043289185,-0.11429427564144135,0.9747682809829712,CapturedFrames_-3.0_1.5_-2.0/video.mp4#frame=49
49,RIGHT_WRIST,0.5733985900878906,0.31307554244995117,0.03721830993890762,0.7112062573432922,CapturedFrames_-3.0_1.5_-2.0/video.mp4#frame=49
49,LEFT_PINKY,0.493366003036499,0.3292023241519928,-0.12473000586032867,0.950527548789978,CapturedFrames_-3.0_1.5_-2.0/video.mp4#frame=49
49,RIGHT_PINKY,0.5739068388938904,0.3342560827732086,0.038221701979637146,0.6436412930488586,CapturedFrames_-3.0_1.5_-2.0/video.mp4#frame=49
49,LEFT_INDEX,0.49298423528671265,0.3281775414943695,-0.12493778765201569,0.9469110369682312,CapturedFrames_-3.0_1.5_-2.0/video.mp4#frame=49
49,RIGHT_INDEX,0.5710700154304504,0.3333224654197693,0.028130095452070236,0.6347885131835938,CapturedFrames_-3.0_1.5_-2.0/video.mp4#frame=49
49,LEFT_THUMB,0.49392223358154297,0.3237306773662567,-0.11221151053905487,0.9199423789978027,CapturedFrames_-3.0_1.5_-2.0/video.mp4#frame=49
49,RIGHT_THUMB,0.5694684982299805,0.32610657811164856,0.031712617725133896,0.6012421250343323,CapturedFrames_-3.0_1.5_-2.0/video.mp4#frame=49
49,LEFT_HIP,0.5400879979133606,0.31574681401252747,-0.06258679181337357,0.9998667240142822,CapturedFrames_-3.0_1.5_-2.0/video.mp4#frame=49
49,RIGHT_HIP,0.5473026037216187,0.309803307056427,0.06238319352269173,0.9987911581993103,CapturedFrames_-3.0_1.5_-2.0/video.mp4#frame=49
49,LEFT_KNEE,0.531414806842804,0.4233194589614868,0.008549273014068604,0.9753119945526123,CapturedFrames_-3.0_1.5_-2.0/video.mp4#frame=49
49,RIGHT_KNEE,0.5275172591209412,0.3983672261238098,0.16704849898815155,0.497995525598526,CapturedFrames_-3.0_1.5_-2.0/video.mp4#frame=49
49,LEFT_ANKLE,0.5432612299919128,0.5310430526733398,0.07000322639942169,0.9740040302276611,CapturedFrames_-3.0_1.5_-2.0/video.mp4#frame=49
49,RIGHT_ANKLE,0.538703978061676,0.4970526695251465,0.2745205760002136,0.634260356426239,CapturedFrames_-3.0_1.5_-2.0/video.mp4#frame=49
49,LEFT_HEEL,0.5502498745918274,0.5572922825813293,0.07335156947374344,0.9412997961044312,CapturedFrames_-3.0_1.5_-2.0/video.mp4#frame=49
49,RIGHT_HEEL,0.5429531335830688,0.5101457834243774,0.28459903597831726,0.7044870853424072,CapturedFrames_-3.0_1.5_-2.0/video.mp4#frame=49
49,LEFT_FOOT_INDEX,0.5160562992095947,0.5435926914215088,0.0328415185213089,0.9651347994804382,CapturedFrames_-3.0_1.5_-2.0/video.mp4#frame=49
49,RIGHT_FOOT_INDEX,0.5170636773109436,0.5049900412559509,0.273346483707428,0.8129906058311462,CapturedFrames_-3.0_1.5_-2.0/video.mp4#frame=49
50,NOSE,0.515821099281311,0.07868264615535736,-0.023119499906897545,0.9999237060546875,CapturedFrames_-3.0_1.5_-2.0/video.mp4#frame=50
50,LEFT_EYE_INNER,0.518637478351593,0.06812898814678192,-0.040087852627038956,0.9999310970306396,CapturedFrames_-3.0_1.5_-2.0/video.mp4#frame=50
50,LEFT_EYE,0.5188630819320679,0.06835909187793732,-0.04010285064578056,0.9999414682388306,CapturedFrames_-3.0_1.5_-2.0/video.mp4#frame=50
50,LEFT_EYE_OUTER,0.5191217660903931,0.06859679520130157,-0.040132928639650345,0.9999322891235352,CapturedFrames_-3.0_1.5_-2.0/video.mp4#frame=50
50,RIGHT_EYE_INNER,0.5200103521347046,0.06764307618141174,-0.02194732055068016,0.9999188184738159,CapturedFrames_-3.0_1.5_-2.0/video.mp4#frame=50
50,RIGHT_EYE,0.521289050579071,0.06751568615436554,-0.02191814035177231,0.9999172687530518,CapturedFrames_-3.0_1.5_-2.0/video.mp4#frame=50
50,RIGHT_EYE_OUTER,0.5227079391479492,0.0673728734254837,-0.02193484827876091,0.9998947381973267,CapturedFrames_-3.0_1.5_-2.0/video.mp4#frame=50
50,LEFT_EAR,0.5255878567695618,0.07381607592105865,-0.09239857643842697,0.9999498128890991,CapturedFrames_-3.0_1.5_-2.0/video.mp4#frame=50
50,RIGHT_EAR,0.5305624008178711,0.07169973850250244,-0.011665571480989456,0.9998874664306641,CapturedFrames_-3.0_1.5_-2.0/video.mp4#frame=50
50,MOUTH_LEFT,0.5177144408226013,0.09035792946815491,-0.03967135772109032,0.9999116659164429,CapturedFrames_-3.0_1.5_-2.0/video.mp4#frame=50
50,MOUTH_RIGHT,0.5190863013267517,0.09068885445594788,-0.016294173896312714,0.9998632669448853,CapturedFrames_-3.0_1.5_-2.0/video.mp4#frame=50
50,LEFT_SHOULDER,0.5226425528526306,0.1445029079914093,-0.14302563667297363,0.9999910593032837,CapturedFrames_-3.0_1.5_-2.0/video.mp4#frame=50
50,RIGHT_SHOULDER,0.5593075752258301,0.152314692735672,0.02989434078335762,0.9996778964996338,CapturedFrames_-3.0_1.5_-2.0/video.mp4#frame=50
50,LEFT_ELBOW,0.5064071416854858,0.23508243262767792,-0.14050330221652985,0.9980059266090393,CapturedFrames_-3.0_1.5_-2.0/video.mp4#frame=50
50,RIGHT_ELBOW,0.5680755376815796,0.24074088037014008,0.03313581645488739,0.8109362125396729,CapturedFrames_-3.0_1.5_-2.0/video.mp4#frame=50
50,LEFT_WRIST,0.4853575825691223,0.29699981212615967,-0.09035277366638184,0.9741573333740234,CapturedFrames_-3.0_1.5_-2.0/video.mp4#frame=50
50,RIGHT_WRIST,0.5714738965034485,0.3124080300331116,0.01319948025047779,0.8108872771263123,CapturedFrames_-3.0_1.5_-2.0/video.mp4#frame=50
50,LEFT_PINKY,0.4838787913322449,0.31352856755256653,-0.0970340296626091,0.9492855072021484,CapturedFrames_-3.0_1.5_-2.0/video.mp4#frame=50
50,RIGHT_PINKY,0.5726019144058228,0.33191007375717163,0.012216132134199142,0.7436909675598145,CapturedFrames_-3.0_1.5_-2.0/video.mp4#frame=50
50,LEFT_INDEX,0.4833067059516907,0.31245627999305725,-0.09910599887371063,0.9460814595222473,CapturedFrames_-3.0_1.5_-2.0/video.mp4#frame=50
50,RIGHT_INDEX,0.570616602897644,0.33228451013565063,0.005602826364338398,0.7298232316970825,CapturedFrames_-3.0_1.5_-2.0/video.mp4#frame=50
50,LEFT_THUMB,0.48423489928245544,0.30819636583328247,-0.08880847692489624,0.9170430302619934,CapturedFrames_-3.0_1.5_-2.0/video.mp4#frame=50
50,RIGHT_THUMB,0.5690449476242065,0.3249441981315613,0.00850220862776041,0.6843374967575073,CapturedFrames_-3.0_1.5_-2.0/video.mp4#frame=50
50,LEFT_HIP,0.5333658456802368,0.30859658122062683,-0.061494581401348114,0.9999173879623413,CapturedFrames_-3.0_1.5_-2.0/video.mp4#frame=50
50,RIGHT_HIP,0.5381004214286804,0.30584195256233215,0.06127721816301346,0.9991948008537292,CapturedFrames_-3.0_1.5_-2.0/video.mp4#frame=50
50,LEFT_KNEE,0.5309509634971619,0.42070868611335754,-0.008868381381034851,0.9937378168106079,CapturedFrames_-3.0_1.5_-2.0/video.mp4#frame=50
50,RIGHT_KNEE,0.5126627087593079,0.3879052996635437,0.15443703532218933,0.8046127557754517,CapturedFrames_-3.0_1.5_-2.0/video.mp4#frame=50
50,LEFT_ANKLE,0.5438727736473083,0.5330771803855896,0.03915444761514664,0.9942283630371094,CapturedFrames_-3.0_1.5_-2.0/video.mp4#frame=50
50,RIGHT_ANKLE,0.5218968987464905,0.4747520983219147,0.2522362470626831,0.9048499464988708,CapturedFrames_-3.0_1.5_-2.0/video.mp4#frame=50
50,LEFT_HEEL,0.5512264370918274,0.5546151995658875,0.0405912920832634,0.97454833984375,CapturedFrames_-3.0_1.5_-2.0/video.mp4#frame=50
50,RIGHT_HEEL,0.5252734422683716,0.49179747700691223,0.26091909408569336,0.8953408598899841,CapturedFrames_-3.0_1.5_-2.0/video.mp4#frame=50
50,LEFT_FOOT_INDEX,0.5183091759681702,0.5455554127693176,-0.0016467904206365347,0.991114616394043,CapturedFrames_-3.0_1.5_-2.0/video.mp4#frame=50
50,RIGHT_FOOT_INDEX,0.4948728680610657,0.47508588433265686,0.2513085901737213,0.9498558044433594,CapturedFrames_-3.0_1.5_-2.0/video.mp4#frame=50
51,NOSE,0.5088049173355103,0.08170352876186371,-0.009434151463210583,0.9998371601104736,CapturedFrames_-3.0_1.5_-2.0/video.mp4#frame=51
51,LEFT_EYE_INNER,0.5110899209976196,0.07107396423816681,-0.02737540937960148,0.9998549222946167,CapturedFrames_-3.0_1.5_-2.0/video.mp4#frame=51
51,LEFT_EYE,0.511096179485321,0.0713019073009491,-0.027396345511078835,0.9998666048049927,CapturedFrames_-3.0_1.5_-2.0/video.mp4#frame=51
51,LEFT_EYE_OUTER,0.5110902786254883,0.07152754068374634,-0.027424514293670654,0.9998488426208496,CapturedFrames_-3.0_1.5_-2.0/video.mp4#frame=51
51,RIGHT_EYE_INNER,0.513072669506073,0.07047879695892334,-0.009970083832740784,0.9998536109924316,CapturedFrames_-3.0_1.5_-2.0/video.mp4#frame=51
51,RIGHT_EYE,0.5145646929740906,0.07027435302734375,-0.00995221734046936,0.9998592138290405,CapturedFrames_-3.0_1.5_-2.0/video.mp4#frame=51
51,RIGHT_EYE_OUTER,0.5161234140396118,0.07004451751708984,-0.009978428483009338,0.9998375177383423,CapturedFrames_-3.0_1.5_-2.0/video.mp4#frame=51
51,LEFT_EAR,0.5163859724998474,0.07623948156833649,-0.08319901674985886,0.999872088432312,CapturedFrames_-3.0_1.5_-2.0/video.mp4#frame=51
51,RIGHT_EAR,0.5233213901519775,0.07402345538139343,-0.005256351083517075,0.9998194575309753,CapturedFrames_-3.0_1.5_-2.0/video.mp4#frame=51
51,MOUTH_LEFT,0.5106592178344727,0.09245365858078003,-0.02718258835375309,0.9997586607933044,CapturedFrames_-3.0_1.5_-2.0/video.mp4#frame=51
51,MOUTH_RIGHT,0.512660026550293,0.09279457479715347,-0.004650130867958069,0.9996737241744995,CapturedFrames_-3.0_1.5_-2.0/video.mp4#frame=51
51,LEFT_SHOULDER,0.5117833018302917,0.14756189286708832,-0.13001857697963715,0.9999576807022095,CapturedFrames_-3.0_1.5_-2.0/video.mp4#frame=51
51,RIGHT_SHOULDER,0.5541787147521973,0.15586356818675995,0.02652638591825962,0.9996805191040039,CapturedFrames_-3.0_1.5_-2.0/video.mp4#frame=51
51,LEFT_ELBOW,0.495940625667572,0.2342159003019333,-0.1253177672624588,0.9941056966781616,CapturedFrames_-3.0_1.5_-2.0/video.mp4#frame=51
51,RIGHT_ELBOW,0.5656901597976685,0.24240143597126007,0.02739335596561432,0.8636501431465149,CapturedFrames_-3.0_1.5_-2.0/video.mp4#frame=51
51,LEFT_WRIST,0.4783960282802582,0.2856723666191101,-0.07164183259010315,0.9004965424537659,CapturedFrames_-3.0_1.5_-2.0/video.mp4#frame=51
51,RIGHT_WRIST,0.5689622163772583,0.31371280550956726,0.0067709945142269135,0.8307250142097473,CapturedFrames_-3.0_1.5_-2.0/video.mp4#frame=51
51,LEFT_PINKY,0.4763267934322357,0.3042867183685303,-0.0747082307934761,0.8364417552947998,CapturedFrames_-3.0_1.5_-2.0/video.mp4#frame=51
51,RIGHT_PINKY,0.5702853798866272,0.3340185880661011,0.004698783624917269,0.7527113556861877,CapturedFrames_-3.0_1.5_-2.0/video.mp4#frame=51
51,LEFT_INDEX,0.4761906564235687,0.3025420904159546,-0.0769524872303009,0.8306808471679688,CapturedFrames_-3.0_1.5_-2.0/video.mp4#frame=51
51,RIGHT_INDEX,0.5678255558013916,0.3336822986602783,-0.000975570990704,0.7375409007072449,CapturedFrames_-3.0_1.5_-2.0/video.mp4#frame=51
51,LEFT_THUMB,0.4771541953086853,0.2970515191555023,-0.07012263685464859,0.7760367393493652,CapturedFrames_-3.0_1.5_-2.0/video.mp4#frame=51
51,RIGHT_THUMB,0.5663502812385559,0.3269745111465454,0.0025172969326376915,0.6963727474212646,CapturedFrames_-3.0_1.5_-2.0/video.mp4#frame=51
51,LEFT_HIP,0.5264394879341125,0.31105315685272217,-0.05952029675245285,0.9998989105224609,CapturedFrames_-3.0_1.5_-2.0/video.mp4#frame=51
51,RIGHT_HIP,0.531878650188446,0.30843400955200195,0.05932316929101944,0.9992607235908508,CapturedFrames_-3.0_1.5_-2.0/video.mp4#frame=51
51,LEFT_KNEE,0.5298302173614502,0.4209878146648407,-0.016797063872218132,0.994107723236084,CapturedFrames_-3.0_1.5_-2.0/video.mp4#frame=51
51,RIGHT_KNEE,0.5016620755195618,0.3764002025127411,0.14685264229774475,0.800173819065094,CapturedFrames_-3.0_1.5_-2.0/video.mp4#frame=51
51,LEFT_ANKLE,0.5437549948692322,0.5321139693260193,0.028584416955709457,0.9932378530502319,CapturedFrames_-3.0_1.5_-2.0/video.mp4#frame=51
51,RIGHT_ANKLE,0.5007079243659973,0.46012961864471436,0.2420925348997116,0.8998560309410095,CapturedFrames_-3.0_1.5_-2.0/video.mp4#frame=51
51,LEFT_HEEL,0.5507267117500305,0.5542494058609009,0.02997538074851036,0.9716924428939819,CapturedFrames_-3.0_1.5_-2.0/video.mp4#frame=51
51,RIGHT_HEEL,0.5039262771606445,0.48182547092437744,0.2505282163619995,0.8891035318374634,CapturedFrames_-3.0_1.5_-2.0/video.mp4#frame=51
51,LEFT_FOOT_INDEX,0.5172696709632874,0.5420739650726318,-0.009719996713101864,0.9868284463882446,CapturedFrames_-3.0_1.5_-2.0/video.mp4#frame=51
51,RIGHT_FOOT_INDEX,0.47780099511146545,0.45698869228363037,0.24317100644111633,0.9315680265426636,CapturedFrames_-3.0_1.5_-2.0/video.mp4#frame=51
52,NOSE,0.5006716847419739,0.08250153064727783,-0.0239780955016613,0.9996507167816162,CapturedFrames_-3.0_1.5_-2.0/video.mp4#frame=52
52,LEFT_EYE_INNER,0.5030106902122498,0.07166315615177155,-0.04354339838027954,0.9996457099914551,CapturedFrames_-3.0_1.5_-2.0/video.mp4#frame=52
52,LEFT_EYE,0.5030766129493713,0.07179415225982666,-0.043571777641773224,0.9996919631958008,CapturedFrames_-3.0_1.5_-2.0/video.mp4#frame=52
52,LEFT_EYE_OUTER,0.5031484365463257,0.07205317914485931,-0.04359927400946617,0.9996682405471802,CapturedFrames_-3.0_1.5_-2.0/video.mp4#frame=52
52,RIGHT_EYE_INNER,0.5047388672828674,0.07108454406261444,-0.02517315372824669,0.9996261596679688,CapturedFrames_-3.0_1.5_-2.0/video.mp4#frame=52
52,RIGHT_EYE,0.5059676766395569,0.07076072692871094,-0.025144081562757492,0.9996547698974609,CapturedFrames_-3.0_1.5_-2.0/video.mp4#frame=52
52,RIGHT_EYE_OUTER,0.5072780251502991,0.07056409120559692,-0.02515733614563942,0.999594509601593,CapturedFrames_-3.0_1.5_-2.0/video.mp4#frame=52
52,LEFT_EAR,0.5079664587974548,0.07843586802482605,-0.102028988301754,0.9996501207351685,CapturedFrames_-3.0_1.5_-2.0/video.mp4#frame=52
52,RIGHT_EAR,0.5144650936126709,0.07653562724590302,-0.019185326993465424,0.9994885921478271,CapturedFrames_-3.0_1.5_-2.0/video.mp4#frame=52
52,MOUTH_LEFT,0.5029542446136475,0.0950152724981308,-0.04223816469311714,0.9996132254600525,CapturedFrames_-3.0_1.5_-2.0/video.mp4#frame=52
52,MOUTH_RIGHT,0.5047606825828552,0.09508953988552094,-0.018352191895246506,0.9994093179702759,CapturedFrames_-3.0_1.5_-2.0/video.mp4#frame=52
52,LEFT_SHOULDER,0.5026440620422363,0.14928065240383148,-0.1465286761522293,0.9999732971191406,CapturedFrames_-3.0_1.5_-2.0/video.mp4#frame=52
52,RIGHT_SHOULDER,0.5451030731201172,0.15348464250564575,0.01655127853155136,0.9997087121009827,CapturedFrames_-3.0_1.5_-2.0/video.mp4#frame=52
52,LEFT_ELBOW,0.48656973242759705,0.22759191691875458,-0.14337733387947083,0.9957553148269653,CapturedFrames_-3.0_1.5_-2.0/video.mp4#frame=52
52,RIGHT_ELBOW,0.557442843914032,0.23655292391777039,0.02638516202569008,0.8757405281066895,CapturedFrames_-3.0_1.5_-2.0/video.mp4#frame=52
52,LEFT_WRIST,0.4682471752166748,0.27917030453681946,-0.09784578531980515,0.9140301942825317,CapturedFrames_-3.0_1.5_-2.0/video.mp4#frame=52
52,RIGHT_WRIST,0.5656296014785767,0.30758634209632874,0.005723665934056044,0.8536064028739929,CapturedFrames_-3.0_1.5_-2.0/video.mp4#frame=52
52,LEFT_PINKY,0.4653485417366028,0.2989380657672882,-0.10350824892520905,0.8491128087043762,CapturedFrames_-3.0_1.5_-2.0/video.mp4#frame=52
52,RIGHT_PINKY,0.5685304999351501,0.3270544111728668,0.0031550698913633823,0.7754514813423157,CapturedFrames_-3.0_1.5_-2.0/video.mp4#frame=52
52,LEFT_INDEX,0.4655166268348694,0.2960461676120758,-0.10484442859888077,0.8460225462913513,CapturedFrames_-3.0_1.5_-2.0/video.mp4#frame=52
52,RIGHT_INDEX,0.5645172595977783,0.329063355922699,-0.004773068707436323,0.7594906687736511,CapturedFrames_-3.0_1.5_-2.0/video.mp4#frame=52
52,LEFT_THUMB,0.46716588735580444,0.289025217294693,-0.09616894274950027,0.7830910682678223,CapturedFrames_-3.0_1.5_-2.0/video.mp4#frame=52
52,RIGHT_THUMB,0.5626364946365356,0.3222007155418396,0.0007758801220916212,0.7105207443237305,CapturedFrames_-3.0_1.5_-2.0/video.mp4#frame=52
52,LEFT_HIP,0.5197390913963318,0.3136932849884033,-0.06060582399368286,0.9999616146087646,CapturedFrames_-3.0_1.5_-2.0/video.mp4#frame=52
52,RIGHT_HIP,0.5234033465385437,0.30970779061317444,0.060446836054325104,0.999538779258728,CapturedFrames_-3.0_1.5_-2.0/video.mp4#frame=52
52,LEFT_KNEE,0.5257652997970581,0.417716383934021,-0.01492726244032383,0.9913533329963684,CapturedFrames_-3.0_1.5_-2.0/video.mp4#frame=52
52,RIGHT_KNEE,0.49855369329452515,0.38079673051834106,0.1877884417772293,0.6968092322349548,CapturedFrames_-3.0_1.5_-2.0/video.mp4#frame=52
52,LEFT_ANKLE,0.5452615022659302,0.5270571112632751,0.028102463111281395,0.9938014149665833,CapturedFrames_-3.0_1.5_-2.0/video.mp4#frame=52
52,RIGHT_ANKLE,0.48817214369773865,0.45747268199920654,0.3104664385318756,0.8771925568580627,CapturedFrames_-3.0_1.5_-2.0/video.mp4#frame=52
52,LEFT_HEEL,0.5528385639190674,0.5498173236846924,0.029296088963747025,0.9708014726638794,CapturedFrames_-3.0_1.5_-2.0/video.mp4#frame=52
52,RIGHT_HEEL,0.4903636574745178,0.48098132014274597,0.321587473154068,0.8601292967796326,CapturedFrames_-3.0_1.5_-2.0/video.mp4#frame=52
52,LEFT_FOOT_INDEX,0.5157131552696228,0.5371261835098267,-0.021747976541519165,0.9893707036972046,CapturedFrames_-3.0_1.5_-2.0/video.mp4#frame=52
52,RIGHT_FOOT_INDEX,0.4653133451938629,0.44669923186302185,0.3103230595588684,0.9339398145675659,CapturedFrames_-3.0_1.5_-2.0/video.mp4#frame=52
53,NOSE,0.4932263493537903,0.08628425002098083,0.002334862481802702,0.9995068311691284,CapturedFrames_-3.0_1.5_-2.0/video.mp4#frame=53
53,LEFT_EYE_INNER,0.495060533285141,0.07585623860359192,-0.017448442056775093,0.9994219541549683,CapturedFrames_-3.0_1.5_-2.0/video.mp4#frame=53
53,LEFT_EYE,0.4948665499687195,0.07611750066280365,-0.017487939447164536,0.9994677901268005,CapturedFrames_-3.0_1.5_-2.0/video.mp4#frame=53
53,LEFT_EYE_OUTER,0.4946644902229309,0.07641595602035522,-0.01752871833741665,0.9994503855705261,CapturedFrames_-3.0_1.5_-2.0/video.mp4#frame=53
53,RIGHT_EYE_INNER,0.4974361062049866,0.07520599663257599,-0.0014575263485312462,0.9994252920150757,CapturedFrames_-3.0_1.5_-2.0/video.mp4#frame=53
53,RIGHT_EYE,0.49890345335006714,0.07501783967018127,-0.001422510133124888,0.9994465708732605,CapturedFrames_-3.0_1.5_-2.0/video.mp4#frame=53
53,RIGHT_EYE_OUTER,0.5003901124000549,0.07481923699378967,-0.0014498819364234805,0.9993157386779785,CapturedFrames_-3.0_1.5_-2.0/video.mp4#frame=53
53,LEFT_EAR,0.4987637400627136,0.08182957768440247,-0.08106674253940582,0.9993059635162354,CapturedFrames_-3.0_1.5_-2.0/video.mp4#frame=53
53,RIGHT_EAR,0.506645143032074,0.07952441275119781,-0.008999070152640343,0.9988429546356201,CapturedFrames_-3.0_1.5_-2.0/video.mp4#frame=53
53,MOUTH_LEFT,0.49445682764053345,0.0972977727651596,-0.01796368882060051,0.9992097616195679,CapturedFrames_-3.0_1.5_-2.0/video.mp4#frame=53
53,MOUTH_RIGHT,0.49683815240859985,0.09750659018754959,0.0027697221376001835,0.9988983869552612,CapturedFrames_-3.0_1.5_-2.0/video.mp4#frame=53
53,LEFT_SHOULDER,0.4914485812187195,0.15289108455181122,-0.13060826063156128,0.9999208450317383,CapturedFrames_-3.0_1.5_-2.0/video.mp4#frame=53
53,RIGHT_SHOULDER,0.536346435546875,0.15725718438625336,0.013546483591198921,0.9994856119155884,CapturedFrames_-3.0_1.5_-2.0/video.mp4#frame=53
53,LEFT_ELBOW,0.4779082238674164,0.22883957624435425,-0.11871890723705292,0.9936200976371765,CapturedFrames_-3.0_1.5_-2.0/video.mp4#frame=53
53,RIGHT_ELBOW,0.5513817667961121,0.2408970296382904,0.022950390353798866,0.8751633763313293,CapturedFrames_-3.0_1.5_-2.0/video.mp4#frame=53
53,LEFT_WRIST,0.46272364258766174,0.2741382122039795,-0.0536731593310833,0.8130262494087219,CapturedFrames_-3.0_1.5_-2.0/video.mp4#frame=53
53,RIGHT_WRIST,0.5593562722206116,0.3120482563972473,0.011248975992202759,0.8176957964897156,CapturedFrames_-3.0_1.5_-2.0/video.mp4#frame=53
53,LEFT_PINKY,0.4589647352695465,0.29207590222358704,-0.054433416575193405,0.7069849967956543,CapturedFrames_-3.0_1.5_-2.0/video.mp4#frame=53
53,RIGHT_PINKY,0.5606178045272827,0.33070921897888184,0.009354698471724987,0.7318600416183472,CapturedFrames_-3.0_1.5_-2.0/video.mp4#frame=53
53,LEFT_INDEX,0.4594176709651947,0.2898189127445221,-0.05641467496752739,0.705010712146759,CapturedFrames_-3.0_1.5_-2.0/video.mp4#frame=53
53,RIGHT_INDEX,0.5579620599746704,0.330390989780426,0.0030029681511223316,0.7159098386764526,CapturedFrames_-3.0_1.5_-2.0/video.mp4#frame=53
53,LEFT_THUMB,0.4610499441623688,0.2840993404388428,-0.05170365422964096,0.638729989528656,CapturedFrames_-3.0_1.5_-2.0/video.mp4#frame=53
53,RIGHT_THUMB,0.5567653179168701,0.32462382316589355,0.0069757797755301,0.666930615901947,CapturedFrames_-3.0_1.5_-2.0/video.mp4#frame=53
53,LEFT_HIP,0.5132722854614258,0.31263378262519836,-0.054820697754621506,0.9999525547027588,CapturedFrames_-3.0_1.5_-2.0/video.mp4#frame=53
53,RIGHT_HIP,0.5167085528373718,0.3094908893108368,0.05466964840888977,0.9995774626731873,CapturedFrames_-3.0_1.5_-2.0/video.mp4#frame=53
53,LEFT_KNEE,0.5231271982192993,0.4168713390827179,-0.017915960401296616,0.9875723123550415,CapturedFrames_-3.0_1.5_-2.0/video.mp4#frame=53
53,RIGHT_KNEE,0.49372634291648865,0.3903346061706543,0.17191752791404724,0.7208307981491089,CapturedFrames_-3.0_1.5_-2.0/video.mp4#frame=53
53,LEFT_ANKLE,0.5431563258171082,0.5227206945419312,0.022749148309230804,0.98853999376297,CapturedFrames_-3.0_1.5_-2.0/video.mp4#frame=53
53,RIGHT_ANKLE,0.4797498285770416,0.4589617848396301,0.2901455760002136,0.8807669878005981,CapturedFrames_-3.0_1.5_-2.0/video.mp4#frame=53
53,LEFT_HEEL,0.551242470741272,0.5463402271270752,0.024312425404787064,0.9500895738601685,CapturedFrames_-3.0_1.5_-2.0/video.mp4#frame=53
53,RIGHT_HEEL,0.478823721408844,0.4837360680103302,0.3012845516204834,0.8492256999015808,CapturedFrames_-3.0_1.5_-2.0/video.mp4#frame=53
53,LEFT_FOOT_INDEX,0.5160910487174988,0.5383424758911133,-0.022033995017409325,0.9769560694694519,CapturedFrames_-3.0_1.5_-2.0/video.mp4#frame=53
53,RIGHT_FOOT_INDEX,0.45762020349502563,0.44601380825042725,0.29131704568862915,0.9057633876800537,CapturedFrames_-3.0_1.5_-2.0/video.mp4#frame=53
54,NOSE,0.48531922698020935,0.09157280623912811,-0.0015722537646070123,0.999524712562561,CapturedFrames_-3.0_1.5_-2.0/video.mp4#frame=54
54,LEFT_EYE_INNER,0.48720675706863403,0.08119434118270874,-0.021741623058915138,0.9994402527809143,CapturedFrames_-3.0_1.5_-2.0/video.mp4#frame=54
54,LEFT_EYE,0.48714298009872437,0.08133243024349213,-0.021777035668492317,0.9994862079620361,CapturedFrames_-3.0_1.5_-2.0/video.mp4#frame=54
54,LEFT_EYE_OUTER,0.4870828092098236,0.08156867325305939,-0.021815652027726173,0.9994427561759949,CapturedFrames_-3.0_1.5_-2.0/video.mp4#frame=54
54,RIGHT_EYE_INNER,0.48927658796310425,0.08054947853088379,-0.0053454176522791386,0.9994602799415588,CapturedFrames_-3.0_1.5_-2.0/video.mp4#frame=54
54,RIGHT_EYE,0.4905971884727478,0.08022816479206085,-0.005311879329383373,0.9995067119598389,CapturedFrames_-3.0_1.5_-2.0/video.mp4#frame=54
54,RIGHT_EYE_OUTER,0.4919396936893463,0.08000259101390839,-0.005330327898263931,0.999406099319458,CapturedFrames_-3.0_1.5_-2.0/video.mp4#frame=54
54,LEFT_EAR,0.4915488660335541,0.08720551431179047,-0.08533767610788345,0.9992875456809998,CapturedFrames_-3.0_1.5_-2.0/video.mp4#frame=54
54,RIGHT_EAR,0.49862176179885864,0.08509546518325806,-0.011084148660302162,0.9989770650863647,CapturedFrames_-3.0_1.5_-2.0/video.mp4#frame=54
54,MOUTH_LEFT,0.48725080490112305,0.1028929054737091,-0.02171974629163742,0.9991669654846191,CapturedFrames_-3.0_1.5_-2.0/video.mp4#frame=54
54,MOUTH_RIGHT,0.48936524987220764,0.10292800515890121,-0.0003856694092974067,0.9988663196563721,CapturedFrames_-3.0_1.5_-2.0/video.mp4#frame=54
54,LEFT_SHOULDER,0.4849165380001068,0.15570132434368134,-0.13238610327243805,0.9998981952667236,CapturedFrames_-3.0_1.5_-2.0/video.mp4#frame=54
54,RIGHT_SHOULDER,0.53023761510849,0.16248399019241333,0.011567228473722935,0.9996078610420227,CapturedFrames_-3.0_1.5_-2.0/video.mp4#frame=54
54,LEFT_ELBOW,0.4690942168235779,0.2254653126001358,-0.11836282163858414,0.9925934672355652,CapturedFrames_-3.0_1.5_-2.0/video.mp4#frame=54
54,RIGHT_ELBOW,0.5438330769538879,0.24104516208171844,0.019818179309368134,0.911517322063446,CapturedFrames_-3.0_1.5_-2.0/video.mp4#frame=54
54,LEFT_WRIST,0.4543798565864563,0.27094802260398865,-0.05362154170870781,0.7519016861915588,CapturedFrames_-3.0_1.5_-2.0/video.mp4#frame=54
54,RIGHT_WRIST,0.55340176820755,0.3127237856388092,0.008259357884526253,0.859234631061554,CapturedFrames_-3.0_1.5_-2.0/video.mp4#frame=54
54,LEFT_PINKY,0.4506123960018158,0.28860509395599365,-0.05326519533991814,0.6349996328353882,CapturedFrames_-3.0_1.5_-2.0/video.mp4#frame=54
54,RIGHT_PINKY,0.5549818277359009,0.3314688801765442,0.006763928569853306,0.7743231058120728,CapturedFrames_-3.0_1.5_-2.0/video.mp4#frame=54
54,LEFT_INDEX,0.4512818455696106,0.28564947843551636,-0.05553799122571945,0.6372950673103333,CapturedFrames_-3.0_1.5_-2.0/video.mp4#frame=54
54,RIGHT_INDEX,0.5522140860557556,0.3323338031768799,0.0008634483674541116,0.7580912709236145,CapturedFrames_-3.0_1.5_-2.0/video.mp4#frame=54
54,LEFT_THUMB,0.4529624879360199,0.28014546632766724,-0.05187683552503586,0.5717856884002686,CapturedFrames_-3.0_1.5_-2.0/video.mp4#frame=54
54,RIGHT_THUMB,0.550545871257782,0.3261301517486572,0.004196091555058956,0.7114525437355042,CapturedFrames_-3.0_1.5_-2.0/video.mp4#frame=54
54,LEFT_HIP,0.5066541433334351,0.31563884019851685,-0.05549093335866928,0.999947190284729,CapturedFrames_-3.0_1.5_-2.0/video.mp4#frame=54
54,RIGHT_HIP,0.5090476274490356,0.3133709728717804,0.05533447116613388,0.999573290348053,CapturedFrames_-3.0_1.5_-2.0/video.mp4#frame=54
54,LEFT_KNEE,0.5203997492790222,0.41658318042755127,-0.024599848315119743,0.9890844225883484,CapturedFrames_-3.0_1.5_-2.0/video.mp4#frame=54
54,RIGHT_KNEE,0.48705238103866577,0.3918992877006531,0.16800916194915771,0.7657408118247986,CapturedFrames_-3.0_1.5_-2.0/video.mp4#frame=54
54,LEFT_ANKLE,0.5422499775886536,0.519771933555603,0.01359827071428299,0.9921682476997375,CapturedFrames_-3.0_1.5_-2.0/video.mp4#frame=54
54,RIGHT_ANKLE,0.4736695885658264,0.4628380537033081,0.28145432472229004,0.9167668223381042,CapturedFrames_-3.0_1.5_-2.0/video.mp4#frame=54
54,LEFT_HEEL,0.5503530502319336,0.541961669921875,0.01480206847190857,0.9600955247879028,CapturedFrames_-3.0_1.5_-2.0/video.mp4#frame=54
54,RIGHT_HEEL,0.47421136498451233,0.4853159189224243,0.2919580042362213,0.8849902749061584,CapturedFrames_-3.0_1.5_-2.0/video.mp4#frame=54
54,LEFT_FOOT_INDEX,0.5164533853530884,0.5394934415817261,-0.03379678726196289,0.9845243096351624,CapturedFrames_-3.0_1.5_-2.0/video.mp4#frame=54
54,RIGHT_FOOT_INDEX,0.45239272713661194,0.45052456855773926,0.28018420934677124,0.9336982369422913,CapturedFrames_-3.0_1.5_-2.0/video.mp4#frame=54
55,NOSE,0.47904473543167114,0.095171257853508,0.0009201670764014125,0.9993104934692383,CapturedFrames_-3.0_1.5_-2.0/video.mp4#frame=55
55,LEFT_EYE_INNER,0.48040780425071716,0.08534052968025208,-0.018601449206471443,0.9990155696868896,CapturedFrames_-3.0_1.5_-2.0/video.mp4#frame=55
55,LEFT_EYE,0.4803604185581207,0.0856110155582428,-0.018634138628840446,0.9991425275802612,CapturedFrames_-3.0_1.5_-2.0/video.mp4#frame=55
55,LEFT_EYE_OUTER,0.4803038537502289,0.08598247170448303,-0.01867447979748249,0.9991058707237244,CapturedFrames_-3.0_1.5_-2.0/video.mp4#frame=55
55,RIGHT_EYE_INNER,0.4820276200771332,0.08479401469230652,-0.004365609493106604,0.9990553259849548,CapturedFrames_-3.0_1.5_-2.0/video.mp4#frame=55
55,RIGHT_EYE,0.48322218656539917,0.0846545398235321,-0.0043364521116018295,0.9991350769996643,CapturedFrames_-3.0_1.5_-2.0/video.mp4#frame=55
55,RIGHT_EYE_OUTER,0.4845151901245117,0.08466066420078278,-0.004356421530246735,0.9989357590675354,CapturedFrames_-3.0_1.5_-2.0/video.mp4#frame=55
55,LEFT_EAR,0.48434868454933167,0.09163640439510345,-0.08136816322803497,0.9991176724433899,CapturedFrames_-3.0_1.5_-2.0/video.mp4#frame=55
55,RIGHT_EAR,0.49144238233566284,0.09050682187080383,-0.01672157645225525,0.9983651041984558,CapturedFrames_-3.0_1.5_-2.0/video.mp4#frame=55
55,MOUTH_LEFT,0.480704128742218,0.10686710476875305,-0.018780020996928215,0.9989750385284424,CapturedFrames_-3.0_1.5_-2.0/video.mp4#frame=55
55,MOUTH_RIGHT,0.48275938630104065,0.1064157783985138,-0.0002676004369277507,0.9984315037727356,CapturedFrames_-3.0_1.5_-2.0/video.mp4#frame=55
55,LEFT_SHOULDER,0.4777217507362366,0.1597929745912552,-0.12146105617284775,0.9999316930770874,CapturedFrames_-3.0_1.5_-2.0/video.mp4#frame=55
55,RIGHT_SHOULDER,0.5220991373062134,0.16405178606510162,0.0003730393364094198,0.99955815076828,CapturedFrames_-3.0_1.5_-2.0/video.mp4#frame=55
55,LEFT_ELBOW,0.45969876646995544,0.2255103588104248,-0.10820337384939194,0.9968633651733398,CapturedFrames_-3.0_1.5_-2.0/video.mp4#frame=55
55,RIGHT_ELBOW,0.5358276963233948,0.24154654145240784,0.0064888945780694485,0.9524106383323669,CapturedFrames_-3.0_1.5_-2.0/video.mp4#frame=55
55,LEFT_WRIST,0.44575151801109314,0.2749086320400238,-0.05280987173318863,0.8565152287483215,CapturedFrames_-3.0_1.5_-2.0/video.mp4#frame=55
55,RIGHT_WRIST,0.5458764433860779,0.31583160161972046,-0.002434153575450182,0.9436137080192566,CapturedFrames_-3.0_1.5_-2.0/video.mp4#frame=55
55,LEFT_PINKY,0.44439640641212463,0.2912820875644684,-0.05344869941473007,0.7452016472816467,CapturedFrames_-3.0_1.5_-2.0/video.mp4#frame=55
55,RIGHT_PINKY,0.5488441586494446,0.3317176103591919,-0.0059723807498812675,0.8960116505622864,CapturedFrames_-3.0_1.5_-2.0/video.mp4#frame=55
55,LEFT_INDEX,0.44468721747398376,0.28864023089408875,-0.05633033439517021,0.7452746629714966,CapturedFrames_-3.0_1.5_-2.0/video.mp4#frame=55
55,RIGHT_INDEX,0.5453397631645203,0.33334439992904663,-0.009436063468456268,0.8837698101997375,CapturedFrames_-3.0_1.5_-2.0/video.mp4#frame=55
55,LEFT_THUMB,0.445698082447052,0.2834797501564026,-0.05144370347261429,0.6715551018714905,CapturedFrames_-3.0_1.5_-2.0/video.mp4#frame=55
55,RIGHT_THUMB,0.5436384677886963,0.3278156816959381,-0.005494921468198299,0.8463771939277649,CapturedFrames_-3.0_1.5_-2.0/video.mp4#frame=55
55,LEFT_HIP,0.4974633753299713,0.3144616484642029,-0.05076555162668228,0.9999661445617676,CapturedFrames_-3.0_1.5_-2.0/video.mp4#frame=55
55,RIGHT_HIP,0.5056130886077881,0.311475932598114,0.050602950155735016,0.9995465874671936,CapturedFrames_-3.0_1.5_-2.0/video.mp4#frame=55
55,LEFT_KNEE,0.5154710412025452,0.41486501693725586,-0.015194172970950603,0.9948063492774963,CapturedFrames_-3.0_1.5_-2.0/video.mp4#frame=55
55,RIGHT_KNEE,0.47905412316322327,0.3851301968097687,0.1632697582244873,0.7941211462020874,CapturedFrames_-3.0_1.5_-2.0/video.mp4#frame=55
55,LEFT_ANKLE,0.5420494675636292,0.5186421871185303,0.0320764034986496,0.9945873022079468,CapturedFrames_-3.0_1.5_-2.0/video.mp4#frame=55
55,RIGHT_ANKLE,0.46949201822280884,0.46173757314682007,0.280870258808136,0.9322933554649353,CapturedFrames_-3.0_1.5_-2.0/video.mp4#frame=55
55,LEFT_HEEL,0.5499332547187805,0.5402652025222778,0.03421078249812126,0.9587365388870239,CapturedFrames_-3.0_1.5_-2.0/video.mp4#frame=55
55,RIGHT_HEEL,0.4702042043209076,0.48454463481903076,0.29175928235054016,0.8801092505455017,CapturedFrames_-3.0_1.5_-2.0/video.mp4#frame=55
55,LEFT_FOOT_INDEX,0.5187757611274719,0.5434104204177856,-0.013105267658829689,0.9867991805076599,CapturedFrames_-3.0_1.5_-2.0/video.mp4#frame=55
55,RIGHT_FOOT_INDEX,0.4460087716579437,0.45492544770240784,0.2760595679283142,0.941106915473938,CapturedFrames_-3.0_1.5_-2.0/video.mp4#frame=55
56,NOSE,0.4725125730037689,0.09891979396343231,-0.012140491046011448,0.9997071623802185,CapturedFrames_-3.0_1.5_-2.0/video.mp4#frame=56
56,LEFT_EYE_INNER,0.47416776418685913,0.0887150764465332,-0.03029506281018257,0.9995279312133789,CapturedFrames_-3.0_1.5_-2.0/video.mp4#frame=56
56,LEFT_EYE,0.47405630350112915,0.08895696699619293,-0.0303242988884449,0.999594509601593,CapturedFrames_-3.0_1.5_-2.0/video.mp4#frame=56
56,LEFT_EYE_OUTER,0.4739266037940979,0.08921050280332565,-0.03035716339945793,0.9995678067207336,CapturedFrames_-3.0_1.5_-2.0/video.mp4#frame=56
56,RIGHT_EYE_INNER,0.47607383131980896,0.08839766681194305,-0.013920861296355724,0.9995558857917786,CapturedFrames_-3.0_1.5_-2.0/video.mp4#frame=56
56,RIGHT_EYE,0.4773724675178528,0.0884680449962616,-0.013886669650673866,0.9995631575584412,CapturedFrames_-3.0_1.5_-2.0/video.mp4#frame=56
56,RIGHT_EYE_OUTER,0.4786471426486969,0.08852887153625488,-0.013901090249419212,0.9994387030601501,CapturedFrames_-3.0_1.5_-2.0/video.mp4#frame=56
56,LEFT_EAR,0.4777488708496094,0.09457437694072723,-0.08826607465744019,0.9995618462562561,CapturedFrames_-3.0_1.5_-2.0/video.mp4#frame=56
56,RIGHT_EAR,0.48449787497520447,0.09296179562807083,-0.014177476987242699,0.99883633852005,CapturedFrames_-3.0_1.5_-2.0/video.mp4#frame=56
56,MOUTH_LEFT,0.4736293852329254,0.11051246523857117,-0.030669759958982468,0.999527096748352,CapturedFrames_-3.0_1.5_-2.0/video.mp4#frame=56
56,MOUTH_RIGHT,0.4757882058620453,0.11034484207630157,-0.009432694874703884,0.9992215633392334,CapturedFrames_-3.0_1.5_-2.0/video.mp4#frame=56
56,LEFT_SHOULDER,0.4699321687221527,0.161893829703331,-0.13448473811149597,0.9999620914459229,CapturedFrames_-3.0_1.5_-2.0/video.mp4#frame=56
56,RIGHT_SHOULDER,0.5144942998886108,0.16858169436454773,0.013985348865389824,0.999384880065918,CapturedFrames_-3.0_1.5_-2.0/video.mp4#frame=56
56,LEFT_ELBOW,0.4540777802467346,0.23377758264541626,-0.1270969808101654,0.9981870055198669,CapturedFrames_-3.0_1.5_-2.0/video.mp4#frame=56
56,RIGHT_ELBOW,0.5266173481941223,0.24537469446659088,0.019060248509049416,0.9137400388717651,CapturedFrames_-3.0_1.5_-2.0/video.mp4#frame=56
56,LEFT_WRIST,0.43944844603538513,0.2824222445487976,-0.06973258405923843,0.9286616444587708,CapturedFrames_-3.0_1.5_-2.0/video.mp4#frame=56
56,RIGHT_WRIST,0.53519207239151,0.3130633234977722,0.005325677804648876,0.9251470565795898,CapturedFrames_-3.0_1.5_-2.0/video.mp4#frame=56
56,LEFT_PINKY,0.4368528723716736,0.29807746410369873,-0.07351218163967133,0.8631575703620911,CapturedFrames_-3.0_1.5_-2.0/video.mp4#frame=56
56,RIGHT_PINKY,0.5376859903335571,0.3336302638053894,0.0017446005949750543,0.8807550668716431,CapturedFrames_-3.0_1.5_-2.0/video.mp4#frame=56
56,LEFT_INDEX,0.43683522939682007,0.2944384515285492,-0.07628349214792252,0.8601768612861633,CapturedFrames_-3.0_1.5_-2.0/video.mp4#frame=56
56,RIGHT_INDEX,0.5362152457237244,0.3346235156059265,-0.0031404353212565184,0.8694294095039368,CapturedFrames_-3.0_1.5_-2.0/video.mp4#frame=56
56,LEFT_THUMB,0.43820589780807495,0.2897782027721405,-0.06834715604782104,0.8053004741668701,CapturedFrames_-3.0_1.5_-2.0/video.mp4#frame=56
56,RIGHT_THUMB,0.5345897674560547,0.3270851969718933,0.00145173748023808,0.8287045955657959,CapturedFrames_-3.0_1.5_-2.0/video.mp4#frame=56
56,LEFT_HIP,0.49231523275375366,0.31389036774635315,-0.056477077305316925,0.9999649524688721,CapturedFrames_-3.0_1.5_-2.0/video.mp4#frame=56
56,RIGHT_HIP,0.49495378136634827,0.3118014335632324,0.05627678707242012,0.9994901418685913,CapturedFrames_-3.0_1.5_-2.0/video.mp4#frame=56
56,LEFT_KNEE,0.5073210000991821,0.4165079891681671,-0.03366144746541977,0.9972395896911621,CapturedFrames_-3.0_1.5_-2.0/video.mp4#frame=56
56,RIGHT_KNEE,0.4711074233055115,0.37916916608810425,0.16953113675117493,0.8291446566581726,CapturedFrames_-3.0_1.5_-2.0/video.mp4#frame=56
56,LEFT_ANKLE,0.5406494736671448,0.5143072605133057,0.002808264223858714,0.9981623291969299,CapturedFrames_-3.0_1.5_-2.0/video.mp4#frame=56
56,RIGHT_ANKLE,0.4683275818824768,0.4625707268714905,0.28648799657821655,0.9577751159667969,CapturedFrames_-3.0_1.5_-2.0/video.mp4#frame=56
56,LEFT_HEEL,0.5502039194107056,0.5316107273101807,0.0037643841933459044,0.9811131954193115,CapturedFrames_-3.0_1.5_-2.0/video.mp4#frame=56
56,RIGHT_HEEL,0.4715525209903717,0.48374709486961365,0.29680758714675903,0.9215676188468933,CapturedFrames_-3.0_1.5_-2.0/video.mp4#frame=56
56,LEFT_FOOT_INDEX,0.5181851387023926,0.5449425578117371,-0.048427823930978775,0.9958470463752747,CapturedFrames_-3.0_1.5_-2.0/video.mp4#frame=56
56,RIGHT_FOOT_INDEX,0.4462881088256836,0.4644153118133545,0.280219167470932,0.9666205644607544,CapturedFrames_-3.0_1.5_-2.0/video.mp4#frame=56
57,NOSE,0.46787023544311523,0.10170841217041016,-0.0022036924492567778,0.9993295669555664,CapturedFrames_-3.0_1.5_-2.0/video.mp4#frame=57
57,LEFT_EYE_INNER,0.4688258767127991,0.09092691540718079,-0.02110299840569496,0.9988896250724792,CapturedFrames_-3.0_1.5_-2.0/video.mp4#frame=57
57,LEFT_EYE,0.46843767166137695,0.09122299402952194,-0.021136809140443802,0.9990390539169312,CapturedFrames_-3.0_1.5_-2.0/video.mp4#frame=57
57,LEFT_EYE_OUTER,0.4680336117744446,0.09157632291316986,-0.02116868458688259,0.998982846736908,CapturedFrames_-3.0_1.5_-2.0/video.mp4#frame=57
57,RIGHT_EYE_INNER,0.47113409638404846,0.09048105776309967,-0.007062449119985104,0.9988594055175781,CapturedFrames_-3.0_1.5_-2.0/video.mp4#frame=57
57,RIGHT_EYE,0.47242823243141174,0.09047958254814148,-0.007034367881715298,0.9989286065101624,CapturedFrames_-3.0_1.5_-2.0/video.mp4#frame=57
57,RIGHT_EYE_OUTER,0.4736507534980774,0.09055940806865692,-0.00705228466540575,0.9986761212348938,CapturedFrames_-3.0_1.5_-2.0/video.mp4#frame=57
57,LEFT_EAR,0.4707864224910736,0.09707437455654144,-0.08248172700405121,0.998843789100647,CapturedFrames_-3.0_1.5_-2.0/video.mp4#frame=57
57,RIGHT_EAR,0.4796070158481598,0.09613294899463654,-0.018641171976923943,0.9974561333656311,CapturedFrames_-3.0_1.5_-2.0/video.mp4#frame=57
57,MOUTH_LEFT,0.46827229857444763,0.11286822706460953,-0.021491827443242073,0.9988222718238831,CapturedFrames_-3.0_1.5_-2.0/video.mp4#frame=57
57,MOUTH_RIGHT,0.4709692895412445,0.11296291649341583,-0.0032613244839012623,0.9979495406150818,CapturedFrames_-3.0_1.5_-2.0/video.mp4#frame=57
57,LEFT_SHOULDER,0.46301108598709106,0.163199320435524,-0.12608520686626434,0.9999479055404663,CapturedFrames_-3.0_1.5_-2.0/video.mp4#frame=57
57,RIGHT_SHOULDER,0.5084601640701294,0.16974176466464996,0.001831063418649137,0.9994366765022278,CapturedFrames_-3.0_1.5_-2.0/video.mp4#frame=57
57,LEFT_ELBOW,0.4493862986564636,0.2396959662437439,-0.11786060035228729,0.9975453019142151,CapturedFrames_-3.0_1.5_-2.0/video.mp4#frame=57
57,RIGHT_ELBOW,0.5179956555366516,0.2487814724445343,0.005823895335197449,0.9343241453170776,CapturedFrames_-3.0_1.5_-2.0/video.mp4#frame=57
57,LEFT_WRIST,0.4334513247013092,0.2905246913433075,-0.06364179402589798,0.924964964389801,CapturedFrames_-3.0_1.5_-2.0/video.mp4#frame=57
57,RIGHT_WRIST,0.5258638262748718,0.31883615255355835,-0.003324722172692418,0.9376814365386963,CapturedFrames_-3.0_1.5_-2.0/video.mp4#frame=57
57,LEFT_PINKY,0.43035945296287537,0.30685654282569885,-0.06492161005735397,0.8516846299171448,CapturedFrames_-3.0_1.5_-2.0/video.mp4#frame=57
57,RIGHT_PINKY,0.5297448635101318,0.3361546993255615,-0.006500270217657089,0.892885148525238,CapturedFrames_-3.0_1.5_-2.0/video.mp4#frame=57
57,LEFT_INDEX,0.43058520555496216,0.30422085523605347,-0.06727659702301025,0.8526848554611206,CapturedFrames_-3.0_1.5_-2.0/video.mp4#frame=57
57,RIGHT_INDEX,0.5264975428581238,0.33780550956726074,-0.01103164628148079,0.8811666965484619,CapturedFrames_-3.0_1.5_-2.0/video.mp4#frame=57
57,LEFT_THUMB,0.4321250319480896,0.2991993725299835,-0.06212862581014633,0.7996082901954651,CapturedFrames_-3.0_1.5_-2.0/video.mp4#frame=57
57,RIGHT_THUMB,0.5247007012367249,0.3319839537143707,-0.00686652073636651,0.8457551598548889,CapturedFrames_-3.0_1.5_-2.0/video.mp4#frame=57
57,LEFT_HIP,0.4838477671146393,0.31588202714920044,-0.054733216762542725,0.9999669790267944,CapturedFrames_-3.0_1.5_-2.0/video.mp4#frame=57
57,RIGHT_HIP,0.4884492754936218,0.31422439217567444,0.054544735699892044,0.9995755553245544,CapturedFrames_-3.0_1.5_-2.0/video.mp4#frame=57
57,LEFT_KNEE,0.4947829246520996,0.4201660454273224,-0.03154454380273819,0.9957701563835144,CapturedFrames_-3.0_1.5_-2.0/video.mp4#frame=57
57,RIGHT_KNEE,0.46717506647109985,0.3878262937068939,0.16461078822612762,0.7610046863555908,CapturedFrames_-3.0_1.5_-2.0/video.mp4#frame=57
57,LEFT_ANKLE,0.5335911512374878,0.5090669989585876,0.009122299961745739,0.9965280890464783,CapturedFrames_-3.0_1.5_-2.0/video.mp4#frame=57
57,RIGHT_ANKLE,0.46788305044174194,0.4634517729282379,0.28540730476379395,0.9272462129592896,CapturedFrames_-3.0_1.5_-2.0/video.mp4#frame=57
57,LEFT_HEEL,0.547291100025177,0.5203168392181396,0.010795186273753643,0.9737319350242615,CapturedFrames_-3.0_1.5_-2.0/video.mp4#frame=57
57,RIGHT_HEEL,0.4716382622718811,0.4852169156074524,0.2960836589336395,0.8831215500831604,CapturedFrames_-3.0_1.5_-2.0/video.mp4#frame=57
57,LEFT_FOOT_INDEX,0.5180073380470276,0.5505377650260925,-0.03938627615571022,0.9922472238540649,CapturedFrames_-3.0_1.5_-2.0/video.mp4#frame=57
57,RIGHT_FOOT_INDEX,0.44501471519470215,0.46848008036613464,0.27793753147125244,0.9393538236618042,CapturedFrames_-3.0_1.5_-2.0/video.mp4#frame=57
58,NOSE,0.46009865403175354,0.10362859070301056,0.019797835499048233,0.9997404217720032,CapturedFrames_-3.0_1.5_-2.0/video.mp4#frame=58
58,LEFT_EYE_INNER,0.46181192994117737,0.09258127212524414,0.0020331861451268196,0.9997219443321228,CapturedFrames_-3.0_1.5_-2.0/video.mp4#frame=58
58,LEFT_EYE,0.461688369512558,0.09285706281661987,0.002010863274335861,0.9997230172157288,CapturedFrames_-3.0_1.5_-2.0/video.mp4#frame=58
58,LEFT_EYE_OUTER,0.4615404009819031,0.09310794621706009,0.0019806993659585714,0.9997081160545349,CapturedFrames_-3.0_1.5_-2.0/video.mp4#frame=58
58,RIGHT_EYE_INNER,0.4636080265045166,0.09204364567995071,0.017023606225848198,0.9996848106384277,CapturedFrames_-3.0_1.5_-2.0/video.mp4#frame=58
58,RIGHT_EYE,0.4648159146308899,0.09198455512523651,0.017038287594914436,0.9996775388717651,CapturedFrames_-3.0_1.5_-2.0/video.mp4#frame=58
58,RIGHT_EYE_OUTER,0.4660937786102295,0.09188699722290039,0.017018940299749374,0.9996527433395386,CapturedFrames_-3.0_1.5_-2.0/video.mp4#frame=58
58,LEFT_EAR,0.46504417061805725,0.09823770821094513,-0.05611824244260788,0.9997046589851379,CapturedFrames_-3.0_1.5_-2.0/video.mp4#frame=58
58,RIGHT_EAR,0.472400963306427,0.09652138501405716,0.011517811566591263,0.9995245933532715,CapturedFrames_-3.0_1.5_-2.0/video.mp4#frame=58
58,MOUTH_LEFT,0.4610961973667145,0.1140916645526886,0.001295767375268042,0.9996219873428345,CapturedFrames_-3.0_1.5_-2.0/video.mp4#frame=58
58,MOUTH_RIGHT,0.46315163373947144,0.11402321606874466,0.020699305459856987,0.9994932413101196,CapturedFrames_-3.0_1.5_-2.0/video.mp4#frame=58
58,LEFT_SHOULDER,0.45671138167381287,0.1623048037290573,-0.10656396299600601,0.9999724626541138,CapturedFrames_-3.0_1.5_-2.0/video.mp4#frame=58
58,RIGHT_SHOULDER,0.5009434223175049,0.1691957265138626,0.03401833400130272,0.9998028874397278,CapturedFrames_-3.0_1.5_-2.0/video.mp4#frame=58
58,LEFT_ELBOW,0.44417238235473633,0.2443781942129135,-0.09988787770271301,0.9978391528129578,CapturedFrames_-3.0_1.5_-2.0/video.mp4#frame=58
58,RIGHT_ELBOW,0.5113702416419983,0.24875584244728088,0.0398193821310997,0.9167160987854004,CapturedFrames_-3.0_1.5_-2.0/video.mp4#frame=58
58,LEFT_WRIST,0.4288260340690613,0.29775556921958923,-0.042252250015735626,0.9442994594573975,CapturedFrames_-3.0_1.5_-2.0/video.mp4#frame=58
58,RIGHT_WRIST,0.5169879794120789,0.3173079192638397,0.02928054705262184,0.8838659524917603,CapturedFrames_-3.0_1.5_-2.0/video.mp4#frame=58
58,LEFT_PINKY,0.4255422055721283,0.3144725561141968,-0.04345473274588585,0.8837719559669495,CapturedFrames_-3.0_1.5_-2.0/video.mp4#frame=58
58,RIGHT_PINKY,0.5192883610725403,0.33429598808288574,0.02957078441977501,0.8188619017601013,CapturedFrames_-3.0_1.5_-2.0/video.mp4#frame=58
58,LEFT_INDEX,0.42556771636009216,0.31348729133605957,-0.04341283068060875,0.8833936452865601,CapturedFrames_-3.0_1.5_-2.0/video.mp4#frame=58
58,RIGHT_INDEX,0.5158742666244507,0.3341941237449646,0.022805511951446533,0.807880699634552,CapturedFrames_-3.0_1.5_-2.0/video.mp4#frame=58
58,LEFT_THUMB,0.4268623888492584,0.30879971385002136,-0.03971483185887337,0.8470969796180725,CapturedFrames_-3.0_1.5_-2.0/video.mp4#frame=58
58,RIGHT_THUMB,0.5135522484779358,0.3291420340538025,0.025270577520132065,0.7769883871078491,CapturedFrames_-3.0_1.5_-2.0/video.mp4#frame=58
58,LEFT_HIP,0.4731607437133789,0.31394872069358826,-0.056960295885801315,0.9999523162841797,CapturedFrames_-3.0_1.5_-2.0/video.mp4#frame=58
58,RIGHT_HIP,0.48635655641555786,0.3099164068698883,0.05679081752896309,0.9997157454490662,CapturedFrames_-3.0_1.5_-2.0/video.mp4#frame=58
58,LEFT_KNEE,0.47500666975975037,0.4123156666755676,-0.037188880145549774,0.9923781156539917,CapturedFrames_-3.0_1.5_-2.0/video.mp4#frame=58
58,RIGHT_KNEE,0.46933048963546753,0.4012376666069031,0.13153555989265442,0.6884234547615051,CapturedFrames_-3.0_1.5_-2.0/video.mp4#frame=58
58,LEFT_ANKLE,0.5214442014694214,0.4930965304374695,-0.005902997218072414,0.9912814497947693,CapturedFrames_-3.0_1.5_-2.0/video.mp4#frame=58
58,RIGHT_ANKLE,0.464006245136261,0.47121286392211914,0.21789030730724335,0.880856990814209,CapturedFrames_-3.0_1.5_-2.0/video.mp4#frame=58
58,LEFT_HEEL,0.5339312553405762,0.497234046459198,-0.0039045631419867277,0.9749646186828613,CapturedFrames_-3.0_1.5_-2.0/video.mp4#frame=58
58,RIGHT_HEEL,0.4674836993217468,0.4907638430595398,0.22578641772270203,0.8648873567581177,CapturedFrames_-3.0_1.5_-2.0/video.mp4#frame=58
58,LEFT_FOOT_INDEX,0.5162542462348938,0.5451090931892395,-0.03865105286240578,0.9845869541168213,CapturedFrames_-3.0_1.5_-2.0/video.mp4#frame=58
58,RIGHT_FOOT_INDEX,0.44412240386009216,0.4729282259941101,0.21248085796833038,0.9089338779449463,CapturedFrames_-3.0_1.5_-2.0/video.mp4#frame=58
59,NOSE,0.4548901617527008,0.10148049145936966,0.01911696419119835,0.9998008608818054,CapturedFrames_-3.0_1.5_-2.0/video.mp4#frame=59
59,LEFT_EYE_INNER,0.4559563994407654,0.09126706421375275,0.002421487122774124,0.9997628331184387,CapturedFrames_-3.0_1.5_-2.0/video.mp4#frame=59
59,LEFT_EYE,0.4556162357330322,0.09151186048984528,0.0024039356503635645,0.9997658133506775,CapturedFrames_-3.0_1.5_-2.0/video.mp4#frame=59
59,LEFT_EYE_OUTER,0.45524463057518005,0.09177582710981369,0.002386538777500391,0.9997650980949402,CapturedFrames_-3.0_1.5_-2.0/video.mp4#frame=59
59,RIGHT_EYE_INNER,0.45834845304489136,0.09076077491044998,0.015751153230667114,0.9997242093086243,CapturedFrames_-3.0_1.5_-2.0/video.mp4#frame=59
59,RIGHT_EYE,0.45976871252059937,0.09070213884115219,0.015769338235259056,0.9997145533561707,CapturedFrames_-3.0_1.5_-2.0/video.mp4#frame=59
59,RIGHT_EYE_OUTER,0.46115273237228394,0.09068728238344193,0.015744509175419807,0.9996961355209351,CapturedFrames_-3.0_1.5_-2.0/video.mp4#frame=59
59,LEFT_EAR,0.458071768283844,0.09691110998392105,-0.055642496794462204,0.9996906518936157,CapturedFrames_-3.0_1.5_-2.0/video.mp4#frame=59
59,RIGHT_EAR,0.4669930934906006,0.09562239050865173,0.004017333034425974,0.9995579123497009,CapturedFrames_-3.0_1.5_-2.0/video.mp4#frame=59
59,MOUTH_LEFT,0.4552775025367737,0.11188994348049164,8.633591642137617e-05,0.9996416568756104,CapturedFrames_-3.0_1.5_-2.0/video.mp4#frame=59
59,MOUTH_RIGHT,0.4577597677707672,0.11219935119152069,0.017232896760106087,0.9995274543762207,CapturedFrames_-3.0_1.5_-2.0/video.mp4#frame=59
59,LEFT_SHOULDER,0.4498662054538727,0.16048476099967957,-0.10652792453765869,0.9999725818634033,CapturedFrames_-3.0_1.5_-2.0/video.mp4#frame=59
59,RIGHT_SHOULDER,0.49303871393203735,0.16818125545978546,0.025279060006141663,0.9998142123222351,CapturedFrames_-3.0_1.5_-2.0/video.mp4#frame=59
59,LEFT_ELBOW,0.43956294655799866,0.2458987534046173,-0.10817265510559082,0.9947456121444702,CapturedFrames_-3.0_1.5_-2.0/video.mp4#frame=59
59,RIGHT_ELBOW,0.502159833908081,0.2501176595687866,0.03551766276359558,0.8683575391769409,CapturedFrames_-3.0_1.5_-2.0/video.mp4#frame=59
59,LEFT_WRIST,0.4265304207801819,0.30437031388282776,-0.06852485239505768,0.9433271884918213,CapturedFrames_-3.0_1.5_-2.0/video.mp4#frame=59
59,RIGHT_WRIST,0.5060364007949829,0.3145603835582733,0.02817511186003685,0.8742994070053101,CapturedFrames_-3.0_1.5_-2.0/video.mp4#frame=59
59,LEFT_PINKY,0.4236260950565338,0.3228261172771454,-0.0720214918255806,0.8870444297790527,CapturedFrames_-3.0_1.5_-2.0/video.mp4#frame=59
59,RIGHT_PINKY,0.507888674736023,0.33142027258872986,0.03046426549553871,0.831081211566925,CapturedFrames_-3.0_1.5_-2.0/video.mp4#frame=59
59,LEFT_INDEX,0.42375755310058594,0.3229493498802185,-0.07037674635648727,0.8862605094909668,CapturedFrames_-3.0_1.5_-2.0/video.mp4#frame=59
59,RIGHT_INDEX,0.5038811564445496,0.3303489685058594,0.02279709093272686,0.8160831332206726,CapturedFrames_-3.0_1.5_-2.0/video.mp4#frame=59
59,LEFT_THUMB,0.4248737692832947,0.31839287281036377,-0.06572763621807098,0.8546093702316284,CapturedFrames_-3.0_1.5_-2.0/video.mp4#frame=59
59,RIGHT_THUMB,0.5023216605186462,0.32526683807373047,0.024463118985295296,0.7810773849487305,CapturedFrames_-3.0_1.5_-2.0/video.mp4#frame=59
59,LEFT_HIP,0.4653473496437073,0.30920425057411194,-0.05611858889460564,0.999967098236084,CapturedFrames_-3.0_1.5_-2.0/video.mp4#frame=59
59,RIGHT_HIP,0.4834846556186676,0.30671873688697815,0.055944375693798065,0.9998204112052917,CapturedFrames_-3.0_1.5_-2.0/video.mp4#frame=59
59,LEFT_KNEE,0.46081727743148804,0.40709030628204346,-0.03722507134079933,0.9848145246505737,CapturedFrames_-3.0_1.5_-2.0/video.mp4#frame=59
59,RIGHT_KNEE,0.4573604166507721,0.39479172229766846,0.13191771507263184,0.43472975492477417,CapturedFrames_-3.0_1.5_-2.0/video.mp4#frame=59
59,LEFT_ANKLE,0.5075717568397522,0.48296919465065,-0.026992540806531906,0.9880971908569336,CapturedFrames_-3.0_1.5_-2.0/video.mp4#frame=59
59,RIGHT_ANKLE,0.4609720706939697,0.4715605080127716,0.19092273712158203,0.7922868728637695,CapturedFrames_-3.0_1.5_-2.0/video.mp4#frame=59
59,LEFT_HEEL,0.5195802450180054,0.485742449760437,-0.026092523708939552,0.9843189120292664,CapturedFrames_-3.0_1.5_-2.0/video.mp4#frame=59
59,RIGHT_HEEL,0.4648934304714203,0.4887787699699402,0.19611680507659912,0.7817665934562683,CapturedFrames_-3.0_1.5_-2.0/video.mp4#frame=59
59,LEFT_FOOT_INDEX,0.5040851831436157,0.5350987911224365,-0.047823384404182434,0.9827918410301208,CapturedFrames_-3.0_1.5_-2.0/video.mp4#frame=59
59,RIGHT_FOOT_INDEX,0.4430753290653229,0.47568458318710327,0.18516835570335388,0.8525255918502808,CapturedFrames_-3.0_1.5_-2.0/video.mp4#frame=59
60,NOSE,0.44477540254592896,0.096788689494133,0.008300239220261574,0.9999531507492065,CapturedFrames_-3.0_1.5_-2.0/video.mp4#frame=60
60,LEFT_EYE_INNER,0.44635969400405884,0.08837579190731049,-0.00561967259272933,0.9999388456344604,CapturedFrames_-3.0_1.5_-2.0/video.mp4#frame=60
60,LEFT_EYE,0.4460901618003845,0.08870258927345276,-0.005623971577733755,0.9999392032623291,CapturedFrames_-3.0_1.5_-2.0/video.mp4#frame=60
60,LEFT_EYE_OUTER,0.44580402970314026,0.08904150128364563,-0.0056421877816319466,0.9999374151229858,CapturedFrames_-3.0_1.5_-2.0/video.mp4#frame=60
60,RIGHT_EYE_INNER,0.4486658573150635,0.08776657283306122,0.00872386246919632,0.9999291896820068,CapturedFrames_-3.0_1.5_-2.0/video.mp4#frame=60
60,RIGHT_EYE,0.45020371675491333,0.0877167284488678,0.008743923157453537,0.9999192953109741,CapturedFrames_-3.0_1.5_-2.0/video.mp4#frame=60
60,RIGHT_EYE_OUTER,0.4518664479255676,0.08769665658473969,0.008721775375306606,0.9999152421951294,CapturedFrames_-3.0_1.5_-2.0/video.mp4#frame=60
60,LEFT_EAR,0.4495425820350647,0.09414055943489075,-0.05842079594731331,0.9999376535415649,CapturedFrames_-3.0_1.5_-2.0/video.mp4#frame=60
60,RIGHT_EAR,0.45826664566993713,0.0926603227853775,0.005232504103332758,0.9998987913131714,CapturedFrames_-3.0_1.5_-2.0/video.mp4#frame=60
60,MOUTH_LEFT,0.4456213116645813,0.10683144629001617,-0.009611313231289387,0.9998941421508789,CapturedFrames_-3.0_1.5_-2.0/video.mp4#frame=60
60,MOUTH_RIGHT,0.4480694830417633,0.10718504339456558,0.008790799416601658,0.9998787641525269,CapturedFrames_-3.0_1.5_-2.0/video.mp4#frame=60
60,LEFT_SHOULDER,0.4428882598876953,0.1631203293800354,-0.1127438098192215,0.9999853372573853,CapturedFrames_-3.0_1.5_-2.0/video.mp4#frame=60
60,RIGHT_SHOULDER,0.48471492528915405,0.16682226955890656,0.03187166899442673,0.9998670816421509,CapturedFrames_-3.0_1.5_-2.0/video.mp4#frame=60
60,LEFT_ELBOW,0.43605661392211914,0.24608665704727173,-0.12476511299610138,0.9952538013458252,CapturedFrames_-3.0_1.5_-2.0/video.mp4#frame=60
60,RIGHT_ELBOW,0.49202483892440796,0.24448324739933014,0.03976571932435036,0.845547616481781,CapturedFrames_-3.0_1.5_-2.0/video.mp4#frame=60
60,LEFT_WRIST,0.42409053444862366,0.3127687871456146,-0.09362665563821793,0.9726632833480835,CapturedFrames_-3.0_1.5_-2.0/video.mp4#frame=60
60,RIGHT_WRIST,0.4942397177219391,0.311583936214447,0.03226819261908531,0.90346360206604,CapturedFrames_-3.0_1.5_-2.0/video.mp4#frame=60
60,LEFT_PINKY,0.4224357008934021,0.33178284764289856,-0.09940049052238464,0.9424276351928711,CapturedFrames_-3.0_1.5_-2.0/video.mp4#frame=60
60,RIGHT_PINKY,0.49585312604904175,0.33005332946777344,0.03678470849990845,0.8637394309043884,CapturedFrames_-3.0_1.5_-2.0/video.mp4#frame=60
60,LEFT_INDEX,0.42318397760391235,0.332306444644928,-0.09658832103013992,0.9399489164352417,CapturedFrames_-3.0_1.5_-2.0/video.mp4#frame=60
60,RIGHT_INDEX,0.49167531728744507,0.3303782045841217,0.031107937917113304,0.8526800274848938,CapturedFrames_-3.0_1.5_-2.0/video.mp4#frame=60
60,LEFT_THUMB,0.4242473542690277,0.3253611624240875,-0.0907198041677475,0.9168379306793213,CapturedFrames_-3.0_1.5_-2.0/video.mp4#frame=60
60,RIGHT_THUMB,0.4900137782096863,0.3240169286727905,0.02912979945540428,0.8238602876663208,CapturedFrames_-3.0_1.5_-2.0/video.mp4#frame=60
60,LEFT_HIP,0.4568609595298767,0.3042779266834259,-0.056799907237291336,0.9999479055404663,CapturedFrames_-3.0_1.5_-2.0/video.mp4#frame=60
60,RIGHT_HIP,0.4770299792289734,0.3036934435367584,0.05657725781202316,0.9997971653938293,CapturedFrames_-3.0_1.5_-2.0/video.mp4#frame=60
60,LEFT_KNEE,0.44964513182640076,0.40280312299728394,-0.018437020480632782,0.976479709148407,CapturedFrames_-3.0_1.5_-2.0/video.mp4#frame=60
60,RIGHT_KNEE,0.45332637429237366,0.3954709470272064,0.13485094904899597,0.25265175104141235,CapturedFrames_-3.0_1.5_-2.0/video.mp4#frame=60
60,LEFT_ANKLE,0.49349093437194824,0.47552984952926636,-0.016033902764320374,0.9822177290916443,CapturedFrames_-3.0_1.5_-2.0/video.mp4#frame=60
60,RIGHT_ANKLE,0.4620899558067322,0.4736851453781128,0.1759815365076065,0.6933441162109375,CapturedFrames_-3.0_1.5_-2.0/video.mp4#frame=60
60,LEFT_HEEL,0.5059253573417664,0.4784422516822815,-0.016007348895072937,0.9851245880126953,CapturedFrames_-3.0_1.5_-2.0/video.mp4#frame=60
60,RIGHT_HEEL,0.46601811051368713,0.4864504933357239,0.17949175834655762,0.7494655251502991,CapturedFrames_-3.0_1.5_-2.0/video.mp4#frame=60
60,LEFT_FOOT_INDEX,0.4876784682273865,0.5217992067337036,-0.03162677586078644,0.9787492156028748,CapturedFrames_-3.0_1.5_-2.0/video.mp4#frame=60
60,RIGHT_FOOT_INDEX,0.4456325173377991,0.47805675864219666,0.1709529012441635,0.8135495781898499,CapturedFrames_-3.0_1.5_-2.0/video.mp4#frame=60
61,NOSE,0.4378931522369385,0.0978257954120636,0.006558219902217388,0.9997051358222961,CapturedFrames_-3.0_1.5_-2.0/video.mp4#frame=61
61,LEFT_EYE_INNER,0.43912428617477417,0.08777028322219849,-0.009323464706540108,0.9996272325515747,CapturedFrames_-3.0_1.5_-2.0/video.mp4#frame=61
61,LEFT_EYE,0.43890565633773804,0.08805567026138306,-0.009332844987511635,0.9996442794799805,CapturedFrames_-3.0_1.5_-2.0/video.mp4#frame=61
61,LEFT_EYE_OUTER,0.43867677450180054,0.0883830338716507,-0.009350513108074665,0.9996294975280762,CapturedFrames_-3.0_1.5_-2.0/video.mp4#frame=61
61,RIGHT_EYE_INNER,0.4411507546901703,0.08701957762241364,0.006512783467769623,0.9995821118354797,CapturedFrames_-3.0_1.5_-2.0/video.mp4#frame=61
61,RIGHT_EYE,0.44246092438697815,0.08675265312194824,0.006517188157886267,0.9995766282081604,CapturedFrames_-3.0_1.5_-2.0/video.mp4#frame=61
61,RIGHT_EYE_OUTER,0.4438461363315582,0.08646325767040253,0.006481125019490719,0.9995725750923157,CapturedFrames_-3.0_1.5_-2.0/video.mp4#frame=61
61,LEFT_EAR,0.44180694222450256,0.09327386319637299,-0.06624072790145874,0.9996519088745117,CapturedFrames_-3.0_1.5_-2.0/video.mp4#frame=61
61,RIGHT_EAR,0.44967135787010193,0.09059708565473557,0.003579517127946019,0.9996169805526733,CapturedFrames_-3.0_1.5_-2.0/video.mp4#frame=61
61,MOUTH_LEFT,0.4389650821685791,0.10764925926923752,-0.012531200423836708,0.9995655417442322,CapturedFrames_-3.0_1.5_-2.0/video.mp4#frame=61
61,MOUTH_RIGHT,0.4410138726234436,0.10777276009321213,0.007698787841945887,0.9995520710945129,CapturedFrames_-3.0_1.5_-2.0/video.mp4#frame=61
61,LEFT_SHOULDER,0.43688124418258667,0.15694306790828705,-0.12213991582393646,0.9999457597732544,CapturedFrames_-3.0_1.5_-2.0/video.mp4#frame=61
61,RIGHT_SHOULDER,0.47680097818374634,0.15946851670742035,0.03272366151213646,0.9996522665023804,CapturedFrames_-3.0_1.5_-2.0/video.mp4#frame=61
61,LEFT_ELBOW,0.43356865644454956,0.2444867193698883,-0.1316922903060913,0.9956562519073486,CapturedFrames_-3.0_1.5_-2.0/video.mp4#frame=61
61,RIGHT_ELBOW,0.48593536019325256,0.23938697576522827,0.04371728003025055,0.6252642273902893,CapturedFrames_-3.0_1.5_-2.0/video.mp4#frame=61
61,LEFT_WRIST,0.4230727255344391,0.3148050606250763,-0.09431394189596176,0.9687150120735168,CapturedFrames_-3.0_1.5_-2.0/video.mp4#frame=61
61,RIGHT_WRIST,0.48311883211135864,0.30644091963768005,0.030969584360718727,0.7060381770133972,CapturedFrames_-3.0_1.5_-2.0/video.mp4#frame=61
61,LEFT_PINKY,0.4230094850063324,0.33211034536361694,-0.1014716848731041,0.9369373321533203,CapturedFrames_-3.0_1.5_-2.0/video.mp4#frame=61
61,RIGHT_PINKY,0.48316526412963867,0.32456937432289124,0.03434617444872856,0.655586302280426,CapturedFrames_-3.0_1.5_-2.0/video.mp4#frame=61
61,LEFT_INDEX,0.4230668544769287,0.3315250277519226,-0.09836596250534058,0.9344708919525146,CapturedFrames_-3.0_1.5_-2.0/video.mp4#frame=61
61,RIGHT_INDEX,0.4807187020778656,0.3250780403614044,0.023872260004281998,0.6488125920295715,CapturedFrames_-3.0_1.5_-2.0/video.mp4#frame=61
61,LEFT_THUMB,0.42373141646385193,0.32588377594947815,-0.09121857583522797,0.9071237444877625,CapturedFrames_-3.0_1.5_-2.0/video.mp4#frame=61
61,RIGHT_THUMB,0.47975078225135803,0.31869593262672424,0.025835271924734116,0.6220899224281311,CapturedFrames_-3.0_1.5_-2.0/video.mp4#frame=61
61,LEFT_HIP,0.45097070932388306,0.30220720171928406,-0.055611174553632736,0.9996882677078247,CapturedFrames_-3.0_1.5_-2.0/video.mp4#frame=61
61,RIGHT_HIP,0.47088536620140076,0.30071380734443665,0.055450450628995895,0.9992409944534302,CapturedFrames_-3.0_1.5_-2.0/video.mp4#frame=61
61,LEFT_KNEE,0.43769994378089905,0.3970241844654083,-0.006261481903493404,0.9559112787246704,CapturedFrames_-3.0_1.5_-2.0/video.mp4#frame=61
61,RIGHT_KNEE,0.45316895842552185,0.38623055815696716,0.1066497340798378,0.4022759199142456,CapturedFrames_-3.0_1.5_-2.0/video.mp4#frame=61
61,LEFT_ANKLE,0.47527074813842773,0.47422391176223755,0.025541028007864952,0.958197832107544,CapturedFrames_-3.0_1.5_-2.0/video.mp4#frame=61
61,RIGHT_ANKLE,0.4663558006286621,0.4665958285331726,0.14058426022529602,0.6297941207885742,CapturedFrames_-3.0_1.5_-2.0/video.mp4#frame=61
61,LEFT_HEEL,0.4858008325099945,0.4812272787094116,0.028231779113411903,0.9679493308067322,CapturedFrames_-3.0_1.5_-2.0/video.mp4#frame=61
61,RIGHT_HEEL,0.4706873297691345,0.4803470969200134,0.14327068626880646,0.7252114415168762,CapturedFrames_-3.0_1.5_-2.0/video.mp4#frame=61
61,LEFT_FOOT_INDEX,0.4595114290714264,0.4944353699684143,0.015847690403461456,0.9352947473526001,CapturedFrames_-3.0_1.5_-2.0/video.mp4#frame=61
61,RIGHT_FOOT_INDEX,0.4489644169807434,0.47783568501472473,0.13254095613956451,0.6821756958961487,CapturedFrames_-3.0_1.5_-2.0/video.mp4#frame=61
62,NOSE,0.4311639666557312,0.09157530218362808,0.029280995950102806,0.9996787309646606,CapturedFrames_-3.0_1.5_-2.0/video.mp4#frame=62
62,LEFT_EYE_INNER,0.43201979994773865,0.08103162050247192,0.01491682417690754,0.9996198415756226,CapturedFrames_-3.0_1.5_-2.0/video.mp4#frame=62
62,LEFT_EYE,0.4316306710243225,0.08140072226524353,0.014921429567039013,0.9996159076690674,CapturedFrames_-3.0_1.5_-2.0/video.mp4#frame=62
62,LEFT_EYE_OUTER,0.43124231696128845,0.08181503415107727,0.014925384894013405,0.9996102452278137,CapturedFrames_-3.0_1.5_-2.0/video.mp4#frame=62
62,RIGHT_EYE_INNER,0.4345076084136963,0.07999899983406067,0.0265686996281147,0.9995362758636475,CapturedFrames_-3.0_1.5_-2.0/video.mp4#frame=62
62,RIGHT_EYE,0.4359147548675537,0.0796663761138916,0.026578495278954506,0.99949049949646,CapturedFrames_-3.0_1.5_-2.0/video.mp4#frame=62
62,RIGHT_EYE_OUTER,0.4373283386230469,0.07932758331298828,0.026533830910921097,0.9995007514953613,CapturedFrames_-3.0_1.5_-2.0/video.mp4#frame=62
62,LEFT_EAR,0.43440955877304077,0.08757826685905457,-0.03858013078570366,0.9995213747024536,CapturedFrames_-3.0_1.5_-2.0/video.mp4#frame=62
62,RIGHT_EAR,0.4430963099002838,0.08339756727218628,0.012146379798650742,0.9995890259742737,CapturedFrames_-3.0_1.5_-2.0/video.mp4#frame=62
62,MOUTH_LEFT,0.43217095732688904,0.10294023156166077,0.01169440895318985,0.9993667006492615,CapturedFrames_-3.0_1.5_-2.0/video.mp4#frame=62
62,MOUTH_RIGHT,0.43484076857566833,0.10261718928813934,0.026499029248952866,0.999426007270813,CapturedFrames_-3.0_1.5_-2.0/video.mp4#frame=62
62,LEFT_SHOULDER,0.4321339726448059,0.15067140758037567,-0.09456465393304825,0.999845027923584,CapturedFrames_-3.0_1.5_-2.0/video.mp4#frame=62
62,RIGHT_SHOULDER,0.469613641500473,0.14787743985652924,0.038142021745443344,0.9992231130599976,CapturedFrames_-3.0_1.5_-2.0/video.mp4#frame=62
62,LEFT_ELBOW,0.42853665351867676,0.24552519619464874,-0.11606047302484512,0.9794950485229492,CapturedFrames_-3.0_1.5_-2.0/video.mp4#frame=62
62,RIGHT_ELBOW,0.4728657603263855,0.2306886613368988,0.052151937037706375,0.13816271722316742,CapturedFrames_-3.0_1.5_-2.0/video.mp4#frame=62
62,LEFT_WRIST,0.42268842458724976,0.3092823624610901,-0.08150549232959747,0.9169504046440125,CapturedFrames_-3.0_1.5_-2.0/video.mp4#frame=62
62,RIGHT_WRIST,0.4616944193840027,0.27646324038505554,0.05411047488451004,0.15667079389095306,CapturedFrames_-3.0_1.5_-2.0/video.mp4#frame=62
62,LEFT_PINKY,0.42277640104293823,0.32920530438423157,-0.08659666776657104,0.8738169074058533,CapturedFrames_-3.0_1.5_-2.0/video.mp4#frame=62
62,RIGHT_PINKY,0.45824041962623596,0.29046154022216797,0.06161535903811455,0.17693015933036804,CapturedFrames_-3.0_1.5_-2.0/video.mp4#frame=62
62,LEFT_INDEX,0.4230305552482605,0.3289935886859894,-0.08172110468149185,0.8709891438484192,CapturedFrames_-3.0_1.5_-2.0/video.mp4#frame=62
62,RIGHT_INDEX,0.4528745710849762,0.2850525975227356,0.050965189933776855,0.17851793766021729,CapturedFrames_-3.0_1.5_-2.0/video.mp4#frame=62
62,LEFT_THUMB,0.42379921674728394,0.32157188653945923,-0.07841142266988754,0.8432115912437439,CapturedFrames_-3.0_1.5_-2.0/video.mp4#frame=62
62,RIGHT_THUMB,0.4536891579627991,0.28138628602027893,0.04970880225300789,0.16864383220672607,CapturedFrames_-3.0_1.5_-2.0/video.mp4#frame=62
62,LEFT_HIP,0.44292742013931274,0.30336740612983704,-0.04599946364760399,0.999711811542511,CapturedFrames_-3.0_1.5_-2.0/video.mp4#frame=62
62,RIGHT_HIP,0.4664902091026306,0.3050396144390106,0.04581940919160843,0.9994832277297974,CapturedFrames_-3.0_1.5_-2.0/video.mp4#frame=62
62,LEFT_KNEE,0.4250667095184326,0.38694700598716736,0.0450359471142292,0.9789555072784424,CapturedFrames_-3.0_1.5_-2.0/video.mp4#frame=62
62,RIGHT_KNEE,0.4544603228569031,0.38133278489112854,0.1313047707080841,0.6958703994750977,CapturedFrames_-3.0_1.5_-2.0/video.mp4#frame=62
62,LEFT_ANKLE,0.4572836458683014,0.4645557403564453,0.044022027403116226,0.9800419211387634,CapturedFrames_-3.0_1.5_-2.0/video.mp4#frame=62
62,RIGHT_ANKLE,0.4634034037590027,0.4693180024623871,0.11831767857074738,0.8688997030258179,CapturedFrames_-3.0_1.5_-2.0/video.mp4#frame=62
62,LEFT_HEEL,0.46655330061912537,0.47575798630714417,0.04503189027309418,0.9827390909194946,CapturedFrames_-3.0_1.5_-2.0/video.mp4#frame=62
62,RIGHT_HEEL,0.4721950888633728,0.4830757677555084,0.11701519787311554,0.8755507469177246,CapturedFrames_-3.0_1.5_-2.0/video.mp4#frame=62
62,LEFT_FOOT_INDEX,0.446444571018219,0.4958541989326477,0.047832466661930084,0.9690701961517334,CapturedFrames_-3.0_1.5_-2.0/video.mp4#frame=62
62,RIGHT_FOOT_INDEX,0.4486594796180725,0.4963102638721466,0.1153470128774643,0.8494943380355835,CapturedFrames_-3.0_1.5_-2.0/video.mp4#frame=62
63,NOSE,0.421039342880249,0.09122367203235626,0.008997100405395031,0.9995813965797424,CapturedFrames_-3.0_1.5_-2.0/video.mp4#frame=63
63,LEFT_EYE_INNER,0.4226556718349457,0.08013918995857239,-0.005982324481010437,0.9994649291038513,CapturedFrames_-3.0_1.5_-2.0/video.mp4#frame=63
63,LEFT_EYE,0.4227059483528137,0.08036576211452484,-0.00598174287006259,0.9995067119598389,CapturedFrames_-3.0_1.5_-2.0/video.mp4#frame=63
63,LEFT_EYE_OUTER,0.4227188229560852,0.080612912774086,-0.0059889210388064384,0.9994760155677795,CapturedFrames_-3.0_1.5_-2.0/video.mp4#frame=63
63,RIGHT_EYE_INNER,0.4240621030330658,0.07948751747608185,0.00709616020321846,0.9994471669197083,CapturedFrames_-3.0_1.5_-2.0/video.mp4#frame=63
63,RIGHT_EYE,0.4251829981803894,0.07923313975334167,0.007100553717464209,0.9994500279426575,CapturedFrames_-3.0_1.5_-2.0/video.mp4#frame=63
63,RIGHT_EYE_OUTER,0.4263644814491272,0.07891985774040222,0.007019657641649246,0.9994301199913025,CapturedFrames_-3.0_1.5_-2.0/video.mp4#frame=63
63,LEFT_EAR,0.42683276534080505,0.08557398617267609,-0.053160082548856735,0.9994649291038513,CapturedFrames_-3.0_1.5_-2.0/video.mp4#frame=63
63,RIGHT_EAR,0.4328646659851074,0.08252027630805969,0.003139551728963852,0.9996273517608643,CapturedFrames_-3.0_1.5_-2.0/video.mp4#frame=63
63,MOUTH_LEFT,0.42308616638183594,0.10175599157810211,-0.005995451007038355,0.9994224309921265,CapturedFrames_-3.0_1.5_-2.0/video.mp4#frame=63
63,MOUTH_RIGHT,0.42471855878829956,0.1016179621219635,0.01032460667192936,0.9995337724685669,CapturedFrames_-3.0_1.5_-2.0/video.mp4#frame=63
63,LEFT_SHOULDER,0.4267248213291168,0.14668241143226624,-0.10570715367794037,0.9998511075973511,CapturedFrames_-3.0_1.5_-2.0/video.mp4#frame=63
63,RIGHT_SHOULDER,0.4592839181423187,0.1434127539396286,0.03942472115159035,0.9991881251335144,CapturedFrames_-3.0_1.5_-2.0/video.mp4#frame=63
63,LEFT_ELBOW,0.4261649250984192,0.23810699582099915,-0.1197182759642601,0.9875172972679138,CapturedFrames_-3.0_1.5_-2.0/video.mp4#frame=63
63,RIGHT_ELBOW,0.4635700285434723,0.22339533269405365,0.0613422617316246,0.08996453136205673,CapturedFrames_-3.0_1.5_-2.0/video.mp4#frame=63
63,LEFT_WRIST,0.42267364263534546,0.3066457211971283,-0.0813450813293457,0.9564879536628723,CapturedFrames_-3.0_1.5_-2.0/video.mp4#frame=63
63,RIGHT_WRIST,0.4544524550437927,0.2755683958530426,0.07040558010339737,0.10470835864543915,CapturedFrames_-3.0_1.5_-2.0/video.mp4#frame=63
63,LEFT_PINKY,0.4229911267757416,0.3260676860809326,-0.09055526554584503,0.9174813628196716,CapturedFrames_-3.0_1.5_-2.0/video.mp4#frame=63
63,RIGHT_PINKY,0.4512708783149719,0.2853785753250122,0.076856330037117,0.11440866440534592,CapturedFrames_-3.0_1.5_-2.0/video.mp4#frame=63
63,LEFT_INDEX,0.42308101058006287,0.3264116644859314,-0.08916489034891129,0.9109336137771606,CapturedFrames_-3.0_1.5_-2.0/video.mp4#frame=63
63,RIGHT_INDEX,0.44667869806289673,0.28634363412857056,0.06503259390592575,0.11635751277208328,CapturedFrames_-3.0_1.5_-2.0/video.mp4#frame=63
63,LEFT_THUMB,0.4233857989311218,0.3200550377368927,-0.07983565330505371,0.8833496570587158,CapturedFrames_-3.0_1.5_-2.0/video.mp4#frame=63
63,RIGHT_THUMB,0.44768571853637695,0.2820436358451843,0.06559564173221588,0.1180359348654747,CapturedFrames_-3.0_1.5_-2.0/video.mp4#frame=63
63,LEFT_HIP,0.43813902139663696,0.29863956570625305,-0.046562109142541885,0.9988546371459961,CapturedFrames_-3.0_1.5_-2.0/video.mp4#frame=63
63,RIGHT_HIP,0.4590929448604584,0.29842376708984375,0.046494707465171814,0.9983526468276978,CapturedFrames_-3.0_1.5_-2.0/video.mp4#frame=63
63,LEFT_KNEE,0.4161192774772644,0.3820071816444397,0.010176817886531353,0.9938803911209106,CapturedFrames_-3.0_1.5_-2.0/video.mp4#frame=63
63,RIGHT_KNEE,0.4540928900241852,0.38411906361579895,0.10223223268985748,0.83637535572052,CapturedFrames_-3.0_1.5_-2.0/video.mp4#frame=63
63,LEFT_ANKLE,0.4443623125553131,0.4657295346260071,0.07423406839370728,0.9805034399032593,CapturedFrames_-3.0_1.5_-2.0/video.mp4#frame=63
63,RIGHT_ANKLE,0.46246451139450073,0.47020459175109863,0.1574678272008896,0.9042012691497803,CapturedFrames_-3.0_1.5_-2.0/video.mp4#frame=63
63,LEFT_HEEL,0.450752317905426,0.48168236017227173,0.08064906299114227,0.9799671769142151,CapturedFrames_-3.0_1.5_-2.0/video.mp4#frame=63
63,RIGHT_HEEL,0.46719107031822205,0.4878867566585541,0.16197258234024048,0.8947111964225769,CapturedFrames_-3.0_1.5_-2.0/video.mp4#frame=63
63,LEFT_FOOT_INDEX,0.4281396269798279,0.49658656120300293,0.07756537199020386,0.9526828527450562,CapturedFrames_-3.0_1.5_-2.0/video.mp4#frame=63
63,RIGHT_FOOT_INDEX,0.4435153901576996,0.48730766773223877,0.15394602715969086,0.8587014675140381,CapturedFrames_-3.0_1.5_-2.0/video.mp4#frame=63
64,NOSE,0.4170340597629547,0.08730821311473846,0.006634117104113102,0.999825656414032,CapturedFrames_-3.0_1.5_-2.0/video.mp4#frame=64
64,LEFT_EYE_INNER,0.41778984665870667,0.07680949568748474,-0.00785896647721529,0.9997557997703552,CapturedFrames_-3.0_1.5_-2.0/video.mp4#frame=64
64,LEFT_EYE,0.4174102246761322,0.07710123062133789,-0.007858673110604286,0.9997879862785339,CapturedFrames_-3.0_1.5_-2.0/video.mp4#frame=64
64,LEFT_EYE_OUTER,0.4170249104499817,0.07739554345607758,-0.007862462662160397,0.9997839331626892,CapturedFrames_-3.0_1.5_-2.0/video.mp4#frame=64
64,RIGHT_EYE_INNER,0.42017507553100586,0.07578220963478088,0.005634772591292858,0.9997326731681824,CapturedFrames_-3.0_1.5_-2.0/video.mp4#frame=64
64,RIGHT_EYE,0.42148470878601074,0.07542450726032257,0.005648530554026365,0.9997264742851257,CapturedFrames_-3.0_1.5_-2.0/video.mp4#frame=64
64,RIGHT_EYE_OUTER,0.4227624535560608,0.07507193088531494,0.005580525379627943,0.999703586101532,CapturedFrames_-3.0_1.5_-2.0/video.mp4#frame=64
64,LEFT_EAR,0.419788658618927,0.08184297382831573,-0.055136390030384064,0.9997602105140686,CapturedFrames_-3.0_1.5_-2.0/video.mp4#frame=64
64,RIGHT_EAR,0.4277450442314148,0.07803744077682495,0.00283403554931283,0.9997311234474182,CapturedFrames_-3.0_1.5_-2.0/video.mp4#frame=64
64,MOUTH_LEFT,0.418119341135025,0.0971653014421463,-0.008602923713624477,0.9997655749320984,CapturedFrames_-3.0_1.5_-2.0/video.mp4#frame=64
64,MOUTH_RIGHT,0.42062538862228394,0.09672686457633972,0.008230569772422314,0.9997742772102356,CapturedFrames_-3.0_1.5_-2.0/video.mp4#frame=64
64,LEFT_SHOULDER,0.4208602011203766,0.14400126039981842,-0.1109502911567688,0.9999459981918335,CapturedFrames_-3.0_1.5_-2.0/video.mp4#frame=64
64,RIGHT_SHOULDER,0.4508766233921051,0.13795645534992218,0.04198407381772995,0.9993093013763428,CapturedFrames_-3.0_1.5_-2.0/video.mp4#frame=64
64,LEFT_ELBOW,0.42411547899246216,0.2366819828748703,-0.12018375098705292,0.9865447878837585,CapturedFrames_-3.0_1.5_-2.0/video.mp4#frame=64
64,RIGHT_ELBOW,0.45568782091140747,0.22140517830848694,0.05494234710931778,0.11056388914585114,CapturedFrames_-3.0_1.5_-2.0/video.mp4#frame=64
64,LEFT_WRIST,0.4225577414035797,0.303185373544693,-0.07679272443056107,0.9631982445716858,CapturedFrames_-3.0_1.5_-2.0/video.mp4#frame=64
64,RIGHT_WRIST,0.4498971998691559,0.27288296818733215,0.05512363463640213,0.10698536038398743,CapturedFrames_-3.0_1.5_-2.0/video.mp4#frame=64
64,LEFT_PINKY,0.4238073229789734,0.32231077551841736,-0.08674945682287216,0.9310208559036255,CapturedFrames_-3.0_1.5_-2.0/video.mp4#frame=64
64,RIGHT_PINKY,0.44740810990333557,0.281970351934433,0.06009620428085327,0.10861144959926605,CapturedFrames_-3.0_1.5_-2.0/video.mp4#frame=64
64,LEFT_INDEX,0.4239334166049957,0.3231716752052307,-0.08592534810304642,0.9252268671989441,CapturedFrames_-3.0_1.5_-2.0/video.mp4#frame=64
64,RIGHT_INDEX,0.4451712965965271,0.2846984267234802,0.049163732677698135,0.11065945029258728,CapturedFrames_-3.0_1.5_-2.0/video.mp4#frame=64
64,LEFT_THUMB,0.4241034984588623,0.3171248435974121,-0.0753469169139862,0.8996858596801758,CapturedFrames_-3.0_1.5_-2.0/video.mp4#frame=64
64,RIGHT_THUMB,0.44538646936416626,0.28488773107528687,0.05018169805407524,0.1128908097743988,CapturedFrames_-3.0_1.5_-2.0/video.mp4#frame=64
64,LEFT_HIP,0.43382197618484497,0.2941906154155731,-0.048036690801382065,0.9992018342018127,CapturedFrames_-3.0_1.5_-2.0/video.mp4#frame=64
64,RIGHT_HIP,0.45457348227500916,0.2911437749862671,0.04795406758785248,0.9987667798995972,CapturedFrames_-3.0_1.5_-2.0/video.mp4#frame=64
64,LEFT_KNEE,0.410332053899765,0.3760512173175812,0.023713447153568268,0.9930425882339478,CapturedFrames_-3.0_1.5_-2.0/video.mp4#frame=64
64,RIGHT_KNEE,0.4531181752681732,0.3819199502468109,0.10741959512233734,0.8583418726921082,CapturedFrames_-3.0_1.5_-2.0/video.mp4#frame=64
64,LEFT_ANKLE,0.4291868805885315,0.4699975848197937,0.09525351971387863,0.9887257218360901,CapturedFrames_-3.0_1.5_-2.0/video.mp4#frame=64
64,RIGHT_ANKLE,0.46304458379745483,0.465256005525589,0.16849246621131897,0.9226201176643372,CapturedFrames_-3.0_1.5_-2.0/video.mp4#frame=64
64,LEFT_HEEL,0.4361163079738617,0.48690587282180786,0.10185818374156952,0.9828221201896667,CapturedFrames_-3.0_1.5_-2.0/video.mp4#frame=64
64,RIGHT_HEEL,0.4670034348964691,0.4847922921180725,0.17380528151988983,0.9066115021705627,CapturedFrames_-3.0_1.5_-2.0/video.mp4#frame=64
64,LEFT_FOOT_INDEX,0.4072994291782379,0.4912616014480591,0.09124159812927246,0.9697703123092651,CapturedFrames_-3.0_1.5_-2.0/video.mp4#frame=64
64,RIGHT_FOOT_INDEX,0.44128090143203735,0.4778819680213928,0.16500750184059143,0.8876276016235352,CapturedFrames_-3.0_1.5_-2.0/video.mp4#frame=64
65,NOSE,0.41464942693710327,0.08540201187133789,0.023907402530312538,0.9999227523803711,CapturedFrames_-3.0_1.5_-2.0/video.mp4#frame=65
65,LEFT_EYE_INNER,0.4133218228816986,0.07636377215385437,0.008326055482029915,0.9998849630355835,CapturedFrames_-3.0_1.5_-2.0/video.mp4#frame=65
65,LEFT_EYE,0.41225242614746094,0.07677708566188812,0.008313608355820179,0.9998916387557983,CapturedFrames_-3.0_1.5_-2.0/video.mp4#frame=65
65,LEFT_EYE_OUTER,0.41119569540023804,0.07729516923427582,0.008318466134369373,0.9998875856399536,CapturedFrames_-3.0_1.5_-2.0/video.mp4#frame=65
65,RIGHT_EYE_INNER,0.4170970320701599,0.07502922415733337,0.021196473389863968,0.9998844861984253,CapturedFrames_-3.0_1.5_-2.0/video.mp4#frame=65
65,RIGHT_EYE,0.4186927378177643,0.07456566393375397,0.02120610699057579,0.9998741149902344,CapturedFrames_-3.0_1.5_-2.0/video.mp4#frame=65
65,RIGHT_EYE_OUTER,0.4203670024871826,0.07418420910835266,0.0211463812738657,0.9998633861541748,CapturedFrames_-3.0_1.5_-2.0/video.mp4#frame=65
65,LEFT_EAR,0.41178053617477417,0.08218583464622498,-0.04362066835165024,0.9998756647109985,CapturedFrames_-3.0_1.5_-2.0/video.mp4#frame=65
65,RIGHT_EAR,0.42472028732299805,0.0776796042919159,0.011822355911135674,0.9998360872268677,CapturedFrames_-3.0_1.5_-2.0/video.mp4#frame=65
65,MOUTH_LEFT,0.41439253091812134,0.09551385045051575,0.007289559580385685,0.9998865127563477,CapturedFrames_-3.0_1.5_-2.0/video.mp4#frame=65
65,MOUTH_RIGHT,0.4184632897377014,0.09466838091611862,0.0233573280274868,0.9998880624771118,CapturedFrames_-3.0_1.5_-2.0/video.mp4#frame=65
65,LEFT_SHOULDER,0.4151797890663147,0.14435534179210663,-0.10009966045618057,0.9999587535858154,CapturedFrames_-3.0_1.5_-2.0/video.mp4#frame=65
65,RIGHT_SHOULDER,0.4436800479888916,0.13408872485160828,0.044338908046483994,0.999638557434082,CapturedFrames_-3.0_1.5_-2.0/video.mp4#frame=65
65,LEFT_ELBOW,0.4210363030433655,0.22940883040428162,-0.11815502494573593,0.9805541038513184,CapturedFrames_-3.0_1.5_-2.0/video.mp4#frame=65
65,RIGHT_ELBOW,0.44857627153396606,0.21553148329257965,0.04273582622408867,0.12692153453826904,CapturedFrames_-3.0_1.5_-2.0/video.mp4#frame=65
65,LEFT_WRIST,0.42169052362442017,0.3003106713294983,-0.08810368925333023,0.9506128430366516,CapturedFrames_-3.0_1.5_-2.0/video.mp4#frame=65
65,RIGHT_WRIST,0.4453786015510559,0.2752150595188141,0.024266507476568222,0.13424664735794067,CapturedFrames_-3.0_1.5_-2.0/video.mp4#frame=65
65,LEFT_PINKY,0.4234725832939148,0.31978657841682434,-0.09787009656429291,0.9080004692077637,CapturedFrames_-3.0_1.5_-2.0/video.mp4#frame=65
65,RIGHT_PINKY,0.44327273964881897,0.29476284980773926,0.027821600437164307,0.12810184061527252,CapturedFrames_-3.0_1.5_-2.0/video.mp4#frame=65
65,LEFT_INDEX,0.4238457679748535,0.32187145948410034,-0.0960768535733223,0.8998010754585266,CapturedFrames_-3.0_1.5_-2.0/video.mp4#frame=65
65,RIGHT_INDEX,0.4415675103664398,0.29692694544792175,0.015298133715987206,0.12973567843437195,CapturedFrames_-3.0_1.5_-2.0/video.mp4#frame=65
65,LEFT_THUMB,0.4237064719200134,0.31487900018692017,-0.08625543862581253,0.8633580803871155,CapturedFrames_-3.0_1.5_-2.0/video.mp4#frame=65
65,RIGHT_THUMB,0.44125550985336304,0.29128068685531616,0.018439998850226402,0.12871551513671875,CapturedFrames_-3.0_1.5_-2.0/video.mp4#frame=65
65,LEFT_HIP,0.42891329526901245,0.29038238525390625,-0.04523782804608345,0.9995511174201965,CapturedFrames_-3.0_1.5_-2.0/video.mp4#frame=65
65,RIGHT_HIP,0.4500965476036072,0.2879067659378052,0.04515038803219795,0.9994850158691406,CapturedFrames_-3.0_1.5_-2.0/video.mp4#frame=65
65,LEFT_KNEE,0.40721073746681213,0.3743516802787781,0.01844261772930622,0.9881263971328735,CapturedFrames_-3.0_1.5_-2.0/video.mp4#frame=65
65,RIGHT_KNEE,0.448861688375473,0.37526735663414,0.0924726203083992,0.8904048204421997,CapturedFrames_-3.0_1.5_-2.0/video.mp4#frame=65
65,LEFT_ANKLE,0.41252845525741577,0.46720796823501587,0.08561006933450699,0.9885042309761047,CapturedFrames_-3.0_1.5_-2.0/video.mp4#frame=65
65,RIGHT_ANKLE,0.46263712644577026,0.4641032814979553,0.12770864367485046,0.9285404682159424,CapturedFrames_-3.0_1.5_-2.0/video.mp4#frame=65
65,LEFT_HEEL,0.41911792755126953,0.4860221743583679,0.09154389798641205,0.9821857810020447,CapturedFrames_-3.0_1.5_-2.0/video.mp4#frame=65
65,RIGHT_HEEL,0.4684293866157532,0.48368391394615173,0.13062690198421478,0.9060209393501282,CapturedFrames_-3.0_1.5_-2.0/video.mp4#frame=65
65,LEFT_FOOT_INDEX,0.38994109630584717,0.47726142406463623,0.0796453133225441,0.959021806716919,CapturedFrames_-3.0_1.5_-2.0/video.mp4#frame=65
65,RIGHT_FOOT_INDEX,0.44313889741897583,0.4743037223815918,0.11941532790660858,0.8556466102600098,CapturedFrames_-3.0_1.5_-2.0/video.mp4#frame=65
66,NOSE,0.40443891286849976,0.09069834649562836,0.008746679872274399,0.9999240636825562,CapturedFrames_-3.0_1.5_-2.0/video.mp4#frame=66
66,LEFT_EYE_INNER,0.4046610891819,0.080662801861763,-0.006307471543550491,0.9998528957366943,CapturedFrames_-3.0_1.5_-2.0/video.mp4#frame=66
66,LEFT_EYE,0.40420690178871155,0.08111155033111572,-0.006323951296508312,0.9998674392700195,CapturedFrames_-3.0_1.5_-2.0/video.mp4#frame=66
66,LEFT_EYE_OUTER,0.4037088453769684,0.08161395788192749,-0.006319102831184864,0.9998773336410522,CapturedFrames_-3.0_1.5_-2.0/video.mp4#frame=66
66,RIGHT_EYE_INNER,0.40694475173950195,0.07945135235786438,0.007643700577318668,0.9998651742935181,CapturedFrames_-3.0_1.5_-2.0/video.mp4#frame=66
66,RIGHT_EYE,0.408189594745636,0.07907095551490784,0.007677944842725992,0.999864935874939,CapturedFrames_-3.0_1.5_-2.0/video.mp4#frame=66
66,RIGHT_EYE_OUTER,0.4093272089958191,0.07879914343357086,0.00764103140681982,0.9998667240142822,CapturedFrames_-3.0_1.5_-2.0/video.mp4#frame=66
66,LEFT_EAR,0.4060247540473938,0.08522284030914307,-0.05602032691240311,0.9998859167098999,CapturedFrames_-3.0_1.5_-2.0/video.mp4#frame=66
66,RIGHT_EAR,0.4137372374534607,0.08193708956241608,0.004850945435464382,0.9998086094856262,CapturedFrames_-3.0_1.5_-2.0/video.mp4#frame=66
66,MOUTH_LEFT,0.40537771582603455,0.09974722564220428,-0.007211004383862019,0.9999133348464966,CapturedFrames_-3.0_1.5_-2.0/video.mp4#frame=66
66,MOUTH_RIGHT,0.4078485369682312,0.09901511669158936,0.010493551380932331,0.9999115467071533,CapturedFrames_-3.0_1.5_-2.0/video.mp4#frame=66
66,LEFT_SHOULDER,0.41026759147644043,0.14620231091976166,-0.10082562267780304,0.9999468326568604,CapturedFrames_-3.0_1.5_-2.0/video.mp4#frame=66
66,RIGHT_SHOULDER,0.4366552233695984,0.1394687443971634,0.03470822051167488,0.9993969202041626,CapturedFrames_-3.0_1.5_-2.0/video.mp4#frame=66
66,LEFT_ELBOW,0.41941195726394653,0.23267480731010437,-0.10946746915578842,0.9851961135864258,CapturedFrames_-3.0_1.5_-2.0/video.mp4#frame=66
66,RIGHT_ELBOW,0.4434032440185547,0.2158677875995636,0.037039853632450104,0.08994029462337494,CapturedFrames_-3.0_1.5_-2.0/video.mp4#frame=66
66,LEFT_WRIST,0.42254573106765747,0.30990689992904663,-0.06995480507612228,0.9630498290061951,CapturedFrames_-3.0_1.5_-2.0/video.mp4#frame=66
66,RIGHT_WRIST,0.43996745347976685,0.28427672386169434,0.02210078574717045,0.08655604720115662,CapturedFrames_-3.0_1.5_-2.0/video.mp4#frame=66
66,LEFT_PINKY,0.42484742403030396,0.3257039487361908,-0.08093660324811935,0.920501172542572,CapturedFrames_-3.0_1.5_-2.0/video.mp4#frame=66
66,RIGHT_PINKY,0.43689244985580444,0.29946640133857727,0.02313969098031521,0.08266795426607132,CapturedFrames_-3.0_1.5_-2.0/video.mp4#frame=66
66,LEFT_INDEX,0.4246213436126709,0.3280898332595825,-0.0783049464225769,0.9106519818305969,CapturedFrames_-3.0_1.5_-2.0/video.mp4#frame=66
66,RIGHT_INDEX,0.43775826692581177,0.29781073331832886,0.011184792034327984,0.08184652030467987,CapturedFrames_-3.0_1.5_-2.0/video.mp4#frame=66
66,LEFT_THUMB,0.42429429292678833,0.32118842005729675,-0.06776140630245209,0.8645536303520203,CapturedFrames_-3.0_1.5_-2.0/video.mp4#frame=66
66,RIGHT_THUMB,0.4361380636692047,0.29564169049263,0.016117090359330177,0.08935745060443878,CapturedFrames_-3.0_1.5_-2.0/video.mp4#frame=66
66,LEFT_HIP,0.42654746770858765,0.28786930441856384,-0.034533824771642685,0.9991472959518433,CapturedFrames_-3.0_1.5_-2.0/video.mp4#frame=66
66,RIGHT_HIP,0.44415178894996643,0.2870638072490692,0.034437455236911774,0.998830258846283,CapturedFrames_-3.0_1.5_-2.0/video.mp4#frame=66
66,LEFT_KNEE,0.4013976454734802,0.3677831292152405,0.014580677263438702,0.9892078042030334,CapturedFrames_-3.0_1.5_-2.0/video.mp4#frame=66
66,RIGHT_KNEE,0.4487907886505127,0.3758064806461334,0.09962373971939087,0.9424118995666504,CapturedFrames_-3.0_1.5_-2.0/video.mp4#frame=66
66,LEFT_ANKLE,0.39568212628364563,0.4565058946609497,0.07704392075538635,0.9899056553840637,CapturedFrames_-3.0_1.5_-2.0/video.mp4#frame=66
66,RIGHT_ANKLE,0.46248334646224976,0.4603205919265747,0.1386391669511795,0.9700341820716858,CapturedFrames_-3.0_1.5_-2.0/video.mp4#frame=66
66,LEFT_HEEL,0.39871945977211,0.4763657748699188,0.08190803974866867,0.9800205230712891,CapturedFrames_-3.0_1.5_-2.0/video.mp4#frame=66
66,RIGHT_HEEL,0.46783608198165894,0.4803347587585449,0.14157849550247192,0.9568648338317871,CapturedFrames_-3.0_1.5_-2.0/video.mp4#frame=66
66,LEFT_FOOT_INDEX,0.37352150678634644,0.4560125172138214,0.06761930882930756,0.9538635611534119,CapturedFrames_-3.0_1.5_-2.0/video.mp4#frame=66
66,RIGHT_FOOT_INDEX,0.443739652633667,0.4707818329334259,0.1287156045436859,0.9061322212219238,CapturedFrames_-3.0_1.5_-2.0/video.mp4#frame=66
67,NOSE,0.39884090423583984,0.092769555747509,0.012146152555942535,0.9999798536300659,CapturedFrames_-3.0_1.5_-2.0/video.mp4#frame=67
67,LEFT_EYE_INNER,0.3983743190765381,0.08290925621986389,-0.001975325169041753,0.9999668598175049,CapturedFrames_-3.0_1.5_-2.0/video.mp4#frame=67
67,LEFT_EYE,0.3978430926799774,0.0832785964012146,-0.001988350646570325,0.9999692440032959,CapturedFrames_-3.0_1.5_-2.0/video.mp4#frame=67
67,LEFT_EYE_OUTER,0.39727315306663513,0.08380912244319916,-0.0019776232074946165,0.9999709129333496,CapturedFrames_-3.0_1.5_-2.0/video.mp4#frame=67
67,RIGHT_EYE_INNER,0.4007394313812256,0.08171267807483673,0.012403082102537155,0.999968409538269,CapturedFrames_-3.0_1.5_-2.0/video.mp4#frame=67
67,RIGHT_EYE,0.4019163250923157,0.08124057948589325,0.012435792945325375,0.9999673366546631,CapturedFrames_-3.0_1.5_-2.0/video.mp4#frame=67
67,RIGHT_EYE_OUTER,0.4030686318874359,0.0809190571308136,0.012398991733789444,0.9999663829803467,CapturedFrames_-3.0_1.5_-2.0/video.mp4#frame=67
67,LEFT_EAR,0.3996546268463135,0.08859522640705109,-0.04949931055307388,0.9999722242355347,CapturedFrames_-3.0_1.5_-2.0/video.mp4#frame=67
67,RIGHT_EAR,0.4080337584018707,0.08432835340499878,0.013291249051690102,0.9999538660049438,CapturedFrames_-3.0_1.5_-2.0/video.mp4#frame=67
67,MOUTH_LEFT,0.3996718227863312,0.10245539247989655,-0.003409428521990776,0.9999754428863525,CapturedFrames_-3.0_1.5_-2.0/video.mp4#frame=67
67,MOUTH_RIGHT,0.4027455449104309,0.1016448363661766,0.014842596836388111,0.9999743700027466,CapturedFrames_-3.0_1.5_-2.0/video.mp4#frame=67
67,LEFT_SHOULDER,0.4039698541164398,0.14986012876033783,-0.09597702324390411,0.9999732971191406,CapturedFrames_-3.0_1.5_-2.0/video.mp4#frame=67
67,RIGHT_SHOULDER,0.4305465817451477,0.13872456550598145,0.04443926364183426,0.9998149275779724,CapturedFrames_-3.0_1.5_-2.0/video.mp4#frame=67
67,LEFT_ELBOW,0.41488736867904663,0.23360195755958557,-0.10980404913425446,0.9779167771339417,CapturedFrames_-3.0_1.5_-2.0/video.mp4#frame=67
67,RIGHT_ELBOW,0.43599551916122437,0.21965938806533813,0.03907855227589607,0.17689095437526703,CapturedFrames_-3.0_1.5_-2.0/video.mp4#frame=67
67,LEFT_WRIST,0.42051705718040466,0.3056459128856659,-0.08190979063510895,0.9521375298500061,CapturedFrames_-3.0_1.5_-2.0/video.mp4#frame=67
67,RIGHT_WRIST,0.4357585310935974,0.2824932336807251,0.01810041256248951,0.21866664290428162,CapturedFrames_-3.0_1.5_-2.0/video.mp4#frame=67
67,LEFT_PINKY,0.42420142889022827,0.32158446311950684,-0.0922197476029396,0.9091930389404297,CapturedFrames_-3.0_1.5_-2.0/video.mp4#frame=67
67,RIGHT_PINKY,0.43522992730140686,0.30412784218788147,0.021353118121623993,0.1971052885055542,CapturedFrames_-3.0_1.5_-2.0/video.mp4#frame=67
67,LEFT_INDEX,0.42462629079818726,0.32243219017982483,-0.09040676057338715,0.8986880779266357,CapturedFrames_-3.0_1.5_-2.0/video.mp4#frame=67
67,RIGHT_INDEX,0.4343685209751129,0.30638378858566284,0.008793353103101254,0.19663545489311218,CapturedFrames_-3.0_1.5_-2.0/video.mp4#frame=67
67,LEFT_THUMB,0.4234454035758972,0.3163183331489563,-0.08020379394292831,0.8571382164955139,CapturedFrames_-3.0_1.5_-2.0/video.mp4#frame=67
67,RIGHT_THUMB,0.43357840180397034,0.2990305721759796,0.012115768156945705,0.19531626999378204,CapturedFrames_-3.0_1.5_-2.0/video.mp4#frame=67
67,LEFT_HIP,0.4219922125339508,0.2907051742076874,-0.038345083594322205,0.9996223449707031,CapturedFrames_-3.0_1.5_-2.0/video.mp4#frame=67
67,RIGHT_HIP,0.4400913715362549,0.2878103256225586,0.038263361901044846,0.9996034502983093,CapturedFrames_-3.0_1.5_-2.0/video.mp4#frame=67
67,LEFT_KNEE,0.39538392424583435,0.36285021901130676,0.006968175061047077,0.9874730110168457,CapturedFrames_-3.0_1.5_-2.0/video.mp4#frame=67
67,RIGHT_KNEE,0.4461909234523773,0.37431031465530396,0.09212154150009155,0.9511732459068298,CapturedFrames_-3.0_1.5_-2.0/video.mp4#frame=67
67,LEFT_ANKLE,0.3818598985671997,0.4450073540210724,0.07273586839437485,0.9810856580734253,CapturedFrames_-3.0_1.5_-2.0/video.mp4#frame=67
67,RIGHT_ANKLE,0.46220868825912476,0.4606980085372925,0.10532236099243164,0.9679931402206421,CapturedFrames_-3.0_1.5_-2.0/video.mp4#frame=67
67,LEFT_HEEL,0.38226523995399475,0.46761149168014526,0.07803693413734436,0.9684497117996216,CapturedFrames_-3.0_1.5_-2.0/video.mp4#frame=67
67,RIGHT_HEEL,0.46691590547561646,0.4810369610786438,0.10597920417785645,0.9607601165771484,CapturedFrames_-3.0_1.5_-2.0/video.mp4#frame=67
67,LEFT_FOOT_INDEX,0.3567667603492737,0.43670982122421265,0.0675683319568634,0.9285725951194763,CapturedFrames_-3.0_1.5_-2.0/video.mp4#frame=67
67,RIGHT_FOOT_INDEX,0.4427894949913025,0.4725843667984009,0.09540542215108871,0.9068127274513245,CapturedFrames_-3.0_1.5_-2.0/video.mp4#frame=67
68,NOSE,0.3907250165939331,0.09676621854305267,-0.0015696181217208505,0.9999713897705078,CapturedFrames_-3.0_1.5_-2.0/video.mp4#frame=68
68,LEFT_EYE_INNER,0.3908270299434662,0.08744001388549805,-0.014754158444702625,0.9999628067016602,CapturedFrames_-3.0_1.5_-2.0/video.mp4#frame=68
68,LEFT_EYE,0.3906102180480957,0.08764760196208954,-0.01477049570530653,0.9999662637710571,CapturedFrames_-3.0_1.5_-2.0/video.mp4#frame=68
68,LEFT_EYE_OUTER,0.3903762996196747,0.08795568346977234,-0.014768779277801514,0.9999698400497437,CapturedFrames_-3.0_1.5_-2.0/video.mp4#frame=68
68,RIGHT_EYE_INNER,0.39252814650535583,0.08664435148239136,7.45046345400624e-05,0.999961256980896,CapturedFrames_-3.0_1.5_-2.0/video.mp4#frame=68
68,RIGHT_EYE,0.3935281038284302,0.08631573617458344,0.0001073902822099626,0.9999591112136841,CapturedFrames_-3.0_1.5_-2.0/video.mp4#frame=68
68,RIGHT_EYE_OUTER,0.3945573568344116,0.08606377243995667,7.684611045988277e-05,0.9999587535858154,CapturedFrames_-3.0_1.5_-2.0/video.mp4#frame=68
68,LEFT_EAR,0.3939495086669922,0.09248141944408417,-0.05668063089251518,0.999968409538269,CapturedFrames_-3.0_1.5_-2.0/video.mp4#frame=68
68,RIGHT_EAR,0.4000224173069,0.08952170610427856,0.008110558614134789,0.9999457597732544,CapturedFrames_-3.0_1.5_-2.0/video.mp4#frame=68
68,MOUTH_LEFT,0.39216935634613037,0.10620976239442825,-0.014973071403801441,0.999971866607666,CapturedFrames_-3.0_1.5_-2.0/video.mp4#frame=68
68,MOUTH_RIGHT,0.394351989030838,0.10594356060028076,0.003915818873792887,0.9999680519104004,CapturedFrames_-3.0_1.5_-2.0/video.mp4#frame=68
68,LEFT_SHOULDER,0.39779552817344666,0.1542358100414276,-0.0997549444437027,0.9999754428863525,CapturedFrames_-3.0_1.5_-2.0/video.mp4#frame=68
68,RIGHT_SHOULDER,0.4230507016181946,0.14345914125442505,0.04844988137483597,0.9997946619987488,CapturedFrames_-3.0_1.5_-2.0/video.mp4#frame=68
68,LEFT_ELBOW,0.40932193398475647,0.23681771755218506,-0.10621370375156403,0.9612365961074829,CapturedFrames_-3.0_1.5_-2.0/video.mp4#frame=68
68,RIGHT_ELBOW,0.4312511384487152,0.22215312719345093,0.04766082391142845,0.12769253551959991,CapturedFrames_-3.0_1.5_-2.0/video.mp4#frame=68
68,LEFT_WRIST,0.4171831011772156,0.30607348680496216,-0.06994295120239258,0.9227480888366699,CapturedFrames_-3.0_1.5_-2.0/video.mp4#frame=68
68,RIGHT_WRIST,0.4309961795806885,0.2781107723712921,0.026148522272706032,0.12153942137956619,CapturedFrames_-3.0_1.5_-2.0/video.mp4#frame=68
68,LEFT_PINKY,0.42135095596313477,0.32036489248275757,-0.08047255128622055,0.8653503656387329,CapturedFrames_-3.0_1.5_-2.0/video.mp4#frame=68
68,RIGHT_PINKY,0.43067798018455505,0.29590293765068054,0.02885505184531212,0.11401575803756714,CapturedFrames_-3.0_1.5_-2.0/video.mp4#frame=68
68,LEFT_INDEX,0.42170268297195435,0.321305513381958,-0.07872506976127625,0.8518854379653931,CapturedFrames_-3.0_1.5_-2.0/video.mp4#frame=68
68,RIGHT_INDEX,0.42945966124534607,0.2981972098350525,0.016018686816096306,0.11359801143407822,CapturedFrames_-3.0_1.5_-2.0/video.mp4#frame=68
68,LEFT_THUMB,0.4201861321926117,0.3155466914176941,-0.06799092888832092,0.8035004138946533,CapturedFrames_-3.0_1.5_-2.0/video.mp4#frame=68
68,RIGHT_THUMB,0.4289354681968689,0.2929341197013855,0.01998179778456688,0.1155158057808876,CapturedFrames_-3.0_1.5_-2.0/video.mp4#frame=68
68,LEFT_HIP,0.41623029112815857,0.291860431432724,-0.03977978229522705,0.9995731711387634,CapturedFrames_-3.0_1.5_-2.0/video.mp4#frame=68
68,RIGHT_HIP,0.43454986810684204,0.2884501814842224,0.03970532491803169,0.9996242523193359,CapturedFrames_-3.0_1.5_-2.0/video.mp4#frame=68
68,LEFT_KNEE,0.38583362102508545,0.3549307584762573,0.016647571697831154,0.9811370372772217,CapturedFrames_-3.0_1.5_-2.0/video.mp4#frame=68
68,RIGHT_KNEE,0.44292911887168884,0.3740272521972656,0.09602333605289459,0.942922055721283,CapturedFrames_-3.0_1.5_-2.0/video.mp4#frame=68
68,LEFT_ANKLE,0.36990886926651,0.4389553368091583,0.09169525653123856,0.9802494049072266,CapturedFrames_-3.0_1.5_-2.0/video.mp4#frame=68
68,RIGHT_ANKLE,0.4619973301887512,0.45838937163352966,0.12145368754863739,0.9728291034698486,CapturedFrames_-3.0_1.5_-2.0/video.mp4#frame=68
68,LEFT_HEEL,0.36845386028289795,0.4608878791332245,0.09808249771595001,0.9639896154403687,CapturedFrames_-3.0_1.5_-2.0/video.mp4#frame=68
68,RIGHT_HEEL,0.46781620383262634,0.4782112240791321,0.12332633882761002,0.9649043083190918,CapturedFrames_-3.0_1.5_-2.0/video.mp4#frame=68
68,LEFT_FOOT_INDEX,0.34669142961502075,0.4181872010231018,0.0887952521443367,0.9481503963470459,CapturedFrames_-3.0_1.5_-2.0/video.mp4#frame=68
68,RIGHT_FOOT_INDEX,0.44344812631607056,0.471640944480896,0.11259330809116364,0.9395620226860046,CapturedFrames_-3.0_1.5_-2.0/video.mp4#frame=68
69,NOSE,0.385101854801178,0.09661263227462769,0.00578431086614728,0.9999710321426392,CapturedFrames_-3.0_1.5_-2.0/video.mp4#frame=69
69,LEFT_EYE_INNER,0.38483110070228577,0.0878235399723053,-0.008650524541735649,0.9999558925628662,CapturedFrames_-3.0_1.5_-2.0/video.mp4#frame=69
69,LEFT_EYE,0.38428980112075806,0.08823943138122559,-0.008665798231959343,0.9999563694000244,CapturedFrames_-3.0_1.5_-2.0/video.mp4#frame=69
69,LEFT_EYE_OUTER,0.3837306499481201,0.08884413540363312,-0.008669060654938221,0.9999644756317139,CapturedFrames_-3.0_1.5_-2.0/video.mp4#frame=69
69,RIGHT_EYE_INNER,0.3876073360443115,0.08696413040161133,0.006139516830444336,0.9999510049819946,CapturedFrames_-3.0_1.5_-2.0/video.mp4#frame=69
69,RIGHT_EYE,0.3890651762485504,0.08682022988796234,0.0061751618050038815,0.9999406337738037,CapturedFrames_-3.0_1.5_-2.0/video.mp4#frame=69
69,RIGHT_EYE_OUTER,0.39047855138778687,0.08687698841094971,0.006140301935374737,0.9999456405639648,CapturedFrames_-3.0_1.5_-2.0/video.mp4#frame=69
69,LEFT_EAR,0.3863309621810913,0.0950179398059845,-0.055486809462308884,0.9999598264694214,CapturedFrames_-3.0_1.5_-2.0/video.mp4#frame=69
69,RIGHT_EAR,0.3950028121471405,0.09217427670955658,0.009030615910887718,0.9999284744262695,CapturedFrames_-3.0_1.5_-2.0/video.mp4#frame=69
69,MOUTH_LEFT,0.3863460421562195,0.10775550454854965,-0.009261952713131905,0.9999749660491943,CapturedFrames_-3.0_1.5_-2.0/video.mp4#frame=69
69,MOUTH_RIGHT,0.3894513249397278,0.10737568885087967,0.00956714991480112,0.9999723434448242,CapturedFrames_-3.0_1.5_-2.0/video.mp4#frame=69
69,LEFT_SHOULDER,0.3920040428638458,0.1588960886001587,-0.09788346290588379,0.9999750852584839,CapturedFrames_-3.0_1.5_-2.0/video.mp4#frame=69
69,RIGHT_SHOULDER,0.41374364495277405,0.14671428501605988,0.044740498065948486,0.999752938747406,CapturedFrames_-3.0_1.5_-2.0/video.mp4#frame=69
69,LEFT_ELBOW,0.40420088171958923,0.23846690356731415,-0.1050795167684555,0.9570041298866272,CapturedFrames_-3.0_1.5_-2.0/video.mp4#frame=69
69,RIGHT_ELBOW,0.4214138388633728,0.22555240988731384,0.05092840641736984,0.11412118375301361,CapturedFrames_-3.0_1.5_-2.0/video.mp4#frame=69
69,LEFT_WRIST,0.41314882040023804,0.30812180042266846,-0.07470328360795975,0.9333153963088989,CapturedFrames_-3.0_1.5_-2.0/video.mp4#frame=69
69,RIGHT_WRIST,0.42255154252052307,0.28062382340431213,0.03726883605122566,0.11622048914432526,CapturedFrames_-3.0_1.5_-2.0/video.mp4#frame=69
69,LEFT_PINKY,0.4187452793121338,0.3218311369419098,-0.08612224459648132,0.8794546723365784,CapturedFrames_-3.0_1.5_-2.0/video.mp4#frame=69
69,RIGHT_PINKY,0.42295700311660767,0.3004463016986847,0.03960103914141655,0.10921824723482132,CapturedFrames_-3.0_1.5_-2.0/video.mp4#frame=69
69,LEFT_INDEX,0.4191111922264099,0.32336175441741943,-0.08552250266075134,0.8669134378433228,CapturedFrames_-3.0_1.5_-2.0/video.mp4#frame=69
69,RIGHT_INDEX,0.4226483404636383,0.30236801505088806,0.026924069970846176,0.11086953431367874,CapturedFrames_-3.0_1.5_-2.0/video.mp4#frame=69
69,LEFT_THUMB,0.4169859290122986,0.31770291924476624,-0.07337787002325058,0.8199954628944397,CapturedFrames_-3.0_1.5_-2.0/video.mp4#frame=69
69,RIGHT_THUMB,0.42153987288475037,0.29497039318084717,0.03118673339486122,0.1171463206410408,CapturedFrames_-3.0_1.5_-2.0/video.mp4#frame=69
69,LEFT_HIP,0.40889590978622437,0.29388490319252014,-0.036486607044935226,0.9993844032287598,CapturedFrames_-3.0_1.5_-2.0/video.mp4#frame=69
69,RIGHT_HIP,0.4266948103904724,0.2891578674316406,0.03643183782696724,0.9996019005775452,CapturedFrames_-3.0_1.5_-2.0/video.mp4#frame=69
69,LEFT_KNEE,0.38050252199172974,0.3565797507762909,0.02277914434671402,0.9710525274276733,CapturedFrames_-3.0_1.5_-2.0/video.mp4#frame=69
69,RIGHT_KNEE,0.43957242369651794,0.3751975893974304,0.08495286852121353,0.9400964975357056,CapturedFrames_-3.0_1.5_-2.0/video.mp4#frame=69
69,LEFT_ANKLE,0.36538177728652954,0.4384825825691223,0.09739029407501221,0.9742529392242432,CapturedFrames_-3.0_1.5_-2.0/video.mp4#frame=69
69,RIGHT_ANKLE,0.46054667234420776,0.460835337638855,0.10689922422170639,0.9661639332771301,CapturedFrames_-3.0_1.5_-2.0/video.mp4#frame=69
69,LEFT_HEEL,0.3645324409008026,0.46191444993019104,0.10383089631795883,0.9544186592102051,CapturedFrames_-3.0_1.5_-2.0/video.mp4#frame=69
69,RIGHT_HEEL,0.46692532300949097,0.47779232263565063,0.10835114866495132,0.9536036252975464,CapturedFrames_-3.0_1.5_-2.0/video.mp4#frame=69
69,LEFT_FOOT_INDEX,0.3422585129737854,0.4195033311843872,0.09375946968793869,0.9248073101043701,CapturedFrames_-3.0_1.5_-2.0/video.mp4#frame=69
69,RIGHT_FOOT_INDEX,0.4431430697441101,0.4712190330028534,0.09528876841068268,0.9119693636894226,CapturedFrames_-3.0_1.5_-2.0/video.mp4#frame=69
70,NOSE,0.37708762288093567,0.10700424760580063,0.0048667676746845245,0.9999830722808838,CapturedFrames_-3.0_1.5_-2.0/video.mp4#frame=70
70,LEFT_EYE_INNER,0.3774995505809784,0.09748350083827972,-0.007471083663403988,0.999971866607666,CapturedFrames_-3.0_1.5_-2.0/video.mp4#frame=70
70,LEFT_EYE,0.3772552013397217,0.09774623811244965,-0.007483141031116247,0.9999716281890869,CapturedFrames_-3.0_1.5_-2.0/video.mp4#frame=70
70,LEFT_EYE_OUTER,0.3769686222076416,0.0980457216501236,-0.0074896798469126225,0.9999760389328003,CapturedFrames_-3.0_1.5_-2.0/video.mp4#frame=70
70,RIGHT_EYE_INNER,0.37929069995880127,0.09644028544425964,0.006470049731433392,0.9999701976776123,CapturedFrames_-3.0_1.5_-2.0/video.mp4#frame=70
70,RIGHT_EYE,0.38037025928497314,0.09597610682249069,0.006501021794974804,0.9999642372131348,CapturedFrames_-3.0_1.5_-2.0/video.mp4#frame=70
70,RIGHT_EYE_OUTER,0.38144224882125854,0.0955599993467331,0.006458282470703125,0.9999679327011108,CapturedFrames_-3.0_1.5_-2.0/video.mp4#frame=70
70,LEFT_EAR,0.3800063729286194,0.10193270444869995,-0.04918263852596283,0.9999710321426392,CapturedFrames_-3.0_1.5_-2.0/video.mp4#frame=70
70,RIGHT_EAR,0.3864628076553345,0.09832041710615158,0.01121227815747261,0.999957799911499,CapturedFrames_-3.0_1.5_-2.0/video.mp4#frame=70
70,MOUTH_LEFT,0.37846216559410095,0.11586727201938629,-0.008872014470398426,0.9999804496765137,CapturedFrames_-3.0_1.5_-2.0/video.mp4#frame=70
70,MOUTH_RIGHT,0.38047754764556885,0.11532604694366455,0.008747195824980736,0.9999812841415405,CapturedFrames_-3.0_1.5_-2.0/video.mp4#frame=70
70,LEFT_SHOULDER,0.3863135576248169,0.1620875895023346,-0.09270293265581131,0.9999847412109375,CapturedFrames_-3.0_1.5_-2.0/video.mp4#frame=70
70,RIGHT_SHOULDER,0.405282586812973,0.14968521893024445,0.043827228248119354,0.9998812675476074,CapturedFrames_-3.0_1.5_-2.0/video.mp4#frame=70
70,LEFT_ELBOW,0.3997418284416199,0.24234776198863983,-0.10429999977350235,0.9562631249427795,CapturedFrames_-3.0_1.5_-2.0/video.mp4#frame=70
70,RIGHT_ELBOW,0.4135403037071228,0.2282465249300003,0.04349375143647194,0.1351403295993805,CapturedFrames_-3.0_1.5_-2.0/video.mp4#frame=70
70,LEFT_WRIST,0.4077123701572418,0.31087493896484375,-0.08133874833583832,0.9533747434616089,CapturedFrames_-3.0_1.5_-2.0/video.mp4#frame=70
70,RIGHT_WRIST,0.4158681333065033,0.2866976261138916,0.02129756473004818,0.16354668140411377,CapturedFrames_-3.0_1.5_-2.0/video.mp4#frame=70
70,LEFT_PINKY,0.4131346344947815,0.32480496168136597,-0.09449948370456696,0.9184526205062866,CapturedFrames_-3.0_1.5_-2.0/video.mp4#frame=70
70,RIGHT_PINKY,0.41654959321022034,0.30849239230155945,0.021794002503156662,0.15746577084064484,CapturedFrames_-3.0_1.5_-2.0/video.mp4#frame=70
70,LEFT_INDEX,0.41286593675613403,0.3265010714530945,-0.09311924874782562,0.9097021222114563,CapturedFrames_-3.0_1.5_-2.0/video.mp4#frame=70
70,RIGHT_INDEX,0.4161844849586487,0.3107658624649048,0.009063608013093472,0.15980298817157745,CapturedFrames_-3.0_1.5_-2.0/video.mp4#frame=70
70,LEFT_THUMB,0.4111153185367584,0.3207341730594635,-0.08001256734132767,0.8715494871139526,CapturedFrames_-3.0_1.5_-2.0/video.mp4#frame=70
70,RIGHT_THUMB,0.41550660133361816,0.30489033460617065,0.015082700178027153,0.16511863470077515,CapturedFrames_-3.0_1.5_-2.0/video.mp4#frame=70
70,LEFT_HIP,0.4029374122619629,0.2964492440223694,-0.03333060443401337,0.9994392991065979,CapturedFrames_-3.0_1.5_-2.0/video.mp4#frame=70
70,RIGHT_HIP,0.420276403427124,0.2926977276802063,0.0332479365170002,0.9996658563613892,CapturedFrames_-3.0_1.5_-2.0/video.mp4#frame=70
70,LEFT_KNEE,0.37602555751800537,0.3593060076236725,0.030358772724866867,0.9604716897010803,CapturedFrames_-3.0_1.5_-2.0/video.mp4#frame=70
70,RIGHT_KNEE,0.4349430203437805,0.37646421790122986,0.0801524743437767,0.89463210105896,CapturedFrames_-3.0_1.5_-2.0/video.mp4#frame=70
70,LEFT_ANKLE,0.3629653751850128,0.4451802968978882,0.10656192153692245,0.9464706182479858,CapturedFrames_-3.0_1.5_-2.0/video.mp4#frame=70
70,RIGHT_ANKLE,0.4594902992248535,0.456808865070343,0.1069437712430954,0.9306156635284424,CapturedFrames_-3.0_1.5_-2.0/video.mp4#frame=70
70,LEFT_HEEL,0.3634222149848938,0.4661320447921753,0.11340029537677765,0.9177747368812561,CapturedFrames_-3.0_1.5_-2.0/video.mp4#frame=70
70,RIGHT_HEEL,0.46635308861732483,0.4739494323730469,0.10917262732982635,0.9189100861549377,CapturedFrames_-3.0_1.5_-2.0/video.mp4#frame=70
70,LEFT_FOOT_INDEX,0.34015971422195435,0.43388867378234863,0.10745563358068466,0.8617779612541199,CapturedFrames_-3.0_1.5_-2.0/video.mp4#frame=70
70,RIGHT_FOOT_INDEX,0.4421960711479187,0.4719647169113159,0.09927383065223694,0.8482429385185242,CapturedFrames_-3.0_1.5_-2.0/video.mp4#frame=70
71,NOSE,0.37390029430389404,0.10523470491170883,0.009454546496272087,0.9999828338623047,CapturedFrames_-3.0_1.5_-2.0/video.mp4#frame=71
71,LEFT_EYE_INNER,0.37291425466537476,0.09643077105283737,-0.004251048434525728,0.9999713897705078,CapturedFrames_-3.0_1.5_-2.0/video.mp4#frame=71
71,LEFT_EYE,0.37220630049705505,0.09684433043003082,-0.00426847580820322,0.9999752044677734,CapturedFrames_-3.0_1.5_-2.0/video.mp4#frame=71
71,LEFT_EYE_OUTER,0.37148571014404297,0.097391277551651,-0.004270104691386223,0.9999765157699585,CapturedFrames_-3.0_1.5_-2.0/video.mp4#frame=71
71,RIGHT_EYE_INNER,0.37599167227745056,0.0951768308877945,0.009177318774163723,0.999968409538269,CapturedFrames_-3.0_1.5_-2.0/video.mp4#frame=71
71,RIGHT_EYE,0.3774487376213074,0.09478727728128433,0.009212001226842403,0.9999653100967407,CapturedFrames_-3.0_1.5_-2.0/video.mp4#frame=71
71,RIGHT_EYE_OUTER,0.3788682520389557,0.09454910457134247,0.009176916442811489,0.9999641180038452,CapturedFrames_-3.0_1.5_-2.0/video.mp4#frame=71
71,LEFT_EAR,0.3732949197292328,0.10226719081401825,-0.04941978305578232,0.9999713897705078,CapturedFrames_-3.0_1.5_-2.0/video.mp4#frame=71
71,RIGHT_EAR,0.3828192949295044,0.09847533702850342,0.008745918050408363,0.9999508857727051,CapturedFrames_-3.0_1.5_-2.0/video.mp4#frame=71
71,MOUTH_LEFT,0.37455546855926514,0.11505185067653656,-0.005068825092166662,0.9999769926071167,CapturedFrames_-3.0_1.5_-2.0/video.mp4#frame=71
71,MOUTH_RIGHT,0.37782472372055054,0.11426611244678497,0.011838771402835846,0.9999740123748779,CapturedFrames_-3.0_1.5_-2.0/video.mp4#frame=71
71,LEFT_SHOULDER,0.3792642056941986,0.16493481397628784,-0.0928669348359108,0.9999833106994629,CapturedFrames_-3.0_1.5_-2.0/video.mp4#frame=71
71,RIGHT_SHOULDER,0.4003697335720062,0.15018926560878754,0.03872578218579292,0.9998247027397156,CapturedFrames_-3.0_1.5_-2.0/video.mp4#frame=71
71,LEFT_ELBOW,0.39022403955459595,0.24525420367717743,-0.10559489578008652,0.9742957949638367,CapturedFrames_-3.0_1.5_-2.0/video.mp4#frame=71
71,RIGHT_ELBOW,0.4065123498439789,0.23181121051311493,0.039207734167575836,0.12406755238771439,CapturedFrames_-3.0_1.5_-2.0/video.mp4#frame=71
71,LEFT_WRIST,0.3993135988712311,0.31393396854400635,-0.0849483534693718,0.9617958068847656,CapturedFrames_-3.0_1.5_-2.0/video.mp4#frame=71
71,RIGHT_WRIST,0.40961915254592896,0.2932693064212799,0.020916029810905457,0.20578517019748688,CapturedFrames_-3.0_1.5_-2.0/video.mp4#frame=71
71,LEFT_PINKY,0.4046437740325928,0.3282656967639923,-0.096085324883461,0.9274320602416992,CapturedFrames_-3.0_1.5_-2.0/video.mp4#frame=71
71,RIGHT_PINKY,0.4104323387145996,0.3122588098049164,0.021780939772725105,0.1975596845149994,CapturedFrames_-3.0_1.5_-2.0/video.mp4#frame=71
71,LEFT_INDEX,0.40495482087135315,0.32997795939445496,-0.09684547781944275,0.9194837808609009,CapturedFrames_-3.0_1.5_-2.0/video.mp4#frame=71
71,RIGHT_INDEX,0.41011959314346313,0.3138760030269623,0.00992382038384676,0.1989315152168274,CapturedFrames_-3.0_1.5_-2.0/video.mp4#frame=71
71,LEFT_THUMB,0.4029361307621002,0.32400161027908325,-0.08426977694034576,0.8871253728866577,CapturedFrames_-3.0_1.5_-2.0/video.mp4#frame=71
71,RIGHT_THUMB,0.40926188230514526,0.3086716830730438,0.01526546198874712,0.19724759459495544,CapturedFrames_-3.0_1.5_-2.0/video.mp4#frame=71
71,LEFT_HIP,0.39686521887779236,0.29660964012145996,-0.035481296479701996,0.9995203018188477,CapturedFrames_-3.0_1.5_-2.0/video.mp4#frame=71
71,RIGHT_HIP,0.41383880376815796,0.29181623458862305,0.035424817353487015,0.9996261596679688,CapturedFrames_-3.0_1.5_-2.0/video.mp4#frame=71
71,LEFT_KNEE,0.37005019187927246,0.36545559763908386,0.024541320279240608,0.978476345539093,CapturedFrames_-3.0_1.5_-2.0/video.mp4#frame=71
71,RIGHT_KNEE,0.43162041902542114,0.37522971630096436,0.08391473442316055,0.9133601188659668,CapturedFrames_-3.0_1.5_-2.0/video.mp4#frame=71
71,LEFT_ANKLE,0.3624099791049957,0.45088016986846924,0.09365896880626678,0.9720667004585266,CapturedFrames_-3.0_1.5_-2.0/video.mp4#frame=71
71,RIGHT_ANKLE,0.4592204689979553,0.4551900327205658,0.10741423070430756,0.9457094073295593,CapturedFrames_-3.0_1.5_-2.0/video.mp4#frame=71
71,LEFT_HEEL,0.36461955308914185,0.47091054916381836,0.09971970319747925,0.9584295749664307,CapturedFrames_-3.0_1.5_-2.0/video.mp4#frame=71
71,RIGHT_HEEL,0.46541038155555725,0.4714122414588928,0.10940512269735336,0.9373781085014343,CapturedFrames_-3.0_1.5_-2.0/video.mp4#frame=71
71,LEFT_FOOT_INDEX,0.340617299079895,0.448195219039917,0.08954459428787231,0.8993562459945679,CapturedFrames_-3.0_1.5_-2.0/video.mp4#frame=71
71,RIGHT_FOOT_INDEX,0.4429890215396881,0.4745134711265564,0.09878163039684296,0.8585396409034729,CapturedFrames_-3.0_1.5_-2.0/video.mp4#frame=71
72,NOSE,0.3663727939128876,0.10903771966695786,0.009249699302017689,0.999962568283081,CapturedFrames_-3.0_1.5_-2.0/video.mp4#frame=72
72,LEFT_EYE_INNER,0.36598414182662964,0.10039178282022476,-0.005462367553263903,0.9999408721923828,CapturedFrames_-3.0_1.5_-2.0/video.mp4#frame=72
72,LEFT_EYE,0.365487277507782,0.10085849463939667,-0.005485422909259796,0.9999494552612305,CapturedFrames_-3.0_1.5_-2.0/video.mp4#frame=72
72,LEFT_EYE_OUTER,0.36494800448417664,0.10136249661445618,-0.005495380610227585,0.9999531507492065,CapturedFrames_-3.0_1.5_-2.0/video.mp4#frame=72
72,RIGHT_EYE_INNER,0.3685234785079956,0.09907118231058121,0.008433464914560318,0.9999295473098755,CapturedFrames_-3.0_1.5_-2.0/video.mp4#frame=72
72,RIGHT_EYE,0.36987951397895813,0.09867184609174728,0.008464470505714417,0.9999257326126099,CapturedFrames_-3.0_1.5_-2.0/video.mp4#frame=72
72,RIGHT_EYE_OUTER,0.37117958068847656,0.09833626449108124,0.00843090284615755,0.9999287128448486,CapturedFrames_-3.0_1.5_-2.0/video.mp4#frame=72
72,LEFT_EAR,0.3675593435764313,0.10603249073028564,-0.052213214337825775,0.9999464750289917,CapturedFrames_-3.0_1.5_-2.0/video.mp4#frame=72
72,RIGHT_EAR,0.37627947330474854,0.10167378187179565,0.008374979719519615,0.9999120235443115,CapturedFrames_-3.0_1.5_-2.0/video.mp4#frame=72
72,MOUTH_LEFT,0.36706453561782837,0.11825543642044067,-0.005384242627769709,0.99994957447052,CapturedFrames_-3.0_1.5_-2.0/video.mp4#frame=72
72,MOUTH_RIGHT,0.36979421973228455,0.1172400712966919,0.01218439731746912,0.9999433755874634,CapturedFrames_-3.0_1.5_-2.0/video.mp4#frame=72
72,LEFT_SHOULDER,0.3726077675819397,0.16871680319309235,-0.09304963797330856,0.9999672174453735,CapturedFrames_-3.0_1.5_-2.0/video.mp4#frame=72
72,RIGHT_SHOULDER,0.39656519889831543,0.15558916330337524,0.040429603308439255,0.9997734427452087,CapturedFrames_-3.0_1.5_-2.0/video.mp4#frame=72
72,LEFT_ELBOW,0.38260799646377563,0.24797900021076202,-0.09888002276420593,0.9710902571678162,CapturedFrames_-3.0_1.5_-2.0/video.mp4#frame=72
72,RIGHT_ELBOW,0.40074238181114197,0.22925889492034912,0.04728724807500839,0.0738627016544342,CapturedFrames_-3.0_1.5_-2.0/video.mp4#frame=72
72,LEFT_WRIST,0.38889697194099426,0.3160359859466553,-0.062320731580257416,0.9362702369689941,CapturedFrames_-3.0_1.5_-2.0/video.mp4#frame=72
72,RIGHT_WRIST,0.40161842107772827,0.28315794467926025,0.03341272845864296,0.09661302715539932,CapturedFrames_-3.0_1.5_-2.0/video.mp4#frame=72
72,LEFT_PINKY,0.3928357660770416,0.3292713761329651,-0.07203121483325958,0.8917307257652283,CapturedFrames_-3.0_1.5_-2.0/video.mp4#frame=72
72,RIGHT_PINKY,0.3985084295272827,0.3033902049064636,0.03403545916080475,0.10671736299991608,CapturedFrames_-3.0_1.5_-2.0/video.mp4#frame=72
72,LEFT_INDEX,0.39322176575660706,0.33143579959869385,-0.07149086147546768,0.8827924132347107,CapturedFrames_-3.0_1.5_-2.0/video.mp4#frame=72
72,RIGHT_INDEX,0.3966602683067322,0.303663432598114,0.021870115771889687,0.11024171859025955,CapturedFrames_-3.0_1.5_-2.0/video.mp4#frame=72
72,LEFT_THUMB,0.3918258249759674,0.3256080746650696,-0.06070684269070625,0.8443493843078613,CapturedFrames_-3.0_1.5_-2.0/video.mp4#frame=72
72,RIGHT_THUMB,0.40004247426986694,0.29731228947639465,0.02763799950480461,0.11413606256246567,CapturedFrames_-3.0_1.5_-2.0/video.mp4#frame=72
72,LEFT_HIP,0.38832300901412964,0.30325695872306824,-0.03212502971291542,0.9995181560516357,CapturedFrames_-3.0_1.5_-2.0/video.mp4#frame=72
72,RIGHT_HIP,0.4057612419128418,0.2975221276283264,0.03204990178346634,0.9996795654296875,CapturedFrames_-3.0_1.5_-2.0/video.mp4#frame=72
72,LEFT_KNEE,0.3618046045303345,0.36942070722579956,0.027454819530248642,0.9865286350250244,CapturedFrames_-3.0_1.5_-2.0/video.mp4#frame=72
72,RIGHT_KNEE,0.42552095651626587,0.3759177625179291,0.08127568662166595,0.9480665922164917,CapturedFrames_-3.0_1.5_-2.0/video.mp4#frame=72
72,LEFT_ANKLE,0.3592653274536133,0.45709359645843506,0.09823114424943924,0.9835649132728577,CapturedFrames_-3.0_1.5_-2.0/video.mp4#frame=72
72,RIGHT_ANKLE,0.45582541823387146,0.45080554485321045,0.11506588757038116,0.9716395139694214,CapturedFrames_-3.0_1.5_-2.0/video.mp4#frame=72
72,LEFT_HEEL,0.3634871542453766,0.4742909371852875,0.10533390939235687,0.9735942482948303,CapturedFrames_-3.0_1.5_-2.0/video.mp4#frame=72
72,RIGHT_HEEL,0.46474164724349976,0.4631515145301819,0.11819957196712494,0.9647557139396667,CapturedFrames_-3.0_1.5_-2.0/video.mp4#frame=72
72,LEFT_FOOT_INDEX,0.33964860439300537,0.46161702275276184,0.10338995605707169,0.9261925220489502,CapturedFrames_-3.0_1.5_-2.0/video.mp4#frame=72
72,RIGHT_FOOT_INDEX,0.44576263427734375,0.4772484600543976,0.11078967899084091,0.9003271460533142,CapturedFrames_-3.0_1.5_-2.0/video.mp4#frame=72
73,NOSE,0.3605012595653534,0.10693123936653137,0.0001335726847173646,0.9999589920043945,CapturedFrames_-3.0_1.5_-2.0/video.mp4#frame=73
73,LEFT_EYE_INNER,0.3597162365913391,0.09838635474443436,-0.012801498174667358,0.9999377727508545,CapturedFrames_-3.0_1.5_-2.0/video.mp4#frame=73
73,LEFT_EYE,0.35908931493759155,0.0987471342086792,-0.012821109965443611,0.9999383687973022,CapturedFrames_-3.0_1.5_-2.0/video.mp4#frame=73
73,LEFT_EYE_OUTER,0.3584372401237488,0.09926865994930267,-0.01284077949821949,0.9999517202377319,CapturedFrames_-3.0_1.5_-2.0/video.mp4#frame=73
73,RIGHT_EYE_INNER,0.36250245571136475,0.09747409075498581,0.00039450329495593905,0.999923586845398,CapturedFrames_-3.0_1.5_-2.0/video.mp4#frame=73
73,RIGHT_EYE,0.36391228437423706,0.09721764177083969,0.00042432680493220687,0.9999057054519653,CapturedFrames_-3.0_1.5_-2.0/video.mp4#frame=73
73,RIGHT_EYE_OUTER,0.36531680822372437,0.09713391959667206,0.00039337645284831524,0.9999258518218994,CapturedFrames_-3.0_1.5_-2.0/video.mp4#frame=73
73,LEFT_EAR,0.36075934767723083,0.10485033690929413,-0.05399207025766373,0.9999279975891113,CapturedFrames_-3.0_1.5_-2.0/video.mp4#frame=73
73,RIGHT_EAR,0.3704656660556793,0.10168059915304184,0.0032763394992798567,0.9998855590820312,CapturedFrames_-3.0_1.5_-2.0/video.mp4#frame=73
73,MOUTH_LEFT,0.36132243275642395,0.11685816198587418,-0.012895090505480766,0.9999372959136963,CapturedFrames_-3.0_1.5_-2.0/video.mp4#frame=73
73,MOUTH_RIGHT,0.3643442690372467,0.11608812212944031,0.0037544206716120243,0.9999338388442993,CapturedFrames_-3.0_1.5_-2.0/video.mp4#frame=73
73,LEFT_SHOULDER,0.3661547303199768,0.16726383566856384,-0.09565352648496628,0.9999594688415527,CapturedFrames_-3.0_1.5_-2.0/video.mp4#frame=73
73,RIGHT_SHOULDER,0.3885500431060791,0.15376104414463043,0.0378723070025444,0.9997667670249939,CapturedFrames_-3.0_1.5_-2.0/video.mp4#frame=73
73,LEFT_ELBOW,0.3748237192630768,0.2479369342327118,-0.10401605069637299,0.9615122675895691,CapturedFrames_-3.0_1.5_-2.0/video.mp4#frame=73
73,RIGHT_ELBOW,0.3946191370487213,0.23049217462539673,0.03999711945652962,0.051168523728847504,CapturedFrames_-3.0_1.5_-2.0/video.mp4#frame=73
73,LEFT_WRIST,0.37875092029571533,0.31787413358688354,-0.06862138211727142,0.9294611215591431,CapturedFrames_-3.0_1.5_-2.0/video.mp4#frame=73
73,RIGHT_WRIST,0.38949260115623474,0.2967129051685333,0.02209685929119587,0.07310416549444199,CapturedFrames_-3.0_1.5_-2.0/video.mp4#frame=73
73,LEFT_PINKY,0.3821699023246765,0.33303308486938477,-0.07802103459835052,0.8799088001251221,CapturedFrames_-3.0_1.5_-2.0/video.mp4#frame=73
73,RIGHT_PINKY,0.38716816902160645,0.31175658106803894,0.021656135097146034,0.07963526248931885,CapturedFrames_-3.0_1.5_-2.0/video.mp4#frame=73
73,LEFT_INDEX,0.38174909353256226,0.3356616199016571,-0.0769876167178154,0.8717311024665833,CapturedFrames_-3.0_1.5_-2.0/video.mp4#frame=73
73,RIGHT_INDEX,0.39057958126068115,0.3095448613166809,0.0101242084056139,0.08153441548347473,CapturedFrames_-3.0_1.5_-2.0/video.mp4#frame=73
73,LEFT_THUMB,0.3807263970375061,0.3300603926181793,-0.06688055396080017,0.8328042030334473,CapturedFrames_-3.0_1.5_-2.0/video.mp4#frame=73
73,RIGHT_THUMB,0.38559970259666443,0.3079177439212799,0.01638876274228096,0.08305571228265762,CapturedFrames_-3.0_1.5_-2.0/video.mp4#frame=73
73,LEFT_HIP,0.38081875443458557,0.29991474747657776,-0.03354177623987198,0.9992520213127136,CapturedFrames_-3.0_1.5_-2.0/video.mp4#frame=73
73,RIGHT_HIP,0.397831529378891,0.29635438323020935,0.03347195312380791,0.9996178150177002,CapturedFrames_-3.0_1.5_-2.0/video.mp4#frame=73
73,LEFT_KNEE,0.351961225271225,0.36559513211250305,0.03950215131044388,0.9596400260925293,CapturedFrames_-3.0_1.5_-2.0/video.mp4#frame=73
73,RIGHT_KNEE,0.4146271347999573,0.3748473823070526,0.07541428506374359,0.862101674079895,CapturedFrames_-3.0_1.5_-2.0/video.mp4#frame=73
73,LEFT_ANKLE,0.3595101237297058,0.4562211036682129,0.12048310041427612,0.9687507152557373,CapturedFrames_-3.0_1.5_-2.0/video.mp4#frame=73
73,RIGHT_ANKLE,0.4508613646030426,0.44521841406822205,0.10601892322301865,0.9301171898841858,CapturedFrames_-3.0_1.5_-2.0/video.mp4#frame=73
73,LEFT_HEEL,0.36401718854904175,0.4732441008090973,0.12871623039245605,0.9460324645042419,CapturedFrames_-3.0_1.5_-2.0/video.mp4#frame=73
73,RIGHT_HEEL,0.46056026220321655,0.4537392854690552,0.10873712599277496,0.911070704460144,CapturedFrames_-3.0_1.5_-2.0/video.mp4#frame=73
73,LEFT_FOOT_INDEX,0.33925744891166687,0.46173495054244995,0.1267261505126953,0.915437638759613,CapturedFrames_-3.0_1.5_-2.0/video.mp4#frame=73
73,RIGHT_FOOT_INDEX,0.4464873671531677,0.47844141721725464,0.10078839212656021,0.8507505655288696,CapturedFrames_-3.0_1.5_-2.0/video.mp4#frame=73
74,NOSE,0.35294660925865173,0.11087337881326675,0.02790612354874611,0.9999227523803711,CapturedFrames_-3.0_1.5_-2.0/video.mp4#frame=74
74,LEFT_EYE_INNER,0.35269486904144287,0.10170602798461914,0.015177535824477673,0.9999067783355713,CapturedFrames_-3.0_1.5_-2.0/video.mp4#frame=74
74,LEFT_EYE,0.35204580426216125,0.10196883976459503,0.015158025547862053,0.9999098777770996,CapturedFrames_-3.0_1.5_-2.0/video.mp4#frame=74
74,LEFT_EYE_OUTER,0.3514121472835541,0.10231649875640869,0.015148868784308434,0.9999262094497681,CapturedFrames_-3.0_1.5_-2.0/video.mp4#frame=74
74,RIGHT_EYE_INNER,0.355731338262558,0.10055080056190491,0.02682928368449211,0.9998759031295776,CapturedFrames_-3.0_1.5_-2.0/video.mp4#frame=74
74,RIGHT_EYE,0.3572752773761749,0.09998586773872375,0.026838582009077072,0.9998538494110107,CapturedFrames_-3.0_1.5_-2.0/video.mp4#frame=74
74,RIGHT_EYE_OUTER,0.3588101267814636,0.09956121444702148,0.026793941855430603,0.9998741149902344,CapturedFrames_-3.0_1.5_-2.0/video.mp4#frame=74
74,LEFT_EAR,0.35361921787261963,0.10586932301521301,-0.03034384176135063,0.9998685121536255,CapturedFrames_-3.0_1.5_-2.0/video.mp4#frame=74
74,RIGHT_EAR,0.36418789625167847,0.10261910408735275,0.019663246348500252,0.9997890591621399,CapturedFrames_-3.0_1.5_-2.0/video.mp4#frame=74
74,MOUTH_LEFT,0.3539307117462158,0.12009195983409882,0.012746153399348259,0.9998461008071899,CapturedFrames_-3.0_1.5_-2.0/video.mp4#frame=74
74,MOUTH_RIGHT,0.3569892942905426,0.11971080303192139,0.02729642763733864,0.9998100399971008,CapturedFrames_-3.0_1.5_-2.0/video.mp4#frame=74
74,LEFT_SHOULDER,0.358461856842041,0.16808614134788513,-0.07954917848110199,0.999896764755249,CapturedFrames_-3.0_1.5_-2.0/video.mp4#frame=74
74,RIGHT_SHOULDER,0.38613301515579224,0.15777602791786194,0.045736223459243774,0.9992837309837341,CapturedFrames_-3.0_1.5_-2.0/video.mp4#frame=74
74,LEFT_ELBOW,0.36525827646255493,0.24761225283145905,-0.09741459786891937,0.9578651189804077,CapturedFrames_-3.0_1.5_-2.0/video.mp4#frame=74
74,RIGHT_ELBOW,0.3881131112575531,0.22931112349033356,0.03983181342482567,0.030636489391326904,CapturedFrames_-3.0_1.5_-2.0/video.mp4#frame=74
74,LEFT_WRIST,0.36532875895500183,0.31296679377555847,-0.06692220270633698,0.9086630344390869,CapturedFrames_-3.0_1.5_-2.0/video.mp4#frame=74
74,RIGHT_WRIST,0.38207098841667175,0.286237895488739,0.018093235790729523,0.048767607659101486,CapturedFrames_-3.0_1.5_-2.0/video.mp4#frame=74
74,LEFT_PINKY,0.36678335070610046,0.32969292998313904,-0.07329411059617996,0.8565089702606201,CapturedFrames_-3.0_1.5_-2.0/video.mp4#frame=74
74,RIGHT_PINKY,0.37951570749282837,0.2996926009654999,0.019212137907743454,0.0613027960062027,CapturedFrames_-3.0_1.5_-2.0/video.mp4#frame=74
74,LEFT_INDEX,0.3665144145488739,0.3304885923862457,-0.07171671837568283,0.8473048806190491,CapturedFrames_-3.0_1.5_-2.0/video.mp4#frame=74
74,RIGHT_INDEX,0.37624457478523254,0.300495445728302,0.008510359562933445,0.06339317560195923,CapturedFrames_-3.0_1.5_-2.0/video.mp4#frame=74
74,LEFT_THUMB,0.3666873574256897,0.32516899704933167,-0.06494610756635666,0.8105720281600952,CapturedFrames_-3.0_1.5_-2.0/video.mp4#frame=74
74,RIGHT_THUMB,0.3768976926803589,0.29596808552742004,0.012623360380530357,0.06188622862100601,CapturedFrames_-3.0_1.5_-2.0/video.mp4#frame=74
74,LEFT_HIP,0.37336841225624084,0.303094744682312,-0.03461664170026779,0.9991499185562134,CapturedFrames_-3.0_1.5_-2.0/video.mp4#frame=74
74,RIGHT_HIP,0.39435675740242004,0.2980995774269104,0.034530479460954666,0.9993315935134888,CapturedFrames_-3.0_1.5_-2.0/video.mp4#frame=74
74,LEFT_KNEE,0.3471812307834625,0.3662060499191284,0.01079657580703497,0.969925045967102,CapturedFrames_-3.0_1.5_-2.0/video.mp4#frame=74
74,RIGHT_KNEE,0.4045591950416565,0.37691450119018555,0.05869054049253464,0.8874664306640625,CapturedFrames_-3.0_1.5_-2.0/video.mp4#frame=74
74,LEFT_ANKLE,0.3598381578922272,0.4530797004699707,0.04929853603243828,0.9789354801177979,CapturedFrames_-3.0_1.5_-2.0/video.mp4#frame=74
74,RIGHT_ANKLE,0.44106560945510864,0.43498101830482483,0.04504856839776039,0.9275932312011719,CapturedFrames_-3.0_1.5_-2.0/video.mp4#frame=74
74,LEFT_HEEL,0.3655645251274109,0.4715709686279297,0.053190141916275024,0.9635918736457825,CapturedFrames_-3.0_1.5_-2.0/video.mp4#frame=74
74,RIGHT_HEEL,0.4494001865386963,0.43905431032180786,0.04363488033413887,0.898230254650116,CapturedFrames_-3.0_1.5_-2.0/video.mp4#frame=74
74,LEFT_FOOT_INDEX,0.3387435972690582,0.4642442464828491,0.0489438958466053,0.9457042813301086,CapturedFrames_-3.0_1.5_-2.0/video.mp4#frame=74
74,RIGHT_FOOT_INDEX,0.44089239835739136,0.47151121497154236,0.037781380116939545,0.852756142616272,CapturedFrames_-3.0_1.5_-2.0/video.mp4#frame=74
75,NOSE,0.3492467701435089,0.10640174150466919,0.03118984028697014,0.9998378753662109,CapturedFrames_-3.0_1.5_-2.0/video.mp4#frame=75
75,LEFT_EYE_INNER,0.3481828272342682,0.0979628637433052,0.017192773520946503,0.999826967716217,CapturedFrames_-3.0_1.5_-2.0/video.mp4#frame=75
75,LEFT_EYE,0.3473060429096222,0.09856701642274857,0.01716810278594494,0.9998353719711304,CapturedFrames_-3.0_1.5_-2.0/video.mp4#frame=75
75,LEFT_EYE_OUTER,0.3464694321155548,0.09915792942047119,0.017155932262539864,0.9998588562011719,CapturedFrames_-3.0_1.5_-2.0/video.mp4#frame=75
75,RIGHT_EYE_INNER,0.3516729474067688,0.0964057594537735,0.028937730938196182,0.9997518658638,CapturedFrames_-3.0_1.5_-2.0/video.mp4#frame=75
75,RIGHT_EYE,0.35318681597709656,0.09603919088840485,0.028948873281478882,0.9997138381004333,CapturedFrames_-3.0_1.5_-2.0/video.mp4#frame=75
75,RIGHT_EYE_OUTER,0.35470667481422424,0.09569680690765381,0.02889503538608551,0.9997482895851135,CapturedFrames_-3.0_1.5_-2.0/video.mp4#frame=75
75,LEFT_EAR,0.3481614887714386,0.10414406657218933,-0.03257061168551445,0.9997919201850891,CapturedFrames_-3.0_1.5_-2.0/video.mp4#frame=75
75,RIGHT_EAR,0.35953354835510254,0.09886689484119415,0.01814536564052105,0.9996819496154785,CapturedFrames_-3.0_1.5_-2.0/video.mp4#frame=75
75,MOUTH_LEFT,0.3494599759578705,0.11582829058170319,0.01484435610473156,0.9997778534889221,CapturedFrames_-3.0_1.5_-2.0/video.mp4#frame=75
75,MOUTH_RIGHT,0.3532966375350952,0.11457952111959457,0.029561009258031845,0.9997240900993347,CapturedFrames_-3.0_1.5_-2.0/video.mp4#frame=75
75,LEFT_SHOULDER,0.35161617398262024,0.1629803478717804,-0.08349218964576721,0.9999064207077026,CapturedFrames_-3.0_1.5_-2.0/video.mp4#frame=75
75,RIGHT_SHOULDER,0.37917083501815796,0.15022504329681396,0.04322348162531853,0.9991545677185059,CapturedFrames_-3.0_1.5_-2.0/video.mp4#frame=75
75,LEFT_ELBOW,0.35622790455818176,0.24643312394618988,-0.09965748339891434,0.9753651022911072,CapturedFrames_-3.0_1.5_-2.0/video.mp4#frame=75
75,RIGHT_ELBOW,0.3816602826118469,0.2287011742591858,0.038457270711660385,0.03613223508000374,CapturedFrames_-3.0_1.5_-2.0/video.mp4#frame=75
75,LEFT_WRIST,0.3549060821533203,0.312894731760025,-0.061921246349811554,0.9257097840309143,CapturedFrames_-3.0_1.5_-2.0/video.mp4#frame=75
75,RIGHT_WRIST,0.37708452343940735,0.2789608836174011,0.02013132907450199,0.04324320703744888,CapturedFrames_-3.0_1.5_-2.0/video.mp4#frame=75
75,LEFT_PINKY,0.35572150349617004,0.3300614356994629,-0.0676666721701622,0.8750327229499817,CapturedFrames_-3.0_1.5_-2.0/video.mp4#frame=75
75,RIGHT_PINKY,0.3751046061515808,0.2943006753921509,0.021397510543465614,0.05157220736145973,CapturedFrames_-3.0_1.5_-2.0/video.mp4#frame=75
75,LEFT_INDEX,0.3560519814491272,0.33161163330078125,-0.06604297459125519,0.8666472434997559,CapturedFrames_-3.0_1.5_-2.0/video.mp4#frame=75
75,RIGHT_INDEX,0.370168000459671,0.3017362654209137,0.01060432568192482,0.053382713347673416,CapturedFrames_-3.0_1.5_-2.0/video.mp4#frame=75
75,LEFT_THUMB,0.35638126730918884,0.3250981271266937,-0.05980145186185837,0.8316447734832764,CapturedFrames_-3.0_1.5_-2.0/video.mp4#frame=75
75,RIGHT_THUMB,0.37086889147758484,0.2965068817138672,0.014612877741456032,0.0545632541179657,CapturedFrames_-3.0_1.5_-2.0/video.mp4#frame=75
75,LEFT_HIP,0.3656356632709503,0.30104342103004456,-0.03661295026540756,0.999261200428009,CapturedFrames_-3.0_1.5_-2.0/video.mp4#frame=75
75,RIGHT_HIP,0.3864038586616516,0.2978172302246094,0.03654608130455017,0.9991771578788757,CapturedFrames_-3.0_1.5_-2.0/video.mp4#frame=75
75,LEFT_KNEE,0.3429262340068817,0.3671938478946686,0.00885587278753519,0.9830734729766846,CapturedFrames_-3.0_1.5_-2.0/video.mp4#frame=75
75,RIGHT_KNEE,0.39265570044517517,0.37099647521972656,0.06529658287763596,0.9086766242980957,CapturedFrames_-3.0_1.5_-2.0/video.mp4#frame=75
75,LEFT_ANKLE,0.3564658463001251,0.4522256553173065,0.0636613741517067,0.9834297895431519,CapturedFrames_-3.0_1.5_-2.0/video.mp4#frame=75
75,RIGHT_ANKLE,0.43035879731178284,0.4269401431083679,0.07840539515018463,0.9214771389961243,CapturedFrames_-3.0_1.5_-2.0/video.mp4#frame=75
75,LEFT_HEEL,0.36216628551483154,0.46882957220077515,0.06897859275341034,0.966978132724762,CapturedFrames_-3.0_1.5_-2.0/video.mp4#frame=75
75,RIGHT_HEEL,0.43785038590431213,0.4284164011478424,0.07980959862470627,0.8926360607147217,CapturedFrames_-3.0_1.5_-2.0/video.mp4#frame=75
75,LEFT_FOOT_INDEX,0.3360520899295807,0.46147093176841736,0.06559739261865616,0.9440993666648865,CapturedFrames_-3.0_1.5_-2.0/video.mp4#frame=75
75,RIGHT_FOOT_INDEX,0.4314482808113098,0.46402567625045776,0.07685431092977524,0.8351286053657532,CapturedFrames_-3.0_1.5_-2.0/video.mp4#frame=75
76,NOSE,0.34376364946365356,0.10335206240415573,0.04308390989899635,0.9998761415481567,CapturedFrames_-3.0_1.5_-2.0/video.mp4#frame=76
76,LEFT_EYE_INNER,0.3427952527999878,0.09442853927612305,0.028200026601552963,0.9998676776885986,CapturedFrames_-3.0_1.5_-2.0/video.mp4#frame=76
76,LEFT_EYE,0.34200218319892883,0.09499283134937286,0.028188923373818398,0.9998804330825806,CapturedFrames_-3.0_1.5_-2.0/video.mp4#frame=76
76,LEFT_EYE_OUTER,0.34119120240211487,0.09558282792568207,0.02819238230586052,0.9998821020126343,CapturedFrames_-3.0_1.5_-2.0/video.mp4#frame=76
76,RIGHT_EYE_INNER,0.3460755944252014,0.09309052675962448,0.03962476924061775,0.999813973903656,CapturedFrames_-3.0_1.5_-2.0/video.mp4#frame=76
76,RIGHT_EYE,0.34763002395629883,0.09279639273881912,0.039622917771339417,0.9998077750205994,CapturedFrames_-3.0_1.5_-2.0/video.mp4#frame=76
76,RIGHT_EYE_OUTER,0.34923145174980164,0.09245747327804565,0.03957425802946091,0.9998053908348083,CapturedFrames_-3.0_1.5_-2.0/video.mp4#frame=76
76,LEFT_EAR,0.34290289878845215,0.10118109732866287,-0.02713560126721859,0.9998314380645752,CapturedFrames_-3.0_1.5_-2.0/video.mp4#frame=76
76,RIGHT_EAR,0.35419338941574097,0.0960850641131401,0.02237292192876339,0.9997370839118958,CapturedFrames_-3.0_1.5_-2.0/video.mp4#frame=76
76,MOUTH_LEFT,0.3440839350223541,0.11277942359447479,0.024683702737092972,0.99981290102005,CapturedFrames_-3.0_1.5_-2.0/video.mp4#frame=76
76,MOUTH_RIGHT,0.3478730320930481,0.11176608502864838,0.03903529793024063,0.9997476935386658,CapturedFrames_-3.0_1.5_-2.0/video.mp4#frame=76
76,LEFT_SHOULDER,0.34456053376197815,0.15922962129116058,-0.08331357687711716,0.9999384880065918,CapturedFrames_-3.0_1.5_-2.0/video.mp4#frame=76
76,RIGHT_SHOULDER,0.3754439949989319,0.149463951587677,0.04335946962237358,0.9991948008537292,CapturedFrames_-3.0_1.5_-2.0/video.mp4#frame=76
76,LEFT_ELBOW,0.34730756282806396,0.24109889566898346,-0.10050531476736069,0.9848576784133911,CapturedFrames_-3.0_1.5_-2.0/video.mp4#frame=76
76,RIGHT_ELBOW,0.3794371783733368,0.22502657771110535,0.03815349191427231,0.06724029034376144,CapturedFrames_-3.0_1.5_-2.0/video.mp4#frame=76
76,LEFT_WRIST,0.34195926785469055,0.3015734851360321,-0.06432558596134186,0.9518939256668091,CapturedFrames_-3.0_1.5_-2.0/video.mp4#frame=76
76,RIGHT_WRIST,0.3729619085788727,0.27004456520080566,0.01797744818031788,0.0833519771695137,CapturedFrames_-3.0_1.5_-2.0/video.mp4#frame=76
76,LEFT_PINKY,0.34199562668800354,0.3193163275718689,-0.06931350380182266,0.913675844669342,CapturedFrames_-3.0_1.5_-2.0/video.mp4#frame=76
76,RIGHT_PINKY,0.37033671140670776,0.28558456897735596,0.01950325444340706,0.092583067715168,CapturedFrames_-3.0_1.5_-2.0/video.mp4#frame=76
76,LEFT_INDEX,0.3424491286277771,0.3199799358844757,-0.06702157109975815,0.9070748090744019,CapturedFrames_-3.0_1.5_-2.0/video.mp4#frame=76
76,RIGHT_INDEX,0.3672143816947937,0.28513190150260925,0.008842297829687595,0.09554211050271988,CapturedFrames_-3.0_1.5_-2.0/video.mp4#frame=76
76,LEFT_THUMB,0.3428668975830078,0.31356677412986755,-0.061915505677461624,0.879127025604248,CapturedFrames_-3.0_1.5_-2.0/video.mp4#frame=76
76,RIGHT_THUMB,0.36378464102745056,0.2876180410385132,0.01239160168915987,0.09374174475669861,CapturedFrames_-3.0_1.5_-2.0/video.mp4#frame=76
76,LEFT_HIP,0.35854700207710266,0.29667899012565613,-0.04093492403626442,0.9994901418685913,CapturedFrames_-3.0_1.5_-2.0/video.mp4#frame=76
76,RIGHT_HIP,0.3806569278240204,0.29376375675201416,0.04081391915678978,0.9990787506103516,CapturedFrames_-3.0_1.5_-2.0/video.mp4#frame=76
76,LEFT_KNEE,0.34175583720207214,0.3652266263961792,0.0070739975199103355,0.9838694930076599,CapturedFrames_-3.0_1.5_-2.0/video.mp4#frame=76
76,RIGHT_KNEE,0.38201817870140076,0.364012748003006,0.07476925104856491,0.8973677158355713,CapturedFrames_-3.0_1.5_-2.0/video.mp4#frame=76
76,LEFT_ANKLE,0.3564375936985016,0.4501573443412781,0.035895638167858124,0.9901210069656372,CapturedFrames_-3.0_1.5_-2.0/video.mp4#frame=76
76,RIGHT_ANKLE,0.4179367423057556,0.42284154891967773,0.07072493433952332,0.9295284748077393,CapturedFrames_-3.0_1.5_-2.0/video.mp4#frame=76
76,LEFT_HEEL,0.3619435727596283,0.4687986969947815,0.03799030929803848,0.9770649671554565,CapturedFrames_-3.0_1.5_-2.0/video.mp4#frame=76
76,RIGHT_HEEL,0.42535704374313354,0.42798522114753723,0.0704973116517067,0.9106626510620117,CapturedFrames_-3.0_1.5_-2.0/video.mp4#frame=76
76,LEFT_FOOT_INDEX,0.33745989203453064,0.46430298686027527,0.025855448096990585,0.9694324731826782,CapturedFrames_-3.0_1.5_-2.0/video.mp4#frame=76
76,RIGHT_FOOT_INDEX,0.4142605662345886,0.45821869373321533,0.06705784797668457,0.8801842331886292,CapturedFrames_-3.0_1.5_-2.0/video.mp4#frame=76
77,NOSE,0.3362300992012024,0.10302333533763885,0.032230667769908905,0.9998794794082642,CapturedFrames_-3.0_1.5_-2.0/video.mp4#frame=77
77,LEFT_EYE_INNER,0.3359512686729431,0.0941932275891304,0.016109339892864227,0.9998483657836914,CapturedFrames_-3.0_1.5_-2.0/video.mp4#frame=77
77,LEFT_EYE,0.33533427119255066,0.09455908834934235,0.01609572023153305,0.9998643398284912,CapturedFrames_-3.0_1.5_-2.0/video.mp4#frame=77
77,LEFT_EYE_OUTER,0.334726482629776,0.09494003653526306,0.016097312793135643,0.9998496770858765,CapturedFrames_-3.0_1.5_-2.0/video.mp4#frame=77
77,RIGHT_EYE_INNER,0.33888038992881775,0.09312960505485535,0.02926853857934475,0.9998264908790588,CapturedFrames_-3.0_1.5_-2.0/video.mp4#frame=77
77,RIGHT_EYE,0.3403201997280121,0.09280148893594742,0.029277125373482704,0.9998400211334229,CapturedFrames_-3.0_1.5_-2.0/video.mp4#frame=77
77,RIGHT_EYE_OUTER,0.3416951298713684,0.09252378344535828,0.029246727004647255,0.9998304843902588,CapturedFrames_-3.0_1.5_-2.0/video.mp4#frame=77
77,LEFT_EAR,0.3367864787578583,0.09898100793361664,-0.0413365513086319,0.9998069405555725,CapturedFrames_-3.0_1.5_-2.0/video.mp4#frame=77
77,RIGHT_EAR,0.3465256989002228,0.09592987596988678,0.016823476180434227,0.9997757077217102,CapturedFrames_-3.0_1.5_-2.0/video.mp4#frame=77
77,MOUTH_LEFT,0.33693909645080566,0.11154292523860931,0.01334006804972887,0.9998315572738647,CapturedFrames_-3.0_1.5_-2.0/video.mp4#frame=77
77,MOUTH_RIGHT,0.34001797437667847,0.11142309010028839,0.030189847573637962,0.9998052716255188,CapturedFrames_-3.0_1.5_-2.0/video.mp4#frame=77
77,LEFT_SHOULDER,0.3372597396373749,0.1604393869638443,-0.09049569815397263,0.9999392032623291,CapturedFrames_-3.0_1.5_-2.0/video.mp4#frame=77
77,RIGHT_SHOULDER,0.37277162075042725,0.15454813838005066,0.03758614510297775,0.9996880292892456,CapturedFrames_-3.0_1.5_-2.0/video.mp4#frame=77
77,LEFT_ELBOW,0.33824649453163147,0.24135653674602509,-0.08973310142755508,0.984326183795929,CapturedFrames_-3.0_1.5_-2.0/video.mp4#frame=77
77,RIGHT_ELBOW,0.3829296827316284,0.23070549964904785,0.03973231464624405,0.45126914978027344,CapturedFrames_-3.0_1.5_-2.0/video.mp4#frame=77
77,LEFT_WRIST,0.33450523018836975,0.30089715123176575,-0.040629010647535324,0.9132433533668518,CapturedFrames_-3.0_1.5_-2.0/video.mp4#frame=77
77,RIGHT_WRIST,0.38468238711357117,0.28722691535949707,0.025323715060949326,0.4560810625553131,CapturedFrames_-3.0_1.5_-2.0/video.mp4#frame=77
77,LEFT_PINKY,0.334177702665329,0.3163907825946808,-0.04212447628378868,0.8591594099998474,CapturedFrames_-3.0_1.5_-2.0/video.mp4#frame=77
77,RIGHT_PINKY,0.38507959246635437,0.3030843138694763,0.02709776535630226,0.43216729164123535,CapturedFrames_-3.0_1.5_-2.0/video.mp4#frame=77
77,LEFT_INDEX,0.3344608247280121,0.31648901104927063,-0.04258209094405174,0.8523394465446472,CapturedFrames_-3.0_1.5_-2.0/video.mp4#frame=77
77,RIGHT_INDEX,0.38249561190605164,0.3011927604675293,0.018681418150663376,0.43055206537246704,CapturedFrames_-3.0_1.5_-2.0/video.mp4#frame=77
77,LEFT_THUMB,0.3352363705635071,0.31148260831832886,-0.0386245995759964,0.8207986354827881,CapturedFrames_-3.0_1.5_-2.0/video.mp4#frame=77
77,RIGHT_THUMB,0.3814365565776825,0.29639527201652527,0.02085907571017742,0.41193413734436035,CapturedFrames_-3.0_1.5_-2.0/video.mp4#frame=77
77,LEFT_HIP,0.3515643775463104,0.2922416925430298,-0.0437820665538311,0.9996649026870728,CapturedFrames_-3.0_1.5_-2.0/video.mp4#frame=77
77,RIGHT_HIP,0.3735588490962982,0.28861257433891296,0.04363417997956276,0.9993207454681396,CapturedFrames_-3.0_1.5_-2.0/video.mp4#frame=77
77,LEFT_KNEE,0.3431337773799896,0.3687177002429962,0.007323314435780048,0.9751078486442566,CapturedFrames_-3.0_1.5_-2.0/video.mp4#frame=77
77,RIGHT_KNEE,0.37243080139160156,0.35662710666656494,0.08925841748714447,0.8731223940849304,CapturedFrames_-3.0_1.5_-2.0/video.mp4#frame=77
77,LEFT_ANKLE,0.3576259911060333,0.4545465111732483,0.031965646892786026,0.9926924705505371,CapturedFrames_-3.0_1.5_-2.0/video.mp4#frame=77
77,RIGHT_ANKLE,0.40324726700782776,0.41956692934036255,0.09644225239753723,0.9549947381019592,CapturedFrames_-3.0_1.5_-2.0/video.mp4#frame=77
77,LEFT_HEEL,0.3638067841529846,0.47055864334106445,0.032782625406980515,0.9824809432029724,CapturedFrames_-3.0_1.5_-2.0/video.mp4#frame=77
77,RIGHT_HEEL,0.4111631512641907,0.4282137453556061,0.09667612612247467,0.9505553245544434,CapturedFrames_-3.0_1.5_-2.0/video.mp4#frame=77
77,LEFT_FOOT_INDEX,0.3368516266345978,0.4666072726249695,0.013514933176338673,0.9833675622940063,CapturedFrames_-3.0_1.5_-2.0/video.mp4#frame=77
77,RIGHT_FOOT_INDEX,0.3956918716430664,0.45575159788131714,0.09051831811666489,0.9437689185142517,CapturedFrames_-3.0_1.5_-2.0/video.mp4#frame=77
78,NOSE,0.3349882662296295,0.09635360538959503,0.034933123737573624,0.9991648197174072,CapturedFrames_-3.0_1.5_-2.0/video.mp4#frame=78
78,LEFT_EYE_INNER,0.3337651491165161,0.08899487555027008,0.01756877638399601,0.9990481734275818,CapturedFrames_-3.0_1.5_-2.0/video.mp4#frame=78
78,LEFT_EYE,0.3327120244503021,0.0897228866815567,0.01755327731370926,0.9991769194602966,CapturedFrames_-3.0_1.5_-2.0/video.mp4#frame=78
78,LEFT_EYE_OUTER,0.33163464069366455,0.09047747403383255,0.0175502747297287,0.9990857839584351,CapturedFrames_-3.0_1.5_-2.0/video.mp4#frame=78
78,RIGHT_EYE_INNER,0.3372933566570282,0.08752650022506714,0.02899472787976265,0.9989365935325623,CapturedFrames_-3.0_1.5_-2.0/video.mp4#frame=78
78,RIGHT_EYE,0.3387508988380432,0.08729229867458344,0.028998728841543198,0.9990862607955933,CapturedFrames_-3.0_1.5_-2.0/video.mp4#frame=78
78,RIGHT_EYE_OUTER,0.34023183584213257,0.08710245788097382,0.0289517380297184,0.9990298748016357,CapturedFrames_-3.0_1.5_-2.0/video.mp4#frame=78
78,LEFT_EAR,0.33216968178749084,0.09524598717689514,-0.04300549626350403,0.9988600015640259,CapturedFrames_-3.0_1.5_-2.0/video.mp4#frame=78
78,RIGHT_EAR,0.34469932317733765,0.09076771140098572,0.007928760722279549,0.9988149404525757,CapturedFrames_-3.0_1.5_-2.0/video.mp4#frame=78
78,MOUTH_LEFT,0.3346068859100342,0.106671541929245,0.015523823909461498,0.9991546869277954,CapturedFrames_-3.0_1.5_-2.0/video.mp4#frame=78
78,MOUTH_RIGHT,0.33827024698257446,0.10571814328432083,0.03018687665462494,0.9990147352218628,CapturedFrames_-3.0_1.5_-2.0/video.mp4#frame=78
78,LEFT_SHOULDER,0.33071985840797424,0.15669721364974976,-0.09258044511079788,0.9999185800552368,CapturedFrames_-3.0_1.5_-2.0/video.mp4#frame=78
78,RIGHT_SHOULDER,0.3693529963493347,0.15091191232204437,0.024473099038004875,0.9994921684265137,CapturedFrames_-3.0_1.5_-2.0/video.mp4#frame=78
78,LEFT_ELBOW,0.33093008399009705,0.2356422245502472,-0.0898769274353981,0.9861576557159424,CapturedFrames_-3.0_1.5_-2.0/video.mp4#frame=78
78,RIGHT_ELBOW,0.3807217478752136,0.22597377002239227,0.029188621789216995,0.638120710849762,CapturedFrames_-3.0_1.5_-2.0/video.mp4#frame=78
78,LEFT_WRIST,0.32470616698265076,0.2916108965873718,-0.04550134390592575,0.8973071575164795,CapturedFrames_-3.0_1.5_-2.0/video.mp4#frame=78
78,RIGHT_WRIST,0.38332444429397583,0.28052082657814026,0.013691705651581287,0.5337812900543213,CapturedFrames_-3.0_1.5_-2.0/video.mp4#frame=78
78,LEFT_PINKY,0.32448965311050415,0.3082379102706909,-0.0478275902569294,0.8268100619316101,CapturedFrames_-3.0_1.5_-2.0/video.mp4#frame=78
78,RIGHT_PINKY,0.38440361618995667,0.2979082763195038,0.012979894876480103,0.46755552291870117,CapturedFrames_-3.0_1.5_-2.0/video.mp4#frame=78
78,LEFT_INDEX,0.32475215196609497,0.3071622848510742,-0.0481911301612854,0.8184213042259216,CapturedFrames_-3.0_1.5_-2.0/video.mp4#frame=78
78,RIGHT_INDEX,0.38207679986953735,0.2973569631576538,0.004322085529565811,0.46086543798446655,CapturedFrames_-3.0_1.5_-2.0/video.mp4#frame=78
78,LEFT_THUMB,0.3256033658981323,0.30018919706344604,-0.04360455274581909,0.7745085954666138,CapturedFrames_-3.0_1.5_-2.0/video.mp4#frame=78
78,RIGHT_THUMB,0.380497008562088,0.2915290594100952,0.009158325381577015,0.4382596015930176,CapturedFrames_-3.0_1.5_-2.0/video.mp4#frame=78
78,LEFT_HIP,0.3464078903198242,0.291104793548584,-0.04328227788209915,0.9995812773704529,CapturedFrames_-3.0_1.5_-2.0/video.mp4#frame=78
78,RIGHT_HIP,0.36751070618629456,0.28602299094200134,0.04314127936959267,0.9987145662307739,CapturedFrames_-3.0_1.5_-2.0/video.mp4#frame=78
78,LEFT_KNEE,0.34187498688697815,0.36616724729537964,0.008548789657652378,0.9692237377166748,CapturedFrames_-3.0_1.5_-2.0/video.mp4#frame=78
78,RIGHT_KNEE,0.3610062003135681,0.35014280676841736,0.09963659197092056,0.7591953873634338,CapturedFrames_-3.0_1.5_-2.0/video.mp4#frame=78
78,LEFT_ANKLE,0.3573818802833557,0.4557669758796692,0.05562986060976982,0.9817356467247009,CapturedFrames_-3.0_1.5_-2.0/video.mp4#frame=78
78,RIGHT_ANKLE,0.3900122046470642,0.41640499234199524,0.1506662219762802,0.8624719977378845,CapturedFrames_-3.0_1.5_-2.0/video.mp4#frame=78
78,LEFT_HEEL,0.363462895154953,0.47225722670555115,0.05881217122077942,0.9546215534210205,CapturedFrames_-3.0_1.5_-2.0/video.mp4#frame=78
78,RIGHT_HEEL,0.3971515893936157,0.42686253786087036,0.155702143907547,0.8672491312026978,CapturedFrames_-3.0_1.5_-2.0/video.mp4#frame=78
78,LEFT_FOOT_INDEX,0.3357282280921936,0.46492478251457214,0.03682286664843559,0.953042209148407,CapturedFrames_-3.0_1.5_-2.0/video.mp4#frame=78
78,RIGHT_FOOT_INDEX,0.3814343214035034,0.44039180874824524,0.15105044841766357,0.8475782871246338,CapturedFrames_-3.0_1.5_-2.0/video.mp4#frame=78
79,NOSE,0.32884085178375244,0.09710367023944855,0.028109978884458542,0.9992365837097168,CapturedFrames_-3.0_1.5_-2.0/video.mp4#frame=79
79,LEFT_EYE_INNER,0.3279288113117218,0.08845943212509155,0.01187939289957285,0.9991680383682251,CapturedFrames_-3.0_1.5_-2.0/video.mp4#frame=79
79,LEFT_EYE,0.3271503150463104,0.08877548575401306,0.011865678243339062,0.9992749094963074,CapturedFrames_-3.0_1.5_-2.0/video.mp4#frame=79
79,LEFT_EYE_OUTER,0.3263733386993408,0.08913198113441467,0.011849964037537575,0.9992353916168213,CapturedFrames_-3.0_1.5_-2.0/video.mp4#frame=79
79,RIGHT_EYE_INNER,0.33108627796173096,0.08752323687076569,0.021670155227184296,0.9990565180778503,CapturedFrames_-3.0_1.5_-2.0/video.mp4#frame=79
79,RIGHT_EYE,0.33264797925949097,0.08717378973960876,0.02167963795363903,0.9991600513458252,CapturedFrames_-3.0_1.5_-2.0/video.mp4#frame=79
79,RIGHT_EYE_OUTER,0.33427950739860535,0.0868324339389801,0.02163291908800602,0.9990766048431396,CapturedFrames_-3.0_1.5_-2.0/video.mp4#frame=79
79,LEFT_EAR,0.32768404483795166,0.09332186728715897,-0.04523279517889023,0.9990304708480835,CapturedFrames_-3.0_1.5_-2.0/video.mp4#frame=79
79,RIGHT_EAR,0.3395960330963135,0.09036464989185333,-0.001407960313372314,0.9988828301429749,CapturedFrames_-3.0_1.5_-2.0/video.mp4#frame=79
79,MOUTH_LEFT,0.329021155834198,0.10603299736976624,0.009846762754023075,0.9993346333503723,CapturedFrames_-3.0_1.5_-2.0/video.mp4#frame=79
79,MOUTH_RIGHT,0.3324267268180847,0.1064714714884758,0.022435808554291725,0.9991937279701233,CapturedFrames_-3.0_1.5_-2.0/video.mp4#frame=79
79,LEFT_SHOULDER,0.32479217648506165,0.1540193408727646,-0.09072793275117874,0.9999550580978394,CapturedFrames_-3.0_1.5_-2.0/video.mp4#frame=79
79,RIGHT_SHOULDER,0.3650311529636383,0.1503935158252716,0.011457744985818863,0.9995007514953613,CapturedFrames_-3.0_1.5_-2.0/video.mp4#frame=79
79,LEFT_ELBOW,0.32417061924934387,0.2315090447664261,-0.09196098893880844,0.9813406467437744,CapturedFrames_-3.0_1.5_-2.0/video.mp4#frame=79
79,RIGHT_ELBOW,0.37687575817108154,0.22240544855594635,0.021708320826292038,0.7961277961730957,CapturedFrames_-3.0_1.5_-2.0/video.mp4#frame=79
79,LEFT_WRIST,0.31784334778785706,0.28127574920654297,-0.06218390911817551,0.8542417883872986,CapturedFrames_-3.0_1.5_-2.0/video.mp4#frame=79
79,RIGHT_WRIST,0.38231244683265686,0.2763541638851166,0.009764058515429497,0.6745384335517883,CapturedFrames_-3.0_1.5_-2.0/video.mp4#frame=79
79,LEFT_PINKY,0.31709951162338257,0.29900750517845154,-0.06675530225038528,0.770521342754364,CapturedFrames_-3.0_1.5_-2.0/video.mp4#frame=79
79,RIGHT_PINKY,0.38408714532852173,0.2929094433784485,0.007141543086618185,0.5793382525444031,CapturedFrames_-3.0_1.5_-2.0/video.mp4#frame=79
79,LEFT_INDEX,0.31757184863090515,0.29776468873023987,-0.0677788108587265,0.7593835592269897,CapturedFrames_-3.0_1.5_-2.0/video.mp4#frame=79
79,RIGHT_INDEX,0.381094753742218,0.2926717698574066,0.0003550600085873157,0.56423020362854,CapturedFrames_-3.0_1.5_-2.0/video.mp4#frame=79
79,LEFT_THUMB,0.31866633892059326,0.29080507159233093,-0.061122167855501175,0.6925454139709473,CapturedFrames_-3.0_1.5_-2.0/video.mp4#frame=79
79,RIGHT_THUMB,0.3795871138572693,0.28721436858177185,0.005993951577693224,0.5251896381378174,CapturedFrames_-3.0_1.5_-2.0/video.mp4#frame=79
79,LEFT_HIP,0.342872679233551,0.28907260298728943,-0.04248250648379326,0.999862790107727,CapturedFrames_-3.0_1.5_-2.0/video.mp4#frame=79
79,RIGHT_HIP,0.3625369369983673,0.28091686964035034,0.042323604226112366,0.9990912675857544,CapturedFrames_-3.0_1.5_-2.0/video.mp4#frame=79
79,LEFT_KNEE,0.3419489860534668,0.36443406343460083,0.022111594676971436,0.9859354496002197,CapturedFrames_-3.0_1.5_-2.0/video.mp4#frame=79
79,RIGHT_KNEE,0.353498250246048,0.3466222882270813,0.1288667917251587,0.6686288118362427,CapturedFrames_-3.0_1.5_-2.0/video.mp4#frame=79
79,LEFT_ANKLE,0.3569665551185608,0.4558917284011841,0.0748390331864357,0.9844967126846313,CapturedFrames_-3.0_1.5_-2.0/video.mp4#frame=79
79,RIGHT_ANKLE,0.37469199299812317,0.41030675172805786,0.2101147472858429,0.7732094526290894,CapturedFrames_-3.0_1.5_-2.0/video.mp4#frame=79
79,LEFT_HEEL,0.3627559244632721,0.47417402267456055,0.07863617688417435,0.9475423097610474,CapturedFrames_-3.0_1.5_-2.0/video.mp4#frame=79
79,RIGHT_HEEL,0.38078150153160095,0.4234265089035034,0.21836097538471222,0.7688740491867065,CapturedFrames_-3.0_1.5_-2.0/video.mp4#frame=79
79,LEFT_FOOT_INDEX,0.3378313183784485,0.4649679958820343,0.05020976811647415,0.9574195742607117,CapturedFrames_-3.0_1.5_-2.0/video.mp4#frame=79
79,RIGHT_FOOT_INDEX,0.3577063977718353,0.43294021487236023,0.21327932178974152,0.8033971786499023,CapturedFrames_-3.0_1.5_-2.0/video.mp4#frame=79
80,NOSE,0.32545170187950134,0.09581030905246735,0.03432249650359154,0.9992731213569641,CapturedFrames_-3.0_1.5_-2.0/video.mp4#frame=80
80,LEFT_EYE_INNER,0.3239828944206238,0.08789505064487457,0.017907308414578438,0.9992371797561646,CapturedFrames_-3.0_1.5_-2.0/video.mp4#frame=80
80,LEFT_EYE,0.32308876514434814,0.08819259703159332,0.017892520874738693,0.9993178844451904,CapturedFrames_-3.0_1.5_-2.0/video.mp4#frame=80
80,LEFT_EYE_OUTER,0.3222220540046692,0.08851225674152374,0.0178657379001379,0.9992142915725708,CapturedFrames_-3.0_1.5_-2.0/video.mp4#frame=80
80,RIGHT_EYE_INNER,0.32740771770477295,0.08714818954467773,0.02618430182337761,0.9991913437843323,CapturedFrames_-3.0_1.5_-2.0/video.mp4#frame=80
80,RIGHT_EYE,0.3289406895637512,0.08697114884853363,0.026199186220765114,0.9992984533309937,CapturedFrames_-3.0_1.5_-2.0/video.mp4#frame=80
80,RIGHT_EYE_OUTER,0.3305082619190216,0.08682022988796234,0.026142191141843796,0.9991686344146729,CapturedFrames_-3.0_1.5_-2.0/video.mp4#frame=80
80,LEFT_EAR,0.3230774998664856,0.09271830320358276,-0.04046255722641945,0.9991868138313293,CapturedFrames_-3.0_1.5_-2.0/video.mp4#frame=80
80,RIGHT_EAR,0.3353029489517212,0.09054417908191681,-0.003961167298257351,0.9990098476409912,CapturedFrames_-3.0_1.5_-2.0/video.mp4#frame=80
80,MOUTH_LEFT,0.3252963125705719,0.10460492968559265,0.0157113429158926,0.9990687966346741,CapturedFrames_-3.0_1.5_-2.0/video.mp4#frame=80
80,MOUTH_RIGHT,0.3289513885974884,0.10505995154380798,0.026147980242967606,0.9987931251525879,CapturedFrames_-3.0_1.5_-2.0/video.mp4#frame=80
80,LEFT_SHOULDER,0.3180491030216217,0.154185488820076,-0.08262450993061066,0.9998668432235718,CapturedFrames_-3.0_1.5_-2.0/video.mp4#frame=80
80,RIGHT_SHOULDER,0.361760675907135,0.15217231214046478,-0.0008809133432805538,0.9989888072013855,CapturedFrames_-3.0_1.5_-2.0/video.mp4#frame=80
80,LEFT_ELBOW,0.3159286379814148,0.22745704650878906,-0.07657524943351746,0.9869288206100464,CapturedFrames_-3.0_1.5_-2.0/video.mp4#frame=80
80,RIGHT_ELBOW,0.37416309118270874,0.2208099216222763,-0.002942731138318777,0.9052721261978149,CapturedFrames_-3.0_1.5_-2.0/video.mp4#frame=80
80,LEFT_WRIST,0.3102574050426483,0.2806142568588257,-0.039827555418014526,0.8233328461647034,CapturedFrames_-3.0_1.5_-2.0/video.mp4#frame=80
80,RIGHT_WRIST,0.3813541531562805,0.27880343794822693,-0.014121012762188911,0.8116571307182312,CapturedFrames_-3.0_1.5_-2.0/video.mp4#frame=80
80,LEFT_PINKY,0.31140753626823425,0.29526910185813904,-0.04096706211566925,0.7110335826873779,CapturedFrames_-3.0_1.5_-2.0/video.mp4#frame=80
80,RIGHT_PINKY,0.3826419711112976,0.29445916414260864,-0.017535168677568436,0.7136987447738647,CapturedFrames_-3.0_1.5_-2.0/video.mp4#frame=80
80,LEFT_INDEX,0.3123522400856018,0.2938372492790222,-0.04442136734724045,0.6990599632263184,CapturedFrames_-3.0_1.5_-2.0/video.mp4#frame=80
80,RIGHT_INDEX,0.38103991746902466,0.29447969794273376,-0.01972433738410473,0.6894417405128479,CapturedFrames_-3.0_1.5_-2.0/video.mp4#frame=80
80,LEFT_THUMB,0.31330183148384094,0.28898414969444275,-0.03973594680428505,0.6524682641029358,CapturedFrames_-3.0_1.5_-2.0/video.mp4#frame=80
80,RIGHT_THUMB,0.3796144723892212,0.28908324241638184,-0.016329772770404816,0.6392862200737,CapturedFrames_-3.0_1.5_-2.0/video.mp4#frame=80
80,LEFT_HIP,0.33876684308052063,0.2836667001247406,-0.04011816158890724,0.999760091304779,CapturedFrames_-3.0_1.5_-2.0/video.mp4#frame=80
80,RIGHT_HIP,0.357767790555954,0.2758725881576538,0.03997931256890297,0.9981315732002258,CapturedFrames_-3.0_1.5_-2.0/video.mp4#frame=80
80,LEFT_KNEE,0.34274551272392273,0.36392495036125183,0.01523948460817337,0.9843565821647644,CapturedFrames_-3.0_1.5_-2.0/video.mp4#frame=80
80,RIGHT_KNEE,0.3471023142337799,0.3469778597354889,0.11656522750854492,0.6188884377479553,CapturedFrames_-3.0_1.5_-2.0/video.mp4#frame=80
80,LEFT_ANKLE,0.3575252890586853,0.45551106333732605,0.06738927215337753,0.9673587083816528,CapturedFrames_-3.0_1.5_-2.0/video.mp4#frame=80
80,RIGHT_ANKLE,0.3651253879070282,0.4113398790359497,0.19467167556285858,0.7734890580177307,CapturedFrames_-3.0_1.5_-2.0/video.mp4#frame=80
80,LEFT_HEEL,0.36346298456192017,0.4754174053668976,0.07068989425897598,0.9189651608467102,CapturedFrames_-3.0_1.5_-2.0/video.mp4#frame=80
80,RIGHT_HEEL,0.3716692626476288,0.42205747961997986,0.2022419273853302,0.8148696422576904,CapturedFrames_-3.0_1.5_-2.0/video.mp4#frame=80
80,LEFT_FOOT_INDEX,0.3375729024410248,0.4625489413738251,0.04184608906507492,0.9096642732620239,CapturedFrames_-3.0_1.5_-2.0/video.mp4#frame=80
80,RIGHT_FOOT_INDEX,0.3511105179786682,0.431933730840683,0.19393330812454224,0.7685194611549377,CapturedFrames_-3.0_1.5_-2.0/video.mp4#frame=80
81,NOSE,0.31974491477012634,0.09556612372398376,0.04021275416016579,0.9994899034500122,CapturedFrames_-3.0_1.5_-2.0/video.mp4#frame=81
81,LEFT_EYE_INNER,0.31914153695106506,0.0873151570558548,0.02328898198902607,0.9993765950202942,CapturedFrames_-3.0_1.5_-2.0/video.mp4#frame=81
81,LEFT_EYE,0.31842201948165894,0.08762471377849579,0.023268014192581177,0.9994100332260132,CapturedFrames_-3.0_1.5_-2.0/video.mp4#frame=81
81,LEFT_EYE_OUTER,0.31770843267440796,0.08794400095939636,0.023237738758325577,0.9993676543235779,CapturedFrames_-3.0_1.5_-2.0/video.mp4#frame=81
81,RIGHT_EYE_INNER,0.3221703767776489,0.08644083142280579,0.031662315130233765,0.99937504529953,CapturedFrames_-3.0_1.5_-2.0/video.mp4#frame=81
81,RIGHT_EYE,0.32364073395729065,0.08620479702949524,0.03167828172445297,0.9994327425956726,CapturedFrames_-3.0_1.5_-2.0/video.mp4#frame=81
81,RIGHT_EYE_OUTER,0.3251270055770874,0.08600425720214844,0.03164295107126236,0.9993358254432678,CapturedFrames_-3.0_1.5_-2.0/video.mp4#frame=81
81,LEFT_EAR,0.31911492347717285,0.09214475750923157,-0.03607172146439552,0.9994041919708252,CapturedFrames_-3.0_1.5_-2.0/video.mp4#frame=81
81,RIGHT_EAR,0.3299318253993988,0.08967620134353638,0.001142060267738998,0.9992272853851318,CapturedFrames_-3.0_1.5_-2.0/video.mp4#frame=81
81,MOUTH_LEFT,0.3198738396167755,0.10434606671333313,0.02131407894194126,0.9993563294410706,CapturedFrames_-3.0_1.5_-2.0/video.mp4#frame=81
81,MOUTH_RIGHT,0.3232329785823822,0.10489864647388458,0.031927987933158875,0.99920254945755,CapturedFrames_-3.0_1.5_-2.0/video.mp4#frame=81
81,LEFT_SHOULDER,0.31288856267929077,0.14946720004081726,-0.08323388546705246,0.9999439716339111,CapturedFrames_-3.0_1.5_-2.0/video.mp4#frame=81
81,RIGHT_SHOULDER,0.355976939201355,0.15119101107120514,0.009452135302126408,0.9993818998336792,CapturedFrames_-3.0_1.5_-2.0/video.mp4#frame=81
81,LEFT_ELBOW,0.3093457520008087,0.2223242223262787,-0.07549768686294556,0.9937521815299988,CapturedFrames_-3.0_1.5_-2.0/video.mp4#frame=81
81,RIGHT_ELBOW,0.3707016110420227,0.21927593648433685,0.011457488872110844,0.9476038217544556,CapturedFrames_-3.0_1.5_-2.0/video.mp4#frame=81
81,LEFT_WRIST,0.30557113885879517,0.273440420627594,-0.0359053909778595,0.8506720662117004,CapturedFrames_-3.0_1.5_-2.0/video.mp4#frame=81
81,RIGHT_WRIST,0.38157087564468384,0.2765272557735443,0.002684277016669512,0.817876398563385,CapturedFrames_-3.0_1.5_-2.0/video.mp4#frame=81
81,LEFT_PINKY,0.30671507120132446,0.2878069579601288,-0.03782898187637329,0.7209875583648682,CapturedFrames_-3.0_1.5_-2.0/video.mp4#frame=81
81,RIGHT_PINKY,0.38237038254737854,0.2933712601661682,0.0022369332145899534,0.7186080813407898,CapturedFrames_-3.0_1.5_-2.0/video.mp4#frame=81
81,LEFT_INDEX,0.307902067899704,0.28532475233078003,-0.03837466612458229,0.7131726741790771,CapturedFrames_-3.0_1.5_-2.0/video.mp4#frame=81
81,RIGHT_INDEX,0.37921142578125,0.2928188443183899,-0.002579034771770239,0.6958062052726746,CapturedFrames_-3.0_1.5_-2.0/video.mp4#frame=81
81,LEFT_THUMB,0.30859312415122986,0.27994096279144287,-0.03458140790462494,0.6701219081878662,CapturedFrames_-3.0_1.5_-2.0/video.mp4#frame=81
81,RIGHT_THUMB,0.3782636821269989,0.2879815399646759,-8.365852409042418e-05,0.6456178426742554,CapturedFrames_-3.0_1.5_-2.0/video.mp4#frame=81
81,LEFT_HIP,0.33470362424850464,0.2806902229785919,-0.04347892105579376,0.9997614026069641,CapturedFrames_-3.0_1.5_-2.0/video.mp4#frame=81
81,RIGHT_HIP,0.35284215211868286,0.27292004227638245,0.04334020987153053,0.9988522529602051,CapturedFrames_-3.0_1.5_-2.0/video.mp4#frame=81
81,LEFT_KNEE,0.34188729524612427,0.3654232323169708,-0.0020541688427329063,0.9831261038780212,CapturedFrames_-3.0_1.5_-2.0/video.mp4#frame=81
81,RIGHT_KNEE,0.3394306004047394,0.33777716755867004,0.08856377750635147,0.5894769430160522,CapturedFrames_-3.0_1.5_-2.0/video.mp4#frame=81
81,LEFT_ANKLE,0.3574415445327759,0.45422035455703735,0.050499819219112396,0.9548961520195007,CapturedFrames_-3.0_1.5_-2.0/video.mp4#frame=81
81,RIGHT_ANKLE,0.3455977439880371,0.41304731369018555,0.15742455422878265,0.6894680857658386,CapturedFrames_-3.0_1.5_-2.0/video.mp4#frame=81
81,LEFT_HEEL,0.36348432302474976,0.4694516360759735,0.05456800013780594,0.8857498168945312,CapturedFrames_-3.0_1.5_-2.0/video.mp4#frame=81
81,RIGHT_HEEL,0.3488527238368988,0.427785187959671,0.16382570564746857,0.7237313389778137,CapturedFrames_-3.0_1.5_-2.0/video.mp4#frame=81
81,LEFT_FOOT_INDEX,0.33848264813423157,0.46488216519355774,0.0284193754196167,0.8603604435920715,CapturedFrames_-3.0_1.5_-2.0/video.mp4#frame=81
81,RIGHT_FOOT_INDEX,0.32520899176597595,0.43859410285949707,0.15208815038204193,0.6463037729263306,CapturedFrames_-3.0_1.5_-2.0/video.mp4#frame=81
82,NOSE,0.314103901386261,0.09713052213191986,0.03325894847512245,0.9989797472953796,CapturedFrames_-3.0_1.5_-2.0/video.mp4#frame=82
82,LEFT_EYE_INNER,0.31401342153549194,0.08847804367542267,0.01729188673198223,0.998856782913208,CapturedFrames_-3.0_1.5_-2.0/video.mp4#frame=82
82,LEFT_EYE,0.3134569823741913,0.08869515359401703,0.01726960390806198,0.9989147186279297,CapturedFrames_-3.0_1.5_-2.0/video.mp4#frame=82
82,LEFT_EYE_OUTER,0.31289607286453247,0.08894325792789459,0.017233574762940407,0.9988129138946533,CapturedFrames_-3.0_1.5_-2.0/video.mp4#frame=82
82,RIGHT_EYE_INNER,0.3166187107563019,0.08784778416156769,0.024779684841632843,0.9987897276878357,CapturedFrames_-3.0_1.5_-2.0/video.mp4#frame=82
82,RIGHT_EYE,0.31795620918273926,0.0876350849866867,0.024797728285193443,0.9988887906074524,CapturedFrames_-3.0_1.5_-2.0/video.mp4#frame=82
82,RIGHT_EYE_OUTER,0.31930336356163025,0.08743992447853088,0.024758027866482735,0.9986427426338196,CapturedFrames_-3.0_1.5_-2.0/video.mp4#frame=82
82,LEFT_EAR,0.3147960603237152,0.09303433448076248,-0.03815746679902077,0.9987180233001709,CapturedFrames_-3.0_1.5_-2.0/video.mp4#frame=82
82,RIGHT_EAR,0.3243575990200043,0.09087609499692917,-0.004882411099970341,0.9981829524040222,CapturedFrames_-3.0_1.5_-2.0/video.mp4#frame=82
82,MOUTH_LEFT,0.31447842717170715,0.10589426755905151,0.015880824998021126,0.9985381364822388,CapturedFrames_-3.0_1.5_-2.0/video.mp4#frame=82
82,MOUTH_RIGHT,0.3175472319126129,0.10629019141197205,0.025403792038559914,0.9979827404022217,CapturedFrames_-3.0_1.5_-2.0/video.mp4#frame=82
82,LEFT_SHOULDER,0.30786222219467163,0.14934812486171722,-0.07752572000026703,0.9999094009399414,CapturedFrames_-3.0_1.5_-2.0/video.mp4#frame=82
82,RIGHT_SHOULDER,0.3521387279033661,0.15070220828056335,-0.0029514306224882603,0.9992697834968567,CapturedFrames_-3.0_1.5_-2.0/video.mp4#frame=82
82,LEFT_ELBOW,0.3031986951828003,0.21646571159362793,-0.06543081253767014,0.9863948822021484,CapturedFrames_-3.0_1.5_-2.0/video.mp4#frame=82
82,RIGHT_ELBOW,0.3679008185863495,0.21664053201675415,-0.006220105569809675,0.9645783305168152,CapturedFrames_-3.0_1.5_-2.0/video.mp4#frame=82
82,LEFT_WRIST,0.3014671802520752,0.2611907124519348,-0.02738083526492119,0.6718369722366333,CapturedFrames_-3.0_1.5_-2.0/video.mp4#frame=82
82,RIGHT_WRIST,0.37724044919013977,0.27591559290885925,-0.016469821333885193,0.8891832232475281,CapturedFrames_-3.0_1.5_-2.0/video.mp4#frame=82
82,LEFT_PINKY,0.30299365520477295,0.275460422039032,-0.027354639023542404,0.5243427157402039,CapturedFrames_-3.0_1.5_-2.0/video.mp4#frame=82
82,RIGHT_PINKY,0.3784125745296478,0.2922450602054596,-0.018236501142382622,0.8081469535827637,CapturedFrames_-3.0_1.5_-2.0/video.mp4#frame=82
82,LEFT_INDEX,0.30485737323760986,0.2732069492340088,-0.02979205921292305,0.5217821598052979,CapturedFrames_-3.0_1.5_-2.0/video.mp4#frame=82
82,RIGHT_INDEX,0.37633752822875977,0.2919953763484955,-0.020008539780974388,0.7849162817001343,CapturedFrames_-3.0_1.5_-2.0/video.mp4#frame=82
82,LEFT_THUMB,0.30559805035591125,0.2678130567073822,-0.02687142789363861,0.4960296154022217,CapturedFrames_-3.0_1.5_-2.0/video.mp4#frame=82
82,RIGHT_THUMB,0.37543410062789917,0.2866136431694031,-0.01813000626862049,0.7349393367767334,CapturedFrames_-3.0_1.5_-2.0/video.mp4#frame=82
82,LEFT_HIP,0.3314976692199707,0.27853861451148987,-0.04085710644721985,0.9998719692230225,CapturedFrames_-3.0_1.5_-2.0/video.mp4#frame=82
82,RIGHT_HIP,0.3487544059753418,0.2695797085762024,0.04072938114404678,0.9986686706542969,CapturedFrames_-3.0_1.5_-2.0/video.mp4#frame=82
82,LEFT_KNEE,0.3404228091239929,0.36336734890937805,0.000180270682903938,0.9865983724594116,CapturedFrames_-3.0_1.5_-2.0/video.mp4#frame=82
82,RIGHT_KNEE,0.3369557559490204,0.33126750588417053,0.1219324916601181,0.37376701831817627,CapturedFrames_-3.0_1.5_-2.0/video.mp4#frame=82
82,LEFT_ANKLE,0.3571200966835022,0.4498592019081116,0.04271344840526581,0.9630641937255859,CapturedFrames_-3.0_1.5_-2.0/video.mp4#frame=82
82,RIGHT_ANKLE,0.3398739993572235,0.40266481041908264,0.20704860985279083,0.5942708253860474,CapturedFrames_-3.0_1.5_-2.0/video.mp4#frame=82
82,LEFT_HEEL,0.363469660282135,0.46970370411872864,0.045861609280109406,0.9141338467597961,CapturedFrames_-3.0_1.5_-2.0/video.mp4#frame=82
82,RIGHT_HEEL,0.34287139773368835,0.41475123167037964,0.21530480682849884,0.6318243145942688,CapturedFrames_-3.0_1.5_-2.0/video.mp4#frame=82
82,LEFT_FOOT_INDEX,0.3396020233631134,0.4617336690425873,0.018410060554742813,0.9028576016426086,CapturedFrames_-3.0_1.5_-2.0/video.mp4#frame=82
82,RIGHT_FOOT_INDEX,0.32403144240379333,0.4044928550720215,0.20710542798042297,0.6304587125778198,CapturedFrames_-3.0_1.5_-2.0/video.mp4#frame=82
83,NOSE,0.31280505657196045,0.09697577357292175,0.033691875636577606,0.9992417097091675,CapturedFrames_-3.0_1.5_-2.0/video.mp4#frame=83
83,LEFT_EYE_INNER,0.31162670254707336,0.08913755416870117,0.017774755135178566,0.9991777539253235,CapturedFrames_-3.0_1.5_-2.0/video.mp4#frame=83
83,LEFT_EYE,0.3107527494430542,0.08941895514726639,0.017751798033714294,0.9992557168006897,CapturedFrames_-3.0_1.5_-2.0/video.mp4#frame=83
83,LEFT_EYE_OUTER,0.3098660111427307,0.08973225206136703,0.017715640366077423,0.9992071986198425,CapturedFrames_-3.0_1.5_-2.0/video.mp4#frame=83
83,RIGHT_EYE_INNER,0.31493809819221497,0.08845148980617523,0.023333614692091942,0.9990850687026978,CapturedFrames_-3.0_1.5_-2.0/video.mp4#frame=83
83,RIGHT_EYE,0.31645268201828003,0.08832286298274994,0.023370960727334023,0.9991782307624817,CapturedFrames_-3.0_1.5_-2.0/video.mp4#frame=83
83,RIGHT_EYE_OUTER,0.31797730922698975,0.08825178444385529,0.023350780829787254,0.9989551305770874,CapturedFrames_-3.0_1.5_-2.0/video.mp4#frame=83
83,LEFT_EAR,0.3104960322380066,0.09373866021633148,-0.03742815926671028,0.999247670173645,CapturedFrames_-3.0_1.5_-2.0/video.mp4#frame=83
83,RIGHT_EAR,0.3226476013660431,0.09183679521083832,-0.012115908786654472,0.9985320568084717,CapturedFrames_-3.0_1.5_-2.0/video.mp4#frame=83
83,MOUTH_LEFT,0.31229472160339355,0.10533805191516876,0.016664693132042885,0.9990243911743164,CapturedFrames_-3.0_1.5_-2.0/video.mp4#frame=83
83,MOUTH_RIGHT,0.31612691283226013,0.10586045682430267,0.023842087015509605,0.9984796643257141,CapturedFrames_-3.0_1.5_-2.0/video.mp4#frame=83
83,LEFT_SHOULDER,0.3029310703277588,0.1480696201324463,-0.07184750586748123,0.9999524354934692,CapturedFrames_-3.0_1.5_-2.0/video.mp4#frame=83
83,RIGHT_SHOULDER,0.3482182025909424,0.15223605930805206,-0.014240464195609093,0.9993877410888672,CapturedFrames_-3.0_1.5_-2.0/video.mp4#frame=83
83,LEFT_ELBOW,0.2962530851364136,0.21273131668567657,-0.04967380687594414,0.9917981624603271,CapturedFrames_-3.0_1.5_-2.0/video.mp4#frame=83
83,RIGHT_ELBOW,0.3638663589954376,0.2180156111717224,-0.015611422248184681,0.9724562764167786,CapturedFrames_-3.0_1.5_-2.0/video.mp4#frame=83
83,LEFT_WRIST,0.29709431529045105,0.2523706555366516,-0.0026171680074185133,0.7395126819610596,CapturedFrames_-3.0_1.5_-2.0/video.mp4#frame=83
83,RIGHT_WRIST,0.37393325567245483,0.2764715254306793,-0.024794621393084526,0.9451573491096497,CapturedFrames_-3.0_1.5_-2.0/video.mp4#frame=83
83,LEFT_PINKY,0.2976644039154053,0.2648661434650421,-0.000700840842910111,0.5760374069213867,CapturedFrames_-3.0_1.5_-2.0/video.mp4#frame=83
83,RIGHT_PINKY,0.3746269941329956,0.2924883961677551,-0.02824205718934536,0.8939739465713501,CapturedFrames_-3.0_1.5_-2.0/video.mp4#frame=83
83,LEFT_INDEX,0.29973694682121277,0.26192009449005127,-0.004052897449582815,0.5762167572975159,CapturedFrames_-3.0_1.5_-2.0/video.mp4#frame=83
83,RIGHT_INDEX,0.37221279740333557,0.2916097939014435,-0.030104374513030052,0.8796142935752869,CapturedFrames_-3.0_1.5_-2.0/video.mp4#frame=83
83,LEFT_THUMB,0.3010238707065582,0.256714403629303,-0.0021407478488981724,0.5475216507911682,CapturedFrames_-3.0_1.5_-2.0/video.mp4#frame=83
83,RIGHT_THUMB,0.3713359236717224,0.28716567158699036,-0.026374783366918564,0.8380914926528931,CapturedFrames_-3.0_1.5_-2.0/video.mp4#frame=83
83,LEFT_HIP,0.32730716466903687,0.27742353081703186,-0.03731669485569,0.9999310970306396,CapturedFrames_-3.0_1.5_-2.0/video.mp4#frame=83
83,RIGHT_HIP,0.3441111147403717,0.268973708152771,0.037233058363199234,0.9990580677986145,CapturedFrames_-3.0_1.5_-2.0/video.mp4#frame=83
83,LEFT_KNEE,0.3384004235267639,0.36341774463653564,0.001803459832444787,0.9931361675262451,CapturedFrames_-3.0_1.5_-2.0/video.mp4#frame=83
83,RIGHT_KNEE,0.33368510007858276,0.32877907156944275,0.11990400403738022,0.4872448444366455,CapturedFrames_-3.0_1.5_-2.0/video.mp4#frame=83
83,LEFT_ANKLE,0.35668110847473145,0.44813859462738037,0.04588082432746887,0.9809626340866089,CapturedFrames_-3.0_1.5_-2.0/video.mp4#frame=83
83,RIGHT_ANKLE,0.3291785717010498,0.4018098711967468,0.20781704783439636,0.7429720759391785,CapturedFrames_-3.0_1.5_-2.0/video.mp4#frame=83
83,LEFT_HEEL,0.3637637794017792,0.4647919535636902,0.0488409623503685,0.9182940721511841,CapturedFrames_-3.0_1.5_-2.0/video.mp4#frame=83
83,RIGHT_HEEL,0.33200886845588684,0.414567232131958,0.21620698273181915,0.6978551745414734,CapturedFrames_-3.0_1.5_-2.0/video.mp4#frame=83
83,LEFT_FOOT_INDEX,0.34014245867729187,0.46119290590286255,0.019968204200267792,0.9419571757316589,CapturedFrames_-3.0_1.5_-2.0/video.mp4#frame=83
83,RIGHT_FOOT_INDEX,0.3123549818992615,0.3988158702850342,0.20782947540283203,0.7832063436508179,CapturedFrames_-3.0_1.5_-2.0/video.mp4#frame=83
84,NOSE,0.30782416462898254,0.10080976784229279,0.046474896371364594,0.9990748167037964,CapturedFrames_-3.0_1.5_-2.0/video.mp4#frame=84
84,LEFT_EYE_INNER,0.3067035675048828,0.09268759936094284,0.030544092878699303,0.9991735816001892,CapturedFrames_-3.0_1.5_-2.0/video.mp4#frame=84
84,LEFT_EYE,0.30588048696517944,0.09292924404144287,0.030513882637023926,0.9992044568061829,CapturedFrames_-3.0_1.5_-2.0/video.mp4#frame=84
84,LEFT_EYE_OUTER,0.3050311803817749,0.09325668215751648,0.030468422919511795,0.9991543292999268,CapturedFrames_-3.0_1.5_-2.0/video.mp4#frame=84
84,RIGHT_EYE_INNER,0.3098558783531189,0.0920015424489975,0.035458676517009735,0.9990965127944946,CapturedFrames_-3.0_1.5_-2.0/video.mp4#frame=84
84,RIGHT_EYE,0.3113170266151428,0.09173516929149628,0.03548884764313698,0.9991401433944702,CapturedFrames_-3.0_1.5_-2.0/video.mp4#frame=84
84,RIGHT_EYE_OUTER,0.3129775822162628,0.09149149060249329,0.035462312400341034,0.9989263415336609,CapturedFrames_-3.0_1.5_-2.0/video.mp4#frame=84
84,LEFT_EAR,0.3055526614189148,0.09750977903604507,-0.024407822638750076,0.9992890357971191,CapturedFrames_-3.0_1.5_-2.0/video.mp4#frame=84
84,RIGHT_EAR,0.3181650638580322,0.09486397355794907,-0.0020929116290062666,0.9987072944641113,CapturedFrames_-3.0_1.5_-2.0/video.mp4#frame=84
84,MOUTH_LEFT,0.3075438439846039,0.10909156501293182,0.02960771881043911,0.99888676404953,CapturedFrames_-3.0_1.5_-2.0/video.mp4#frame=84
84,MOUTH_RIGHT,0.31127074360847473,0.10950721800327301,0.03597458824515343,0.998296320438385,CapturedFrames_-3.0_1.5_-2.0/video.mp4#frame=84
84,LEFT_SHOULDER,0.29820704460144043,0.15130282938480377,-0.059025026857852936,0.9999287128448486,CapturedFrames_-3.0_1.5_-2.0/video.mp4#frame=84
84,RIGHT_SHOULDER,0.34452128410339355,0.15475274622440338,-0.008020379580557346,0.9994983673095703,CapturedFrames_-3.0_1.5_-2.0/video.mp4#frame=84
84,LEFT_ELBOW,0.28891462087631226,0.21595703065395355,-0.03123002126812935,0.9892017841339111,CapturedFrames_-3.0_1.5_-2.0/video.mp4#frame=84
84,RIGHT_ELBOW,0.35837581753730774,0.21947339177131653,-0.011036897078156471,0.9815417528152466,CapturedFrames_-3.0_1.5_-2.0/video.mp4#frame=84
84,LEFT_WRIST,0.29302284121513367,0.24889728426933289,0.025646869093179703,0.6391424536705017,CapturedFrames_-3.0_1.5_-2.0/video.mp4#frame=84
84,RIGHT_WRIST,0.36969760060310364,0.27761757373809814,-0.016445979475975037,0.9333289861679077,CapturedFrames_-3.0_1.5_-2.0/video.mp4#frame=84
84,LEFT_PINKY,0.29349711537361145,0.2598520517349243,0.0301581509411335,0.4700264036655426,CapturedFrames_-3.0_1.5_-2.0/video.mp4#frame=84
84,RIGHT_PINKY,0.37109270691871643,0.29350554943084717,-0.017362285405397415,0.8590413331985474,CapturedFrames_-3.0_1.5_-2.0/video.mp4#frame=84
84,LEFT_INDEX,0.2960451543331146,0.2556307911872864,0.027306998148560524,0.47480252385139465,CapturedFrames_-3.0_1.5_-2.0/video.mp4#frame=84
84,RIGHT_INDEX,0.36902135610580444,0.292601078748703,-0.017652511596679688,0.8404483795166016,CapturedFrames_-3.0_1.5_-2.0/video.mp4#frame=84
84,LEFT_THUMB,0.2971420884132385,0.2510067820549011,0.026520173996686935,0.4574320614337921,CapturedFrames_-3.0_1.5_-2.0/video.mp4#frame=84
84,RIGHT_THUMB,0.3677804172039032,0.28780093789100647,-0.017173485830426216,0.7947055101394653,CapturedFrames_-3.0_1.5_-2.0/video.mp4#frame=84
84,LEFT_HIP,0.3228902220726013,0.2799725830554962,-0.034841138869524,0.9998722076416016,CapturedFrames_-3.0_1.5_-2.0/video.mp4#frame=84
84,RIGHT_HIP,0.3410882353782654,0.2707728445529938,0.03480659797787666,0.9984936714172363,CapturedFrames_-3.0_1.5_-2.0/video.mp4#frame=84
84,LEFT_KNEE,0.3368757665157318,0.36503472924232483,-0.005486021749675274,0.9918694496154785,CapturedFrames_-3.0_1.5_-2.0/video.mp4#frame=84
84,RIGHT_KNEE,0.3326757848262787,0.3368149399757385,0.1113605722784996,0.48801130056381226,CapturedFrames_-3.0_1.5_-2.0/video.mp4#frame=84
84,LEFT_ANKLE,0.35742834210395813,0.446015328168869,0.030660444870591164,0.9757317900657654,CapturedFrames_-3.0_1.5_-2.0/video.mp4#frame=84
84,RIGHT_ANKLE,0.3241634964942932,0.4004916846752167,0.19384469091892242,0.6931726932525635,CapturedFrames_-3.0_1.5_-2.0/video.mp4#frame=84
84,LEFT_HEEL,0.36300647258758545,0.46242013573646545,0.03304772451519966,0.9275497794151306,CapturedFrames_-3.0_1.5_-2.0/video.mp4#frame=84
84,RIGHT_HEEL,0.32417169213294983,0.41577285528182983,0.2018769532442093,0.6700747013092041,CapturedFrames_-3.0_1.5_-2.0/video.mp4#frame=84
84,LEFT_FOOT_INDEX,0.3419264554977417,0.460433691740036,0.008564804680645466,0.9250717759132385,CapturedFrames_-3.0_1.5_-2.0/video.mp4#frame=84
84,RIGHT_FOOT_INDEX,0.30948686599731445,0.39679378271102905,0.1969069540500641,0.70941162109375,CapturedFrames_-3.0_1.5_-2.0/video.mp4#frame=84
85,NOSE,0.3082424998283386,0.10433982312679291,0.03163131698966026,0.9994446635246277,CapturedFrames_-3.0_1.5_-2.0/video.mp4#frame=85
85,LEFT_EYE_INNER,0.3059457242488861,0.09682289510965347,0.016482850536704063,0.9994291663169861,CapturedFrames_-3.0_1.5_-2.0/video.mp4#frame=85
85,LEFT_EYE,0.304805725812912,0.09721989929676056,0.01645611971616745,0.9994569420814514,CapturedFrames_-3.0_1.5_-2.0/video.mp4#frame=85
85,LEFT_EYE_OUTER,0.303581565618515,0.09779877960681915,0.0164191797375679,0.9994704127311707,CapturedFrames_-3.0_1.5_-2.0/video.mp4#frame=85
85,RIGHT_EYE_INNER,0.3097476065158844,0.09583403170108795,0.01920606754720211,0.9993796348571777,CapturedFrames_-3.0_1.5_-2.0/video.mp4#frame=85
85,RIGHT_EYE,0.31124964356422424,0.0955197662115097,0.019239099696278572,0.9993743300437927,CapturedFrames_-3.0_1.5_-2.0/video.mp4#frame=85
85,RIGHT_EYE_OUTER,0.3128201365470886,0.09526494145393372,0.0192228015512228,0.9992371797561646,CapturedFrames_-3.0_1.5_-2.0/video.mp4#frame=85
85,LEFT_EAR,0.30300018191337585,0.10313716530799866,-0.034328803420066833,0.9994872808456421,CapturedFrames_-3.0_1.5_-2.0/video.mp4#frame=85
85,RIGHT_EAR,0.3163519501686096,0.09871259331703186,-0.02137618511915207,0.998863697052002,CapturedFrames_-3.0_1.5_-2.0/video.mp4#frame=85
85,MOUTH_LEFT,0.3074689507484436,0.11273963004350662,0.01657569780945778,0.9993315935134888,CapturedFrames_-3.0_1.5_-2.0/video.mp4#frame=85
85,MOUTH_RIGHT,0.3116123378276825,0.11193408071994781,0.020145442336797714,0.9988638162612915,CapturedFrames_-3.0_1.5_-2.0/video.mp4#frame=85
85,LEFT_SHOULDER,0.29359662532806396,0.15537455677986145,-0.05925222113728523,0.9999567270278931,CapturedFrames_-3.0_1.5_-2.0/video.mp4#frame=85
85,RIGHT_SHOULDER,0.3387525677680969,0.15363484621047974,-0.027329986914992332,0.9994238615036011,CapturedFrames_-3.0_1.5_-2.0/video.mp4#frame=85
85,LEFT_ELBOW,0.2835996448993683,0.21503393352031708,-0.02428082749247551,0.9919483661651611,CapturedFrames_-3.0_1.5_-2.0/video.mp4#frame=85
85,RIGHT_ELBOW,0.35324060916900635,0.21811985969543457,-0.02514014206826687,0.9780083298683167,CapturedFrames_-3.0_1.5_-2.0/video.mp4#frame=85
85,LEFT_WRIST,0.28877535462379456,0.24544523656368256,0.030401114374399185,0.7649698853492737,CapturedFrames_-3.0_1.5_-2.0/video.mp4#frame=85
85,RIGHT_WRIST,0.36454781889915466,0.27540653944015503,-0.02477499470114708,0.9563428163528442,CapturedFrames_-3.0_1.5_-2.0/video.mp4#frame=85
85,LEFT_PINKY,0.2899717688560486,0.2569933831691742,0.034771859645843506,0.5953340530395508,CapturedFrames_-3.0_1.5_-2.0/video.mp4#frame=85
85,RIGHT_PINKY,0.3666997253894806,0.2901340126991272,-0.026942670345306396,0.9098395705223083,CapturedFrames_-3.0_1.5_-2.0/video.mp4#frame=85
85,LEFT_INDEX,0.29208633303642273,0.254011869430542,0.03103814460337162,0.5975729823112488,CapturedFrames_-3.0_1.5_-2.0/video.mp4#frame=85
85,RIGHT_INDEX,0.3641810417175293,0.29091206192970276,-0.028177540749311447,0.898554265499115,CapturedFrames_-3.0_1.5_-2.0/video.mp4#frame=85
85,LEFT_THUMB,0.29311007261276245,0.24926131963729858,0.03085273876786232,0.5621391534805298,CapturedFrames_-3.0_1.5_-2.0/video.mp4#frame=85
85,RIGHT_THUMB,0.3628639578819275,0.285880446434021,-0.02547709085047245,0.8513709306716919,CapturedFrames_-3.0_1.5_-2.0/video.mp4#frame=85
85,LEFT_HIP,0.320424348115921,0.2809998095035553,-0.028237763792276382,0.9999475479125977,CapturedFrames_-3.0_1.5_-2.0/video.mp4#frame=85
85,RIGHT_HIP,0.338167667388916,0.26963162422180176,0.0281742662191391,0.9991416931152344,CapturedFrames_-3.0_1.5_-2.0/video.mp4#frame=85
85,LEFT_KNEE,0.33577194809913635,0.3623896837234497,0.012610199861228466,0.9889000654220581,CapturedFrames_-3.0_1.5_-2.0/video.mp4#frame=85
85,RIGHT_KNEE,0.32927918434143066,0.33490830659866333,0.12534357607364655,0.43828853964805603,CapturedFrames_-3.0_1.5_-2.0/video.mp4#frame=85
85,LEFT_ANKLE,0.35536879301071167,0.4425431489944458,0.0590631365776062,0.9716774225234985,CapturedFrames_-3.0_1.5_-2.0/video.mp4#frame=85
85,RIGHT_ANKLE,0.32237324118614197,0.3989451825618744,0.22640106081962585,0.6646252870559692,CapturedFrames_-3.0_1.5_-2.0/video.mp4#frame=85
85,LEFT_HEEL,0.36256852746009827,0.4600500464439392,0.06260301172733307,0.8741089105606079,CapturedFrames_-3.0_1.5_-2.0/video.mp4#frame=85
85,RIGHT_HEEL,0.32202526926994324,0.4143791198730469,0.2366492748260498,0.6076360940933228,CapturedFrames_-3.0_1.5_-2.0/video.mp4#frame=85
85,LEFT_FOOT_INDEX,0.3413045406341553,0.459685742855072,0.034698452800512314,0.9256638884544373,CapturedFrames_-3.0_1.5_-2.0/video.mp4#frame=85
85,RIGHT_FOOT_INDEX,0.3093641698360443,0.39896103739738464,0.23037445545196533,0.7414087653160095,CapturedFrames_-3.0_1.5_-2.0/video.mp4#frame=85
86,NOSE,0.30477243661880493,0.1075403243303299,0.034964270889759064,0.9990931749343872,CapturedFrames_-3.0_1.5_-2.0/video.mp4#frame=86
86,LEFT_EYE_INNER,0.30234646797180176,0.09981642663478851,0.01944883167743683,0.9990695118904114,CapturedFrames_-3.0_1.5_-2.0/video.mp4#frame=86
86,LEFT_EYE,0.3011205792427063,0.10010664165019989,0.01942216046154499,0.9991576671600342,CapturedFrames_-3.0_1.5_-2.0/video.mp4#frame=86
86,LEFT_EYE_OUTER,0.29994991421699524,0.10052517056465149,0.019382966682314873,0.999125063419342,CapturedFrames_-3.0_1.5_-2.0/video.mp4#frame=86
86,RIGHT_EYE_INNER,0.3061842620372772,0.09914720058441162,0.023064445704221725,0.9990498423576355,CapturedFrames_-3.0_1.5_-2.0/video.mp4#frame=86
86,RIGHT_EYE,0.30769872665405273,0.098899707198143,0.023099979385733604,0.9990907907485962,CapturedFrames_-3.0_1.5_-2.0/video.mp4#frame=86
86,RIGHT_EYE_OUTER,0.309245228767395,0.09875503182411194,0.02308402955532074,0.9988387227058411,CapturedFrames_-3.0_1.5_-2.0/video.mp4#frame=86
86,LEFT_EAR,0.2994091212749481,0.10503076016902924,-0.03325662761926651,0.9992214441299438,CapturedFrames_-3.0_1.5_-2.0/video.mp4#frame=86
86,RIGHT_EAR,0.312582403421402,0.10180549323558807,-0.016002563759684563,0.9982118606567383,CapturedFrames_-3.0_1.5_-2.0/video.mp4#frame=86
86,MOUTH_LEFT,0.30379432439804077,0.11617322266101837,0.01914004608988762,0.99864262342453,CapturedFrames_-3.0_1.5_-2.0/video.mp4#frame=86
86,MOUTH_RIGHT,0.3079185485839844,0.11571632325649261,0.023925580084323883,0.997763991355896,CapturedFrames_-3.0_1.5_-2.0/video.mp4#frame=86
86,LEFT_SHOULDER,0.2913396656513214,0.1569852977991104,-0.06292454898357391,0.9999171495437622,CapturedFrames_-3.0_1.5_-2.0/video.mp4#frame=86
86,RIGHT_SHOULDER,0.336071252822876,0.15996141731739044,-0.021415401250123978,0.999127209186554,CapturedFrames_-3.0_1.5_-2.0/video.mp4#frame=86
86,LEFT_ELBOW,0.2797814905643463,0.21570438146591187,-0.028564181178808212,0.9930078983306885,CapturedFrames_-3.0_1.5_-2.0/video.mp4#frame=86
86,RIGHT_ELBOW,0.3494494557380676,0.22276756167411804,-0.02044219896197319,0.9784030914306641,CapturedFrames_-3.0_1.5_-2.0/video.mp4#frame=86
86,LEFT_WRIST,0.2846006751060486,0.2460269033908844,0.03170298784971237,0.6928070783615112,CapturedFrames_-3.0_1.5_-2.0/video.mp4#frame=86
86,RIGHT_WRIST,0.3605061173439026,0.28005003929138184,-0.022377708926796913,0.9432719349861145,CapturedFrames_-3.0_1.5_-2.0/video.mp4#frame=86
86,LEFT_PINKY,0.2858974039554596,0.2579618990421295,0.03685557097196579,0.5029147267341614,CapturedFrames_-3.0_1.5_-2.0/video.mp4#frame=86
86,RIGHT_PINKY,0.3627847731113434,0.29424557089805603,-0.024404020980000496,0.8820325136184692,CapturedFrames_-3.0_1.5_-2.0/video.mp4#frame=86
86,LEFT_INDEX,0.2879101634025574,0.2553524971008301,0.03351909667253494,0.5079131722450256,CapturedFrames_-3.0_1.5_-2.0/video.mp4#frame=86
86,RIGHT_INDEX,0.3605967164039612,0.29530075192451477,-0.025650840252637863,0.8680057525634766,CapturedFrames_-3.0_1.5_-2.0/video.mp4#frame=86
86,LEFT_THUMB,0.2889326810836792,0.25031691789627075,0.03240752965211868,0.48539242148399353,CapturedFrames_-3.0_1.5_-2.0/video.mp4#frame=86
86,RIGHT_THUMB,0.3592675030231476,0.2905130684375763,-0.023292070254683495,0.8152775764465332,CapturedFrames_-3.0_1.5_-2.0/video.mp4#frame=86
86,LEFT_HIP,0.31687384843826294,0.2831331789493561,-0.03212472051382065,0.9999161958694458,CapturedFrames_-3.0_1.5_-2.0/video.mp4#frame=86
86,RIGHT_HIP,0.33215051889419556,0.2754819095134735,0.03205966576933861,0.9988162517547607,CapturedFrames_-3.0_1.5_-2.0/video.mp4#frame=86
86,LEFT_KNEE,0.33312278985977173,0.3681071102619171,0.0031693335622549057,0.9917802214622498,CapturedFrames_-3.0_1.5_-2.0/video.mp4#frame=86
86,RIGHT_KNEE,0.3238256573677063,0.3421052396297455,0.12201377004384995,0.5389879941940308,CapturedFrames_-3.0_1.5_-2.0/video.mp4#frame=86
86,LEFT_ANKLE,0.355461448431015,0.4406737983226776,0.04480191692709923,0.9794425368309021,CapturedFrames_-3.0_1.5_-2.0/video.mp4#frame=86
86,RIGHT_ANKLE,0.31876009702682495,0.40106070041656494,0.21431127190589905,0.7680128216743469,CapturedFrames_-3.0_1.5_-2.0/video.mp4#frame=86
86,LEFT_HEEL,0.3629741966724396,0.45814162492752075,0.047700878232717514,0.9080661535263062,CapturedFrames_-3.0_1.5_-2.0/video.mp4#frame=86
86,RIGHT_HEEL,0.32075998187065125,0.41641324758529663,0.22333665192127228,0.7059261202812195,CapturedFrames_-3.0_1.5_-2.0/video.mp4#frame=86
86,LEFT_FOOT_INDEX,0.34068405628204346,0.46074122190475464,0.019089745357632637,0.9387403130531311,CapturedFrames_-3.0_1.5_-2.0/video.mp4#frame=86
86,RIGHT_FOOT_INDEX,0.3048213720321655,0.40416333079338074,0.21572443842887878,0.8001792430877686,CapturedFrames_-3.0_1.5_-2.0/video.mp4#frame=86
87,NOSE,0.3006536066532135,0.11146218329668045,0.0341365709900856,0.9989705085754395,CapturedFrames_-3.0_1.5_-2.0/video.mp4#frame=87
87,LEFT_EYE_INNER,0.29856014251708984,0.10359203815460205,0.01878499425947666,0.998957633972168,CapturedFrames_-3.0_1.5_-2.0/video.mp4#frame=87
87,LEFT_EYE,0.2974505126476288,0.10379211604595184,0.018764741718769073,0.9990567564964294,CapturedFrames_-3.0_1.5_-2.0/video.mp4#frame=87
87,LEFT_EYE_OUTER,0.296387255191803,0.10410432517528534,0.018732387572526932,0.9990377426147461,CapturedFrames_-3.0_1.5_-2.0/video.mp4#frame=87
87,RIGHT_EYE_INNER,0.30237647891044617,0.10291880369186401,0.022366028279066086,0.9988147020339966,CapturedFrames_-3.0_1.5_-2.0/video.mp4#frame=87
87,RIGHT_EYE,0.3038981854915619,0.10260692983865738,0.022404467687010765,0.998808741569519,CapturedFrames_-3.0_1.5_-2.0/video.mp4#frame=87
87,RIGHT_EYE_OUTER,0.3055102229118347,0.10234607756137848,0.02239086851477623,0.9984993934631348,CapturedFrames_-3.0_1.5_-2.0/video.mp4#frame=87
87,LEFT_EAR,0.2960442006587982,0.10822197794914246,-0.03461119160056114,0.9990711212158203,CapturedFrames_-3.0_1.5_-2.0/video.mp4#frame=87
87,RIGHT_EAR,0.3090910017490387,0.10545027256011963,-0.017163090407848358,0.9975368976593018,CapturedFrames_-3.0_1.5_-2.0/video.mp4#frame=87
87,MOUTH_LEFT,0.29980090260505676,0.11978884041309357,0.01791238784790039,0.9988383650779724,CapturedFrames_-3.0_1.5_-2.0/video.mp4#frame=87
87,MOUTH_RIGHT,0.30374985933303833,0.11968544125556946,0.022727562114596367,0.997916042804718,CapturedFrames_-3.0_1.5_-2.0/video.mp4#frame=87
87,LEFT_SHOULDER,0.2877131998538971,0.15885312855243683,-0.06852041184902191,0.9999477863311768,CapturedFrames_-3.0_1.5_-2.0/video.mp4#frame=87
87,RIGHT_SHOULDER,0.33183830976486206,0.16211089491844177,-0.018800221383571625,0.9990453124046326,CapturedFrames_-3.0_1.5_-2.0/video.mp4#frame=87
87,LEFT_ELBOW,0.2791941463947296,0.21818940341472626,-0.04774777218699455,0.9936966300010681,CapturedFrames_-3.0_1.5_-2.0/video.mp4#frame=87
87,RIGHT_ELBOW,0.34442025423049927,0.2230633795261383,-0.021583030000329018,0.9747872948646545,CapturedFrames_-3.0_1.5_-2.0/video.mp4#frame=87
87,LEFT_WRIST,0.2807905972003937,0.2514636516571045,-0.007833031937479973,0.8316781520843506,CapturedFrames_-3.0_1.5_-2.0/video.mp4#frame=87
87,RIGHT_WRIST,0.3571288585662842,0.2808223068714142,-0.029693936929106712,0.9424165487289429,CapturedFrames_-3.0_1.5_-2.0/video.mp4#frame=87
87,LEFT_PINKY,0.2815580368041992,0.2631848156452179,-0.007165092043578625,0.6837540864944458,CapturedFrames_-3.0_1.5_-2.0/video.mp4#frame=87
87,RIGHT_PINKY,0.35901346802711487,0.2945947051048279,-0.0327211357653141,0.8852924704551697,CapturedFrames_-3.0_1.5_-2.0/video.mp4#frame=87
87,LEFT_INDEX,0.28324562311172485,0.25995934009552,-0.009663492441177368,0.6887171268463135,CapturedFrames_-3.0_1.5_-2.0/video.mp4#frame=87
87,RIGHT_INDEX,0.3557030260562897,0.2942311763763428,-0.03514665737748146,0.8699389100074768,CapturedFrames_-3.0_1.5_-2.0/video.mp4#frame=87
87,LEFT_THUMB,0.28452861309051514,0.2546684741973877,-0.007469486445188522,0.6485820412635803,CapturedFrames_-3.0_1.5_-2.0/video.mp4#frame=87
87,RIGHT_THUMB,0.35449615120887756,0.29044392704963684,-0.031169259920716286,0.816912829875946,CapturedFrames_-3.0_1.5_-2.0/video.mp4#frame=87
87,LEFT_HIP,0.31328755617141724,0.281813383102417,-0.03668740391731262,0.999919056892395,CapturedFrames_-3.0_1.5_-2.0/video.mp4#frame=87
87,RIGHT_HIP,0.3271724283695221,0.2747659385204315,0.036610957235097885,0.9989456534385681,CapturedFrames_-3.0_1.5_-2.0/video.mp4#frame=87
87,LEFT_KNEE,0.327879399061203,0.3566582202911377,-0.0054130214266479015,0.9959165453910828,CapturedFrames_-3.0_1.5_-2.0/video.mp4#frame=87
87,RIGHT_KNEE,0.3186158537864685,0.33551713824272156,0.1257799118757248,0.5951656699180603,CapturedFrames_-3.0_1.5_-2.0/video.mp4#frame=87
87,LEFT_ANKLE,0.35238543152809143,0.43804097175598145,0.035153910517692566,0.9902815818786621,CapturedFrames_-3.0_1.5_-2.0/video.mp4#frame=87
87,RIGHT_ANKLE,0.31579431891441345,0.40650731325149536,0.21799392998218536,0.8225722908973694,CapturedFrames_-3.0_1.5_-2.0/video.mp4#frame=87
87,LEFT_HEEL,0.36102598905563354,0.4522615969181061,0.03807031363248825,0.9542882442474365,CapturedFrames_-3.0_1.5_-2.0/video.mp4#frame=87
87,RIGHT_HEEL,0.31919676065444946,0.4192899167537689,0.2266691029071808,0.7678468823432922,CapturedFrames_-3.0_1.5_-2.0/video.mp4#frame=87
87,LEFT_FOOT_INDEX,0.3393853008747101,0.46387895941734314,0.006041240878403187,0.9697679281234741,CapturedFrames_-3.0_1.5_-2.0/video.mp4#frame=87
87,RIGHT_FOOT_INDEX,0.30110302567481995,0.41419824957847595,0.21531519293785095,0.8424196839332581,CapturedFrames_-3.0_1.5_-2.0/video.mp4#frame=87
88,NOSE,0.29579004645347595,0.11256106942892075,0.034416161477565765,0.9994932413101196,CapturedFrames_-3.0_1.5_-2.0/video.mp4#frame=88
88,LEFT_EYE_INNER,0.2945029139518738,0.10440730303525925,0.01955675706267357,0.9994727969169617,CapturedFrames_-3.0_1.5_-2.0/video.mp4#frame=88
88,LEFT_EYE,0.2935967743396759,0.10451684892177582,0.019546128809452057,0.999498724937439,CapturedFrames_-3.0_1.5_-2.0/video.mp4#frame=88
88,LEFT_EYE_OUTER,0.29263952374458313,0.1048116683959961,0.019530942663550377,0.9994578957557678,CapturedFrames_-3.0_1.5_-2.0/video.mp4#frame=88
88,RIGHT_EYE_INNER,0.29777318239212036,0.10378706455230713,0.026116687804460526,0.9993833303451538,CapturedFrames_-3.0_1.5_-2.0/video.mp4#frame=88
88,RIGHT_EYE,0.29922544956207275,0.10339286923408508,0.026137700304389,0.9993829727172852,CapturedFrames_-3.0_1.5_-2.0/video.mp4#frame=88
88,RIGHT_EYE_OUTER,0.30076274275779724,0.10310472548007965,0.026130562648177147,0.9992501139640808,CapturedFrames_-3.0_1.5_-2.0/video.mp4#frame=88
88,LEFT_EAR,0.29268962144851685,0.10887821018695831,-0.03322432190179825,0.9994195699691772,CapturedFrames_-3.0_1.5_-2.0/video.mp4#frame=88
88,RIGHT_EAR,0.3044757544994354,0.10577048361301422,-0.002846041228622198,0.9988534450531006,CapturedFrames_-3.0_1.5_-2.0/video.mp4#frame=88
88,MOUTH_LEFT,0.2951802611351013,0.12006032466888428,0.017802102491259575,0.9992716908454895,CapturedFrames_-3.0_1.5_-2.0/video.mp4#frame=88
88,MOUTH_RIGHT,0.29863977432250977,0.12008923292160034,0.026435500010848045,0.9989180564880371,CapturedFrames_-3.0_1.5_-2.0/video.mp4#frame=88
88,LEFT_SHOULDER,0.2847479581832886,0.15596601366996765,-0.07736776024103165,0.999974250793457,CapturedFrames_-3.0_1.5_-2.0/video.mp4#frame=88
88,RIGHT_SHOULDER,0.32744160294532776,0.16248410940170288,0.006019660271704197,0.9995589852333069,CapturedFrames_-3.0_1.5_-2.0/video.mp4#frame=88
88,LEFT_ELBOW,0.27662375569343567,0.21923616528511047,-0.07541386783123016,0.996473491191864,CapturedFrames_-3.0_1.5_-2.0/video.mp4#frame=88
88,RIGHT_ELBOW,0.3399045467376709,0.2215094417333603,0.003040430834516883,0.9660546183586121,CapturedFrames_-3.0_1.5_-2.0/video.mp4#frame=88
88,LEFT_WRIST,0.2762294411659241,0.2548040449619293,-0.051991987973451614,0.9460709691047668,CapturedFrames_-3.0_1.5_-2.0/video.mp4#frame=88
88,RIGHT_WRIST,0.3518807291984558,0.2810891270637512,-0.011087516322731972,0.9452471137046814,CapturedFrames_-3.0_1.5_-2.0/video.mp4#frame=88
88,LEFT_PINKY,0.27703550457954407,0.26855745911598206,-0.05641554668545723,0.8816308379173279,CapturedFrames_-3.0_1.5_-2.0/video.mp4#frame=88
88,RIGHT_PINKY,0.353598952293396,0.2951281666755676,-0.011384069919586182,0.906986653804779,CapturedFrames_-3.0_1.5_-2.0/video.mp4#frame=88
88,LEFT_INDEX,0.27849000692367554,0.26634055376052856,-0.05539379641413689,0.8843655586242676,CapturedFrames_-3.0_1.5_-2.0/video.mp4#frame=88
88,RIGHT_INDEX,0.3504854142665863,0.29503247141838074,-0.017082715407013893,0.8970298767089844,CapturedFrames_-3.0_1.5_-2.0/video.mp4#frame=88
88,LEFT_THUMB,0.27929145097732544,0.2607061266899109,-0.05043511837720871,0.856289803981781,CapturedFrames_-3.0_1.5_-2.0/video.mp4#frame=88
88,RIGHT_THUMB,0.34921014308929443,0.29076361656188965,-0.013630559667944908,0.8587455749511719,CapturedFrames_-3.0_1.5_-2.0/video.mp4#frame=88
88,LEFT_HIP,0.30822208523750305,0.282588392496109,-0.04580884799361229,0.9999109506607056,CapturedFrames_-3.0_1.5_-2.0/video.mp4#frame=88
88,RIGHT_HIP,0.32397767901420593,0.2745697498321533,0.04569098725914955,0.9993425011634827,CapturedFrames_-3.0_1.5_-2.0/video.mp4#frame=88
88,LEFT_KNEE,0.3197128474712372,0.3641360104084015,-0.022637924179434776,0.9938708543777466,CapturedFrames_-3.0_1.5_-2.0/video.mp4#frame=88
88,RIGHT_KNEE,0.31523460149765015,0.34178903698921204,0.11302228271961212,0.5431399345397949,CapturedFrames_-3.0_1.5_-2.0/video.mp4#frame=88
88,LEFT_ANKLE,0.34869879484176636,0.43367037177085876,-0.01643187552690506,0.9914311766624451,CapturedFrames_-3.0_1.5_-2.0/video.mp4#frame=88
88,RIGHT_ANKLE,0.3167269229888916,0.4086977541446686,0.15586620569229126,0.8100423812866211,CapturedFrames_-3.0_1.5_-2.0/video.mp4#frame=88
88,LEFT_HEEL,0.35880371928215027,0.4423133432865143,-0.016404060646891594,0.9809742569923401,CapturedFrames_-3.0_1.5_-2.0/video.mp4#frame=88
88,RIGHT_HEEL,0.31925755739212036,0.42270752787590027,0.15951749682426453,0.8048537969589233,CapturedFrames_-3.0_1.5_-2.0/video.mp4#frame=88
88,LEFT_FOOT_INDEX,0.3405868113040924,0.4659962058067322,-0.04163655638694763,0.9784019589424133,CapturedFrames_-3.0_1.5_-2.0/video.mp4#frame=88
88,RIGHT_FOOT_INDEX,0.3010345697402954,0.41755422949790955,0.1491415947675705,0.8310521245002747,CapturedFrames_-3.0_1.5_-2.0/video.mp4#frame=88
89,NOSE,0.2934732437133789,0.1123243123292923,0.035654839128255844,0.9996863603591919,CapturedFrames_-3.0_1.5_-2.0/video.mp4#frame=89
89,LEFT_EYE_INNER,0.2918129563331604,0.1041751354932785,0.02136736363172531,0.9996351003646851,CapturedFrames_-3.0_1.5_-2.0/video.mp4#frame=89
89,LEFT_EYE,0.2907363176345825,0.10426126420497894,0.02136821299791336,0.9996553659439087,CapturedFrames_-3.0_1.5_-2.0/video.mp4#frame=89
89,LEFT_EYE_OUTER,0.28965461254119873,0.10452421754598618,0.02135501615703106,0.999626874923706,CapturedFrames_-3.0_1.5_-2.0/video.mp4#frame=89
89,RIGHT_EYE_INNER,0.29575854539871216,0.1037292405962944,0.025953959673643112,0.999556839466095,CapturedFrames_-3.0_1.5_-2.0/video.mp4#frame=89
89,RIGHT_EYE,0.29732173681259155,0.10344104468822479,0.025975743308663368,0.9995409250259399,CapturedFrames_-3.0_1.5_-2.0/video.mp4#frame=89
89,RIGHT_EYE_OUTER,0.29896679520606995,0.1032334715127945,0.025974411517381668,0.9994640946388245,CapturedFrames_-3.0_1.5_-2.0/video.mp4#frame=89
89,LEFT_EAR,0.28927475214004517,0.1084710955619812,-0.030760277062654495,0.9995848536491394,CapturedFrames_-3.0_1.5_-2.0/video.mp4#frame=89
89,RIGHT_EAR,0.3024427592754364,0.10616763681173325,-0.009420448914170265,0.9993120431900024,CapturedFrames_-3.0_1.5_-2.0/video.mp4#frame=89
89,MOUTH_LEFT,0.2923417091369629,0.11959876120090485,0.019392047077417374,0.9994279742240906,CapturedFrames_-3.0_1.5_-2.0/video.mp4#frame=89
89,MOUTH_RIGHT,0.2964323163032532,0.11987694352865219,0.02545800432562828,0.9992227554321289,CapturedFrames_-3.0_1.5_-2.0/video.mp4#frame=89
89,LEFT_SHOULDER,0.28043895959854126,0.15481583774089813,-0.0704093873500824,0.9999723434448242,CapturedFrames_-3.0_1.5_-2.0/video.mp4#frame=89
89,RIGHT_SHOULDER,0.32354292273521423,0.16079339385032654,-0.003519204678013921,0.9997997879981995,CapturedFrames_-3.0_1.5_-2.0/video.mp4#frame=89
89,LEFT_ELBOW,0.2744450867176056,0.21826936304569244,-0.06940710544586182,0.9893536567687988,CapturedFrames_-3.0_1.5_-2.0/video.mp4#frame=89
89,RIGHT_ELBOW,0.33484360575675964,0.22190774977207184,-0.004606804810464382,0.9680057168006897,CapturedFrames_-3.0_1.5_-2.0/video.mp4#frame=89
89,LEFT_WRIST,0.2725818455219269,0.2626292407512665,-0.04624113067984581,0.8861812949180603,CapturedFrames_-3.0_1.5_-2.0/video.mp4#frame=89
89,RIGHT_WRIST,0.3471657335758209,0.28012195229530334,-0.012024953030049801,0.924902617931366,CapturedFrames_-3.0_1.5_-2.0/video.mp4#frame=89
89,LEFT_PINKY,0.27189815044403076,0.2775459289550781,-0.04886066913604736,0.8075907826423645,CapturedFrames_-3.0_1.5_-2.0/video.mp4#frame=89
89,RIGHT_PINKY,0.34931591153144836,0.2948892414569855,-0.010216767899692059,0.8847187161445618,CapturedFrames_-3.0_1.5_-2.0/video.mp4#frame=89
89,LEFT_INDEX,0.27418792247772217,0.2770044207572937,-0.046625521034002304,0.8098483681678772,CapturedFrames_-3.0_1.5_-2.0/video.mp4#frame=89
89,RIGHT_INDEX,0.34556490182876587,0.29468056559562683,-0.014228621497750282,0.8707104921340942,CapturedFrames_-3.0_1.5_-2.0/video.mp4#frame=89
89,LEFT_THUMB,0.27582553029060364,0.2710231840610504,-0.04408743977546692,0.7696172595024109,CapturedFrames_-3.0_1.5_-2.0/video.mp4#frame=89
89,RIGHT_THUMB,0.34396257996559143,0.2899341881275177,-0.013325708918273449,0.8206242322921753,CapturedFrames_-3.0_1.5_-2.0/video.mp4#frame=89
89,LEFT_HIP,0.30377861857414246,0.28361913561820984,-0.042846910655498505,0.9999375343322754,CapturedFrames_-3.0_1.5_-2.0/video.mp4#frame=89
89,RIGHT_HIP,0.32183754444122314,0.275911808013916,0.042689092457294464,0.9997578263282776,CapturedFrames_-3.0_1.5_-2.0/video.mp4#frame=89
89,LEFT_KNEE,0.30872341990470886,0.36100059747695923,-0.004614773206412792,0.991184413433075,CapturedFrames_-3.0_1.5_-2.0/video.mp4#frame=89
89,RIGHT_KNEE,0.31032270193099976,0.3492494225502014,0.1173931211233139,0.4426886737346649,CapturedFrames_-3.0_1.5_-2.0/video.mp4#frame=89
89,LEFT_ANKLE,0.34100648760795593,0.424155592918396,-0.02569071389734745,0.9914630055427551,CapturedFrames_-3.0_1.5_-2.0/video.mp4#frame=89
89,RIGHT_ANKLE,0.3202434182167053,0.4149817228317261,0.12401626259088516,0.8159693479537964,CapturedFrames_-3.0_1.5_-2.0/video.mp4#frame=89
89,LEFT_HEEL,0.35162732005119324,0.4257452189922333,-0.02697030082345009,0.9917391538619995,CapturedFrames_-3.0_1.5_-2.0/video.mp4#frame=89
89,RIGHT_HEEL,0.321010559797287,0.4226684272289276,0.12431005388498306,0.8620083332061768,CapturedFrames_-3.0_1.5_-2.0/video.mp4#frame=89
89,LEFT_FOOT_INDEX,0.3413792550563812,0.461068332195282,-0.03646954894065857,0.9819316864013672,CapturedFrames_-3.0_1.5_-2.0/video.mp4#frame=89
89,RIGHT_FOOT_INDEX,0.3103731572628021,0.4223647117614746,0.11866746842861176,0.818039059638977,CapturedFrames_-3.0_1.5_-2.0/video.mp4#frame=89
90,NOSE,0.2909204363822937,0.11035455763339996,0.031485769897699356,0.9998001456260681,CapturedFrames_-3.0_1.5_-2.0/video.mp4#frame=90
90,LEFT_EYE_INNER,0.2886815369129181,0.1028050035238266,0.01755520887672901,0.999733030796051,CapturedFrames_-3.0_1.5_-2.0/video.mp4#frame=90
90,LEFT_EYE,0.28732064366340637,0.10312750935554504,0.017563141882419586,0.999756395816803,CapturedFrames_-3.0_1.5_-2.0/video.mp4#frame=90
90,LEFT_EYE_OUTER,0.28595659136772156,0.10352882742881775,0.01756398007273674,0.9997339844703674,CapturedFrames_-3.0_1.5_-2.0/video.mp4#frame=90
90,RIGHT_EYE_INNER,0.2928919494152069,0.10220912098884583,0.02136044204235077,0.9996602535247803,CapturedFrames_-3.0_1.5_-2.0/video.mp4#frame=90
90,RIGHT_EYE,0.29446688294410706,0.10208497941493988,0.021380160003900528,0.9996637105941772,CapturedFrames_-3.0_1.5_-2.0/video.mp4#frame=90
90,RIGHT_EYE_OUTER,0.29598701000213623,0.10199637711048126,0.021382594481110573,0.9996154308319092,CapturedFrames_-3.0_1.5_-2.0/video.mp4#frame=90
90,LEFT_EAR,0.28489142656326294,0.10804957151412964,-0.03383427485823631,0.999671459197998,CapturedFrames_-3.0_1.5_-2.0/video.mp4#frame=90
90,RIGHT_EAR,0.2992386221885681,0.10552908480167389,-0.016352105885744095,0.9994841814041138,CapturedFrames_-3.0_1.5_-2.0/video.mp4#frame=90
90,MOUTH_LEFT,0.28954464197158813,0.11897564679384232,0.015310652554035187,0.9995490908622742,CapturedFrames_-3.0_1.5_-2.0/video.mp4#frame=90
90,MOUTH_RIGHT,0.2940025329589844,0.11903941631317139,0.020319387316703796,0.999423623085022,CapturedFrames_-3.0_1.5_-2.0/video.mp4#frame=90
90,LEFT_SHOULDER,0.2750476002693176,0.15830688178539276,-0.068789541721344,0.9999786615371704,CapturedFrames_-3.0_1.5_-2.0/video.mp4#frame=90
90,RIGHT_SHOULDER,0.3201027810573578,0.162599116563797,-0.013097727671265602,0.9998260140419006,CapturedFrames_-3.0_1.5_-2.0/video.mp4#frame=90
90,LEFT_ELBOW,0.2719106674194336,0.22243119776248932,-0.07432175427675247,0.987424910068512,CapturedFrames_-3.0_1.5_-2.0/video.mp4#frame=90
90,RIGHT_ELBOW,0.3314815163612366,0.22432343661785126,-0.014337623491883278,0.9563589692115784,CapturedFrames_-3.0_1.5_-2.0/video.mp4#frame=90
90,LEFT_WRIST,0.2692478597164154,0.27146628499031067,-0.06168634817004204,0.9190754294395447,CapturedFrames_-3.0_1.5_-2.0/video.mp4#frame=90
90,RIGHT_WRIST,0.34008848667144775,0.27753108739852905,-0.020701751112937927,0.928850531578064,CapturedFrames_-3.0_1.5_-2.0/video.mp4#frame=90
90,LEFT_PINKY,0.26945605874061584,0.2866494655609131,-0.06541714817285538,0.8584765791893005,CapturedFrames_-3.0_1.5_-2.0/video.mp4#frame=90
90,RIGHT_PINKY,0.34226521849632263,0.29449495673179626,-0.02005944959819317,0.8946972489356995,CapturedFrames_-3.0_1.5_-2.0/video.mp4#frame=90
90,LEFT_INDEX,0.2708590626716614,0.2869358956813812,-0.06325676292181015,0.8578070998191833,CapturedFrames_-3.0_1.5_-2.0/video.mp4#frame=90
90,RIGHT_INDEX,0.33994054794311523,0.29432567954063416,-0.0249494481831789,0.8833906650543213,CapturedFrames_-3.0_1.5_-2.0/video.mp4#frame=90
90,LEFT_THUMB,0.271870493888855,0.2816191017627716,-0.05978865548968315,0.812515377998352,CapturedFrames_-3.0_1.5_-2.0/video.mp4#frame=90
90,RIGHT_THUMB,0.33851358294487,0.28931549191474915,-0.022284848615527153,0.833956241607666,CapturedFrames_-3.0_1.5_-2.0/video.mp4#frame=90
90,LEFT_HIP,0.2984381914138794,0.2811973989009857,-0.03714977577328682,0.9999443292617798,CapturedFrames_-3.0_1.5_-2.0/video.mp4#frame=90
90,RIGHT_HIP,0.3186061680316925,0.2750335931777954,0.03699004650115967,0.9998146891593933,CapturedFrames_-3.0_1.5_-2.0/video.mp4#frame=90
90,LEFT_KNEE,0.2983662486076355,0.3579423129558563,0.004918686579912901,0.9829066395759583,CapturedFrames_-3.0_1.5_-2.0/video.mp4#frame=90
90,RIGHT_KNEE,0.30806535482406616,0.3478718400001526,0.10188015550374985,0.3897658884525299,CapturedFrames_-3.0_1.5_-2.0/video.mp4#frame=90
90,LEFT_ANKLE,0.33185267448425293,0.41524195671081543,-0.018396155908703804,0.9890596866607666,CapturedFrames_-3.0_1.5_-2.0/video.mp4#frame=90
90,RIGHT_ANKLE,0.3185509145259857,0.4127101004123688,0.08821798861026764,0.8257891535758972,CapturedFrames_-3.0_1.5_-2.0/video.mp4#frame=90
90,LEFT_HEEL,0.34144097566604614,0.41581010818481445,-0.019846856594085693,0.989682137966156,CapturedFrames_-3.0_1.5_-2.0/video.mp4#frame=90
90,RIGHT_HEEL,0.3221052587032318,0.4266486167907715,0.08627095818519592,0.8575382232666016,CapturedFrames_-3.0_1.5_-2.0/video.mp4#frame=90
90,LEFT_FOOT_INDEX,0.3311147391796112,0.4523918032646179,-0.025467758998274803,0.9816614389419556,CapturedFrames_-3.0_1.5_-2.0/video.mp4#frame=90
90,RIGHT_FOOT_INDEX,0.3088296055793762,0.42848002910614014,0.0771346241235733,0.8300386667251587,CapturedFrames_-3.0_1.5_-2.0/video.mp4#frame=90
91,NOSE,0.28746938705444336,0.10666421055793762,0.047932807356119156,0.9998912811279297,CapturedFrames_-3.0_1.5_-2.0/video.mp4#frame=91
91,LEFT_EYE_INNER,0.28481578826904297,0.09977781772613525,0.03359604999423027,0.9998254179954529,CapturedFrames_-3.0_1.5_-2.0/video.mp4#frame=91
91,LEFT_EYE,0.2834319472312927,0.10037947446107864,0.03360719978809357,0.9998427629470825,CapturedFrames_-3.0_1.5_-2.0/video.mp4#frame=91
91,LEFT_EYE_OUTER,0.2820430397987366,0.1009671539068222,0.033614885061979294,0.999842643737793,CapturedFrames_-3.0_1.5_-2.0/video.mp4#frame=91
91,RIGHT_EYE_INNER,0.28931286931037903,0.09877130389213562,0.036728810518980026,0.9997835755348206,CapturedFrames_-3.0_1.5_-2.0/video.mp4#frame=91
91,RIGHT_EYE,0.29091379046440125,0.09873507916927338,0.036779798567295074,0.9997621178627014,CapturedFrames_-3.0_1.5_-2.0/video.mp4#frame=91
91,RIGHT_EYE_OUTER,0.2924940884113312,0.09860439598560333,0.03677382692694664,0.999738872051239,CapturedFrames_-3.0_1.5_-2.0/video.mp4#frame=91
91,LEFT_EAR,0.2807680070400238,0.10597816854715347,-0.01995145156979561,0.9997699856758118,CapturedFrames_-3.0_1.5_-2.0/video.mp4#frame=91
91,RIGHT_EAR,0.2959820628166199,0.10249640047550201,-0.00577318761497736,0.9995856881141663,CapturedFrames_-3.0_1.5_-2.0/video.mp4#frame=91
91,MOUTH_LEFT,0.2861553132534027,0.11493583023548126,0.031101126223802567,0.9997497200965881,CapturedFrames_-3.0_1.5_-2.0/video.mp4#frame=91
91,MOUTH_RIGHT,0.2906917631626129,0.11366903781890869,0.035225484520196915,0.9996685981750488,CapturedFrames_-3.0_1.5_-2.0/video.mp4#frame=91
91,LEFT_SHOULDER,0.27060458064079285,0.15663652122020721,-0.06274756789207458,0.9999709129333496,CapturedFrames_-3.0_1.5_-2.0/video.mp4#frame=91
91,RIGHT_SHOULDER,0.315631628036499,0.1549549400806427,-0.003906993195414543,0.9997960925102234,CapturedFrames_-3.0_1.5_-2.0/video.mp4#frame=91
91,LEFT_ELBOW,0.27095216512680054,0.22236225008964539,-0.07763410359621048,0.9828665852546692,CapturedFrames_-3.0_1.5_-2.0/video.mp4#frame=91
91,RIGHT_ELBOW,0.32633155584335327,0.21832098066806793,-0.01441377867013216,0.9195534586906433,CapturedFrames_-3.0_1.5_-2.0/video.mp4#frame=91
91,LEFT_WRIST,0.2675135135650635,0.2726704180240631,-0.07694132626056671,0.8941712975502014,CapturedFrames_-3.0_1.5_-2.0/video.mp4#frame=91
91,RIGHT_WRIST,0.33319389820098877,0.27116715908050537,-0.026245972141623497,0.8746598362922668,CapturedFrames_-3.0_1.5_-2.0/video.mp4#frame=91
91,LEFT_PINKY,0.26777273416519165,0.2893083989620209,-0.08353397250175476,0.8309162259101868,CapturedFrames_-3.0_1.5_-2.0/video.mp4#frame=91
91,RIGHT_PINKY,0.33541277050971985,0.28674089908599854,-0.024433521553874016,0.8275122046470642,CapturedFrames_-3.0_1.5_-2.0/video.mp4#frame=91
91,LEFT_INDEX,0.2691343128681183,0.28719955682754517,-0.08002201467752457,0.8309783339500427,CapturedFrames_-3.0_1.5_-2.0/video.mp4#frame=91
91,RIGHT_INDEX,0.33333203196525574,0.2870338559150696,-0.029059121385216713,0.8141962885856628,CapturedFrames_-3.0_1.5_-2.0/video.mp4#frame=91
91,LEFT_THUMB,0.27039438486099243,0.28003761172294617,-0.07512669265270233,0.7884760499000549,CapturedFrames_-3.0_1.5_-2.0/video.mp4#frame=91
91,RIGHT_THUMB,0.3317878544330597,0.2814479470252991,-0.027680199593305588,0.745429515838623,CapturedFrames_-3.0_1.5_-2.0/video.mp4#frame=91
91,LEFT_HIP,0.29413968324661255,0.2816913425922394,-0.03621026128530502,0.9997221827507019,CapturedFrames_-3.0_1.5_-2.0/video.mp4#frame=91
91,RIGHT_HIP,0.3151557743549347,0.27674224972724915,0.03614724799990654,0.9992621541023254,CapturedFrames_-3.0_1.5_-2.0/video.mp4#frame=91
91,LEFT_KNEE,0.28953224420547485,0.3502638638019562,0.0032912238966673613,0.9696601033210754,CapturedFrames_-3.0_1.5_-2.0/video.mp4#frame=91
91,RIGHT_KNEE,0.30766886472702026,0.3476307988166809,0.09817345440387726,0.4887915253639221,CapturedFrames_-3.0_1.5_-2.0/video.mp4#frame=91
91,LEFT_ANKLE,0.3177395164966583,0.4037244915962219,-0.03200501203536987,0.9789025187492371,CapturedFrames_-3.0_1.5_-2.0/video.mp4#frame=91
91,RIGHT_ANKLE,0.3164932131767273,0.4095939099788666,0.06402978301048279,0.7760213613510132,CapturedFrames_-3.0_1.5_-2.0/video.mp4#frame=91
91,LEFT_HEEL,0.32702872157096863,0.40795326232910156,-0.03508596122264862,0.979272723197937,CapturedFrames_-3.0_1.5_-2.0/video.mp4#frame=91
91,RIGHT_HEEL,0.3219258785247803,0.4183979332447052,0.06028921157121658,0.8450132608413696,CapturedFrames_-3.0_1.5_-2.0/video.mp4#frame=91
91,LEFT_FOOT_INDEX,0.3167516589164734,0.4328211545944214,-0.04217146709561348,0.966363251209259,CapturedFrames_-3.0_1.5_-2.0/video.mp4#frame=91
91,RIGHT_FOOT_INDEX,0.31273671984672546,0.43912598490715027,0.05326744168996811,0.7561166882514954,CapturedFrames_-3.0_1.5_-2.0/video.mp4#frame=91
92,NOSE,0.2801148593425751,0.10668516159057617,0.044018521904945374,0.9998379945755005,CapturedFrames_-3.0_1.5_-2.0/video.mp4#frame=92
92,LEFT_EYE_INNER,0.2778169512748718,0.09966343641281128,0.030291760340332985,0.9997697472572327,CapturedFrames_-3.0_1.5_-2.0/video.mp4#frame=92
92,LEFT_EYE,0.276552677154541,0.09999985992908478,0.03030719794332981,0.9997881054878235,CapturedFrames_-3.0_1.5_-2.0/video.mp4#frame=92
92,LEFT_EYE_OUTER,0.27535802125930786,0.10041706264019012,0.030312975868582726,0.9997761845588684,CapturedFrames_-3.0_1.5_-2.0/video.mp4#frame=92
92,RIGHT_EYE_INNER,0.2820875346660614,0.09859548509120941,0.035506539046764374,0.999728262424469,CapturedFrames_-3.0_1.5_-2.0/video.mp4#frame=92
92,RIGHT_EYE,0.28373104333877563,0.09815946221351624,0.035545963793992996,0.9997000694274902,CapturedFrames_-3.0_1.5_-2.0/video.mp4#frame=92
92,RIGHT_EYE_OUTER,0.28552624583244324,0.09773050248622894,0.03551661968231201,0.9996724128723145,CapturedFrames_-3.0_1.5_-2.0/video.mp4#frame=92
92,LEFT_EAR,0.27462366223335266,0.10429977625608444,-0.02033698558807373,0.9997000694274902,CapturedFrames_-3.0_1.5_-2.0/video.mp4#frame=92
92,RIGHT_EAR,0.28945237398147583,0.10067084431648254,0.002994486829265952,0.9996414184570312,CapturedFrames_-3.0_1.5_-2.0/video.mp4#frame=92
92,MOUTH_LEFT,0.2790164053440094,0.11497485637664795,0.028027618303894997,0.9996964931488037,CapturedFrames_-3.0_1.5_-2.0/video.mp4#frame=92
92,MOUTH_RIGHT,0.2833797335624695,0.11444741487503052,0.03479279205203056,0.9996521472930908,CapturedFrames_-3.0_1.5_-2.0/video.mp4#frame=92
92,LEFT_SHOULDER,0.2674601376056671,0.15285977721214294,-0.06408585608005524,0.9999481439590454,CapturedFrames_-3.0_1.5_-2.0/video.mp4#frame=92
92,RIGHT_SHOULDER,0.3109739422798157,0.15207085013389587,0.00795604195445776,0.9998061060905457,CapturedFrames_-3.0_1.5_-2.0/video.mp4#frame=92
92,LEFT_ELBOW,0.2687494456768036,0.22145533561706543,-0.08107620477676392,0.9774656295776367,CapturedFrames_-3.0_1.5_-2.0/video.mp4#frame=92
92,RIGHT_ELBOW,0.3200799524784088,0.21711435914039612,0.0036319554783403873,0.8542690873146057,CapturedFrames_-3.0_1.5_-2.0/video.mp4#frame=92
92,LEFT_WRIST,0.26769986748695374,0.27505919337272644,-0.07819795608520508,0.921546459197998,CapturedFrames_-3.0_1.5_-2.0/video.mp4#frame=92
92,RIGHT_WRIST,0.3264316916465759,0.2743730843067169,-0.008897748775780201,0.7967637181282043,CapturedFrames_-3.0_1.5_-2.0/video.mp4#frame=92
92,LEFT_PINKY,0.2671748399734497,0.28985923528671265,-0.08374358713626862,0.8814777135848999,CapturedFrames_-3.0_1.5_-2.0/video.mp4#frame=92
92,RIGHT_PINKY,0.32683348655700684,0.2881559133529663,-0.006846868433058262,0.7399038672447205,CapturedFrames_-3.0_1.5_-2.0/video.mp4#frame=92
92,LEFT_INDEX,0.268246054649353,0.289058655500412,-0.08134231716394424,0.8799278140068054,CapturedFrames_-3.0_1.5_-2.0/video.mp4#frame=92
92,RIGHT_INDEX,0.3249656558036804,0.2877601385116577,-0.013416780158877373,0.7263956069946289,CapturedFrames_-3.0_1.5_-2.0/video.mp4#frame=92
92,LEFT_THUMB,0.2696807086467743,0.28385448455810547,-0.07648726552724838,0.8464130759239197,CapturedFrames_-3.0_1.5_-2.0/video.mp4#frame=92
92,RIGHT_THUMB,0.32394635677337646,0.283638596534729,-0.01124238595366478,0.6681057810783386,CapturedFrames_-3.0_1.5_-2.0/video.mp4#frame=92
92,LEFT_HIP,0.2888757884502411,0.28273290395736694,-0.03553878143429756,0.9996757507324219,CapturedFrames_-3.0_1.5_-2.0/video.mp4#frame=92
92,RIGHT_HIP,0.310581237077713,0.27906715869903564,0.035460591316223145,0.9994346499443054,CapturedFrames_-3.0_1.5_-2.0/video.mp4#frame=92
92,LEFT_KNEE,0.2815762162208557,0.34991392493247986,0.014838802628219128,0.9862979650497437,CapturedFrames_-3.0_1.5_-2.0/video.mp4#frame=92
92,RIGHT_KNEE,0.3067415654659271,0.34580352902412415,0.09496941417455673,0.6444985866546631,CapturedFrames_-3.0_1.5_-2.0/video.mp4#frame=92
92,LEFT_ANKLE,0.3116985857486725,0.40604162216186523,-0.01697695255279541,0.9871212840080261,CapturedFrames_-3.0_1.5_-2.0/video.mp4#frame=92
92,RIGHT_ANKLE,0.3145858347415924,0.4094153642654419,0.06321555376052856,0.8575202822685242,CapturedFrames_-3.0_1.5_-2.0/video.mp4#frame=92
92,LEFT_HEEL,0.32009434700012207,0.41108012199401855,-0.01966310478746891,0.9887210726737976,CapturedFrames_-3.0_1.5_-2.0/video.mp4#frame=92
92,RIGHT_HEEL,0.3219631016254425,0.4178561866283417,0.05974294990301132,0.8847216963768005,CapturedFrames_-3.0_1.5_-2.0/video.mp4#frame=92
92,LEFT_FOOT_INDEX,0.3091128170490265,0.43923425674438477,-0.02646651305258274,0.9757384657859802,CapturedFrames_-3.0_1.5_-2.0/video.mp4#frame=92
92,RIGHT_FOOT_INDEX,0.3098505735397339,0.44071316719055176,0.05259258300065994,0.8271579742431641,CapturedFrames_-3.0_1.5_-2.0/video.mp4#frame=92
93,NOSE,0.27278202772140503,0.10485006868839264,0.049909431487321854,0.9996533393859863,CapturedFrames_-3.0_1.5_-2.0/video.mp4#frame=93
93,LEFT_EYE_INNER,0.2712811827659607,0.09688083827495575,0.03607204556465149,0.9994408488273621,CapturedFrames_-3.0_1.5_-2.0/video.mp4#frame=93
93,LEFT_EYE,0.2702457904815674,0.09711571037769318,0.036071136593818665,0.9995416402816772,CapturedFrames_-3.0_1.5_-2.0/video.mp4#frame=93
93,LEFT_EYE_OUTER,0.26915499567985535,0.09754151105880737,0.036091193556785583,0.9994664788246155,CapturedFrames_-3.0_1.5_-2.0/video.mp4#frame=93
93,RIGHT_EYE_INNER,0.2748304605484009,0.09588275849819183,0.042296987026929855,0.9994145631790161,CapturedFrames_-3.0_1.5_-2.0/video.mp4#frame=93
93,RIGHT_EYE,0.27634724974632263,0.09534959495067596,0.04229513183236122,0.9994515776634216,CapturedFrames_-3.0_1.5_-2.0/video.mp4#frame=93
93,RIGHT_EYE_OUTER,0.2778659462928772,0.09491898119449615,0.04226112365722656,0.9993485808372498,CapturedFrames_-3.0_1.5_-2.0/video.mp4#frame=93
93,LEFT_EAR,0.26887017488479614,0.10156144201755524,-0.016314564272761345,0.9994280934333801,CapturedFrames_-3.0_1.5_-2.0/video.mp4#frame=93
93,RIGHT_EAR,0.281762033700943,0.09744475781917572,0.011456777341663837,0.9992961883544922,CapturedFrames_-3.0_1.5_-2.0/video.mp4#frame=93
93,MOUTH_LEFT,0.27217400074005127,0.11230924725532532,0.03310060128569603,0.9992520213127136,CapturedFrames_-3.0_1.5_-2.0/video.mp4#frame=93
93,MOUTH_RIGHT,0.2758305072784424,0.11175224184989929,0.041051045060157776,0.9992889165878296,CapturedFrames_-3.0_1.5_-2.0/video.mp4#frame=93
93,LEFT_SHOULDER,0.26363515853881836,0.14934642612934113,-0.06271868944168091,0.9998778104782104,CapturedFrames_-3.0_1.5_-2.0/video.mp4#frame=93
93,RIGHT_SHOULDER,0.30368196964263916,0.14693747460842133,0.018477030098438263,0.9997286200523376,CapturedFrames_-3.0_1.5_-2.0/video.mp4#frame=93
93,LEFT_ELBOW,0.2656553089618683,0.21851412951946259,-0.0855870321393013,0.9737641215324402,CapturedFrames_-3.0_1.5_-2.0/video.mp4#frame=93
93,RIGHT_ELBOW,0.3159462511539459,0.2144869863986969,0.01679624430835247,0.7447525262832642,CapturedFrames_-3.0_1.5_-2.0/video.mp4#frame=93
93,LEFT_WRIST,0.2646820545196533,0.2776474356651306,-0.07612206786870956,0.8894847631454468,CapturedFrames_-3.0_1.5_-2.0/video.mp4#frame=93
93,RIGHT_WRIST,0.31786876916885376,0.26619094610214233,0.013359109871089458,0.5741834044456482,CapturedFrames_-3.0_1.5_-2.0/video.mp4#frame=93
93,LEFT_PINKY,0.2651344835758209,0.2921649217605591,-0.07893426716327667,0.8357639312744141,CapturedFrames_-3.0_1.5_-2.0/video.mp4#frame=93
93,RIGHT_PINKY,0.31735220551490784,0.28157877922058105,0.01947934739291668,0.5253883600234985,CapturedFrames_-3.0_1.5_-2.0/video.mp4#frame=93
93,LEFT_INDEX,0.2660553753376007,0.29159605503082275,-0.0746288001537323,0.8289569020271301,CapturedFrames_-3.0_1.5_-2.0/video.mp4#frame=93
93,RIGHT_INDEX,0.3151587247848511,0.28014451265335083,0.013006421737372875,0.5108087658882141,CapturedFrames_-3.0_1.5_-2.0/video.mp4#frame=93
93,LEFT_THUMB,0.2668437659740448,0.28625354170799255,-0.07315721362829208,0.7713358998298645,CapturedFrames_-3.0_1.5_-2.0/video.mp4#frame=93
93,RIGHT_THUMB,0.31436383724212646,0.2751411199569702,0.011246521025896072,0.450141966342926,CapturedFrames_-3.0_1.5_-2.0/video.mp4#frame=93
93,LEFT_HIP,0.28319334983825684,0.2746368944644928,-0.03331789746880531,0.9998505115509033,CapturedFrames_-3.0_1.5_-2.0/video.mp4#frame=93
93,RIGHT_HIP,0.30690521001815796,0.27118462324142456,0.03316209465265274,0.9997833371162415,CapturedFrames_-3.0_1.5_-2.0/video.mp4#frame=93
93,LEFT_KNEE,0.27462172508239746,0.34164395928382874,0.0023491636384278536,0.9945594668388367,CapturedFrames_-3.0_1.5_-2.0/video.mp4#frame=93
93,RIGHT_KNEE,0.3038437068462372,0.3375665545463562,0.0866616740822792,0.8991271257400513,CapturedFrames_-3.0_1.5_-2.0/video.mp4#frame=93
93,LEFT_ANKLE,0.3038351237773895,0.40495002269744873,-0.04679093137383461,0.9916390776634216,CapturedFrames_-3.0_1.5_-2.0/video.mp4#frame=93
93,RIGHT_ANKLE,0.3141346871852875,0.40662264823913574,0.013926496729254723,0.9597635865211487,CapturedFrames_-3.0_1.5_-2.0/video.mp4#frame=93
93,LEFT_HEEL,0.3111284673213959,0.4131898581981659,-0.05074002221226692,0.9933558702468872,CapturedFrames_-3.0_1.5_-2.0/video.mp4#frame=93
93,RIGHT_HEEL,0.3197595775127411,0.41669762134552,0.006320756860077381,0.956863284111023,CapturedFrames_-3.0_1.5_-2.0/video.mp4#frame=93
93,LEFT_FOOT_INDEX,0.2971715033054352,0.4387724995613098,-0.04695170372724533,0.9761970639228821,CapturedFrames_-3.0_1.5_-2.0/video.mp4#frame=93
93,RIGHT_FOOT_INDEX,0.3070134222507477,0.43314796686172485,0.00027843148563988507,0.9106107354164124,CapturedFrames_-3.0_1.5_-2.0/video.mp4#frame=93
94,NOSE,0.2665210962295532,0.09856700152158737,0.04857253655791283,0.9998157620429993,CapturedFrames_-3.0_1.5_-2.0/video.mp4#frame=94
94,LEFT_EYE_INNER,0.2650361657142639,0.09214933216571808,0.03376644104719162,0.9997411370277405,CapturedFrames_-3.0_1.5_-2.0/video.mp4#frame=94
94,LEFT_EYE,0.26403167843818665,0.09253528714179993,0.033757179975509644,0.9997739195823669,CapturedFrames_-3.0_1.5_-2.0/video.mp4#frame=94
94,LEFT_EYE_OUTER,0.26297783851623535,0.09303675591945648,0.033764805644750595,0.9997565150260925,CapturedFrames_-3.0_1.5_-2.0/video.mp4#frame=94
94,RIGHT_EYE_INNER,0.2684392035007477,0.09088115394115448,0.040919650346040726,0.9997206330299377,CapturedFrames_-3.0_1.5_-2.0/video.mp4#frame=94
94,RIGHT_EYE,0.26987218856811523,0.09036178886890411,0.04091591015458107,0.9997082352638245,CapturedFrames_-3.0_1.5_-2.0/video.mp4#frame=94
94,RIGHT_EYE_OUTER,0.27136319875717163,0.08998290449380875,0.04087623208761215,0.999646782875061,CapturedFrames_-3.0_1.5_-2.0/video.mp4#frame=94
94,LEFT_EAR,0.2624877095222473,0.09734460711479187,-0.019871268421411514,0.9997432827949524,CapturedFrames_-3.0_1.5_-2.0/video.mp4#frame=94
94,RIGHT_EAR,0.27531227469444275,0.09259828180074692,0.010957632213830948,0.999606192111969,CapturedFrames_-3.0_1.5_-2.0/video.mp4#frame=94
94,MOUTH_LEFT,0.2660020589828491,0.10653594136238098,0.031597718596458435,0.9996380805969238,CapturedFrames_-3.0_1.5_-2.0/video.mp4#frame=94
94,MOUTH_RIGHT,0.26991042494773865,0.10570566356182098,0.040373191237449646,0.9996514320373535,CapturedFrames_-3.0_1.5_-2.0/video.mp4#frame=94
94,LEFT_SHOULDER,0.2592068910598755,0.14454114437103271,-0.07257446646690369,0.9999123811721802,CapturedFrames_-3.0_1.5_-2.0/video.mp4#frame=94
94,RIGHT_SHOULDER,0.295610636472702,0.14107762277126312,0.02557545341551304,0.9993044137954712,CapturedFrames_-3.0_1.5_-2.0/video.mp4#frame=94
94,LEFT_ELBOW,0.26244059205055237,0.21437859535217285,-0.09406711906194687,0.9896851778030396,CapturedFrames_-3.0_1.5_-2.0/video.mp4#frame=94
94,RIGHT_ELBOW,0.3076309859752655,0.20793840289115906,0.03955954313278198,0.2540976107120514,CapturedFrames_-3.0_1.5_-2.0/video.mp4#frame=94
94,LEFT_WRIST,0.26366913318634033,0.27266383171081543,-0.07144065946340561,0.9285286068916321,CapturedFrames_-3.0_1.5_-2.0/video.mp4#frame=94
94,RIGHT_WRIST,0.3028125464916229,0.24682000279426575,0.0554477795958519,0.11520374566316605,CapturedFrames_-3.0_1.5_-2.0/video.mp4#frame=94
94,LEFT_PINKY,0.2648129463195801,0.28763338923454285,-0.07482893019914627,0.8702012896537781,CapturedFrames_-3.0_1.5_-2.0/video.mp4#frame=94
94,RIGHT_PINKY,0.3005303144454956,0.26260361075401306,0.0651734471321106,0.12088070064783096,CapturedFrames_-3.0_1.5_-2.0/video.mp4#frame=94
94,LEFT_INDEX,0.2652781009674072,0.2880367338657379,-0.06997042894363403,0.861437976360321,CapturedFrames_-3.0_1.5_-2.0/video.mp4#frame=94
94,RIGHT_INDEX,0.2975081205368042,0.2634854316711426,0.05631795525550842,0.1217879131436348,CapturedFrames_-3.0_1.5_-2.0/video.mp4#frame=94
94,LEFT_THUMB,0.26561006903648376,0.28245946764945984,-0.0681360736489296,0.811353325843811,CapturedFrames_-3.0_1.5_-2.0/video.mp4#frame=94
94,RIGHT_THUMB,0.29708483815193176,0.258940726518631,0.05248306319117546,0.1126207485795021,CapturedFrames_-3.0_1.5_-2.0/video.mp4#frame=94
94,LEFT_HIP,0.27842897176742554,0.26889681816101074,-0.03389318287372589,0.9998075366020203,CapturedFrames_-3.0_1.5_-2.0/video.mp4#frame=94
94,RIGHT_HIP,0.30109044909477234,0.2658408582210541,0.03373740613460541,0.9997631907463074,CapturedFrames_-3.0_1.5_-2.0/video.mp4#frame=94
94,LEFT_KNEE,0.2683313488960266,0.33406272530555725,0.013184723444283009,0.9951807260513306,CapturedFrames_-3.0_1.5_-2.0/video.mp4#frame=94
94,RIGHT_KNEE,0.30260759592056274,0.33594006299972534,0.0898176059126854,0.9301931262016296,CapturedFrames_-3.0_1.5_-2.0/video.mp4#frame=94
94,LEFT_ANKLE,0.29100996255874634,0.4030228853225708,0.017970524728298187,0.9901816248893738,CapturedFrames_-3.0_1.5_-2.0/video.mp4#frame=94
94,RIGHT_ANKLE,0.31467875838279724,0.4096240997314453,0.06272086501121521,0.9621696472167969,CapturedFrames_-3.0_1.5_-2.0/video.mp4#frame=94
94,LEFT_HEEL,0.2983737289905548,0.41116857528686523,0.02010810375213623,0.9908081889152527,CapturedFrames_-3.0_1.5_-2.0/video.mp4#frame=94
94,RIGHT_HEEL,0.317632257938385,0.4231662452220917,0.060291338711977005,0.9494365453720093,CapturedFrames_-3.0_1.5_-2.0/video.mp4#frame=94
94,LEFT_FOOT_INDEX,0.28286856412887573,0.43128472566604614,0.02561144158244133,0.9529438018798828,CapturedFrames_-3.0_1.5_-2.0/video.mp4#frame=94
94,RIGHT_FOOT_INDEX,0.3069794774055481,0.43311649560928345,0.05579327419400215,0.8644255995750427,CapturedFrames_-3.0_1.5_-2.0/video.mp4#frame=94
95,NOSE,0.2630038261413574,0.09482456743717194,0.04043242335319519,0.9997768998146057,CapturedFrames_-3.0_1.5_-2.0/video.mp4#frame=95
95,LEFT_EYE_INNER,0.2610107362270355,0.08851976692676544,0.026157710701227188,0.9996964931488037,CapturedFrames_-3.0_1.5_-2.0/video.mp4#frame=95
95,LEFT_EYE,0.2598659098148346,0.0890481024980545,0.02613961137831211,0.9997534155845642,CapturedFrames_-3.0_1.5_-2.0/video.mp4#frame=95
95,LEFT_EYE_OUTER,0.2587084472179413,0.08967076241970062,0.02613030932843685,0.9997420907020569,CapturedFrames_-3.0_1.5_-2.0/video.mp4#frame=95
95,RIGHT_EYE_INNER,0.26479947566986084,0.08697964251041412,0.03373267501592636,0.9996776580810547,CapturedFrames_-3.0_1.5_-2.0/video.mp4#frame=95
95,RIGHT_EYE,0.2661384642124176,0.08649736642837524,0.03373418748378754,0.9996762275695801,CapturedFrames_-3.0_1.5_-2.0/video.mp4#frame=95
95,RIGHT_EYE_OUTER,0.2676123380661011,0.08597002923488617,0.03368767723441124,0.9995829463005066,CapturedFrames_-3.0_1.5_-2.0/video.mp4#frame=95
95,LEFT_EAR,0.2583760917186737,0.09402935206890106,-0.022133072838187218,0.9996758699417114,CapturedFrames_-3.0_1.5_-2.0/video.mp4#frame=95
95,RIGHT_EAR,0.2712629735469818,0.08861607313156128,0.009924549609422684,0.9994460940361023,CapturedFrames_-3.0_1.5_-2.0/video.mp4#frame=95
95,MOUTH_LEFT,0.2623697519302368,0.10255123674869537,0.02553873136639595,0.999568521976471,CapturedFrames_-3.0_1.5_-2.0/video.mp4#frame=95
95,MOUTH_RIGHT,0.26661139726638794,0.1008196622133255,0.034597866237163544,0.9994901418685913,CapturedFrames_-3.0_1.5_-2.0/video.mp4#frame=95
95,LEFT_SHOULDER,0.2555628716945648,0.14242130517959595,-0.07425949722528458,0.9998732805252075,CapturedFrames_-3.0_1.5_-2.0/video.mp4#frame=95
95,RIGHT_SHOULDER,0.29102227091789246,0.13364727795124054,0.03147595748305321,0.9978892207145691,CapturedFrames_-3.0_1.5_-2.0/video.mp4#frame=95
95,LEFT_ELBOW,0.261782169342041,0.21068134903907776,-0.08879818022251129,0.9879012107849121,CapturedFrames_-3.0_1.5_-2.0/video.mp4#frame=95
95,RIGHT_ELBOW,0.3028481602668762,0.1981511414051056,0.04084419459104538,0.12446555495262146,CapturedFrames_-3.0_1.5_-2.0/video.mp4#frame=95
95,LEFT_WRIST,0.26255857944488525,0.2713988721370697,-0.060013435781002045,0.9307487607002258,CapturedFrames_-3.0_1.5_-2.0/video.mp4#frame=95
95,RIGHT_WRIST,0.29687806963920593,0.2361394315958023,0.04809069633483887,0.06915593892335892,CapturedFrames_-3.0_1.5_-2.0/video.mp4#frame=95
95,LEFT_PINKY,0.2636922299861908,0.2862788140773773,-0.06508409976959229,0.8728113174438477,CapturedFrames_-3.0_1.5_-2.0/video.mp4#frame=95
95,RIGHT_PINKY,0.29685622453689575,0.2545662224292755,0.05508822947740555,0.07924439013004303,CapturedFrames_-3.0_1.5_-2.0/video.mp4#frame=95
95,LEFT_INDEX,0.26432332396507263,0.2865399718284607,-0.0606529600918293,0.8631175756454468,CapturedFrames_-3.0_1.5_-2.0/video.mp4#frame=95
95,RIGHT_INDEX,0.29062819480895996,0.2518186569213867,0.04477132111787796,0.08089562505483627,CapturedFrames_-3.0_1.5_-2.0/video.mp4#frame=95
95,LEFT_THUMB,0.264636367559433,0.2806020975112915,-0.05677526444196701,0.8157908916473389,CapturedFrames_-3.0_1.5_-2.0/video.mp4#frame=95
95,RIGHT_THUMB,0.2920701205730438,0.2502029538154602,0.044085148721933365,0.07562992721796036,CapturedFrames_-3.0_1.5_-2.0/video.mp4#frame=95
95,LEFT_HIP,0.2758490741252899,0.2660770118236542,-0.03473646193742752,0.9994027614593506,CapturedFrames_-3.0_1.5_-2.0/video.mp4#frame=95
95,RIGHT_HIP,0.29975345730781555,0.26267513632774353,0.03462913632392883,0.9991293549537659,CapturedFrames_-3.0_1.5_-2.0/video.mp4#frame=95
95,LEFT_KNEE,0.2645743191242218,0.3313131332397461,0.02095174230635166,0.9956684112548828,CapturedFrames_-3.0_1.5_-2.0/video.mp4#frame=95
95,RIGHT_KNEE,0.3031333386898041,0.32919561862945557,0.07549820840358734,0.947577178478241,CapturedFrames_-3.0_1.5_-2.0/video.mp4#frame=95
95,LEFT_ANKLE,0.28216761350631714,0.40378710627555847,0.07672052085399628,0.985372006893158,CapturedFrames_-3.0_1.5_-2.0/video.mp4#frame=95
95,RIGHT_ANKLE,0.31502440571784973,0.406798779964447,0.09861203283071518,0.9281765222549438,CapturedFrames_-3.0_1.5_-2.0/video.mp4#frame=95
95,LEFT_HEEL,0.2886641025543213,0.41846683621406555,0.0830867812037468,0.9767521023750305,CapturedFrames_-3.0_1.5_-2.0/video.mp4#frame=95
95,RIGHT_HEEL,0.3169301748275757,0.4233776926994324,0.10147474706172943,0.899829089641571,CapturedFrames_-3.0_1.5_-2.0/video.mp4#frame=95
95,LEFT_FOOT_INDEX,0.2713667154312134,0.42157185077667236,0.08203992992639542,0.9068928360939026,CapturedFrames_-3.0_1.5_-2.0/video.mp4#frame=95
95,RIGHT_FOOT_INDEX,0.3036171793937683,0.41299882531166077,0.0973680168390274,0.7453356981277466,CapturedFrames_-3.0_1.5_-2.0/video.mp4#frame=95
96,NOSE,0.2573885917663574,0.09625405073165894,0.04812280833721161,0.9998342990875244,CapturedFrames_-3.0_1.5_-2.0/video.mp4#frame=96
96,LEFT_EYE_INNER,0.2553614675998688,0.08957482129335403,0.03385191410779953,0.9997707009315491,CapturedFrames_-3.0_1.5_-2.0/video.mp4#frame=96
96,LEFT_EYE,0.254266619682312,0.09004911780357361,0.033842504024505615,0.9998131394386292,CapturedFrames_-3.0_1.5_-2.0/video.mp4#frame=96
96,LEFT_EYE_OUTER,0.2531336545944214,0.09069781005382538,0.03384272754192352,0.9997933506965637,CapturedFrames_-3.0_1.5_-2.0/video.mp4#frame=96
96,RIGHT_EYE_INNER,0.2590559422969818,0.08825711905956268,0.04221007227897644,0.9997695088386536,CapturedFrames_-3.0_1.5_-2.0/video.mp4#frame=96
96,RIGHT_EYE,0.2605794370174408,0.08784808218479156,0.04220779612660408,0.9997789263725281,CapturedFrames_-3.0_1.5_-2.0/video.mp4#frame=96
96,RIGHT_EYE_OUTER,0.26207825541496277,0.08750806748867035,0.042163997888565063,0.9997145533561707,CapturedFrames_-3.0_1.5_-2.0/video.mp4#frame=96
96,LEFT_EAR,0.25313621759414673,0.095131516456604,-0.0155097721144557,0.9997507929801941,CapturedFrames_-3.0_1.5_-2.0/video.mp4#frame=96
96,RIGHT_EAR,0.2662872076034546,0.08995460718870163,0.01993054337799549,0.9995816349983215,CapturedFrames_-3.0_1.5_-2.0/video.mp4#frame=96
96,MOUTH_LEFT,0.25702571868896484,0.10426021367311478,0.032508209347724915,0.9996849298477173,CapturedFrames_-3.0_1.5_-2.0/video.mp4#frame=96
96,MOUTH_RIGHT,0.2611337900161743,0.10279351472854614,0.04260336607694626,0.9996589422225952,CapturedFrames_-3.0_1.5_-2.0/video.mp4#frame=96
96,LEFT_SHOULDER,0.2515357434749603,0.14193281531333923,-0.06941206008195877,0.999896764755249,CapturedFrames_-3.0_1.5_-2.0/video.mp4#frame=96
96,RIGHT_SHOULDER,0.2862926721572876,0.1346846967935562,0.041422463953495026,0.9985962510108948,CapturedFrames_-3.0_1.5_-2.0/video.mp4#frame=96
96,LEFT_ELBOW,0.2598455846309662,0.21047139167785645,-0.08226246386766434,0.9872129559516907,CapturedFrames_-3.0_1.5_-2.0/video.mp4#frame=96
96,RIGHT_ELBOW,0.29719704389572144,0.19991916418075562,0.0434795618057251,0.13192066550254822,CapturedFrames_-3.0_1.5_-2.0/video.mp4#frame=96
96,LEFT_WRIST,0.26220542192459106,0.2694411277770996,-0.049203965812921524,0.926146388053894,CapturedFrames_-3.0_1.5_-2.0/video.mp4#frame=96
96,RIGHT_WRIST,0.29107600450515747,0.23707449436187744,0.041890401393175125,0.07715097814798355,CapturedFrames_-3.0_1.5_-2.0/video.mp4#frame=96
96,LEFT_PINKY,0.2634498178958893,0.28475454449653625,-0.054010648280382156,0.8661660552024841,CapturedFrames_-3.0_1.5_-2.0/video.mp4#frame=96
96,RIGHT_PINKY,0.2918168902397156,0.2547743022441864,0.04833093285560608,0.08554646372795105,CapturedFrames_-3.0_1.5_-2.0/video.mp4#frame=96
96,LEFT_INDEX,0.26384738087654114,0.28545400500297546,-0.04968707635998726,0.8549172282218933,CapturedFrames_-3.0_1.5_-2.0/video.mp4#frame=96
96,RIGHT_INDEX,0.28619885444641113,0.25378280878067017,0.03828549385070801,0.08781363815069199,CapturedFrames_-3.0_1.5_-2.0/video.mp4#frame=96
96,LEFT_THUMB,0.2641039192676544,0.2791843116283417,-0.04601580649614334,0.807117760181427,CapturedFrames_-3.0_1.5_-2.0/video.mp4#frame=96
96,RIGHT_THUMB,0.28601038455963135,0.2507367730140686,0.03772232308983803,0.0815262719988823,CapturedFrames_-3.0_1.5_-2.0/video.mp4#frame=96
96,LEFT_HIP,0.273118793964386,0.2639666199684143,-0.03608812019228935,0.9994433522224426,CapturedFrames_-3.0_1.5_-2.0/video.mp4#frame=96
96,RIGHT_HIP,0.2965141832828522,0.26019585132598877,0.035992905497550964,0.999305248260498,CapturedFrames_-3.0_1.5_-2.0/video.mp4#frame=96
96,LEFT_KNEE,0.26218563318252563,0.3302787244319916,0.005884246900677681,0.9963968396186829,CapturedFrames_-3.0_1.5_-2.0/video.mp4#frame=96
96,RIGHT_KNEE,0.301378071308136,0.3293607831001282,0.06365256011486053,0.9647468328475952,CapturedFrames_-3.0_1.5_-2.0/video.mp4#frame=96
96,LEFT_ANKLE,0.2722039818763733,0.4065851867198944,0.05392045900225639,0.9879714846611023,CapturedFrames_-3.0_1.5_-2.0/video.mp4#frame=96
96,RIGHT_ANKLE,0.3153436779975891,0.4084986448287964,0.07006683945655823,0.9546055793762207,CapturedFrames_-3.0_1.5_-2.0/video.mp4#frame=96
96,LEFT_HEEL,0.2784808278083801,0.4221663475036621,0.059019785374403,0.9790046215057373,CapturedFrames_-3.0_1.5_-2.0/video.mp4#frame=96
96,RIGHT_HEEL,0.31914013624191284,0.42355674505233765,0.0710289254784584,0.9328030347824097,CapturedFrames_-3.0_1.5_-2.0/video.mp4#frame=96
96,LEFT_FOOT_INDEX,0.256020724773407,0.4149910509586334,0.0546879768371582,0.9131765961647034,CapturedFrames_-3.0_1.5_-2.0/video.mp4#frame=96
96,RIGHT_FOOT_INDEX,0.3045520484447479,0.4108439087867737,0.06440919637680054,0.8053848147392273,CapturedFrames_-3.0_1.5_-2.0/video.mp4#frame=96
97,NOSE,0.25272077322006226,0.09838122129440308,0.05969355255365372,0.9999191761016846,CapturedFrames_-3.0_1.5_-2.0/video.mp4#frame=97
97,LEFT_EYE_INNER,0.2506967782974243,0.09209032356739044,0.04486044496297836,0.9998756647109985,CapturedFrames_-3.0_1.5_-2.0/video.mp4#frame=97
97,LEFT_EYE,0.24959993362426758,0.09265530109405518,0.04485759884119034,0.9998918771743774,CapturedFrames_-3.0_1.5_-2.0/video.mp4#frame=97
97,LEFT_EYE_OUTER,0.24846693873405457,0.09336602687835693,0.044847533106803894,0.9998886585235596,CapturedFrames_-3.0_1.5_-2.0/video.mp4#frame=97
97,RIGHT_EYE_INNER,0.25432267785072327,0.09044548869132996,0.05268167704343796,0.9998828172683716,CapturedFrames_-3.0_1.5_-2.0/video.mp4#frame=97
97,RIGHT_EYE,0.2559083104133606,0.08979988843202591,0.05268273875117302,0.9998812675476074,CapturedFrames_-3.0_1.5_-2.0/video.mp4#frame=97
97,RIGHT_EYE_OUTER,0.2574992775917053,0.08924099802970886,0.05265361815690994,0.999858021736145,CapturedFrames_-3.0_1.5_-2.0/video.mp4#frame=97
97,LEFT_EAR,0.24849548935890198,0.09793948382139206,-0.005052086431533098,0.9998806715011597,CapturedFrames_-3.0_1.5_-2.0/video.mp4#frame=97
97,RIGHT_EAR,0.2616380751132965,0.09138858318328857,0.02806437388062477,0.9998233914375305,CapturedFrames_-3.0_1.5_-2.0/video.mp4#frame=97
97,MOUTH_LEFT,0.25244444608688354,0.10589225590229034,0.04415930062532425,0.9998847246170044,CapturedFrames_-3.0_1.5_-2.0/video.mp4#frame=97
97,MOUTH_RIGHT,0.25651711225509644,0.10444001853466034,0.05362493544816971,0.9998770952224731,CapturedFrames_-3.0_1.5_-2.0/video.mp4#frame=97
97,LEFT_SHOULDER,0.24839787185192108,0.14307822287082672,-0.05078071355819702,0.9999114274978638,CapturedFrames_-3.0_1.5_-2.0/video.mp4#frame=97
97,RIGHT_SHOULDER,0.2832725942134857,0.13831885159015656,0.04456830024719238,0.998751163482666,CapturedFrames_-3.0_1.5_-2.0/video.mp4#frame=97
97,LEFT_ELBOW,0.25820520520210266,0.20775741338729858,-0.06202734634280205,0.9878284931182861,CapturedFrames_-3.0_1.5_-2.0/video.mp4#frame=97
97,RIGHT_ELBOW,0.2956375777721405,0.19930092990398407,0.06386399269104004,0.09324789047241211,CapturedFrames_-3.0_1.5_-2.0/video.mp4#frame=97
97,LEFT_WRIST,0.26248833537101746,0.26780927181243896,-0.027367908507585526,0.9012753963470459,CapturedFrames_-3.0_1.5_-2.0/video.mp4#frame=97
97,RIGHT_WRIST,0.2863730788230896,0.22349151968955994,0.08769641071557999,0.029357077553868294,CapturedFrames_-3.0_1.5_-2.0/video.mp4#frame=97
97,LEFT_PINKY,0.2637423872947693,0.28204381465911865,-0.030679192394018173,0.8232513666152954,CapturedFrames_-3.0_1.5_-2.0/video.mp4#frame=97
97,RIGHT_PINKY,0.2851596474647522,0.238201305270195,0.09622865170240402,0.03639010712504387,CapturedFrames_-3.0_1.5_-2.0/video.mp4#frame=97
97,LEFT_INDEX,0.26402848958969116,0.28257521986961365,-0.02601676806807518,0.8058347105979919,CapturedFrames_-3.0_1.5_-2.0/video.mp4#frame=97
97,RIGHT_INDEX,0.28109174966812134,0.2321746051311493,0.08769339323043823,0.03736678883433342,CapturedFrames_-3.0_1.5_-2.0/video.mp4#frame=97
97,LEFT_THUMB,0.26424887776374817,0.27745336294174194,-0.024174032732844353,0.7473189830780029,CapturedFrames_-3.0_1.5_-2.0/video.mp4#frame=97
97,RIGHT_THUMB,0.28047871589660645,0.2339867204427719,0.08455494791269302,0.03718651086091995,CapturedFrames_-3.0_1.5_-2.0/video.mp4#frame=97
97,LEFT_HIP,0.26980140805244446,0.2624821662902832,-0.02502005733549595,0.9993646740913391,CapturedFrames_-3.0_1.5_-2.0/video.mp4#frame=97
97,RIGHT_HIP,0.29183465242385864,0.2582370936870575,0.024989793077111244,0.9993940591812134,CapturedFrames_-3.0_1.5_-2.0/video.mp4#frame=97
97,LEFT_KNEE,0.25901085138320923,0.32859379053115845,0.03823942691087723,0.9862377643585205,CapturedFrames_-3.0_1.5_-2.0/video.mp4#frame=97
97,RIGHT_KNEE,0.29853934049606323,0.3318926692008972,0.05904219299554825,0.9704253673553467,CapturedFrames_-3.0_1.5_-2.0/video.mp4#frame=97
97,LEFT_ANKLE,0.2624284029006958,0.4032730162143707,0.09398268163204193,0.9783242344856262,CapturedFrames_-3.0_1.5_-2.0/video.mp4#frame=97
97,RIGHT_ANKLE,0.3156137466430664,0.4061914086341858,0.07616793364286423,0.9693705439567566,CapturedFrames_-3.0_1.5_-2.0/video.mp4#frame=97
97,LEFT_HEEL,0.26666104793548584,0.41961732506752014,0.09977532178163528,0.9657996296882629,CapturedFrames_-3.0_1.5_-2.0/video.mp4#frame=97
97,RIGHT_HEEL,0.32001784443855286,0.4224678874015808,0.07805880159139633,0.964891791343689,CapturedFrames_-3.0_1.5_-2.0/video.mp4#frame=97
97,LEFT_FOOT_INDEX,0.2461680918931961,0.40268614888191223,0.09538381546735764,0.8613138794898987,CapturedFrames_-3.0_1.5_-2.0/video.mp4#frame=97
97,RIGHT_FOOT_INDEX,0.30463820695877075,0.4110063910484314,0.07082930207252502,0.8251773715019226,CapturedFrames_-3.0_1.5_-2.0/video.mp4#frame=97
98,NOSE,0.24825315177440643,0.10036082565784454,0.05074474215507507,0.9999599456787109,CapturedFrames_-3.0_1.5_-2.0/video.mp4#frame=98
98,LEFT_EYE_INNER,0.2459278553724289,0.09363013505935669,0.03750241547822952,0.9999337196350098,CapturedFrames_-3.0_1.5_-2.0/video.mp4#frame=98
98,LEFT_EYE,0.24477489292621613,0.09429275989532471,0.037490811198949814,0.9999433755874634,CapturedFrames_-3.0_1.5_-2.0/video.mp4#frame=98
98,LEFT_EYE_OUTER,0.24362783133983612,0.09511352330446243,0.037487681955099106,0.9999426603317261,CapturedFrames_-3.0_1.5_-2.0/video.mp4#frame=98
98,RIGHT_EYE_INNER,0.24986687302589417,0.0917452946305275,0.04543818533420563,0.9999346733093262,CapturedFrames_-3.0_1.5_-2.0/video.mp4#frame=98
98,RIGHT_EYE,0.2514318823814392,0.0911044031381607,0.045445945113897324,0.9999363422393799,CapturedFrames_-3.0_1.5_-2.0/video.mp4#frame=98
98,RIGHT_EYE_OUTER,0.2530856728553772,0.09050600230693817,0.04541008174419403,0.9999222755432129,CapturedFrames_-3.0_1.5_-2.0/video.mp4#frame=98
98,LEFT_EAR,0.24373281002044678,0.10006600618362427,-0.008093883283436298,0.9999405145645142,CapturedFrames_-3.0_1.5_-2.0/video.mp4#frame=98
98,RIGHT_EAR,0.2571280598640442,0.09287717938423157,0.025578070431947708,0.9998900890350342,CapturedFrames_-3.0_1.5_-2.0/video.mp4#frame=98
98,MOUTH_LEFT,0.24785415828227997,0.108108751475811,0.036361560225486755,0.9999359846115112,CapturedFrames_-3.0_1.5_-2.0/video.mp4#frame=98
98,MOUTH_RIGHT,0.25240594148635864,0.10588859021663666,0.045938123017549515,0.9999263286590576,CapturedFrames_-3.0_1.5_-2.0/video.mp4#frame=98
98,LEFT_SHOULDER,0.24501276016235352,0.1455937772989273,-0.054329801350831985,0.9999315738677979,CapturedFrames_-3.0_1.5_-2.0/video.mp4#frame=98
98,RIGHT_SHOULDER,0.2772040069103241,0.13760162889957428,0.04137818515300751,0.9994409680366516,CapturedFrames_-3.0_1.5_-2.0/video.mp4#frame=98
98,LEFT_ELBOW,0.256306529045105,0.209307461977005,-0.07158070802688599,0.9687023758888245,CapturedFrames_-3.0_1.5_-2.0/video.mp4#frame=98
98,RIGHT_ELBOW,0.28720229864120483,0.19605249166488647,0.026061048731207848,0.10830766707658768,CapturedFrames_-3.0_1.5_-2.0/video.mp4#frame=98
98,LEFT_WRIST,0.26149222254753113,0.268412321805954,-0.049817513674497604,0.855463445186615,CapturedFrames_-3.0_1.5_-2.0/video.mp4#frame=98
98,RIGHT_WRIST,0.2830885052680969,0.23308999836444855,-0.0002370595175307244,0.06634446233510971,CapturedFrames_-3.0_1.5_-2.0/video.mp4#frame=98
98,LEFT_PINKY,0.26318374276161194,0.2838303744792938,-0.05474128574132919,0.7689616680145264,CapturedFrames_-3.0_1.5_-2.0/video.mp4#frame=98
98,RIGHT_PINKY,0.2839941084384918,0.24890810251235962,0.0023775924928486347,0.07630538195371628,CapturedFrames_-3.0_1.5_-2.0/video.mp4#frame=98
98,LEFT_INDEX,0.26351550221443176,0.28379303216934204,-0.050636954605579376,0.7476013898849487,CapturedFrames_-3.0_1.5_-2.0/video.mp4#frame=98
98,RIGHT_INDEX,0.28033310174942017,0.24855978786945343,-0.007106836885213852,0.07778344303369522,CapturedFrames_-3.0_1.5_-2.0/video.mp4#frame=98
98,LEFT_THUMB,0.2636611759662628,0.2777358591556549,-0.047007158398628235,0.6918603777885437,CapturedFrames_-3.0_1.5_-2.0/video.mp4#frame=98
98,RIGHT_THUMB,0.2788265347480774,0.24511775374412537,-0.0048430683091282845,0.07259268313646317,CapturedFrames_-3.0_1.5_-2.0/video.mp4#frame=98
98,LEFT_HIP,0.267160028219223,0.2652445435523987,-0.026553943753242493,0.9997765421867371,CapturedFrames_-3.0_1.5_-2.0/video.mp4#frame=98
98,RIGHT_HIP,0.28917908668518066,0.259079247713089,0.02648390457034111,0.9997997879981995,CapturedFrames_-3.0_1.5_-2.0/video.mp4#frame=98
98,LEFT_KNEE,0.25449153780937195,0.32622504234313965,0.017026277258992195,0.9918057918548584,CapturedFrames_-3.0_1.5_-2.0/video.mp4#frame=98
98,RIGHT_KNEE,0.29645636677742004,0.3309172987937927,0.056487374007701874,0.9773708581924438,CapturedFrames_-3.0_1.5_-2.0/video.mp4#frame=98
98,LEFT_ANKLE,0.24986040592193604,0.3927465081214905,0.06538234651088715,0.9839099049568176,CapturedFrames_-3.0_1.5_-2.0/video.mp4#frame=98
98,RIGHT_ANKLE,0.31593143939971924,0.40506234765052795,0.047788724303245544,0.9773067831993103,CapturedFrames_-3.0_1.5_-2.0/video.mp4#frame=98
98,LEFT_HEEL,0.25165870785713196,0.4110850989818573,0.0699891746044159,0.9688922166824341,CapturedFrames_-3.0_1.5_-2.0/video.mp4#frame=98
98,RIGHT_HEEL,0.31961002945899963,0.4190152585506439,0.04695238173007965,0.9634028673171997,CapturedFrames_-3.0_1.5_-2.0/video.mp4#frame=98
98,LEFT_FOOT_INDEX,0.23083436489105225,0.3872097134590149,0.06274991482496262,0.9064040184020996,CapturedFrames_-3.0_1.5_-2.0/video.mp4#frame=98
98,RIGHT_FOOT_INDEX,0.30590713024139404,0.4149972200393677,0.03838808089494705,0.8986058831214905,CapturedFrames_-3.0_1.5_-2.0/video.mp4#frame=98
99,NOSE,0.2443358153104782,0.10517273843288422,0.0484052374958992,0.9999426603317261,CapturedFrames_-3.0_1.5_-2.0/video.mp4#frame=99
99,LEFT_EYE_INNER,0.2419801950454712,0.09856366366147995,0.035923026502132416,0.9998984336853027,CapturedFrames_-3.0_1.5_-2.0/video.mp4#frame=99
99,LEFT_EYE,0.24091258645057678,0.09917148947715759,0.035900652408599854,0.999909520149231,CapturedFrames_-3.0_1.5_-2.0/video.mp4#frame=99
99,LEFT_EYE_OUTER,0.2398442029953003,0.09980723261833191,0.03589317575097084,0.9999125003814697,CapturedFrames_-3.0_1.5_-2.0/video.mp4#frame=99
99,RIGHT_EYE_INNER,0.24583549797534943,0.09662055969238281,0.042528390884399414,0.9999067783355713,CapturedFrames_-3.0_1.5_-2.0/video.mp4#frame=99
99,RIGHT_EYE,0.24750873446464539,0.09595675766468048,0.04253801330924034,0.9999021291732788,CapturedFrames_-3.0_1.5_-2.0/video.mp4#frame=99
99,RIGHT_EYE_OUTER,0.249224454164505,0.09534526616334915,0.042502403259277344,0.9998884201049805,CapturedFrames_-3.0_1.5_-2.0/video.mp4#frame=99
99,LEFT_EAR,0.2401832640171051,0.10407133400440216,-0.01069085206836462,0.9998944997787476,CapturedFrames_-3.0_1.5_-2.0/video.mp4#frame=99
99,RIGHT_EAR,0.2532971501350403,0.09807752072811127,0.017580373212695122,0.9997798800468445,CapturedFrames_-3.0_1.5_-2.0/video.mp4#frame=99
99,MOUTH_LEFT,0.2437233030796051,0.1125933974981308,0.03345538675785065,0.9998985528945923,CapturedFrames_-3.0_1.5_-2.0/video.mp4#frame=99
99,MOUTH_RIGHT,0.24842949211597443,0.11044968664646149,0.04155497997999191,0.9998935461044312,CapturedFrames_-3.0_1.5_-2.0/video.mp4#frame=99
99,LEFT_SHOULDER,0.24114985764026642,0.15065215528011322,-0.056942570954561234,0.9999336004257202,CapturedFrames_-3.0_1.5_-2.0/video.mp4#frame=99
99,RIGHT_SHOULDER,0.2737849950790405,0.14299800992012024,0.02860417403280735,0.9997146725654602,CapturedFrames_-3.0_1.5_-2.0/video.mp4#frame=99
99,LEFT_ELBOW,0.25361114740371704,0.2136189192533493,-0.07860343903303146,0.8459911346435547,CapturedFrames_-3.0_1.5_-2.0/video.mp4#frame=99
99,RIGHT_ELBOW,0.2815608084201813,0.2031196653842926,0.009416945278644562,0.10136725008487701,CapturedFrames_-3.0_1.5_-2.0/video.mp4#frame=99
99,LEFT_WRIST,0.26115602254867554,0.2715623080730438,-0.06708428263664246,0.7121962904930115,CapturedFrames_-3.0_1.5_-2.0/video.mp4#frame=99
99,RIGHT_WRIST,0.27880170941352844,0.2506914734840393,-0.019279755651950836,0.11612803488969803,CapturedFrames_-3.0_1.5_-2.0/video.mp4#frame=99
99,LEFT_PINKY,0.2652607262134552,0.28566616773605347,-0.07301238924264908,0.6329188942909241,CapturedFrames_-3.0_1.5_-2.0/video.mp4#frame=99
99,RIGHT_PINKY,0.2773398160934448,0.2721341550350189,-0.018284430727362633,0.12839169800281525,CapturedFrames_-3.0_1.5_-2.0/video.mp4#frame=99
99,LEFT_INDEX,0.26629120111465454,0.28584930300712585,-0.0702161192893982,0.6063089370727539,CapturedFrames_-3.0_1.5_-2.0/video.mp4#frame=99
99,RIGHT_INDEX,0.2763725519180298,0.2714162766933441,-0.026278946548700333,0.1286272555589676,CapturedFrames_-3.0_1.5_-2.0/video.mp4#frame=99
99,LEFT_THUMB,0.26556727290153503,0.2805486023426056,-0.06529439240694046,0.5613202452659607,CapturedFrames_-3.0_1.5_-2.0/video.mp4#frame=99
99,RIGHT_THUMB,0.27615001797676086,0.26741793751716614,-0.023396901786327362,0.11720029264688492,CapturedFrames_-3.0_1.5_-2.0/video.mp4#frame=99
99,LEFT_HIP,0.26291534304618835,0.2693382501602173,-0.026366841048002243,0.9998683929443359,CapturedFrames_-3.0_1.5_-2.0/video.mp4#frame=99
99,RIGHT_HIP,0.2846672832965851,0.2656455934047699,0.026253128424286842,0.9998949766159058,CapturedFrames_-3.0_1.5_-2.0/video.mp4#frame=99
99,LEFT_KNEE,0.24965648353099823,0.31945306062698364,0.029459798708558083,0.9864956736564636,CapturedFrames_-3.0_1.5_-2.0/video.mp4#frame=99
99,RIGHT_KNEE,0.2958047389984131,0.3300078511238098,0.05526556447148323,0.932547926902771,CapturedFrames_-3.0_1.5_-2.0/video.mp4#frame=99
99,LEFT_ANKLE,0.2410728484392166,0.3847419321537018,0.05619056150317192,0.978340208530426,CapturedFrames_-3.0_1.5_-2.0/video.mp4#frame=99
99,RIGHT_ANKLE,0.3154091536998749,0.4041929841041565,0.021161368116736412,0.9613967537879944,CapturedFrames_-3.0_1.5_-2.0/video.mp4#frame=99
99,LEFT_HEEL,0.24053910374641418,0.40425193309783936,0.0587361678481102,0.9614364504814148,CapturedFrames_-3.0_1.5_-2.0/video.mp4#frame=99
99,RIGHT_HEEL,0.3189792037010193,0.4179858863353729,0.017966382205486298,0.9412793517112732,CapturedFrames_-3.0_1.5_-2.0/video.mp4#frame=99
99,LEFT_FOOT_INDEX,0.22285957634449005,0.3738686442375183,0.046904489398002625,0.8801193237304688,CapturedFrames_-3.0_1.5_-2.0/video.mp4#frame=99
99,RIGHT_FOOT_INDEX,0.30603277683258057,0.41437458992004395,0.004426817409694195,0.8719253540039062,CapturedFrames_-3.0_1.5_-2.0/video.mp4#frame=99
100,NOSE,0.24014198780059814,0.10725212097167969,0.05211073160171509,0.9999650716781616,CapturedFrames_-3.0_1.5_-2.0/video.mp4#frame=100
100,LEFT_EYE_INNER,0.23783130943775177,0.101875439286232,0.04022406041622162,0.9999293088912964,CapturedFrames_-3.0_1.5_-2.0/video.mp4#frame=100
100,LEFT_EYE,0.23667629063129425,0.10263803601264954,0.04020612686872482,0.9999359846115112,CapturedFrames_-3.0_1.5_-2.0/video.mp4#frame=100
100,LEFT_EYE_OUTER,0.23546703159809113,0.10334978997707367,0.040206972509622574,0.9999372959136963,CapturedFrames_-3.0_1.5_-2.0/video.mp4#frame=100
100,RIGHT_EYE_INNER,0.24189238250255585,0.09923875331878662,0.04671204835176468,0.999940037727356,CapturedFrames_-3.0_1.5_-2.0/video.mp4#frame=100
100,RIGHT_EYE,0.24361535906791687,0.0983237773180008,0.046716637909412384,0.9999362230300903,CapturedFrames_-3.0_1.5_-2.0/video.mp4#frame=100
100,RIGHT_EYE_OUTER,0.24528267979621887,0.0974612683057785,0.04667453467845917,0.9999315738677979,CapturedFrames_-3.0_1.5_-2.0/video.mp4#frame=100
100,LEFT_EAR,0.23526015877723694,0.10742861777544022,-0.005465450696647167,0.9999219179153442,CapturedFrames_-3.0_1.5_-2.0/video.mp4#frame=100
100,RIGHT_EAR,0.24916520714759827,0.09982915222644806,0.02207571268081665,0.999862551689148,CapturedFrames_-3.0_1.5_-2.0/video.mp4#frame=100
100,MOUTH_LEFT,0.23941680788993835,0.11463991552591324,0.03752565011382103,0.9999324083328247,CapturedFrames_-3.0_1.5_-2.0/video.mp4#frame=100
100,MOUTH_RIGHT,0.24441149830818176,0.1120457574725151,0.04538732394576073,0.9999372959136963,CapturedFrames_-3.0_1.5_-2.0/video.mp4#frame=100
100,LEFT_SHOULDER,0.2362833321094513,0.1533963829278946,-0.05400736257433891,0.9999446868896484,CapturedFrames_-3.0_1.5_-2.0/video.mp4#frame=100
100,RIGHT_SHOULDER,0.26829344034194946,0.1439228057861328,0.0339115634560585,0.9998170733451843,CapturedFrames_-3.0_1.5_-2.0/video.mp4#frame=100
100,LEFT_ELBOW,0.24936869740486145,0.21408556401729584,-0.08238323032855988,0.8788904547691345,CapturedFrames_-3.0_1.5_-2.0/video.mp4#frame=100
100,RIGHT_ELBOW,0.2751472592353821,0.2051786482334137,0.017875103279948235,0.07678352296352386,CapturedFrames_-3.0_1.5_-2.0/video.mp4#frame=100
100,LEFT_WRIST,0.25974026322364807,0.2761835753917694,-0.0787644237279892,0.79381263256073,CapturedFrames_-3.0_1.5_-2.0/video.mp4#frame=100
100,RIGHT_WRIST,0.27535301446914673,0.25656431913375854,-0.005844433326274157,0.1057698205113411,CapturedFrames_-3.0_1.5_-2.0/video.mp4#frame=100
100,LEFT_PINKY,0.2652896046638489,0.28752923011779785,-0.08367572724819183,0.7310513257980347,CapturedFrames_-3.0_1.5_-2.0/video.mp4#frame=100
100,RIGHT_PINKY,0.2747904360294342,0.27801626920700073,-0.0022070861887186766,0.12755081057548523,CapturedFrames_-3.0_1.5_-2.0/video.mp4#frame=100
100,LEFT_INDEX,0.2656831443309784,0.28882265090942383,-0.08010832220315933,0.7036861181259155,CapturedFrames_-3.0_1.5_-2.0/video.mp4#frame=100
100,RIGHT_INDEX,0.2736701965332031,0.27819669246673584,-0.010504464618861675,0.12794449925422668,CapturedFrames_-3.0_1.5_-2.0/video.mp4#frame=100
100,LEFT_THUMB,0.2645157277584076,0.28473758697509766,-0.0764889046549797,0.65107661485672,CapturedFrames_-3.0_1.5_-2.0/video.mp4#frame=100
100,RIGHT_THUMB,0.2730276882648468,0.27273425459861755,-0.009689221158623695,0.11500322073698044,CapturedFrames_-3.0_1.5_-2.0/video.mp4#frame=100
100,LEFT_HIP,0.2579871118068695,0.2692474126815796,-0.025390032678842545,0.9999122619628906,CapturedFrames_-3.0_1.5_-2.0/video.mp4#frame=100
100,RIGHT_HIP,0.281266450881958,0.2644713819026947,0.025208357721567154,0.9999481439590454,CapturedFrames_-3.0_1.5_-2.0/video.mp4#frame=100
100,LEFT_KNEE,0.2446725070476532,0.32201486825942993,0.030757132917642593,0.9897706508636475,CapturedFrames_-3.0_1.5_-2.0/video.mp4#frame=100
100,RIGHT_KNEE,0.29371219873428345,0.3320140838623047,0.04424476623535156,0.9370169043540955,CapturedFrames_-3.0_1.5_-2.0/video.mp4#frame=100
100,LEFT_ANKLE,0.23830687999725342,0.38403141498565674,0.02476959116756916,0.9868471026420593,CapturedFrames_-3.0_1.5_-2.0/video.mp4#frame=100
100,RIGHT_ANKLE,0.313873827457428,0.40236592292785645,-0.02497788891196251,0.9701089859008789,CapturedFrames_-3.0_1.5_-2.0/video.mp4#frame=100
100,LEFT_HEEL,0.23763278126716614,0.40296798944473267,0.024244219064712524,0.9779438972473145,CapturedFrames_-3.0_1.5_-2.0/video.mp4#frame=100
100,RIGHT_HEEL,0.31784775853157043,0.41547173261642456,-0.03152644261717796,0.9530432820320129,CapturedFrames_-3.0_1.5_-2.0/video.mp4#frame=100
100,LEFT_FOOT_INDEX,0.22071222960948944,0.3761754035949707,0.008898800238966942,0.9168409705162048,CapturedFrames_-3.0_1.5_-2.0/video.mp4#frame=100
100,RIGHT_FOOT_INDEX,0.30692556500434875,0.4169641137123108,-0.04902851581573486,0.8999664783477783,CapturedFrames_-3.0_1.5_-2.0/video.mp4#frame=100
101,NOSE,0.23496565222740173,0.1116519421339035,0.04340125992894173,0.9999786615371704,CapturedFrames_-3.0_1.5_-2.0/video.mp4#frame=101
101,LEFT_EYE_INNER,0.23276753723621368,0.10649450123310089,0.031757961958646774,0.9999666213989258,CapturedFrames_-3.0_1.5_-2.0/video.mp4#frame=101
101,LEFT_EYE,0.23167577385902405,0.10721156001091003,0.03174320608377457,0.9999728202819824,CapturedFrames_-3.0_1.5_-2.0/video.mp4#frame=101
101,LEFT_EYE_OUTER,0.23062768578529358,0.10788678377866745,0.03174828737974167,0.9999727010726929,CapturedFrames_-3.0_1.5_-2.0/video.mp4#frame=101
101,RIGHT_EYE_INNER,0.2363610714673996,0.10408923029899597,0.03942950814962387,0.9999662637710571,CapturedFrames_-3.0_1.5_-2.0/video.mp4#frame=101
101,RIGHT_EYE,0.23781728744506836,0.10323594510555267,0.039447225630283356,0.9999680519104004,CapturedFrames_-3.0_1.5_-2.0/video.mp4#frame=101
101,RIGHT_EYE_OUTER,0.23946323990821838,0.10227211564779282,0.03941256180405617,0.9999629259109497,CapturedFrames_-3.0_1.5_-2.0/video.mp4#frame=101
101,LEFT_EAR,0.23058882355690002,0.11171557009220123,-0.00946766696870327,0.999968409538269,CapturedFrames_-3.0_1.5_-2.0/video.mp4#frame=101
101,RIGHT_EAR,0.24329766631126404,0.10420671850442886,0.023643994703888893,0.9999414682388306,CapturedFrames_-3.0_1.5_-2.0/video.mp4#frame=101
101,MOUTH_LEFT,0.23459871113300323,0.11908413469791412,0.030400145798921585,0.9999604225158691,CapturedFrames_-3.0_1.5_-2.0/video.mp4#frame=101
101,MOUTH_RIGHT,0.2388698309659958,0.11690205335617065,0.03987472504377365,0.9999513626098633,CapturedFrames_-3.0_1.5_-2.0/video.mp4#frame=101
101,LEFT_SHOULDER,0.23273420333862305,0.1565995216369629,-0.04766402393579483,0.9999496936798096,CapturedFrames_-3.0_1.5_-2.0/video.mp4#frame=101
101,RIGHT_SHOULDER,0.2629629671573639,0.14678290486335754,0.03624943271279335,0.9997679591178894,CapturedFrames_-3.0_1.5_-2.0/video.mp4#frame=101
101,LEFT_ELBOW,0.24635596573352814,0.2176416665315628,-0.06528919190168381,0.9354342818260193,CapturedFrames_-3.0_1.5_-2.0/video.mp4#frame=101
101,RIGHT_ELBOW,0.2713472545146942,0.20597754418849945,0.03280995041131973,0.057145025581121445,CapturedFrames_-3.0_1.5_-2.0/video.mp4#frame=101
101,LEFT_WRIST,0.2552453279495239,0.2778173089027405,-0.054836757481098175,0.861118733882904,CapturedFrames_-3.0_1.5_-2.0/video.mp4#frame=101
101,RIGHT_WRIST,0.27216315269470215,0.25037840008735657,0.02149239182472229,0.07659133523702621,CapturedFrames_-3.0_1.5_-2.0/video.mp4#frame=101
101,LEFT_PINKY,0.25978538393974304,0.28890424966812134,-0.058472104370594025,0.7942854762077332,CapturedFrames_-3.0_1.5_-2.0/video.mp4#frame=101
101,RIGHT_PINKY,0.27220502495765686,0.27038392424583435,0.0255512036383152,0.08749285340309143,CapturedFrames_-3.0_1.5_-2.0/video.mp4#frame=101
101,LEFT_INDEX,0.26082533597946167,0.2899574041366577,-0.056754350662231445,0.7729161977767944,CapturedFrames_-3.0_1.5_-2.0/video.mp4#frame=101
101,RIGHT_INDEX,0.27068233489990234,0.2727107107639313,0.016071772202849388,0.08741434663534164,CapturedFrames_-3.0_1.5_-2.0/video.mp4#frame=101
101,LEFT_THUMB,0.2594117224216461,0.28508442640304565,-0.052951615303754807,0.7148104906082153,CapturedFrames_-3.0_1.5_-2.0/video.mp4#frame=101
101,RIGHT_THUMB,0.2699925899505615,0.2681429088115692,0.017496662214398384,0.08099852502346039,CapturedFrames_-3.0_1.5_-2.0/video.mp4#frame=101
101,LEFT_HIP,0.25601208209991455,0.26723623275756836,-0.02022571675479412,0.9997972846031189,CapturedFrames_-3.0_1.5_-2.0/video.mp4#frame=101
101,RIGHT_HIP,0.2766985595226288,0.26074156165122986,0.020114799961447716,0.9998687505722046,CapturedFrames_-3.0_1.5_-2.0/video.mp4#frame=101
101,LEFT_KNEE,0.24167779088020325,0.32262036204338074,0.007629177533090115,0.9915458559989929,CapturedFrames_-3.0_1.5_-2.0/video.mp4#frame=101
101,RIGHT_KNEE,0.2895503640174866,0.32926443219184875,0.047622200101614,0.9758431315422058,CapturedFrames_-3.0_1.5_-2.0/video.mp4#frame=101
101,LEFT_ANKLE,0.23809191584587097,0.3887389004230499,0.027510866522789,0.9829444289207458,CapturedFrames_-3.0_1.5_-2.0/video.mp4#frame=101
101,RIGHT_ANKLE,0.31174957752227783,0.4008636176586151,0.013717001304030418,0.9800525903701782,CapturedFrames_-3.0_1.5_-2.0/video.mp4#frame=101
101,LEFT_HEEL,0.23968811333179474,0.4065118432044983,0.02935243584215641,0.9729559421539307,CapturedFrames_-3.0_1.5_-2.0/video.mp4#frame=101
101,RIGHT_HEEL,0.316611647605896,0.41425585746765137,0.010270793922245502,0.967249870300293,CapturedFrames_-3.0_1.5_-2.0/video.mp4#frame=101
101,LEFT_FOOT_INDEX,0.22084610164165497,0.38426241278648376,0.021395742893218994,0.9096390604972839,CapturedFrames_-3.0_1.5_-2.0/video.mp4#frame=101
101,RIGHT_FOOT_INDEX,0.3058772087097168,0.4170900881290436,0.0004808531084563583,0.9129398465156555,CapturedFrames_-3.0_1.5_-2.0/video.mp4#frame=101
102,NOSE,0.23117414116859436,0.1137520968914032,0.05213918536901474,0.9999837875366211,CapturedFrames_-3.0_1.5_-2.0/video.mp4#frame=102
102,LEFT_EYE_INNER,0.22883155941963196,0.10836794972419739,0.040015559643507004,0.9999758005142212,CapturedFrames_-3.0_1.5_-2.0/video.mp4#frame=102
102,LEFT_EYE,0.2278241664171219,0.10924994945526123,0.04000746086239815,0.9999799728393555,CapturedFrames_-3.0_1.5_-2.0/video.mp4#frame=102
102,LEFT_EYE_OUTER,0.22679898142814636,0.1102091372013092,0.04001288488507271,0.9999791383743286,CapturedFrames_-3.0_1.5_-2.0/video.mp4#frame=102
102,RIGHT_EYE_INNER,0.23222117125988007,0.10572144389152527,0.04755517840385437,0.9999738931655884,CapturedFrames_-3.0_1.5_-2.0/video.mp4#frame=102
102,RIGHT_EYE,0.2335902899503708,0.10479570925235748,0.04756803438067436,0.9999743700027466,CapturedFrames_-3.0_1.5_-2.0/video.mp4#frame=102
102,RIGHT_EYE_OUTER,0.23499763011932373,0.10387597978115082,0.04754867032170296,0.9999697208404541,CapturedFrames_-3.0_1.5_-2.0/video.mp4#frame=102
102,LEFT_EAR,0.227005273103714,0.11405960470438004,-0.002791179344058037,0.9999778270721436,CapturedFrames_-3.0_1.5_-2.0/video.mp4#frame=102
102,RIGHT_EAR,0.23901374638080597,0.10544674843549728,0.029305949807167053,0.9999542236328125,CapturedFrames_-3.0_1.5_-2.0/video.mp4#frame=102
102,MOUTH_LEFT,0.23121531307697296,0.12070930004119873,0.03857153654098511,0.9999675750732422,CapturedFrames_-3.0_1.5_-2.0/video.mp4#frame=102
102,MOUTH_RIGHT,0.23522062599658966,0.11783015727996826,0.047680534422397614,0.9999634027481079,CapturedFrames_-3.0_1.5_-2.0/video.mp4#frame=102
102,LEFT_SHOULDER,0.22930309176445007,0.15763865411281586,-0.04689599946141243,0.9999504089355469,CapturedFrames_-3.0_1.5_-2.0/video.mp4#frame=102
102,RIGHT_SHOULDER,0.2578229308128357,0.14461998641490936,0.0425291433930397,0.9997391104698181,CapturedFrames_-3.0_1.5_-2.0/video.mp4#frame=102
102,LEFT_ELBOW,0.2411150187253952,0.2186276912689209,-0.06546778976917267,0.9612667560577393,CapturedFrames_-3.0_1.5_-2.0/video.mp4#frame=102
102,RIGHT_ELBOW,0.26806530356407166,0.19765408337116241,0.03491268306970596,0.11440671980381012,CapturedFrames_-3.0_1.5_-2.0/video.mp4#frame=102
102,LEFT_WRIST,0.24790644645690918,0.27537235617637634,-0.049938999116420746,0.8721319437026978,CapturedFrames_-3.0_1.5_-2.0/video.mp4#frame=102
102,RIGHT_WRIST,0.26686999201774597,0.24064180254936218,0.018406223505735397,0.1040608286857605,CapturedFrames_-3.0_1.5_-2.0/video.mp4#frame=102
102,LEFT_PINKY,0.2504274547100067,0.28937968611717224,-0.053608231246471405,0.8033441305160522,CapturedFrames_-3.0_1.5_-2.0/video.mp4#frame=102
102,RIGHT_PINKY,0.2686493694782257,0.25116050243377686,0.022554760798811913,0.11704525351524353,CapturedFrames_-3.0_1.5_-2.0/video.mp4#frame=102
102,LEFT_INDEX,0.2507499158382416,0.2899286150932312,-0.04997163638472557,0.7839915752410889,CapturedFrames_-3.0_1.5_-2.0/video.mp4#frame=102
102,RIGHT_INDEX,0.2648238241672516,0.25211644172668457,0.012939902022480965,0.11829344183206558,CapturedFrames_-3.0_1.5_-2.0/video.mp4#frame=102
102,LEFT_THUMB,0.25040408968925476,0.28409484028816223,-0.047176700085401535,0.732245683670044,CapturedFrames_-3.0_1.5_-2.0/video.mp4#frame=102
102,RIGHT_THUMB,0.26346904039382935,0.24920478463172913,0.014265002682805061,0.10574542731046677,CapturedFrames_-3.0_1.5_-2.0/video.mp4#frame=102
102,LEFT_HIP,0.2510489225387573,0.2698062062263489,-0.023644862696528435,0.999903678894043,CapturedFrames_-3.0_1.5_-2.0/video.mp4#frame=102
102,RIGHT_HIP,0.2719692885875702,0.2601127326488495,0.0235301423817873,0.9999134540557861,CapturedFrames_-3.0_1.5_-2.0/video.mp4#frame=102
102,LEFT_KNEE,0.23978319764137268,0.32710951566696167,0.0046691601164639,0.9952232241630554,CapturedFrames_-3.0_1.5_-2.0/video.mp4#frame=102
102,RIGHT_KNEE,0.2858200669288635,0.3266751170158386,0.04150013253092766,0.9815303683280945,CapturedFrames_-3.0_1.5_-2.0/video.mp4#frame=102
102,LEFT_ANKLE,0.23755517601966858,0.3954635560512543,0.007853866554796696,0.9903602600097656,CapturedFrames_-3.0_1.5_-2.0/video.mp4#frame=102
102,RIGHT_ANKLE,0.31070804595947266,0.39872580766677856,-0.016793927177786827,0.9827295541763306,CapturedFrames_-3.0_1.5_-2.0/video.mp4#frame=102
102,LEFT_HEEL,0.2405717670917511,0.4112434387207031,0.008560160174965858,0.9845336675643921,CapturedFrames_-3.0_1.5_-2.0/video.mp4#frame=102
102,RIGHT_HEEL,0.31578508019447327,0.4108218848705292,-0.02212238870561123,0.9715823531150818,CapturedFrames_-3.0_1.5_-2.0/video.mp4#frame=102
102,LEFT_FOOT_INDEX,0.22215671837329865,0.40033772587776184,0.0016569576691836119,0.9428181052207947,CapturedFrames_-3.0_1.5_-2.0/video.mp4#frame=102
102,RIGHT_FOOT_INDEX,0.30684012174606323,0.41991230845451355,-0.031618695706129074,0.9235491752624512,CapturedFrames_-3.0_1.5_-2.0/video.mp4#frame=102
103,NOSE,0.22658267617225647,0.11487134546041489,0.05185824632644653,0.9999337196350098,CapturedFrames_-3.0_1.5_-2.0/video.mp4#frame=103
103,LEFT_EYE_INNER,0.22430244088172913,0.10870552062988281,0.03900974988937378,0.9999116659164429,CapturedFrames_-3.0_1.5_-2.0/video.mp4#frame=103
103,LEFT_EYE,0.22335347533226013,0.10940885543823242,0.03899465128779411,0.9999288320541382,CapturedFrames_-3.0_1.5_-2.0/video.mp4#frame=103
103,LEFT_EYE_OUTER,0.2223960906267166,0.11021668463945389,0.038982074707746506,0.9999256134033203,CapturedFrames_-3.0_1.5_-2.0/video.mp4#frame=103
103,RIGHT_EYE_INNER,0.22778697311878204,0.10640677064657211,0.04740491509437561,0.9998960494995117,CapturedFrames_-3.0_1.5_-2.0/video.mp4#frame=103
103,RIGHT_EYE,0.22932639718055725,0.10557175427675247,0.047416284680366516,0.9998990297317505,CapturedFrames_-3.0_1.5_-2.0/video.mp4#frame=103
103,RIGHT_EYE_OUTER,0.2308364361524582,0.1048002690076828,0.04738554731011391,0.9998801946640015,CapturedFrames_-3.0_1.5_-2.0/video.mp4#frame=103
103,LEFT_EAR,0.2230266034603119,0.11419419944286346,-0.006750979460775852,0.9999103546142578,CapturedFrames_-3.0_1.5_-2.0/video.mp4#frame=103
103,RIGHT_EAR,0.23453383147716522,0.10684819519519806,0.02916482463479042,0.9998316764831543,CapturedFrames_-3.0_1.5_-2.0/video.mp4#frame=103
103,MOUTH_LEFT,0.22675295174121857,0.12174320966005325,0.03726452216506004,0.9998681545257568,CapturedFrames_-3.0_1.5_-2.0/video.mp4#frame=103
103,MOUTH_RIGHT,0.23091468214988708,0.1191941648721695,0.047508370131254196,0.9998372793197632,CapturedFrames_-3.0_1.5_-2.0/video.mp4#frame=103
103,LEFT_SHOULDER,0.22467438876628876,0.1591794490814209,-0.05265790969133377,0.9999246597290039,CapturedFrames_-3.0_1.5_-2.0/video.mp4#frame=103
103,RIGHT_SHOULDER,0.255097359418869,0.14741207659244537,0.04339558631181717,0.9992287158966064,CapturedFrames_-3.0_1.5_-2.0/video.mp4#frame=103
103,LEFT_ELBOW,0.2356955111026764,0.22336262464523315,-0.06998822838068008,0.939629077911377,CapturedFrames_-3.0_1.5_-2.0/video.mp4#frame=103
103,RIGHT_ELBOW,0.26305124163627625,0.20806637406349182,0.030913278460502625,0.04191182181239128,CapturedFrames_-3.0_1.5_-2.0/video.mp4#frame=103
103,LEFT_WRIST,0.2411889135837555,0.2807883024215698,-0.049648217856884,0.7875919342041016,CapturedFrames_-3.0_1.5_-2.0/video.mp4#frame=103
103,RIGHT_WRIST,0.2601930797100067,0.24977459013462067,0.0040580593049526215,0.03982510417699814,CapturedFrames_-3.0_1.5_-2.0/video.mp4#frame=103
103,LEFT_PINKY,0.24375684559345245,0.29399335384368896,-0.05508754402399063,0.7051428556442261,CapturedFrames_-3.0_1.5_-2.0/video.mp4#frame=103
103,RIGHT_PINKY,0.2588834762573242,0.2732732594013214,0.005106822121888399,0.05124722421169281,CapturedFrames_-3.0_1.5_-2.0/video.mp4#frame=103
103,LEFT_INDEX,0.2445475161075592,0.2947719693183899,-0.05162329226732254,0.6860808730125427,CapturedFrames_-3.0_1.5_-2.0/video.mp4#frame=103
103,RIGHT_INDEX,0.25660640001296997,0.2679955065250397,-0.004283747635781765,0.05203908309340477,CapturedFrames_-3.0_1.5_-2.0/video.mp4#frame=103
103,LEFT_THUMB,0.24410304427146912,0.2896375060081482,-0.04715834930539131,0.6332845687866211,CapturedFrames_-3.0_1.5_-2.0/video.mp4#frame=103
103,RIGHT_THUMB,0.2569114863872528,0.26675790548324585,-0.0006660026265308261,0.05059206485748291,CapturedFrames_-3.0_1.5_-2.0/video.mp4#frame=103
103,LEFT_HIP,0.2458503246307373,0.2726057171821594,-0.02616240456700325,0.9996554851531982,CapturedFrames_-3.0_1.5_-2.0/video.mp4#frame=103
103,RIGHT_HIP,0.2681211233139038,0.26498493552207947,0.02609860524535179,0.9996620416641235,CapturedFrames_-3.0_1.5_-2.0/video.mp4#frame=103
103,LEFT_KNEE,0.2323150932788849,0.32935869693756104,0.014489235356450081,0.9865489602088928,CapturedFrames_-3.0_1.5_-2.0/video.mp4#frame=103
103,RIGHT_KNEE,0.28257787227630615,0.3292309045791626,0.05142400786280632,0.9447672367095947,CapturedFrames_-3.0_1.5_-2.0/video.mp4#frame=103
103,LEFT_ANKLE,0.23718133568763733,0.39730963110923767,0.051582448184490204,0.977088212966919,CapturedFrames_-3.0_1.5_-2.0/video.mp4#frame=103
103,RIGHT_ANKLE,0.31064996123313904,0.3981707692146301,0.049773700535297394,0.9511734843254089,CapturedFrames_-3.0_1.5_-2.0/video.mp4#frame=103
103,LEFT_HEEL,0.2422601729631424,0.41307106614112854,0.055482685565948486,0.960889995098114,CapturedFrames_-3.0_1.5_-2.0/video.mp4#frame=103
103,RIGHT_HEEL,0.31614118814468384,0.40979406237602234,0.05027903988957405,0.933780312538147,CapturedFrames_-3.0_1.5_-2.0/video.mp4#frame=103
103,LEFT_FOOT_INDEX,0.222072035074234,0.4109918773174286,0.04915224388241768,0.8700801730155945,CapturedFrames_-3.0_1.5_-2.0/video.mp4#frame=103
103,RIGHT_FOOT_INDEX,0.3070504069328308,0.4146885275840759,0.04470834508538246,0.8114443421363831,CapturedFrames_-3.0_1.5_-2.0/video.mp4#frame=103
104,NOSE,0.22254709899425507,0.11563792824745178,0.03759937360882759,0.9999717473983765,CapturedFrames_-3.0_1.5_-2.0/video.mp4#frame=104
104,LEFT_EYE_INNER,0.22042493522167206,0.11001967638731003,0.026129314675927162,0.999966025352478,CapturedFrames_-3.0_1.5_-2.0/video.mp4#frame=104
104,LEFT_EYE,0.21945250034332275,0.11093569546937943,0.02611638233065605,0.9999696016311646,CapturedFrames_-3.0_1.5_-2.0/video.mp4#frame=104
104,LEFT_EYE_OUTER,0.21847113966941833,0.11195647716522217,0.026114437729120255,0.999970555305481,CapturedFrames_-3.0_1.5_-2.0/video.mp4#frame=104
104,RIGHT_EYE_INNER,0.22379347681999207,0.10738907754421234,0.03362858295440674,0.9999620914459229,CapturedFrames_-3.0_1.5_-2.0/video.mp4#frame=104
104,RIGHT_EYE,0.2250767946243286,0.1065782830119133,0.0336356982588768,0.99996018409729,CapturedFrames_-3.0_1.5_-2.0/video.mp4#frame=104
104,RIGHT_EYE_OUTER,0.22635769844055176,0.10581603646278381,0.0336228646337986,0.9999586343765259,CapturedFrames_-3.0_1.5_-2.0/video.mp4#frame=104
104,LEFT_EAR,0.21877607703208923,0.11584208905696869,-0.013293838128447533,0.9999611377716064,CapturedFrames_-3.0_1.5_-2.0/video.mp4#frame=104
104,RIGHT_EAR,0.2296939343214035,0.10771354287862778,0.018490372225642204,0.9999409914016724,CapturedFrames_-3.0_1.5_-2.0/video.mp4#frame=104
104,MOUTH_LEFT,0.22237655520439148,0.12249936163425446,0.025181883946061134,0.9999386072158813,CapturedFrames_-3.0_1.5_-2.0/video.mp4#frame=104
104,MOUTH_RIGHT,0.22622637450695038,0.11970999836921692,0.03426038473844528,0.9999327659606934,CapturedFrames_-3.0_1.5_-2.0/video.mp4#frame=104
104,LEFT_SHOULDER,0.22013616561889648,0.1614890694618225,-0.056655846536159515,0.9999204874038696,CapturedFrames_-3.0_1.5_-2.0/video.mp4#frame=104
104,RIGHT_SHOULDER,0.2494400441646576,0.14865165948867798,0.03854461386799812,0.999599277973175,CapturedFrames_-3.0_1.5_-2.0/video.mp4#frame=104
104,LEFT_ELBOW,0.22946539521217346,0.22581927478313446,-0.07187534868717194,0.969203531742096,CapturedFrames_-3.0_1.5_-2.0/video.mp4#frame=104
104,RIGHT_ELBOW,0.26006031036376953,0.20544439554214478,0.038744211196899414,0.0628477931022644,CapturedFrames_-3.0_1.5_-2.0/video.mp4#frame=104
104,LEFT_WRIST,0.23424753546714783,0.28276917338371277,-0.04909805208444595,0.8545824885368347,CapturedFrames_-3.0_1.5_-2.0/video.mp4#frame=104
104,RIGHT_WRIST,0.256257027387619,0.2435293346643448,0.029844265431165695,0.06490259617567062,CapturedFrames_-3.0_1.5_-2.0/video.mp4#frame=104
104,LEFT_PINKY,0.23662766814231873,0.29576554894447327,-0.051751576364040375,0.7826060056686401,CapturedFrames_-3.0_1.5_-2.0/video.mp4#frame=104
104,RIGHT_PINKY,0.25687047839164734,0.2529529929161072,0.03430916368961334,0.07984969019889832,CapturedFrames_-3.0_1.5_-2.0/video.mp4#frame=104
104,LEFT_INDEX,0.23687157034873962,0.29628971219062805,-0.04776078835129738,0.7672056555747986,CapturedFrames_-3.0_1.5_-2.0/video.mp4#frame=104
104,RIGHT_INDEX,0.2527311146259308,0.25344404578208923,0.025337647646665573,0.08131615817546844,CapturedFrames_-3.0_1.5_-2.0/video.mp4#frame=104
104,LEFT_THUMB,0.23681898415088654,0.2902029752731323,-0.0459674708545208,0.7177941799163818,CapturedFrames_-3.0_1.5_-2.0/video.mp4#frame=104
104,RIGHT_THUMB,0.2519722580909729,0.2508438229560852,0.02599492110311985,0.0731770396232605,CapturedFrames_-3.0_1.5_-2.0/video.mp4#frame=104
104,LEFT_HIP,0.2425757348537445,0.27434664964675903,-0.028782229870557785,0.9998900890350342,CapturedFrames_-3.0_1.5_-2.0/video.mp4#frame=104
104,RIGHT_HIP,0.26405423879623413,0.26604971289634705,0.028660982847213745,0.9998904466629028,CapturedFrames_-3.0_1.5_-2.0/video.mp4#frame=104
104,LEFT_KNEE,0.2269805371761322,0.3267001211643219,0.013223948888480663,0.9938672184944153,CapturedFrames_-3.0_1.5_-2.0/video.mp4#frame=104
104,RIGHT_KNEE,0.2757059335708618,0.3293318748474121,0.056369930505752563,0.9526278972625732,CapturedFrames_-3.0_1.5_-2.0/video.mp4#frame=104
104,LEFT_ANKLE,0.2364107072353363,0.398265540599823,0.010995490476489067,0.9922066330909729,CapturedFrames_-3.0_1.5_-2.0/video.mp4#frame=104
104,RIGHT_ANKLE,0.30797645449638367,0.39298468828201294,-0.003953223116695881,0.9737710356712341,CapturedFrames_-3.0_1.5_-2.0/video.mp4#frame=104
104,LEFT_HEEL,0.24306777119636536,0.411459356546402,0.011851469986140728,0.9884139895439148,CapturedFrames_-3.0_1.5_-2.0/video.mp4#frame=104
104,RIGHT_HEEL,0.3151247501373291,0.40035295486450195,-0.009374702349305153,0.957840621471405,CapturedFrames_-3.0_1.5_-2.0/video.mp4#frame=104
104,LEFT_FOOT_INDEX,0.22056075930595398,0.41284945607185364,0.011330771259963512,0.9710473418235779,CapturedFrames_-3.0_1.5_-2.0/video.mp4#frame=104
104,RIGHT_FOOT_INDEX,0.3068217635154724,0.4172464907169342,-0.015384082682430744,0.9270581603050232,CapturedFrames_-3.0_1.5_-2.0/video.mp4#frame=104
