frame_id,time_sec,Hips_X,Hips_Y,Hips_Z,LeftUpperLeg_X,LeftUpperLeg_Y,LeftUpperLeg_Z,RightUpperLeg_X,RightUpperLeg_Y,RightUpperLeg_Z,LeftLowerLeg_X,LeftLowerLeg_Y,LeftLowerLeg_Z,RightLowerLeg_X,RightLowerLeg_Y,RightLowerLeg_Z,LeftFoot_X,LeftFoot_Y,LeftFoot_Z,RightFoot_X,RightFoot_Y,RightFoot_Z,Spine_X,Spine_Y,Spine_Z,Chest_X,Chest_Y,Chest_Z,Neck_X,Neck_Y,Neck_Z,Head_X,Head_Y,Head_Z,LeftShoulder_X,LeftShoulder_Y,LeftShoulder_Z,RightShoulder_X,RightShoulder_Y,RightShoulder_Z,LeftUpperArm_X,LeftUpperArm_Y,LeftUpperArm_Z,RightUpperArm_X,RightUpperArm_Y,RightUpperArm_Z,LeftLowerArm_X,LeftLowerArm_Y,LeftLowerArm_Z,RightLowerArm_X,RightLowerArm_Y,RightLowerArm_Z,LeftHand_X,LeftHand_Y,LeftHand_Z,RightHand_X,RightHand_Y,RightHand_Z,LeftToes_X,LeftToes_Y,LeftToes_Z,RightToes_X,RightToes_Y,RightToes_Z,LeftEye_X,LeftEye_Y,LeftEye_Z,RightEye_X,RightEye_Y,RightEye_Z,Jaw_X,Jaw_Y,Jaw_Z,LeftThumbProximal_X,LeftThumbProximal_Y,LeftThumbProximal_Z,LeftThumbIntermediate_X,LeftThumbIntermediate_Y,LeftThumbIntermediate_Z,LeftThumbDistal_X,LeftThumbDistal_Y,LeftThumbDistal_Z,LeftIndexProximal_X,LeftIndexProximal_Y,LeftIndexProximal_Z,LeftIndexIntermediate_X,LeftIndexIntermediate_Y,LeftIndexIntermediate_Z,LeftIndexDistal_X,LeftIndexDistal_Y,LeftIndexDistal_Z,LeftMiddleProximal_X,LeftMiddleProximal_Y,LeftMiddleProximal_Z,LeftMiddleIntermediate_X,LeftMiddleIntermediate_Y,LeftMiddleIntermediate_Z,LeftMiddleDistal_X,LeftMiddleDistal_Y,LeftMiddleDistal_Z,LeftRingProximal_X,LeftRingProximal_Y,LeftRingProximal_Z,LeftRingIntermediate_X,LeftRingIntermediate_Y,LeftRingIntermediate_Z,LeftRingDistal_X,LeftRingDistal_Y,LeftRingDistal_Z,LeftLittleProximal_X,LeftLittleProximal_Y,LeftLittleProximal_Z,LeftLittleIntermediate_X,LeftLittleIntermediate_Y,LeftLittleIntermediate_Z,LeftLittleDistal_X,LeftLittleDistal_Y,LeftLittleDistal_Z,RightThumbProximal_X,RightThumbProximal_Y,RightThumbProximal_Z,RightThumbIntermediate_X,RightThumbIntermediate_Y,RightThumbIntermediate_Z,RightThumbDistal_X,RightThumbDistal_Y,RightThumbDistal_Z,RightIndexProximal_X,RightIndexProximal_Y,RightIndexProximal_Z,RightIndexIntermediate_X,RightIndexIntermediate_Y,RightIndexIntermediate_Z,RightIndexDistal_X,RightIndexDistal_Y,RightIndexDistal_Z,RightMiddleProximal_X,RightMiddleProximal_Y,RightMiddleProximal_Z,RightMiddleIntermediate_X,RightMiddleIntermediate_Y,RightMiddleIntermediate_Z,RightMiddleDistal_X,RightMiddleDistal_Y,RightMiddleDistal_Z,RightRingProximal_X,RightRingProximal_Y,RightRingProximal_Z,RightRingIntermediate_X,RightRingIntermediate_Y,RightRingIntermediate_Z,RightRingDistal_X,RightRingDistal_Y,RightRingDistal_Z,RightLittleProximal_X,RightLittleProximal_Y,RightLittleProximal_Z,RightLittleIntermediate_X,RightLittleIntermediate_Y,RightLittleIntermediate_Z,RightLittleDistal_X,RightLittleDistal_Y,RightLittleDistal_Z,UpperChest_X,UpperChest_Y,UpperChest_Z
0,0.000,-0.094805,0.963142,-3.332761,-0.214487,0.964015,-3.340573,0.024878,0.962268,-3.324950,-0.286064,0.558113,-3.170416,0.026632,0.536678,-3.191900,-0.237743,0.270407,-3.467323,0.026954,0.130163,-3.281396,-0.094076,1.080365,-3.330823,-0.096748,1.294197,-3.315512,-0.087085,1.534635,-3.283969,-0.082103,1.631321,-3.246174,-0.124393,1.483882,-3.286449,-0.053696,1.481755,-3.291854,-0.261821,1.430043,-3.263077,0.080060,1.418040,-3.304890,-0.325386,1.146752,-3.272839,0.142983,1.133876,-3.313591,-0.345657,0.870918,-3.214021,0.167283,0.868858,-3.218013,-0.258746,0.097434,-3.425790,0.045672,0.045806,-3.124489,,,,,,,,,,-0.328572,0.857908,-3.201273,-0.302928,0.811107,-3.201384,-0.292793,0.777290,-3.207778,-0.326505,0.777648,-3.200021,-0.313044,0.746224,-3.213875,-0.299297,0.729402,-3.229264,-0.345694,0.777183,-3.217046,-0.333343,0.747182,-3.239207,-0.321888,0.732636,-3.257708,-0.361316,0.778197,-3.231290,-0.350575,0.750204,-3.253757,-0.339659,0.740439,-3.271437,-0.373638,0.784953,-3.248051,-0.363603,0.762323,-3.269619,-0.352597,0.753641,-3.287506,0.154686,0.859789,-3.198450,0.122045,0.818443,-3.189901,0.108671,0.785702,-3.195945,0.146502,0.781197,-3.184166,0.125521,0.750995,-3.187021,0.103803,0.738168,-3.195554,0.158456,0.776228,-3.206318,0.137766,0.743529,-3.213125,0.116084,0.735556,-3.225439,0.168171,0.773507,-3.224925,0.148467,0.742857,-3.233655,0.128924,0.741441,-3.245615,0.174407,0.776579,-3.245663,0.155843,0.751132,-3.254920,0.137003,0.744068,-3.265500,,,
1,0.033,-0.094805,0.963142,-3.332761,-0.214487,0.964015,-3.340573,0.024878,0.962268,-3.324950,-0.286064,0.558113,-3.170416,0.026632,0.536678,-3.191900,-0.237743,0.270407,-3.467323,0.026954,0.130163,-3.281396,-0.094076,1.080365,-3.330823,-0.096748,1.294197,-3.315512,-0.087085,1.534635,-3.283969,-0.082103,1.631321,-3.246174,-0.124393,1.483882,-3.286449,-0.053696,1.481755,-3.291854,-0.261821,1.430043,-3.263077,0.080060,1.418040,-3.304890,-0.325386,1.146752,-3.272839,0.142983,1.133876,-3.313591,-0.345657,0.870918,-3.214021,0.167283,0.868858,-3.218013,-0.258746,0.097434,-3.425790,0.045672,0.045806,-3.124489,,,,,,,,,,-0.328572,0.857908,-3.201273,-0.302928,0.811107,-3.201384,-0.292793,0.777290,-3.207778,-0.326505,0.777648,-3.200021,-0.313044,0.746224,-3.213875,-0.299297,0.729402,-3.229264,-0.345694,0.777183,-3.217046,-0.333343,0.747182,-3.239207,-0.321888,0.732636,-3.257708,-0.361316,0.778197,-3.231290,-0.350575,0.750204,-3.253757,-0.339659,0.740439,-3.271437,-0.373638,0.784953,-3.248051,-0.363603,0.762323,-3.269619,-0.352597,0.753641,-3.287506,0.154686,0.859789,-3.198450,0.122045,0.818443,-3.189901,0.108671,0.785702,-3.195945,0.146502,0.781197,-3.184166,0.125521,0.750995,-3.187021,0.103803,0.738168,-3.195554,0.158456,0.776228,-3.206318,0.137766,0.743529,-3.213125,0.116084,0.735556,-3.225439,0.168171,0.773507,-3.224925,0.148467,0.742857,-3.233655,0.128924,0.741441,-3.245615,0.174407,0.776579,-3.245663,0.155843,0.751132,-3.254920,0.137003,0.744068,-3.265500,,,
2,0.067,-0.103056,0.977711,-3.279760,-0.222882,0.978273,-3.284951,0.016771,0.977150,-3.274569,-0.285944,0.583129,-3.088183,0.017022,0.538609,-3.193854,-0.247569,0.235476,-3.313855,0.021652,0.131074,-3.278453,-0.102570,1.094943,-3.278297,-0.104129,1.308614,-3.260751,-0.096058,1.548924,-3.227813,-0.092699,1.645586,-3.189780,-0.133068,1.497990,-3.230937,-0.062311,1.496264,-3.235652,-0.270396,1.442784,-3.210325,0.072368,1.434114,-3.246568,-0.331345,1.161099,-3.246768,0.138937,1.150706,-3.240906,-0.361545,0.881141,-3.220944,0.151453,0.894193,-3.122564,-0.272490,0.080211,-3.228077,0.042290,0.046319,-3.122002,,,,,,,,,,-0.344802,0.866039,-3.210210,-0.318665,0.820183,-3.218091,-0.307525,0.788208,-3.229952,-0.341911,0.786972,-3.223912,-0.327984,0.757335,-3.240890,-0.313509,0.742373,-3.257486,-0.360452,0.789632,-3.241444,-0.347462,0.763015,-3.267261,-0.335363,0.751156,-3.287213,-0.375549,0.793237,-3.255835,-0.364569,0.768569,-3.281809,-0.353245,0.761242,-3.300388,-0.387317,0.802966,-3.271495,-0.376916,0.784443,-3.296530,-0.365524,0.779008,-3.315429,0.136622,0.887990,-3.103454,0.102965,0.848005,-3.092665,0.090134,0.814595,-3.095225,0.126370,0.812306,-3.078664,0.106179,0.781438,-3.078857,0.085684,0.766792,-3.087482,0.140779,0.804236,-3.098300,0.120993,0.770523,-3.102245,0.100849,0.760368,-3.115527,0.152567,0.798891,-3.115047,0.134187,0.766801,-3.121073,0.116173,0.763096,-3.134811,0.161180,0.798916,-3.135152,0.143904,0.772023,-3.142645,0.126479,0.763113,-3.154210,,,
3,0.100,-0.108743,0.988688,-3.236769,-0.228621,0.989627,-3.240490,0.011136,0.987749,-3.233047,-0.282986,0.597724,-3.034847,0.008921,0.542864,-3.202964,-0.249786,0.202925,-3.162501,0.015482,0.136600,-3.293354,-0.107916,1.105890,-3.233838,-0.109030,1.319463,-3.215102,-0.105041,1.559973,-3.182884,-0.104095,1.656776,-3.145071,-0.141276,1.508540,-3.186825,-0.070400,1.507740,-3.189592,-0.278974,1.452370,-3.172142,0.065566,1.447763,-3.195627,-0.336804,1.174447,-3.233820,0.141006,1.167386,-3.173692,-0.369732,0.893624,-3.230766,0.145135,0.921186,-3.034663,-0.278371,0.076392,-3.038977,0.036489,0.052692,-3.136496,,,,,,,,,,-0.353326,0.878333,-3.219782,-0.324125,0.834634,-3.229040,-0.309936,0.804448,-3.242254,-0.344882,0.801122,-3.240147,-0.327892,0.773412,-3.257586,-0.311067,0.760321,-3.273534,-0.361748,0.804601,-3.259165,-0.345095,0.780713,-3.285544,-0.330571,0.771006,-3.305035,-0.375546,0.808876,-3.274635,-0.361153,0.786760,-3.301234,-0.347839,0.781338,-3.319135,-0.386241,0.819508,-3.290477,-0.372726,0.803694,-3.315878,-0.359400,0.800406,-3.333991,0.128791,0.915179,-3.016763,0.094643,0.875086,-3.008137,0.082191,0.841564,-3.011078,0.117049,0.839843,-2.991579,0.097020,0.808905,-2.993074,0.077381,0.794065,-3.003227,0.133122,0.831566,-3.009783,0.113769,0.797767,-3.014950,0.094843,0.787414,-3.029780,0.146321,0.826040,-3.025380,0.128609,0.793780,-3.032414,0.111827,0.789798,-3.047561,0.156600,0.825797,-3.044685,0.140080,0.798716,-3.053141,0.123698,0.789564,-3.065973,,,
4,0.133,-0.113028,0.991316,-3.184254,-0.232927,0.991475,-3.187380,0.006871,0.991157,-3.181127,-0.274750,0.592125,-2.993465,0.007307,0.545298,-3.187624,-0.251847,0.176507,-2.994084,0.011875,0.142207,-3.291354,-0.112985,1.108479,-3.179950,-0.112725,1.321966,-3.160225,-0.113115,1.562591,-3.128634,-0.114396,1.659558,-3.091253,-0.148490,1.510655,-3.133642,-0.077556,1.510822,-3.134002,-0.286241,1.453295,-3.125528,0.060026,1.454330,-3.133884,-0.337022,1.180451,-3.211359,0.146989,1.179242,-3.094536,-0.369574,0.900269,-3.231206,0.137864,0.947750,-2.932399,-0.285323,0.087536,-2.842264,0.033957,0.058663,-3.134449,,,,,,,,,,-0.353745,0.884867,-3.219550,-0.322003,0.842893,-3.228418,-0.305281,0.814136,-3.241854,-0.340153,0.809484,-3.243638,-0.320469,0.783507,-3.260911,-0.301651,0.772018,-3.275834,-0.355149,0.813614,-3.264042,-0.334956,0.792037,-3.289934,-0.318148,0.784093,-3.308360,-0.367485,0.818413,-3.280558,-0.349619,0.798556,-3.306832,-0.334368,0.794748,-3.323566,-0.376957,0.829682,-3.296734,-0.360276,0.816000,-3.321483,-0.345042,0.814340,-3.338265,0.119749,0.942010,-2.916196,0.085508,0.901554,-2.909969,0.073508,0.867860,-2.912823,0.106520,0.867322,-2.889845,0.086825,0.836305,-2.893102,0.068538,0.821211,-2.905213,0.124629,0.858773,-2.905884,0.106176,0.824707,-2.912405,0.089119,0.813871,-2.929048,0.139551,0.853001,-2.919742,0.122802,0.820489,-2.927887,0.107807,0.816066,-2.944696,0.151893,0.852330,-2.937786,0.136299,0.824985,-2.947108,0.121332,0.815440,-2.961309,,,
5,0.167,-0.116338,0.985256,-3.134706,-0.236207,0.981873,-3.137066,0.003531,0.988640,-3.132346,-0.269420,0.587570,-2.931505,0.013474,0.543420,-3.155006,-0.263976,0.183085,-2.833394,0.014747,0.149616,-3.289839,-0.119745,1.102332,-3.129489,-0.116678,1.315791,-3.109698,-0.122328,1.556461,-3.078958,-0.125406,1.653582,-3.042087,-0.156606,1.503917,-3.085125,-0.085722,1.505289,-3.082803,-0.293915,1.444979,-3.083119,0.053232,1.452748,-3.075628,-0.333626,1.177693,-3.189755,0.152318,1.185608,-3.015613,-0.362390,0.899487,-3.231337,0.133926,0.968315,-2.835596,-0.300324,0.133561,-2.665132,0.036823,0.063474,-3.134345,,,,,,,,,,-0.347595,0.883843,-3.218687,-0.314109,0.842907,-3.225823,-0.295240,0.815105,-3.238400,-0.329691,0.809926,-3.244443,-0.307729,0.785068,-3.260578,-0.287169,0.774566,-3.273837,-0.342432,0.814737,-3.266187,-0.319071,0.794705,-3.290615,-0.300182,0.787890,-3.307404,-0.352974,0.820082,-3.283745,-0.331883,0.801798,-3.308738,-0.314806,0.799044,-3.323834,-0.360859,0.831924,-3.300358,-0.341203,0.819712,-3.323649,-0.324156,0.819106,-3.338667,0.114183,0.963200,-2.821185,0.080120,0.922425,-2.816168,0.068195,0.888623,-2.817767,0.099265,0.890065,-2.791581,0.080206,0.858744,-2.795626,0.063572,0.842889,-2.809075,0.119217,0.880935,-2.804880,0.102008,0.846241,-2.811496,0.087123,0.834194,-2.829346,0.135708,0.874641,-2.816560,0.120158,0.841541,-2.824710,0.107203,0.836031,-2.842842,0.150030,0.873106,-2.833020,0.135479,0.845169,-2.842271,0.122109,0.834711,-2.857393,,,
6,0.200,-0.119371,0.973486,-3.079347,-0.239112,0.966618,-3.080128,0.000369,0.980354,-3.078567,-0.267023,0.586078,-2.849383,0.019777,0.536907,-3.121118,-0.285176,0.200621,-2.693316,0.017935,0.155135,-3.286979,-0.126114,1.090393,-3.073617,-0.121679,1.303931,-3.054976,-0.131874,1.544641,-3.025758,-0.136213,1.641900,-2.989381,-0.165155,1.491553,-3.032671,-0.094404,1.494012,-3.028204,-0.302158,1.431951,-3.035742,0.044756,1.443476,-3.014038,-0.330868,1.170250,-3.158534,0.152489,1.185933,-2.931279,-0.355924,0.895440,-3.220231,0.126050,0.980968,-2.738273,-0.323421,0.191856,-2.518540,0.040256,0.065596,-3.133452,,,,,,,,,,-0.342266,0.879233,-3.207024,-0.307641,0.839060,-3.212963,-0.287222,0.812188,-3.225132,-0.320775,0.807054,-3.234881,-0.296577,0.783943,-3.250403,-0.274504,0.774919,-3.262242,-0.331311,0.812979,-3.257511,-0.305121,0.795026,-3.280652,-0.284477,0.789674,-3.295827,-0.340093,0.819218,-3.275731,-0.316035,0.803125,-3.299521,-0.297422,0.801755,-3.312891,-0.346421,0.831915,-3.292379,-0.324277,0.821478,-3.314258,-0.305799,0.822054,-3.327475,0.105145,0.976674,-2.725306,0.071569,0.935600,-2.719515,0.060039,0.901631,-2.718804,0.088951,0.906264,-2.690265,0.070818,0.874290,-2.693331,0.055801,0.856950,-2.706850,0.110240,0.896494,-2.700735,0.094409,0.860870,-2.705624,0.081527,0.846845,-2.723588,0.127876,0.889599,-2.710191,0.113667,0.855547,-2.716704,0.102571,0.848139,-2.735385,0.143708,0.886926,-2.725043,0.130379,0.857946,-2.732810,0.118556,0.845831,-2.747983,,,
7,0.233,-0.123292,0.958301,-3.020411,-0.242943,0.950095,-3.019047,-0.003641,0.966507,-3.021774,-0.267529,0.589985,-2.757229,0.020834,0.526477,-3.089647,-0.297506,0.214169,-2.580801,0.017002,0.158734,-3.284618,-0.131231,1.075105,-3.014126,-0.127849,1.288760,-2.996639,-0.140018,1.529541,-2.968797,-0.145018,1.626957,-2.932928,-0.172849,1.476215,-2.976022,-0.102203,1.479133,-2.970342,-0.309903,1.417090,-2.983237,0.036351,1.428825,-2.950535,-0.330805,1.159378,-3.115665,0.149069,1.180561,-2.848343,-0.354750,0.888873,-3.194460,0.118621,0.984273,-2.647086,-0.335536,0.239486,-2.407599,0.040576,0.067430,-3.132322,,,,,,,,,,-0.341838,0.871999,-3.181339,-0.306628,0.832342,-3.187303,-0.285146,0.806208,-3.199249,-0.318131,0.801569,-3.211755,-0.291768,0.781651,-3.228152,-0.268632,0.775232,-3.239657,-0.327262,0.808716,-3.234642,-0.298863,0.793873,-3.257378,-0.277084,0.790677,-3.271540,-0.334922,0.815935,-3.253005,-0.308432,0.802936,-3.276093,-0.288841,0.803476,-3.288052,-0.340277,0.829522,-3.269287,-0.316379,0.820973,-3.290114,-0.297016,0.822753,-3.301877,0.097139,0.980190,-2.635023,0.064775,0.938381,-2.627773,0.054873,0.904009,-2.624975,0.081405,0.912237,-2.595243,0.064637,0.879421,-2.596823,0.051111,0.860498,-2.609781,0.103625,0.902530,-2.603631,0.089501,0.865975,-2.606426,0.078286,0.850041,-2.623909,0.122036,0.895620,-2.611459,0.109486,0.860614,-2.616032,0.099830,0.851328,-2.634673,0.138822,0.892406,-2.625108,0.126962,0.862381,-2.631081,0.116467,0.848586,-2.645789,,,
8,0.267,-0.128286,0.944442,-2.959059,-0.247924,0.936480,-2.956069,-0.008648,0.952405,-2.962049,-0.272159,0.579200,-2.690369,0.016465,0.517728,-3.058266,-0.295494,0.203131,-2.513476,0.014463,0.164418,-3.278338,-0.135901,1.061260,-2.952634,-0.134621,1.274943,-2.935200,-0.147840,1.515648,-2.907187,-0.153784,1.613092,-2.871538,-0.180407,1.462276,-2.915224,-0.109907,1.465312,-2.908001,-0.316979,1.402717,-2.926729,0.028170,1.415767,-2.883497,-0.331485,1.145792,-3.061520,0.142553,1.173155,-2.770183,-0.354909,0.879298,-3.153105,0.113831,0.980163,-2.565513,-0.328550,0.224244,-2.338698,0.038585,0.067054,-3.129931,,,,,,,,,,-0.342136,0.861804,-3.140677,-0.306574,0.822716,-3.148118,-0.284750,0.797404,-3.161163,-0.317429,0.793257,-3.174416,-0.290303,0.775458,-3.191966,-0.266883,0.770650,-3.203679,-0.326178,0.801589,-3.197050,-0.296983,0.788908,-3.220084,-0.274856,0.787137,-3.233953,-0.333542,0.809755,-3.215135,-0.306194,0.798831,-3.238298,-0.286328,0.800543,-3.249679,-0.338679,0.824179,-3.230754,-0.314156,0.816999,-3.251370,-0.294512,0.819580,-3.262503,0.092096,0.976293,-2.553843,0.060707,0.934137,-2.544591,0.051994,0.899681,-2.539668,0.077011,0.910880,-2.509784,0.061210,0.877550,-2.509570,0.048643,0.857385,-2.521588,0.099754,0.901284,-2.516780,0.086824,0.864188,-2.517322,0.076655,0.846700,-2.533937,0.118596,0.894400,-2.523533,0.107169,0.858805,-2.526033,0.098387,0.847982,-2.544273,0.135897,0.890740,-2.536404,0.125059,0.860027,-2.540533,0.115418,0.844913,-2.554511,,,
9,0.300,-0.134294,0.932183,-2.894983,-0.254049,0.926221,-2.892032,-0.014539,0.938146,-2.897933,-0.275856,0.560481,-2.637884,0.006838,0.511215,-3.024841,-0.289093,0.177267,-2.475911,0.011607,0.172386,-3.266577,-0.140013,1.049205,-2.890635,-0.141211,1.263059,-2.875449,-0.156460,1.503864,-2.849385,-0.164278,1.601536,-2.814735,-0.188507,1.450274,-2.858045,-0.118269,1.453721,-2.848747,-0.323947,1.388767,-2.872341,0.019616,1.406083,-2.819785,-0.335595,1.129121,-3.002104,0.134530,1.164504,-2.704817,-0.359151,0.863400,-3.095872,0.113472,0.968216,-2.502362,-0.312981,0.160822,-2.299149,0.036708,0.062790,-3.127133,,,,,,,,,,-0.346315,0.845155,-3.084648,-0.311977,0.805637,-3.095005,-0.291416,0.780494,-3.110243,-0.324516,0.777488,-3.121979,-0.298511,0.759946,-3.141386,-0.275700,0.755198,-3.154268,-0.333939,0.786900,-3.143908,-0.305934,0.774440,-3.168488,-0.284386,0.772688,-3.183243,-0.341806,0.795936,-3.161357,-0.315590,0.785357,-3.185944,-0.296128,0.787086,-3.198000,-0.347210,0.811077,-3.176188,-0.323554,0.804068,-3.197850,-0.304226,0.806568,-3.209540,0.091781,0.964450,-2.490575,0.061272,0.922125,-2.479358,0.053707,0.887667,-2.472820,0.077941,0.900954,-2.443411,0.063025,0.867306,-2.440987,0.050952,0.846094,-2.451630,0.100911,0.891524,-2.449868,0.088942,0.854139,-2.448221,0.079234,0.835445,-2.463764,0.119922,0.884728,-2.456225,0.109502,0.848741,-2.456660,0.101065,0.836643,-2.474251,0.137346,0.880820,-2.468855,0.127595,0.849567,-2.471298,0.118541,0.833401,-2.484468,,,
10,0.333,-0.141463,0.922249,-2.827718,-0.261311,0.917678,-2.826699,-0.021614,0.926819,-2.828738,-0.278394,0.543092,-2.585399,-0.003945,0.511920,-2.991155,-0.284444,0.150671,-2.446716,0.012265,0.186110,-3.249707,-0.145904,1.039371,-2.824840,-0.149618,1.253467,-2.814117,-0.165781,1.494845,-2.794775,-0.176156,1.593096,-2.762517,-0.197531,1.440999,-2.802926,-0.127582,1.444794,-2.791766,-0.332179,1.378137,-2.818722,0.009943,1.398524,-2.759113,-0.345906,1.113619,-2.938020,0.122376,1.153525,-2.649029,-0.371704,0.844688,-3.021481,0.110410,0.948736,-2.454405,-0.307137,0.093053,-2.278635,0.038678,0.055024,-3.130523,,,,,,,,,,-0.358782,0.825922,-3.011259,-0.326411,0.785491,-3.024121,-0.307861,0.760047,-3.041315,-0.341471,0.758067,-3.050547,-0.317268,0.740059,-3.071772,-0.295468,0.734826,-3.086131,-0.351927,0.768028,-3.071754,-0.325767,0.755012,-3.098021,-0.305163,0.752783,-3.114010,-0.360566,0.777510,-3.088590,-0.336174,0.766462,-3.114795,-0.317415,0.767754,-3.127968,-0.366393,0.792987,-3.102904,-0.344172,0.785380,-3.125846,-0.325430,0.787323,-3.138551,0.088752,0.945100,-2.442516,0.058401,0.902873,-2.430529,0.051749,0.868329,-2.423470,0.075202,0.882368,-2.394259,0.060891,0.848669,-2.389771,0.048964,0.826735,-2.399024,0.098191,0.872903,-2.400598,0.086716,0.835482,-2.397194,0.077068,0.815999,-2.411776,0.117213,0.866062,-2.406874,0.107465,0.829901,-2.405778,0.099133,0.816948,-2.422800,0.134628,0.861997,-2.419468,0.125711,0.830436,-2.420956,0.117064,0.813699,-2.433680,,,
11,0.367,-0.151244,0.916106,-2.763456,-0.271130,0.912719,-2.764719,-0.031359,0.919493,-2.762192,-0.292331,0.542347,-2.517318,-0.005708,0.503759,-2.921378,-0.289956,0.136989,-2.422749,0.015936,0.204085,-3.209459,-0.154571,1.033291,-2.761929,-0.161407,1.247447,-2.754447,-0.175309,1.489410,-2.741822,-0.187745,1.588287,-2.712321,-0.207517,1.435682,-2.748877,-0.137662,1.439082,-2.737023,-0.342372,1.373198,-2.764411,-0.000823,1.392034,-2.702646,-0.364597,1.104022,-2.871369,0.105710,1.139139,-2.605288,-0.397168,0.831093,-2.937731,0.102715,0.921567,-2.424694,-0.313499,0.049287,-2.268347,0.043071,0.045024,-3.131680,,,,,,,,,,-0.384184,0.812605,-2.927088,-0.352654,0.771265,-2.939124,-0.335119,0.745018,-2.956176,-0.368760,0.742961,-2.963957,-0.345319,0.724082,-2.985281,-0.324010,0.718204,-3.000120,-0.379685,0.752163,-2.985269,-0.354280,0.737879,-3.011618,-0.334094,0.734829,-3.027998,-0.388679,0.761047,-3.002245,-0.365045,0.748675,-3.028553,-0.346605,0.749217,-3.042220,-0.394723,0.775988,-3.017031,-0.372935,0.766905,-3.039850,-0.354353,0.767890,-3.052898,0.081050,0.918223,-2.412733,0.049829,0.876496,-2.401244,0.042134,0.842073,-2.394669,0.066374,0.855033,-2.365412,0.051735,0.821578,-2.360210,0.039346,0.799679,-2.368921,0.089109,0.845162,-2.372043,0.077107,0.807940,-2.368287,0.066952,0.788476,-2.382547,0.107936,0.838001,-2.378545,0.097771,0.801961,-2.377257,0.089104,0.789054,-2.394146,0.125182,0.833753,-2.391308,0.115956,0.802291,-2.392998,0.107073,0.785676,-2.405717,,,
12,0.400,-0.162526,0.913425,-2.702312,-0.282396,0.910652,-2.705321,-0.042656,0.916197,-2.699304,-0.312905,0.553715,-2.439806,0.005391,0.486637,-2.808858,-0.297246,0.138263,-2.419380,0.024283,0.229905,-3.135960,-0.165241,1.030635,-2.702128,-0.172728,1.244823,-2.696352,-0.186672,1.486949,-2.687472,-0.200408,1.586161,-2.659727,-0.218878,1.433110,-2.693629,-0.149002,1.436711,-2.681961,-0.353532,1.369573,-2.706383,-0.012104,1.389596,-2.647912,-0.384764,1.096061,-2.799150,0.092570,1.128822,-2.571595,-0.421988,0.819157,-2.842664,0.102350,0.896204,-2.411117,-0.323411,0.050843,-2.265240,0.042708,0.051921,-3.127685,,,,,,,,,,-0.408994,0.801767,-2.830320,-0.377972,0.759098,-2.838385,-0.361447,0.731238,-2.853809,-0.394668,0.728496,-2.859880,-0.371921,0.707297,-2.879724,-0.351038,0.699682,-2.894378,-0.405836,0.735514,-2.881886,-0.380912,0.718334,-2.906934,-0.360985,0.713412,-2.923175,-0.415011,0.742652,-2.899575,-0.391973,0.727235,-2.924781,-0.373771,0.726069,-2.938724,-0.421157,0.756014,-2.915762,-0.399458,0.744108,-2.937335,-0.380871,0.743323,-2.950388,0.081017,0.892231,-2.398759,0.050073,0.849949,-2.388623,0.041956,0.815366,-2.383572,0.067568,0.826641,-2.354433,0.053229,0.792916,-2.350239,0.040649,0.771349,-2.359490,0.090101,0.817137,-2.362193,0.078391,0.779727,-2.359557,0.067868,0.760738,-2.374186,0.108735,0.810333,-2.369574,0.098699,0.774234,-2.369671,0.089576,0.762072,-2.386870,0.125621,0.806765,-2.383011,0.116416,0.775392,-2.385987,0.107220,0.759358,-2.399220,,,
13,0.433,-0.172949,0.914949,-2.642422,-0.292768,0.912676,-2.647304,-0.053130,0.917223,-2.637541,-0.327667,0.552338,-2.386974,0.012920,0.477643,-2.672749,-0.301709,0.137916,-2.416024,0.027171,0.269077,-3.032695,-0.175134,1.032167,-2.643380,-0.181790,1.246404,-2.638503,-0.195070,1.488602,-2.630580,-0.209308,1.587820,-2.603113,-0.227470,1.434811,-2.636111,-0.157454,1.438300,-2.625278,-0.361983,1.370377,-2.645373,-0.020331,1.390453,-2.593211,-0.402493,1.092884,-2.721176,0.080282,1.122817,-2.538151,-0.442358,0.813377,-2.736724,0.098500,0.877542,-2.398621,-0.329394,0.050559,-2.262115,0.046654,0.095608,-3.072880,,,,,,,,,,-0.429597,0.797137,-2.722686,-0.399657,0.753112,-2.726350,-0.384917,0.723574,-2.740398,-0.417323,0.720750,-2.744178,-0.395776,0.696569,-2.761831,-0.375499,0.686511,-2.775849,-0.428620,0.725582,-2.766701,-0.404531,0.705026,-2.789959,-0.384984,0.697769,-2.805780,-0.437865,0.730958,-2.784967,-0.415925,0.711884,-2.808602,-0.398083,0.708434,-2.822633,-0.443920,0.742612,-2.802457,-0.422617,0.727635,-2.822453,-0.404111,0.724764,-2.835328,0.077518,0.872818,-2.385929,0.046654,0.830057,-2.377751,0.038888,0.795145,-2.374879,0.065020,0.804431,-2.345747,0.050617,0.770532,-2.343742,0.037695,0.749771,-2.354276,0.087262,0.795395,-2.354796,0.075561,0.757892,-2.354285,0.064568,0.739902,-2.369803,0.105632,0.789039,-2.363171,0.095421,0.753062,-2.365465,0.085745,0.742136,-2.383183,0.122095,0.786328,-2.377314,0.112722,0.755210,-2.381970,0.103087,0.740041,-2.395893,,,
14,0.467,-0.181974,0.919851,-2.584109,-0.301668,0.918274,-2.591626,-0.062280,0.921429,-2.576591,-0.337321,0.546408,-2.348158,0.007415,0.482787,-2.536990,-0.305658,0.136082,-2.410556,0.020070,0.296949,-2.909237,-0.183394,1.037068,-2.586095,-0.188562,1.251355,-2.581637,-0.199148,1.493626,-2.572051,-0.212309,1.592741,-2.543689,-0.232243,1.440190,-2.576875,-0.161899,1.442924,-2.568157,-0.366827,1.375444,-2.582024,-0.024336,1.393638,-2.540450,-0.415397,1.094609,-2.638254,0.068856,1.120668,-2.500621,-0.456013,0.815235,-2.622255,0.095857,0.865564,-2.381653,-0.335215,0.049212,-2.256719,0.057681,0.127338,-2.952869,,,,,,,,,,-0.443333,0.800202,-2.606865,-0.414229,0.755471,-2.606601,-0.400778,0.724517,-2.618769,-0.432723,0.721865,-2.620947,-0.412265,0.695216,-2.636175,-0.392561,0.683020,-2.649283,-0.444268,0.724692,-2.643685,-0.421155,0.701160,-2.665035,-0.402091,0.691748,-2.680301,-0.453687,0.728435,-2.662266,-0.432725,0.706344,-2.684092,-0.415245,0.700917,-2.697952,-0.459796,0.738442,-2.680731,-0.439129,0.721084,-2.699429,-0.420894,0.716543,-2.712209,0.075192,0.859946,-2.368806,0.044464,0.816711,-2.362930,0.037911,0.781436,-2.362652,0.063582,0.788860,-2.333315,0.049126,0.754927,-2.333681,0.035918,0.735092,-2.345561,0.085572,0.780492,-2.343547,0.073829,0.743052,-2.345531,0.062434,0.726285,-2.362094,0.103714,0.774751,-2.352816,0.093415,0.739033,-2.357506,0.083299,0.729447,-2.375747,0.119810,0.773058,-2.367527,0.110510,0.742256,-2.374054,0.100625,0.727996,-2.388742,,,
15,0.500,-0.188917,0.928333,-2.527034,-0.308454,0.927498,-2.536821,-0.069380,0.929167,-2.517247,-0.339798,0.538014,-2.321992,-0.002918,0.501680,-2.409218,-0.307508,0.131734,-2.406596,0.007037,0.300188,-2.773314,-0.189501,1.045538,-2.529895,-0.193158,1.259858,-2.525486,-0.200939,1.502124,-2.513439,-0.211513,1.601183,-2.483823,-0.234741,1.449038,-2.517054,-0.164030,1.451052,-2.511796,-0.369368,1.384196,-2.515452,-0.025758,1.400227,-2.491357,-0.423162,1.100757,-2.549487,0.060408,1.123201,-2.466548,-0.459556,0.824868,-2.499330,0.099764,0.860741,-2.368945,-0.338078,0.044508,-2.253158,0.051297,0.128092,-2.795901,,,,,,,,,,-0.446265,0.811461,-2.482982,-0.417594,0.766617,-2.479110,-0.405020,0.734305,-2.488326,-0.437085,0.731895,-2.488687,-0.417671,0.703241,-2.501438,-0.398728,0.689196,-2.513797,-0.449718,0.732336,-2.511013,-0.428010,0.706080,-2.530587,-0.409856,0.694622,-2.545561,-0.460014,0.734121,-2.529420,-0.440201,0.709626,-2.549698,-0.423422,0.702596,-2.563704,-0.466940,0.742093,-2.548573,-0.447435,0.722701,-2.566502,-0.429950,0.716726,-2.579733,0.080023,0.853792,-2.355321,0.050301,0.809688,-2.350905,0.045199,0.774249,-2.353234,0.071608,0.780019,-2.324752,0.057763,0.745871,-2.326408,0.044129,0.726581,-2.338696,0.093022,0.772851,-2.336931,0.081610,0.735477,-2.341007,0.069380,0.719829,-2.358061,0.110621,0.768157,-2.347713,0.100676,0.732639,-2.354299,0.089592,0.724160,-2.372525,0.125783,0.767876,-2.363474,0.116834,0.737428,-2.371877,0.106423,0.724108,-2.387075,,,
16,0.533,-0.192779,0.939204,-2.471163,-0.312232,0.939101,-2.481957,-0.073326,0.939308,-2.460369,-0.334899,0.530860,-2.304031,-0.008792,0.530232,-2.295066,-0.306757,0.127314,-2.402124,-0.006822,0.291967,-2.636372,-0.192567,1.056395,-2.474630,-0.195283,1.270731,-2.470326,-0.201085,1.512991,-2.457100,-0.208647,1.612014,-2.426461,-0.235319,1.460093,-2.458996,-0.164416,1.461724,-2.457675,-0.369947,1.396049,-2.448738,-0.025654,1.409488,-2.445978,-0.426601,1.111341,-2.459757,0.055260,1.129831,-2.440602,-0.451230,0.842739,-2.374894,0.107125,0.861622,-2.367567,-0.336540,0.040126,-2.248509,0.028567,0.116518,-2.629191,,,,,,,,,,-0.436500,0.831390,-2.358225,-0.407561,0.787101,-2.351226,-0.395239,0.753837,-2.356593,-0.427814,0.751653,-2.354471,-0.409235,0.721592,-2.365044,-0.391253,0.706073,-2.377070,-0.442420,0.749372,-2.375440,-0.422410,0.720728,-2.393409,-0.405605,0.707366,-2.408381,-0.454345,0.748899,-2.392921,-0.435963,0.722381,-2.411964,-0.420351,0.713925,-2.426521,-0.462986,0.754431,-2.412237,-0.445253,0.732863,-2.429508,-0.429096,0.725242,-2.443558,0.089179,0.853022,-2.352480,0.060595,0.808100,-2.348894,0.055719,0.772929,-2.354051,0.085093,0.776552,-2.328331,0.071936,0.742181,-2.330808,0.057299,0.723407,-2.342735,0.105003,0.770997,-2.343532,0.093587,0.733886,-2.349534,0.079580,0.719498,-2.366330,0.121264,0.767698,-2.356673,0.111279,0.732574,-2.365069,0.098280,0.725332,-2.382549,0.134480,0.769207,-2.374035,0.125270,0.739406,-2.384279,0.113478,0.727256,-2.399448,,,
17,0.567,-0.192856,0.951621,-2.415379,-0.312263,0.952344,-2.426648,-0.073448,0.950899,-2.404110,-0.327420,0.528001,-2.290501,-0.015173,0.563696,-2.190779,-0.305044,0.126679,-2.398681,-0.018652,0.281137,-2.496412,-0.191789,1.068797,-2.419169,-0.194921,1.283144,-2.415778,-0.198169,1.525472,-2.402918,-0.202801,1.624477,-2.371644,-0.232863,1.472839,-2.402918,-0.161974,1.473917,-2.405233,-0.367501,1.410782,-2.384137,-0.023470,1.419842,-2.401647,-0.426888,1.126630,-2.373155,0.051393,1.138860,-2.416758,-0.433965,0.869856,-2.254951,0.109223,0.866405,-2.367927,-0.333788,0.039907,-2.244634,0.008935,0.110739,-2.448560,,,,,,,,,,-0.417197,0.860787,-2.238820,-0.386864,0.817841,-2.229680,-0.373506,0.784573,-2.231098,-0.406729,0.782220,-2.225965,-0.388658,0.751232,-2.234555,-0.371715,0.734462,-2.246410,-0.423635,0.777219,-2.244605,-0.405285,0.746564,-2.260954,-0.390064,0.731439,-2.275941,-0.437504,0.774468,-2.260355,-0.420730,0.746019,-2.278047,-0.406661,0.736030,-2.293193,-0.448433,0.777443,-2.279066,-0.432635,0.753772,-2.295439,-0.418178,0.744398,-2.310259,0.093163,0.856621,-2.351497,0.063878,0.812101,-2.348607,0.057166,0.777752,-2.356510,0.089855,0.778149,-2.334798,0.075791,0.744249,-2.338477,0.059273,0.726766,-2.349899,0.107393,0.773834,-2.353021,0.094185,0.737683,-2.360915,0.077638,0.725227,-2.376926,0.121659,0.771614,-2.368498,0.109830,0.737562,-2.378715,0.094462,0.732172,-2.394892,0.132507,0.774669,-2.387244,0.121404,0.746137,-2.399095,0.107511,0.735626,-2.413700,,,
18,0.600,-0.192348,0.962840,-2.358898,-0.311670,0.964408,-2.370955,-0.073026,0.961272,-2.346841,-0.319281,0.527468,-2.282309,-0.021250,0.597694,-2.093933,-0.302801,0.128422,-2.399586,-0.026030,0.267357,-2.347148,-0.190434,1.080008,-2.362605,-0.193898,1.294355,-2.359606,-0.193858,1.536704,-2.346738,-0.195434,1.635607,-2.314845,-0.229092,1.484459,-2.345068,-0.158384,1.484753,-2.350734,-0.363571,1.424773,-2.318908,-0.020748,1.428526,-2.354619,-0.426001,1.142757,-2.287942,0.047169,1.147670,-2.390549,-0.408835,0.902656,-2.139577,0.105960,0.872290,-2.364660,-0.330321,0.040885,-2.245749,-0.000484,0.116020,-2.254786,,,,,,,,,,-0.389739,0.896268,-2.124806,-0.356306,0.855920,-2.114695,-0.340887,0.823548,-2.113481,-0.373667,0.820323,-2.104270,-0.355048,0.789186,-2.110933,-0.338693,0.771654,-2.122508,-0.392477,0.812445,-2.119838,-0.374711,0.780605,-2.134477,-0.360669,0.764223,-2.149295,-0.408035,0.807265,-2.133222,-0.392187,0.777268,-2.149120,-0.379594,0.765828,-2.164536,-0.421347,0.807507,-2.150575,-0.406608,0.782437,-2.165814,-0.393677,0.771728,-2.181131,0.091315,0.861671,-2.347445,0.059764,0.818678,-2.345425,0.050018,0.785751,-2.355829,0.084931,0.782152,-2.338304,0.068472,0.749563,-2.343565,0.049692,0.734226,-2.354567,0.099927,0.778882,-2.358864,0.083587,0.744502,-2.368592,0.064523,0.734680,-2.383604,0.112134,0.777573,-2.376106,0.097042,0.745442,-2.388092,0.079585,0.742588,-2.402723,0.120912,0.782026,-2.395638,0.106798,0.755466,-2.408797,0.090703,0.747228,-2.422577,,,
19,0.633,-0.192005,0.969821,-2.303641,-0.311218,0.972129,-2.316624,-0.072792,0.967514,-2.290658,-0.310823,0.528096,-2.275797,-0.026327,0.626686,-2.006916,-0.300750,0.131327,-2.401243,-0.029554,0.252280,-2.188778,-0.189402,1.086994,-2.306715,-0.193127,1.301311,-2.302247,-0.189325,1.543533,-2.287652,-0.187947,1.642181,-2.254971,-0.225131,1.491731,-2.284768,-0.154753,1.491164,-2.293620,-0.359242,1.434418,-2.252197,-0.018302,1.433112,-2.305080,-0.426139,1.155808,-2.204328,0.042112,1.154123,-2.362517,-0.376738,0.937381,-2.031689,0.098158,0.877005,-2.357555,-0.326918,0.043375,-2.247406,-0.002022,0.132878,-2.058121,,,,,,,,,,-0.355781,0.933935,-2.018553,-0.319126,0.896859,-2.007163,-0.301472,0.865864,-2.003312,-0.333109,0.862348,-1.990111,-0.313437,0.831429,-1.994305,-0.297339,0.813129,-2.005021,-0.353035,0.851580,-2.002164,-0.335087,0.818757,-2.014175,-0.321769,0.801029,-2.028083,-0.369650,0.843926,-2.012810,-0.353985,0.812533,-2.025956,-0.342515,0.799440,-2.040927,-0.384795,0.841178,-2.028349,-0.370423,0.814789,-2.041579,-0.358664,0.802526,-2.056673,0.084355,0.865376,-2.340296,0.050464,0.824154,-2.339934,0.037901,0.793113,-2.352819,0.073811,0.785787,-2.338891,0.054849,0.754992,-2.346146,0.034261,0.742090,-2.357040,0.086822,0.783972,-2.360930,0.067554,0.751823,-2.372711,0.046722,0.744783,-2.386916,0.097455,0.783892,-2.379231,0.079331,0.754187,-2.393123,0.060569,0.753952,-2.406347,0.104847,0.789962,-2.398901,0.088014,0.765787,-2.413393,0.070323,0.759990,-2.426440,,,
20,0.667,-0.190551,0.972706,-2.249053,-0.309691,0.975715,-2.262551,-0.071411,0.969698,-2.235556,-0.305691,0.529833,-2.264858,-0.035176,0.643536,-1.933665,-0.298958,0.137011,-2.402369,-0.028104,0.237596,-2.025461,-0.187387,1.089892,-2.250860,-0.192059,1.304127,-2.244008,-0.183826,1.546065,-2.226774,-0.180039,1.644366,-2.193245,-0.220291,1.494784,-2.222979,-0.150366,1.493253,-2.234808,-0.353887,1.439952,-2.184548,-0.015351,1.433862,-2.253887,-0.426795,1.165993,-2.121141,0.036436,1.158268,-2.332309,-0.343054,0.971411,-1.933843,0.087354,0.880451,-2.345920,-0.323754,0.048577,-2.248581,0.000097,0.150721,-1.871371,,,,,,,,,,-0.320766,0.970568,-1.922611,-0.281784,0.936588,-1.909428,-0.262366,0.907222,-1.902522,-0.292673,0.904996,-1.885752,-0.272349,0.874245,-1.887151,-0.256734,0.854836,-1.896546,-0.313294,0.892011,-1.893778,-0.295327,0.858093,-1.902176,-0.282749,0.838648,-1.914373,-0.330599,0.882394,-1.901265,-0.315149,0.849604,-1.910745,-0.304739,0.834488,-1.924538,-0.347119,0.876860,-1.914489,-0.333011,0.848999,-1.924622,-0.322262,0.834687,-1.938626,0.074267,0.867476,-2.329067,0.038701,0.827724,-2.330719,0.023872,0.798784,-2.345884,0.060354,0.788660,-2.335559,0.039346,0.759807,-2.344872,0.017434,0.749182,-2.355638,0.071733,0.788846,-2.358554,0.050211,0.759034,-2.372396,0.028152,0.754498,-2.385743,0.081074,0.790424,-2.377482,0.060577,0.763261,-2.393163,0.040946,0.765288,-2.404887,0.087362,0.798379,-2.396862,0.068348,0.776680,-2.412529,0.049497,0.773084,-2.424715,,,
21,0.700,-0.188897,0.972266,-2.192659,-0.307872,0.977746,-2.206815,-0.069921,0.966787,-2.178504,-0.305775,0.534271,-2.253269,-0.049557,0.636667,-1.879441,-0.299782,0.146043,-2.403290,-0.025739,0.221227,-1.869144,-0.183508,1.089384,-2.192619,-0.190508,1.303498,-2.184124,-0.177112,1.544982,-2.164008,-0.171503,1.642846,-2.129472,-0.214355,1.494322,-2.159493,-0.144975,1.491689,-2.174025,-0.347246,1.442057,-2.115450,-0.011703,1.431091,-2.200231,-0.426908,1.174381,-2.035491,0.030072,1.159733,-2.297202,-0.313468,1.001489,-1.842631,0.074545,0.882089,-2.327145,-0.323190,0.055759,-2.250362,0.002120,0.169440,-1.699945,,,,,,,,,,-0.290255,1.002702,-1.833504,-0.249461,0.971699,-1.818581,-0.228400,0.944364,-1.808764,-0.257448,0.944344,-1.789168,-0.236663,0.913942,-1.787096,-0.221486,0.893319,-1.794387,-0.278389,0.930035,-1.793042,-0.260365,0.895356,-1.797076,-0.248386,0.874228,-1.806832,-0.296059,0.919166,-1.797240,-0.280716,0.885374,-1.802382,-0.271183,0.868227,-1.814307,-0.313554,0.911386,-1.807812,-0.299513,0.882416,-1.814258,-0.289545,0.866076,-1.826510,0.062277,0.867760,-2.310780,0.025273,0.829428,-2.313828,0.008169,0.802675,-2.330535,0.045085,0.790513,-2.324379,0.022082,0.763765,-2.335149,-0.001045,0.755330,-2.345295,0.054736,0.792836,-2.348038,0.031106,0.765407,-2.363298,0.007973,0.763056,-2.375323,0.062707,0.796166,-2.367361,0.039962,0.771593,-2.384176,0.019606,0.775540,-2.394024,0.067831,0.805968,-2.386231,0.046837,0.786645,-2.402470,0.026990,0.784862,-2.413410,,,
22,0.733,-0.187568,0.967719,-2.134059,-0.306296,0.975438,-2.149214,-0.068840,0.960000,-2.118904,-0.307509,0.536944,-2.230168,-0.058239,0.610444,-1.842262,-0.300775,0.158164,-2.402633,-0.026315,0.206031,-1.749015,-0.180235,1.084712,-2.131914,-0.188563,1.298743,-2.122598,-0.171521,1.539838,-2.100652,-0.164891,1.637389,-2.065420,-0.209260,1.489605,-2.095530,-0.140366,1.486247,-2.112085,-0.340775,1.438228,-2.046584,-0.008548,1.425297,-2.144169,-0.426035,1.177963,-1.949720,0.024463,1.158060,-2.254977,-0.285703,1.025090,-1.757646,0.063664,0.881288,-2.297650,-0.323507,0.064885,-2.251410,0.000201,0.190616,-1.572534,,,,,,,,,,-0.262213,1.028280,-1.749791,-0.220098,1.001039,-1.731565,-0.197368,0.976672,-1.718269,-0.226284,0.978845,-1.697707,-0.204588,0.949827,-1.690790,-0.189008,0.928589,-1.694670,-0.246965,0.963673,-1.698295,-0.228121,0.929238,-1.696607,-0.215844,0.906962,-1.702784,-0.264482,0.951903,-1.699908,-0.248413,0.918060,-1.699431,-0.238792,0.899251,-1.708418,-0.282139,0.942113,-1.708321,-0.267452,0.912803,-1.710107,-0.257394,0.894803,-1.719664,0.052155,0.865829,-2.281769,0.013901,0.828806,-2.285498,-0.005231,0.804049,-2.303061,0.031753,0.790551,-2.300865,0.006963,0.765767,-2.312344,-0.017152,0.759165,-2.321500,0.039781,0.794778,-2.324864,0.014296,0.769484,-2.340813,-0.009676,0.768859,-2.351313,0.046469,0.799653,-2.344345,0.021744,0.777395,-2.361582,0.000886,0.782802,-2.369497,0.050544,0.810998,-2.362596,0.027807,0.793742,-2.378817,0.007168,0.793400,-2.388340,,,
23,0.767,-0.187356,0.958418,-2.072664,-0.305939,0.967250,-2.088336,-0.068773,0.949587,-2.056991,-0.304503,0.539191,-2.213223,-0.056369,0.569892,-1.823515,-0.302088,0.165777,-2.397124,-0.030393,0.187127,-1.662023,-0.179224,1.075297,-2.068329,-0.185799,1.289308,-2.057293,-0.167194,1.530162,-2.034007,-0.160079,1.627587,-1.998521,-0.205096,1.480080,-2.028605,-0.136499,1.476498,-2.046309,-0.335430,1.428680,-1.976621,-0.005687,1.415991,-2.083014,-0.424983,1.175867,-1.865017,0.020684,1.152028,-2.203065,-0.265578,1.037419,-1.676929,0.056449,0.876539,-2.255857,-0.323755,0.069374,-2.247716,-0.010361,0.188514,-1.484025,,,,,,,,,,-0.242248,1.042812,-1.669839,-0.198939,1.020586,-1.647969,-0.174425,1.000233,-1.631477,-0.204095,1.003616,-1.611055,-0.180994,0.977457,-1.599112,-0.164250,0.956758,-1.599171,-0.224077,0.987637,-1.609144,-0.203692,0.954884,-1.601698,-0.190355,0.932485,-1.604045,-0.241051,0.974997,-1.608793,-0.223504,0.942470,-1.602644,-0.212998,0.922869,-1.608351,-0.258258,0.963260,-1.615464,-0.242359,0.934684,-1.612531,-0.231530,0.915806,-1.619075,0.045601,0.859921,-2.240697,0.006610,0.823779,-2.245328,-0.013952,0.800779,-2.263646,0.022958,0.786765,-2.264846,-0.002992,0.763515,-2.276953,-0.027726,0.758160,-2.285229,0.029696,0.792918,-2.288825,0.002999,0.769355,-2.305427,-0.021516,0.769900,-2.314595,0.035360,0.799351,-2.308178,0.009298,0.778975,-2.325770,-0.011876,0.785306,-2.331977,0.038587,0.812154,-2.325615,0.014589,0.796638,-2.341775,-0.006596,0.797427,-2.349984,,,
24,0.800,-0.184028,0.944158,-2.014057,-0.302685,0.952338,-2.029525,-0.065371,0.935979,-1.998590,-0.296730,0.536128,-2.189420,-0.056112,0.557482,-1.763033,-0.302458,0.175666,-2.397502,-0.034956,0.170366,-1.611517,-0.176562,1.061073,-2.009507,-0.181223,1.275067,-1.997228,-0.161689,1.515712,-1.972588,-0.153955,1.613096,-1.937119,-0.199691,1.465709,-1.967167,-0.131265,1.462037,-1.985500,-0.329827,1.415050,-1.913970,-0.001300,1.401512,-2.025073,-0.422062,1.167439,-1.793260,0.020956,1.139112,-2.149309,-0.255249,1.034584,-1.607576,0.054957,0.864931,-2.209552,-0.323202,0.069472,-2.254749,-0.015228,0.158479,-1.433877,,,,,,,,,,-0.232106,1.041666,-1.601421,-0.187631,1.023661,-1.578059,-0.162457,1.005785,-1.559786,-0.191645,1.010342,-1.539540,-0.167440,0.986003,-1.526037,-0.150048,0.965885,-1.524778,-0.210882,0.993800,-1.535718,-0.189021,0.962695,-1.525803,-0.174812,0.940722,-1.526413,-0.227277,0.980548,-1.533833,-0.208234,0.949467,-1.525167,-0.196993,0.929884,-1.529323,-0.244020,0.967465,-1.539020,-0.226732,0.940087,-1.533585,-0.215094,0.921177,-1.538430,0.044336,0.847220,-2.195511,0.004682,0.812086,-2.201924,-0.016821,0.790957,-2.221381,0.019859,0.776665,-2.225018,-0.006779,0.754842,-2.238235,-0.031823,0.750488,-2.246160,0.025942,0.784751,-2.248595,-0.001452,0.762885,-2.266344,-0.026208,0.764391,-2.274723,0.031099,0.792735,-2.267507,0.004273,0.774210,-2.285975,-0.016990,0.781257,-2.290993,0.033976,0.806933,-2.283894,0.009335,0.793053,-2.300567,-0.012065,0.794678,-2.308063,,,
25,0.833,-0.179524,0.931080,-1.954692,-0.298454,0.936213,-1.969347,-0.060593,0.925946,-1.940038,-0.287075,0.526718,-2.145463,-0.056667,0.563969,-1.679673,-0.299813,0.185675,-2.383770,-0.038964,0.162753,-1.570237,-0.174754,1.048201,-1.952373,-0.177765,1.262272,-1.940956,-0.156772,1.502830,-1.916665,-0.147707,1.600320,-1.881809,-0.195030,1.453048,-1.911021,-0.126708,1.448971,-1.929653,-0.325674,1.403965,-1.857593,0.002294,1.386860,-1.969916,-0.421242,1.156979,-1.738200,0.024049,1.122991,-2.091093,-0.260071,1.021388,-1.549536,0.057832,0.848894,-2.151835,-0.321771,0.062840,-2.255258,-0.015338,0.120685,-1.397731,,,,,,,,,,-0.237047,1.028693,-1.543198,-0.192854,1.011371,-1.518807,-0.168941,0.993014,-1.499355,-0.197384,0.998867,-1.480072,-0.173515,0.974040,-1.466863,-0.156460,0.953622,-1.465831,-0.216613,0.982335,-1.476176,-0.194855,0.951184,-1.466181,-0.180712,0.929167,-1.466734,-0.232986,0.969061,-1.474245,-0.213958,0.938028,-1.465375,-0.202689,0.918438,-1.469415,-0.249602,0.955803,-1.479393,-0.232077,0.928689,-1.473424,-0.220194,0.909837,-1.477885,0.046855,0.830612,-2.138839,0.006629,0.796585,-2.147325,-0.015320,0.776847,-2.167722,0.021285,0.762254,-2.172322,-0.005618,0.741662,-2.186910,-0.030672,0.738154,-2.195214,0.027596,0.771539,-2.195392,0.000065,0.751038,-2.214505,-0.024609,0.753283,-2.222962,0.032962,0.780478,-2.213813,0.006030,0.763362,-2.233448,-0.015109,0.770929,-2.238226,0.036145,0.795519,-2.229370,0.011379,0.782891,-2.246834,-0.009964,0.785134,-2.254333,,,
26,0.867,-0.175436,0.922153,-1.891808,-0.294545,0.925432,-1.905510,-0.056326,0.918874,-1.878107,-0.289786,0.514456,-2.078452,-0.048093,0.565956,-1.605686,-0.295711,0.204364,-2.356069,-0.040335,0.153746,-1.548358,-0.172392,1.039344,-1.890219,-0.173112,1.253500,-1.880086,-0.152574,1.494392,-1.858921,-0.141045,1.592061,-1.825315,-0.190653,1.444584,-1.852364,-0.122468,1.440455,-1.871482,-0.321292,1.396140,-1.798345,0.005824,1.376778,-1.911566,-0.417098,1.143944,-1.690602,0.033839,1.108723,-2.021772,-0.269725,0.998589,-1.497967,0.072376,0.833315,-2.073013,-0.323295,0.056084,-2.259434,-0.021050,0.085534,-1.383854,,,,,,,,,,-0.247227,1.005662,-1.489755,-0.204951,0.987569,-1.462673,-0.183867,0.967504,-1.441696,-0.212320,0.974009,-1.424738,-0.189569,0.948655,-1.410590,-0.172713,0.928113,-1.408947,-0.231789,0.957421,-1.422725,-0.210911,0.925775,-1.412410,-0.196868,0.903691,-1.412797,-0.248263,0.944137,-1.422371,-0.230095,0.912754,-1.412946,-0.218642,0.893205,-1.416658,-0.264460,0.931065,-1.429092,-0.247370,0.903738,-1.422839,-0.235186,0.885024,-1.427063,0.060824,0.814860,-2.060783,0.020859,0.781143,-2.071457,-0.000588,0.761668,-2.092627,0.036394,0.747182,-2.096428,0.009586,0.727503,-2.112385,-0.015222,0.724678,-2.121634,0.043660,0.756831,-2.119064,0.016698,0.736998,-2.139638,-0.007602,0.739634,-2.149010,0.049793,0.766059,-2.137099,0.023317,0.749660,-2.157932,0.002428,0.757540,-2.163271,0.053649,0.781348,-2.152257,0.029129,0.769194,-2.170392,0.007971,0.771696,-2.178320,,,
27,0.900,-0.168167,0.918398,-1.830109,-0.287476,0.920644,-1.842191,-0.048858,0.916152,-1.818027,-0.309738,0.495595,-1.975122,-0.034136,0.563666,-1.545321,-0.297256,0.226750,-2.292660,-0.037884,0.147560,-1.535058,-0.166096,1.035614,-1.828777,-0.166903,1.249827,-1.819947,-0.145003,1.490819,-1.801453,-0.131306,1.588580,-1.768946,-0.183240,1.441263,-1.793973,-0.115291,1.436614,-1.813797,-0.314191,1.394401,-1.739316,0.011621,1.370212,-1.853852,-0.409770,1.134433,-1.651733,0.045741,1.097185,-1.949121,-0.285277,0.967470,-1.460474,0.087336,0.819529,-1.982852,-0.321762,0.051829,-2.262860,-0.018406,0.065552,-1.377003,,,,,,,,,,-0.263728,0.973415,-1.449343,-0.225121,0.952524,-1.418994,-0.207860,0.929895,-1.397151,-0.236977,0.936723,-1.383119,-0.216641,0.909814,-1.368188,-0.200587,0.888687,-1.366012,-0.256847,0.920543,-1.384415,-0.237972,0.887699,-1.373988,-0.224457,0.865286,-1.374291,-0.273495,0.907691,-1.386798,-0.257173,0.875286,-1.377455,-0.245771,0.855692,-1.381089,-0.289062,0.895503,-1.396151,-0.273222,0.867371,-1.390181,-0.260973,0.848704,-1.394424,0.074817,0.801460,-1.971003,0.035269,0.767887,-1.983523,0.015219,0.748244,-2.005873,0.052027,0.733234,-2.006688,0.024998,0.714838,-2.023764,0.000552,0.713205,-2.034190,0.060849,0.742308,-2.029007,0.034351,0.723202,-2.050834,0.010708,0.726636,-2.061537,0.068237,0.751073,-2.046800,0.042094,0.735338,-2.068544,0.021742,0.743853,-2.074887,0.073233,0.765984,-2.062002,0.049075,0.753943,-2.080690,0.028257,0.756898,-2.089329,,,
28,0.933,-0.161417,0.918212,-1.771178,-0.280935,0.920168,-1.781030,-0.041898,0.916256,-1.761325,-0.331858,0.482099,-1.846865,-0.021281,0.555862,-1.499555,-0.309836,0.263837,-2.200617,-0.036103,0.141024,-1.530430,-0.159617,1.035432,-1.769733,-0.161573,1.249642,-1.761042,-0.141167,1.490821,-1.743287,-0.126797,1.588636,-1.711235,-0.179119,1.441059,-1.735722,-0.111103,1.436758,-1.755397,-0.310244,1.394062,-1.681602,0.015499,1.369342,-1.794732,-0.400665,1.126549,-1.613407,0.057951,1.092320,-1.873729,-0.302955,0.931519,-1.433488,0.103649,0.813467,-1.884360,-0.325106,0.087835,-2.230221,-0.014075,0.056077,-1.374273,,,,,,,,,,-0.282751,0.935375,-1.419326,-0.248602,0.909813,-1.387257,-0.234718,0.884241,-1.366269,-0.265068,0.890649,-1.355026,-0.247572,0.861437,-1.340843,-0.232563,0.839514,-1.339125,-0.285042,0.875487,-1.360447,-0.268639,0.840943,-1.351425,-0.255889,0.818110,-1.352513,-0.301604,0.863625,-1.366189,-0.287371,0.829788,-1.358687,-0.276130,0.810261,-1.363094,-0.316243,0.853143,-1.378608,-0.302113,0.823827,-1.374266,-0.290044,0.805224,-1.379242,0.091076,0.795976,-1.871727,0.053160,0.760285,-1.883412,0.035182,0.738510,-1.905548,0.072015,0.724500,-1.902961,0.045327,0.705208,-1.919578,0.021186,0.703095,-1.930610,0.081670,0.732099,-1.925485,0.055889,0.711602,-1.946905,0.032626,0.714405,-1.958579,0.089678,0.739695,-1.943545,0.064151,0.722399,-1.964831,0.043951,0.730385,-1.972256,0.094996,0.753538,-1.959623,0.071427,0.739759,-1.977856,0.050765,0.741864,-1.987101,,,
29,0.967,-0.156292,0.921805,-1.716126,-0.276020,0.923489,-1.723049,-0.036564,0.920121,-1.709204,-0.338373,0.482093,-1.712375,-0.012114,0.547233,-1.465915,-0.317536,0.294190,-2.083214,-0.033285,0.135848,-1.525730,-0.154735,1.039026,-1.714546,-0.157980,1.253135,-1.703933,-0.140395,1.494284,-1.683041,-0.126639,1.591892,-1.650102,-0.178029,1.444079,-1.676957,-0.109512,1.440651,-1.694999,-0.309932,1.395181,-1.626539,0.017865,1.373474,-1.732181,-0.392177,1.121589,-1.573879,0.066935,1.093690,-1.796189,-0.327447,0.895396,-1.417030,0.114732,0.815316,-1.782650,-0.335292,0.121756,-2.128347,-0.008763,0.051281,-1.369739,,,,,,,,,,-0.308283,0.895420,-1.401018,-0.277864,0.862479,-1.372076,-0.266295,0.832984,-1.355244,-0.297607,0.838597,-1.345298,-0.282414,0.806293,-1.336010,-0.268471,0.783672,-1.337660,-0.317701,0.825842,-1.354879,-0.303637,0.789293,-1.351708,-0.291895,0.766373,-1.356389,-0.334234,0.816195,-1.363911,-0.321983,0.780822,-1.362345,-0.311242,0.761938,-1.369769,-0.348267,0.809038,-1.379085,-0.336196,0.778512,-1.379750,-0.324844,0.760426,-1.387529,0.103382,0.798648,-1.767919,0.067931,0.759381,-1.774943,0.051474,0.734008,-1.794250,0.089117,0.722865,-1.790305,0.063093,0.700610,-1.804017,0.038897,0.696205,-1.814221,0.098204,0.728366,-1.813660,0.073001,0.704579,-1.832169,0.049458,0.705173,-1.843601,0.105656,0.734283,-1.832567,0.080687,0.713498,-1.851233,0.060008,0.719667,-1.859059,0.110006,0.746445,-1.850217,0.086968,0.729455,-1.866291,0.066094,0.729414,-1.875296,,,
30,1.000,-0.153588,0.929929,-1.662348,-0.273417,0.931223,-1.667329,-0.033759,0.928635,-1.657366,-0.338579,0.497125,-1.588938,-0.011824,0.539131,-1.441406,-0.314382,0.304081,-1.956921,-0.031784,0.130674,-1.519045,-0.152395,1.047151,-1.660582,-0.156109,1.261134,-1.647809,-0.141001,1.501987,-1.622102,-0.129151,1.599189,-1.587279,-0.178575,1.451488,-1.618651,-0.109259,1.448726,-1.633465,-0.312094,1.400222,-1.575340,0.020092,1.382605,-1.665347,-0.386170,1.121710,-1.538823,0.074885,1.100716,-1.713511,-0.356351,0.870402,-1.412687,0.121404,0.824642,-1.673769,-0.337643,0.128350,-1.982680,-0.006235,0.046331,-1.363096,,,,,,,,,,-0.337604,0.865331,-1.396988,-0.309399,0.824558,-1.377239,-0.299153,0.791355,-1.368309,-0.330835,0.795556,-1.357832,-0.316994,0.761365,-1.357597,-0.303867,0.739511,-1.365271,-0.351235,0.786726,-1.370644,-0.338832,0.750101,-1.377608,-0.328018,0.728837,-1.388378,-0.367955,0.780576,-1.382073,-0.357199,0.745606,-1.390147,-0.347101,0.728998,-1.402366,-0.381915,0.778296,-1.398755,-0.371611,0.748410,-1.407623,-0.361151,0.732469,-1.419990,0.111533,0.809714,-1.656352,0.078597,0.767724,-1.656268,0.063026,0.738677,-1.670454,0.101778,0.730689,-1.666725,0.077316,0.704699,-1.676034,0.053332,0.696990,-1.684655,0.109925,0.733160,-1.690929,0.085982,0.705248,-1.704757,0.062187,0.702544,-1.715331,0.116518,0.736611,-1.710744,0.092851,0.711527,-1.725391,0.071644,0.714989,-1.733468,0.119634,0.746222,-1.730142,0.097767,0.725458,-1.743123,0.076866,0.722631,-1.751604,,,
31,1.033,-0.154999,0.942967,-1.608734,-0.274855,0.944032,-1.613084,-0.035143,0.941903,-1.604384,-0.342301,0.523628,-1.480630,-0.021174,0.533565,-1.425785,-0.308994,0.292077,-1.824924,-0.033053,0.126783,-1.513255,-0.154029,1.060189,-1.606767,-0.157193,1.274106,-1.592792,-0.144422,1.514695,-1.563592,-0.135401,1.611551,-1.527000,-0.181951,1.464050,-1.562836,-0.111899,1.461659,-1.573731,-0.317248,1.411080,-1.527903,0.019678,1.396745,-1.598103,-0.384986,1.129043,-1.511893,0.078955,1.113199,-1.627632,-0.383143,0.862025,-1.418869,0.118171,0.841515,-1.559734,-0.329536,0.114158,-1.821919,-0.008073,0.042520,-1.357171,,,,,,,,,,-0.364952,0.852393,-1.404729,-0.338425,0.806940,-1.395874,-0.328795,0.772383,-1.395440,-0.361161,0.774621,-1.385114,-0.348102,0.741207,-1.393692,-0.335285,0.721801,-1.406651,-0.381472,0.770146,-1.400138,-0.369912,0.736313,-1.416430,-0.359429,0.718347,-1.432318,-0.398063,0.767769,-1.413064,-0.388001,0.735894,-1.429991,-0.378028,0.722838,-1.446028,-0.411654,0.770405,-1.429997,-0.402192,0.743591,-1.446413,-0.392003,0.731174,-1.462491,0.108266,0.829368,-1.540293,0.076508,0.786954,-1.533934,0.061939,0.755489,-1.543160,0.100964,0.749448,-1.537610,0.078433,0.720680,-1.542638,0.055229,0.710026,-1.550190,0.109665,0.748141,-1.561711,0.087347,0.717144,-1.570917,0.063992,0.711474,-1.581294,0.116672,0.748475,-1.581681,0.094831,0.719980,-1.592397,0.073775,0.720834,-1.601501,0.120026,0.754841,-1.602336,0.099587,0.731255,-1.612522,0.079202,0.726051,-1.621135,,,
32,1.067,-0.160149,0.958911,-1.556901,-0.280001,0.959784,-1.561426,-0.040298,0.958038,-1.552375,-0.346884,0.553882,-1.389371,-0.034894,0.532447,-1.419422,-0.306725,0.266178,-1.687493,-0.037028,0.125933,-1.508893,-0.159367,1.076134,-1.554984,-0.161619,1.289966,-1.539605,-0.151095,1.530405,-1.508339,-0.145077,1.627090,-1.470695,-0.188456,1.479652,-1.509794,-0.117934,1.477524,-1.517137,-0.325191,1.425813,-1.482662,0.015414,1.413809,-1.533837,-0.389000,1.142522,-1.490676,0.078075,1.129646,-1.544261,-0.407650,0.866687,-1.431323,0.104987,0.864627,-1.449385,-0.326581,0.093204,-1.645400,-0.014012,0.041576,-1.352559,,,,,,,,,,-0.390222,0.853678,-1.419048,-0.364591,0.806876,-1.419863,-0.354634,0.773060,-1.426532,-0.388121,0.773417,-1.417853,-0.375045,0.741993,-1.432070,-0.361725,0.725171,-1.447832,-0.407770,0.772952,-1.434345,-0.396031,0.742951,-1.456836,-0.385088,0.728405,-1.475644,-0.423777,0.773967,-1.448155,-0.413657,0.745973,-1.470908,-0.403230,0.736208,-1.488881,-0.436554,0.780722,-1.464572,-0.427115,0.758092,-1.486407,-0.416603,0.749410,-1.504589,0.092932,0.855558,-1.429485,0.060538,0.814212,-1.420043,0.047003,0.781471,-1.425719,0.085143,0.776966,-1.414982,0.064091,0.746763,-1.417260,0.042148,0.733937,-1.425194,0.096485,0.771997,-1.437453,0.075616,0.739298,-1.443690,0.053604,0.731325,-1.455405,0.105686,0.769276,-1.456320,0.085750,0.738626,-1.464507,0.065886,0.737210,-1.475925,0.111350,0.772348,-1.477221,0.092540,0.746901,-1.485966,0.073417,0.739837,-1.496025,,,
33,1.100,-0.166928,0.974003,-1.501381,-0.286754,0.974565,-1.506573,-0.047101,0.973442,-1.496190,-0.349816,0.579422,-1.309805,-0.046850,0.534902,-1.415475,-0.311441,0.231769,-1.535478,-0.042220,0.127366,-1.500073,-0.166442,1.091235,-1.499919,-0.168001,1.304906,-1.482372,-0.159929,1.545216,-1.449434,-0.156571,1.641879,-1.411401,-0.196940,1.494282,-1.452558,-0.126183,1.492557,-1.457274,-0.334268,1.439077,-1.431946,0.008496,1.430406,-1.468190,-0.395217,1.157391,-1.468389,0.075066,1.146998,-1.462528,-0.425417,0.877433,-1.442565,0.087581,0.890485,-1.344186,-0.336361,0.076504,-1.449701,-0.021583,0.042611,-1.343622,,,,,,,,,,-0.408674,0.862331,-1.431831,-0.382536,0.816476,-1.439711,-0.371397,0.784501,-1.451572,-0.405783,0.783265,-1.445532,-0.391856,0.753627,-1.462510,-0.377381,0.738665,-1.479106,-0.424324,0.785924,-1.463065,-0.411334,0.759307,-1.488881,-0.399235,0.747449,-1.508833,-0.439421,0.789530,-1.477455,-0.428441,0.764862,-1.503429,-0.417117,0.757534,-1.522008,-0.451189,0.799258,-1.493116,-0.440788,0.780736,-1.518150,-0.429397,0.775300,-1.537049,0.072750,0.884282,-1.325076,0.039093,0.844297,-1.314288,0.026263,0.810887,-1.316847,0.062499,0.808598,-1.300287,0.042307,0.777730,-1.300479,0.021812,0.763084,-1.309105,0.076907,0.800528,-1.319922,0.057122,0.766815,-1.323867,0.036978,0.756660,-1.337149,0.088695,0.795182,-1.336670,0.070315,0.763093,-1.342695,0.052302,0.759388,-1.356433,0.097308,0.795208,-1.356775,0.080033,0.768315,-1.364267,0.062608,0.759404,-1.375832,,,
34,1.133,-0.172615,0.984980,-1.458390,-0.292493,0.985920,-1.462111,-0.052736,0.984042,-1.454669,-0.346858,0.594016,-1.256469,-0.054951,0.539156,-1.424585,-0.313658,0.199219,-1.384125,-0.048390,0.132893,-1.514974,-0.171788,1.102183,-1.455459,-0.172902,1.315756,-1.436723,-0.168913,1.556266,-1.404506,-0.167967,1.653068,-1.366693,-0.205148,1.504833,-1.408446,-0.134271,1.504032,-1.411213,-0.342846,1.448662,-1.393763,0.001694,1.444056,-1.417248,-0.400676,1.170739,-1.455441,0.077133,1.163678,-1.395314,-0.433604,0.889916,-1.452387,0.081263,0.917478,-1.256286,-0.342243,0.072685,-1.260601,-0.027383,0.048985,-1.358116,,,,,,,,,,-0.417198,0.874626,-1.441402,-0.387997,0.830927,-1.450660,-0.373808,0.800741,-1.463875,-0.408754,0.797415,-1.461767,-0.391764,0.769705,-1.479206,-0.374939,0.756614,-1.495154,-0.425620,0.800893,-1.480786,-0.408967,0.777006,-1.507164,-0.394443,0.767298,-1.526655,-0.439418,0.805168,-1.496255,-0.425025,0.783053,-1.522855,-0.411711,0.777630,-1.540755,-0.450113,0.815801,-1.512097,-0.436598,0.799986,-1.537498,-0.423272,0.796698,-1.555611,0.064919,0.911471,-1.238386,0.030771,0.871378,-1.229759,0.018319,0.837857,-1.232700,0.053177,0.836135,-1.213201,0.033148,0.805197,-1.214696,0.013509,0.790357,-1.224849,0.069250,0.827858,-1.231405,0.049897,0.794059,-1.236572,0.030971,0.783706,-1.251402,0.082449,0.822332,-1.247002,0.064737,0.790072,-1.254037,0.047954,0.786090,-1.269184,0.092728,0.822090,-1.266307,0.076208,0.795008,-1.274763,0.059826,0.785856,-1.287595,,,
35,1.167,-0.176900,0.987609,-1.405875,-0.296799,0.987768,-1.409001,-0.057001,0.987450,-1.402749,-0.338622,0.588418,-1.215087,-0.056565,0.541591,-1.409245,-0.315718,0.172800,-1.215708,-0.051997,0.138500,-1.512975,-0.176857,1.104772,-1.401571,-0.176597,1.318259,-1.381846,-0.176987,1.558884,-1.350255,-0.178267,1.655851,-1.312874,-0.212362,1.506948,-1.355263,-0.141428,1.507115,-1.355623,-0.350113,1.449588,-1.347149,-0.003846,1.450622,-1.355505,-0.400894,1.176743,-1.432979,0.083116,1.175535,-1.316158,-0.433446,0.896562,-1.452826,0.073992,0.944042,-1.154021,-0.349195,0.083828,-1.063887,-0.029915,0.054956,-1.356070,,,,,,,,,,-0.417617,0.881160,-1.441170,-0.385875,0.839186,-1.450038,-0.369153,0.810429,-1.463474,-0.404025,0.805777,-1.465258,-0.384341,0.779800,-1.482531,-0.365523,0.768311,-1.497455,-0.419021,0.809907,-1.485662,-0.398828,0.788330,-1.511554,-0.382020,0.780385,-1.529980,-0.431357,0.814705,-1.502178,-0.413491,0.794849,-1.528452,-0.398241,0.791040,-1.545186,-0.440829,0.825974,-1.518354,-0.424148,0.812293,-1.543103,-0.408914,0.810633,-1.559886,0.055877,0.938303,-1.137818,0.021636,0.897846,-1.131591,0.009636,0.864153,-1.134446,0.042648,0.863615,-1.111467,0.022953,0.832597,-1.114725,0.004666,0.817503,-1.126835,0.060757,0.855065,-1.127506,0.042304,0.820999,-1.134027,0.025247,0.810164,-1.150670,0.075679,0.849293,-1.141364,0.058930,0.816782,-1.149510,0.043935,0.812358,-1.166318,0.088021,0.848622,-1.159409,0.072427,0.821277,-1.168731,0.057460,0.811733,-1.182932,,,
36,1.200,-0.180210,0.981549,-1.356327,-0.300079,0.978165,-1.358687,-0.060341,0.984932,-1.353967,-0.333292,0.583863,-1.153127,-0.050398,0.539713,-1.376627,-0.327847,0.179378,-1.055017,-0.049125,0.145908,-1.511459,-0.183617,1.098625,-1.351111,-0.180550,1.312084,-1.331319,-0.186200,1.552753,-1.300580,-0.189278,1.649874,-1.263708,-0.220478,1.500209,-1.306746,-0.149594,1.501582,-1.304424,-0.357786,1.441271,-1.304741,-0.010640,1.449041,-1.297249,-0.397498,1.173986,-1.411376,0.088446,1.181900,-1.237235,-0.426262,0.895779,-1.452958,0.070054,0.964608,-1.057218,-0.364195,0.129852,-0.886755,-0.027049,0.059767,-1.355965,,,,,,,,,,-0.411467,0.880135,-1.440308,-0.377981,0.839199,-1.447443,-0.359112,0.811398,-1.460021,-0.393563,0.806219,-1.466064,-0.371601,0.781360,-1.482198,-0.351041,0.770859,-1.495458,-0.406304,0.811030,-1.487808,-0.382943,0.790998,-1.512236,-0.364054,0.784183,-1.529025,-0.416847,0.816374,-1.505366,-0.395756,0.798091,-1.530359,-0.378678,0.795337,-1.545455,-0.424731,0.828216,-1.521978,-0.405076,0.816004,-1.545270,-0.388029,0.815398,-1.560287,0.050311,0.959492,-1.042807,0.016248,0.918718,-1.037791,0.004324,0.884915,-1.039389,0.035393,0.886357,-1.013204,0.016334,0.855036,-1.017249,-0.000300,0.839181,-1.030697,0.055345,0.877227,-1.026503,0.038136,0.842534,-1.033119,0.023251,0.830486,-1.050969,0.071837,0.870933,-1.038183,0.056286,0.837833,-1.046333,0.043331,0.832324,-1.064464,0.086159,0.869398,-1.054642,0.071607,0.841462,-1.063894,0.058237,0.831003,-1.079015,,,
37,1.233,-0.183243,0.969779,-1.300969,-0.302984,0.962911,-1.301749,-0.063503,0.976647,-1.300189,-0.330895,0.582371,-1.071005,-0.044095,0.533200,-1.342739,-0.349048,0.196914,-0.914938,-0.045937,0.151427,-1.508600,-0.189986,1.086686,-1.295239,-0.185551,1.300224,-1.276597,-0.195746,1.540934,-1.247380,-0.200085,1.638193,-1.211002,-0.229027,1.487846,-1.254293,-0.158276,1.490305,-1.249826,-0.366030,1.428244,-1.257363,-0.019115,1.439769,-1.235660,-0.394739,1.166543,-1.380156,0.088617,1.182225,-1.152901,-0.419796,0.891732,-1.441852,0.062178,0.977261,-0.959896,-0.387293,0.188148,-0.740163,-0.023616,0.061888,-1.355072,,,,,,,,,,-0.406137,0.875525,-1.428645,-0.371513,0.835352,-1.434584,-0.351093,0.808480,-1.446753,-0.384646,0.803347,-1.456501,-0.360448,0.780236,-1.472023,-0.338376,0.771211,-1.483863,-0.395182,0.809272,-1.479132,-0.368992,0.791318,-1.502273,-0.348349,0.785967,-1.517448,-0.403964,0.815511,-1.497351,-0.379907,0.799417,-1.521142,-0.361293,0.798047,-1.534512,-0.410292,0.828207,-1.513999,-0.388149,0.817770,-1.535878,-0.369670,0.818346,-1.549096,0.041273,0.972967,-0.946928,0.007697,0.931893,-0.941137,-0.003833,0.897923,-0.940427,0.025080,0.902557,-0.911887,0.006946,0.870583,-0.914954,-0.008071,0.853243,-0.928472,0.046368,0.892786,-0.922357,0.030537,0.857162,-0.927246,0.017655,0.843138,-0.945210,0.064004,0.885891,-0.931813,0.049795,0.851839,-0.938327,0.038699,0.844432,-0.957007,0.079837,0.883219,-0.946665,0.066508,0.854239,-0.954433,0.054684,0.842123,-0.969605,,,
38,1.267,-0.187164,0.954594,-1.242032,-0.306815,0.946388,-1.240669,-0.067513,0.962800,-1.243396,-0.331401,0.586278,-0.978851,-0.043038,0.522770,-1.311268,-0.361378,0.210461,-0.802422,-0.046870,0.155026,-1.506239,-0.195103,1.071398,-1.235747,-0.191720,1.285053,-1.218261,-0.203889,1.525834,-1.190418,-0.208889,1.623250,-1.154550,-0.236721,1.472508,-1.197644,-0.166074,1.475426,-1.191964,-0.373775,1.413383,-1.204858,-0.027521,1.425118,-1.172156,-0.394677,1.155671,-1.337286,0.085198,1.176853,-1.069965,-0.418622,0.885165,-1.416081,0.054749,0.980566,-0.868708,-0.399408,0.235779,-0.629221,-0.023296,0.063723,-1.353943,,,,,,,,,,-0.405710,0.868291,-1.402960,-0.370499,0.828635,-1.408924,-0.349018,0.802501,-1.420870,-0.382003,0.797861,-1.433376,-0.355640,0.777943,-1.449773,-0.332504,0.771525,-1.461278,-0.391133,0.805008,-1.456263,-0.362734,0.790165,-1.478999,-0.340955,0.786969,-1.493161,-0.398794,0.812228,-1.474626,-0.372304,0.799229,-1.497714,-0.352713,0.799768,-1.509673,-0.404149,0.825815,-1.490908,-0.380251,0.817265,-1.511735,-0.360887,0.819046,-1.523498,0.033267,0.976483,-0.856645,0.000904,0.934674,-0.849395,-0.008999,0.900301,-0.846597,0.017533,0.908530,-0.816865,0.000765,0.875714,-0.818445,-0.012761,0.856791,-0.831403,0.039753,0.898823,-0.825253,0.025629,0.862267,-0.828048,0.014414,0.846333,-0.845531,0.058164,0.891913,-0.833080,0.045614,0.856906,-0.837654,0.035958,0.847621,-0.856295,0.074950,0.888698,-0.846729,0.063090,0.858674,-0.852703,0.052595,0.844878,-0.867411,,,
39,1.300,-0.192158,0.940735,-1.180680,-0.311796,0.932773,-1.177690,-0.072520,0.948698,-1.183670,-0.336030,0.575493,-0.911990,-0.047407,0.514021,-1.279887,-0.359366,0.199424,-0.735097,-0.049409,0.160710,-1.499958,-0.199772,1.057553,-1.174255,-0.198493,1.271235,-1.156822,-0.211711,1.511941,-1.128808,-0.217656,1.609385,-1.093159,-0.244279,1.458569,-1.136845,-0.173778,1.461605,-1.129622,-0.380851,1.399010,-1.148351,-0.035702,1.412059,-1.105118,-0.395357,1.142085,-1.283141,0.078681,1.169448,-0.991805,-0.418781,0.875591,-1.374727,0.049959,0.976456,-0.787135,-0.392422,0.220538,-0.560319,-0.025288,0.063346,-1.351551,,,,,,,,,,-0.406008,0.858097,-1.362298,-0.370446,0.819008,-1.369739,-0.348622,0.793697,-1.382785,-0.381301,0.789550,-1.396037,-0.354175,0.771751,-1.413587,-0.330755,0.766943,-1.425301,-0.390050,0.797882,-1.418671,-0.360855,0.785201,-1.441705,-0.338728,0.783429,-1.455575,-0.397413,0.806048,-1.436756,-0.370066,0.795124,-1.459919,-0.350200,0.796836,-1.471300,-0.402551,0.820472,-1.452376,-0.378028,0.813291,-1.472992,-0.358383,0.815873,-1.484124,0.028224,0.972585,-0.775464,-0.003165,0.930429,-0.766213,-0.011878,0.895973,-0.761290,0.013139,0.907172,-0.731405,-0.002662,0.873842,-0.731192,-0.015229,0.853678,-0.743210,0.035882,0.897576,-0.738402,0.022952,0.860480,-0.738943,0.012783,0.842992,-0.755559,0.054724,0.890693,-0.745154,0.043296,0.855097,-0.747655,0.034515,0.844275,-0.765895,0.072025,0.887033,-0.758026,0.061187,0.856319,-0.762154,0.051546,0.841205,-0.776133,,,
40,1.333,-0.198166,0.928476,-1.116604,-0.317921,0.922514,-1.113654,-0.078411,0.934438,-1.119555,-0.339727,0.556774,-0.859505,-0.057034,0.507507,-1.246462,-0.352965,0.173560,-0.697531,-0.052265,0.168679,-1.488197,-0.203885,1.045497,-1.112256,-0.205083,1.259352,-1.097070,-0.220332,1.500157,-1.071006,-0.228149,1.597828,-1.036356,-0.252379,1.446567,-1.079666,-0.182141,1.450013,-1.070369,-0.387818,1.385059,-1.093962,-0.044256,1.402376,-1.041406,-0.399467,1.125414,-1.223725,0.070659,1.160797,-0.926438,-0.423023,0.859693,-1.317493,0.049600,0.964509,-0.723983,-0.376853,0.157116,-0.520769,-0.027164,0.059082,-1.348753,,,,,,,,,,-0.410186,0.841448,-1.306270,-0.375848,0.801930,-1.316626,-0.355287,0.776787,-1.331865,-0.388387,0.773781,-1.343601,-0.362382,0.756239,-1.363007,-0.339572,0.751491,-1.375890,-0.397811,0.783193,-1.365530,-0.369805,0.770733,-1.390109,-0.348257,0.768981,-1.404864,-0.405678,0.792229,-1.382978,-0.379462,0.781649,-1.407566,-0.359999,0.783379,-1.419622,-0.411081,0.807370,-1.397809,-0.387425,0.800361,-1.419471,-0.368097,0.802861,-1.431161,0.027909,0.960743,-0.712196,-0.002600,0.918418,-0.700980,-0.010165,0.883960,-0.694441,0.014069,0.897247,-0.665032,-0.000846,0.863599,-0.662609,-0.012920,0.842387,-0.673251,0.037039,0.887817,-0.671489,0.025070,0.850432,-0.669842,0.015362,0.831738,-0.685385,0.056050,0.881021,-0.677846,0.045630,0.845034,-0.678282,0.037193,0.832936,-0.695872,0.073475,0.877113,-0.690476,0.063723,0.845860,-0.692919,0.054669,0.829694,-0.706090,,,
41,1.367,-0.205335,0.918541,-1.049340,-0.325183,0.913971,-1.048320,-0.085486,0.923112,-1.050359,-0.342266,0.539384,-0.807020,-0.067817,0.508213,-1.212777,-0.348316,0.146964,-0.668336,-0.051608,0.182403,-1.471328,-0.209776,1.035664,-1.046462,-0.213490,1.249759,-1.035739,-0.229653,1.491137,-1.016397,-0.240028,1.589388,-0.984139,-0.261403,1.437292,-1.024547,-0.191454,1.441086,-1.013387,-0.396051,1.374429,-1.040344,-0.053929,1.394816,-0.980734,-0.409778,1.109912,-1.159641,0.058504,1.149818,-0.870650,-0.435576,0.840981,-1.243103,0.046538,0.945029,-0.676026,-0.371009,0.089347,-0.500255,-0.025195,0.051317,-1.352143,,,,,,,,,,-0.422653,0.822215,-1.232880,-0.390283,0.781784,-1.245742,-0.371732,0.756340,-1.262937,-0.405343,0.754360,-1.272169,-0.381139,0.736352,-1.293394,-0.359339,0.731119,-1.307753,-0.415799,0.764321,-1.293376,-0.389638,0.751305,-1.319643,-0.369035,0.749076,-1.335631,-0.424438,0.773803,-1.310211,-0.400045,0.762755,-1.336417,-0.381286,0.764047,-1.349590,-0.430265,0.789280,-1.324526,-0.408043,0.781673,-1.347467,-0.389301,0.783616,-1.360173,0.024880,0.941393,-0.664137,-0.005471,0.899166,-0.652150,-0.012123,0.864622,-0.645092,0.011330,0.878661,-0.615881,-0.002981,0.844962,-0.611392,-0.014908,0.823028,-0.620645,0.034319,0.869196,-0.622219,0.022844,0.831775,-0.618815,0.013196,0.812292,-0.633397,0.053341,0.862355,-0.628495,0.043593,0.826194,-0.627399,0.035261,0.813241,-0.644421,0.070756,0.858290,-0.641089,0.061839,0.826729,-0.642577,0.053192,0.809992,-0.655301,,,
42,1.400,-0.215116,0.912398,-0.985077,-0.335001,0.909012,-0.986340,-0.095231,0.915785,-0.983814,-0.356202,0.538639,-0.738939,-0.069580,0.500052,-1.143001,-0.353827,0.133282,-0.644369,-0.047936,0.200377,-1.431080,-0.218443,1.029583,-0.983550,-0.225279,1.243740,-0.976068,-0.239181,1.485703,-0.963443,-0.251617,1.584579,-0.933942,-0.271388,1.431974,-0.970498,-0.201534,1.435374,-0.958644,-0.406243,1.369491,-0.986033,-0.064694,1.388326,-0.924267,-0.428469,1.100315,-1.092991,0.041839,1.135432,-0.826908,-0.461040,0.827385,-1.159353,0.038843,0.917860,-0.646314,-0.377371,0.045580,-0.489966,-0.020802,0.041316,-1.353299,,,,,,,,,,-0.448056,0.808898,-1.148710,-0.416525,0.767558,-1.160746,-0.398990,0.741311,-1.177798,-0.432631,0.739254,-1.185580,-0.409190,0.720375,-1.206903,-0.387881,0.714497,-1.221743,-0.443557,0.748456,-1.206892,-0.418152,0.734172,-1.233240,-0.397966,0.731122,-1.249621,-0.452551,0.757340,-1.223867,-0.428916,0.744968,-1.250175,-0.410476,0.745510,-1.263842,-0.458594,0.772281,-1.238653,-0.436806,0.763198,-1.261473,-0.418225,0.764183,-1.274520,0.017178,0.914516,-0.634353,-0.014043,0.872789,-0.622864,-0.021737,0.838365,-0.616289,0.002502,0.851326,-0.587032,-0.012137,0.817872,-0.581830,-0.024526,0.795972,-0.590541,0.025237,0.841455,-0.593663,0.013235,0.804233,-0.589907,0.003080,0.784769,-0.604167,0.044064,0.834294,-0.600165,0.033899,0.798254,-0.598877,0.025232,0.785347,-0.615766,0.061310,0.830046,-0.612928,0.052084,0.798584,-0.614617,0.043201,0.781969,-0.627337,,,
43,1.433,-0.226398,0.909717,-0.923934,-0.346268,0.906945,-0.926942,-0.106528,0.912489,-0.920926,-0.376777,0.550008,-0.661428,-0.058482,0.482930,-1.030482,-0.361118,0.134555,-0.641001,-0.039589,0.226197,-1.357583,-0.229113,1.026927,-0.923749,-0.236599,1.241115,-0.917973,-0.250544,1.483242,-0.909094,-0.264279,1.582454,-0.881349,-0.282749,1.429402,-0.915251,-0.212873,1.433004,-0.903583,-0.417404,1.365865,-0.928005,-0.075975,1.385889,-0.869533,-0.448635,1.092354,-1.020773,0.028699,1.125115,-0.793216,-0.485860,0.815449,-1.064287,0.038478,0.892497,-0.632737,-0.387283,0.047136,-0.486860,-0.021165,0.048213,-1.349307,,,,,,,,,,-0.472865,0.798060,-1.051943,-0.441843,0.755391,-1.060008,-0.425318,0.727531,-1.075432,-0.458539,0.724789,-1.081503,-0.435792,0.703590,-1.101347,-0.414909,0.695975,-1.116001,-0.469707,0.731807,-1.103510,-0.444783,0.714626,-1.128557,-0.424856,0.709705,-1.144798,-0.478882,0.738944,-1.121198,-0.455844,0.723528,-1.146404,-0.437642,0.722362,-1.160347,-0.485028,0.752307,-1.137385,-0.463330,0.740401,-1.158959,-0.444742,0.739615,-1.172011,0.017145,0.888524,-0.620379,-0.013799,0.846242,-0.610243,-0.021916,0.811659,-0.605192,0.003696,0.822934,-0.576053,-0.010644,0.789209,-0.571859,-0.023223,0.767643,-0.581110,0.026229,0.813431,-0.583813,0.014519,0.776020,-0.581177,0.003996,0.757031,-0.595806,0.044863,0.806626,-0.591195,0.034827,0.770527,-0.591292,0.025704,0.758365,-0.608490,0.061749,0.803058,-0.604631,0.052544,0.771685,-0.607607,0.043348,0.755651,-0.620840,,,
44,1.467,-0.236821,0.911242,-0.864044,-0.356640,0.908968,-0.868926,-0.117002,0.913516,-0.859163,-0.391538,0.548631,-0.608595,-0.050951,0.473936,-0.894373,-0.365580,0.134209,-0.637645,-0.036701,0.265370,-1.254318,-0.239006,1.028459,-0.865002,-0.245661,1.242697,-0.860124,-0.258942,1.484894,-0.852202,-0.273180,1.584113,-0.824735,-0.291341,1.431103,-0.857733,-0.221326,1.434593,-0.846899,-0.425855,1.366670,-0.866995,-0.084203,1.386746,-0.814833,-0.466365,1.089176,-0.942799,0.016410,1.119110,-0.759772,-0.506230,0.809669,-0.958347,0.034628,0.873835,-0.620241,-0.393266,0.046851,-0.483735,-0.017218,0.091900,-1.294504,,,,,,,,,,-0.493469,0.793429,-0.944309,-0.463529,0.749405,-0.947974,-0.448788,0.719866,-0.962021,-0.481194,0.717043,-0.965801,-0.459647,0.692861,-0.983454,-0.439371,0.682804,-0.997472,-0.492492,0.721875,-0.988324,-0.468403,0.701319,-1.011582,-0.448855,0.694062,-1.027404,-0.501736,0.727250,-1.006590,-0.479797,0.708177,-1.030225,-0.461955,0.704727,-1.044256,-0.507792,0.738904,-1.024080,-0.486489,0.723928,-1.044077,-0.467983,0.721057,-1.056951,0.013646,0.869111,-0.607550,-0.017218,0.826350,-0.599372,-0.024984,0.791438,-0.596500,0.001147,0.800724,-0.567367,-0.013255,0.766825,-0.565363,-0.026177,0.746064,-0.575897,0.023390,0.791688,-0.576417,0.011689,0.754185,-0.575906,0.000695,0.736195,-0.591424,0.041760,0.785332,-0.584792,0.031549,0.749355,-0.587085,0.021873,0.738428,-0.604803,0.058223,0.782621,-0.598935,0.048849,0.751503,-0.603591,0.039214,0.736334,-0.617514,,,
45,1.500,-0.245846,0.916144,-0.805731,-0.365539,0.914567,-0.813248,-0.126152,0.917721,-0.798213,-0.401193,0.542701,-0.569778,-0.056457,0.479079,-0.758614,-0.369530,0.132375,-0.632176,-0.043802,0.293242,-1.130861,-0.247266,1.033360,-0.807717,-0.252434,1.247648,-0.803259,-0.263020,1.489918,-0.793673,-0.276181,1.589033,-0.765310,-0.296115,1.436483,-0.798497,-0.225771,1.439216,-0.789778,-0.430699,1.371737,-0.803646,-0.088208,1.389931,-0.762072,-0.479269,1.090901,-0.859877,0.004984,1.116961,-0.722242,-0.519885,0.811528,-0.843879,0.031984,0.861857,-0.603273,-0.399086,0.045505,-0.478339,-0.006191,0.123631,-1.174493,,,,,,,,,,-0.507205,0.796495,-0.828489,-0.478101,0.751764,-0.828224,-0.464650,0.720809,-0.840393,-0.496595,0.718158,-0.842571,-0.476136,0.691509,-0.857799,-0.456432,0.679313,-0.870907,-0.508139,0.720984,-0.865309,-0.485027,0.697452,-0.886659,-0.465963,0.688040,-0.901925,-0.517558,0.724728,-0.883890,-0.496597,0.702637,-0.905715,-0.479117,0.697210,-0.919576,-0.523667,0.734734,-0.902355,-0.503001,0.717377,-0.921052,-0.484766,0.712836,-0.933833,0.011320,0.856238,-0.590426,-0.019408,0.813004,-0.584551,-0.025962,0.777729,-0.584272,-0.000290,0.785152,-0.554935,-0.014747,0.751220,-0.555301,-0.027954,0.731385,-0.567181,0.021700,0.776785,-0.565167,0.009957,0.739345,-0.567151,-0.001438,0.722578,-0.583714,0.039842,0.771044,-0.574436,0.029542,0.735326,-0.579127,0.019426,0.725739,-0.597367,0.055938,0.769350,-0.589148,0.046638,0.738549,-0.595675,0.036753,0.724289,-0.610362,,,
46,1.533,-0.252789,0.924625,-0.748656,-0.372326,0.923791,-0.758443,-0.133252,0.925460,-0.738869,-0.403671,0.534306,-0.543613,-0.066789,0.497972,-0.630842,-0.371380,0.128027,-0.628217,-0.056835,0.296481,-0.994937,-0.253373,1.041830,-0.751517,-0.257030,1.256150,-0.747107,-0.264811,1.498417,-0.735061,-0.275385,1.597475,-0.705445,-0.298613,1.445330,-0.738676,-0.227902,1.447345,-0.733417,-0.433240,1.380488,-0.737074,-0.089630,1.396520,-0.712978,-0.487034,1.097049,-0.771110,-0.003463,1.119493,-0.688169,-0.523428,0.821160,-0.720954,0.035892,0.857033,-0.590565,-0.401950,0.040801,-0.474779,-0.012575,0.124385,-1.017526,,,,,,,,,,-0.510137,0.807753,-0.704606,-0.481466,0.762909,-0.700734,-0.468892,0.730597,-0.709950,-0.500957,0.728187,-0.710311,-0.481543,0.699533,-0.723062,-0.462600,0.685488,-0.735421,-0.513590,0.728628,-0.732637,-0.491882,0.702373,-0.752211,-0.473728,0.690915,-0.767185,-0.523886,0.730414,-0.751044,-0.504073,0.705918,-0.771322,-0.487294,0.698888,-0.785328,-0.530812,0.738386,-0.770197,-0.511307,0.718993,-0.788126,-0.493822,0.713018,-0.801357,0.016151,0.850084,-0.576941,-0.013571,0.805981,-0.572525,-0.018673,0.770542,-0.574854,0.007736,0.776312,-0.546372,-0.006110,0.742163,-0.548028,-0.019743,0.722874,-0.560316,0.029150,0.769144,-0.558550,0.017738,0.731770,-0.562626,0.005508,0.716122,-0.579681,0.046749,0.764450,-0.569332,0.036804,0.728932,-0.575919,0.025720,0.720453,-0.594145,0.061911,0.764169,-0.585094,0.052961,0.733720,-0.593496,0.042551,0.720401,-0.608694,,,
47,1.567,-0.256651,0.935497,-0.692785,-0.376104,0.935393,-0.703579,-0.137198,0.935600,-0.681991,-0.398771,0.527152,-0.525652,-0.072664,0.526524,-0.516689,-0.370630,0.123607,-0.623744,-0.070693,0.288260,-0.857996,-0.256439,1.052687,-0.696252,-0.259155,1.267023,-0.691948,-0.264957,1.509283,-0.678722,-0.272519,1.608307,-0.648083,-0.299191,1.456385,-0.680618,-0.228288,1.458016,-0.679296,-0.433819,1.392341,-0.670360,-0.089526,1.405780,-0.667600,-0.490472,1.107633,-0.681379,-0.008612,1.126124,-0.662224,-0.515102,0.839031,-0.596518,0.043253,0.857915,-0.589187,-0.400412,0.036419,-0.470130,-0.035305,0.112811,-0.850816,,,,,,,,,,-0.500372,0.827682,-0.579848,-0.471434,0.783392,-0.572849,-0.459111,0.750128,-0.578217,-0.491686,0.747945,-0.576095,-0.473107,0.717884,-0.586668,-0.455125,0.702365,-0.598693,-0.506292,0.745663,-0.597064,-0.486282,0.717020,-0.615033,-0.469477,0.703658,-0.630004,-0.518217,0.745191,-0.614545,-0.499835,0.718673,-0.633588,-0.484223,0.710216,-0.648144,-0.526858,0.750723,-0.633861,-0.509125,0.729155,-0.651132,-0.492968,0.721534,-0.665181,0.025307,0.849315,-0.574100,-0.003277,0.804392,-0.570515,-0.008153,0.769221,-0.575671,0.021221,0.772844,-0.549952,0.008064,0.738474,-0.552428,-0.006573,0.719700,-0.564355,0.041131,0.767290,-0.565152,0.029715,0.730179,-0.571154,0.015708,0.715791,-0.587950,0.057392,0.763990,-0.578293,0.047407,0.728867,-0.586689,0.034408,0.721625,-0.604169,0.070609,0.765499,-0.595655,0.061398,0.735699,-0.605899,0.049606,0.723549,-0.621068,,,
48,1.600,-0.256728,0.947914,-0.637001,-0.376135,0.948636,-0.648270,-0.137320,0.947191,-0.625733,-0.391293,0.524294,-0.512122,-0.079045,0.559988,-0.412402,-0.368916,0.122971,-0.620302,-0.082524,0.277430,-0.718036,-0.255661,1.065089,-0.640791,-0.258793,1.279436,-0.637400,-0.262041,1.521764,-0.624540,-0.266673,1.620769,-0.593266,-0.296735,1.469132,-0.624540,-0.225846,1.470209,-0.626855,-0.431373,1.407074,-0.605759,-0.087342,1.416135,-0.623269,-0.490760,1.122922,-0.594778,-0.012478,1.135153,-0.638379,-0.497838,0.866148,-0.476575,0.045351,0.862698,-0.589548,-0.397660,0.036199,-0.466255,-0.054937,0.107032,-0.670186,,,,,,,,,,-0.481069,0.857078,-0.460444,-0.450737,0.814132,-0.451304,-0.437379,0.780865,-0.452722,-0.470601,0.778512,-0.447589,-0.452531,0.747523,-0.456179,-0.435587,0.730754,-0.468034,-0.487508,0.773511,-0.466229,-0.469158,0.742856,-0.482578,-0.453936,0.727731,-0.497565,-0.501377,0.770760,-0.481979,-0.484603,0.742311,-0.499671,-0.470533,0.732322,-0.514817,-0.512305,0.773735,-0.500690,-0.496507,0.750064,-0.517063,-0.482050,0.740690,-0.531883,0.029291,0.852914,-0.573117,0.000006,0.808393,-0.570228,-0.006706,0.774044,-0.578130,0.025984,0.774442,-0.556418,0.011919,0.740541,-0.560098,-0.004599,0.723058,-0.571519,0.043521,0.770126,-0.574642,0.030313,0.733976,-0.582536,0.013766,0.721519,-0.598547,0.057788,0.767907,-0.590119,0.045959,0.733854,-0.600335,0.030591,0.728464,-0.616513,0.068635,0.770962,-0.608864,0.057532,0.742429,-0.620715,0.043640,0.731918,-0.635320,,,
49,1.633,-0.256220,0.959132,-0.580520,-0.375542,0.960700,-0.592577,-0.136898,0.957565,-0.568463,-0.383153,0.523761,-0.503929,-0.085122,0.593986,-0.315556,-0.366673,0.124715,-0.621206,-0.089902,0.263650,-0.568772,-0.254306,1.076300,-0.584227,-0.257770,1.290647,-0.581228,-0.257730,1.532997,-0.568360,-0.259306,1.631900,-0.536467,-0.292964,1.480751,-0.566691,-0.222256,1.481045,-0.572356,-0.427443,1.421066,-0.540531,-0.084620,1.424818,-0.576241,-0.489873,1.139049,-0.509565,-0.016703,1.143962,-0.612170,-0.472708,0.898948,-0.361201,0.042088,0.868582,-0.586281,-0.394193,0.037178,-0.467369,-0.064356,0.112312,-0.476411,,,,,,,,,,-0.453612,0.892559,-0.346430,-0.420179,0.852212,-0.336318,-0.404760,0.819839,-0.335105,-0.437540,0.816615,-0.325893,-0.418921,0.785478,-0.332557,-0.402566,0.767946,-0.344132,-0.456350,0.808736,-0.341462,-0.438584,0.776897,-0.356101,-0.424542,0.760515,-0.370919,-0.471908,0.803557,-0.354846,-0.456060,0.773560,-0.370744,-0.443467,0.762120,-0.386160,-0.485220,0.803798,-0.372199,-0.470481,0.778729,-0.387438,-0.457550,0.768020,-0.402755,0.027443,0.857964,-0.569065,-0.004108,0.814970,-0.567046,-0.013854,0.782044,-0.577450,0.021059,0.778444,-0.559925,0.004600,0.745856,-0.565186,-0.014180,0.730519,-0.576187,0.036055,0.775174,-0.580484,0.019716,0.740794,-0.590212,0.000651,0.730973,-0.605225,0.048262,0.773866,-0.597726,0.033170,0.741734,-0.609712,0.015714,0.738880,-0.624343,0.057040,0.778319,-0.617259,0.042926,0.751758,-0.630417,0.026831,0.743521,-0.644197,,,
50,1.667,-0.255877,0.966114,-0.525263,-0.375090,0.968422,-0.538246,-0.136664,0.963806,-0.512280,-0.374695,0.524388,-0.497418,-0.090199,0.622978,-0.228538,-0.364622,0.127620,-0.622863,-0.093426,0.248573,-0.410403,-0.253274,1.083287,-0.528337,-0.256999,1.297604,-0.523869,-0.253197,1.539825,-0.509274,-0.251820,1.638474,-0.476593,-0.289003,1.488023,-0.506390,-0.218625,1.487457,-0.515242,-0.423114,1.430710,-0.473819,-0.082174,1.429405,-0.526702,-0.490010,1.152101,-0.425950,-0.021760,1.150416,-0.584138,-0.440611,0.933672,-0.253312,0.034286,0.873297,-0.579175,-0.390790,0.039668,-0.469026,-0.065894,0.129170,-0.279746,,,,,,,,,,-0.419654,0.930227,-0.240176,-0.382999,0.893150,-0.228786,-0.365345,0.862156,-0.224935,-0.396982,0.858640,-0.211735,-0.377310,0.827720,-0.215929,-0.361212,0.809421,-0.226644,-0.416908,0.847871,-0.223787,-0.398961,0.815048,-0.235798,-0.385642,0.797321,-0.249707,-0.433523,0.840217,-0.234433,-0.417858,0.808824,-0.247580,-0.406388,0.795732,-0.262551,-0.448668,0.837470,-0.249972,-0.434297,0.811081,-0.263203,-0.422537,0.798818,-0.278297,0.020483,0.861669,-0.561916,-0.013408,0.820447,-0.561555,-0.025971,0.789406,-0.574439,0.009940,0.782079,-0.560511,-0.009023,0.751284,-0.567767,-0.029610,0.738383,-0.578660,0.022950,0.780264,-0.582550,0.003682,0.748115,-0.594332,-0.017149,0.741075,-0.608537,0.033584,0.780184,-0.600851,0.015460,0.750479,-0.614743,-0.003302,0.750244,-0.627967,0.040976,0.786254,-0.620521,0.024142,0.762079,-0.635013,0.006452,0.756282,-0.648061,,,
51,1.700,-0.254423,0.968999,-0.470675,-0.373563,0.972008,-0.484173,-0.135283,0.965990,-0.457178,-0.369563,0.526125,-0.486479,-0.099048,0.639828,-0.155287,-0.362830,0.133303,-0.623989,-0.091976,0.233889,-0.247086,-0.251259,1.086184,-0.472482,-0.255931,1.300420,-0.465630,-0.247698,1.542358,-0.448396,-0.243911,1.640658,-0.414868,-0.284163,1.491077,-0.444601,-0.214238,1.489545,-0.456430,-0.417759,1.436245,-0.406170,-0.079223,1.430155,-0.475509,-0.490667,1.162285,-0.342764,-0.027436,1.154561,-0.553931,-0.406927,0.967703,-0.155466,0.023482,0.876743,-0.567541,-0.387626,0.044869,-0.470202,-0.063776,0.147014,-0.092996,,,,,,,,,,-0.384638,0.966860,-0.144234,-0.345657,0.932880,-0.131051,-0.326239,0.903513,-0.124145,-0.356546,0.901287,-0.107375,-0.336222,0.870537,-0.108774,-0.320607,0.851128,-0.118169,-0.377167,0.888302,-0.115401,-0.359199,0.854385,-0.123799,-0.346622,0.834939,-0.135996,-0.394472,0.878686,-0.122889,-0.379021,0.845896,-0.132368,-0.368611,0.830780,-0.146161,-0.410992,0.873152,-0.136112,-0.396884,0.845291,-0.146246,-0.386135,0.830978,-0.160249,0.010395,0.863769,-0.550688,-0.025171,0.824016,-0.552340,-0.040000,0.795076,-0.567505,-0.003517,0.784953,-0.557180,-0.024525,0.756100,-0.566493,-0.046437,0.745474,-0.577259,0.007862,0.785139,-0.580175,-0.013661,0.755326,-0.594017,-0.035720,0.750791,-0.607364,0.017203,0.786717,-0.599103,-0.003294,0.759554,-0.614784,-0.022926,0.761580,-0.626508,0.023490,0.794672,-0.618483,0.004477,0.772973,-0.634150,-0.014374,0.769376,-0.646335,,,
52,1.733,-0.252769,0.968559,-0.414281,-0.371744,0.974039,-0.428437,-0.133793,0.963080,-0.400126,-0.369647,0.530563,-0.474890,-0.113428,0.632960,-0.101063,-0.363654,0.142335,-0.624910,-0.089611,0.217520,-0.090767,-0.247380,1.085677,-0.414241,-0.254380,1.299791,-0.405746,-0.240984,1.541275,-0.385630,-0.235375,1.639138,-0.351094,-0.278227,1.490615,-0.381115,-0.208847,1.487982,-0.395647,-0.411118,1.438349,-0.337072,-0.075575,1.427384,-0.421853,-0.490780,1.170674,-0.257114,-0.033800,1.156026,-0.518823,-0.377340,0.997781,-0.064254,0.010674,0.878382,-0.548766,-0.387062,0.052051,-0.471982,-0.061752,0.165732,0.078431,,,,,,,,,,-0.354127,0.998994,-0.055127,-0.313333,0.967991,-0.040204,-0.292272,0.940656,-0.030387,-0.321321,0.940636,-0.010791,-0.300535,0.910234,-0.008719,-0.285359,0.889611,-0.016010,-0.342261,0.926327,-0.014665,-0.324238,0.891648,-0.018699,-0.312258,0.870520,-0.028455,-0.359931,0.915458,-0.018863,-0.344588,0.881666,-0.024005,-0.335055,0.864519,-0.035931,-0.377427,0.907678,-0.029435,-0.363386,0.878708,-0.035882,-0.353418,0.862368,-0.048134,-0.001594,0.864053,-0.532402,-0.038599,0.825721,-0.535449,-0.055702,0.798967,-0.552156,-0.018786,0.786806,-0.546000,-0.041789,0.760058,-0.556770,-0.064916,0.751623,-0.566916,-0.009135,0.789129,-0.569659,-0.032765,0.761700,-0.584919,-0.055899,0.759348,-0.596945,-0.001164,0.792459,-0.588982,-0.023909,0.767886,-0.605797,-0.044265,0.771832,-0.615646,0.003960,0.802260,-0.607852,-0.017034,0.782938,-0.624091,-0.036881,0.781154,-0.635032,,,
53,1.767,-0.251440,0.964012,-0.355681,-0.370167,0.971731,-0.370836,-0.132712,0.956292,-0.340526,-0.371381,0.533236,-0.451789,-0.122111,0.606737,-0.063883,-0.364647,0.154456,-0.624253,-0.090187,0.202324,0.029362,-0.244107,1.081004,-0.353536,-0.252435,1.295036,-0.344221,-0.235393,1.536131,-0.322274,-0.228763,1.633682,-0.287042,-0.273132,1.485898,-0.317152,-0.204238,1.482540,-0.333707,-0.404647,1.434521,-0.268206,-0.072420,1.421590,-0.365791,-0.489906,1.174256,-0.171342,-0.039409,1.154352,-0.476599,-0.349576,1.021383,0.020731,-0.000208,0.877580,-0.519271,-0.387379,0.061178,-0.473030,-0.063671,0.186909,0.205843,,,,,,,,,,-0.326086,1.024572,0.028586,-0.283971,0.997331,0.046812,-0.261241,0.972964,0.060108,-0.290156,0.975137,0.080670,-0.268461,0.946119,0.087587,-0.252881,0.924881,0.083706,-0.310838,0.959965,0.080082,-0.291994,0.925529,0.081770,-0.279717,0.903254,0.075593,-0.328355,0.948195,0.078469,-0.312285,0.914352,0.078946,-0.302665,0.895543,0.069959,-0.346012,0.938405,0.070056,-0.331325,0.909095,0.068269,-0.321267,0.891095,0.058713,-0.011717,0.862121,-0.503391,-0.049971,0.825098,-0.507120,-0.069103,0.800341,-0.524682,-0.032119,0.786843,-0.522486,-0.056909,0.762059,-0.533965,-0.081024,0.755457,-0.543122,-0.024091,0.791070,-0.546485,-0.049576,0.765776,-0.562434,-0.073548,0.765151,-0.572934,-0.017403,0.795945,-0.565966,-0.042128,0.773687,-0.583203,-0.062986,0.779094,-0.591118,-0.013328,0.807290,-0.584217,-0.036065,0.790035,-0.600438,-0.056704,0.789692,-0.609961,,,
54,1.800,-0.251228,0.954711,-0.294286,-0.369811,0.963543,-0.309959,-0.132645,0.945880,-0.278613,-0.368375,0.535484,-0.434844,-0.120241,0.566185,-0.045137,-0.365959,0.162070,-0.618744,-0.094265,0.183420,0.116356,-0.243096,1.071590,-0.289951,-0.249671,1.285601,-0.278915,-0.231066,1.526455,-0.255629,-0.223951,1.623880,-0.220143,-0.268968,1.476373,-0.250227,-0.200371,1.472791,-0.267931,-0.399302,1.424973,-0.198243,-0.069559,1.412284,-0.304636,-0.488855,1.172160,-0.086639,-0.043188,1.148321,-0.424687,-0.329450,1.033711,0.101449,-0.007423,0.872832,-0.477478,-0.387626,0.065666,-0.469336,-0.074233,0.184808,0.294353,,,,,,,,,,-0.306120,1.039105,0.108539,-0.262811,1.016878,0.130409,-0.238297,0.996525,0.146901,-0.267967,0.999909,0.167323,-0.244866,0.973749,0.179266,-0.228122,0.953050,0.179207,-0.287949,0.983929,0.169234,-0.267564,0.951176,0.176680,-0.254227,0.928778,0.174332,-0.304923,0.971290,0.169585,-0.287376,0.938762,0.175734,-0.276870,0.919161,0.170026,-0.322130,0.959552,0.162913,-0.306231,0.930976,0.165847,-0.295402,0.912098,0.159303,-0.018271,0.856214,-0.462319,-0.057262,0.820072,-0.466950,-0.077824,0.797072,-0.485268,-0.040914,0.783058,-0.486467,-0.066864,0.759807,-0.498574,-0.091598,0.754453,-0.506851,-0.034176,0.789211,-0.510447,-0.060873,0.765648,-0.527049,-0.085388,0.766193,-0.536217,-0.028512,0.795644,-0.529800,-0.054574,0.775268,-0.547392,-0.075748,0.781599,-0.553599,-0.025285,0.808447,-0.547237,-0.049283,0.792931,-0.563397,-0.070468,0.793720,-0.571606,,,
55,1.833,-0.247900,0.940451,-0.235679,-0.366557,0.948631,-0.251147,-0.129243,0.932272,-0.220212,-0.360602,0.532420,-0.411042,-0.119983,0.553774,0.015344,-0.366329,0.171959,-0.619123,-0.098827,0.166659,0.166862,-0.240434,1.057366,-0.231129,-0.245095,1.271360,-0.218850,-0.225561,1.512005,-0.194210,-0.217827,1.609389,-0.158741,-0.263564,1.462002,-0.188788,-0.195137,1.458330,-0.207122,-0.393699,1.411343,-0.135592,-0.065172,1.397805,-0.246695,-0.485934,1.163732,-0.014881,-0.042917,1.135405,-0.370931,-0.319121,1.030877,0.170802,-0.008915,0.861224,-0.431174,-0.387074,0.065765,-0.476369,-0.079100,0.154773,0.344501,,,,,,,,,,-0.295978,1.037959,0.176957,-0.251503,1.019954,0.200319,-0.226329,1.002078,0.218592,-0.255517,1.006634,0.238838,-0.231312,0.982296,0.252342,-0.213919,0.962178,0.253600,-0.274754,0.990093,0.242660,-0.252893,0.958988,0.252575,-0.238684,0.937015,0.251965,-0.291149,0.976841,0.244546,-0.272106,0.945760,0.253211,-0.260865,0.926177,0.249055,-0.307892,0.963758,0.239358,-0.290604,0.936380,0.244793,-0.278966,0.917471,0.239948,-0.019536,0.843513,-0.417133,-0.059190,0.808379,-0.423546,-0.080693,0.787250,-0.443004,-0.044013,0.772958,-0.446640,-0.070651,0.751135,-0.459857,-0.095695,0.746781,-0.467781,-0.037930,0.781044,-0.470217,-0.065324,0.759178,-0.487966,-0.090080,0.760683,-0.496344,-0.032773,0.789027,-0.489129,-0.059600,0.770503,-0.507597,-0.080862,0.777550,-0.512615,-0.029896,0.803226,-0.505516,-0.054537,0.789346,-0.522189,-0.075937,0.790970,-0.529685,,,
56,1.867,-0.243396,0.927372,-0.176315,-0.362326,0.932506,-0.190969,-0.124465,0.922239,-0.161660,-0.350947,0.523011,-0.367085,-0.120539,0.560261,0.098704,-0.363684,0.181967,-0.605392,-0.102837,0.159046,0.208143,-0.238626,1.044494,-0.173996,-0.241638,1.258565,-0.162578,-0.220644,1.499123,-0.138287,-0.211579,1.596613,-0.103431,-0.258902,1.449340,-0.132643,-0.190580,1.445264,-0.151276,-0.389546,1.400257,-0.079215,-0.061578,1.383153,-0.191538,-0.485114,1.153272,0.040178,-0.039823,1.119285,-0.312716,-0.323942,1.017681,0.228842,-0.006040,0.845187,-0.373458,-0.385642,0.059132,-0.476878,-0.079210,0.116979,0.380649,,,,,,,,,,-0.300918,1.024986,0.235180,-0.256725,1.007664,0.259571,-0.232813,0.989308,0.279023,-0.261255,0.995161,0.298306,-0.237386,0.970334,0.311515,-0.220332,0.949916,0.312546,-0.280485,0.978629,0.302202,-0.258726,0.947477,0.312197,-0.244583,0.925460,0.311643,-0.296857,0.965354,0.304133,-0.277829,0.934322,0.313003,-0.266560,0.914731,0.308963,-0.313474,0.952096,0.298985,-0.295948,0.924982,0.304954,-0.284066,0.906130,0.300493,-0.017017,0.826905,-0.360462,-0.057244,0.792878,-0.368947,-0.079192,0.773140,-0.389345,-0.042587,0.758547,-0.393945,-0.069490,0.737955,-0.408533,-0.094544,0.734447,-0.416837,-0.036276,0.767833,-0.417015,-0.063808,0.747331,-0.436128,-0.088481,0.749576,-0.444584,-0.030910,0.776771,-0.435435,-0.057842,0.759655,-0.455071,-0.078981,0.767222,-0.459849,-0.027727,0.791812,-0.450993,-0.052493,0.779184,-0.468457,-0.073836,0.781427,-0.475956,,,
57,1.900,-0.239308,0.918446,-0.113431,-0.358417,0.921724,-0.127132,-0.120198,0.915167,-0.099729,-0.353657,0.510750,-0.300076,-0.111965,0.562248,0.172692,-0.359583,0.200656,-0.577691,-0.104207,0.150039,0.230021,-0.236264,1.035637,-0.111842,-0.236984,1.249793,-0.101708,-0.216446,1.490685,-0.080543,-0.204917,1.588354,-0.046938,-0.254525,1.440877,-0.073987,-0.186340,1.436748,-0.093104,-0.385164,1.392433,-0.019967,-0.058048,1.373071,-0.133188,-0.480970,1.140237,0.087776,-0.030033,1.105016,-0.243395,-0.333596,0.994882,0.280411,0.008504,0.829608,-0.294636,-0.387166,0.052377,-0.481054,-0.084923,0.081828,0.394525,,,,,,,,,,-0.311098,1.001955,0.288624,-0.268822,0.983863,0.315705,-0.247738,0.963798,0.336681,-0.276191,0.970303,0.353640,-0.253439,0.944949,0.367788,-0.236584,0.924407,0.369431,-0.295660,0.953715,0.355653,-0.274782,0.922069,0.365968,-0.260738,0.899985,0.365581,-0.312134,0.940431,0.356008,-0.293965,0.909048,0.365432,-0.282513,0.889499,0.361720,-0.328331,0.927359,0.349287,-0.311241,0.900032,0.355539,-0.299057,0.881318,0.351315,-0.003048,0.811153,-0.282406,-0.043014,0.777436,-0.293081,-0.064460,0.757961,-0.314250,-0.027478,0.743476,-0.318052,-0.054286,0.723796,-0.334008,-0.079094,0.720971,-0.343257,-0.020212,0.753125,-0.340687,-0.047174,0.733291,-0.361261,-0.071475,0.735927,-0.370633,-0.014080,0.762352,-0.358722,-0.040555,0.745953,-0.379555,-0.061444,0.753833,-0.384894,-0.010223,0.777641,-0.373880,-0.034743,0.765488,-0.392015,-0.055901,0.767989,-0.399943,,,
58,1.933,-0.232039,0.914691,-0.051731,-0.351348,0.916937,-0.063813,-0.112730,0.912445,-0.039650,-0.373610,0.491889,-0.196747,-0.098008,0.559959,0.233058,-0.361128,0.223042,-0.514283,-0.101756,0.143853,0.243321,-0.229968,1.031907,-0.050399,-0.230775,1.246119,-0.041569,-0.208875,1.487111,-0.023075,-0.195178,1.584872,0.009431,-0.247112,1.437556,-0.015595,-0.179163,1.432907,-0.035419,-0.378063,1.390694,0.039062,-0.052251,1.366504,-0.075474,-0.473642,1.130726,0.126645,-0.018132,1.093478,-0.170744,-0.349149,0.963763,0.317905,0.023463,0.815823,-0.204475,-0.385634,0.048121,-0.484482,-0.082279,0.061845,0.401377,,,,,,,,,,-0.327599,0.969709,0.329035,-0.288992,0.948818,0.359385,-0.271730,0.926189,0.381227,-0.300848,0.933017,0.395260,-0.280511,0.906108,0.410191,-0.264458,0.884981,0.412367,-0.320718,0.916837,0.393964,-0.301842,0.883993,0.404391,-0.288328,0.861580,0.404088,-0.337365,0.903985,0.391581,-0.321044,0.871580,0.400923,-0.309642,0.851986,0.397289,-0.352933,0.891797,0.382228,-0.337093,0.863665,0.388198,-0.324844,0.844998,0.383955,0.010945,0.797753,-0.192626,-0.028604,0.764180,-0.205146,-0.048654,0.744537,-0.227496,-0.011846,0.729527,-0.228312,-0.038875,0.711131,-0.245388,-0.063321,0.709498,-0.255813,-0.003024,0.738601,-0.250630,-0.029522,0.719495,-0.272458,-0.053164,0.722929,-0.283160,0.004364,0.747366,-0.268423,-0.021778,0.731631,-0.290168,-0.042130,0.740147,-0.296510,0.009360,0.762277,-0.283625,-0.014797,0.750236,-0.302314,-0.035616,0.753192,-0.310952,,,
59,1.967,-0.225289,0.914505,0.007200,-0.344807,0.916461,-0.002652,-0.105770,0.912549,0.017053,-0.395730,0.478391,-0.068489,-0.085153,0.552155,0.278823,-0.373708,0.260128,-0.422240,-0.099975,0.137317,0.247949,-0.223489,1.031724,0.008645,-0.225445,1.245935,0.017336,-0.205039,1.487114,0.035090,-0.190669,1.584928,0.067142,-0.242991,1.437352,0.042656,-0.174975,1.433050,0.022981,-0.374116,1.390355,0.096776,-0.048373,1.365634,-0.016354,-0.464537,1.122842,0.164971,-0.005921,1.088613,-0.095352,-0.366826,0.927813,0.344891,0.039777,0.809759,-0.105984,-0.388977,0.084127,-0.451844,-0.077947,0.052370,0.404106,,,,,,,,,,-0.346622,0.931668,0.359053,-0.312473,0.906107,0.391122,-0.298589,0.880535,0.412109,-0.328938,0.886943,0.423353,-0.311443,0.857731,0.437536,-0.296434,0.835809,0.439254,-0.348913,0.871781,0.417932,-0.332510,0.837238,0.426955,-0.319760,0.814405,0.425866,-0.365475,0.859919,0.412190,-0.351242,0.826083,0.419693,-0.340001,0.806555,0.415285,-0.380114,0.849438,0.399771,-0.365984,0.820121,0.404113,-0.353915,0.801518,0.399138,0.027204,0.792268,-0.093351,-0.010712,0.756578,-0.105036,-0.028690,0.734803,-0.127172,0.008143,0.720793,-0.124585,-0.018545,0.701501,-0.141202,-0.042686,0.699387,-0.152234,0.017798,0.728392,-0.147109,-0.007984,0.707895,-0.168529,-0.031247,0.710698,-0.180203,0.025806,0.735987,-0.165169,0.000279,0.718692,-0.186455,-0.019921,0.726678,-0.193880,0.031123,0.749831,-0.181246,0.007554,0.736052,-0.199480,-0.013107,0.738157,-0.208725,,,
60,2.000,-0.220164,0.918097,0.062251,-0.339892,0.919782,0.055329,-0.100436,0.916413,0.069174,-0.402244,0.478385,0.066001,-0.075986,0.543526,0.312463,-0.381408,0.290483,-0.304838,-0.097157,0.132141,0.252649,-0.218607,1.035318,0.063831,-0.221852,1.249427,0.074445,-0.204267,1.490577,0.095337,-0.190511,1.588184,0.128276,-0.241900,1.440371,0.101421,-0.173384,1.436943,0.083379,-0.373804,1.391473,0.151839,-0.046007,1.369766,0.046197,-0.456049,1.117882,0.204500,0.003063,1.089983,-0.017812,-0.391318,0.891689,0.361349,0.050860,0.811608,-0.004274,-0.399164,0.118048,-0.349972,-0.072635,0.047574,0.408640,,,,,,,,,,-0.372154,0.891713,0.377361,-0.341735,0.858773,0.406303,-0.330166,0.829278,0.423136,-0.361477,0.834891,0.433082,-0.346284,0.802587,0.442370,-0.332342,0.779966,0.440720,-0.381572,0.822136,0.423500,-0.367508,0.785587,0.426672,-0.355766,0.762667,0.421992,-0.398105,0.812489,0.414469,-0.385854,0.777116,0.416035,-0.375113,0.758231,0.408611,-0.412137,0.805331,0.399295,-0.400067,0.774806,0.398630,-0.388714,0.756719,0.390852,0.039510,0.794940,0.010457,0.004059,0.755674,0.003432,-0.012398,0.730301,-0.015874,0.025245,0.719158,-0.011929,-0.000779,0.696903,-0.025642,-0.024975,0.692498,-0.035846,0.034332,0.724658,-0.035284,0.009129,0.700872,-0.053794,-0.014414,0.701466,-0.065225,0.041783,0.730576,-0.054191,0.016815,0.709791,-0.072857,-0.003864,0.715960,-0.080684,0.046134,0.742738,-0.071841,0.023096,0.725748,-0.087915,0.002222,0.725707,-0.096920,,,
61,2.033,-0.217460,0.926221,0.116030,-0.337289,0.927515,0.111049,-0.097630,0.924927,0.121012,-0.402451,0.493416,0.189439,-0.075696,0.535424,0.336973,-0.378254,0.300374,-0.178546,-0.095656,0.126966,0.259336,-0.216267,1.043443,0.117796,-0.219981,1.257426,0.130569,-0.204872,1.498278,0.156276,-0.193023,1.595481,0.191099,-0.242447,1.447780,0.159727,-0.173131,1.445018,0.144913,-0.375966,1.396514,0.203038,-0.043779,1.378897,0.113030,-0.450042,1.118002,0.239556,0.011013,1.097008,0.064866,-0.420223,0.866694,0.365692,0.057532,0.820933,0.104607,-0.401515,0.124643,-0.204306,-0.070107,0.042624,0.415284,,,,,,,,,,-0.401475,0.861624,0.381392,-0.373270,0.820851,0.401141,-0.363024,0.787648,0.410071,-0.394706,0.791849,0.420548,-0.380865,0.757658,0.420783,-0.367738,0.735804,0.413110,-0.415106,0.783020,0.407736,-0.402703,0.746394,0.400773,-0.391889,0.725130,0.390003,-0.431825,0.776869,0.396307,-0.421070,0.741899,0.388234,-0.410972,0.725291,0.376015,-0.445786,0.774589,0.379625,-0.435482,0.744703,0.370758,-0.425022,0.728762,0.358390,0.047661,0.806006,0.122024,0.014725,0.764016,0.122107,-0.000846,0.734969,0.107922,0.037906,0.726981,0.111650,0.013444,0.700991,0.102342,-0.010540,0.693282,0.093721,0.046052,0.729452,0.087447,0.022110,0.701540,0.073618,-0.001686,0.698837,0.063045,0.052645,0.732903,0.067632,0.028979,0.707819,0.052985,0.007772,0.711281,0.044908,0.055762,0.742514,0.048233,0.033895,0.721751,0.035252,0.012993,0.718923,0.026771,,,
62,2.067,-0.218871,0.939259,0.169644,-0.338727,0.940324,0.165294,-0.099015,0.938195,0.173994,-0.406172,0.519919,0.297746,-0.085045,0.529858,0.352594,-0.372866,0.288370,-0.046549,-0.096924,0.123076,0.265124,-0.217901,1.056481,0.171611,-0.221065,1.270398,0.185586,-0.208294,1.510987,0.214786,-0.199273,1.607843,0.251378,-0.245823,1.460342,0.215542,-0.175770,1.457951,0.204646,-0.381119,1.407372,0.250476,-0.044194,1.393037,0.180274,-0.448858,1.125335,0.266486,0.015083,1.109491,0.150745,-0.447014,0.858318,0.359510,0.054299,0.837807,0.218643,-0.393408,0.110451,-0.043545,-0.071944,0.038812,0.421208,,,,,,,,,,-0.428823,0.848685,0.373651,-0.402297,0.803233,0.382506,-0.392666,0.768676,0.382940,-0.425032,0.770914,0.393266,-0.411974,0.737500,0.384688,-0.399156,0.718093,0.371730,-0.445343,0.766439,0.378242,-0.433783,0.732606,0.361951,-0.423301,0.714639,0.346063,-0.461934,0.764062,0.365316,-0.451872,0.732187,0.348390,-0.441899,0.719130,0.332353,-0.475525,0.766697,0.348384,-0.466063,0.739884,0.331968,-0.455874,0.727466,0.315890,0.044394,0.825660,0.238084,0.012636,0.783245,0.244442,-0.001932,0.751781,0.235217,0.037093,0.745740,0.240766,0.014561,0.716972,0.235739,-0.008642,0.706318,0.228186,0.045793,0.744432,0.216665,0.023476,0.713436,0.207459,0.000120,0.707767,0.197082,0.052801,0.744767,0.196695,0.030959,0.716272,0.185979,0.009904,0.717126,0.176875,0.056154,0.751133,0.176041,0.035715,0.727547,0.165854,0.015330,0.722343,0.157241,,,
63,2.100,-0.224021,0.955203,0.221477,-0.343872,0.956076,0.216952,-0.104170,0.954330,0.226003,-0.410756,0.550174,0.389006,-0.098766,0.528740,0.358957,-0.370597,0.262472,0.090882,-0.100900,0.122226,0.269485,-0.223239,1.072427,0.223394,-0.225491,1.286259,0.238773,-0.214966,1.526697,0.270039,-0.208948,1.623383,0.307683,-0.252327,1.475944,0.268584,-0.181806,1.473817,0.261241,-0.389063,1.422105,0.295716,-0.048458,1.410101,0.244541,-0.452872,1.138814,0.287703,0.014203,1.125938,0.234117,-0.471521,0.862979,0.347057,0.041116,0.860919,0.328991,-0.390453,0.089497,0.132974,-0.077884,0.037869,0.425820,,,,,,,,,,-0.454093,0.849970,0.359331,-0.428462,0.803169,0.358517,-0.418506,0.769352,0.351848,-0.451993,0.769710,0.360528,-0.438916,0.738286,0.346310,-0.425597,0.721464,0.330549,-0.471641,0.769245,0.344035,-0.459903,0.739243,0.321544,-0.448960,0.724697,0.302736,-0.487648,0.770259,0.330225,-0.477528,0.742265,0.307472,-0.467101,0.732500,0.289499,-0.500425,0.777014,0.313808,-0.490986,0.754384,0.291973,-0.480474,0.745702,0.273791,0.029061,0.851850,0.348892,-0.003333,0.810504,0.358333,-0.016868,0.777763,0.352658,0.021272,0.773258,0.363394,0.000220,0.743055,0.361116,-0.021723,0.730229,0.353182,0.032613,0.768289,0.340923,0.011744,0.735590,0.334686,-0.010267,0.727617,0.322971,0.041814,0.765568,0.322056,0.021879,0.734919,0.313869,0.002015,0.733502,0.302451,0.047479,0.768640,0.301155,0.028668,0.743193,0.292411,0.009545,0.736129,0.282352,,,
64,2.133,-0.230799,0.970296,0.276997,-0.350625,0.970857,0.271806,-0.110973,0.969735,0.282188,-0.413688,0.575714,0.468573,-0.110722,0.531195,0.362905,-0.375313,0.228064,0.242896,-0.106092,0.123659,0.278307,-0.230313,1.087528,0.278459,-0.231873,1.301199,0.296006,-0.223801,1.541508,0.328944,-0.220443,1.638171,0.366977,-0.260811,1.490574,0.325820,-0.190055,1.488849,0.321104,-0.398139,1.435369,0.346432,-0.055376,1.426699,0.310188,-0.459088,1.153683,0.309990,0.011194,1.143290,0.315849,-0.489289,0.873726,0.335815,0.023709,0.886777,0.434190,-0.400233,0.072798,0.328672,-0.085454,0.038904,0.434758,,,,,,,,,,-0.472545,0.858623,0.346549,-0.446408,0.812768,0.338669,-0.435269,0.780793,0.326808,-0.469654,0.779557,0.332848,-0.455727,0.749920,0.315870,-0.441253,0.734957,0.299274,-0.488196,0.782216,0.315316,-0.475206,0.755599,0.289499,-0.463106,0.743740,0.269547,-0.503293,0.785822,0.300925,-0.492313,0.761154,0.274951,-0.480988,0.753826,0.256372,-0.515061,0.795550,0.285265,-0.504660,0.777028,0.260230,-0.493268,0.771592,0.241331,0.008878,0.880573,0.453300,-0.024779,0.840588,0.464089,-0.037610,0.807179,0.461529,-0.001373,0.804890,0.478090,-0.021565,0.774022,0.477897,-0.042060,0.759376,0.469271,0.013035,0.796819,0.458454,-0.006751,0.763106,0.454509,-0.026895,0.752952,0.441227,0.024823,0.791474,0.441707,0.006443,0.759384,0.435681,-0.011570,0.755680,0.421943,0.033436,0.791500,0.421602,0.016160,0.764607,0.414109,-0.001265,0.755696,0.402544,,,
65,2.167,-0.236486,0.981273,0.319988,-0.356365,0.982212,0.316266,-0.116608,0.980334,0.323709,-0.410730,0.590309,0.521910,-0.118823,0.535449,0.353794,-0.377530,0.195513,0.394249,-0.112262,0.129185,0.263405,-0.235659,1.098475,0.322918,-0.236774,1.312048,0.341654,-0.232785,1.552558,0.373872,-0.231839,1.649360,0.411685,-0.269019,1.501125,0.369931,-0.198143,1.500325,0.367164,-0.406717,1.444955,0.384615,-0.062178,1.440348,0.361129,-0.464548,1.167031,0.322938,0.013261,1.159970,0.383063,-0.497476,0.886208,0.325993,0.017392,0.913769,0.522090,-0.406115,0.068978,0.517771,-0.091255,0.045277,0.420263,,,,,,,,,,-0.481070,0.870918,0.336978,-0.451869,0.827219,0.327719,-0.437680,0.797033,0.314505,-0.472626,0.793707,0.316613,-0.455636,0.765997,0.299174,-0.438811,0.752906,0.283226,-0.489492,0.797185,0.297594,-0.472840,0.773298,0.271216,-0.458315,0.763590,0.251725,-0.503290,0.801460,0.282125,-0.488898,0.779345,0.255525,-0.475583,0.773922,0.237625,-0.513986,0.812093,0.266283,-0.500471,0.796278,0.240882,-0.487144,0.792990,0.222769,0.001048,0.907762,0.539990,-0.033101,0.867669,0.548617,-0.045552,0.834148,0.545675,-0.010695,0.832426,0.565175,-0.030724,0.801489,0.563680,-0.050362,0.786649,0.553527,0.005379,0.824149,0.546970,-0.013974,0.790351,0.541804,-0.032900,0.779998,0.526974,0.018578,0.818623,0.531373,0.000866,0.786364,0.524339,-0.015917,0.782382,0.509192,0.028856,0.818381,0.512068,0.012336,0.791300,0.503613,-0.004046,0.782147,0.490780,,,
66,2.200,-0.240772,0.983902,0.372503,-0.360670,0.984061,0.369376,-0.120872,0.983743,0.375629,-0.402494,0.584710,0.563291,-0.120437,0.537884,0.369134,-0.379590,0.169092,0.562666,-0.115869,0.134792,0.265405,-0.240728,1.101064,0.376807,-0.240469,1.314551,0.396531,-0.240858,1.555177,0.428122,-0.242139,1.652143,0.465503,-0.276233,1.503240,0.423115,-0.205299,1.503407,0.422754,-0.413984,1.445880,0.431229,-0.067717,1.446915,0.422872,-0.464766,1.173036,0.345400,0.019244,1.171827,0.462219,-0.497318,0.892854,0.325553,0.010120,0.940334,0.624355,-0.413067,0.080119,0.714486,-0.093787,0.051248,0.422310,,,,,,,,,,-0.481489,0.877452,0.337209,-0.449747,0.835478,0.328342,-0.433025,0.806721,0.314905,-0.467897,0.802069,0.313122,-0.448213,0.776093,0.295848,-0.429395,0.764603,0.280925,-0.482893,0.806199,0.292718,-0.462700,0.784623,0.266825,-0.445893,0.776678,0.248400,-0.495229,0.810998,0.276201,-0.477363,0.791141,0.249928,-0.462113,0.787333,0.233193,-0.504702,0.822267,0.260026,-0.488021,0.808585,0.235277,-0.472786,0.806925,0.218494,-0.007995,0.934595,0.640558,-0.042236,0.894138,0.646785,-0.054235,0.860444,0.643930,-0.021223,0.859906,0.666909,-0.040918,0.828889,0.663651,-0.059206,0.813795,0.651540,-0.003114,0.851357,0.650870,-0.021568,0.817291,0.644348,-0.038625,0.806455,0.627706,0.011807,0.845585,0.637012,-0.004941,0.813074,0.628866,-0.019937,0.808650,0.612058,0.024149,0.844914,0.618967,0.008555,0.817569,0.609645,-0.006412,0.808025,0.595444,,,
67,2.233,-0.244082,0.977842,0.422050,-0.363950,0.974459,0.419690,-0.124212,0.981226,0.424410,-0.397164,0.580155,0.625249,-0.114270,0.536006,0.401752,-0.391718,0.175670,0.723357,-0.112997,0.142201,0.266920,-0.247489,1.094918,0.427267,-0.244422,1.308377,0.447058,-0.250072,1.549047,0.477798,-0.253149,1.646168,0.514670,-0.284349,1.496503,0.471632,-0.213466,1.497875,0.473954,-0.421658,1.437565,0.473637,-0.074512,1.445334,0.481128,-0.461370,1.170279,0.367003,0.024574,1.178193,0.541142,-0.490134,0.892072,0.325422,0.006182,0.960900,0.721158,-0.428065,0.126143,0.891619,-0.090921,0.056059,0.422415,,,,,,,,,,-0.475339,0.876428,0.338071,-0.441854,0.835492,0.330936,-0.422985,0.807691,0.318358,-0.457436,0.802512,0.312315,-0.435473,0.777653,0.296181,-0.414914,0.767151,0.282921,-0.470176,0.807323,0.290571,-0.446815,0.787291,0.266144,-0.427927,0.780476,0.249355,-0.480719,0.812667,0.273013,-0.459628,0.794384,0.248020,-0.442551,0.791629,0.232924,-0.488604,0.824509,0.256401,-0.468948,0.812297,0.233110,-0.451901,0.811691,0.218092,-0.013561,0.955784,0.735569,-0.047623,0.915010,0.740586,-0.059548,0.881207,0.738987,-0.028478,0.882649,0.765172,-0.047537,0.851329,0.761127,-0.064172,0.835473,0.747679,-0.008527,0.873520,0.751873,-0.025736,0.838826,0.745257,-0.040621,0.826779,0.727407,0.007965,0.867226,0.740193,-0.007585,0.834126,0.732043,-0.020541,0.828616,0.713912,0.022287,0.865691,0.723734,0.007735,0.837754,0.714482,-0.005635,0.827296,0.699361,,,
68,2.267,-0.247115,0.966072,0.477409,-0.366855,0.959204,0.476628,-0.127374,0.972940,0.478189,-0.394766,0.578663,0.707371,-0.107967,0.529493,0.435639,-0.412918,0.193206,0.863438,-0.109809,0.147720,0.269780,-0.253858,1.082979,0.483139,-0.249422,1.296517,0.501781,-0.259618,1.537227,0.530998,-0.263956,1.634486,0.567376,-0.292899,1.484139,0.524085,-0.222148,1.486598,0.528552,-0.429901,1.424537,0.521015,-0.082987,1.436062,0.542718,-0.458611,1.162836,0.398223,0.024745,1.178518,0.625476,-0.483668,0.888025,0.336527,-0.001693,0.973553,0.818481,-0.451163,0.184439,1.038213,-0.087488,0.058181,0.423308,,,,,,,,,,-0.470010,0.871818,0.349734,-0.435385,0.831646,0.343795,-0.414966,0.804773,0.331626,-0.448519,0.799640,0.321877,-0.424321,0.776529,0.306355,-0.402248,0.767504,0.294516,-0.459055,0.805565,0.299247,-0.432865,0.787611,0.276106,-0.412221,0.782259,0.260931,-0.467837,0.811804,0.281027,-0.443779,0.795710,0.257237,-0.425166,0.794340,0.243866,-0.474165,0.824500,0.264380,-0.452021,0.814063,0.242500,-0.433543,0.814639,0.229283,-0.022598,0.969259,0.831448,-0.056174,0.928185,0.837239,-0.067705,0.894216,0.837949,-0.038792,0.898849,0.866489,-0.056926,0.866875,0.863423,-0.071943,0.849535,0.849904,-0.017504,0.889079,0.856019,-0.033334,0.853455,0.851130,-0.046216,0.839431,0.833166,0.000133,0.882183,0.846563,-0.014077,0.848132,0.840049,-0.025172,0.840724,0.821369,0.015965,0.879511,0.831710,0.002636,0.850531,0.823943,-0.009188,0.838416,0.808771,,,
69,2.300,-0.251036,0.950887,0.536345,-0.370686,0.942681,0.537709,-0.131384,0.959093,0.534982,-0.395273,0.582570,0.799527,-0.106910,0.519063,0.467111,-0.425250,0.206754,0.975955,-0.110742,0.151319,0.272140,-0.258975,1.067691,0.542630,-0.255592,1.281346,0.560117,-0.267761,1.522127,0.587959,-0.272761,1.619543,0.623828,-0.300593,1.468801,0.580733,-0.229946,1.471719,0.586414,-0.437646,1.409676,0.573520,-0.091393,1.421411,0.606221,-0.458548,1.151964,0.441092,0.021326,1.173146,0.708412,-0.482494,0.881458,0.362297,-0.009123,0.976858,0.909669,-0.463280,0.232072,1.149156,-0.087168,0.060016,0.424437,,,,,,,,,,-0.469581,0.864585,0.375419,-0.434371,0.824928,0.369455,-0.412889,0.798794,0.357508,-0.445875,0.794154,0.345002,-0.419511,0.774236,0.328605,-0.396376,0.767818,0.317101,-0.455005,0.801301,0.322115,-0.426606,0.786458,0.299380,-0.404827,0.783262,0.285217,-0.462666,0.808521,0.303753,-0.436176,0.795522,0.280664,-0.416585,0.796061,0.268705,-0.468021,0.822107,0.287470,-0.444123,0.813558,0.266644,-0.424759,0.815339,0.254880,-0.030604,0.972776,0.921731,-0.062968,0.930967,0.928982,-0.072871,0.896594,0.931779,-0.046338,0.904822,0.961511,-0.063107,0.872007,0.959932,-0.076633,0.853083,0.946973,-0.024119,0.895116,0.953123,-0.038243,0.858560,0.950328,-0.049458,0.842626,0.932846,-0.005708,0.888205,0.945296,-0.018258,0.853199,0.940722,-0.027914,0.843914,0.922081,0.011078,0.884991,0.931647,-0.000782,0.854966,0.925673,-0.011277,0.841171,0.910966,,,
70,2.333,-0.256030,0.937028,0.597697,-0.375668,0.929066,0.600687,-0.136392,0.944991,0.594707,-0.399902,0.571786,0.866388,-0.111279,0.510314,0.498491,-0.423238,0.195718,1.043281,-0.113281,0.157002,0.278421,-0.263644,1.053846,0.604122,-0.262364,1.267528,0.621556,-0.275583,1.508234,0.649569,-0.281527,1.605678,0.685218,-0.308151,1.454862,0.641532,-0.237650,1.457898,0.648755,-0.444722,1.395303,0.630027,-0.099573,1.408352,0.673259,-0.459229,1.138378,0.495236,0.014809,1.165741,0.786573,-0.482652,0.871885,0.403651,-0.013913,0.972749,0.991242,-0.456295,0.216833,1.218059,-0.089159,0.059639,0.426829,,,,,,,,,,-0.469880,0.854391,0.416080,-0.434317,0.815302,0.408639,-0.412494,0.789990,0.395593,-0.445172,0.785843,0.382341,-0.418047,0.768044,0.364791,-0.394627,0.763236,0.353077,-0.453921,0.794175,0.359707,-0.424726,0.781494,0.336673,-0.402600,0.779723,0.322803,-0.461285,0.802341,0.341622,-0.433937,0.791417,0.318459,-0.414071,0.793129,0.307078,-0.466422,0.816765,0.326002,-0.441899,0.809584,0.305386,-0.422255,0.812166,0.294254,-0.035648,0.968878,1.002913,-0.067036,0.926722,1.012164,-0.075750,0.892266,1.017087,-0.050733,0.903465,1.046972,-0.066534,0.870135,1.047185,-0.079101,0.849971,1.035167,-0.027990,0.893870,1.039975,-0.040920,0.856773,1.039433,-0.051089,0.839285,1.022818,-0.009148,0.886986,1.033222,-0.020575,0.851390,1.030722,-0.029357,0.840568,1.012482,0.008153,0.883326,1.020351,-0.002685,0.852612,1.016223,-0.012326,0.837499,1.002244,,,
71,2.367,-0.262038,0.924769,0.661773,-0.381793,0.918806,0.664724,-0.142282,0.930731,0.658822,-0.403599,0.553067,0.918872,-0.120906,0.503800,0.531917,-0.416837,0.169853,1.080847,-0.116138,0.164971,0.290181,-0.267757,1.041790,0.666121,-0.268955,1.255645,0.681307,-0.284203,1.496449,0.707372,-0.292021,1.594121,0.742021,-0.316250,1.442860,0.698712,-0.246012,1.446306,0.708009,-0.451690,1.381352,0.684416,-0.108128,1.398669,0.736971,-0.463338,1.121707,0.554652,0.006787,1.157089,0.851939,-0.486894,0.855986,0.460884,-0.014272,0.960802,1.054395,-0.440724,0.153411,1.257610,-0.091037,0.055375,0.429627,,,,,,,,,,-0.474058,0.837741,0.472108,-0.439720,0.798223,0.461751,-0.419159,0.773080,0.446513,-0.452259,0.770074,0.434777,-0.426254,0.752532,0.415370,-0.403443,0.747784,0.402488,-0.461682,0.779486,0.412848,-0.433677,0.767026,0.388268,-0.412129,0.765274,0.373513,-0.469549,0.788522,0.395399,-0.443333,0.777943,0.370812,-0.423871,0.779672,0.358756,-0.474953,0.803663,0.380568,-0.451296,0.796654,0.358907,-0.431969,0.799154,0.347216,-0.035963,0.957036,1.066182,-0.066472,0.914711,1.077399,-0.074037,0.880253,1.083937,-0.049803,0.893540,1.113346,-0.064719,0.859892,1.115769,-0.076792,0.838680,1.105127,-0.026833,0.884110,1.106889,-0.038802,0.846725,1.108536,-0.048510,0.828031,1.092993,-0.007822,0.877314,1.100532,-0.018242,0.841327,1.100096,-0.026679,0.829229,1.082506,0.009603,0.873406,1.087902,-0.000149,0.842153,1.085459,-0.009203,0.825987,1.072288,,,
72,2.400,-0.269206,0.914834,0.729038,-0.389054,0.910264,0.730057,-0.149357,0.919404,0.728018,-0.406137,0.535677,0.971357,-0.131688,0.504506,0.565600,-0.412187,0.143257,1.110042,-0.115479,0.178695,0.307050,-0.273648,1.031956,0.731916,-0.277361,1.246052,0.742639,-0.293524,1.487430,0.761981,-0.303900,1.585681,0.794239,-0.325274,1.433585,0.753831,-0.255325,1.437379,0.764991,-0.459922,1.370722,0.738034,-0.117800,1.391109,0.797643,-0.473649,1.106205,0.618736,-0.005367,1.146111,0.907728,-0.499446,0.837274,0.535274,-0.017334,0.941322,1.102352,-0.434880,0.085641,1.278124,-0.089066,0.047610,0.426236,,,,,,,,,,-0.486524,0.818508,0.545496,-0.454153,0.778077,0.532634,-0.435603,0.752633,0.515440,-0.469213,0.750653,0.506207,-0.445010,0.732645,0.484982,-0.423210,0.727413,0.470624,-0.479669,0.760614,0.485001,-0.453509,0.747598,0.458734,-0.432905,0.745369,0.442745,-0.488308,0.770097,0.468165,-0.463916,0.759048,0.441960,-0.445156,0.760341,0.428787,-0.494135,0.785573,0.453851,-0.471914,0.777967,0.430909,-0.453171,0.779909,0.418203,-0.038991,0.937686,1.114241,-0.069343,0.895460,1.126228,-0.075994,0.860915,1.133287,-0.052541,0.874954,1.162498,-0.066853,0.841255,1.166987,-0.078779,0.819321,1.157734,-0.029552,0.865490,1.156160,-0.041027,0.828069,1.159564,-0.050675,0.808586,1.144982,-0.010530,0.858649,1.149884,-0.020278,0.822488,1.150980,-0.028610,0.809535,1.133958,0.006884,0.854583,1.137290,-0.002033,0.823022,1.135802,-0.010680,0.806286,1.123078,,,
73,2.433,-0.278988,0.908691,0.793300,-0.398873,0.905304,0.792037,-0.159102,0.912078,0.794563,-0.420073,0.534931,1.039437,-0.133452,0.496346,0.635375,-0.417698,0.129575,1.134010,-0.111808,0.196669,0.347297,-0.282314,1.025876,0.794827,-0.289150,1.240032,0.802309,-0.303052,1.481995,0.814935,-0.315488,1.580872,0.844435,-0.335260,1.428267,0.807879,-0.265405,1.431667,0.819733,-0.470115,1.365783,0.792345,-0.128566,1.384619,0.854110,-0.492340,1.096608,0.685386,-0.022033,1.131725,0.951470,-0.524911,0.823679,0.619023,-0.025029,0.914154,1.132064,-0.441242,0.041872,1.288412,-0.084674,0.037610,0.425080,,,,,,,,,,-0.511927,0.805191,0.629666,-0.480397,0.763851,0.617630,-0.462861,0.737604,0.600578,-0.496502,0.735547,0.592797,-0.473061,0.716668,0.571473,-0.451753,0.710791,0.556633,-0.507428,0.744750,0.571485,-0.482023,0.730465,0.545136,-0.461837,0.727416,0.528755,-0.516422,0.753634,0.554509,-0.492787,0.741261,0.528201,-0.474348,0.741804,0.514534,-0.522466,0.768575,0.539723,-0.500678,0.759491,0.516903,-0.482096,0.760476,0.503856,-0.046694,0.910810,1.144025,-0.077915,0.869082,1.155515,-0.085609,0.834659,1.162090,-0.061370,0.847620,1.191346,-0.076008,0.814165,1.196548,-0.088398,0.792266,1.187838,-0.038635,0.837749,1.184716,-0.050636,0.800527,1.188472,-0.060791,0.781063,1.174212,-0.019808,0.830588,1.178214,-0.029972,0.794548,1.179502,-0.038640,0.781641,1.162613,-0.002561,0.826340,1.165451,-0.011787,0.794878,1.163762,-0.020671,0.778262,1.151042,,,
74,2.467,-0.290269,0.906010,0.854444,-0.410139,0.903238,0.851435,-0.170399,0.908782,0.857452,-0.440648,0.546301,1.116950,-0.122354,0.479223,0.747894,-0.424989,0.130848,1.137379,-0.103462,0.222488,0.420794,-0.292984,1.023220,0.854628,-0.300471,1.237407,0.860404,-0.314415,1.479535,0.869284,-0.328151,1.578746,0.897029,-0.346621,1.425695,0.863127,-0.276745,1.429296,0.874795,-0.481275,1.362158,0.850373,-0.139847,1.382181,0.908845,-0.512507,1.088646,0.757605,-0.035172,1.121408,0.985162,-0.549731,0.811742,0.714090,-0.025393,0.888790,1.145642,-0.451154,0.043429,1.291519,-0.085037,0.044504,0.429071,,,,,,,,,,-0.536736,0.794352,0.726433,-0.505715,0.751684,0.718368,-0.489189,0.723824,0.702944,-0.522410,0.721082,0.696873,-0.499663,0.699883,0.677029,-0.478781,0.692268,0.662375,-0.533579,0.728100,0.674867,-0.508655,0.710919,0.649819,-0.488727,0.705999,0.633578,-0.542754,0.735237,0.657179,-0.519716,0.719821,0.631972,-0.501513,0.718655,0.618029,-0.548899,0.748601,0.640991,-0.527201,0.736694,0.619418,-0.508614,0.735909,0.606365,-0.046727,0.884817,1.158000,-0.077670,0.842536,1.168136,-0.085787,0.807953,1.173187,-0.060175,0.819227,1.202326,-0.074515,0.785503,1.206520,-0.087095,0.763936,1.197269,-0.037642,0.809724,1.194566,-0.049352,0.772314,1.197202,-0.059876,0.753325,1.182573,-0.019008,0.802919,1.187184,-0.029044,0.766820,1.187088,-0.038167,0.754658,1.169889,-0.002123,0.799351,1.173748,-0.011327,0.767979,1.170772,-0.020524,0.751945,1.157539,,,
75,2.500,-0.300692,0.907534,0.914334,-0.420511,0.905261,0.909452,-0.180873,0.909808,0.919215,-0.455410,0.544924,1.169783,-0.114823,0.470229,0.884002,-0.429452,0.130502,1.140734,-0.100573,0.261661,0.524057,-0.302878,1.024752,0.913376,-0.309533,1.238989,0.918254,-0.322813,1.481187,0.926176,-0.337052,1.580405,0.953643,-0.355213,1.427396,0.920645,-0.285197,1.430885,0.931479,-0.489727,1.362962,0.911383,-0.148075,1.383038,0.963545,-0.530236,1.085469,0.835578,-0.047461,1.115402,1.018607,-0.570101,0.805962,0.820029,-0.029244,0.870128,1.158138,-0.457137,0.043144,1.294644,-0.081090,0.088191,0.483872,,,,,,,,,,-0.557340,0.789722,0.834067,-0.527400,0.745698,0.830402,-0.512659,0.716159,0.816355,-0.545065,0.713335,0.812574,-0.523518,0.689154,0.794922,-0.503242,0.679096,0.780903,-0.556363,0.718167,0.790052,-0.532274,0.697612,0.766794,-0.512726,0.690355,0.750972,-0.565607,0.723543,0.771786,-0.543668,0.704469,0.748151,-0.525826,0.701020,0.734120,-0.571663,0.735197,0.754296,-0.550360,0.720221,0.734299,-0.531854,0.717349,0.721424,-0.050226,0.865404,1.170829,-0.081090,0.822643,1.179007,-0.088856,0.787731,1.181879,-0.062724,0.797017,1.211012,-0.077127,0.763119,1.213016,-0.090048,0.742357,1.202482,-0.040482,0.787981,1.201962,-0.052183,0.750478,1.202474,-0.063176,0.732488,1.186955,-0.022111,0.781625,1.193588,-0.032323,0.745648,1.191294,-0.041999,0.734721,1.173576,-0.005649,0.778913,1.179445,-0.015022,0.747796,1.174788,-0.024657,0.732627,1.160866,,,
76,2.533,-0.309717,0.912436,0.972647,-0.429411,0.910859,0.965130,-0.190024,0.914013,0.980165,-0.465064,0.538994,1.208600,-0.120328,0.475371,1.019762,-0.433401,0.128668,1.146203,-0.107673,0.289534,0.647514,-0.311137,1.029653,0.970661,-0.316305,1.243940,0.975119,-0.326892,1.486210,0.984705,-0.340053,1.585325,1.013068,-0.359986,1.432775,0.979881,-0.289643,1.435509,0.988600,-0.494570,1.368029,0.974732,-0.152080,1.386223,1.016306,-0.543140,1.087193,0.918500,-0.058888,1.113253,1.056137,-0.583756,0.807820,0.934497,-0.031887,0.858150,1.175106,-0.462958,0.041797,1.300041,-0.070062,0.119923,0.603882,,,,,,,,,,-0.571076,0.792787,0.949887,-0.541972,0.748056,0.950152,-0.528521,0.717102,0.937983,-0.560466,0.714450,0.935805,-0.540008,0.687801,0.920577,-0.520304,0.675605,0.907468,-0.572010,0.717276,0.913067,-0.548898,0.693745,0.891717,-0.529834,0.684333,0.876450,-0.581430,0.721020,0.894486,-0.560468,0.698929,0.872660,-0.542988,0.693502,0.858800,-0.587538,0.731027,0.876021,-0.566872,0.713670,0.857324,-0.548637,0.709129,0.844543,-0.052552,0.852531,1.187953,-0.083280,0.809297,1.193828,-0.089834,0.774021,1.194107,-0.064162,0.781445,1.223444,-0.078619,0.747512,1.223078,-0.091826,0.727678,1.211198,-0.042172,0.773078,1.213212,-0.053915,0.735638,1.211228,-0.065310,0.718871,1.194665,-0.024030,0.767337,1.203943,-0.034330,0.731619,1.199253,-0.044445,0.722032,1.181012,-0.007934,0.765643,1.189231,-0.017234,0.734842,1.182705,-0.027119,0.720582,1.168017,,,
77,2.567,-0.316661,0.920917,1.029722,-0.436198,0.920083,1.019935,-0.197124,0.921752,1.039509,-0.467542,0.530599,1.234766,-0.130661,0.494264,1.147535,-0.435252,0.124320,1.150163,-0.120706,0.292774,0.783438,-0.317245,1.038123,1.026861,-0.320901,1.252442,1.031271,-0.328683,1.494709,1.043317,-0.339257,1.593767,1.072933,-0.362485,1.441622,1.039702,-0.291774,1.443637,1.044960,-0.497112,1.376780,1.041304,-0.153501,1.392812,1.065400,-0.550905,1.093341,1.007267,-0.067335,1.115786,1.090210,-0.587299,0.817452,1.057422,-0.027980,0.853326,1.187814,-0.465822,0.037094,1.303601,-0.076446,0.120678,0.760849,,,,,,,,,,-0.574008,0.804045,1.073770,-0.545338,0.759201,1.077642,-0.532763,0.726889,1.068426,-0.564829,0.724479,1.068065,-0.545414,0.695825,1.055314,-0.526471,0.681781,1.042955,-0.577461,0.724920,1.045738,-0.555753,0.698665,1.026164,-0.537599,0.687207,1.011190,-0.587757,0.726706,1.027332,-0.567944,0.702211,1.007053,-0.551165,0.695180,0.993048,-0.594684,0.734678,1.008178,-0.575178,0.715285,0.990250,-0.557693,0.709310,0.977019,-0.047721,0.846377,1.201438,-0.077443,0.802274,1.205854,-0.082545,0.766835,1.203526,-0.056136,0.772605,1.232008,-0.069982,0.738456,1.230351,-0.083615,0.719166,1.218063,-0.034722,0.765436,1.219829,-0.046134,0.728063,1.215753,-0.058364,0.712414,1.198699,-0.017123,0.760743,1.209047,-0.027068,0.725224,1.202461,-0.038152,0.716745,1.184234,-0.001961,0.760461,1.193285,-0.010911,0.730013,1.184883,-0.021321,0.716693,1.169685,,,
78,2.600,-0.320523,0.931789,1.085593,-0.439976,0.931685,1.074799,-0.201069,0.931892,1.096387,-0.462643,0.523445,1.252728,-0.136535,0.522816,1.261687,-0.434501,0.119899,1.154635,-0.134565,0.284553,0.920380,-0.320311,1.048979,1.082126,-0.323026,1.263315,1.086430,-0.328829,1.505576,1.099656,-0.336391,1.604599,1.130295,-0.363063,1.452677,1.097760,-0.292159,1.454308,1.099082,-0.497690,1.388633,1.108018,-0.153397,1.402073,1.110778,-0.554344,1.103925,1.096998,-0.072483,1.122416,1.116155,-0.578974,0.835322,1.181858,-0.020619,0.854207,1.189192,-0.464284,0.032712,1.308249,-0.099176,0.109104,0.927558,,,,,,,,,,-0.564245,0.823974,1.198528,-0.535306,0.779684,1.205527,-0.522983,0.746420,1.200159,-0.555558,0.744236,1.202281,-0.536979,0.714176,1.191708,-0.518997,0.698656,1.179682,-0.570164,0.741955,1.181311,-0.550154,0.713312,1.163343,-0.533349,0.699950,1.148371,-0.582089,0.741483,1.163830,-0.563707,0.714965,1.144787,-0.548095,0.706508,1.130231,-0.590730,0.747015,1.144514,-0.572997,0.725447,1.127243,-0.556840,0.717826,1.113194,-0.038565,0.845608,1.204279,-0.067149,0.800685,1.207865,-0.072025,0.765514,1.202708,-0.042651,0.769137,1.228428,-0.055808,0.734766,1.225951,-0.070445,0.715992,1.214024,-0.022741,0.763582,1.213228,-0.034157,0.726471,1.207226,-0.048164,0.712083,1.190430,-0.006480,0.760283,1.200086,-0.016465,0.725159,1.191691,-0.029464,0.717917,1.174211,0.006737,0.761791,1.182725,-0.002474,0.731991,1.172481,-0.014266,0.719841,1.157312,,,
79,2.633,-0.320599,0.944206,1.141377,-0.440006,0.944929,1.130108,-0.201192,0.943483,1.152645,-0.455164,0.520586,1.266257,-0.142917,0.556279,1.365976,-0.432788,0.119264,1.158077,-0.146395,0.273722,1.060340,-0.319532,1.061381,1.137587,-0.322665,1.275728,1.140978,-0.325912,1.518056,1.153838,-0.330545,1.617061,1.185112,-0.360606,1.465424,1.153838,-0.289717,1.466501,1.151523,-0.495245,1.403366,1.172618,-0.151214,1.412427,1.155109,-0.554632,1.119214,1.183600,-0.076350,1.131445,1.140000,-0.561710,0.862439,1.301801,-0.018521,0.858990,1.188832,-0.461532,0.032492,1.312124,-0.118808,0.103324,1.108190,,,,,,,,,,-0.544942,0.853370,1.317932,-0.514609,0.810424,1.327072,-0.501252,0.777156,1.325654,-0.534474,0.774803,1.330787,-0.516403,0.743815,1.322197,-0.499460,0.727046,1.310342,-0.551381,0.769802,1.312147,-0.533031,0.739148,1.295798,-0.517809,0.724023,1.280811,-0.565249,0.767052,1.296397,-0.548475,0.738602,1.278705,-0.534406,0.728613,1.263559,-0.576178,0.770027,1.277686,-0.560380,0.746356,1.261312,-0.545923,0.736982,1.246493,-0.034581,0.849206,1.205262,-0.063865,0.804686,1.208151,-0.070577,0.770336,1.200249,-0.037888,0.770734,1.221962,-0.051952,0.736834,1.218282,-0.068471,0.719351,1.206861,-0.020351,0.766418,1.203738,-0.033558,0.730268,1.195844,-0.050105,0.717812,1.179833,-0.006084,0.764199,1.188261,-0.017913,0.730146,1.178045,-0.033281,0.724757,1.161867,0.004763,0.767254,1.169516,-0.006339,0.738721,1.157665,-0.020232,0.728211,1.143060,,,
80,2.667,-0.320092,0.955425,1.197858,-0.439414,0.956993,1.185801,-0.200770,0.953857,1.209915,-0.447025,0.520053,1.274451,-0.148994,0.590278,1.462821,-0.430545,0.121007,1.157173,-0.153774,0.259943,1.209603,-0.318178,1.072592,1.194152,-0.321641,1.286940,1.197151,-0.321601,1.529289,1.210018,-0.323178,1.628192,1.241911,-0.356835,1.477043,1.211687,-0.286128,1.477337,1.206022,-0.491315,1.417358,1.237847,-0.148492,1.421110,1.202137,-0.553745,1.135341,1.268812,-0.080575,1.140254,1.166209,-0.536580,0.895240,1.417176,-0.021784,0.864875,1.192098,-0.458065,0.033471,1.311011,-0.128228,0.108605,1.301963,,,,,,,,,,-0.517485,0.888851,1.431947,-0.484051,0.848503,1.442058,-0.468633,0.816131,1.443272,-0.501413,0.812906,1.452483,-0.482793,0.781769,1.445819,-0.466439,0.764238,1.434244,-0.520223,0.805028,1.436914,-0.502456,0.773188,1.422275,-0.488415,0.756806,1.407457,-0.535781,0.799849,1.423531,-0.519933,0.769851,1.407632,-0.507340,0.758412,1.392216,-0.549093,0.800090,1.406178,-0.534354,0.775021,1.390938,-0.521423,0.764312,1.375621,-0.036429,0.854256,1.209314,-0.067980,0.811262,1.211334,-0.077725,0.778336,1.200930,-0.042812,0.774737,1.218455,-0.059271,0.742148,1.213194,-0.078051,0.726811,1.202193,-0.027816,0.771467,1.197896,-0.044156,0.737086,1.188168,-0.063220,0.727265,1.173155,-0.015609,0.770158,1.180654,-0.030701,0.738027,1.168668,-0.048157,0.735172,1.154037,-0.006831,0.774611,1.161121,-0.020945,0.748050,1.147963,-0.037040,0.739813,1.134183,,,
81,2.700,-0.319749,0.962406,1.253115,-0.438961,0.964714,1.240132,-0.200536,0.960099,1.266098,-0.438567,0.520681,1.280962,-0.154071,0.619270,1.549839,-0.428494,0.123912,1.155516,-0.157298,0.244867,1.367972,-0.317145,1.079579,1.250041,-0.320871,1.293896,1.254509,-0.317069,1.536118,1.269104,-0.315692,1.634767,1.301785,-0.352875,1.484316,1.271988,-0.282497,1.483750,1.263136,-0.486986,1.427003,1.304558,-0.146046,1.425698,1.251676,-0.553882,1.148393,1.352427,-0.085631,1.146708,1.194240,-0.504483,0.929964,1.525064,-0.029585,0.869590,1.199204,-0.454662,0.035961,1.309353,-0.129766,0.125463,1.498628,,,,,,,,,,-0.483527,0.926518,1.538201,-0.446871,0.889442,1.549591,-0.429217,0.858447,1.553442,-0.460854,0.854931,1.566642,-0.441182,0.824012,1.562448,-0.425085,0.805713,1.551733,-0.480780,0.844163,1.554589,-0.462833,0.811340,1.542578,-0.449514,0.793613,1.528670,-0.497396,0.836509,1.543944,-0.481730,0.805116,1.530797,-0.470260,0.792023,1.515826,-0.512540,0.833762,1.528404,-0.498169,0.807373,1.515173,-0.486409,0.795110,1.500080,-0.043389,0.857962,1.216463,-0.077279,0.816739,1.216825,-0.089842,0.785698,1.203940,-0.053932,0.778372,1.217868,-0.072894,0.747577,1.210613,-0.093482,0.734675,1.199719,-0.040921,0.776557,1.195830,-0.060189,0.744408,1.184048,-0.081021,0.737368,1.169843,-0.030287,0.776477,1.177529,-0.048411,0.746772,1.163637,-0.067173,0.746537,1.150413,-0.022895,0.782546,1.157859,-0.039729,0.758371,1.143366,-0.057419,0.752574,1.130319,,,
82,2.733,-0.318295,0.965292,1.307703,-0.437435,0.968300,1.294206,-0.199155,0.962283,1.321200,-0.433434,0.522418,1.291900,-0.162919,0.636121,1.623091,-0.426702,0.129596,1.154390,-0.155848,0.230182,1.531289,-0.315131,1.082477,1.305896,-0.319802,1.296713,1.312748,-0.311570,1.538651,1.329982,-0.307783,1.636951,1.363510,-0.348035,1.487369,1.333777,-0.278110,1.485838,1.321948,-0.481631,1.432537,1.372208,-0.143095,1.426447,1.302869,-0.554539,1.158577,1.435613,-0.091307,1.150853,1.224448,-0.470799,0.963995,1.622911,-0.040389,0.873036,1.210838,-0.451498,0.041162,1.308178,-0.127647,0.143306,1.685378,,,,,,,,,,-0.448511,0.963151,1.634143,-0.409529,0.929171,1.647326,-0.390111,0.899805,1.654232,-0.420418,0.897579,1.671002,-0.400094,0.866828,1.669603,-0.384479,0.847419,1.660208,-0.441039,0.884594,1.662975,-0.423072,0.850677,1.654577,-0.410494,0.831231,1.642380,-0.458344,0.874977,1.655488,-0.442894,0.842187,1.646008,-0.432484,0.827072,1.632215,-0.474864,0.869444,1.642265,-0.460756,0.841583,1.632131,-0.450007,0.827270,1.618127,-0.053476,0.860061,1.227691,-0.089043,0.820309,1.226039,-0.103871,0.791369,1.210874,-0.067389,0.781246,1.221200,-0.088397,0.752392,1.211887,-0.110309,0.741767,1.201120,-0.056010,0.781431,1.198205,-0.077532,0.751619,1.184362,-0.099591,0.747083,1.171016,-0.046669,0.783009,1.179277,-0.067166,0.755846,1.163595,-0.086797,0.757872,1.151871,-0.040381,0.790964,1.159897,-0.059394,0.769265,1.144230,-0.078246,0.765668,1.132044,,,
83,2.767,-0.316641,0.964852,1.364097,-0.435616,0.970331,1.349941,-0.197665,0.959373,1.378252,-0.433519,0.526856,1.303490,-0.177300,0.629253,1.677316,-0.427525,0.138627,1.153470,-0.153483,0.213813,1.687609,-0.311251,1.081970,1.364137,-0.318252,1.296083,1.372632,-0.304856,1.537567,1.392748,-0.299247,1.635431,1.427284,-0.342099,1.486908,1.397263,-0.272718,1.484274,1.382731,-0.474990,1.434642,1.441306,-0.139446,1.423677,1.356525,-0.554652,1.166966,1.521264,-0.097671,1.152318,1.259555,-0.441213,0.994073,1.714123,-0.053198,0.874675,1.229613,-0.450933,0.048343,1.306398,-0.125624,0.162024,1.856807,,,,,,,,,,-0.418000,0.995286,1.723250,-0.377206,0.964283,1.738173,-0.356145,0.936948,1.747990,-0.385193,0.936927,1.767586,-0.364408,0.906525,1.769658,-0.349232,0.885902,1.762367,-0.406134,0.922618,1.763712,-0.388111,0.887940,1.759678,-0.376131,0.866811,1.749922,-0.423804,0.911750,1.759513,-0.408461,0.877957,1.754372,-0.398928,0.860811,1.742446,-0.441300,0.903970,1.748942,-0.427258,0.875000,1.742495,-0.417291,0.858659,1.730243,-0.065466,0.860346,1.245977,-0.102470,0.822013,1.242930,-0.119574,0.795260,1.226223,-0.082658,0.783098,1.232379,-0.105661,0.756350,1.221609,-0.128788,0.747915,1.211463,-0.073007,0.785421,1.208720,-0.096637,0.757992,1.193460,-0.119770,0.755641,1.181435,-0.065036,0.788751,1.189397,-0.087781,0.764178,1.172583,-0.108137,0.768125,1.162734,-0.059912,0.798553,1.170527,-0.080905,0.779230,1.154288,-0.100753,0.777446,1.143348,,,
84,2.800,-0.315311,0.960305,1.422697,-0.434039,0.968024,1.407542,-0.196583,0.952585,1.437852,-0.435252,0.529529,1.326590,-0.185982,0.603031,1.714496,-0.428518,0.150749,1.154126,-0.154060,0.198618,1.807739,-0.307978,1.077297,1.424842,-0.316306,1.291329,1.434157,-0.299264,1.532424,1.456103,-0.292635,1.629975,1.491335,-0.337004,1.482191,1.461226,-0.268110,1.478833,1.444670,-0.468519,1.430814,1.510172,-0.136292,1.417882,1.412587,-0.553778,1.170549,1.607035,-0.103281,1.150645,1.301779,-0.413447,1.017675,1.799108,-0.064080,0.873873,1.259107,-0.451250,0.057470,1.305349,-0.127544,0.183202,1.984220,,,,,,,,,,-0.389958,1.020864,1.806963,-0.347842,0.993623,1.825189,-0.325113,0.969256,1.838485,-0.354028,0.971429,1.859048,-0.332332,0.942411,1.865964,-0.316753,0.921173,1.862083,-0.374710,0.956257,1.858459,-0.355866,0.921822,1.860147,-0.343589,0.899546,1.853970,-0.392227,0.944487,1.856846,-0.376157,0.910645,1.857323,-0.366537,0.891835,1.848336,-0.409883,0.934697,1.848433,-0.395197,0.905387,1.846646,-0.385139,0.887387,1.837090,-0.075589,0.858414,1.274988,-0.113843,0.821391,1.271259,-0.132974,0.796634,1.253697,-0.095990,0.783136,1.255892,-0.120781,0.758352,1.244413,-0.144896,0.751750,1.235257,-0.087962,0.787362,1.231893,-0.113448,0.762069,1.215945,-0.137420,0.761443,1.205444,-0.081275,0.792238,1.212412,-0.106000,0.769980,1.195175,-0.126858,0.775387,1.187260,-0.077200,0.803583,1.194162,-0.099936,0.786327,1.177940,-0.120576,0.785985,1.168417,,,
85,2.833,-0.315100,0.951004,1.484093,-0.433683,0.959835,1.468420,-0.196516,0.942173,1.499766,-0.432247,0.531776,1.343536,-0.184113,0.562478,1.733241,-0.429831,0.158362,1.159636,-0.158136,0.179713,1.894734,-0.306968,1.067883,1.488427,-0.313542,1.281894,1.499463,-0.294938,1.522748,1.522749,-0.287823,1.620173,1.558235,-0.332839,1.472666,1.528151,-0.264243,1.469084,1.510447,-0.463174,1.421266,1.580135,-0.133431,1.408576,1.473742,-0.552727,1.168452,1.691739,-0.107060,1.144614,1.353691,-0.393322,1.030004,1.879827,-0.071295,0.869125,1.300900,-0.451498,0.061959,1.309044,-0.138105,0.181101,2.072732,,,,,,,,,,-0.369992,1.035397,1.886916,-0.326683,1.013170,1.908786,-0.302169,0.992818,1.925279,-0.331839,0.996201,1.945701,-0.308738,0.970042,1.957644,-0.291994,0.949343,1.957585,-0.351821,0.980221,1.947612,-0.331436,0.947469,1.955057,-0.318099,0.925070,1.952710,-0.368795,0.967582,1.947963,-0.351248,0.935054,1.954111,-0.340743,0.915454,1.948404,-0.386003,0.955844,1.941291,-0.370103,0.927269,1.944224,-0.359274,0.908390,1.937680,-0.082143,0.852507,1.316059,-0.121134,0.816365,1.311429,-0.141696,0.793365,1.293111,-0.104786,0.779351,1.291911,-0.130736,0.756100,1.279804,-0.155470,0.750745,1.271528,-0.098048,0.785504,1.267932,-0.124745,0.761940,1.251330,-0.149259,0.762485,1.242162,-0.092384,0.791936,1.248579,-0.118446,0.771560,1.230987,-0.139620,0.777891,1.224780,-0.089157,0.804740,1.231141,-0.113155,0.789223,1.214981,-0.134340,0.790012,1.206772,,,
86,2.867,-0.311772,0.936744,1.542699,-0.430429,0.944924,1.527232,-0.193115,0.928564,1.558166,-0.424474,0.528713,1.367337,-0.183855,0.550067,1.793722,-0.430201,0.168251,1.159257,-0.162699,0.162952,1.945240,-0.304305,1.053659,1.547249,-0.308966,1.267653,1.559528,-0.289433,1.508298,1.584169,-0.281699,1.605682,1.619637,-0.327435,1.458295,1.589590,-0.259009,1.454623,1.571256,-0.457570,1.407636,1.642786,-0.129044,1.394098,1.531683,-0.549806,1.160024,1.763497,-0.106788,1.131698,1.407448,-0.382992,1.027170,1.949180,-0.072787,0.857517,1.347205,-0.450945,0.062058,1.302011,-0.142972,0.151067,2.122880,,,,,,,,,,-0.359849,1.034252,1.955336,-0.315374,1.016247,1.978698,-0.290200,0.998371,1.996971,-0.319388,1.002927,2.017217,-0.295183,0.978589,2.030720,-0.277791,0.958471,2.031978,-0.338625,0.986386,2.021038,-0.316764,0.955281,2.030954,-0.302555,0.933308,2.030343,-0.355020,0.973134,2.022924,-0.335977,0.942053,2.031589,-0.324736,0.922470,2.027434,-0.371763,0.960051,2.017736,-0.354476,0.932673,2.023171,-0.342837,0.913763,2.018327,-0.083408,0.839806,1.361245,-0.123062,0.804672,1.354832,-0.144565,0.783543,1.335375,-0.107885,0.769251,1.331739,-0.134523,0.747428,1.318522,-0.159567,0.743074,1.310597,-0.101801,0.777337,1.308161,-0.129196,0.755471,1.290413,-0.153952,0.756976,1.282034,-0.096645,0.785320,1.289249,-0.123471,0.766796,1.270782,-0.144734,0.773843,1.265763,-0.093768,0.799519,1.272862,-0.118409,0.785639,1.256190,-0.139809,0.787263,1.248693,,,
87,2.900,-0.307268,0.923665,1.602064,-0.426198,0.928799,1.587409,-0.188337,0.918531,1.616718,-0.414819,0.519304,1.411293,-0.184411,0.556554,1.877082,-0.427556,0.178259,1.172988,-0.166708,0.155339,1.986522,-0.302497,1.040787,1.604383,-0.305509,1.254858,1.615800,-0.284516,1.495415,1.640091,-0.275451,1.592906,1.674947,-0.322774,1.445633,1.645735,-0.254452,1.441557,1.627103,-0.453417,1.396550,1.699164,-0.125450,1.379445,1.586841,-0.548986,1.149565,1.818557,-0.103695,1.115577,1.465662,-0.387813,1.013974,2.007220,-0.069912,0.841480,1.404920,-0.449514,0.055426,1.301502,-0.143082,0.113272,2.159028,,,,,,,,,,-0.364790,1.021279,2.013558,-0.320596,1.003958,2.037950,-0.296684,0.985601,2.057401,-0.325126,0.991454,2.076684,-0.301257,0.966627,2.089894,-0.284203,0.946209,2.090925,-0.344356,0.974922,2.080580,-0.322597,0.943771,2.090575,-0.308454,0.921753,2.090022,-0.360728,0.961648,2.082512,-0.341700,0.930615,2.091382,-0.330431,0.911024,2.087342,-0.377345,0.948390,2.077363,-0.359819,0.921275,2.083333,-0.347937,0.902423,2.078872,-0.080889,0.823197,1.417916,-0.121116,0.789171,1.409431,-0.143064,0.769432,1.389034,-0.106460,0.754840,1.384433,-0.133362,0.734248,1.369845,-0.158416,0.730740,1.361542,-0.100148,0.764125,1.361363,-0.127680,0.743624,1.342250,-0.152353,0.745869,1.333794,-0.094783,0.773064,1.342943,-0.121714,0.755947,1.323307,-0.142854,0.763514,1.318529,-0.091600,0.788105,1.327385,-0.116365,0.775477,1.309921,-0.137708,0.777720,1.302422,,,
88,2.933,-0.303179,0.914738,1.664948,-0.422289,0.918017,1.651246,-0.184070,0.911460,1.678650,-0.417528,0.507043,1.478302,-0.175837,0.558541,1.951070,-0.423454,0.196948,1.200688,-0.168079,0.146332,2.008401,-0.300136,1.031930,1.666537,-0.300856,1.246085,1.676671,-0.280318,1.486978,1.697836,-0.268789,1.584647,1.731441,-0.318397,1.437170,1.704392,-0.250212,1.433041,1.685275,-0.449035,1.388725,1.758412,-0.121920,1.369364,1.645191,-0.544841,1.136530,1.866155,-0.093905,1.101309,1.534983,-0.397467,0.991176,2.058790,-0.055368,0.825901,1.483742,-0.451037,0.048670,1.297326,-0.148794,0.078121,2.172905,,,,,,,,,,-0.374969,0.998249,2.067002,-0.332694,0.980156,2.094084,-0.311609,0.960092,2.115060,-0.340062,0.966597,2.132020,-0.317310,0.941243,2.146167,-0.300455,0.920700,2.147810,-0.359531,0.950008,2.134032,-0.338653,0.918363,2.144347,-0.324609,0.896278,2.143960,-0.376005,0.936724,2.134387,-0.357836,0.905342,2.143811,-0.346384,0.885793,2.140099,-0.392202,0.923652,2.127666,-0.375112,0.896325,2.133918,-0.362928,0.877611,2.129694,-0.066920,0.807446,1.495972,-0.106886,0.773730,1.485297,-0.128333,0.754254,1.464128,-0.091350,0.739769,1.460326,-0.118158,0.720089,1.444370,-0.142966,0.717264,1.435121,-0.084084,0.749418,1.437691,-0.111046,0.729584,1.417117,-0.135347,0.732220,1.407745,-0.077952,0.758645,1.419656,-0.104427,0.742246,1.398823,-0.125316,0.750126,1.393484,-0.074095,0.773934,1.404498,-0.098615,0.761781,1.386363,-0.119774,0.764282,1.378435,,,
89,2.967,-0.295911,0.910983,1.726647,-0.415219,0.913229,1.714566,-0.176602,0.908738,1.738729,-0.437481,0.488181,1.581631,-0.161880,0.556251,2.011436,-0.424999,0.219334,1.264096,-0.165628,0.140145,2.021701,-0.293839,1.028199,1.727979,-0.294647,1.242412,1.736809,-0.272746,1.483404,1.755303,-0.259050,1.581165,1.787810,-0.310984,1.433848,1.762783,-0.243034,1.429199,1.742959,-0.441935,1.386986,1.817440,-0.116123,1.362797,1.702904,-0.537514,1.127018,1.905024,-0.082004,1.089770,1.607634,-0.413020,0.960057,2.096283,-0.040409,0.812115,1.573902,-0.449505,0.044413,1.293898,-0.146150,0.058138,2.179757,,,,,,,,,,-0.391470,0.966002,2.107414,-0.352863,0.945112,2.137764,-0.335601,0.922482,2.159606,-0.364719,0.929310,2.173639,-0.344382,0.902402,2.188570,-0.328329,0.881275,2.190746,-0.384589,0.913131,2.172343,-0.365713,0.880287,2.182770,-0.352198,0.857874,2.182467,-0.401236,0.900278,2.169960,-0.384914,0.867874,2.179302,-0.373513,0.848280,2.175668,-0.416804,0.888091,2.160607,-0.400963,0.859959,2.166577,-0.388715,0.841292,2.162335,-0.052927,0.794046,1.585752,-0.092476,0.760473,1.573231,-0.112526,0.740830,1.550881,-0.075718,0.725820,1.550066,-0.102747,0.707424,1.532990,-0.127193,0.705791,1.522564,-0.066896,0.734894,1.527747,-0.093394,0.715788,1.505920,-0.117036,0.719222,1.495217,-0.059508,0.743659,1.509954,-0.085650,0.727924,1.488210,-0.106003,0.736439,1.481867,-0.054512,0.758570,1.494752,-0.078669,0.746529,1.476064,-0.099488,0.749485,1.467425,,,
90,3.000,-0.289160,0.910797,1.785579,-0.408679,0.912753,1.775726,-0.169642,0.908841,1.795431,-0.459601,0.474684,1.709888,-0.149025,0.548448,2.057202,-0.437579,0.256421,1.356137,-0.163847,0.133609,2.026329,-0.287361,1.028016,1.787024,-0.289317,1.242227,1.795715,-0.268910,1.483406,1.813469,-0.254541,1.581221,1.845520,-0.306862,1.433644,1.821034,-0.238847,1.429343,1.801359,-0.437987,1.386647,1.875155,-0.112245,1.361926,1.762024,-0.528409,1.119135,1.943350,-0.069793,1.084905,1.683026,-0.430697,0.924106,2.123271,-0.024095,0.806052,1.672394,-0.452848,0.080419,1.326533,-0.141818,0.048663,2.182486,,,,,,,,,,-0.410493,0.927962,2.137432,-0.376343,0.902401,2.169502,-0.362460,0.876829,2.190489,-0.392809,0.883237,2.201733,-0.375314,0.854025,2.215915,-0.360304,0.832103,2.217633,-0.412784,0.868075,2.196312,-0.396381,0.833531,2.205334,-0.383631,0.810699,2.204246,-0.429346,0.856213,2.190570,-0.415113,0.822376,2.198072,-0.403871,0.802849,2.193665,-0.443985,0.845731,2.178151,-0.429855,0.816415,2.182493,-0.417785,0.797812,2.177518,-0.036668,0.788561,1.685027,-0.074584,0.752870,1.673342,-0.092562,0.731095,1.651205,-0.055729,0.717085,1.653793,-0.082417,0.697794,1.637175,-0.106558,0.695680,1.626143,-0.046074,0.724684,1.631269,-0.071855,0.704188,1.609849,-0.095119,0.706991,1.598175,-0.038066,0.732280,1.613209,-0.063593,0.714984,1.591923,-0.083793,0.722971,1.584498,-0.032748,0.746123,1.597131,-0.056317,0.732345,1.578897,-0.076979,0.734450,1.569653,,,
91,3.033,-0.284036,0.914390,1.840630,-0.403764,0.916074,1.833707,-0.164308,0.912706,1.847553,-0.466116,0.474677,1.844378,-0.139857,0.539819,2.090842,-0.445280,0.286775,1.473539,-0.161029,0.128434,2.031028,-0.282478,1.031611,1.842210,-0.285724,1.245720,1.852823,-0.268139,1.486869,1.873715,-0.254383,1.584477,1.906654,-0.305772,1.436664,1.879800,-0.237256,1.433236,1.861757,-0.437675,1.387766,1.930217,-0.109878,1.366059,1.824575,-0.519921,1.114175,1.982879,-0.060809,1.086275,1.760566,-0.455189,0.887982,2.139729,-0.013012,0.807900,1.774104,-0.463036,0.114341,1.428404,-0.136506,0.043866,2.187020,,,,,,,,,,-0.436025,0.888007,2.155741,-0.405606,0.855067,2.184683,-0.394037,0.825572,2.201516,-0.425348,0.831184,2.211462,-0.410155,0.798881,2.220750,-0.396213,0.776260,2.219100,-0.445442,0.818430,2.201881,-0.431378,0.781880,2.205052,-0.419636,0.758961,2.200372,-0.461976,0.808782,2.192849,-0.449724,0.773410,2.194415,-0.438984,0.754525,2.186992,-0.476008,0.801625,2.177675,-0.463937,0.771099,2.177010,-0.452585,0.753013,2.169232,-0.024362,0.791233,1.788835,-0.059813,0.751967,1.781810,-0.076270,0.726594,1.762503,-0.038627,0.715450,1.766448,-0.064651,0.693196,1.752735,-0.088847,0.688791,1.742532,-0.029540,0.720951,1.743093,-0.054743,0.697164,1.724584,-0.078286,0.697758,1.713152,-0.022089,0.726868,1.724187,-0.047057,0.706083,1.705520,-0.067736,0.712253,1.697694,-0.017738,0.739031,1.706536,-0.040776,0.722040,1.690462,-0.061650,0.722000,1.681458,,,
92,3.067,-0.281332,0.922513,1.894409,-0.401161,0.923807,1.889427,-0.161502,0.921219,1.899391,-0.466323,0.489709,1.967816,-0.139568,0.531717,2.115353,-0.442126,0.296667,1.599831,-0.159527,0.123259,2.037716,-0.280139,1.039736,1.896174,-0.283852,1.253719,1.908948,-0.268744,1.494571,1.934654,-0.256894,1.591774,1.969477,-0.306318,1.444072,1.938105,-0.237002,1.441310,1.923291,-0.439837,1.392806,1.981416,-0.107651,1.375189,1.891408,-0.513914,1.114294,2.017935,-0.052859,1.093300,1.843243,-0.484093,0.862987,2.144072,-0.006340,0.817226,1.882984,-0.465387,0.120936,1.574071,-0.133979,0.038917,2.193665,,,,,,,,,,-0.465346,0.857917,2.159772,-0.437141,0.817144,2.179521,-0.426895,0.783941,2.188451,-0.458576,0.788142,2.198928,-0.444735,0.753951,2.199163,-0.431609,0.732097,2.191490,-0.478977,0.779312,2.186117,-0.466574,0.742687,2.179153,-0.455759,0.721423,2.168383,-0.495696,0.773162,2.174687,-0.484941,0.738192,2.166614,-0.474842,0.721584,2.154395,-0.509656,0.770882,2.158005,-0.499353,0.740996,2.149138,-0.488893,0.725055,2.136771,-0.016211,0.802298,1.900401,-0.049147,0.760308,1.900484,-0.064718,0.731261,1.886299,-0.025966,0.723273,1.890027,-0.050428,0.697283,1.880719,-0.074412,0.689574,1.872097,-0.017820,0.725744,1.865824,-0.041763,0.697832,1.851995,-0.065558,0.695129,1.841422,-0.011227,0.729195,1.846009,-0.034893,0.704111,1.831362,-0.056100,0.707574,1.823284,-0.008110,0.738806,1.826610,-0.029977,0.718043,1.813629,-0.050879,0.715216,1.805148,,,
93,3.100,-0.282742,0.935552,1.948023,-0.402599,0.936617,1.943673,-0.162886,0.934488,1.952372,-0.470044,0.516211,2.076124,-0.148916,0.526151,2.130973,-0.436738,0.284663,1.731828,-0.160795,0.119369,2.043504,-0.281773,1.052773,1.949990,-0.284936,1.266690,1.963964,-0.272165,1.507279,1.993165,-0.263144,1.604136,2.029756,-0.309694,1.456635,1.993920,-0.239642,1.454244,1.983025,-0.444991,1.403664,2.028855,-0.108065,1.389329,1.958653,-0.512730,1.121628,2.044866,-0.048788,1.105784,1.929123,-0.510885,0.854610,2.137891,-0.009572,0.834099,1.997020,-0.457280,0.106745,1.734832,-0.135816,0.035105,2.199587,,,,,,,,,,-0.492694,0.844978,2.152031,-0.466167,0.799526,2.160887,-0.456537,0.764969,2.161321,-0.488903,0.767207,2.171647,-0.475844,0.733793,2.163069,-0.463027,0.714386,2.150110,-0.509214,0.762732,2.156623,-0.497653,0.728899,2.140331,-0.487171,0.710932,2.124443,-0.525805,0.760355,2.143697,-0.515743,0.728479,2.126770,-0.505770,0.715423,2.110734,-0.539396,0.762990,2.126764,-0.529934,0.736177,2.110348,-0.519745,0.723759,2.094271,-0.019477,0.821952,2.016462,-0.051235,0.779538,2.022820,-0.065803,0.748073,2.013594,-0.026778,0.742032,2.019143,-0.049310,0.713264,2.014116,-0.072513,0.702610,2.006563,-0.018078,0.740725,1.995042,-0.040395,0.709728,1.985836,-0.063751,0.704059,1.975459,-0.011071,0.741059,1.975073,-0.032912,0.712564,1.964356,-0.053968,0.713418,1.955252,-0.007717,0.747425,1.954418,-0.028157,0.723839,1.944232,-0.048541,0.718636,1.935619,,,
94,3.133,-0.287892,0.951495,1.999856,-0.407744,0.952369,1.995331,-0.168041,0.950622,2.004382,-0.474627,0.546466,2.167385,-0.162637,0.525033,2.137337,-0.434468,0.258765,1.869259,-0.164772,0.118518,2.047865,-0.287110,1.068719,2.001773,-0.289362,1.282551,2.017152,-0.278837,1.522989,2.048418,-0.272820,1.619675,2.086062,-0.316199,1.472236,2.046962,-0.245677,1.470109,2.039620,-0.452934,1.418397,2.074095,-0.112329,1.406393,2.022920,-0.516743,1.135106,2.066083,-0.049669,1.122230,2.012495,-0.535392,0.859272,2.125437,-0.022756,0.857211,2.107369,-0.454324,0.085791,1.911349,-0.141756,0.034161,2.204200,,,,,,,,,,-0.517964,0.846263,2.137712,-0.492333,0.799461,2.136898,-0.482377,0.765645,2.130229,-0.515863,0.766002,2.138908,-0.502787,0.734578,2.124691,-0.489467,0.717756,2.108929,-0.535512,0.765537,2.122416,-0.523774,0.735536,2.099925,-0.512830,0.720990,2.081117,-0.551519,0.766551,2.108606,-0.541399,0.738557,2.085853,-0.530972,0.728792,2.067880,-0.564296,0.773306,2.092189,-0.554857,0.750677,2.070354,-0.544345,0.741994,2.052172,-0.034811,0.848142,2.127270,-0.067204,0.806796,2.136711,-0.080740,0.774055,2.131035,-0.042600,0.769550,2.141771,-0.063651,0.739347,2.139493,-0.085595,0.726521,2.131560,-0.031258,0.764581,2.119300,-0.052127,0.731882,2.113063,-0.074139,0.723910,2.101348,-0.022057,0.761860,2.100434,-0.041993,0.731211,2.092246,-0.061857,0.729794,2.080828,-0.016393,0.764932,2.079532,-0.035203,0.739486,2.070788,-0.054327,0.732422,2.060729,,,
95,3.167,-0.294671,0.966588,2.055376,-0.414497,0.967149,2.050184,-0.174844,0.966027,2.060567,-0.477559,0.572006,2.246952,-0.174593,0.527487,2.141285,-0.439184,0.224357,2.021273,-0.169964,0.119951,2.056687,-0.294185,1.083820,2.056838,-0.295744,1.297491,2.074384,-0.287672,1.537801,2.107322,-0.284314,1.634463,2.145355,-0.324683,1.486866,2.104198,-0.253926,1.485141,2.099483,-0.462011,1.431661,2.124811,-0.119247,1.422991,2.088566,-0.522960,1.149975,2.088369,-0.052678,1.139582,2.094228,-0.553160,0.870018,2.114195,-0.040162,0.883069,2.212568,-0.464105,0.069091,2.107048,-0.149326,0.035196,2.213138,,,,,,,,,,-0.536417,0.854916,2.124929,-0.510279,0.809060,2.117049,-0.499140,0.777085,2.105188,-0.533526,0.775849,2.111229,-0.519599,0.746212,2.094250,-0.505124,0.731249,2.077654,-0.552067,0.778509,2.093696,-0.539078,0.751891,2.067879,-0.526978,0.740032,2.047928,-0.567164,0.782114,2.079306,-0.556184,0.757446,2.053331,-0.544860,0.750118,2.034752,-0.578932,0.791842,2.063645,-0.568531,0.773320,2.038611,-0.557140,0.767884,2.019712,-0.054993,0.876865,2.231678,-0.088650,0.836880,2.242467,-0.101481,0.803471,2.239907,-0.065244,0.801181,2.256468,-0.085436,0.770313,2.256275,-0.105931,0.755667,2.247649,-0.050836,0.793111,2.236832,-0.070622,0.759398,2.232887,-0.090766,0.749244,2.219605,-0.039048,0.787766,2.220085,-0.057428,0.755676,2.214059,-0.075442,0.751971,2.200321,-0.030435,0.787792,2.199980,-0.047711,0.760899,2.192487,-0.065136,0.751988,2.180922,,,
96,3.200,-0.300358,0.977565,2.098366,-0.420236,0.978505,2.094645,-0.180479,0.976626,2.102087,-0.474602,0.586602,2.300289,-0.182695,0.531741,2.132174,-0.441401,0.191806,2.172625,-0.176133,0.125477,2.041785,-0.299531,1.094768,2.101297,-0.300645,1.308341,2.120033,-0.296656,1.548850,2.152251,-0.295710,1.645653,2.190063,-0.332891,1.497417,2.148310,-0.262014,1.496617,2.145543,-0.470589,1.441247,2.162994,-0.126049,1.436640,2.139507,-0.528419,1.163324,2.101317,-0.050610,1.156262,2.161441,-0.561348,0.882501,2.104373,-0.046480,0.910061,2.300467,-0.469987,0.065271,2.296147,-0.155127,0.041570,2.198643,,,,,,,,,,-0.544941,0.867210,2.115357,-0.515741,0.823511,2.106099,-0.501551,0.793325,2.092885,-0.536497,0.789999,2.094992,-0.519508,0.762289,2.077554,-0.502682,0.749198,2.061605,-0.553363,0.793478,2.075974,-0.536711,0.769590,2.049596,-0.522187,0.759883,2.030104,-0.567162,0.797753,2.060504,-0.552769,0.775637,2.033905,-0.539455,0.770215,2.016005,-0.577857,0.808385,2.044663,-0.564342,0.792571,2.019262,-0.551016,0.789282,2.001149,-0.062824,0.904054,2.318367,-0.096972,0.863961,2.326994,-0.109424,0.830440,2.324053,-0.074566,0.828718,2.343552,-0.094595,0.797780,2.342057,-0.114233,0.782940,2.331905,-0.058493,0.820441,2.325348,-0.077846,0.786643,2.320181,-0.096772,0.776290,2.305351,-0.045294,0.814915,2.309751,-0.063006,0.782656,2.302716,-0.079789,0.778673,2.287569,-0.035015,0.814673,2.290446,-0.051536,0.787592,2.281990,-0.067917,0.778439,2.269158,,,
97,3.233,-0.304643,0.980194,2.150881,-0.424542,0.980353,2.147755,-0.184744,0.980035,2.154008,-0.466366,0.581003,2.341669,-0.184309,0.534176,2.147513,-0.443461,0.165385,2.341043,-0.179741,0.131084,2.043785,-0.304600,1.097357,2.155185,-0.304340,1.310844,2.174910,-0.304730,1.551469,2.206501,-0.306010,1.648436,2.243882,-0.340104,1.499533,2.201493,-0.269171,1.499700,2.201133,-0.477856,1.442173,2.209608,-0.131589,1.443207,2.201251,-0.528638,1.169328,2.123779,-0.044627,1.168119,2.240597,-0.561190,0.889147,2.103933,-0.053751,0.936626,2.402732,-0.476938,0.076411,2.492862,-0.157659,0.047540,2.200690,,,,,,,,,,-0.545361,0.873745,2.115589,-0.513619,0.831771,2.106722,-0.496897,0.803014,2.093285,-0.531769,0.798362,2.091502,-0.512085,0.772385,2.074228,-0.493267,0.760896,2.059305,-0.546765,0.802492,2.071098,-0.526572,0.780915,2.045205,-0.509765,0.772970,2.026780,-0.559101,0.807290,2.054581,-0.541235,0.787433,2.028308,-0.525985,0.783625,2.011573,-0.568574,0.818559,2.038406,-0.551893,0.804878,2.013657,-0.536659,0.803217,1.996874,-0.071866,0.930886,2.418935,-0.106107,0.890430,2.425163,-0.118107,0.856736,2.422308,-0.085095,0.856198,2.445286,-0.104790,0.825181,2.442029,-0.123078,0.810086,2.429918,-0.066986,0.847649,2.429247,-0.085440,0.813583,2.422726,-0.102496,0.802747,2.406083,-0.052065,0.841877,2.415389,-0.068813,0.809365,2.407243,-0.083808,0.804942,2.390435,-0.039723,0.841206,2.397344,-0.055316,0.813861,2.388022,-0.070284,0.804317,2.373821,,,
98,3.267,-0.307953,0.974135,2.200429,-0.427822,0.970752,2.198069,-0.188084,0.977518,2.202789,-0.461035,0.576448,2.403627,-0.178142,0.532299,2.180130,-0.455589,0.171962,2.501734,-0.176869,0.138493,2.045300,-0.311360,1.091211,2.205645,-0.308293,1.304670,2.225437,-0.313943,1.545339,2.256176,-0.317020,1.642460,2.293048,-0.348220,1.492795,2.250010,-0.277337,1.494168,2.252332,-0.485529,1.433857,2.252016,-0.138383,1.441627,2.259506,-0.525242,1.166571,2.145382,-0.039297,1.174486,2.319520,-0.554006,0.888365,2.103801,-0.057689,0.957192,2.499536,-0.491936,0.122435,2.669996,-0.154793,0.052352,2.200794,,,,,,,,,,-0.539211,0.872721,2.116451,-0.505725,0.831785,2.109315,-0.486856,0.803984,2.096737,-0.521308,0.798804,2.090695,-0.499345,0.773946,2.074560,-0.478786,0.763444,2.061301,-0.534048,0.803616,2.068951,-0.510687,0.783583,2.044523,-0.491799,0.776768,2.027734,-0.544591,0.808960,2.051393,-0.523500,0.790676,2.026400,-0.506423,0.787922,2.011304,-0.552476,0.820802,2.034781,-0.532820,0.808590,2.011489,-0.515774,0.807984,1.996472,-0.077432,0.952076,2.513947,-0.111495,0.911302,2.518963,-0.123420,0.877499,2.517364,-0.092350,0.878941,2.543549,-0.111409,0.847621,2.539504,-0.128043,0.831765,2.526056,-0.072398,0.869812,2.530250,-0.089607,0.835118,2.523634,-0.104492,0.823071,2.505784,-0.055907,0.863518,2.518570,-0.071457,0.830418,2.510420,-0.084413,0.824908,2.492289,-0.041585,0.861983,2.502111,-0.056137,0.834046,2.492859,-0.069506,0.823588,2.477737,,,
99,3.300,-0.310986,0.962365,2.255787,-0.430727,0.955497,2.255007,-0.191246,0.969233,2.256568,-0.458638,0.574956,2.485749,-0.171839,0.525786,2.214019,-0.476790,0.189498,2.641815,-0.173681,0.144012,2.048160,-0.317729,1.079272,2.261518,-0.313294,1.292811,2.280159,-0.323489,1.533520,2.309377,-0.327828,1.630779,2.345754,-0.356770,1.480432,2.302464,-0.286019,1.482891,2.306931,-0.493772,1.420830,2.299394,-0.146858,1.432355,2.321096,-0.522483,1.159129,2.176602,-0.039126,1.174811,2.403854,-0.547540,0.884318,2.114906,-0.065565,0.969846,2.596859,-0.515035,0.180731,2.816591,-0.151359,0.054473,2.201688,,,,,,,,,,-0.533881,0.868111,2.128113,-0.499257,0.827938,2.122174,-0.478837,0.801066,2.110005,-0.512391,0.795932,2.100257,-0.488193,0.772821,2.084735,-0.466120,0.763796,2.072896,-0.522926,0.801858,2.077626,-0.496737,0.783904,2.054486,-0.476093,0.778552,2.039310,-0.531709,0.808097,2.059407,-0.507651,0.792003,2.035617,-0.489038,0.790633,2.022246,-0.538036,0.820793,2.042759,-0.515893,0.810356,2.020880,-0.497415,0.810932,2.007662,-0.086470,0.965552,2.609826,-0.120046,0.924478,2.615617,-0.131576,0.890508,2.616327,-0.102663,0.895142,2.644867,-0.120797,0.863168,2.641800,-0.135814,0.845827,2.628282,-0.081375,0.885371,2.634397,-0.097206,0.849747,2.629507,-0.110088,0.835723,2.611544,-0.063739,0.878476,2.624940,-0.077948,0.844424,2.618427,-0.089044,0.837017,2.599746,-0.047907,0.875804,2.610088,-0.061236,0.846824,2.602321,-0.073059,0.834708,2.587148,,,
100,3.333,-0.314907,0.947180,2.314724,-0.434558,0.938974,2.316087,-0.195256,0.955386,2.313360,-0.459144,0.578863,2.577905,-0.170782,0.515355,2.245490,-0.489121,0.203047,2.754333,-0.174613,0.147611,2.050520,-0.322846,1.063984,2.321009,-0.319463,1.277639,2.338495,-0.331632,1.518420,2.366338,-0.336632,1.615836,2.402206,-0.364464,1.465094,2.359112,-0.293817,1.468012,2.364792,-0.501518,1.405969,2.351898,-0.155264,1.417704,2.384599,-0.522420,1.148257,2.219471,-0.042545,1.169439,2.486790,-0.546365,0.877751,2.140676,-0.072994,0.973151,2.688047,-0.527151,0.228365,2.927535,-0.151039,0.056308,2.202817,,,,,,,,,,-0.533453,0.860877,2.153798,-0.498243,0.821220,2.147834,-0.476761,0.795087,2.135887,-0.509746,0.790447,2.123381,-0.483383,0.770529,2.106984,-0.460247,0.764111,2.095480,-0.518877,0.797594,2.100494,-0.490478,0.782751,2.077759,-0.468699,0.779555,2.063596,-0.526537,0.804813,2.082132,-0.500047,0.791814,2.059043,-0.480456,0.792354,2.047084,-0.531892,0.818400,2.065850,-0.507994,0.809851,2.045023,-0.488631,0.811632,2.033259,-0.094475,0.969069,2.700109,-0.126839,0.927260,2.707360,-0.136742,0.892887,2.710157,-0.110209,0.901115,2.739889,-0.126978,0.868299,2.738310,-0.140504,0.849376,2.725351,-0.087990,0.891409,2.731501,-0.102114,0.854853,2.728706,-0.113329,0.838919,2.711224,-0.069579,0.884498,2.723674,-0.082129,0.849492,2.719100,-0.091785,0.840206,2.700459,-0.052793,0.881284,2.710025,-0.064653,0.851259,2.704051,-0.075148,0.837464,2.689344,,,
101,3.367,-0.319901,0.933321,2.376076,-0.439539,0.925358,2.379065,-0.200263,0.941284,2.373086,-0.463774,0.568079,2.644766,-0.175150,0.506606,2.276870,-0.487110,0.192011,2.821660,-0.177152,0.153295,2.056801,-0.327516,1.050139,2.382501,-0.326236,1.263821,2.399934,-0.339454,1.504527,2.427948,-0.345399,1.601971,2.463597,-0.372022,1.451155,2.419911,-0.301521,1.454191,2.427134,-0.508594,1.391596,2.408406,-0.163445,1.404645,2.451638,-0.523100,1.134671,2.273615,-0.049062,1.162034,2.564951,-0.546524,0.868177,2.182030,-0.077784,0.969042,2.769621,-0.520167,0.213127,2.996438,-0.153031,0.055932,2.205208,,,,,,,,,,-0.533751,0.850684,2.194458,-0.498189,0.811595,2.187017,-0.476365,0.786283,2.173972,-0.509043,0.782136,2.160719,-0.481918,0.764337,2.143169,-0.458498,0.759529,2.131456,-0.517793,0.790468,2.138085,-0.488597,0.777787,2.115051,-0.466471,0.776016,2.101182,-0.525156,0.798634,2.120000,-0.497808,0.787710,2.096837,-0.477943,0.789421,2.085456,-0.530294,0.813058,2.104381,-0.505770,0.805877,2.083765,-0.486126,0.808459,2.072632,-0.099519,0.965171,2.781292,-0.130908,0.923015,2.790543,-0.139622,0.888559,2.795466,-0.114605,0.899758,2.825350,-0.130405,0.866428,2.825563,-0.142972,0.846264,2.813546,-0.091862,0.890163,2.818354,-0.104792,0.853066,2.817812,-0.114960,0.835578,2.801196,-0.073019,0.883279,2.811601,-0.084447,0.847683,2.809100,-0.093228,0.836861,2.790860,-0.055718,0.879619,2.798730,-0.066556,0.848905,2.794601,-0.076198,0.833791,2.780622,,,
102,3.400,-0.325909,0.921062,2.440151,-0.445664,0.915099,2.443102,-0.206154,0.927024,2.437201,-0.467471,0.549360,2.697251,-0.184777,0.500092,2.310296,-0.480708,0.166147,2.859226,-0.180009,0.161263,2.068561,-0.331628,1.038083,2.444499,-0.332826,1.251938,2.459686,-0.348075,1.492742,2.485750,-0.355892,1.590414,2.520400,-0.380122,1.439153,2.477090,-0.309883,1.442599,2.486387,-0.515561,1.377645,2.462794,-0.171999,1.394962,2.515350,-0.527210,1.118001,2.333030,-0.057084,1.153382,2.630318,-0.550766,0.852279,2.239262,-0.078143,0.957095,2.832774,-0.504596,0.149706,3.035989,-0.154908,0.051668,2.208007,,,,,,,,,,-0.537929,0.834034,2.250486,-0.503591,0.794516,2.240129,-0.483030,0.769373,2.224891,-0.516130,0.766367,2.213155,-0.490125,0.748826,2.193748,-0.467314,0.744077,2.180866,-0.525553,0.775780,2.191226,-0.497548,0.763319,2.166646,-0.476000,0.761568,2.151891,-0.533420,0.784816,2.173777,-0.507204,0.774236,2.149189,-0.487742,0.775965,2.137134,-0.538824,0.799956,2.158946,-0.515168,0.792947,2.137285,-0.495840,0.795448,2.125594,-0.099834,0.953329,2.844561,-0.130343,0.911004,2.855777,-0.137908,0.876546,2.862315,-0.113675,0.889833,2.891724,-0.128590,0.856185,2.894148,-0.140663,0.834974,2.883505,-0.090704,0.880403,2.885267,-0.102673,0.843018,2.886914,-0.112382,0.824324,2.871371,-0.071693,0.873608,2.878910,-0.082113,0.837620,2.878475,-0.090550,0.825522,2.860885,-0.054269,0.869699,2.866281,-0.064021,0.838446,2.863838,-0.073074,0.822280,2.850667,,,
103,3.433,-0.333077,0.911127,2.507416,-0.452926,0.906557,2.508436,-0.213229,0.915697,2.506396,-0.470008,0.531969,2.749735,-0.195560,0.500799,2.343978,-0.476058,0.139550,2.888422,-0.179351,0.174987,2.085429,-0.337519,1.028249,2.510294,-0.341232,1.242345,2.521017,-0.357395,1.483723,2.540360,-0.367771,1.581974,2.572618,-0.389145,1.429877,2.532209,-0.319197,1.433672,2.543369,-0.523794,1.367015,2.516412,-0.181672,1.387402,2.576022,-0.537520,1.102498,2.397114,-0.069238,1.142404,2.686106,-0.563317,0.833567,2.313652,-0.081205,0.937615,2.880732,-0.498751,0.081935,3.056504,-0.152938,0.043903,2.204616,,,,,,,,,,-0.550395,0.814801,2.323874,-0.518024,0.774370,2.311013,-0.499474,0.748926,2.293818,-0.533085,0.746946,2.284585,-0.508881,0.728938,2.263361,-0.487081,0.723705,2.249002,-0.543540,0.756907,2.263379,-0.517380,0.743891,2.237112,-0.496776,0.741662,2.221123,-0.552179,0.766389,2.246543,-0.527787,0.755341,2.220338,-0.509027,0.756633,2.207165,-0.558006,0.781866,2.232229,-0.535785,0.774259,2.209287,-0.517042,0.776202,2.196581,-0.102863,0.933980,2.892620,-0.133214,0.891753,2.904608,-0.139865,0.857209,2.911666,-0.116413,0.871248,2.940877,-0.130724,0.837549,2.945366,-0.142650,0.815615,2.936113,-0.093423,0.861783,2.934539,-0.104899,0.824362,2.937943,-0.114547,0.804879,2.923361,-0.074402,0.854942,2.928263,-0.084150,0.818781,2.929359,-0.092482,0.805828,2.912337,-0.056987,0.850877,2.915669,-0.065904,0.819316,2.914181,-0.074551,0.802579,2.901457,,,
104,3.467,-0.342859,0.904984,2.571678,-0.462744,0.901597,2.570415,-0.222973,0.908371,2.572942,-0.483944,0.531223,2.817815,-0.197324,0.492639,2.413752,-0.481569,0.125867,2.912390,-0.175680,0.192961,2.125675,-0.346185,1.022169,2.573205,-0.353021,1.236325,2.580687,-0.366924,1.478288,2.593313,-0.379359,1.577165,2.622814,-0.399131,1.424559,2.586257,-0.329276,1.427960,2.598112,-0.533986,1.362076,2.570723,-0.192437,1.380912,2.632488,-0.556211,1.092900,2.463764,-0.085904,1.128017,2.729848,-0.588782,0.819971,2.397401,-0.088900,0.910447,2.910444,-0.505113,0.038165,3.066792,-0.148546,0.033902,2.203459,,,,,,,,,,-0.575798,0.801484,2.408043,-0.544267,0.760144,2.396008,-0.526732,0.733897,2.378955,-0.560373,0.731840,2.371174,-0.536932,0.712961,2.349850,-0.515623,0.707084,2.335011,-0.571299,0.741043,2.349862,-0.545894,0.726758,2.323513,-0.525708,0.723709,2.307132,-0.580293,0.749927,2.332886,-0.556658,0.737554,2.306578,-0.538218,0.738097,2.292911,-0.586337,0.764868,2.318100,-0.564548,0.755784,2.295281,-0.545967,0.756770,2.282233,-0.110565,0.907103,2.922404,-0.141787,0.865375,2.933894,-0.149481,0.830952,2.940469,-0.125241,0.843913,2.969726,-0.139880,0.810458,2.974928,-0.152269,0.788559,2.966217,-0.102507,0.834042,2.963095,-0.114508,0.796820,2.966851,-0.124663,0.777356,2.952591,-0.083679,0.826881,2.956594,-0.093844,0.790841,2.957881,-0.102511,0.777934,2.940992,-0.066433,0.822633,2.943830,-0.075659,0.791171,2.942141,-0.084542,0.774555,2.929421,,,
105,3.500,-0.354141,0.902302,2.632822,-0.474010,0.899530,2.629814,-0.234270,0.905075,2.635830,-0.504519,0.542593,2.895329,-0.186225,0.475515,2.526271,-0.488861,0.127141,2.915758,-0.167334,0.218781,2.199172,-0.356856,1.019513,2.633007,-0.364342,1.233700,2.638783,-0.378286,1.475827,2.647662,-0.392022,1.575039,2.675408,-0.410492,1.421987,2.641506,-0.340616,1.425589,2.653173,-0.545146,1.358450,2.628751,-0.203718,1.378474,2.687223,-0.576378,1.084939,2.535983,-0.099044,1.117701,2.763541,-0.613602,0.808035,2.492467,-0.089265,0.885083,2.924021,-0.515026,0.039721,3.069899,-0.148909,0.040797,2.207449,,,,,,,,,,-0.600607,0.790645,2.504811,-0.569585,0.747977,2.496745,-0.553060,0.720117,2.481321,-0.586281,0.717375,2.475250,-0.563534,0.696176,2.455406,-0.542651,0.688561,2.440752,-0.597449,0.724393,2.453244,-0.572525,0.707213,2.428197,-0.552598,0.702292,2.411955,-0.606624,0.731530,2.435556,-0.583586,0.716115,2.410349,-0.565384,0.714948,2.396406,-0.612770,0.744894,2.419368,-0.591072,0.732988,2.397795,-0.572484,0.732202,2.384742,-0.110598,0.881110,2.936379,-0.141542,0.838829,2.946516,-0.149659,0.804246,2.951567,-0.124047,0.815521,2.980705,-0.138386,0.781796,2.984900,-0.150966,0.760229,2.975648,-0.101514,0.806017,2.972946,-0.113224,0.768607,2.975582,-0.123747,0.749618,2.960953,-0.082880,0.799212,2.965564,-0.092916,0.763113,2.965467,-0.102039,0.750951,2.948268,-0.065994,0.795644,2.952127,-0.075199,0.764272,2.949152,-0.084395,0.748238,2.935919,,,
