frame_id,time_sec,Hips_X,Hips_Y,Hips_Z,LeftUpperLeg_X,LeftUpperLeg_Y,LeftUpperLeg_Z,RightUpperLeg_X,RightUpperLeg_Y,RightUpperLeg_Z,LeftLowerLeg_X,LeftLowerLeg_Y,LeftLowerLeg_Z,RightLowerLeg_X,RightLowerLeg_Y,RightLowerLeg_Z,LeftFoot_X,LeftFoot_Y,LeftFoot_Z,RightFoot_X,RightFoot_Y,RightFoot_Z,Spine_X,Spine_Y,Spine_Z,Chest_X,Chest_Y,Chest_Z,Neck_X,Neck_Y,Neck_Z,Head_X,Head_Y,Head_Z,LeftShoulder_X,LeftShoulder_Y,LeftShoulder_Z,RightShoulder_X,RightShoulder_Y,RightShoulder_Z,LeftUpperArm_X,LeftUpperArm_Y,LeftUpperArm_Z,RightUpperArm_X,RightUpperArm_Y,RightUpperArm_Z,LeftLowerArm_X,LeftLowerArm_Y,LeftLowerArm_Z,RightLowerArm_X,RightLowerArm_Y,RightLowerArm_Z,LeftHand_X,LeftHand_Y,LeftHand_Z,RightHand_X,RightHand_Y,RightHand_Z,LeftToes_X,LeftToes_Y,LeftToes_Z,RightToes_X,RightToes_Y,RightToes_Z,LeftEye_X,LeftEye_Y,LeftEye_Z,RightEye_X,RightEye_Y,RightEye_Z,Jaw_X,Jaw_Y,Jaw_Z,LeftThumbProximal_X,LeftThumbProximal_Y,LeftThumbProximal_Z,LeftThumbIntermediate_X,LeftThumbIntermediate_Y,LeftThumbIntermediate_Z,LeftThumbDistal_X,LeftThumbDistal_Y,LeftThumbDistal_Z,LeftIndexProximal_X,LeftIndexProximal_Y,LeftIndexProximal_Z,LeftIndexIntermediate_X,LeftIndexIntermediate_Y,LeftIndexIntermediate_Z,LeftIndexDistal_X,LeftIndexDistal_Y,LeftIndexDistal_Z,LeftMiddleProximal_X,LeftMiddleProximal_Y,LeftMiddleProximal_Z,LeftMiddleIntermediate_X,LeftMiddleIntermediate_Y,LeftMiddleIntermediate_Z,LeftMiddleDistal_X,LeftMiddleDistal_Y,LeftMiddleDistal_Z,LeftRingProximal_X,LeftRingProximal_Y,LeftRingProximal_Z,LeftRingIntermediate_X,LeftRingIntermediate_Y,LeftRingIntermediate_Z,LeftRingDistal_X,LeftRingDistal_Y,LeftRingDistal_Z,LeftLittleProximal_X,LeftLittleProximal_Y,LeftLittleProximal_Z,LeftLittleIntermediate_X,LeftLittleIntermediate_Y,LeftLittleIntermediate_Z,LeftLittleDistal_X,LeftLittleDistal_Y,LeftLittleDistal_Z,RightThumbProximal_X,RightThumbProximal_Y,RightThumbProximal_Z,RightThumbIntermediate_X,RightThumbIntermediate_Y,RightThumbIntermediate_Z,RightThumbDistal_X,RightThumbDistal_Y,RightThumbDistal_Z,RightIndexProximal_X,RightIndexProximal_Y,RightIndexProximal_Z,RightIndexIntermediate_X,RightIndexIntermediate_Y,RightIndexIntermediate_Z,RightIndexDistal_X,RightIndexDistal_Y,RightIndexDistal_Z,RightMiddleProximal_X,RightMiddleProximal_Y,RightMiddleProximal_Z,RightMiddleIntermediate_X,RightMiddleIntermediate_Y,RightMiddleIntermediate_Z,RightMiddleDistal_X,RightMiddleDistal_Y,RightMiddleDistal_Z,RightRingProximal_X,RightRingProximal_Y,RightRingProximal_Z,RightRingIntermediate_X,RightRingIntermediate_Y,RightRingIntermediate_Z,RightRingDistal_X,RightRingDistal_Y,RightRingDistal_Z,RightLittleProximal_X,RightLittleProximal_Y,RightLittleProximal_Z,RightLittleIntermediate_X,RightLittleIntermediate_Y,RightLittleIntermediate_Z,RightLittleDistal_X,RightLittleDistal_Y,RightLittleDistal_Z,UpperChest_X,UpperChest_Y,UpperChest_Z
0,0.000,-0.094458,0.962701,-3.335049,-0.214153,0.963567,-3.342667,0.025237,0.961834,-3.327432,-0.285358,0.557897,-3.171803,0.027126,0.535873,-3.195577,-0.237626,0.268625,-3.467280,0.027534,0.129334,-3.284963,-0.093732,1.079924,-3.333124,-0.096363,1.293753,-3.317757,-0.086702,1.534188,-3.286193,-0.081715,1.630874,-3.248398,-0.124005,1.483431,-3.288646,-0.053313,1.481313,-3.294114,-0.261405,1.429560,-3.265184,0.080451,1.417634,-3.307250,-0.324936,1.146281,-3.275496,0.143457,1.133482,-3.315691,-0.345398,0.870307,-3.217401,0.167618,0.868640,-3.219589,-0.258691,0.095925,-3.424652,0.046494,0.044970,-3.128088,,,,,,,,,,-0.328309,0.857244,-3.204714,-0.302661,0.810446,-3.205035,-0.292514,0.776660,-3.211571,-0.326235,0.776979,-3.203811,-0.312780,0.745591,-3.217754,-0.299034,0.728810,-3.233190,-0.345428,0.776586,-3.220832,-0.333090,0.746656,-3.243097,-0.321642,0.732169,-3.261648,-0.361054,0.777661,-3.235068,-0.350336,0.749737,-3.257632,-0.339431,0.740026,-3.275349,-0.373381,0.784488,-3.251796,-0.363365,0.761945,-3.273463,-0.352371,0.753334,-3.291393,0.154992,0.859637,-3.200014,0.122344,0.818317,-3.191373,0.108982,0.785554,-3.197324,0.146797,0.781094,-3.185471,0.125837,0.750869,-3.188244,0.104139,0.737999,-3.196760,0.158786,0.776050,-3.207587,0.138116,0.743321,-3.214307,0.116455,0.735298,-3.226626,0.168530,0.773266,-3.226169,0.148854,0.742576,-3.234820,0.129330,0.741108,-3.246804,0.174798,0.776266,-3.246908,0.156259,0.750782,-3.256108,0.137438,0.743676,-3.266694,,,
1,0.033,-0.094458,0.962701,-3.335049,-0.214153,0.963567,-3.342667,0.025237,0.961834,-3.327432,-0.285358,0.557897,-3.171803,0.027126,0.535873,-3.195577,-0.237626,0.268625,-3.467280,0.027534,0.129334,-3.284963,-0.093732,1.079924,-3.333124,-0.096363,1.293753,-3.317757,-0.086702,1.534188,-3.286193,-0.081715,1.630874,-3.248398,-0.124005,1.483431,-3.288646,-0.053313,1.481313,-3.294114,-0.261405,1.429560,-3.265184,0.080451,1.417634,-3.307250,-0.324936,1.146281,-3.275496,0.143457,1.133482,-3.315691,-0.345398,0.870307,-3.217401,0.167618,0.868640,-3.219589,-0.258691,0.095925,-3.424652,0.046494,0.044970,-3.128088,,,,,,,,,,-0.328309,0.857244,-3.204714,-0.302661,0.810446,-3.205035,-0.292514,0.776660,-3.211571,-0.326235,0.776979,-3.203811,-0.312780,0.745591,-3.217754,-0.299034,0.728810,-3.233190,-0.345428,0.776586,-3.220832,-0.333090,0.746656,-3.243097,-0.321642,0.732169,-3.261648,-0.361054,0.777661,-3.235068,-0.350336,0.749737,-3.257632,-0.339431,0.740026,-3.275349,-0.373381,0.784488,-3.251796,-0.363365,0.761945,-3.273463,-0.352371,0.753334,-3.291393,0.154992,0.859637,-3.200014,0.122344,0.818317,-3.191373,0.108982,0.785554,-3.197324,0.146797,0.781094,-3.185471,0.125837,0.750869,-3.188244,0.104139,0.737999,-3.196760,0.158786,0.776050,-3.207587,0.138116,0.743321,-3.214307,0.116455,0.735298,-3.226626,0.168530,0.773266,-3.226169,0.148854,0.742576,-3.234820,0.129330,0.741108,-3.246804,0.174798,0.776266,-3.246908,0.156259,0.750782,-3.256108,0.137438,0.743676,-3.266694,,,
2,0.067,-0.103239,0.977988,-3.278756,-0.223074,0.978559,-3.283734,0.016597,0.977418,-3.273778,-0.285642,0.583452,-3.086736,0.016922,0.538665,-3.194227,-0.247697,0.234463,-3.310410,0.021548,0.131159,-3.278966,-0.102743,1.095220,-3.277261,-0.104265,1.308889,-3.259685,-0.096238,1.549204,-3.226775,-0.092879,1.645870,-3.188751,-0.133236,1.498258,-3.229862,-0.062482,1.496554,-3.234639,-0.270545,1.443031,-3.209181,0.072212,1.434453,-3.245644,-0.331507,1.161413,-3.246121,0.139009,1.151104,-3.239709,-0.361760,0.881418,-3.220772,0.151537,0.894815,-3.120884,-0.272560,0.079727,-3.223663,0.042446,0.046427,-3.122537,,,,,,,,,,-0.345009,0.866310,-3.210057,-0.318815,0.820501,-3.218018,-0.307625,0.788565,-3.229934,-0.342020,0.787277,-3.223929,-0.328048,0.757683,-3.240946,-0.313543,0.742764,-3.257554,-0.360551,0.789955,-3.241471,-0.347516,0.763399,-3.267328,-0.335389,0.751590,-3.287293,-0.375640,0.793575,-3.255865,-0.364621,0.768965,-3.281878,-0.353278,0.761681,-3.300462,-0.387407,0.803325,-3.271513,-0.376972,0.784864,-3.296579,-0.365562,0.779479,-3.315482,0.136699,0.888618,-3.101777,0.103044,0.848632,-3.090986,0.090216,0.815221,-3.093534,0.126449,0.812943,-3.076959,0.106258,0.782075,-3.077150,0.085768,0.767425,-3.085780,0.140867,0.804866,-3.096585,0.121082,0.771152,-3.100527,0.100944,0.760994,-3.113815,0.152663,0.799516,-3.113325,0.134287,0.767423,-3.119345,0.116279,0.763712,-3.133090,0.161284,0.799534,-3.133426,0.144013,0.772637,-3.140915,0.126593,0.763721,-3.152483,,,
3,0.100,-0.108828,0.988772,-3.235547,-0.228713,0.989694,-3.239075,0.011056,0.987851,-3.232019,-0.282480,0.597603,-3.033633,0.008949,0.542909,-3.202777,-0.249602,0.201883,-3.158488,0.015330,0.136714,-3.293485,-0.108015,1.105974,-3.232586,-0.109069,1.319545,-3.213825,-0.105133,1.560058,-3.181627,-0.104182,1.656865,-3.143825,-0.141354,1.508613,-3.185538,-0.070480,1.507836,-3.188355,-0.279035,1.452416,-3.170801,0.065518,1.447939,-3.194452,-0.336825,1.174592,-3.232960,0.141276,1.167669,-3.172236,-0.369770,0.893766,-3.230385,0.145354,0.921791,-3.032639,-0.278079,0.076123,-3.034152,0.036595,0.052815,-3.136657,,,,,,,,,,-0.353360,0.878474,-3.219409,-0.324113,0.834814,-3.228709,-0.309885,0.804660,-3.241955,-0.344831,0.801301,-3.239883,-0.327805,0.773630,-3.257349,-0.310956,0.760576,-3.273303,-0.361684,0.804793,-3.258911,-0.344988,0.780958,-3.285310,-0.330439,0.771292,-3.304803,-0.375473,0.809079,-3.274386,-0.361039,0.787016,-3.301006,-0.347704,0.781631,-3.318903,-0.386164,0.819726,-3.290220,-0.372613,0.803961,-3.315633,-0.359267,0.800711,-3.333739,0.128994,0.915793,-3.014750,0.094851,0.875694,-3.006125,0.082405,0.842169,-3.009044,0.117253,0.840473,-2.989516,0.097225,0.809535,-2.991019,0.077599,0.794690,-3.001188,0.133349,0.832187,-3.007697,0.114004,0.798383,-3.012865,0.095096,0.788020,-3.027710,0.146565,0.826653,-3.023276,0.128861,0.794389,-3.030309,0.112094,0.790397,-3.045470,0.156863,0.826399,-3.042570,0.140349,0.799312,-3.051021,0.123978,0.790151,-3.063861,,,
4,0.133,-0.113009,0.991198,-3.183076,-0.232913,0.991275,-3.186005,0.006895,0.991121,-3.180147,-0.274241,0.591966,-2.991899,0.007542,0.545268,-3.187016,-0.251790,0.176325,-2.990409,0.011934,0.142367,-3.291491,-0.113039,1.108360,-3.178751,-0.112686,1.321846,-3.159025,-0.113150,1.562474,-3.127450,-0.114417,1.659444,-3.090079,-0.148508,1.510523,-3.132433,-0.077574,1.510718,-3.132837,-0.286240,1.453127,-3.124254,0.060045,1.454317,-3.132762,-0.336916,1.180396,-3.210505,0.147374,1.179394,-3.093077,-0.369437,0.900243,-3.230809,0.138318,0.948219,-2.930484,-0.285130,0.088161,-2.838089,0.034255,0.058761,-3.134653,,,,,,,,,,-0.353613,0.884837,-3.219152,-0.321840,0.842888,-3.228030,-0.305086,0.814154,-3.241476,-0.339957,0.809486,-3.243306,-0.320243,0.783536,-3.260586,-0.301405,0.772071,-3.275501,-0.354932,0.813631,-3.263722,-0.334702,0.792090,-3.289616,-0.317871,0.784173,-3.308031,-0.367253,0.818441,-3.280247,-0.349349,0.798621,-3.306522,-0.334079,0.794838,-3.323244,-0.376714,0.829722,-3.296421,-0.359998,0.816076,-3.321166,-0.344744,0.814441,-3.337933,0.120188,0.942496,-2.914292,0.085958,0.902033,-2.908039,0.073958,0.868336,-2.910843,0.106965,0.867843,-2.887839,0.087278,0.836820,-2.891083,0.069007,0.821708,-2.903199,0.125095,0.859277,-2.903845,0.106659,0.825196,-2.910341,0.089625,0.814333,-2.926988,0.140034,0.853490,-2.917678,0.123300,0.820965,-2.925798,0.108324,0.816516,-2.942617,0.152396,0.852797,-2.935709,0.136812,0.825437,-2.945004,0.121858,0.815872,-2.959206,,,
5,0.167,-0.116230,0.984994,-3.133409,-0.236101,0.981530,-3.135553,0.003640,0.988459,-3.131265,-0.268882,0.587527,-2.929350,0.013776,0.543268,-3.154398,-0.264088,0.183339,-2.829991,0.014817,0.149717,-3.289971,-0.119708,1.102068,-3.128176,-0.116579,1.315528,-3.108415,-0.122289,1.556200,-3.077700,-0.125341,1.653324,-3.040836,-0.156553,1.503643,-3.083833,-0.085668,1.505041,-3.081567,-0.293854,1.444690,-3.081740,0.053305,1.452545,-3.074438,-0.333486,1.177523,-3.188702,0.152710,1.185607,-3.014050,-0.362251,0.899381,-3.230708,0.134425,0.968595,-2.833684,-0.300316,0.134707,-2.661443,0.037132,0.063494,-3.134556,,,,,,,,,,-0.347463,0.883724,-3.218066,-0.313959,0.842807,-3.225226,-0.295072,0.815027,-3.237824,-0.329516,0.809846,-3.243903,-0.307525,0.785028,-3.260060,-0.286948,0.774561,-3.273321,-0.342239,0.814682,-3.265652,-0.318847,0.794699,-3.290090,-0.299940,0.787918,-3.306873,-0.352768,0.820046,-3.283212,-0.331643,0.801814,-3.308214,-0.314551,0.799093,-3.323299,-0.360641,0.831908,-3.299816,-0.340960,0.819738,-3.323108,-0.323901,0.819160,-3.338112,0.114676,0.963499,-2.819274,0.080635,0.922716,-2.814188,0.068721,0.888906,-2.815714,0.099784,0.890422,-2.789516,0.080742,0.859085,-2.793510,0.064124,0.843194,-2.806937,0.119749,0.881275,-2.802783,0.102565,0.846557,-2.809334,0.087699,0.834462,-2.827167,0.136252,0.874964,-2.814438,0.120723,0.841840,-2.822528,0.107781,0.836285,-2.840656,0.150585,0.873401,-2.830885,0.136050,0.845437,-2.840081,0.122693,0.834940,-2.855187,,,
6,0.200,-0.119211,0.973143,-3.077966,-0.238951,0.966243,-3.078517,0.000529,0.980043,-3.077414,-0.266447,0.586147,-2.846993,0.020003,0.536658,-3.120580,-0.284601,0.200884,-2.690448,0.017889,0.155185,-3.287127,-0.125974,1.090048,-3.072212,-0.121535,1.303589,-3.053604,-0.131732,1.544301,-3.024403,-0.136032,1.641564,-2.988031,-0.165013,1.491207,-3.031274,-0.094257,1.493676,-3.026885,-0.302023,1.431616,-3.034235,0.044913,1.443145,-3.012796,-0.330744,1.170004,-3.157214,0.152903,1.185803,-2.929748,-0.355887,0.895282,-3.219268,0.126669,0.981035,-2.736506,-0.322598,0.192893,-2.515581,0.040468,0.065605,-3.133661,,,,,,,,,,-0.342226,0.879059,-3.206083,-0.307598,0.838898,-3.212075,-0.287172,0.812042,-3.224270,-0.320729,0.806919,-3.234033,-0.296504,0.783878,-3.249618,-0.274424,0.774912,-3.261487,-0.331266,0.812872,-3.256656,-0.305060,0.794989,-3.279832,-0.284411,0.789687,-3.295018,-0.340050,0.819134,-3.274867,-0.315970,0.803111,-3.298683,-0.297352,0.801786,-3.312052,-0.346379,0.831851,-3.291498,-0.324227,0.821458,-3.313389,-0.305747,0.822062,-3.326602,0.105769,0.976746,-2.723527,0.072232,0.935652,-2.717653,0.060743,0.901670,-2.716880,0.089645,0.906388,-2.688351,0.071540,0.874392,-2.691357,0.056538,0.857014,-2.704843,0.110941,0.896617,-2.698805,0.095145,0.860969,-2.703624,0.082274,0.846899,-2.721561,0.128583,0.889720,-2.708251,0.114404,0.855644,-2.714700,0.103313,0.848192,-2.733366,0.144415,0.887034,-2.723100,0.131110,0.858028,-2.730808,0.119295,0.845872,-2.745955,,,
7,0.233,-0.123067,0.957984,-3.018965,-0.242715,0.949784,-3.017385,-0.003418,0.966185,-3.020545,-0.266903,0.589738,-2.755441,0.020981,0.526258,-3.089114,-0.296472,0.213913,-2.578963,0.016909,0.158829,-3.284672,-0.130989,1.074788,-3.012664,-0.127629,1.288445,-2.995185,-0.139781,1.529224,-2.967320,-0.144749,1.626641,-2.931449,-0.172617,1.475896,-2.974515,-0.101965,1.478818,-2.968905,-0.309672,1.416761,-2.981624,0.036609,1.428527,-2.949195,-0.330625,1.159067,-3.114078,0.149528,1.180390,-2.846916,-0.354691,0.888648,-3.193133,0.119424,0.984175,-2.645536,-0.334130,0.239131,-2.405666,0.040725,0.067384,-3.132499,,,,,,,,,,-0.341763,0.871759,-3.180046,-0.306555,0.832113,-3.186097,-0.285085,0.805996,-3.198102,-0.318082,0.801369,-3.210575,-0.291726,0.781497,-3.227041,-0.268601,0.775115,-3.238587,-0.327238,0.808543,-3.233444,-0.298855,0.793748,-3.256231,-0.277089,0.790585,-3.270420,-0.334919,0.815785,-3.251789,-0.308444,0.802833,-3.274921,-0.288864,0.803399,-3.286897,-0.340292,0.829392,-3.268049,-0.316411,0.820873,-3.288908,-0.297059,0.822672,-3.300686,0.097955,0.980096,-2.633451,0.065627,0.938276,-2.626106,0.055758,0.903899,-2.623245,0.082301,0.912198,-2.593546,0.065554,0.879368,-2.595060,0.052031,0.860414,-2.607978,0.104521,0.902493,-2.601936,0.090422,0.865922,-2.604659,0.079205,0.849951,-2.622106,0.122931,0.895582,-2.609766,0.110401,0.860560,-2.614274,0.100737,0.851239,-2.632893,0.139708,0.892358,-2.623423,0.127865,0.862315,-2.629337,0.117367,0.848488,-2.644014,,,
8,0.267,-0.127991,0.944162,-2.957544,-0.247628,0.936246,-2.954375,-0.008355,0.952079,-2.960712,-0.271405,0.578767,-2.688902,0.016530,0.517556,-3.057683,-0.294247,0.202521,-2.512322,0.014360,0.164569,-3.278270,-0.135553,1.060985,-2.951155,-0.134305,1.274672,-2.933775,-0.147529,1.515381,-2.905787,-0.153464,1.612830,-2.870152,-0.180097,1.462004,-2.913790,-0.109591,1.465049,-2.906624,-0.316660,1.402400,-2.925156,0.028520,1.415547,-2.882222,-0.331300,1.145410,-3.059810,0.143083,1.172959,-2.769042,-0.354865,0.878934,-3.151410,0.114843,0.979887,-2.564380,-0.326828,0.222766,-2.337351,0.038731,0.066911,-3.130097,,,,,,,,,,-0.342072,0.861422,-3.139029,-0.306548,0.822322,-3.146591,-0.284772,0.797012,-3.159720,-0.317481,0.792893,-3.172890,-0.290407,0.775099,-3.190524,-0.267018,0.770292,-3.202300,-0.326281,0.801251,-3.195495,-0.297147,0.788574,-3.218609,-0.275054,0.786802,-3.232532,-0.333683,0.809437,-3.213555,-0.306396,0.798520,-3.236792,-0.286556,0.800232,-3.248219,-0.338851,0.823878,-3.229148,-0.314378,0.816701,-3.249826,-0.294758,0.819280,-3.261000,0.093126,0.976019,-2.552674,0.061772,0.933858,-2.543329,0.053092,0.899401,-2.538356,0.078137,0.910648,-2.508519,0.062357,0.877309,-2.508231,0.049783,0.857119,-2.520199,0.100875,0.901056,-2.515538,0.087966,0.863952,-2.516009,0.077783,0.846435,-2.532586,0.119711,0.894174,-2.522310,0.108303,0.858568,-2.524745,0.099502,0.847715,-2.542958,0.136995,0.890508,-2.535201,0.126176,0.859781,-2.539275,0.116527,0.844642,-2.553221,,,
9,0.300,-0.133927,0.931958,-2.893384,-0.253680,0.926028,-2.890299,-0.014173,0.937888,-2.896470,-0.275000,0.560077,-2.636414,0.006912,0.511200,-3.024242,-0.287842,0.176633,-2.474953,0.011606,0.172671,-3.266398,-0.139610,1.048982,-2.889063,-0.140845,1.262843,-2.873977,-0.156079,1.503663,-2.848045,-0.163904,1.601349,-2.813437,-0.188132,1.450068,-2.856645,-0.117885,1.453522,-2.847410,-0.323574,1.388529,-2.870774,0.020035,1.405915,-2.818568,-0.335460,1.128765,-3.000278,0.135064,1.164255,-2.703884,-0.359204,0.862964,-3.093773,0.114519,0.967766,-2.501571,-0.311420,0.159210,-2.298242,0.036953,0.062535,-3.127424,,,,,,,,,,-0.346346,0.844707,-3.082592,-0.312065,0.805170,-3.093060,-0.291570,0.780020,-3.108376,-0.324702,0.777036,-3.120005,-0.298765,0.759485,-3.139494,-0.275996,0.754726,-3.152446,-0.334183,0.786461,-3.141903,-0.306256,0.773988,-3.166566,-0.284750,0.772227,-3.181382,-0.342095,0.795506,-3.159327,-0.315957,0.784917,-3.183992,-0.296528,0.786637,-3.196104,-0.347533,0.810654,-3.174137,-0.323941,0.803633,-3.195865,-0.304643,0.806122,-3.207609,0.092847,0.964004,-2.489748,0.062358,0.921681,-2.478467,0.054824,0.887221,-2.471905,0.079084,0.900526,-2.442537,0.064186,0.866875,-2.440043,0.052099,0.845646,-2.450635,0.102045,0.891094,-2.449027,0.090090,0.853708,-2.447320,0.080359,0.834995,-2.462827,0.121047,0.884298,-2.455410,0.110641,0.848306,-2.455794,0.102180,0.836188,-2.473359,0.138452,0.880385,-2.468066,0.128715,0.849125,-2.470471,0.119651,0.832945,-2.483618,,,
10,0.333,-0.141055,0.922109,-2.826179,-0.260903,0.917567,-2.825033,-0.021207,0.926652,-2.827325,-0.277719,0.543076,-2.583565,-0.003595,0.511734,-2.989699,-0.283482,0.150299,-2.445884,0.012393,0.186497,-3.248985,-0.145467,1.039234,-2.823326,-0.149238,1.253332,-2.812671,-0.165322,1.494726,-2.793461,-0.175698,1.592992,-2.761251,-0.197094,1.440882,-2.801538,-0.127131,1.444668,-2.790468,-0.331771,1.378027,-2.817127,0.010427,1.398380,-2.757981,-0.345867,1.113392,-2.936120,0.122897,1.153193,-2.648357,-0.371944,0.844354,-3.019147,0.111444,0.948101,-2.454021,-0.305985,0.091959,-2.278027,0.039019,0.054637,-3.130704,,,,,,,,,,-0.359004,0.825595,-3.008934,-0.326671,0.785142,-3.021825,-0.308169,0.759681,-3.039045,-0.341794,0.757697,-3.048193,-0.317639,0.739669,-3.069457,-0.295871,0.734422,-3.083859,-0.352293,0.767639,-3.069387,-0.326188,0.754594,-3.095696,-0.305618,0.752347,-3.111724,-0.360965,0.777107,-3.086214,-0.336629,0.766029,-3.112458,-0.317897,0.767304,-3.125671,-0.366819,0.792571,-3.100531,-0.344641,0.784931,-3.123504,-0.325922,0.786852,-3.136246,0.089805,0.944472,-2.442097,0.059452,0.902256,-2.430074,0.052788,0.867714,-2.423016,0.076303,0.881729,-2.393840,0.061991,0.848036,-2.389312,0.050040,0.826102,-2.398534,0.099277,0.872256,-2.400220,0.087795,0.834839,-2.396789,0.078113,0.815356,-2.411349,0.118285,0.865407,-2.406530,0.108529,0.829249,-2.405414,0.100163,0.816296,-2.422420,0.135676,0.861337,-2.419154,0.126750,0.829778,-2.420633,0.118079,0.813044,-2.433343,,,
11,0.367,-0.150785,0.916063,-2.761971,-0.270672,0.912691,-2.763095,-0.030897,0.919435,-2.760846,-0.291715,0.542618,-2.515231,-0.004965,0.503307,-2.918951,-0.289033,0.136867,-2.422375,0.016458,0.204589,-3.208040,-0.154095,1.033249,-2.760470,-0.160935,1.247406,-2.753017,-0.174820,1.489373,-2.740458,-0.187242,1.588258,-2.710979,-0.207037,1.435642,-2.747444,-0.137165,1.439047,-2.735699,-0.341911,1.373133,-2.762713,-0.000272,1.391998,-2.701534,-0.364506,1.103847,-2.869315,0.106377,1.138906,-2.604818,-0.397293,0.830805,-2.935104,0.103965,0.920968,-2.424658,-0.312446,0.049172,-2.267949,0.043613,0.044782,-3.131812,,,,,,,,,,-0.384294,0.812340,-2.924440,-0.352795,0.770964,-2.936433,-0.335309,0.744678,-2.953475,-0.368953,0.742603,-2.961168,-0.345560,0.723668,-2.982495,-0.324283,0.717750,-2.997364,-0.379915,0.751756,-2.982482,-0.354561,0.737402,-3.008842,-0.334405,0.734308,-3.025252,-0.388938,0.760601,-2.999463,-0.365356,0.748156,-3.025784,-0.346942,0.748658,-3.039488,-0.395005,0.775507,-3.014275,-0.373253,0.766355,-3.037101,-0.354690,0.767299,-3.050179,0.082326,0.917609,-2.412654,0.051130,0.875867,-2.401147,0.043437,0.841440,-2.394595,0.067753,0.854362,-2.365377,0.053130,0.820901,-2.360175,0.040723,0.799009,-2.368879,0.090473,0.844499,-2.372069,0.078485,0.807273,-2.368319,0.068300,0.787819,-2.382572,0.109286,0.837347,-2.378620,0.099128,0.801304,-2.377348,0.090424,0.788414,-2.394231,0.126505,0.833114,-2.391426,0.117278,0.801653,-2.393130,0.108368,0.785050,-2.405848,,,
12,0.400,-0.161955,0.913483,-2.700836,-0.281829,0.910723,-2.703709,-0.042081,0.916244,-2.697964,-0.312045,0.553707,-2.438267,0.006237,0.486305,-2.805900,-0.296150,0.138207,-2.419017,0.024660,0.230651,-3.133872,-0.164658,1.030694,-2.700674,-0.172116,1.244883,-2.694908,-0.186031,1.487011,-2.686030,-0.199737,1.586224,-2.658271,-0.218251,1.433173,-2.692124,-0.148354,1.436772,-2.680580,-0.352922,1.369614,-2.704596,-0.011400,1.389640,-2.646781,-0.384514,1.095999,-2.796933,0.093308,1.128692,-2.571111,-0.421886,0.819005,-2.839748,0.103542,0.895762,-2.411112,-0.322126,0.050789,-2.264843,0.043185,0.052627,-3.126760,,,,,,,,,,-0.408879,0.801639,-2.827383,-0.377898,0.758931,-2.835395,-0.361438,0.731031,-2.850815,-0.394650,0.728285,-2.856783,-0.371962,0.707012,-2.876615,-0.351115,0.699338,-2.891289,-0.405854,0.735254,-2.878787,-0.380987,0.717991,-2.903834,-0.361093,0.713014,-2.920099,-0.415056,0.742352,-2.896477,-0.392081,0.726847,-2.921686,-0.373908,0.725627,-2.935663,-0.421222,0.755678,-2.912687,-0.399566,0.743696,-2.934261,-0.380999,0.742861,-2.947340,0.082235,0.891772,-2.398713,0.051311,0.849477,-2.388574,0.043211,0.814885,-2.383560,0.068879,0.826115,-2.354459,0.054546,0.792384,-2.350293,0.041945,0.770834,-2.359555,0.091394,0.816621,-2.362283,0.079690,0.779207,-2.359678,0.069134,0.760240,-2.374312,0.110011,0.809827,-2.369717,0.099972,0.773729,-2.369849,0.090811,0.761594,-2.387047,0.126867,0.806278,-2.383196,0.117655,0.774910,-2.386196,0.108429,0.758895,-2.399432,,,
13,0.433,-0.172255,0.915083,-2.640973,-0.292078,0.912826,-2.645736,-0.052430,0.917340,-2.636210,-0.326615,0.552213,-2.385739,0.013696,0.477644,-2.669791,-0.300582,0.137854,-2.415606,0.027392,0.269600,-3.030059,-0.174424,1.032300,-2.641952,-0.181037,1.246539,-2.637074,-0.194243,1.488739,-2.629094,-0.208415,1.587955,-2.601585,-0.226667,1.434956,-2.634560,-0.156627,1.438428,-2.623880,-0.361198,1.370515,-2.643526,-0.019445,1.390547,-2.592119,-0.402024,1.092931,-2.718824,0.081089,1.122778,-2.537563,-0.441957,0.813391,-2.733583,0.099739,0.877260,-2.398517,-0.328082,0.050507,-2.261657,0.047240,0.096196,-3.070351,,,,,,,,,,-0.429178,0.797176,-2.719532,-0.399267,0.753128,-2.723152,-0.384580,0.723554,-2.737180,-0.416981,0.720735,-2.740874,-0.395487,0.696491,-2.758507,-0.375246,0.686381,-2.772537,-0.428317,0.725521,-2.763387,-0.404287,0.704892,-2.786641,-0.384774,0.697583,-2.802482,-0.437592,0.730861,-2.781648,-0.415712,0.711713,-2.805278,-0.397899,0.708216,-2.819335,-0.443674,0.742478,-2.799154,-0.422416,0.727444,-2.819155,-0.403936,0.724532,-2.832057,0.078784,0.872515,-2.385789,0.047938,0.829741,-2.377615,0.040206,0.794818,-2.374790,0.066371,0.804063,-2.345691,0.051972,0.770161,-2.343719,0.039029,0.749419,-2.354265,0.088594,0.795041,-2.354803,0.076895,0.757538,-2.354331,0.065870,0.739574,-2.369857,0.106947,0.788699,-2.363227,0.096732,0.752726,-2.365560,0.087019,0.741830,-2.383276,0.123380,0.786012,-2.377409,0.114003,0.754900,-2.382093,0.104341,0.739750,-2.396019,,,
14,0.467,-0.181143,0.920071,-2.582669,-0.300845,0.918511,-2.590061,-0.061441,0.921631,-2.575278,-0.336045,0.546173,-2.347249,0.008275,0.483130,-2.534181,-0.304467,0.135937,-2.410279,0.020325,0.296927,-2.906266,-0.182546,1.037287,-2.584674,-0.187672,1.251576,-2.580210,-0.198180,1.493846,-2.570551,-0.211238,1.592961,-2.542139,-0.231299,1.440419,-2.575298,-0.160931,1.443136,-2.566764,-0.365895,1.375672,-2.580088,-0.023307,1.393813,-2.539431,-0.414701,1.094762,-2.635739,0.069795,1.120742,-2.500092,-0.455240,0.815428,-2.618882,0.097290,0.865456,-2.381628,-0.333820,0.049033,-2.256422,0.058043,0.127232,-2.949474,,,,,,,,,,-0.442525,0.800430,-2.603487,-0.413436,0.755689,-2.603183,-0.400029,0.724698,-2.615306,-0.431981,0.722053,-2.617394,-0.411573,0.695352,-2.632599,-0.391908,0.683110,-2.645722,-0.443584,0.724825,-2.640108,-0.420539,0.701225,-2.661457,-0.401520,0.691764,-2.676748,-0.453051,0.728524,-2.658674,-0.432151,0.706373,-2.680499,-0.414709,0.700908,-2.694391,-0.459205,0.738484,-2.677149,-0.438595,0.721077,-2.695862,-0.420397,0.716503,-2.708683,0.076666,0.859807,-2.368730,0.045974,0.816549,-2.362837,0.039456,0.781267,-2.362604,0.065191,0.788655,-2.333326,0.050751,0.754715,-2.333697,0.037516,0.734892,-2.345566,0.087154,0.780315,-2.343637,0.075419,0.742874,-2.345649,0.063981,0.726130,-2.362207,0.105271,0.774597,-2.352970,0.094976,0.738881,-2.357686,0.084810,0.729319,-2.375912,0.121324,0.772935,-2.367733,0.112025,0.742139,-2.374286,0.102107,0.727899,-2.388971,,,
15,0.500,-0.187927,0.928602,-2.525624,-0.307477,0.927785,-2.535255,-0.068377,0.929420,-2.515992,-0.338308,0.537825,-2.321214,-0.001783,0.502271,-2.406711,-0.306260,0.131603,-2.406186,0.007454,0.299903,-2.770339,-0.188497,1.045807,-2.528498,-0.192125,1.260127,-2.524085,-0.199842,1.502394,-2.511999,-0.210302,1.601452,-2.482341,-0.233661,1.449312,-2.515523,-0.162935,1.451317,-2.510462,-0.368291,1.384489,-2.513520,-0.024615,1.400459,-2.490431,-0.422237,1.101007,-2.546946,0.061490,1.123362,-2.466207,-0.458343,0.825241,-2.495908,0.101326,0.860755,-2.369197,-0.336590,0.044377,-2.252701,0.051492,0.127671,-2.792315,,,,,,,,,,-0.444996,0.811880,-2.479568,-0.416321,0.767042,-2.475666,-0.403774,0.734699,-2.484813,-0.435854,0.732296,-2.485069,-0.416483,0.703603,-2.497802,-0.397582,0.689522,-2.510184,-0.448567,0.732673,-2.507351,-0.426932,0.706358,-2.526926,-0.408832,0.694854,-2.541931,-0.458928,0.734406,-2.525726,-0.439183,0.709861,-2.546009,-0.422452,0.702797,-2.560055,-0.465922,0.742323,-2.544878,-0.446487,0.722877,-2.562825,-0.429052,0.716864,-2.576105,0.081646,0.853768,-2.355504,0.051962,0.809643,-2.351057,0.046868,0.774206,-2.353441,0.073391,0.779927,-2.325057,0.059562,0.745772,-2.326708,0.045886,0.726493,-2.338967,0.094757,0.772794,-2.337342,0.083344,0.735423,-2.341443,0.071048,0.719802,-2.358475,0.112312,0.768131,-2.348208,0.102361,0.732619,-2.354819,0.091204,0.724168,-2.373014,0.127408,0.767890,-2.364034,0.118444,0.737453,-2.372464,0.107979,0.724159,-2.387647,,,
16,0.533,-0.191617,0.939509,-2.469749,-0.311085,0.939425,-2.480375,-0.072149,0.939593,-2.459123,-0.333318,0.530763,-2.303363,-0.007506,0.530959,-2.292775,-0.305483,0.127265,-2.401738,-0.006157,0.291614,-2.633327,-0.191390,1.056699,-2.473223,-0.194109,1.271035,-2.468936,-0.199832,1.513298,-2.455709,-0.207281,1.612321,-2.425042,-0.234081,1.460405,-2.457510,-0.163174,1.462024,-2.456379,-0.368699,1.396407,-2.446854,-0.024395,1.409746,-2.445078,-0.425462,1.111698,-2.457281,0.056414,1.130048,-2.440304,-0.449618,0.843324,-2.371567,0.108568,0.861726,-2.367889,-0.335020,0.040087,-2.248071,0.029077,0.116173,-2.625248,,,,,,,,,,-0.434817,0.832028,-2.354926,-0.405841,0.787764,-2.347916,-0.393512,0.754490,-2.353207,-0.426101,0.752303,-2.350970,-0.407555,0.722216,-2.361526,-0.389616,0.706666,-2.373577,-0.440795,0.749957,-2.371871,-0.420854,0.721263,-2.389836,-0.404109,0.707859,-2.404838,-0.452793,0.749431,-2.389300,-0.434480,0.722864,-2.408343,-0.418926,0.714372,-2.422940,-0.461517,0.754903,-2.408596,-0.443857,0.733284,-2.425878,-0.427759,0.725623,-2.439974,0.090687,0.853100,-2.352740,0.062097,0.808183,-2.349129,0.057177,0.773027,-2.354345,0.086673,0.776574,-2.328754,0.073495,0.742212,-2.331240,0.058797,0.723467,-2.343137,0.106509,0.771046,-2.344059,0.095049,0.733953,-2.350092,0.080957,0.719610,-2.366854,0.122708,0.767769,-2.357283,0.112673,0.732667,-2.365710,0.099591,0.725468,-2.383145,0.135845,0.769313,-2.374702,0.126580,0.739539,-2.384973,0.114716,0.727426,-2.400116,,,
17,0.567,-0.191598,0.951910,-2.413906,-0.311020,0.952652,-2.425014,-0.072176,0.951168,-2.402797,-0.325808,0.527958,-2.289928,-0.013702,0.564313,-2.188890,-0.303771,0.126685,-2.398361,-0.017658,0.280768,-2.493603,-0.190517,1.069086,-2.417695,-0.193652,1.283432,-2.414309,-0.196805,1.525761,-2.401443,-0.201320,1.624764,-2.370146,-0.231512,1.473137,-2.401352,-0.160629,1.474197,-2.403851,-0.366123,1.411135,-2.382199,-0.022135,1.420072,-2.400645,-0.425589,1.127022,-2.370667,0.052570,1.139081,-2.416356,-0.431989,0.870588,-2.251687,0.110527,0.866545,-2.368136,-0.332268,0.039895,-2.244279,0.009967,0.110637,-2.444833,,,,,,,,,,-0.415141,0.861582,-2.235604,-0.384727,0.818691,-2.226474,-0.371329,0.785438,-2.227843,-0.404540,0.783062,-2.222570,-0.386474,0.752065,-2.231138,-0.369564,0.735276,-2.243011,-0.421523,0.777992,-2.241120,-0.403215,0.747305,-2.257457,-0.388044,0.732149,-2.272465,-0.435458,0.775183,-2.256802,-0.418736,0.746692,-2.274478,-0.404724,0.736669,-2.289654,-0.446472,0.778093,-2.275473,-0.430725,0.754386,-2.291845,-0.416326,0.744981,-2.306700,0.094524,0.856741,-2.351661,0.065195,0.812251,-2.348755,0.058406,0.777930,-2.356712,0.091187,0.778233,-2.335138,0.077065,0.744359,-2.338839,0.060477,0.726924,-2.350232,0.108641,0.773939,-2.353446,0.095353,0.737826,-2.361371,0.078722,0.725429,-2.377341,0.122839,0.771739,-2.368989,0.110923,0.737727,-2.379237,0.095479,0.732396,-2.395362,0.133610,0.774826,-2.387773,0.122423,0.746335,-2.399645,0.108456,0.735877,-2.414217,,,
18,0.600,-0.191006,0.963020,-2.357494,-0.310344,0.964604,-2.369394,-0.071669,0.961435,-2.345594,-0.317644,0.527440,-2.281834,-0.019631,0.598353,-2.092027,-0.301551,0.128445,-2.399339,-0.024730,0.266838,-2.343691,-0.189082,1.080188,-2.361188,-0.192548,1.294534,-2.358150,-0.192402,1.536882,-2.345242,-0.193862,1.635779,-2.313327,-0.227647,1.484646,-2.343491,-0.156954,1.484920,-2.349337,-0.362083,1.425017,-2.316982,-0.019347,1.428649,-2.353603,-0.424592,1.143071,-2.285534,0.048365,1.147822,-2.390138,-0.406518,0.903432,-2.136532,0.107154,0.872389,-2.364821,-0.328825,0.040899,-2.245463,0.001005,0.116114,-2.250383,,,,,,,,,,-0.387356,0.897112,-2.121818,-0.353839,0.856833,-2.111711,-0.338374,0.824484,-2.110450,-0.371120,0.821252,-2.101099,-0.352494,0.790112,-2.107726,-0.336166,0.772557,-2.119304,-0.389986,0.813303,-2.116564,-0.372244,0.781432,-2.131165,-0.358245,0.765014,-2.145983,-0.405593,0.808064,-2.129866,-0.389780,0.778025,-2.145723,-0.377239,0.766544,-2.161150,-0.418975,0.808234,-2.147165,-0.404274,0.783127,-2.162380,-0.391395,0.772379,-2.177712,0.092556,0.861746,-2.347580,0.060957,0.818788,-2.345558,0.051133,0.785900,-2.356011,0.086102,0.782212,-2.338616,0.069580,0.749660,-2.343904,0.050741,0.734377,-2.354881,0.101022,0.778974,-2.359236,0.084603,0.744641,-2.368993,0.065473,0.734883,-2.383964,0.113167,0.777693,-2.376523,0.097989,0.745613,-2.388538,0.080478,0.742819,-2.403115,0.121883,0.782183,-2.396075,0.107687,0.755674,-2.409250,0.091533,0.747493,-2.422994,,,
19,0.633,-0.190557,0.969905,-2.302251,-0.309788,0.972228,-2.315067,-0.071326,0.967581,-2.289434,-0.309252,0.528104,-2.275236,-0.024671,0.627081,-2.005330,-0.299479,0.131423,-2.400981,-0.027865,0.251716,-2.185206,-0.187946,1.087078,-2.305299,-0.191687,1.301394,-2.300770,-0.187762,1.543610,-2.286119,-0.186279,1.642251,-2.253420,-0.223579,1.491820,-2.283160,-0.153223,1.491231,-2.292187,-0.357633,1.434565,-2.250254,-0.016819,1.433146,-2.304027,-0.424618,1.156056,-2.201929,0.043330,1.154220,-2.362047,-0.374210,0.938157,-2.028914,0.099282,0.877074,-2.357600,-0.325394,0.043461,-2.247107,-0.000101,0.133005,-2.053970,,,,,,,,,,-0.353200,0.934771,-2.015846,-0.316483,0.897757,-2.004456,-0.298792,0.866790,-2.000552,-0.330383,0.863305,-1.987219,-0.310711,0.832380,-1.991373,-0.294646,0.814048,-2.002083,-0.350350,0.852481,-1.999153,-0.332431,0.819621,-2.011106,-0.319156,0.801847,-2.024997,-0.367003,0.844778,-2.009705,-0.351373,0.813341,-2.022790,-0.339954,0.800196,-2.037754,-0.382206,0.841964,-2.025175,-0.367870,0.815531,-2.038356,-0.356160,0.803215,-2.053445,0.085523,0.865413,-2.340327,0.051597,0.824220,-2.339965,0.038965,0.793223,-2.352888,0.074914,0.785829,-2.339094,0.055896,0.755074,-2.346373,0.035261,0.742224,-2.357237,0.087854,0.784059,-2.361178,0.068518,0.751960,-2.372983,0.047636,0.744977,-2.387142,0.098430,0.784017,-2.379512,0.080232,0.754367,-2.393424,0.061428,0.754185,-2.406589,0.105765,0.790131,-2.399190,0.088861,0.766010,-2.413689,0.071122,0.760264,-2.426694,,,
20,0.667,-0.189023,0.972713,-2.247623,-0.308180,0.975779,-2.260958,-0.069866,0.969648,-2.234288,-0.304233,0.529902,-2.264294,-0.033545,0.643389,-1.932513,-0.297738,0.137182,-2.402105,-0.026010,0.236950,-2.022034,-0.185810,1.089898,-2.249392,-0.190526,1.304131,-2.242495,-0.182149,1.546060,-2.225205,-0.178269,1.644351,-2.191659,-0.218627,1.494793,-2.221339,-0.148731,1.493235,-2.233335,-0.352152,1.440022,-2.182578,-0.013782,1.433815,-2.252782,-0.425145,1.166198,-2.118684,0.037672,1.158306,-2.331718,-0.340465,0.972114,-1.931292,0.088432,0.880482,-2.345787,-0.322271,0.048706,-2.248300,0.002479,0.150849,-1.867563,,,,,,,,,,-0.318137,0.971319,-1.920137,-0.279102,0.937397,-1.906960,-0.259644,0.908069,-1.900006,-0.289900,0.905895,-1.883122,-0.269578,0.875142,-1.884468,-0.253992,0.855697,-1.893839,-0.310547,0.892876,-1.891025,-0.292602,0.858928,-1.899347,-0.280063,0.839435,-1.911508,-0.327877,0.883227,-1.898413,-0.312454,0.850402,-1.907814,-0.302090,0.835232,-1.921583,-0.344443,0.877639,-1.911555,-0.330361,0.849741,-1.921624,-0.319656,0.835375,-1.935606,0.075391,0.867475,-2.328923,0.039792,0.827752,-2.330557,0.024889,0.798859,-2.345740,0.061402,0.788685,-2.335563,0.040336,0.759877,-2.344883,0.018379,0.749301,-2.355606,0.072706,0.788920,-2.358594,0.051116,0.759159,-2.372442,0.029010,0.754674,-2.385729,0.081987,0.790538,-2.377548,0.061415,0.763432,-2.393231,0.041747,0.765503,-2.404885,0.088217,0.798536,-2.396929,0.069134,0.776890,-2.412586,0.050240,0.773335,-2.424717,,,
21,0.700,-0.187296,0.972174,-2.191184,-0.306287,0.977705,-2.205185,-0.068304,0.966644,-2.177183,-0.304345,0.534315,-2.252443,-0.047716,0.636056,-1.878652,-0.298563,0.146291,-2.403000,-0.023390,0.220696,-1.866474,-0.181861,1.089290,-2.191103,-0.188881,1.303402,-2.182578,-0.175370,1.544878,-2.162440,-0.169686,1.642735,-2.127896,-0.212618,1.494228,-2.157855,-0.143270,1.491578,-2.172538,-0.345413,1.441984,-2.113499,-0.010069,1.430971,-2.199080,-0.425105,1.174470,-2.033031,0.031367,1.159700,-2.296438,-0.310765,1.002046,-1.840284,0.075682,0.882070,-2.326745,-0.321725,0.055937,-2.250076,0.004779,0.169746,-1.697073,,,,,,,,,,-0.287530,1.003302,-1.831217,-0.246691,0.972373,-1.816268,-0.225582,0.945096,-1.806391,-0.254599,0.945133,-1.786727,-0.233797,0.914748,-1.784567,-0.218629,0.894099,-1.791801,-0.275544,0.930802,-1.790494,-0.257517,0.896112,-1.794418,-0.245551,0.874946,-1.804109,-0.293220,0.919910,-1.794607,-0.277877,0.886101,-1.799638,-0.268365,0.868906,-1.811511,-0.310738,0.912082,-1.805106,-0.296699,0.883091,-1.811463,-0.286753,0.866703,-1.823669,0.063457,0.867714,-2.310371,0.026420,0.829409,-2.313382,0.009246,0.802700,-2.330086,0.046177,0.790505,-2.324076,0.023118,0.763800,-2.334832,-0.000049,0.755408,-2.344923,0.055754,0.792872,-2.347761,0.032060,0.765490,-2.363005,0.008887,0.763179,-2.374963,0.063666,0.796237,-2.367102,0.040851,0.771716,-2.383896,0.020466,0.775697,-2.393672,0.068736,0.806075,-2.385967,0.047678,0.786799,-2.402178,0.027794,0.785049,-2.413058,,,
22,0.733,-0.185914,0.967519,-2.132526,-0.304661,0.975264,-2.147516,-0.067167,0.959775,-2.117537,-0.305943,0.536961,-2.229497,-0.056113,0.609463,-1.841870,-0.299653,0.158302,-2.402245,-0.023538,0.205482,-1.746988,-0.178560,1.084510,-2.130341,-0.186833,1.298541,-2.120973,-0.169723,1.539631,-2.099021,-0.163030,1.637179,-2.063793,-0.207458,1.489401,-2.093836,-0.138596,1.486038,-2.110521,-0.338873,1.438024,-2.044622,-0.006848,1.425098,-2.142909,-0.424098,1.177923,-1.947289,0.025848,1.157933,-2.253984,-0.283039,1.025392,-1.755477,0.064911,0.881187,-2.296952,-0.322144,0.064953,-2.251029,0.003230,0.190527,-1.570506,,,,,,,,,,-0.259539,1.028632,-1.747671,-0.217371,1.001496,-1.729412,-0.194581,0.977213,-1.716065,-0.223483,0.979421,-1.695462,-0.201746,0.950455,-1.688453,-0.186149,0.929219,-1.692265,-0.244151,0.964228,-1.695962,-0.225273,0.929818,-1.694162,-0.212984,0.907529,-1.700267,-0.261660,0.952437,-1.697504,-0.245560,0.918611,-1.696914,-0.235936,0.899774,-1.705839,-0.279321,0.942600,-1.705853,-0.264613,0.913295,-1.707548,-0.254554,0.895267,-1.717050,0.053443,0.865700,-2.281069,0.015168,0.828695,-2.284763,-0.004022,0.803977,-2.302317,0.032966,0.790465,-2.300255,0.008133,0.765715,-2.311714,-0.016011,0.759142,-2.320816,0.040927,0.794736,-2.324268,0.015392,0.769482,-2.340196,-0.008610,0.768883,-2.350631,0.047562,0.799649,-2.343758,0.022781,0.777433,-2.360969,0.001902,0.782862,-2.368815,0.051588,0.811028,-2.361998,0.028799,0.793812,-2.378186,0.008132,0.793496,-2.387650,,,
23,0.767,-0.185519,0.958093,-2.071186,-0.304127,0.966909,-2.086677,-0.066911,0.949276,-2.055696,-0.302775,0.539091,-2.212386,-0.054230,0.569608,-1.822191,-0.300853,0.165968,-2.396883,-0.028098,0.186743,-1.660963,-0.177396,1.074973,-2.066859,-0.183910,1.288983,-2.055784,-0.165250,1.529832,-2.032494,-0.158067,1.627256,-1.997019,-0.203145,1.479753,-2.027035,-0.134579,1.476169,-2.044856,-0.333397,1.428370,-1.974828,-0.003841,1.415660,-2.081824,-0.422849,1.175673,-1.862879,0.022256,1.151733,-2.202013,-0.262992,1.037358,-1.675077,0.057904,0.876272,-2.255030,-0.322280,0.069327,-2.247594,-0.007805,0.187824,-1.482993,,,,,,,,,,-0.239654,1.042791,-1.668042,-0.196285,1.020659,-1.646196,-0.171732,1.000361,-1.629695,-0.201359,1.003773,-1.609232,-0.178215,0.977654,-1.597284,-0.161457,0.956967,-1.597336,-0.221322,0.987779,-1.607247,-0.200892,0.955061,-1.599771,-0.187539,0.932669,-1.602097,-0.238283,0.975124,-1.606836,-0.220693,0.942626,-1.600652,-0.210179,0.923024,-1.606338,-0.255491,0.963353,-1.613449,-0.239556,0.934801,-1.610478,-0.228718,0.915920,-1.616998,0.047085,0.859628,-2.239880,0.008072,0.823507,-2.244495,-0.012538,0.800548,-2.262811,0.024366,0.786526,-2.264122,-0.001617,0.763307,-2.276218,-0.026371,0.757975,-2.284450,0.031052,0.792725,-2.288104,0.004315,0.769199,-2.304694,-0.020219,0.769766,-2.313809,0.036675,0.799194,-2.307457,0.010570,0.778859,-2.325032,-0.010616,0.785207,-2.331181,0.039867,0.812030,-2.324876,0.015830,0.796551,-2.341014,-0.005372,0.797359,-2.349175,,,
24,0.800,-0.182088,0.943860,-2.012572,-0.300774,0.951969,-2.027844,-0.063400,0.935751,-1.997301,-0.294929,0.535906,-2.188126,-0.053909,0.557618,-1.761170,-0.301106,0.175867,-2.396925,-0.032361,0.170153,-1.610603,-0.174677,1.060781,-2.008085,-0.179281,1.274777,-1.995819,-0.159677,1.515420,-1.971215,-0.151859,1.612807,-1.935773,-0.197677,1.465422,-1.965732,-0.129281,1.461741,-1.984175,-0.327744,1.414799,-1.912336,0.000603,1.401179,-2.023959,-0.419876,1.167202,-1.791517,0.022661,1.138745,-2.148158,-0.252913,1.034283,-1.606014,0.056566,0.864566,-2.208464,-0.321666,0.069265,-2.254450,-0.012222,0.157587,-1.433056,,,,,,,,,,-0.229764,1.041371,-1.599889,-0.185260,1.023381,-1.576570,-0.160087,1.005494,-1.558307,-0.189228,1.010080,-1.538039,-0.165010,0.985730,-1.524579,-0.147624,0.965606,-1.523353,-0.208459,0.993539,-1.534188,-0.186585,0.962433,-1.524303,-0.172379,0.940459,-1.524934,-0.224851,0.980286,-1.532276,-0.205794,0.949206,-1.523635,-0.194560,0.929623,-1.527805,-0.241598,0.967199,-1.537438,-0.224297,0.939827,-1.532017,-0.212660,0.920919,-1.536870,0.045958,0.846841,-2.194432,0.006280,0.811731,-2.200834,-0.015263,0.790634,-2.220281,0.021411,0.776335,-2.223995,-0.005254,0.754539,-2.237205,-0.030310,0.750205,-2.245101,0.027463,0.784448,-2.247571,0.000039,0.762613,-2.265311,-0.024728,0.764136,-2.273654,0.032597,0.792455,-2.266480,0.005740,0.773962,-2.284935,-0.015528,0.781022,-2.289917,0.035456,0.806673,-2.282852,0.010787,0.792822,-2.299507,-0.010623,0.794461,-2.306972,,,
25,0.833,-0.177489,0.930878,-1.953131,-0.296446,0.935969,-1.967586,-0.058533,0.925788,-1.938676,-0.285482,0.526439,-2.143647,-0.054116,0.564015,-1.678035,-0.298705,0.186050,-2.382863,-0.036302,0.162475,-1.569816,-0.172756,1.048002,-1.950836,-0.175698,1.262075,-1.939443,-0.154678,1.502641,-1.915257,-0.145504,1.600136,-1.880443,-0.192924,1.452858,-1.909534,-0.124632,1.448781,-1.928280,-0.323487,1.403790,-1.855896,0.004292,1.386632,-1.968731,-0.418886,1.156679,-1.736627,0.026010,1.122661,-2.089690,-0.257747,1.020869,-1.548094,0.059809,0.848528,-2.150264,-0.320645,0.062569,-2.254968,-0.012463,0.119795,-1.397489,,,,,,,,,,-0.234724,1.028170,-1.541746,-0.190536,1.010833,-1.517357,-0.166657,0.992438,-1.497900,-0.195074,0.998305,-1.478631,-0.171210,0.973467,-1.465434,-0.154157,0.953047,-1.464413,-0.214305,0.981770,-1.474749,-0.192550,0.950609,-1.464778,-0.178410,0.928590,-1.465348,-0.230678,0.968495,-1.472830,-0.211655,0.937455,-1.463974,-0.200387,0.917866,-1.468023,-0.247293,0.955240,-1.477990,-0.229768,0.928122,-1.472039,-0.217885,0.909273,-1.476513,0.048837,0.830242,-2.137269,0.008601,0.796224,-2.145744,-0.013367,0.776493,-2.166126,0.023239,0.761901,-2.170763,-0.003685,0.741331,-2.185342,-0.028746,0.737839,-2.193631,0.029538,0.771194,-2.193833,0.001990,0.750709,-2.212939,-0.022688,0.752964,-2.221380,0.034895,0.780139,-2.212253,0.007943,0.763040,-2.231876,-0.013197,0.770615,-2.236636,0.038071,0.795186,-2.227807,0.013284,0.782570,-2.245249,-0.008066,0.784820,-2.252726,,,
26,0.867,-0.173220,0.922077,-1.890274,-0.292355,0.925332,-1.903760,-0.054085,0.918823,-1.876788,-0.288471,0.513972,-2.075808,-0.045294,0.565914,-1.604371,-0.294946,0.204821,-2.354460,-0.037637,0.153551,-1.548148,-0.170197,1.039270,-1.888695,-0.170904,1.253427,-1.878591,-0.150302,1.494321,-1.857518,-0.138672,1.591993,-1.823955,-0.188375,1.444519,-1.850883,-0.120224,1.440379,-1.870119,-0.318940,1.396111,-1.796654,0.007976,1.376638,-1.910395,-0.414586,1.143720,-1.689229,0.035965,1.108458,-2.020304,-0.267446,0.997868,-1.496791,0.074497,0.832985,-2.071200,-0.322469,0.055645,-2.259197,-0.018075,0.085013,-1.383813,,,,,,,,,,-0.244955,1.004919,-1.488542,-0.202718,0.986767,-1.461440,-0.181686,0.966645,-1.440466,-0.210135,0.973153,-1.423534,-0.187415,0.947765,-1.409396,-0.170573,0.927211,-1.407764,-0.229613,0.956570,-1.421569,-0.208763,0.924898,-1.411277,-0.194730,0.902807,-1.411682,-0.246093,0.943292,-1.421253,-0.227951,0.911887,-1.411854,-0.216503,0.892338,-1.415580,-0.262289,0.930238,-1.428012,-0.245216,0.902892,-1.421789,-0.233036,0.884181,-1.426031,0.062939,0.814540,-2.058960,0.022964,0.780830,-2.069617,0.001515,0.761352,-2.090782,0.038489,0.746851,-2.094570,0.011649,0.727203,-2.110512,-0.013166,0.724407,-2.119750,0.045758,0.756486,-2.117211,0.018773,0.736671,-2.137773,-0.005528,0.739328,-2.147139,0.051893,0.765702,-2.135251,0.025392,0.749321,-2.156064,0.004508,0.757217,-2.161396,0.055755,0.780982,-2.150416,0.031215,0.768833,-2.168527,0.010052,0.771346,-2.176440,,,
27,0.900,-0.165881,0.918415,-1.828647,-0.285213,0.920654,-1.840499,-0.046549,0.916176,-1.816796,-0.308347,0.495171,-1.971883,-0.031278,0.563503,-1.544360,-0.296327,0.227458,-2.290394,-0.035230,0.147377,-1.535053,-0.163814,1.035631,-1.827316,-0.164635,1.249844,-1.818488,-0.142741,1.490841,-1.800045,-0.128980,1.588603,-1.767569,-0.180961,1.441280,-1.792506,-0.113040,1.436639,-1.812428,-0.311834,1.394416,-1.737665,0.013805,1.370213,-1.852656,-0.407171,1.134257,-1.650384,0.047976,1.097081,-1.947605,-0.283015,0.966628,-1.459489,0.089625,0.819377,-1.980865,-0.320681,0.052292,-2.261937,-0.015449,0.065299,-1.377072,,,,,,,,,,-0.261475,0.972530,-1.448316,-0.222922,0.951535,-1.417970,-0.205705,0.928837,-1.396164,-0.234835,0.935650,-1.382151,-0.214540,0.908687,-1.367259,-0.198506,0.887542,-1.365114,-0.254714,0.919487,-1.383515,-0.235879,0.886603,-1.373141,-0.222381,0.864180,-1.373480,-0.271367,0.906652,-1.385952,-0.255079,0.874212,-1.376671,-0.243686,0.854620,-1.380339,-0.286931,0.894498,-1.395357,-0.271121,0.866338,-1.389442,-0.258882,0.847672,-1.393719,0.077123,0.801321,-1.968979,0.037593,0.767698,-1.981424,0.017556,0.748005,-2.003742,0.054366,0.733015,-2.004533,0.027319,0.714598,-2.021558,0.002865,0.712954,-2.031961,0.063174,0.742054,-2.026871,0.036659,0.722916,-2.048650,0.013009,0.726336,-2.059340,0.070549,0.750793,-2.044683,0.044388,0.735021,-2.066379,0.024030,0.743525,-2.072716,0.075529,0.765679,-2.059913,0.051358,0.753598,-2.078557,0.030529,0.756534,-2.087179,,,
28,0.933,-0.159083,0.918317,-1.769822,-0.278621,0.920267,-1.779428,-0.039544,0.916367,-1.760216,-0.329957,0.481974,-1.843435,-0.018439,0.555674,-1.498897,-0.308499,0.264401,-2.197645,-0.033440,0.140891,-1.530425,-0.157287,1.035536,-1.768377,-0.159260,1.249745,-1.759639,-0.138893,1.490924,-1.741843,-0.124490,1.588734,-1.709793,-0.176826,1.441151,-1.734255,-0.108828,1.436870,-1.753994,-0.307889,1.394109,-1.680023,0.017734,1.369460,-1.793468,-0.398028,1.126444,-1.612052,0.060233,1.092367,-1.872187,-0.300814,0.930632,-1.432715,0.105983,0.813504,-1.882328,-0.323872,0.088467,-2.227592,-0.011119,0.055953,-1.374304,,,,,,,,,,-0.280609,0.934402,-1.418531,-0.246497,0.908659,-1.386566,-0.232639,0.882986,-1.365687,-0.262994,0.889373,-1.354424,-0.245535,0.860076,-1.340372,-0.230552,0.838129,-1.338752,-0.282985,0.874259,-1.359916,-0.266629,0.839654,-1.351047,-0.253908,0.816809,-1.352237,-0.299560,0.862442,-1.365715,-0.285368,0.828555,-1.358366,-0.274149,0.809034,-1.362860,-0.314208,0.852032,-1.378183,-0.300125,0.822674,-1.373973,-0.288083,0.804076,-1.379031,0.093458,0.796027,-1.869627,0.055581,0.760243,-1.881154,0.037605,0.738379,-1.903203,0.074464,0.724435,-1.900634,0.047766,0.705068,-1.917149,0.023606,0.702899,-1.928129,0.084070,0.731987,-1.923194,0.058271,0.711409,-1.944513,0.034983,0.714159,-1.956149,0.092038,0.739546,-1.941288,0.066491,0.722164,-1.962480,0.046268,0.730108,-1.969887,0.097308,0.753354,-1.957412,0.073723,0.739496,-1.975565,0.053042,0.741550,-1.984777,,,
29,0.967,-0.153934,0.922011,-1.714813,-0.273675,0.923687,-1.721512,-0.034193,0.920336,-1.708115,-0.336111,0.482345,-1.709170,-0.009429,0.547042,-1.465481,-0.315763,0.294325,-2.079977,-0.030654,0.135716,-1.525679,-0.152383,1.039232,-1.713231,-0.155623,1.253338,-1.702564,-0.138064,1.494482,-1.681586,-0.124302,1.592081,-1.648623,-0.175687,1.444269,-1.675506,-0.107178,1.440857,-1.693576,-0.307556,1.395314,-1.625054,0.020193,1.373707,-1.730827,-0.389546,1.121597,-1.572649,0.069324,1.093869,-1.794549,-0.325407,0.894740,-1.416517,0.117149,0.815525,-1.780472,-0.333730,0.121791,-2.124643,-0.005872,0.051154,-1.369726,,,,,,,,,,-0.306225,0.894643,-1.400527,-0.275816,0.861489,-1.371819,-0.264257,0.831884,-1.355174,-0.295559,0.837472,-1.345161,-0.280391,0.805094,-1.336098,-0.266477,0.782468,-1.337910,-0.315681,0.824802,-1.354796,-0.301661,0.788214,-1.351877,-0.289955,0.765310,-1.356719,-0.332238,0.815231,-1.363866,-0.320029,0.779834,-1.362540,-0.309321,0.760983,-1.370097,-0.346297,0.808183,-1.379066,-0.334277,0.777643,-1.379938,-0.322964,0.759588,-1.387845,0.105857,0.798891,-1.765659,0.070456,0.759543,-1.772472,0.053989,0.734072,-1.791641,0.091669,0.723007,-1.787750,0.065660,0.700653,-1.801329,0.041452,0.696166,-1.811468,0.100698,0.728441,-1.811143,0.075497,0.704546,-1.829514,0.051928,0.705058,-1.840898,0.108100,0.734304,-1.830086,0.083134,0.713407,-1.848630,0.062428,0.719512,-1.856438,0.112394,0.746411,-1.847788,0.089359,0.729324,-1.863763,0.068469,0.729215,-1.872731,,,
30,1.000,-0.151250,0.930275,-1.660967,-0.271088,0.931565,-1.665755,-0.031413,0.928986,-1.656180,-0.336198,0.497707,-1.585998,-0.009320,0.538749,-1.441565,-0.312344,0.303745,-1.953521,-0.029177,0.130420,-1.519900,-0.150060,1.047498,-1.659199,-0.153741,1.261479,-1.646392,-0.138648,1.502326,-1.620627,-0.126811,1.599522,-1.585778,-0.176217,1.451824,-1.617182,-0.106904,1.449071,-1.632009,-0.309718,1.400516,-1.573863,0.022457,1.382980,-1.663913,-0.383616,1.121909,-1.537715,0.077313,1.101044,-1.711734,-0.354300,0.870172,-1.412319,0.123775,0.825047,-1.671396,-0.335587,0.127912,-1.978589,-0.003386,0.045891,-1.364093,,,,,,,,,,-0.335541,0.864989,-1.396671,-0.307354,0.824070,-1.377198,-0.297118,0.790810,-1.368474,-0.328797,0.794972,-1.357944,-0.314984,0.760770,-1.357932,-0.301885,0.738951,-1.365753,-0.349220,0.786240,-1.370786,-0.336859,0.749647,-1.377989,-0.326078,0.728439,-1.388901,-0.365957,0.780175,-1.382234,-0.355243,0.745245,-1.390534,-0.345173,0.728704,-1.402866,-0.379938,0.778009,-1.398915,-0.369678,0.748167,-1.407977,-0.359250,0.732291,-1.420456,0.113933,0.810178,-1.653913,0.081033,0.768160,-1.653637,0.065470,0.739045,-1.667690,0.104237,0.731105,-1.663972,0.079809,0.705037,-1.673154,0.055831,0.697253,-1.681723,0.112359,0.733490,-1.688192,0.088438,0.705492,-1.701886,0.064637,0.702715,-1.712427,0.118931,0.736870,-1.708026,0.095289,0.711695,-1.722556,0.074072,0.715095,-1.730633,0.122022,0.746409,-1.727465,0.100172,0.725571,-1.740356,0.079269,0.722686,-1.748815,,,
31,1.033,-0.152667,0.943354,-1.607466,-0.272530,0.944414,-1.611640,-0.032805,0.942294,-1.603291,-0.339766,0.524303,-1.478154,-0.018771,0.533499,-1.425745,-0.306809,0.291365,-1.821545,-0.030493,0.126722,-1.513258,-0.151699,1.060575,-1.605501,-0.154820,1.274490,-1.591489,-0.142057,1.515076,-1.562260,-0.133050,1.611929,-1.525655,-0.179582,1.464429,-1.561499,-0.109533,1.462044,-1.572417,-0.314864,1.411437,-1.526542,0.022054,1.397159,-1.596810,-0.382518,1.129354,-1.510990,0.081394,1.113590,-1.625989,-0.381062,0.862081,-1.418698,0.120479,0.842035,-1.557500,-0.327323,0.113461,-1.817598,-0.005305,0.042455,-1.357210,,,,,,,,,,-0.362869,0.852363,-1.404619,-0.336364,0.806849,-1.396020,-0.326736,0.772289,-1.395765,-0.359112,0.774485,-1.385421,-0.346076,0.741103,-1.394151,-0.333272,0.721747,-1.407199,-0.379433,0.770103,-1.400458,-0.367905,0.736340,-1.416917,-0.357442,0.718442,-1.432895,-0.396033,0.767804,-1.413387,-0.386006,0.736001,-1.430471,-0.376051,0.723013,-1.446574,-0.409631,0.770537,-1.430299,-0.400204,0.743803,-1.446863,-0.390037,0.731462,-1.463013,0.110556,0.829957,-1.538025,0.078803,0.787557,-1.531546,0.064254,0.756054,-1.540672,0.103275,0.750045,-1.535057,0.080778,0.721234,-1.539995,0.057593,0.710527,-1.547529,0.112002,0.748652,-1.559143,0.089713,0.717607,-1.568254,0.066372,0.711883,-1.578634,0.119032,0.748915,-1.579106,0.097226,0.720362,-1.589740,0.076181,0.721164,-1.598873,0.122407,0.755206,-1.599780,0.101995,0.731572,-1.609909,0.081625,0.726324,-1.618531,,,
32,1.067,-0.157778,0.959279,-1.555535,-0.277635,0.960146,-1.559897,-0.037920,0.958413,-1.551173,-0.344171,0.554475,-1.387163,-0.032448,0.532452,-1.419417,-0.304486,0.265205,-1.683830,-0.034471,0.125913,-1.508780,-0.157000,1.076503,-1.553630,-0.159212,1.290332,-1.538198,-0.148697,1.530767,-1.506908,-0.142684,1.627453,-1.469262,-0.186053,1.480010,-1.508346,-0.115535,1.477892,-1.515733,-0.322765,1.426139,-1.481159,0.017822,1.414213,-1.532500,-0.386552,1.142859,-1.489740,0.080576,1.130060,-1.542650,-0.405428,0.866886,-1.431109,0.107340,0.865219,-1.447240,-0.324385,0.092505,-1.640646,-0.011254,0.041550,-1.352479,,,,,,,,,,-0.388000,0.853823,-1.418891,-0.362370,0.807025,-1.419909,-0.352405,0.773239,-1.426718,-0.385902,0.773558,-1.418044,-0.372831,0.742171,-1.432348,-0.359510,0.725389,-1.448151,-0.405550,0.773165,-1.434538,-0.393822,0.743235,-1.457129,-0.382883,0.728748,-1.475985,-0.421558,0.774240,-1.448343,-0.411457,0.746316,-1.471190,-0.401038,0.736605,-1.489197,-0.434334,0.781067,-1.464730,-0.424912,0.758524,-1.486662,-0.414409,0.749913,-1.504883,0.095250,0.856216,-1.427330,0.062849,0.814895,-1.417805,0.049330,0.782132,-1.423390,0.087453,0.777673,-1.412570,0.066425,0.747447,-1.414773,0.044504,0.734577,-1.422696,0.098837,0.772628,-1.435003,0.077992,0.739899,-1.441159,0.056004,0.731876,-1.452885,0.108073,0.769845,-1.453843,0.088168,0.739155,-1.461957,0.068326,0.737687,-1.473406,0.113775,0.772845,-1.474745,0.094991,0.747361,-1.483438,0.075890,0.740254,-1.493509,,,
33,1.100,-0.164450,0.974280,-1.500284,-0.284286,0.974851,-1.505262,-0.044615,0.973710,-1.495306,-0.346854,0.579744,-1.308264,-0.044290,0.534957,-1.415753,-0.308910,0.230757,-1.531941,-0.039664,0.127451,-1.500492,-0.163954,1.091512,-1.498788,-0.165477,1.305181,-1.481212,-0.157450,1.545496,-1.448303,-0.154090,1.642162,-1.410279,-0.194448,1.494550,-1.451390,-0.123694,1.492846,-1.456166,-0.331756,1.439323,-1.430708,0.011000,1.430745,-1.467172,-0.392719,1.157705,-1.467647,0.077797,1.147396,-1.461238,-0.422972,0.877710,-1.442297,0.090326,0.891107,-1.342413,-0.333772,0.076021,-1.445195,-0.018765,0.042719,-1.344063,,,,,,,,,,-0.406221,0.862603,-1.431583,-0.380026,0.816793,-1.439544,-0.368836,0.784857,-1.451460,-0.403231,0.783569,-1.445455,-0.389260,0.753975,-1.462472,-0.374755,0.739056,-1.479080,-0.421762,0.786247,-1.462996,-0.408727,0.759691,-1.488854,-0.396601,0.747882,-1.508818,-0.436852,0.789867,-1.477390,-0.425833,0.765257,-1.503403,-0.414490,0.757973,-1.521988,-0.448619,0.799617,-1.493039,-0.438184,0.781156,-1.518104,-0.426774,0.775770,-1.537007,0.075488,0.884909,-1.323306,0.041832,0.844924,-1.312515,0.029005,0.811512,-1.315063,0.065237,0.809235,-1.298488,0.045047,0.778366,-1.298679,0.024556,0.763716,-1.307309,0.079655,0.801158,-1.318114,0.059871,0.767444,-1.322056,0.039733,0.757285,-1.335344,0.091451,0.795807,-1.334854,0.073075,0.763714,-1.340874,0.055068,0.760004,-1.354619,0.100073,0.795826,-1.354955,0.082801,0.768929,-1.362444,0.065381,0.760013,-1.374012,,,
34,1.133,-0.170040,0.985065,-1.457075,-0.289924,0.985986,-1.460603,-0.050155,0.984143,-1.453547,-0.343692,0.593895,-1.255161,-0.052263,0.539202,-1.424304,-0.310815,0.198177,-1.380020,-0.045882,0.133006,-1.515011,-0.169226,1.102266,-1.454114,-0.170281,1.315838,-1.435354,-0.166345,1.556351,-1.403155,-0.165394,1.653157,-1.365353,-0.202566,1.504906,-1.407066,-0.131691,1.504128,-1.409883,-0.340247,1.448709,-1.392329,0.004306,1.444231,-1.415981,-0.398036,1.170884,-1.454487,0.080064,1.163961,-1.393766,-0.430982,0.890059,-1.451912,0.084142,0.918082,-1.254169,-0.339291,0.072416,-1.255684,-0.024617,0.049107,-1.358183,,,,,,,,,,-0.414571,0.874766,-1.440936,-0.385325,0.831106,-1.450235,-0.371097,0.800952,-1.463481,-0.406043,0.797593,-1.461410,-0.389017,0.769922,-1.478876,-0.372168,0.756869,-1.494829,-0.422896,0.801085,-1.480437,-0.406200,0.777251,-1.506836,-0.391651,0.767585,-1.526329,-0.436685,0.805372,-1.495912,-0.422251,0.783308,-1.522532,-0.408917,0.777923,-1.540429,-0.447376,0.816018,-1.511747,-0.433825,0.800253,-1.537159,-0.420479,0.797003,-1.555265,0.067782,0.912084,-1.236280,0.033639,0.871986,-1.227655,0.021192,0.838461,-1.230574,0.056041,0.836765,-1.211046,0.036013,0.805826,-1.212550,0.016387,0.790982,-1.222718,0.072136,0.828478,-1.229227,0.052792,0.794675,-1.234395,0.033884,0.784312,-1.249240,0.085353,0.822944,-1.244806,0.067649,0.790680,-1.251839,0.050882,0.786688,-1.267001,0.095651,0.822690,-1.264101,0.079137,0.795604,-1.272551,0.062766,0.786443,-1.285391,,,
35,1.167,-0.174221,0.987491,-1.404604,-0.294125,0.987568,-1.407533,-0.054317,0.987414,-1.401675,-0.335453,0.588259,-1.213428,-0.053670,0.541560,-1.408543,-0.313001,0.172618,-1.211941,-0.049278,0.138659,-1.513017,-0.174251,1.104653,-1.400279,-0.173897,1.318139,-1.380554,-0.174362,1.558767,-1.348979,-0.175628,1.655737,-1.311607,-0.209719,1.506816,-1.353961,-0.138786,1.507011,-1.354365,-0.347452,1.449420,-1.345782,-0.001166,1.450609,-1.354291,-0.398128,1.176688,-1.432032,0.086162,1.175686,-1.314606,-0.430649,0.896536,-1.452336,0.077106,0.944510,-1.152014,-0.346341,0.084452,-1.059621,-0.026958,0.055054,-1.356179,,,,,,,,,,-0.414825,0.881129,-1.440679,-0.383052,0.839181,-1.449557,-0.366298,0.810446,-1.463002,-0.401169,0.805779,-1.464832,-0.381456,0.779829,-1.482112,-0.362617,0.768363,-1.497028,-0.416145,0.809923,-1.485248,-0.395914,0.788383,-1.511142,-0.379084,0.780465,-1.529558,-0.428465,0.814733,-1.501773,-0.410561,0.794914,-1.528048,-0.395291,0.791130,-1.544770,-0.437926,0.826015,-1.517947,-0.421210,0.812368,-1.542692,-0.405957,0.810733,-1.559459,0.058976,0.938788,-1.135822,0.024747,0.898325,-1.129569,0.012747,0.864628,-1.132373,0.045753,0.864135,-1.109369,0.026066,0.833112,-1.112614,0.007795,0.818000,-1.124729,0.063884,0.855569,-1.125375,0.045447,0.821488,-1.131871,0.028413,0.810625,-1.148518,0.078822,0.849782,-1.139208,0.062088,0.817257,-1.147328,0.047112,0.812808,-1.164147,0.091184,0.849089,-1.157239,0.075600,0.821729,-1.166535,0.060646,0.812164,-1.180736,,,
36,1.200,-0.177442,0.981287,-1.354937,-0.297313,0.977823,-1.357082,-0.057571,0.984752,-1.352793,-0.330094,0.583820,-1.150879,-0.047437,0.539561,-1.375926,-0.325299,0.179631,-1.051522,-0.046395,0.146009,-1.511497,-0.180919,1.098361,-1.349705,-0.177791,1.311821,-1.329944,-0.183501,1.552493,-1.299229,-0.186553,1.649617,-1.262364,-0.217765,1.499936,-1.305362,-0.146880,1.501334,-1.303095,-0.355066,1.440983,-1.303268,-0.007906,1.448838,-1.295967,-0.394698,1.173816,-1.410229,0.091497,1.181900,-1.235579,-0.423463,0.895674,-1.452235,0.073213,0.964887,-1.055214,-0.361526,0.130998,-0.882974,-0.024080,0.059787,-1.356081,,,,,,,,,,-0.408675,0.880017,-1.439593,-0.375171,0.839099,-1.446753,-0.356284,0.811319,-1.459351,-0.390728,0.806139,-1.465430,-0.368737,0.781320,-1.481587,-0.348160,0.770853,-1.494848,-0.403451,0.810975,-1.487178,-0.380059,0.790991,-1.511616,-0.361153,0.784211,-1.528399,-0.413980,0.816339,-1.504739,-0.392856,0.798107,-1.529741,-0.375763,0.795385,-1.544825,-0.421853,0.828201,-1.521343,-0.402173,0.816030,-1.544635,-0.385113,0.815453,-1.559639,0.053465,0.959791,-1.040804,0.019423,0.919008,-1.035717,0.007509,0.885198,-1.037244,0.038572,0.886714,-1.011046,0.019530,0.855377,-1.015040,0.002912,0.839486,-1.028467,0.058537,0.877567,-1.024312,0.041353,0.842848,-1.030864,0.026487,0.830754,-1.048697,0.075040,0.871256,-1.035968,0.059511,0.838132,-1.044058,0.046569,0.832577,-1.062186,0.089373,0.869693,-1.052415,0.074838,0.841730,-1.061611,0.061480,0.831232,-1.076717,,,
37,1.233,-0.180423,0.969436,-1.299495,-0.300163,0.962537,-1.300046,-0.060683,0.976336,-1.298943,-0.327659,0.582440,-1.068523,-0.041209,0.532951,-1.342108,-0.345812,0.197177,-0.911978,-0.043323,0.151478,-1.508654,-0.187185,1.086341,-1.293741,-0.182746,1.299882,-1.275133,-0.192943,1.540594,-1.245932,-0.197243,1.637857,-1.209560,-0.226225,1.487500,-1.252803,-0.155469,1.489970,-1.248413,-0.363235,1.427910,-1.255763,-0.016299,1.439438,-1.234325,-0.391955,1.166297,-1.378742,0.091691,1.182096,-1.151277,-0.417098,0.891575,-1.440796,0.065457,0.977328,-0.958036,-0.383810,0.189185,-0.737112,-0.020743,0.061898,-1.355187,,,,,,,,,,-0.403438,0.875352,-1.427611,-0.368810,0.835191,-1.433603,-0.348384,0.808335,-1.445798,-0.381941,0.803212,-1.455561,-0.357716,0.780171,-1.471146,-0.335636,0.771205,-1.483015,-0.392478,0.809165,-1.478183,-0.366272,0.791282,-1.501360,-0.345623,0.785980,-1.516546,-0.401262,0.815427,-1.496394,-0.377182,0.799404,-1.520211,-0.358565,0.798078,-1.533579,-0.407591,0.828144,-1.513026,-0.385439,0.817751,-1.534917,-0.366959,0.818355,-1.548130,0.044558,0.973039,-0.945057,0.011021,0.931945,-0.939183,-0.000469,0.897963,-0.938410,0.028434,0.902681,-0.909881,0.010329,0.870685,-0.912888,-0.004674,0.853306,-0.926373,0.049729,0.892910,-0.920335,0.033933,0.857261,-0.925155,0.021063,0.843191,-0.943091,0.067371,0.886013,-0.929781,0.053192,0.851936,-0.936230,0.042101,0.844484,-0.954896,0.083204,0.883327,-0.944630,0.069899,0.854320,-0.952338,0.058083,0.842165,-0.967485,,,
38,1.267,-0.184278,0.954277,-1.240494,-0.303927,0.946077,-1.238914,-0.064629,0.962478,-1.242074,-0.328115,0.586031,-0.976970,-0.040231,0.522551,-1.310642,-0.357684,0.210206,-0.800492,-0.044303,0.155122,-1.506199,-0.192201,1.071082,-1.234193,-0.188841,1.284737,-1.216713,-0.200992,1.525517,-1.188849,-0.205961,1.622934,-1.152977,-0.233829,1.472189,-1.196044,-0.163177,1.475111,-1.190434,-0.370883,1.413054,-1.203152,-0.024603,1.424820,-1.170724,-0.391837,1.155360,-1.335607,0.088317,1.176683,-1.068445,-0.415903,0.884941,-1.414660,0.058213,0.980468,-0.867066,-0.395342,0.235424,-0.627195,-0.020487,0.063677,-1.354025,,,,,,,,,,-0.402974,0.868052,-1.401574,-0.367767,0.828405,-1.407625,-0.346297,0.802289,-1.419629,-0.379294,0.797662,-1.432103,-0.352938,0.777790,-1.448569,-0.329813,0.771407,-1.460114,-0.388450,0.804836,-1.454971,-0.360067,0.790041,-1.477759,-0.338301,0.786877,-1.491948,-0.396130,0.812078,-1.473317,-0.369656,0.799125,-1.496449,-0.350076,0.799692,-1.508425,-0.401504,0.825684,-1.489576,-0.377623,0.817166,-1.510435,-0.358271,0.818965,-1.522214,0.036744,0.976389,-0.854980,0.004415,0.934569,-0.847635,-0.005454,0.900192,-0.844774,0.021089,0.908490,-0.815076,0.004342,0.875660,-0.816590,-0.009181,0.856707,-0.829508,0.043309,0.898786,-0.823466,0.029211,0.862215,-0.826189,0.017993,0.846243,-0.843636,0.061719,0.891875,-0.831296,0.049189,0.856853,-0.835804,0.039525,0.847532,-0.854423,0.078497,0.888651,-0.844953,0.066653,0.858608,-0.850867,0.056155,0.844781,-0.865544,,,
39,1.300,-0.189203,0.940455,-1.179072,-0.308839,0.932539,-1.175904,-0.069567,0.948372,-1.182241,-0.332617,0.575060,-0.910431,-0.044682,0.513849,-1.279211,-0.355460,0.198814,-0.733850,-0.046852,0.160861,-1.499798,-0.196764,1.057279,-1.172684,-0.195516,1.270966,-1.155304,-0.208741,1.511674,-1.127315,-0.214675,1.609123,-1.091680,-0.241308,1.458297,-1.135318,-0.170802,1.461342,-1.128152,-0.377872,1.398693,-1.146685,-0.032692,1.411840,-1.103751,-0.392512,1.141703,-1.281338,0.081872,1.169252,-0.990571,-0.416077,0.875228,-1.372938,0.053631,0.976180,-0.785909,-0.388040,0.219060,-0.558880,-0.022481,0.063204,-1.351624,,,,,,,,,,-0.403284,0.857716,-1.360557,-0.367760,0.818615,-1.368119,-0.345984,0.793306,-1.381248,-0.378693,0.789186,-1.394418,-0.351619,0.771392,-1.412052,-0.328230,0.766585,-1.423828,-0.387493,0.797544,-1.417023,-0.358359,0.784867,-1.440137,-0.336266,0.783095,-1.454060,-0.394895,0.805730,-1.435083,-0.367608,0.794813,-1.458320,-0.347768,0.796525,-1.469747,-0.400062,0.820171,-1.450677,-0.375590,0.812994,-1.471354,-0.355969,0.815573,-1.482528,0.031914,0.972313,-0.774203,0.000560,0.930151,-0.764859,-0.008120,0.895694,-0.759885,0.016925,0.906941,-0.730048,0.001146,0.873602,-0.729760,-0.011429,0.853412,-0.741728,0.039663,0.897349,-0.737067,0.026754,0.860245,-0.737538,0.016571,0.842728,-0.754115,0.058499,0.890467,-0.743839,0.047091,0.854861,-0.746274,0.038290,0.844008,-0.764487,0.075783,0.886801,-0.756730,0.064964,0.856074,-0.760804,0.055315,0.840935,-0.774751,,,
40,1.333,-0.195139,0.928251,-1.114913,-0.314892,0.922321,-1.111828,-0.075385,0.934181,-1.117999,-0.336212,0.556370,-0.857942,-0.054300,0.507493,-1.245770,-0.349054,0.172927,-0.696481,-0.049607,0.168963,-1.487925,-0.200822,1.045275,-1.110592,-0.202057,1.259136,-1.095505,-0.217290,1.499956,-1.069573,-0.225116,1.597642,-1.034966,-0.249343,1.446361,-1.078174,-0.179097,1.449815,-1.068938,-0.384786,1.384822,-1.092303,-0.041176,1.402208,-1.040096,-0.396672,1.125058,-1.221807,0.073852,1.160548,-0.925412,-0.420415,0.859257,-1.315302,0.053307,0.964060,-0.723099,-0.372632,0.155505,-0.519770,-0.024260,0.058828,-1.348951,,,,,,,,,,-0.407558,0.841001,-1.304121,-0.373276,0.801463,-1.314589,-0.352781,0.776313,-1.329905,-0.385913,0.773330,-1.341534,-0.359976,0.755778,-1.361023,-0.337207,0.751019,-1.373975,-0.395395,0.782754,-1.363433,-0.367467,0.770282,-1.388095,-0.345962,0.768520,-1.402911,-0.403307,0.791800,-1.380856,-0.377168,0.781210,-1.405521,-0.357740,0.782931,-1.417633,-0.408744,0.806948,-1.395667,-0.385152,0.799927,-1.417394,-0.365855,0.802415,-1.429138,0.031635,0.960297,-0.711277,0.001146,0.917975,-0.699996,-0.006388,0.883514,-0.693434,0.017873,0.896819,-0.664066,0.002974,0.863168,-0.661572,-0.009112,0.841939,-0.672164,0.040834,0.887388,-0.670555,0.028878,0.850001,-0.668849,0.019147,0.831288,-0.684355,0.059835,0.880591,-0.676939,0.049430,0.844599,-0.677323,0.040968,0.832481,-0.694887,0.077240,0.876679,-0.689594,0.067503,0.845418,-0.692000,0.058439,0.829238,-0.705147,,,
41,1.367,-0.202267,0.918402,-1.047708,-0.322115,0.913860,-1.046562,-0.082418,0.922945,-1.048855,-0.338930,0.539369,-0.805095,-0.064808,0.508027,-1.211229,-0.344694,0.146592,-0.667413,-0.048820,0.182789,-1.470513,-0.206679,1.035526,-1.044855,-0.210450,1.249624,-1.034200,-0.226534,1.491018,-1.014990,-0.236910,1.589285,-0.982780,-0.258306,1.437175,-1.023067,-0.188343,1.440960,-1.011996,-0.392982,1.374320,-1.038656,-0.050784,1.394673,-0.979510,-0.407079,1.109685,-1.157649,0.061686,1.149486,-0.869886,-0.433155,0.840647,-1.240677,0.050233,0.944394,-0.675549,-0.367197,0.088253,-0.499555,-0.022193,0.050930,-1.352232,,,,,,,,,,-0.420215,0.821888,-1.230464,-0.387882,0.781435,-1.243355,-0.369380,0.755974,-1.260575,-0.403005,0.753990,-1.269723,-0.378850,0.735962,-1.290987,-0.357082,0.730715,-1.305389,-0.413504,0.763932,-1.290917,-0.387399,0.750888,-1.317226,-0.366829,0.748640,-1.333254,-0.422176,0.773400,-1.307744,-0.397840,0.762322,-1.333988,-0.379107,0.763598,-1.347201,-0.428030,0.788864,-1.322061,-0.405852,0.781224,-1.345033,-0.387132,0.783145,-1.357775,0.028593,0.940765,-0.663625,-0.001759,0.898550,-0.651602,-0.008424,0.864008,-0.644544,0.015092,0.878023,-0.615368,0.000780,0.844330,-0.610840,-0.011171,0.822396,-0.620062,0.038066,0.868549,-0.621748,0.026584,0.831133,-0.618317,0.016902,0.811649,-0.632876,0.057074,0.861701,-0.628058,0.047318,0.825542,-0.626942,0.038952,0.812590,-0.643948,0.074465,0.857631,-0.640682,0.065539,0.826072,-0.642161,0.056867,0.809338,-0.654871,,,
42,1.400,-0.211996,0.912356,-0.983499,-0.331883,0.908983,-0.984623,-0.092109,0.915728,-0.982375,-0.352926,0.538910,-0.736761,-0.066177,0.499600,-1.140481,-0.350245,0.133160,-0.643902,-0.044754,0.200881,-1.429569,-0.215307,1.029541,-0.981999,-0.222146,1.243698,-0.974546,-0.236031,1.485666,-0.961986,-0.248453,1.584551,-0.932507,-0.268249,1.431935,-0.968973,-0.198376,1.435339,-0.957227,-0.403123,1.369426,-0.984241,-0.061484,1.388291,-0.923063,-0.425717,1.100139,-1.090844,0.045165,1.135199,-0.826346,-0.458504,0.827098,-1.156634,0.042753,0.917261,-0.646185,-0.373658,0.045465,-0.489476,-0.017600,0.041075,-1.353339,,,,,,,,,,-0.445505,0.808633,-1.145970,-0.414006,0.767257,-1.157963,-0.396521,0.740971,-1.175005,-0.430164,0.738896,-1.182698,-0.406771,0.719961,-1.204025,-0.385494,0.714043,-1.218894,-0.441126,0.748049,-1.204012,-0.415772,0.733695,-1.230372,-0.395616,0.730602,-1.246782,-0.450149,0.756894,-1.220993,-0.426567,0.744449,-1.247314,-0.408153,0.744952,-1.261018,-0.456216,0.771800,-1.235804,-0.434464,0.762649,-1.258631,-0.415902,0.763592,-1.271709,0.021114,0.913903,-0.634181,-0.010082,0.872161,-0.622674,-0.017775,0.837733,-0.616122,0.006541,0.850656,-0.586904,-0.008082,0.817195,-0.581702,-0.020489,0.795302,-0.590406,0.029261,0.840793,-0.593596,0.017273,0.803566,-0.589846,0.007088,0.784113,-0.604099,0.048074,0.833640,-0.600147,0.037916,0.797598,-0.598875,0.029212,0.784707,-0.615758,0.065293,0.829407,-0.612953,0.056066,0.797947,-0.614656,0.047156,0.781344,-0.627375,,,
43,1.433,-0.223167,0.909776,-0.922365,-0.343040,0.907016,-0.925237,-0.103293,0.912536,-0.919493,-0.373256,0.549999,-0.659796,-0.054975,0.482598,-1.027432,-0.357361,0.134499,-0.640544,-0.036552,0.226942,-1.355402,-0.225869,1.026986,-0.922203,-0.233327,1.241175,-0.916436,-0.247243,1.483304,-0.907559,-0.260949,1.582516,-0.879800,-0.279463,1.429465,-0.913653,-0.209566,1.433064,-0.902109,-0.414133,1.365907,-0.926125,-0.072612,1.385932,-0.868310,-0.445725,1.092291,-1.018463,0.032096,1.124984,-0.792639,-0.483097,0.815298,-1.061279,0.042330,0.892056,-0.632639,-0.383337,0.047081,-0.486370,-0.018028,0.048919,-1.348289,,,,,,,,,,-0.470091,0.797932,-1.048914,-0.439109,0.755224,-1.056926,-0.422649,0.727323,-1.072345,-0.455862,0.724578,-1.078313,-0.433173,0.703305,-1.098145,-0.412326,0.695631,-1.112820,-0.467065,0.731547,-1.100317,-0.442199,0.714284,-1.125365,-0.422304,0.709307,-1.141630,-0.476267,0.738645,-1.118007,-0.453293,0.723141,-1.143217,-0.435119,0.721920,-1.157193,-0.482433,0.751971,-1.134218,-0.460777,0.739990,-1.155792,-0.442211,0.739154,-1.168871,0.021023,0.888065,-0.620240,-0.009901,0.845770,-0.610101,-0.018001,0.811178,-0.605087,0.007667,0.822408,-0.575987,-0.006666,0.788677,-0.571821,-0.019267,0.767127,-0.581083,0.030182,0.812915,-0.583811,0.018478,0.775501,-0.581205,0.007922,0.756534,-0.595839,0.048799,0.806120,-0.591244,0.038761,0.770022,-0.591376,0.029599,0.757887,-0.608574,0.065655,0.802571,-0.604723,0.056443,0.771203,-0.607723,0.047217,0.755189,-0.620959,,,
44,1.467,-0.233466,0.911375,-0.862502,-0.353290,0.909118,-0.867265,-0.113642,0.913632,-0.857739,-0.387826,0.548506,-0.607267,-0.047516,0.473937,-0.891322,-0.361794,0.134146,-0.637133,-0.033820,0.265891,-1.251590,-0.235635,1.028593,-0.863480,-0.242248,1.242831,-0.858603,-0.255455,1.485031,-0.850623,-0.269627,1.584247,-0.823114,-0.287879,1.431248,-0.856089,-0.217839,1.434720,-0.845409,-0.422410,1.366808,-0.865054,-0.080657,1.386840,-0.813648,-0.463235,1.089224,-0.940353,0.019877,1.119071,-0.759091,-0.503168,0.809683,-0.955114,0.038527,0.873553,-0.620044,-0.389293,0.046800,-0.483184,-0.013972,0.092488,-1.291882,,,,,,,,,,-0.490390,0.793469,-0.941063,-0.460479,0.749421,-0.944683,-0.445791,0.719847,-0.958711,-0.478193,0.717027,-0.962405,-0.456699,0.692784,-0.980037,-0.436457,0.682674,-0.994068,-0.489529,0.721814,-0.984918,-0.465498,0.701185,-1.008172,-0.445986,0.693876,-1.024013,-0.498804,0.727154,-1.003179,-0.476923,0.708006,-1.026809,-0.459110,0.704509,-1.040865,-0.504885,0.738771,-1.020684,-0.483628,0.723737,-1.040686,-0.465147,0.720825,-1.053588,0.017572,0.868808,-0.607316,-0.013274,0.826034,-0.599143,-0.021006,0.791111,-0.596317,0.005159,0.800356,-0.567219,-0.009240,0.766454,-0.565247,-0.022183,0.745712,-0.575792,0.027382,0.791334,-0.576330,0.015683,0.753831,-0.575858,0.004658,0.735868,-0.591384,0.045735,0.784993,-0.584754,0.035520,0.749019,-0.587087,0.025807,0.738123,-0.604803,0.062168,0.782305,-0.598936,0.052791,0.751193,-0.603621,0.043129,0.736043,-0.617546,,,
45,1.500,-0.242355,0.916363,-0.804198,-0.362056,0.914804,-0.811590,-0.122653,0.917923,-0.796807,-0.397256,0.542466,-0.568776,-0.052936,0.479422,-0.755713,-0.365679,0.132230,-0.631807,-0.040886,0.293220,-1.127798,-0.243758,1.033580,-0.806203,-0.248884,1.247868,-0.801739,-0.259391,1.490139,-0.792080,-0.272450,1.589253,-0.763668,-0.292510,1.436712,-0.796827,-0.222143,1.439428,-0.788293,-0.427107,1.371965,-0.801617,-0.084519,1.390106,-0.760959,-0.475913,1.091054,-0.857269,0.008583,1.117034,-0.721620,-0.516452,0.811720,-0.840413,0.036078,0.861749,-0.603156,-0.395032,0.045326,-0.477949,-0.003169,0.123525,-1.171006,,,,,,,,,,-0.503737,0.796723,-0.825018,-0.474648,0.751981,-0.824714,-0.461240,0.720991,-0.836837,-0.493193,0.718345,-0.838925,-0.472784,0.691645,-0.854130,-0.453119,0.679403,-0.867254,-0.504796,0.721117,-0.861640,-0.481751,0.697518,-0.882988,-0.462731,0.688057,-0.898279,-0.514262,0.724816,-0.880205,-0.493363,0.702666,-0.902030,-0.475920,0.697200,-0.915922,-0.520416,0.734777,-0.898680,-0.499807,0.717370,-0.917393,-0.481608,0.712795,-0.930214,0.015454,0.856100,-0.590257,-0.015239,0.812842,-0.584365,-0.021756,0.777560,-0.584131,0.003979,0.784948,-0.554854,-0.010462,0.751008,-0.555224,-0.023696,0.731185,-0.567093,0.025942,0.776608,-0.565165,0.014207,0.739166,-0.567177,0.002769,0.722423,-0.583734,0.044058,0.770889,-0.574497,0.033763,0.735174,-0.579214,0.023598,0.725612,-0.597439,0.060112,0.769228,-0.589260,0.050813,0.738432,-0.595814,0.040894,0.724192,-0.610498,,,
46,1.533,-0.249139,0.924894,-0.747152,-0.368688,0.924077,-0.756784,-0.129589,0.925712,-0.737521,-0.399520,0.534118,-0.542742,-0.062994,0.498563,-0.628242,-0.367472,0.127896,-0.627713,-0.053757,0.296196,-0.991871,-0.249708,1.042099,-0.750027,-0.253336,1.256419,-0.745613,-0.261054,1.498686,-0.733527,-0.271514,1.597744,-0.703870,-0.294873,1.445604,-0.737052,-0.224147,1.447609,-0.731990,-0.429503,1.380781,-0.735049,-0.085827,1.396751,-0.711960,-0.483449,1.097299,-0.768476,0.000278,1.119654,-0.687734,-0.519555,0.821533,-0.717439,0.040114,0.857047,-0.590724,-0.397802,0.040670,-0.474228,-0.009719,0.123964,-1.013847,,,,,,,,,,-0.506207,0.808172,-0.701099,-0.477533,0.763333,-0.697197,-0.464986,0.730991,-0.706345,-0.497065,0.728587,-0.706601,-0.477694,0.699895,-0.719334,-0.458794,0.685814,-0.731716,-0.509778,0.728965,-0.728883,-0.488143,0.702650,-0.748458,-0.470043,0.691146,-0.763463,-0.520140,0.730698,-0.747258,-0.500394,0.706153,-0.767541,-0.483663,0.699089,-0.781587,-0.527134,0.738615,-0.766410,-0.507699,0.719169,-0.784357,-0.490264,0.713156,-0.797637,0.020434,0.850060,-0.577031,-0.009251,0.805935,-0.572585,-0.014345,0.770499,-0.574968,0.012179,0.776219,-0.546585,-0.001651,0.742064,-0.548235,-0.015326,0.722785,-0.560494,0.033544,0.769086,-0.558869,0.022131,0.731716,-0.562970,0.009835,0.716095,-0.580002,0.051100,0.764423,-0.569735,0.041148,0.728911,-0.576346,0.029992,0.720460,-0.594541,0.066195,0.764182,-0.585561,0.057232,0.733745,-0.593991,0.046767,0.720451,-0.609175,,,
47,1.567,-0.252829,0.935801,-0.691278,-0.372297,0.935718,-0.701904,-0.133361,0.935886,-0.680652,-0.394530,0.527056,-0.524890,-0.068718,0.527250,-0.514306,-0.366695,0.123557,-0.623265,-0.067369,0.287907,-0.854859,-0.252602,1.052992,-0.694752,-0.255321,1.267328,-0.690465,-0.261044,1.509590,-0.677238,-0.268493,1.608613,-0.646571,-0.295293,1.456698,-0.679039,-0.224386,1.458316,-0.677908,-0.429911,1.392699,-0.668383,-0.085607,1.406038,-0.666607,-0.486674,1.107990,-0.678811,-0.004798,1.126340,-0.661831,-0.510831,0.839616,-0.593098,0.047355,0.858019,-0.589416,-0.396232,0.036379,-0.469598,-0.032134,0.112466,-0.846782,,,,,,,,,,-0.496029,0.828319,-0.576456,-0.467054,0.784055,-0.569447,-0.454724,0.750782,-0.574738,-0.487314,0.748595,-0.572501,-0.468767,0.718508,-0.583057,-0.450829,0.702958,-0.595108,-0.502008,0.746249,-0.593402,-0.482066,0.717555,-0.611367,-0.465322,0.704151,-0.626369,-0.514005,0.745723,-0.610831,-0.495692,0.719156,-0.629874,-0.480138,0.710664,-0.644471,-0.522729,0.751195,-0.630127,-0.505069,0.729576,-0.647409,-0.488972,0.721915,-0.661505,0.029475,0.849393,-0.574267,0.000884,0.804476,-0.570656,-0.004036,0.769320,-0.575872,0.025461,0.772867,-0.550281,0.012282,0.738505,-0.552766,-0.002416,0.719760,-0.564664,0.045297,0.767338,-0.565586,0.033836,0.730246,-0.571618,0.019744,0.715902,-0.588381,0.061495,0.764062,-0.578810,0.051460,0.728960,-0.587236,0.038379,0.721760,-0.604671,0.074633,0.765605,-0.596229,0.065368,0.735831,-0.606499,0.053504,0.723718,-0.621642,,,
48,1.600,-0.252810,0.948202,-0.635435,-0.372232,0.948944,-0.646543,-0.133388,0.947460,-0.624326,-0.387020,0.524250,-0.511455,-0.074914,0.560604,-0.410420,-0.364983,0.122977,-0.619889,-0.078870,0.277061,-0.715135,-0.251729,1.065378,-0.639224,-0.254864,1.279724,-0.635838,-0.258017,1.522053,-0.622971,-0.262532,1.621056,-0.591675,-0.292724,1.469430,-0.622881,-0.221841,1.470489,-0.625379,-0.427335,1.407427,-0.603728,-0.083347,1.416365,-0.622174,-0.486800,1.123313,-0.592197,-0.008642,1.135374,-0.637884,-0.493202,0.866880,-0.473218,0.049315,0.862837,-0.589663,-0.393479,0.036187,-0.465806,-0.051245,0.106930,-0.666366,,,,,,,,,,-0.476354,0.857873,-0.457135,-0.445939,0.814983,-0.448005,-0.432542,0.781729,-0.449374,-0.465753,0.779353,-0.444101,-0.447687,0.748356,-0.452670,-0.430777,0.731567,-0.464543,-0.482736,0.774283,-0.462652,-0.464428,0.743596,-0.478988,-0.449257,0.728440,-0.493996,-0.496671,0.771474,-0.478334,-0.479949,0.742984,-0.496010,-0.465937,0.732960,-0.511186,-0.507684,0.774384,-0.497005,-0.491938,0.750678,-0.513377,-0.477538,0.741272,-0.528232,0.033312,0.853034,-0.573188,0.003983,0.808544,-0.570282,-0.002806,0.774222,-0.578239,0.029975,0.774526,-0.556665,0.015853,0.740652,-0.560366,-0.000735,0.723216,-0.571759,0.047429,0.770232,-0.574973,0.034141,0.734118,-0.582898,0.017510,0.721721,-0.598868,0.061627,0.768032,-0.590516,0.049711,0.734019,-0.600764,0.034267,0.728688,-0.616889,0.072398,0.771118,-0.609300,0.061211,0.742628,-0.621172,0.047244,0.732169,-0.635743,,,
49,1.633,-0.252218,0.959312,-0.579023,-0.371556,0.960897,-0.590923,-0.132881,0.957728,-0.567123,-0.378856,0.523733,-0.503361,-0.080842,0.594645,-0.313557,-0.362763,0.124738,-0.620866,-0.085942,0.263131,-0.565223,-0.250294,1.076480,-0.582717,-0.253760,1.290827,-0.579679,-0.253614,1.533174,-0.566771,-0.255074,1.632072,-0.534856,-0.288859,1.480939,-0.565020,-0.218166,1.481212,-0.570866,-0.423295,1.421309,-0.538511,-0.080559,1.424942,-0.575132,-0.485804,1.139363,-0.507064,-0.012847,1.144114,-0.611666,-0.467731,0.899724,-0.358063,0.045943,0.868682,-0.586348,-0.390037,0.037191,-0.466990,-0.060207,0.112407,-0.471917,,,,,,,,,,-0.448569,0.893404,-0.343349,-0.415051,0.853124,-0.333242,-0.399587,0.820776,-0.331980,-0.432333,0.817544,-0.322630,-0.413707,0.786403,-0.329257,-0.397379,0.768848,-0.340835,-0.451198,0.809595,-0.338095,-0.433457,0.777723,-0.352697,-0.419458,0.761305,-0.367515,-0.466806,0.804355,-0.351398,-0.450993,0.774317,-0.367255,-0.438452,0.762835,-0.382682,-0.480188,0.804526,-0.368697,-0.465487,0.779419,-0.383911,-0.452607,0.768671,-0.399244,0.031344,0.858039,-0.569108,-0.000255,0.815081,-0.567085,-0.010078,0.782193,-0.577538,0.024890,0.778505,-0.560143,0.008368,0.745953,-0.565431,-0.010471,0.730670,-0.576408,0.039810,0.775267,-0.580762,0.023392,0.740933,-0.590520,0.004262,0.731175,-0.605491,0.051956,0.773986,-0.598050,0.036778,0.741905,-0.610064,0.019267,0.739112,-0.624642,0.060671,0.778476,-0.617602,0.046476,0.751967,-0.630776,0.030322,0.743785,-0.644520,,,
50,1.667,-0.251769,0.966197,-0.523780,-0.370999,0.968521,-0.536596,-0.132538,0.963874,-0.510964,-0.370464,0.524397,-0.496764,-0.085883,0.623373,-0.226860,-0.360691,0.127716,-0.622508,-0.089077,0.248010,-0.406738,-0.249158,1.083370,-0.526828,-0.252899,1.297686,-0.522300,-0.248974,1.539902,-0.507648,-0.247492,1.638543,-0.474949,-0.284791,1.488112,-0.504690,-0.214435,1.487523,-0.513716,-0.418845,1.430858,-0.471783,-0.078031,1.429438,-0.525556,-0.485830,1.152348,-0.423459,-0.017882,1.150512,-0.583575,-0.435422,0.934448,-0.250445,0.038070,0.873366,-0.579128,-0.386606,0.039754,-0.468634,-0.061313,0.129297,-0.275503,,,,,,,,,,-0.414413,0.931063,-0.237376,-0.377696,0.894048,-0.225987,-0.360004,0.863081,-0.222083,-0.391596,0.859596,-0.208750,-0.371924,0.828671,-0.212904,-0.355859,0.810340,-0.223614,-0.411563,0.848772,-0.220684,-0.393644,0.815912,-0.232637,-0.380369,0.798138,-0.246528,-0.428216,0.841070,-0.231236,-0.412586,0.809633,-0.244321,-0.401167,0.796488,-0.259285,-0.443419,0.838255,-0.246706,-0.429082,0.811823,-0.259887,-0.417373,0.799507,-0.274976,0.024311,0.861705,-0.561855,-0.009615,0.820512,-0.561493,-0.022247,0.789515,-0.574416,0.013702,0.782122,-0.560622,-0.005316,0.751366,-0.567901,-0.025951,0.738516,-0.578765,0.026642,0.780352,-0.582705,0.007307,0.748252,-0.594511,-0.013576,0.741269,-0.608669,0.037218,0.780310,-0.601040,0.019021,0.750659,-0.614952,0.000216,0.750477,-0.628117,0.044554,0.786423,-0.620717,0.027649,0.762303,-0.635217,0.009911,0.756556,-0.648222,,,
51,1.700,-0.250235,0.969006,-0.469152,-0.369392,0.972071,-0.482487,-0.131078,0.965940,-0.455817,-0.365445,0.526195,-0.485822,-0.094756,0.639682,-0.154042,-0.358950,0.133474,-0.623632,-0.087222,0.233243,-0.243566,-0.247022,1.086190,-0.470921,-0.251738,1.300424,-0.464024,-0.243361,1.542353,-0.446734,-0.239481,1.640643,-0.413188,-0.279839,1.491086,-0.442868,-0.209943,1.489528,-0.454864,-0.413364,1.436314,-0.404108,-0.074994,1.430108,-0.474311,-0.486357,1.162491,-0.340214,-0.023540,1.154598,-0.553246,-0.401678,0.968406,-0.152822,0.027221,0.876775,-0.567314,-0.383483,0.044998,-0.469827,-0.058733,0.147141,-0.089095,,,,,,,,,,-0.379349,0.967610,-0.141667,-0.340314,0.933689,-0.128491,-0.320857,0.904360,-0.121537,-0.351113,0.902187,-0.104653,-0.330790,0.871433,-0.105998,-0.315205,0.851988,-0.115369,-0.371760,0.889167,-0.112555,-0.353815,0.855219,-0.120878,-0.341275,0.835727,-0.133039,-0.389090,0.879518,-0.119943,-0.373667,0.846693,-0.129345,-0.363302,0.831524,-0.143114,-0.405655,0.873930,-0.133086,-0.391573,0.846033,-0.143155,-0.380868,0.831667,-0.157137,0.014180,0.863768,-0.550451,-0.021420,0.824044,-0.552085,-0.036322,0.795152,-0.567267,0.000191,0.784978,-0.557091,-0.020876,0.756170,-0.566410,-0.042833,0.745594,-0.577133,0.011495,0.785212,-0.580122,-0.010095,0.755451,-0.593969,-0.032201,0.750966,-0.607256,0.020775,0.786830,-0.599076,0.000204,0.759724,-0.614758,-0.019464,0.761796,-0.626413,0.027005,0.794828,-0.618457,0.007923,0.773182,-0.634113,-0.010971,0.769628,-0.646245,,,
52,1.733,-0.248508,0.968467,-0.412713,-0.367499,0.973998,-0.426714,-0.129516,0.962936,-0.398712,-0.365557,0.530607,-0.473971,-0.108928,0.632349,-0.100181,-0.359775,0.142583,-0.624527,-0.084602,0.216989,-0.088005,-0.243073,1.085583,-0.412632,-0.250092,1.299694,-0.404107,-0.236582,1.541170,-0.383969,-0.230898,1.639027,-0.349425,-0.273830,1.490521,-0.379384,-0.204482,1.487870,-0.394067,-0.406625,1.438276,-0.335028,-0.071281,1.427263,-0.420608,-0.486317,1.170762,-0.254561,-0.029845,1.155992,-0.517967,-0.371977,0.998337,-0.061814,0.014470,0.878362,-0.548273,-0.382936,0.052229,-0.471603,-0.056433,0.166037,0.081396,,,,,,,,,,-0.348743,0.999594,-0.052747,-0.307903,0.968665,-0.037798,-0.286795,0.941387,-0.027921,-0.315811,0.941424,-0.008257,-0.295010,0.911040,-0.006097,-0.279841,0.890390,-0.013331,-0.336756,0.927093,-0.012024,-0.318729,0.892403,-0.015948,-0.306763,0.871237,-0.025639,-0.354432,0.916202,-0.016137,-0.339090,0.882392,-0.021168,-0.329577,0.865198,-0.033041,-0.371950,0.908374,-0.026636,-0.357912,0.879383,-0.032993,-0.347965,0.862995,-0.045199,0.002245,0.864006,-0.531900,-0.034791,0.825702,-0.534910,-0.051965,0.798993,-0.551614,-0.015034,0.786797,-0.545605,-0.038094,0.760093,-0.556360,-0.061260,0.751700,-0.566451,-0.005457,0.789164,-0.569289,-0.029152,0.761782,-0.584533,-0.052324,0.759471,-0.596491,0.002455,0.792530,-0.588630,-0.020360,0.768008,-0.605424,-0.040745,0.771990,-0.615200,0.007525,0.802367,-0.607495,-0.013533,0.783091,-0.623706,-0.033417,0.781342,-0.634586,,,
53,1.767,-0.247126,0.963812,-0.354055,-0.365873,0.971557,-0.369045,-0.128379,0.956068,-0.339066,-0.367155,0.533253,-0.451025,-0.117325,0.605756,-0.063398,-0.360865,0.154595,-0.623772,-0.084751,0.201776,0.031482,-0.239771,1.080803,-0.351870,-0.248045,1.294834,-0.342502,-0.230935,1.535924,-0.320550,-0.224241,1.633472,-0.285322,-0.268670,1.485694,-0.315365,-0.199808,1.482331,-0.332050,-0.400085,1.434317,-0.266152,-0.068060,1.421391,-0.364438,-0.485310,1.174216,-0.168819,-0.035364,1.154226,-0.475513,-0.344251,1.021685,0.022993,0.003700,0.877480,-0.518480,-0.383356,0.061246,-0.472556,-0.057982,0.186820,0.207964,,,,,,,,,,-0.320752,1.024924,0.030799,-0.278583,0.997788,0.049058,-0.255793,0.973505,0.062405,-0.284695,0.975713,0.083008,-0.262959,0.946747,0.090017,-0.247361,0.925511,0.086205,-0.305364,0.960520,0.082508,-0.286485,0.926109,0.084308,-0.274196,0.903821,0.078203,-0.322873,0.948728,0.080966,-0.306772,0.914903,0.081556,-0.297148,0.896066,0.072630,-0.340534,0.938892,0.072616,-0.325825,0.909587,0.070921,-0.315767,0.891559,0.061420,-0.007769,0.861993,-0.502598,-0.046044,0.824988,-0.506292,-0.065234,0.800270,-0.523845,-0.028246,0.786758,-0.521783,-0.053079,0.762008,-0.533242,-0.077222,0.755435,-0.542344,-0.020284,0.791030,-0.545797,-0.045820,0.765774,-0.561725,-0.069821,0.765176,-0.572160,-0.013649,0.795941,-0.565287,-0.038431,0.773726,-0.582498,-0.059309,0.779155,-0.590343,-0.009623,0.807321,-0.583526,-0.032412,0.790105,-0.599715,-0.053080,0.789789,-0.609178,,,
54,1.800,-0.246731,0.954386,-0.292715,-0.365339,0.963202,-0.308206,-0.128123,0.945569,-0.277224,-0.363987,0.535384,-0.433914,-0.115442,0.565901,-0.043720,-0.362064,0.162261,-0.618410,-0.089309,0.183036,0.117509,-0.238608,1.071266,-0.288388,-0.245122,1.285276,-0.277313,-0.226462,1.526125,-0.254023,-0.219279,1.623549,-0.218548,-0.264357,1.476045,-0.248564,-0.195791,1.472461,-0.266385,-0.394609,1.424662,-0.196357,-0.065053,1.411953,-0.303353,-0.484061,1.171966,-0.084408,-0.038956,1.148026,-0.423541,-0.324204,1.033651,0.103394,-0.003308,0.872565,-0.476559,-0.383492,0.065619,-0.469121,-0.069016,0.184118,0.295478,,,,,,,,,,-0.300866,1.039084,0.110429,-0.257497,1.016952,0.132275,-0.232944,0.996653,0.148775,-0.262571,1.000066,0.169239,-0.239427,0.973946,0.181187,-0.222669,0.953259,0.181134,-0.282534,0.984071,0.171224,-0.262104,0.951353,0.178700,-0.248751,0.928962,0.176374,-0.299495,0.971416,0.171635,-0.281905,0.938918,0.177819,-0.271392,0.919316,0.172133,-0.316703,0.959646,0.165022,-0.300768,0.931094,0.167992,-0.289930,0.912212,0.161473,-0.014127,0.855921,-0.461409,-0.053139,0.819800,-0.466023,-0.073750,0.796841,-0.484340,-0.036846,0.782819,-0.485650,-0.062829,0.759599,-0.497746,-0.087583,0.754268,-0.505978,-0.030159,0.789017,-0.509633,-0.056896,0.765491,-0.526223,-0.081430,0.766059,-0.535337,-0.024537,0.795486,-0.528986,-0.050642,0.775152,-0.546561,-0.071828,0.781500,-0.552710,-0.021344,0.808323,-0.546405,-0.045381,0.792844,-0.562542,-0.066583,0.793652,-0.570704,,,
55,1.833,-0.243299,0.940153,-0.234101,-0.361986,0.948262,-0.249373,-0.124612,0.932044,-0.218830,-0.356142,0.532199,-0.409654,-0.115121,0.553910,0.017300,-0.362319,0.172159,-0.618452,-0.093573,0.166446,0.167869,-0.235888,1.057074,-0.229614,-0.240493,1.271070,-0.217348,-0.220889,1.511713,-0.192744,-0.213071,1.609099,-0.157301,-0.258889,1.461715,-0.187261,-0.190493,1.458034,-0.205704,-0.388956,1.411092,-0.133864,-0.060609,1.397472,-0.245488,-0.481088,1.163495,-0.013046,-0.038551,1.135038,-0.369687,-0.314125,1.030576,0.172457,-0.004646,0.860859,-0.429993,-0.382878,0.065557,-0.475976,-0.073433,0.153880,0.345415,,,,,,,,,,-0.290975,1.037664,0.178582,-0.246472,1.019674,0.201901,-0.221299,1.001787,0.220164,-0.250440,1.006373,0.240432,-0.226222,0.982023,0.253892,-0.208835,0.961898,0.255118,-0.269670,0.989832,0.244284,-0.247797,0.958726,0.254168,-0.233590,0.936751,0.253537,-0.286062,0.976579,0.246195,-0.267006,0.945499,0.254836,-0.255771,0.925916,0.250666,-0.302810,0.963492,0.241033,-0.285508,0.936120,0.246454,-0.273872,0.917212,0.241601,-0.015254,0.843134,-0.415961,-0.054931,0.808024,-0.422363,-0.076474,0.786927,-0.441810,-0.039801,0.772628,-0.445524,-0.066466,0.750832,-0.458734,-0.091522,0.746498,-0.466630,-0.033748,0.780741,-0.469100,-0.061173,0.758906,-0.486840,-0.085939,0.760429,-0.495183,-0.028615,0.788747,-0.488009,-0.055472,0.770255,-0.506464,-0.076739,0.777314,-0.511445,-0.025756,0.802966,-0.504381,-0.050425,0.789115,-0.521036,-0.071835,0.790754,-0.528501,,,
56,1.867,-0.238701,0.927171,-0.174660,-0.357658,0.932262,-0.189115,-0.119744,0.922080,-0.160205,-0.346694,0.522732,-0.365177,-0.115328,0.560308,0.100436,-0.359917,0.182342,-0.604391,-0.097514,0.158767,0.208656,-0.233968,1.044295,-0.172365,-0.236910,1.258368,-0.160972,-0.215890,1.498934,-0.136786,-0.206716,1.596429,-0.101972,-0.254136,1.449151,-0.131063,-0.185844,1.445073,-0.149809,-0.384699,1.400083,-0.077425,-0.056920,1.382925,-0.190260,-0.480098,1.152972,0.041844,-0.035202,1.118954,-0.311219,-0.318958,1.017162,0.230377,-0.001403,0.844821,-0.371793,-0.381856,0.058862,-0.476495,-0.073675,0.116089,0.380982,,,,,,,,,,-0.295936,1.024463,0.236725,-0.251748,1.007126,0.261114,-0.227869,0.988731,0.280571,-0.256286,0.994598,0.299840,-0.232421,0.969760,0.313037,-0.215369,0.949340,0.314058,-0.275516,0.978064,0.303722,-0.253762,0.946902,0.313694,-0.239622,0.924883,0.313123,-0.291889,0.964789,0.305642,-0.272866,0.933749,0.314497,-0.261598,0.914159,0.310448,-0.308504,0.951534,0.300482,-0.290979,0.924415,0.306432,-0.279096,0.905567,0.301959,-0.012375,0.826535,-0.358798,-0.052611,0.792517,-0.367273,-0.074579,0.772786,-0.387655,-0.037973,0.758194,-0.392292,-0.064897,0.737624,-0.406871,-0.089958,0.734132,-0.415160,-0.031674,0.767487,-0.415362,-0.059222,0.747002,-0.434468,-0.083900,0.749257,-0.442909,-0.026317,0.776432,-0.433782,-0.053269,0.759333,-0.453406,-0.074409,0.766908,-0.458165,-0.023141,0.791479,-0.449336,-0.047928,0.778863,-0.466779,-0.069278,0.781113,-0.474255,,,
57,1.900,-0.234432,0.918370,-0.111802,-0.353567,0.921625,-0.125289,-0.115297,0.915116,-0.098316,-0.349682,0.510265,-0.297338,-0.106507,0.562207,0.174100,-0.356156,0.201112,-0.575988,-0.098849,0.149843,0.230324,-0.231409,1.035562,-0.110224,-0.232116,1.249719,-0.100120,-0.211514,1.490614,-0.079047,-0.199884,1.588285,-0.045484,-0.249587,1.440812,-0.072412,-0.181436,1.436671,-0.091648,-0.380152,1.392404,-0.018182,-0.053236,1.372931,-0.131924,-0.475798,1.140013,0.089243,-0.025247,1.104751,-0.241833,-0.328658,0.994161,0.281681,0.013285,0.829278,-0.292730,-0.383680,0.051937,-0.480724,-0.079287,0.081306,0.394660,,,,,,,,,,-0.306166,1.001212,0.289929,-0.263929,0.983060,0.317032,-0.242897,0.962938,0.338006,-0.271346,0.969446,0.354938,-0.248626,0.944059,0.369075,-0.231784,0.923504,0.370708,-0.290824,0.952863,0.356903,-0.269974,0.921192,0.367195,-0.255941,0.899100,0.366790,-0.307304,0.939586,0.357219,-0.289162,0.908181,0.366618,-0.277714,0.888632,0.362892,-0.323499,0.926531,0.350460,-0.306427,0.899186,0.356683,-0.294247,0.880474,0.352441,0.001727,0.810833,-0.280490,-0.038248,0.777123,-0.291147,-0.059697,0.757645,-0.312312,-0.022723,0.743144,-0.316100,-0.049563,0.723496,-0.332041,-0.074379,0.720700,-0.341279,-0.015455,0.752779,-0.338741,-0.042439,0.732964,-0.359303,-0.066740,0.735620,-0.368669,-0.009319,0.761995,-0.356780,-0.035820,0.745614,-0.377594,-0.056705,0.753510,-0.382925,-0.005458,0.777275,-0.371946,-0.029998,0.765126,-0.390057,-0.051160,0.767639,-0.397970,,,
58,1.933,-0.227093,0.914708,-0.050176,-0.346425,0.916947,-0.062028,-0.107761,0.912469,-0.038325,-0.369558,0.491464,-0.193414,-0.092491,0.559796,0.234111,-0.357538,0.223750,-0.511923,-0.096442,0.143670,0.243419,-0.225026,1.031924,-0.048845,-0.225847,1.246137,-0.040017,-0.203953,1.487133,-0.021573,-0.190192,1.584895,0.010902,-0.242173,1.437573,-0.014034,-0.174252,1.432932,-0.033956,-0.373046,1.390708,0.040806,-0.047407,1.366506,-0.074185,-0.468383,1.130550,0.128088,-0.013236,1.093374,-0.169134,-0.344226,0.962921,0.318983,0.028413,0.815670,-0.202395,-0.381892,0.048585,-0.483465,-0.076661,0.061592,0.401401,,,,,,,,,,-0.322687,0.968824,0.330156,-0.284133,0.947829,0.360502,-0.266916,0.925131,0.382308,-0.296046,0.931944,0.396321,-0.275751,0.904982,0.411213,-0.259717,0.883836,0.413358,-0.315925,0.915781,0.394957,-0.297090,0.882897,0.405331,-0.283592,0.860474,0.404993,-0.332578,0.902946,0.392520,-0.316290,0.870506,0.401802,-0.304897,0.850914,0.398134,-0.348142,0.890792,0.383116,-0.332332,0.862631,0.389030,-0.320093,0.843966,0.384753,0.015911,0.797614,-0.190509,-0.023619,0.763991,-0.202954,-0.043656,0.744298,-0.225272,-0.006846,0.729308,-0.226063,-0.033893,0.710891,-0.243088,-0.058347,0.709247,-0.253491,0.001961,0.738347,-0.248401,-0.024553,0.719209,-0.270180,-0.048203,0.722629,-0.280871,0.009337,0.747086,-0.266213,-0.016824,0.731314,-0.287909,-0.037182,0.739818,-0.294246,0.014317,0.761972,-0.281444,-0.009855,0.749890,-0.300087,-0.030683,0.752827,-0.308709,,,
59,1.967,-0.220295,0.914609,0.008649,-0.339833,0.916559,-0.000957,-0.100756,0.912659,0.018255,-0.391168,0.478267,-0.064966,-0.079650,0.551966,0.279575,-0.369710,0.260693,-0.419175,-0.094651,0.137184,0.248048,-0.218499,1.031828,0.010095,-0.220472,1.246037,0.018833,-0.200104,1.487216,0.036628,-0.185701,1.585026,0.068678,-0.238038,1.437444,0.044217,-0.170040,1.433163,0.024477,-0.369101,1.390402,0.098448,-0.043478,1.365753,-0.014997,-0.459240,1.122737,0.166420,-0.000979,1.088659,-0.093716,-0.362025,0.926926,0.345758,0.044770,0.809796,-0.103858,-0.385084,0.084758,-0.449122,-0.072331,0.052246,0.404168,,,,,,,,,,-0.341819,0.930695,0.359941,-0.307708,0.904953,0.391906,-0.293850,0.879280,0.412786,-0.324205,0.885668,0.424049,-0.306745,0.856370,0.438101,-0.291762,0.834423,0.439721,-0.344196,0.870553,0.418556,-0.327840,0.835948,0.427426,-0.315119,0.813104,0.426237,-0.360771,0.858736,0.412758,-0.346579,0.824849,0.420107,-0.335359,0.805328,0.415613,-0.375419,0.848326,0.400290,-0.361335,0.818968,0.404500,-0.349294,0.800370,0.399442,0.032245,0.792319,-0.091157,-0.005631,0.756536,-0.102684,-0.023608,0.734672,-0.124734,0.013251,0.720727,-0.122165,-0.013447,0.701361,-0.138679,-0.037606,0.699192,-0.149660,0.022858,0.728280,-0.144724,-0.002942,0.707701,-0.166043,-0.026230,0.710452,-0.177680,0.030825,0.735839,-0.162818,0.005279,0.718457,-0.184010,-0.014944,0.726401,-0.191417,0.036095,0.749646,-0.178942,0.012511,0.735789,-0.197095,-0.008170,0.737842,-0.206307,,,
60,2.000,-0.215146,0.918303,0.063658,-0.334887,0.919979,0.056959,-0.095405,0.916628,0.070356,-0.397323,0.478638,0.069299,-0.070641,0.543335,0.312991,-0.376975,0.290617,-0.301508,-0.091866,0.132008,0.252794,-0.213594,1.035524,0.065240,-0.216835,1.249630,0.075908,-0.199276,1.490774,0.096886,-0.185514,1.588373,0.129848,-0.236899,1.440561,0.102966,-0.168390,1.437150,0.084895,-0.368768,1.391606,0.153418,-0.041018,1.369999,0.047644,-0.450758,1.117890,0.205824,0.008112,1.090161,-0.016078,-0.386618,0.891033,0.361956,0.055937,0.811818,-0.002002,-0.394941,0.118083,-0.346175,-0.067084,0.047446,0.408747,,,,,,,,,,-0.367436,0.890936,0.377946,-0.337027,0.857783,0.406654,-0.325468,0.828178,0.423300,-0.356770,0.833766,0.433312,-0.341601,0.801388,0.442376,-0.327687,0.778762,0.440564,-0.376892,0.821096,0.423678,-0.362872,0.784508,0.426597,-0.351166,0.761604,0.421754,-0.393448,0.811524,0.414608,-0.381239,0.776127,0.415934,-0.370532,0.757277,0.408377,-0.407508,0.804477,0.399407,-0.395488,0.773937,0.398535,-0.384175,0.755881,0.390629,0.044645,0.795183,0.012810,0.009243,0.755835,0.005998,-0.007223,0.730364,-0.013172,0.030457,0.719300,-0.009280,0.004448,0.696946,-0.022860,-0.019760,0.692458,-0.032999,0.039486,0.724733,-0.032673,0.014284,0.700838,-0.051045,-0.009284,0.701351,-0.062429,0.046888,0.730596,-0.051616,0.021922,0.709700,-0.070161,0.001216,0.715805,-0.077968,0.051182,0.742704,-0.069318,0.028146,0.725617,-0.085293,0.007257,0.725508,-0.094261,,,
61,2.033,-0.212462,0.926568,0.117504,-0.332299,0.927857,0.112716,-0.092625,0.925279,0.122291,-0.397409,0.493999,0.192471,-0.070532,0.535042,0.336908,-0.373556,0.300038,-0.175052,-0.090389,0.126713,0.258573,-0.211272,1.043790,0.119272,-0.214953,1.257772,0.132079,-0.199859,1.498618,0.157844,-0.188022,1.595814,0.192693,-0.237429,1.448116,0.161290,-0.168116,1.445363,0.146462,-0.370930,1.396809,0.204608,-0.038755,1.379272,0.114558,-0.444828,1.118201,0.240757,0.016101,1.097337,0.066736,-0.415511,0.866465,0.366154,0.062563,0.821339,0.107073,-0.396799,0.124205,-0.200121,-0.064598,0.042184,0.414381,,,,,,,,,,-0.396752,0.861282,0.381802,-0.368565,0.820364,0.401275,-0.358329,0.787103,0.410000,-0.390008,0.791266,0.420530,-0.376195,0.757063,0.420542,-0.363095,0.735245,0.412721,-0.410431,0.782533,0.407688,-0.398070,0.745940,0.400485,-0.387288,0.724732,0.389573,-0.427168,0.776468,0.396240,-0.416454,0.741538,0.387940,-0.406383,0.724997,0.375608,-0.441149,0.774302,0.379559,-0.430889,0.744460,0.370496,-0.420461,0.728584,0.358018,0.052721,0.806470,0.124557,0.019821,0.764452,0.124832,0.004258,0.735337,0.110779,0.043024,0.727398,0.114497,0.018597,0.701329,0.105315,-0.005381,0.693546,0.096745,0.051147,0.729783,0.090277,0.027226,0.701785,0.076582,0.003425,0.699008,0.066041,0.057719,0.733163,0.070443,0.034077,0.707987,0.055912,0.012860,0.711388,0.047836,0.060810,0.742701,0.051004,0.038960,0.721863,0.038113,0.018057,0.718978,0.029654,,,
62,2.067,-0.213879,0.939646,0.171006,-0.333741,0.940706,0.166831,-0.094016,0.938586,0.175180,-0.400978,0.520594,0.300316,-0.079982,0.529792,0.352728,-0.368021,0.287658,-0.043076,-0.091705,0.123014,0.265214,-0.212910,1.056867,0.172970,-0.216031,1.270782,0.186982,-0.203268,1.511368,0.216212,-0.194262,1.608221,0.252816,-0.240793,1.460721,0.216972,-0.170744,1.458336,0.206054,-0.376076,1.407729,0.251930,-0.039158,1.393450,0.181661,-0.443730,1.125646,0.267482,0.020182,1.109882,0.152481,-0.442273,0.858373,0.359775,0.059267,0.838327,0.220970,-0.388535,0.109754,-0.039129,-0.066516,0.038748,0.421262,,,,,,,,,,-0.424080,0.848655,0.373854,-0.397575,0.803141,0.382453,-0.387947,0.768582,0.382708,-0.420323,0.770778,0.393052,-0.407286,0.737395,0.384322,-0.394483,0.718039,0.371274,-0.440644,0.766395,0.378015,-0.429115,0.732632,0.361556,-0.418653,0.714735,0.345578,-0.457243,0.764096,0.365086,-0.447216,0.732294,0.348003,-0.437262,0.719306,0.331899,-0.470842,0.766829,0.348174,-0.461415,0.740095,0.331610,-0.451248,0.727755,0.315460,0.049345,0.826249,0.240445,0.017592,0.783849,0.246924,0.003043,0.752346,0.237798,0.042063,0.746337,0.243413,0.019567,0.717526,0.238475,-0.003618,0.706819,0.230940,0.050791,0.744944,0.219327,0.028502,0.713899,0.210215,0.005161,0.708175,0.199836,0.057820,0.745207,0.199363,0.036015,0.716654,0.188729,0.014969,0.717457,0.179597,0.061195,0.751498,0.178689,0.040783,0.727864,0.168560,0.020413,0.722617,0.159938,,,
63,2.100,-0.218990,0.955572,0.222936,-0.338847,0.956438,0.218575,-0.099132,0.954706,0.227298,-0.405383,0.550767,0.391308,-0.093659,0.528745,0.359056,-0.365698,0.261499,0.094640,-0.095682,0.122206,0.269692,-0.218212,1.072796,0.224841,-0.220423,1.286624,0.240274,-0.209908,1.527060,0.271563,-0.203896,1.623745,0.309209,-0.247264,1.476302,0.270125,-0.176747,1.474185,0.262738,-0.383976,1.422431,0.297312,-0.043390,1.410506,0.245971,-0.447764,1.139152,0.288733,0.019364,1.126353,0.235821,-0.466639,0.863179,0.347364,0.046128,0.861511,0.331230,-0.385597,0.088799,0.137823,-0.072465,0.037843,0.425993,,,,,,,,,,-0.449212,0.850116,0.359582,-0.423582,0.803317,0.358564,-0.413616,0.769531,0.351756,-0.447113,0.769851,0.360429,-0.434043,0.738463,0.346126,-0.420721,0.721682,0.330322,-0.466762,0.769458,0.343936,-0.455034,0.739527,0.321344,-0.444095,0.725040,0.302488,-0.482769,0.770532,0.330130,-0.472668,0.742608,0.307283,-0.462249,0.732897,0.289276,-0.495546,0.777359,0.313743,-0.486123,0.754816,0.291812,-0.475620,0.746205,0.273590,0.034039,0.852508,0.351140,0.001637,0.811187,0.360665,-0.011881,0.778424,0.355080,0.026241,0.773965,0.365900,0.005214,0.743740,0.363698,-0.016707,0.730869,0.355774,0.037625,0.768920,0.343467,0.016780,0.736192,0.337310,-0.005208,0.728168,0.325585,0.046861,0.766137,0.324627,0.026956,0.735447,0.316513,0.007114,0.733979,0.305064,0.052563,0.769137,0.303725,0.033780,0.743653,0.295032,0.014678,0.736547,0.284961,,,
64,2.133,-0.225662,0.970573,0.278188,-0.345497,0.971144,0.273210,-0.105827,0.970002,0.283166,-0.408066,0.576037,0.470208,-0.105502,0.531250,0.362720,-0.370121,0.227050,0.246529,-0.100875,0.123744,0.277981,-0.225166,1.087804,0.279683,-0.226688,1.301473,0.297260,-0.218661,1.541788,0.330169,-0.215302,1.638455,0.368193,-0.255659,1.490842,0.327082,-0.184906,1.489138,0.322305,-0.392968,1.435616,0.347764,-0.050211,1.427037,0.311300,-0.453930,1.153997,0.310825,0.016585,1.143688,0.317233,-0.484184,0.874002,0.336176,0.029114,0.887399,0.436058,-0.394984,0.072314,0.333274,-0.079977,0.039012,0.434411,,,,,,,,,,-0.467432,0.858895,0.346890,-0.441238,0.813086,0.338930,-0.430048,0.781149,0.327013,-0.464443,0.779862,0.333019,-0.450472,0.750268,0.316001,-0.435966,0.735348,0.299393,-0.482974,0.782539,0.315477,-0.469939,0.755984,0.289620,-0.457813,0.744174,0.269655,-0.498064,0.786160,0.301083,-0.487045,0.761549,0.275070,-0.475702,0.754266,0.256486,-0.509830,0.795909,0.285434,-0.499396,0.777448,0.260369,-0.487986,0.772063,0.241466,0.014276,0.881201,0.455164,-0.019379,0.841216,0.465956,-0.032207,0.807804,0.463408,0.004026,0.805527,0.479982,-0.016165,0.774658,0.479792,-0.036655,0.760009,0.471161,0.018444,0.797450,0.460357,-0.001341,0.763736,0.456414,-0.021479,0.753578,0.443126,0.030240,0.792100,0.443616,0.011864,0.760007,0.437596,-0.006144,0.756296,0.423852,0.038861,0.792118,0.423515,0.021590,0.765221,0.416027,0.004169,0.756305,0.404458,,,
65,2.167,-0.231252,0.981357,0.321397,-0.351136,0.982279,0.317869,-0.111367,0.980436,0.324925,-0.404904,0.590188,0.523311,-0.113475,0.535494,0.354169,-0.372026,0.194471,0.398449,-0.107094,0.129299,0.263462,-0.230438,1.098559,0.324358,-0.231492,1.312130,0.343118,-0.227556,1.552643,0.375317,-0.226605,1.649450,0.413119,-0.263778,1.501198,0.371405,-0.192903,1.500421,0.368588,-0.401459,1.445001,0.386143,-0.056905,1.440523,0.362491,-0.459248,1.167177,0.323985,0.018852,1.160254,0.384705,-0.492193,0.886351,0.326561,0.022930,0.914374,0.524302,-0.400502,0.068709,0.522784,-0.085828,0.045399,0.420289,,,,,,,,,,-0.475783,0.871058,0.337537,-0.446537,0.827398,0.328238,-0.432308,0.797244,0.314992,-0.467255,0.793885,0.317063,-0.450229,0.766215,0.299597,-0.433379,0.753161,0.283644,-0.484108,0.797378,0.298036,-0.467412,0.773543,0.271637,-0.452863,0.763877,0.252144,-0.497897,0.801664,0.282561,-0.483463,0.779600,0.255941,-0.470128,0.774215,0.238044,-0.508588,0.812311,0.266726,-0.495036,0.796546,0.241314,-0.481691,0.793295,0.223208,0.006570,0.908376,0.542191,-0.027572,0.868278,0.550816,-0.040019,0.834752,0.547896,-0.005170,0.833056,0.567425,-0.025198,0.802118,0.565921,-0.044824,0.787274,0.555752,0.010925,0.824770,0.549243,-0.008419,0.790967,0.544076,-0.027328,0.780603,0.529230,0.024142,0.819236,0.533664,0.006438,0.786972,0.526632,-0.010330,0.782980,0.511470,0.034440,0.818982,0.514370,0.017925,0.791896,0.505920,0.001555,0.782735,0.493080,,,
66,2.200,-0.235433,0.983783,0.373868,-0.355337,0.983861,0.370939,-0.115529,0.983706,0.376797,-0.396665,0.584552,0.565044,-0.114882,0.537853,0.369929,-0.374212,0.168911,0.566529,-0.110490,0.134952,0.265456,-0.235463,1.100945,0.378192,-0.235109,1.314432,0.397918,-0.235573,1.555060,0.429493,-0.236840,1.652030,0.466865,-0.270931,1.503109,0.424511,-0.199998,1.503304,0.424106,-0.408663,1.445712,0.432690,-0.062378,1.446902,0.424181,-0.459340,1.172981,0.346440,0.024950,1.171979,0.463865,-0.491861,0.892829,0.326137,0.015894,0.940802,0.626456,-0.407552,0.080744,0.718848,-0.088169,0.051346,0.422294,,,,,,,,,,-0.476037,0.877422,0.337794,-0.444264,0.835474,0.328916,-0.427510,0.806739,0.315471,-0.462381,0.802071,0.313641,-0.442668,0.776121,0.296361,-0.423829,0.764656,0.281445,-0.477357,0.806216,0.293225,-0.457126,0.784676,0.267331,-0.440296,0.776758,0.248915,-0.489677,0.811026,0.276700,-0.471773,0.791206,0.250425,-0.456503,0.787423,0.233702,-0.499138,0.822308,0.260526,-0.482422,0.808660,0.235781,-0.467169,0.807026,0.219014,-0.002236,0.935080,0.642649,-0.036465,0.894617,0.648902,-0.048465,0.860920,0.646097,-0.015458,0.860427,0.669101,-0.035146,0.829404,0.665857,-0.053417,0.814292,0.653742,0.002672,0.851861,0.653095,-0.015764,0.817780,0.646600,-0.032798,0.806917,0.629952,0.017610,0.846074,0.639262,0.000877,0.813549,0.631142,-0.014100,0.809100,0.614324,0.029972,0.845381,0.621231,0.014388,0.818022,0.611936,-0.000566,0.808456,0.597735,,,
67,2.233,-0.238654,0.977580,0.423534,-0.358524,0.974116,0.421390,-0.118783,0.981045,0.425679,-0.391306,0.580112,0.627592,-0.108649,0.535854,0.402546,-0.386510,0.175923,0.726948,-0.107607,0.142302,0.266976,-0.242131,1.094653,0.428767,-0.239003,1.308114,0.448528,-0.244712,1.548786,0.479243,-0.247764,1.645910,0.516108,-0.278976,1.496229,0.473110,-0.208092,1.497626,0.475376,-0.416278,1.437276,0.475204,-0.069118,1.445131,0.482505,-0.455910,1.170109,0.368243,0.030286,1.178192,0.542892,-0.484674,0.891966,0.326237,0.012002,0.961179,0.723256,-0.422737,0.127289,0.895495,-0.085292,0.056080,0.422391,,,,,,,,,,-0.469886,0.876310,0.338880,-0.436383,0.835392,0.331720,-0.417496,0.807612,0.319121,-0.451940,0.802432,0.313043,-0.429949,0.777613,0.296885,-0.409372,0.767146,0.283625,-0.464663,0.807267,0.291294,-0.441271,0.787284,0.266856,-0.422365,0.780504,0.250073,-0.475192,0.812632,0.273734,-0.454068,0.794399,0.248732,-0.436975,0.791678,0.233647,-0.483065,0.824494,0.257130,-0.463385,0.812323,0.233838,-0.446325,0.811745,0.218834,-0.007747,0.956084,0.737667,-0.041788,0.915301,0.742753,-0.053703,0.881491,0.741227,-0.022639,0.883006,0.767424,-0.041682,0.851669,0.763431,-0.058299,0.835778,0.750004,-0.002674,0.873859,0.754158,-0.019859,0.839141,0.747607,-0.034725,0.827047,0.729773,0.013829,0.867549,0.742502,-0.001701,0.834424,0.734412,-0.014642,0.828870,0.716285,0.028162,0.865986,0.726055,0.013626,0.838022,0.716859,0.000269,0.827524,0.701754,,,
68,2.267,-0.241634,0.965729,0.478977,-0.361374,0.958830,0.478425,-0.121894,0.972628,0.479529,-0.388870,0.578732,0.709948,-0.102421,0.529243,0.436364,-0.407024,0.193469,0.866492,-0.104535,0.147770,0.269819,-0.248397,1.082634,0.484730,-0.243958,1.296175,0.503339,-0.254155,1.536887,0.532540,-0.258455,1.634149,0.568912,-0.287436,1.483793,0.525669,-0.216680,1.486262,0.530059,-0.424446,1.424202,0.522709,-0.077510,1.435731,0.544147,-0.453167,1.162590,0.399730,0.030479,1.178388,0.627194,-0.478310,0.887868,0.337677,0.004246,0.973620,0.820436,-0.445021,0.185476,1.041359,-0.081955,0.058190,0.423285,,,,,,,,,,-0.464650,0.871645,0.350862,-0.430022,0.831483,0.344870,-0.409596,0.804628,0.332674,-0.443153,0.799504,0.322912,-0.418928,0.776464,0.307327,-0.396848,0.767498,0.295458,-0.453690,0.805458,0.300289,-0.427484,0.787574,0.277113,-0.406835,0.782273,0.261927,-0.462474,0.811719,0.282078,-0.438395,0.795696,0.258262,-0.419777,0.794371,0.244893,-0.468803,0.824436,0.265447,-0.446651,0.814043,0.243556,-0.428171,0.814647,0.230342,-0.016654,0.969331,0.833414,-0.050191,0.928237,0.839288,-0.061681,0.894256,0.840061,-0.032778,0.898973,0.868590,-0.050883,0.866977,0.865584,-0.065886,0.849599,0.852098,-0.011482,0.889202,0.858136,-0.027279,0.853553,0.853316,-0.040149,0.839484,0.835380,0.006159,0.882305,0.848690,-0.008020,0.848228,0.842241,-0.019111,0.840777,0.823575,0.021992,0.879619,0.833841,0.008687,0.850613,0.826133,-0.003129,0.838457,0.810986,,,
69,2.300,-0.245490,0.950570,0.537978,-0.365139,0.942370,0.539558,-0.125841,0.958771,0.536398,-0.389327,0.582324,0.801502,-0.101443,0.518844,0.467831,-0.418896,0.206499,0.977980,-0.105515,0.151414,0.272274,-0.253412,1.067374,0.544278,-0.250052,1.281030,0.561758,-0.262204,1.521810,0.589623,-0.267172,1.619226,0.625494,-0.295040,1.468482,0.582428,-0.224388,1.471403,0.588038,-0.432095,1.409347,0.575319,-0.085814,1.421113,0.607747,-0.453048,1.151652,0.442865,0.027105,1.172976,0.710026,-0.477114,0.881233,0.363812,-0.002999,0.976760,0.911405,-0.456554,0.231718,1.151277,-0.081699,0.059969,0.424448,,,,,,,,,,-0.464186,0.864344,0.376898,-0.428979,0.824698,0.370847,-0.407508,0.798582,0.358843,-0.440506,0.793954,0.346369,-0.414150,0.774083,0.329903,-0.391025,0.767700,0.318358,-0.449661,0.801129,0.323501,-0.421279,0.786334,0.300713,-0.399513,0.783170,0.286524,-0.457342,0.808371,0.305155,-0.430867,0.795418,0.282023,-0.411288,0.795984,0.270047,-0.462716,0.821977,0.288896,-0.438835,0.813458,0.268037,-0.419483,0.815257,0.256258,-0.024468,0.972682,0.923491,-0.056796,0.930862,0.930836,-0.066665,0.896485,0.933697,-0.040122,0.904783,0.963395,-0.056869,0.871953,0.961881,-0.070392,0.853000,0.948964,-0.017903,0.895078,0.955005,-0.032001,0.858507,0.952282,-0.043218,0.842536,0.934835,0.000508,0.888168,0.947175,-0.012022,0.853146,0.942667,-0.021686,0.843824,0.924048,0.017285,0.884943,0.933518,0.005441,0.854900,0.927604,-0.005057,0.841073,0.912927,,,
70,2.333,-0.250415,0.936748,0.599399,-0.370051,0.928832,0.602568,-0.130778,0.944665,0.596231,-0.393829,0.571353,0.868041,-0.105894,0.510142,0.499261,-0.416671,0.195107,1.044622,-0.108064,0.157153,0.278675,-0.257976,1.053571,0.605788,-0.256728,1.267258,0.623168,-0.269952,1.507967,0.651156,-0.275887,1.605416,0.686792,-0.302520,1.454590,0.643153,-0.232014,1.457635,0.650319,-0.439084,1.394986,0.631787,-0.093904,1.408133,0.674720,-0.453723,1.137996,0.497133,0.020660,1.165545,0.787901,-0.477289,0.871521,0.405533,-0.007581,0.972473,0.992563,-0.449252,0.215354,1.219592,-0.083692,0.059496,0.426849,,,,,,,,,,-0.464496,0.854009,0.417915,-0.428972,0.814908,0.410353,-0.407196,0.789599,0.397223,-0.439905,0.785479,0.384054,-0.412831,0.767685,0.366420,-0.389442,0.762878,0.354644,-0.448704,0.793836,0.361449,-0.419570,0.781160,0.338335,-0.397478,0.779388,0.324412,-0.456107,0.802023,0.343389,-0.428820,0.791106,0.320152,-0.408980,0.792818,0.308725,-0.461274,0.816464,0.327795,-0.436802,0.809287,0.307118,-0.417181,0.811866,0.295943,-0.029298,0.968605,1.004269,-0.060652,0.926444,1.013613,-0.069332,0.891986,1.018587,-0.044287,0.903234,1.048423,-0.060066,0.869895,1.048711,-0.072641,0.849705,1.036744,-0.021549,0.893642,1.041405,-0.034458,0.856538,1.040933,-0.044641,0.839021,1.024357,-0.002713,0.886760,1.034633,-0.014121,0.851154,1.032197,-0.022922,0.840301,1.013984,0.014571,0.883094,1.021741,0.003752,0.852367,1.017667,-0.005897,0.837228,1.003721,,,
71,2.367,-0.256350,0.924544,0.663558,-0.376104,0.918614,0.666644,-0.136597,0.930474,0.660473,-0.397423,0.552663,0.920530,-0.115511,0.503786,0.532702,-0.410265,0.169220,1.081992,-0.110818,0.165256,0.290547,-0.262034,1.041568,0.667880,-0.263268,1.255429,0.682966,-0.278502,1.496249,0.708898,-0.286327,1.593935,0.743506,-0.310555,1.442654,0.700298,-0.240308,1.446107,0.709533,-0.445998,1.381115,0.686169,-0.102388,1.398501,0.738375,-0.457883,1.121351,0.556664,0.012641,1.156841,0.853060,-0.481627,0.855551,0.463169,-0.007904,0.960353,1.055373,-0.433843,0.151800,1.258703,-0.085472,0.055121,0.429522,,,,,,,,,,-0.468769,0.837294,0.474350,-0.434488,0.797756,0.463883,-0.413993,0.772607,0.448566,-0.447125,0.769623,0.436937,-0.421188,0.752071,0.417448,-0.398419,0.747313,0.404497,-0.456606,0.779047,0.415039,-0.428679,0.766575,0.390377,-0.407173,0.764814,0.375560,-0.464519,0.788093,0.397616,-0.438380,0.777504,0.372950,-0.418951,0.779224,0.360839,-0.469956,0.803241,0.382805,-0.446364,0.796220,0.361077,-0.427066,0.798708,0.349333,-0.029577,0.956590,1.067195,-0.060065,0.914268,1.078476,-0.067599,0.879807,1.085038,-0.043339,0.893112,1.114406,-0.058237,0.859461,1.116900,-0.070324,0.838232,1.106308,-0.020378,0.883681,1.107917,-0.032334,0.846294,1.109623,-0.042065,0.827581,1.094116,-0.001377,0.876884,1.101533,-0.011782,0.840892,1.101149,-0.020244,0.828774,1.083585,0.016028,0.872972,1.088878,0.006292,0.841711,1.086472,-0.002773,0.825531,1.073325,,,
72,2.400,-0.263478,0.914695,0.730763,-0.383327,0.910152,0.731910,-0.143630,0.919238,0.729617,-0.400141,0.535661,0.973377,-0.126019,0.504320,0.567243,-0.405905,0.142885,1.111060,-0.110031,0.179081,0.307959,-0.267890,1.031819,0.733616,-0.271661,1.245917,0.744271,-0.287745,1.487311,0.763482,-0.298121,1.585577,0.795692,-0.319517,1.433468,0.755405,-0.249554,1.437253,0.766476,-0.454194,1.370613,0.739816,-0.111996,1.390966,0.798962,-0.468290,1.105978,0.620823,0.000475,1.145779,0.908586,-0.494366,0.836940,0.537794,-0.010979,0.940688,1.102924,-0.428408,0.084547,1.278918,-0.083405,0.047223,0.426242,,,,,,,,,,-0.481426,0.818181,0.548007,-0.449093,0.777728,0.535116,-0.430591,0.752267,0.517897,-0.464216,0.750283,0.508748,-0.440061,0.732255,0.487485,-0.418293,0.727008,0.473082,-0.474715,0.760225,0.487554,-0.448610,0.747181,0.461246,-0.428040,0.744933,0.445217,-0.483387,0.769693,0.470728,-0.459051,0.758615,0.444483,-0.440319,0.759891,0.431270,-0.489241,0.785158,0.456410,-0.467064,0.777517,0.433438,-0.448344,0.779438,0.420696,-0.032618,0.937059,1.114847,-0.062971,0.894843,1.126870,-0.069636,0.860301,1.133928,-0.046120,0.874316,1.163105,-0.060432,0.840623,1.167632,-0.072383,0.818689,1.158410,-0.023146,0.864842,1.156724,-0.034628,0.827426,1.160155,-0.044310,0.807943,1.145596,-0.004138,0.857994,1.150414,-0.013894,0.821836,1.151531,-0.022260,0.808883,1.134525,0.013253,0.853924,1.137790,0.004327,0.822365,1.136312,-0.004344,0.805631,1.123601,,,
73,2.433,-0.273208,0.908648,0.794972,-0.393095,0.905276,0.793848,-0.153320,0.912021,0.796096,-0.414137,0.535202,1.041710,-0.127389,0.495893,0.637989,-0.411456,0.129452,1.134571,-0.105967,0.197173,0.348902,-0.276518,1.025834,0.796473,-0.283358,1.239991,0.803926,-0.297243,1.481959,0.816486,-0.309665,1.580843,0.845964,-0.329460,1.428227,0.809499,-0.259588,1.431632,0.821244,-0.464334,1.365718,0.794230,-0.122695,1.384583,0.855409,-0.486928,1.096432,0.687627,-0.016046,1.131491,0.952126,-0.519716,0.823391,0.621837,-0.018459,0.913554,1.132288,-0.434869,0.041757,1.288997,-0.078812,0.037368,0.425134,,,,,,,,,,-0.506717,0.804926,0.632501,-0.475218,0.763550,0.620508,-0.457732,0.737264,0.603466,-0.491375,0.735189,0.595773,-0.467982,0.716254,0.574445,-0.446705,0.710336,0.559577,-0.502337,0.744342,0.574458,-0.476983,0.729988,0.548098,-0.456827,0.726895,0.531689,-0.511360,0.753187,0.557477,-0.487779,0.740742,0.531156,-0.469365,0.741245,0.517453,-0.517427,0.768093,0.542666,-0.495676,0.758942,0.519839,-0.477113,0.759885,0.506762,-0.040098,0.910196,1.144291,-0.071294,0.868454,1.155799,-0.078987,0.834027,1.162350,-0.054671,0.846949,1.191569,-0.069294,0.813488,1.196771,-0.081701,0.791596,1.188067,-0.031951,0.837086,1.184877,-0.043939,0.799860,1.188627,-0.054124,0.780406,1.174374,-0.013138,0.829934,1.178326,-0.023296,0.793891,1.179598,-0.032000,0.781001,1.162715,0.004081,0.825701,1.165520,-0.005146,0.794240,1.163816,-0.014056,0.777637,1.151098,,,
74,2.467,-0.284378,0.906068,0.856107,-0.404251,0.903308,0.853234,-0.164504,0.908829,0.858979,-0.434467,0.546292,1.118676,-0.116187,0.478891,0.751038,-0.418573,0.130792,1.137929,-0.097764,0.223234,0.423068,-0.287081,1.023279,0.856269,-0.294539,1.237468,0.862035,-0.308455,1.479596,0.870913,-0.322160,1.578809,0.898672,-0.340674,1.425758,0.864819,-0.270777,1.429357,0.876363,-0.475345,1.362200,0.852347,-0.133823,1.382225,0.910162,-0.506937,1.088584,0.760009,-0.029115,1.121277,0.985833,-0.544308,0.811591,0.717192,-0.018882,0.888349,1.145834,-0.444549,0.043374,1.292103,-0.079240,0.045210,0.430183,,,,,,,,,,-0.531302,0.794225,0.729557,-0.500320,0.751517,0.721545,-0.483860,0.723616,0.706125,-0.517073,0.720871,0.700157,-0.494384,0.699598,0.680325,-0.473537,0.691924,0.665651,-0.528276,0.727840,0.678153,-0.503410,0.710577,0.653105,-0.483515,0.705600,0.636841,-0.537478,0.734938,0.660464,-0.514504,0.719434,0.635253,-0.496330,0.718213,0.621277,-0.543644,0.748264,0.644253,-0.521988,0.736283,0.622679,-0.503422,0.735447,0.609599,-0.040188,0.884358,1.158233,-0.071113,0.842063,1.168372,-0.079212,0.807471,1.173386,-0.053544,0.818701,1.202486,-0.067877,0.784970,1.206652,-0.080478,0.763420,1.197390,-0.031029,0.809208,1.194662,-0.042734,0.771794,1.197268,-0.053289,0.752827,1.182634,-0.012412,0.802413,1.187229,-0.022451,0.766315,1.187097,-0.031612,0.754180,1.169899,0.004443,0.798865,1.173750,-0.004768,0.767496,1.170750,-0.013995,0.751482,1.157514,,,
75,2.500,-0.294678,0.907668,0.915970,-0.414502,0.905411,0.911207,-0.174854,0.909925,0.920733,-0.449038,0.544798,1.171205,-0.108727,0.470230,0.887148,-0.423006,0.130439,1.141340,-0.095032,0.262184,0.526880,-0.296847,1.024885,0.914991,-0.303460,1.239124,0.919869,-0.316666,1.481324,0.927849,-0.330839,1.580540,0.955358,-0.349091,1.427541,0.922383,-0.279050,1.431013,0.933063,-0.483621,1.363100,0.913417,-0.141868,1.383132,0.964824,-0.524447,1.085516,0.838118,-0.041334,1.115363,1.019382,-0.564380,0.805976,0.823357,-0.022685,0.869846,1.158428,-0.450505,0.043092,1.295289,-0.075184,0.088780,0.486589,,,,,,,,,,-0.551601,0.789762,0.837408,-0.521690,0.745714,0.833788,-0.507003,0.716139,0.819760,-0.539404,0.713320,0.816065,-0.517910,0.689077,0.798433,-0.497669,0.678967,0.784402,-0.550740,0.718107,0.793552,-0.526710,0.697478,0.770298,-0.507197,0.690169,0.754458,-0.560015,0.723446,0.775291,-0.538135,0.704299,0.751661,-0.520322,0.700802,0.737605,-0.566097,0.735064,0.757786,-0.544839,0.720029,0.737785,-0.526359,0.717118,0.724883,-0.043640,0.865101,1.171156,-0.074486,0.822327,1.179330,-0.082218,0.787404,1.182156,-0.056053,0.796649,1.211254,-0.070452,0.762747,1.213226,-0.083395,0.742005,1.202680,-0.033830,0.787627,1.202142,-0.045528,0.750124,1.202615,-0.056554,0.732161,1.187088,-0.015477,0.781286,1.193719,-0.025691,0.745312,1.191386,-0.035404,0.734416,1.173670,0.000956,0.778598,1.179537,-0.008421,0.747486,1.174852,-0.018082,0.732336,1.160926,,,
76,2.533,-0.303566,0.912655,0.974274,-0.423268,0.911096,0.966883,-0.183864,0.914215,0.981665,-0.458468,0.538758,1.209696,-0.114148,0.475714,1.022758,-0.426890,0.128522,1.146667,-0.102098,0.289513,0.650672,-0.304970,1.029872,0.972269,-0.310096,1.244160,0.976733,-0.320603,1.486431,0.986392,-0.333662,1.585545,1.014804,-0.353722,1.433004,0.981645,-0.283355,1.435720,0.990179,-0.488319,1.368257,0.976855,-0.145731,1.386398,1.017513,-0.537124,1.087347,0.921203,-0.052628,1.113327,1.056853,-0.577664,0.808012,0.938057,-0.025134,0.858041,1.175317,-0.456243,0.041618,1.300524,-0.064380,0.119817,0.607463,,,,,,,,,,-0.564948,0.793015,0.953453,-0.535860,0.748274,0.953756,-0.522452,0.717283,0.941633,-0.554404,0.714638,0.939545,-0.533996,0.687937,0.924340,-0.514331,0.675695,0.911216,-0.566007,0.717410,0.916830,-0.542963,0.693811,0.895482,-0.523943,0.684349,0.880191,-0.575474,0.721109,0.898265,-0.554574,0.698958,0.876440,-0.537132,0.693493,0.862548,-0.581628,0.731070,0.879790,-0.561018,0.713663,0.861077,-0.542820,0.709088,0.848256,-0.045758,0.852392,1.188215,-0.076450,0.809135,1.194108,-0.082968,0.773852,1.194341,-0.057233,0.781241,1.223619,-0.071674,0.747301,1.223249,-0.084908,0.727478,1.211380,-0.035270,0.772900,1.213308,-0.047005,0.735459,1.211296,-0.058443,0.718716,1.194739,-0.017153,0.767182,1.203976,-0.027449,0.731466,1.199259,-0.037614,0.721904,1.181034,-0.001100,0.765521,1.189213,-0.010399,0.734725,1.182660,-0.020317,0.720484,1.167975,,,
77,2.567,-0.310350,0.921187,1.031319,-0.429900,0.920369,1.021688,-0.190800,0.922004,1.040951,-0.460731,0.530411,1.235731,-0.124206,0.494855,1.150228,-0.428684,0.124189,1.150759,-0.114969,0.292489,0.786599,-0.310920,1.038392,1.028445,-0.314548,1.252712,1.032858,-0.322266,1.494979,1.044944,-0.332726,1.594037,1.074602,-0.356084,1.441896,1.041419,-0.285359,1.443902,1.046481,-0.490715,1.377073,1.043423,-0.147038,1.393044,1.066512,-0.544660,1.093591,1.009995,-0.060933,1.115947,1.090738,-0.580767,0.817825,1.061031,-0.021098,0.853340,1.187749,-0.459014,0.036963,1.304245,-0.070930,0.120257,0.764622,,,,,,,,,,-0.567419,0.804465,1.077371,-0.538745,0.759626,1.081273,-0.526198,0.727283,1.072125,-0.558277,0.724880,1.071869,-0.538906,0.696187,1.059136,-0.520006,0.682107,1.046754,-0.570990,0.725257,1.049587,-0.549355,0.698942,1.030012,-0.531255,0.687439,1.015007,-0.581352,0.726990,1.031212,-0.561606,0.702445,1.010929,-0.544875,0.695381,0.996884,-0.588346,0.734907,1.012061,-0.568911,0.715462,0.994113,-0.551475,0.709449,0.980833,-0.040778,0.846353,1.201442,-0.070463,0.802228,1.205889,-0.075557,0.766791,1.203505,-0.049033,0.772512,1.231889,-0.062863,0.738357,1.230238,-0.076538,0.719078,1.217980,-0.027668,0.765379,1.219604,-0.039081,0.728008,1.215504,-0.051377,0.712387,1.198471,-0.010113,0.760716,1.208738,-0.020064,0.725204,1.202127,-0.031220,0.716752,1.183932,0.004983,0.760475,1.192912,-0.003981,0.730038,1.184483,-0.014445,0.716743,1.169299,,,
78,2.600,-0.314041,0.932094,1.087194,-0.433509,0.932010,1.076568,-0.194572,0.932178,1.097820,-0.455741,0.523349,1.253583,-0.129929,0.523542,1.264165,-0.427906,0.119850,1.155208,-0.128581,0.284200,0.923611,-0.313814,1.049284,1.083720,-0.316533,1.263620,1.088007,-0.322256,1.505883,1.101234,-0.329705,1.604905,1.131901,-0.356505,1.452990,1.099433,-0.285597,1.454608,1.100564,-0.491123,1.388991,1.110089,-0.146818,1.402330,1.111865,-0.547885,1.104283,1.099660,-0.066009,1.122633,1.116641,-0.572043,0.835908,1.185372,-0.013857,0.854311,1.189057,-0.457444,0.032672,1.308875,-0.093346,0.108759,0.931687,,,,,,,,,,-0.557241,0.824611,1.202014,-0.528266,0.780348,1.209023,-0.515936,0.747074,1.203732,-0.548526,0.744887,1.205969,-0.529979,0.714800,1.195413,-0.512041,0.699250,1.183362,-0.563220,0.742541,1.185068,-0.543278,0.713847,1.167102,-0.526534,0.700443,1.152101,-0.575217,0.742015,1.167639,-0.556904,0.715449,1.148596,-0.541350,0.706956,1.133999,-0.583941,0.747487,1.148343,-0.566281,0.725868,1.131060,-0.550183,0.718207,1.116965,-0.031737,0.845685,1.204206,-0.060327,0.800768,1.207817,-0.065248,0.765612,1.202601,-0.035751,0.769159,1.228192,-0.048930,0.734798,1.225707,-0.063628,0.716052,1.213810,-0.015915,0.763631,1.212888,-0.027376,0.726538,1.206855,-0.041467,0.712194,1.190093,0.000284,0.760354,1.199664,-0.009752,0.725252,1.191237,-0.022833,0.718053,1.173802,0.013421,0.761897,1.182245,0.004156,0.732124,1.171974,-0.007708,0.720011,1.156831,,,
79,2.633,-0.314022,0.944494,1.143037,-0.433444,0.945237,1.131929,-0.194600,0.943752,1.154145,-0.448231,0.520543,1.267018,-0.136125,0.556896,1.368051,-0.426194,0.119270,1.158584,-0.140081,0.273354,1.063335,-0.312941,1.061670,1.139248,-0.316076,1.276017,1.142634,-0.319228,1.518346,1.155500,-0.323744,1.617349,1.186797,-0.353935,1.465722,1.155591,-0.283053,1.466782,1.153093,-0.488547,1.403720,1.174744,-0.144559,1.412657,1.156298,-0.548012,1.119606,1.186274,-0.069853,1.131666,1.140589,-0.554413,0.863172,1.305252,-0.011896,0.859129,1.188810,-0.454691,0.032480,1.312667,-0.112456,0.103222,1.112103,,,,,,,,,,-0.537566,0.854165,1.321335,-0.507151,0.811274,1.330466,-0.493754,0.778021,1.329096,-0.526965,0.775645,1.334369,-0.508899,0.744648,1.325801,-0.491989,0.727859,1.313928,-0.543948,0.770575,1.315819,-0.525640,0.739888,1.299482,-0.510469,0.724732,1.284474,-0.557883,0.767766,1.300137,-0.541161,0.739276,1.282460,-0.527149,0.729252,1.267285,-0.568896,0.770676,1.281465,-0.553150,0.746970,1.265094,-0.538750,0.737564,1.250239,-0.027899,0.849326,1.205285,-0.057228,0.804836,1.208191,-0.064017,0.770515,1.200234,-0.031236,0.770818,1.221808,-0.045358,0.736944,1.218107,-0.061946,0.719509,1.206714,-0.013782,0.766524,1.203500,-0.027070,0.730410,1.195575,-0.043701,0.718014,1.179605,0.000416,0.764324,1.187957,-0.011500,0.730311,1.177709,-0.026944,0.724980,1.161584,0.011187,0.767411,1.169173,0.000000,0.738920,1.157301,-0.013967,0.728461,1.142730,,,
80,2.667,-0.313430,0.955605,1.199449,-0.432767,0.957189,1.187549,-0.194092,0.954020,1.211349,-0.440068,0.520026,1.275112,-0.142054,0.590937,1.464914,-0.423974,0.121031,1.157608,-0.147154,0.259424,1.213247,-0.311506,1.072773,1.195755,-0.314971,1.287119,1.198793,-0.314825,1.529466,1.211701,-0.316286,1.628364,1.243616,-0.350071,1.477231,1.213451,-0.279378,1.477505,1.207606,-0.484507,1.417602,1.239960,-0.141771,1.421234,1.203341,-0.547015,1.135656,1.271407,-0.074058,1.140407,1.166807,-0.528943,0.896016,1.420408,-0.015269,0.864974,1.192125,-0.451248,0.033484,1.311484,-0.121419,0.108699,1.306552,,,,,,,,,,-0.509781,0.889695,1.435122,-0.476264,0.849416,1.445229,-0.460800,0.817067,1.446490,-0.493546,0.813835,1.455841,-0.474919,0.782695,1.449213,-0.458592,0.765140,1.437635,-0.512411,0.805886,1.440376,-0.494670,0.774015,1.425774,-0.480671,0.757597,1.410956,-0.528018,0.800647,1.427073,-0.512206,0.770609,1.411216,-0.499664,0.759127,1.395789,-0.541401,0.800818,1.409774,-0.526699,0.775711,1.394559,-0.513820,0.764963,1.379227,-0.029868,0.854331,1.209365,-0.061467,0.811373,1.211388,-0.071290,0.778485,1.200935,-0.036322,0.774797,1.218330,-0.052843,0.742245,1.213042,-0.071682,0.726962,1.202065,-0.021401,0.771560,1.197711,-0.037820,0.737226,1.187953,-0.056950,0.727467,1.172982,-0.009256,0.770278,1.180423,-0.024434,0.738197,1.168409,-0.041945,0.735404,1.153831,-0.000540,0.774768,1.160871,-0.014735,0.748259,1.147697,-0.030889,0.740077,1.133953,,,
81,2.700,-0.312981,0.962490,1.254692,-0.432211,0.964813,1.241876,-0.193750,0.960167,1.267508,-0.431676,0.520690,1.281709,-0.147094,0.619665,1.551611,-0.421903,0.124008,1.155965,-0.150289,0.244303,1.371731,-0.310370,1.079663,1.251643,-0.314111,1.293979,1.256172,-0.310186,1.536195,1.270823,-0.308703,1.634836,1.303522,-0.346003,1.484405,1.273782,-0.275647,1.483816,1.264756,-0.480057,1.427150,1.306688,-0.139242,1.425731,1.252916,-0.547041,1.148641,1.355012,-0.079093,1.146805,1.194897,-0.496634,0.930740,1.528026,-0.023141,0.869659,1.199345,-0.447817,0.036046,1.309839,-0.122525,0.125590,1.502966,,,,,,,,,,-0.475625,0.927355,1.541095,-0.438908,0.890340,1.552484,-0.421217,0.859373,1.556388,-0.452808,0.855888,1.569721,-0.433136,0.824963,1.565566,-0.417071,0.806632,1.554857,-0.472775,0.845064,1.557786,-0.454856,0.812204,1.545833,-0.441581,0.794430,1.531943,-0.489428,0.837361,1.547234,-0.473798,0.805925,1.534149,-0.462378,0.792780,1.519185,-0.504631,0.834547,1.531764,-0.490294,0.808115,1.518584,-0.478584,0.795799,1.503494,-0.036900,0.857998,1.216618,-0.070826,0.816805,1.216980,-0.083458,0.785808,1.204057,-0.047509,0.778414,1.217851,-0.066527,0.747659,1.210572,-0.087162,0.734809,1.199708,-0.034569,0.776644,1.195768,-0.053904,0.744545,1.183962,-0.074787,0.737562,1.169804,-0.023993,0.776602,1.177433,-0.042191,0.746951,1.163521,-0.060995,0.746769,1.150357,-0.016658,0.782716,1.157756,-0.033562,0.758595,1.143256,-0.051300,0.752848,1.130251,,,
82,2.733,-0.311447,0.965298,1.309320,-0.430603,0.968364,1.295985,-0.192290,0.962233,1.322654,-0.426657,0.522487,1.292651,-0.155968,0.635974,1.624430,-0.420161,0.129766,1.154841,-0.148434,0.229536,1.534904,-0.308234,1.082483,1.307551,-0.312950,1.296716,1.314448,-0.304573,1.538645,1.331738,-0.300693,1.636936,1.365284,-0.341050,1.487378,1.335604,-0.271155,1.485821,1.323608,-0.474576,1.432607,1.374364,-0.136205,1.426400,1.304161,-0.547568,1.158783,1.438257,-0.084752,1.150891,1.225226,-0.462890,0.964698,1.625649,-0.033991,0.873067,1.211158,-0.444695,0.041291,1.308647,-0.119945,0.143434,1.689374,,,,,,,,,,-0.440561,0.963902,1.636804,-0.401527,0.929981,1.649980,-0.382069,0.900652,1.656934,-0.412325,0.898478,1.673818,-0.392003,0.867725,1.672472,-0.376417,0.848280,1.663102,-0.432972,0.885459,1.665916,-0.415027,0.851511,1.657593,-0.402488,0.832018,1.645432,-0.450302,0.875810,1.658527,-0.434879,0.842985,1.649126,-0.424515,0.827816,1.635357,-0.466868,0.870222,1.645385,-0.452786,0.842325,1.635316,-0.442080,0.827959,1.621333,-0.047031,0.860061,1.228022,-0.082631,0.820337,1.226388,-0.097533,0.791444,1.211205,-0.061020,0.781270,1.221382,-0.082087,0.752462,1.212062,-0.104044,0.741886,1.201339,-0.049716,0.781505,1.198351,-0.071306,0.751744,1.184503,-0.093412,0.747259,1.171216,-0.040436,0.783123,1.179397,-0.061007,0.756017,1.163714,-0.080675,0.758088,1.152060,-0.034206,0.791121,1.160016,-0.053288,0.769475,1.144359,-0.072182,0.765920,1.132228,,,
83,2.767,-0.309719,0.964760,1.365759,-0.428710,0.970291,1.351758,-0.190728,0.959229,1.379760,-0.426768,0.526899,1.304501,-0.170139,0.628642,1.678291,-0.420986,0.138875,1.153946,-0.145814,0.213283,1.690465,-0.304285,1.081876,1.365839,-0.311304,1.295987,1.374364,-0.297794,1.537463,1.394503,-0.292110,1.635320,1.429046,-0.335042,1.486813,1.399087,-0.265694,1.484163,1.384405,-0.467837,1.434569,1.443444,-0.132493,1.423556,1.357863,-0.547528,1.167054,1.523910,-0.091056,1.152285,1.260505,-0.433189,0.994629,1.716657,-0.046741,0.874655,1.230200,-0.444148,0.048521,1.306870,-0.117645,0.162330,1.859866,,,,,,,,,,-0.409955,0.995886,1.725724,-0.369115,0.964957,1.740673,-0.348007,0.937679,1.750550,-0.377023,0.937716,1.770214,-0.356222,0.907331,1.772373,-0.341053,0.886682,1.765140,-0.397968,0.923385,1.766447,-0.379941,0.888695,1.762523,-0.367976,0.867529,1.752831,-0.415644,0.912493,1.762334,-0.400302,0.878684,1.757303,-0.390789,0.861490,1.745429,-0.433163,0.904665,1.751835,-0.419124,0.875675,1.745477,-0.409177,0.859287,1.733271,-0.058966,0.860299,1.246573,-0.096002,0.821995,1.243562,-0.113177,0.795285,1.226858,-0.076246,0.783090,1.232868,-0.099305,0.756385,1.222112,-0.122472,0.747993,1.212021,-0.066668,0.785457,1.209184,-0.090363,0.758075,1.193940,-0.113536,0.755764,1.181982,-0.058756,0.788822,1.189842,-0.081572,0.764301,1.173048,-0.101956,0.768282,1.163273,-0.053686,0.798660,1.170977,-0.074745,0.779384,1.154766,-0.094628,0.777634,1.143886,,,
84,2.800,-0.308338,0.960105,1.424417,-0.427085,0.967850,1.409427,-0.189590,0.952360,1.439406,-0.428367,0.529546,1.327448,-0.178536,0.602050,1.715074,-0.422076,0.150887,1.154701,-0.145963,0.198069,1.809952,-0.300983,1.077096,1.426601,-0.309257,1.291127,1.435969,-0.292147,1.532217,1.457922,-0.285453,1.629765,1.493149,-0.329882,1.481987,1.463107,-0.261019,1.478624,1.446422,-0.461297,1.430610,1.512320,-0.129272,1.417683,1.414033,-0.546522,1.170508,1.609652,-0.096575,1.150518,1.302959,-0.405463,1.017977,1.801464,-0.057512,0.873772,1.259992,-0.444567,0.057538,1.305917,-0.119194,0.183112,1.986435,,,,,,,,,,-0.381964,1.021216,1.809270,-0.339795,0.994080,1.827529,-0.317006,0.969797,1.840876,-0.345907,0.972005,1.861479,-0.324171,0.943039,1.868488,-0.308573,0.921803,1.864676,-0.366576,0.956812,1.860979,-0.347698,0.922402,1.862779,-0.335408,0.900113,1.856673,-0.384085,0.945021,1.859437,-0.367985,0.911195,1.860027,-0.358360,0.892358,1.851101,-0.401746,0.935184,1.851087,-0.387037,0.905880,1.849392,-0.376979,0.887851,1.839891,-0.068981,0.858286,1.275874,-0.107255,0.821281,1.272180,-0.126445,0.796563,1.254627,-0.089457,0.783051,1.256689,-0.114290,0.758301,1.245230,-0.138434,0.751727,1.236128,-0.081495,0.787322,1.232676,-0.107031,0.762067,1.216748,-0.131033,0.761469,1.206313,-0.074861,0.792234,1.213186,-0.099642,0.770018,1.195975,-0.120521,0.775447,1.188129,-0.070834,0.803613,1.194946,-0.093624,0.786397,1.178758,-0.114291,0.786081,1.169294,,,
85,2.833,-0.307943,0.950679,1.485757,-0.426550,0.959495,1.470266,-0.189334,0.941862,1.501247,-0.425199,0.531677,1.344559,-0.176654,0.562194,1.734751,-0.423276,0.158553,1.160063,-0.150521,0.179329,1.895981,-0.299820,1.067559,1.490084,-0.306334,1.281569,1.501158,-0.287673,1.522418,1.524449,-0.280491,1.619842,1.559924,-0.325569,1.472339,1.529908,-0.257003,1.468755,1.512087,-0.455821,1.420956,1.582114,-0.126265,1.408246,1.475119,-0.545273,1.168259,1.694063,-0.100168,1.144319,1.354931,-0.385415,1.029943,1.881866,-0.064520,0.868858,1.301913,-0.444704,0.061912,1.309353,-0.130228,0.180412,2.073951,,,,,,,,,,-0.362078,1.035377,1.888900,-0.318709,1.013244,1.910746,-0.294155,0.992946,1.927247,-0.323783,0.996358,1.947711,-0.300639,0.970239,1.959658,-0.283881,0.949552,1.959606,-0.343746,0.980364,1.949695,-0.323316,0.947646,1.957171,-0.309963,0.925254,1.954845,-0.360707,0.967709,1.950106,-0.343117,0.935211,1.956290,-0.332603,0.915608,1.950604,-0.377915,0.955938,1.943493,-0.361980,0.927386,1.946463,-0.351142,0.908505,1.939944,-0.075339,0.852214,1.317063,-0.114351,0.816093,1.312449,-0.134962,0.793134,1.294132,-0.098058,0.779112,1.292822,-0.124041,0.755893,1.280726,-0.148795,0.750561,1.272494,-0.091371,0.785310,1.268840,-0.118108,0.761784,1.252249,-0.142642,0.762351,1.243135,-0.085749,0.791779,1.249486,-0.111854,0.771445,1.231911,-0.133040,0.777793,1.225763,-0.082556,0.804616,1.232067,-0.106593,0.789136,1.215930,-0.127795,0.789945,1.207768,,,
86,2.867,-0.304511,0.936446,1.544370,-0.423198,0.944555,1.529099,-0.185824,0.928337,1.559642,-0.417354,0.528492,1.368818,-0.176332,0.550202,1.795771,-0.423530,0.168452,1.160020,-0.154785,0.162739,1.946340,-0.297100,1.053367,1.548858,-0.301704,1.267362,1.561124,-0.282100,1.508006,1.585727,-0.274282,1.605392,1.621170,-0.320100,1.458008,1.591211,-0.251704,1.454327,1.572767,-0.450168,1.407385,1.644607,-0.121821,1.393765,1.532984,-0.542299,1.159787,1.765426,-0.099763,1.131330,1.408785,-0.375336,1.026869,1.950929,-0.065858,0.857152,1.348478,-0.444090,0.061850,1.302497,-0.134645,0.150174,2.123887,,,,,,,,,,-0.352187,1.033956,1.957054,-0.307683,1.015967,1.980373,-0.282510,0.998080,1.998636,-0.311651,1.002666,2.018903,-0.287433,0.978316,2.032363,-0.270046,0.958191,2.033590,-0.330882,0.986125,2.022755,-0.309008,0.955019,2.032640,-0.294802,0.933044,2.032009,-0.347274,0.972872,2.024667,-0.328217,0.941792,2.033308,-0.316982,0.922209,2.029138,-0.364021,0.959785,2.019505,-0.346720,0.932413,2.024926,-0.335083,0.913505,2.020073,-0.076466,0.839427,1.362511,-0.116143,0.804317,1.356109,-0.137686,0.783220,1.336662,-0.101013,0.768921,1.332948,-0.127677,0.747125,1.319738,-0.152734,0.742790,1.311842,-0.094960,0.777034,1.309372,-0.122385,0.755199,1.291632,-0.147151,0.756722,1.283289,-0.089827,0.785040,1.290463,-0.116684,0.766548,1.272008,-0.137951,0.773607,1.267027,-0.086967,0.799259,1.274091,-0.111637,0.785408,1.257436,-0.133047,0.787046,1.249971,,,
87,2.900,-0.299913,0.923464,1.603812,-0.418870,0.928555,1.589357,-0.180956,0.918373,1.618267,-0.407906,0.519025,1.413295,-0.176540,0.556601,1.878907,-0.421128,0.178635,1.174081,-0.158726,0.155060,1.987128,-0.295179,1.040588,1.606107,-0.298121,1.254661,1.617500,-0.277102,1.495227,1.641686,-0.267928,1.592722,1.676500,-0.315347,1.445444,1.647409,-0.247056,1.441366,1.628663,-0.445911,1.396376,1.701046,-0.118131,1.379218,1.588212,-0.541310,1.149265,1.820316,-0.096414,1.115247,1.467252,-0.380169,1.013455,2.008849,-0.062615,0.841114,1.406678,-0.443068,0.055155,1.301978,-0.134887,0.112383,2.159455,,,,,,,,,,-0.357147,1.020756,2.015197,-0.312959,1.003420,2.039586,-0.289080,0.985024,2.059042,-0.317497,0.990891,2.078312,-0.293632,0.966053,2.091509,-0.276580,0.945633,2.092529,-0.336727,0.974357,2.082194,-0.314973,0.943195,2.092165,-0.300833,0.921176,2.091595,-0.353100,0.961082,2.084114,-0.334077,0.930042,2.092969,-0.322809,0.910452,2.088920,-0.369716,0.947827,2.078953,-0.352190,0.920709,2.084904,-0.340307,0.901860,2.080431,-0.073587,0.822828,1.419673,-0.113823,0.788810,1.411198,-0.135791,0.769079,1.390816,-0.099185,0.754487,1.386179,-0.126109,0.733917,1.371600,-0.151170,0.730426,1.363312,-0.092886,0.763780,1.363109,-0.120434,0.743295,1.344003,-0.145112,0.745550,1.335562,-0.087529,0.772726,1.344689,-0.114481,0.755626,1.325066,-0.135622,0.763202,1.320306,-0.084353,0.787772,1.329136,-0.109140,0.775156,1.311693,-0.130490,0.777406,1.304216,,,
88,2.933,-0.295644,0.914663,1.666669,-0.414779,0.917917,1.653183,-0.176509,0.911408,1.680155,-0.410893,0.506558,1.481133,-0.167719,0.558499,1.952572,-0.417368,0.197405,1.202483,-0.160061,0.146136,2.008797,-0.292621,1.031855,1.668247,-0.293328,1.246012,1.678352,-0.272726,1.486906,1.699425,-0.261096,1.584578,1.732988,-0.310799,1.437104,1.706060,-0.242648,1.432963,1.686824,-0.441364,1.388696,1.760289,-0.114448,1.369223,1.646548,-0.537010,1.136305,1.867715,-0.086459,1.101043,1.536638,-0.389869,0.990454,2.060153,-0.047927,0.825571,1.485741,-0.444891,0.048230,1.297749,-0.140499,0.077599,2.173133,,,,,,,,,,-0.367377,0.997505,2.068401,-0.325140,0.979353,2.095504,-0.304108,0.959231,2.116478,-0.332557,0.965740,2.133410,-0.309837,0.940352,2.147547,-0.292995,0.919797,2.149179,-0.352035,0.949157,2.135375,-0.331185,0.917485,2.145667,-0.317152,0.895394,2.145262,-0.368515,0.935879,2.135691,-0.350373,0.904474,2.145091,-0.338925,0.884925,2.141364,-0.384711,0.922825,2.128932,-0.367638,0.895479,2.135155,-0.355458,0.876767,2.130914,-0.059485,0.807125,1.497981,-0.099460,0.773415,1.487324,-0.120909,0.753938,1.466159,-0.083935,0.739437,1.462371,-0.110775,0.719789,1.446430,-0.135590,0.716993,1.437192,-0.076666,0.749072,1.439730,-0.103651,0.729257,1.419168,-0.127952,0.731913,1.409802,-0.070531,0.758288,1.421690,-0.097032,0.741906,1.400877,-0.117917,0.749803,1.395545,-0.066670,0.773568,1.406525,-0.091209,0.761419,1.388414,-0.112372,0.763932,1.380501,,,
89,2.967,-0.288305,0.911000,1.728295,-0.407637,0.913239,1.716444,-0.168973,0.908761,1.740147,-0.430769,0.487757,1.585056,-0.153702,0.556089,2.012583,-0.418749,0.220042,1.266548,-0.157653,0.139962,2.021892,-0.286238,1.028216,1.729627,-0.287058,1.242429,1.738454,-0.265165,1.483425,1.756898,-0.251404,1.581188,1.789373,-0.303385,1.433865,1.764437,-0.235463,1.429224,1.744515,-0.434257,1.387001,1.819278,-0.108619,1.362798,1.704287,-0.529595,1.126842,1.906560,-0.074448,1.089667,1.609337,-0.405437,0.959214,2.097455,-0.032800,0.811963,1.576075,-0.443103,0.044876,1.295008,-0.137873,0.057885,2.179874,,,,,,,,,,-0.383898,0.965117,2.108628,-0.345344,0.944122,2.138974,-0.328127,0.921425,2.160780,-0.357257,0.928237,2.174793,-0.336962,0.901275,2.189685,-0.320928,0.880130,2.191830,-0.377136,0.912074,2.173429,-0.358300,0.879190,2.183804,-0.344803,0.856767,2.183465,-0.393788,0.899239,2.170992,-0.377501,0.866800,2.180274,-0.366108,0.847207,2.176606,-0.409353,0.887086,2.161588,-0.393543,0.858925,2.167502,-0.381304,0.840259,2.163226,-0.045302,0.793906,1.587962,-0.084831,0.760283,1.575516,-0.104869,0.740591,1.553198,-0.068059,0.725600,1.552408,-0.095105,0.707183,1.535383,-0.119560,0.705539,1.524979,-0.059251,0.734640,1.530069,-0.085765,0.715502,1.508290,-0.109416,0.718922,1.497600,-0.051875,0.743378,1.512258,-0.078036,0.727606,1.490562,-0.098395,0.736110,1.484225,-0.046895,0.758265,1.497027,-0.071067,0.746183,1.478384,-0.091896,0.749119,1.469762,,,
90,3.000,-0.281506,0.910902,1.787121,-0.401045,0.912852,1.777515,-0.161968,0.908952,1.796727,-0.452380,0.474560,1.713504,-0.140862,0.548259,2.058047,-0.430922,0.256985,1.359295,-0.155863,0.133477,2.026521,-0.279710,1.028121,1.788566,-0.281684,1.242330,1.797304,-0.261316,1.483509,1.815100,-0.246913,1.581319,1.847150,-0.299250,1.433737,1.822688,-0.231251,1.429456,1.802949,-0.430312,1.386695,1.876920,-0.104689,1.362045,1.763474,-0.520452,1.119030,1.944892,-0.062191,1.084952,1.684755,-0.423236,0.923219,2.124230,-0.016441,0.806089,1.674612,-0.446295,0.081050,1.329349,-0.133543,0.048539,2.182641,,,,,,,,,,-0.403030,0.926989,2.138413,-0.368919,0.901247,2.170378,-0.355060,0.875574,2.191258,-0.385416,0.881961,2.202521,-0.367956,0.852664,2.216573,-0.352973,0.830717,2.218194,-0.405407,0.866847,2.197029,-0.389050,0.832242,2.205899,-0.376330,0.809397,2.204709,-0.421981,0.855029,2.191231,-0.407789,0.821142,2.198580,-0.396570,0.801622,2.194086,-0.436630,0.844620,2.178762,-0.422546,0.815262,2.182973,-0.410505,0.796663,2.177915,-0.028967,0.788612,1.687313,-0.066843,0.752829,1.675786,-0.084820,0.730964,1.653737,-0.047961,0.717020,1.656306,-0.074659,0.697654,1.639791,-0.098818,0.695485,1.628811,-0.038354,0.724573,1.633746,-0.064154,0.703994,1.612427,-0.087442,0.706745,1.600791,-0.030387,0.732132,1.615652,-0.055933,0.714750,1.594460,-0.076157,0.722693,1.587053,-0.025117,0.745939,1.599529,-0.048701,0.732082,1.581375,-0.069383,0.734135,1.572163,,,
91,3.033,-0.276358,0.914596,1.842130,-0.396099,0.916271,1.835431,-0.156617,0.912920,1.848828,-0.458534,0.474930,1.847769,-0.131852,0.539627,2.091463,-0.438186,0.286910,1.476962,-0.153077,0.128301,2.031267,-0.274806,1.031817,1.843712,-0.278047,1.245923,1.854379,-0.260487,1.487067,1.875357,-0.246726,1.584666,1.908319,-0.298111,1.436854,1.881437,-0.229601,1.433442,1.863366,-0.429980,1.387899,1.931890,-0.102230,1.366292,1.826115,-0.511970,1.114182,1.984296,-0.053100,1.086453,1.762393,-0.447829,0.887327,2.140429,-0.005275,0.808110,1.776468,-0.456153,0.114375,1.432295,-0.128295,0.043739,2.187220,,,,,,,,,,-0.428647,0.887230,2.156419,-0.398238,0.854077,2.185127,-0.386679,0.824472,2.201773,-0.417981,0.830060,2.211785,-0.402812,0.797681,2.220849,-0.388898,0.775055,2.219037,-0.438103,0.817390,2.202151,-0.424083,0.780802,2.205070,-0.412377,0.757897,2.200228,-0.454659,0.807818,2.193081,-0.442450,0.772421,2.194407,-0.431743,0.753570,2.186851,-0.468719,0.800770,2.177880,-0.456699,0.770230,2.177009,-0.445386,0.752175,2.169102,-0.016567,0.791476,1.791281,-0.051969,0.752128,1.784468,-0.068435,0.726657,1.765298,-0.030756,0.715592,1.769190,-0.056765,0.693238,1.755610,-0.080973,0.688751,1.745471,-0.021726,0.721026,1.745797,-0.046928,0.697131,1.727425,-0.070496,0.697644,1.716041,-0.014324,0.726888,1.726854,-0.039290,0.705993,1.708309,-0.059996,0.712098,1.700502,-0.010030,0.738996,1.709152,-0.033066,0.721909,1.693177,-0.053955,0.721801,1.684209,,,
92,3.067,-0.273674,0.922860,1.895976,-0.393511,0.924149,1.891188,-0.153836,0.921571,1.900763,-0.458621,0.490291,1.970942,-0.131743,0.531335,2.115381,-0.434768,0.296331,1.603418,-0.151600,0.123006,2.037047,-0.272483,1.040082,1.897744,-0.276164,1.254064,1.910551,-0.261071,1.494911,1.936316,-0.249234,1.592106,1.971164,-0.298640,1.444408,1.939761,-0.229327,1.441656,1.924934,-0.432141,1.393101,1.983080,-0.099966,1.375565,1.893029,-0.506040,1.114494,2.019229,-0.045111,1.093629,1.845207,-0.476722,0.862758,2.144627,0.001351,0.817631,1.885544,-0.458011,0.120498,1.578348,-0.125810,0.038477,2.192855,,,,,,,,,,-0.457963,0.857575,2.160275,-0.429776,0.816656,2.179748,-0.419540,0.783396,2.188473,-0.451219,0.787559,2.199003,-0.437406,0.753356,2.199015,-0.424306,0.731538,2.191195,-0.471642,0.778827,2.186161,-0.459281,0.742233,2.178959,-0.448499,0.721025,2.168046,-0.488379,0.772761,2.174713,-0.477664,0.737831,2.166414,-0.467594,0.721290,2.154082,-0.502360,0.770595,2.158033,-0.492099,0.740753,2.148970,-0.481672,0.724877,2.136492,-0.008491,0.802762,1.903027,-0.041391,0.760745,1.903302,-0.056953,0.731629,1.889249,-0.018187,0.723690,1.892967,-0.042614,0.697621,1.883785,-0.066592,0.689838,1.875216,-0.010065,0.726075,1.868747,-0.033985,0.698077,1.855053,-0.057786,0.695300,1.844512,-0.003493,0.729455,1.848913,-0.027135,0.704280,1.834383,-0.048352,0.707680,1.826306,-0.000402,0.738993,1.829475,-0.022252,0.718156,1.816584,-0.043154,0.715271,1.808125,,,
93,3.100,-0.275090,0.935938,1.949478,-0.394953,0.936998,1.945303,-0.155228,0.934878,1.953652,-0.462189,0.516886,2.078787,-0.141193,0.526084,2.131201,-0.429233,0.283952,1.735394,-0.152916,0.119307,2.043688,-0.274122,1.053159,1.951442,-0.277243,1.267074,1.965454,-0.264479,1.507660,1.994683,-0.255473,1.604513,2.031288,-0.302005,1.457013,1.995444,-0.231956,1.454629,1.984526,-0.437287,1.404022,2.030401,-0.100369,1.389743,1.960132,-0.504941,1.121939,2.045955,-0.041030,1.106174,1.930952,-0.503484,0.854666,2.138248,-0.001944,0.834619,1.999440,-0.449746,0.106048,1.739339,-0.127728,0.035041,2.199736,,,,,,,,,,-0.485291,0.844948,2.152328,-0.458785,0.799434,2.160927,-0.449157,0.764875,2.161182,-0.481534,0.767071,2.171527,-0.468497,0.733688,2.162796,-0.455693,0.714332,2.149749,-0.501855,0.762688,2.156490,-0.490326,0.728925,2.140031,-0.479864,0.711027,2.124053,-0.518454,0.760389,2.143560,-0.508427,0.728586,2.126477,-0.498472,0.715598,2.110374,-0.532052,0.763122,2.126649,-0.522625,0.736388,2.110085,-0.512458,0.724047,2.093935,-0.011867,0.822541,2.018915,-0.043619,0.780141,2.025394,-0.058169,0.748638,2.016268,-0.019148,0.742629,2.021883,-0.041645,0.713818,2.016945,-0.064830,0.703111,2.009410,-0.010421,0.741236,1.997797,-0.032710,0.710191,1.988685,-0.056051,0.704467,1.978306,-0.003391,0.741499,1.977833,-0.025197,0.712946,1.967199,-0.046242,0.713749,1.958067,-0.000017,0.747790,1.957159,-0.020429,0.724156,1.947030,-0.040798,0.718909,1.938408,,,
94,3.133,-0.280201,0.951864,2.001408,-0.400058,0.952730,1.997046,-0.160343,0.950998,2.005769,-0.466594,0.547059,2.169779,-0.154871,0.525037,2.137528,-0.426909,0.257792,1.873109,-0.156894,0.118499,2.048165,-0.279423,1.069088,2.003313,-0.281635,1.282916,2.018745,-0.271119,1.523352,2.050035,-0.265107,1.620037,2.087680,-0.308476,1.472594,2.048596,-0.237958,1.470477,2.041209,-0.445188,1.418723,2.075784,-0.104601,1.406797,2.024442,-0.508975,1.135444,2.067205,-0.041848,1.122645,2.014292,-0.527850,0.859471,2.125838,-0.015083,0.857802,2.109700,-0.446808,0.085092,1.916290,-0.133677,0.034135,2.204466,,,,,,,,,,-0.510422,0.846408,2.138055,-0.484792,0.799610,2.137038,-0.474827,0.765824,2.130229,-0.508324,0.766143,2.138903,-0.495254,0.734755,2.124599,-0.481932,0.717974,2.108796,-0.527973,0.765750,2.122409,-0.516245,0.735819,2.099818,-0.505306,0.721332,2.080962,-0.543980,0.766825,2.108604,-0.533879,0.738900,2.085757,-0.523460,0.729189,2.067750,-0.556757,0.773651,2.092217,-0.547334,0.751108,2.070286,-0.536831,0.742497,2.052064,-0.027172,0.848799,2.129610,-0.059574,0.807478,2.139135,-0.073092,0.774715,2.133550,-0.034970,0.770256,2.144370,-0.055997,0.740031,2.142167,-0.077918,0.727161,2.134244,-0.023586,0.765212,2.121937,-0.044431,0.732483,2.115780,-0.066419,0.724460,2.104054,-0.014350,0.762428,2.103096,-0.034255,0.731739,2.094983,-0.054097,0.730271,2.083533,-0.008648,0.765429,2.082195,-0.027432,0.739945,2.073502,-0.046533,0.732838,2.063430,,,
95,3.167,-0.286874,0.966865,2.056660,-0.406709,0.967436,2.051682,-0.167038,0.966295,2.061638,-0.469277,0.572329,2.248680,-0.166713,0.527543,2.141194,-0.431333,0.223344,2.024998,-0.162087,0.120036,2.056455,-0.286377,1.084096,2.058155,-0.287900,1.297765,2.075731,-0.279873,1.538080,2.108641,-0.276513,1.634747,2.146664,-0.316870,1.487135,2.105554,-0.246117,1.485430,2.100777,-0.454179,1.431908,2.126236,-0.111423,1.423330,2.089772,-0.515142,1.150290,2.089298,-0.044627,1.139980,2.095704,-0.545395,0.870295,2.114649,-0.032097,0.883691,2.214528,-0.456195,0.068607,2.111742,-0.141189,0.035305,2.212884,,,,,,,,,,-0.528643,0.855187,2.125363,-0.502450,0.809378,2.117403,-0.491260,0.777441,2.105487,-0.525655,0.776154,2.111492,-0.511683,0.746560,2.094475,-0.497178,0.731640,2.077867,-0.544186,0.778832,2.093951,-0.531151,0.752276,2.068094,-0.519025,0.740467,2.048129,-0.559275,0.782452,2.079557,-0.548256,0.757841,2.053544,-0.536913,0.750558,2.034959,-0.571042,0.792201,2.063908,-0.560607,0.773740,2.038843,-0.549198,0.768355,2.019940,-0.046935,0.877493,2.233634,-0.080591,0.837508,2.244426,-0.093418,0.804096,2.241878,-0.057185,0.801818,2.258453,-0.077376,0.770950,2.258262,-0.097867,0.756300,2.249632,-0.042768,0.793742,2.238827,-0.062552,0.760028,2.234885,-0.082690,0.749869,2.221597,-0.030972,0.788391,2.222087,-0.049348,0.756298,2.216066,-0.067355,0.752588,2.202322,-0.022350,0.788410,2.201985,-0.039622,0.761513,2.194497,-0.057042,0.752597,2.182929,,,
96,3.200,-0.292463,0.977650,2.099868,-0.412347,0.978571,2.096340,-0.172579,0.976728,2.103396,-0.466116,0.586481,2.301783,-0.174686,0.531787,2.132641,-0.433237,0.190765,2.176917,-0.168305,0.125591,2.041934,-0.291649,1.094851,2.102829,-0.292704,1.308422,2.121589,-0.288768,1.548936,2.153788,-0.287816,1.645743,2.191590,-0.324989,1.497491,2.149877,-0.254114,1.496713,2.147059,-0.462670,1.441294,2.164615,-0.118117,1.436816,2.140962,-0.520460,1.163469,2.102457,-0.042359,1.156546,2.163176,-0.553405,0.882644,2.105034,-0.038281,0.910666,2.302772,-0.461713,0.065002,2.301250,-0.147040,0.041692,2.198762,,,,,,,,,,-0.536994,0.867351,2.116010,-0.507748,0.823691,2.106711,-0.493520,0.793537,2.093465,-0.528466,0.790178,2.095536,-0.511440,0.762507,2.078071,-0.494591,0.749453,2.062117,-0.545319,0.793670,2.076509,-0.528624,0.769835,2.050110,-0.514074,0.760169,2.030617,-0.559108,0.797956,2.061034,-0.544674,0.775893,2.034414,-0.531340,0.770508,2.016517,-0.569800,0.808603,2.045200,-0.556248,0.792838,2.019787,-0.542903,0.789588,2.001681,-0.054641,0.904668,2.320661,-0.088783,0.864570,2.329286,-0.101230,0.831045,2.326366,-0.066381,0.829348,2.345895,-0.086409,0.798410,2.344391,-0.106036,0.783566,2.334223,-0.050286,0.821062,2.327713,-0.069631,0.787259,2.322546,-0.088539,0.776896,2.307701,-0.037070,0.815528,2.312134,-0.054774,0.783264,2.305101,-0.071541,0.779272,2.289940,-0.026772,0.815274,2.292840,-0.043286,0.788188,2.284389,-0.059657,0.779027,2.271549,,,
97,3.233,-0.296644,0.980076,2.152339,-0.416548,0.980154,2.149410,-0.176740,0.979999,2.155268,-0.457877,0.580845,2.343515,-0.176093,0.534146,2.148401,-0.435424,0.165204,2.344997,-0.171701,0.131244,2.043929,-0.296674,1.097238,2.156664,-0.296321,1.310725,2.176390,-0.296785,1.551353,2.207964,-0.298051,1.648323,2.245336,-0.332142,1.499402,2.202982,-0.261209,1.499597,2.202578,-0.469875,1.442006,2.211162,-0.123590,1.443195,2.202652,-0.520552,1.169274,2.124913,-0.036261,1.168271,2.242335,-0.553073,0.889121,2.104610,-0.045318,0.937095,2.404926,-0.468763,0.077037,2.497316,-0.149381,0.047639,2.200767,,,,,,,,,,-0.537248,0.873715,2.116267,-0.505476,0.831766,2.107389,-0.488722,0.803032,2.093944,-0.523593,0.798364,2.092114,-0.503880,0.772414,2.074834,-0.485041,0.760949,2.059918,-0.538569,0.802509,2.071698,-0.518338,0.780968,2.045804,-0.501508,0.773050,2.027388,-0.550889,0.807318,2.055173,-0.532985,0.787499,2.028898,-0.517716,0.783716,2.012176,-0.560350,0.818600,2.038999,-0.543635,0.804953,2.014255,-0.528381,0.803318,1.997487,-0.063447,0.931372,2.421119,-0.097676,0.890910,2.427372,-0.109677,0.857212,2.424567,-0.076670,0.856719,2.447572,-0.096357,0.825696,2.444327,-0.114628,0.810584,2.432212,-0.058540,0.848153,2.431566,-0.076976,0.814072,2.425070,-0.094010,0.803209,2.408422,-0.043601,0.842366,2.417732,-0.060335,0.809841,2.409612,-0.075311,0.805393,2.392794,-0.031240,0.841673,2.399701,-0.046824,0.814314,2.390406,-0.061778,0.804748,2.376204,,,
98,3.267,-0.299865,0.973873,2.202006,-0.419736,0.970409,2.199861,-0.179995,0.977338,2.204150,-0.452517,0.576405,2.406063,-0.169860,0.532147,2.181018,-0.447721,0.172216,2.505417,-0.168819,0.138594,2.045449,-0.303342,1.090947,2.207238,-0.300214,1.304407,2.227000,-0.305924,1.545079,2.257714,-0.308975,1.642203,2.294579,-0.340188,1.492522,2.251582,-0.269303,1.493919,2.253848,-0.477489,1.433569,2.253675,-0.130329,1.441424,2.260976,-0.517122,1.166402,2.146715,-0.030926,1.174485,2.321362,-0.545886,0.888259,2.104710,-0.049210,0.957471,2.501726,-0.483947,0.123581,2.673964,-0.146504,0.052372,2.200864,,,,,,,,,,-0.531098,0.872602,2.117352,-0.497594,0.831685,2.110193,-0.478708,0.803905,2.097594,-0.513151,0.798724,2.091516,-0.491161,0.773906,2.075358,-0.470584,0.763439,2.062098,-0.525874,0.803560,2.069767,-0.502483,0.783576,2.045329,-0.483576,0.776796,2.028546,-0.536403,0.808924,2.052207,-0.515279,0.790692,2.027204,-0.498187,0.787970,2.012120,-0.544277,0.820786,2.035603,-0.524597,0.808615,2.012311,-0.507537,0.808038,1.997306,-0.068958,0.952376,2.516137,-0.103000,0.911593,2.521223,-0.114914,0.877783,2.519697,-0.083851,0.879298,2.545894,-0.102893,0.847961,2.541900,-0.119511,0.832070,2.528473,-0.063886,0.870151,2.532628,-0.081070,0.835433,2.526077,-0.095937,0.823339,2.508243,-0.047383,0.863841,2.520972,-0.062912,0.830716,2.512882,-0.075854,0.825162,2.494754,-0.033050,0.862277,2.504525,-0.047586,0.834314,2.495328,-0.060943,0.823816,2.480223,,,
99,3.300,-0.302846,0.962022,2.257448,-0.422586,0.955123,2.256897,-0.183106,0.968921,2.258000,-0.450082,0.575025,2.488418,-0.163632,0.525536,2.214836,-0.468235,0.189761,2.644962,-0.165747,0.144063,2.048292,-0.309608,1.078927,2.263201,-0.305169,1.292468,2.281810,-0.315366,1.533180,2.311011,-0.319666,1.630443,2.347383,-0.348648,1.480086,2.304140,-0.277892,1.482556,2.308530,-0.485657,1.420496,2.301180,-0.138722,1.432024,2.322618,-0.514379,1.158883,2.178202,-0.030732,1.174681,2.405664,-0.539522,0.884160,2.116149,-0.056966,0.969912,2.598906,-0.506232,0.181768,2.819829,-0.143167,0.054483,2.201758,,,,,,,,,,-0.525861,0.867938,2.129334,-0.491233,0.827776,2.123342,-0.470807,0.800921,2.111147,-0.504365,0.795797,2.101384,-0.480140,0.772756,2.085799,-0.458059,0.763790,2.073930,-0.514902,0.801750,2.078762,-0.488695,0.783867,2.055585,-0.468047,0.778565,2.040399,-0.523685,0.808012,2.060551,-0.499606,0.791989,2.036735,-0.480988,0.790663,2.023365,-0.530015,0.820729,2.043920,-0.507863,0.810336,2.022028,-0.489382,0.810940,2.008815,-0.077865,0.965624,2.611885,-0.111403,0.924530,2.617758,-0.122892,0.890548,2.618531,-0.093989,0.895265,2.647060,-0.112094,0.863269,2.644054,-0.127097,0.845891,2.630568,-0.072694,0.885495,2.636606,-0.088490,0.849846,2.631786,-0.101361,0.835776,2.613850,-0.055052,0.878598,2.627160,-0.069231,0.844521,2.620710,-0.080322,0.837069,2.602045,-0.039219,0.875912,2.612311,-0.052525,0.846905,2.604603,-0.064340,0.834750,2.589456,,,
100,3.333,-0.306701,0.946863,2.316449,-0.426350,0.938663,2.318029,-0.187052,0.955064,2.314869,-0.450538,0.578617,2.579973,-0.162654,0.515137,2.246303,-0.480107,0.202792,2.756451,-0.166726,0.147707,2.050746,-0.314624,1.063667,2.322750,-0.311263,1.277323,2.340229,-0.323415,1.518103,2.368094,-0.328383,1.615520,2.403965,-0.356252,1.464775,2.360899,-0.285599,1.467697,2.366509,-0.493306,1.405640,2.353791,-0.147026,1.417406,2.386218,-0.514260,1.147946,2.221337,-0.034106,1.169269,2.488496,-0.538326,0.877526,2.142283,-0.064210,0.973053,2.689876,-0.517765,0.228010,2.929748,-0.142910,0.056262,2.202921,,,,,,,,,,-0.525398,0.860637,2.155370,-0.490190,0.820991,2.149319,-0.468720,0.794875,2.137315,-0.501717,0.790247,2.124841,-0.475362,0.770376,2.108375,-0.452237,0.763993,2.096829,-0.510873,0.797422,2.101973,-0.482490,0.782627,2.079185,-0.460725,0.779463,2.064996,-0.518554,0.804663,2.083627,-0.492079,0.791711,2.060495,-0.472499,0.792277,2.048519,-0.523928,0.818270,2.067368,-0.500047,0.809751,2.046509,-0.480694,0.811550,2.034730,-0.085679,0.968975,2.701962,-0.118008,0.927155,2.709306,-0.127877,0.892777,2.712167,-0.101333,0.901075,2.741865,-0.118081,0.868246,2.740352,-0.131604,0.849292,2.727434,-0.079114,0.891371,2.733476,-0.093212,0.854800,2.730752,-0.104430,0.838829,2.713305,-0.060704,0.884460,2.725645,-0.073234,0.849438,2.721137,-0.082897,0.840117,2.702518,-0.043926,0.881236,2.711988,-0.055770,0.851193,2.706074,-0.066268,0.837366,2.691397,,,
101,3.367,-0.311626,0.933041,2.377870,-0.431262,0.925125,2.381039,-0.191990,0.940958,2.374702,-0.455040,0.567646,2.646513,-0.167105,0.506435,2.277733,-0.477882,0.191400,2.823094,-0.169275,0.153446,2.057147,-0.319187,1.049864,2.384259,-0.317939,1.263551,2.401639,-0.331163,1.504260,2.429627,-0.337098,1.601709,2.465263,-0.363731,1.450883,2.421625,-0.293225,1.453928,2.428791,-0.500295,1.391279,2.410258,-0.155115,1.404426,2.453192,-0.514935,1.134289,2.275604,-0.040551,1.161838,2.566372,-0.538501,0.867814,2.184005,-0.068792,0.968766,2.771034,-0.510463,0.211648,2.998064,-0.144904,0.055789,2.205321,,,,,,,,,,-0.525708,0.850302,2.196386,-0.490184,0.811201,2.188824,-0.468408,0.785892,2.175695,-0.501117,0.781772,2.162526,-0.474042,0.763978,2.144892,-0.450654,0.759171,2.133116,-0.509916,0.790129,2.139920,-0.480782,0.777453,2.116807,-0.458689,0.775681,2.102883,-0.517319,0.798316,2.121861,-0.490031,0.787399,2.098623,-0.470191,0.789111,2.087197,-0.522486,0.812757,2.106267,-0.498013,0.805580,2.085589,-0.478393,0.808159,2.074415,-0.090509,0.964898,2.782740,-0.121863,0.922737,2.792084,-0.130543,0.888279,2.797058,-0.105498,0.899527,2.826895,-0.121278,0.866188,2.827183,-0.133852,0.845998,2.815215,-0.082760,0.889935,2.819876,-0.095669,0.852831,2.819404,-0.105852,0.835314,2.802828,-0.063925,0.883053,2.813104,-0.075332,0.847447,2.810668,-0.084134,0.836594,2.792455,-0.046640,0.879387,2.800212,-0.057459,0.848660,2.796138,-0.067109,0.833521,2.782192,,,
102,3.400,-0.317562,0.920836,2.442030,-0.437315,0.914906,2.445115,-0.197808,0.926766,2.438944,-0.458635,0.548956,2.699002,-0.176723,0.500078,2.311174,-0.471477,0.165513,2.860464,-0.172030,0.161548,2.069020,-0.323245,1.037861,2.446352,-0.324480,1.251722,2.461438,-0.339713,1.492542,2.487370,-0.347538,1.590227,2.521978,-0.371766,1.438946,2.478770,-0.301520,1.442400,2.488005,-0.507209,1.377407,2.464641,-0.163599,1.394794,2.516847,-0.519094,1.117644,2.335136,-0.048570,1.153134,2.631531,-0.542838,0.851843,2.241641,-0.069115,0.956646,2.833845,-0.495055,0.148093,3.037175,-0.146683,0.051413,2.207995,,,,,,,,,,-0.529980,0.833586,2.252822,-0.495699,0.794049,2.242354,-0.475204,0.768899,2.227038,-0.508336,0.765915,2.215409,-0.482399,0.748364,2.195920,-0.459630,0.743605,2.182969,-0.517817,0.775340,2.193511,-0.489889,0.762867,2.168849,-0.468384,0.761106,2.154032,-0.525729,0.784385,2.176088,-0.499591,0.773796,2.151422,-0.480162,0.775516,2.139311,-0.531166,0.799533,2.161277,-0.507574,0.792512,2.139549,-0.488277,0.795001,2.127805,-0.090788,0.952883,2.845667,-0.121276,0.910561,2.856948,-0.128811,0.876100,2.863510,-0.104550,0.889405,2.892878,-0.119449,0.855754,2.895372,-0.131535,0.834525,2.884780,-0.081589,0.879974,2.886389,-0.093545,0.842587,2.888095,-0.103276,0.823874,2.872589,-0.062588,0.873177,2.880005,-0.072993,0.837185,2.879621,-0.081455,0.825067,2.862057,-0.045183,0.869265,2.867350,-0.054920,0.838004,2.864944,-0.063984,0.821824,2.851797,,,
103,3.433,-0.324690,0.910988,2.509235,-0.444538,0.906445,2.510382,-0.204841,0.915530,2.508089,-0.461353,0.531954,2.751849,-0.187231,0.500612,2.345715,-0.467116,0.139177,2.889533,-0.171244,0.175373,2.086432,-0.329102,1.028112,2.512088,-0.332872,1.242210,2.522743,-0.348956,1.483604,2.541954,-0.359332,1.581870,2.574165,-0.380729,1.429760,2.533877,-0.310765,1.433546,2.544948,-0.515405,1.366906,2.518288,-0.173207,1.387259,2.577434,-0.529501,1.102270,2.399295,-0.060737,1.142071,2.687059,-0.555577,0.833233,2.316266,-0.072190,0.936981,2.881396,-0.489619,0.080840,3.057391,-0.144617,0.043516,2.204715,,,,,,,,,,-0.542637,0.814474,2.326479,-0.510304,0.774021,2.313588,-0.491802,0.748560,2.296368,-0.525428,0.746576,2.287220,-0.501273,0.728548,2.265956,-0.479505,0.723301,2.251554,-0.535926,0.756518,2.266026,-0.509822,0.743474,2.239717,-0.489251,0.741226,2.223689,-0.544598,0.765986,2.249199,-0.520262,0.754908,2.222955,-0.501530,0.756184,2.209742,-0.550452,0.781450,2.234882,-0.528275,0.773810,2.211910,-0.509555,0.775731,2.199167,-0.093830,0.933352,2.893320,-0.124182,0.891136,2.905343,-0.130847,0.856594,2.912401,-0.107331,0.870609,2.941577,-0.121643,0.836916,2.946105,-0.133594,0.814982,2.936883,-0.084357,0.861135,2.935197,-0.095839,0.823719,2.938628,-0.105521,0.804236,2.924068,-0.065349,0.854287,2.928887,-0.075105,0.818129,2.930003,-0.083471,0.805176,2.912997,-0.047958,0.850217,2.916263,-0.056884,0.818658,2.914784,-0.065556,0.801924,2.902074,,,
104,3.467,-0.334419,0.904941,2.573444,-0.454306,0.901569,2.572320,-0.214532,0.908313,2.574569,-0.475348,0.531495,2.820182,-0.188601,0.492186,2.416460,-0.472667,0.125745,2.913044,-0.167178,0.193465,2.127374,-0.337729,1.022126,2.574945,-0.344569,1.236284,2.582398,-0.358454,1.478251,2.594958,-0.370876,1.577136,2.624437,-0.390672,1.424520,2.587971,-0.320799,1.427925,2.599717,-0.525545,1.362011,2.572702,-0.183907,1.380876,2.633881,-0.548139,1.092725,2.466099,-0.077258,1.127784,2.730598,-0.580927,0.819683,2.400308,-0.079670,0.909847,2.910760,-0.496080,0.038050,3.067470,-0.140024,0.033661,2.203607,,,,,,,,,,-0.567928,0.801219,2.410972,-0.536429,0.759843,2.398979,-0.518943,0.733557,2.381937,-0.552586,0.731482,2.374244,-0.529193,0.712547,2.352916,-0.507916,0.706629,2.338048,-0.563548,0.740635,2.352930,-0.538194,0.726281,2.326570,-0.518038,0.723188,2.310160,-0.572571,0.749480,2.335948,-0.548990,0.737035,2.309627,-0.530576,0.737538,2.295924,-0.578638,0.764386,2.321137,-0.556886,0.755235,2.298311,-0.538324,0.756178,2.285233,-0.101310,0.906489,2.922764,-0.132505,0.864747,2.934271,-0.140198,0.830319,2.940823,-0.115883,0.843242,2.970041,-0.130506,0.809781,2.975243,-0.142912,0.787888,2.966539,-0.093162,0.833379,2.963349,-0.105150,0.796153,2.967099,-0.115335,0.776699,2.952847,-0.074349,0.826226,2.956799,-0.084508,0.790184,2.958071,-0.093211,0.777294,2.941188,-0.057130,0.821993,2.943993,-0.066358,0.790533,2.942289,-0.075267,0.773930,2.929570,,,
105,3.500,-0.345589,0.902361,2.634578,-0.465463,0.899601,2.631706,-0.225715,0.905122,2.637451,-0.495679,0.542585,2.897148,-0.177399,0.475183,2.529509,-0.479784,0.127085,2.916402,-0.158976,0.219527,2.201540,-0.348292,1.019572,2.634741,-0.355750,1.233760,2.640507,-0.369666,1.475889,2.649385,-0.383372,1.575101,2.677144,-0.401885,1.422050,2.643291,-0.331989,1.425649,2.654835,-0.536556,1.358492,2.630819,-0.195034,1.378518,2.688634,-0.568148,1.084877,2.538481,-0.090326,1.117570,2.764305,-0.605519,0.807884,2.495663,-0.080093,0.884641,2.924306,-0.505760,0.039667,3.070575,-0.140452,0.041503,2.208655,,,,,,,,,,-0.592513,0.790517,2.508028,-0.561532,0.747810,2.500016,-0.545072,0.719909,2.484596,-0.578284,0.717164,2.478628,-0.555595,0.695891,2.458796,-0.534749,0.688217,2.444122,-0.589487,0.724132,2.456624,-0.564621,0.706870,2.431576,-0.544726,0.701893,2.415312,-0.598690,0.731231,2.438935,-0.575715,0.715726,2.413724,-0.557541,0.714506,2.399748,-0.604856,0.744556,2.422724,-0.583199,0.732575,2.401150,-0.564633,0.731740,2.388071,-0.101400,0.880651,2.936705,-0.132324,0.838356,2.946844,-0.140424,0.803764,2.951858,-0.114756,0.814994,2.980959,-0.129089,0.781263,2.985125,-0.141690,0.759713,2.975863,-0.092241,0.805501,2.973135,-0.103945,0.768087,2.975740,-0.114501,0.749120,2.961107,-0.073624,0.798706,2.965702,-0.083662,0.762608,2.965569,-0.092824,0.750473,2.948372,-0.056768,0.795157,2.952222,-0.065980,0.763789,2.949222,-0.075206,0.747774,2.935986,,,
