frame_id,time_sec,Hips_X,Hips_Y,Hips_Z,LeftUpperLeg_X,LeftUpperLeg_Y,LeftUpperLeg_Z,RightUpperLeg_X,RightUpperLeg_Y,RightUpperLeg_Z,LeftLowerLeg_X,LeftLowerLeg_Y,LeftLowerLeg_Z,RightLowerLeg_X,RightLowerLeg_Y,RightLowerLeg_Z,LeftFoot_X,LeftFoot_Y,LeftFoot_Z,RightFoot_X,RightFoot_Y,RightFoot_Z,Spine_X,Spine_Y,Spine_Z,Chest_X,Chest_Y,Chest_Z,Neck_X,Neck_Y,Neck_Z,Head_X,Head_Y,Head_Z,LeftShoulder_X,LeftShoulder_Y,LeftShoulder_Z,RightShoulder_X,RightShoulder_Y,RightShoulder_Z,LeftUpperArm_X,LeftUpperArm_Y,LeftUpperArm_Z,RightUpperArm_X,RightUpperArm_Y,RightUpperArm_Z,LeftLowerArm_X,LeftLowerArm_Y,LeftLowerArm_Z,RightLowerArm_X,RightLowerArm_Y,RightLowerArm_Z,LeftHand_X,LeftHand_Y,LeftHand_Z,RightHand_X,RightHand_Y,RightHand_Z,LeftToes_X,LeftToes_Y,LeftToes_Z,RightToes_X,RightToes_Y,RightToes_Z,LeftEye_X,LeftEye_Y,LeftEye_Z,RightEye_X,RightEye_Y,RightEye_Z,Jaw_X,Jaw_Y,Jaw_Z,LeftThumbProximal_X,LeftThumbProximal_Y,LeftThumbProximal_Z,LeftThumbIntermediate_X,LeftThumbIntermediate_Y,LeftThumbIntermediate_Z,LeftThumbDistal_X,LeftThumbDistal_Y,LeftThumbDistal_Z,LeftIndexProximal_X,LeftIndexProximal_Y,LeftIndexProximal_Z,LeftIndexIntermediate_X,LeftIndexIntermediate_Y,LeftIndexIntermediate_Z,LeftIndexDistal_X,LeftIndexDistal_Y,LeftIndexDistal_Z,LeftMiddleProximal_X,LeftMiddleProximal_Y,LeftMiddleProximal_Z,LeftMiddleIntermediate_X,LeftMiddleIntermediate_Y,LeftMiddleIntermediate_Z,LeftMiddleDistal_X,LeftMiddleDistal_Y,LeftMiddleDistal_Z,LeftRingProximal_X,LeftRingProximal_Y,LeftRingProximal_Z,LeftRingIntermediate_X,LeftRingIntermediate_Y,LeftRingIntermediate_Z,LeftRingDistal_X,LeftRingDistal_Y,LeftRingDistal_Z,LeftLittleProximal_X,LeftLittleProximal_Y,LeftLittleProximal_Z,LeftLittleIntermediate_X,LeftLittleIntermediate_Y,LeftLittleIntermediate_Z,LeftLittleDistal_X,LeftLittleDistal_Y,LeftLittleDistal_Z,RightThumbProximal_X,RightThumbProximal_Y,RightThumbProximal_Z,RightThumbIntermediate_X,RightThumbIntermediate_Y,RightThumbIntermediate_Z,RightThumbDistal_X,RightThumbDistal_Y,RightThumbDistal_Z,RightIndexProximal_X,RightIndexProximal_Y,RightIndexProximal_Z,RightIndexIntermediate_X,RightIndexIntermediate_Y,RightIndexIntermediate_Z,RightIndexDistal_X,RightIndexDistal_Y,RightIndexDistal_Z,RightMiddleProximal_X,RightMiddleProximal_Y,RightMiddleProximal_Z,RightMiddleIntermediate_X,RightMiddleIntermediate_Y,RightMiddleIntermediate_Z,RightMiddleDistal_X,RightMiddleDistal_Y,RightMiddleDistal_Z,RightRingProximal_X,RightRingProximal_Y,RightRingProximal_Z,RightRingIntermediate_X,RightRingIntermediate_Y,RightRingIntermediate_Z,RightRingDistal_X,RightRingDistal_Y,RightRingDistal_Z,RightLittleProximal_X,RightLittleProximal_Y,RightLittleProximal_Z,RightLittleIntermediate_X,RightLittleIntermediate_Y,RightLittleIntermediate_Z,RightLittleDistal_X,RightLittleDistal_Y,RightLittleDistal_Z,UpperChest_X,UpperChest_Y,UpperChest_Z
0,0.000,-0.094393,0.962567,-3.335519,-0.214089,0.963435,-3.343119,0.025302,0.961699,-3.327919,-0.285294,0.557707,-3.172394,0.027232,0.535831,-3.195763,-0.237578,0.268829,-3.468260,0.027568,0.129299,-3.285177,-0.093666,1.079791,-3.333591,-0.096298,1.293620,-3.318236,-0.086619,1.534057,-3.286684,-0.081612,1.630742,-3.248891,-0.123925,1.483300,-3.289122,-0.053235,1.481180,-3.294614,-0.261319,1.429437,-3.265607,0.080520,1.417492,-3.307799,-0.324864,1.146155,-3.275744,0.143501,1.133337,-3.316340,-0.345246,0.870216,-3.217455,0.167750,0.868450,-3.220384,-0.258604,0.096060,-3.425896,0.046555,0.044937,-3.128305,,,,,,,,,,-0.328151,0.857167,-3.204762,-0.302504,0.810368,-3.205045,-0.292363,0.776574,-3.211550,-0.326077,0.776903,-3.203772,-0.312629,0.745506,-3.217700,-0.298891,0.728715,-3.233132,-0.345278,0.776492,-3.220784,-0.332950,0.746543,-3.243029,-0.321511,0.732042,-3.261574,-0.360912,0.777551,-3.235013,-0.350201,0.749610,-3.257558,-0.339303,0.739885,-3.275272,-0.373247,0.784360,-3.251742,-0.363239,0.761795,-3.273390,-0.352251,0.753166,-3.291315,0.155142,0.859431,-3.200805,0.122500,0.818104,-3.192169,0.109132,0.785346,-3.198136,0.146957,0.780875,-3.186323,0.125990,0.750656,-3.189105,0.104283,0.737796,-3.197613,0.158925,0.775850,-3.208454,0.138246,0.743128,-3.215185,0.116573,0.735118,-3.227491,0.168652,0.773082,-3.227048,0.148964,0.742402,-3.235708,0.129429,0.740947,-3.247676,0.174900,0.776100,-3.247790,0.156350,0.750625,-3.256994,0.137518,0.743530,-3.267569,,,
1,0.033,-0.094393,0.962567,-3.335519,-0.214089,0.963435,-3.343119,0.025302,0.961699,-3.327919,-0.285294,0.557707,-3.172394,0.027232,0.535831,-3.195763,-0.237578,0.268829,-3.468260,0.027568,0.129299,-3.285177,-0.093666,1.079791,-3.333591,-0.096298,1.293620,-3.318236,-0.086619,1.534057,-3.286684,-0.081612,1.630742,-3.248891,-0.123925,1.483300,-3.289122,-0.053235,1.481180,-3.294614,-0.261319,1.429437,-3.265607,0.080520,1.417492,-3.307799,-0.324864,1.146155,-3.275744,0.143501,1.133337,-3.316340,-0.345246,0.870216,-3.217455,0.167750,0.868450,-3.220384,-0.258604,0.096060,-3.425896,0.046555,0.044937,-3.128305,,,,,,,,,,-0.328151,0.857167,-3.204762,-0.302504,0.810368,-3.205045,-0.292363,0.776574,-3.211550,-0.326077,0.776903,-3.203772,-0.312629,0.745506,-3.217700,-0.298891,0.728715,-3.233132,-0.345278,0.776492,-3.220784,-0.332950,0.746543,-3.243029,-0.321511,0.732042,-3.261574,-0.360912,0.777551,-3.235013,-0.350201,0.749610,-3.257558,-0.339303,0.739885,-3.275272,-0.373247,0.784360,-3.251742,-0.363239,0.761795,-3.273390,-0.352251,0.753166,-3.291315,0.155142,0.859431,-3.200805,0.122500,0.818104,-3.192169,0.109132,0.785346,-3.198136,0.146957,0.780875,-3.186323,0.125990,0.750656,-3.189105,0.104283,0.737796,-3.197613,0.158925,0.775850,-3.208454,0.138246,0.743128,-3.215185,0.116573,0.735118,-3.227491,0.168652,0.773082,-3.227048,0.148964,0.742402,-3.235708,0.129429,0.740947,-3.247676,0.174900,0.776100,-3.247790,0.156350,0.750625,-3.256994,0.137518,0.743530,-3.267569,,,
2,0.067,-0.103200,0.977918,-3.279011,-0.223036,0.978486,-3.283976,0.016636,0.977350,-3.274045,-0.285619,0.583370,-3.087000,0.016987,0.538650,-3.194201,-0.247691,0.234717,-3.311200,0.021568,0.131137,-3.278907,-0.102706,1.095150,-3.277524,-0.104228,1.308819,-3.259954,-0.096171,1.549133,-3.227042,-0.092791,1.645798,-3.189018,-0.133174,1.498190,-3.230118,-0.062422,1.496480,-3.234918,-0.270476,1.442968,-3.209378,0.072262,1.434367,-3.245976,-0.331455,1.161333,-3.246158,0.139005,1.151003,-3.240147,-0.361682,0.881348,-3.220672,0.151596,0.894658,-3.121450,-0.272521,0.079848,-3.224684,0.042487,0.046399,-3.122484,,,,,,,,,,-0.344926,0.866241,-3.209962,-0.318751,0.820420,-3.217917,-0.307580,0.788474,-3.229826,-0.341969,0.787200,-3.223793,-0.328018,0.757595,-3.240808,-0.313530,0.742665,-3.257421,-0.360513,0.789873,-3.241322,-0.347503,0.763302,-3.267176,-0.335395,0.751480,-3.287144,-0.375612,0.793489,-3.255706,-0.364617,0.768864,-3.281716,-0.353289,0.761570,-3.300305,-0.387388,0.803234,-3.271352,-0.376975,0.784757,-3.296415,-0.365581,0.779360,-3.315323,0.136771,0.888459,-3.102335,0.103121,0.848474,-3.091525,0.090291,0.815063,-3.094069,0.126534,0.812782,-3.077518,0.106343,0.781914,-3.077698,0.085846,0.767265,-3.086316,0.140938,0.804707,-3.097154,0.121151,0.770993,-3.101086,0.101004,0.760836,-3.114361,0.152723,0.799358,-3.113903,0.134343,0.767266,-3.119914,0.116326,0.763556,-3.133647,0.161331,0.799378,-3.134010,0.144054,0.772482,-3.141490,0.126626,0.763567,-3.153047,,,
3,0.100,-0.108790,0.988751,-3.235853,-0.228675,0.989677,-3.239363,0.011095,0.987825,-3.232343,-0.282479,0.597633,-3.033840,0.008977,0.542898,-3.202887,-0.249590,0.202144,-3.159420,0.015353,0.136685,-3.293518,-0.107972,1.105953,-3.232900,-0.109031,1.319524,-3.214145,-0.105064,1.560037,-3.181944,-0.104093,1.656842,-3.144139,-0.141290,1.508595,-3.185843,-0.070417,1.507812,-3.188686,-0.278968,1.452405,-3.171042,0.065569,1.447894,-3.194843,-0.336801,1.174555,-3.233048,0.141259,1.167598,-3.172740,-0.369741,0.893730,-3.230334,0.145427,0.921638,-3.033288,-0.278025,0.076189,-3.035272,0.036640,0.052784,-3.136694,,,,,,,,,,-0.353325,0.878438,-3.219365,-0.324096,0.834768,-3.228670,-0.309885,0.804606,-3.241916,-0.344830,0.801255,-3.239816,-0.327822,0.773575,-3.257285,-0.310988,0.760512,-3.273246,-0.361697,0.804744,-3.258832,-0.345026,0.780896,-3.285235,-0.330494,0.771220,-3.304736,-0.375497,0.809028,-3.274298,-0.361088,0.786951,-3.300921,-0.347768,0.781557,-3.318826,-0.386197,0.819671,-3.290129,-0.372669,0.803893,-3.315546,-0.359339,0.800634,-3.333661,0.129081,0.915638,-3.015388,0.094942,0.875541,-3.006743,0.082493,0.842017,-3.009661,0.117355,0.840314,-2.990159,0.097325,0.809376,-2.991650,0.077690,0.794532,-3.001804,0.133434,0.832030,-3.008355,0.114085,0.798228,-3.013512,0.095164,0.787867,-3.028343,0.146637,0.826498,-3.023946,0.128928,0.794235,-3.030970,0.112148,0.790246,-3.046118,0.156920,0.826247,-3.043249,0.140400,0.799162,-3.051692,0.124019,0.790003,-3.064521,,,
4,0.133,-0.112968,0.991228,-3.183369,-0.232873,0.991325,-3.186281,0.006936,0.991130,-3.180457,-0.274218,0.592006,-2.992200,0.007527,0.545275,-3.187232,-0.251652,0.176370,-2.991256,0.011906,0.142326,-3.291521,-0.112978,1.108390,-3.179049,-0.112637,1.321876,-3.159324,-0.113065,1.562504,-3.127745,-0.114314,1.659473,-3.090370,-0.148429,1.510556,-3.132714,-0.077496,1.510744,-3.133146,-0.286162,1.453169,-3.124475,0.060114,1.454320,-3.133137,-0.336912,1.180409,-3.210592,0.147372,1.179355,-3.093585,-0.369452,0.900249,-3.230762,0.138389,0.948100,-2.931103,-0.284943,0.088001,-2.839042,0.034253,0.058736,-3.134679,,,,,,,,,,-0.353620,0.884844,-3.219115,-0.321860,0.842889,-3.228007,-0.305122,0.814149,-3.241460,-0.339994,0.809485,-3.243259,-0.320297,0.783529,-3.260548,-0.301472,0.772057,-3.275476,-0.354986,0.813626,-3.263664,-0.334779,0.792077,-3.289568,-0.317965,0.784152,-3.307996,-0.367319,0.818433,-3.280179,-0.349439,0.798604,-3.306464,-0.334184,0.794815,-3.323198,-0.376792,0.829712,-3.296348,-0.360099,0.816056,-3.321104,-0.344859,0.814415,-3.337883,0.120272,0.942373,-2.914898,0.086043,0.901912,-2.908632,0.074041,0.868216,-2.911443,0.107062,0.867711,-2.888463,0.087371,0.836689,-2.891700,0.069089,0.821582,-2.903804,0.125178,0.859150,-2.904487,0.106734,0.825072,-2.910979,0.089685,0.814216,-2.927616,0.140105,0.853366,-2.918335,0.123363,0.820844,-2.926452,0.108373,0.816402,-2.943260,0.152452,0.852679,-2.936376,0.136860,0.825323,-2.945670,0.121895,0.815762,-2.959863,,,
5,0.167,-0.116184,0.985061,-3.133730,-0.236056,0.981616,-3.135862,0.003687,0.988505,-3.131598,-0.268832,0.587538,-2.929802,0.013761,0.543307,-3.154618,-0.263820,0.183274,-2.830762,0.014786,0.149691,-3.290004,-0.119641,1.102135,-3.128500,-0.116517,1.315595,-3.108733,-0.122195,1.556266,-3.078008,-0.125233,1.653389,-3.041140,-0.156466,1.503712,-3.084131,-0.085580,1.505103,-3.081890,-0.293768,1.444763,-3.081983,0.053393,1.452596,-3.074827,-0.333479,1.177566,-3.188841,0.152750,1.185607,-3.014588,-0.362267,0.899407,-3.230724,0.134539,0.968524,-2.834300,-0.299985,0.134417,-2.662266,0.037127,0.063489,-3.134581,,,,,,,,,,-0.347470,0.883754,-3.218088,-0.313975,0.842832,-3.225260,-0.295100,0.815047,-3.237864,-0.329548,0.809866,-3.243915,-0.307574,0.785038,-3.260078,-0.287008,0.774562,-3.273350,-0.342288,0.814696,-3.265655,-0.318917,0.794700,-3.290103,-0.300025,0.787911,-3.306899,-0.352830,0.820055,-3.283209,-0.331728,0.801810,-3.308221,-0.314647,0.799081,-3.323318,-0.360715,0.831912,-3.299811,-0.341054,0.819731,-3.323114,-0.324006,0.819146,-3.338130,0.114800,0.963424,-2.819879,0.080756,0.922643,-2.814791,0.068838,0.888835,-2.816329,0.099917,0.890332,-2.790152,0.080868,0.858999,-2.794147,0.064239,0.843117,-2.807571,0.119872,0.881189,-2.803437,0.102677,0.846477,-2.809995,0.087797,0.834394,-2.827825,0.136365,0.874883,-2.815108,0.120826,0.841764,-2.823204,0.107871,0.836221,-2.841326,0.150686,0.873327,-2.831566,0.136142,0.845370,-2.840768,0.122773,0.834882,-2.855870,,,
6,0.200,-0.119148,0.973230,-3.078307,-0.238888,0.966338,-3.078850,0.000593,0.980121,-3.077764,-0.266360,0.586130,-2.847507,0.020027,0.536721,-3.120786,-0.284427,0.200818,-2.691072,0.017889,0.155172,-3.287158,-0.125902,1.090135,-3.072556,-0.121454,1.303676,-3.053941,-0.131634,1.544387,-3.024731,-0.135923,1.641649,-2.988355,-0.164919,1.491294,-3.031594,-0.094162,1.493761,-3.027224,-0.301929,1.431701,-3.034506,0.045013,1.443228,-3.013193,-0.330715,1.170066,-3.157422,0.152984,1.185835,-2.930278,-0.355871,0.895322,-3.219372,0.126806,0.981018,-2.737081,-0.322389,0.192631,-2.516207,0.040489,0.065603,-3.133688,,,,,,,,,,-0.342203,0.879103,-3.206189,-0.307579,0.838939,-3.212187,-0.287162,0.812079,-3.224387,-0.320724,0.806953,-3.234128,-0.296514,0.783895,-3.249710,-0.274442,0.774914,-3.261584,-0.331273,0.812899,-3.256746,-0.305083,0.794998,-3.279928,-0.284445,0.789684,-3.295123,-0.340066,0.819156,-3.274955,-0.316005,0.803115,-3.298778,-0.297396,0.801778,-3.312157,-0.346404,0.831867,-3.291586,-0.324267,0.821463,-3.313487,-0.305794,0.822060,-3.326712,0.105913,0.976728,-2.724093,0.072369,0.935639,-2.718222,0.060869,0.901660,-2.717458,0.089791,0.906357,-2.688942,0.071677,0.874367,-2.691954,0.056663,0.856997,-2.705440,0.111079,0.896586,-2.699412,0.095271,0.860943,-2.704241,0.082388,0.846885,-2.722177,0.128714,0.889689,-2.708871,0.114524,0.855619,-2.715328,0.103421,0.848178,-2.733992,0.144538,0.887007,-2.723729,0.131223,0.858007,-2.731445,0.119397,0.845861,-2.746591,,,
7,0.233,-0.122987,0.958065,-3.019320,-0.242635,0.949863,-3.017728,-0.003338,0.966267,-3.020912,-0.266778,0.589801,-2.755803,0.021042,0.526314,-3.089319,-0.296351,0.213978,-2.579320,0.016922,0.158805,-3.284727,-0.130910,1.074869,-3.013019,-0.127535,1.288525,-2.995539,-0.139675,1.529304,-2.967674,-0.144631,1.626721,-2.931800,-0.172514,1.475977,-2.974858,-0.101860,1.478898,-2.969270,-0.309573,1.416845,-2.981917,0.036719,1.428603,-2.949612,-0.330586,1.159146,-3.114353,0.149645,1.180434,-2.847418,-0.354666,0.888705,-3.193329,0.119566,0.984200,-2.646052,-0.334007,0.239221,-2.406026,0.040762,0.067396,-3.132535,,,,,,,,,,-0.341734,0.871820,-3.180241,-0.306530,0.832171,-3.186289,-0.285063,0.806050,-3.198291,-0.318064,0.801419,-3.210755,-0.291716,0.781536,-3.227218,-0.268594,0.775145,-3.238766,-0.327226,0.808587,-3.233623,-0.298852,0.793780,-3.256413,-0.277091,0.790608,-3.270607,-0.334912,0.815823,-3.251968,-0.308446,0.802859,-3.275104,-0.288870,0.803419,-3.287086,-0.340290,0.829425,-3.268230,-0.316417,0.820898,-3.289094,-0.297068,0.822693,-3.300880,0.098100,0.980121,-2.633960,0.065767,0.938304,-2.626622,0.055891,0.903927,-2.623771,0.082448,0.912208,-2.594079,0.065695,0.879382,-2.595600,0.052164,0.860436,-2.608520,0.104663,0.902503,-2.602480,0.090557,0.865936,-2.605214,0.079330,0.849974,-2.622663,0.123069,0.895592,-2.610320,0.110532,0.860574,-2.614838,0.100860,0.851262,-2.633457,0.139841,0.892370,-2.623985,0.127990,0.862332,-2.629907,0.117485,0.848513,-2.644586,,,
8,0.267,-0.127895,0.944233,-2.957913,-0.247530,0.936305,-2.954724,-0.008260,0.952161,-2.961103,-0.271275,0.578876,-2.689180,0.016629,0.517600,-3.057899,-0.294144,0.202675,-2.512508,0.014379,0.164531,-3.278354,-0.135466,1.061055,-2.951512,-0.134200,1.274741,-2.934119,-0.147408,1.515449,-2.906117,-0.153325,1.612897,-2.870475,-0.179980,1.462073,-2.914110,-0.109471,1.465116,-2.906969,-0.316552,1.402480,-2.925436,0.028644,1.415603,-2.882618,-0.331233,1.145507,-3.060116,0.143225,1.173009,-2.769468,-0.354813,0.879027,-3.151699,0.114977,0.979958,-2.564788,-0.326747,0.223139,-2.337567,0.038770,0.066947,-3.130136,,,,,,,,,,-0.342019,0.861519,-3.139313,-0.306489,0.822421,-3.146864,-0.284708,0.797111,-3.159985,-0.317417,0.792985,-3.173157,-0.290340,0.775189,-3.190785,-0.266950,0.770383,-3.202558,-0.326216,0.801336,-3.195764,-0.297080,0.788658,-3.218874,-0.274986,0.786887,-3.232796,-0.333619,0.809518,-3.213826,-0.306330,0.798598,-3.237060,-0.286490,0.800310,-3.248486,-0.338788,0.823954,-3.229424,-0.314314,0.816776,-3.250099,-0.294694,0.819356,-3.261274,0.093262,0.976089,-2.553079,0.061905,0.933929,-2.543741,0.053219,0.899472,-2.538775,0.078273,0.910707,-2.508940,0.062489,0.877370,-2.508662,0.049910,0.857187,-2.520635,0.101009,0.901114,-2.515965,0.088094,0.864012,-2.516448,0.077906,0.846502,-2.533028,0.119842,0.894232,-2.522743,0.108428,0.858628,-2.525189,0.099622,0.847783,-2.543404,0.137124,0.890567,-2.535639,0.126298,0.859843,-2.539721,0.116643,0.844711,-2.553670,,,
9,0.300,-0.133813,0.932015,-2.893772,-0.253565,0.926077,-2.890654,-0.014061,0.937953,-2.896890,-0.274867,0.560179,-2.636690,0.007027,0.511204,-3.024456,-0.287718,0.176793,-2.475093,0.011606,0.172599,-3.266508,-0.139503,1.049039,-2.889441,-0.140720,1.262898,-2.874328,-0.155943,1.503714,-2.848355,-0.163747,1.601397,-2.813732,-0.187999,1.450120,-2.856952,-0.117750,1.453572,-2.847740,-0.323449,1.388589,-2.871048,0.020177,1.405958,-2.818944,-0.335347,1.128855,-3.000611,0.135241,1.164318,-2.704253,-0.359096,0.863074,-3.094162,0.114679,0.967880,-2.501893,-0.311276,0.159618,-2.298356,0.036968,0.062599,-3.127429,,,,,,,,,,-0.346237,0.844821,-3.082977,-0.311947,0.805288,-3.093436,-0.291444,0.780140,-3.108744,-0.324574,0.777151,-3.120381,-0.298631,0.759602,-3.139864,-0.275859,0.754845,-3.152811,-0.334053,0.786572,-3.142282,-0.306120,0.774102,-3.166939,-0.284612,0.772344,-3.181752,-0.341964,0.795615,-3.159707,-0.315819,0.785028,-3.184368,-0.296389,0.786751,-3.196476,-0.347401,0.810761,-3.174520,-0.323805,0.803743,-3.196245,-0.304506,0.806235,-3.207985,0.093009,0.964117,-2.490067,0.062521,0.921794,-2.478785,0.054983,0.887333,-2.472225,0.079253,0.900634,-2.442860,0.064352,0.866984,-2.440376,0.052263,0.845759,-2.450974,0.102213,0.891203,-2.449354,0.090255,0.853817,-2.447656,0.080521,0.835109,-2.463166,0.121213,0.884407,-2.455742,0.110804,0.848416,-2.456133,0.102338,0.836303,-2.473699,0.138616,0.880495,-2.468400,0.128874,0.849237,-2.470810,0.119805,0.833060,-2.483958,,,
10,0.333,-0.140914,0.922145,-2.826548,-0.260762,0.917595,-2.825367,-0.021066,0.926694,-2.827729,-0.277510,0.543080,-2.583933,-0.003531,0.511781,-2.990124,-0.283269,0.150393,-2.445995,0.012369,0.186399,-3.249233,-0.145332,1.039268,-2.823686,-0.149083,1.253366,-2.813012,-0.165176,1.494756,-2.793760,-0.175534,1.593018,-2.761532,-0.196947,1.440912,-2.801838,-0.126981,1.444700,-2.790783,-0.331625,1.378055,-2.817405,0.010587,1.398417,-2.758331,-0.345694,1.113449,-2.936466,0.123109,1.153277,-2.648654,-0.371747,0.844438,-3.019589,0.111635,0.948261,-2.454239,-0.305727,0.092235,-2.278069,0.039008,0.054734,-3.130738,,,,,,,,,,-0.358806,0.825678,-3.009381,-0.326471,0.785230,-3.022282,-0.307965,0.759773,-3.039506,-0.341592,0.757790,-3.048657,-0.317437,0.739767,-3.069924,-0.295669,0.734524,-3.084328,-0.352092,0.767737,-3.069848,-0.325988,0.754700,-3.096161,-0.305418,0.752457,-3.112191,-0.360765,0.777209,-3.086672,-0.336430,0.766138,-3.112920,-0.317698,0.767418,-3.126133,-0.366620,0.792676,-3.100986,-0.344444,0.785044,-3.123962,-0.325726,0.786971,-3.136706,0.089997,0.944631,-2.442312,0.059651,0.902412,-2.430281,0.052994,0.867870,-2.423219,0.076510,0.881891,-2.394047,0.062201,0.848196,-2.389521,0.050251,0.826263,-2.398744,0.099484,0.872419,-2.400429,0.088006,0.835002,-2.396999,0.078324,0.815518,-2.411558,0.118492,0.865573,-2.406741,0.108739,0.829414,-2.405625,0.100372,0.816461,-2.422630,0.135882,0.861504,-2.419367,0.126958,0.829945,-2.420844,0.118285,0.813210,-2.433553,,,
11,0.367,-0.150621,0.916074,-2.762320,-0.270508,0.912698,-2.763413,-0.030734,0.919450,-2.761228,-0.291453,0.542550,-2.515655,-0.004961,0.503421,-2.919620,-0.288798,0.136897,-2.422367,0.016359,0.204462,-3.208466,-0.153935,1.033259,-2.760811,-0.160769,1.247416,-2.753347,-0.174652,1.489383,-2.740763,-0.187061,1.588266,-2.711272,-0.206871,1.435652,-2.747749,-0.136996,1.439056,-2.736015,-0.341748,1.373150,-2.763010,-0.000098,1.392007,-2.701873,-0.364309,1.103891,-2.869690,0.106576,1.138965,-2.605055,-0.397079,0.830877,-2.935605,0.104117,0.921119,-2.424783,-0.312158,0.049201,-2.267934,0.043552,0.044842,-3.131862,,,,,,,,,,-0.384078,0.812407,-2.924954,-0.352578,0.771040,-2.936975,-0.335089,0.744764,-2.954029,-0.368736,0.742693,-2.961726,-0.345343,0.723772,-2.983065,-0.324066,0.717864,-2.997938,-0.379701,0.751859,-2.983033,-0.354348,0.737522,-3.009405,-0.334194,0.734440,-3.025818,-0.388726,0.760713,-3.000008,-0.365145,0.748287,-3.026339,-0.346733,0.748800,-3.040044,-0.394795,0.775629,-3.014810,-0.373047,0.766494,-3.037647,-0.354487,0.767448,-3.050727,0.082478,0.917764,-2.412778,0.051282,0.876026,-2.401258,0.043592,0.841599,-2.394696,0.067905,0.854531,-2.365482,0.053281,0.821072,-2.360272,0.040874,0.799178,-2.368971,0.090625,0.844666,-2.372171,0.078636,0.807441,-2.368413,0.068451,0.787985,-2.382662,0.109439,0.837512,-2.378720,0.099279,0.801470,-2.377438,0.090575,0.788575,-2.394318,0.126657,0.833275,-2.391525,0.117429,0.801814,-2.393220,0.108519,0.785208,-2.405934,,,
12,0.400,-0.161785,0.913469,-2.701178,-0.281660,0.910705,-2.704018,-0.041911,0.916232,-2.698338,-0.311802,0.553709,-2.438541,0.006278,0.486388,-2.806710,-0.295956,0.138221,-2.419003,0.024638,0.230462,-3.134472,-0.164491,1.030679,-2.701008,-0.171953,1.244868,-2.695235,-0.185871,1.486996,-2.686349,-0.199569,1.586208,-2.658586,-0.218091,1.433157,-2.692441,-0.148193,1.436756,-2.680905,-0.352764,1.369604,-2.704910,-0.011234,1.389629,-2.647119,-0.384317,1.096015,-2.797338,0.093508,1.128725,-2.571344,-0.421676,0.819044,-2.840309,0.103716,0.895874,-2.411229,-0.321894,0.050802,-2.264823,0.043142,0.052448,-3.127077,,,,,,,,,,-0.408665,0.801671,-2.827956,-0.377678,0.758974,-2.835999,-0.361210,0.731083,-2.851429,-0.394428,0.728339,-2.857404,-0.371736,0.707084,-2.877252,-0.350888,0.699425,-2.891932,-0.405635,0.735319,-2.879402,-0.380768,0.718077,-2.904464,-0.360874,0.713115,-2.920734,-0.414840,0.742427,-2.897087,-0.391864,0.726945,-2.922309,-0.373691,0.725738,-2.936287,-0.421010,0.755763,-2.913288,-0.399355,0.743800,-2.934874,-0.380791,0.742977,-2.947957,0.082410,0.891888,-2.398829,0.051486,0.849596,-2.388673,0.043385,0.815007,-2.383645,0.069055,0.826248,-2.354549,0.054723,0.792518,-2.350368,0.042122,0.770964,-2.359621,0.091571,0.816752,-2.362370,0.079866,0.779339,-2.359750,0.069310,0.760366,-2.374377,0.110188,0.809955,-2.369801,0.100150,0.773856,-2.369918,0.090988,0.761715,-2.387111,0.127043,0.806401,-2.383278,0.117832,0.775032,-2.386267,0.108606,0.759012,-2.399498,,,
13,0.433,-0.172083,0.915049,-2.641302,-0.291908,0.912788,-2.646029,-0.052257,0.917310,-2.636575,-0.326391,0.552245,-2.385928,0.013831,0.477643,-2.670604,-0.300394,0.137869,-2.415604,0.027466,0.269467,-3.030799,-0.174257,1.032267,-2.642274,-0.180878,1.246505,-2.637393,-0.194098,1.488704,-2.629420,-0.208272,1.587921,-2.601914,-0.226519,1.434919,-2.634885,-0.156479,1.438396,-2.624205,-0.361051,1.370480,-2.643850,-0.019294,1.390523,-2.592443,-0.401839,1.092919,-2.719253,0.081290,1.122788,-2.537815,-0.441763,0.813387,-2.734190,0.099908,0.877331,-2.398657,-0.327855,0.050520,-2.261649,0.047200,0.096047,-3.071075,,,,,,,,,,-0.428982,0.797166,-2.720149,-0.399065,0.753124,-2.723797,-0.384372,0.723559,-2.737838,-0.416777,0.720738,-2.741536,-0.395279,0.696510,-2.759185,-0.375037,0.686414,-2.773224,-0.428116,0.725536,-2.764045,-0.404084,0.704926,-2.787313,-0.384571,0.697630,-2.803160,-0.437393,0.730885,-2.782302,-0.415511,0.711756,-2.805946,-0.397698,0.708271,-2.820005,-0.443478,0.742512,-2.799800,-0.422220,0.727492,-2.819812,-0.403740,0.724590,-2.832718,0.078954,0.872592,-2.385927,0.048108,0.829820,-2.377735,0.040369,0.794900,-2.374893,0.066541,0.804155,-2.345801,0.052143,0.770254,-2.343813,0.039199,0.749508,-2.354348,0.088764,0.795130,-2.354909,0.077065,0.757627,-2.354421,0.066039,0.739657,-2.369939,0.107117,0.788785,-2.363331,0.096902,0.752811,-2.365648,0.087188,0.741907,-2.383359,0.123550,0.786091,-2.377512,0.114171,0.754978,-2.382185,0.104508,0.739823,-2.396104,,,
14,0.467,-0.180973,0.920015,-2.582991,-0.300677,0.918451,-2.590348,-0.061269,0.921580,-2.575635,-0.335856,0.546232,-2.347350,0.008464,0.483042,-2.534954,-0.304292,0.135974,-2.410239,0.020460,0.296932,-2.907087,-0.182382,1.037232,-2.584990,-0.187516,1.251520,-2.580525,-0.198038,1.493791,-2.570878,-0.211107,1.592905,-2.542471,-0.231154,1.440361,-2.575626,-0.160787,1.443082,-2.567085,-0.365750,1.375615,-2.580432,-0.023163,1.393769,-2.539734,-0.414528,1.094723,-2.636202,0.069983,1.120723,-2.500323,-0.455078,0.815379,-2.619539,0.097420,0.865483,-2.381747,-0.333611,0.049078,-2.256370,0.058127,0.127258,-2.950423,,,,,,,,,,-0.442362,0.800372,-2.604152,-0.413270,0.755634,-2.603875,-0.399858,0.724652,-2.616017,-0.431810,0.722005,-2.618110,-0.411397,0.695318,-2.633332,-0.391730,0.683087,-2.646463,-0.443411,0.724791,-2.640824,-0.420361,0.701209,-2.662185,-0.401339,0.691760,-2.677481,-0.452876,0.728501,-2.659388,-0.431972,0.706366,-2.681225,-0.414528,0.700910,-2.695119,-0.459029,0.738473,-2.677857,-0.438415,0.721079,-2.696578,-0.420215,0.716513,-2.709399,0.076793,0.859842,-2.368850,0.046095,0.816590,-2.362945,0.039568,0.781309,-2.362697,0.065303,0.788707,-2.333418,0.050859,0.754768,-2.333780,0.037625,0.734942,-2.345644,0.087268,0.780359,-2.343722,0.075530,0.742918,-2.345720,0.064094,0.726169,-2.362273,0.105386,0.774636,-2.353049,0.095087,0.738919,-2.357753,0.084924,0.729351,-2.375977,0.121442,0.772966,-2.367807,0.112139,0.742169,-2.374349,0.102220,0.727923,-2.389029,,,
15,0.500,-0.187766,0.928534,-2.525934,-0.307318,0.927712,-2.535538,-0.068214,0.929356,-2.516329,-0.338159,0.537873,-2.321281,-0.001592,0.502122,-2.407402,-0.306098,0.131636,-2.406178,0.007623,0.299975,-2.771153,-0.188341,1.045739,-2.528805,-0.191973,1.260059,-2.524390,-0.199700,1.502326,-2.512310,-0.210173,1.601384,-2.482657,-0.233517,1.449243,-2.515839,-0.162792,1.451251,-2.510767,-0.368145,1.384415,-2.513861,-0.024473,1.400401,-2.490710,-0.422072,1.100943,-2.547411,0.061662,1.123321,-2.466385,-0.458223,0.825146,-2.496575,0.101431,0.860751,-2.369248,-0.336403,0.044410,-2.252688,0.051705,0.127776,-2.793308,,,,,,,,,,-0.444880,0.811774,-2.480241,-0.416205,0.766934,-2.476362,-0.403656,0.734599,-2.485534,-0.435732,0.732194,-2.485799,-0.416357,0.703511,-2.498547,-0.397453,0.689440,-2.510934,-0.448437,0.732588,-2.508085,-0.426795,0.706287,-2.527672,-0.408690,0.694795,-2.542679,-0.458793,0.734334,-2.526462,-0.439041,0.709801,-2.546755,-0.422306,0.702745,-2.560800,-0.465780,0.742264,-2.545610,-0.446337,0.722832,-2.563564,-0.428897,0.716829,-2.576841,0.081743,0.853774,-2.355561,0.052052,0.809654,-2.351106,0.046954,0.774217,-2.353473,0.073465,0.779950,-2.325079,0.059630,0.745796,-2.326723,0.045959,0.726515,-2.338982,0.094836,0.772808,-2.337349,0.083421,0.735437,-2.341437,0.071132,0.719809,-2.358468,0.112396,0.768137,-2.348204,0.102442,0.732623,-2.354803,0.091294,0.724165,-2.373000,0.127500,0.767886,-2.364022,0.118535,0.737446,-2.372440,0.108075,0.724145,-2.387621,,,
16,0.533,-0.191468,0.939432,-2.470058,-0.310938,0.939344,-2.480660,-0.071998,0.939521,-2.459456,-0.333182,0.530787,-2.303404,-0.007291,0.530775,-2.293408,-0.305324,0.127277,-2.401724,-0.005975,0.291703,-2.634152,-0.191247,1.056623,-2.473531,-0.193963,1.270959,-2.469238,-0.199698,1.513221,-2.456008,-0.207159,1.612244,-2.425344,-0.233945,1.460327,-2.457814,-0.163037,1.461948,-2.456674,-0.368559,1.396317,-2.447183,-0.024256,1.409681,-2.445351,-0.425301,1.111608,-2.457728,0.056582,1.129993,-2.440469,-0.449530,0.843176,-2.372216,0.108703,0.861700,-2.367926,-0.334838,0.040097,-2.248054,0.029303,0.116259,-2.626319,,,,,,,,,,-0.434737,0.831866,-2.355575,-0.405767,0.787596,-2.348584,-0.393442,0.754325,-2.353902,-0.426027,0.752139,-2.351676,-0.407478,0.722059,-2.362246,-0.389535,0.706516,-2.374300,-0.440710,0.749809,-2.372585,-0.420761,0.721128,-2.390563,-0.404010,0.707734,-2.405566,-0.452699,0.749296,-2.390021,-0.434379,0.722742,-2.409074,-0.418819,0.714259,-2.423669,-0.461413,0.754784,-2.409317,-0.443744,0.733177,-2.426606,-0.427640,0.725526,-2.440699,0.090814,0.853080,-2.352783,0.062228,0.808162,-2.349162,0.057316,0.773002,-2.354361,0.086796,0.776568,-2.328754,0.073621,0.742204,-2.331230,0.058932,0.723452,-2.343127,0.106642,0.771033,-2.344043,0.095189,0.733936,-2.350062,0.081109,0.719581,-2.366825,0.122849,0.767751,-2.357256,0.112822,0.732643,-2.365669,0.099751,0.725433,-2.383108,0.135997,0.769285,-2.374668,0.126739,0.739505,-2.384926,0.114885,0.727383,-2.400069,,,
17,0.567,-0.191443,0.951837,-2.414230,-0.310867,0.952575,-2.425313,-0.072018,0.951100,-2.403147,-0.325672,0.527968,-2.289950,-0.013475,0.564157,-2.189418,-0.303610,0.126683,-2.398332,-0.017481,0.280861,-2.494362,-0.190367,1.069013,-2.418020,-0.193500,1.283359,-2.414631,-0.196669,1.525688,-2.401764,-0.201196,1.624691,-2.370471,-0.231373,1.473062,-2.401677,-0.160490,1.474126,-2.404169,-0.365981,1.411046,-2.382544,-0.021991,1.420014,-2.400945,-0.425420,1.126923,-2.371117,0.052745,1.139025,-2.416545,-0.431925,0.870403,-2.252329,0.110697,0.866509,-2.368203,-0.332084,0.039897,-2.244243,0.010162,0.110662,-2.445838,,,,,,,,,,-0.415089,0.861381,-2.236243,-0.384690,0.818476,-2.227128,-0.371303,0.785219,-2.228516,-0.404514,0.782849,-2.223260,-0.386452,0.751854,-2.231844,-0.369540,0.735070,-2.243721,-0.421488,0.777796,-2.241824,-0.403179,0.747117,-2.258173,-0.388003,0.731969,-2.273185,-0.435415,0.775002,-2.257515,-0.418690,0.746522,-2.275205,-0.404672,0.736507,-2.290380,-0.446417,0.777928,-2.276191,-0.430667,0.754231,-2.292571,-0.416261,0.744833,-2.307425,0.094689,0.856711,-2.351731,0.065373,0.812213,-2.348813,0.058598,0.777885,-2.356752,0.091369,0.778212,-2.335161,0.077259,0.744331,-2.338850,0.060682,0.726884,-2.350241,0.108833,0.773913,-2.353458,0.095561,0.737789,-2.361368,0.078942,0.725378,-2.377339,0.123040,0.771707,-2.368993,0.111140,0.737685,-2.379226,0.095707,0.732339,-2.395355,0.133820,0.774786,-2.387773,0.122648,0.746285,-2.399633,0.108691,0.735813,-2.414205,,,
18,0.600,-0.190841,0.962975,-2.357801,-0.310181,0.964555,-2.369674,-0.071500,0.961394,-2.345928,-0.317510,0.527447,-2.281835,-0.019387,0.598187,-2.092556,-0.301385,0.128439,-2.399292,-0.024547,0.266968,-2.344609,-0.188921,1.080142,-2.361500,-0.192384,1.294489,-2.358469,-0.192258,1.536837,-2.345572,-0.193730,1.635736,-2.313661,-0.227499,1.484599,-2.343822,-0.156806,1.484878,-2.349661,-0.361932,1.424956,-2.317326,-0.019194,1.428618,-2.353907,-0.424404,1.142992,-2.285965,0.048550,1.147784,-2.390327,-0.406477,0.903237,-2.137132,0.107354,0.872364,-2.364898,-0.328635,0.040895,-2.245411,0.001192,0.116089,-2.251554,,,,,,,,,,-0.387323,0.896899,-2.122415,-0.353821,0.856602,-2.112325,-0.338368,0.824248,-2.111084,-0.371117,0.821018,-2.101750,-0.352496,0.789878,-2.108397,-0.336168,0.772329,-2.119983,-0.389977,0.813086,-2.117231,-0.372238,0.781223,-2.131852,-0.358236,0.764814,-2.146678,-0.405579,0.807862,-2.130546,-0.389767,0.777834,-2.146422,-0.377221,0.766363,-2.161853,-0.418954,0.808050,-2.147851,-0.404251,0.782953,-2.163080,-0.391368,0.772215,-2.178416,0.092753,0.861727,-2.347656,0.061167,0.818760,-2.345617,0.051358,0.785862,-2.356053,0.086322,0.782197,-2.338644,0.069813,0.749636,-2.343916,0.050983,0.734340,-2.354888,0.101250,0.778951,-2.359257,0.084845,0.744606,-2.368998,0.065723,0.734832,-2.383968,0.113401,0.777663,-2.376539,0.098238,0.745570,-2.388538,0.080733,0.742761,-2.403120,0.122121,0.782144,-2.396091,0.107939,0.755622,-2.409254,0.091792,0.747426,-2.422998,,,
19,0.633,-0.190387,0.969884,-2.302555,-0.309620,0.972203,-2.315347,-0.071154,0.967564,-2.289762,-0.309098,0.528102,-2.275265,-0.024389,0.626981,-2.005776,-0.299319,0.131399,-2.400940,-0.027692,0.251858,-2.186151,-0.187780,1.087057,-2.305611,-0.191514,1.301373,-2.301095,-0.187612,1.543591,-2.286460,-0.186138,1.642233,-2.253767,-0.223425,1.491797,-2.283500,-0.153069,1.491214,-2.292522,-0.357475,1.434528,-2.250604,-0.016659,1.433138,-2.304343,-0.424411,1.155994,-2.202357,0.043525,1.154196,-2.362249,-0.374161,0.937961,-2.029465,0.099503,0.877056,-2.357703,-0.325212,0.043439,-2.247061,0.000086,0.132971,-2.055076,,,,,,,,,,-0.353158,0.934560,-2.016391,-0.316450,0.897530,-2.005021,-0.298766,0.866556,-2.001140,-0.330361,0.863063,-1.987823,-0.310691,0.832139,-1.991999,-0.294624,0.813816,-2.002718,-0.350325,0.852253,-1.999776,-0.332405,0.819403,-2.011754,-0.319127,0.801640,-2.025656,-0.366974,0.844563,-2.010343,-0.351342,0.813137,-2.023452,-0.339919,0.800005,-2.038424,-0.382171,0.841765,-2.025822,-0.367833,0.815343,-2.039023,-0.356119,0.803041,-2.054120,0.085743,0.865404,-2.340426,0.051826,0.824203,-2.340045,0.039204,0.793195,-2.352952,0.075151,0.785818,-2.339144,0.056143,0.755053,-2.346406,0.035514,0.742190,-2.357267,0.088097,0.784037,-2.361223,0.068772,0.751925,-2.373012,0.047894,0.744928,-2.387171,0.098677,0.783986,-2.379555,0.080490,0.754321,-2.393452,0.061689,0.754126,-2.406621,0.106016,0.790088,-2.399235,0.089121,0.765954,-2.413723,0.071388,0.760195,-2.426729,,,
20,0.667,-0.188843,0.972712,-2.247938,-0.308003,0.975763,-2.261247,-0.069683,0.969661,-2.234628,-0.304044,0.529885,-2.264326,-0.033216,0.643426,-1.932844,-0.297566,0.137139,-2.402065,-0.025848,0.237112,-2.022944,-0.185644,1.089896,-2.249718,-0.190345,1.304130,-2.242829,-0.181994,1.546062,-2.225558,-0.178119,1.644355,-2.192019,-0.218467,1.494791,-2.221690,-0.148570,1.493240,-2.233683,-0.351989,1.440004,-2.182938,-0.013615,1.433827,-2.253112,-0.424925,1.166147,-2.119127,0.037879,1.158296,-2.331947,-0.340378,0.971937,-1.931805,0.088671,0.880474,-2.345928,-0.322080,0.048673,-2.248250,0.002655,0.150815,-1.868585,,,,,,,,,,-0.318053,0.971129,-1.920642,-0.279024,0.937193,-1.907486,-0.259573,0.907855,-1.900555,-0.289833,0.905668,-1.883683,-0.269510,0.874915,-1.885053,-0.253923,0.855479,-1.894438,-0.310478,0.892657,-1.891605,-0.292532,0.858717,-1.899956,-0.279989,0.839236,-1.912133,-0.327805,0.883017,-1.899008,-0.312381,0.850200,-1.908438,-0.302013,0.835044,-1.922219,-0.344367,0.877442,-1.912162,-0.330284,0.849554,-1.922255,-0.319575,0.835201,-1.936249,0.075629,0.867476,-2.329060,0.040037,0.827744,-2.330679,0.025144,0.798840,-2.345849,0.061655,0.788679,-2.335655,0.040598,0.759859,-2.344961,0.018647,0.749271,-2.355683,0.072965,0.788901,-2.358684,0.051385,0.759127,-2.372518,0.029283,0.754629,-2.385808,0.082251,0.790509,-2.377636,0.061689,0.763389,-2.393307,0.042024,0.765449,-2.404968,0.088484,0.798496,-2.397020,0.069411,0.776837,-2.412669,0.050521,0.773272,-2.424804,,,
21,0.700,-0.187103,0.972197,-2.191511,-0.306098,0.977715,-2.205485,-0.068107,0.966680,-2.177537,-0.304143,0.534303,-2.252541,-0.047410,0.636210,-1.878884,-0.298391,0.146227,-2.402966,-0.023205,0.220829,-1.867193,-0.181680,1.089314,-2.191444,-0.188690,1.303426,-2.182922,-0.175197,1.544904,-2.162797,-0.169512,1.642762,-2.128258,-0.212441,1.494252,-2.158209,-0.143093,1.491606,-2.172892,-0.345236,1.442002,-2.113858,-0.009889,1.431001,-2.199424,-0.424876,1.174447,-2.033475,0.031579,1.159708,-2.296708,-0.310655,1.001905,-1.840762,0.075917,0.882075,-2.326947,-0.321530,0.055891,-2.250028,0.004981,0.169667,-1.697859,,,,,,,,,,-0.287421,1.003151,-1.831693,-0.246585,0.972202,-1.816773,-0.225483,0.944911,-1.806923,-0.254497,0.944934,-1.787259,-0.233698,0.914544,-1.785134,-0.218531,0.893901,-1.792390,-0.275442,0.930608,-1.791042,-0.257419,0.895921,-1.795004,-0.245455,0.874764,-1.804718,-0.293119,0.919722,-1.795167,-0.277780,0.885917,-1.800234,-0.268269,0.868735,-1.812126,-0.310638,0.911906,-1.805674,-0.296602,0.882920,-1.812062,-0.286657,0.866544,-1.824285,0.063690,0.867725,-2.310569,0.026660,0.829414,-2.313568,0.009495,0.802694,-2.330264,0.046425,0.790507,-2.324238,0.023374,0.763791,-2.334985,0.000212,0.755388,-2.345076,0.056008,0.792863,-2.347921,0.032321,0.765469,-2.363156,0.009152,0.763148,-2.375118,0.063924,0.796219,-2.367262,0.041117,0.771685,-2.384049,0.020734,0.775657,-2.393831,0.068997,0.806048,-2.386131,0.047946,0.786760,-2.402338,0.028066,0.785002,-2.413222,,,
22,0.733,-0.185702,0.967570,-2.132869,-0.304453,0.975308,-2.147834,-0.066951,0.959832,-2.117903,-0.305762,0.536956,-2.229556,-0.055858,0.609710,-1.841997,-0.299457,0.158267,-2.402236,-0.023393,0.205620,-1.747545,-0.178352,1.084561,-2.130698,-0.186634,1.298593,-2.121338,-0.169529,1.539683,-2.099397,-0.162832,1.637232,-2.064172,-0.207262,1.489453,-2.094207,-0.138401,1.486091,-2.110898,-0.338675,1.438076,-2.044988,-0.006653,1.425148,-2.143282,-0.423855,1.177933,-1.947726,0.026060,1.157965,-2.254308,-0.282872,1.025316,-1.755926,0.065135,0.881212,-2.297223,-0.321924,0.064936,-2.251006,0.003411,0.190549,-1.571078,,,,,,,,,,-0.259371,1.028543,-1.748121,-0.217206,1.001380,-1.729893,-0.194424,0.977077,-1.716571,-0.223318,0.979276,-1.695963,-0.201588,0.950297,-1.688989,-0.185997,0.929060,-1.692827,-0.243990,0.964088,-1.696473,-0.225119,0.929671,-1.694712,-0.212836,0.907386,-1.700842,-0.261502,0.952302,-1.698024,-0.245409,0.918472,-1.697471,-0.235791,0.899642,-1.706418,-0.279166,0.942477,-1.706380,-0.264464,0.913171,-1.708106,-0.254411,0.895149,-1.717626,0.053665,0.865733,-2.281335,0.015394,0.828723,-2.285017,-0.003792,0.803995,-2.302562,0.033197,0.790487,-2.300487,0.008368,0.765728,-2.311937,-0.015773,0.759148,-2.321039,0.041162,0.794747,-2.324501,0.015630,0.769482,-2.340420,-0.008370,0.768877,-2.350858,0.047799,0.799650,-2.343992,0.023022,0.777423,-2.361196,0.002144,0.782847,-2.369047,0.051827,0.811020,-2.362237,0.029042,0.793794,-2.378421,0.008377,0.793472,-2.387888,,,
23,0.767,-0.185319,0.958175,-2.071515,-0.303929,0.966995,-2.086986,-0.066708,0.949355,-2.056044,-0.302626,0.539116,-2.212488,-0.053968,0.569680,-1.822554,-0.300681,0.165920,-2.396836,-0.027785,0.186840,-1.661273,-0.177191,1.075055,-2.067190,-0.183714,1.289066,-2.056122,-0.165055,1.529916,-2.032842,-0.157870,1.627340,-1.997369,-0.202949,1.479835,-2.027377,-0.134385,1.476252,-2.045207,-0.333193,1.428448,-1.975154,-0.003649,1.415744,-2.082181,-0.422608,1.175722,-1.863242,0.022450,1.151808,-2.202349,-0.262760,1.037374,-1.675457,0.058098,0.876340,-2.255330,-0.322086,0.069338,-2.247504,-0.007459,0.187999,-1.483308,,,,,,,,,,-0.239421,1.042797,-1.668421,-0.196055,1.020641,-1.646593,-0.171502,1.000329,-1.630108,-0.201129,1.003734,-1.609638,-0.177989,0.977604,-1.597704,-0.161235,0.956914,-1.597768,-0.221096,0.987743,-1.607661,-0.200673,0.955016,-1.600204,-0.187325,0.932623,-1.602543,-0.238060,0.975092,-1.607255,-0.220477,0.942587,-1.601090,-0.209969,0.922985,-1.606787,-0.255271,0.963330,-1.613874,-0.239344,0.934772,-1.610921,-0.228512,0.915891,-1.617453,0.047280,0.859702,-2.240171,0.008271,0.823576,-2.244769,-0.012338,0.800606,-2.263074,0.024567,0.786586,-2.264377,-0.001414,0.763359,-2.276461,-0.026168,0.758022,-2.284691,0.031253,0.792774,-2.288362,0.004517,0.769238,-2.304941,-0.020017,0.769800,-2.314055,0.036876,0.799233,-2.307719,0.010771,0.778888,-2.325284,-0.010415,0.785232,-2.331435,0.040067,0.812062,-2.325144,0.016031,0.796573,-2.341274,-0.005171,0.797376,-2.349436,,,
24,0.800,-0.181881,0.943935,-2.012905,-0.300569,0.952062,-2.028160,-0.063193,0.935808,-1.997650,-0.294785,0.535962,-2.188348,-0.053629,0.557583,-1.761669,-0.300964,0.175816,-2.396962,-0.032095,0.170207,-1.610874,-0.174454,1.060855,-2.008406,-0.179065,1.274850,-1.996134,-0.159465,1.515494,-1.971532,-0.151649,1.612879,-1.936087,-0.197463,1.465495,-1.966043,-0.129069,1.461816,-1.984497,-0.327518,1.414862,-1.912625,0.000813,1.401263,-2.024300,-0.419609,1.167261,-1.791782,0.022851,1.138837,-2.148520,-0.252581,1.034359,-1.606327,0.056747,0.864658,-2.208829,-0.321491,0.069316,-2.254405,-0.011960,0.157812,-1.433315,,,,,,,,,,-0.229429,1.041445,-1.600207,-0.184920,1.023451,-1.576901,-0.159737,1.005567,-1.558650,-0.188878,1.010146,-1.538372,-0.164656,0.985799,-1.524914,-0.147267,0.965676,-1.523689,-0.208108,0.993605,-1.534517,-0.186232,0.962499,-1.524637,-0.172026,0.940525,-1.525270,-0.224500,0.980352,-1.532603,-0.205442,0.949272,-1.523966,-0.194208,0.929689,-1.528139,-0.241249,0.967266,-1.537762,-0.223948,0.939892,-1.532347,-0.212314,0.920984,-1.537204,0.046144,0.846936,-2.194789,0.006469,0.811820,-2.201172,-0.015075,0.790715,-2.220610,0.021598,0.776418,-2.224324,-0.005067,0.754615,-2.237521,-0.030125,0.750276,-2.245411,0.027645,0.784525,-2.247904,0.000218,0.762682,-2.265631,-0.024550,0.764200,-2.273970,0.032774,0.792525,-2.266817,0.005914,0.774025,-2.285260,-0.015355,0.781081,-2.290239,0.035629,0.806739,-2.283194,0.010957,0.792880,-2.299840,-0.010454,0.794516,-2.307301,,,
25,0.833,-0.177274,0.930929,-1.953485,-0.296232,0.936031,-1.967924,-0.058315,0.925828,-1.939046,-0.285261,0.526510,-2.144006,-0.053878,0.564004,-1.678477,-0.298496,0.185955,-2.382985,-0.036030,0.162544,-1.569961,-0.172529,1.048052,-1.951187,-0.175482,1.262125,-1.939786,-0.154456,1.502689,-1.915585,-0.145290,1.600183,-1.880765,-0.192702,1.452906,-1.909861,-0.124413,1.448829,-1.928616,-0.323256,1.403834,-1.856203,0.004509,1.386690,-1.969091,-0.418631,1.156755,-1.736850,0.026168,1.122744,-2.090117,-0.257378,1.021000,-1.548373,0.059930,0.848620,-2.150752,-0.320369,0.062637,-2.254922,-0.012149,0.120019,-1.397602,,,,,,,,,,-0.234352,1.028302,-1.542041,-0.190149,1.010969,-1.517675,-0.166251,0.992583,-1.498233,-0.194664,0.998447,-1.478945,-0.170791,0.973612,-1.465758,-0.153737,0.953192,-1.464744,-0.213892,0.981913,-1.475049,-0.192131,0.950754,-1.465084,-0.177990,0.928736,-1.465657,-0.230264,0.968638,-1.473117,-0.211235,0.937600,-1.464269,-0.199969,0.918010,-1.468321,-0.246882,0.955383,-1.478265,-0.229353,0.928265,-1.472319,-0.217473,0.909416,-1.476796,0.048964,0.830335,-2.137751,0.008726,0.796315,-2.146206,-0.013249,0.776582,-2.166580,0.023354,0.761990,-2.171228,-0.003573,0.741414,-2.185794,-0.028637,0.737919,-2.194073,0.029644,0.771281,-2.194301,0.002089,0.750792,-2.213393,-0.022592,0.753044,-2.221825,0.034992,0.780225,-2.212724,0.008034,0.763121,-2.232336,-0.013108,0.770694,-2.237088,0.038161,0.795270,-2.228281,0.013370,0.782651,-2.245715,-0.007982,0.784899,-2.253186,,,
26,0.867,-0.173015,0.922097,-1.890623,-0.292151,0.925357,-1.904097,-0.053879,0.918836,-1.877149,-0.288142,0.514094,-2.076373,-0.045077,0.565925,-1.604736,-0.294635,0.204705,-2.354761,-0.037363,0.153599,-1.548239,-0.169986,1.039289,-1.889044,-0.170690,1.253445,-1.878932,-0.150093,1.494339,-1.857847,-0.138470,1.592010,-1.824279,-0.188164,1.444536,-1.851211,-0.120015,1.440398,-1.870454,-0.318717,1.396119,-1.796961,0.008186,1.376673,-1.910753,-0.414344,1.143776,-1.689403,0.036121,1.108525,-2.020753,-0.267038,0.998049,-1.496998,0.074625,0.833068,-2.071757,-0.322121,0.055754,-2.259136,-0.017779,0.085144,-1.383872,,,,,,,,,,-0.244540,1.005106,-1.488770,-0.202278,0.986969,-1.461697,-0.181222,0.966861,-1.440734,-0.209662,0.973369,-1.423779,-0.186926,0.947990,-1.409652,-0.170080,0.927438,-1.408026,-0.229137,0.956784,-1.421791,-0.208274,0.925119,-1.411505,-0.194239,0.903030,-1.411913,-0.245616,0.943505,-1.421456,-0.227461,0.912106,-1.412061,-0.216014,0.892557,-1.415790,-0.261815,0.930446,-1.428197,-0.244734,0.903105,-1.421976,-0.232556,0.884393,-1.426220,0.063076,0.814620,-2.059514,0.023097,0.780909,-2.070153,0.001637,0.761432,-2.091307,0.038611,0.746934,-2.095119,0.011770,0.727278,-2.111049,-0.013048,0.724475,-2.120276,0.045867,0.756573,-2.117763,0.018876,0.736753,-2.138312,-0.005430,0.739405,-2.147667,0.051991,0.765792,-2.135804,0.025485,0.749406,-2.156608,0.004596,0.757298,-2.161930,0.055843,0.781075,-2.150970,0.031298,0.768924,-2.169074,0.010132,0.771434,-2.176979,,,
27,0.900,-0.165659,0.918411,-1.828983,-0.284992,0.920652,-1.840826,-0.046327,0.916171,-1.817139,-0.307980,0.495278,-1.972588,-0.031043,0.563545,-1.544644,-0.296021,0.227280,-2.290860,-0.034937,0.147423,-1.535094,-0.163590,1.035627,-1.827652,-0.164403,1.249840,-1.818823,-0.142498,1.490835,-1.800379,-0.128735,1.588597,-1.767904,-0.180718,1.441276,-1.792834,-0.112800,1.436633,-1.812769,-0.311579,1.394412,-1.737967,0.014039,1.370213,-1.853024,-0.406929,1.134302,-1.650557,0.048144,1.097108,-1.948073,-0.282582,0.966840,-1.459639,0.089761,0.819416,-1.981475,-0.320397,0.052174,-2.262052,-0.015145,0.065363,-1.377104,,,,,,,,,,-0.261034,0.972754,-1.448488,-0.222450,0.951785,-1.418163,-0.205210,0.929104,-1.396357,-0.234329,0.935921,-1.382323,-0.214015,0.908972,-1.367433,-0.197975,0.887831,-1.365289,-0.254206,0.919753,-1.383659,-0.235355,0.886880,-1.373282,-0.221853,0.864459,-1.373619,-0.270859,0.906914,-1.386073,-0.254558,0.874483,-1.376785,-0.243164,0.854891,-1.380451,-0.286429,0.894752,-1.395456,-0.270608,0.866598,-1.389536,-0.258369,0.847932,-1.393811,0.077261,0.801356,-1.969591,0.037720,0.767746,-1.982033,0.017667,0.748066,-2.004348,0.054476,0.733070,-2.005165,0.027424,0.714658,-2.022188,0.002966,0.713017,-2.032583,0.063275,0.742118,-2.027503,0.036753,0.722988,-2.049280,0.013098,0.726412,-2.059960,0.070644,0.750863,-2.045314,0.044475,0.735101,-2.067008,0.024115,0.743608,-2.073335,0.075619,0.765756,-2.060541,0.051441,0.753685,-2.079182,0.030610,0.756626,-2.087797,,,
28,0.933,-0.158841,0.918291,-1.770134,-0.278379,0.920242,-1.779736,-0.039301,0.916339,-1.760532,-0.329647,0.482005,-1.844175,-0.018174,0.555721,-1.499112,-0.308244,0.264258,-2.198282,-0.033147,0.140924,-1.530466,-0.157043,1.035510,-1.768690,-0.159007,1.249719,-1.759963,-0.138620,1.490898,-1.742189,-0.124207,1.588709,-1.710146,-0.176554,1.441128,-1.734585,-0.108562,1.436842,-1.754346,-0.307602,1.394098,-1.680309,0.017988,1.369431,-1.793856,-0.397775,1.126471,-1.612231,0.060431,1.092355,-1.872668,-0.300335,0.930855,-1.432801,0.106163,0.813494,-1.882958,-0.323608,0.088307,-2.228134,-0.010813,0.055984,-1.374349,,,,,,,,,,-0.280122,0.934647,-1.418634,-0.245984,0.908950,-1.386662,-0.232107,0.883302,-1.365762,-0.262455,0.889695,-1.354488,-0.244979,0.860419,-1.340412,-0.229988,0.838478,-1.338776,-0.282445,0.874568,-1.359951,-0.266072,0.839978,-1.351052,-0.253345,0.817137,-1.352223,-0.299020,0.862740,-1.365726,-0.284813,0.828865,-1.358346,-0.273591,0.809343,-1.362825,-0.313672,0.852312,-1.378174,-0.299575,0.822964,-1.373938,-0.287529,0.804365,-1.378982,0.093632,0.796014,-1.870267,0.055740,0.760254,-1.881813,0.037750,0.738412,-1.903874,0.074604,0.724451,-1.901321,0.047900,0.705103,-1.917847,0.023739,0.702948,-1.928827,0.084211,0.732015,-1.923877,0.058404,0.711457,-1.945207,0.035115,0.714221,-1.956840,0.092178,0.739583,-1.941967,0.066625,0.722223,-1.963168,0.046403,0.730177,-1.970569,0.097451,0.753400,-1.958082,0.073861,0.739562,-1.976243,0.053179,0.741629,-1.985451,,,
29,0.967,-0.153668,0.921959,-1.715118,-0.273409,0.923637,-1.721806,-0.033926,0.920282,-1.708429,-0.335818,0.482281,-1.709850,-0.009106,0.547090,-1.465644,-0.315552,0.294290,-2.080677,-0.030350,0.135749,-1.525733,-0.152113,1.039180,-1.713537,-0.155349,1.253287,-1.702881,-0.137772,1.494432,-1.681935,-0.123993,1.592033,-1.648986,-0.175395,1.444221,-1.675833,-0.106893,1.440805,-1.693934,-0.307244,1.395280,-1.625316,0.020459,1.373648,-1.731239,-0.389269,1.121595,-1.572801,0.069539,1.093824,-1.795060,-0.324894,0.894905,-1.416524,0.117365,0.815472,-1.781145,-0.333491,0.121781,-2.125451,-0.005547,0.051186,-1.369784,,,,,,,,,,-0.305708,0.894839,-1.400539,-0.275280,0.861738,-1.371789,-0.263709,0.832161,-1.355103,-0.295008,0.837755,-1.345089,-0.279828,0.805396,-1.335978,-0.265909,0.782771,-1.337757,-0.315129,0.825064,-1.354700,-0.301096,0.788486,-1.351725,-0.289384,0.765577,-1.356533,-0.331685,0.815473,-1.363751,-0.319464,0.780082,-1.362371,-0.308752,0.761223,-1.369901,-0.345746,0.808398,-1.378937,-0.333713,0.777861,-1.379764,-0.322395,0.759798,-1.387644,0.106066,0.798830,-1.766347,0.070648,0.759502,-1.773193,0.054173,0.734055,-1.792388,0.091846,0.722971,-1.788504,0.065825,0.700642,-1.802102,0.041615,0.696175,-1.812244,0.100877,0.728421,-1.811892,0.075665,0.704554,-1.830285,0.052096,0.705087,-1.841667,0.108281,0.734298,-1.830830,0.083304,0.713430,-1.849392,0.062600,0.719551,-1.857193,0.112579,0.746419,-1.848522,0.089534,0.729357,-1.864509,0.068644,0.729265,-1.873475,,,
30,1.000,-0.150949,0.930188,-1.661290,-0.270787,0.931479,-1.666060,-0.031110,0.928898,-1.656520,-0.335866,0.497560,-1.586612,-0.008938,0.538845,-1.441578,-0.312130,0.303830,-1.954264,-0.028863,0.130484,-1.519726,-0.149757,1.047411,-1.659523,-0.153439,1.261393,-1.646723,-0.138327,1.502241,-1.620981,-0.126468,1.599438,-1.586145,-0.175896,1.451739,-1.617513,-0.106591,1.448984,-1.632376,-0.309378,1.400442,-1.574122,0.022751,1.382886,-1.664346,-0.383301,1.121859,-1.537840,0.077563,1.100962,-1.712284,-0.353788,0.870229,-1.412274,0.124063,0.824945,-1.672122,-0.335391,0.128022,-1.979494,-0.003047,0.046002,-1.363898,,,,,,,,,,-0.335023,0.865075,-1.396623,-0.306821,0.824193,-1.377096,-0.296577,0.790947,-1.368326,-0.328251,0.795119,-1.357792,-0.314431,0.760919,-1.357732,-0.301329,0.739092,-1.365522,-0.348675,0.786362,-1.370615,-0.336308,0.749761,-1.377764,-0.325524,0.728539,-1.388647,-0.365415,0.780275,-1.382049,-0.354695,0.745336,-1.390298,-0.344624,0.728777,-1.402607,-0.379399,0.778081,-1.398722,-0.369133,0.748228,-1.407741,-0.358704,0.732335,-1.420198,0.114223,0.810061,-1.654650,0.081314,0.768050,-1.654405,0.065742,0.738952,-1.668483,0.104506,0.731001,-1.664784,0.080065,0.704952,-1.673984,0.056081,0.697187,-1.682553,0.112621,0.733407,-1.689004,0.088687,0.705431,-1.702719,0.064882,0.702672,-1.713255,0.119187,0.736805,-1.708837,0.095531,0.711652,-1.723383,0.074312,0.715068,-1.731448,0.122274,0.746362,-1.728267,0.100412,0.725542,-1.741169,0.079506,0.722672,-1.749622,,,
31,1.033,-0.152334,0.943256,-1.607760,-0.272197,0.944318,-1.611912,-0.032471,0.942195,-1.603608,-0.339413,0.524132,-1.478649,-0.018354,0.533515,-1.425803,-0.306559,0.291544,-1.822287,-0.030164,0.126737,-1.513299,-0.151364,1.060477,-1.605795,-0.154488,1.274393,-1.591791,-0.141707,1.514979,-1.562576,-0.132677,1.611833,-1.525979,-0.179233,1.464333,-1.561795,-0.109189,1.461947,-1.572747,-0.314499,1.411347,-1.526769,0.022382,1.397054,-1.597207,-0.382166,1.129275,-1.511064,0.081689,1.113491,-1.626508,-0.380560,0.862066,-1.418588,0.120846,0.841904,-1.558189,-0.327078,0.113636,-1.818566,-0.004942,0.042471,-1.357256,,,,,,,,,,-0.362360,0.852370,-1.404503,-0.335845,0.806872,-1.395855,-0.326216,0.772312,-1.395560,-0.358584,0.774519,-1.385202,-0.345546,0.741128,-1.393902,-0.332747,0.721760,-1.406934,-0.378911,0.770113,-1.400225,-0.367383,0.736332,-1.416648,-0.356924,0.718417,-1.432610,-0.395515,0.767794,-1.413144,-0.385489,0.735974,-1.430194,-0.375538,0.722968,-1.446286,-0.409121,0.770503,-1.430054,-0.399694,0.743749,-1.446586,-0.389531,0.731389,-1.462723,0.110938,0.829808,-1.538717,0.079188,0.787404,-1.532251,0.064629,0.755911,-1.541394,0.103653,0.749895,-1.535817,0.081145,0.721094,-1.540765,0.057952,0.710400,-1.548292,0.112361,0.748522,-1.559912,0.090060,0.717490,-1.569035,0.066709,0.711779,-1.579401,0.119374,0.748804,-1.579881,0.097553,0.720265,-1.590524,0.076500,0.721081,-1.599637,0.122732,0.755113,-1.600552,0.102307,0.731491,-1.610684,0.081929,0.726255,-1.619292,,,
32,1.067,-0.157426,0.959186,-1.555851,-0.277284,0.960055,-1.560187,-0.037568,0.958319,-1.551514,-0.343812,0.554326,-1.387587,-0.032039,0.532451,-1.419459,-0.304173,0.265450,-1.684645,-0.034139,0.125918,-1.508849,-0.156646,1.076410,-1.553943,-0.158859,1.290240,-1.538523,-0.148324,1.530676,-1.507246,-0.142290,1.627362,-1.469604,-0.185683,1.479920,-1.508667,-0.115168,1.477800,-1.516082,-0.322385,1.426057,-1.481418,0.018177,1.414111,-1.532906,-0.386183,1.142774,-1.489820,0.080902,1.129956,-1.543160,-0.404969,0.866836,-1.430996,0.107756,0.865069,-1.447900,-0.324038,0.092681,-1.641725,-0.010886,0.041556,-1.352553,,,,,,,,,,-0.387535,0.853786,-1.418774,-0.361905,0.806987,-1.419755,-0.351946,0.773193,-1.426533,-0.385435,0.773522,-1.417840,-0.372371,0.742125,-1.432129,-0.359059,0.725334,-1.447929,-0.405093,0.773111,-1.434322,-0.393375,0.743163,-1.456895,-0.382445,0.728661,-1.475745,-0.421108,0.774171,-1.448120,-0.411015,0.746229,-1.470949,-0.400604,0.736504,-1.488953,-0.433894,0.780979,-1.464508,-0.424479,0.758414,-1.486420,-0.413984,0.749786,-1.504637,0.095687,0.856050,-1.427986,0.063292,0.814722,-1.418463,0.049766,0.781965,-1.424064,0.087899,0.777494,-1.413286,0.066864,0.747275,-1.415496,0.044934,0.734415,-1.423410,0.099260,0.772469,-1.435735,0.078406,0.739747,-1.441900,0.056405,0.731737,-1.453611,0.108477,0.769701,-1.454587,0.088560,0.739021,-1.462708,0.068706,0.737566,-1.474139,0.114158,0.772719,-1.475492,0.095363,0.747245,-1.484187,0.076251,0.740149,-1.494245,,,
33,1.100,-0.164094,0.974211,-1.500528,-0.283930,0.974779,-1.505494,-0.044259,0.973643,-1.495563,-0.346514,0.579663,-1.308518,-0.043907,0.534943,-1.415717,-0.308586,0.231011,-1.532720,-0.039327,0.127429,-1.500423,-0.163600,1.091442,-1.499041,-0.165122,1.305112,-1.481472,-0.157066,1.545425,-1.448560,-0.153685,1.642091,-1.410535,-0.194068,1.494482,-1.451636,-0.123317,1.492773,-1.456436,-0.331370,1.439261,-1.430895,0.011368,1.430660,-1.467494,-0.392350,1.157626,-1.467675,0.078110,1.147296,-1.461665,-0.422576,0.877640,-1.442189,0.090702,0.890950,-1.342969,-0.333415,0.076141,-1.446205,-0.018407,0.042692,-1.344000,,,,,,,,,,-0.405820,0.862534,-1.431479,-0.379645,0.816713,-1.439434,-0.368474,0.784767,-1.451343,-0.402863,0.783492,-1.445309,-0.388912,0.753887,-1.462325,-0.374424,0.738957,-1.478938,-0.421407,0.786166,-1.462838,-0.408398,0.759594,-1.488693,-0.396289,0.747773,-1.508661,-0.436506,0.789782,-1.477223,-0.425511,0.765157,-1.503232,-0.414183,0.757862,-1.521822,-0.448282,0.799526,-1.492868,-0.437869,0.781050,-1.517932,-0.426475,0.775652,-1.536840,0.075876,0.884751,-1.323853,0.042226,0.844766,-1.313044,0.029397,0.811355,-1.315588,0.065639,0.809074,-1.299037,0.045448,0.778206,-1.299217,0.024952,0.763557,-1.307834,0.080044,0.800999,-1.318673,0.060257,0.767285,-1.322605,0.040110,0.757128,-1.335880,0.091828,0.795650,-1.335421,0.073448,0.763558,-1.341433,0.055432,0.759849,-1.355166,0.100437,0.795670,-1.355528,0.083160,0.768775,-1.363008,0.065732,0.759860,-1.374566,,,
34,1.133,-0.169685,0.985044,-1.457371,-0.289570,0.985970,-1.460881,-0.049800,0.984118,-1.453860,-0.343374,0.593926,-1.255358,-0.051918,0.539190,-1.424404,-0.310485,0.198438,-1.380941,-0.045542,0.132977,-1.515035,-0.168866,1.102245,-1.454418,-0.169925,1.315817,-1.435663,-0.165958,1.556329,-1.403461,-0.164987,1.653135,-1.365657,-0.202185,1.504887,-1.407360,-0.131311,1.504104,-1.410204,-0.339862,1.448697,-1.392560,0.004675,1.444187,-1.416361,-0.397696,1.170848,-1.454565,0.080365,1.163890,-1.394259,-0.430635,0.890023,-1.451851,0.084533,0.917930,-1.254807,-0.338920,0.072482,-1.256794,-0.024254,0.049076,-1.358211,,,,,,,,,,-0.414220,0.874730,-1.440882,-0.384990,0.831061,-1.450187,-0.370779,0.800899,-1.463433,-0.405724,0.797548,-1.461333,-0.388717,0.769867,-1.478801,-0.371883,0.756804,-1.494763,-0.422591,0.801037,-1.480349,-0.405921,0.777189,-1.506752,-0.391388,0.767512,-1.526252,-0.436391,0.805320,-1.495815,-0.421982,0.783244,-1.522437,-0.408663,0.777849,-1.540343,-0.447092,0.815963,-1.511645,-0.433564,0.800186,-1.537062,-0.420233,0.796926,-1.555177,0.068187,0.911930,-1.236907,0.034048,0.871833,-1.228262,0.021598,0.838308,-1.231180,0.056460,0.836606,-1.211678,0.036431,0.805668,-1.213169,0.016796,0.790824,-1.223323,0.072540,0.828322,-1.229874,0.053191,0.794520,-1.235031,0.034269,0.784159,-1.249862,0.085743,0.822790,-1.245465,0.068033,0.790527,-1.252489,0.051254,0.786537,-1.267637,0.096026,0.822539,-1.264768,0.079505,0.795454,-1.273211,0.063125,0.786295,-1.286040,,,
35,1.167,-0.173863,0.987520,-1.404886,-0.293767,0.987618,-1.407798,-0.053958,0.987423,-1.401974,-0.335113,0.588299,-1.213718,-0.053368,0.541568,-1.408749,-0.312547,0.172663,-1.212775,-0.048989,0.138619,-1.513038,-0.173872,1.104683,-1.400567,-0.173531,1.318169,-1.380841,-0.173959,1.558796,-1.349262,-0.175208,1.655766,-1.311887,-0.209324,1.506849,-1.354231,-0.138390,1.507037,-1.354664,-0.347056,1.449462,-1.345992,-0.000780,1.450612,-1.354655,-0.397807,1.176702,-1.432108,0.086478,1.175648,-1.315104,-0.430347,0.896542,-1.452279,0.077494,0.944392,-1.152621,-0.345837,0.084294,-1.060562,-0.026642,0.055029,-1.356195,,,,,,,,,,-0.414515,0.881137,-1.440631,-0.382755,0.839182,-1.449524,-0.366017,0.810442,-1.462976,-0.400889,0.805778,-1.464775,-0.381192,0.779821,-1.482064,-0.362368,0.768350,-1.496992,-0.415881,0.809919,-1.485180,-0.395674,0.788370,-1.511085,-0.378860,0.780445,-1.529512,-0.428214,0.814726,-1.501696,-0.410335,0.794897,-1.527981,-0.395079,0.791108,-1.544714,-0.437687,0.826005,-1.517865,-0.420994,0.812349,-1.542620,-0.405755,0.810708,-1.559400,0.059377,0.938665,-1.136416,0.025149,0.898204,-1.130150,0.013147,0.864508,-1.132961,0.046168,0.864004,-1.109982,0.026477,0.832982,-1.113218,0.008195,0.817874,-1.125322,0.064284,0.855442,-1.126006,0.045840,0.821364,-1.132498,0.028791,0.810508,-1.149135,0.079211,0.849659,-1.139854,0.062468,0.817137,-1.147971,0.047478,0.812695,-1.164778,0.091557,0.848971,-1.157895,0.075965,0.821615,-1.167188,0.061000,0.812055,-1.181381,,,
36,1.200,-0.177079,0.981353,-1.355247,-0.296950,0.977909,-1.357380,-0.057207,0.984798,-1.353115,-0.329726,0.583831,-1.151320,-0.047133,0.539600,-1.376134,-0.324714,0.179566,-1.052281,-0.046108,0.145984,-1.511520,-0.180535,1.098428,-1.350017,-0.177412,1.311888,-1.330250,-0.183089,1.552559,-1.299526,-0.186127,1.649682,-1.262657,-0.217360,1.500005,-1.305648,-0.146474,1.501396,-1.303407,-0.354662,1.441056,-1.303500,-0.007502,1.448889,-1.296344,-0.394373,1.173859,-1.410358,0.091856,1.181900,-1.236105,-0.423161,0.895700,-1.452241,0.073644,0.964816,-1.055818,-0.360878,0.130708,-0.883785,-0.023767,0.059782,-1.356097,,,,,,,,,,-0.408364,0.880047,-1.439605,-0.374869,0.839125,-1.446777,-0.355994,0.811339,-1.459381,-0.390443,0.806159,-1.465431,-0.368468,0.781331,-1.481595,-0.347903,0.770855,-1.494867,-0.403182,0.810989,-1.487172,-0.379811,0.790993,-1.511620,-0.360919,0.784204,-1.528415,-0.413724,0.816348,-1.504725,-0.392622,0.798103,-1.529737,-0.375542,0.795373,-1.544834,-0.421609,0.828205,-1.521327,-0.401948,0.816024,-1.544630,-0.384900,0.815439,-1.559647,0.053905,0.959716,-1.041397,0.019861,0.918935,-1.036309,0.007943,0.885127,-1.037847,0.039023,0.886624,-1.011670,0.019974,0.855291,-1.015666,0.003345,0.839409,-1.029089,0.058977,0.877481,-1.024955,0.041783,0.842769,-1.031513,0.026902,0.830687,-1.049343,0.075471,0.871175,-1.036626,0.059931,0.838056,-1.044723,0.046976,0.832513,-1.062844,0.089792,0.869619,-1.053084,0.075247,0.841662,-1.062286,0.061878,0.831174,-1.077389,,,
37,1.233,-0.180042,0.969522,-1.299824,-0.299782,0.962631,-1.300367,-0.060301,0.976414,-1.299281,-0.327255,0.582422,-1.069024,-0.040868,0.533013,-1.342303,-0.345321,0.197110,-0.912590,-0.043006,0.151465,-1.508675,-0.186796,1.086428,-1.294073,-0.182348,1.299968,-1.275459,-0.192528,1.540680,-1.246248,-0.196818,1.637941,-1.209872,-0.225813,1.487587,-1.253111,-0.155056,1.490054,-1.248741,-0.362823,1.427994,-1.256023,-0.015881,1.439521,-1.234710,-0.391609,1.166359,-1.378939,0.092090,1.182128,-1.151796,-0.416765,0.891614,-1.440889,0.065912,0.977310,-0.958599,-0.383284,0.188923,-0.737725,-0.020406,0.061895,-1.355205,,,,,,,,,,-0.403098,0.875396,-1.427706,-0.368474,0.835231,-1.433704,-0.348056,0.808372,-1.445904,-0.381618,0.803246,-1.455644,-0.357408,0.780187,-1.471226,-0.335336,0.771207,-1.483100,-0.392167,0.809192,-1.478263,-0.365978,0.791291,-1.501445,-0.345339,0.785977,-1.516640,-0.400960,0.815448,-1.496471,-0.376900,0.799407,-1.520294,-0.358290,0.798070,-1.533674,-0.407299,0.828160,-1.513103,-0.385161,0.817755,-1.535003,-0.366688,0.818353,-1.548228,0.045018,0.973021,-0.945611,0.011475,0.931931,-0.939740,-0.000025,0.897953,-0.938976,0.028896,0.902649,-0.910460,0.010782,0.870659,-0.913472,-0.004232,0.853290,-0.926958,0.050184,0.892878,-0.920930,0.034377,0.857236,-0.925759,0.021493,0.843178,-0.943695,0.067819,0.885982,-0.930389,0.053629,0.851911,-0.936846,0.042527,0.844471,-0.955510,0.083644,0.883299,-0.945247,0.070328,0.854300,-0.952963,0.058502,0.842154,-0.968110,,,
38,1.267,-0.183881,0.954357,-1.240837,-0.303530,0.946156,-1.239246,-0.064232,0.962559,-1.242429,-0.327672,0.586093,-0.977320,-0.039853,0.522606,-1.310836,-0.357246,0.210270,-0.800838,-0.043972,0.155098,-1.506243,-0.191804,1.071161,-1.234536,-0.188429,1.284817,-1.217057,-0.200569,1.525597,-1.189191,-0.205526,1.623014,-1.153318,-0.233409,1.472270,-1.196376,-0.162755,1.475190,-1.190787,-0.370467,1.413137,-1.203434,-0.024175,1.424895,-1.171130,-0.391481,1.155438,-1.335871,0.088750,1.176726,-1.068936,-0.415560,0.884997,-1.414846,0.058672,0.980492,-0.867570,-0.394902,0.235514,-0.627544,-0.020133,0.063689,-1.354052,,,,,,,,,,-0.402629,0.868112,-1.401757,-0.367424,0.828463,-1.407806,-0.345957,0.802343,-1.419808,-0.378959,0.797712,-1.432272,-0.352610,0.777829,-1.448735,-0.329489,0.771437,-1.460283,-0.388121,0.804880,-1.455140,-0.359746,0.790072,-1.477930,-0.337985,0.786901,-1.492124,-0.395807,0.812116,-1.473485,-0.369341,0.799152,-1.496621,-0.349765,0.799711,-1.508603,-0.401185,0.825717,-1.489747,-0.377311,0.817191,-1.510611,-0.357962,0.818985,-1.522397,0.037206,0.976413,-0.855479,0.004873,0.934596,-0.848140,-0.005003,0.900220,-0.845289,0.021554,0.908500,-0.815597,0.004800,0.875674,-0.817118,-0.008730,0.856728,-0.830038,0.043769,0.898795,-0.823999,0.029663,0.862228,-0.826732,0.018436,0.846266,-0.844182,0.062175,0.891885,-0.831839,0.049637,0.856867,-0.836356,0.039965,0.847554,-0.854975,0.078947,0.888663,-0.845503,0.067096,0.858625,-0.851425,0.056590,0.844806,-0.866104,,,
39,1.300,-0.188789,0.940526,-1.179431,-0.308424,0.932598,-1.176241,-0.069154,0.948454,-1.182621,-0.332169,0.575169,-0.910697,-0.044266,0.513892,-1.279415,-0.355038,0.198968,-0.734025,-0.046515,0.160823,-1.499871,-0.196360,1.057348,-1.173029,-0.195095,1.271034,-1.155636,-0.208302,1.511742,-1.127634,-0.214219,1.609189,-1.091992,-0.240874,1.458365,-1.135628,-0.170365,1.461408,-1.128486,-0.377446,1.398773,-1.146953,-0.032250,1.411896,-1.104136,-0.392127,1.141799,-1.281633,0.082331,1.169302,-0.990985,-0.415708,0.875319,-1.373216,0.054082,0.976250,-0.786306,-0.387641,0.219433,-0.559084,-0.022125,0.063239,-1.351652,,,,,,,,,,-0.402913,0.857812,-1.360830,-0.367383,0.818714,-1.368381,-0.345603,0.793404,-1.381502,-0.378311,0.789278,-1.394674,-0.351234,0.771482,-1.412302,-0.327844,0.766676,-1.424075,-0.387110,0.797629,-1.417281,-0.357974,0.784951,-1.440392,-0.335880,0.783180,-1.454314,-0.394513,0.805811,-1.435344,-0.367224,0.794891,-1.458577,-0.347384,0.796603,-1.470003,-0.399682,0.820247,-1.450941,-0.375208,0.813069,-1.471617,-0.355588,0.815648,-1.482791,0.032367,0.972381,-0.774596,0.001010,0.930221,-0.765258,-0.007675,0.895764,-0.760293,0.017379,0.907000,-0.730458,0.001594,0.873663,-0.730180,-0.010985,0.853480,-0.742153,0.040114,0.897407,-0.737483,0.027200,0.860304,-0.737965,0.017011,0.842795,-0.754546,0.058948,0.890524,-0.744261,0.047533,0.854921,-0.746707,0.038727,0.844076,-0.764921,0.076229,0.886860,-0.757157,0.065403,0.856136,-0.761239,0.055748,0.841004,-0.775188,,,
40,1.333,-0.194707,0.928308,-1.115289,-0.314460,0.922370,-1.112172,-0.074955,0.934246,-1.118407,-0.335761,0.556472,-0.858207,-0.053867,0.507497,-1.245973,-0.348613,0.173086,-0.696610,-0.049289,0.168892,-1.488025,-0.200397,1.045331,-1.110958,-0.201615,1.259191,-1.095846,-0.216837,1.500007,-1.069872,-0.224641,1.597689,-1.035250,-0.248894,1.446413,-1.078470,-0.178644,1.449865,-1.069258,-0.384343,1.384882,-1.092565,-0.040717,1.402251,-1.040462,-0.396241,1.125148,-1.222129,0.074347,1.160611,-0.925770,-0.419990,0.859367,-1.315679,0.053785,0.964173,-0.723410,-0.372170,0.155911,-0.519872,-0.023926,0.058892,-1.348946,,,,,,,,,,-0.407131,0.841114,-1.304495,-0.372842,0.801581,-1.314953,-0.352339,0.776433,-1.330262,-0.385469,0.773444,-1.341899,-0.359525,0.755895,-1.361382,-0.336753,0.751138,-1.374328,-0.394948,0.782865,-1.363800,-0.367014,0.770395,-1.388457,-0.345506,0.768637,-1.403269,-0.402858,0.791908,-1.381225,-0.376714,0.781321,-1.405886,-0.357284,0.783044,-1.417994,-0.408295,0.807054,-1.396038,-0.384699,0.800036,-1.417762,-0.365401,0.802528,-1.429503,0.032114,0.960409,-0.711584,0.001627,0.918087,-0.700302,-0.005911,0.883626,-0.693742,0.018358,0.896927,-0.664377,0.003457,0.863277,-0.661893,-0.008632,0.842052,-0.672491,0.041318,0.887496,-0.670871,0.029360,0.850110,-0.669173,0.019626,0.831402,-0.684684,0.060319,0.880700,-0.677259,0.049909,0.844709,-0.677650,0.041444,0.832596,-0.695216,0.077721,0.876788,-0.689917,0.067980,0.845529,-0.692327,0.058911,0.829353,-0.705475,,,
41,1.367,-0.201808,0.918437,-1.048065,-0.321656,0.913888,-1.046884,-0.081961,0.922987,-1.049246,-0.338404,0.539373,-0.805450,-0.064425,0.508074,-1.211641,-0.344163,0.146685,-0.667512,-0.048525,0.182691,-1.470750,-0.206226,1.035561,-1.045204,-0.209977,1.249658,-1.034530,-0.226070,1.491049,-1.015277,-0.236428,1.589311,-0.983049,-0.257841,1.437204,-1.023355,-0.187875,1.440992,-1.012300,-0.392519,1.374348,-1.038921,-0.050307,1.394709,-0.979849,-0.406589,1.109742,-1.157983,0.062215,1.149570,-0.870171,-0.432641,0.840731,-1.241106,0.050741,0.944554,-0.675755,-0.366621,0.088528,-0.499585,-0.021886,0.051027,-1.352255,,,,,,,,,,-0.419700,0.821970,-1.230898,-0.387365,0.781523,-1.243800,-0.368859,0.756066,-1.261023,-0.402486,0.754083,-1.270174,-0.378331,0.736060,-1.291441,-0.356563,0.730817,-1.305845,-0.412986,0.764030,-1.291366,-0.386882,0.750993,-1.317678,-0.366312,0.748750,-1.333708,-0.421659,0.773502,-1.308190,-0.397323,0.762431,-1.334438,-0.378592,0.763711,-1.347651,-0.427514,0.788969,-1.322503,-0.405338,0.781337,-1.345480,-0.386620,0.783264,-1.358223,0.029103,0.940924,-0.663828,-0.001243,0.898705,-0.651798,-0.007900,0.864163,-0.644736,0.015616,0.878184,-0.615564,0.001307,0.844489,-0.611038,-0.010643,0.822555,-0.620261,0.038590,0.868712,-0.621946,0.027112,0.831295,-0.618516,0.017430,0.811811,-0.633075,0.057598,0.861866,-0.628258,0.047845,0.825707,-0.627142,0.039478,0.812754,-0.644147,0.074988,0.857797,-0.640884,0.066064,0.826238,-0.642361,0.057391,0.809503,-0.655069,,,
42,1.400,-0.211515,0.912367,-0.983838,-0.331403,0.908991,-0.984930,-0.091628,0.915743,-0.982745,-0.352347,0.538842,-0.737172,-0.065855,0.499714,-1.141138,-0.349692,0.133190,-0.643883,-0.044535,0.200754,-1.429984,-0.214829,1.029552,-0.982328,-0.221663,1.243709,-0.974864,-0.235546,1.485675,-0.962280,-0.247955,1.584558,-0.932789,-0.267765,1.431945,-0.969267,-0.197890,1.435348,-0.957533,-0.402642,1.369442,-0.984527,-0.060992,1.388300,-0.923390,-0.425203,1.100184,-1.091207,0.045682,1.135257,-0.826571,-0.457973,0.827170,-1.157123,0.043223,0.917412,-0.646300,-0.373052,0.045493,-0.489450,-0.017343,0.041134,-1.353378,,,,,,,,,,-0.444972,0.808700,-1.146472,-0.413472,0.767333,-1.158493,-0.395983,0.741057,-1.175547,-0.429630,0.738986,-1.183244,-0.406237,0.720065,-1.204583,-0.384960,0.714157,-1.219456,-0.440595,0.748152,-1.204551,-0.415242,0.733815,-1.230923,-0.395088,0.730733,-1.247336,-0.449620,0.757006,-1.221526,-0.426039,0.744580,-1.247857,-0.407626,0.745092,-1.261562,-0.455689,0.771922,-1.236328,-0.433941,0.762787,-1.259165,-0.415381,0.763741,-1.272245,0.021584,0.914057,-0.634295,-0.009612,0.872319,-0.622775,-0.017302,0.837892,-0.616213,0.007011,0.850825,-0.586999,-0.007613,0.817365,-0.581788,-0.020020,0.795471,-0.590487,0.029731,0.840960,-0.593688,0.017742,0.803734,-0.589930,0.007557,0.784278,-0.604178,0.048544,0.833805,-0.600236,0.038385,0.797763,-0.598955,0.029681,0.784869,-0.615834,0.065763,0.829568,-0.613041,0.056535,0.798107,-0.614736,0.047625,0.781501,-0.627450,,,
43,1.433,-0.222680,0.909761,-0.922695,-0.342554,0.906998,-0.925535,-0.102805,0.912525,-0.919855,-0.372696,0.550002,-0.660058,-0.054617,0.482681,-1.028228,-0.356850,0.134514,-0.640519,-0.036256,0.226754,-1.355990,-0.225386,1.026972,-0.922525,-0.232848,1.241160,-0.916752,-0.246765,1.483289,-0.907867,-0.260463,1.582501,-0.880103,-0.278985,1.429450,-0.913958,-0.209087,1.433049,-0.902422,-0.413659,1.365897,-0.926427,-0.072128,1.385922,-0.868636,-0.445211,1.092307,-1.018856,0.032614,1.125018,-0.792861,-0.482570,0.815336,-1.061827,0.042822,0.892167,-0.632746,-0.382788,0.047095,-0.486339,-0.017753,0.048740,-1.348594,,,,,,,,,,-0.469560,0.797964,-1.049474,-0.438573,0.755266,-1.057517,-0.422105,0.727376,-1.072947,-0.455322,0.724631,-1.078922,-0.432630,0.703377,-1.098770,-0.411783,0.695718,-1.113451,-0.466529,0.731612,-1.100921,-0.441662,0.714370,-1.125982,-0.421769,0.709408,-1.142252,-0.475735,0.738720,-1.118605,-0.452758,0.723238,-1.143827,-0.434585,0.722031,-1.157805,-0.481904,0.752056,-1.134807,-0.460249,0.740093,-1.156392,-0.441685,0.739270,-1.169475,0.021515,0.888181,-0.620345,-0.009408,0.845890,-0.610190,-0.017509,0.811300,-0.605162,0.008161,0.822541,-0.576066,-0.006172,0.788811,-0.571885,-0.018772,0.767257,-0.581137,0.030676,0.813045,-0.583887,0.018972,0.775632,-0.581267,0.008416,0.756659,-0.595893,0.049293,0.806248,-0.591317,0.039255,0.770149,-0.591435,0.030094,0.758008,-0.608628,0.066149,0.802694,-0.604795,0.056937,0.771325,-0.607784,0.047711,0.755305,-0.621014,,,
44,1.467,-0.232977,0.911342,-0.862819,-0.352802,0.909080,-0.867546,-0.113152,0.913603,-0.858093,-0.387286,0.548537,-0.607445,-0.047064,0.473936,-0.892123,-0.361288,0.134162,-0.637119,-0.033428,0.265759,-1.252317,-0.235151,1.028559,-0.863791,-0.241772,1.242797,-0.858910,-0.254992,1.484997,-0.850937,-0.269166,1.584214,-0.823431,-0.287414,1.431212,-0.856402,-0.217374,1.434688,-0.845722,-0.421945,1.366773,-0.865367,-0.080189,1.386816,-0.813960,-0.462733,1.089212,-0.940770,0.020396,1.119080,-0.759332,-0.502658,0.809680,-0.955708,0.039014,0.873624,-0.620173,-0.388749,0.046812,-0.483165,-0.013695,0.092339,-1.292593,,,,,,,,,,-0.489876,0.793459,-0.941667,-0.459959,0.749417,-0.945315,-0.445266,0.719851,-0.959356,-0.477671,0.717031,-0.963054,-0.456174,0.692803,-0.980703,-0.435931,0.682706,-0.994742,-0.489010,0.721829,-0.985563,-0.464978,0.701219,-1.008832,-0.445465,0.693923,-1.024678,-0.498287,0.727178,-1.003820,-0.476405,0.708049,-1.027464,-0.458593,0.704564,-1.041523,-0.504372,0.738804,-1.021318,-0.483114,0.723785,-1.041330,-0.464634,0.720883,-1.054236,0.018059,0.868884,-0.607443,-0.012787,0.826113,-0.599251,-0.020525,0.791193,-0.596410,0.005647,0.800448,-0.567317,-0.008752,0.766547,-0.565329,-0.021695,0.745801,-0.575865,0.027870,0.791423,-0.576426,0.016171,0.753920,-0.575937,0.005145,0.735950,-0.591455,0.046223,0.785078,-0.584847,0.036008,0.749104,-0.587164,0.026294,0.738199,-0.604876,0.062655,0.782384,-0.599029,0.053276,0.751271,-0.603701,0.043614,0.736116,-0.617620,,,
45,1.500,-0.241868,0.916308,-0.804508,-0.361571,0.914744,-0.811865,-0.122164,0.917872,-0.797152,-0.396751,0.542525,-0.568866,-0.052430,0.479335,-0.756473,-0.365187,0.132266,-0.631754,-0.040435,0.293225,-1.128606,-0.243276,1.033524,-0.806507,-0.248410,1.247812,-0.802042,-0.258932,1.490083,-0.792395,-0.272001,1.589198,-0.763988,-0.292048,1.436654,-0.797143,-0.221682,1.439375,-0.788602,-0.426644,1.371907,-0.801949,-0.084058,1.390062,-0.761251,-0.475422,1.091016,-0.857720,0.009089,1.117016,-0.721840,-0.515971,0.811671,-0.841058,0.036526,0.861776,-0.603263,-0.394506,0.045371,-0.477886,-0.002768,0.123551,-1.171942,,,,,,,,,,-0.503256,0.796665,-0.825671,-0.474164,0.751926,-0.825394,-0.460752,0.720945,-0.837536,-0.492703,0.718298,-0.839629,-0.472291,0.691610,-0.854851,-0.452624,0.679380,-0.867981,-0.504304,0.721083,-0.862343,-0.481254,0.697501,-0.883704,-0.462232,0.688052,-0.899000,-0.513769,0.724794,-0.880907,-0.492866,0.702658,-0.902743,-0.475422,0.697202,-0.916638,-0.519922,0.734766,-0.899375,-0.499309,0.717372,-0.918097,-0.481108,0.712805,-0.930918,0.015899,0.856135,-0.590366,-0.014799,0.812883,-0.584461,-0.021326,0.777602,-0.584212,0.004409,0.785000,-0.554934,-0.010036,0.751062,-0.555296,-0.023270,0.731236,-0.567159,0.026373,0.776652,-0.565237,0.014635,0.739212,-0.567236,0.003199,0.722462,-0.583788,0.044491,0.770928,-0.574564,0.034192,0.735212,-0.579268,0.024029,0.725644,-0.597492,0.060547,0.769259,-0.589323,0.051244,0.738462,-0.595864,0.041326,0.724216,-0.610544,,,
46,1.533,-0.248660,0.924826,-0.747452,-0.368212,0.924005,-0.757056,-0.129108,0.925648,-0.737847,-0.399053,0.534165,-0.542797,-0.062487,0.498413,-0.628921,-0.366992,0.127929,-0.627694,-0.053271,0.296268,-0.992673,-0.249235,1.042032,-0.750322,-0.252868,1.256351,-0.745908,-0.260595,1.498618,-0.733827,-0.271067,1.597676,-0.704175,-0.294411,1.445535,-0.737356,-0.223686,1.447543,-0.732284,-0.429040,1.380707,-0.735379,-0.085367,1.396693,-0.712227,-0.482966,1.097236,-0.768930,0.000768,1.119614,-0.687903,-0.519117,0.821438,-0.718095,0.040536,0.857043,-0.590764,-0.397297,0.040703,-0.474204,-0.009189,0.124070,-1.014829,,,,,,,,,,-0.505775,0.808066,-0.701761,-0.477099,0.763226,-0.697882,-0.464550,0.730891,-0.707054,-0.496626,0.728486,-0.707319,-0.477251,0.699803,-0.720067,-0.458347,0.685732,-0.732454,-0.509332,0.728880,-0.729605,-0.487689,0.702580,-0.749192,-0.469584,0.691087,-0.764199,-0.519687,0.730626,-0.747982,-0.499935,0.706093,-0.768275,-0.483200,0.699038,-0.782320,-0.526674,0.738557,-0.767130,-0.507231,0.719124,-0.785084,-0.489791,0.713121,-0.798361,0.020848,0.850066,-0.577078,-0.008843,0.805947,-0.572622,-0.013940,0.770509,-0.574989,0.012570,0.776242,-0.546595,-0.001265,0.742089,-0.548240,-0.014936,0.722808,-0.560498,0.033941,0.769100,-0.558865,0.022526,0.731729,-0.562953,0.010237,0.716101,-0.579984,0.051501,0.764430,-0.569720,0.041548,0.728916,-0.576319,0.030400,0.720458,-0.594516,0.066605,0.764178,-0.585538,0.057640,0.733739,-0.593956,0.047181,0.720438,-0.609137,,,
47,1.567,-0.252363,0.935725,-0.691576,-0.371833,0.935636,-0.702178,-0.132892,0.935814,-0.680974,-0.394076,0.527080,-0.524921,-0.068185,0.527067,-0.514927,-0.366219,0.123570,-0.623241,-0.066869,0.287996,-0.855671,-0.252142,1.052915,-0.695048,-0.254857,1.267251,-0.690756,-0.260593,1.509513,-0.677525,-0.268054,1.608536,-0.646861,-0.294839,1.456619,-0.679331,-0.223932,1.458240,-0.678192,-0.429454,1.392609,-0.668701,-0.085151,1.405973,-0.666868,-0.486195,1.107900,-0.679247,-0.004312,1.126286,-0.661986,-0.510424,0.839468,-0.593735,0.047809,0.857993,-0.589443,-0.395733,0.036389,-0.469571,-0.031591,0.112552,-0.847840,,,,,,,,,,-0.495632,0.828158,-0.577094,-0.466662,0.783888,-0.570103,-0.454337,0.750617,-0.575421,-0.486921,0.748431,-0.573195,-0.468373,0.718350,-0.583765,-0.450430,0.702808,-0.595820,-0.501605,0.746101,-0.594105,-0.481656,0.717420,-0.612082,-0.464905,0.704026,-0.627085,-0.513594,0.745588,-0.611540,-0.495274,0.719034,-0.630594,-0.479713,0.710551,-0.645188,-0.522307,0.751076,-0.630836,-0.504638,0.729469,-0.648126,-0.488534,0.721818,-0.662219,0.029920,0.849373,-0.574299,0.001333,0.804455,-0.570679,-0.003579,0.769295,-0.575877,0.025901,0.772861,-0.550270,0.012727,0.738497,-0.552746,-0.001962,0.719744,-0.564642,0.045748,0.767326,-0.565559,0.034295,0.730229,-0.571578,0.020215,0.715874,-0.588341,0.061955,0.764044,-0.578772,0.051927,0.728936,-0.587185,0.038857,0.721726,-0.604624,0.075103,0.765578,-0.596184,0.065845,0.735798,-0.606442,0.053991,0.723675,-0.621585,,,
48,1.600,-0.252337,0.948129,-0.635748,-0.371761,0.948867,-0.646830,-0.132912,0.947392,-0.624665,-0.386567,0.524261,-0.511467,-0.074369,0.560448,-0.410936,-0.364505,0.122975,-0.619849,-0.078375,0.277154,-0.715882,-0.251262,1.065305,-0.639538,-0.254394,1.279652,-0.636148,-0.257563,1.521980,-0.623282,-0.262091,1.620984,-0.591988,-0.292267,1.469354,-0.623195,-0.221384,1.470419,-0.625686,-0.426875,1.407338,-0.604061,-0.082886,1.416307,-0.622462,-0.486314,1.123215,-0.592636,-0.008149,1.135318,-0.638062,-0.492820,0.866695,-0.473848,0.049803,0.862802,-0.589720,-0.392978,0.036190,-0.465759,-0.050733,0.106954,-0.667359,,,,,,,,,,-0.475984,0.857673,-0.457763,-0.445585,0.814768,-0.448647,-0.432198,0.781511,-0.450036,-0.465409,0.779141,-0.444780,-0.447347,0.748146,-0.453363,-0.430435,0.731362,-0.465241,-0.482383,0.774088,-0.463343,-0.464074,0.743409,-0.479693,-0.448898,0.728261,-0.494704,-0.496310,0.771293,-0.479035,-0.479585,0.742814,-0.496724,-0.465567,0.732799,-0.511900,-0.507313,0.774220,-0.497710,-0.491562,0.750523,-0.514091,-0.477156,0.741125,-0.528945,0.033795,0.853003,-0.573247,0.004479,0.808506,-0.570329,-0.002295,0.774177,-0.578268,0.030475,0.774504,-0.556678,0.016365,0.740624,-0.560366,-0.000211,0.723176,-0.571757,0.047939,0.770205,-0.574974,0.034667,0.734082,-0.582884,0.018049,0.721670,-0.598855,0.062146,0.768000,-0.590508,0.050247,0.733977,-0.600742,0.034813,0.728631,-0.616871,0.072926,0.771079,-0.609289,0.061754,0.742577,-0.621149,0.047797,0.732106,-0.635721,,,
49,1.633,-0.251735,0.959267,-0.579319,-0.371075,0.960847,-0.591192,-0.132394,0.957687,-0.567445,-0.378405,0.523740,-0.503352,-0.080282,0.594479,-0.314074,-0.362280,0.124732,-0.620808,-0.085441,0.263261,-0.566129,-0.249815,1.076435,-0.583017,-0.253279,1.290782,-0.579987,-0.253152,1.533129,-0.567089,-0.254624,1.632028,-0.535178,-0.288394,1.480891,-0.565339,-0.217700,1.481170,-0.571179,-0.422826,1.421248,-0.538844,-0.080088,1.424911,-0.575425,-0.485298,1.139284,-0.507483,-0.012344,1.144076,-0.611844,-0.467372,0.899528,-0.358652,0.046460,0.868656,-0.586415,-0.389530,0.037188,-0.466927,-0.059702,0.112382,-0.473075,,,,,,,,,,-0.448218,0.893191,-0.343934,-0.414716,0.852894,-0.333844,-0.399263,0.820539,-0.332604,-0.432012,0.817309,-0.323270,-0.413391,0.786170,-0.329917,-0.397063,0.768620,-0.341503,-0.450872,0.809378,-0.338751,-0.433133,0.777514,-0.353372,-0.419131,0.761106,-0.368198,-0.466474,0.804153,-0.352065,-0.450662,0.774126,-0.367942,-0.438116,0.762655,-0.383373,-0.479849,0.804342,-0.369371,-0.465146,0.779245,-0.384599,-0.452263,0.768506,-0.399935,0.031859,0.858020,-0.569173,0.000273,0.815053,-0.567134,-0.009536,0.782155,-0.577569,0.025428,0.778489,-0.560160,0.008919,0.745928,-0.565433,-0.009911,0.730632,-0.576405,0.040356,0.775244,-0.580773,0.023951,0.740898,-0.590514,0.004829,0.731124,-0.605485,0.052507,0.773956,-0.598056,0.037344,0.741862,-0.610055,0.019839,0.739053,-0.624636,0.061227,0.778436,-0.617608,0.047045,0.751914,-0.630770,0.030899,0.743718,-0.644514,,,
50,1.667,-0.251282,0.966176,-0.524072,-0.370515,0.968496,-0.536864,-0.132048,0.963857,-0.511280,-0.369992,0.524395,-0.496781,-0.085283,0.623273,-0.227294,-0.360214,0.127691,-0.622456,-0.088586,0.248151,-0.407672,-0.248674,1.083349,-0.527129,-0.252409,1.297665,-0.522613,-0.248507,1.539883,-0.507978,-0.247033,1.638526,-0.475284,-0.284319,1.488090,-0.505018,-0.213963,1.487507,-0.514040,-0.418370,1.430821,-0.472122,-0.077553,1.429430,-0.525860,-0.485305,1.152286,-0.423876,-0.017369,1.150488,-0.583766,-0.435056,0.934252,-0.250984,0.038609,0.873349,-0.579219,-0.386107,0.039732,-0.468577,-0.060808,0.129264,-0.276597,,,,,,,,,,-0.414053,0.930852,-0.237910,-0.377345,0.893821,-0.226540,-0.359661,0.862848,-0.222659,-0.391256,0.859355,-0.209343,-0.371587,0.828431,-0.213518,-0.355519,0.810108,-0.224237,-0.411220,0.848545,-0.221296,-0.393300,0.815694,-0.233273,-0.380022,0.797932,-0.247175,-0.427869,0.840854,-0.231862,-0.412238,0.809429,-0.244971,-0.400814,0.796297,-0.259943,-0.443066,0.838057,-0.247341,-0.428728,0.811635,-0.260542,-0.417014,0.799333,-0.275639,0.024848,0.861696,-0.561942,-0.009068,0.820496,-0.561562,-0.021690,0.789488,-0.574468,0.014257,0.782111,-0.560660,-0.004751,0.751346,-0.567922,-0.025380,0.738482,-0.578783,0.027203,0.780330,-0.582739,0.007878,0.748218,-0.594528,-0.013000,0.741220,-0.608687,0.037783,0.780278,-0.601071,0.019596,0.750613,-0.614968,0.000795,0.750418,-0.628138,0.045122,0.786381,-0.620751,0.028227,0.762246,-0.635240,0.010494,0.756487,-0.648245,,,
51,1.700,-0.249738,0.969004,-0.469455,-0.368898,0.972055,-0.482765,-0.130577,0.965953,-0.456146,-0.364939,0.526177,-0.485843,-0.094110,0.639719,-0.154361,-0.358460,0.133431,-0.623581,-0.086742,0.233405,-0.244464,-0.246538,1.086189,-0.471235,-0.251239,1.300423,-0.464347,-0.242889,1.542354,-0.447076,-0.239014,1.640647,-0.413537,-0.279361,1.491084,-0.443208,-0.209465,1.489532,-0.455200,-0.412883,1.436297,-0.404456,-0.074509,1.430120,-0.474630,-0.485819,1.162439,-0.340645,-0.023015,1.154589,-0.553464,-0.401273,0.968229,-0.153323,0.027777,0.876767,-0.567445,-0.382974,0.044966,-0.469767,-0.058240,0.147108,-0.090105,,,,,,,,,,-0.378948,0.967421,-0.142161,-0.339919,0.933485,-0.129004,-0.320468,0.904147,-0.122073,-0.350728,0.901960,-0.105201,-0.330405,0.871207,-0.106572,-0.314818,0.851771,-0.115957,-0.371373,0.888949,-0.113123,-0.353427,0.855009,-0.121475,-0.340884,0.835528,-0.133652,-0.388700,0.879309,-0.120527,-0.373276,0.846492,-0.129957,-0.362907,0.831336,-0.143738,-0.405262,0.873734,-0.133681,-0.391179,0.845846,-0.143774,-0.380470,0.831493,-0.157768,0.014734,0.863768,-0.550577,-0.020858,0.824037,-0.552196,-0.035750,0.795132,-0.567365,0.000761,0.784971,-0.557172,-0.020296,0.756152,-0.566478,-0.042247,0.745563,-0.577200,0.012071,0.785193,-0.580200,-0.009510,0.755419,-0.594034,-0.031611,0.750922,-0.607324,0.021357,0.786801,-0.599153,0.000795,0.759681,-0.614824,-0.018870,0.761741,-0.626484,0.027590,0.794789,-0.618537,0.008517,0.773129,-0.634186,-0.010373,0.769564,-0.646320,,,
52,1.733,-0.247997,0.968490,-0.413029,-0.366992,0.974008,-0.427003,-0.129002,0.962972,-0.399055,-0.365037,0.530596,-0.474058,-0.108304,0.632503,-0.100401,-0.359285,0.142520,-0.624482,-0.084099,0.217122,-0.088713,-0.242574,1.085607,-0.412961,-0.249584,1.299719,-0.404440,-0.236092,1.541197,-0.384315,-0.230407,1.639055,-0.349776,-0.273336,1.490544,-0.379727,-0.203988,1.487898,-0.394410,-0.406130,1.438295,-0.335376,-0.070783,1.427294,-0.420941,-0.485770,1.170740,-0.254993,-0.029315,1.156001,-0.518225,-0.371550,0.998197,-0.062280,0.015023,0.878368,-0.548464,-0.382424,0.052184,-0.471544,-0.055914,0.165960,0.080622,,,,,,,,,,-0.348316,0.999443,-0.053211,-0.307480,0.968495,-0.038291,-0.286378,0.941203,-0.028441,-0.315392,0.941225,-0.008778,-0.294593,0.910836,-0.006652,-0.279427,0.890193,-0.013909,-0.336337,0.926900,-0.012560,-0.318314,0.892213,-0.016522,-0.306350,0.871056,-0.026237,-0.354015,0.916014,-0.016685,-0.338675,0.882209,-0.021752,-0.329164,0.865027,-0.033645,-0.371533,0.908198,-0.027193,-0.357497,0.879212,-0.033580,-0.347552,0.862836,-0.045804,0.002796,0.864018,-0.532086,-0.034234,0.825707,-0.535085,-0.051399,0.798986,-0.551781,-0.014469,0.786800,-0.545755,-0.037520,0.760084,-0.556501,-0.060682,0.751681,-0.566593,-0.004886,0.789156,-0.569438,-0.028573,0.761762,-0.584673,-0.051742,0.759441,-0.596635,0.003030,0.792512,-0.588779,-0.019777,0.767978,-0.605566,-0.040160,0.771950,-0.615348,0.008103,0.802341,-0.607648,-0.012948,0.783053,-0.623855,-0.032828,0.781294,-0.634739,,,
53,1.767,-0.246596,0.963863,-0.354386,-0.365347,0.971601,-0.369351,-0.127846,0.956124,-0.339421,-0.366657,0.533249,-0.451072,-0.116752,0.606004,-0.063513,-0.360351,0.154560,-0.623751,-0.084288,0.201914,0.030937,-0.239246,1.080854,-0.352215,-0.247528,1.294885,-0.342856,-0.230423,1.535976,-0.320915,-0.223726,1.633525,-0.285690,-0.268156,1.485746,-0.315724,-0.199295,1.482384,-0.332415,-0.399569,1.434369,-0.266506,-0.067548,1.421441,-0.364800,-0.484749,1.174226,-0.169244,-0.034834,1.154258,-0.475826,-0.343767,1.021608,0.022556,0.004240,0.877505,-0.518740,-0.382818,0.061228,-0.472521,-0.057484,0.186842,0.207404,,,,,,,,,,-0.320266,1.024835,0.030361,-0.278101,0.997672,0.048589,-0.255319,0.973369,0.061910,-0.284212,0.975568,0.082519,-0.262483,0.946589,0.089493,-0.246892,0.925352,0.085655,-0.304885,0.960380,0.082008,-0.286014,0.925963,0.083769,-0.273731,0.903677,0.077639,-0.322397,0.948594,0.080458,-0.306304,0.914764,0.081011,-0.296686,0.895934,0.072064,-0.340061,0.938769,0.072102,-0.325359,0.909463,0.070376,-0.315306,0.891442,0.060855,-0.007229,0.862025,-0.502852,-0.045501,0.825016,-0.506533,-0.064686,0.800288,-0.524079,-0.027698,0.786780,-0.522003,-0.052526,0.762021,-0.533453,-0.076668,0.755440,-0.542556,-0.019733,0.791040,-0.546017,-0.045265,0.765775,-0.561936,-0.069265,0.765170,-0.572375,-0.013096,0.795942,-0.565509,-0.037872,0.773716,-0.582713,-0.058750,0.779139,-0.590564,-0.009067,0.807313,-0.583754,-0.031852,0.790087,-0.599938,-0.052518,0.789764,-0.609404,,,
54,1.800,-0.246213,0.954468,-0.293032,-0.364824,0.963288,-0.308503,-0.127603,0.945648,-0.277562,-0.363520,0.535409,-0.434004,-0.114862,0.565973,-0.044072,-0.361576,0.162212,-0.618352,-0.088679,0.183133,0.117210,-0.238086,1.071348,-0.288708,-0.244609,1.285359,-0.277639,-0.225950,1.526209,-0.254360,-0.218764,1.623633,-0.218887,-0.263844,1.476128,-0.248895,-0.195280,1.472545,-0.266724,-0.394088,1.424741,-0.196672,-0.064544,1.412037,-0.303699,-0.483503,1.172015,-0.084760,-0.038444,1.148101,-0.423867,-0.323655,1.033666,0.103026,-0.002796,0.872632,-0.476847,-0.382980,0.065631,-0.469020,-0.068353,0.184292,0.295175,,,,,,,,,,-0.300316,1.039089,0.110061,-0.256950,1.016933,0.131890,-0.232397,0.996621,0.148374,-0.262024,1.000026,0.168844,-0.238884,0.973897,0.180778,-0.222130,0.953207,0.180714,-0.281991,0.984036,0.170821,-0.261568,0.951309,0.178278,-0.248220,0.928916,0.175939,-0.298955,0.971385,0.171227,-0.281372,0.938879,0.177392,-0.270864,0.919277,0.171695,-0.316166,0.959622,0.164608,-0.300238,0.931064,0.167560,-0.289407,0.912183,0.161029,-0.013614,0.855995,-0.461689,-0.052623,0.819869,-0.466286,-0.073232,0.796899,-0.484591,-0.036327,0.782879,-0.485894,-0.062309,0.759652,-0.497978,-0.087062,0.754314,-0.506208,-0.029641,0.789066,-0.509879,-0.056377,0.765531,-0.526458,-0.080911,0.766093,-0.535572,-0.024019,0.795526,-0.529236,-0.050123,0.775181,-0.546801,-0.071309,0.781525,-0.552952,-0.020827,0.808354,-0.546661,-0.044863,0.792866,-0.562791,-0.066065,0.793669,-0.570953,,,
55,1.833,-0.242776,0.940228,-0.234422,-0.361463,0.948355,-0.249677,-0.124087,0.932101,-0.219167,-0.355680,0.532255,-0.409865,-0.114523,0.553876,0.016813,-0.361859,0.172108,-0.618478,-0.092990,0.166499,0.167609,-0.235348,1.057148,-0.229923,-0.239960,1.271143,-0.217651,-0.220360,1.511786,-0.193050,-0.212543,1.609172,-0.157604,-0.258357,1.461787,-0.187561,-0.189964,1.458109,-0.206014,-0.388412,1.411155,-0.134142,-0.060082,1.397556,-0.245817,-0.480503,1.163554,-0.013300,-0.038043,1.135130,-0.370038,-0.313474,1.030652,0.172156,-0.004147,0.860951,-0.430347,-0.382386,0.065609,-0.475921,-0.072855,0.154105,0.345168,,,,,,,,,,-0.290323,1.037738,0.178276,-0.245814,1.019744,0.201581,-0.220631,1.001860,0.219832,-0.249772,1.006439,0.240111,-0.225550,0.982092,0.253568,-0.208161,0.961969,0.254793,-0.269002,0.989897,0.243966,-0.247126,0.958792,0.253846,-0.232920,0.936818,0.253212,-0.285394,0.976645,0.245880,-0.266336,0.945565,0.254516,-0.255102,0.925982,0.250344,-0.302143,0.963559,0.240721,-0.284842,0.936185,0.246136,-0.273208,0.917277,0.241278,-0.014751,0.843229,-0.416306,-0.054426,0.808113,-0.422689,-0.075970,0.787008,-0.442127,-0.039297,0.772711,-0.445842,-0.065962,0.750908,-0.459038,-0.091020,0.746569,-0.466928,-0.033249,0.780818,-0.469421,-0.060676,0.758975,-0.487148,-0.085445,0.760493,-0.495487,-0.028121,0.788818,-0.488334,-0.054980,0.770317,-0.506777,-0.076249,0.777374,-0.511756,-0.025266,0.803031,-0.504711,-0.049937,0.789173,-0.521357,-0.071349,0.790808,-0.528818,,,
56,1.867,-0.238168,0.927222,-0.175003,-0.357126,0.932324,-0.189442,-0.119210,0.922120,-0.160563,-0.346155,0.522802,-0.365524,-0.114772,0.560296,0.100005,-0.359389,0.182247,-0.604502,-0.096925,0.158837,0.208523,-0.233424,1.044345,-0.172704,-0.236377,1.258417,-0.161303,-0.215351,1.498982,-0.137102,-0.206185,1.596475,-0.102283,-0.253596,1.449198,-0.131378,-0.185307,1.445121,-0.150133,-0.384150,1.400127,-0.077721,-0.056386,1.382982,-0.190609,-0.479525,1.153048,0.041633,-0.034726,1.119037,-0.311635,-0.318273,1.017293,0.230109,-0.000965,0.844913,-0.372271,-0.381262,0.058930,-0.476438,-0.073043,0.116313,0.380882,,,,,,,,,,-0.295246,1.024595,0.236442,-0.251044,1.007262,0.260807,-0.227145,0.988876,0.280249,-0.255558,0.994740,0.299538,-0.231685,0.969905,0.312724,-0.214632,0.949485,0.313738,-0.274786,0.978206,0.303434,-0.253025,0.947047,0.313399,-0.238885,0.925028,0.312825,-0.291158,0.964931,0.305365,-0.272129,0.933893,0.314214,-0.260863,0.914303,0.310161,-0.307776,0.951676,0.300218,-0.290247,0.924558,0.306163,-0.278367,0.905709,0.301686,-0.011931,0.826628,-0.359269,-0.052169,0.792608,-0.367725,-0.074144,0.772875,-0.388098,-0.037541,0.758283,-0.392746,-0.064467,0.737707,-0.407313,-0.089531,0.734212,-0.415591,-0.031251,0.767574,-0.415820,-0.058806,0.747085,-0.434912,-0.083487,0.749337,-0.443343,-0.025902,0.776518,-0.434243,-0.052860,0.759414,-0.453854,-0.074003,0.766987,-0.458607,-0.022733,0.791563,-0.449799,-0.047524,0.778944,-0.467234,-0.068877,0.781192,-0.474704,,,
57,1.900,-0.233910,0.918389,-0.112141,-0.353046,0.921650,-0.125615,-0.114774,0.915129,-0.098667,-0.349036,0.510387,-0.297892,-0.105972,0.562217,0.173746,-0.355529,0.200997,-0.576279,-0.098257,0.149892,0.230245,-0.230881,1.035581,-0.110562,-0.231585,1.249738,-0.100450,-0.210987,1.490632,-0.079365,-0.199364,1.588303,-0.045797,-0.249058,1.440828,-0.072729,-0.180909,1.436691,-0.091972,-0.379612,1.392411,-0.018479,-0.052708,1.372966,-0.132271,-0.475238,1.140069,0.089079,-0.024774,1.104818,-0.242271,-0.327932,0.994343,0.281485,0.013730,0.829361,-0.293276,-0.383014,0.052047,-0.480652,-0.078673,0.081437,0.394612,,,,,,,,,,-0.305434,1.001400,0.289712,-0.263172,0.983263,0.316786,-0.242115,0.963155,0.337749,-0.270556,0.969663,0.354704,-0.247820,0.944284,0.368831,-0.230973,0.923732,0.370457,-0.290031,0.953078,0.356692,-0.269168,0.921413,0.366978,-0.255133,0.899324,0.366569,-0.306509,0.939799,0.357026,-0.288355,0.908400,0.366422,-0.276907,0.888851,0.362693,-0.322709,0.926740,0.350286,-0.305628,0.899399,0.356507,-0.293449,0.880687,0.352263,0.002181,0.810913,-0.281032,-0.037798,0.777202,-0.291671,-0.059258,0.757725,-0.312825,-0.022284,0.743227,-0.316637,-0.049125,0.723571,-0.332568,-0.073943,0.720768,-0.341794,-0.015029,0.752866,-0.339281,-0.042019,0.733046,-0.359831,-0.066325,0.735698,-0.369185,-0.008904,0.762085,-0.357323,-0.035410,0.745699,-0.378126,-0.056299,0.753591,-0.383449,-0.005052,0.777367,-0.372489,-0.029597,0.765217,-0.390592,-0.050763,0.767727,-0.398497,,,
58,1.933,-0.226554,0.914704,-0.050500,-0.345887,0.916945,-0.062343,-0.107221,0.912463,-0.038657,-0.368873,0.491571,-0.194108,-0.091937,0.559837,0.233839,-0.356914,0.223571,-0.512379,-0.095832,0.143716,0.243390,-0.224485,1.031920,-0.049169,-0.225298,1.246133,-0.040341,-0.203392,1.487128,-0.021897,-0.189629,1.584890,0.010579,-0.241612,1.437569,-0.014351,-0.173695,1.432926,-0.034286,-0.372474,1.390705,0.040516,-0.046856,1.366506,-0.074542,-0.467824,1.130594,0.127926,-0.012750,1.093401,-0.169591,-0.343476,0.963134,0.318844,0.028866,0.815709,-0.202994,-0.381291,0.048466,-0.483568,-0.076040,0.061656,0.401380,,,,,,,,,,-0.321927,0.969047,0.329995,-0.283344,0.948078,0.360320,-0.266103,0.925398,0.382126,-0.295222,0.932214,0.396160,-0.274908,0.905266,0.411050,-0.258868,0.884125,0.413194,-0.315100,0.916047,0.394825,-0.296248,0.883173,0.405202,-0.282747,0.860753,0.404864,-0.331752,0.903208,0.392410,-0.315451,0.870777,0.401698,-0.304058,0.851184,0.398032,-0.347323,0.891046,0.383028,-0.331502,0.862892,0.388947,-0.319263,0.844226,0.384672,0.016367,0.797649,-0.191110,-0.023175,0.764039,-0.203552,-0.043228,0.744359,-0.225867,-0.006419,0.729363,-0.226684,-0.033470,0.710951,-0.243707,-0.057929,0.709310,-0.254103,0.002380,0.738411,-0.249022,-0.024142,0.719281,-0.270799,-0.047796,0.722705,-0.281479,0.009749,0.747156,-0.266833,-0.016419,0.731394,-0.288527,-0.036780,0.739901,-0.294854,0.014725,0.762049,-0.282060,-0.009454,0.749978,-0.300701,-0.030285,0.752919,-0.309316,,,
59,1.967,-0.219735,0.914583,0.008348,-0.339274,0.916535,-0.001254,-0.100196,0.912632,0.017950,-0.390542,0.478298,-0.065695,-0.079068,0.552014,0.279371,-0.369138,0.260550,-0.419802,-0.094041,0.137217,0.248017,-0.217937,1.031802,0.009792,-0.219901,1.246012,0.018520,-0.199514,1.487190,0.036293,-0.185102,1.585002,0.068336,-0.237448,1.437421,0.043897,-0.169456,1.433135,0.024136,-0.368496,1.390390,0.098173,-0.042906,1.365723,-0.015374,-0.458669,1.122764,0.166252,-0.000464,1.088647,-0.094187,-0.361229,0.927149,0.345682,0.045267,0.809787,-0.104477,-0.384502,0.084599,-0.449653,-0.071708,0.052277,0.404135,,,,,,,,,,-0.341016,0.930941,0.359849,-0.306877,0.905244,0.391822,-0.293001,0.879596,0.412721,-0.323348,0.885989,0.423996,-0.305872,0.856713,0.438071,-0.290881,0.834772,0.439707,-0.343338,0.870863,0.418532,-0.326965,0.836273,0.427432,-0.314238,0.813431,0.426260,-0.359913,0.859034,0.412758,-0.345706,0.825159,0.420138,-0.334484,0.805637,0.415659,-0.374566,0.848606,0.400310,-0.360468,0.819259,0.404546,-0.348422,0.800659,0.399502,0.032737,0.792306,-0.091787,-0.005156,0.756546,-0.103332,-0.023145,0.734704,-0.125394,0.013709,0.720744,-0.122840,-0.012995,0.701396,-0.139366,-0.037157,0.699241,-0.150346,0.023315,0.728308,-0.145396,-0.002492,0.707750,-0.166726,-0.025780,0.710514,-0.178360,0.031283,0.735876,-0.163486,0.005730,0.718516,-0.184688,-0.014492,0.726470,-0.192088,0.036556,0.749693,-0.179601,0.012965,0.735855,-0.197762,-0.007716,0.737922,-0.206971,,,
60,2.000,-0.214562,0.918251,0.063365,-0.334303,0.919929,0.056676,-0.094820,0.916574,0.070053,-0.396712,0.478573,0.068630,-0.070000,0.543383,0.312839,-0.376447,0.290583,-0.302197,-0.091245,0.132041,0.252750,-0.213008,1.035472,0.064945,-0.216244,1.249579,0.075601,-0.198666,1.490724,0.096548,-0.184888,1.588326,0.129496,-0.236289,1.440513,0.102650,-0.167788,1.437097,0.084548,-0.368138,1.391573,0.153166,-0.040435,1.369940,0.047243,-0.450164,1.117887,0.205682,0.008644,1.090116,-0.016578,-0.385787,0.891198,0.361960,0.056470,0.811764,-0.002664,-0.394385,0.118074,-0.346972,-0.066441,0.047478,0.408699,,,,,,,,,,-0.366601,0.891132,0.377945,-0.336174,0.858032,0.406695,-0.324603,0.828455,0.423382,-0.355902,0.834049,0.433395,-0.340722,0.801689,0.442506,-0.326802,0.779065,0.440728,-0.376022,0.821358,0.423785,-0.361989,0.784780,0.426760,-0.350277,0.761871,0.421952,-0.392578,0.811767,0.414733,-0.380357,0.776376,0.416113,-0.369646,0.757517,0.408584,-0.406639,0.804692,0.399548,-0.394607,0.774155,0.398721,-0.383288,0.756092,0.390841,0.045171,0.795122,0.012134,0.009753,0.755794,0.005288,-0.006721,0.730348,-0.013907,0.030951,0.719263,-0.010023,0.004930,0.696935,-0.023622,-0.019280,0.692468,-0.033764,0.039982,0.724714,-0.033412,0.014770,0.700846,-0.051804,-0.008798,0.701379,-0.063187,0.047386,0.730590,-0.052350,0.022409,0.709722,-0.070911,0.001705,0.715844,-0.078712,0.051685,0.742712,-0.070041,0.028639,0.725649,-0.086028,0.007749,0.725558,-0.094994,,,
61,2.033,-0.211843,0.926480,0.117192,-0.331681,0.927771,0.112422,-0.092005,0.925190,0.121962,-0.396760,0.493852,0.191869,-0.069832,0.535138,0.336906,-0.373025,0.300123,-0.175784,-0.089758,0.126776,0.258758,-0.210651,1.043703,0.118959,-0.214333,1.257685,0.131760,-0.199222,1.498533,0.157502,-0.187362,1.595730,0.192337,-0.236790,1.448031,0.160969,-0.167485,1.445276,0.146107,-0.370272,1.396734,0.204360,-0.038144,1.379178,0.114136,-0.444195,1.118151,0.240643,0.016669,1.097254,0.066197,-0.414681,0.866522,0.366210,0.063168,0.821237,0.106358,-0.396286,0.124315,-0.201015,-0.063942,0.042295,0.414587,,,,,,,,,,-0.395916,0.861368,0.381861,-0.367714,0.820486,0.401388,-0.357470,0.787240,0.410159,-0.389144,0.791412,0.420693,-0.375324,0.757213,0.420754,-0.362222,0.735385,0.412963,-0.409568,0.782656,0.407870,-0.397201,0.746054,0.400721,-0.386417,0.724832,0.389838,-0.426308,0.776569,0.396436,-0.415587,0.741629,0.388187,-0.405517,0.725070,0.375878,-0.440292,0.774374,0.379763,-0.430026,0.744520,0.370744,-0.419597,0.728628,0.358287,0.053328,0.806353,0.123831,0.020419,0.764342,0.124075,0.004847,0.735244,0.109998,0.043612,0.727293,0.113697,0.019170,0.701244,0.104497,-0.004814,0.693479,0.095927,0.051727,0.729699,0.089476,0.027793,0.701723,0.075761,0.003987,0.698965,0.065225,0.058293,0.733097,0.069643,0.034637,0.707945,0.055097,0.013418,0.711361,0.047032,0.061380,0.742654,0.050213,0.039518,0.721835,0.037312,0.018611,0.718964,0.028859,,,
62,2.067,-0.213228,0.939548,0.170723,-0.333092,0.940610,0.166571,-0.093365,0.938487,0.174875,-0.400307,0.520424,0.299832,-0.079248,0.529808,0.352681,-0.367453,0.287837,-0.043806,-0.091058,0.123030,0.265185,-0.212258,1.056770,0.172688,-0.215382,1.270685,0.186692,-0.202601,1.511272,0.215907,-0.193571,1.608125,0.252503,-0.240127,1.460625,0.216687,-0.170083,1.458239,0.205736,-0.375393,1.407639,0.251714,-0.038512,1.393346,0.181275,-0.443060,1.125568,0.267420,0.020795,1.109783,0.151974,-0.441454,0.858359,0.359896,0.059951,0.838196,0.220292,-0.387972,0.109930,-0.040086,-0.065836,0.038764,0.421228,,,,,,,,,,-0.423254,0.848663,0.373981,-0.396738,0.803164,0.382630,-0.387109,0.768605,0.382925,-0.419478,0.770812,0.393283,-0.406440,0.737421,0.384583,-0.393640,0.718052,0.371551,-0.439804,0.766405,0.378260,-0.428277,0.732625,0.361837,-0.417818,0.714710,0.345875,-0.456409,0.764087,0.365341,-0.446382,0.732266,0.348291,-0.436432,0.719261,0.332199,-0.470015,0.766795,0.348431,-0.460588,0.740041,0.331900,-0.450424,0.727681,0.315762,0.050044,0.826100,0.239764,0.018294,0.783696,0.246230,0.003734,0.752203,0.237087,0.042759,0.746186,0.242664,0.020251,0.717386,0.237715,-0.002943,0.706692,0.230189,0.051466,0.744814,0.218569,0.029165,0.713782,0.209446,0.005815,0.708071,0.199080,0.058479,0.745096,0.198600,0.036659,0.716557,0.187957,0.015606,0.717373,0.178843,0.061837,0.751405,0.177929,0.041412,0.727784,0.167797,0.021034,0.722547,0.159188,,,
63,2.100,-0.218320,0.955479,0.222632,-0.338178,0.956347,0.218295,-0.098462,0.954611,0.226968,-0.404706,0.550618,0.390895,-0.092933,0.528743,0.359025,-0.365067,0.261744,0.093836,-0.095033,0.122211,0.269635,-0.217540,1.072703,0.224539,-0.219753,1.286532,0.239960,-0.209218,1.526968,0.271237,-0.203184,1.623654,0.308879,-0.246577,1.476212,0.269816,-0.176062,1.474092,0.262400,-0.383279,1.422349,0.297065,-0.042717,1.410403,0.245576,-0.447077,1.139066,0.288664,0.020008,1.126248,0.235322,-0.465862,0.863128,0.347488,0.046862,0.861361,0.330581,-0.384932,0.088974,0.136754,-0.071780,0.037849,0.425932,,,,,,,,,,-0.448428,0.850079,0.359711,-0.422798,0.803280,0.358730,-0.412839,0.769486,0.351951,-0.446328,0.769815,0.360645,-0.433264,0.738418,0.346356,-0.419952,0.721626,0.330556,-0.465986,0.769404,0.344163,-0.454268,0.739455,0.321590,-0.443338,0.724953,0.302740,-0.482001,0.770463,0.330365,-0.471908,0.742521,0.307536,-0.461497,0.732796,0.289532,-0.494787,0.777272,0.313977,-0.485372,0.754707,0.292065,-0.474877,0.746077,0.273847,0.034793,0.852342,0.350496,0.002399,0.811014,0.360018,-0.011127,0.778257,0.354417,0.027006,0.773786,0.365195,0.005971,0.743567,0.362985,-0.015960,0.730707,0.355071,0.038366,0.768761,0.342746,0.017512,0.736039,0.336580,-0.004488,0.728029,0.324870,0.047583,0.765993,0.323894,0.027666,0.735314,0.315773,0.007812,0.733858,0.304342,0.053264,0.769011,0.302989,0.034469,0.743537,0.294293,0.015356,0.736441,0.284236,,,
64,2.133,-0.224989,0.970503,0.277955,-0.344824,0.971071,0.272989,-0.105153,0.969935,0.282920,-0.407408,0.575955,0.469964,-0.104802,0.531236,0.362768,-0.369480,0.227305,0.245759,-0.100221,0.123722,0.278062,-0.224494,1.087734,0.279442,-0.226016,1.301404,0.297011,-0.217960,1.541718,0.329923,-0.214579,1.638383,0.367947,-0.254962,1.490775,0.326847,-0.184211,1.489065,0.322047,-0.392264,1.435553,0.347588,-0.049526,1.426952,0.310989,-0.453244,1.153918,0.310809,0.017216,1.143588,0.316817,-0.483469,0.873932,0.336296,0.029808,0.887242,0.435513,-0.394309,0.072434,0.332273,-0.079302,0.038984,0.434485,,,,,,,,,,-0.466714,0.858826,0.347006,-0.440539,0.813005,0.339051,-0.429368,0.781059,0.327143,-0.463758,0.779785,0.333176,-0.449807,0.750180,0.316161,-0.435318,0.735249,0.299548,-0.482301,0.782458,0.315647,-0.469292,0.755886,0.289793,-0.457183,0.744065,0.269825,-0.497400,0.786074,0.301263,-0.486405,0.761449,0.275253,-0.475078,0.754154,0.256664,-0.509176,0.795818,0.285617,-0.498764,0.777342,0.260554,-0.487370,0.771944,0.241646,0.014982,0.881043,0.454628,-0.018668,0.841058,0.465438,-0.031498,0.807646,0.462894,0.004745,0.805366,0.479445,-0.015446,0.774497,0.479265,-0.035942,0.759849,0.470647,0.019150,0.797291,0.459809,-0.000637,0.763577,0.455877,-0.020784,0.753420,0.442601,0.030934,0.791941,0.443060,0.012554,0.759849,0.437049,-0.005463,0.756140,0.423316,0.039543,0.791962,0.422953,0.022266,0.765066,0.415473,0.004838,0.756151,0.403915,,,
65,2.167,-0.230579,0.981336,0.321112,-0.350464,0.982262,0.317601,-0.110694,0.980410,0.324622,-0.404268,0.590219,0.523125,-0.112812,0.535483,0.354079,-0.371379,0.194732,0.397537,-0.106436,0.129270,0.263449,-0.229760,1.098538,0.324064,-0.230819,1.312110,0.342819,-0.226852,1.552622,0.375020,-0.225881,1.649428,0.412825,-0.263079,1.501180,0.371122,-0.192205,1.500397,0.368278,-0.400756,1.444990,0.385923,-0.056219,1.440479,0.362120,-0.458590,1.167140,0.323918,0.019470,1.160182,0.384222,-0.491530,0.886315,0.326633,0.023639,0.914222,0.523673,-0.399814,0.068775,0.521683,-0.085149,0.045369,0.420273,,,,,,,,,,-0.475114,0.871023,0.337602,-0.445885,0.827353,0.328297,-0.431674,0.797191,0.315051,-0.466619,0.793840,0.317151,-0.449611,0.766160,0.299683,-0.432777,0.753097,0.283721,-0.483485,0.797329,0.298135,-0.466816,0.773481,0.271732,-0.452283,0.763805,0.252232,-0.497286,0.801613,0.282669,-0.482877,0.779536,0.256047,-0.469557,0.774142,0.238141,-0.507986,0.812256,0.266839,-0.494458,0.796478,0.241422,-0.481128,0.793218,0.223307,0.007293,0.908221,0.541574,-0.026846,0.868124,0.550218,-0.039296,0.834600,0.547300,-0.004434,0.832897,0.566802,-0.024463,0.801959,0.565311,-0.044098,0.787116,0.555158,0.011646,0.824614,0.548606,-0.007703,0.790811,0.543449,-0.026625,0.780451,0.528618,0.024849,0.819082,0.533015,0.007139,0.786819,0.525991,-0.009640,0.782829,0.510843,0.035132,0.818831,0.513712,0.018611,0.791745,0.505269,0.002230,0.782587,0.492441,,,
66,2.200,-0.234757,0.983813,0.373596,-0.354661,0.983911,0.370684,-0.114852,0.983715,0.376508,-0.396007,0.584592,0.564764,-0.114263,0.537861,0.369734,-0.373440,0.168956,0.565704,-0.109883,0.134911,0.265446,-0.234766,1.100976,0.377915,-0.234425,1.314462,0.397641,-0.234853,1.555089,0.429220,-0.236102,1.652058,0.466595,-0.270218,1.503142,0.424251,-0.199284,1.503330,0.423818,-0.407950,1.445755,0.432490,-0.061674,1.446905,0.423827,-0.458701,1.172995,0.346375,0.025583,1.171940,0.463377,-0.491241,0.892835,0.326206,0.016600,0.940684,0.625859,-0.406730,0.080585,0.717915,-0.087536,0.051321,0.422289,,,,,,,,,,-0.475410,0.877430,0.337853,-0.443650,0.835475,0.328960,-0.426911,0.806734,0.315508,-0.461783,0.802071,0.313709,-0.442087,0.776114,0.296420,-0.423262,0.764643,0.281492,-0.476775,0.806212,0.293304,-0.456569,0.784662,0.267400,-0.439755,0.776737,0.248972,-0.489109,0.811019,0.276789,-0.471229,0.791190,0.250504,-0.455974,0.787400,0.233770,-0.498582,0.822297,0.260620,-0.481889,0.808641,0.235864,-0.466650,0.807000,0.219085,-0.001517,0.934957,0.642064,-0.035745,0.894496,0.648330,-0.047747,0.860800,0.645519,-0.014726,0.860295,0.668498,-0.034417,0.829274,0.665262,-0.052699,0.814166,0.653158,0.003390,0.851734,0.652474,-0.015054,0.817656,0.645982,-0.032104,0.806800,0.629345,0.018316,0.845951,0.638626,0.001574,0.813429,0.630509,-0.013416,0.808986,0.613701,0.030663,0.845263,0.620585,0.015071,0.817907,0.611292,0.000106,0.808347,0.597099,,,
67,2.233,-0.237973,0.977646,0.423234,-0.357844,0.974203,0.421102,-0.118101,0.981091,0.425367,-0.390620,0.580123,0.627161,-0.108028,0.535892,0.402348,-0.385607,0.175859,0.726198,-0.107003,0.142277,0.266964,-0.241429,1.094721,0.428465,-0.238306,1.308181,0.448232,-0.243983,1.548852,0.478956,-0.247021,1.645975,0.515825,-0.278254,1.496298,0.472834,-0.207368,1.497689,0.475075,-0.415556,1.437349,0.474982,-0.068396,1.445182,0.482138,-0.455268,1.170152,0.368125,0.030961,1.178193,0.542375,-0.484055,0.891993,0.326243,0.012750,0.961109,0.722662,-0.421771,0.126999,0.894694,-0.084662,0.056074,0.422387,,,,,,,,,,-0.469259,0.876340,0.338879,-0.435764,0.835417,0.331707,-0.416888,0.807632,0.319103,-0.451337,0.802452,0.313053,-0.429363,0.777623,0.296889,-0.408797,0.767147,0.283617,-0.464077,0.807282,0.291312,-0.440706,0.787286,0.266864,-0.421814,0.780497,0.250069,-0.474619,0.812641,0.273758,-0.453517,0.794395,0.248747,-0.436437,0.791666,0.233650,-0.482504,0.824498,0.257157,-0.462843,0.812317,0.233854,-0.445795,0.811732,0.218837,-0.006989,0.956008,0.737083,-0.041033,0.915227,0.742171,-0.052951,0.881419,0.740633,-0.021871,0.882916,0.766810,-0.040920,0.851583,0.762814,-0.057549,0.835701,0.749391,-0.001917,0.873774,0.753525,-0.019111,0.839061,0.746967,-0.033992,0.826979,0.729137,0.014576,0.867467,0.741854,-0.000963,0.834349,0.733757,-0.013918,0.828806,0.715636,0.028898,0.865911,0.725396,0.014353,0.837954,0.716193,0.000984,0.827467,0.701091,,,
68,2.267,-0.240936,0.965816,0.478658,-0.360676,0.958924,0.478115,-0.121195,0.972707,0.479200,-0.388149,0.578715,0.709456,-0.101762,0.529307,0.436180,-0.406215,0.193402,0.865890,-0.103900,0.147757,0.269809,-0.247690,1.082721,0.484409,-0.243242,1.296262,0.503023,-0.253422,1.536973,0.532234,-0.257712,1.634235,0.568610,-0.286707,1.483880,0.525371,-0.215950,1.486347,0.529741,-0.423717,1.424287,0.522459,-0.076775,1.435814,0.543771,-0.452504,1.162652,0.399544,0.031196,1.178421,0.626685,-0.477659,0.887907,0.337594,0.005018,0.973603,0.819882,-0.444177,0.185214,1.040755,-0.081300,0.058188,0.423279,,,,,,,,,,-0.463992,0.871689,0.350777,-0.429368,0.831524,0.344780,-0.408951,0.804664,0.332579,-0.442512,0.799538,0.322839,-0.418303,0.776480,0.307257,-0.396231,0.767499,0.295383,-0.453062,0.805485,0.300220,-0.426872,0.787584,0.277039,-0.406234,0.782269,0.261844,-0.461855,0.811741,0.282012,-0.437794,0.795700,0.258189,-0.419185,0.794363,0.244809,-0.468193,0.824453,0.265380,-0.446056,0.814048,0.243480,-0.427583,0.814645,0.230255,-0.015876,0.969313,0.832869,-0.049420,0.928224,0.838741,-0.060919,0.894245,0.839505,-0.031998,0.898942,0.868020,-0.050112,0.866951,0.865009,-0.065126,0.849582,0.851523,-0.010710,0.889171,0.857550,-0.026518,0.853528,0.852722,-0.039401,0.839470,0.834786,0.006925,0.882274,0.848092,-0.007265,0.848204,0.841634,-0.018368,0.840763,0.822971,0.022749,0.879592,0.833233,0.009434,0.850592,0.825517,-0.002392,0.838446,0.810371,,,
69,2.300,-0.244775,0.950651,0.537644,-0.364424,0.942449,0.539236,-0.125127,0.958853,0.536052,-0.388566,0.582386,0.801161,-0.100747,0.518899,0.467647,-0.418140,0.206563,0.977643,-0.104867,0.151390,0.272241,-0.252698,1.067455,0.543945,-0.249323,1.281110,0.561425,-0.261463,1.521890,0.589291,-0.266420,1.619307,0.625164,-0.294303,1.468563,0.582106,-0.223649,1.471484,0.587695,-0.431361,1.409431,0.575047,-0.085069,1.421188,0.607351,-0.452375,1.151731,0.442611,0.027856,1.173019,0.709545,-0.476454,0.881290,0.363636,-0.002222,0.976785,0.910910,-0.455796,0.231807,1.150937,-0.081027,0.059981,0.424432,,,,,,,,,,-0.463523,0.864405,0.376725,-0.428318,0.824756,0.370676,-0.406852,0.798636,0.358674,-0.439853,0.794005,0.346211,-0.413504,0.774122,0.329748,-0.390383,0.767730,0.318200,-0.449015,0.801173,0.323343,-0.420641,0.786365,0.300553,-0.398880,0.783194,0.286358,-0.456701,0.808409,0.304997,-0.430235,0.795445,0.281862,-0.410659,0.796004,0.269879,-0.462079,0.822010,0.288735,-0.438205,0.813484,0.267871,-0.418856,0.815278,0.256086,-0.023688,0.972706,0.923002,-0.056021,0.930889,0.930341,-0.065897,0.896513,0.933192,-0.039340,0.904793,0.962884,-0.056093,0.871967,0.961363,-0.069624,0.853021,0.948442,-0.017125,0.895088,0.954482,-0.031231,0.858521,0.951749,-0.042458,0.842559,0.934299,0.001281,0.888178,0.946642,-0.011256,0.853160,0.942125,-0.020929,0.843847,0.923505,0.018053,0.884956,0.932978,0.006202,0.854917,0.927055,-0.004304,0.841099,0.912377,,,
70,2.333,-0.249683,0.936819,0.599051,-0.369318,0.928891,0.602241,-0.130048,0.944747,0.595861,-0.393064,0.571462,0.867785,-0.105160,0.510185,0.499068,-0.415932,0.195261,1.044458,-0.107410,0.157115,0.278613,-0.257254,1.053641,0.605453,-0.255989,1.267327,0.622846,-0.269196,1.508035,0.650848,-0.275113,1.605482,0.686490,-0.301768,1.454659,0.642854,-0.231259,1.457702,0.649996,-0.438340,1.395066,0.631529,-0.093144,1.408189,0.674346,-0.453021,1.138093,0.496849,0.021437,1.165595,0.787496,-0.476602,0.871613,0.405266,-0.006812,0.972543,0.992176,-0.448536,0.215728,1.219398,-0.083019,0.059532,0.426832,,,,,,,,,,-0.463807,0.854105,0.417652,-0.428278,0.815008,0.410101,-0.406497,0.789698,0.396980,-0.439206,0.785571,0.383808,-0.412128,0.767776,0.366180,-0.388738,0.762969,0.354407,-0.448005,0.793922,0.361201,-0.418868,0.781245,0.338091,-0.396774,0.779473,0.324169,-0.455408,0.802104,0.343138,-0.428118,0.791184,0.319905,-0.408278,0.792896,0.308479,-0.460576,0.816540,0.327541,-0.436102,0.809362,0.306865,-0.416482,0.811942,0.295691,-0.028527,0.968675,1.003885,-0.059884,0.926514,1.013223,-0.068570,0.892057,1.018189,-0.043515,0.903293,1.048024,-0.059300,0.869956,1.048301,-0.071879,0.849773,1.036328,-0.020780,0.893700,1.040998,-0.033695,0.856597,1.040516,-0.043883,0.839088,1.023935,-0.001947,0.886817,1.034220,-0.013361,0.851214,1.031775,-0.022167,0.840369,1.013560,0.015335,0.883153,1.021324,0.004509,0.852429,1.017242,-0.005146,0.837297,1.003294,,,
71,2.367,-0.255601,0.924601,0.663192,-0.375354,0.918662,0.666310,-0.135849,0.930539,0.660074,-0.396655,0.552765,0.920275,-0.114761,0.503789,0.532510,-0.409507,0.169380,1.081873,-0.110183,0.165184,0.290458,-0.261291,1.041624,0.667524,-0.262509,1.255484,0.682636,-0.277731,1.496300,0.708610,-0.285535,1.593982,0.743233,-0.309788,1.442706,0.700012,-0.239538,1.446158,0.709224,-0.445237,1.381175,0.685917,-0.101611,1.398544,0.738020,-0.457135,1.121441,0.556353,0.013453,1.156904,0.852712,-0.480883,0.855660,0.462802,-0.007109,0.960466,1.055073,-0.433065,0.152206,1.258610,-0.084821,0.055185,0.429538,,,,,,,,,,-0.468025,0.837407,0.473987,-0.433735,0.797874,0.463528,-0.413232,0.772726,0.448220,-0.446362,0.769737,0.436583,-0.420418,0.752188,0.417100,-0.397646,0.747431,0.404153,-0.455841,0.779158,0.414682,-0.427907,0.766689,0.390025,-0.406399,0.764930,0.375212,-0.463751,0.788201,0.397257,-0.437607,0.777614,0.372596,-0.418177,0.779337,0.360488,-0.469188,0.803347,0.382443,-0.445592,0.796329,0.360719,-0.426294,0.798821,0.348978,-0.028779,0.956703,1.066898,-0.059267,0.914380,1.078180,-0.066805,0.879919,1.084740,-0.042535,0.893220,1.114105,-0.057437,0.859570,1.116589,-0.069526,0.838346,1.105991,-0.019576,0.883789,1.107611,-0.031534,0.846403,1.109309,-0.041267,0.827695,1.093798,-0.000575,0.876993,1.101223,-0.010985,0.841002,1.100832,-0.019450,0.828889,1.083266,0.016828,0.873081,1.088565,0.007086,0.841823,1.086155,-0.001983,0.825646,1.073007,,,
72,2.400,-0.262702,0.914730,0.730416,-0.382550,0.910181,0.731597,-0.142854,0.919280,0.729235,-0.399298,0.535665,0.973031,-0.125319,0.504367,0.566840,-0.405058,0.142979,1.110971,-0.109420,0.178984,0.307733,-0.267120,1.031854,0.733278,-0.270871,1.245951,0.743952,-0.286964,1.487341,0.763205,-0.297322,1.585604,0.795433,-0.318735,1.433497,0.755127,-0.248769,1.437285,0.766181,-0.453413,1.370641,0.739560,-0.111201,1.391002,0.798633,-0.467482,1.106035,0.620498,0.001321,1.145863,0.908311,-0.493534,0.837024,0.537375,-0.010153,0.940848,1.102727,-0.427515,0.084823,1.278898,-0.082781,0.047320,0.426229,,,,,,,,,,-0.480593,0.818264,0.547583,-0.448258,0.777816,0.534681,-0.429753,0.752359,0.517458,-0.463380,0.750376,0.508307,-0.439224,0.732353,0.487039,-0.417456,0.727111,0.472636,-0.473879,0.760323,0.487115,-0.447775,0.747286,0.460803,-0.427206,0.745043,0.444773,-0.482553,0.769795,0.470291,-0.458217,0.758724,0.444043,-0.439485,0.760004,0.430830,-0.488408,0.785263,0.455978,-0.466232,0.777631,0.433001,-0.447513,0.779557,0.420257,-0.031791,0.937217,1.114654,-0.062137,0.894999,1.126685,-0.068794,0.860456,1.133747,-0.045278,0.874477,1.162919,-0.059587,0.840783,1.167445,-0.071537,0.818849,1.158222,-0.022303,0.865006,1.156537,-0.033782,0.827588,1.159967,-0.043463,0.808105,1.145407,-0.003296,0.858160,1.150225,-0.013049,0.822000,1.151341,-0.021415,0.809048,1.134336,0.014095,0.854091,1.137599,0.005170,0.822532,1.136122,-0.003502,0.805796,1.123413,,,
73,2.433,-0.272409,0.908659,0.794644,-0.392296,0.905283,0.793552,-0.152522,0.912036,0.795737,-0.413241,0.535134,1.041309,-0.126750,0.496007,0.637342,-0.410585,0.129483,1.134601,-0.105430,0.197045,0.348498,-0.275723,1.025845,0.796154,-0.282557,1.240002,0.803618,-0.296440,1.481968,0.816202,-0.308849,1.580851,0.845693,-0.328659,1.428238,0.809216,-0.258784,1.431641,0.820949,-0.463536,1.365735,0.793955,-0.121886,1.384593,0.855092,-0.486097,1.096477,0.687274,-0.015212,1.131550,0.951912,-0.518866,0.823463,0.621357,-0.017672,0.913706,1.132184,-0.433946,0.041786,1.289034,-0.078237,0.037427,0.425107,,,,,,,,,,-0.505865,0.804993,0.632009,-0.474365,0.763626,0.619988,-0.456876,0.737350,0.602933,-0.490523,0.735279,0.595237,-0.467130,0.716358,0.573897,-0.445853,0.710451,0.559024,-0.501488,0.744445,0.573929,-0.476135,0.730109,0.547558,-0.455981,0.727026,0.531144,-0.510513,0.753300,0.556954,-0.486933,0.740873,0.530623,-0.468520,0.741386,0.516919,-0.516582,0.768215,0.542153,-0.494834,0.759081,0.519316,-0.476274,0.760034,0.506235,-0.039311,0.910351,1.144189,-0.070506,0.868613,1.155709,-0.078196,0.834186,1.162271,-0.053883,0.847119,1.191485,-0.068507,0.813659,1.196696,-0.080915,0.791765,1.187997,-0.031163,0.837253,1.184796,-0.043152,0.800028,1.188554,-0.053338,0.780572,1.174306,-0.012350,0.830099,1.178248,-0.022509,0.794057,1.179529,-0.031213,0.781162,1.162650,0.004869,0.825862,1.165443,-0.004359,0.794401,1.163748,-0.013269,0.777795,1.151034,,,
74,2.467,-0.283574,0.906054,0.855787,-0.403448,0.903291,0.852947,-0.163699,0.908817,0.858627,-0.433590,0.546295,1.118424,-0.115511,0.478974,0.750251,-0.417744,0.130806,1.137965,-0.097151,0.223046,0.422490,-0.286279,1.023265,0.855957,-0.293741,1.237453,0.861730,-0.307659,1.479581,0.870615,-0.321357,1.578793,0.898379,-0.339879,1.425742,0.864524,-0.269981,1.429342,0.876060,-0.474552,1.362189,0.852055,-0.133022,1.382214,0.909846,-0.506105,1.088600,0.759626,-0.028280,1.121310,0.985622,-0.543463,0.811629,0.716654,-0.018072,0.888460,1.145738,-0.443682,0.043388,1.292145,-0.078648,0.045031,0.429888,,,,,,,,,,-0.530453,0.794257,0.729006,-0.499466,0.751559,0.720963,-0.482998,0.723669,0.705533,-0.516216,0.720924,0.699558,-0.493524,0.699670,0.679710,-0.472676,0.692011,0.665029,-0.527423,0.727905,0.677559,-0.502555,0.710664,0.652498,-0.482662,0.705701,0.636228,-0.536628,0.735014,0.659875,-0.513651,0.719531,0.634653,-0.495478,0.718325,0.620675,-0.542798,0.748349,0.643673,-0.521143,0.736386,0.622088,-0.502578,0.735564,0.609005,-0.039379,0.884474,1.158139,-0.070302,0.842183,1.168294,-0.078404,0.807593,1.173322,-0.052733,0.818834,1.202418,-0.067066,0.785105,1.206599,-0.079666,0.763551,1.197347,-0.030218,0.809338,1.194597,-0.041923,0.771925,1.197217,-0.052478,0.752953,1.182591,-0.011601,0.802541,1.187167,-0.021639,0.766443,1.187049,-0.030800,0.754301,1.169856,0.005255,0.798988,1.173689,-0.003957,0.767618,1.170700,-0.013183,0.751599,1.157470,,,
75,2.500,-0.293871,0.907634,0.915663,-0.413696,0.905373,0.910937,-0.174046,0.909895,0.920389,-0.448180,0.544830,1.171038,-0.107958,0.470229,0.886356,-0.422182,0.130455,1.141364,-0.094323,0.262051,0.526162,-0.296045,1.024852,0.914691,-0.302666,1.239090,0.919572,-0.315886,1.481289,0.927545,-0.330060,1.580506,0.955051,-0.348308,1.427504,0.922080,-0.278268,1.430981,0.932761,-0.482839,1.363065,0.913115,-0.141083,1.383108,0.964522,-0.523627,1.085504,0.837711,-0.040498,1.115373,1.019151,-0.563551,0.805972,0.822773,-0.021880,0.869917,1.158310,-0.449643,0.043105,1.295319,-0.074590,0.088631,0.485887,,,,,,,,,,-0.550769,0.789751,0.836814,-0.520853,0.745709,0.833165,-0.506160,0.716144,0.819124,-0.538564,0.713324,0.815426,-0.517067,0.689096,0.797777,-0.496824,0.678999,0.783738,-0.549903,0.718122,0.792917,-0.525871,0.697511,0.769648,-0.506358,0.690216,0.753802,-0.559181,0.723470,0.774660,-0.537298,0.704341,0.751016,-0.519486,0.700857,0.736957,-0.565265,0.735097,0.757162,-0.544008,0.720078,0.737150,-0.525528,0.717176,0.724244,-0.042835,0.865178,1.171040,-0.073681,0.822406,1.179232,-0.081419,0.787486,1.182074,-0.055247,0.796742,1.211166,-0.069646,0.762841,1.213155,-0.082589,0.742094,1.202619,-0.033024,0.787716,1.202058,-0.044723,0.750213,1.202547,-0.055749,0.732243,1.187029,-0.014671,0.781371,1.193637,-0.024886,0.745397,1.191319,-0.034600,0.734493,1.173608,0.001761,0.778677,1.179455,-0.007617,0.747564,1.174783,-0.017280,0.732409,1.160863,,,
76,2.533,-0.302762,0.912600,0.973974,-0.422465,0.911036,0.966617,-0.183058,0.914165,0.981330,-0.457645,0.538818,1.209617,-0.113324,0.475627,1.022007,-0.426081,0.128559,1.146730,-0.101328,0.289517,0.649874,-0.304170,1.029817,0.971975,-0.309304,1.244105,0.976440,-0.319826,1.486375,0.986087,-0.332895,1.585490,1.014493,-0.352942,1.432946,0.981339,-0.282576,1.435667,0.989880,-0.487538,1.368199,0.976533,-0.144952,1.386354,1.017231,-0.536316,1.087308,0.920761,-0.051805,1.113308,1.056643,-0.576865,0.807964,0.937422,-0.024369,0.858069,1.175220,-0.455400,0.041664,1.300599,-0.063662,0.119843,0.606537,,,,,,,,,,-0.564150,0.792957,0.952809,-0.535058,0.748218,0.953086,-0.521646,0.717237,0.940944,-0.553598,0.714590,0.938851,-0.533185,0.687903,0.923628,-0.513517,0.675672,0.910498,-0.565198,0.717376,0.916137,-0.542148,0.693794,0.894775,-0.523126,0.684345,0.879479,-0.574663,0.721086,0.897572,-0.553760,0.698951,0.875736,-0.536316,0.693495,0.861842,-0.580816,0.731059,0.879104,-0.560203,0.713664,0.860383,-0.542002,0.709098,0.847562,-0.044996,0.852427,1.188117,-0.075694,0.809175,1.194022,-0.082221,0.773895,1.194271,-0.056486,0.781292,1.223549,-0.070930,0.747354,1.223188,-0.084164,0.727528,1.211324,-0.034521,0.772945,1.213246,-0.046260,0.735504,1.211247,-0.057695,0.718755,1.194695,-0.016403,0.767221,1.203919,-0.026702,0.731505,1.199215,-0.036865,0.721936,1.180991,-0.000347,0.765551,1.189161,-0.009650,0.734754,1.182619,-0.019569,0.720509,1.167939,,,
77,2.567,-0.309554,0.921118,1.031031,-0.429106,0.920297,1.021426,-0.190002,0.921940,1.040635,-0.459948,0.530458,1.235686,-0.123381,0.494705,1.149560,-0.427886,0.124222,1.150789,-0.114165,0.292560,0.785807,-0.310129,1.038324,1.028160,-0.313762,1.252644,1.032575,-0.321489,1.494910,1.044655,-0.331961,1.593968,1.074308,-0.355305,1.441827,1.041126,-0.284581,1.443835,1.046198,-0.489934,1.376999,1.043103,-0.146261,1.392985,1.066256,-0.543860,1.093528,1.009551,-0.060127,1.115906,1.090581,-0.580011,0.817730,1.060385,-0.020358,0.853336,1.187720,-0.458191,0.036996,1.304280,-0.070083,0.120362,0.763650,,,,,,,,,,-0.566669,0.804358,1.076720,-0.537993,0.759518,1.080598,-0.525445,0.727183,1.071426,-0.557521,0.724778,1.071161,-0.538146,0.696095,1.058413,-0.519242,0.682024,1.046026,-0.570226,0.725172,1.048875,-0.548583,0.698872,1.029288,-0.530478,0.687380,1.014281,-0.580581,0.726918,1.030498,-0.560830,0.702385,1.010205,-0.544094,0.695330,0.996160,-0.587569,0.734849,1.011349,-0.568126,0.715417,0.993396,-0.550685,0.709413,0.980119,-0.040046,0.846359,1.201406,-0.069738,0.802239,1.205861,-0.074835,0.766802,1.203495,-0.048325,0.772535,1.231889,-0.062159,0.738381,1.230244,-0.075831,0.719100,1.217986,-0.026954,0.765393,1.219619,-0.038369,0.728022,1.215531,-0.050658,0.712394,1.198500,-0.009393,0.760722,1.208764,-0.019347,0.725209,1.202165,-0.030495,0.716750,1.183968,0.005710,0.760471,1.192946,-0.003255,0.730031,1.184528,-0.013714,0.716730,1.169347,,,
78,2.600,-0.313257,0.932017,1.086907,-0.432727,0.931928,1.076305,-0.193786,0.932106,1.097509,-0.454971,0.523373,1.253563,-0.129079,0.523358,1.263554,-0.427113,0.119862,1.155243,-0.127763,0.284289,0.922808,-0.313036,1.049207,1.083434,-0.315751,1.263543,1.087727,-0.321487,1.505805,1.100957,-0.328948,1.604828,1.131621,-0.355733,1.452911,1.099151,-0.284826,1.454533,1.100291,-0.490348,1.388901,1.109781,-0.146045,1.402265,1.111615,-0.547089,1.104192,1.099235,-0.065206,1.122578,1.116497,-0.571319,0.835760,1.184746,-0.013085,0.854285,1.189041,-0.456627,0.032682,1.308914,-0.092485,0.108845,0.930638,,,,,,,,,,-0.556526,0.824450,1.201386,-0.527556,0.780180,1.208377,-0.515231,0.746908,1.203059,-0.547816,0.744722,1.205285,-0.529267,0.714642,1.194715,-0.511325,0.699100,1.182660,-0.562499,0.742393,1.184375,-0.542551,0.713712,1.166398,-0.525799,0.700318,1.151395,-0.574488,0.741880,1.166940,-0.556168,0.715326,1.147886,-0.540608,0.706843,1.133291,-0.583202,0.747368,1.147643,-0.565533,0.725761,1.130354,-0.549428,0.718111,1.116261,-0.030974,0.845666,1.204185,-0.059561,0.800747,1.207805,-0.064473,0.765587,1.202607,-0.034993,0.769153,1.228214,-0.048167,0.734789,1.225738,-0.062856,0.716037,1.213842,-0.015147,0.763619,1.212925,-0.026599,0.726521,1.206906,-0.040679,0.712166,1.190143,0.001060,0.760336,1.199713,-0.008967,0.725228,1.191299,-0.022037,0.718018,1.173860,0.014208,0.761871,1.182301,0.004951,0.732090,1.172042,-0.006903,0.719968,1.156899,,,
79,2.633,-0.313231,0.944422,1.142735,-0.432655,0.945159,1.131652,-0.193806,0.943685,1.153817,-0.447461,0.520554,1.267017,-0.135263,0.556740,1.367545,-0.425399,0.119268,1.158636,-0.139269,0.273447,1.062599,-0.312156,1.061597,1.138945,-0.315288,1.275944,1.142334,-0.318458,1.518273,1.155200,-0.322985,1.617276,1.186494,-0.353161,1.465647,1.155287,-0.282278,1.466711,1.152796,-0.487769,1.403630,1.174421,-0.143780,1.412599,1.156021,-0.547208,1.119507,1.185846,-0.069043,1.131610,1.140421,-0.553715,0.862987,1.304632,-0.011091,0.859094,1.188764,-0.453872,0.032483,1.312725,-0.111627,0.103247,1.111120,,,,,,,,,,-0.536878,0.853964,1.320718,-0.506480,0.811059,1.329834,-0.493093,0.777802,1.328445,-0.526304,0.775432,1.333701,-0.508242,0.744438,1.325117,-0.491330,0.727653,1.313239,-0.543278,0.770380,1.315137,-0.524969,0.739701,1.298787,-0.509793,0.724553,1.283776,-0.557205,0.767585,1.299445,-0.540480,0.739105,1.281756,-0.526462,0.729091,1.266580,-0.568207,0.770512,1.280770,-0.552457,0.746815,1.264389,-0.538051,0.737417,1.249535,-0.027099,0.849295,1.205237,-0.056416,0.804798,1.208155,-0.063190,0.770470,1.200215,-0.030420,0.770797,1.221807,-0.044529,0.736916,1.218119,-0.061106,0.719469,1.206728,-0.012955,0.766497,1.203510,-0.026227,0.730374,1.195600,-0.042845,0.717962,1.179629,0.001252,0.764292,1.187976,-0.010648,0.730269,1.177743,-0.026081,0.724924,1.161613,0.012032,0.767371,1.169195,0.000860,0.738870,1.157335,-0.013097,0.728398,1.142763,,,
80,2.667,-0.312629,0.955559,1.199164,-0.431969,0.957140,1.187291,-0.193289,0.953979,1.211037,-0.439299,0.520033,1.275132,-0.141176,0.590771,1.464407,-0.423174,0.121025,1.157676,-0.146335,0.259555,1.212350,-0.310709,1.072727,1.195465,-0.314173,1.287074,1.198496,-0.314047,1.529422,1.211393,-0.315518,1.628321,1.243304,-0.349288,1.477184,1.213143,-0.278595,1.477463,1.207304,-0.483720,1.417540,1.239639,-0.140982,1.421203,1.203058,-0.546192,1.135576,1.270998,-0.073239,1.140369,1.166639,-0.528267,0.895820,1.419829,-0.014434,0.864949,1.192069,-0.450424,0.033481,1.311557,-0.120596,0.108674,1.305403,,,,,,,,,,-0.509113,0.889482,1.434547,-0.475611,0.849185,1.444636,-0.460158,0.816831,1.445877,-0.492908,0.813601,1.455211,-0.474287,0.782461,1.448563,-0.457959,0.764912,1.436977,-0.511768,0.805669,1.439730,-0.494028,0.773806,1.425109,-0.480027,0.757397,1.410283,-0.527370,0.800445,1.426415,-0.511557,0.770417,1.410539,-0.499011,0.758947,1.395107,-0.540744,0.800634,1.409110,-0.526042,0.775536,1.393881,-0.513158,0.764798,1.378545,-0.029035,0.854312,1.209311,-0.060621,0.811345,1.211350,-0.070430,0.778447,1.200915,-0.035466,0.774782,1.218324,-0.051975,0.742221,1.213052,-0.070805,0.726924,1.202079,-0.020538,0.771536,1.197711,-0.036942,0.737191,1.187970,-0.056064,0.727417,1.172999,-0.008387,0.770248,1.180428,-0.023550,0.738155,1.168429,-0.041055,0.735346,1.153848,0.000334,0.774729,1.160877,-0.013848,0.748206,1.147714,-0.029995,0.740011,1.133970,,,
81,2.700,-0.312176,0.962469,1.254410,-0.431409,0.964788,1.241619,-0.192942,0.960149,1.267202,-0.430886,0.520687,1.281703,-0.146177,0.619565,1.551188,-0.421108,0.123984,1.156029,-0.149480,0.244444,1.370808,-0.309568,1.079642,1.251354,-0.313303,1.293958,1.255869,-0.309401,1.536176,1.270504,-0.307927,1.634818,1.303198,-0.345214,1.484382,1.273464,-0.274857,1.483799,1.264443,-0.479264,1.427113,1.306360,-0.138447,1.425722,1.252622,-0.546199,1.148578,1.354606,-0.078263,1.146780,1.194718,-0.495951,0.930544,1.527498,-0.022285,0.869641,1.199265,-0.447001,0.036024,1.309907,-0.121702,0.125556,1.501881,,,,,,,,,,-0.474948,0.927143,1.540572,-0.438240,0.890113,1.551941,-0.420556,0.859139,1.555822,-0.452152,0.855646,1.569139,-0.432482,0.824722,1.564963,-0.416415,0.806399,1.554243,-0.472115,0.844836,1.557185,-0.454195,0.811986,1.545208,-0.440917,0.794224,1.531305,-0.488764,0.837146,1.546619,-0.473133,0.805720,1.533510,-0.461709,0.792589,1.518538,-0.503961,0.834349,1.531140,-0.489623,0.807927,1.517938,-0.477909,0.795625,1.502841,-0.036045,0.857989,1.216542,-0.069962,0.816788,1.216922,-0.082583,0.785780,1.204016,-0.046637,0.778403,1.217824,-0.065645,0.747638,1.210562,-0.086274,0.734775,1.199702,-0.033691,0.776622,1.195745,-0.053016,0.744510,1.183956,-0.073894,0.737512,1.169797,-0.023111,0.776570,1.177413,-0.041297,0.746906,1.163516,-0.060098,0.746710,1.150347,-0.015772,0.782673,1.157733,-0.032666,0.758538,1.143245,-0.050400,0.752779,1.130239,,,
82,2.733,-0.310632,0.965297,1.309027,-0.429792,0.968348,1.295718,-0.191472,0.962246,1.322337,-0.425833,0.522470,1.292641,-0.155003,0.636011,1.624121,-0.419354,0.129723,1.154903,-0.147637,0.229698,1.534016,-0.307432,1.082481,1.307247,-0.312133,1.296715,1.314135,-0.303783,1.538647,1.331406,-0.299908,1.636940,1.364946,-0.340255,1.487376,1.335275,-0.270359,1.485825,1.323282,-0.473777,1.432590,1.374026,-0.135404,1.426412,1.303853,-0.546713,1.158731,1.437837,-0.083909,1.150881,1.225019,-0.462168,0.964521,1.625158,-0.033116,0.873060,1.211039,-0.443868,0.041258,1.308718,-0.119134,0.143400,1.688374,,,,,,,,,,-0.439843,0.963713,1.636321,-0.400815,0.929777,1.649477,-0.381363,0.900438,1.656408,-0.411623,0.898252,1.673280,-0.391301,0.867499,1.671909,-0.375713,0.848063,1.662524,-0.432268,0.885240,1.665358,-0.414322,0.851300,1.657006,-0.401779,0.831820,1.644829,-0.449595,0.875600,1.657954,-0.434171,0.842784,1.648524,-0.423803,0.827628,1.634743,-0.466157,0.870026,1.644800,-0.452074,0.842138,1.634707,-0.441365,0.827785,1.620713,-0.046159,0.860061,1.227907,-0.081751,0.820330,1.226288,-0.096643,0.791425,1.211118,-0.060132,0.781264,1.221312,-0.081189,0.752444,1.212006,-0.103141,0.741856,1.201284,-0.048822,0.781486,1.198284,-0.070403,0.751712,1.184450,-0.092504,0.747214,1.171160,-0.039537,0.783094,1.179331,-0.060098,0.755973,1.163660,-0.079763,0.758034,1.151999,-0.033303,0.791081,1.159947,-0.052377,0.769422,1.144298,-0.071267,0.765856,1.132164,,,
83,2.767,-0.308891,0.964783,1.365454,-0.427886,0.970301,1.351480,-0.189896,0.959265,1.379428,-0.425931,0.526888,1.304426,-0.169198,0.628797,1.678082,-0.420179,0.138812,1.154002,-0.144994,0.213416,1.689768,-0.303468,1.081899,1.365521,-0.310478,1.296011,1.374043,-0.296986,1.537490,1.394168,-0.291301,1.635348,1.428706,-0.334230,1.486837,1.398755,-0.264882,1.484191,1.384073,-0.467024,1.434587,1.443106,-0.131677,1.423586,1.357541,-0.546664,1.167032,1.523489,-0.090209,1.152293,1.260258,-0.432445,0.994489,1.716201,-0.045871,0.874660,1.230020,-0.443318,0.048476,1.306940,-0.116808,0.162252,1.859102,,,,,,,,,,-0.409211,0.995734,1.725271,-0.368375,0.964786,1.740190,-0.347273,0.937494,1.750040,-0.376287,0.937517,1.769703,-0.355488,0.907127,1.771829,-0.340321,0.886485,1.764572,-0.397232,0.923191,1.765921,-0.379209,0.888504,1.761959,-0.367245,0.867348,1.752244,-0.414910,0.912305,1.761796,-0.399570,0.878500,1.756728,-0.390059,0.861318,1.744836,-0.432428,0.904490,1.751288,-0.418392,0.875504,1.744900,-0.408447,0.859128,1.732677,-0.058098,0.860311,1.246397,-0.095128,0.821999,1.243398,-0.112293,0.795279,1.226703,-0.075363,0.783092,1.232729,-0.098414,0.756376,1.221982,-0.121576,0.747973,1.211890,-0.065780,0.785448,1.209046,-0.089467,0.758054,1.193811,-0.112636,0.755733,1.181849,-0.057864,0.788804,1.189705,-0.080671,0.764270,1.172918,-0.101054,0.768242,1.163135,-0.052790,0.798633,1.170835,-0.073842,0.779345,1.154629,-0.093722,0.777586,1.143745,,,
84,2.800,-0.307490,0.960156,1.424096,-0.426241,0.967894,1.409131,-0.188740,0.952417,1.439061,-0.427551,0.529541,1.327412,-0.177646,0.602298,1.714970,-0.421245,0.150852,1.154733,-0.145182,0.198207,1.809418,-0.300140,1.077147,1.426267,-0.308422,1.291178,1.435626,-0.291317,1.532269,1.457567,-0.284620,1.629818,1.492792,-0.329051,1.482039,1.462758,-0.260189,1.478677,1.446067,-0.460463,1.430662,1.511976,-0.128442,1.417734,1.413682,-0.545643,1.170518,1.609238,-0.095728,1.150551,1.302657,-0.404662,1.017901,1.801038,-0.056653,0.873798,1.259743,-0.443712,0.057521,1.305963,-0.118379,0.183134,1.985885,,,,,,,,,,-0.381161,1.021127,1.808843,-0.338995,0.993964,1.827070,-0.316213,0.969660,1.840392,-0.345107,0.971860,1.861000,-0.323377,0.942880,1.867974,-0.307786,0.921644,1.864136,-0.365779,0.956672,1.860490,-0.346909,0.922255,1.862251,-0.334626,0.899969,1.856120,-0.383291,0.944886,1.858939,-0.367198,0.911056,1.859492,-0.357580,0.892226,1.850545,-0.400956,0.935061,1.850583,-0.386254,0.905755,1.848857,-0.376201,0.887733,1.839336,-0.068123,0.858318,1.275631,-0.106394,0.821309,1.271949,-0.125580,0.796581,1.254404,-0.088591,0.783072,1.256480,-0.113420,0.758314,1.245030,-0.137561,0.751733,1.235927,-0.080626,0.787332,1.232466,-0.106158,0.762068,1.216547,-0.130158,0.761462,1.206108,-0.073989,0.792235,1.212974,-0.098766,0.770009,1.195770,-0.119644,0.775432,1.187919,-0.069961,0.803606,1.194729,-0.092746,0.786380,1.178545,-0.113411,0.786057,1.169078,,,
85,2.833,-0.307107,0.950761,1.485450,-0.425718,0.959581,1.469979,-0.188497,0.941941,1.500921,-0.424415,0.531702,1.344479,-0.175757,0.562266,1.734411,-0.422469,0.158505,1.160133,-0.149573,0.179426,1.895692,-0.298980,1.067641,1.489775,-0.305503,1.281651,1.500843,-0.286844,1.522501,1.524122,-0.279659,1.619926,1.559596,-0.324738,1.472421,1.529588,-0.256174,1.468838,1.511758,-0.454982,1.421034,1.581810,-0.125438,1.408329,1.474784,-0.544397,1.168308,1.693722,-0.099338,1.144393,1.354616,-0.384549,1.029959,1.881508,-0.063690,0.868925,1.301635,-0.443874,0.061924,1.309464,-0.129247,0.180586,2.073658,,,,,,,,,,-0.361210,1.035382,1.888543,-0.317844,1.013226,1.910372,-0.293291,0.992914,1.926856,-0.322918,0.996318,1.947326,-0.299778,0.970189,1.959260,-0.283024,0.949499,1.959196,-0.342885,0.980328,1.949303,-0.322462,0.947601,1.956760,-0.309114,0.925208,1.954421,-0.359849,0.967677,1.949708,-0.342266,0.935171,1.955873,-0.331758,0.915569,1.950176,-0.377060,0.955915,1.943090,-0.361133,0.927357,1.946042,-0.350301,0.908476,1.939510,-0.074508,0.852288,1.316794,-0.113518,0.816161,1.312197,-0.134126,0.793192,1.293892,-0.097221,0.779172,1.292589,-0.123203,0.755945,1.280505,-0.147956,0.750607,1.272275,-0.090535,0.785359,1.268603,-0.117271,0.761824,1.252025,-0.141806,0.762385,1.242911,-0.084913,0.791819,1.249247,-0.111017,0.771474,1.231682,-0.132203,0.777818,1.225531,-0.081721,0.804647,1.231822,-0.105758,0.789158,1.215692,-0.126960,0.789962,1.207530,,,
86,2.867,-0.303670,0.936521,1.544060,-0.422357,0.944648,1.528805,-0.184982,0.928394,1.559315,-0.416574,0.528548,1.368618,-0.175417,0.550168,1.795294,-0.422753,0.168401,1.160005,-0.153884,0.162792,1.946092,-0.296242,1.053441,1.548559,-0.300854,1.267436,1.560831,-0.281254,1.508079,1.585433,-0.273437,1.605465,1.620878,-0.319252,1.458081,1.590922,-0.250858,1.454402,1.572468,-0.449306,1.407448,1.644340,-0.120976,1.393849,1.532665,-0.541397,1.159847,1.765183,-0.098937,1.131423,1.408445,-0.374368,1.026945,1.950638,-0.065041,0.857244,1.348135,-0.443280,0.061902,1.302563,-0.133749,0.150399,2.123651,,,,,,,,,,-0.351217,1.034031,1.956758,-0.306708,1.016037,1.980063,-0.281525,0.998153,1.998314,-0.310666,1.002732,2.018593,-0.286444,0.978385,2.032051,-0.269055,0.958262,2.033275,-0.329896,0.986190,2.022448,-0.308020,0.955085,2.032328,-0.293814,0.933111,2.031695,-0.346288,0.972938,2.024362,-0.327230,0.941858,2.032999,-0.315996,0.922275,2.028826,-0.363037,0.959852,2.019203,-0.345736,0.932478,2.024618,-0.334102,0.913570,2.019761,-0.075645,0.839522,1.362176,-0.115320,0.804407,1.355793,-0.136864,0.783301,1.336356,-0.100191,0.769004,1.332641,-0.126856,0.747201,1.319444,-0.151914,0.742862,1.311554,-0.094143,0.777111,1.309061,-0.121570,0.755268,1.291334,-0.146339,0.756786,1.282996,-0.089015,0.785111,1.290148,-0.115874,0.766610,1.271705,-0.137143,0.773667,1.266726,-0.086160,0.799324,1.273771,-0.110832,0.785466,1.257125,-0.132243,0.787101,1.249665,,,
87,2.900,-0.299062,0.923515,1.603480,-0.418020,0.928616,1.589040,-0.180104,0.918413,1.617919,-0.407049,0.519095,1.412959,-0.175666,0.556589,1.878487,-0.420283,0.178540,1.173982,-0.157819,0.155130,1.987006,-0.294318,1.040638,1.605778,-0.297271,1.254710,1.617179,-0.276245,1.495274,1.641380,-0.267079,1.592768,1.676199,-0.314491,1.445491,1.647104,-0.246202,1.441414,1.628349,-0.445044,1.396420,1.700761,-0.117280,1.379275,1.587874,-0.540420,1.149341,1.820115,-0.095621,1.115330,1.466847,-0.379166,1.013586,2.008591,-0.061859,0.841206,1.406211,-0.442156,0.055223,1.302046,-0.133937,0.112606,2.159365,,,,,,,,,,-0.356140,1.020888,2.014924,-0.311937,1.003555,2.039289,-0.288039,0.985170,2.058731,-0.316452,0.991033,2.078020,-0.292578,0.966198,2.091207,-0.275525,0.945778,2.092220,-0.335680,0.974499,2.081916,-0.313919,0.943340,2.091881,-0.299778,0.921322,2.091307,-0.352051,0.961225,2.083848,-0.333022,0.930186,2.092696,-0.321756,0.910596,2.088644,-0.368670,0.947969,2.078700,-0.351141,0.920852,2.084645,-0.339261,0.902002,2.080169,-0.072825,0.822921,1.419213,-0.113063,0.788901,1.410758,-0.135038,0.769168,1.390384,-0.098435,0.754576,1.385736,-0.125362,0.734000,1.371170,-0.150426,0.730504,1.362891,-0.092145,0.763867,1.362663,-0.119700,0.743378,1.343570,-0.144381,0.745630,1.335139,-0.086797,0.772811,1.344239,-0.113755,0.755707,1.324628,-0.134897,0.763280,1.319876,-0.083628,0.787856,1.328683,-0.108419,0.775236,1.311249,-0.129771,0.777485,1.303778,,,
88,2.933,-0.294804,0.914682,1.666342,-0.413940,0.917942,1.652868,-0.175668,0.911421,1.679816,-0.409929,0.506680,1.480589,-0.166866,0.558510,1.952229,-0.416422,0.197289,1.202204,-0.159151,0.146185,2.008728,-0.291775,1.031874,1.667921,-0.292479,1.246030,1.678033,-0.271882,1.486924,1.699118,-0.260258,1.584595,1.732685,-0.309953,1.437121,1.705754,-0.241803,1.432983,1.686510,-0.440506,1.388704,1.760004,-0.113603,1.369259,1.646211,-0.536132,1.136362,1.867563,-0.085668,1.101110,1.536211,-0.388825,0.990636,2.059968,-0.047164,0.825654,1.485206,-0.443908,0.048340,1.297832,-0.139568,0.077730,2.173096,,,,,,,,,,-0.366328,0.997693,2.068195,-0.324066,0.979556,2.095269,-0.303009,0.959448,2.116232,-0.331449,0.965956,2.133187,-0.308713,0.940577,2.147314,-0.291867,0.920025,2.148939,-0.350924,0.949371,2.135175,-0.330061,0.917706,2.145461,-0.316026,0.895617,2.145052,-0.367403,0.936092,2.135509,-0.349248,0.904693,2.144905,-0.337801,0.885144,2.141176,-0.383602,0.923033,2.128769,-0.366521,0.895693,2.134990,-0.354343,0.876980,2.130746,-0.058713,0.807206,1.497450,-0.098692,0.773495,1.486811,-0.120152,0.754018,1.465657,-0.083178,0.739520,1.461845,-0.110019,0.719864,1.445915,-0.134838,0.717061,1.436688,-0.075923,0.749159,1.439201,-0.102913,0.729339,1.418651,-0.127219,0.731990,1.409297,-0.069798,0.758378,1.421159,-0.096304,0.741992,1.400356,-0.117193,0.749884,1.395034,-0.065947,0.773660,1.405993,-0.090491,0.761510,1.387890,-0.111657,0.764020,1.379985,,,
89,2.967,-0.287448,0.910996,1.727982,-0.406781,0.913237,1.716139,-0.168115,0.908756,1.739826,-0.429767,0.487864,1.584374,-0.152832,0.556130,2.012322,-0.417808,0.219863,1.266104,-0.156726,0.140009,2.021874,-0.285379,1.028213,1.729313,-0.286192,1.242425,1.738142,-0.264286,1.483421,1.756586,-0.250523,1.581183,1.789061,-0.302506,1.433861,1.764131,-0.234589,1.429219,1.744196,-0.433368,1.386998,1.818998,-0.107750,1.362798,1.703941,-0.528718,1.126887,1.906410,-0.073645,1.089693,1.608892,-0.404369,0.959427,2.097327,-0.032029,0.812002,1.575488,-0.442184,0.044758,1.294915,-0.136934,0.057949,2.179864,,,,,,,,,,-0.382821,0.965341,2.108478,-0.344237,0.944372,2.138803,-0.326996,0.921692,2.160609,-0.356116,0.928508,2.174643,-0.335802,0.901559,2.189534,-0.319762,0.880419,2.191678,-0.375993,0.912341,2.173308,-0.357142,0.879467,2.183685,-0.343640,0.857047,2.183348,-0.392646,0.899502,2.170894,-0.376344,0.867071,2.180182,-0.364951,0.847478,2.176516,-0.408216,0.887339,2.161511,-0.392395,0.859186,2.167430,-0.380156,0.840520,2.163156,-0.044528,0.793942,1.587372,-0.084069,0.760331,1.574930,-0.104122,0.740651,1.552615,-0.067313,0.725656,1.551797,-0.094365,0.707244,1.534774,-0.118823,0.705603,1.524379,-0.058515,0.734704,1.529459,-0.085037,0.715574,1.507683,-0.108691,0.718998,1.497002,-0.051146,0.743449,1.511648,-0.077314,0.727687,1.489955,-0.097675,0.736194,1.483627,-0.046170,0.758342,1.496422,-0.070349,0.746271,1.477781,-0.091180,0.749212,1.469166,,,
90,3.000,-0.280629,0.910875,1.786831,-0.400168,0.912827,1.777229,-0.161090,0.908924,1.796433,-0.451435,0.474591,1.712785,-0.139962,0.548307,2.057854,-0.430032,0.256842,1.358680,-0.154935,0.133510,2.026501,-0.278831,1.028095,1.788275,-0.280795,1.242304,1.797002,-0.260408,1.483483,1.814776,-0.245996,1.581294,1.846818,-0.298342,1.433713,1.822380,-0.230350,1.429427,1.802619,-0.429390,1.386683,1.876656,-0.103800,1.362015,1.763109,-0.519563,1.119056,1.944735,-0.061358,1.084940,1.684296,-0.422122,0.923443,2.124166,-0.015627,0.806079,1.674004,-0.445396,0.080890,1.328829,-0.132602,0.048570,2.182619,,,,,,,,,,-0.401909,0.927234,2.138333,-0.367770,0.901538,2.170305,-0.353894,0.875890,2.191205,-0.384241,0.882283,2.202480,-0.366765,0.853007,2.216555,-0.351774,0.831066,2.218191,-0.404231,0.867157,2.197016,-0.387858,0.832567,2.205915,-0.375131,0.809725,2.204744,-0.420806,0.855328,2.191241,-0.406599,0.821453,2.198622,-0.395377,0.801931,2.194143,-0.435459,0.844900,2.178794,-0.421361,0.815553,2.183030,-0.409315,0.796953,2.177986,-0.028157,0.788599,1.686695,-0.066050,0.752839,1.675149,-0.084039,0.730997,1.653088,-0.047185,0.717036,1.655641,-0.073890,0.697689,1.639115,-0.098051,0.695534,1.628135,-0.037579,0.724601,1.633085,-0.063386,0.704043,1.611755,-0.086674,0.706807,1.600122,-0.029611,0.732169,1.614995,-0.055165,0.714809,1.593794,-0.075386,0.722763,1.586393,-0.024338,0.745986,1.598880,-0.047929,0.732148,1.580719,-0.068610,0.734215,1.571511,,,
91,3.033,-0.275456,0.914544,1.841847,-0.395197,0.916222,1.835159,-0.155714,0.912866,1.848536,-0.457606,0.474866,1.847111,-0.130894,0.539676,2.091323,-0.437341,0.286876,1.476284,-0.152139,0.128335,2.031234,-0.273902,1.031765,1.843428,-0.277138,1.245872,1.854084,-0.259560,1.487017,1.875030,-0.245782,1.584618,1.907979,-0.297183,1.436806,1.881132,-0.228682,1.433390,1.863030,-0.429032,1.387866,1.931649,-0.101330,1.366233,1.825726,-0.511058,1.114180,1.984165,-0.052250,1.086409,1.761904,-0.446680,0.887492,2.140444,-0.004424,0.808057,1.775817,-0.455279,0.114366,1.431509,-0.127335,0.043771,2.187183,,,,,,,,,,-0.427494,0.887426,2.156429,-0.397067,0.854326,2.185179,-0.385496,0.824749,2.201866,-0.416795,0.830343,2.211879,-0.401615,0.797984,2.220991,-0.387695,0.775359,2.219213,-0.436915,0.817652,2.202269,-0.422882,0.781074,2.205245,-0.411170,0.758165,2.200437,-0.453471,0.808061,2.193218,-0.441250,0.772670,2.194598,-0.430539,0.753810,2.187069,-0.467532,0.800986,2.178032,-0.455500,0.770449,2.177206,-0.444181,0.752386,2.169326,-0.015723,0.791414,1.790615,-0.051141,0.752087,1.783768,-0.067616,0.726641,1.764573,-0.029943,0.715556,1.768457,-0.055964,0.693227,1.754858,-0.080174,0.688761,1.744717,-0.020912,0.721007,1.745069,-0.046124,0.697139,1.726676,-0.069693,0.697673,1.715294,-0.013508,0.726883,1.726131,-0.038486,0.706015,1.707569,-0.059189,0.712137,1.699768,-0.009210,0.739005,1.708440,-0.032255,0.721942,1.692452,-0.053145,0.721851,1.683486,,,
92,3.067,-0.272737,0.922772,1.895674,-0.392575,0.924063,1.890904,-0.152899,0.921482,1.900444,-0.457654,0.490144,1.970350,-0.130726,0.531431,2.115390,-0.433919,0.296416,1.602696,-0.150652,0.123069,2.037243,-0.271545,1.039995,1.897441,-0.275227,1.253977,1.910242,-0.260116,1.494825,1.935984,-0.248256,1.592022,1.970819,-0.297684,1.444324,1.939451,-0.228379,1.441569,1.924588,-0.431166,1.393027,1.982842,-0.099038,1.375470,1.892617,-0.505089,1.114444,2.019126,-0.044225,1.093546,1.844678,-0.475574,0.862815,2.144694,0.002274,0.817529,1.884838,-0.457181,0.120608,1.577465,-0.124836,0.038588,2.193072,,,,,,,,,,-0.456809,0.857661,2.160345,-0.428607,0.816779,2.179872,-0.418363,0.783533,2.188643,-0.450037,0.787706,2.199178,-0.436217,0.753506,2.199238,-0.423115,0.731678,2.191448,-0.470461,0.778949,2.186355,-0.458094,0.742347,2.179206,-0.447310,0.721125,2.168323,-0.487201,0.772862,2.174921,-0.476480,0.737922,2.166672,-0.466410,0.721363,2.154363,-0.501185,0.770667,2.158247,-0.490919,0.740813,2.149229,-0.480490,0.724921,2.136772,-0.007565,0.802645,1.902311,-0.040475,0.760634,1.902555,-0.056047,0.731537,1.888477,-0.017282,0.723585,1.892176,-0.041724,0.697536,1.882976,-0.065708,0.689771,1.874407,-0.009167,0.725991,1.867956,-0.033101,0.698015,1.854241,-0.056907,0.695257,1.843705,-0.002601,0.729389,1.848123,-0.026257,0.704237,1.833576,-0.047476,0.707653,1.825511,0.000486,0.738946,1.828693,-0.021376,0.718127,1.815791,-0.042283,0.715257,1.807338,,,
93,3.100,-0.274122,0.935840,1.949205,-0.393985,0.936902,1.945053,-0.154259,0.934779,1.953357,-0.461201,0.516716,2.078314,-0.140142,0.526101,2.131164,-0.428347,0.284131,1.734674,-0.151953,0.119322,2.043669,-0.273152,1.053062,1.951170,-0.276276,1.266977,1.965174,-0.263495,1.507564,1.994389,-0.254464,1.604418,2.030985,-0.301021,1.456918,1.995170,-0.230977,1.454531,1.984218,-0.436287,1.403931,2.030196,-0.099406,1.389638,1.959757,-0.503954,1.121860,2.045902,-0.040099,1.106076,1.930455,-0.502347,0.854651,2.138380,-0.000942,0.834488,1.998772,-0.448866,0.106223,1.738392,-0.126730,0.035057,2.199712,,,,,,,,,,-0.484147,0.844955,2.152465,-0.457631,0.799457,2.161114,-0.448002,0.764898,2.161409,-0.480370,0.767104,2.171767,-0.467333,0.733713,2.163068,-0.454533,0.714345,2.150036,-0.500697,0.762698,2.156744,-0.489169,0.728917,2.140322,-0.478711,0.711002,2.124360,-0.517301,0.760379,2.143825,-0.507275,0.728558,2.126776,-0.497325,0.715553,2.110684,-0.530907,0.763088,2.126916,-0.521481,0.736333,2.110384,-0.511317,0.723973,2.094247,-0.010849,0.822392,2.018244,-0.042600,0.779988,2.024710,-0.057159,0.748495,2.015567,-0.018134,0.742478,2.021143,-0.040642,0.713678,2.016195,-0.063836,0.702984,2.008669,-0.009427,0.741106,1.997049,-0.031728,0.710074,1.987926,-0.055079,0.704364,1.977560,-0.002414,0.741388,1.977080,-0.024235,0.712849,1.966437,-0.045288,0.713665,1.957323,0.000943,0.747697,1.956409,-0.019481,0.724076,1.946276,-0.039859,0.718840,1.937668,,,
94,3.133,-0.279214,0.951771,2.001114,-0.399072,0.952639,1.996777,-0.159356,0.950903,2.005450,-0.465600,0.546910,2.169376,-0.153826,0.525036,2.137509,-0.425961,0.258038,1.872315,-0.155927,0.118503,2.048119,-0.278434,1.068995,2.003021,-0.280647,1.282824,2.018442,-0.270112,1.523260,2.049719,-0.264077,1.619946,2.087361,-0.307470,1.472504,2.048298,-0.236956,1.470384,2.040882,-0.444173,1.418641,2.075547,-0.103611,1.406696,2.024058,-0.507971,1.135359,2.067147,-0.040886,1.122540,2.013803,-0.526756,0.859421,2.125972,-0.014031,0.857653,2.109061,-0.445826,0.085268,1.915232,-0.132674,0.034142,2.204415,,,,,,,,,,-0.509321,0.846371,2.138195,-0.483692,0.799572,2.137214,-0.473732,0.765778,2.130435,-0.507222,0.766107,2.139129,-0.494158,0.734710,2.124840,-0.480846,0.717919,2.109040,-0.526880,0.765696,2.122647,-0.515162,0.735747,2.100074,-0.504232,0.721245,2.081224,-0.542895,0.766755,2.108849,-0.532802,0.738814,2.086020,-0.522391,0.729089,2.068016,-0.555681,0.773564,2.092462,-0.546266,0.750999,2.070549,-0.535771,0.742370,2.052332,-0.026101,0.848633,2.128976,-0.058495,0.807306,2.138498,-0.072021,0.774549,2.132897,-0.033888,0.770078,2.143675,-0.054923,0.739859,2.141465,-0.076854,0.726999,2.133551,-0.022527,0.765052,2.121226,-0.043382,0.732331,2.115061,-0.065382,0.724321,2.103350,-0.013311,0.762285,2.102374,-0.033228,0.731606,2.094253,-0.053081,0.730151,2.082822,-0.007630,0.765304,2.081469,-0.026425,0.739829,2.072774,-0.045537,0.732733,2.062716,,,
95,3.167,-0.285882,0.966795,2.056437,-0.405718,0.967363,2.051472,-0.166046,0.966227,2.061403,-0.468302,0.572247,2.248447,-0.165695,0.527528,2.141252,-0.430374,0.223599,2.024239,-0.161115,0.120014,2.056546,-0.285388,1.084027,2.057924,-0.286910,1.297696,2.075494,-0.278853,1.538010,2.108406,-0.275473,1.634675,2.146430,-0.315856,1.487067,2.105330,-0.245104,1.485357,2.100529,-0.453158,1.431846,2.126071,-0.110420,1.423244,2.089471,-0.514137,1.150210,2.089292,-0.043678,1.139880,2.095299,-0.544363,0.870224,2.114780,-0.031086,0.883533,2.213994,-0.455203,0.068727,2.110751,-0.140195,0.035277,2.212969,,,,,,,,,,-0.527608,0.855118,2.125490,-0.501433,0.809297,2.117535,-0.490262,0.777351,2.105627,-0.524651,0.776077,2.111660,-0.510701,0.746472,2.094645,-0.496212,0.731541,2.078032,-0.543195,0.778750,2.094131,-0.530186,0.752178,2.068277,-0.518077,0.740357,2.048309,-0.558294,0.782366,2.079747,-0.547300,0.757741,2.053737,-0.535972,0.750446,2.035148,-0.570070,0.792110,2.064101,-0.559658,0.773634,2.039038,-0.548264,0.768236,2.020130,-0.045912,0.877334,2.233109,-0.079562,0.837349,2.243919,-0.092391,0.803938,2.241375,-0.056149,0.801657,2.257926,-0.076340,0.770789,2.257746,-0.096836,0.756140,2.249128,-0.041744,0.793582,2.238290,-0.061531,0.759869,2.234358,-0.081678,0.749711,2.221082,-0.029960,0.788233,2.221541,-0.048340,0.756141,2.215529,-0.066357,0.752432,2.201797,-0.021351,0.788253,2.201434,-0.038628,0.761358,2.193954,-0.056056,0.752443,2.182396,,,
96,3.200,-0.291473,0.977629,2.099594,-0.411358,0.978555,2.096083,-0.171588,0.976703,2.103104,-0.465162,0.586512,2.301607,-0.173706,0.531776,2.132563,-0.432273,0.191026,2.176016,-0.167329,0.125562,2.041933,-0.290654,1.094831,2.102546,-0.291713,1.308402,2.121301,-0.287746,1.548914,2.153502,-0.286775,1.645720,2.191307,-0.323972,1.497473,2.149604,-0.253099,1.496689,2.146760,-0.461650,1.441283,2.164405,-0.117113,1.436772,2.140602,-0.519484,1.163433,2.102401,-0.041424,1.156474,2.162704,-0.552424,0.882608,2.105117,-0.037255,0.910514,2.302154,-0.460708,0.065068,2.300161,-0.146042,0.041661,2.198756,,,,,,,,,,-0.536008,0.867315,2.116086,-0.506779,0.823645,2.106781,-0.492568,0.793483,2.093535,-0.527513,0.790133,2.095635,-0.510505,0.762452,2.078167,-0.493671,0.749389,2.062205,-0.544379,0.793622,2.076620,-0.527710,0.769773,2.050216,-0.513177,0.760097,2.030716,-0.558180,0.797905,2.061153,-0.543771,0.775828,2.034531,-0.530452,0.770434,2.016625,-0.568881,0.808548,2.045323,-0.555353,0.792770,2.019906,-0.542022,0.789511,2.001791,-0.053601,0.904513,2.320054,-0.087740,0.864416,2.328699,-0.100189,0.830892,2.325781,-0.065327,0.829189,2.345283,-0.085357,0.798251,2.343792,-0.104992,0.783408,2.333638,-0.049248,0.820906,2.327086,-0.068597,0.787103,2.321929,-0.087519,0.776743,2.307099,-0.036045,0.815373,2.311495,-0.053755,0.783110,2.304472,-0.070534,0.779121,2.289323,-0.025762,0.815122,2.292192,-0.042283,0.788037,2.283750,-0.058664,0.778878,2.270921,,,
97,3.233,-0.295651,0.980106,2.152078,-0.415555,0.980204,2.149166,-0.175746,0.980008,2.154990,-0.456901,0.580884,2.343246,-0.175157,0.534153,2.148217,-0.434334,0.165248,2.344183,-0.170778,0.131204,2.043930,-0.295660,1.097268,2.156398,-0.295319,1.310755,2.176123,-0.295747,1.551382,2.207702,-0.296996,1.648351,2.245077,-0.331111,1.499435,2.202733,-0.260178,1.499623,2.202300,-0.468844,1.442048,2.210973,-0.122568,1.443198,2.202309,-0.519595,1.169287,2.124858,-0.035311,1.168233,2.241859,-0.552136,0.889128,2.104689,-0.044294,0.936976,2.404340,-0.467624,0.076877,2.496394,-0.148430,0.047614,2.200773,,,,,,,,,,-0.536304,0.873722,2.116337,-0.504544,0.831767,2.107444,-0.487806,0.803027,2.093991,-0.522677,0.798363,2.092192,-0.502981,0.772407,2.074903,-0.484157,0.760935,2.059975,-0.537670,0.802504,2.071788,-0.517463,0.780955,2.045883,-0.500649,0.773030,2.027456,-0.550004,0.807311,2.055272,-0.532124,0.787482,2.028987,-0.516869,0.783693,2.012254,-0.559477,0.818590,2.039103,-0.542783,0.804934,2.014348,-0.527544,0.803293,1.997568,-0.062411,0.931249,2.420545,-0.096639,0.890788,2.426811,-0.108641,0.857092,2.424000,-0.075620,0.856587,2.446979,-0.095311,0.825566,2.443743,-0.113593,0.810458,2.431639,-0.057504,0.848026,2.430955,-0.075948,0.813948,2.424463,-0.092998,0.803092,2.407826,-0.042578,0.842243,2.417107,-0.059320,0.809720,2.408990,-0.074310,0.805278,2.392182,-0.030231,0.841555,2.399066,-0.045823,0.814199,2.389772,-0.060788,0.804639,2.375579,,,
98,3.267,-0.298867,0.973939,2.201716,-0.418738,0.970496,2.199584,-0.178995,0.977383,2.203848,-0.451514,0.576416,2.405642,-0.168922,0.532185,2.180831,-0.446500,0.172151,2.504677,-0.167897,0.138569,2.045447,-0.302323,1.091013,2.206947,-0.299199,1.304474,2.226714,-0.304877,1.545145,2.257438,-0.307914,1.642268,2.294307,-0.339148,1.492591,2.251316,-0.268262,1.493982,2.253557,-0.476450,1.433642,2.253464,-0.129289,1.441475,2.260619,-0.516162,1.166445,2.146608,-0.029933,1.174485,2.320856,-0.544950,0.888286,2.104726,-0.048143,0.957401,2.501143,-0.482664,0.123290,2.673173,-0.145556,0.052367,2.200870,,,,,,,,,,-0.530153,0.872632,2.117362,-0.496658,0.831710,2.110190,-0.477783,0.803925,2.097586,-0.512231,0.798745,2.091536,-0.490257,0.773916,2.075372,-0.469692,0.763440,2.062100,-0.524971,0.803574,2.069795,-0.501601,0.783578,2.045347,-0.482708,0.776789,2.028552,-0.535513,0.808933,2.052242,-0.514412,0.790688,2.027230,-0.497331,0.787958,2.012133,-0.543399,0.820790,2.035640,-0.523738,0.808609,2.012337,-0.506690,0.808024,1.997320,-0.067883,0.952300,2.515564,-0.101927,0.911519,2.520652,-0.113845,0.877712,2.519114,-0.082765,0.879208,2.545291,-0.101814,0.847875,2.541295,-0.118443,0.831993,2.527872,-0.062811,0.870066,2.532005,-0.080005,0.835354,2.525447,-0.094886,0.823271,2.507617,-0.046317,0.863759,2.520334,-0.061857,0.830641,2.512237,-0.074812,0.825098,2.494116,-0.031996,0.862203,2.503876,-0.046541,0.834247,2.494673,-0.059910,0.823759,2.479571,,,
99,3.300,-0.301830,0.962109,2.257139,-0.421570,0.955217,2.256596,-0.182089,0.969000,2.257682,-0.449043,0.575007,2.487936,-0.162656,0.525599,2.214663,-0.467109,0.189695,2.644369,-0.164795,0.144050,2.048293,-0.308584,1.079015,2.262890,-0.304136,1.292555,2.281505,-0.314316,1.533266,2.310715,-0.318605,1.630528,2.347091,-0.347601,1.480173,2.303853,-0.276844,1.482641,2.308222,-0.484611,1.420580,2.300941,-0.137668,1.432107,2.322253,-0.513398,1.158945,2.178026,-0.029698,1.174714,2.405166,-0.538553,0.884200,2.116077,-0.055876,0.969896,2.598362,-0.505071,0.181505,2.819234,-0.142194,0.054480,2.201762,,,,,,,,,,-0.524886,0.867982,2.129260,-0.490262,0.827817,2.123262,-0.469845,0.800957,2.111062,-0.503406,0.795832,2.101322,-0.479197,0.772773,2.085739,-0.457125,0.763792,2.073866,-0.513956,0.801778,2.078703,-0.487766,0.783876,2.055521,-0.467128,0.778562,2.040326,-0.522749,0.808034,2.060495,-0.498689,0.791993,2.036672,-0.480079,0.790656,2.023292,-0.529087,0.820745,2.043863,-0.506950,0.810341,2.021962,-0.488477,0.810938,2.008738,-0.076769,0.965606,2.611350,-0.110313,0.924517,2.617221,-0.121813,0.890538,2.617985,-0.092891,0.895234,2.646501,-0.111005,0.863244,2.643489,-0.126019,0.845875,2.630003,-0.071603,0.885463,2.636030,-0.087411,0.849821,2.631202,-0.100295,0.835763,2.613266,-0.053969,0.878567,2.626572,-0.068159,0.844496,2.620114,-0.079261,0.837056,2.601451,-0.038144,0.875884,2.611713,-0.051460,0.846885,2.603997,-0.063286,0.834739,2.588851,,,
100,3.333,-0.305669,0.946944,2.316126,-0.425317,0.938742,2.317718,-0.186020,0.955146,2.314534,-0.449460,0.578679,2.579643,-0.161641,0.515192,2.246130,-0.479034,0.202856,2.756125,-0.165761,0.147683,2.050724,-0.313592,1.063748,2.322427,-0.310217,1.277403,2.339906,-0.322357,1.518183,2.367772,-0.327313,1.615600,2.403646,-0.355196,1.464856,2.360588,-0.284542,1.467777,2.366176,-0.492255,1.405724,2.353529,-0.145963,1.417481,2.385833,-0.513269,1.148024,2.221093,-0.033037,1.169312,2.488026,-0.537348,0.877583,2.142119,-0.063116,0.973078,2.689392,-0.516690,0.228100,2.929419,-0.141921,0.056274,2.202916,,,,,,,,,,-0.524417,0.860698,2.155207,-0.489212,0.821049,2.149159,-0.467745,0.794929,2.137157,-0.500747,0.790298,2.124693,-0.474398,0.770415,2.108230,-0.451277,0.764023,2.096682,-0.509909,0.797465,2.101825,-0.481535,0.782658,2.079036,-0.459773,0.779486,2.064841,-0.517595,0.804702,2.083480,-0.491129,0.791737,2.060344,-0.471553,0.792296,2.048362,-0.522973,0.818303,2.067218,-0.499099,0.809776,2.046354,-0.479750,0.811571,2.034568,-0.084582,0.968999,2.701483,-0.116915,0.927182,2.708822,-0.126791,0.892806,2.711673,-0.100234,0.901086,2.741365,-0.116987,0.868260,2.739844,-0.130518,0.849314,2.726923,-0.078019,0.891381,2.732963,-0.092125,0.854814,2.730230,-0.103352,0.838852,2.712780,-0.059613,0.884470,2.725123,-0.072150,0.849452,2.720605,-0.081823,0.840140,2.701986,-0.042841,0.881248,2.711459,-0.054692,0.851210,2.705536,-0.065198,0.837391,2.690858,,,
101,3.367,-0.310577,0.933112,2.377532,-0.430212,0.925184,2.380722,-0.190942,0.941040,2.374342,-0.453957,0.567756,2.646267,-0.166053,0.506478,2.277550,-0.476826,0.191555,2.822940,-0.168303,0.153408,2.057096,-0.318148,1.049934,2.383934,-0.316882,1.263620,2.401327,-0.330089,1.504327,2.429329,-0.336007,1.601775,2.464972,-0.362662,1.450951,2.421336,-0.292153,1.453994,2.428477,-0.499234,1.391359,2.410011,-0.154038,1.404481,2.452827,-0.513915,1.134386,2.275330,-0.039457,1.161887,2.565978,-0.537496,0.867906,2.183747,-0.067706,0.968836,2.770657,-0.509430,0.212022,2.997880,-0.143913,0.055825,2.205315,,,,,,,,,,-0.524701,0.850398,2.196134,-0.489171,0.811301,2.188583,-0.467390,0.785991,2.175462,-0.500099,0.781864,2.162290,-0.473022,0.764069,2.144662,-0.449632,0.759262,2.132889,-0.508898,0.790215,2.139683,-0.479762,0.777538,2.116572,-0.457668,0.775766,2.102650,-0.516301,0.798397,2.121620,-0.489011,0.787477,2.098387,-0.469172,0.789189,2.086961,-0.521470,0.812833,2.106023,-0.496996,0.805655,2.085347,-0.477375,0.808235,2.074172,-0.089421,0.964968,2.782367,-0.120778,0.922807,2.791705,-0.129464,0.888350,2.796670,-0.104409,0.899586,2.826505,-0.120194,0.866249,2.826783,-0.132773,0.846065,2.814810,-0.081674,0.889993,2.819479,-0.094588,0.852890,2.818997,-0.104777,0.835381,2.802416,-0.062840,0.883110,2.812702,-0.074255,0.847507,2.810256,-0.083061,0.836662,2.792041,-0.045559,0.879446,2.799806,-0.056385,0.848722,2.795724,-0.066040,0.833589,2.781775,,,
102,3.400,-0.316495,0.920893,2.441674,-0.436247,0.914955,2.444792,-0.196743,0.926832,2.438555,-0.457549,0.549058,2.698757,-0.175655,0.500082,2.310993,-0.470401,0.165673,2.860356,-0.171077,0.161476,2.068942,-0.322185,1.037917,2.446005,-0.323402,1.251776,2.461118,-0.338625,1.492593,2.487092,-0.346429,1.590275,2.521714,-0.370681,1.438999,2.478494,-0.300432,1.442451,2.487706,-0.506131,1.377468,2.464398,-0.162504,1.394837,2.516501,-0.518029,1.117734,2.334834,-0.047440,1.153197,2.631193,-0.541777,0.851954,2.241283,-0.068003,0.956759,2.833554,-0.493959,0.148501,3.037094,-0.145715,0.051478,2.208022,,,,,,,,,,-0.528919,0.833700,2.252468,-0.494629,0.794167,2.242009,-0.474125,0.769019,2.226701,-0.507256,0.766030,2.215064,-0.481312,0.748481,2.195581,-0.458540,0.743725,2.182635,-0.516735,0.775451,2.193163,-0.488801,0.762982,2.168506,-0.467293,0.761223,2.153693,-0.524645,0.784495,2.175738,-0.498501,0.773907,2.151077,-0.479070,0.775630,2.138969,-0.530082,0.799640,2.160925,-0.506486,0.792623,2.139200,-0.487187,0.795114,2.127460,-0.089674,0.952996,2.845380,-0.120161,0.910673,2.856662,-0.127700,0.876213,2.863222,-0.103430,0.889514,2.892586,-0.118331,0.855863,2.895071,-0.130420,0.834639,2.884473,-0.080470,0.880082,2.886093,-0.092428,0.842696,2.887791,-0.102162,0.823988,2.872280,-0.061470,0.873286,2.879705,-0.071879,0.837295,2.879314,-0.080344,0.825182,2.861748,-0.044067,0.869374,2.867046,-0.053809,0.838116,2.864637,-0.062878,0.821939,2.851489,,,
103,3.433,-0.323596,0.911023,2.508898,-0.443443,0.906474,2.510079,-0.203748,0.915573,2.507716,-0.460191,0.531958,2.751513,-0.186213,0.500660,2.345321,-0.465951,0.139272,2.889454,-0.170314,0.175276,2.086215,-0.328014,1.028147,2.511760,-0.331764,1.242244,2.522434,-0.347857,1.483634,2.541687,-0.358215,1.581897,2.573915,-0.379628,1.429790,2.533609,-0.309663,1.433578,2.544663,-0.514306,1.366933,2.518042,-0.172094,1.387295,2.577115,-0.528375,1.102328,2.398980,-0.059572,1.142156,2.686793,-0.554427,0.833317,2.315856,-0.071047,0.937141,2.881210,-0.488409,0.081117,3.057382,-0.143675,0.043614,2.204712,,,,,,,,,,-0.541486,0.814557,2.326064,-0.509151,0.774109,2.313162,-0.490646,0.748652,2.295939,-0.524273,0.746669,2.286788,-0.500117,0.728646,2.265521,-0.478349,0.723404,2.251117,-0.534772,0.756616,2.265596,-0.508668,0.743579,2.239284,-0.488099,0.741336,2.223254,-0.543446,0.766088,2.248772,-0.519110,0.755017,2.222524,-0.500378,0.756297,2.209311,-0.549301,0.781556,2.234459,-0.527125,0.773924,2.211482,-0.508406,0.775850,2.198739,-0.092685,0.933511,2.893137,-0.123031,0.891292,2.905168,-0.129688,0.856750,2.912230,-0.106172,0.870771,2.941402,-0.120481,0.837076,2.945927,-0.132431,0.815142,2.936705,-0.083197,0.861299,2.935019,-0.094676,0.823882,2.938450,-0.104357,0.804398,2.923890,-0.064190,0.854453,2.928707,-0.073943,0.818294,2.929824,-0.082309,0.805341,2.912819,-0.046799,0.850384,2.916081,-0.055724,0.818825,2.914605,-0.064396,0.802090,2.901896,,,
104,3.467,-0.333303,0.904952,2.573126,-0.453190,0.901576,2.572033,-0.213415,0.908328,2.574218,-0.474134,0.531426,2.819790,-0.187644,0.492300,2.415822,-0.471479,0.125776,2.913084,-0.166325,0.193338,2.126979,-0.336616,1.022137,2.574635,-0.343451,1.236295,2.582099,-0.357333,1.478261,2.594683,-0.369742,1.577143,2.624175,-0.389552,1.424530,2.587697,-0.319677,1.427934,2.599431,-0.524430,1.362028,2.572436,-0.182780,1.380885,2.633573,-0.546990,1.092770,2.465755,-0.076106,1.127843,2.730394,-0.579759,0.819756,2.399838,-0.078565,0.909999,2.910667,-0.494839,0.038079,3.067517,-0.139132,0.033720,2.203590,,,,,,,,,,-0.566758,0.801286,2.410489,-0.535258,0.759919,2.398468,-0.517769,0.733643,2.381413,-0.551416,0.731572,2.373717,-0.528023,0.712651,2.352377,-0.506746,0.706744,2.337504,-0.562381,0.740738,2.352409,-0.537028,0.726402,2.326038,-0.516874,0.723320,2.309624,-0.571406,0.749593,2.335435,-0.547826,0.737166,2.309104,-0.529413,0.737679,2.295399,-0.577475,0.764508,2.320633,-0.555727,0.755374,2.297796,-0.537167,0.756328,2.284716,-0.100204,0.906644,2.922672,-0.131400,0.864906,2.934192,-0.139090,0.830480,2.940754,-0.114777,0.843412,2.969968,-0.129401,0.809952,2.975179,-0.141808,0.788058,2.966480,-0.092057,0.833547,2.963279,-0.104046,0.796321,2.967037,-0.114231,0.776865,2.952788,-0.073244,0.826392,2.956731,-0.083403,0.790350,2.958012,-0.092107,0.777456,2.941133,-0.056025,0.822155,2.943926,-0.065253,0.790694,2.942231,-0.074163,0.774088,2.929517,,,
105,3.500,-0.344467,0.902347,2.634269,-0.464341,0.899583,2.631429,-0.224593,0.905110,2.637109,-0.494484,0.542587,2.896906,-0.176406,0.475267,2.528730,-0.478638,0.127099,2.916449,-0.158045,0.219337,2.200971,-0.347173,1.019557,2.634438,-0.354635,1.233746,2.640211,-0.368553,1.475874,2.649097,-0.382251,1.575086,2.676861,-0.400772,1.422035,2.643005,-0.330875,1.425634,2.654542,-0.535446,1.358482,2.630536,-0.193916,1.378507,2.688328,-0.566998,1.084893,2.538107,-0.089173,1.117603,2.764105,-0.604356,0.807922,2.495134,-0.078966,0.884753,2.924221,-0.504575,0.039681,3.070628,-0.139542,0.041323,2.208370,,,,,,,,,,-0.591346,0.790550,2.507486,-0.560359,0.747852,2.499443,-0.543891,0.719962,2.484013,-0.577109,0.717217,2.478038,-0.554417,0.695963,2.458189,-0.533569,0.688304,2.443509,-0.588316,0.724199,2.456039,-0.563449,0.706957,2.430978,-0.543555,0.701994,2.414708,-0.597521,0.731307,2.438355,-0.574544,0.715825,2.413133,-0.556371,0.714618,2.399155,-0.603691,0.744642,2.422153,-0.582036,0.732680,2.400568,-0.563471,0.731857,2.387485,-0.100272,0.880768,2.936621,-0.131196,0.838476,2.946777,-0.139297,0.803886,2.951805,-0.113627,0.815127,2.980901,-0.127960,0.781398,2.985082,-0.140560,0.759844,2.975830,-0.091112,0.805632,2.973080,-0.102816,0.768219,2.975700,-0.113372,0.749246,2.961074,-0.072495,0.798834,2.965650,-0.082533,0.762736,2.965533,-0.091694,0.750595,2.948339,-0.055639,0.795281,2.952172,-0.064851,0.763912,2.949183,-0.074077,0.747892,2.935953,,,
