frame_id,time_sec,Hips_X,Hips_Y,Hips_Z,LeftUpperLeg_X,LeftUpperLeg_Y,LeftUpperLeg_Z,RightUpperLeg_X,RightUpperLeg_Y,RightUpperLeg_Z,LeftLowerLeg_X,LeftLowerLeg_Y,LeftLowerLeg_Z,RightLowerLeg_X,RightLowerLeg_Y,RightLowerLeg_Z,LeftFoot_X,LeftFoot_Y,LeftFoot_Z,RightFoot_X,RightFoot_Y,RightFoot_Z,Spine_X,Spine_Y,Spine_Z,Chest_X,Chest_Y,Chest_Z,Neck_X,Neck_Y,Neck_Z,Head_X,Head_Y,Head_Z,LeftShoulder_X,LeftShoulder_Y,LeftShoulder_Z,RightShoulder_X,RightShoulder_Y,RightShoulder_Z,LeftUpperArm_X,LeftUpperArm_Y,LeftUpperArm_Z,RightUpperArm_X,RightUpperArm_Y,RightUpperArm_Z,LeftLowerArm_X,LeftLowerArm_Y,LeftLowerArm_Z,RightLowerArm_X,RightLowerArm_Y,RightLowerArm_Z,LeftHand_X,LeftHand_Y,LeftHand_Z,RightHand_X,RightHand_Y,RightHand_Z,LeftToes_X,LeftToes_Y,LeftToes_Z,RightToes_X,RightToes_Y,RightToes_Z,LeftEye_X,LeftEye_Y,LeftEye_Z,RightEye_X,RightEye_Y,RightEye_Z,Jaw_X,Jaw_Y,Jaw_Z,LeftThumbProximal_X,LeftThumbProximal_Y,LeftThumbProximal_Z,LeftThumbIntermediate_X,LeftThumbIntermediate_Y,LeftThumbIntermediate_Z,LeftThumbDistal_X,LeftThumbDistal_Y,LeftThumbDistal_Z,LeftIndexProximal_X,LeftIndexProximal_Y,LeftIndexProximal_Z,LeftIndexIntermediate_X,LeftIndexIntermediate_Y,LeftIndexIntermediate_Z,LeftIndexDistal_X,LeftIndexDistal_Y,LeftIndexDistal_Z,LeftMiddleProximal_X,LeftMiddleProximal_Y,LeftMiddleProximal_Z,LeftMiddleIntermediate_X,LeftMiddleIntermediate_Y,LeftMiddleIntermediate_Z,LeftMiddleDistal_X,LeftMiddleDistal_Y,LeftMiddleDistal_Z,LeftRingProximal_X,LeftRingProximal_Y,LeftRingProximal_Z,LeftRingIntermediate_X,LeftRingIntermediate_Y,LeftRingIntermediate_Z,LeftRingDistal_X,LeftRingDistal_Y,LeftRingDistal_Z,LeftLittleProximal_X,LeftLittleProximal_Y,LeftLittleProximal_Z,LeftLittleIntermediate_X,LeftLittleIntermediate_Y,LeftLittleIntermediate_Z,LeftLittleDistal_X,LeftLittleDistal_Y,LeftLittleDistal_Z,RightThumbProximal_X,RightThumbProximal_Y,RightThumbProximal_Z,RightThumbIntermediate_X,RightThumbIntermediate_Y,RightThumbIntermediate_Z,RightThumbDistal_X,RightThumbDistal_Y,RightThumbDistal_Z,RightIndexProximal_X,RightIndexProximal_Y,RightIndexProximal_Z,RightIndexIntermediate_X,RightIndexIntermediate_Y,RightIndexIntermediate_Z,RightIndexDistal_X,RightIndexDistal_Y,RightIndexDistal_Z,RightMiddleProximal_X,RightMiddleProximal_Y,RightMiddleProximal_Z,RightMiddleIntermediate_X,RightMiddleIntermediate_Y,RightMiddleIntermediate_Z,RightMiddleDistal_X,RightMiddleDistal_Y,RightMiddleDistal_Z,RightRingProximal_X,RightRingProximal_Y,RightRingProximal_Z,RightRingIntermediate_X,RightRingIntermediate_Y,RightRingIntermediate_Z,RightRingDistal_X,RightRingDistal_Y,RightRingDistal_Z,RightLittleProximal_X,RightLittleProximal_Y,RightLittleProximal_Z,RightLittleIntermediate_X,RightLittleIntermediate_Y,RightLittleIntermediate_Z,RightLittleDistal_X,RightLittleDistal_Y,RightLittleDistal_Z,UpperChest_X,UpperChest_Y,UpperChest_Z
0,0.000,-0.094617,0.962915,-3.334000,-0.214306,0.963783,-3.341698,0.025073,0.962046,-3.326303,-0.285655,0.558041,-3.171064,0.026899,0.536199,-3.194079,-0.237692,0.269252,-3.466976,0.027295,0.129668,-3.283499,-0.093890,1.080138,-3.332071,-0.096536,1.293968,-3.316722,-0.086880,1.534404,-3.285163,-0.081901,1.631090,-3.247367,-0.124184,1.483648,-3.287630,-0.053490,1.481528,-3.293067,-0.261597,1.429787,-3.264220,0.080274,1.417837,-3.306150,-0.325137,1.146504,-3.274372,0.143256,1.133682,-3.314660,-0.345550,0.870573,-3.216057,0.167443,0.868785,-3.218715,-0.258746,0.096467,-3.424688,0.046155,0.045306,-3.126611,,,,,,,,,,-0.328464,0.857526,-3.203349,-0.302817,0.810727,-3.203601,-0.292673,0.776932,-3.210091,-0.326392,0.777263,-3.202338,-0.312933,0.745864,-3.216251,-0.299184,0.729070,-3.231670,-0.345581,0.776848,-3.219363,-0.333236,0.746896,-3.241594,-0.321783,0.732390,-3.260128,-0.361204,0.777904,-3.233604,-0.350475,0.749959,-3.256137,-0.339564,0.740231,-3.273840,-0.373526,0.784709,-3.250345,-0.363501,0.762139,-3.271980,-0.352500,0.753506,-3.289894,0.154823,0.859762,-3.199147,0.122175,0.818433,-3.190539,0.108811,0.785677,-3.196521,0.146628,0.781204,-3.184685,0.125662,0.750986,-3.187486,0.103960,0.738129,-3.196011,0.158610,0.776182,-3.206809,0.137935,0.743463,-3.213560,0.116270,0.735455,-3.225881,0.168349,0.773418,-3.225397,0.148666,0.742741,-3.234076,0.129138,0.741289,-3.246057,0.174610,0.776440,-3.246135,0.156065,0.750968,-3.255356,0.137240,0.743875,-3.265944,,,
1,0.033,-0.094617,0.962915,-3.334000,-0.214306,0.963783,-3.341698,0.025073,0.962046,-3.326303,-0.285655,0.558041,-3.171064,0.026899,0.536199,-3.194079,-0.237692,0.269252,-3.466976,0.027295,0.129668,-3.283499,-0.093890,1.080138,-3.332071,-0.096536,1.293968,-3.316722,-0.086880,1.534404,-3.285163,-0.081901,1.631090,-3.247367,-0.124184,1.483648,-3.287630,-0.053490,1.481528,-3.293067,-0.261597,1.429787,-3.264220,0.080274,1.417837,-3.306150,-0.325137,1.146504,-3.274372,0.143256,1.133682,-3.314660,-0.345550,0.870573,-3.216057,0.167443,0.868785,-3.218715,-0.258746,0.096467,-3.424688,0.046155,0.045306,-3.126611,,,,,,,,,,-0.328464,0.857526,-3.203349,-0.302817,0.810727,-3.203601,-0.292673,0.776932,-3.210091,-0.326392,0.777263,-3.202338,-0.312933,0.745864,-3.216251,-0.299184,0.729070,-3.231670,-0.345581,0.776848,-3.219363,-0.333236,0.746896,-3.241594,-0.321783,0.732390,-3.260128,-0.361204,0.777904,-3.233604,-0.350475,0.749959,-3.256137,-0.339564,0.740231,-3.273840,-0.373526,0.784709,-3.250345,-0.363501,0.762139,-3.271980,-0.352500,0.753506,-3.289894,0.154823,0.859762,-3.199147,0.122175,0.818433,-3.190539,0.108811,0.785677,-3.196521,0.146628,0.781204,-3.184685,0.125662,0.750986,-3.187486,0.103960,0.738129,-3.196011,0.158610,0.776182,-3.206809,0.137935,0.743463,-3.213560,0.116270,0.735455,-3.225881,0.168349,0.773418,-3.225397,0.148666,0.742741,-3.234076,0.129138,0.741289,-3.246057,0.174610,0.776440,-3.246135,0.156065,0.750968,-3.255356,0.137240,0.743875,-3.265944,,,
2,0.067,-0.103180,0.977903,-3.279066,-0.223011,0.978471,-3.284130,0.016652,0.977335,-3.274002,-0.285765,0.583352,-3.087213,0.016941,0.538647,-3.194092,-0.247651,0.234774,-3.311498,0.021583,0.131132,-3.278787,-0.102687,1.095134,-3.277581,-0.104224,1.308804,-3.260014,-0.096189,1.549117,-3.227094,-0.092836,1.645783,-3.189067,-0.133190,1.498175,-3.230199,-0.062435,1.496464,-3.234945,-0.270508,1.442955,-3.209562,0.072257,1.434348,-3.245900,-0.331460,1.161316,-3.246359,0.138982,1.150981,-3.240038,-0.361702,0.881332,-3.220869,0.151487,0.894623,-3.121359,-0.272546,0.079875,-3.225054,0.042375,0.046393,-3.122348,,,,,,,,,,-0.344955,0.866226,-3.210145,-0.318777,0.820403,-3.218077,-0.307600,0.788455,-3.229974,-0.341993,0.787183,-3.223964,-0.328032,0.757576,-3.240967,-0.313534,0.742643,-3.257569,-0.360524,0.789855,-3.241506,-0.347499,0.763280,-3.267349,-0.335377,0.751456,-3.287308,-0.375614,0.793471,-3.255901,-0.364602,0.768843,-3.281901,-0.353262,0.761546,-3.300482,-0.387378,0.803214,-3.271556,-0.376949,0.784734,-3.296610,-0.365542,0.779333,-3.315510,0.136648,0.888424,-3.102255,0.102990,0.848438,-3.091470,0.090162,0.815028,-3.094023,0.126393,0.812746,-3.077447,0.106202,0.781878,-3.077642,0.085712,0.767229,-3.086274,0.140811,0.804672,-3.097073,0.121027,0.770958,-3.101020,0.100889,0.760801,-3.114309,0.152607,0.799323,-3.113814,0.134232,0.767231,-3.119839,0.116224,0.763522,-3.133584,0.161230,0.799343,-3.133914,0.143958,0.772448,-3.141407,0.126539,0.763533,-3.152977,,,
3,0.100,-0.108807,0.988746,-3.235925,-0.228689,0.989673,-3.239533,0.011075,0.987820,-3.232317,-0.282675,0.597640,-3.034038,0.008930,0.542895,-3.202816,-0.249677,0.202203,-3.159752,0.015382,0.136678,-3.293425,-0.107990,1.105948,-3.232973,-0.109066,1.319520,-3.214221,-0.105119,1.560032,-3.182015,-0.104176,1.656837,-3.144210,-0.141344,1.508591,-3.185942,-0.070468,1.507806,-3.188732,-0.279032,1.452402,-3.171245,0.065521,1.447884,-3.194787,-0.336824,1.174547,-3.233265,0.141177,1.167582,-3.172645,-0.369764,0.893722,-3.230548,0.145247,0.921604,-3.033222,-0.278208,0.076203,-3.035671,0.036541,0.052777,-3.136584,,,,,,,,,,-0.353357,0.878430,-3.219567,-0.324123,0.834758,-3.228848,-0.309904,0.804594,-3.242082,-0.344851,0.801245,-3.240006,-0.327833,0.773563,-3.257460,-0.310988,0.760498,-3.273409,-0.361705,0.804733,-3.259033,-0.345018,0.780883,-3.285423,-0.330473,0.771204,-3.304913,-0.375494,0.809016,-3.274509,-0.361068,0.786937,-3.301120,-0.347737,0.781540,-3.319016,-0.386184,0.819659,-3.290348,-0.372639,0.803878,-3.315754,-0.359296,0.800617,-3.333860,0.128889,0.915603,-3.015332,0.094743,0.875506,-3.006713,0.082295,0.841982,-3.009641,0.117144,0.840278,-2.990115,0.097115,0.809340,-2.991620,0.077487,0.794497,-3.001787,0.133235,0.831995,-3.008301,0.113889,0.798193,-3.013472,0.094978,0.787833,-3.028316,0.146449,0.826463,-3.023883,0.128744,0.794201,-3.030920,0.111974,0.790212,-3.046079,0.156744,0.826213,-3.043179,0.140230,0.799128,-3.051634,0.123858,0.789970,-3.064474,,,
4,0.133,-0.113029,0.991234,-3.183442,-0.232931,0.991337,-3.186452,0.006873,0.991132,-3.180432,-0.274444,0.592015,-2.992412,0.007457,0.545277,-3.187185,-0.251854,0.176380,-2.991569,0.011922,0.142317,-3.291430,-0.113037,1.108397,-3.179123,-0.112716,1.321883,-3.159398,-0.113162,1.562510,-3.127818,-0.114439,1.659479,-3.090444,-0.148524,1.510564,-3.132814,-0.077591,1.510750,-3.133193,-0.286264,1.453179,-3.124679,0.060017,1.454320,-3.133081,-0.336958,1.180413,-3.210809,0.147226,1.179347,-3.093486,-0.369485,0.900251,-3.230977,0.138121,0.948073,-2.931035,-0.285263,0.087966,-2.839408,0.034142,0.058731,-3.134567,,,,,,,,,,-0.353662,0.884846,-3.219318,-0.321897,0.842890,-3.228187,-0.305150,0.814148,-3.241627,-0.340021,0.809485,-3.243449,-0.320314,0.783527,-3.260723,-0.301480,0.772055,-3.275638,-0.355000,0.813626,-3.263864,-0.334776,0.792074,-3.289754,-0.317950,0.784148,-3.308169,-0.367322,0.818432,-3.280388,-0.349425,0.798601,-3.306660,-0.334159,0.794810,-3.323383,-0.376784,0.829710,-3.296564,-0.360075,0.816052,-3.321307,-0.344824,0.814409,-3.338077,0.119993,0.942346,-2.914843,0.085759,0.901885,-2.908603,0.073760,0.868189,-2.911425,0.106764,0.867682,-2.888423,0.087075,0.836660,-2.891675,0.068801,0.821554,-2.903792,0.124891,0.859121,-2.904436,0.106450,0.825045,-2.910943,0.089412,0.814190,-2.927592,0.139826,0.853339,-2.918275,0.123089,0.820818,-2.926405,0.108110,0.816377,-2.943223,0.152185,0.852652,-2.936307,0.136599,0.825297,-2.945614,0.121644,0.815738,-2.959818,,,
5,0.167,-0.116286,0.985075,-3.133812,-0.236155,0.981636,-3.136043,0.003584,0.988515,-3.131581,-0.269105,0.587540,-2.930043,0.013664,0.543315,-3.154566,-0.264129,0.183260,-2.831069,0.014801,0.149686,-3.289911,-0.119742,1.102149,-3.128585,-0.116636,1.315610,-3.108814,-0.122333,1.556280,-3.078092,-0.125399,1.653404,-3.041226,-0.156600,1.503728,-3.084241,-0.085716,1.505118,-3.081946,-0.293904,1.444779,-3.082198,0.053251,1.452608,-3.074779,-0.333542,1.177576,-3.189066,0.152546,1.185607,-3.014489,-0.362300,0.899413,-3.230946,0.134198,0.968508,-2.834234,-0.300422,0.134352,-2.662615,0.037016,0.063488,-3.134467,,,,,,,,,,-0.347512,0.883761,-3.218299,-0.314012,0.842838,-3.225446,-0.295129,0.815051,-3.238035,-0.329574,0.809871,-3.244108,-0.307589,0.785040,-3.260255,-0.287015,0.774562,-3.273512,-0.342298,0.814699,-3.265858,-0.318912,0.794701,-3.290288,-0.300008,0.787910,-3.307070,-0.352829,0.820057,-3.283419,-0.331710,0.801809,-3.308415,-0.314620,0.799078,-3.323500,-0.360702,0.831913,-3.300027,-0.341026,0.819730,-3.323315,-0.323967,0.819143,-3.338321,0.114449,0.963407,-2.819827,0.080400,0.922626,-2.814768,0.068483,0.888819,-2.816319,0.099544,0.890311,-2.790120,0.080497,0.858980,-2.794132,0.063876,0.843099,-2.807569,0.119507,0.881170,-2.803392,0.102316,0.846459,-2.809967,0.087447,0.834379,-2.827808,0.136008,0.874865,-2.815053,0.120474,0.841747,-2.823164,0.107531,0.836207,-2.841295,0.150341,0.873310,-2.831501,0.135802,0.845355,-2.840717,0.122443,0.834869,-2.855829,,,
6,0.200,-0.119292,0.973249,-3.078395,-0.239032,0.966359,-3.079038,0.000448,0.980139,-3.077753,-0.266695,0.586126,-2.847758,0.019909,0.536735,-3.120726,-0.284875,0.200803,-2.691364,0.017907,0.155169,-3.287061,-0.126050,1.090155,-3.072650,-0.121615,1.303695,-3.054031,-0.131816,1.544406,-3.024827,-0.136134,1.641668,-2.988454,-0.165096,1.491314,-3.031716,-0.094343,1.493780,-3.027291,-0.302103,1.431720,-3.034734,0.044822,1.443247,-3.013155,-0.330800,1.170080,-3.157660,0.152718,1.185843,-2.930178,-0.355906,0.895331,-3.219609,0.126389,0.981014,-2.737013,-0.322978,0.192573,-2.516531,0.040381,0.065602,-3.133572,,,,,,,,,,-0.342248,0.879113,-3.206414,-0.307620,0.838948,-3.212384,-0.287194,0.812087,-3.224568,-0.320749,0.806961,-3.234332,-0.296529,0.783899,-3.249894,-0.274449,0.774915,-3.261750,-0.331281,0.812905,-3.256959,-0.305076,0.795000,-3.280120,-0.284426,0.789684,-3.295299,-0.340061,0.819160,-3.275174,-0.315985,0.803115,-3.298978,-0.297366,0.801776,-3.312345,-0.346387,0.831871,-3.291811,-0.324234,0.821464,-3.313695,-0.305752,0.822060,-3.326907,0.105486,0.976724,-2.724041,0.071935,0.935636,-2.718199,0.060433,0.901658,-2.717447,0.089334,0.906350,-2.688909,0.071221,0.874361,-2.691937,0.056216,0.856994,-2.705436,0.110629,0.896579,-2.699365,0.094823,0.860938,-2.704209,0.081952,0.846882,-2.722155,0.128271,0.889683,-2.708811,0.114084,0.855613,-2.715282,0.102995,0.848175,-2.733955,0.144106,0.887001,-2.723659,0.130795,0.858002,-2.731387,0.118980,0.845859,-2.746543,,,
7,0.233,-0.123178,0.958082,-3.019415,-0.242827,0.949880,-3.017922,-0.003528,0.966285,-3.020908,-0.267182,0.589814,-2.756021,0.020906,0.526326,-3.089258,-0.296907,0.213992,-2.579563,0.016941,0.158800,-3.284636,-0.131106,1.074886,-3.013120,-0.127742,1.288542,-2.995638,-0.139904,1.529322,-2.967782,-0.144888,1.626739,-2.931913,-0.172738,1.475995,-2.974993,-0.102088,1.478915,-2.969349,-0.309791,1.416863,-2.982157,0.036476,1.428619,-2.949586,-0.330706,1.159163,-3.114606,0.149316,1.180443,-2.847314,-0.354721,0.888717,-3.193585,0.119072,0.984205,-2.645977,-0.334709,0.239241,-2.406302,0.040657,0.067398,-3.132420,,,,,,,,,,-0.341800,0.871833,-3.180485,-0.306591,0.832183,-3.186504,-0.285115,0.806062,-3.198487,-0.318106,0.801431,-3.210976,-0.291746,0.781545,-3.227416,-0.268615,0.775151,-3.238945,-0.327250,0.808597,-3.233852,-0.298859,0.793787,-3.256618,-0.277087,0.790613,-3.270796,-0.334922,0.815832,-3.252204,-0.308438,0.802865,-3.275318,-0.288853,0.803423,-3.287285,-0.340287,0.829432,-3.268471,-0.316397,0.820904,-3.289316,-0.297039,0.822697,-3.301086,0.097597,0.980126,-2.633902,0.065257,0.938309,-2.626592,0.055377,0.903933,-2.623752,0.081912,0.912210,-2.594039,0.065158,0.879384,-2.595576,0.051637,0.860440,-2.608509,0.104133,0.902505,-2.602425,0.090027,0.865938,-2.605172,0.078813,0.849979,-2.622632,0.122545,0.895594,-2.610251,0.110009,0.860577,-2.614781,0.100351,0.851267,-2.633409,0.139327,0.892373,-2.623903,0.127479,0.862336,-2.629837,0.116985,0.848518,-2.644525,,,
8,0.267,-0.128134,0.944248,-2.958016,-0.247772,0.936318,-2.954923,-0.008497,0.952179,-2.961109,-0.271735,0.578900,-2.689384,0.016475,0.517609,-3.057844,-0.294759,0.202709,-2.512711,0.014394,0.164522,-3.278272,-0.135713,1.061070,-2.951617,-0.134458,1.274756,-2.934221,-0.147685,1.515463,-2.906227,-0.153629,1.612911,-2.870589,-0.180252,1.462088,-2.914246,-0.109749,1.465130,-2.907050,-0.316816,1.402498,-2.925678,0.028347,1.415615,-2.882594,-0.331392,1.145528,-3.060377,0.142836,1.173019,-2.769353,-0.354898,0.879047,-3.151976,0.114412,0.979972,-2.564694,-0.327515,0.223221,-2.337804,0.038664,0.066954,-3.130023,,,,,,,,,,-0.342113,0.861540,-3.139578,-0.306576,0.822443,-3.147097,-0.284783,0.797133,-3.160197,-0.317481,0.793005,-3.173397,-0.290388,0.775209,-3.191001,-0.266987,0.770402,-3.202754,-0.326261,0.801355,-3.196012,-0.297104,0.788677,-3.219097,-0.274999,0.786905,-3.233000,-0.333649,0.809535,-3.214082,-0.306339,0.798616,-3.237291,-0.286489,0.800327,-3.248701,-0.338804,0.823970,-3.229684,-0.314312,0.816792,-3.250339,-0.294683,0.819372,-3.261497,0.092688,0.976104,-2.553002,0.061322,0.933944,-2.543692,0.052631,0.899487,-2.538735,0.077662,0.910719,-2.508879,0.061876,0.877383,-2.508617,0.049306,0.857201,-2.520602,0.100402,0.901126,-2.515887,0.087487,0.864024,-2.516383,0.077311,0.846516,-2.532973,0.119241,0.894244,-2.522650,0.107828,0.858641,-2.525108,0.099036,0.847797,-2.543330,0.136533,0.890580,-2.535532,0.125709,0.859857,-2.539625,0.116064,0.844725,-2.553583,,,
9,0.300,-0.134103,0.932027,-2.893883,-0.253857,0.926087,-2.890860,-0.014348,0.937968,-2.896907,-0.275370,0.560201,-2.636897,0.006848,0.511205,-3.024409,-0.288361,0.176829,-2.475280,0.011607,0.172583,-3.266434,-0.139798,1.049051,-2.889555,-0.141024,1.262910,-2.874438,-0.156267,1.503725,-2.848468,-0.164095,1.601407,-2.813848,-0.188316,1.450132,-2.857092,-0.118074,1.453583,-2.847825,-0.323756,1.388602,-2.871295,0.019831,1.405967,-2.818923,-0.335546,1.128875,-3.000881,0.134805,1.164332,-2.704132,-0.359217,0.863099,-3.094464,0.114068,0.967905,-2.501779,-0.312064,0.159708,-2.298557,0.036854,0.062613,-3.127311,,,,,,,,,,-0.346367,0.844846,-3.083268,-0.312067,0.805314,-3.093695,-0.291549,0.780166,-3.108984,-0.324669,0.777176,-3.120652,-0.298708,0.759627,-3.140111,-0.275924,0.754872,-3.153038,-0.334129,0.786596,-3.142561,-0.306173,0.774128,-3.167193,-0.284652,0.772369,-3.181987,-0.342024,0.795639,-3.159994,-0.315858,0.785053,-3.184631,-0.296417,0.786776,-3.196722,-0.347449,0.810785,-3.174812,-0.323833,0.803767,-3.196515,-0.304524,0.806260,-3.208239,0.092387,0.964141,-2.489971,0.061891,0.921818,-2.478715,0.054346,0.887358,-2.472161,0.078593,0.900658,-2.442777,0.063689,0.867008,-2.440307,0.051608,0.845784,-2.450917,0.101558,0.891227,-2.449252,0.089598,0.853841,-2.447566,0.079877,0.835134,-2.463086,0.120564,0.884431,-2.455625,0.110154,0.848440,-2.456026,0.101703,0.836328,-2.473600,0.137977,0.880519,-2.468269,0.128236,0.849261,-2.470688,0.119177,0.833085,-2.483844,,,
10,0.333,-0.141255,0.922153,-2.826661,-0.261103,0.917602,-2.825574,-0.021406,0.926704,-2.827748,-0.278042,0.543081,-2.584161,-0.003750,0.511791,-2.990132,-0.283917,0.150413,-2.446172,0.012351,0.186378,-3.249189,-0.145676,1.039276,-2.823801,-0.149432,1.253373,-2.813126,-0.165543,1.494763,-2.793878,-0.175924,1.593024,-2.761654,-0.197307,1.440918,-2.801983,-0.127350,1.444707,-2.790873,-0.331972,1.378061,-2.817659,0.010193,1.398425,-2.758312,-0.345935,1.113462,-2.936747,0.122633,1.153295,-2.648527,-0.371911,0.844457,-3.019913,0.110989,0.948297,-2.454103,-0.306507,0.092296,-2.278249,0.038892,0.054756,-3.130624,,,,,,,,,,-0.358979,0.825696,-3.009695,-0.326632,0.785250,-3.022572,-0.308112,0.759794,-3.039780,-0.341731,0.757811,-3.048960,-0.317558,0.739789,-3.070208,-0.295777,0.734547,-3.084593,-0.352213,0.767759,-3.070160,-0.326087,0.754723,-3.096451,-0.305504,0.752481,-3.112464,-0.360872,0.777232,-3.086991,-0.336514,0.766162,-3.113219,-0.317771,0.767443,-3.126416,-0.366716,0.792699,-3.101308,-0.344520,0.785069,-3.124267,-0.325791,0.786997,-3.136995,0.089342,0.944666,-2.442194,0.058987,0.902447,-2.430188,0.052326,0.867904,-2.423130,0.075817,0.881927,-2.393939,0.061505,0.848232,-2.389426,0.049563,0.826298,-2.398659,0.098797,0.872456,-2.400303,0.087316,0.835038,-2.396882,0.077647,0.815554,-2.411450,0.117810,0.865610,-2.406599,0.108057,0.829450,-2.405491,0.099704,0.816498,-2.422503,0.135211,0.861541,-2.419211,0.126288,0.829982,-2.420694,0.117626,0.813247,-2.433410,,,
11,0.367,-0.151011,0.916076,-2.762437,-0.270898,0.912700,-2.763625,-0.031125,0.919453,-2.761250,-0.292031,0.542534,-2.515908,-0.005253,0.503446,-2.919684,-0.289460,0.136904,-2.422522,0.016289,0.204433,-3.208459,-0.154327,1.033262,-2.760929,-0.161167,1.247419,-2.753469,-0.175059,1.489385,-2.740891,-0.187490,1.588267,-2.711408,-0.207272,1.435654,-2.747904,-0.137407,1.439058,-2.736114,-0.342138,1.373153,-2.763278,-0.000537,1.392009,-2.701860,-0.364601,1.103901,-2.869993,0.106060,1.138978,-2.604928,-0.397310,0.830894,-2.935965,0.103438,0.921153,-2.424634,-0.312940,0.049207,-2.268107,0.043425,0.044855,-3.131747,,,,,,,,,,-0.384318,0.812422,-2.925305,-0.352807,0.771057,-2.937306,-0.335303,0.744783,-2.954348,-0.368945,0.742713,-2.962074,-0.345534,0.723795,-2.983396,-0.324244,0.717890,-2.998252,-0.379892,0.751882,-2.983389,-0.354518,0.737549,-3.009742,-0.334350,0.734469,-3.026139,-0.388903,0.760738,-3.000371,-0.365301,0.748316,-3.026683,-0.346877,0.748831,-3.040373,-0.394961,0.775655,-3.015175,-0.373194,0.766525,-3.037996,-0.354623,0.767481,-3.051061,0.081789,0.917799,-2.412647,0.050583,0.876061,-2.401151,0.042889,0.841635,-2.394593,0.067176,0.854569,-2.365359,0.052548,0.821110,-2.360160,0.040148,0.799215,-2.368868,0.089902,0.844704,-2.372028,0.077909,0.807478,-2.368279,0.067736,0.788022,-2.382535,0.108721,0.837548,-2.378561,0.098560,0.801507,-2.377286,0.089871,0.788611,-2.394172,0.125950,0.833311,-2.391351,0.116724,0.801850,-2.393052,0.107824,0.785243,-2.405772,,,
12,0.400,-0.162226,0.913465,-2.701302,-0.282098,0.910701,-2.704237,-0.042354,0.916229,-2.698368,-0.312450,0.553710,-2.438778,0.005898,0.486406,-2.806795,-0.296630,0.138224,-2.419162,0.024522,0.230420,-3.134495,-0.164933,1.030676,-2.701133,-0.172401,1.244864,-2.695365,-0.186327,1.486992,-2.686490,-0.200046,1.586204,-2.658737,-0.218541,1.433153,-2.692608,-0.148653,1.436753,-2.681014,-0.353204,1.369601,-2.705190,-0.011721,1.389626,-2.647115,-0.384670,1.096018,-2.797665,0.092964,1.128732,-2.571228,-0.421989,0.819052,-2.840702,0.103031,0.895898,-2.411079,-0.322691,0.050805,-2.265003,0.043015,0.052407,-3.127022,,,,,,,,,,-0.408989,0.801678,-2.828342,-0.377994,0.758983,-2.836365,-0.361511,0.731094,-2.851783,-0.394725,0.728350,-2.857788,-0.372015,0.707100,-2.877620,-0.351155,0.699444,-2.892284,-0.405914,0.735334,-2.879795,-0.381026,0.718097,-2.904838,-0.361118,0.713137,-2.921092,-0.415105,0.742444,-2.897486,-0.392107,0.726967,-2.922691,-0.373922,0.725763,-2.936654,-0.421262,0.755781,-2.913691,-0.399589,0.743823,-2.935260,-0.381014,0.743003,-2.948328,0.081714,0.891913,-2.398696,0.050782,0.849622,-2.388563,0.042676,0.815033,-2.383539,0.068322,0.826276,-2.354423,0.053986,0.792548,-2.350251,0.041393,0.770993,-2.359512,0.090844,0.816780,-2.362223,0.079137,0.779367,-2.359611,0.068594,0.760393,-2.374244,0.109467,0.809982,-2.369637,0.099429,0.773884,-2.369761,0.090283,0.761741,-2.386961,0.126334,0.806428,-2.383101,0.117125,0.775058,-2.386095,0.107910,0.759038,-2.399332,,,
13,0.433,-0.172574,0.915042,-2.641432,-0.292396,0.912780,-2.646252,-0.052752,0.917304,-2.636612,-0.327088,0.552252,-2.386158,0.013356,0.477644,-2.670684,-0.301073,0.137873,-2.415769,0.027284,0.269438,-3.030851,-0.174748,1.032259,-2.642405,-0.181375,1.246498,-2.637528,-0.194605,1.488697,-2.629568,-0.208803,1.587914,-2.602075,-0.227021,1.434911,-2.635060,-0.156990,1.438389,-2.624320,-0.361545,1.370473,-2.644139,-0.019832,1.390518,-2.592442,-0.402261,1.092916,-2.719600,0.080718,1.122790,-2.537713,-0.442170,0.813386,-2.734609,0.099211,0.877347,-2.398515,-0.328656,0.050523,-2.261836,0.047026,0.096014,-3.071106,,,,,,,,,,-0.429400,0.797164,-2.720560,-0.399479,0.753123,-2.724189,-0.384773,0.723560,-2.738220,-0.417175,0.720739,-2.741946,-0.395662,0.696515,-2.759581,-0.375407,0.686421,-2.773605,-0.428496,0.725540,-2.764465,-0.404444,0.704933,-2.787716,-0.384917,0.697640,-2.803547,-0.437758,0.730890,-2.782728,-0.415856,0.711765,-2.806356,-0.398031,0.708283,-2.820402,-0.443829,0.742519,-2.800230,-0.422554,0.727503,-2.820227,-0.404063,0.724603,-2.833117,0.078246,0.872609,-2.385802,0.047393,0.829838,-2.377632,0.039650,0.794919,-2.374793,0.065800,0.804176,-2.345680,0.051399,0.770276,-2.343700,0.038464,0.749528,-2.354245,0.088030,0.795150,-2.354769,0.076331,0.757647,-2.354286,0.065318,0.739676,-2.369812,0.106390,0.788804,-2.363174,0.096177,0.752830,-2.365497,0.086478,0.741924,-2.383215,0.122834,0.786109,-2.377341,0.113459,0.754996,-2.382019,0.103808,0.739840,-2.395945,,,
14,0.467,-0.181514,0.920003,-2.583127,-0.301212,0.918438,-2.590578,-0.061816,0.921569,-2.575677,-0.336593,0.546245,-2.347569,0.007887,0.483023,-2.535029,-0.304979,0.135982,-2.410399,0.020186,0.296933,-2.907162,-0.182923,1.037220,-2.585126,-0.188062,1.251508,-2.580665,-0.198595,1.493778,-2.571030,-0.211691,1.592893,-2.542635,-0.231706,1.440349,-2.575806,-0.161347,1.443071,-2.567204,-0.366298,1.375602,-2.580730,-0.023747,1.393760,-2.539732,-0.415022,1.094715,-2.636568,0.069377,1.120719,-2.500226,-0.455589,0.815368,-2.619982,0.096700,0.865489,-2.381603,-0.334421,0.049088,-2.256553,0.057878,0.127264,-2.950494,,,,,,,,,,-0.442887,0.800360,-2.604586,-0.413793,0.755622,-2.604290,-0.400371,0.724642,-2.616425,-0.432320,0.721995,-2.618546,-0.411894,0.695310,-2.633755,-0.392215,0.683082,-2.646870,-0.443901,0.724783,-2.641270,-0.420832,0.701205,-2.662614,-0.401796,0.691759,-2.677895,-0.453350,0.728496,-2.659842,-0.432428,0.706364,-2.681663,-0.414972,0.700910,-2.695543,-0.459487,0.738471,-2.678314,-0.438857,0.721080,-2.697020,-0.420645,0.716515,-2.709825,0.076061,0.859850,-2.368724,0.045357,0.816599,-2.362841,0.038828,0.781319,-2.362595,0.064538,0.788718,-2.333295,0.050093,0.754781,-2.333667,0.036869,0.734954,-2.345541,0.086511,0.780369,-2.343578,0.074774,0.742928,-2.345583,0.063353,0.726178,-2.362144,0.104638,0.774644,-2.352888,0.094342,0.738928,-2.357598,0.084195,0.729358,-2.375830,0.120707,0.772973,-2.367632,0.111408,0.742175,-2.374179,0.101503,0.727929,-2.388866,,,
15,0.500,-0.188357,0.928519,-2.526073,-0.307901,0.927696,-2.535774,-0.068813,0.929342,-2.516373,-0.338927,0.537883,-2.321494,-0.002278,0.502088,-2.407468,-0.306790,0.131644,-2.406347,0.007242,0.299990,-2.771239,-0.188930,1.045724,-2.528944,-0.192568,1.260044,-2.524532,-0.200307,1.502311,-2.512460,-0.210807,1.601369,-2.482817,-0.234120,1.449227,-2.516018,-0.163400,1.451236,-2.510884,-0.368750,1.384398,-2.514161,-0.025098,1.400388,-2.490704,-0.422644,1.100929,-2.547784,0.061022,1.123312,-2.466285,-0.458847,0.825125,-2.497023,0.100694,0.860750,-2.369085,-0.337220,0.044417,-2.252882,0.051352,0.127800,-2.793396,,,,,,,,,,-0.445520,0.811751,-2.480679,-0.416847,0.766910,-2.476781,-0.404291,0.734577,-2.485948,-0.436366,0.732171,-2.486241,-0.416979,0.703491,-2.498976,-0.398064,0.689421,-2.511348,-0.449050,0.732569,-2.508539,-0.427390,0.706272,-2.528110,-0.409270,0.694782,-2.543103,-0.459389,0.734317,-2.526926,-0.439619,0.709788,-2.547204,-0.422871,0.702734,-2.561234,-0.466359,0.742251,-2.546079,-0.446899,0.722822,-2.564018,-0.429446,0.716821,-2.577279,0.080993,0.853775,-2.355416,0.051296,0.809656,-2.350984,0.046200,0.774219,-2.353352,0.072684,0.779955,-2.324933,0.058850,0.745802,-2.326588,0.045189,0.726520,-2.338858,0.094066,0.772811,-2.337182,0.082655,0.735440,-2.341277,0.070382,0.719810,-2.358318,0.111637,0.768139,-2.348019,0.101689,0.732624,-2.354624,0.090558,0.724165,-2.372831,0.126756,0.767885,-2.363823,0.117798,0.737445,-2.372246,0.107352,0.724142,-2.387435,,,
16,0.533,-0.192109,0.939415,-2.470201,-0.311571,0.939325,-2.480899,-0.072647,0.939505,-2.459503,-0.333967,0.530793,-2.303608,-0.008067,0.530734,-2.293466,-0.306021,0.127280,-2.401892,-0.006469,0.291722,-2.634251,-0.191887,1.056606,-2.473673,-0.194605,1.270941,-2.469381,-0.200355,1.513203,-2.456155,-0.207844,1.612226,-2.425498,-0.234599,1.460309,-2.457991,-0.163693,1.461931,-2.456789,-0.369222,1.396296,-2.447480,-0.024921,1.409666,-2.445343,-0.425950,1.111588,-2.458100,0.055920,1.129981,-2.440370,-0.450267,0.843143,-2.372652,0.107972,0.861694,-2.367754,-0.335660,0.040099,-2.248246,0.028811,0.116278,-2.626443,,,,,,,,,,-0.435491,0.831831,-2.355999,-0.406528,0.787559,-2.348988,-0.394200,0.754288,-2.354301,-0.426785,0.752102,-2.352105,-0.408227,0.722024,-2.362663,-0.390273,0.706483,-2.374703,-0.441448,0.749776,-2.373029,-0.421483,0.721098,-2.390992,-0.404717,0.707707,-2.405981,-0.453421,0.749267,-2.390476,-0.435083,0.722715,-2.409516,-0.419509,0.714234,-2.424098,-0.462116,0.754757,-2.409780,-0.444430,0.733153,-2.427056,-0.428312,0.725505,-2.441134,0.090069,0.853076,-2.352627,0.061480,0.808157,-2.349029,0.056574,0.772996,-2.354228,0.086029,0.776567,-2.328592,0.072858,0.742203,-2.331077,0.058180,0.723448,-2.342986,0.105890,0.771031,-2.343861,0.094445,0.733932,-2.349887,0.080382,0.719575,-2.366662,0.122110,0.767747,-2.357058,0.112092,0.732638,-2.365476,0.099039,0.725426,-2.382927,0.135275,0.769280,-2.374457,0.126028,0.739498,-2.384720,0.114189,0.727373,-2.399874,,,
17,0.567,-0.192130,0.951821,-2.414376,-0.311545,0.952557,-2.425554,-0.072714,0.951085,-2.403198,-0.326469,0.527971,-2.290143,-0.014337,0.564122,-2.189458,-0.304310,0.126683,-2.398495,-0.018095,0.280881,-2.494456,-0.191052,1.068997,-2.418165,-0.194187,1.283343,-2.414778,-0.197371,1.525672,-2.401914,-0.201928,1.624676,-2.370625,-0.232074,1.473046,-2.401857,-0.161189,1.474111,-2.404287,-0.366697,1.411026,-2.382842,-0.022692,1.420002,-2.400941,-0.426140,1.126901,-2.371489,0.052064,1.139013,-2.416454,-0.432770,0.870362,-2.252749,0.109974,0.866502,-2.368036,-0.332909,0.039898,-2.244428,0.009510,0.110667,-2.445964,,,,,,,,,,-0.415949,0.861336,-2.236649,-0.385562,0.818429,-2.227510,-0.372176,0.785171,-2.228892,-0.405392,0.782802,-2.223668,-0.387323,0.751808,-2.232240,-0.370400,0.735025,-2.244104,-0.422348,0.777753,-2.242249,-0.404024,0.747076,-2.258586,-0.388835,0.731930,-2.273585,-0.436260,0.774962,-2.257954,-0.419519,0.746484,-2.275632,-0.405487,0.736471,-2.290797,-0.447244,0.777892,-2.276639,-0.431479,0.754196,-2.293009,-0.417059,0.744801,-2.307850,0.093951,0.856704,-2.351577,0.064635,0.812205,-2.348682,0.057871,0.777875,-2.356623,0.090620,0.778207,-2.335001,0.076517,0.744325,-2.338698,0.059952,0.726875,-2.350102,0.108103,0.773907,-2.353280,0.094841,0.737781,-2.361198,0.078238,0.725367,-2.377183,0.122325,0.771701,-2.368800,0.110437,0.737676,-2.379040,0.095020,0.732327,-2.395185,0.133123,0.774777,-2.387571,0.121964,0.746274,-2.399438,0.108022,0.735799,-2.414022,,,
18,0.600,-0.191573,0.962964,-2.357942,-0.310904,0.964544,-2.369911,-0.072242,0.961385,-2.345974,-0.318314,0.527449,-2.282017,-0.020328,0.598150,-2.092601,-0.302082,0.128438,-2.399449,-0.025287,0.266997,-2.344745,-0.189651,1.080132,-2.361640,-0.193117,1.294479,-2.358614,-0.193006,1.536827,-2.345719,-0.194507,1.635726,-2.313811,-0.228248,1.484589,-2.343999,-0.157549,1.484868,-2.349777,-0.362702,1.424942,-2.317620,-0.019933,1.428611,-2.353903,-0.425192,1.142974,-2.286332,0.047849,1.147775,-2.390240,-0.407424,0.903193,-2.137522,0.106634,0.872358,-2.364736,-0.329458,0.040894,-2.245589,0.000374,0.116083,-2.251724,,,,,,,,,,-0.388285,0.896852,-2.122787,-0.354795,0.856551,-2.112673,-0.339345,0.824195,-2.111424,-0.372103,0.820966,-2.102121,-0.353477,0.789826,-2.108757,-0.337140,0.772278,-2.120331,-0.390949,0.813038,-2.117621,-0.373197,0.781176,-2.132231,-0.359183,0.764770,-2.147047,-0.406538,0.807817,-2.130952,-0.390712,0.777791,-2.146819,-0.378152,0.766323,-2.162241,-0.419896,0.808009,-2.148270,-0.405181,0.782914,-2.163489,-0.392283,0.772178,-2.178815,0.092019,0.861723,-2.347506,0.060434,0.818754,-2.345490,0.050636,0.785854,-2.355930,0.085585,0.782193,-2.338488,0.069083,0.749630,-2.343771,0.050264,0.734331,-2.354759,0.100532,0.778946,-2.359087,0.084139,0.744598,-2.368838,0.065032,0.734820,-2.383825,0.112699,0.777656,-2.376359,0.097550,0.745560,-2.388367,0.080058,0.742748,-2.402964,0.121437,0.782135,-2.395903,0.107269,0.755610,-2.409075,0.091136,0.747411,-2.422833,,,
19,0.633,-0.191166,0.969879,-2.302695,-0.310389,0.972198,-2.315583,-0.071943,0.967561,-2.289807,-0.309903,0.528102,-2.275444,-0.025395,0.626959,-2.005807,-0.300017,0.131393,-2.401096,-0.028569,0.251889,-2.186296,-0.188557,1.087052,-2.305751,-0.192294,1.301368,-2.301241,-0.188409,1.543586,-2.286607,-0.186965,1.642230,-2.253913,-0.224223,1.491792,-2.283677,-0.153859,1.491210,-2.292638,-0.358301,1.434520,-2.250897,-0.017438,1.433136,-2.304338,-0.425266,1.155980,-2.202724,0.042802,1.154190,-2.362168,-0.375199,0.937917,-2.029816,0.098783,0.877052,-2.357553,-0.326036,0.043435,-2.247237,-0.000898,0.132964,-2.055233,,,,,,,,,,-0.354208,0.934513,-2.016722,-0.317511,0.897480,-2.005326,-0.299832,0.866505,-2.001435,-0.331440,0.863010,-1.988149,-0.311767,0.832086,-1.992312,-0.295690,0.813765,-2.003020,-0.351392,0.852203,-2.000123,-0.333462,0.819354,-2.012090,-0.320172,0.801595,-2.025984,-0.368032,0.844515,-2.010706,-0.352389,0.813092,-2.023808,-0.340951,0.799963,-2.038772,-0.383215,0.841721,-2.026201,-0.368865,0.815302,-2.039394,-0.357137,0.803002,-2.054483,0.085007,0.865402,-2.340286,0.051092,0.824200,-2.339930,0.038484,0.793189,-2.352844,0.074418,0.785816,-2.339002,0.055418,0.755048,-2.346277,0.034800,0.742182,-2.357154,0.087384,0.784032,-2.361070,0.068071,0.751918,-2.372871,0.047206,0.744917,-2.387048,0.097981,0.783978,-2.379392,0.079808,0.754311,-2.393301,0.061019,0.754113,-2.406487,0.105337,0.790079,-2.399066,0.088457,0.765941,-2.413567,0.070735,0.760179,-2.426587,,,
20,0.667,-0.189666,0.972711,-2.248079,-0.308815,0.975759,-2.261484,-0.070516,0.969663,-2.234674,-0.304851,0.529881,-2.264503,-0.034273,0.643434,-1.932857,-0.298259,0.137129,-2.402220,-0.026865,0.237147,-2.023079,-0.186468,1.089896,-2.249859,-0.191171,1.304130,-2.242977,-0.182842,1.546062,-2.225703,-0.178996,1.644355,-2.192161,-0.219316,1.494791,-2.221865,-0.149409,1.493241,-2.233798,-0.352870,1.440000,-2.183228,-0.014436,1.433830,-2.253109,-0.425848,1.166135,-2.119497,0.037133,1.158294,-2.331877,-0.341489,0.971898,-1.932119,0.087945,0.880472,-2.345797,-0.322900,0.048666,-2.248424,0.001510,0.150808,-1.868720,,,,,,,,,,-0.319175,0.971087,-1.920936,-0.280158,0.937148,-1.907751,-0.260714,0.907807,-1.900808,-0.290989,0.905618,-1.883965,-0.270666,0.874865,-1.885323,-0.255070,0.855431,-1.894699,-0.311627,0.892609,-1.891908,-0.293673,0.858670,-1.900251,-0.281120,0.839192,-1.912421,-0.328947,0.882970,-1.899330,-0.313514,0.850155,-1.908753,-0.303134,0.835003,-1.922528,-0.345497,0.877399,-1.912500,-0.331405,0.849512,-1.922587,-0.320684,0.835163,-1.936574,0.074887,0.867476,-2.328938,0.039298,0.827743,-2.330584,0.024421,0.798836,-2.345764,0.060923,0.788678,-2.335535,0.039876,0.759856,-2.344856,0.017935,0.749264,-2.355597,0.072254,0.788897,-2.358553,0.050687,0.759120,-2.372403,0.028598,0.754620,-2.385712,0.081556,0.790503,-2.377498,0.061010,0.763379,-2.393183,0.041355,0.765437,-2.404863,0.087807,0.798488,-2.396877,0.068749,0.776825,-2.412541,0.049870,0.773258,-2.424692,,,
21,0.700,-0.187971,0.972203,-2.191654,-0.306955,0.977718,-2.205723,-0.068986,0.966688,-2.177585,-0.304957,0.534301,-2.252732,-0.048518,0.636244,-1.878887,-0.299084,0.146214,-2.403123,-0.024350,0.220859,-1.867284,-0.182550,1.089319,-2.191585,-0.189565,1.303431,-2.183070,-0.176094,1.544910,-2.162936,-0.170438,1.642769,-2.128394,-0.213341,1.494257,-2.158379,-0.143980,1.491612,-2.173003,-0.346173,1.442006,-2.114142,-0.010752,1.431008,-2.199419,-0.425869,1.174442,-2.033844,0.030804,1.159710,-2.296652,-0.311839,1.001874,-1.841043,0.075173,0.882076,-2.326838,-0.322348,0.055881,-2.250202,0.003696,0.169650,-1.697940,,,,,,,,,,-0.288613,1.003117,-1.831953,-0.247790,0.972165,-1.817005,-0.226698,0.944870,-1.807143,-0.255727,0.944890,-1.787505,-0.234931,0.914499,-1.785369,-0.219759,0.893858,-1.792617,-0.276670,0.930565,-1.791308,-0.258644,0.895879,-1.795263,-0.246672,0.874724,-1.804972,-0.294344,0.919680,-1.795451,-0.279000,0.885876,-1.800513,-0.269480,0.868697,-1.812401,-0.311853,0.911867,-1.805975,-0.297813,0.882883,-1.812357,-0.287858,0.866509,-1.824576,0.062932,0.867728,-2.310470,0.025906,0.829415,-2.313498,0.008757,0.802692,-2.330206,0.045682,0.790507,-2.324146,0.022642,0.763789,-2.334910,-0.000511,0.755383,-2.345021,0.055286,0.792861,-2.347820,0.031614,0.765464,-2.363073,0.008455,0.763141,-2.375056,0.063219,0.796215,-2.367155,0.040429,0.771678,-2.383959,0.020054,0.775649,-2.393761,0.068309,0.806042,-2.386020,0.047274,0.786751,-2.402244,0.027403,0.784991,-2.413146,,,
22,0.733,-0.186615,0.967581,-2.133013,-0.305354,0.975318,-2.148074,-0.067876,0.959844,-2.117953,-0.306600,0.536955,-2.229739,-0.057008,0.609765,-1.841983,-0.300145,0.158260,-2.402398,-0.024648,0.205651,-1.747599,-0.179268,1.084572,-2.130839,-0.187560,1.298604,-2.121489,-0.170474,1.539695,-2.099535,-0.163806,1.637244,-2.064305,-0.208212,1.489464,-2.094376,-0.139336,1.486103,-2.111010,-0.339666,1.438087,-2.045267,-0.007562,1.425159,-2.143282,-0.424918,1.177935,-1.948093,0.025250,1.157972,-2.254269,-0.284115,1.025299,-1.756177,0.064364,0.881218,-2.297139,-0.322736,0.064932,-2.251184,0.002014,0.190554,-1.571113,,,,,,,,,,-0.260620,1.028523,-1.748352,-0.218471,1.001355,-1.730095,-0.195702,0.977046,-1.716760,-0.224611,0.979244,-1.696174,-0.202889,0.950262,-1.689190,-0.187296,0.929025,-1.693021,-0.245284,0.964057,-1.696705,-0.226416,0.929639,-1.694936,-0.214130,0.907354,-1.701061,-0.262795,0.952272,-1.698272,-0.246705,0.918441,-1.697714,-0.237080,0.899613,-1.706657,-0.280454,0.942450,-1.706644,-0.265751,0.913144,-1.708364,-0.255691,0.895124,-1.717881,0.052880,0.865740,-2.281259,0.014612,0.828730,-2.284971,-0.004557,0.803999,-2.302530,0.032430,0.790492,-2.300421,0.007612,0.765732,-2.311890,-0.016522,0.759149,-2.321013,0.040416,0.794749,-2.324428,0.014898,0.769483,-2.340367,-0.009092,0.768876,-2.350826,0.047070,0.799650,-2.343915,0.022309,0.777422,-2.361138,0.001438,0.782844,-2.369008,0.051114,0.811019,-2.362157,0.028344,0.793791,-2.378359,0.007687,0.793467,-2.387844,,,
23,0.767,-0.186287,0.958193,-2.071656,-0.304884,0.967014,-2.087223,-0.067689,0.949372,-2.056089,-0.303486,0.539122,-2.212678,-0.055133,0.569696,-1.822591,-0.301380,0.165909,-2.396991,-0.029076,0.186862,-1.661277,-0.178162,1.075073,-2.067325,-0.184696,1.289084,-2.056263,-0.166057,1.529934,-2.032971,-0.158901,1.627358,-1.997492,-0.203955,1.479854,-2.027536,-0.135377,1.476270,-2.045310,-0.334242,1.428465,-1.975420,-0.004610,1.415762,-2.082175,-0.423744,1.175733,-1.863592,0.021592,1.151824,-2.202316,-0.264057,1.037377,-1.675675,0.057285,0.876354,-2.255258,-0.322906,0.069341,-2.247669,-0.008893,0.188038,-1.483295,,,,,,,,,,-0.240723,1.042798,-1.668619,-0.197376,1.020636,-1.646758,-0.172838,1.000321,-1.630256,-0.202482,1.003725,-1.609810,-0.179353,0.977593,-1.597860,-0.162599,0.956902,-1.597912,-0.222451,0.987735,-1.607852,-0.202036,0.955006,-1.600382,-0.188688,0.932613,-1.602712,-0.239416,0.975085,-1.607462,-0.221840,0.942578,-1.601286,-0.211329,0.922976,-1.606977,-0.256623,0.963324,-1.614096,-0.240699,0.934765,-1.611134,-0.229863,0.915884,-1.617660,0.046455,0.859718,-2.240107,0.007450,0.823591,-2.244733,-0.013143,0.800619,-2.263054,0.023763,0.786600,-2.264324,-0.002208,0.763371,-2.276428,-0.026954,0.758032,-2.284678,0.030470,0.792784,-2.288304,0.003748,0.769247,-2.304903,-0.020779,0.769807,-2.314038,0.036108,0.799242,-2.307657,0.010019,0.778895,-2.325241,-0.011162,0.785238,-2.331411,0.039314,0.812069,-2.325080,0.015292,0.796578,-2.341229,-0.005903,0.797380,-2.349409,,,
24,0.800,-0.182897,0.943952,-2.013044,-0.301572,0.952083,-2.028396,-0.064222,0.935821,-1.997692,-0.295667,0.535974,-2.188558,-0.054842,0.557576,-1.761737,-0.301669,0.175805,-2.397137,-0.033439,0.170219,-1.610873,-0.175470,1.060871,-2.008536,-0.180094,1.274866,-1.996267,-0.160516,1.515510,-1.971649,-0.152729,1.612896,-1.936197,-0.198517,1.465511,-1.966191,-0.130109,1.461832,-1.984589,-0.328615,1.414876,-1.912878,-0.000193,1.401282,-2.024286,-0.420799,1.167275,-1.792108,0.021947,1.138858,-2.148492,-0.253914,1.034376,-1.606521,0.055892,0.864678,-2.208773,-0.322310,0.069328,-2.254580,-0.013456,0.157862,-1.433294,,,,,,,,,,-0.230767,1.041462,-1.600383,-0.186277,1.023467,-1.577043,-0.161106,1.005584,-1.558773,-0.190265,1.010161,-1.538517,-0.166054,0.985814,-1.525040,-0.148665,0.965692,-1.523800,-0.209498,0.993619,-1.534678,-0.187630,0.962514,-1.524780,-0.173423,0.940540,-1.525402,-0.225892,0.980367,-1.532777,-0.206841,0.949287,-1.524125,-0.195603,0.929704,-1.528289,-0.242637,0.967281,-1.537950,-0.225341,0.939907,-1.532521,-0.213703,0.920999,-1.537370,0.045277,0.846957,-2.194740,0.005608,0.811840,-2.201152,-0.015919,0.790733,-2.220606,0.020757,0.776437,-2.224290,-0.005898,0.754632,-2.237507,-0.030949,0.750292,-2.245416,0.026823,0.784542,-2.247865,-0.000590,0.762697,-2.265613,-0.025351,0.764215,-2.273971,0.031967,0.792541,-2.266774,0.005122,0.774038,-2.285238,-0.016143,0.781094,-2.290234,0.034834,0.806753,-2.283151,0.010176,0.792893,-2.299815,-0.011229,0.794528,-2.307293,,,
25,0.833,-0.178338,0.930940,-1.953625,-0.297284,0.936045,-1.968162,-0.059392,0.925837,-1.939089,-0.286163,0.526525,-2.144238,-0.055170,0.564001,-1.678532,-0.299197,0.185934,-2.383176,-0.037408,0.162560,-1.569935,-0.173594,1.048064,-1.951322,-0.176559,1.262136,-1.939922,-0.155552,1.502699,-1.915700,-0.146417,1.600193,-1.880872,-0.193802,1.452917,-1.910008,-0.125498,1.448840,-1.928707,-0.324399,1.403844,-1.856457,0.003457,1.386703,-1.969079,-0.419870,1.156772,-1.737166,0.025207,1.122763,-2.090101,-0.258753,1.021029,-1.548566,0.059012,0.848641,-2.150721,-0.321164,0.062652,-2.255094,-0.013663,0.120069,-1.397549,,,,,,,,,,-0.235731,1.028331,-1.542217,-0.191546,1.010999,-1.517819,-0.167660,0.992615,-1.498360,-0.196088,0.998478,-1.479091,-0.172224,0.973644,-1.465886,-0.155171,0.953224,-1.464860,-0.215318,0.981945,-1.475209,-0.193564,0.950786,-1.465226,-0.179424,0.928768,-1.465789,-0.231692,0.968670,-1.473288,-0.212669,0.937632,-1.464425,-0.201400,0.918042,-1.468469,-0.248306,0.955414,-1.478447,-0.230782,0.928297,-1.472488,-0.218898,0.909447,-1.476955,0.048036,0.830356,-2.137728,0.007805,0.796335,-2.146213,-0.014154,0.776602,-2.166603,0.022452,0.762010,-2.171223,-0.004463,0.741433,-2.185809,-0.029520,0.737937,-2.194107,0.028759,0.771301,-2.194292,0.001219,0.750811,-2.213404,-0.023456,0.753062,-2.221854,0.034122,0.780244,-2.212711,0.007179,0.763139,-2.232343,-0.013960,0.770712,-2.237111,0.037303,0.795289,-2.228265,0.012525,0.782669,-2.245719,-0.008821,0.784917,-2.253206,,,
26,0.867,-0.174135,0.922101,-1.890759,-0.293260,0.925363,-1.904331,-0.055010,0.918839,-1.877186,-0.289077,0.514121,-2.076655,-0.046437,0.565927,-1.604767,-0.295338,0.204679,-2.354989,-0.038758,0.153610,-1.548202,-0.171106,1.039293,-1.889177,-0.171818,1.253449,-1.879064,-0.151240,1.494343,-1.857959,-0.139647,1.592014,-1.824381,-0.189316,1.444539,-1.851355,-0.121151,1.440402,-1.870542,-0.319913,1.396120,-1.797212,0.007084,1.376681,-1.910738,-0.415626,1.143789,-1.689705,0.035100,1.108540,-2.020734,-0.268447,0.998090,-1.497182,0.073642,0.833087,-2.071729,-0.322896,0.055778,-2.259307,-0.019309,0.085173,-1.383812,,,,,,,,,,-0.245955,1.005147,-1.488940,-0.203710,0.987014,-1.461837,-0.182666,0.966909,-1.440859,-0.211119,0.973417,-1.423923,-0.188391,0.948040,-1.409778,-0.171545,0.927488,-1.408140,-0.230594,0.956832,-1.421947,-0.209737,0.925168,-1.411644,-0.195701,0.903079,-1.412041,-0.247073,0.943552,-1.421622,-0.228924,0.912154,-1.412212,-0.217474,0.892605,-1.415932,-0.263267,0.930493,-1.428372,-0.246191,0.903153,-1.422137,-0.234009,0.884440,-1.426371,0.062084,0.814638,-2.059494,0.022113,0.780926,-2.070163,0.000669,0.761449,-2.091333,0.037646,0.746953,-2.095120,0.010818,0.727295,-2.111070,-0.013993,0.724490,-2.120316,0.044918,0.756592,-2.117758,0.017943,0.736771,-2.138328,-0.006356,0.739422,-2.147700,0.051055,0.765812,-2.135795,0.024565,0.749425,-2.156619,0.003680,0.757316,-2.161956,0.054917,0.781095,-2.150957,0.030387,0.768944,-2.169080,0.009227,0.771453,-2.177001,,,
27,0.900,-0.166828,0.918410,-1.829109,-0.286151,0.920651,-1.841052,-0.047505,0.916169,-1.817166,-0.308994,0.495301,-1.972917,-0.032450,0.563554,-1.544645,-0.296779,0.227240,-2.291126,-0.036339,0.147433,-1.535044,-0.164760,1.035626,-1.827777,-0.165578,1.249839,-1.818949,-0.143686,1.490834,-1.800486,-0.129950,1.588596,-1.767999,-0.181912,1.441275,-1.792971,-0.113979,1.436632,-1.812852,-0.312818,1.394411,-1.738210,0.012893,1.370213,-1.853005,-0.408245,1.134311,-1.650851,0.047065,1.097113,-1.948047,-0.284017,0.966887,-1.459823,0.088702,0.819424,-1.981446,-0.321185,0.052148,-2.262259,-0.016679,0.065377,-1.377036,,,,,,,,,,-0.262476,0.972803,-1.448659,-0.223912,0.951840,-1.418306,-0.206685,0.929163,-1.396485,-0.235813,0.935980,-1.382472,-0.215508,0.909035,-1.367564,-0.199468,0.887895,-1.365407,-0.255689,0.919812,-1.383818,-0.236843,0.886941,-1.373424,-0.223340,0.864521,-1.373750,-0.272340,0.906972,-1.386241,-0.256043,0.874543,-1.376938,-0.244647,0.854950,-1.380594,-0.287903,0.894808,-1.395632,-0.272085,0.866656,-1.389698,-0.259843,0.847990,-1.393962,0.076193,0.801364,-1.969573,0.036660,0.767756,-1.982048,0.016623,0.748079,-2.004379,0.053432,0.733083,-2.005171,0.026394,0.714672,-2.022216,0.001944,0.713031,-2.032631,0.062248,0.742132,-2.027502,0.035742,0.723004,-2.049300,0.012096,0.726429,-2.059998,0.069630,0.750879,-2.045306,0.043479,0.735118,-2.067022,0.023123,0.743626,-2.073364,0.074618,0.765773,-2.060527,0.050454,0.753704,-2.079189,0.029630,0.756646,-2.087820,,,
28,0.933,-0.160055,0.918285,-1.770250,-0.279585,0.920237,-1.779952,-0.040524,0.916333,-1.760548,-0.330784,0.482012,-1.844531,-0.019613,0.555732,-1.499086,-0.309092,0.264226,-2.198596,-0.034553,0.140932,-1.530415,-0.158258,1.035504,-1.768804,-0.160227,1.249714,-1.760081,-0.139851,1.490892,-1.742295,-0.125463,1.588704,-1.710242,-0.177791,1.441123,-1.734720,-0.109784,1.436836,-1.754428,-0.308882,1.394095,-1.680545,0.016797,1.369424,-1.793838,-0.399120,1.126477,-1.612520,0.059294,1.092352,-1.872636,-0.301783,0.930905,-1.432986,0.105030,0.813492,-1.882920,-0.324429,0.088271,-2.228440,-0.012349,0.055991,-1.374279,,,,,,,,,,-0.281580,0.934701,-1.418806,-0.247463,0.909015,-1.386803,-0.233600,0.883373,-1.365888,-0.263955,0.889767,-1.354636,-0.246487,0.860495,-1.340541,-0.231496,0.838556,-1.338888,-0.283941,0.874638,-1.360110,-0.267571,0.840051,-1.351191,-0.254841,0.817210,-1.352347,-0.300510,0.862806,-1.365894,-0.286307,0.828935,-1.358495,-0.275080,0.809412,-1.362961,-0.315154,0.852375,-1.378350,-0.301057,0.823029,-1.374096,-0.289006,0.804430,-1.379127,0.092488,0.796011,-1.870242,0.054601,0.760256,-1.881824,0.036628,0.738419,-1.903903,0.073478,0.724455,-1.901322,0.046787,0.705111,-1.917873,0.022634,0.702959,-1.928873,0.083104,0.732022,-1.923869,0.057313,0.711468,-1.945223,0.034035,0.714235,-1.956876,0.091087,0.739592,-1.941951,0.065550,0.722236,-1.963176,0.045335,0.730193,-1.970593,0.096374,0.753410,-1.958060,0.072797,0.739577,-1.976242,0.052124,0.741646,-1.985468,,,
29,0.967,-0.154923,0.921947,-1.715227,-0.274659,0.923626,-1.722015,-0.035187,0.920269,-1.708440,-0.337071,0.482267,-1.710198,-0.010560,0.547101,-1.465600,-0.316510,0.294283,-2.081011,-0.031758,0.135756,-1.525683,-0.153370,1.039168,-1.713646,-0.156613,1.253275,-1.702995,-0.139050,1.494421,-1.682041,-0.125296,1.592023,-1.649083,-0.176677,1.444210,-1.675966,-0.108163,1.440794,-1.694016,-0.308565,1.395273,-1.625547,0.019217,1.373635,-1.731224,-0.390643,1.121595,-1.573077,0.068340,1.093814,-1.795026,-0.326348,0.894942,-1.416713,0.116154,0.815461,-1.781107,-0.334405,0.121779,-2.125825,-0.007082,0.051193,-1.369714,,,,,,,,,,-0.307174,0.894882,-1.400712,-0.276767,0.861794,-1.371927,-0.265207,0.832222,-1.355222,-0.296514,0.837818,-1.345236,-0.281340,0.805463,-1.336100,-0.267417,0.782838,-1.337860,-0.316626,0.825122,-1.354857,-0.302593,0.788546,-1.351858,-0.290875,0.765637,-1.356649,-0.333174,0.815527,-1.363918,-0.320952,0.780137,-1.362516,-0.310233,0.761276,-1.370031,-0.347223,0.808446,-1.379113,-0.335187,0.777910,-1.379920,-0.323861,0.759845,-1.387785,0.104842,0.798816,-1.766321,0.069426,0.759493,-1.773205,0.052965,0.734052,-1.792419,0.090633,0.722963,-1.788505,0.064622,0.700640,-1.802130,0.040419,0.696178,-1.812293,0.099684,0.728417,-1.811885,0.074485,0.704556,-1.830303,0.050927,0.705093,-1.841706,0.107105,0.734297,-1.830815,0.082141,0.713435,-1.849402,0.061445,0.719560,-1.857219,0.111419,0.746422,-1.848501,0.088385,0.729364,-1.864510,0.067503,0.729276,-1.873493,,,
30,1.000,-0.152242,0.930169,-1.661402,-0.272076,0.931459,-1.666269,-0.032407,0.928878,-1.656534,-0.337215,0.497527,-1.586944,-0.010400,0.538867,-1.441500,-0.313194,0.303848,-1.954605,-0.030274,0.130498,-1.519624,-0.151051,1.047391,-1.659634,-0.154744,1.261373,-1.646838,-0.139651,1.502222,-1.621088,-0.127816,1.599419,-1.586245,-0.177222,1.451720,-1.617648,-0.107906,1.448965,-1.632459,-0.310736,1.400426,-1.574354,0.021458,1.382865,-1.664335,-0.384695,1.121848,-1.538105,0.076302,1.100943,-1.712252,-0.355245,0.870242,-1.412475,0.122775,0.824922,-1.672090,-0.336438,0.128046,-1.979890,-0.004585,0.046026,-1.363769,,,,,,,,,,-0.336492,0.865094,-1.396808,-0.308303,0.824220,-1.377245,-0.298065,0.790977,-1.368456,-0.329747,0.795151,-1.357948,-0.315925,0.760952,-1.357865,-0.302816,0.739123,-1.365638,-0.350161,0.786389,-1.370784,-0.337786,0.749786,-1.377911,-0.326992,0.728561,-1.388778,-0.366891,0.780298,-1.382229,-0.356162,0.745355,-1.390458,-0.346081,0.728794,-1.402753,-0.380862,0.778097,-1.398912,-0.370587,0.748241,-1.407913,-0.360147,0.732345,-1.420356,0.112921,0.810035,-1.654629,0.080010,0.768026,-1.654418,0.064448,0.738931,-1.668515,0.103209,0.730977,-1.664787,0.078772,0.704933,-1.674012,0.054794,0.697172,-1.682601,0.111343,0.733388,-1.689000,0.087418,0.705417,-1.702740,0.063620,0.702663,-1.713295,0.117924,0.736790,-1.708827,0.094277,0.711643,-1.723397,0.073065,0.715062,-1.731478,0.121027,0.746351,-1.728253,0.099173,0.725536,-1.741175,0.078273,0.722669,-1.749645,,,
31,1.033,-0.153666,0.943235,-1.607866,-0.273526,0.944296,-1.612114,-0.033806,0.942173,-1.603617,-0.340849,0.524094,-1.478958,-0.019822,0.533519,-1.425743,-0.307727,0.291584,-1.822623,-0.031577,0.126741,-1.513245,-0.152697,1.060456,-1.605900,-0.155834,1.274372,-1.591900,-0.143073,1.514958,-1.562678,-0.134069,1.611812,-1.526075,-0.180600,1.464312,-1.561925,-0.110548,1.461926,-1.572824,-0.315892,1.411327,-1.526998,0.021040,1.397031,-1.597188,-0.383575,1.129258,-1.511316,0.080365,1.113470,-1.626466,-0.382015,0.862063,-1.418798,0.119479,0.841875,-1.558151,-0.328250,0.113675,-1.818969,-0.006479,0.042475,-1.357182,,,,,,,,,,-0.363825,0.852372,-1.404697,-0.337315,0.806877,-1.396015,-0.327686,0.772317,-1.395703,-0.360061,0.774527,-1.385370,-0.347016,0.741134,-1.394051,-0.334206,0.721763,-1.407069,-0.380376,0.770115,-1.400406,-0.368835,0.736331,-1.416812,-0.358364,0.718412,-1.432761,-0.396971,0.767792,-1.413338,-0.386930,0.735968,-1.430371,-0.376967,0.722958,-1.446452,-0.410564,0.770496,-1.430258,-0.401123,0.743737,-1.446775,-0.390947,0.731373,-1.462901,0.109559,0.829775,-1.538689,0.077803,0.787371,-1.532252,0.063250,0.755880,-1.541411,0.102270,0.749861,-1.535810,0.079764,0.721063,-1.540779,0.056575,0.710372,-1.548323,0.110994,0.748494,-1.559899,0.088698,0.717464,-1.569043,0.065354,0.711757,-1.579426,0.118020,0.748779,-1.579863,0.096205,0.720244,-1.590527,0.075158,0.721062,-1.599654,0.121392,0.755093,-1.600531,0.100973,0.731474,-1.610681,0.080600,0.726240,-1.619304,,,
32,1.067,-0.158798,0.959166,-1.555966,-0.278652,0.960034,-1.560399,-0.038943,0.958298,-1.551533,-0.345324,0.554292,-1.387885,-0.033513,0.532450,-1.419407,-0.305444,0.265504,-1.684995,-0.035555,0.125919,-1.508804,-0.158019,1.076390,-1.554057,-0.160245,1.290219,-1.538642,-0.149733,1.530656,-1.507358,-0.143725,1.627341,-1.469711,-0.187090,1.479900,-1.508807,-0.116570,1.477779,-1.516169,-0.323814,1.426039,-1.481660,0.016787,1.414089,-1.532892,-0.387606,1.142755,-1.490077,0.079514,1.129933,-1.543116,-0.406422,0.866824,-1.431226,0.106308,0.865036,-1.447867,-0.325337,0.092719,-1.642150,-0.012426,0.041558,-1.352489,,,,,,,,,,-0.388997,0.853778,-1.418988,-0.363366,0.806979,-1.419939,-0.353402,0.773183,-1.426703,-0.386898,0.773514,-1.418033,-0.373823,0.742115,-1.432308,-0.360499,0.725322,-1.448096,-0.406543,0.773099,-1.434530,-0.394809,0.743147,-1.457088,-0.383865,0.728642,-1.475928,-0.422548,0.774155,-1.448340,-0.412438,0.746210,-1.471156,-0.402013,0.736482,-1.489150,-0.435323,0.780960,-1.464738,-0.425891,0.758390,-1.486638,-0.415382,0.749757,-1.504846,0.094225,0.856013,-1.427962,0.061825,0.814684,-1.418468,0.048302,0.781928,-1.424083,0.086428,0.777455,-1.413282,0.065393,0.747237,-1.415511,0.043467,0.734380,-1.423442,0.097803,0.772433,-1.435725,0.076951,0.739714,-1.441910,0.054958,0.731706,-1.453636,0.107031,0.769669,-1.454572,0.087118,0.738992,-1.462711,0.067272,0.737540,-1.474155,0.112725,0.772692,-1.475473,0.093935,0.747219,-1.484184,0.074829,0.740126,-1.494255,,,
33,1.100,-0.165512,0.974195,-1.500633,-0.285343,0.974763,-1.505697,-0.045680,0.973627,-1.495569,-0.348097,0.579645,-1.308780,-0.045391,0.534940,-1.415657,-0.309983,0.231068,-1.533068,-0.040749,0.127425,-1.500352,-0.165019,1.091426,-1.499148,-0.166556,1.305096,-1.481581,-0.158521,1.545410,-1.448661,-0.155168,1.642075,-1.410634,-0.195522,1.494467,-1.451766,-0.124767,1.492757,-1.456512,-0.332840,1.439247,-1.431129,0.009925,1.430641,-1.467467,-0.393792,1.157608,-1.467925,0.076650,1.147273,-1.461606,-0.424033,0.877624,-1.442434,0.089155,0.890915,-1.342928,-0.334878,0.076168,-1.446625,-0.019957,0.042686,-1.343913,,,,,,,,,,-0.407286,0.862519,-1.431711,-0.381108,0.816695,-1.439642,-0.369932,0.784747,-1.451539,-0.404325,0.783475,-1.445529,-0.390364,0.753868,-1.462532,-0.375865,0.738935,-1.479134,-0.422856,0.786147,-1.463071,-0.409831,0.759572,-1.488914,-0.397709,0.747748,-1.508873,-0.437945,0.789763,-1.477466,-0.426934,0.765135,-1.503466,-0.415593,0.757838,-1.522047,-0.449710,0.799506,-1.493121,-0.439281,0.781026,-1.518175,-0.427874,0.775625,-1.537075,0.074316,0.884715,-1.323823,0.040658,0.844730,-1.313038,0.027830,0.811319,-1.315591,0.064061,0.809038,-1.299015,0.043870,0.778170,-1.299210,0.023379,0.763521,-1.307842,0.078479,0.800963,-1.318641,0.058695,0.767250,-1.322588,0.038557,0.757093,-1.335877,0.090275,0.795614,-1.335382,0.071899,0.763522,-1.341407,0.053892,0.759814,-1.355152,0.098898,0.795635,-1.355483,0.081626,0.768740,-1.362975,0.064206,0.759825,-1.374546,,,
34,1.133,-0.171139,0.985039,-1.457493,-0.291021,0.985966,-1.461100,-0.051257,0.984112,-1.453885,-0.345007,0.593933,-1.255605,-0.053402,0.539188,-1.424382,-0.312009,0.198497,-1.381323,-0.046950,0.132971,-1.514991,-0.170321,1.102241,-1.454541,-0.171398,1.315812,-1.435788,-0.167451,1.556324,-1.403583,-0.166508,1.653130,-1.365777,-0.203675,1.504883,-1.407509,-0.132800,1.504099,-1.410299,-0.341364,1.448694,-1.392812,0.003189,1.444177,-1.416354,-0.399156,1.170840,-1.454832,0.078845,1.163874,-1.394213,-0.432096,0.890015,-1.452114,0.082915,0.917896,-1.254791,-0.340540,0.072497,-1.257242,-0.025791,0.049069,-1.358150,,,,,,,,,,-0.415689,0.874722,-1.441133,-0.386455,0.831050,-1.450414,-0.372237,0.800887,-1.463648,-0.407183,0.797538,-1.461571,-0.390165,0.769855,-1.479026,-0.373321,0.756790,-1.494975,-0.424037,0.801026,-1.480599,-0.407350,0.777175,-1.506989,-0.392805,0.767496,-1.526479,-0.437826,0.805308,-1.496075,-0.423400,0.783229,-1.522686,-0.410069,0.777832,-1.540582,-0.448516,0.815951,-1.511913,-0.434971,0.800171,-1.537320,-0.421629,0.796909,-1.555426,0.066557,0.911895,-1.236901,0.032411,0.871798,-1.228282,0.019963,0.838274,-1.231210,0.054812,0.836570,-1.211684,0.034783,0.805632,-1.213189,0.015155,0.790789,-1.223356,0.070903,0.828287,-1.229870,0.051557,0.794485,-1.235041,0.032645,0.784125,-1.249884,0.084117,0.822755,-1.245453,0.066411,0.790492,-1.252489,0.049642,0.786504,-1.267649,0.094412,0.822505,-1.264748,0.077897,0.795420,-1.273203,0.061525,0.786262,-1.286044,,,
35,1.167,-0.175361,0.987527,-1.405009,-0.295263,0.987630,-1.408019,-0.055459,0.987425,-1.401999,-0.336777,0.588308,-1.213979,-0.054876,0.541570,-1.408752,-0.314186,0.172673,-1.213139,-0.050411,0.138610,-1.512995,-0.175369,1.104689,-1.400690,-0.175048,1.318176,-1.380965,-0.175494,1.558803,-1.349385,-0.176771,1.655772,-1.312011,-0.210856,1.506857,-1.354381,-0.139923,1.507043,-1.354760,-0.348596,1.449472,-1.346246,-0.002315,1.450613,-1.354649,-0.399290,1.176705,-1.432375,0.084894,1.175640,-1.315054,-0.431817,0.896544,-1.452543,0.075789,0.944366,-1.152604,-0.347594,0.084258,-1.060979,-0.028191,0.055023,-1.356133,,,,,,,,,,-0.415994,0.881139,-1.440884,-0.384229,0.839182,-1.449753,-0.367482,0.810441,-1.463193,-0.402353,0.805778,-1.465015,-0.382646,0.779820,-1.482289,-0.363812,0.768347,-1.497204,-0.417332,0.809918,-1.485430,-0.397108,0.788367,-1.511319,-0.380282,0.780441,-1.529735,-0.429654,0.814725,-1.501954,-0.411757,0.794894,-1.528225,-0.396491,0.791103,-1.544949,-0.439116,0.826003,-1.518130,-0.422407,0.812345,-1.542873,-0.407156,0.810702,-1.559643,0.057662,0.938638,-1.136411,0.023428,0.898177,-1.130172,0.011428,0.864481,-1.132994,0.044432,0.863974,-1.109992,0.024743,0.832953,-1.113244,0.006469,0.817846,-1.125361,0.062559,0.855413,-1.126005,0.044119,0.821337,-1.132512,0.027080,0.810482,-1.149161,0.077495,0.849631,-1.139843,0.060758,0.817110,-1.147974,0.045778,0.812669,-1.164792,0.089853,0.848945,-1.157876,0.074268,0.821590,-1.167183,0.059312,0.812031,-1.181387,,,
36,1.200,-0.178618,0.981368,-1.355379,-0.298487,0.977929,-1.357610,-0.058748,0.984808,-1.353148,-0.331437,0.583833,-1.151611,-0.048668,0.539608,-1.376133,-0.326460,0.179552,-1.052639,-0.047532,0.145978,-1.511477,-0.182074,1.098442,-1.350152,-0.178968,1.311902,-1.330381,-0.184665,1.552573,-1.299660,-0.187730,1.649697,-1.262793,-0.218932,1.500021,-1.305809,-0.148048,1.501410,-1.303513,-0.356236,1.441072,-1.303765,-0.009081,1.448901,-1.296347,-0.395874,1.173869,-1.410633,0.090214,1.181900,-1.236058,-0.424631,0.895706,-1.452513,0.071866,0.964801,-1.055803,-0.362753,0.130643,-0.884185,-0.025317,0.059781,-1.356033,,,,,,,,,,-0.409844,0.880054,-1.439866,-0.376344,0.839130,-1.447012,-0.357461,0.811344,-1.459601,-0.391906,0.806164,-1.465675,-0.369921,0.781333,-1.481821,-0.349347,0.770855,-1.495078,-0.404631,0.810992,-1.487424,-0.381244,0.790993,-1.511855,-0.362340,0.784202,-1.528636,-0.415161,0.816350,-1.504985,-0.394043,0.798102,-1.529981,-0.376952,0.795370,-1.545066,-0.423035,0.828206,-1.521593,-0.403358,0.816022,-1.544882,-0.386300,0.815436,-1.559887,0.052117,0.959699,-1.041396,0.018068,0.918919,-1.036337,0.006151,0.885111,-1.037887,0.037212,0.886604,-1.011688,0.018165,0.855272,-1.015701,0.001544,0.839392,-1.029137,0.057175,0.877462,-1.024961,0.039984,0.842752,-1.031535,0.025115,0.830672,-1.049377,0.073676,0.871157,-1.036622,0.058142,0.838040,-1.044733,0.045199,0.832499,-1.062864,0.088009,0.869602,-1.053070,0.073470,0.841647,-1.062286,0.060111,0.831161,-1.077399,,,
37,1.233,-0.181624,0.969542,-1.299963,-0.301364,0.962652,-1.300605,-0.061884,0.976432,-1.299320,-0.329027,0.582418,-1.069327,-0.042423,0.533028,-1.342293,-0.347207,0.197095,-0.912933,-0.044425,0.151462,-1.508627,-0.188381,1.086448,-1.294218,-0.183947,1.299988,-1.275598,-0.194148,1.540699,-1.246394,-0.198466,1.637961,-1.210021,-0.227428,1.487606,-1.253284,-0.156675,1.490073,-1.248858,-0.364435,1.428013,-1.256301,-0.017510,1.439540,-1.234722,-0.393132,1.166373,-1.379227,0.090387,1.182135,-1.151746,-0.418238,0.891623,-1.441175,0.064057,0.977307,-0.958582,-0.385310,0.188864,-0.738101,-0.021951,0.061895,-1.355138,,,,,,,,,,-0.404580,0.875406,-1.427981,-0.369952,0.835241,-1.433951,-0.349526,0.808380,-1.446134,-0.383081,0.803253,-1.455898,-0.358861,0.780191,-1.471460,-0.336781,0.771207,-1.483316,-0.393614,0.809198,-1.478525,-0.367408,0.791293,-1.501686,-0.346758,0.785976,-1.516865,-0.402393,0.815453,-1.496740,-0.378317,0.799408,-1.520544,-0.359698,0.798069,-1.533911,-0.408719,0.828163,-1.513378,-0.386566,0.817756,-1.535262,-0.368084,0.818352,-1.548473,0.043154,0.973017,-0.945610,0.009604,0.931929,-0.939767,-0.001898,0.897950,-0.939015,0.027003,0.902642,-0.910478,0.008889,0.870653,-0.913506,-0.006116,0.853286,-0.927005,0.048298,0.892872,-0.920934,0.032492,0.857230,-0.925777,0.019621,0.843175,-0.943724,0.065939,0.885975,-0.930380,0.051752,0.851906,-0.936851,0.040663,0.844468,-0.955523,0.081774,0.883293,-0.945227,0.068463,0.854295,-0.952956,0.056648,0.842152,-0.968112,,,
38,1.267,-0.185510,0.954375,-1.240983,-0.305159,0.946173,-1.239490,-0.065860,0.962578,-1.242476,-0.329514,0.586107,-0.977589,-0.041426,0.522619,-1.310825,-0.359238,0.210285,-0.801131,-0.045391,0.155092,-1.506202,-0.193438,1.071180,-1.234688,-0.190074,1.284835,-1.217206,-0.202236,1.525615,-1.189350,-0.207220,1.623032,-1.153481,-0.235070,1.472288,-1.196560,-0.164420,1.475208,-1.190916,-0.372123,1.413156,-1.203724,-0.025856,1.424912,-1.171154,-0.393038,1.155456,-1.336174,0.086984,1.176736,-1.068883,-0.417053,0.885010,-1.415152,0.056740,0.980498,-0.867546,-0.397041,0.235534,-0.627870,-0.021675,0.063691,-1.353987,,,,,,,,,,-0.404132,0.868126,-1.402053,-0.368923,0.828476,-1.408071,-0.347447,0.802355,-1.420054,-0.380438,0.797723,-1.432543,-0.354077,0.777838,-1.448983,-0.330947,0.771444,-1.460512,-0.389582,0.804890,-1.455419,-0.361191,0.790080,-1.478185,-0.339419,0.786906,-1.492362,-0.397254,0.812124,-1.473771,-0.370770,0.799158,-1.496885,-0.351185,0.799715,-1.508852,-0.402619,0.825725,-1.490038,-0.378729,0.817197,-1.510883,-0.359371,0.818990,-1.522653,0.035265,0.976418,-0.855471,0.002925,0.934602,-0.848161,-0.006955,0.900226,-0.845321,0.019580,0.908503,-0.815608,0.002826,0.875677,-0.817144,-0.010695,0.856733,-0.830077,0.041801,0.898797,-0.823993,0.027695,0.862231,-0.826741,0.016481,0.846272,-0.844201,0.060213,0.891887,-0.831820,0.047677,0.856870,-0.836350,0.038019,0.847559,-0.854977,0.076995,0.888665,-0.845471,0.065147,0.858628,-0.851406,0.054652,0.844811,-0.866094,,,
39,1.300,-0.190466,0.940541,-1.179583,-0.310103,0.932611,-1.176490,-0.070829,0.948472,-1.182677,-0.334067,0.575193,-0.910951,-0.045857,0.513902,-1.279410,-0.357091,0.199002,-0.734277,-0.047937,0.160814,-1.499838,-0.198045,1.057363,-1.173185,-0.196790,1.271049,-1.155788,-0.210017,1.511756,-1.127794,-0.215961,1.609204,-1.092156,-0.242584,1.458381,-1.135813,-0.172080,1.461423,-1.128618,-0.379148,1.398791,-1.147245,-0.033985,1.411908,-1.104162,-0.393724,1.141821,-1.281944,0.080504,1.169312,-0.990920,-0.417230,0.875340,-1.373543,0.052081,0.976265,-0.786261,-0.389847,0.219516,-0.559371,-0.023668,0.063247,-1.351588,,,,,,,,,,-0.404446,0.857833,-1.361145,-0.368909,0.818736,-1.368664,-0.347116,0.793426,-1.381764,-0.379813,0.789298,-1.394964,-0.352720,0.771502,-1.412568,-0.329320,0.766696,-1.424320,-0.388593,0.797648,-1.417580,-0.359436,0.784970,-1.440664,-0.337331,0.783198,-1.454567,-0.395981,0.805828,-1.435649,-0.368671,0.794909,-1.458858,-0.348821,0.796620,-1.470268,-0.401136,0.820263,-1.451251,-0.376644,0.813085,-1.471906,-0.357015,0.815665,-1.483064,0.030356,0.972397,-0.774569,-0.001010,0.930237,-0.765259,-0.009701,0.895780,-0.760303,0.015330,0.907012,-0.730447,-0.000456,0.873676,-0.730185,-0.013026,0.853494,-0.742170,0.038071,0.897419,-0.737455,0.025156,0.860317,-0.737950,0.014980,0.842810,-0.754540,0.056910,0.890537,-0.744218,0.045496,0.854934,-0.746675,0.036704,0.844091,-0.764898,0.074201,0.886873,-0.757100,0.063377,0.856149,-0.761193,0.053733,0.841018,-0.775151,,,
40,1.333,-0.196435,0.928320,-1.115451,-0.316189,0.922380,-1.112427,-0.076680,0.934261,-1.118475,-0.337702,0.556495,-0.858464,-0.055483,0.507497,-1.245976,-0.350693,0.173122,-0.696846,-0.050726,0.168876,-1.488001,-0.202130,1.045344,-1.111122,-0.203356,1.259203,-1.096005,-0.218598,1.500018,-1.070035,-0.226427,1.597700,-1.035416,-0.250648,1.446425,-1.078659,-0.180406,1.449876,-1.069393,-0.386087,1.384895,-1.092862,-0.042501,1.402260,-1.040491,-0.397878,1.125168,-1.222449,0.072473,1.160625,-0.925700,-0.421548,0.859392,-1.316032,0.051736,0.964198,-0.723346,-0.374396,0.156003,-0.520123,-0.025478,0.058906,-1.348877,,,,,,,,,,-0.408699,0.841139,-1.304836,-0.374398,0.801607,-1.315263,-0.353880,0.776460,-1.330552,-0.387000,0.773469,-1.342220,-0.361039,0.755921,-1.361679,-0.338255,0.751165,-1.374605,-0.396460,0.782890,-1.364129,-0.368504,0.770421,-1.388762,-0.346983,0.768663,-1.403555,-0.404356,0.791932,-1.381562,-0.378189,0.781346,-1.406199,-0.358748,0.783069,-1.418290,-0.409780,0.807078,-1.396380,-0.386164,0.800061,-1.418083,-0.366856,0.802553,-1.429807,0.030056,0.960434,-0.711538,-0.000441,0.918111,-0.700282,-0.007986,0.883651,-0.693729,0.016261,0.896951,-0.664344,0.001357,0.863301,-0.661874,-0.010724,0.842077,-0.672484,0.039226,0.887520,-0.670820,0.027266,0.850134,-0.669133,0.017545,0.831427,-0.684653,0.058232,0.880724,-0.677192,0.047822,0.844733,-0.677594,0.039371,0.832621,-0.695167,0.075645,0.876812,-0.689836,0.065904,0.845554,-0.692255,0.056845,0.829379,-0.705411,,,
41,1.367,-0.203587,0.918445,-1.048229,-0.323435,0.913894,-1.047141,-0.083738,0.922997,-1.049316,-0.340373,0.539374,-0.805729,-0.066082,0.508084,-1.211700,-0.346249,0.146706,-0.667738,-0.049982,0.182670,-1.470755,-0.208008,1.035569,-1.045369,-0.211763,1.249666,-1.034693,-0.227875,1.491055,-1.015445,-0.238256,1.589317,-0.983222,-0.259639,1.437211,-1.023550,-0.189682,1.441000,-1.012440,-0.394304,1.374354,-1.039226,-0.052139,1.394718,-0.979879,-0.408266,1.109755,-1.158315,0.060301,1.149589,-0.870094,-0.434242,0.840750,-1.241482,0.048657,0.944590,-0.675670,-0.368839,0.088590,-0.499815,-0.023441,0.051049,-1.352190,,,,,,,,,,-0.421310,0.821989,-1.231264,-0.388963,0.781543,-1.244140,-0.370443,0.756087,-1.261349,-0.404062,0.754104,-1.270529,-0.379889,0.736082,-1.291776,-0.358108,0.730840,-1.306162,-0.414544,0.764052,-1.291729,-0.388418,0.751017,-1.318020,-0.367835,0.748775,-1.334033,-0.423203,0.773525,-1.308559,-0.398845,0.762456,-1.334788,-0.380102,0.763737,-1.347985,-0.429047,0.788993,-1.322877,-0.406852,0.781363,-1.345836,-0.388123,0.783290,-1.358564,0.027010,0.940959,-0.663761,-0.003344,0.898740,-0.651755,-0.010005,0.864198,-0.644697,0.013486,0.878220,-0.615506,-0.000827,0.844525,-0.610993,-0.012769,0.822591,-0.620226,0.036466,0.868749,-0.621870,0.024985,0.831331,-0.618449,0.015316,0.811848,-0.633017,0.055479,0.861903,-0.628166,0.045725,0.825744,-0.627058,0.037373,0.812791,-0.644070,0.072879,0.857835,-0.640778,0.063957,0.826275,-0.642261,0.055295,0.809540,-0.654977,,,
42,1.400,-0.213343,0.912369,-0.984005,-0.333229,0.908992,-0.985192,-0.093456,0.915746,-0.982818,-0.354362,0.538827,-0.737475,-0.067585,0.499740,-1.141253,-0.351791,0.133197,-0.644088,-0.046043,0.200725,-1.430026,-0.216659,1.029554,-0.982497,-0.223498,1.243712,-0.975036,-0.237391,1.485678,-0.962458,-0.249822,1.584560,-0.932975,-0.269604,1.431947,-0.969472,-0.199739,1.435351,-0.957681,-0.404470,1.369446,-0.984845,-0.062869,1.388302,-0.923428,-0.426932,1.100194,-1.091561,0.043728,1.135271,-0.826495,-0.459642,0.827187,-1.157533,0.041106,0.917446,-0.646201,-0.375271,0.045500,-0.489673,-0.018907,0.041148,-1.353312,,,,,,,,,,-0.446649,0.808715,-1.146874,-0.415139,0.767350,-1.158875,-0.397635,0.741076,-1.175917,-0.431276,0.739006,-1.183643,-0.407865,0.720089,-1.204965,-0.386576,0.714183,-1.219821,-0.442224,0.748175,-1.204958,-0.416849,0.733842,-1.231310,-0.396681,0.730763,-1.247708,-0.451234,0.757032,-1.221939,-0.427632,0.744609,-1.248252,-0.409208,0.745124,-1.261941,-0.457292,0.771949,-1.236744,-0.435525,0.762818,-1.259564,-0.416954,0.763775,-1.272630,0.019457,0.914092,-0.634214,-0.011749,0.872355,-0.622717,-0.019443,0.837929,-0.616159,0.004844,0.850863,-0.586925,-0.009784,0.817404,-0.581726,-0.022184,0.795509,-0.590434,0.027570,0.840997,-0.593594,0.015577,0.803772,-0.589845,0.005404,0.784315,-0.604101,0.046389,0.833842,-0.600127,0.036228,0.797800,-0.598852,0.027538,0.784905,-0.615738,0.063618,0.829604,-0.612917,0.054391,0.798143,-0.614618,0.045492,0.781537,-0.627338,,,
43,1.433,-0.224558,0.909758,-0.922870,-0.344430,0.906994,-0.925804,-0.104686,0.912522,-0.919935,-0.374781,0.550002,-0.660345,-0.056434,0.482699,-1.028365,-0.358962,0.134517,-0.640727,-0.037810,0.226711,-1.356064,-0.227265,1.026968,-0.922701,-0.234732,1.241157,-0.916933,-0.248658,1.483285,-0.908057,-0.262378,1.582497,-0.880304,-0.280873,1.429446,-0.914175,-0.210984,1.433046,-0.902582,-0.415536,1.365894,-0.926758,-0.074053,1.385919,-0.868682,-0.447002,1.092311,-1.019233,0.030632,1.125025,-0.792795,-0.484321,0.815345,-1.062271,0.040699,0.892192,-0.632645,-0.385022,0.047098,-0.486569,-0.019318,0.048699,-1.348589,,,,,,,,,,-0.471320,0.797971,-1.049910,-0.440325,0.755275,-1.057934,-0.423842,0.727387,-1.073352,-0.457056,0.724643,-1.079357,-0.434346,0.703393,-1.099189,-0.413486,0.695737,-1.113854,-0.468245,0.731627,-1.101364,-0.443357,0.714390,-1.126407,-0.423449,0.709430,-1.142661,-0.477436,0.738737,-1.119055,-0.454438,0.723260,-1.144260,-0.436253,0.722056,-1.158223,-0.483593,0.752074,-1.135260,-0.461920,0.740116,-1.156829,-0.443345,0.739296,-1.169898,0.019382,0.888207,-0.620262,-0.011550,0.845916,-0.610129,-0.019656,0.811326,-0.605105,0.005990,0.822570,-0.575989,-0.008346,0.788841,-0.571816,-0.020939,0.767286,-0.581077,0.028512,0.813074,-0.583789,0.016805,0.775661,-0.581176,0.006262,0.756687,-0.595810,0.047135,0.806276,-0.591203,0.037098,0.770178,-0.591326,0.027951,0.758034,-0.608526,0.064002,0.802721,-0.604666,0.054793,0.771352,-0.607661,0.045579,0.755331,-0.620897,,,
44,1.467,-0.234906,0.911334,-0.863000,-0.354727,0.909072,-0.867820,-0.115084,0.913597,-0.858180,-0.389419,0.548545,-0.607725,-0.048976,0.473936,-0.892254,-0.363404,0.134165,-0.637335,-0.035048,0.265730,-1.252421,-0.237080,1.028552,-0.863972,-0.243707,1.242790,-0.859096,-0.256937,1.484989,-0.851136,-0.271134,1.584206,-0.823642,-0.289353,1.431204,-0.856627,-0.219322,1.434681,-0.845888,-0.423877,1.366765,-0.865707,-0.082164,1.386811,-0.814010,-0.464592,1.089209,-0.941168,0.018386,1.119083,-0.759280,-0.504502,0.809679,-0.956179,0.036879,0.873640,-0.620081,-0.390987,0.046815,-0.483402,-0.015306,0.092306,-1.292676,,,,,,,,,,-0.491732,0.793457,-0.942129,-0.461811,0.749416,-0.945758,-0.447105,0.719853,-0.959790,-0.479507,0.717032,-0.963516,-0.457994,0.692808,-0.981151,-0.437739,0.682714,-0.995175,-0.490827,0.721833,-0.986035,-0.466775,0.701226,-1.009286,-0.447249,0.693933,-1.025117,-0.500090,0.727183,-1.004298,-0.478187,0.708058,-1.027926,-0.460363,0.704576,-1.041972,-0.506160,0.738812,-1.021800,-0.484886,0.723796,-1.041796,-0.466395,0.720896,-1.054687,0.015914,0.868902,-0.607368,-0.014939,0.826131,-0.599198,-0.022682,0.791212,-0.596359,0.003468,0.800470,-0.567246,-0.010933,0.766569,-0.565266,-0.023867,0.745821,-0.575811,0.025698,0.791444,-0.576335,0.013999,0.753940,-0.575852,0.002986,0.735969,-0.591378,0.044058,0.785098,-0.584740,0.033845,0.749123,-0.587063,0.024146,0.738217,-0.604781,0.060502,0.782402,-0.598907,0.051127,0.751289,-0.603585,0.041476,0.736133,-0.617511,,,
45,1.500,-0.243846,0.916295,-0.804695,-0.363544,0.914730,-0.812145,-0.124148,0.917861,-0.797244,-0.398925,0.542538,-0.569135,-0.054445,0.479315,-0.756599,-0.367310,0.132274,-0.631965,-0.042146,0.293226,-1.128733,-0.245254,1.033512,-0.806694,-0.250394,1.247800,-0.802232,-0.260927,1.490071,-0.792598,-0.274023,1.589185,-0.764203,-0.294038,1.436641,-0.797374,-0.223679,1.439363,-0.788771,-0.428630,1.371894,-0.802297,-0.086079,1.390052,-0.761299,-0.477354,1.091007,-0.858136,0.007045,1.117012,-0.721793,-0.517921,0.811660,-0.841552,0.034367,0.861782,-0.603168,-0.396752,0.045381,-0.478119,-0.004454,0.123557,-1.172066,,,,,,,,,,-0.505218,0.796652,-0.826156,-0.476125,0.751914,-0.825860,-0.462702,0.720935,-0.837995,-0.494652,0.718287,-0.840116,-0.474226,0.691602,-0.855325,-0.454546,0.679374,-0.868440,-0.506233,0.721076,-0.862840,-0.483164,0.697497,-0.884184,-0.464128,0.688051,-0.899465,-0.515682,0.724789,-0.881412,-0.494759,0.702656,-0.903233,-0.477303,0.697203,-0.917113,-0.521819,0.734764,-0.899884,-0.501189,0.717372,-0.918589,-0.482977,0.712808,-0.931395,0.013729,0.856142,-0.590289,-0.016976,0.812892,-0.584407,-0.023505,0.777612,-0.584161,0.002206,0.785011,-0.554860,-0.012240,0.751073,-0.555232,-0.025464,0.731247,-0.567106,0.024179,0.776662,-0.565144,0.012442,0.739222,-0.567149,0.001020,0.722471,-0.583710,0.042305,0.770937,-0.574453,0.032009,0.735221,-0.579163,0.021862,0.725651,-0.597395,0.058374,0.769266,-0.589197,0.049076,0.738468,-0.595744,0.039170,0.724222,-0.610431,,,
46,1.533,-0.250689,0.924811,-0.747641,-0.370233,0.923989,-0.757341,-0.131145,0.925634,-0.737941,-0.401259,0.534176,-0.543060,-0.064609,0.498380,-0.629037,-0.369122,0.127936,-0.627913,-0.055090,0.296284,-0.992809,-0.251262,1.042016,-0.750511,-0.254900,1.256336,-0.746100,-0.262639,1.498603,-0.734027,-0.273139,1.597661,-0.704384,-0.296452,1.445519,-0.737586,-0.225732,1.447528,-0.732451,-0.431082,1.380690,-0.735728,-0.087430,1.396680,-0.712271,-0.484976,1.097222,-0.769353,-0.001310,1.119604,-0.687851,-0.521180,0.821418,-0.718593,0.038362,0.857043,-0.590651,-0.399552,0.040710,-0.474448,-0.010979,0.124093,-1.014967,,,,,,,,,,-0.507852,0.808043,-0.702249,-0.479180,0.763202,-0.698351,-0.466623,0.730869,-0.707518,-0.498698,0.728464,-0.707812,-0.479312,0.699783,-0.720547,-0.460396,0.685714,-0.732919,-0.511383,0.728861,-0.730110,-0.489722,0.702564,-0.749681,-0.471603,0.691075,-0.764673,-0.521721,0.730610,-0.748496,-0.501951,0.706080,-0.768774,-0.485203,0.699026,-0.782805,-0.528691,0.738544,-0.767649,-0.509231,0.719115,-0.785588,-0.491778,0.713113,-0.798850,0.018660,0.850067,-0.576982,-0.011036,0.805949,-0.572550,-0.016132,0.770512,-0.574918,0.010351,0.776248,-0.546499,-0.003483,0.742094,-0.548154,-0.017143,0.722812,-0.560424,0.031734,0.769104,-0.558747,0.020322,0.731732,-0.562842,0.008049,0.716103,-0.579884,0.049304,0.764432,-0.569585,0.039356,0.728917,-0.576190,0.028225,0.720457,-0.594396,0.064423,0.764178,-0.585388,0.055465,0.733737,-0.593811,0.045020,0.720435,-0.609001,,,
47,1.567,-0.254441,0.935707,-0.691768,-0.373903,0.935617,-0.702466,-0.134979,0.935798,-0.681070,-0.396299,0.527085,-0.525174,-0.070399,0.527026,-0.515035,-0.368353,0.123572,-0.623457,-0.068801,0.288015,-0.855821,-0.254219,1.052897,-0.695240,-0.256937,1.267233,-0.690948,-0.262687,1.509495,-0.677722,-0.270176,1.608518,-0.647065,-0.296931,1.456601,-0.679558,-0.226025,1.458223,-0.678357,-0.431554,1.392588,-0.669048,-0.087253,1.405958,-0.666910,-0.488281,1.107880,-0.679668,-0.006412,1.126273,-0.661936,-0.512599,0.839435,-0.594221,0.045640,0.857986,-0.589320,-0.397992,0.036391,-0.469812,-0.033520,0.112571,-0.848015,,,,,,,,,,-0.497823,0.828122,-0.577569,-0.468860,0.783850,-0.570557,-0.456532,0.750580,-0.575871,-0.489117,0.748394,-0.573674,-0.470559,0.718315,-0.584232,-0.452605,0.702775,-0.596272,-0.503780,0.746068,-0.594599,-0.483815,0.717390,-0.612562,-0.467049,0.703998,-0.627551,-0.515752,0.745558,-0.612046,-0.497415,0.719007,-0.631086,-0.481841,0.710526,-0.645667,-0.524448,0.751049,-0.631350,-0.506762,0.729445,-0.648626,-0.490644,0.721797,-0.662704,0.027737,0.849369,-0.574193,-0.000852,0.804450,-0.570594,-0.005758,0.769289,-0.575793,0.023697,0.772860,-0.550158,0.010525,0.738495,-0.552643,-0.004152,0.719741,-0.564551,0.043558,0.767323,-0.565427,0.032112,0.730225,-0.571452,0.018050,0.715867,-0.588227,0.059778,0.764039,-0.578623,0.049760,0.728931,-0.587041,0.036707,0.721718,-0.604493,0.072943,0.765572,-0.596022,0.063697,0.735790,-0.606286,0.051858,0.723666,-0.621439,,,
48,1.600,-0.254462,0.948113,-0.635943,-0.373877,0.948850,-0.647121,-0.135046,0.947377,-0.624765,-0.388802,0.524264,-0.511709,-0.076669,0.560414,-0.411027,-0.366642,0.122975,-0.620060,-0.080427,0.277174,-0.716026,-0.253384,1.065289,-0.639733,-0.256519,1.279636,-0.636345,-0.259703,1.521964,-0.623482,-0.264260,1.620968,-0.592192,-0.294406,1.469338,-0.623425,-0.223521,1.470403,-0.625854,-0.429029,1.407319,-0.604410,-0.085024,1.416294,-0.622509,-0.488473,1.123193,-0.593058,-0.010267,1.135306,-0.638021,-0.495103,0.866654,-0.474319,0.047642,0.862794,-0.589602,-0.395241,0.036191,-0.465994,-0.052822,0.106960,-0.667536,,,,,,,,,,-0.478282,0.857628,-0.458218,-0.447895,0.814720,-0.449080,-0.434510,0.781462,-0.450462,-0.467725,0.779094,-0.445238,-0.449656,0.748099,-0.453810,-0.432734,0.731316,-0.465674,-0.484681,0.774045,-0.463819,-0.466358,0.743368,-0.480156,-0.451168,0.728221,-0.495155,-0.498593,0.771254,-0.479524,-0.481852,0.742776,-0.497202,-0.467820,0.732763,-0.512366,-0.509577,0.774184,-0.498210,-0.493812,0.750488,-0.514579,-0.479392,0.741092,-0.529420,0.031619,0.852997,-0.573143,0.002303,0.808498,-0.570248,-0.004461,0.774167,-0.578189,0.028289,0.774500,-0.556567,0.014185,0.740618,-0.560264,-0.002380,0.723168,-0.571668,0.045771,0.770199,-0.574846,0.032509,0.734074,-0.582763,0.015907,0.721659,-0.598749,0.059993,0.767993,-0.590366,0.048106,0.733968,-0.600606,0.032688,0.728619,-0.616750,0.070791,0.771070,-0.609136,0.059632,0.742566,-0.621004,0.045690,0.732092,-0.635588,,,
49,1.633,-0.253905,0.959257,-0.579510,-0.373236,0.960836,-0.591478,-0.134574,0.957678,-0.567541,-0.380646,0.523741,-0.503582,-0.082659,0.594442,-0.314170,-0.364414,0.124730,-0.621015,-0.087618,0.263290,-0.566316,-0.251984,1.076425,-0.583208,-0.255449,1.290771,-0.580182,-0.255338,1.533119,-0.567287,-0.256839,1.632018,-0.535378,-0.290580,1.480881,-0.565567,-0.219882,1.481161,-0.571345,-0.425034,1.421234,-0.539188,-0.082265,1.424904,-0.575470,-0.487524,1.139266,-0.507900,-0.014483,1.144067,-0.611806,-0.469757,0.899484,-0.359091,0.044303,0.868651,-0.586302,-0.391790,0.037187,-0.467155,-0.061958,0.112376,-0.473296,,,,,,,,,,-0.450618,0.893143,-0.344356,-0.417128,0.852842,-0.334242,-0.401678,0.820487,-0.332993,-0.434436,0.817257,-0.323691,-0.415811,0.786118,-0.330326,-0.399473,0.768570,-0.341900,-0.453282,0.809330,-0.339191,-0.435530,0.777468,-0.353801,-0.421516,0.761061,-0.368617,-0.468872,0.804109,-0.352521,-0.453046,0.774083,-0.368389,-0.440486,0.762615,-0.383810,-0.482229,0.804301,-0.369839,-0.467514,0.779206,-0.385059,-0.454616,0.768470,-0.400385,0.029687,0.858015,-0.569072,-0.001898,0.815046,-0.567056,-0.011695,0.782146,-0.577496,0.023253,0.778486,-0.560054,0.006752,0.745922,-0.565337,-0.012067,0.730623,-0.576324,0.038200,0.775238,-0.580653,0.021808,0.740890,-0.590404,0.002700,0.731112,-0.605391,0.050368,0.773949,-0.597924,0.035218,0.741852,-0.609932,0.017727,0.739040,-0.624529,0.059106,0.778427,-0.617468,0.044938,0.751902,-0.630641,0.028804,0.743703,-0.644398,,,
50,1.667,-0.253498,0.966172,-0.524262,-0.372721,0.968490,-0.537150,-0.134275,0.963853,-0.511375,-0.372235,0.524394,-0.497010,-0.087726,0.623251,-0.227375,-0.362349,0.127686,-0.622661,-0.090900,0.248182,-0.407867,-0.250889,1.083345,-0.527318,-0.254626,1.297661,-0.522809,-0.250741,1.539879,-0.508174,-0.249297,1.638522,-0.475480,-0.286555,1.488085,-0.505244,-0.216191,1.487503,-0.514205,-0.420633,1.430812,-0.472465,-0.079770,1.429428,-0.525905,-0.487598,1.152272,-0.424292,-0.019529,1.150483,-0.583735,-0.437531,0.934209,-0.251385,0.036451,0.873345,-0.579119,-0.388368,0.039727,-0.468803,-0.063230,0.129256,-0.276805,,,,,,,,,,-0.416541,0.930805,-0.238291,-0.379844,0.893771,-0.226895,-0.362165,0.862796,-0.223005,-0.393773,0.859301,-0.209718,-0.374100,0.828377,-0.213881,-0.358023,0.810056,-0.224590,-0.413725,0.848494,-0.221692,-0.395796,0.815646,-0.233660,-0.382505,0.797886,-0.247554,-0.430365,0.840807,-0.232276,-0.414722,0.809383,-0.245377,-0.403285,0.796254,-0.260342,-0.445548,0.838013,-0.247770,-0.431198,0.811594,-0.260964,-0.419470,0.799294,-0.276052,0.022675,0.861694,-0.561853,-0.011240,0.820492,-0.561497,-0.023848,0.789481,-0.574410,0.012087,0.782109,-0.560568,-0.006913,0.751341,-0.567843,-0.027531,0.738475,-0.578720,0.025052,0.780325,-0.582636,0.005740,0.748210,-0.594437,-0.015125,0.741209,-0.608614,0.035649,0.780271,-0.600958,0.017477,0.750603,-0.614867,-0.001313,0.750405,-0.628053,0.043005,0.786371,-0.620632,0.026125,0.762233,-0.635132,0.008404,0.756471,-0.648153,,,
51,1.700,-0.251998,0.969004,-0.469647,-0.371147,0.972052,-0.483051,-0.132848,0.965956,-0.456242,-0.367183,0.526173,-0.486069,-0.096604,0.639727,-0.154424,-0.360591,0.133421,-0.623786,-0.089197,0.233441,-0.244649,-0.248800,1.086188,-0.471426,-0.253503,1.300422,-0.464544,-0.245174,1.542354,-0.447270,-0.241328,1.640648,-0.413729,-0.281648,1.491083,-0.443432,-0.211741,1.489533,-0.455365,-0.415202,1.436293,-0.404796,-0.076768,1.430122,-0.474676,-0.488179,1.162427,-0.341065,-0.025198,1.154587,-0.553444,-0.403822,0.968189,-0.153687,0.025613,0.876765,-0.567363,-0.385232,0.044958,-0.469990,-0.060823,0.147100,-0.090291,,,,,,,,,,-0.381508,0.967379,-0.142504,-0.342491,0.933439,-0.129319,-0.323047,0.904099,-0.122377,-0.353322,0.901909,-0.105533,-0.332999,0.871156,-0.106892,-0.317403,0.851723,-0.116267,-0.373960,0.888900,-0.113477,-0.356007,0.854962,-0.121820,-0.343453,0.835483,-0.133990,-0.391281,0.879261,-0.120899,-0.375848,0.846447,-0.130322,-0.365467,0.831294,-0.144097,-0.407830,0.873690,-0.134069,-0.393739,0.845804,-0.144156,-0.383017,0.831454,-0.158143,0.012556,0.863768,-0.550504,-0.023033,0.824035,-0.552150,-0.037911,0.795128,-0.567330,-0.001408,0.784970,-0.557101,-0.022455,0.756148,-0.566422,-0.044397,0.745556,-0.577163,0.009922,0.785189,-0.580119,-0.011645,0.755412,-0.593969,-0.033734,0.750912,-0.607278,0.019225,0.786795,-0.599064,-0.001321,0.759671,-0.614750,-0.020976,0.761729,-0.626429,0.025476,0.794780,-0.618443,0.006417,0.773118,-0.634107,-0.012461,0.769550,-0.646258,,,
52,1.733,-0.250303,0.968495,-0.413221,-0.369287,0.974010,-0.427290,-0.131318,0.962981,-0.399153,-0.367289,0.530593,-0.474299,-0.110849,0.632537,-0.100454,-0.361416,0.142506,-0.624688,-0.086681,0.217152,-0.088854,-0.244882,1.085612,-0.413152,-0.251897,1.299724,-0.404638,-0.238426,1.541203,-0.384504,-0.232770,1.639061,-0.349962,-0.275673,1.490550,-0.379947,-0.206312,1.487905,-0.394571,-0.408505,1.438299,-0.335710,-0.073084,1.427301,-0.420987,-0.488201,1.170735,-0.255413,-0.031527,1.156002,-0.518219,-0.374172,0.998166,-0.062612,0.012842,0.878368,-0.548405,-0.384679,0.052174,-0.471767,-0.058636,0.165942,0.080490,,,,,,,,,,-0.350945,0.999409,-0.053522,-0.310122,0.968457,-0.038574,-0.289030,0.941162,-0.028712,-0.318060,0.941181,-0.009074,-0.297264,0.910791,-0.006938,-0.282092,0.890149,-0.014186,-0.339003,0.926856,-0.012877,-0.320977,0.892170,-0.016832,-0.309005,0.871016,-0.026542,-0.356677,0.915972,-0.017020,-0.341333,0.882168,-0.022082,-0.331812,0.864988,-0.033970,-0.374186,0.908159,-0.027544,-0.360145,0.879175,-0.033926,-0.350190,0.862801,-0.046145,0.000601,0.864021,-0.532037,-0.036425,0.825708,-0.535065,-0.053575,0.798985,-0.551773,-0.016649,0.786800,-0.545712,-0.039689,0.760082,-0.556476,-0.062842,0.751676,-0.566588,-0.007045,0.789153,-0.569387,-0.030717,0.761757,-0.584639,-0.053876,0.759433,-0.596622,0.000888,0.792507,-0.588721,-0.021903,0.767970,-0.605525,-0.042277,0.771941,-0.615327,0.005978,0.802334,-0.607587,-0.015058,0.783044,-0.623810,-0.034928,0.781283,-0.634712,,,
53,1.767,-0.248947,0.963874,-0.354581,-0.367686,0.971611,-0.369641,-0.130208,0.956137,-0.339520,-0.368932,0.533248,-0.451305,-0.119340,0.606059,-0.063549,-0.362477,0.154552,-0.623964,-0.086980,0.201944,0.030832,-0.241600,1.080865,-0.352407,-0.249892,1.294897,-0.343056,-0.232806,1.535988,-0.321103,-0.226138,1.633537,-0.285873,-0.270544,1.485757,-0.315944,-0.201668,1.482396,-0.332577,-0.401998,1.434380,-0.266835,-0.069894,1.421452,-0.364850,-0.487250,1.174228,-0.169662,-0.037082,1.154265,-0.475837,-0.346447,1.021592,0.022255,0.002032,0.877511,-0.518706,-0.385067,0.061225,-0.472750,-0.060318,0.186847,0.207318,,,,,,,,,,-0.322953,1.024816,0.030080,-0.280803,0.997647,0.048336,-0.258034,0.973338,0.061672,-0.286944,0.975536,0.082257,-0.265221,0.946553,0.089241,-0.249629,0.925317,0.085411,-0.307616,0.960349,0.081726,-0.288749,0.925931,0.083495,-0.276462,0.903646,0.077370,-0.325128,0.948564,0.080159,-0.309037,0.914733,0.080717,-0.299412,0.895905,0.071774,-0.342786,0.938742,0.071787,-0.328084,0.909435,0.070067,-0.318024,0.891416,0.060550,-0.009452,0.862033,-0.502826,-0.047720,0.825022,-0.506537,-0.066889,0.800292,-0.524097,-0.029902,0.786785,-0.521987,-0.054720,0.762024,-0.533457,-0.078853,0.755442,-0.542579,-0.021916,0.791042,-0.545995,-0.047434,0.765775,-0.561934,-0.071424,0.765169,-0.572393,-0.015262,0.795943,-0.565481,-0.040023,0.773714,-0.582704,-0.060894,0.779136,-0.590575,-0.011218,0.807311,-0.583724,-0.033988,0.790083,-0.599926,-0.054645,0.789759,-0.609411,,,
54,1.800,-0.248619,0.954486,-0.293224,-0.367216,0.963307,-0.308791,-0.130021,0.945665,-0.277657,-0.365818,0.535415,-0.434245,-0.117465,0.565989,-0.044159,-0.363712,0.162202,-0.618557,-0.091408,0.183155,0.117156,-0.240494,1.071366,-0.288893,-0.247028,1.285377,-0.277831,-0.228389,1.526227,-0.254539,-0.221233,1.623651,-0.219060,-0.266287,1.476147,-0.249104,-0.197709,1.472563,-0.266878,-0.396574,1.424758,-0.196988,-0.066942,1.412055,-0.303742,-0.486076,1.172026,-0.085161,-0.040740,1.148117,-0.423884,-0.326389,1.033669,0.102757,-0.005047,0.872648,-0.476826,-0.385238,0.065634,-0.469234,-0.071225,0.184331,0.295138,,,,,,,,,,-0.303056,1.039090,0.109813,-0.259708,1.016929,0.131673,-0.235170,0.996614,0.148176,-0.264814,1.000017,0.168621,-0.241686,0.973886,0.180572,-0.224932,0.953195,0.180520,-0.284783,0.984028,0.170580,-0.264369,0.951299,0.178050,-0.251020,0.928905,0.175720,-0.301748,0.971377,0.170970,-0.284172,0.938870,0.177146,-0.273661,0.919268,0.171455,-0.318955,0.959617,0.164336,-0.303032,0.931058,0.167297,-0.292195,0.912177,0.160772,-0.015877,0.856011,-0.461675,-0.054882,0.819884,-0.466301,-0.075475,0.796912,-0.484621,-0.038569,0.782893,-0.485891,-0.064540,0.759664,-0.497995,-0.089286,0.754325,-0.506245,-0.031862,0.789078,-0.509871,-0.058584,0.765540,-0.526470,-0.083111,0.766100,-0.535605,-0.026224,0.795535,-0.529224,-0.052313,0.775188,-0.546809,-0.073494,0.781531,-0.552979,-0.023018,0.808362,-0.546648,-0.047040,0.792871,-0.562796,-0.068235,0.793673,-0.570976,,,
55,1.833,-0.245229,0.940245,-0.234612,-0.363904,0.948376,-0.249964,-0.126554,0.932114,-0.219260,-0.357999,0.532267,-0.410125,-0.117174,0.553868,0.016695,-0.364001,0.172097,-0.618703,-0.095771,0.166512,0.167560,-0.237802,1.057164,-0.230104,-0.242426,1.271159,-0.217834,-0.222848,1.511803,-0.193216,-0.215061,1.609189,-0.157764,-0.260849,1.461804,-0.187758,-0.192441,1.458125,-0.206156,-0.390946,1.411169,-0.134445,-0.062525,1.397575,-0.245853,-0.483130,1.163568,-0.013676,-0.040386,1.135151,-0.370060,-0.316245,1.030669,0.171911,-0.006441,0.860971,-0.430341,-0.384642,0.065621,-0.476145,-0.075788,0.154156,0.345139,,,,,,,,,,-0.293099,1.037755,0.178049,-0.248608,1.019760,0.201389,-0.223438,1.001877,0.219659,-0.252597,1.006454,0.239915,-0.228385,0.982107,0.253393,-0.210996,0.961985,0.254632,-0.271830,0.989913,0.243755,-0.249961,0.958807,0.253653,-0.235754,0.936833,0.253031,-0.288223,0.976660,0.245656,-0.269172,0.945580,0.254307,-0.257935,0.925997,0.250144,-0.304968,0.963574,0.240483,-0.287672,0.936200,0.245911,-0.276034,0.917292,0.241063,-0.017055,0.843251,-0.416308,-0.056724,0.808134,-0.422720,-0.078251,0.787027,-0.442174,-0.041576,0.772730,-0.445858,-0.068230,0.750925,-0.459074,-0.093281,0.746585,-0.466983,-0.035509,0.780835,-0.469433,-0.062922,0.758990,-0.487180,-0.087684,0.760508,-0.495539,-0.030366,0.788834,-0.488342,-0.057210,0.770332,-0.506805,-0.078475,0.777387,-0.511802,-0.027498,0.803046,-0.504718,-0.052156,0.789186,-0.521383,-0.073562,0.790821,-0.528861,,,
56,1.867,-0.240670,0.927233,-0.175193,-0.359616,0.932338,-0.189730,-0.121724,0.922129,-0.160657,-0.348494,0.522818,-0.365806,-0.117503,0.560294,0.099900,-0.361528,0.182227,-0.604743,-0.099740,0.158853,0.208499,-0.235926,1.044357,-0.172890,-0.238891,1.258429,-0.161490,-0.217884,1.498992,-0.137268,-0.208749,1.596486,-0.102439,-0.256134,1.449209,-0.131576,-0.187830,1.445132,-0.150275,-0.386731,1.400137,-0.078025,-0.058875,1.382996,-0.190646,-0.482202,1.153065,0.041267,-0.037125,1.119056,-0.311669,-0.321084,1.017322,0.229867,-0.003321,0.844934,-0.372290,-0.383495,0.058945,-0.476660,-0.075995,0.116363,0.380885,,,,,,,,,,-0.298062,1.024625,0.236216,-0.253877,1.007293,0.260614,-0.229991,0.988909,0.280073,-0.258419,0.994772,0.299341,-0.234555,0.969937,0.312546,-0.217502,0.949518,0.313573,-0.277650,0.978238,0.303224,-0.255896,0.947080,0.313207,-0.241755,0.925061,0.312644,-0.294023,0.964963,0.305145,-0.275000,0.933925,0.314008,-0.263731,0.914336,0.309964,-0.310638,0.951708,0.299986,-0.293113,0.924590,0.305945,-0.281230,0.905741,0.301477,-0.014297,0.826649,-0.359296,-0.054528,0.792629,-0.367781,-0.076487,0.772895,-0.388172,-0.039880,0.758303,-0.392791,-0.066795,0.737726,-0.407377,-0.091853,0.734230,-0.415675,-0.033573,0.767594,-0.415860,-0.061114,0.747104,-0.434973,-0.085788,0.749355,-0.443422,-0.028211,0.776537,-0.434279,-0.055153,0.759433,-0.453911,-0.076293,0.767005,-0.458679,-0.025030,0.791582,-0.449833,-0.049807,0.778962,-0.467287,-0.071154,0.781210,-0.474774,,,
57,1.900,-0.236467,0.918393,-0.112327,-0.355592,0.921655,-0.125899,-0.117342,0.915131,-0.098754,-0.351408,0.510414,-0.298224,-0.108769,0.562219,0.173666,-0.357669,0.200971,-0.576557,-0.101090,0.149903,0.230232,-0.233438,1.035585,-0.110744,-0.234150,1.249742,-0.100631,-0.213572,1.490636,-0.079526,-0.201979,1.588306,-0.045948,-0.251648,1.440832,-0.072922,-0.183483,1.436695,-0.092110,-0.382245,1.392413,-0.018779,-0.055248,1.372974,-0.132305,-0.477958,1.140082,0.088728,-0.027233,1.104833,-0.242302,-0.330778,0.994383,0.281251,0.011309,0.829380,-0.293298,-0.385227,0.052071,-0.480873,-0.081641,0.081466,0.394623,,,,,,,,,,-0.308286,1.001441,0.289493,-0.266041,0.983308,0.316596,-0.244997,0.963203,0.337574,-0.273450,0.969710,0.354510,-0.250722,0.944333,0.368654,-0.233876,0.923782,0.370293,-0.292925,0.953126,0.356486,-0.272068,0.921462,0.366789,-0.258032,0.899373,0.366392,-0.309404,0.939846,0.356811,-0.291255,0.908448,0.366221,-0.279805,0.888899,0.362501,-0.325598,0.926786,0.350061,-0.308522,0.899447,0.356297,-0.296340,0.880734,0.352062,-0.000249,0.810931,-0.281063,-0.040219,0.777219,-0.291732,-0.061664,0.757742,-0.312902,-0.024687,0.743246,-0.316689,-0.051514,0.723588,-0.332639,-0.076326,0.720783,-0.341884,-0.017415,0.752885,-0.339327,-0.044389,0.733064,-0.359897,-0.068689,0.735715,-0.369269,-0.011278,0.762105,-0.357364,-0.037767,0.745718,-0.378187,-0.058652,0.753609,-0.383525,-0.007415,0.777388,-0.372526,-0.031946,0.765237,-0.390649,-0.053106,0.767746,-0.398570,,,
58,1.933,-0.229160,0.914703,-0.050677,-0.348483,0.916944,-0.062619,-0.109837,0.912462,-0.038734,-0.371325,0.491595,-0.194487,-0.094782,0.559846,0.233788,-0.359110,0.223531,-0.512695,-0.098671,0.143726,0.243390,-0.227092,1.031919,-0.049344,-0.227910,1.246131,-0.040516,-0.206018,1.487126,-0.022053,-0.192282,1.584888,0.010434,-0.244244,1.437567,-0.014539,-0.176311,1.432924,-0.034419,-0.375150,1.390704,0.040223,-0.049439,1.366505,-0.074573,-0.470577,1.130604,0.127582,-0.015268,1.093406,-0.169615,-0.346348,0.963181,0.318610,0.026370,0.815717,-0.203015,-0.383516,0.048440,-0.483826,-0.079011,0.061670,0.401398,,,,,,,,,,-0.324807,0.969097,0.329774,-0.286243,0.948134,0.360127,-0.269015,0.925457,0.381948,-0.298144,0.932274,0.395961,-0.277839,0.905329,0.410869,-0.261799,0.884189,0.413026,-0.318020,0.916106,0.394616,-0.299174,0.883235,0.405009,-0.285671,0.860815,0.404684,-0.334671,0.903266,0.392192,-0.318374,0.870837,0.401495,-0.306978,0.851244,0.397840,-0.350234,0.891102,0.382801,-0.334416,0.862950,0.388735,-0.322173,0.844284,0.384471,0.013861,0.797657,-0.191142,-0.025673,0.764049,-0.203617,-0.045710,0.744372,-0.225948,-0.008901,0.729375,-0.226740,-0.035939,0.710965,-0.243786,-0.060389,0.709324,-0.254200,-0.000085,0.738425,-0.249071,-0.026590,0.719297,-0.270869,-0.050236,0.722722,-0.281568,0.007298,0.747172,-0.266875,-0.018854,0.731412,-0.288591,-0.039209,0.739919,-0.294933,0.012285,0.762066,-0.282097,-0.011879,0.749997,-0.300758,-0.032703,0.752939,-0.309389,,,
59,1.967,-0.222387,0.914577,0.008183,-0.341917,0.916529,-0.001519,-0.102856,0.912625,0.017885,-0.393115,0.478305,-0.066101,-0.081945,0.552025,0.279347,-0.371424,0.260518,-0.420166,-0.096885,0.137225,0.248019,-0.220590,1.031796,0.009628,-0.222559,1.246006,0.018351,-0.202183,1.487185,0.036137,-0.187795,1.584996,0.068191,-0.240123,1.437416,0.043713,-0.172116,1.433128,0.024004,-0.371214,1.390388,0.097888,-0.045535,1.365716,-0.015406,-0.461452,1.122770,0.165913,-0.003038,1.088645,-0.094204,-0.364114,0.927199,0.345447,0.042698,0.809785,-0.104489,-0.386760,0.084563,-0.450009,-0.074681,0.052284,0.404155,,,,,,,,,,-0.343911,0.930996,0.359628,-0.309793,0.905309,0.391631,-0.295930,0.879667,0.412546,-0.326286,0.886061,0.423798,-0.308818,0.856790,0.437893,-0.293827,0.834850,0.439546,-0.346271,0.870932,0.418324,-0.329902,0.836346,0.427244,-0.317172,0.813505,0.426087,-0.362841,0.859100,0.412540,-0.348637,0.825229,0.419939,-0.337411,0.805707,0.415473,-0.377484,0.848669,0.400084,-0.363387,0.819324,0.404338,-0.351336,0.800724,0.399308,0.030156,0.792304,-0.091811,-0.007731,0.756549,-0.103393,-0.025705,0.734712,-0.125472,0.011146,0.720747,-0.122891,-0.015546,0.701404,-0.139442,-0.039698,0.699252,-0.150443,0.020771,0.728314,-0.145438,-0.005019,0.707761,-0.166793,-0.028298,0.710528,-0.178445,0.028754,0.735885,-0.163521,0.003217,0.718529,-0.184746,-0.016997,0.726486,-0.192162,0.034042,0.749703,-0.179629,0.010465,0.735870,-0.197812,-0.010209,0.737940,-0.207037,,,
60,2.000,-0.217255,0.918240,0.063205,-0.336991,0.919918,0.056418,-0.097519,0.916562,0.069993,-0.399403,0.478559,0.068232,-0.072892,0.543393,0.312834,-0.378842,0.290575,-0.302581,-0.094090,0.132049,0.252751,-0.215701,1.035461,0.064787,-0.218945,1.249568,0.075437,-0.201382,1.490713,0.096392,-0.187627,1.588315,0.129349,-0.239009,1.440503,0.102467,-0.170495,1.437086,0.084416,-0.370897,1.391565,0.152886,-0.043115,1.369927,0.047208,-0.452975,1.117887,0.205357,0.006007,1.090106,-0.016594,-0.388678,0.891235,0.361722,0.053822,0.811753,-0.002676,-0.396737,0.118072,-0.347395,-0.069414,0.047485,0.408720,,,,,,,,,,-0.369504,0.891176,0.377722,-0.339097,0.858088,0.406507,-0.327538,0.828516,0.423212,-0.358845,0.834112,0.433199,-0.343670,0.801757,0.442334,-0.329747,0.779132,0.440575,-0.378957,0.821416,0.423577,-0.364923,0.784840,0.426577,-0.353206,0.761931,0.421786,-0.395504,0.811821,0.414516,-0.383283,0.776432,0.415919,-0.372563,0.757570,0.408405,-0.409553,0.804740,0.399322,-0.397517,0.774204,0.398516,-0.386191,0.756139,0.390651,0.042509,0.795108,0.012109,0.007093,0.755785,0.005225,-0.009367,0.730345,-0.013989,0.028301,0.719256,-0.010075,0.002289,0.696932,-0.023700,-0.021913,0.692470,-0.033863,0.037352,0.724710,-0.033455,0.012153,0.700848,-0.051873,-0.011406,0.701386,-0.063276,0.044772,0.730590,-0.052385,0.019808,0.709728,-0.070972,-0.000888,0.715853,-0.078789,0.049087,0.742714,-0.070071,0.026053,0.725657,-0.086080,0.005170,0.725569,-0.095063,,,
61,2.033,-0.214574,0.926461,0.117031,-0.334407,0.927752,0.112163,-0.094739,0.925170,0.121899,-0.399547,0.493819,0.191486,-0.072731,0.535160,0.336934,-0.375526,0.300141,-0.176176,-0.092606,0.126791,0.258811,-0.213383,1.043683,0.118799,-0.217076,1.257665,0.131595,-0.201982,1.498514,0.157344,-0.190147,1.595711,0.192187,-0.239554,1.448012,0.160785,-0.170237,1.445257,0.145973,-0.373068,1.396718,0.204079,-0.040874,1.379157,0.114097,-0.447027,1.118140,0.240329,0.013970,1.097235,0.066179,-0.417576,0.866535,0.365959,0.060443,0.821214,0.106341,-0.398771,0.124339,-0.201462,-0.066916,0.042320,0.414667,,,,,,,,,,-0.398823,0.861387,0.381626,-0.370634,0.820513,0.401189,-0.360396,0.787271,0.409979,-0.392078,0.791445,0.420488,-0.378256,0.757246,0.420571,-0.365147,0.735416,0.412798,-0.412492,0.782683,0.407651,-0.400117,0.746079,0.400525,-0.389323,0.724854,0.389658,-0.429222,0.776591,0.396206,-0.418493,0.741649,0.387978,-0.408412,0.725087,0.375683,-0.443193,0.774390,0.379523,-0.432918,0.744534,0.370522,-0.422478,0.728638,0.358080,0.050589,0.806327,0.123802,0.017678,0.764318,0.124012,0.002116,0.735224,0.109916,0.040877,0.727269,0.113643,0.016440,0.701225,0.104418,-0.007538,0.693464,0.095829,0.049010,0.729680,0.089430,0.025085,0.701709,0.075690,0.001288,0.698955,0.065135,0.055592,0.733082,0.069603,0.031945,0.707935,0.055032,0.010733,0.711355,0.046952,0.058695,0.742643,0.050177,0.036841,0.721828,0.037255,0.015941,0.718961,0.028785,,,
62,2.067,-0.215998,0.939527,0.170567,-0.335857,0.940588,0.166318,-0.096137,0.938465,0.174816,-0.403181,0.520386,0.299473,-0.082153,0.529812,0.352691,-0.370059,0.287877,-0.044193,-0.093909,0.123033,0.265189,-0.215029,1.056748,0.172532,-0.218165,1.270664,0.186532,-0.205405,1.511250,0.215755,-0.196400,1.608104,0.252357,-0.242931,1.460604,0.216508,-0.172879,1.458218,0.205609,-0.378224,1.407619,0.251435,-0.041292,1.393323,0.181244,-0.445907,1.125550,0.267118,0.018034,1.109762,0.151966,-0.444346,0.858356,0.359637,0.057148,0.838167,0.220279,-0.390582,0.109969,-0.040540,-0.068811,0.038768,0.421252,,,,,,,,,,-0.426156,0.848664,0.373738,-0.399645,0.803169,0.382421,-0.390017,0.768610,0.382732,-0.422392,0.770819,0.393066,-0.409347,0.737427,0.384385,-0.396537,0.718055,0.371367,-0.442707,0.766408,0.378029,-0.431166,0.732623,0.361624,-0.420695,0.714705,0.345675,-0.459302,0.764085,0.365098,-0.449261,0.732260,0.348065,-0.439298,0.719251,0.331984,-0.472895,0.766788,0.348178,-0.463454,0.740029,0.331661,-0.453278,0.727665,0.315535,0.047228,0.826067,0.239742,0.015472,0.783663,0.246178,0.000918,0.752171,0.237019,0.039939,0.746153,0.242621,0.017433,0.717355,0.237651,-0.005756,0.706664,0.230107,0.048663,0.744786,0.218531,0.026367,0.713756,0.209387,0.003023,0.708049,0.199004,0.055689,0.745071,0.198567,0.033874,0.716536,0.187904,0.012827,0.717354,0.178776,0.059060,0.751385,0.177899,0.038642,0.727766,0.167749,0.018269,0.722532,0.159126,,,
63,2.100,-0.221129,0.955458,0.222467,-0.340984,0.956326,0.218034,-0.101274,0.954590,0.226899,-0.407656,0.550584,0.390547,-0.095845,0.528743,0.359027,-0.367775,0.261798,0.093435,-0.097886,0.122212,0.269629,-0.220350,1.072682,0.224376,-0.222577,1.286511,0.239791,-0.212064,1.526948,0.271075,-0.206056,1.623633,0.308721,-0.249421,1.476192,0.269625,-0.178902,1.474071,0.262264,-0.386145,1.422330,0.296773,-0.045544,1.410380,0.245540,-0.449938,1.139047,0.288357,0.017182,1.126225,0.235316,-0.468753,0.863117,0.347209,0.043976,0.861328,0.330564,-0.387669,0.089013,0.136278,-0.074758,0.037850,0.425945,,,,,,,,,,-0.451328,0.850070,0.359447,-0.425697,0.803271,0.358496,-0.415734,0.769476,0.351732,-0.449229,0.769807,0.360402,-0.436154,0.738408,0.346127,-0.422830,0.721614,0.330339,-0.468874,0.769392,0.343905,-0.457140,0.739439,0.321347,-0.446196,0.724934,0.302508,-0.484880,0.770448,0.330096,-0.474769,0.742502,0.307280,-0.464344,0.732774,0.289285,-0.497654,0.777252,0.313697,-0.488222,0.754682,0.291797,-0.477713,0.746049,0.273590,0.031894,0.852304,0.350469,-0.000506,0.810976,0.359963,-0.014029,0.778220,0.354348,0.024097,0.773746,0.365148,0.003062,0.743528,0.362919,-0.018864,0.730671,0.354989,0.035472,0.768725,0.342705,0.014620,0.736005,0.336521,-0.007373,0.727998,0.324795,0.044700,0.765961,0.323859,0.024787,0.735283,0.315719,0.004940,0.733832,0.304276,0.050394,0.768983,0.302958,0.031604,0.743511,0.294246,0.012497,0.736418,0.284175,,,
64,2.133,-0.227843,0.970487,0.277800,-0.347675,0.971055,0.272736,-0.108012,0.969920,0.282864,-0.410429,0.575937,0.469653,-0.107722,0.531233,0.362777,-0.372315,0.227362,0.245362,-0.103080,0.123717,0.278083,-0.227351,1.087719,0.279285,-0.228888,1.301389,0.296852,-0.220852,1.541702,0.329772,-0.217499,1.638367,0.367799,-0.257853,1.490760,0.326667,-0.187098,1.489049,0.321921,-0.395171,1.435539,0.347304,-0.052406,1.426933,0.310966,-0.456123,1.153900,0.310509,0.014318,1.143565,0.316827,-0.486365,0.873917,0.336001,0.026823,0.887207,0.435504,-0.397210,0.072462,0.331804,-0.082289,0.038978,0.434522,,,,,,,,,,-0.469618,0.858811,0.346724,-0.443440,0.812987,0.338793,-0.432263,0.781039,0.326895,-0.466657,0.779768,0.332906,-0.452696,0.750160,0.315903,-0.438197,0.735227,0.299301,-0.485188,0.782440,0.315364,-0.472162,0.755865,0.289521,-0.460041,0.744040,0.269563,-0.500277,0.786055,0.300969,-0.489266,0.761427,0.274969,-0.477925,0.754130,0.256388,-0.512042,0.795798,0.285314,-0.501613,0.777318,0.260260,-0.490206,0.771917,0.241360,0.011984,0.881007,0.454609,-0.021673,0.841022,0.465394,-0.034502,0.807611,0.462841,0.001729,0.805330,0.479417,-0.018462,0.774462,0.479222,-0.038952,0.759813,0.470590,0.016148,0.797255,0.459791,-0.003636,0.763542,0.455844,-0.023774,0.753384,0.442555,0.027944,0.791907,0.443050,0.009568,0.759814,0.437025,-0.008439,0.756106,0.423280,0.036566,0.791927,0.422949,0.019294,0.765032,0.415456,0.001875,0.756117,0.403886,,,
65,2.167,-0.233471,0.981331,0.320941,-0.353352,0.982258,0.317333,-0.113588,0.980405,0.324548,-0.407339,0.590226,0.522828,-0.115734,0.535480,0.354052,-0.374341,0.194791,0.397107,-0.109282,0.129263,0.263444,-0.232653,1.098533,0.323892,-0.233729,1.312105,0.342645,-0.229782,1.552617,0.374850,-0.228839,1.649423,0.412656,-0.266007,1.501176,0.370924,-0.195131,1.500391,0.368134,-0.403696,1.444987,0.385622,-0.059143,1.440469,0.362078,-0.461487,1.167132,0.323602,0.016513,1.160166,0.384219,-0.494428,0.886307,0.326321,0.020583,0.914187,0.523641,-0.402872,0.068790,0.521186,-0.088123,0.045362,0.420284,,,,,,,,,,-0.478020,0.871015,0.337302,-0.448787,0.827343,0.328020,-0.434568,0.797179,0.314787,-0.469515,0.793830,0.316863,-0.452497,0.766147,0.299409,-0.435653,0.753082,0.283460,-0.486369,0.797318,0.297836,-0.469682,0.773467,0.271446,-0.455137,0.763789,0.251956,-0.500158,0.801601,0.282360,-0.485732,0.779521,0.255749,-0.472401,0.774125,0.237853,-0.510848,0.812243,0.266522,-0.497303,0.796463,0.241115,-0.483961,0.793201,0.223009,0.004225,0.908187,0.541530,-0.029920,0.868090,0.550150,-0.042368,0.834566,0.547222,-0.007520,0.832862,0.566747,-0.027548,0.801924,0.565243,-0.047176,0.787081,0.555076,0.008572,0.824579,0.548561,-0.010775,0.790776,0.543391,-0.029686,0.780416,0.528547,0.021785,0.819047,0.532979,0.004080,0.786784,0.525943,-0.012690,0.782795,0.510783,0.032081,0.818797,0.513683,0.015566,0.791712,0.505228,-0.000806,0.782553,0.492388,,,
66,2.200,-0.237692,0.983820,0.373424,-0.357594,0.983922,0.370414,-0.117790,0.983718,0.376434,-0.399109,0.584601,0.564454,-0.117208,0.537863,0.369682,-0.376517,0.168966,0.565291,-0.112743,0.134902,0.265439,-0.237701,1.100982,0.377743,-0.237379,1.314469,0.397468,-0.237826,1.555096,0.429048,-0.239103,1.652065,0.466422,-0.273188,1.503150,0.424052,-0.202254,1.503336,0.423673,-0.410927,1.445765,0.432188,-0.064646,1.446906,0.423784,-0.461622,1.172998,0.346059,0.022562,1.171932,0.463378,-0.494149,0.892837,0.325892,0.013457,0.940657,0.625828,-0.409925,0.080550,0.717450,-0.090523,0.051316,0.422301,,,,,,,,,,-0.478326,0.877431,0.337551,-0.446561,0.835475,0.328682,-0.429815,0.806733,0.315242,-0.464685,0.802071,0.313420,-0.444978,0.776112,0.296146,-0.426144,0.764640,0.281231,-0.479664,0.806211,0.293006,-0.459441,0.784659,0.267116,-0.442614,0.776733,0.248700,-0.491986,0.811017,0.276481,-0.474090,0.791186,0.250210,-0.458823,0.787395,0.233486,-0.501448,0.822295,0.260305,-0.484739,0.808637,0.235562,-0.469489,0.806994,0.218792,-0.004670,0.934930,0.642021,-0.038904,0.894469,0.648260,-0.050904,0.860773,0.645438,-0.017899,0.860266,0.668440,-0.037588,0.829245,0.665188,-0.055862,0.814138,0.653071,0.000227,0.851705,0.652427,-0.018213,0.817629,0.645920,-0.035252,0.806774,0.629271,0.015163,0.845923,0.638588,-0.001574,0.813402,0.630457,-0.016554,0.808961,0.613639,0.027521,0.845236,0.620555,0.011936,0.817881,0.611249,-0.003020,0.808322,0.597045,,,
67,2.233,-0.240949,0.977661,0.423054,-0.360819,0.974222,0.420823,-0.121079,0.981100,0.425285,-0.393768,0.580126,0.626821,-0.111000,0.535901,0.402300,-0.388790,0.175844,0.725791,-0.109864,0.142271,0.266958,-0.244406,1.094735,0.428281,-0.241300,1.308195,0.448052,-0.246996,1.548866,0.478773,-0.250062,1.645990,0.515640,-0.281263,1.496313,0.472624,-0.210379,1.497703,0.474920,-0.418567,1.437365,0.474668,-0.071413,1.445193,0.482086,-0.458206,1.170161,0.367801,0.027882,1.178192,0.542375,-0.486964,0.891999,0.325922,0.009535,0.961093,0.722629,-0.425083,0.126934,0.894245,-0.087649,0.056073,0.422402,,,,,,,,,,-0.472176,0.876346,0.338569,-0.438676,0.835423,0.331422,-0.419793,0.807636,0.318833,-0.454238,0.802456,0.312760,-0.432253,0.777625,0.296613,-0.411679,0.767147,0.283356,-0.466963,0.807284,0.291011,-0.443576,0.787286,0.266580,-0.424673,0.780495,0.249798,-0.477493,0.812642,0.273449,-0.456375,0.794394,0.248453,-0.439284,0.791663,0.233368,-0.485367,0.824498,0.256841,-0.465690,0.812315,0.233553,-0.448632,0.811728,0.218547,-0.010214,0.955991,0.737036,-0.044263,0.915211,0.742095,-0.056181,0.881403,0.740544,-0.025120,0.882896,0.766743,-0.044167,0.851564,0.762730,-0.060787,0.835684,0.749294,-0.005156,0.873754,0.753470,-0.022348,0.839043,0.746896,-0.037216,0.826963,0.729055,0.011345,0.867449,0.741810,-0.004190,0.834332,0.733698,-0.017132,0.828791,0.715567,0.025677,0.865894,0.725361,0.011138,0.837939,0.716145,-0.002220,0.827454,0.701033,,,
68,2.267,-0.243956,0.965835,0.478470,-0.363696,0.958945,0.477827,-0.124215,0.972725,0.479112,-0.391359,0.578711,0.709105,-0.104755,0.529321,0.436141,-0.409538,0.193388,0.865499,-0.106757,0.147754,0.269807,-0.250713,1.082741,0.484215,-0.246278,1.296281,0.502834,-0.256480,1.536992,0.532039,-0.260798,1.634254,0.568412,-0.289760,1.483899,0.525149,-0.219006,1.486366,0.529575,-0.426767,1.424306,0.522132,-0.079841,1.435833,0.543710,-0.455464,1.162666,0.399206,0.028055,1.178428,0.626686,-0.480570,0.887916,0.337259,0.001725,0.973599,0.819850,-0.447641,0.185156,1.040331,-0.084283,0.058187,0.423296,,,,,,,,,,-0.466912,0.871698,0.350453,-0.432284,0.831533,0.344483,-0.411858,0.804673,0.332299,-0.445412,0.799546,0.322536,-0.421193,0.776484,0.306974,-0.399113,0.767500,0.295118,-0.455945,0.805491,0.299909,-0.429740,0.787586,0.276748,-0.409091,0.782269,0.261568,-0.464725,0.811745,0.281694,-0.440649,0.795701,0.257889,-0.422030,0.794361,0.244523,-0.471052,0.824456,0.265056,-0.448898,0.814049,0.243172,-0.430416,0.814645,0.229961,-0.019178,0.969309,0.832822,-0.052728,0.928221,0.838665,-0.064230,0.894243,0.839416,-0.035329,0.898935,0.867954,-0.053443,0.866946,0.864926,-0.068448,0.849579,0.851427,-0.014034,0.889164,0.857498,-0.029840,0.853523,0.852654,-0.042711,0.839467,0.834707,0.003607,0.882268,0.848052,-0.010580,0.848198,0.841580,-0.021669,0.840760,0.822908,0.019442,0.879586,0.833204,0.006131,0.850588,0.825476,-0.005684,0.838444,0.810319,,,
69,2.300,-0.247841,0.950668,0.537450,-0.367491,0.942466,0.538943,-0.128191,0.958871,0.535957,-0.391846,0.582400,0.800844,-0.103758,0.518911,0.467609,-0.421570,0.206578,0.977302,-0.107723,0.151385,0.272232,-0.255770,1.067472,0.543745,-0.252406,1.281128,0.561227,-0.264567,1.521908,0.589083,-0.269551,1.619324,0.624952,-0.297401,1.468581,0.581873,-0.226752,1.471501,0.587516,-0.434454,1.409449,0.574709,-0.088187,1.421205,0.607279,-0.455369,1.151749,0.442259,0.024653,1.173028,0.709550,-0.479385,0.881303,0.363281,-0.005591,0.976791,0.910886,-0.459373,0.231827,1.150563,-0.084007,0.059984,0.424448,,,,,,,,,,-0.466464,0.864419,0.376381,-0.431255,0.824769,0.370363,-0.409779,0.798648,0.358380,-0.442770,0.794016,0.345891,-0.416409,0.774130,0.329450,-0.393279,0.767737,0.317921,-0.451914,0.801182,0.323015,-0.423522,0.786372,0.300248,-0.401750,0.783199,0.286071,-0.459586,0.808417,0.304663,-0.433102,0.795450,0.281549,-0.413517,0.796008,0.269581,-0.464951,0.822018,0.288396,-0.441061,0.813489,0.267550,-0.421703,0.815283,0.255780,-0.027066,0.972711,0.922961,-0.059407,0.930894,0.930271,-0.069287,0.896518,0.933111,-0.042752,0.904795,0.962824,-0.059505,0.871969,0.961288,-0.073027,0.853026,0.948355,-0.020531,0.895090,0.954439,-0.034637,0.858523,0.951691,-0.045851,0.842564,0.934231,-0.002119,0.888179,0.946612,-0.014655,0.853162,0.942082,-0.024313,0.843852,0.923455,0.014663,0.884958,0.932961,0.002815,0.854921,0.927026,-0.007679,0.841104,0.912338,,,
70,2.333,-0.252798,0.936835,0.598849,-0.372435,0.928904,0.601943,-0.133160,0.944765,0.595756,-0.396398,0.571486,0.867482,-0.108189,0.510195,0.499023,-0.419423,0.195295,1.044156,-0.110269,0.157107,0.278596,-0.260376,1.053656,0.605248,-0.259121,1.267341,0.622645,-0.272349,1.508049,0.650639,-0.278292,1.605497,0.686277,-0.304915,1.454674,0.642620,-0.234412,1.457716,0.649815,-0.441479,1.395084,0.631188,-0.096316,1.408201,0.674271,-0.456055,1.138114,0.496489,0.018173,1.165605,0.787512,-0.479562,0.871633,0.404890,-0.010251,0.972558,0.992171,-0.452180,0.215810,1.219062,-0.086000,0.059540,0.426846,,,,,,,,,,-0.466777,0.854127,0.417288,-0.431240,0.815030,0.409769,-0.409447,0.789719,0.396669,-0.442144,0.785591,0.383469,-0.415051,0.767796,0.365865,-0.391651,0.762989,0.354113,-0.450924,0.793941,0.360853,-0.421768,0.781263,0.337769,-0.399662,0.779492,0.323866,-0.458312,0.802121,0.342784,-0.431002,0.791202,0.319575,-0.411152,0.792914,0.308165,-0.463467,0.816556,0.327182,-0.438976,0.809379,0.306527,-0.419346,0.811958,0.295369,-0.031976,0.968689,1.003863,-0.063342,0.926530,1.013173,-0.072033,0.892073,1.018130,-0.047002,0.903305,1.047986,-0.062788,0.869969,1.048248,-0.075358,0.849787,1.036263,-0.024261,0.893712,1.040978,-0.037176,0.856610,1.040482,-0.047352,0.839102,1.023892,-0.005422,0.886830,1.034215,-0.016836,0.851227,1.031757,-0.025628,0.840383,1.013534,0.011869,0.883165,1.021332,0.001045,0.852442,1.017240,-0.008599,0.837311,1.003282,,,
71,2.367,-0.258766,0.924613,0.662982,-0.378521,0.918673,0.666005,-0.139012,0.930553,0.659958,-0.400034,0.552788,0.919969,-0.117815,0.503790,0.532458,-0.413025,0.169416,1.081587,-0.113057,0.165168,0.290433,-0.264461,1.041637,0.667311,-0.265687,1.255496,0.682427,-0.280930,1.496311,0.708398,-0.288758,1.593992,0.743017,-0.312979,1.442717,0.699774,-0.242737,1.446169,0.709040,-0.448419,1.381188,0.685571,-0.104833,1.398553,0.737942,-0.460209,1.121461,0.555984,0.010142,1.156918,0.852734,-0.483880,0.855685,0.462401,-0.010596,0.960492,1.055087,-0.436728,0.152297,1.258311,-0.087810,0.055199,0.429558,,,,,,,,,,-0.471030,0.837432,0.473597,-0.436730,0.797900,0.463169,-0.416212,0.772753,0.447880,-0.449332,0.769762,0.436213,-0.423370,0.752214,0.416754,-0.400586,0.747458,0.403827,-0.458791,0.779183,0.414303,-0.430836,0.766714,0.389671,-0.409315,0.764956,0.374878,-0.466687,0.788225,0.396871,-0.440520,0.777639,0.372234,-0.421079,0.779362,0.360143,-0.472111,0.803371,0.382053,-0.448496,0.796354,0.360350,-0.429187,0.798846,0.348626,-0.032276,0.956728,1.066895,-0.062773,0.914405,1.078151,-0.070317,0.879945,1.084705,-0.046070,0.893245,1.114089,-0.060974,0.859595,1.116559,-0.073055,0.838371,1.105949,-0.023105,0.883814,1.107614,-0.035065,0.846428,1.109300,-0.044787,0.827721,1.093780,-0.004100,0.877017,1.101241,-0.014510,0.841027,1.100840,-0.022961,0.828915,1.083266,0.013313,0.873106,1.088597,0.003572,0.841848,1.086178,-0.005487,0.825672,1.073022,,,
72,2.400,-0.265918,0.914738,0.730204,-0.385767,0.910187,0.731291,-0.146069,0.919289,0.729117,-0.402705,0.535666,0.972704,-0.128413,0.504377,0.566732,-0.408580,0.143000,1.110695,-0.112313,0.178962,0.307678,-0.270340,1.031862,0.733064,-0.274095,1.245959,0.743739,-0.290206,1.487348,0.762988,-0.300587,1.585610,0.795211,-0.321970,1.433504,0.754883,-0.252013,1.437292,0.765993,-0.456635,1.370647,0.739207,-0.114471,1.391010,0.798554,-0.470598,1.106048,0.620118,-0.002030,1.145881,0.908339,-0.496574,0.837043,0.536950,-0.013674,0.940884,1.102763,-0.431170,0.084884,1.278619,-0.085772,0.047342,0.426244,,,,,,,,,,-0.483641,0.818282,0.547169,-0.451295,0.777836,0.534292,-0.432774,0.752380,0.517083,-0.466394,0.750397,0.507903,-0.442220,0.732375,0.486656,-0.420440,0.727133,0.472270,-0.476875,0.760345,0.486703,-0.450749,0.747310,0.460412,-0.430166,0.745068,0.444399,-0.485535,0.769818,0.469873,-0.461177,0.758749,0.443644,-0.442434,0.760030,0.430447,-0.491378,0.785286,0.455555,-0.469183,0.777656,0.432596,-0.450454,0.779584,0.419868,-0.035322,0.937253,1.114672,-0.065676,0.895034,1.126679,-0.072337,0.860491,1.133736,-0.048846,0.874513,1.162927,-0.063159,0.840818,1.167440,-0.075101,0.818885,1.158207,-0.025866,0.865042,1.156564,-0.037347,0.827625,1.159984,-0.047016,0.808141,1.145417,-0.006853,0.858196,1.150268,-0.016607,0.822037,1.151376,-0.024959,0.809085,1.134364,0.010548,0.854128,1.137656,0.001625,0.822568,1.136173,-0.007037,0.805833,1.123457,,,
73,2.433,-0.275674,0.908662,0.794428,-0.395561,0.905285,0.793241,-0.155788,0.912039,0.795615,-0.416693,0.535119,1.040957,-0.129917,0.496033,0.637178,-0.414123,0.129490,1.134346,-0.108376,0.197017,0.348407,-0.278990,1.025847,0.795936,-0.285830,1.240004,0.803397,-0.299722,1.481970,0.815975,-0.312153,1.580853,0.845458,-0.331935,1.428240,0.808961,-0.262070,1.431643,0.820752,-0.466801,1.365739,0.793588,-0.125200,1.384595,0.855005,-0.489263,1.096487,0.686871,-0.018603,1.131564,0.951939,-0.521973,0.823480,0.620898,-0.021226,0.913740,1.132233,-0.437602,0.041792,1.288761,-0.081240,0.037440,0.425122,,,,,,,,,,-0.508981,0.805008,0.631558,-0.477470,0.763643,0.619557,-0.459966,0.737369,0.602515,-0.493607,0.735299,0.594789,-0.470196,0.716382,0.573466,-0.448907,0.710476,0.558610,-0.504555,0.744468,0.573474,-0.479180,0.730135,0.547121,-0.459012,0.727056,0.530724,-0.513565,0.753325,0.556493,-0.489963,0.740902,0.530179,-0.471539,0.741417,0.516490,-0.519623,0.768242,0.541688,-0.497856,0.759111,0.518867,-0.479285,0.760068,0.505802,-0.042875,0.910386,1.144220,-0.074081,0.868648,1.155717,-0.081775,0.834222,1.162275,-0.057488,0.847156,1.191509,-0.072116,0.813697,1.196708,-0.084516,0.791803,1.188000,-0.034762,0.837291,1.184840,-0.046755,0.800066,1.188589,-0.056928,0.780609,1.174333,-0.015943,0.830135,1.178307,-0.026104,0.794094,1.179582,-0.034793,0.781198,1.162696,0.001286,0.825898,1.165517,-0.007940,0.794437,1.163816,-0.016839,0.777830,1.151096,,,
74,2.467,-0.286889,0.906050,0.855563,-0.406761,0.903286,0.852629,-0.167017,0.908814,0.858498,-0.437112,0.546295,1.118088,-0.118766,0.478992,0.750066,-0.421294,0.130809,1.137707,-0.100142,0.223003,0.422368,-0.289596,1.023261,0.855732,-0.297064,1.237449,0.861500,-0.310990,1.479577,0.870376,-0.324710,1.578790,0.898129,-0.343204,1.425738,0.864258,-0.273316,1.429338,0.875851,-0.477868,1.362187,0.851675,-0.136384,1.382212,0.909751,-0.509333,1.088603,0.759199,-0.031699,1.121318,0.985639,-0.546652,0.811637,0.716161,-0.021633,0.888485,1.145789,-0.447354,0.043391,1.291866,-0.081650,0.044991,0.429844,,,,,,,,,,-0.533651,0.794264,0.728521,-0.502656,0.751568,0.720498,-0.486173,0.723680,0.705080,-0.519387,0.720936,0.699074,-0.496677,0.699686,0.679242,-0.475817,0.692030,0.664578,-0.530576,0.727920,0.677067,-0.505688,0.710683,0.652024,-0.485780,0.705723,0.635770,-0.539767,0.735030,0.659377,-0.516769,0.719553,0.634172,-0.498584,0.718349,0.620209,-0.545924,0.748367,0.643172,-0.524251,0.736409,0.621602,-0.505676,0.735589,0.608534,-0.042949,0.884500,1.158172,-0.073881,0.842209,1.168305,-0.081987,0.807620,1.173329,-0.056341,0.818864,1.202446,-0.070677,0.785135,1.206618,-0.083270,0.763579,1.197357,-0.033819,0.809367,1.194645,-0.045526,0.771954,1.197258,-0.056069,0.752981,1.182625,-0.015196,0.802569,1.187231,-0.025234,0.766471,1.187108,-0.034380,0.754328,1.169909,0.001671,0.799015,1.173768,-0.007538,0.767645,1.170774,-0.016753,0.751625,1.157537,,,
75,2.500,-0.297237,0.907627,0.915433,-0.417059,0.905365,0.910613,-0.177415,0.909889,0.920253,-0.451751,0.544837,1.170708,-0.111307,0.470229,0.886176,-0.425736,0.130458,1.141100,-0.097380,0.262022,0.526010,-0.299411,1.024844,0.914460,-0.306038,1.239083,0.919337,-0.319269,1.481282,0.927297,-0.333466,1.580499,0.954791,-0.351685,1.427496,0.921805,-0.281654,1.430974,0.932545,-0.486208,1.363058,0.912726,-0.144495,1.383103,0.964423,-0.526924,1.085502,0.837264,-0.043945,1.115376,1.019153,-0.566833,0.805972,0.822252,-0.025452,0.869933,1.158353,-0.453319,0.043108,1.295032,-0.077638,0.088597,0.485755,,,,,,,,,,-0.554063,0.789749,0.836301,-0.524142,0.745709,0.832672,-0.509436,0.716145,0.818641,-0.541838,0.713325,0.814914,-0.520325,0.689101,0.797279,-0.500070,0.679007,0.783256,-0.553158,0.718125,0.792396,-0.529106,0.697519,0.769145,-0.509580,0.690226,0.753313,-0.562421,0.723476,0.774132,-0.540518,0.704351,0.750504,-0.522694,0.700869,0.736459,-0.568492,0.735105,0.756631,-0.547217,0.720089,0.736634,-0.528726,0.717189,0.723744,-0.046418,0.865195,1.171066,-0.077271,0.822424,1.179236,-0.085014,0.787505,1.182074,-0.058864,0.796763,1.211188,-0.073264,0.762862,1.213167,-0.086199,0.742114,1.202623,-0.036633,0.787737,1.202099,-0.048333,0.750233,1.202582,-0.059346,0.732262,1.187056,-0.018274,0.781391,1.193694,-0.028487,0.745416,1.191371,-0.038186,0.734510,1.173653,-0.001829,0.778695,1.179526,-0.011204,0.747582,1.174849,-0.020855,0.732426,1.160923,,,
76,2.533,-0.306178,0.912588,0.973738,-0.425876,0.911023,0.966288,-0.186480,0.914153,0.981188,-0.461256,0.538831,1.209299,-0.116777,0.475607,1.021832,-0.429642,0.128567,1.146469,-0.104477,0.289518,0.649699,-0.307586,1.029804,0.971739,-0.312726,1.244092,0.976201,-0.323259,1.486363,0.985835,-0.336354,1.585477,1.014230,-0.356370,1.432933,0.981059,-0.286011,1.435655,0.989662,-0.490962,1.368187,0.976135,-0.148410,1.386344,1.017133,-0.539686,1.087299,0.920296,-0.055287,1.113304,1.056640,-0.580252,0.807953,0.936880,-0.027964,0.858074,1.175265,-0.459084,0.041673,1.300316,-0.066785,0.119849,0.606365,,,,,,,,,,-0.567550,0.792944,0.952275,-0.538457,0.748206,0.952572,-0.525034,0.717227,0.940436,-0.556984,0.714579,0.938315,-0.536557,0.687895,0.923107,-0.516878,0.675667,0.909991,-0.568565,0.717368,0.915592,-0.545496,0.693790,0.894247,-0.526460,0.684344,0.878966,-0.578014,0.721081,0.897020,-0.557091,0.698949,0.875198,-0.539635,0.693496,0.861318,-0.584151,0.731056,0.878547,-0.563520,0.713665,0.859842,-0.545308,0.709100,0.847036,-0.048603,0.852435,1.188144,-0.079308,0.809184,1.194027,-0.085837,0.773904,1.194273,-0.060126,0.781304,1.223573,-0.074571,0.747366,1.223202,-0.087795,0.727539,1.211327,-0.038153,0.772955,1.213290,-0.049890,0.735514,1.211285,-0.061312,0.718763,1.194724,-0.020027,0.767230,1.203980,-0.030323,0.731513,1.199270,-0.040469,0.721943,1.181038,-0.003958,0.765558,1.189236,-0.013256,0.734760,1.182689,-0.023162,0.720514,1.168002,,,
77,2.567,-0.313021,0.921103,1.030792,-0.432565,0.920281,1.021093,-0.193476,0.921926,1.040492,-0.463590,0.530469,1.235374,-0.126941,0.494672,1.149395,-0.431454,0.124229,1.150521,-0.117421,0.292576,0.785623,-0.313594,1.038309,1.027922,-0.317232,1.252629,1.032334,-0.324971,1.494895,1.044406,-0.335471,1.593954,1.074049,-0.358784,1.441812,1.040848,-0.288064,1.443820,1.045982,-0.493414,1.376983,1.042705,-0.149762,1.392972,1.066163,-0.547307,1.093514,1.009080,-0.063641,1.115897,1.090583,-0.583512,0.817710,1.059839,-0.023970,0.853335,1.187784,-0.461883,0.037003,1.303987,-0.073311,0.120386,0.763464,,,,,,,,,,-0.570185,0.804335,1.076183,-0.541512,0.759495,1.080081,-0.528955,0.727161,1.070914,-0.561030,0.724756,1.070620,-0.541643,0.696075,1.057885,-0.522728,0.682006,1.045513,-0.573714,0.725153,1.048322,-0.552054,0.698856,1.028751,-0.533934,0.687367,1.013759,-0.584053,0.726902,1.029936,-0.564283,0.702373,1.009657,-0.547535,0.695319,0.995627,-0.591022,0.734836,1.010782,-0.571563,0.715407,0.992844,-0.554110,0.709406,0.979582,-0.043672,0.846360,1.201452,-0.073368,0.802242,1.205884,-0.078464,0.766805,1.203517,-0.051981,0.772541,1.231936,-0.065815,0.738387,1.230281,-0.079476,0.719105,1.218011,-0.030599,0.765396,1.219687,-0.042010,0.728025,1.215593,-0.054283,0.712396,1.198551,-0.013028,0.760724,1.208850,-0.022976,0.725210,1.202245,-0.034107,0.716750,1.184039,0.002091,0.760471,1.193047,-0.006867,0.730030,1.184624,-0.017312,0.716728,1.169434,,,
78,2.600,-0.316773,0.932000,1.086665,-0.436235,0.931910,1.075967,-0.197311,0.932090,1.097363,-0.458631,0.523378,1.253260,-0.132730,0.523318,1.263397,-0.430685,0.119865,1.154977,-0.131133,0.284308,0.922611,-0.316550,1.049190,1.083194,-0.319269,1.263526,1.087485,-0.325019,1.505788,1.100711,-0.332508,1.604811,1.131368,-0.359263,1.452894,1.098875,-0.288357,1.454516,1.100077,-0.493886,1.388881,1.109385,-0.149585,1.402251,1.111523,-0.550613,1.104172,1.098765,-0.068744,1.122566,1.116498,-0.574931,0.835727,1.184211,-0.016692,0.854279,1.189115,-0.460324,0.032684,1.308623,-0.095852,0.108864,0.930416,,,,,,,,,,-0.560155,0.824414,1.200863,-0.531192,0.780143,1.207875,-0.518864,0.746872,1.202561,-0.551449,0.744686,1.204757,-0.532891,0.714607,1.194199,-0.514937,0.699067,1.182159,-0.566112,0.742360,1.183833,-0.546147,0.713682,1.165870,-0.529381,0.700291,1.150880,-0.578084,0.741850,1.166386,-0.559747,0.715299,1.147346,-0.544172,0.706818,1.132764,-0.586780,0.747341,1.147082,-0.569094,0.725738,1.129806,-0.552976,0.718089,1.115728,-0.034595,0.845661,1.204242,-0.063184,0.800743,1.207840,-0.068090,0.765582,1.202641,-0.038635,0.769152,1.228277,-0.051806,0.734788,1.225792,-0.066483,0.716034,1.213883,-0.018774,0.763616,1.213008,-0.030219,0.726517,1.206983,-0.044282,0.712160,1.190208,-0.002553,0.760332,1.199812,-0.012572,0.725223,1.191394,-0.025625,0.718011,1.173942,0.010612,0.761865,1.182413,0.001365,0.732083,1.172149,-0.010474,0.719958,1.156996,,,
79,2.633,-0.316793,0.944406,1.142490,-0.436209,0.945142,1.131312,-0.197378,0.943669,1.153668,-0.451133,0.520556,1.266726,-0.139001,0.556706,1.367406,-0.428973,0.119268,1.158374,-0.142758,0.273468,1.062405,-0.315716,1.061581,1.138701,-0.318851,1.275928,1.142088,-0.322035,1.518256,1.154952,-0.326592,1.617260,1.186241,-0.356738,1.465630,1.155009,-0.285853,1.466695,1.152579,-0.491361,1.403611,1.174024,-0.147356,1.412586,1.155925,-0.550804,1.119485,1.185375,-0.072599,1.131598,1.140413,-0.557435,0.862945,1.304113,-0.014690,0.859086,1.188833,-0.457572,0.032483,1.312441,-0.115154,0.103253,1.110895,,,,,,,,,,-0.540614,0.853920,1.320213,-0.510227,0.811012,1.329352,-0.496842,0.777754,1.327970,-0.530057,0.775385,1.333194,-0.511988,0.744391,1.324622,-0.495066,0.727608,1.312757,-0.547013,0.770336,1.314613,-0.528690,0.739659,1.298275,-0.513501,0.724513,1.283276,-0.560925,0.767545,1.298907,-0.544184,0.739067,1.281229,-0.530152,0.729055,1.266065,-0.571909,0.770475,1.280222,-0.556144,0.746780,1.263852,-0.541724,0.737384,1.249011,-0.030713,0.849289,1.205291,-0.060029,0.804790,1.208187,-0.066793,0.770460,1.200246,-0.034044,0.770792,1.221868,-0.048147,0.736910,1.218171,-0.064711,0.719460,1.206766,-0.016561,0.766492,1.203589,-0.029823,0.730366,1.195671,-0.046425,0.717951,1.179686,-0.002339,0.764285,1.188069,-0.014226,0.730260,1.177829,-0.029644,0.724911,1.161685,0.008459,0.767362,1.169298,-0.002700,0.738859,1.157431,-0.016642,0.728384,1.142847,,,
80,2.667,-0.316237,0.955549,1.198924,-0.435568,0.957128,1.186955,-0.196906,0.953970,1.210892,-0.442979,0.520034,1.274852,-0.144991,0.590734,1.464263,-0.426746,0.121023,1.157420,-0.149950,0.259583,1.212115,-0.314315,1.072717,1.195226,-0.317781,1.287064,1.198251,-0.317670,1.529412,1.211147,-0.319171,1.628311,1.243055,-0.352912,1.477173,1.212866,-0.282213,1.477453,1.207088,-0.487366,1.417526,1.239245,-0.144596,1.421196,1.202964,-0.549856,1.135559,1.270533,-0.076815,1.140360,1.166628,-0.532089,0.895776,1.419341,-0.018029,0.864943,1.192132,-0.454122,0.033479,1.311280,-0.124290,0.108668,1.305133,,,,,,,,,,-0.512950,0.889435,1.434076,-0.479460,0.849134,1.444190,-0.464010,0.816778,1.445439,-0.496769,0.813548,1.454741,-0.478143,0.782409,1.448106,-0.461805,0.764861,1.436531,-0.515614,0.805621,1.439241,-0.497863,0.773759,1.424631,-0.483848,0.757353,1.409815,-0.531204,0.800400,1.425910,-0.515378,0.770375,1.410043,-0.502818,0.758906,1.394621,-0.544562,0.800593,1.408592,-0.529846,0.775497,1.393373,-0.516948,0.764761,1.378047,-0.032645,0.854308,1.209363,-0.064229,0.811339,1.211379,-0.074026,0.778439,1.200939,-0.039078,0.774778,1.218381,-0.055579,0.742215,1.213098,-0.074399,0.726915,1.202111,-0.024131,0.771531,1.197782,-0.040524,0.737182,1.188031,-0.059631,0.727405,1.173044,-0.011964,0.770241,1.180511,-0.027113,0.738144,1.168503,-0.044605,0.735332,1.153905,-0.003225,0.774719,1.160966,-0.017393,0.748194,1.147794,-0.033527,0.739995,1.134036,,,
81,2.700,-0.315830,0.962464,1.254171,-0.435052,0.964783,1.241283,-0.196607,0.960146,1.267059,-0.434567,0.520687,1.281424,-0.150058,0.619543,1.551058,-0.424681,0.123978,1.155773,-0.153232,0.244476,1.370564,-0.313220,1.079637,1.251115,-0.316957,1.293953,1.255624,-0.313073,1.536171,1.270259,-0.311629,1.634814,1.302953,-0.348887,1.484377,1.273189,-0.278523,1.483795,1.264228,-0.482965,1.427105,1.305969,-0.142102,1.425721,1.252528,-0.549930,1.148564,1.354141,-0.081861,1.146775,1.194699,-0.499863,0.930500,1.527047,-0.025880,0.869637,1.199315,-0.450700,0.036020,1.309631,-0.125562,0.125549,1.501625,,,,,,,,,,-0.478873,0.927096,1.540141,-0.442176,0.890062,1.551537,-0.424497,0.859087,1.555427,-0.456105,0.855592,1.568714,-0.436432,0.824669,1.564550,-0.420355,0.806348,1.553842,-0.476057,0.844786,1.556739,-0.458128,0.811937,1.544772,-0.444837,0.794178,1.530878,-0.492697,0.837098,1.546156,-0.477054,0.805675,1.533054,-0.465617,0.792546,1.518090,-0.507880,0.834304,1.530661,-0.493530,0.807885,1.517468,-0.481802,0.795586,1.502379,-0.039656,0.857987,1.216582,-0.073571,0.816784,1.216938,-0.086179,0.785774,1.204024,-0.050244,0.778401,1.217866,-0.069244,0.747633,1.210591,-0.089862,0.734767,1.199714,-0.037279,0.776617,1.195799,-0.056591,0.744503,1.183997,-0.077456,0.737501,1.169821,-0.026682,0.776563,1.177476,-0.044854,0.746896,1.163567,-0.063644,0.746697,1.150381,-0.019326,0.782663,1.157802,-0.036206,0.758526,1.143302,-0.053927,0.752764,1.130281,,,
82,2.733,-0.314330,0.965296,1.308787,-0.433479,0.968344,1.295382,-0.195180,0.962248,1.322191,-0.429515,0.522466,1.292365,-0.158936,0.636020,1.624009,-0.422923,0.129713,1.154649,-0.151529,0.229734,1.533782,-0.311132,1.082481,1.307006,-0.315835,1.296715,1.313889,-0.307506,1.538647,1.331163,-0.303660,1.636941,1.364704,-0.343980,1.487376,1.335001,-0.274073,1.485826,1.323068,-0.477534,1.432585,1.373637,-0.139100,1.426415,1.303758,-0.550511,1.158720,1.437367,-0.087530,1.150879,1.224990,-0.466154,0.964481,1.624745,-0.036718,0.873058,1.211071,-0.447563,0.041250,1.308445,-0.123155,0.143393,1.688139,,,,,,,,,,-0.443840,0.963671,1.635928,-0.404824,0.929731,1.649113,-0.385379,0.900390,1.656055,-0.415654,0.898201,1.672899,-0.395331,0.867448,1.671540,-0.379735,0.848014,1.662165,-0.436292,0.885192,1.664955,-0.418339,0.851253,1.656612,-0.405785,0.831775,1.644441,-0.453613,0.875553,1.657533,-0.438180,0.842738,1.648110,-0.427799,0.827586,1.634335,-0.470162,0.869982,1.644363,-0.456071,0.842095,1.634276,-0.445349,0.827746,1.620289,-0.049776,0.860061,1.227930,-0.085365,0.820328,1.226284,-0.100242,0.791421,1.211105,-0.063740,0.781263,1.221333,-0.084787,0.752441,1.212012,-0.106728,0.741849,1.201272,-0.052409,0.781482,1.198315,-0.073976,0.751705,1.184466,-0.096065,0.747204,1.171157,-0.043106,0.783088,1.179371,-0.063652,0.755964,1.163685,-0.083307,0.758021,1.152006,-0.036856,0.791073,1.159991,-0.055914,0.769410,1.144328,-0.074792,0.765842,1.132177,,,
83,2.767,-0.312634,0.964788,1.365212,-0.431618,0.970303,1.351143,-0.193650,0.959273,1.379281,-0.429620,0.526886,1.304135,-0.173181,0.628831,1.677980,-0.423747,0.138798,1.153746,-0.149014,0.213445,1.689578,-0.307214,1.081905,1.365281,-0.314229,1.296017,1.373796,-0.300757,1.537495,1.393929,-0.295102,1.635354,1.428471,-0.338005,1.486842,1.398486,-0.268644,1.484197,1.383862,-0.470837,1.434592,1.442723,-0.135416,1.423593,1.357446,-0.550533,1.167027,1.523020,-0.093859,1.152295,1.260215,-0.436504,0.994458,1.715821,-0.049490,0.874661,1.230028,-0.447011,0.048466,1.306667,-0.120968,0.162235,1.858921,,,,,,,,,,-0.413277,0.995701,1.724911,-0.372455,0.964749,1.739859,-0.351363,0.937453,1.749720,-0.380392,0.937473,1.769359,-0.359596,0.907083,1.771495,-0.344424,0.886441,1.764246,-0.401335,0.923148,1.765555,-0.383309,0.888462,1.761600,-0.371337,0.867308,1.751891,-0.419009,0.912264,1.761413,-0.403665,0.878460,1.756350,-0.394145,0.861280,1.744462,-0.436518,0.904451,1.750888,-0.422478,0.875467,1.744506,-0.412523,0.859093,1.732287,-0.061731,0.860313,1.246397,-0.098757,0.822000,1.243369,-0.115906,0.795277,1.226661,-0.078981,0.783092,1.232722,-0.102021,0.756374,1.221958,-0.125174,0.747968,1.211846,-0.069377,0.785446,1.209047,-0.093049,0.758049,1.193794,-0.116207,0.755726,1.181811,-0.061443,0.788800,1.189713,-0.084234,0.764263,1.172909,-0.104608,0.768233,1.163107,-0.056353,0.798627,1.170847,-0.077389,0.779336,1.154624,-0.097260,0.777576,1.143722,,,
84,2.800,-0.311279,0.960167,1.423852,-0.430017,0.967904,1.408792,-0.192540,0.952430,1.438913,-0.431264,0.529540,1.327129,-0.181672,0.602353,1.714885,-0.424808,0.150844,1.154470,-0.149312,0.198238,1.809264,-0.303931,1.077158,1.426026,-0.312223,1.291190,1.435377,-0.295138,1.532281,1.457330,-0.288470,1.629830,1.492560,-0.332875,1.482050,1.462489,-0.264000,1.478689,1.445856,-0.464329,1.430673,1.511598,-0.132225,1.417745,1.413584,-0.549581,1.170521,1.608771,-0.099413,1.150558,1.302597,-0.408780,1.017884,1.800688,-0.060300,0.873803,1.259727,-0.447399,0.057517,1.305684,-0.122650,0.183140,1.985751,,,,,,,,,,-0.385285,1.021108,1.808513,-0.343135,0.993939,1.826769,-0.320367,0.969630,1.840104,-0.349276,0.971827,1.860690,-0.327554,0.942845,1.867674,-0.311961,0.921608,1.863843,-0.369949,0.956641,1.860159,-0.351081,0.922223,1.861927,-0.338795,0.899938,1.855802,-0.387460,0.944856,1.858592,-0.371369,0.911025,1.859150,-0.361745,0.892197,1.850207,-0.405118,0.935034,1.850220,-0.390416,0.905728,1.848499,-0.380356,0.887708,1.838982,-0.071784,0.858325,1.275607,-0.110051,0.821315,1.271896,-0.129220,0.796585,1.254337,-0.092234,0.783077,1.256446,-0.117052,0.758317,1.244977,-0.141185,0.751734,1.235854,-0.084247,0.787334,1.232439,-0.109765,0.762068,1.216500,-0.133756,0.761461,1.206041,-0.077593,0.792235,1.212952,-0.102354,0.770006,1.195729,-0.123225,0.775429,1.187859,-0.073549,0.803604,1.194710,-0.096319,0.786376,1.178508,-0.116976,0.786052,1.169023,,,
85,2.833,-0.310950,0.950779,1.485209,-0.429548,0.959600,1.469642,-0.192353,0.941958,1.500776,-0.428149,0.531708,1.344189,-0.179797,0.562282,1.734274,-0.426043,0.158494,1.159878,-0.153739,0.179448,1.895589,-0.302825,1.067659,1.489540,-0.309360,1.281670,1.500602,-0.290721,1.522520,1.523894,-0.283565,1.619944,1.559373,-0.328619,1.472440,1.529329,-0.260041,1.468856,1.511556,-0.458906,1.421052,1.581445,-0.129274,1.408348,1.474691,-0.548407,1.168319,1.693272,-0.103072,1.144410,1.354549,-0.388721,1.029962,1.881190,-0.067379,0.868941,1.301608,-0.447570,0.061926,1.309201,-0.133557,0.180625,2.073571,,,,,,,,,,-0.365387,1.035383,1.888245,-0.322040,1.013222,1.910106,-0.297502,0.992906,1.926608,-0.327146,0.996310,1.947054,-0.304017,0.970178,1.959004,-0.287263,0.949487,1.958953,-0.347115,0.980320,1.949013,-0.326700,0.947591,1.956482,-0.313352,0.925198,1.954152,-0.364080,0.967670,1.949402,-0.346504,0.935163,1.955578,-0.335993,0.915561,1.949887,-0.381287,0.955910,1.942768,-0.365363,0.927350,1.945730,-0.354527,0.908469,1.939204,-0.078209,0.852304,1.316759,-0.117214,0.816177,1.312133,-0.137806,0.793205,1.293812,-0.100900,0.779186,1.292542,-0.126871,0.755957,1.280439,-0.151618,0.750618,1.272189,-0.094194,0.785370,1.268562,-0.120916,0.761833,1.251964,-0.145442,0.762393,1.242828,-0.088555,0.791828,1.249210,-0.114644,0.771480,1.231625,-0.135825,0.777823,1.225455,-0.085349,0.804654,1.231786,-0.109372,0.789163,1.215637,-0.130567,0.789966,1.207457,,,
86,2.867,-0.307561,0.936538,1.543821,-0.426236,0.944669,1.528469,-0.188886,0.928407,1.559173,-0.420331,0.528560,1.368308,-0.179505,0.550161,1.795127,-0.426333,0.168390,1.159731,-0.158103,0.162804,1.945993,-0.300134,1.053457,1.548330,-0.304757,1.267452,1.560599,-0.285179,1.508096,1.585217,-0.277393,1.605482,1.620669,-0.323181,1.458097,1.590675,-0.254772,1.454418,1.572277,-0.453278,1.407462,1.643988,-0.124857,1.393868,1.532580,-0.545462,1.159861,1.764758,-0.102717,1.131444,1.408373,-0.378577,1.026962,1.950344,-0.068772,0.857264,1.348092,-0.446973,0.061914,1.302289,-0.138120,0.150449,2.123572,,,,,,,,,,-0.355430,1.034048,1.956483,-0.310939,1.016053,1.979822,-0.285769,0.998170,1.998093,-0.314928,1.002747,2.018348,-0.290716,0.978400,2.031826,-0.273328,0.958278,2.033066,-0.334161,0.986205,2.022188,-0.312293,0.955100,2.032086,-0.298086,0.933126,2.031464,-0.350555,0.972953,2.024089,-0.331504,0.941873,2.032741,-0.320266,0.922289,2.028577,-0.367300,0.959867,2.018916,-0.350004,0.932493,2.024344,-0.338365,0.913585,2.019496,-0.079387,0.839544,1.362126,-0.119056,0.804426,1.355713,-0.140583,0.783319,1.336260,-0.103907,0.769023,1.332576,-0.130562,0.747218,1.319359,-0.155613,0.742878,1.311450,-0.097841,0.777128,1.309001,-0.125254,0.755283,1.291253,-0.150015,0.756800,1.282895,-0.092697,0.785127,1.290091,-0.119542,0.766624,1.271628,-0.140807,0.773680,1.266631,-0.089830,0.799339,1.273715,-0.114488,0.785479,1.257051,-0.135893,0.787113,1.249573,,,
87,2.900,-0.303002,0.923526,1.603240,-0.421948,0.928630,1.588703,-0.184055,0.918422,1.617777,-0.410826,0.519111,1.412627,-0.179834,0.556586,1.878333,-0.423860,0.178519,1.173691,-0.162072,0.155146,1.986933,-0.298257,1.040649,1.605543,-0.301222,1.254722,1.616943,-0.280215,1.495285,1.641165,-0.271081,1.592779,1.675994,-0.318466,1.445502,1.646857,-0.250162,1.441425,1.628158,-0.449063,1.396430,1.700408,-0.121206,1.379288,1.587787,-0.544534,1.149358,1.819700,-0.099457,1.115349,1.466764,-0.383416,1.013615,2.008301,-0.065653,0.841227,1.406143,-0.445826,0.055238,1.301775,-0.138327,0.112656,2.159319,,,,,,,,,,-0.360394,1.020917,2.014649,-0.316208,1.003586,2.039047,-0.292322,0.985202,2.058506,-0.320750,0.991065,2.077774,-0.296886,0.966230,2.090979,-0.279834,0.945811,2.092006,-0.339981,0.974531,2.081657,-0.318227,0.943373,2.091640,-0.304086,0.921354,2.091077,-0.356354,0.961256,2.083578,-0.337331,0.930219,2.092441,-0.326062,0.910629,2.088397,-0.372969,0.948001,2.078419,-0.355444,0.920883,2.084378,-0.343561,0.902034,2.079911,-0.076628,0.822942,1.419137,-0.116860,0.788921,1.410652,-0.138819,0.769188,1.390261,-0.102212,0.754596,1.385642,-0.129127,0.734019,1.371055,-0.154185,0.730522,1.362758,-0.095905,0.763887,1.362573,-0.123445,0.743397,1.343460,-0.148120,0.745648,1.335010,-0.090543,0.772830,1.344153,-0.117485,0.755725,1.324522,-0.138625,0.763298,1.319753,-0.087362,0.787875,1.328599,-0.112139,0.775255,1.311146,-0.133486,0.777503,1.303658,,,
88,2.933,-0.298799,0.914686,1.666106,-0.417924,0.917948,1.652534,-0.179674,0.911424,1.679679,-0.413739,0.506707,1.480208,-0.171101,0.558512,1.952098,-0.420000,0.197263,1.201876,-0.163422,0.146196,2.008666,-0.295770,1.031878,1.667688,-0.296482,1.246034,1.677802,-0.275904,1.486928,1.698907,-0.264311,1.584599,1.732485,-0.313980,1.437124,1.705511,-0.245815,1.432987,1.686323,-0.444577,1.388705,1.759654,-0.117580,1.369267,1.646128,-0.540290,1.136375,1.867161,-0.089564,1.101125,1.536131,-0.393109,0.990677,2.059685,-0.051023,0.825673,1.485134,-0.447558,0.048364,1.297561,-0.143973,0.077760,2.173057,,,,,,,,,,-0.370617,0.997734,2.067926,-0.328373,0.979601,2.095029,-0.307328,0.959497,2.116007,-0.335781,0.966004,2.132943,-0.313053,0.940627,2.147088,-0.296207,0.920076,2.148726,-0.355257,0.949419,2.134920,-0.334399,0.917755,2.145222,-0.320363,0.895667,2.144825,-0.371735,0.936140,2.135245,-0.353586,0.904742,2.144655,-0.342136,0.885193,2.140935,-0.387930,0.923080,2.128495,-0.370853,0.895740,2.134730,-0.358671,0.877027,2.130496,-0.062581,0.807224,1.497369,-0.102551,0.773512,1.486700,-0.123996,0.754036,1.465530,-0.087018,0.739539,1.461744,-0.113846,0.719881,1.445794,-0.138658,0.717076,1.436548,-0.079747,0.749178,1.439106,-0.106721,0.729357,1.418536,-0.131020,0.732008,1.409164,-0.073609,0.758398,1.421069,-0.100099,0.742011,1.400245,-0.120984,0.749902,1.394908,-0.069747,0.773681,1.405906,-0.094278,0.761530,1.387784,-0.115438,0.764039,1.379863,,,
89,2.967,-0.291492,0.910995,1.727757,-0.410815,0.913236,1.715814,-0.172169,0.908754,1.739699,-0.433657,0.487888,1.583945,-0.157114,0.556139,2.012222,-0.421442,0.219823,1.265738,-0.161003,0.140019,2.021825,-0.289424,1.028211,1.729089,-0.290242,1.242424,1.737917,-0.268349,1.483419,1.756380,-0.254614,1.581181,1.788867,-0.306576,1.433860,1.763894,-0.238642,1.429217,1.744014,-0.437482,1.386996,1.818656,-0.111771,1.362798,1.703860,-0.532909,1.126897,1.906015,-0.077599,1.089699,1.608818,-0.408679,0.959474,2.097044,-0.035962,0.812010,1.575418,-0.445847,0.044732,1.294608,-0.141343,0.057963,2.179832,,,,,,,,,,-0.387139,0.965390,2.108208,-0.348574,0.944427,2.138561,-0.331346,0.921751,2.160382,-0.360475,0.928568,2.174395,-0.340170,0.901623,2.189303,-0.324130,0.880483,2.191460,-0.380351,0.912400,2.173050,-0.361505,0.879529,2.183443,-0.348002,0.857109,2.183118,-0.397002,0.899560,2.170626,-0.380705,0.867131,2.179929,-0.369309,0.847538,2.176274,-0.412565,0.887396,2.161235,-0.396747,0.859244,2.167169,-0.384504,0.840577,2.162905,-0.048471,0.793949,1.587291,-0.088005,0.760342,1.574815,-0.108042,0.740665,1.552484,-0.071233,0.725668,1.551692,-0.098271,0.707257,1.534647,-0.122721,0.705617,1.524232,-0.062417,0.734718,1.529361,-0.088922,0.715590,1.507563,-0.112569,0.719014,1.496865,-0.055034,0.743465,1.511557,-0.081186,0.727704,1.489841,-0.101541,0.736212,1.483499,-0.050047,0.758359,1.496336,-0.074211,0.746290,1.477674,-0.095035,0.749232,1.469043,,,
90,3.000,-0.284718,0.910870,1.786616,-0.404249,0.912822,1.776914,-0.165187,0.908918,1.796318,-0.455447,0.474598,1.712330,-0.144276,0.548317,2.057781,-0.433755,0.256810,1.358266,-0.159217,0.133517,2.026453,-0.282921,1.028089,1.788061,-0.284891,1.242298,1.796784,-0.264514,1.483477,1.814570,-0.250127,1.581289,1.846624,-0.302455,1.433708,1.822146,-0.234448,1.429421,1.802437,-0.433546,1.386680,1.876321,-0.107867,1.362009,1.763027,-0.523784,1.119062,1.944346,-0.065370,1.084937,1.684229,-0.426445,0.923492,2.123881,-0.019634,0.806077,1.673943,-0.449091,0.080855,1.328423,-0.137013,0.048577,2.182589,,,,,,,,,,-0.406242,0.927289,2.138061,-0.372125,0.901603,2.170064,-0.358262,0.875961,2.190980,-0.388617,0.882355,2.202232,-0.371149,0.853084,2.216327,-0.356158,0.831144,2.217980,-0.408602,0.867226,2.196758,-0.392233,0.832639,2.205678,-0.379503,0.809798,2.204521,-0.425172,0.855394,2.190974,-0.410969,0.821523,2.198373,-0.399742,0.802000,2.193908,-0.439815,0.844962,2.178519,-0.425718,0.815617,2.182772,-0.413667,0.797017,2.177742,-0.032177,0.788596,1.686621,-0.070063,0.752842,1.675039,-0.088037,0.731005,1.652959,-0.051186,0.717040,1.655540,-0.077878,0.697697,1.638989,-0.102030,0.695545,1.627989,-0.041561,0.724607,1.632993,-0.067351,0.704054,1.611639,-0.090630,0.706821,1.599987,-0.033578,0.732177,1.614911,-0.059115,0.714822,1.593686,-0.079330,0.722779,1.586270,-0.028290,0.745996,1.598803,-0.051867,0.732163,1.580620,-0.072541,0.734232,1.571395,,,
91,3.033,-0.279587,0.914532,1.841639,-0.399322,0.916211,1.834851,-0.159851,0.912854,1.848426,-0.461735,0.474852,1.846664,-0.135223,0.539686,2.091268,-0.441174,0.286868,1.475850,-0.156422,0.128342,2.031186,-0.278033,1.031753,1.843220,-0.281277,1.245860,1.853871,-0.263713,1.487006,1.874825,-0.249959,1.584607,1.907782,-0.301341,1.436795,1.880900,-0.232826,1.433378,1.862849,-0.433229,1.387858,1.931319,-0.105447,1.366220,1.825641,-0.515307,1.114180,1.983791,-0.056324,1.086399,1.761838,-0.451009,0.887529,2.140156,-0.008510,0.808045,1.775756,-0.459068,0.114364,1.431035,-0.131746,0.043778,2.187155,,,,,,,,,,-0.431835,0.887469,2.156156,-0.401428,0.854382,2.184942,-0.389869,0.824811,2.201648,-0.421175,0.830407,2.211634,-0.406001,0.798051,2.220770,-0.392078,0.775427,2.219010,-0.441287,0.817710,2.202013,-0.427254,0.781134,2.205012,-0.415536,0.758225,2.200222,-0.457835,0.808115,2.192952,-0.445613,0.772725,2.194354,-0.434894,0.753864,2.186841,-0.471884,0.801034,2.177757,-0.459848,0.770498,2.176951,-0.448521,0.752433,2.169086,-0.019823,0.791401,1.790541,-0.055239,0.752078,1.783657,-0.071699,0.726637,1.764442,-0.034031,0.715548,1.768356,-0.060043,0.693225,1.754731,-0.084246,0.688763,1.744568,-0.024980,0.721003,1.744977,-0.050179,0.697141,1.726558,-0.073738,0.697679,1.715156,-0.017560,0.726882,1.726046,-0.042524,0.706021,1.707460,-0.063220,0.712146,1.699643,-0.013245,0.739007,1.708361,-0.036279,0.721950,1.692351,-0.057162,0.721862,1.683368,,,
92,3.067,-0.276905,0.922753,1.895464,-0.396739,0.924044,1.890596,-0.157071,0.921462,1.900331,-0.461879,0.490111,1.969917,-0.135063,0.531453,2.115369,-0.437858,0.296434,1.602255,-0.154938,0.123083,2.037247,-0.275714,1.039975,1.897231,-0.279408,1.253957,1.910027,-0.264314,1.494806,1.935777,-0.252479,1.592003,1.970619,-0.301885,1.444305,1.939218,-0.232569,1.441549,1.924406,-0.435399,1.393010,1.982512,-0.103206,1.375449,1.892530,-0.509359,1.114432,2.018762,-0.048362,1.093527,1.844611,-0.479907,0.862828,2.144393,-0.001888,0.817506,1.884771,-0.461103,0.120633,1.576968,-0.129248,0.038613,2.193102,,,,,,,,,,-0.461154,0.857680,2.160061,-0.432965,0.816807,2.179624,-0.422727,0.783564,2.188414,-0.454408,0.787738,2.198923,-0.440587,0.753539,2.199006,-0.427477,0.731710,2.191233,-0.474822,0.778976,2.186086,-0.462447,0.742373,2.178960,-0.451653,0.721147,2.168093,-0.491552,0.772884,2.174641,-0.480824,0.737942,2.166414,-0.470742,0.721380,2.154118,-0.505524,0.770683,2.157958,-0.495248,0.740827,2.148958,-0.484809,0.724931,2.136515,-0.011742,0.802619,1.902233,-0.044654,0.760610,1.902443,-0.060216,0.731516,1.888346,-0.021455,0.723561,1.892074,-0.045892,0.697517,1.882849,-0.069870,0.689756,1.874259,-0.013321,0.725973,1.867860,-0.037247,0.698001,1.854120,-0.061044,0.695247,1.843565,-0.006740,0.729375,1.848033,-0.030387,0.704227,1.833463,-0.051599,0.707647,1.825382,-0.003637,0.738936,1.828607,-0.025491,0.718121,1.815685,-0.046391,0.715254,1.807216,,,
93,3.100,-0.278329,0.935819,1.949000,-0.398189,0.936880,1.944751,-0.158469,0.934757,1.953248,-0.465512,0.516678,2.077905,-0.144484,0.526105,2.131125,-0.432390,0.284171,1.734238,-0.156240,0.119326,2.043623,-0.277360,1.053040,1.950965,-0.280497,1.266956,1.964965,-0.267736,1.507542,1.994188,-0.258731,1.604396,2.030790,-0.305263,1.456896,1.994941,-0.235211,1.454510,1.984041,-0.440555,1.403911,2.029868,-0.103623,1.389615,1.959676,-0.508238,1.121842,2.045551,-0.044298,1.106054,1.930398,-0.506676,0.854648,2.138071,-0.005184,0.834458,1.998710,-0.452914,0.106262,1.737889,-0.131142,0.035060,2.199686,,,,,,,,,,-0.488486,0.844957,2.152172,-0.461976,0.799462,2.160855,-0.452347,0.764903,2.161167,-0.484722,0.767112,2.171501,-0.471677,0.733719,2.162820,-0.458867,0.714348,2.149802,-0.505037,0.762700,2.156464,-0.493496,0.728916,2.140059,-0.483025,0.710997,2.124110,-0.521632,0.760377,2.143533,-0.511591,0.728552,2.126500,-0.501628,0.715543,2.110419,-0.535225,0.763080,2.126613,-0.525785,0.736321,2.110096,-0.515608,0.723957,2.093970,-0.015104,0.822359,2.018173,-0.046859,0.779954,2.024609,-0.061413,0.748463,2.015450,-0.022392,0.742445,2.021051,-0.044898,0.713647,2.016082,-0.068088,0.702956,2.008537,-0.013669,0.741078,1.996962,-0.035965,0.710048,1.987817,-0.059309,0.704341,1.977435,-0.006643,0.741363,1.976998,-0.028458,0.712828,1.966334,-0.049505,0.713646,1.957207,-0.003271,0.747677,1.956330,-0.023690,0.724058,1.946180,-0.044063,0.718824,1.937557,,,
94,3.133,-0.283461,0.951750,2.000899,-0.403315,0.952619,1.996467,-0.163606,0.950882,2.005332,-0.469988,0.546876,2.168979,-0.158176,0.525036,2.137461,-0.430107,0.258092,1.871865,-0.160218,0.118505,2.048064,-0.282682,1.068974,2.002808,-0.284908,1.282804,2.018224,-0.274395,1.523240,2.049507,-0.268388,1.619925,2.087154,-0.311753,1.472484,2.048058,-0.241233,1.470363,2.040696,-0.448477,1.418623,2.075206,-0.107876,1.406673,2.023972,-0.512269,1.135339,2.066791,-0.045149,1.122517,2.013748,-0.531084,0.859409,2.125643,-0.018355,0.857620,2.108995,-0.450000,0.085307,1.914706,-0.137089,0.034143,2.204379,,,,,,,,,,-0.513659,0.846363,2.137882,-0.488028,0.799564,2.136931,-0.478064,0.765768,2.130167,-0.511560,0.766099,2.138837,-0.498485,0.734700,2.124563,-0.485161,0.717906,2.108774,-0.531205,0.765684,2.122341,-0.519471,0.735731,2.099782,-0.508527,0.721226,2.080943,-0.547211,0.766740,2.108531,-0.537100,0.738794,2.085715,-0.526675,0.729066,2.067721,-0.559985,0.773544,2.092133,-0.550553,0.750974,2.070233,-0.540044,0.742341,2.052025,-0.030437,0.848596,2.128900,-0.062837,0.807268,2.138394,-0.076360,0.774511,2.132779,-0.038234,0.770038,2.143579,-0.059269,0.739820,2.141350,-0.081195,0.726963,2.133420,-0.026860,0.765017,2.121136,-0.047711,0.732297,2.114951,-0.069704,0.724290,2.103225,-0.017631,0.762252,2.102289,-0.037544,0.731576,2.094150,-0.057391,0.730123,2.082706,-0.011938,0.765275,2.081388,-0.030728,0.739803,2.072677,-0.049834,0.732710,2.062606,,,
95,3.167,-0.290175,0.966780,2.056233,-0.410006,0.967347,2.051169,-0.170343,0.966212,2.061297,-0.472761,0.572229,2.248085,-0.170054,0.527525,2.141212,-0.434646,0.223656,2.023793,-0.165412,0.120010,2.056517,-0.289682,1.084011,2.057718,-0.291219,1.297681,2.075285,-0.283184,1.537994,2.108205,-0.279831,1.634659,2.146231,-0.320185,1.487052,2.105100,-0.249429,1.485341,2.100354,-0.457503,1.431832,2.125737,-0.114738,1.423225,2.089398,-0.518455,1.150192,2.088942,-0.048013,1.139857,2.095258,-0.548696,0.870209,2.114435,-0.035508,0.883498,2.213935,-0.459541,0.068754,2.110233,-0.144621,0.035271,2.212957,,,,,,,,,,-0.531949,0.855103,2.125158,-0.505771,0.809279,2.117227,-0.494595,0.777331,2.105330,-0.528988,0.776060,2.111341,-0.515027,0.746452,2.094337,-0.500529,0.731519,2.077736,-0.547519,0.778732,2.093799,-0.534494,0.752157,2.067956,-0.522373,0.740332,2.047997,-0.562609,0.782347,2.079403,-0.551597,0.757719,2.053404,-0.540257,0.750422,2.034823,-0.574373,0.792090,2.063749,-0.563945,0.773610,2.038695,-0.552538,0.768209,2.019795,-0.050347,0.877299,2.233040,-0.084005,0.837314,2.243825,-0.096833,0.803903,2.241272,-0.060602,0.801622,2.257848,-0.080793,0.770753,2.257653,-0.101284,0.756105,2.249021,-0.046184,0.793547,2.238222,-0.065968,0.759833,2.234275,-0.086106,0.749676,2.220986,-0.034388,0.788198,2.221481,-0.052764,0.756106,2.215456,-0.070771,0.752397,2.201711,-0.025766,0.788219,2.201380,-0.043037,0.761323,2.193887,-0.060457,0.752409,2.182317,,,
96,3.200,-0.295802,0.977624,2.099373,-0.415684,0.978551,2.095765,-0.175920,0.976697,2.102981,-0.469671,0.586518,2.301261,-0.178065,0.531773,2.132485,-0.436673,0.191084,2.175536,-0.171613,0.125556,2.041878,-0.294985,1.094826,2.102325,-0.296061,1.308397,2.121078,-0.292114,1.548909,2.153283,-0.291170,1.645715,2.191088,-0.328338,1.497468,2.149356,-0.257463,1.496684,2.146566,-0.466027,1.441280,2.164054,-0.121474,1.436761,2.140511,-0.523819,1.163424,2.102036,-0.045819,1.156458,2.162651,-0.556759,0.882599,2.104755,-0.041748,0.910479,2.302072,-0.465204,0.065082,2.299615,-0.150454,0.041654,2.198719,,,,,,,,,,-0.540352,0.867307,2.115736,-0.511118,0.823635,2.106454,-0.496900,0.793471,2.093221,-0.531846,0.790122,2.095298,-0.514829,0.762440,2.077843,-0.497984,0.749374,2.061894,-0.548700,0.793611,2.076270,-0.532014,0.769759,2.049880,-0.517469,0.760081,2.030390,-0.562490,0.797893,2.060794,-0.548064,0.775814,2.034184,-0.534733,0.770417,2.016287,-0.573180,0.808536,2.044956,-0.559635,0.792755,2.019550,-0.546293,0.789493,2.001443,-0.058106,0.904478,2.319961,-0.092252,0.864382,2.328581,-0.104699,0.830858,2.325653,-0.069851,0.829154,2.345178,-0.089879,0.798216,2.343674,-0.109508,0.783372,2.333507,-0.053760,0.820871,2.326993,-0.073106,0.787068,2.321822,-0.092017,0.776708,2.306978,-0.040546,0.815339,2.311410,-0.058251,0.783076,2.304374,-0.075021,0.779087,2.289214,-0.030251,0.815088,2.292114,-0.046766,0.788004,2.283659,-0.063138,0.778845,2.270819,,,
97,3.233,-0.300024,0.980113,2.151857,-0.419926,0.980215,2.148847,-0.180122,0.980010,2.154867,-0.461440,0.580894,2.342886,-0.179539,0.534155,2.148115,-0.438848,0.165259,2.343721,-0.175075,0.131195,2.043873,-0.300032,1.097275,2.156175,-0.299711,1.310762,2.175901,-0.300157,1.551389,2.207480,-0.301434,1.648358,2.244855,-0.335519,1.499442,2.202485,-0.264586,1.499629,2.202106,-0.473259,1.442057,2.210621,-0.126978,1.443199,2.202216,-0.523954,1.169291,2.124493,-0.039770,1.168224,2.241810,-0.556481,0.889129,2.104326,-0.048874,0.936950,2.404259,-0.472256,0.076842,2.495880,-0.152854,0.047608,2.200735,,,,,,,,,,-0.540657,0.873724,2.115985,-0.508893,0.831768,2.107116,-0.492146,0.803026,2.093676,-0.527017,0.798363,2.091854,-0.507310,0.772405,2.074580,-0.488476,0.760932,2.059665,-0.541996,0.802503,2.071440,-0.521773,0.780952,2.045550,-0.504946,0.773026,2.027134,-0.554318,0.807310,2.054916,-0.536422,0.787479,2.028644,-0.521155,0.783688,2.011920,-0.563780,0.818588,2.038739,-0.547071,0.804930,2.013996,-0.531821,0.803287,1.997227,-0.067002,0.931222,2.420452,-0.101236,0.890761,2.426692,-0.113235,0.857065,2.423869,-0.080231,0.856558,2.446871,-0.099920,0.825537,2.443619,-0.118194,0.810431,2.431502,-0.062104,0.847998,2.430858,-0.080545,0.813921,2.424351,-0.097583,0.803066,2.407702,-0.047169,0.842215,2.417019,-0.063906,0.809694,2.408889,-0.078885,0.805253,2.392071,-0.034810,0.841529,2.398986,-0.050396,0.814174,2.389680,-0.065351,0.804615,2.375476,,,
98,3.267,-0.303281,0.973954,2.201486,-0.423151,0.970515,2.199255,-0.183411,0.977394,2.203717,-0.456100,0.576419,2.405253,-0.173332,0.532194,2.180733,-0.451121,0.172137,2.504221,-0.172196,0.138563,2.045392,-0.306737,1.091028,2.206713,-0.303631,1.304488,2.226484,-0.309327,1.545159,2.257206,-0.312393,1.642283,2.294072,-0.343595,1.492607,2.251057,-0.272711,1.493996,2.253352,-0.480898,1.433658,2.253100,-0.133744,1.441486,2.260518,-0.520538,1.166454,2.146234,-0.034449,1.174485,2.320806,-0.549295,0.888292,2.104356,-0.052796,0.957385,2.501060,-0.487414,0.123226,2.672675,-0.149981,0.052366,2.200835,,,,,,,,,,-0.534508,0.872639,2.117003,-0.501008,0.831716,2.109856,-0.482125,0.803929,2.097267,-0.516570,0.798749,2.091194,-0.494585,0.773918,2.075047,-0.474012,0.763440,2.061790,-0.529295,0.803577,2.069445,-0.505909,0.783579,2.045014,-0.487005,0.776788,2.028232,-0.539825,0.808935,2.051883,-0.518707,0.790687,2.026887,-0.501617,0.787956,2.011802,-0.547699,0.820791,2.035275,-0.528023,0.808607,2.011987,-0.510964,0.808021,1.996981,-0.072546,0.952284,2.515467,-0.106595,0.911503,2.520526,-0.118512,0.877695,2.518975,-0.087451,0.879188,2.545174,-0.106498,0.847856,2.541161,-0.123119,0.831976,2.527725,-0.067488,0.870046,2.531901,-0.084679,0.835336,2.525327,-0.099548,0.823256,2.507485,-0.050987,0.863741,2.520241,-0.066521,0.830624,2.512129,-0.079464,0.825084,2.493998,-0.036654,0.862187,2.503792,-0.051193,0.834231,2.494576,-0.064552,0.823746,2.479463,,,
99,3.300,-0.306287,0.962128,2.256902,-0.426027,0.955238,2.256260,-0.186547,0.969018,2.257545,-0.453690,0.575003,2.487536,-0.167086,0.525613,2.214574,-0.471870,0.189680,2.643929,-0.169089,0.144047,2.048241,-0.313044,1.079034,2.262647,-0.308610,1.292574,2.281267,-0.318811,1.533285,2.310471,-0.323129,1.630547,2.346844,-0.352091,1.480193,2.303581,-0.281337,1.482659,2.308007,-0.489098,1.420599,2.300565,-0.142173,1.432126,2.322142,-0.517796,1.158959,2.177639,-0.034277,1.174721,2.405118,-0.542902,0.884209,2.115692,-0.060606,0.969892,2.598281,-0.509973,0.181447,2.818762,-0.146614,0.054480,2.201730,,,,,,,,,,-0.529244,0.867991,2.128886,-0.494616,0.827826,2.122916,-0.474190,0.800965,2.110733,-0.507745,0.795839,2.100969,-0.483525,0.772776,2.085408,-0.461445,0.763792,2.073552,-0.518278,0.801783,2.078342,-0.492072,0.783878,2.055182,-0.471423,0.778561,2.040002,-0.527058,0.808038,2.060127,-0.502981,0.791993,2.036323,-0.484362,0.790654,2.022957,-0.533384,0.820749,2.043490,-0.511231,0.810342,2.021606,-0.492749,0.810937,2.008394,-0.081509,0.965601,2.611253,-0.115059,0.924514,2.617096,-0.126562,0.890536,2.617848,-0.097660,0.895227,2.646385,-0.115774,0.863238,2.643357,-0.130779,0.845871,2.629858,-0.076365,0.885456,2.635929,-0.092171,0.849815,2.631085,-0.105043,0.835760,2.613138,-0.058724,0.878560,2.626483,-0.072911,0.844491,2.620011,-0.084000,0.837053,2.601339,-0.042889,0.875878,2.611635,-0.056200,0.846880,2.603907,-0.068015,0.834737,2.588750,,,
100,3.333,-0.310173,0.946961,2.315882,-0.429822,0.938759,2.317375,-0.190523,0.955164,2.314389,-0.454177,0.578693,2.579276,-0.166089,0.515204,2.246042,-0.483902,0.202871,2.755733,-0.170054,0.147677,2.050666,-0.318101,1.063766,2.322177,-0.314737,1.277421,2.339659,-0.326899,1.518201,2.367515,-0.331883,1.615618,2.403385,-0.359732,1.464874,2.360305,-0.289083,1.467795,2.365949,-0.496786,1.405742,2.353141,-0.150519,1.417498,2.385711,-0.517701,1.148042,2.220692,-0.037679,1.169322,2.487981,-0.541717,0.877596,2.141714,-0.067923,0.973083,2.689318,-0.521704,0.228120,2.928995,-0.146338,0.056277,2.202882,,,,,,,,,,-0.528796,0.860712,2.154814,-0.493587,0.821062,2.148796,-0.472110,0.794941,2.136813,-0.505102,0.790309,2.124323,-0.478741,0.770423,2.107883,-0.455611,0.764030,2.096354,-0.514246,0.797475,2.101448,-0.485854,0.782665,2.078681,-0.464082,0.779491,2.064504,-0.521917,0.804710,2.083096,-0.495434,0.791743,2.059982,-0.475849,0.792301,2.048014,-0.527283,0.818311,2.066828,-0.503393,0.809782,2.045983,-0.484035,0.811576,2.034213,-0.089398,0.969004,2.701393,-0.121738,0.927187,2.708703,-0.131618,0.892812,2.711543,-0.105083,0.901088,2.741256,-0.121837,0.868263,2.739719,-0.135359,0.849319,2.726786,-0.082862,0.891383,2.732870,-0.096968,0.854817,2.730123,-0.108182,0.838857,2.712663,-0.064450,0.884472,2.725044,-0.076986,0.849455,2.720514,-0.086644,0.840145,2.701886,-0.047668,0.881251,2.711392,-0.059516,0.851214,2.705458,-0.070011,0.837397,2.690770,,,
101,3.367,-0.315129,0.933127,2.377281,-0.434766,0.925197,2.380375,-0.195492,0.941059,2.374188,-0.458730,0.567780,2.645915,-0.170520,0.506487,2.277456,-0.481754,0.191589,2.822589,-0.172601,0.153399,2.057030,-0.322708,1.049949,2.383680,-0.321453,1.263635,2.401077,-0.334680,1.504342,2.429071,-0.340623,1.601790,2.464710,-0.367246,1.450967,2.421052,-0.296743,1.454009,2.428247,-0.503811,1.391377,2.409620,-0.158647,1.404494,2.452703,-0.518387,1.134407,2.274921,-0.044159,1.161898,2.565944,-0.541893,0.867926,2.183322,-0.072583,0.968851,2.770604,-0.514512,0.212105,2.997495,-0.148332,0.055833,2.205280,,,,,,,,,,-0.529109,0.850420,2.195720,-0.493571,0.811323,2.188202,-0.471778,0.786012,2.175102,-0.504476,0.781884,2.161901,-0.477383,0.764089,2.144298,-0.453982,0.759282,2.132545,-0.513256,0.790234,2.139286,-0.484099,0.777556,2.116201,-0.461993,0.775784,2.102298,-0.520643,0.798414,2.121217,-0.493333,0.787495,2.098007,-0.473484,0.789206,2.086598,-0.525799,0.812849,2.105614,-0.501307,0.805672,2.084960,-0.481677,0.808251,2.073802,-0.094307,0.964983,2.782295,-0.125673,0.922823,2.791605,-0.134364,0.888366,2.796562,-0.109333,0.899598,2.826418,-0.125119,0.866262,2.826680,-0.137689,0.846080,2.814695,-0.086592,0.890005,2.819410,-0.099508,0.852903,2.818914,-0.109684,0.835396,2.802324,-0.067754,0.883123,2.812647,-0.079167,0.847520,2.810189,-0.087959,0.836677,2.791966,-0.050462,0.879458,2.799764,-0.061286,0.848736,2.795672,-0.070931,0.833604,2.781714,,,
102,3.400,-0.321098,0.920906,2.441414,-0.440852,0.914966,2.444438,-0.201343,0.926846,2.438390,-0.462365,0.549081,2.698402,-0.180146,0.500082,2.310891,-0.475356,0.165709,2.860021,-0.175389,0.161460,2.068867,-0.326793,1.037930,2.445743,-0.328019,1.251789,2.460860,-0.343261,1.492604,2.486830,-0.351090,1.590285,2.521450,-0.375311,1.439010,2.478206,-0.305069,1.442462,2.487472,-0.510750,1.377481,2.464003,-0.167164,1.394846,2.516374,-0.522541,1.117754,2.334416,-0.052189,1.153211,2.631166,-0.546211,0.851978,2.240832,-0.072928,0.956785,2.833520,-0.499060,0.148592,3.036744,-0.150141,0.051492,2.207992,,,,,,,,,,-0.533362,0.833725,2.252028,-0.499061,0.794194,2.241601,-0.478543,0.769046,2.226312,-0.511663,0.766055,2.214645,-0.485702,0.748507,2.195185,-0.462918,0.743751,2.182259,-0.521123,0.775476,2.192735,-0.493167,0.763007,2.168103,-0.471646,0.761249,2.153310,-0.529018,0.784519,2.175303,-0.502851,0.773932,2.150666,-0.483410,0.775655,2.138575,-0.534442,0.799664,2.160485,-0.510827,0.792647,2.138781,-0.491518,0.795139,2.127058,-0.094608,0.953021,2.845328,-0.125104,0.910698,2.856584,-0.132649,0.876238,2.863137,-0.108402,0.889538,2.892522,-0.123306,0.855888,2.894991,-0.135387,0.834664,2.884382,-0.085437,0.880106,2.886046,-0.097397,0.842720,2.887733,-0.107119,0.824014,2.872213,-0.066432,0.873310,2.879674,-0.076842,0.837320,2.879272,-0.085293,0.825208,2.861698,-0.049019,0.869399,2.867029,-0.058760,0.838141,2.864611,-0.067818,0.821965,2.851455,,,
103,3.433,-0.328249,0.911031,2.508636,-0.448098,0.906480,2.509723,-0.208401,0.915582,2.507549,-0.465036,0.531959,2.751136,-0.190745,0.500670,2.345164,-0.470911,0.139293,2.889129,-0.174645,0.175254,2.086110,-0.332671,1.028154,2.511496,-0.336426,1.242252,2.522171,-0.352537,1.483641,2.541420,-0.362919,1.581902,2.573644,-0.384301,1.429797,2.533315,-0.314345,1.433585,2.544425,-0.518966,1.366939,2.517639,-0.176802,1.387303,2.576986,-0.532928,1.102341,2.398550,-0.064361,1.142174,2.686771,-0.558904,0.833336,2.315382,-0.076006,0.937177,2.881196,-0.493501,0.081178,3.057053,-0.148104,0.043635,2.204678,,,,,,,,,,-0.545972,0.814575,2.325600,-0.513625,0.774129,2.312723,-0.495105,0.748673,2.295515,-0.528724,0.746690,2.286335,-0.504551,0.728669,2.265087,-0.482770,0.723426,2.250701,-0.539206,0.756638,2.265135,-0.513080,0.743603,2.238843,-0.492497,0.741361,2.222831,-0.547865,0.766111,2.248304,-0.523507,0.755042,2.222075,-0.504764,0.756323,2.208878,-0.553709,0.781579,2.233987,-0.531513,0.773949,2.211027,-0.512784,0.775877,2.198299,-0.097653,0.933546,2.893106,-0.128007,0.891327,2.905112,-0.134669,0.856784,2.912169,-0.111177,0.870807,2.941360,-0.125490,0.837112,2.945873,-0.137432,0.815178,2.936640,-0.088197,0.861336,2.934997,-0.099678,0.823918,2.938418,-0.109347,0.804434,2.923850,-0.069184,0.854490,2.928701,-0.078938,0.818330,2.929809,-0.087290,0.805378,2.912797,-0.051784,0.850421,2.916089,-0.060706,0.818862,2.914606,-0.069368,0.802127,2.901890,,,
104,3.467,-0.338006,0.904954,2.572860,-0.457892,0.901578,2.571673,-0.218119,0.908331,2.574047,-0.479024,0.531411,2.819389,-0.192249,0.492326,2.415609,-0.476454,0.125782,2.912780,-0.170708,0.193309,2.126839,-0.341321,1.022140,2.574368,-0.348161,1.236297,2.581829,-0.362054,1.478263,2.594407,-0.374485,1.577145,2.623891,-0.394267,1.424532,2.587394,-0.324401,1.427936,2.599185,-0.529132,1.362031,2.572020,-0.187531,1.380887,2.633438,-0.551594,1.092780,2.465303,-0.080934,1.127856,2.730371,-0.584304,0.819772,2.399330,-0.083557,0.910033,2.910667,-0.499933,0.038085,3.067195,-0.143572,0.033733,2.203556,,,,,,,,,,-0.571311,0.801301,2.409989,-0.539801,0.759936,2.397988,-0.522297,0.733662,2.380946,-0.555938,0.731592,2.373220,-0.532527,0.712675,2.351897,-0.511237,0.706769,2.337041,-0.566885,0.740761,2.351905,-0.541511,0.726429,2.325552,-0.521343,0.723349,2.309155,-0.575896,0.749618,2.334924,-0.552294,0.737195,2.308610,-0.533870,0.737711,2.294921,-0.581954,0.764535,2.320119,-0.560187,0.755405,2.297298,-0.541616,0.756361,2.284233,-0.105206,0.906679,2.922654,-0.136412,0.864941,2.934151,-0.144106,0.830515,2.940708,-0.119819,0.843450,2.969942,-0.134448,0.809990,2.975142,-0.146848,0.788096,2.966434,-0.097093,0.833584,2.963274,-0.109086,0.796359,2.967023,-0.119259,0.776902,2.952766,-0.078275,0.826429,2.956741,-0.088435,0.790387,2.958016,-0.097125,0.777492,2.941130,-0.061045,0.822191,2.943951,-0.070272,0.790730,2.942250,-0.079171,0.774123,2.929530,,,
105,3.500,-0.349221,0.902343,2.633995,-0.469093,0.899579,2.631061,-0.229348,0.905107,2.636930,-0.499443,0.542587,2.896520,-0.181098,0.475285,2.528496,-0.483625,0.127102,2.916141,-0.162474,0.219295,2.200798,-0.351927,1.019553,2.634164,-0.359395,1.233742,2.639932,-0.373321,1.475870,2.648808,-0.387041,1.575082,2.676561,-0.405535,1.422031,2.642689,-0.335647,1.425630,2.654284,-0.540199,1.358479,2.630107,-0.198716,1.378504,2.688183,-0.571664,1.084896,2.537631,-0.094030,1.117610,2.764072,-0.608983,0.807930,2.494591,-0.083964,0.884778,2.924222,-0.509685,0.039683,3.070299,-0.143982,0.041282,2.208276,,,,,,,,,,-0.595982,0.790557,2.506952,-0.564987,0.747861,2.498928,-0.548504,0.719973,2.483510,-0.581718,0.717229,2.477504,-0.559008,0.695979,2.457672,-0.538148,0.688323,2.443008,-0.592907,0.724213,2.455498,-0.568019,0.706976,2.430454,-0.548112,0.702016,2.414200,-0.602098,0.731323,2.437807,-0.579100,0.715846,2.412602,-0.560915,0.714642,2.398639,-0.608255,0.744660,2.421602,-0.586582,0.732703,2.400033,-0.568007,0.731882,2.386964,-0.105281,0.880793,2.936605,-0.136213,0.838502,2.946738,-0.144319,0.803913,2.951762,-0.118673,0.815157,2.980879,-0.133009,0.781428,2.985051,-0.145602,0.759873,2.975791,-0.096151,0.805660,2.973078,-0.107858,0.768247,2.975692,-0.118401,0.749274,2.961058,-0.077528,0.798862,2.965665,-0.087565,0.762764,2.965542,-0.096712,0.750621,2.948342,-0.060661,0.795308,2.952201,-0.069869,0.763938,2.949207,-0.079084,0.747918,2.935971,,,
