frame_id,time_sec,Hips_X,Hips_Y,Hips_Z,LeftUpperLeg_X,LeftUpperLeg_Y,LeftUpperLeg_Z,RightUpperLeg_X,RightUpperLeg_Y,RightUpperLeg_Z,LeftLowerLeg_X,LeftLowerLeg_Y,LeftLowerLeg_Z,RightLowerLeg_X,RightLowerLeg_Y,RightLowerLeg_Z,LeftFoot_X,LeftFoot_Y,LeftFoot_Z,RightFoot_X,RightFoot_Y,RightFoot_Z,Spine_X,Spine_Y,Spine_Z,Chest_X,Chest_Y,Chest_Z,Neck_X,Neck_Y,Neck_Z,Head_X,Head_Y,Head_Z,LeftShoulder_X,LeftShoulder_Y,LeftShoulder_Z,RightShoulder_X,RightShoulder_Y,RightShoulder_Z,LeftUpperArm_X,LeftUpperArm_Y,LeftUpperArm_Z,RightUpperArm_X,RightUpperArm_Y,RightUpperArm_Z,LeftLowerArm_X,LeftLowerArm_Y,LeftLowerArm_Z,RightLowerArm_X,RightLowerArm_Y,RightLowerArm_Z,LeftHand_X,LeftHand_Y,LeftHand_Z,RightHand_X,RightHand_Y,RightHand_Z,LeftToes_X,LeftToes_Y,LeftToes_Z,RightToes_X,RightToes_Y,RightToes_Z,LeftEye_X,LeftEye_Y,LeftEye_Z,RightEye_X,RightEye_Y,RightEye_Z,Jaw_X,Jaw_Y,Jaw_Z,LeftThumbProximal_X,LeftThumbProximal_Y,LeftThumbProximal_Z,LeftThumbIntermediate_X,LeftThumbIntermediate_Y,LeftThumbIntermediate_Z,LeftThumbDistal_X,LeftThumbDistal_Y,LeftThumbDistal_Z,LeftIndexProximal_X,LeftIndexProximal_Y,LeftIndexProximal_Z,LeftIndexIntermediate_X,LeftIndexIntermediate_Y,LeftIndexIntermediate_Z,LeftIndexDistal_X,LeftIndexDistal_Y,LeftIndexDistal_Z,LeftMiddleProximal_X,LeftMiddleProximal_Y,LeftMiddleProximal_Z,LeftMiddleIntermediate_X,LeftMiddleIntermediate_Y,LeftMiddleIntermediate_Z,LeftMiddleDistal_X,LeftMiddleDistal_Y,LeftMiddleDistal_Z,LeftRingProximal_X,LeftRingProximal_Y,LeftRingProximal_Z,LeftRingIntermediate_X,LeftRingIntermediate_Y,LeftRingIntermediate_Z,LeftRingDistal_X,LeftRingDistal_Y,LeftRingDistal_Z,LeftLittleProximal_X,LeftLittleProximal_Y,LeftLittleProximal_Z,LeftLittleIntermediate_X,LeftLittleIntermediate_Y,LeftLittleIntermediate_Z,LeftLittleDistal_X,LeftLittleDistal_Y,LeftLittleDistal_Z,RightThumbProximal_X,RightThumbProximal_Y,RightThumbProximal_Z,RightThumbIntermediate_X,RightThumbIntermediate_Y,RightThumbIntermediate_Z,RightThumbDistal_X,RightThumbDistal_Y,RightThumbDistal_Z,RightIndexProximal_X,RightIndexProximal_Y,RightIndexProximal_Z,RightIndexIntermediate_X,RightIndexIntermediate_Y,RightIndexIntermediate_Z,RightIndexDistal_X,RightIndexDistal_Y,RightIndexDistal_Z,RightMiddleProximal_X,RightMiddleProximal_Y,RightMiddleProximal_Z,RightMiddleIntermediate_X,RightMiddleIntermediate_Y,RightMiddleIntermediate_Z,RightMiddleDistal_X,RightMiddleDistal_Y,RightMiddleDistal_Z,RightRingProximal_X,RightRingProximal_Y,RightRingProximal_Z,RightRingIntermediate_X,RightRingIntermediate_Y,RightRingIntermediate_Z,RightRingDistal_X,RightRingDistal_Y,RightRingDistal_Z,RightLittleProximal_X,RightLittleProximal_Y,RightLittleProximal_Z,RightLittleIntermediate_X,RightLittleIntermediate_Y,RightLittleIntermediate_Z,RightLittleDistal_X,RightLittleDistal_Y,RightLittleDistal_Z,UpperChest_X,UpperChest_Y,UpperChest_Z
0,0.000,-0.094600,0.962861,-3.334111,-0.214289,0.963732,-3.341824,0.025088,0.961990,-3.326398,-0.285694,0.557906,-3.171415,0.026927,0.536278,-3.193740,-0.237654,0.269687,-3.467870,0.027250,0.129755,-3.283200,-0.093872,1.080084,-3.332178,-0.096526,1.293915,-3.316847,-0.086854,1.534353,-3.285301,-0.081859,1.631038,-3.247507,-0.124161,1.483598,-3.287760,-0.053467,1.481474,-3.293207,-0.261573,1.429749,-3.264319,0.080287,1.417771,-3.306315,-0.325130,1.146461,-3.274241,0.143235,1.133611,-3.314949,-0.345446,0.870581,-3.215653,0.167518,0.868650,-3.219207,-0.258665,0.096802,-3.425972,0.046095,0.045396,-3.126309,,,,,,,,,,-0.328356,0.857554,-3.202931,-0.302711,0.810754,-3.203118,-0.292574,0.776947,-3.209561,-0.326286,0.777292,-3.201793,-0.312831,0.745880,-3.215680,-0.299089,0.729071,-3.231089,-0.345481,0.776851,-3.218811,-0.333141,0.746872,-3.241009,-0.321694,0.732346,-3.259531,-0.361109,0.777885,-3.233048,-0.350382,0.749914,-3.255549,-0.339475,0.740166,-3.273245,-0.373437,0.784663,-3.249794,-0.363416,0.762062,-3.271398,-0.352418,0.753403,-3.289302,0.154917,0.859603,-3.199637,0.122277,0.818265,-3.191048,0.108904,0.785517,-3.197058,0.146734,0.781027,-3.185266,0.125759,0.750817,-3.188087,0.104045,0.737976,-3.196609,0.158692,0.776033,-3.207409,0.138007,0.743324,-3.214181,0.116329,0.735335,-3.226491,0.168412,0.773291,-3.226011,0.148715,0.742629,-3.234710,0.129175,0.741195,-3.246671,0.174652,0.776340,-3.246751,0.156094,0.750881,-3.255984,0.137257,0.743803,-3.266561,,,
1,0.033,-0.094600,0.962861,-3.334111,-0.214289,0.963732,-3.341824,0.025088,0.961990,-3.326398,-0.285694,0.557906,-3.171415,0.026927,0.536278,-3.193740,-0.237654,0.269687,-3.467870,0.027250,0.129755,-3.283200,-0.093872,1.080084,-3.332178,-0.096526,1.293915,-3.316847,-0.086854,1.534353,-3.285301,-0.081859,1.631038,-3.247507,-0.124161,1.483598,-3.287760,-0.053467,1.481474,-3.293207,-0.261573,1.429749,-3.264319,0.080287,1.417771,-3.306315,-0.325130,1.146461,-3.274241,0.143235,1.133611,-3.314949,-0.345446,0.870581,-3.215653,0.167518,0.868650,-3.219207,-0.258665,0.096802,-3.425972,0.046095,0.045396,-3.126309,,,,,,,,,,-0.328356,0.857554,-3.202931,-0.302711,0.810754,-3.203118,-0.292574,0.776947,-3.209561,-0.326286,0.777292,-3.201793,-0.312831,0.745880,-3.215680,-0.299089,0.729071,-3.231089,-0.345481,0.776851,-3.218811,-0.333141,0.746872,-3.241009,-0.321694,0.732346,-3.259531,-0.361109,0.777885,-3.233048,-0.350382,0.749914,-3.255549,-0.339475,0.740166,-3.273245,-0.373437,0.784663,-3.249794,-0.363416,0.762062,-3.271398,-0.352418,0.753403,-3.289302,0.154917,0.859603,-3.199637,0.122277,0.818265,-3.191048,0.108904,0.785517,-3.197058,0.146734,0.781027,-3.185266,0.125759,0.750817,-3.188087,0.104045,0.737976,-3.196609,0.158692,0.776033,-3.207409,0.138007,0.743324,-3.214181,0.116329,0.735335,-3.226491,0.168412,0.773291,-3.226011,0.148715,0.742629,-3.234710,0.129175,0.741195,-3.246671,0.174652,0.776340,-3.246751,0.156094,0.750881,-3.255984,0.137257,0.743803,-3.266561,,,
2,0.067,-0.103120,0.977802,-3.279432,-0.222950,0.978366,-3.284518,0.016711,0.977238,-3.274345,-0.285792,0.583235,-3.087655,0.017011,0.538627,-3.194011,-0.247625,0.235144,-3.312686,0.021615,0.131101,-3.278656,-0.102630,1.095034,-3.277958,-0.104172,1.308704,-3.260402,-0.096105,1.549016,-3.227475,-0.092735,1.645679,-3.189447,-0.133113,1.498077,-3.230577,-0.062358,1.496359,-3.235333,-0.270428,1.442865,-3.209901,0.072323,1.434225,-3.246318,-0.331392,1.161201,-3.246489,0.138968,1.150836,-3.240586,-0.361602,0.881232,-3.220811,0.151522,0.894396,-3.122089,-0.272502,0.080051,-3.226584,0.042384,0.046354,-3.122219,,,,,,,,,,-0.344853,0.866128,-3.210088,-0.318700,0.820287,-3.218003,-0.307547,0.788325,-3.229885,-0.341934,0.787072,-3.223846,-0.327998,0.757449,-3.240842,-0.313518,0.742500,-3.257446,-0.360477,0.789737,-3.241376,-0.347480,0.763140,-3.267210,-0.335378,0.751298,-3.287170,-0.375576,0.793348,-3.255763,-0.364591,0.768698,-3.281754,-0.353266,0.761385,-3.300338,-0.387348,0.803083,-3.271417,-0.376943,0.784581,-3.296464,-0.365552,0.779162,-3.315368,0.136695,0.888195,-3.102976,0.103042,0.848210,-3.092177,0.090211,0.814800,-3.094729,0.126451,0.812514,-3.078175,0.106260,0.781646,-3.078361,0.085764,0.766999,-3.086982,0.140857,0.804442,-3.097811,0.121070,0.770728,-3.101749,0.100924,0.760573,-3.115027,0.152642,0.799094,-3.114559,0.134262,0.767004,-3.120578,0.116246,0.763297,-3.134313,0.161252,0.799118,-3.134666,0.143976,0.772224,-3.142152,0.126549,0.763311,-3.153713,,,
3,0.100,-0.108762,0.988715,-3.236367,-0.228644,0.989649,-3.239990,0.011120,0.987782,-3.232744,-0.282752,0.597684,-3.034397,0.008949,0.542878,-3.202935,-0.249696,0.202583,-3.161146,0.015425,0.136637,-3.293431,-0.107939,1.105917,-3.233427,-0.109028,1.319490,-3.214682,-0.105047,1.560001,-3.182472,-0.104088,1.656805,-3.144663,-0.141278,1.508564,-3.186393,-0.070403,1.507771,-3.189197,-0.278966,1.452385,-3.171651,0.065571,1.447820,-3.195292,-0.336801,1.174494,-3.233469,0.141121,1.167478,-3.173288,-0.369734,0.893670,-3.230562,0.145275,0.921383,-3.034075,-0.278209,0.076301,-3.037348,0.036562,0.052732,-3.136589,,,,,,,,,,-0.353323,0.878379,-3.219585,-0.324110,0.834693,-3.228866,-0.309912,0.804517,-3.242095,-0.344858,0.801180,-3.239989,-0.327861,0.773483,-3.257441,-0.311032,0.760404,-3.273396,-0.361725,0.804663,-3.259005,-0.345066,0.780793,-3.285395,-0.330539,0.771099,-3.304891,-0.375525,0.808942,-3.274472,-0.361126,0.786844,-3.301083,-0.347810,0.781433,-3.318986,-0.386223,0.819579,-3.290308,-0.372704,0.803781,-3.315717,-0.359376,0.800505,-3.333832,0.128931,0.915379,-3.016173,0.094787,0.875284,-3.007537,0.082336,0.841762,-3.010468,0.117197,0.840048,-2.990969,0.097167,0.809110,-2.992461,0.077530,0.794269,-3.002613,0.133272,0.831768,-3.009171,0.113920,0.797968,-3.014332,0.094995,0.787612,-3.029161,0.146472,0.826240,-3.024765,0.128760,0.793979,-3.031794,0.111978,0.789993,-3.046941,0.156751,0.825993,-3.044070,0.140230,0.798910,-3.052519,0.123849,0.789755,-3.065349,,,
4,0.133,-0.112998,0.991277,-3.183866,-0.232899,0.991410,-3.186892,0.006904,0.991145,-3.180839,-0.274504,0.592073,-2.992903,0.007407,0.545288,-3.187457,-0.251749,0.176446,-2.992839,0.011888,0.142259,-3.291433,-0.112977,1.108440,-3.179555,-0.112681,1.321927,-3.159830,-0.113086,1.562553,-3.128244,-0.114351,1.659521,-3.090866,-0.148456,1.510612,-3.133233,-0.077523,1.510788,-3.133629,-0.286199,1.453240,-3.125057,0.060071,1.454325,-3.133565,-0.336971,1.180433,-3.211010,0.147165,1.179292,-3.094133,-0.369519,0.900260,-3.230997,0.138111,0.947903,-2.931844,-0.285136,0.087738,-2.840845,0.034094,0.058695,-3.134556,,,,,,,,,,-0.353688,0.884857,-3.219346,-0.321939,0.842891,-3.228226,-0.305210,0.814142,-3.241670,-0.340082,0.809484,-3.243459,-0.320393,0.783517,-3.260740,-0.301573,0.772035,-3.275666,-0.355077,0.813619,-3.263862,-0.334879,0.792055,-3.289761,-0.318070,0.784119,-3.308188,-0.367413,0.818422,-3.280378,-0.349542,0.798577,-3.306657,-0.334291,0.794777,-3.323392,-0.376887,0.829695,-3.296550,-0.360201,0.816025,-3.321303,-0.344966,0.814373,-3.338085,0.119996,0.942169,-2.915639,0.085760,0.901711,-2.909393,0.073760,0.868016,-2.912228,0.106777,0.867493,-2.889251,0.087084,0.836474,-2.892498,0.068798,0.821373,-2.904605,0.124888,0.858938,-2.905284,0.106438,0.824867,-2.911792,0.089384,0.814022,-2.928431,0.139811,0.853161,-2.919138,0.123065,0.820645,-2.927271,0.108071,0.816213,-2.944078,0.152154,0.852483,-2.937182,0.136561,0.825133,-2.946491,0.121594,0.815581,-2.960688,,,
5,0.167,-0.116264,0.985171,-3.134278,-0.236134,0.981761,-3.136532,0.003606,0.988581,-3.132024,-0.269145,0.587556,-2.930751,0.013606,0.543371,-3.154841,-0.263886,0.183167,-2.832234,0.014764,0.149649,-3.289916,-0.119693,1.102246,-3.129055,-0.116600,1.315705,-3.109274,-0.122260,1.556376,-3.078541,-0.125319,1.653498,-3.041671,-0.156535,1.503827,-3.084686,-0.085650,1.505208,-3.082403,-0.293841,1.444884,-3.082612,0.053312,1.452682,-3.075285,-0.333558,1.177638,-3.189342,0.152520,1.185607,-3.015177,-0.362334,0.899452,-3.231054,0.134216,0.968406,-2.835041,-0.300146,0.133934,-2.663868,0.036964,0.063481,-3.134454,,,,,,,,,,-0.347538,0.883804,-3.218411,-0.314048,0.842874,-3.225565,-0.295177,0.815080,-3.238155,-0.329627,0.809900,-3.244200,-0.307660,0.785055,-3.260348,-0.287099,0.774564,-3.273614,-0.342368,0.814719,-3.265941,-0.319004,0.794703,-3.290379,-0.300115,0.787900,-3.307172,-0.352912,0.820070,-3.283497,-0.331817,0.801804,-3.308499,-0.314739,0.799060,-3.323596,-0.360798,0.831919,-3.300104,-0.341141,0.819720,-3.323401,-0.324094,0.819124,-3.338420,0.114476,0.963298,-2.820624,0.080421,0.922520,-2.815575,0.068499,0.888715,-2.817146,0.099575,0.890181,-2.790966,0.080520,0.858855,-2.794988,0.063887,0.842988,-2.808425,0.119527,0.881046,-2.804260,0.102324,0.846344,-2.810849,0.087440,0.834281,-2.828690,0.136019,0.874747,-2.815937,0.120473,0.841638,-2.824063,0.107517,0.836114,-2.842189,0.150340,0.873202,-2.832396,0.135790,0.845257,-2.841625,0.122420,0.834786,-2.856738,,,
6,0.200,-0.119264,0.973374,-3.078890,-0.239004,0.966495,-3.079561,0.000477,0.980252,-3.078220,-0.266712,0.586100,-2.848552,0.019894,0.536825,-3.120978,-0.284819,0.200707,-2.692324,0.017914,0.155151,-3.287062,-0.126012,1.090281,-3.073151,-0.121569,1.303820,-3.054521,-0.131757,1.544530,-3.025306,-0.136072,1.641790,-2.988929,-0.165040,1.491440,-3.032196,-0.094286,1.493902,-3.027775,-0.302046,1.431842,-3.035190,0.044882,1.443367,-3.013675,-0.330795,1.170170,-3.158035,0.152723,1.185890,-2.930853,-0.355899,0.895388,-3.219841,0.126408,0.980990,-2.737763,-0.322931,0.192195,-2.517507,0.040365,0.065598,-3.133561,,,,,,,,,,-0.342236,0.879176,-3.206645,-0.307612,0.839007,-3.212612,-0.287194,0.812140,-3.224795,-0.320751,0.807010,-3.234538,-0.296549,0.783922,-3.250088,-0.274477,0.774916,-3.261944,-0.331294,0.812944,-3.257163,-0.305105,0.795013,-3.280323,-0.284465,0.789678,-3.295508,-0.340082,0.819191,-3.275377,-0.316024,0.803120,-3.299183,-0.297413,0.801765,-3.312559,-0.346415,0.831894,-3.292018,-0.324275,0.821471,-3.313908,-0.305800,0.822056,-3.327129,0.105509,0.976698,-2.724785,0.071947,0.935617,-2.718957,0.060430,0.901643,-2.718223,0.089348,0.906305,-2.689695,0.071223,0.874324,-2.692737,0.056207,0.856971,-2.706240,0.110636,0.896534,-2.700166,0.094815,0.860902,-2.705028,0.081932,0.846863,-2.722979,0.128271,0.889638,-2.709625,0.114070,0.855578,-2.716113,0.102970,0.848156,-2.734785,0.144099,0.886961,-2.724480,0.130776,0.857973,-2.732224,0.118951,0.845844,-2.747385,,,
7,0.233,-0.123146,0.958198,-3.019932,-0.242796,0.949994,-3.018462,-0.003496,0.966402,-3.021401,-0.267174,0.589904,-2.756596,0.020934,0.526405,-3.089509,-0.296966,0.214085,-2.580142,0.016967,0.158765,-3.284671,-0.131078,1.075002,-3.013639,-0.127697,1.288657,-2.996156,-0.139852,1.529438,-2.968303,-0.144831,1.626854,-2.932432,-0.172688,1.476111,-2.975509,-0.102038,1.479030,-2.969872,-0.309744,1.416983,-2.982648,0.036528,1.428728,-2.950138,-0.330702,1.159276,-3.115078,0.149343,1.180505,-2.847951,-0.354710,0.888799,-3.193951,0.119067,0.984241,-2.646644,-0.334823,0.239370,-2.406898,0.040665,0.067415,-3.132422,,,,,,,,,,-0.341789,0.871920,-3.180845,-0.306581,0.832267,-3.186848,-0.285106,0.806139,-3.198820,-0.318099,0.801503,-3.211305,-0.291743,0.781601,-3.227733,-0.268615,0.775194,-3.239258,-0.327245,0.808660,-3.234184,-0.298858,0.793832,-3.256944,-0.277088,0.790647,-3.271122,-0.334917,0.815886,-3.252538,-0.308439,0.802903,-3.275649,-0.288855,0.803451,-3.287619,-0.340283,0.829480,-3.268811,-0.316397,0.820940,-3.289656,-0.297041,0.822727,-3.301430,0.097593,0.980160,-2.634568,0.065243,0.938347,-2.627277,0.055352,0.903973,-2.624456,0.081897,0.912224,-2.594743,0.065134,0.879404,-2.596295,0.051606,0.860471,-2.609236,0.104113,0.902518,-2.603138,0.089997,0.865958,-2.605905,0.078776,0.850011,-2.623372,0.122522,0.895608,-2.610971,0.109977,0.860597,-2.615520,0.100313,0.851299,-2.634151,0.139301,0.892390,-2.624628,0.127445,0.862360,-2.630578,0.116944,0.848554,-2.645273,,,
8,0.267,-0.128099,0.944351,-2.958555,-0.247736,0.936404,-2.955472,-0.008463,0.952299,-2.961639,-0.271742,0.579059,-2.689839,0.016547,0.517672,-3.058111,-0.294864,0.202932,-2.513041,0.014426,0.164467,-3.278350,-0.135694,1.061171,-2.952140,-0.134420,1.274854,-2.934725,-0.147632,1.515561,-2.906716,-0.153563,1.613007,-2.871069,-0.180202,1.462187,-2.914732,-0.109698,1.465226,-2.907548,-0.316775,1.402614,-2.926152,0.028397,1.415695,-2.883118,-0.331364,1.145667,-3.060893,0.142873,1.173091,-2.769882,-0.354861,0.879180,-3.152476,0.114369,0.980073,-2.565207,-0.327713,0.223761,-2.338190,0.038673,0.067007,-3.130027,,,,,,,,,,-0.342078,0.861680,-3.140067,-0.306531,0.822587,-3.147558,-0.284726,0.797276,-3.160638,-0.317419,0.793138,-3.173853,-0.290315,0.775340,-3.191439,-0.266909,0.770533,-3.203179,-0.326191,0.801478,-3.196475,-0.297023,0.788799,-3.219544,-0.274911,0.787027,-3.233438,-0.333573,0.809652,-3.214550,-0.306252,0.798729,-3.237745,-0.286398,0.800441,-3.249147,-0.338725,0.824080,-3.230159,-0.314224,0.816901,-3.250803,-0.294591,0.819482,-3.261955,0.092643,0.976204,-2.553518,0.061269,0.934045,-2.544227,0.052568,0.899589,-2.539284,0.077602,0.910804,-2.509423,0.061809,0.877471,-2.509181,0.049236,0.857298,-2.521178,0.100342,0.901210,-2.516433,0.087418,0.864111,-2.516948,0.077240,0.846613,-2.533548,0.119180,0.894326,-2.523198,0.107758,0.858728,-2.525674,0.098965,0.847895,-2.543903,0.136472,0.890664,-2.536081,0.125639,0.859946,-2.540189,0.115991,0.844824,-2.554154,,,
9,0.300,-0.134065,0.932110,-2.894451,-0.253818,0.926158,-2.891421,-0.014311,0.938062,-2.897480,-0.275390,0.560349,-2.637352,0.006933,0.511210,-3.024677,-0.288451,0.177060,-2.475542,0.011606,0.172479,-3.266552,-0.139771,1.049132,-2.890110,-0.140976,1.262989,-2.874956,-0.156212,1.503799,-2.848931,-0.164022,1.601475,-2.814292,-0.188264,1.450207,-2.857562,-0.118020,1.453656,-2.848305,-0.323709,1.388689,-2.871763,0.019885,1.406029,-2.819423,-0.335473,1.129005,-3.001438,0.134871,1.164423,-2.704582,-0.359118,0.863258,-3.095109,0.114040,0.968069,-2.502167,-0.312185,0.160296,-2.298789,0.036829,0.062706,-3.127269,,,,,,,,,,-0.346271,0.845009,-3.083904,-0.311954,0.805484,-3.094307,-0.291420,0.780339,-3.109577,-0.324534,0.777340,-3.121268,-0.298556,0.759796,-3.140709,-0.275763,0.755044,-3.153621,-0.333982,0.786757,-3.143184,-0.306010,0.774292,-3.167799,-0.284480,0.772538,-3.182580,-0.341869,0.795796,-3.160622,-0.315686,0.785213,-3.185243,-0.296238,0.786939,-3.197323,-0.347288,0.810939,-3.175445,-0.323660,0.803926,-3.197135,-0.304345,0.806422,-3.208849,0.092359,0.964304,-2.490361,0.061860,0.921980,-2.479115,0.054307,0.887521,-2.472567,0.078558,0.900815,-2.443178,0.063649,0.867165,-2.440727,0.051568,0.845948,-2.451350,0.101523,0.891384,-2.449653,0.089559,0.853998,-2.447982,0.079839,0.835298,-2.463511,0.120529,0.884588,-2.456024,0.110114,0.848599,-2.456439,0.101663,0.836495,-2.474019,0.137943,0.880678,-2.468667,0.128196,0.849423,-2.471095,0.119135,0.833252,-2.484256,,,
10,0.333,-0.141200,0.922203,-2.827203,-0.261048,0.917642,-2.826107,-0.021352,0.926764,-2.828300,-0.277972,0.543087,-2.584747,-0.003749,0.511859,-2.990708,-0.283888,0.150549,-2.446390,0.012312,0.186236,-3.249504,-0.145631,1.039326,-2.824332,-0.149360,1.253422,-2.813631,-0.165492,1.494806,-2.794327,-0.175858,1.593062,-2.762081,-0.197251,1.440961,-2.802444,-0.127295,1.444752,-2.791334,-0.331913,1.378101,-2.818133,0.010251,1.398477,-2.758776,-0.345797,1.113545,-2.937326,0.122729,1.153417,-2.648876,-0.371710,0.844579,-3.020638,0.110988,0.948528,-2.454342,-0.306469,0.092695,-2.278375,0.038830,0.054896,-3.130622,,,,,,,,,,-0.358779,0.825815,-3.010423,-0.326425,0.785377,-3.023304,-0.307895,0.759927,-3.040512,-0.341513,0.757946,-3.049707,-0.317332,0.739931,-3.070952,-0.295546,0.734694,-3.085331,-0.351989,0.767900,-3.070906,-0.325855,0.754876,-3.097195,-0.305267,0.752640,-3.113203,-0.360644,0.777379,-3.087737,-0.336278,0.766320,-3.113962,-0.317531,0.767607,-3.127153,-0.366485,0.792851,-3.102050,-0.344284,0.785233,-3.125008,-0.325553,0.787169,-3.137732,0.089340,0.944895,-2.442435,0.058992,0.902672,-2.430428,0.052338,0.868128,-2.423367,0.075820,0.882159,-2.394174,0.061510,0.848462,-2.389669,0.049573,0.826528,-2.398908,0.098802,0.872692,-2.400533,0.087326,0.835272,-2.397117,0.077662,0.815789,-2.411688,0.117818,0.865848,-2.406826,0.108068,0.829688,-2.405720,0.099719,0.816735,-2.422734,0.135221,0.861781,-2.419435,0.126301,0.830221,-2.420917,0.117642,0.813485,-2.433634,,,
11,0.367,-0.150946,0.916092,-2.762955,-0.270832,0.912710,-2.764138,-0.031059,0.919474,-2.761773,-0.291908,0.542435,-2.516579,-0.005364,0.503611,-2.920613,-0.289405,0.136948,-2.422571,0.016125,0.204249,-3.209030,-0.154267,1.033277,-2.761436,-0.161101,1.247434,-2.753962,-0.174994,1.489398,-2.741354,-0.187417,1.588277,-2.711857,-0.207207,1.435669,-2.748377,-0.137343,1.439070,-2.736579,-0.342073,1.373177,-2.763785,-0.000476,1.392022,-2.702312,-0.364451,1.103965,-2.870620,0.106124,1.139063,-2.605195,-0.397112,0.830999,-2.936785,0.103373,0.921371,-2.424742,-0.312861,0.049249,-2.268154,0.043290,0.044943,-3.131765,,,,,,,,,,-0.384121,0.812519,-2.926139,-0.352604,0.771167,-2.938170,-0.335090,0.744907,-2.955224,-0.368734,0.742844,-2.962967,-0.345315,0.723946,-2.984299,-0.324021,0.718056,-2.999154,-0.379678,0.752030,-2.984276,-0.354297,0.737723,-3.010636,-0.334126,0.734659,-3.027032,-0.388686,0.760901,-3.001251,-0.365077,0.748505,-3.027570,-0.346650,0.749035,-3.041255,-0.394742,0.775831,-3.016044,-0.372973,0.766725,-3.038872,-0.354401,0.767697,-3.051935,0.081719,0.918023,-2.412761,0.050510,0.876290,-2.401256,0.042818,0.841866,-2.394687,0.067091,0.854814,-2.365450,0.052459,0.821357,-2.360244,0.040062,0.799460,-2.368948,0.089819,0.844945,-2.372108,0.077823,0.807722,-2.368350,0.067655,0.788261,-2.382604,0.108640,0.837787,-2.378631,0.098478,0.801746,-2.377345,0.089793,0.788845,-2.394229,0.125874,0.833544,-2.391413,0.116647,0.802083,-2.393104,0.107751,0.785471,-2.405821,,,
12,0.400,-0.162173,0.913444,-2.701812,-0.282045,0.910676,-2.704740,-0.042301,0.916212,-2.698883,-0.312380,0.553713,-2.439241,0.005802,0.486528,-2.807923,-0.296638,0.138244,-2.419204,0.024445,0.230148,-3.135315,-0.164884,1.030654,-2.701633,-0.172359,1.244842,-2.695858,-0.186292,1.486970,-2.686975,-0.200009,1.586182,-2.659222,-0.218504,1.433131,-2.693102,-0.148618,1.436731,-2.681495,-0.353167,1.369587,-2.705724,-0.011691,1.389611,-2.647568,-0.384544,1.096041,-2.798342,0.093017,1.128780,-2.571494,-0.421830,0.819107,-2.841616,0.102993,0.896060,-2.411175,-0.322695,0.050825,-2.265045,0.042905,0.052150,-3.127426,,,,,,,,,,-0.408828,0.801725,-2.829269,-0.377822,0.759044,-2.837326,-0.361322,0.731170,-2.852753,-0.394542,0.728428,-2.858781,-0.371820,0.707204,-2.878628,-0.350954,0.699569,-2.893295,-0.405729,0.735429,-2.880783,-0.380831,0.718222,-2.905838,-0.360919,0.713282,-2.922093,-0.414918,0.742554,-2.898469,-0.391908,0.727109,-2.923684,-0.373719,0.725924,-2.937643,-0.421075,0.755904,-2.914663,-0.399397,0.743974,-2.936242,-0.380820,0.743171,-2.949310,0.081672,0.892081,-2.398797,0.050738,0.849795,-2.388651,0.042628,0.815209,-2.383610,0.068267,0.826469,-2.354491,0.053931,0.792743,-2.350302,0.041342,0.771181,-2.359553,0.090792,0.816969,-2.362279,0.079084,0.779558,-2.359649,0.068546,0.760576,-2.374277,0.109418,0.810168,-2.369683,0.099381,0.774069,-2.369788,0.090241,0.761916,-2.386984,0.126290,0.806606,-2.383138,0.117082,0.775235,-2.386119,0.107872,0.759207,-2.399351,,,
13,0.433,-0.172538,0.914993,-2.641927,-0.292360,0.912725,-2.646735,-0.052716,0.917261,-2.637120,-0.327063,0.552297,-2.386503,0.013349,0.477643,-2.671816,-0.301089,0.137896,-2.415828,0.027312,0.269247,-3.031872,-0.174718,1.032211,-2.642891,-0.181358,1.246449,-2.638012,-0.194612,1.488647,-2.630067,-0.208820,1.587865,-2.602582,-0.227021,1.434858,-2.635567,-0.156994,1.438342,-2.624804,-0.361543,1.370423,-2.644692,-0.019843,1.390484,-2.592878,-0.402179,1.092899,-2.720319,0.080761,1.122804,-2.538012,-0.442071,0.813381,-2.735597,0.099161,0.877450,-2.398646,-0.328668,0.050541,-2.261898,0.046902,0.095799,-3.072097,,,,,,,,,,-0.429300,0.797150,-2.721558,-0.399371,0.753118,-2.725217,-0.384652,0.723567,-2.739262,-0.417057,0.720745,-2.743005,-0.395533,0.696543,-2.760657,-0.375272,0.686468,-2.774686,-0.428374,0.725562,-2.765522,-0.404311,0.704982,-2.788785,-0.384780,0.697708,-2.804619,-0.437634,0.730926,-2.783783,-0.415721,0.711828,-2.807423,-0.397892,0.708363,-2.821467,-0.443703,0.742568,-2.801276,-0.422421,0.727573,-2.821281,-0.403927,0.724688,-2.834170,0.078192,0.872719,-2.385936,0.047336,0.829954,-2.377750,0.039582,0.795038,-2.374891,0.065733,0.804310,-2.345778,0.051332,0.770411,-2.343780,0.038401,0.749656,-2.354314,0.087967,0.795279,-2.354854,0.076267,0.757776,-2.354352,0.065258,0.739795,-2.369870,0.106329,0.788928,-2.363250,0.096116,0.752952,-2.365554,0.086422,0.742035,-2.383268,0.122778,0.786224,-2.377411,0.113402,0.755109,-2.382074,0.103754,0.739946,-2.395995,,,
14,0.467,-0.181501,0.919923,-2.583614,-0.301199,0.918352,-2.591055,-0.061802,0.921495,-2.576174,-0.336633,0.546331,-2.347790,0.007911,0.482898,-2.536104,-0.305016,0.136035,-2.410405,0.020259,0.296941,-2.908302,-0.182916,1.037140,-2.585606,-0.188069,1.251427,-2.581145,-0.198627,1.493698,-2.571532,-0.211746,1.592813,-2.543149,-0.231731,1.440265,-2.576321,-0.161376,1.442993,-2.567683,-0.366320,1.375519,-2.581312,-0.023785,1.393696,-2.540140,-0.414985,1.094659,-2.637339,0.069389,1.120692,-2.500498,-0.455572,0.815298,-2.621048,0.096587,0.865529,-2.381703,-0.334460,0.049153,-2.256552,0.057892,0.127302,-2.951806,,,,,,,,,,-0.442875,0.800277,-2.605659,-0.413776,0.755542,-2.605391,-0.400343,0.724576,-2.617549,-0.432291,0.721926,-2.619688,-0.411853,0.695261,-2.634914,-0.392166,0.683049,-2.648033,-0.443861,0.724735,-2.642415,-0.420777,0.701181,-2.663771,-0.401732,0.691753,-2.679051,-0.453301,0.728464,-2.660988,-0.432367,0.706353,-2.682819,-0.414903,0.700914,-2.696696,-0.459431,0.738455,-2.679454,-0.438788,0.721082,-2.698163,-0.420569,0.716530,-2.710963,0.075940,0.859900,-2.368833,0.045225,0.816658,-2.362943,0.038683,0.781380,-2.362677,0.064384,0.788793,-2.333367,0.049933,0.754857,-2.333730,0.036713,0.735027,-2.345602,0.086362,0.780434,-2.343631,0.074621,0.742994,-2.345621,0.063208,0.726234,-2.362179,0.104494,0.774701,-2.352926,0.094194,0.738983,-2.357622,0.084056,0.729405,-2.375855,0.120571,0.773018,-2.367660,0.111270,0.742218,-2.374192,0.101369,0.727964,-2.388876,,,
15,0.500,-0.188375,0.928421,-2.526547,-0.307919,0.927592,-2.536248,-0.068831,0.929250,-2.516846,-0.339032,0.537952,-2.321667,-0.002294,0.501873,-2.408427,-0.306847,0.131691,-2.406401,0.007319,0.300094,-2.772373,-0.188955,1.045626,-2.529412,-0.192601,1.259946,-2.525000,-0.200358,1.502212,-2.512938,-0.210886,1.601271,-2.483306,-0.234167,1.449127,-2.516514,-0.163449,1.451139,-2.511341,-0.368794,1.384291,-2.514741,-0.025155,1.400303,-2.491076,-0.422648,1.100838,-2.548561,0.060999,1.123253,-2.466484,-0.458934,0.824989,-2.498105,0.100540,0.860745,-2.369087,-0.337292,0.044465,-2.252939,0.051499,0.127953,-2.794774,,,,,,,,,,-0.445619,0.811598,-2.481764,-0.416946,0.766755,-2.477890,-0.404384,0.734433,-2.487087,-0.436454,0.732025,-2.487405,-0.417057,0.703358,-2.500156,-0.398132,0.689302,-2.512528,-0.449120,0.732446,-2.509713,-0.427441,0.706170,-2.529294,-0.409309,0.694698,-2.544283,-0.459442,0.734214,-2.528106,-0.439658,0.709702,-2.548392,-0.422898,0.702661,-2.562416,-0.466397,0.742168,-2.547257,-0.446920,0.722758,-2.565198,-0.429455,0.716770,-2.578450,0.080823,0.853784,-2.355434,0.051115,0.809673,-2.350999,0.046015,0.774235,-2.353344,0.072470,0.779989,-2.324902,0.058629,0.745838,-2.326553,0.044978,0.726552,-2.338827,0.093864,0.772832,-2.337122,0.082451,0.735459,-2.341202,0.070194,0.719820,-2.358246,0.111446,0.768149,-2.347937,0.101497,0.732632,-2.354528,0.090384,0.724162,-2.372741,0.126582,0.767880,-2.363724,0.117625,0.737436,-2.372133,0.107192,0.724124,-2.387323,,,
16,0.533,-0.192164,0.939304,-2.470674,-0.311625,0.939207,-2.481378,-0.072703,0.939401,-2.459970,-0.334097,0.530828,-2.303743,-0.008085,0.530470,-2.294344,-0.306085,0.127298,-2.401937,-0.006419,0.291851,-2.635405,-0.191949,1.056494,-2.474143,-0.194664,1.270830,-2.469844,-0.200436,1.513092,-2.456615,-0.207953,1.612114,-2.425965,-0.234676,1.460195,-2.458470,-0.163771,1.461822,-2.457232,-0.369297,1.396166,-2.448043,-0.025000,1.409572,-2.445706,-0.425990,1.111457,-2.458851,0.055882,1.129902,-2.440551,-0.450440,0.842930,-2.373703,0.107863,0.861656,-2.367733,-0.335742,0.040113,-2.248297,0.028921,0.116404,-2.627941,,,,,,,,,,-0.435682,0.831598,-2.357047,-0.406730,0.787317,-2.350053,-0.394406,0.754050,-2.355399,-0.426985,0.751865,-2.353230,-0.408420,0.721796,-2.363802,-0.390456,0.706267,-2.375842,-0.441627,0.749563,-2.374172,-0.421644,0.720903,-2.392146,-0.404863,0.707527,-2.407132,-0.453580,0.749073,-2.391633,-0.435226,0.722539,-2.410681,-0.419638,0.714070,-2.425255,-0.462254,0.754585,-2.410939,-0.444550,0.733000,-2.428220,-0.428417,0.725366,-2.442289,0.089943,0.853048,-2.352621,0.061358,0.808127,-2.349018,0.056466,0.772961,-2.354193,0.085888,0.776559,-2.328525,0.072723,0.742191,-2.331000,0.058063,0.723427,-2.342913,0.105769,0.771013,-2.343765,0.094337,0.733908,-2.349774,0.080297,0.719535,-2.366554,0.122006,0.767721,-2.356938,0.112002,0.732605,-2.365341,0.098971,0.725377,-2.382802,0.135191,0.769241,-2.374323,0.125960,0.739450,-2.384572,0.114140,0.727312,-2.399729,,,
17,0.567,-0.192193,0.951716,-2.414871,-0.311609,0.952445,-2.426052,-0.072778,0.950987,-2.403689,-0.326605,0.527987,-2.290247,-0.014375,0.563897,-2.190187,-0.304372,0.126680,-2.398517,-0.018100,0.281016,-2.495518,-0.191123,1.068891,-2.418660,-0.194255,1.283238,-2.415270,-0.197468,1.525566,-2.402407,-0.202053,1.624570,-2.371124,-0.232166,1.472937,-2.402367,-0.161280,1.474009,-2.404763,-0.366790,1.410897,-2.383425,-0.022778,1.419917,-2.401343,-0.426200,1.126758,-2.372245,0.052029,1.138932,-2.416672,-0.433021,0.870095,-2.253785,0.109915,0.866450,-2.368057,-0.332989,0.039902,-2.244450,0.009513,0.110704,-2.447374,,,,,,,,,,-0.416222,0.861046,-2.237675,-0.385860,0.818118,-2.228547,-0.372490,0.784855,-2.229953,-0.405707,0.782495,-2.224764,-0.387640,0.751504,-2.233352,-0.370711,0.734728,-2.245218,-0.422644,0.777471,-2.243370,-0.404313,0.746806,-2.259720,-0.389112,0.731671,-2.274719,-0.436539,0.774701,-2.259094,-0.419787,0.746238,-2.276785,-0.405742,0.736238,-2.291945,-0.447501,0.777655,-2.277789,-0.431725,0.753972,-2.294166,-0.417291,0.744588,-2.309001,0.093878,0.856660,-2.351608,0.064580,0.812150,-2.348704,0.057840,0.777809,-2.356623,0.090566,0.778176,-2.334965,0.076482,0.744285,-2.338648,0.059938,0.726817,-2.350055,0.108071,0.773868,-2.353222,0.094835,0.737729,-2.361122,0.078255,0.725293,-2.377115,0.122311,0.771654,-2.368725,0.110450,0.737615,-2.378948,0.095053,0.732245,-2.395104,0.133128,0.774720,-2.387486,0.121994,0.746201,-2.399341,0.108072,0.735708,-2.413930,,,
18,0.600,-0.191642,0.962899,-2.358412,-0.310972,0.964472,-2.370382,-0.072311,0.961326,-2.346442,-0.318455,0.527459,-2.282088,-0.020374,0.597910,-2.093333,-0.302136,0.128429,-2.399446,-0.025334,0.267186,-2.346040,-0.189725,1.080067,-2.362115,-0.193189,1.294414,-2.359102,-0.193110,1.536762,-2.346221,-0.194639,1.635664,-2.314320,-0.228347,1.484520,-2.344515,-0.157646,1.484807,-2.350260,-0.362805,1.424853,-2.318201,-0.020021,1.428566,-2.354310,-0.425252,1.142860,-2.287059,0.047819,1.147719,-2.390458,-0.407746,0.902910,-2.138490,0.106617,0.872322,-2.364774,-0.329530,0.040890,-2.245587,0.000301,0.116049,-2.253376,,,,,,,,,,-0.388624,0.896544,-2.123743,-0.355160,0.856218,-2.113643,-0.339726,0.823854,-2.112418,-0.372493,0.820627,-2.103151,-0.353873,0.789489,-2.109808,-0.337531,0.771950,-2.121389,-0.391325,0.812725,-2.118681,-0.373572,0.780875,-2.133312,-0.359548,0.764481,-2.148135,-0.406903,0.807526,-2.132033,-0.391072,0.777515,-2.147923,-0.378500,0.766062,-2.163346,-0.420244,0.807744,-2.149364,-0.405521,0.782663,-2.164600,-0.392612,0.771941,-2.179926,0.091992,0.861695,-2.347545,0.060426,0.818714,-2.345516,0.050652,0.785800,-2.355933,0.085588,0.782171,-2.338461,0.069107,0.749595,-2.343726,0.050304,0.734276,-2.354714,0.100553,0.778912,-2.359045,0.084185,0.744547,-2.368777,0.065094,0.734746,-2.383770,0.112735,0.777612,-2.376305,0.097611,0.745498,-2.388296,0.080133,0.742663,-2.402904,0.121487,0.782077,-2.395846,0.107342,0.755534,-2.409006,0.091224,0.747314,-2.422770,,,
19,0.633,-0.191247,0.969849,-2.303159,-0.310469,0.972162,-2.316053,-0.072025,0.967536,-2.290266,-0.310016,0.528099,-2.275551,-0.025414,0.626815,-2.006419,-0.300079,0.131358,-2.401098,-0.028684,0.252095,-2.187631,-0.188642,1.087021,-2.306226,-0.192371,1.301338,-2.301737,-0.188525,1.543558,-2.287124,-0.187104,1.642204,-2.254438,-0.224334,1.491760,-2.284205,-0.153966,1.491186,-2.293135,-0.358417,1.434466,-2.251485,-0.017533,1.433123,-2.304760,-0.425328,1.155889,-2.203447,0.042778,1.154155,-2.362406,-0.375547,0.937634,-2.030700,0.098794,0.877027,-2.357628,-0.326119,0.043403,-2.247241,-0.001037,0.132918,-2.056793,,,,,,,,,,-0.354569,0.934208,-2.017591,-0.317890,0.897152,-2.006212,-0.300223,0.866167,-2.002349,-0.331841,0.862661,-1.989096,-0.312170,0.831739,-1.993283,-0.296087,0.813429,-2.004001,-0.351784,0.851874,-2.001104,-0.333850,0.819039,-2.013101,-0.320549,0.801296,-2.027008,-0.368415,0.844204,-2.011714,-0.352765,0.812797,-2.024845,-0.341316,0.799687,-2.039817,-0.383584,0.841435,-2.027226,-0.369228,0.815031,-2.040445,-0.357489,0.802751,-2.055541,0.085011,0.865388,-2.340361,0.051108,0.824176,-2.339989,0.038519,0.793149,-2.352883,0.074446,0.785801,-2.339009,0.055463,0.755018,-2.346267,0.034857,0.742134,-2.357145,0.087427,0.784000,-2.361066,0.068134,0.751868,-2.372850,0.047281,0.744846,-2.387034,0.098037,0.783933,-2.379381,0.079885,0.754245,-2.393275,0.061104,0.754028,-2.406474,0.105404,0.790017,-2.399056,0.088543,0.765860,-2.413546,0.070833,0.760079,-2.426574,,,
20,0.667,-0.189751,0.972709,-2.248559,-0.308901,0.975736,-2.261968,-0.070602,0.969681,-2.235150,-0.304918,0.529855,-2.264613,-0.034249,0.643488,-1.933308,-0.298304,0.137067,-2.402224,-0.027053,0.237383,-2.024362,-0.186572,1.089894,-2.250354,-0.191256,1.304129,-2.243486,-0.182971,1.546064,-2.226236,-0.179143,1.644361,-2.192703,-0.219439,1.494787,-2.222407,-0.149527,1.493247,-2.234311,-0.353001,1.439975,-2.183829,-0.014539,1.433847,-2.253551,-0.425918,1.166060,-2.120242,0.037116,1.158281,-2.332156,-0.341815,0.971641,-1.932937,0.087978,0.880461,-2.345932,-0.322969,0.048619,-2.248423,0.001288,0.150761,-1.870156,,,,,,,,,,-0.319510,0.970814,-1.921736,-0.280507,0.936853,-1.908567,-0.261074,0.907499,-1.901650,-0.291359,0.905290,-1.884834,-0.271036,0.874538,-1.886222,-0.255434,0.855117,-1.895614,-0.311991,0.892293,-1.892814,-0.294034,0.858366,-1.901193,-0.281472,0.838905,-1.913382,-0.329307,0.882666,-1.900264,-0.313868,0.849865,-1.909722,-0.303477,0.834731,-1.923511,-0.345845,0.877115,-1.913456,-0.331749,0.849242,-1.923573,-0.321019,0.834912,-1.937572,0.074912,0.867476,-2.329072,0.039334,0.827733,-2.330708,0.024477,0.798808,-2.345874,0.060973,0.788668,-2.335608,0.039942,0.759830,-2.344917,0.018013,0.749221,-2.355663,0.072320,0.788870,-2.358619,0.050771,0.759074,-2.372456,0.028693,0.754556,-2.385777,0.081636,0.790461,-2.377558,0.061110,0.763317,-2.393234,0.041463,0.765358,-2.404929,0.087898,0.798431,-2.396940,0.068858,0.776749,-2.412598,0.049989,0.773166,-2.424761,,,
21,0.700,-0.188056,0.972236,-2.192151,-0.307041,0.977733,-2.206221,-0.069071,0.966740,-2.178081,-0.305008,0.534285,-2.252938,-0.048545,0.636467,-1.879198,-0.299128,0.146123,-2.403136,-0.024557,0.221052,-1.868293,-0.182652,1.089354,-2.192099,-0.189657,1.303466,-2.183592,-0.176217,1.544948,-2.163473,-0.170573,1.642809,-2.128936,-0.213460,1.494292,-2.158924,-0.144095,1.491653,-2.173525,-0.346307,1.442033,-2.114739,-0.010854,1.431052,-2.199881,-0.425955,1.174410,-2.034590,0.030782,1.159722,-2.296991,-0.312164,1.001671,-1.841800,0.075195,0.882083,-2.327066,-0.322410,0.055817,-2.250203,0.003454,0.169539,-1.699036,,,,,,,,,,-0.288941,1.002898,-1.832700,-0.248128,0.971919,-1.817780,-0.227049,0.944603,-1.807950,-0.256081,0.944602,-1.788323,-0.235290,0.914205,-1.786228,-0.220118,0.893573,-1.793505,-0.277024,0.930286,-1.792156,-0.259001,0.895603,-1.796159,-0.247029,0.874462,-1.805897,-0.294697,0.919409,-1.796321,-0.279356,0.885611,-1.801431,-0.269833,0.868449,-1.813342,-0.312203,0.911613,-1.806863,-0.298165,0.882637,-1.813285,-0.288208,0.866281,-1.825525,0.062945,0.867745,-2.310695,0.025930,0.829422,-2.313720,0.008798,0.802683,-2.330420,0.045721,0.790510,-2.324324,0.022697,0.763777,-2.335082,-0.000447,0.755356,-2.345203,0.055341,0.792848,-2.347993,0.031685,0.765434,-2.363241,0.008535,0.763096,-2.375238,0.063287,0.796189,-2.367325,0.040514,0.771634,-2.384126,0.020145,0.775591,-2.393945,0.068388,0.806003,-2.386195,0.047368,0.786696,-2.402419,0.027505,0.784923,-2.413333,,,
22,0.733,-0.186693,0.967654,-2.133532,-0.305431,0.975381,-2.148598,-0.067954,0.959926,-2.118466,-0.306691,0.536949,-2.229887,-0.057123,0.610123,-1.842146,-0.300153,0.158209,-2.402447,-0.024956,0.205851,-1.748373,-0.179352,1.084646,-2.131376,-0.187660,1.298677,-2.122041,-0.170589,1.539770,-2.100098,-0.163928,1.637321,-2.064869,-0.208325,1.489539,-2.094944,-0.139446,1.486179,-2.111562,-0.339793,1.438162,-2.045871,-0.007661,1.425232,-2.143784,-0.425013,1.177950,-1.948829,0.025214,1.158018,-2.254689,-0.284387,1.025189,-1.756882,0.064358,0.881255,-2.297470,-0.322762,0.064907,-2.251219,0.001696,0.190587,-1.571900,,,,,,,,,,-0.260892,1.028395,-1.749050,-0.218754,1.001188,-1.730826,-0.196001,0.976849,-1.717520,-0.224905,0.979033,-1.696935,-0.203194,0.950032,-1.689995,-0.187610,0.928795,-1.693858,-0.245583,0.963854,-1.697489,-0.226727,0.929427,-1.695769,-0.214448,0.907147,-1.701927,-0.263098,0.952077,-1.699073,-0.247018,0.918240,-1.698564,-0.237399,0.899422,-1.707534,-0.280758,0.942272,-1.707461,-0.266065,0.912964,-1.709221,-0.256010,0.894954,-1.718763,0.052867,0.865787,-2.281585,0.014605,0.828769,-2.285292,-0.004551,0.804025,-2.302845,0.032435,0.790523,-2.300705,0.007627,0.765750,-2.312170,-0.016500,0.759157,-2.321301,0.040434,0.794764,-2.324711,0.014928,0.769483,-2.340645,-0.009057,0.768866,-2.351117,0.047099,0.799651,-2.344197,0.022350,0.777407,-2.361418,0.001483,0.782821,-2.369304,0.051152,0.811008,-2.362445,0.028393,0.793765,-2.378649,0.007742,0.793431,-2.388146,,,
23,0.767,-0.186403,0.958312,-2.072155,-0.304999,0.967138,-2.087733,-0.067807,0.949485,-2.056576,-0.303627,0.539158,-2.212889,-0.055244,0.569799,-1.823095,-0.301427,0.165840,-2.396986,-0.029168,0.187002,-1.661697,-0.178273,1.075191,-2.067825,-0.184824,1.289202,-2.056775,-0.166195,1.530054,-2.033492,-0.159047,1.627479,-1.998012,-0.204092,1.479973,-2.028060,-0.135511,1.476391,-2.045823,-0.334385,1.428579,-1.975966,-0.004734,1.415883,-2.082653,-0.423872,1.175804,-1.864222,0.021512,1.151932,-2.202757,-0.264263,1.037399,-1.676274,0.057223,0.876452,-2.255633,-0.322971,0.069358,-2.247610,-0.008999,0.188289,-1.483714,,,,,,,,,,-0.240928,1.042805,-1.669210,-0.197593,1.020609,-1.647360,-0.173062,1.000274,-1.630872,-0.202712,1.003667,-1.610428,-0.179593,0.977521,-1.598490,-0.162844,0.956826,-1.598552,-0.222687,0.987683,-1.608487,-0.202285,0.954942,-1.601037,-0.188943,0.932545,-1.603382,-0.239656,0.975039,-1.608111,-0.222093,0.942521,-1.601956,-0.211587,0.922919,-1.607659,-0.256866,0.963290,-1.614759,-0.240954,0.934722,-1.611818,-0.230124,0.915843,-1.618357,0.046389,0.859825,-2.240474,0.007390,0.823690,-2.245087,-0.013194,0.800704,-2.263399,0.023714,0.786687,-2.264646,-0.002250,0.763447,-2.276742,-0.026994,0.758099,-2.284996,0.030428,0.792855,-2.288628,0.003713,0.769304,-2.305218,-0.020810,0.769857,-2.314362,0.036073,0.799300,-2.307983,0.009991,0.778937,-2.325562,-0.011188,0.785274,-2.331743,0.039283,0.812114,-2.325415,0.015268,0.796610,-2.341561,-0.005925,0.797405,-2.349748,,,
24,0.800,-0.183024,0.944060,-2.013547,-0.301695,0.952217,-2.028915,-0.064352,0.935904,-1.998179,-0.295823,0.536055,-2.188939,-0.054947,0.557526,-1.762437,-0.301759,0.175732,-2.397254,-0.033617,0.170296,-1.611237,-0.175574,1.060978,-2.009020,-0.180213,1.274972,-1.996744,-0.160649,1.515617,-1.972121,-0.152877,1.613001,-1.936663,-0.198649,1.465615,-1.966668,-0.130238,1.461940,-1.985058,-0.328746,1.414968,-1.913368,-0.000311,1.401403,-2.024739,-0.420912,1.167361,-1.792595,0.021843,1.138992,-2.148969,-0.253995,1.034486,-1.607020,0.055795,0.864811,-2.209242,-0.322400,0.069404,-2.254586,-0.013702,0.158187,-1.433633,,,,,,,,,,-0.230849,1.041570,-1.600881,-0.186357,1.023569,-1.577546,-0.161179,1.005690,-1.559284,-0.190345,1.010256,-1.539022,-0.166132,0.985914,-1.525540,-0.148741,0.965793,-1.524298,-0.209579,0.993715,-1.535185,-0.187710,0.962609,-1.525286,-0.173503,0.940636,-1.525908,-0.225972,0.980462,-1.533286,-0.206922,0.949382,-1.524634,-0.195685,0.929799,-1.528798,-0.242718,0.967378,-1.538460,-0.225425,0.940002,-1.533035,-0.213788,0.921093,-1.537886,0.045182,0.847096,-2.195201,0.005519,0.811970,-2.201599,-0.016003,0.790851,-2.221046,0.020674,0.776557,-2.224719,-0.005977,0.754743,-2.237926,-0.031028,0.750396,-2.245834,0.026740,0.784652,-2.248298,-0.000670,0.762796,-2.266036,-0.025431,0.764307,-2.274395,0.031884,0.792643,-2.267210,0.005042,0.774129,-2.285666,-0.016224,0.781180,-2.290666,0.034750,0.806848,-2.283593,0.010095,0.792978,-2.300253,-0.011311,0.794607,-2.307733,,,
25,0.833,-0.178471,0.931014,-1.954158,-0.297415,0.936134,-1.968713,-0.059528,0.925894,-1.939604,-0.286223,0.526627,-2.144814,-0.055364,0.563984,-1.679150,-0.299191,0.185797,-2.383415,-0.037592,0.162662,-1.570117,-0.173712,1.048136,-1.951849,-0.176698,1.262208,-1.940438,-0.155689,1.502768,-1.916188,-0.146578,1.600260,-1.881348,-0.193941,1.452986,-1.910507,-0.125634,1.448909,-1.929196,-0.324543,1.403907,-1.856971,0.003330,1.386785,-1.969559,-0.420020,1.156881,-1.737591,0.025037,1.122883,-2.090671,-0.258803,1.021218,-1.549018,0.058808,0.848774,-2.151368,-0.321105,0.062750,-2.255097,-0.013845,0.120393,-1.397677,,,,,,,,,,-0.235778,1.028522,-1.542683,-0.191580,1.011195,-1.518305,-0.167672,0.992826,-1.498859,-0.196101,0.998684,-1.479572,-0.172229,0.973853,-1.466374,-0.155175,0.953434,-1.465351,-0.215330,0.982151,-1.475675,-0.193569,0.950996,-1.465694,-0.179428,0.928978,-1.466257,-0.231702,0.968876,-1.473743,-0.212673,0.937841,-1.464884,-0.201405,0.918251,-1.468929,-0.248319,0.955619,-1.478890,-0.230792,0.928504,-1.472932,-0.218911,0.909653,-1.477401,0.047836,0.830491,-2.138369,0.007604,0.796467,-2.146839,-0.014357,0.776731,-2.167225,0.022247,0.762139,-2.171848,-0.004667,0.741554,-2.186425,-0.029726,0.738051,-2.194717,0.028548,0.771426,-2.194920,0.001005,0.750930,-2.214023,-0.023672,0.753178,-2.222467,0.033905,0.780367,-2.213342,0.006961,0.763256,-2.232966,-0.014180,0.770826,-2.237731,0.037081,0.795410,-2.228899,0.012303,0.782786,-2.246349,-0.009044,0.785031,-2.253834,,,
26,0.867,-0.174305,0.922128,-1.891284,-0.293427,0.925399,-1.904880,-0.055183,0.918858,-1.877688,-0.289005,0.514298,-2.077532,-0.046687,0.565942,-1.605271,-0.295195,0.204512,-2.355486,-0.038945,0.153682,-1.548307,-0.171268,1.039320,-1.889699,-0.171980,1.253476,-1.879575,-0.151415,1.494369,-1.858447,-0.139843,1.592039,-1.824859,-0.189491,1.444563,-1.851853,-0.121322,1.440430,-1.871029,-0.320089,1.396131,-1.797726,0.006928,1.376732,-1.911214,-0.415811,1.143871,-1.690059,0.034902,1.108636,-2.021332,-0.268457,0.998353,-1.497533,0.073422,0.833207,-2.072471,-0.322731,0.055938,-2.259290,-0.019520,0.085364,-1.383863,,,,,,,,,,-0.245959,1.005419,-1.489315,-0.203688,0.987307,-1.462239,-0.182614,0.967223,-1.441269,-0.211061,0.973729,-1.424311,-0.188316,0.948364,-1.410173,-0.171464,0.927818,-1.408538,-0.230532,0.957143,-1.422308,-0.209661,0.925489,-1.412006,-0.195621,0.903402,-1.412404,-0.247009,0.943861,-1.421961,-0.228846,0.912471,-1.412550,-0.217396,0.892922,-1.416270,-0.263207,0.930795,-1.428690,-0.246121,0.903462,-1.422452,-0.233939,0.884748,-1.426685,0.061871,0.814755,-2.060234,0.021900,0.781041,-2.070891,0.000446,0.761565,-2.092052,0.037424,0.747074,-2.095861,0.010601,0.727405,-2.111805,-0.014212,0.724589,-2.121042,0.044684,0.756718,-2.118500,0.017709,0.736890,-2.139062,-0.006594,0.739534,-2.148425,0.050813,0.765942,-2.136539,0.024323,0.749549,-2.157357,0.003434,0.757435,-2.162688,0.054666,0.781228,-2.151700,0.030135,0.769076,-2.169820,0.008972,0.771581,-2.177737,,,
27,0.900,-0.166995,0.918404,-1.829611,-0.286315,0.920647,-1.841582,-0.047675,0.916160,-1.817640,-0.308902,0.495456,-1.974002,-0.032693,0.563613,-1.545026,-0.296666,0.226981,-2.291861,-0.036504,0.147500,-1.535075,-0.164925,1.035620,-1.828279,-0.165734,1.249833,-1.819450,-0.143831,1.490826,-1.800979,-0.130103,1.588587,-1.768487,-0.182060,1.441269,-1.793469,-0.114126,1.436623,-1.813345,-0.312969,1.394406,-1.738713,0.012752,1.370212,-1.853494,-0.408443,1.134375,-1.651201,0.046861,1.097151,-1.948668,-0.284004,0.967194,-1.460097,0.088463,0.819480,-1.982258,-0.321114,0.051979,-2.262494,-0.016881,0.065469,-1.377049,,,,,,,,,,-0.262454,0.973126,-1.448959,-0.223856,0.952201,-1.418622,-0.206603,0.929549,-1.396796,-0.235720,0.936372,-1.382762,-0.215393,0.909446,-1.367849,-0.199345,0.888312,-1.365688,-0.255594,0.920198,-1.384074,-0.236728,0.887341,-1.373670,-0.223219,0.864924,-1.373988,-0.272243,0.907351,-1.386470,-0.255930,0.874935,-1.377152,-0.244533,0.855341,-1.380801,-0.287813,0.895174,-1.395835,-0.271981,0.867033,-1.389888,-0.259736,0.848366,-1.394145,0.075954,0.801414,-1.970392,0.036408,0.767825,-1.982877,0.016355,0.748166,-2.005210,0.053164,0.733162,-2.006028,0.026124,0.714759,-2.023080,0.001672,0.713123,-2.033491,0.061974,0.742225,-2.028356,0.035465,0.723108,-2.050160,0.011817,0.726538,-2.060851,0.069353,0.750981,-2.046157,0.043198,0.735234,-2.067878,0.022842,0.743746,-2.074213,0.074339,0.765884,-2.061370,0.050172,0.753830,-2.080037,0.029347,0.756779,-2.088664,,,
28,0.933,-0.160212,0.918246,-1.770716,-0.279740,0.920201,-1.780453,-0.040684,0.916292,-1.760980,-0.330818,0.482057,-1.845675,-0.019830,0.555800,-1.499364,-0.309085,0.264020,-2.199583,-0.034719,0.140980,-1.530447,-0.158413,1.035466,-1.769272,-0.160372,1.249676,-1.760565,-0.139973,1.490855,-1.742803,-0.125583,1.588668,-1.710756,-0.177917,1.441089,-1.735219,-0.109913,1.436795,-1.754935,-0.309006,1.394078,-1.681024,0.016664,1.369380,-1.794353,-0.399315,1.126515,-1.612875,0.059108,1.092335,-1.873272,-0.301713,0.931228,-1.433175,0.104820,0.813479,-1.883756,-0.324397,0.088041,-2.229295,-0.012549,0.056036,-1.374309,,,,,,,,,,-0.281505,0.935056,-1.419012,-0.247358,0.909436,-1.386986,-0.233477,0.883830,-1.366039,-0.263825,0.890232,-1.354779,-0.246337,0.860991,-1.340645,-0.231336,0.839061,-1.338964,-0.283806,0.875085,-1.360218,-0.267416,0.840521,-1.351251,-0.254676,0.817684,-1.352376,-0.300374,0.863237,-1.365974,-0.286153,0.829384,-1.358526,-0.274920,0.809859,-1.362965,-0.315020,0.852780,-1.378405,-0.300904,0.823449,-1.374110,-0.288845,0.804848,-1.379116,0.092267,0.795992,-1.871097,0.054360,0.760271,-1.882719,0.036376,0.738467,-1.904822,0.073219,0.724478,-1.902251,0.046522,0.705162,-1.918827,0.022372,0.703030,-1.929835,0.082851,0.732062,-1.924789,0.057057,0.711538,-1.946169,0.033783,0.714324,-1.957824,0.090840,0.739646,-1.942863,0.065301,0.722322,-1.964111,0.045091,0.730294,-1.971524,0.096138,0.753477,-1.958957,0.072558,0.739673,-1.977158,0.051888,0.741761,-1.986386,,,
29,0.967,-0.155064,0.921872,-1.715681,-0.274798,0.923554,-1.722494,-0.035329,0.920191,-1.708867,-0.337175,0.482175,-1.711257,-0.010704,0.547171,-1.465799,-0.316607,0.294234,-2.082091,-0.031910,0.135805,-1.525733,-0.153507,1.039093,-1.714100,-0.156748,1.253201,-1.703468,-0.139165,1.494349,-1.682553,-0.125398,1.591954,-1.649611,-0.176794,1.444141,-1.676459,-0.108285,1.440718,-1.694531,-0.308671,1.395224,-1.625992,0.019080,1.373550,-1.731773,-0.390817,1.121592,-1.573390,0.068150,1.093749,-1.795702,-0.326233,0.895181,-1.416795,0.115961,0.815384,-1.782001,-0.334446,0.121766,-2.127067,-0.007257,0.051239,-1.369761,,,,,,,,,,-0.307059,0.895165,-1.400795,-0.276635,0.862155,-1.371939,-0.265064,0.832624,-1.355171,-0.296369,0.838228,-1.345194,-0.281181,0.805900,-1.335984,-0.267249,0.783278,-1.337692,-0.316476,0.825502,-1.354787,-0.302425,0.788939,-1.351703,-0.290696,0.766024,-1.356440,-0.333019,0.815879,-1.363827,-0.320781,0.780498,-1.362343,-0.310054,0.761624,-1.369813,-0.347065,0.808758,-1.379005,-0.335011,0.778227,-1.379742,-0.323674,0.760151,-1.387565,0.104634,0.798727,-1.767241,0.069197,0.759434,-1.774185,0.052731,0.734029,-1.793442,0.090388,0.722912,-1.789526,0.064364,0.700624,-1.803187,0.040162,0.696192,-1.813362,0.099449,0.728390,-1.812896,0.074241,0.704568,-1.831353,0.050686,0.705135,-1.842762,0.106879,0.734290,-1.831817,0.081905,0.713468,-1.850436,0.061215,0.719616,-1.858250,0.111206,0.746434,-1.849485,0.088163,0.729412,-1.865520,0.067282,0.729349,-1.874507,,,
30,1.000,-0.152350,0.930042,-1.661881,-0.272183,0.931335,-1.666764,-0.032516,0.928750,-1.656998,-0.337305,0.497315,-1.587906,-0.010466,0.539006,-1.441484,-0.313329,0.303971,-1.955747,-0.030415,0.130590,-1.519344,-0.151157,1.047265,-1.660114,-0.154857,1.261247,-1.647329,-0.139746,1.502098,-1.621608,-0.127890,1.599298,-1.586779,-0.177317,1.451598,-1.618147,-0.108007,1.448839,-1.632986,-0.310818,1.400318,-1.574795,0.021338,1.382728,-1.664914,-0.384825,1.121775,-1.538376,0.076137,1.100823,-1.712982,-0.355133,0.870326,-1.412491,0.122650,0.824774,-1.673059,-0.336592,0.128206,-1.981273,-0.004741,0.046187,-1.363450,,,,,,,,,,-0.336377,0.865219,-1.396814,-0.308173,0.824398,-1.377163,-0.297927,0.791176,-1.368304,-0.329605,0.795364,-1.357800,-0.315773,0.761170,-1.357643,-0.302658,0.739327,-1.365368,-0.350016,0.786567,-1.370616,-0.337629,0.749952,-1.377662,-0.326829,0.728706,-1.388482,-0.366745,0.780444,-1.382046,-0.356006,0.745487,-1.390197,-0.345920,0.728901,-1.402457,-0.380717,0.778202,-1.398724,-0.370430,0.748330,-1.407658,-0.359984,0.732410,-1.420066,0.112794,0.809866,-1.655617,0.079869,0.767866,-1.655461,0.064297,0.738797,-1.669599,0.103055,0.730825,-1.665885,0.078601,0.704809,-1.675145,0.054617,0.697076,-1.683742,0.111186,0.733268,-1.690096,0.087246,0.705328,-1.703874,0.063446,0.702600,-1.714430,0.117766,0.736696,-1.709919,0.094103,0.711582,-1.724521,0.072891,0.715024,-1.732592,0.120869,0.746283,-1.729332,0.099003,0.725495,-1.742277,0.078099,0.722649,-1.750745,,,
31,1.033,-0.153747,0.943094,-1.608303,-0.273607,0.944157,-1.612560,-0.033887,0.942031,-1.604046,-0.340944,0.523848,-1.479749,-0.019844,0.533543,-1.425795,-0.307854,0.291843,-1.823758,-0.031697,0.126763,-1.513276,-0.152777,1.060315,-1.606337,-0.155923,1.274232,-1.592350,-0.143146,1.514820,-1.563143,-0.134119,1.611675,-1.526550,-0.180673,1.464174,-1.562375,-0.110625,1.461785,-1.573298,-0.315955,1.411197,-1.527394,0.020948,1.396880,-1.597716,-0.383661,1.129145,-1.511513,0.080237,1.113327,-1.627148,-0.381917,0.862043,-1.418730,0.119430,0.841685,-1.559068,-0.328386,0.113929,-1.820439,-0.006603,0.042499,-1.357212,,,,,,,,,,-0.363721,0.852383,-1.404615,-0.337199,0.806910,-1.395851,-0.327569,0.772352,-1.395479,-0.359936,0.774576,-1.385137,-0.346887,0.741172,-1.393769,-0.334078,0.721783,-1.406760,-0.380254,0.770132,-1.400160,-0.368709,0.736321,-1.416509,-0.358238,0.718378,-1.432430,-0.396852,0.767780,-1.413082,-0.386806,0.735929,-1.430063,-0.376844,0.722895,-1.446125,-0.410450,0.770448,-1.430004,-0.401004,0.743660,-1.446471,-0.390827,0.731268,-1.462575,0.109525,0.829561,-1.539613,0.077771,0.787151,-1.533206,0.063206,0.755674,-1.542394,0.102231,0.749644,-1.536834,0.079709,0.720861,-1.541826,0.056510,0.710190,-1.549366,0.110933,0.748308,-1.560933,0.088622,0.717295,-1.570102,0.065268,0.711608,-1.580473,0.117942,0.748619,-1.580903,0.096109,0.720105,-1.591586,0.075054,0.720942,-1.600693,0.121296,0.754960,-1.601565,0.100863,0.731358,-1.611727,0.080481,0.726140,-1.620337,,,
32,1.067,-0.158869,0.959031,-1.556436,-0.278724,0.959903,-1.560873,-0.039014,0.958161,-1.552000,-0.345442,0.554076,-1.388576,-0.033549,0.532449,-1.419440,-0.305527,0.265859,-1.686235,-0.035672,0.125926,-1.508875,-0.158088,1.076255,-1.554524,-0.160322,1.290086,-1.539126,-0.149791,1.530523,-1.507856,-0.143764,1.627209,-1.470213,-0.187151,1.479769,-1.509295,-0.116633,1.477645,-1.516673,-0.323871,1.425920,-1.482104,0.016713,1.413941,-1.533434,-0.387675,1.142632,-1.490284,0.079401,1.129781,-1.543786,-0.406381,0.866752,-1.431162,0.106293,0.864820,-1.448745,-0.325385,0.092974,-1.643780,-0.012544,0.041567,-1.352558,,,,,,,,,,-0.388950,0.853725,-1.418911,-0.363320,0.806925,-1.419799,-0.353362,0.773118,-1.426517,-0.386850,0.773463,-1.417830,-0.373780,0.742051,-1.432080,-0.360464,0.725242,-1.447859,-0.406503,0.773022,-1.434317,-0.394775,0.743043,-1.456844,-0.383839,0.728517,-1.475672,-0.422515,0.774056,-1.448121,-0.412407,0.746085,-1.470907,-0.401988,0.736337,-1.488895,-0.435296,0.780834,-1.464524,-0.425869,0.758233,-1.486393,-0.415365,0.749574,-1.504592,0.094232,0.855773,-1.428837,0.061839,0.814435,-1.419359,0.048307,0.781687,-1.425001,0.086445,0.777197,-1.414248,0.065400,0.746987,-1.416495,0.043462,0.734146,-1.424419,0.097794,0.772203,-1.436710,0.076931,0.739494,-1.442914,0.054924,0.731505,-1.454626,0.107001,0.769462,-1.455571,0.087073,0.738799,-1.463728,0.067213,0.737366,-1.475150,0.112671,0.772510,-1.476474,0.093867,0.747051,-1.485196,0.074748,0.739974,-1.495253,,,
33,1.100,-0.165596,0.974094,-1.501003,-0.285427,0.974659,-1.506089,-0.045765,0.973530,-1.495917,-0.348269,0.579527,-1.309227,-0.045466,0.534920,-1.415581,-0.310102,0.231437,-1.534260,-0.040862,0.127394,-1.500227,-0.165107,1.091326,-1.499530,-0.166649,1.304996,-1.481973,-0.158582,1.545308,-1.449047,-0.155212,1.641972,-1.411018,-0.195589,1.494370,-1.452148,-0.124835,1.492651,-1.456904,-0.332905,1.439157,-1.431472,0.009846,1.430517,-1.467889,-0.393869,1.157494,-1.468060,0.076491,1.147128,-1.462158,-0.424079,0.877524,-1.442381,0.089046,0.890688,-1.343662,-0.334979,0.076344,-1.448159,-0.020092,0.042646,-1.343789,,,,,,,,,,-0.407330,0.862420,-1.431659,-0.381176,0.816580,-1.439573,-0.370024,0.784617,-1.451455,-0.404411,0.783364,-1.445416,-0.390474,0.753741,-1.462412,-0.375994,0.738793,-1.479016,-0.422954,0.786030,-1.462946,-0.409957,0.759433,-1.488780,-0.397855,0.747590,-1.508740,-0.438053,0.789640,-1.477334,-0.427067,0.764991,-1.503324,-0.415743,0.757678,-1.521908,-0.449825,0.799375,-1.492987,-0.439420,0.780873,-1.518034,-0.428029,0.775454,-1.536938,0.074218,0.884487,-1.324549,0.040565,0.844502,-1.313750,0.027734,0.811091,-1.316301,0.063975,0.808806,-1.299747,0.043783,0.777938,-1.299933,0.023287,0.763291,-1.308554,0.078380,0.800734,-1.319384,0.058594,0.767020,-1.323322,0.038448,0.756864,-1.336600,0.090166,0.795386,-1.336132,0.071785,0.763296,-1.342151,0.053770,0.759589,-1.355885,0.098776,0.795410,-1.356238,0.081499,0.768516,-1.363725,0.064072,0.759603,-1.375286,,,
34,1.133,-0.171239,0.985008,-1.457939,-0.291120,0.985941,-1.461561,-0.051357,0.984075,-1.454316,-0.345229,0.593977,-1.255968,-0.053528,0.539171,-1.424506,-0.312172,0.198876,-1.382721,-0.047052,0.132929,-1.515002,-0.170415,1.102210,-1.454998,-0.171504,1.315782,-1.436254,-0.167523,1.556293,-1.404044,-0.166565,1.653097,-1.366235,-0.203755,1.504856,-1.407964,-0.132880,1.504064,-1.410769,-0.341443,1.448678,-1.393222,0.003094,1.444113,-1.416864,-0.399278,1.170786,-1.455040,0.078644,1.163770,-1.394860,-0.432211,0.889962,-1.452133,0.082798,0.917675,-1.255647,-0.340686,0.072594,-1.258923,-0.025915,0.049025,-1.358159,,,,,,,,,,-0.415800,0.874671,-1.441156,-0.386587,0.830985,-1.450436,-0.372389,0.800810,-1.463665,-0.407334,0.797473,-1.461559,-0.390338,0.769776,-1.479012,-0.373509,0.756697,-1.494967,-0.424202,0.800956,-1.480576,-0.407543,0.777085,-1.506966,-0.393016,0.767392,-1.526462,-0.438002,0.805234,-1.496043,-0.423603,0.783136,-1.522653,-0.410287,0.777726,-1.540557,-0.448700,0.815871,-1.511879,-0.435181,0.800073,-1.537288,-0.421853,0.796797,-1.555402,0.066454,0.911671,-1.237746,0.032310,0.871576,-1.229110,0.019859,0.838054,-1.232041,0.054720,0.836340,-1.212542,0.034691,0.805402,-1.214034,0.015053,0.790561,-1.224186,0.070795,0.828060,-1.230744,0.051444,0.794260,-1.235905,0.032519,0.783904,-1.250734,0.083995,0.822532,-1.246338,0.066284,0.790271,-1.253367,0.049502,0.786285,-1.268514,0.094275,0.822285,-1.265643,0.077754,0.795202,-1.274092,0.061372,0.786047,-1.286922,,,
35,1.167,-0.175474,0.987570,-1.405437,-0.295376,0.987703,-1.408463,-0.055573,0.987438,-1.402411,-0.336980,0.588366,-1.214474,-0.055070,0.541581,-1.409028,-0.314225,0.172739,-1.214413,-0.050589,0.138551,-1.513003,-0.175454,1.104733,-1.401126,-0.175158,1.318220,-1.381401,-0.175563,1.558846,-1.349815,-0.176827,1.655813,-1.312437,-0.210933,1.506905,-1.354804,-0.140000,1.507081,-1.355200,-0.348676,1.449533,-1.346628,-0.002405,1.450618,-1.355137,-0.399448,1.176725,-1.432581,0.084688,1.175584,-1.315705,-0.431996,0.896553,-1.452567,0.075634,0.944195,-1.153416,-0.347613,0.084030,-1.062419,-0.028383,0.054988,-1.356126,,,,,,,,,,-0.416165,0.881150,-1.440916,-0.384416,0.839184,-1.449796,-0.367687,0.810434,-1.463240,-0.402559,0.805777,-1.465029,-0.382870,0.779809,-1.482310,-0.364050,0.768328,-1.497236,-0.417554,0.809912,-1.485432,-0.397357,0.788347,-1.511331,-0.380547,0.780411,-1.529758,-0.429890,0.814714,-1.501948,-0.412019,0.794870,-1.528227,-0.396768,0.791069,-1.544962,-0.439364,0.825988,-1.518120,-0.422679,0.812317,-1.542873,-0.407443,0.810665,-1.559655,0.057519,0.938461,-1.137212,0.023284,0.898002,-1.130965,0.011283,0.864308,-1.133800,0.044300,0.863785,-1.110823,0.024607,0.832766,-1.114071,0.006321,0.817665,-1.126177,0.062412,0.855230,-1.126856,0.043962,0.821159,-1.133364,0.026908,0.810314,-1.150004,0.077334,0.849453,-1.140711,0.060589,0.816937,-1.148843,0.045594,0.812505,-1.165651,0.089678,0.848775,-1.158755,0.074084,0.821425,-1.168063,0.059117,0.811873,-1.182260,,,
36,1.200,-0.178741,0.981464,-1.355849,-0.298611,0.978054,-1.358103,-0.058870,0.984874,-1.353595,-0.331622,0.583849,-1.152323,-0.048871,0.539664,-1.376412,-0.326362,0.179460,-1.053809,-0.047713,0.145941,-1.511486,-0.182169,1.098539,-1.350626,-0.179076,1.311998,-1.330846,-0.184737,1.552669,-1.300112,-0.187795,1.649791,-1.263242,-0.219012,1.500120,-1.306258,-0.148127,1.501501,-1.303975,-0.356317,1.441177,-1.304183,-0.009165,1.448975,-1.296857,-0.396035,1.173930,-1.410913,0.090043,1.181900,-1.236749,-0.424811,0.895745,-1.452625,0.071739,0.964699,-1.056613,-0.362621,0.130225,-0.885442,-0.025513,0.059773,-1.356024,,,,,,,,,,-0.410015,0.880097,-1.439982,-0.376525,0.839167,-1.447135,-0.357654,0.811373,-1.459725,-0.392105,0.806193,-1.465770,-0.370138,0.781347,-1.481918,-0.349576,0.770857,-1.495184,-0.404846,0.811012,-1.487511,-0.381482,0.790996,-1.511949,-0.362593,0.784192,-1.528742,-0.415389,0.816363,-1.505067,-0.394295,0.798096,-1.530069,-0.377217,0.795353,-1.545167,-0.423275,0.828211,-1.521674,-0.403618,0.816013,-1.544972,-0.386572,0.815416,-1.559990,0.051999,0.959590,-1.042197,0.017945,0.918812,-1.037147,0.006023,0.885007,-1.038719,0.037098,0.886473,-1.012539,0.018043,0.855148,-1.016561,0.001410,0.839280,-1.029998,0.057050,0.877338,-1.025833,0.039847,0.842636,-1.032423,0.024963,0.830573,-1.050263,0.073542,0.871039,-1.037510,0.057996,0.837930,-1.045636,0.045040,0.832406,-1.063762,0.087863,0.869495,-1.053969,0.073313,0.841549,-1.063199,0.059943,0.831078,-1.078311,,,
37,1.233,-0.181741,0.969667,-1.300463,-0.301481,0.962789,-1.301133,-0.062000,0.976546,-1.299792,-0.329188,0.582393,-1.070126,-0.042583,0.533119,-1.342550,-0.347295,0.196999,-0.913898,-0.044563,0.151444,-1.508633,-0.188488,1.086574,-1.294723,-0.184046,1.300113,-1.276093,-0.194233,1.540823,-1.246879,-0.198549,1.638084,-1.210501,-0.227517,1.487733,-1.253768,-0.156762,1.490196,-1.249347,-0.364522,1.428135,-1.256762,-0.017595,1.439661,-1.235248,-0.393272,1.166463,-1.379606,0.090246,1.182183,-1.152426,-0.418375,0.891681,-1.441412,0.063932,0.977283,-0.959336,-0.385408,0.188486,-0.739081,-0.022112,0.061891,-1.355132,,,,,,,,,,-0.404712,0.875469,-1.428216,-0.370088,0.835300,-1.434183,-0.349670,0.808433,-1.446366,-0.383228,0.803303,-1.456110,-0.359025,0.780215,-1.471659,-0.336954,0.771209,-1.483515,-0.393771,0.809237,-1.478735,-0.367582,0.791306,-1.501895,-0.346941,0.785971,-1.517080,-0.402558,0.815484,-1.496948,-0.378501,0.799413,-1.520754,-0.359890,0.798057,-1.534130,-0.408892,0.828186,-1.513589,-0.386752,0.817764,-1.535479,-0.368277,0.818349,-1.548700,0.043032,0.972990,-0.946358,0.009471,0.931910,-0.940530,-0.002046,0.897936,-0.939796,0.026872,0.902597,-0.911269,0.008747,0.870616,-0.914310,-0.006270,0.853263,-0.927814,0.048160,0.892827,-0.921740,0.032339,0.857194,-0.926602,0.019455,0.843155,-0.944553,0.065795,0.885931,-0.931198,0.051594,0.851871,-0.937686,0.040494,0.844449,-0.956359,0.081623,0.883254,-0.946054,0.068299,0.854265,-0.953798,0.056474,0.842137,-0.968958,,,
38,1.267,-0.185622,0.954491,-1.241504,-0.305272,0.946287,-1.240034,-0.065972,0.962695,-1.242974,-0.329651,0.586197,-0.978168,-0.041543,0.522698,-1.311080,-0.359442,0.210378,-0.801715,-0.045511,0.155057,-1.506242,-0.193554,1.071295,-1.235211,-0.190174,1.284950,-1.217728,-0.202329,1.525731,-1.189875,-0.207308,1.623147,-1.154004,-0.235164,1.472404,-1.197081,-0.164514,1.475323,-1.191445,-0.372220,1.413276,-1.204220,-0.025948,1.425021,-1.171710,-0.393178,1.155569,-1.336650,0.086866,1.176798,-1.069524,-0.417186,0.885092,-1.415523,0.056590,0.980534,-0.868217,-0.397299,0.235663,-0.628471,-0.021812,0.063708,-1.353993,,,,,,,,,,-0.404265,0.868213,-1.402417,-0.369057,0.828560,-1.408419,-0.347583,0.802432,-1.420391,-0.380576,0.797796,-1.432877,-0.354220,0.777894,-1.449304,-0.331091,0.771487,-1.460829,-0.389721,0.804952,-1.455755,-0.361334,0.790125,-1.478516,-0.339564,0.786939,-1.492694,-0.397394,0.812179,-1.474110,-0.370915,0.799195,-1.497220,-0.351332,0.799743,-1.509191,-0.402760,0.825772,-1.490383,-0.378874,0.817233,-1.511227,-0.359517,0.819020,-1.523001,0.035116,0.976453,-0.856141,0.002766,0.934640,-0.848850,-0.007125,0.900266,-0.846029,0.019420,0.908517,-0.816316,0.002658,0.875697,-0.817869,-0.010871,0.856764,-0.830810,0.041637,0.898811,-0.824711,0.027521,0.862250,-0.827478,0.016299,0.846304,-0.844946,0.060046,0.891901,-0.832545,0.047500,0.856889,-0.837093,0.037836,0.847592,-0.855724,0.076825,0.888683,-0.846201,0.064968,0.858652,-0.852152,0.054467,0.844847,-0.866846,,,
39,1.300,-0.190576,0.940644,-1.180128,-0.310212,0.932696,-1.177044,-0.070939,0.948592,-1.183211,-0.334219,0.575352,-0.911411,-0.045929,0.513965,-1.279682,-0.357341,0.199225,-0.734613,-0.048051,0.160759,-1.499921,-0.198171,1.057463,-1.173712,-0.196896,1.271147,-1.156297,-0.210109,1.511854,-1.128288,-0.216039,1.609300,-1.092642,-0.242679,1.458480,-1.136304,-0.172174,1.461519,-1.129120,-0.379251,1.398907,-1.147724,-0.034079,1.411988,-1.104691,-0.393841,1.141960,-1.282465,0.080396,1.169384,-0.991454,-0.417338,0.875473,-1.374048,0.051892,0.976366,-0.786779,-0.390190,0.220055,-0.559762,-0.023804,0.063299,-1.351597,,,,,,,,,,-0.404555,0.857973,-1.361639,-0.369007,0.818880,-1.369130,-0.347203,0.793569,-1.382209,-0.379896,0.789431,-1.395425,-0.352792,0.771634,-1.413011,-0.329386,0.766826,-1.424751,-0.388668,0.797771,-1.418047,-0.359499,0.785092,-1.441116,-0.337388,0.783320,-1.455009,-0.396050,0.805945,-1.436122,-0.368728,0.795022,-1.459317,-0.348875,0.796734,-1.470719,-0.401201,0.820373,-1.451731,-0.376701,0.813194,-1.472375,-0.357068,0.815775,-1.483526,0.030166,0.972497,-0.775090,-0.001208,0.930339,-0.765799,-0.009909,0.895882,-0.760857,0.015125,0.907097,-0.730995,-0.000668,0.873764,-0.730753,-0.013241,0.853591,-0.742750,0.037865,0.897503,-0.738006,0.024941,0.860404,-0.738521,0.014763,0.842906,-0.755121,0.056703,0.890620,-0.744770,0.045281,0.855021,-0.747246,0.036488,0.844188,-0.765475,0.073995,0.886957,-0.757653,0.063162,0.856240,-0.761761,0.053514,0.841117,-0.775726,,,
40,1.333,-0.196541,0.928403,-1.116023,-0.316295,0.922451,-1.112993,-0.076787,0.934355,-1.119053,-0.337867,0.556642,-0.858924,-0.055543,0.507503,-1.246248,-0.350927,0.173353,-0.697113,-0.050871,0.168772,-1.488123,-0.202247,1.045425,-1.111682,-0.203453,1.259282,-1.096528,-0.218689,1.500091,-1.070503,-0.226499,1.597768,-1.035864,-0.250740,1.446500,-1.079134,-0.180497,1.449949,-1.069877,-0.386185,1.384982,-1.093335,-0.042592,1.402322,-1.040995,-0.397949,1.125298,-1.223010,0.072394,1.160716,-0.926154,-0.421595,0.859551,-1.316682,0.051563,0.964362,-0.723739,-0.374661,0.156590,-0.520360,-0.025648,0.058999,-1.348839,,,,,,,,,,-0.408748,0.841302,-1.305476,-0.374431,0.801778,-1.315879,-0.353896,0.776632,-1.331149,-0.387011,0.773634,-1.342841,-0.361033,0.756089,-1.362282,-0.338240,0.751337,-1.375194,-0.396459,0.783050,-1.364757,-0.368487,0.770585,-1.389372,-0.346957,0.768831,-1.404153,-0.404346,0.792089,-1.382195,-0.378163,0.781506,-1.406816,-0.358715,0.783233,-1.418895,-0.409765,0.807232,-1.397018,-0.386136,0.800220,-1.418708,-0.366822,0.802716,-1.430422,0.029882,0.960597,-0.711934,-0.000617,0.918273,-0.700687,-0.008170,0.883814,-0.694139,0.016081,0.897108,-0.664751,0.001172,0.863458,-0.662299,-0.010909,0.842241,-0.672922,0.039046,0.887677,-0.671225,0.027082,0.850291,-0.669555,0.017362,0.831591,-0.685083,0.058052,0.880881,-0.677596,0.047637,0.844892,-0.678012,0.039187,0.832788,-0.695591,0.075467,0.876971,-0.690239,0.065719,0.845715,-0.692667,0.056658,0.829545,-0.705828,,,
41,1.367,-0.203676,0.918496,-1.048776,-0.323524,0.913935,-1.047679,-0.083828,0.923057,-1.049873,-0.340448,0.539379,-0.806320,-0.066226,0.508152,-1.212281,-0.346364,0.146842,-0.667961,-0.050166,0.182528,-1.471076,-0.208108,1.035619,-1.045905,-0.211837,1.249715,-1.035203,-0.227968,1.491099,-1.015899,-0.238334,1.589355,-0.983654,-0.259728,1.437254,-1.024016,-0.189771,1.441045,-1.012906,-0.394390,1.374394,-1.039705,-0.052225,1.394770,-0.980348,-0.408273,1.109838,-1.158899,0.060252,1.149710,-0.870448,-0.434186,0.840872,-1.242212,0.048512,0.944822,-0.675914,-0.368945,0.088990,-0.499946,-0.023647,0.051189,-1.352193,,,,,,,,,,-0.421255,0.822108,-1.231996,-0.388901,0.781670,-1.244877,-0.370371,0.756220,-1.262085,-0.403989,0.754239,-1.271280,-0.379808,0.736224,-1.292525,-0.358022,0.730987,-1.306905,-0.414465,0.764194,-1.292480,-0.388331,0.751169,-1.318768,-0.367743,0.748933,-1.334776,-0.423120,0.773672,-1.309310,-0.398754,0.762613,-1.335535,-0.380007,0.763900,-1.348727,-0.428960,0.789144,-1.323624,-0.406760,0.781526,-1.346582,-0.388028,0.783462,-1.359305,0.026863,0.941188,-0.664007,-0.003485,0.898965,-0.651999,-0.010138,0.864421,-0.644939,0.013343,0.878453,-0.615746,-0.000967,0.844756,-0.611240,-0.012904,0.822822,-0.620480,0.036326,0.868985,-0.622105,0.024849,0.831566,-0.618689,0.015186,0.812082,-0.633260,0.055341,0.862142,-0.628398,0.045591,0.825981,-0.627292,0.037243,0.813029,-0.644306,0.072745,0.858075,-0.641006,0.063824,0.826515,-0.642489,0.055165,0.809779,-0.655206,,,
42,1.400,-0.213422,0.912385,-0.984528,-0.333308,0.909002,-0.985710,-0.093536,0.915767,-0.983346,-0.354384,0.538728,-0.738152,-0.067841,0.499904,-1.142187,-0.351882,0.133241,-0.644142,-0.046352,0.200541,-1.430603,-0.216743,1.029570,-0.983008,-0.223578,1.243726,-0.975534,-0.237471,1.485691,-0.962926,-0.249893,1.584570,-0.933429,-0.269683,1.431961,-0.969949,-0.199819,1.435363,-0.958152,-0.404549,1.369470,-0.985357,-0.062953,1.388315,-0.923884,-0.426927,1.100257,-1.092193,0.043647,1.135355,-0.826767,-0.459589,0.827291,-1.158358,0.040896,0.917665,-0.646313,-0.375337,0.045541,-0.489725,-0.019188,0.041236,-1.353336,,,,,,,,,,-0.446596,0.808811,-1.147712,-0.415080,0.767460,-1.159744,-0.397566,0.741200,-1.176798,-0.431210,0.739137,-1.184540,-0.407791,0.720239,-1.205872,-0.386497,0.714349,-1.220727,-0.442154,0.748323,-1.205850,-0.416773,0.734016,-1.232210,-0.396602,0.730952,-1.248606,-0.451162,0.757194,-1.222825,-0.427553,0.744798,-1.249144,-0.409126,0.745328,-1.262828,-0.457218,0.772124,-1.237617,-0.435449,0.763018,-1.260445,-0.416877,0.763990,-1.273508,0.019243,0.914316,-0.634332,-0.011967,0.872584,-0.622827,-0.019659,0.838159,-0.616258,0.004615,0.851107,-0.587021,-0.010017,0.817650,-0.581814,-0.022415,0.795753,-0.590519,0.027343,0.841239,-0.593678,0.015347,0.804015,-0.589921,0.005178,0.784555,-0.604175,0.046163,0.834081,-0.600201,0.036001,0.798040,-0.598916,0.027317,0.785138,-0.615800,0.063397,0.829837,-0.612984,0.054170,0.798376,-0.614675,0.045274,0.781764,-0.627392,,,
43,1.433,-0.224649,0.909737,-0.923384,-0.344521,0.906968,-0.926312,-0.104777,0.912505,-0.920456,-0.374856,0.550006,-0.660813,-0.056675,0.482821,-1.029498,-0.359114,0.134537,-0.640774,-0.038032,0.226440,-1.356889,-0.227360,1.026947,-0.923206,-0.234836,1.241135,-0.917431,-0.248768,1.483263,-0.908548,-0.262486,1.582474,-0.880794,-0.280980,1.429423,-0.914674,-0.211094,1.433024,-0.903068,-0.415644,1.365879,-0.927297,-0.074167,1.385903,-0.869141,-0.447021,1.092334,-1.019915,0.030541,1.125073,-0.793066,-0.484306,0.815400,-1.063190,0.040516,0.892353,-0.632746,-0.385172,0.047118,-0.486615,-0.019572,0.048442,-1.348998,,,,,,,,,,-0.471304,0.798018,-1.050843,-0.440298,0.755337,-1.058900,-0.423798,0.727463,-1.074328,-0.457018,0.724720,-1.080355,-0.434297,0.703497,-1.100202,-0.413430,0.695863,-1.114869,-0.468205,0.731722,-1.102358,-0.443307,0.714515,-1.127412,-0.423395,0.709575,-1.143667,-0.477394,0.738847,-1.120043,-0.454384,0.723402,-1.145258,-0.436195,0.722217,-1.159217,-0.483551,0.752197,-1.136237,-0.461873,0.740267,-1.157817,-0.443296,0.739465,-1.170884,0.019195,0.888374,-0.620368,-0.011739,0.846088,-0.610222,-0.019849,0.811502,-0.605181,0.005790,0.822762,-0.576062,-0.008546,0.789036,-0.571873,-0.021135,0.767474,-0.581124,0.028315,0.813262,-0.583850,0.016607,0.775851,-0.581220,0.006069,0.756869,-0.595847,0.046941,0.806461,-0.591253,0.036904,0.770362,-0.591359,0.027764,0.758209,-0.608555,0.063813,0.802899,-0.604709,0.054605,0.771528,-0.607690,0.045395,0.755500,-0.620922,,,
44,1.467,-0.235014,0.911286,-0.863500,-0.354836,0.909017,-0.868307,-0.115192,0.913554,-0.858692,-0.389539,0.548590,-0.608075,-0.049128,0.473936,-0.893391,-0.363566,0.134188,-0.637399,-0.035165,0.265540,-1.253446,-0.237194,1.028503,-0.864464,-0.243835,1.242741,-0.859584,-0.257088,1.484939,-0.851639,-0.271297,1.584157,-0.824154,-0.289498,1.431151,-0.857139,-0.219471,1.434635,-0.846376,-0.424020,1.366715,-0.866265,-0.082319,1.386777,-0.814450,-0.464655,1.089192,-0.941891,0.018284,1.119097,-0.759584,-0.504547,0.809674,-0.957170,0.036685,0.873743,-0.620217,-0.391145,0.046834,-0.483468,-0.015575,0.092091,-1.293672,,,,,,,,,,-0.491777,0.793442,-0.943132,-0.461847,0.749410,-0.946791,-0.447128,0.719860,-0.960836,-0.479534,0.717037,-0.964579,-0.458009,0.692836,-0.982231,-0.437748,0.682761,-0.996260,-0.490850,0.721854,-0.987095,-0.466788,0.701275,-1.010359,-0.447256,0.694001,-1.026193,-0.500110,0.727218,-1.005357,-0.478197,0.708121,-1.028997,-0.460369,0.704656,-1.043041,-0.506179,0.738861,-1.022850,-0.484897,0.723865,-1.042854,-0.466403,0.720981,-1.055744,0.015715,0.869012,-0.607507,-0.015140,0.826246,-0.599321,-0.022894,0.791331,-0.596462,0.003257,0.800604,-0.567349,-0.011144,0.766704,-0.565350,-0.024076,0.745949,-0.575884,0.025490,0.791572,-0.576425,0.013791,0.754069,-0.575923,0.002782,0.736088,-0.591441,0.043853,0.785221,-0.584821,0.033640,0.749245,-0.587125,0.023946,0.738329,-0.604839,0.060301,0.782517,-0.598982,0.050925,0.751402,-0.603645,0.041278,0.736239,-0.617565,,,
45,1.500,-0.243977,0.916216,-0.805187,-0.363676,0.914644,-0.812628,-0.124279,0.917787,-0.797746,-0.399109,0.542624,-0.569362,-0.054565,0.479190,-0.757679,-0.367492,0.132327,-0.631976,-0.042218,0.293234,-1.129877,-0.245392,1.033432,-0.807179,-0.250545,1.247720,-0.802717,-0.261103,1.489990,-0.793104,-0.274222,1.589105,-0.764722,-0.294207,1.436558,-0.797893,-0.223853,1.439286,-0.789256,-0.428797,1.371811,-0.802885,-0.086262,1.389988,-0.761712,-0.477461,1.090951,-0.858913,0.006913,1.116985,-0.722070,-0.518048,0.811590,-0.842622,0.034110,0.861822,-0.603274,-0.396937,0.045446,-0.478123,-0.004585,0.123595,-1.173382,,,,,,,,,,-0.505351,0.796569,-0.827234,-0.476252,0.751834,-0.826966,-0.462820,0.720869,-0.839124,-0.494767,0.718219,-0.841263,-0.474330,0.691553,-0.856489,-0.454643,0.679342,-0.869608,-0.506338,0.721027,-0.863990,-0.483254,0.697474,-0.885346,-0.464209,0.688045,-0.900626,-0.515778,0.724757,-0.882563,-0.494843,0.702646,-0.904394,-0.477379,0.697206,-0.918270,-0.521907,0.734748,-0.901029,-0.501265,0.717374,-0.919738,-0.483045,0.712822,-0.932537,0.013463,0.856193,-0.590404,-0.017252,0.812951,-0.584514,-0.023794,0.777673,-0.584248,0.001907,0.785086,-0.554938,-0.012544,0.751150,-0.555301,-0.025764,0.731320,-0.567173,0.023886,0.776727,-0.565202,0.012144,0.739287,-0.567192,0.000731,0.722527,-0.583750,0.042017,0.770993,-0.574497,0.031717,0.735276,-0.579193,0.021580,0.725698,-0.597426,0.058094,0.769310,-0.589231,0.048793,0.738511,-0.595763,0.038892,0.724257,-0.610447,,,
46,1.533,-0.250852,0.924713,-0.748119,-0.370396,0.923884,-0.757821,-0.131308,0.925542,-0.738418,-0.401509,0.534245,-0.543238,-0.064770,0.498165,-0.630002,-0.369323,0.127984,-0.627972,-0.055158,0.296387,-0.993948,-0.251432,1.041918,-0.750985,-0.255078,1.256238,-0.746573,-0.262835,1.498505,-0.734511,-0.273363,1.597563,-0.704879,-0.296643,1.445420,-0.738087,-0.225926,1.447431,-0.732913,-0.431271,1.380584,-0.736314,-0.087632,1.396595,-0.712648,-0.485125,1.097131,-0.770135,-0.001478,1.119546,-0.688056,-0.521411,0.821281,-0.719680,0.038063,0.857038,-0.590657,-0.399769,0.040758,-0.474510,-0.010977,0.124246,-1.016350,,,,,,,,,,-0.508096,0.807890,-0.703339,-0.479423,0.763047,-0.699465,-0.466861,0.730725,-0.708663,-0.498931,0.728318,-0.708980,-0.479534,0.699651,-0.721731,-0.460609,0.685594,-0.734103,-0.511597,0.728738,-0.731288,-0.489918,0.702463,-0.750869,-0.471786,0.690990,-0.765859,-0.521919,0.730506,-0.749681,-0.502134,0.705994,-0.769967,-0.485375,0.698953,-0.783991,-0.528873,0.738460,-0.768832,-0.509396,0.719050,-0.786773,-0.491931,0.713063,-0.800025,0.018346,0.850076,-0.577004,-0.011362,0.805966,-0.572570,-0.016462,0.770528,-0.574915,0.009993,0.776281,-0.546473,-0.003848,0.742131,-0.548123,-0.017499,0.722845,-0.560397,0.031387,0.769124,-0.558693,0.019974,0.731752,-0.562773,0.007717,0.716112,-0.579817,0.048969,0.764441,-0.569507,0.039020,0.728925,-0.576099,0.027907,0.720455,-0.594312,0.064104,0.764173,-0.585294,0.055148,0.733728,-0.593703,0.044715,0.720417,-0.608893,,,
47,1.567,-0.254641,0.935596,-0.692246,-0.374102,0.935499,-0.702950,-0.135180,0.935694,-0.681543,-0.396574,0.527121,-0.525314,-0.070561,0.526761,-0.515918,-0.368562,0.123590,-0.623508,-0.068895,0.288144,-0.856980,-0.254425,1.052787,-0.695715,-0.257141,1.267123,-0.691416,-0.262913,1.509384,-0.678188,-0.270429,1.608407,-0.647538,-0.297153,1.456487,-0.680043,-0.226247,1.458114,-0.678805,-0.431774,1.392458,-0.669615,-0.087476,1.405865,-0.667278,-0.488467,1.107749,-0.680425,-0.006595,1.126195,-0.662122,-0.512918,0.839222,-0.595277,0.045386,0.857949,-0.589304,-0.398219,0.036406,-0.469867,-0.033555,0.112697,-0.849517,,,,,,,,,,-0.498159,0.827890,-0.578621,-0.469207,0.783609,-0.571627,-0.456884,0.750342,-0.576974,-0.489463,0.748157,-0.574805,-0.470897,0.718088,-0.585377,-0.452933,0.702558,-0.597417,-0.504104,0.745854,-0.595747,-0.484121,0.717195,-0.613721,-0.467340,0.703819,-0.628707,-0.516057,0.745365,-0.613208,-0.497704,0.718831,-0.632256,-0.482115,0.710362,-0.646830,-0.524731,0.750877,-0.632515,-0.507027,0.729292,-0.649795,-0.490894,0.721658,-0.663864,0.027466,0.849340,-0.574191,-0.001119,0.804420,-0.570589,-0.006011,0.769254,-0.575764,0.023411,0.772851,-0.550095,0.010246,0.738484,-0.552570,-0.004414,0.719719,-0.564483,0.043292,0.767306,-0.565335,0.031860,0.730200,-0.571344,0.017820,0.715827,-0.588125,0.059528,0.764014,-0.578508,0.049525,0.728897,-0.586911,0.036494,0.721669,-0.604373,0.072714,0.765534,-0.595893,0.063483,0.735742,-0.606142,0.051663,0.723604,-0.621300,,,
48,1.600,-0.254670,0.948008,-0.636443,-0.374085,0.948737,-0.647624,-0.135255,0.947279,-0.625262,-0.389082,0.524279,-0.511818,-0.076851,0.560189,-0.411760,-0.366848,0.122973,-0.620088,-0.080576,0.277309,-0.717093,-0.253600,1.065184,-0.640233,-0.256732,1.279530,-0.636843,-0.259945,1.521858,-0.623980,-0.264529,1.620862,-0.592697,-0.294643,1.469229,-0.623940,-0.223756,1.470301,-0.626335,-0.429267,1.407190,-0.604998,-0.085255,1.416210,-0.622915,-0.488676,1.123050,-0.593819,-0.010447,1.135224,-0.638243,-0.495499,0.866387,-0.475360,0.047438,0.862743,-0.589628,-0.395466,0.036195,-0.466021,-0.052963,0.106997,-0.668951,,,,,,,,,,-0.478699,0.857338,-0.459250,-0.448337,0.814410,-0.450122,-0.434967,0.781147,-0.451528,-0.468184,0.778786,-0.446339,-0.450118,0.747795,-0.454927,-0.433189,0.731019,-0.466793,-0.485122,0.773763,-0.464945,-0.466790,0.743097,-0.481295,-0.451589,0.727962,-0.496294,-0.499017,0.770993,-0.480669,-0.482265,0.742530,-0.498361,-0.468219,0.732530,-0.513520,-0.509978,0.773947,-0.499364,-0.494202,0.750264,-0.515741,-0.479768,0.740880,-0.530576,0.031402,0.852952,-0.573179,0.002104,0.808442,-0.570275,-0.004636,0.774102,-0.578193,0.028090,0.774468,-0.556536,0.014006,0.740577,-0.560219,-0.002539,0.723109,-0.571626,0.045594,0.770160,-0.574792,0.032358,0.734022,-0.582693,0.015779,0.721585,-0.598686,0.059834,0.767947,-0.590295,0.047974,0.733907,-0.600518,0.032576,0.728537,-0.616674,0.070651,0.771012,-0.609057,0.059517,0.742493,-0.620911,0.045596,0.732000,-0.635501,,,
49,1.633,-0.254118,0.959191,-0.579985,-0.373449,0.960764,-0.591955,-0.134787,0.957618,-0.568014,-0.380932,0.523751,-0.503659,-0.082851,0.594201,-0.314907,-0.364613,0.124722,-0.621016,-0.087810,0.263479,-0.567616,-0.252202,1.076359,-0.583688,-0.255665,1.290706,-0.580675,-0.255587,1.533055,-0.567794,-0.257116,1.631956,-0.535893,-0.290824,1.480812,-0.566088,-0.220123,1.481100,-0.571833,-0.425282,1.421145,-0.539774,-0.082497,1.424858,-0.575883,-0.487729,1.139152,-0.508632,-0.014658,1.144012,-0.612030,-0.470223,0.899201,-0.360064,0.044141,0.868615,-0.586345,-0.392007,0.037182,-0.467158,-0.062176,0.112341,-0.474953,,,,,,,,,,-0.451101,0.892835,-0.345317,-0.417637,0.852509,-0.335217,-0.402204,0.820145,-0.333993,-0.434970,0.816918,-0.324726,-0.416350,0.785780,-0.331383,-0.400008,0.768241,-0.342964,-0.453803,0.809016,-0.340255,-0.436049,0.777166,-0.354887,-0.422026,0.760773,-0.369709,-0.469381,0.803817,-0.353608,-0.453549,0.773807,-0.369497,-0.440978,0.762353,-0.384921,-0.482721,0.804036,-0.370939,-0.467999,0.778954,-0.386175,-0.455089,0.768232,-0.401501,0.029516,0.857988,-0.569117,-0.002050,0.815006,-0.567087,-0.011824,0.782092,-0.577504,0.023112,0.778464,-0.560031,0.006631,0.745887,-0.565297,-0.012172,0.730568,-0.576285,0.038077,0.775205,-0.580615,0.021709,0.740839,-0.590348,0.002618,0.731039,-0.605341,0.050259,0.773905,-0.597876,0.035136,0.741790,-0.609866,0.017657,0.738956,-0.624475,0.059011,0.778370,-0.617417,0.044866,0.751826,-0.630577,0.028748,0.743607,-0.644340,,,
50,1.667,-0.253724,0.966141,-0.524732,-0.372946,0.968454,-0.537625,-0.134501,0.963828,-0.511839,-0.372493,0.524391,-0.497123,-0.087890,0.623107,-0.227993,-0.362555,0.127651,-0.622669,-0.091161,0.248388,-0.409208,-0.251119,1.083314,-0.527799,-0.254848,1.297631,-0.523310,-0.251002,1.539851,-0.508697,-0.249580,1.638497,-0.476011,-0.286811,1.488052,-0.505778,-0.216442,1.487479,-0.514708,-0.420894,1.430758,-0.473059,-0.080010,1.429416,-0.526333,-0.487805,1.152182,-0.425021,-0.019699,1.150447,-0.583978,-0.438025,0.933926,-0.252274,0.036318,0.873320,-0.579200,-0.388596,0.039696,-0.468813,-0.063514,0.129210,-0.278370,,,,,,,,,,-0.417047,0.930500,-0.239166,-0.380368,0.893443,-0.227787,-0.362701,0.862458,-0.223924,-0.394319,0.858952,-0.210671,-0.374648,0.828030,-0.214858,-0.358565,0.809721,-0.225576,-0.414262,0.848166,-0.222679,-0.396328,0.815330,-0.234676,-0.383027,0.797588,-0.248583,-0.430893,0.840495,-0.233289,-0.415243,0.809088,-0.246420,-0.403794,0.795978,-0.261392,-0.446061,0.837726,-0.248801,-0.431705,0.811323,-0.262020,-0.419966,0.799043,-0.277116,0.022534,0.861681,-0.561932,-0.011368,0.820468,-0.561561,-0.023957,0.789442,-0.574454,0.011970,0.782093,-0.560580,-0.007013,0.751311,-0.567838,-0.027619,0.738426,-0.578716,0.024951,0.780293,-0.582638,0.005658,0.748160,-0.594421,-0.015195,0.741138,-0.608605,0.035561,0.780225,-0.600953,0.017409,0.750538,-0.614846,-0.001371,0.750320,-0.628045,0.042928,0.786309,-0.620627,0.026068,0.762152,-0.635117,0.008358,0.756371,-0.648145,,,
51,1.700,-0.252228,0.969001,-0.470132,-0.371377,0.972029,-0.483541,-0.133078,0.965974,-0.456723,-0.367395,0.526148,-0.486185,-0.096725,0.639780,-0.154881,-0.360781,0.133359,-0.623795,-0.089529,0.233677,-0.245939,-0.249048,1.086186,-0.471927,-0.253732,1.300421,-0.465059,-0.245448,1.542356,-0.447809,-0.241620,1.640654,-0.414276,-0.281916,1.491080,-0.443980,-0.212004,1.489540,-0.455884,-0.415477,1.436268,-0.405402,-0.077016,1.430139,-0.475124,-0.488394,1.162352,-0.341815,-0.025361,1.154573,-0.553729,-0.404292,0.967933,-0.154511,0.025502,0.876754,-0.567504,-0.385446,0.044911,-0.469994,-0.061188,0.147054,-0.091733,,,,,,,,,,-0.381987,0.967105,-0.143310,-0.342985,0.933144,-0.130141,-0.323551,0.903790,-0.123225,-0.353837,0.901581,-0.106409,-0.333514,0.870829,-0.107797,-0.317911,0.851409,-0.117188,-0.374469,0.888585,-0.114388,-0.356511,0.854657,-0.122767,-0.343950,0.835196,-0.134956,-0.391784,0.878958,-0.121838,-0.376346,0.846156,-0.131297,-0.365955,0.831023,-0.145085,-0.408323,0.873406,-0.135030,-0.394227,0.845533,-0.145147,-0.383496,0.831203,-0.159147,0.012435,0.863768,-0.550643,-0.023142,0.824025,-0.552279,-0.038000,0.795101,-0.567445,-0.001504,0.784961,-0.557180,-0.022534,0.756123,-0.566488,-0.044464,0.745513,-0.577234,0.009843,0.785162,-0.580190,-0.011705,0.755367,-0.594027,-0.033783,0.750848,-0.607348,0.019159,0.786754,-0.599129,-0.001367,0.759609,-0.614805,-0.021014,0.761650,-0.626500,0.025422,0.794723,-0.618511,0.006382,0.773041,-0.634169,-0.012487,0.769458,-0.646332,,,
52,1.733,-0.250533,0.968529,-0.413724,-0.369518,0.974026,-0.427793,-0.131548,0.963033,-0.399654,-0.367485,0.530578,-0.474510,-0.111022,0.632761,-0.100770,-0.361605,0.142416,-0.624707,-0.087034,0.217346,-0.089868,-0.245129,1.085647,-0.413672,-0.252133,1.299759,-0.405165,-0.238694,1.541241,-0.385046,-0.233050,1.639102,-0.350509,-0.275937,1.490584,-0.380497,-0.206572,1.487946,-0.395098,-0.408784,1.438326,-0.336312,-0.073330,1.427345,-0.421454,-0.488432,1.170703,-0.256164,-0.031695,1.156015,-0.518563,-0.374641,0.997963,-0.063374,0.012718,0.878376,-0.548638,-0.384887,0.052109,-0.471773,-0.059023,0.165831,0.079389,,,,,,,,,,-0.351418,0.999190,-0.054274,-0.310605,0.968211,-0.039354,-0.289526,0.940895,-0.029524,-0.318558,0.940894,-0.009897,-0.297767,0.910497,-0.007803,-0.282595,0.889865,-0.015079,-0.339501,0.926577,-0.013730,-0.321478,0.891895,-0.017733,-0.309506,0.870754,-0.027472,-0.357174,0.915701,-0.017895,-0.341833,0.881903,-0.023005,-0.332310,0.864741,-0.034916,-0.374681,0.907905,-0.028438,-0.360642,0.878929,-0.034859,-0.350685,0.862572,-0.047099,0.000469,0.864038,-0.532267,-0.036547,0.825715,-0.535291,-0.053678,0.798976,-0.551992,-0.016755,0.786803,-0.545895,-0.039780,0.760069,-0.556654,-0.062923,0.751648,-0.566775,-0.007135,0.789141,-0.569565,-0.030791,0.761727,-0.584813,-0.053941,0.759389,-0.596810,0.000811,0.792482,-0.588897,-0.021962,0.767926,-0.605698,-0.042331,0.771884,-0.615517,0.005911,0.802295,-0.607766,-0.015108,0.782988,-0.623990,-0.034971,0.781215,-0.634905,,,
53,1.767,-0.249169,0.963947,-0.355105,-0.367908,0.971674,-0.370171,-0.130431,0.956219,-0.340039,-0.369167,0.533242,-0.451459,-0.119599,0.606417,-0.063717,-0.362630,0.154501,-0.624018,-0.087433,0.202144,0.030052,-0.241829,1.080939,-0.352949,-0.250136,1.294970,-0.343614,-0.233066,1.536063,-0.321671,-0.226404,1.633613,-0.286442,-0.270802,1.485831,-0.316517,-0.201923,1.482472,-0.333135,-0.402270,1.434455,-0.267445,-0.070138,1.421525,-0.365357,-0.487490,1.174243,-0.170403,-0.037262,1.154311,-0.476262,-0.346864,1.021481,0.021544,0.001881,0.877547,-0.519043,-0.385238,0.061200,-0.472791,-0.060781,0.186879,0.206526,,,,,,,,,,-0.323369,1.024687,0.029376,-0.281230,0.997480,0.047601,-0.258477,0.973141,0.060907,-0.287382,0.975325,0.081491,-0.265671,0.946324,0.088431,-0.250087,0.925087,0.084568,-0.308060,0.960146,0.080938,-0.289204,0.925719,0.082657,-0.276925,0.903439,0.076499,-0.325575,0.948369,0.079353,-0.309495,0.914532,0.079862,-0.299876,0.895714,0.070892,-0.343235,0.938564,0.070966,-0.328542,0.909256,0.069205,-0.318487,0.891246,0.059663,-0.009610,0.862079,-0.503158,-0.047872,0.825062,-0.506864,-0.067028,0.800318,-0.524418,-0.030042,0.786816,-0.522277,-0.054849,0.762043,-0.533742,-0.078976,0.755450,-0.542873,-0.022042,0.791057,-0.546283,-0.047549,0.765776,-0.562218,-0.071534,0.765159,-0.572689,-0.015378,0.795944,-0.565769,-0.040126,0.773700,-0.582990,-0.060994,0.779114,-0.590876,-0.011324,0.807300,-0.584017,-0.034083,0.790058,-0.600221,-0.054734,0.789724,-0.609718,,,
54,1.800,-0.248879,0.954605,-0.293728,-0.367475,0.963431,-0.309306,-0.130283,0.945778,-0.278150,-0.366104,0.535451,-0.434461,-0.117721,0.566092,-0.044668,-0.363903,0.162132,-0.618557,-0.091645,0.183295,0.116731,-0.240749,1.071484,-0.289398,-0.247301,1.285495,-0.278348,-0.228671,1.526347,-0.255065,-0.221524,1.623772,-0.219585,-0.266569,1.476266,-0.249634,-0.197988,1.472684,-0.267396,-0.396862,1.424872,-0.197539,-0.067211,1.412176,-0.304226,-0.486348,1.172097,-0.085795,-0.040965,1.148225,-0.424330,-0.326740,1.033692,0.102152,-0.005254,0.872745,-0.477206,-0.385448,0.065651,-0.469181,-0.071475,0.184583,0.294713,,,,,,,,,,-0.303405,1.039098,0.109217,-0.260070,1.016902,0.131067,-0.235539,0.996567,0.147554,-0.265189,0.999960,0.167999,-0.242070,0.973814,0.179937,-0.225321,0.953119,0.179875,-0.285164,0.983976,0.169940,-0.264762,0.951234,0.177389,-0.251420,0.928838,0.175045,-0.302133,0.971331,0.170315,-0.284570,0.938813,0.176470,-0.274064,0.919212,0.170767,-0.319343,0.959583,0.163668,-0.303431,0.931015,0.166609,-0.292601,0.912135,0.160070,-0.016088,0.856118,-0.462046,-0.055087,0.819983,-0.466660,-0.075670,0.796997,-0.484972,-0.038763,0.782980,-0.486218,-0.064727,0.759740,-0.498314,-0.089470,0.754392,-0.506568,-0.032049,0.789148,-0.510200,-0.058763,0.765597,-0.526791,-0.083287,0.766149,-0.535934,-0.026404,0.795592,-0.529555,-0.052485,0.775230,-0.547134,-0.073665,0.781567,-0.553316,-0.023193,0.808407,-0.546988,-0.047209,0.792902,-0.563133,-0.068402,0.793698,-0.571320,,,
55,1.833,-0.245501,0.940354,-0.235120,-0.364172,0.948510,-0.250488,-0.126829,0.932197,-0.219752,-0.358300,0.532348,-0.410511,-0.117424,0.553819,0.015989,-0.364236,0.172024,-0.618825,-0.096094,0.166589,0.167191,-0.238051,1.057271,-0.230592,-0.242690,1.271265,-0.218316,-0.223126,1.511910,-0.193694,-0.215354,1.609294,-0.158236,-0.261126,1.461909,-0.188241,-0.192715,1.458233,-0.206631,-0.391223,1.411261,-0.134941,-0.062788,1.397696,-0.246311,-0.483389,1.163654,-0.014167,-0.040634,1.135285,-0.370541,-0.316472,1.030779,0.171408,-0.006682,0.861104,-0.430815,-0.384878,0.065697,-0.476156,-0.076178,0.154481,0.344794,,,,,,,,,,-0.293325,1.037863,0.177546,-0.248834,1.019862,0.200881,-0.223655,1.001983,0.219143,-0.252822,1.006549,0.239405,-0.228608,0.982207,0.252887,-0.211217,0.962087,0.254130,-0.272055,0.990008,0.243242,-0.250187,0.958903,0.253141,-0.235979,0.936929,0.252520,-0.288449,0.976755,0.245141,-0.269398,0.945675,0.253793,-0.258161,0.926092,0.249630,-0.305194,0.963671,0.239967,-0.287901,0.936295,0.245392,-0.276265,0.917386,0.240541,-0.017294,0.843389,-0.416774,-0.056958,0.808263,-0.423172,-0.078480,0.787144,-0.442619,-0.041803,0.772850,-0.446292,-0.068454,0.751036,-0.459498,-0.093504,0.746689,-0.467406,-0.035737,0.780945,-0.469870,-0.063146,0.759089,-0.487608,-0.087908,0.760600,-0.495968,-0.030593,0.788936,-0.488783,-0.057435,0.770422,-0.507238,-0.078701,0.777473,-0.512239,-0.027727,0.803141,-0.505166,-0.052382,0.789270,-0.521826,-0.073787,0.790900,-0.529305,,,
56,1.867,-0.240948,0.927307,-0.175731,-0.359891,0.932426,-0.190286,-0.122004,0.922187,-0.161177,-0.348700,0.522920,-0.366387,-0.117841,0.560276,0.099276,-0.361668,0.182089,-0.604987,-0.100068,0.158955,0.208311,-0.236189,1.044429,-0.173422,-0.239175,1.258501,-0.162011,-0.218166,1.499061,-0.137761,-0.209055,1.596553,-0.102921,-0.256418,1.449278,-0.132080,-0.188111,1.445202,-0.150769,-0.387019,1.400200,-0.078544,-0.059147,1.383078,-0.191132,-0.482497,1.153174,0.040837,-0.037440,1.119176,-0.312245,-0.321280,1.017511,0.229410,-0.003670,0.845067,-0.372942,-0.383581,0.059044,-0.476668,-0.076321,0.116687,0.380752,,,,,,,,,,-0.298255,1.024815,0.235744,-0.254056,1.007488,0.260122,-0.230149,0.989119,0.279568,-0.258577,0.994977,0.298855,-0.234705,0.970146,0.312053,-0.217651,0.949727,0.313076,-0.277806,0.978444,0.302752,-0.256045,0.947289,0.312733,-0.241904,0.925271,0.312170,-0.294178,0.965169,0.304685,-0.275149,0.934134,0.313544,-0.263881,0.914544,0.309498,-0.310795,0.951913,0.299537,-0.293268,0.924797,0.305495,-0.281387,0.905946,0.301027,-0.014641,0.826784,-0.359943,-0.054873,0.792760,-0.368413,-0.076834,0.773024,-0.388799,-0.040230,0.758432,-0.393422,-0.067144,0.737847,-0.407999,-0.092203,0.734344,-0.416290,-0.033930,0.767720,-0.416494,-0.061472,0.747224,-0.435596,-0.086149,0.749471,-0.444040,-0.028572,0.776660,-0.434916,-0.055517,0.759550,-0.454539,-0.076658,0.767119,-0.459305,-0.025396,0.791703,-0.450473,-0.050174,0.779079,-0.467923,-0.071521,0.781324,-0.475408,,,
57,1.900,-0.236782,0.918421,-0.112857,-0.355904,0.921692,-0.126453,-0.117660,0.915150,-0.099261,-0.351481,0.510591,-0.299107,-0.109164,0.562235,0.173156,-0.357671,0.200805,-0.577059,-0.101421,0.149974,0.230121,-0.233745,1.035613,-0.111273,-0.234457,1.249768,-0.101149,-0.213892,1.490662,-0.080020,-0.202320,1.588331,-0.046431,-0.251967,1.440856,-0.073426,-0.183799,1.436723,-0.092602,-0.382566,1.392423,-0.019299,-0.055549,1.373025,-0.132787,-0.478288,1.140164,0.088368,-0.027575,1.104929,-0.242905,-0.330933,0.994646,0.280895,0.010945,0.829500,-0.294045,-0.385206,0.052232,-0.480861,-0.081997,0.081657,0.394565,,,,,,,,,,-0.308435,1.001712,0.289113,-0.266164,0.983600,0.316189,-0.245090,0.963517,0.337158,-0.273537,0.970023,0.354117,-0.250791,0.944658,0.368255,-0.233940,0.924111,0.369889,-0.293008,0.953436,0.356120,-0.272136,0.921782,0.366421,-0.258097,0.899696,0.366024,-0.309484,0.940154,0.356467,-0.291321,0.908765,0.365877,-0.279871,0.889216,0.362157,-0.325683,0.927088,0.349738,-0.308596,0.899755,0.355976,-0.296415,0.881042,0.351743,-0.000605,0.811048,-0.281809,-0.040577,0.777334,-0.292465,-0.062031,0.757858,-0.313627,-0.025052,0.743367,-0.317435,-0.051876,0.723698,-0.333379,-0.076689,0.720883,-0.342616,-0.017793,0.753011,-0.340075,-0.044768,0.733184,-0.360637,-0.069071,0.735827,-0.370000,-0.011664,0.762235,-0.358113,-0.038154,0.745842,-0.378931,-0.059043,0.753728,-0.384262,-0.007811,0.777522,-0.373274,-0.032342,0.765369,-0.391394,-0.053505,0.767874,-0.399311,,,
58,1.933,-0.229472,0.914696,-0.051184,-0.348792,0.916940,-0.063155,-0.110152,0.912453,-0.039213,-0.371378,0.491749,-0.195577,-0.095170,0.559905,0.233401,-0.359142,0.223273,-0.513435,-0.098981,0.143792,0.243354,-0.227402,1.031912,-0.049852,-0.228211,1.246125,-0.041023,-0.206307,1.487119,-0.022552,-0.192580,1.584880,0.009940,-0.244537,1.437561,-0.015042,-0.176602,1.432915,-0.034918,-0.375446,1.390699,0.039714,-0.049725,1.366505,-0.075067,-0.470920,1.130668,0.127227,-0.015616,1.093444,-0.170242,-0.346480,0.963488,0.318331,0.025986,0.815773,-0.203832,-0.383590,0.048271,-0.484066,-0.079358,0.061762,0.401379,,,,,,,,,,-0.324930,0.969420,0.329469,-0.286332,0.948495,0.359806,-0.269078,0.925843,0.381632,-0.298196,0.932666,0.395666,-0.277869,0.905740,0.410579,-0.261821,0.884607,0.412740,-0.318069,0.916492,0.394354,-0.299204,0.883635,0.404759,-0.285695,0.861218,0.404440,-0.334719,0.903645,0.391959,-0.318406,0.871229,0.401276,-0.307008,0.851636,0.397628,-0.350289,0.891468,0.382594,-0.334456,0.863327,0.388540,-0.322212,0.844660,0.384283,0.013476,0.797707,-0.191967,-0.026070,0.764118,-0.204451,-0.046122,0.744459,-0.226785,-0.009314,0.729455,-0.227603,-0.036354,0.711052,-0.244654,-0.060805,0.709416,-0.255066,-0.000503,0.738518,-0.249930,-0.027013,0.719402,-0.271734,-0.050661,0.722831,-0.282426,0.006876,0.747274,-0.267732,-0.019279,0.731527,-0.289453,-0.039635,0.740039,-0.295787,0.011862,0.762177,-0.282945,-0.012306,0.750123,-0.301611,-0.033130,0.753072,-0.310238,,,
59,1.967,-0.222689,0.914539,0.007711,-0.342217,0.916493,-0.002026,-0.103160,0.912585,0.017448,-0.393294,0.478350,-0.067251,-0.082306,0.552093,0.279064,-0.371561,0.260312,-0.421158,-0.097196,0.137273,0.247981,-0.220890,1.031758,0.009155,-0.222849,1.245969,0.017862,-0.202450,1.487147,0.035624,-0.188060,1.584960,0.067671,-0.240394,1.437382,0.043208,-0.172390,1.433087,0.023492,-0.371482,1.390370,0.097404,-0.045812,1.365673,-0.015926,-0.461792,1.122808,0.165553,-0.003369,1.088628,-0.094846,-0.364189,0.927522,0.345254,0.042343,0.809771,-0.105331,-0.386873,0.084332,-0.450869,-0.075026,0.052329,0.404120,,,,,,,,,,-0.343980,0.931350,0.359417,-0.309834,0.905730,0.391442,-0.295952,0.880125,0.412390,-0.326300,0.886526,0.423649,-0.308812,0.857286,0.437784,-0.293811,0.835356,0.439465,-0.346282,0.871380,0.418211,-0.329891,0.836816,0.427178,-0.317151,0.813979,0.426053,-0.362850,0.859532,0.412455,-0.348628,0.825679,0.419903,-0.337395,0.806154,0.415464,-0.377495,0.849074,0.400024,-0.363379,0.819744,0.404319,-0.351320,0.801142,0.399313,0.029790,0.792285,-0.092672,-0.008117,0.756564,-0.104294,-0.026101,0.734760,-0.126397,0.010741,0.720771,-0.123826,-0.015955,0.701455,-0.140402,-0.040105,0.699323,-0.151410,0.020374,0.728355,-0.146364,-0.005420,0.707831,-0.167744,-0.028695,0.710618,-0.179399,0.028363,0.735939,-0.164438,0.002823,0.718615,-0.185686,-0.017386,0.726587,-0.193099,0.033661,0.749770,-0.180532,0.010081,0.735966,-0.198733,-0.010590,0.738054,-0.207961,,,
60,2.000,-0.217540,0.918165,0.062747,-0.337274,0.919846,0.055933,-0.097806,0.916484,0.069561,-0.399651,0.478467,0.067168,-0.073180,0.543463,0.312629,-0.379084,0.290526,-0.303667,-0.094387,0.132098,0.252695,-0.215984,1.035386,0.064327,-0.219225,1.249494,0.074959,-0.201642,1.490641,0.095874,-0.187874,1.588246,0.128816,-0.239270,1.440434,0.101968,-0.170762,1.437011,0.083896,-0.371147,1.391517,0.152436,-0.043397,1.369843,0.046654,-0.453294,1.117885,0.205038,0.005673,1.090041,-0.017276,-0.388709,0.891475,0.361634,0.053484,0.811677,-0.003576,-0.396922,0.118059,-0.348643,-0.069734,0.047532,0.408667,,,,,,,,,,-0.369535,0.891459,0.377633,-0.339110,0.858449,0.406490,-0.327539,0.828918,0.423258,-0.358845,0.834523,0.433235,-0.343657,0.802195,0.442445,-0.329725,0.779572,0.440738,-0.378951,0.821796,0.423642,-0.364901,0.785234,0.426727,-0.353172,0.762319,0.421990,-0.395495,0.812173,0.414603,-0.383257,0.776792,0.416087,-0.372529,0.757919,0.408617,-0.409541,0.805052,0.399425,-0.397487,0.774521,0.398688,-0.386150,0.756445,0.390865,0.042157,0.795020,0.011185,0.006720,0.755727,0.004240,-0.009746,0.730322,-0.015017,0.027910,0.719204,-0.011101,0.001887,0.696917,-0.024762,-0.022316,0.692485,-0.034938,0.036971,0.724683,-0.034471,0.011763,0.700861,-0.052928,-0.011791,0.701428,-0.064337,0.044401,0.730582,-0.053392,0.019428,0.709761,-0.072011,-0.001262,0.715909,-0.079825,0.048728,0.742727,-0.071060,0.025686,0.725705,-0.087095,0.004805,0.725642,-0.096082,,,
61,2.033,-0.214827,0.926334,0.116546,-0.334660,0.927627,0.111664,-0.094993,0.925042,0.121429,-0.399782,0.493607,0.190519,-0.072943,0.535299,0.336945,-0.375806,0.300264,-0.177322,-0.092891,0.126883,0.259086,-0.213634,1.043557,0.118313,-0.217333,1.257539,0.131098,-0.202222,1.498390,0.156819,-0.190366,1.595590,0.191647,-0.239794,1.447890,0.160280,-0.170483,1.445131,0.145441,-0.373294,1.396610,0.203633,-0.041138,1.379020,0.113513,-0.447302,1.118067,0.240052,0.013661,1.097115,0.065444,-0.417609,0.866619,0.365938,0.060173,0.821066,0.105366,-0.399069,0.124499,-0.202849,-0.067217,0.042480,0.414981,,,,,,,,,,-0.398853,0.861512,0.381615,-0.370648,0.820691,0.401266,-0.360403,0.787469,0.410126,-0.392080,0.791658,0.420630,-0.378248,0.757463,0.420788,-0.365133,0.735620,0.413062,-0.412492,0.782860,0.407814,-0.400105,0.746245,0.400769,-0.389304,0.724999,0.389949,-0.429220,0.776737,0.396384,-0.418481,0.741780,0.388233,-0.408395,0.725194,0.375974,-0.443192,0.774495,0.379706,-0.432905,0.744623,0.370772,-0.422460,0.728703,0.358365,0.050317,0.806158,0.122808,0.017393,0.764158,0.122964,0.001820,0.735089,0.108826,0.040578,0.727117,0.112540,0.016124,0.701101,0.103280,-0.007860,0.693368,0.094682,0.048709,0.729560,0.088328,0.024770,0.701620,0.074551,0.000970,0.698892,0.063995,0.055290,0.732988,0.068505,0.031627,0.707874,0.053903,0.010414,0.711316,0.045832,0.058392,0.742575,0.049092,0.036527,0.721787,0.036147,0.015622,0.718941,0.027680,,,
62,2.067,-0.216224,0.939386,0.170124,-0.336083,0.940449,0.165867,-0.096364,0.938323,0.174381,-0.403421,0.520140,0.298676,-0.082320,0.529836,0.352633,-0.370331,0.288137,-0.045334,-0.094173,0.123056,0.265153,-0.215254,1.056607,0.172090,-0.218399,1.270524,0.186078,-0.205622,1.511112,0.215284,-0.196595,1.607967,0.251877,-0.243149,1.460467,0.216052,-0.173102,1.458077,0.205129,-0.378431,1.407489,0.251034,-0.041529,1.393172,0.180711,-0.446138,1.125437,0.266915,0.017760,1.109619,0.151278,-0.444392,0.858336,0.359700,0.056953,0.837977,0.219357,-0.390863,0.110223,-0.042016,-0.069079,0.038791,0.421217,,,,,,,,,,-0.426197,0.848676,0.373815,-0.399674,0.803203,0.382579,-0.390045,0.768645,0.382951,-0.422411,0.770869,0.393293,-0.409362,0.737465,0.384661,-0.396553,0.718075,0.371670,-0.442730,0.766424,0.378271,-0.431184,0.732614,0.361921,-0.420714,0.714670,0.346000,-0.459327,0.764072,0.365349,-0.449282,0.732221,0.348368,-0.439320,0.719187,0.332306,-0.472926,0.766740,0.348427,-0.463480,0.739952,0.331960,-0.453303,0.727560,0.315855,0.047048,0.825852,0.238813,0.015294,0.783443,0.245220,0.000729,0.751965,0.236031,0.039754,0.745935,0.241590,0.017233,0.717152,0.236599,-0.005967,0.706481,0.229058,0.048456,0.744599,0.217491,0.026145,0.713587,0.208323,0.002791,0.707900,0.197952,0.055465,0.744910,0.197522,0.033632,0.716396,0.186838,0.012577,0.717234,0.177731,0.058819,0.751252,0.176859,0.038386,0.727650,0.166698,0.018004,0.722432,0.158088,,,
63,2.100,-0.221345,0.955324,0.221991,-0.341200,0.956195,0.217554,-0.101491,0.954453,0.226427,-0.407919,0.550368,0.389850,-0.096025,0.528741,0.358989,-0.368003,0.262153,0.092189,-0.098148,0.122219,0.269553,-0.220564,1.072547,0.223903,-0.222798,1.286378,0.239301,-0.212267,1.526816,0.270571,-0.206240,1.623501,0.308214,-0.249627,1.476061,0.269132,-0.179109,1.473937,0.261754,-0.386347,1.422212,0.296323,-0.045763,1.410233,0.244993,-0.450151,1.138924,0.288144,0.016925,1.126074,0.234640,-0.468857,0.863044,0.347267,0.043817,0.861112,0.329681,-0.387861,0.089268,0.134643,-0.075021,0.037860,0.425870,,,,,,,,,,-0.451426,0.850018,0.359518,-0.425795,0.803217,0.358630,-0.415838,0.769410,0.351912,-0.449326,0.769755,0.360600,-0.436256,0.738343,0.346350,-0.422940,0.721535,0.330571,-0.468979,0.769314,0.344113,-0.457251,0.739336,0.321585,-0.446315,0.724809,0.302758,-0.484990,0.770348,0.330309,-0.474883,0.742377,0.307522,-0.464464,0.732629,0.289535,-0.497772,0.777126,0.313905,-0.488345,0.754525,0.292036,-0.477841,0.745866,0.273838,0.031757,0.852065,0.349588,-0.000637,0.810727,0.359066,-0.014168,0.777979,0.353424,0.023969,0.773489,0.364177,0.002925,0.743279,0.361930,-0.019013,0.730438,0.354006,0.035318,0.768495,0.341715,0.014455,0.735787,0.335510,-0.007552,0.727797,0.323798,0.044525,0.765754,0.322854,0.024597,0.735091,0.314697,0.004737,0.733658,0.303274,0.050195,0.768802,0.301951,0.031391,0.743343,0.293229,0.012272,0.736266,0.283171,,,
64,2.133,-0.228073,0.970386,0.277425,-0.347903,0.970951,0.272339,-0.108242,0.969822,0.282511,-0.410746,0.575819,0.469200,-0.107942,0.531212,0.362848,-0.372579,0.227731,0.244164,-0.103338,0.123686,0.278203,-0.227583,1.087618,0.278898,-0.229125,1.301288,0.296454,-0.221058,1.541600,0.329381,-0.217688,1.638264,0.367410,-0.258065,1.490662,0.326280,-0.187311,1.488943,0.321523,-0.395381,1.435449,0.346956,-0.052630,1.426809,0.310538,-0.456345,1.153786,0.310369,0.014015,1.143420,0.316269,-0.486555,0.873816,0.336048,0.026570,0.886980,0.434764,-0.397455,0.072638,0.330264,-0.082569,0.038939,0.434641,,,,,,,,,,-0.469806,0.858712,0.346771,-0.443652,0.812871,0.338857,-0.432500,0.780909,0.326975,-0.466887,0.779656,0.333014,-0.452950,0.750033,0.316018,-0.438471,0.735085,0.299414,-0.485430,0.782322,0.315484,-0.472433,0.755725,0.289650,-0.460331,0.743882,0.269690,-0.500529,0.785932,0.301097,-0.489544,0.761283,0.275106,-0.478219,0.753969,0.256522,-0.512301,0.795667,0.285443,-0.501897,0.777165,0.260396,-0.490505,0.771746,0.241492,0.011742,0.880778,0.453877,-0.021911,0.840793,0.464677,-0.034742,0.807383,0.462125,0.001499,0.805097,0.478679,-0.018693,0.774229,0.478493,-0.039189,0.759582,0.469872,0.015904,0.797025,0.459043,-0.003882,0.763312,0.455104,-0.024028,0.753156,0.441826,0.027690,0.791678,0.442294,0.009309,0.759587,0.436276,-0.008706,0.755881,0.422541,0.036299,0.791701,0.422188,0.019023,0.764807,0.414701,0.001596,0.755895,0.403141,,,
65,2.167,-0.233715,0.981300,0.320488,-0.353597,0.982234,0.316866,-0.113834,0.980367,0.324111,-0.407706,0.590269,0.522459,-0.116004,0.535464,0.353922,-0.374649,0.195170,0.395703,-0.109529,0.129222,0.263427,-0.232892,1.098502,0.323429,-0.233981,1.312075,0.342173,-0.230000,1.552586,0.374383,-0.229041,1.649390,0.412192,-0.266231,1.501149,0.370463,-0.195356,1.500356,0.367658,-0.403919,1.444970,0.385205,-0.059382,1.440405,0.361563,-0.461754,1.167079,0.323388,0.016168,1.160063,0.383566,-0.494688,0.886255,0.326296,0.020322,0.913967,0.522778,-0.403162,0.068887,0.519499,-0.088391,0.045317,0.420270,,,,,,,,,,-0.478276,0.870964,0.337273,-0.449064,0.827277,0.327993,-0.434866,0.797102,0.314764,-0.469811,0.793765,0.316870,-0.452815,0.766068,0.299417,-0.435986,0.752989,0.283463,-0.486679,0.797248,0.297854,-0.470020,0.773378,0.271464,-0.455493,0.763684,0.251968,-0.500479,0.801527,0.282386,-0.486080,0.779428,0.255776,-0.472764,0.774018,0.237873,-0.511177,0.812164,0.266550,-0.497658,0.796365,0.241142,-0.484331,0.793090,0.223027,0.003978,0.907963,0.540679,-0.030166,0.867868,0.549315,-0.042617,0.834345,0.546385,-0.007756,0.832632,0.565883,-0.027785,0.801694,0.564391,-0.047423,0.786853,0.554239,0.008319,0.824352,0.547682,-0.011033,0.790552,0.542520,-0.029957,0.780196,0.527691,0.021519,0.818824,0.532087,0.003807,0.786562,0.525058,-0.012975,0.782577,0.509911,0.031798,0.818578,0.512782,0.015277,0.791494,0.504333,-0.001104,0.782339,0.491503,,,
66,2.200,-0.237951,0.983863,0.372990,-0.357852,0.983996,0.369964,-0.118049,0.983731,0.376017,-0.399457,0.584659,0.563953,-0.117547,0.537874,0.369400,-0.376701,0.169032,0.564010,-0.113066,0.134844,0.265426,-0.237930,1.101026,0.377301,-0.237634,1.314512,0.397026,-0.238039,1.555139,0.428612,-0.239303,1.652106,0.465990,-0.273409,1.503198,0.423623,-0.202476,1.503374,0.423227,-0.411152,1.445826,0.431799,-0.064881,1.446911,0.423290,-0.461925,1.173018,0.345847,0.022212,1.171877,0.462721,-0.494472,0.892846,0.325862,0.013158,0.940487,0.625009,-0.410088,0.080322,0.716003,-0.090860,0.051280,0.422303,,,,,,,,,,-0.478642,0.877443,0.337513,-0.446892,0.835477,0.328633,-0.430164,0.806727,0.315188,-0.465036,0.802070,0.313400,-0.445348,0.776102,0.296119,-0.426528,0.764621,0.281192,-0.480031,0.806205,0.292996,-0.459834,0.784640,0.267098,-0.443025,0.776704,0.248670,-0.492367,0.811007,0.276481,-0.474497,0.791162,0.250202,-0.459245,0.787362,0.233467,-0.501841,0.822280,0.260309,-0.485156,0.808610,0.235556,-0.469920,0.806958,0.218774,-0.004957,0.934753,0.641213,-0.039193,0.894294,0.647460,-0.051193,0.860600,0.644625,-0.018176,0.860076,0.667602,-0.037869,0.829057,0.664354,-0.056155,0.813957,0.652247,-0.000065,0.851522,0.651568,-0.018515,0.817450,0.645060,-0.035569,0.806606,0.628421,0.014858,0.845745,0.637714,-0.001888,0.813229,0.629581,-0.016882,0.808797,0.612774,0.027201,0.845066,0.619670,0.011608,0.817717,0.610361,-0.003359,0.808165,0.596164,,,
67,2.233,-0.241217,0.977757,0.422578,-0.361087,0.974347,0.420324,-0.121347,0.981167,0.424832,-0.394099,0.580142,0.626103,-0.111348,0.535956,0.402015,-0.388838,0.175752,0.724616,-0.110190,0.142234,0.266942,-0.244645,1.094832,0.427800,-0.241553,1.308291,0.447581,-0.247213,1.548961,0.478314,-0.250271,1.646084,0.515185,-0.281488,1.496413,0.472169,-0.210603,1.497794,0.474452,-0.418794,1.437470,0.474244,-0.071641,1.445267,0.481570,-0.458511,1.170223,0.367515,0.027567,1.178193,0.541677,-0.487288,0.892038,0.325804,0.009263,0.960991,0.721812,-0.425097,0.126517,0.892982,-0.087990,0.056066,0.422404,,,,,,,,,,-0.472491,0.876389,0.338447,-0.439002,0.835460,0.331293,-0.420131,0.807665,0.318703,-0.454581,0.802486,0.312659,-0.432614,0.777640,0.296511,-0.412053,0.767149,0.283245,-0.467323,0.807305,0.290917,-0.443959,0.787288,0.266479,-0.425069,0.780485,0.249687,-0.477866,0.812655,0.273362,-0.456772,0.794389,0.248359,-0.439694,0.791645,0.233262,-0.485752,0.824504,0.256754,-0.466095,0.812305,0.233457,-0.449049,0.811709,0.218439,-0.010477,0.955882,0.736229,-0.044531,0.915105,0.741278,-0.056453,0.881300,0.739707,-0.025378,0.882766,0.765887,-0.044433,0.851440,0.761864,-0.061066,0.835573,0.748428,-0.005426,0.873631,0.752593,-0.022629,0.838929,0.746003,-0.037513,0.826866,0.728163,0.011066,0.867331,0.740916,-0.004480,0.834223,0.732790,-0.017436,0.828699,0.714663,0.025387,0.865787,0.724456,0.010837,0.837841,0.715227,-0.002533,0.827370,0.700114,,,
68,2.267,-0.244217,0.965960,0.477965,-0.363957,0.959082,0.477294,-0.124476,0.972838,0.478635,-0.391665,0.578686,0.708300,-0.105060,0.529411,0.435878,-0.409771,0.193292,0.864528,-0.107040,0.147736,0.269796,-0.250964,1.082867,0.483704,-0.246522,1.296406,0.502334,-0.256709,1.537116,0.531549,-0.261025,1.634376,0.567926,-0.289993,1.484026,0.524659,-0.219239,1.486488,0.529080,-0.426998,1.424428,0.521666,-0.080071,1.435953,0.543179,-0.455749,1.162755,0.398821,0.027770,1.178475,0.626000,-0.480852,0.887974,0.337016,0.001456,0.973575,0.819090,-0.447883,0.184777,1.039345,-0.084588,0.058184,0.423297,,,,,,,,,,-0.467189,0.871762,0.350212,-0.432565,0.831592,0.344245,-0.412147,0.804726,0.332061,-0.445704,0.799595,0.322318,-0.421502,0.776507,0.306769,-0.399430,0.767502,0.294913,-0.456247,0.805530,0.299693,-0.430059,0.787599,0.276533,-0.409418,0.782264,0.261348,-0.465035,0.811776,0.281480,-0.440977,0.795705,0.257674,-0.422366,0.794350,0.244298,-0.471368,0.824479,0.264839,-0.449229,0.814056,0.242949,-0.430753,0.814642,0.229727,-0.019443,0.969283,0.832067,-0.053005,0.928202,0.837896,-0.064522,0.894229,0.838630,-0.035604,0.898890,0.867157,-0.053729,0.866908,0.864116,-0.068745,0.849556,0.850612,-0.014316,0.889119,0.856686,-0.030137,0.853487,0.851824,-0.043021,0.839448,0.833873,0.003319,0.882223,0.847228,-0.010882,0.848163,0.840740,-0.021982,0.840741,0.822067,0.019147,0.879546,0.832372,0.005823,0.850558,0.824628,-0.006002,0.838429,0.809467,,,
69,2.300,-0.248099,0.950784,0.536923,-0.367749,0.942580,0.538393,-0.128449,0.958988,0.535454,-0.392127,0.582490,0.800259,-0.104019,0.518991,0.467348,-0.421919,0.206671,0.976712,-0.107987,0.151350,0.272187,-0.256030,1.067588,0.543216,-0.252650,1.281243,0.560699,-0.264805,1.522024,0.588552,-0.269784,1.619440,0.624423,-0.297641,1.468697,0.581346,-0.226990,1.471617,0.586983,-0.434697,1.409569,0.574207,-0.088425,1.421314,0.606717,-0.455655,1.151862,0.441777,0.024390,1.173091,0.708903,-0.479663,0.881385,0.362905,-0.005887,0.976827,0.910209,-0.459776,0.231956,1.149956,-0.084289,0.060001,0.424436,,,,,,,,,,-0.466741,0.864506,0.376011,-0.431534,0.824853,0.370009,-0.410059,0.798725,0.358037,-0.443052,0.794089,0.345551,-0.416696,0.774186,0.329124,-0.393567,0.767780,0.317599,-0.452198,0.801245,0.322673,-0.423811,0.786418,0.299912,-0.402041,0.783232,0.285735,-0.459870,0.808472,0.304318,-0.433392,0.795488,0.281208,-0.413808,0.796036,0.269237,-0.465236,0.822065,0.288045,-0.441350,0.813525,0.267201,-0.421994,0.815312,0.255427,-0.027361,0.972745,0.922285,-0.059711,0.930933,0.929576,-0.069601,0.896559,0.932398,-0.043057,0.904810,0.962111,-0.059819,0.871989,0.960558,-0.073348,0.853056,0.947616,-0.020840,0.895104,0.953715,-0.034956,0.858543,0.950948,-0.046177,0.842597,0.933481,-0.002431,0.888193,0.945882,-0.014976,0.853182,0.941333,-0.024640,0.843885,0.922702,0.014348,0.884975,0.932225,0.002491,0.854945,0.926275,-0.008009,0.841139,0.911580,,,
70,2.333,-0.253052,0.936937,0.598299,-0.372689,0.928989,0.601383,-0.133416,0.944884,0.595216,-0.396695,0.571645,0.867017,-0.108405,0.510257,0.498746,-0.419817,0.195518,1.043815,-0.110527,0.157052,0.278507,-0.260647,1.053756,0.604715,-0.259373,1.267440,0.622130,-0.272585,1.508147,0.650139,-0.278515,1.605592,0.685786,-0.305155,1.454773,0.642123,-0.234650,1.457812,0.649307,-0.441727,1.395200,0.630704,-0.096556,1.408281,0.673736,-0.456317,1.138253,0.495962,0.017920,1.165677,0.786973,-0.479814,0.871766,0.404379,-0.010584,0.972659,0.991648,-0.452667,0.216350,1.218666,-0.086280,0.059592,0.426831,,,,,,,,,,-0.467032,0.854266,0.416789,-0.431484,0.815173,0.409298,-0.409680,0.789862,0.396218,-0.442372,0.785724,0.383003,-0.415268,0.767927,0.365417,-0.391862,0.763120,0.353676,-0.451144,0.794064,0.360381,-0.421976,0.781385,0.337312,-0.399864,0.779613,0.323418,-0.458526,0.802238,0.342306,-0.431205,0.791315,0.319111,-0.411351,0.793027,0.307709,-0.463678,0.816666,0.326696,-0.439177,0.809487,0.306053,-0.419544,0.812068,0.294901,-0.032310,0.968789,1.003337,-0.063685,0.926632,1.012628,-0.072386,0.892175,1.017570,-0.047351,0.903390,1.047432,-0.063144,0.870057,1.047674,-0.075717,0.849884,1.035676,-0.024612,0.893795,1.040421,-0.037535,0.856697,1.039906,-0.047713,0.839199,1.023306,-0.005774,0.886912,1.033657,-0.017195,0.851313,1.031181,-0.025988,0.840481,1.012952,0.011518,0.883250,1.020774,0.000685,0.852532,1.016666,-0.008963,0.837410,1.002701,,,
71,2.367,-0.259017,0.924695,0.662404,-0.378771,0.918744,0.665434,-0.139264,0.930647,0.659374,-0.400343,0.552935,0.919504,-0.118020,0.503795,0.532179,-0.413404,0.169647,1.081315,-0.113347,0.165064,0.290305,-0.264724,1.041718,0.666745,-0.265929,1.255574,0.681899,-0.281165,1.496384,0.707925,-0.288975,1.594060,0.742563,-0.313217,1.442793,0.699294,-0.242973,1.446241,0.708550,-0.448661,1.381275,0.685093,-0.105068,1.398614,0.737432,-0.460425,1.121591,0.555417,0.009918,1.157008,0.852274,-0.484071,0.855844,0.461745,-0.010913,0.960655,1.054689,-0.437138,0.152885,1.258068,-0.088125,0.055292,0.429590,,,,,,,,,,-0.471224,0.837595,0.472951,-0.436907,0.798071,0.462548,-0.416372,0.772925,0.447278,-0.449487,0.769927,0.435586,-0.423509,0.752382,0.416145,-0.400716,0.747630,0.403234,-0.458935,0.779343,0.413670,-0.430962,0.766878,0.389055,-0.409433,0.765124,0.374274,-0.466822,0.788382,0.396232,-0.440639,0.777799,0.371611,-0.421191,0.779525,0.359532,-0.472241,0.803525,0.381409,-0.448612,0.796512,0.359719,-0.429298,0.799009,0.348006,-0.032595,0.956891,1.066494,-0.063094,0.914567,1.077741,-0.070646,0.880107,1.084289,-0.046396,0.893401,1.113678,-0.061305,0.859751,1.116129,-0.073385,0.838534,1.105506,-0.023430,0.883970,1.107203,-0.035394,0.846584,1.108873,-0.045115,0.827885,1.093345,-0.004424,0.877174,1.100832,-0.014840,0.841185,1.100416,-0.023290,0.829081,1.082837,0.012990,0.873264,1.088189,0.003242,0.842009,1.085761,-0.005818,0.825838,1.072600,,,
72,2.400,-0.266153,0.914789,0.729651,-0.386001,0.910227,0.730748,-0.146304,0.919350,0.728555,-0.402924,0.535672,0.972107,-0.128703,0.504445,0.566146,-0.408840,0.143135,1.110467,-0.112642,0.178820,0.307352,-0.270584,1.031911,0.732522,-0.274313,1.246008,0.743224,-0.290444,1.487391,0.762528,-0.300810,1.585647,0.794774,-0.322204,1.433546,0.754411,-0.252247,1.437338,0.765522,-0.456866,1.370686,0.738722,-0.114701,1.391062,0.798079,-0.470748,1.106131,0.619528,-0.002224,1.146002,0.907980,-0.496662,0.837165,0.536215,-0.013965,0.941115,1.102514,-0.431421,0.085283,1.278483,-0.086124,0.047483,0.426236,,,,,,,,,,-0.483731,0.818401,0.546430,-0.451376,0.777963,0.533549,-0.432847,0.752514,0.516341,-0.466465,0.750532,0.507146,-0.442284,0.732517,0.485901,-0.420498,0.727280,0.471522,-0.476941,0.760487,0.485947,-0.450806,0.747462,0.459658,-0.430219,0.745227,0.443650,-0.485596,0.769965,0.469116,-0.461230,0.758907,0.442891,-0.442483,0.760194,0.429700,-0.491436,0.785437,0.454803,-0.469236,0.777820,0.431845,-0.450504,0.779755,0.419121,-0.035613,0.937481,1.114421,-0.065961,0.895258,1.126429,-0.072615,0.860715,1.133489,-0.049133,0.874746,1.162682,-0.063443,0.841049,1.167187,-0.075380,0.819115,1.157948,-0.026150,0.865278,1.156323,-0.037627,0.827859,1.159739,-0.047290,0.808375,1.145168,-0.007135,0.858435,1.150030,-0.016885,0.822275,1.151136,-0.025233,0.809322,1.134122,0.010268,0.854368,1.137422,0.001348,0.822808,1.135939,-0.007311,0.806072,1.123222,,,
73,2.433,-0.275898,0.908677,0.793899,-0.395784,0.905295,0.792717,-0.156012,0.912060,0.795082,-0.416860,0.535020,1.040275,-0.130317,0.496198,0.636239,-0.414358,0.129534,1.134287,-0.108830,0.196833,0.347824,-0.279219,1.025862,0.795419,-0.286054,1.240019,0.802893,-0.299947,1.481984,0.815501,-0.312369,1.580863,0.844999,-0.332160,1.428254,0.808478,-0.262296,1.431656,0.820276,-0.467025,1.365762,0.793070,-0.125429,1.384608,0.854543,-0.489403,1.096550,0.686234,-0.018829,1.131649,0.951661,-0.522064,0.823584,0.620068,-0.021581,0.913958,1.132115,-0.437813,0.041834,1.288704,-0.081665,0.037529,0.425093,,,,,,,,,,-0.509072,0.805104,0.630714,-0.477556,0.763753,0.618683,-0.460042,0.737493,0.601629,-0.493686,0.735430,0.593886,-0.470267,0.716532,0.572554,-0.448973,0.710642,0.557699,-0.504630,0.744616,0.572576,-0.479249,0.730309,0.546216,-0.459078,0.727246,0.529820,-0.513638,0.753488,0.555601,-0.490029,0.741091,0.529282,-0.471601,0.741621,0.515598,-0.519694,0.768417,0.540809,-0.497924,0.759311,0.517981,-0.479353,0.760283,0.504918,-0.043234,0.910609,1.144096,-0.074443,0.868877,1.155601,-0.082135,0.834452,1.162171,-0.057862,0.847401,1.191408,-0.072494,0.813944,1.196614,-0.084892,0.792047,1.187909,-0.035134,0.837532,1.184750,-0.047130,0.800309,1.188508,-0.057299,0.780848,1.174253,-0.016313,0.830374,1.178227,-0.026475,0.794333,1.179513,-0.035160,0.781432,1.162628,0.000920,0.826131,1.165445,-0.008307,0.794669,1.163754,-0.017202,0.778058,1.151037,,,
74,2.467,-0.287125,0.906029,0.855043,-0.406997,0.903261,0.852115,-0.167253,0.908798,0.857972,-0.437332,0.546298,1.117615,-0.119152,0.479114,0.748928,-0.421590,0.130830,1.137655,-0.100509,0.222731,0.421538,-0.289836,1.023239,0.855221,-0.297312,1.237427,0.860997,-0.311244,1.479555,0.869879,-0.324962,1.578767,0.897633,-0.343456,1.425716,0.863753,-0.273570,1.429316,0.875359,-0.478120,1.362172,0.851130,-0.136644,1.382196,0.909287,-0.509497,1.088626,0.758512,-0.031935,1.121366,0.985362,-0.546782,0.811693,0.715236,-0.021960,0.888646,1.145682,-0.447648,0.043411,1.291814,-0.082049,0.044733,0.429430,,,,,,,,,,-0.533780,0.794311,0.727583,-0.502774,0.751629,0.719526,-0.486274,0.723756,0.704098,-0.519494,0.721013,0.698071,-0.496772,0.699790,0.678223,-0.475905,0.692156,0.663557,-0.530681,0.728015,0.676068,-0.505783,0.710808,0.651013,-0.485871,0.705868,0.634759,-0.539870,0.735140,0.658382,-0.516860,0.719695,0.633168,-0.498671,0.718510,0.619208,-0.546027,0.748491,0.642189,-0.524348,0.736560,0.620609,-0.505772,0.735758,0.607542,-0.043281,0.884668,1.158060,-0.074215,0.842381,1.168207,-0.082325,0.807795,1.173248,-0.056686,0.819056,1.202366,-0.071022,0.785329,1.206556,-0.083611,0.763767,1.197305,-0.034161,0.809555,1.194579,-0.045869,0.772144,1.197209,-0.056407,0.753162,1.182581,-0.015535,0.802754,1.187175,-0.025572,0.766655,1.187070,-0.034712,0.754502,1.169874,0.001337,0.799192,1.173720,-0.007870,0.767821,1.170739,-0.017081,0.751794,1.157507,,,
75,2.500,-0.297490,0.907578,0.914928,-0.417312,0.905310,0.910120,-0.177668,0.909846,0.919735,-0.452015,0.544883,1.170353,-0.111604,0.470228,0.885034,-0.426042,0.130481,1.141030,-0.097641,0.261831,0.524980,-0.299671,1.024796,0.913964,-0.306311,1.239033,0.918843,-0.319564,1.481232,0.926788,-0.333773,1.580449,0.954273,-0.351974,1.427443,0.921288,-0.281947,1.430927,0.932051,-0.486496,1.363007,0.912163,-0.144795,1.383069,0.963977,-0.527131,1.085484,0.836535,-0.044192,1.115390,1.018844,-0.567023,0.805966,0.821255,-0.025791,0.870036,1.158212,-0.453621,0.043127,1.294960,-0.078051,0.088383,0.484754,,,,,,,,,,-0.554252,0.789734,0.835294,-0.524323,0.745703,0.831635,-0.509604,0.716152,0.817589,-0.542009,0.713330,0.813846,-0.520485,0.689129,0.796194,-0.500224,0.679054,0.782165,-0.553326,0.718147,0.791330,-0.529263,0.697567,0.768066,-0.509732,0.690294,0.752232,-0.562586,0.723511,0.773069,-0.540673,0.704413,0.749428,-0.522844,0.700948,0.735384,-0.568655,0.735153,0.755575,-0.547373,0.720158,0.735571,-0.528879,0.717273,0.722682,-0.046761,0.865305,1.170921,-0.077617,0.822539,1.179107,-0.085370,0.787624,1.181966,-0.059219,0.796897,1.211080,-0.073620,0.762997,1.213078,-0.086552,0.742242,1.202544,-0.036986,0.787865,1.202003,-0.048686,0.750362,1.202506,-0.059695,0.732381,1.186988,-0.018624,0.781514,1.193608,-0.028837,0.745538,1.191304,-0.038531,0.734621,1.173590,-0.002175,0.778810,1.179447,-0.011551,0.747695,1.174784,-0.021199,0.732532,1.160863,,,
76,2.533,-0.306454,0.912508,0.973240,-0.426152,0.910936,0.965800,-0.186755,0.914080,0.980681,-0.461585,0.538917,1.209067,-0.117041,0.475483,1.020746,-0.429969,0.128620,1.146453,-0.104694,0.289526,0.648548,-0.307869,1.029724,0.971249,-0.313022,1.244012,0.975710,-0.323580,1.486282,0.985323,-0.336699,1.585398,1.013706,-0.356684,1.432850,0.980534,-0.286329,1.435578,0.989171,-0.491273,1.368104,0.975542,-0.148738,1.386281,1.016716,-0.539937,1.087244,0.919514,-0.055563,1.113277,1.056358,-0.580524,0.807883,0.935803,-0.028366,0.858114,1.175155,-0.459413,0.041739,1.300306,-0.067061,0.119888,0.605043,,,,,,,,,,-0.567827,0.792861,0.951191,-0.538729,0.748127,0.951460,-0.525296,0.717161,0.939302,-0.557244,0.714511,0.937162,-0.536806,0.687845,0.921936,-0.517119,0.675634,0.908817,-0.568814,0.717320,0.914436,-0.545730,0.693766,0.893079,-0.526685,0.684338,0.877799,-0.578254,0.721049,0.895862,-0.557319,0.698939,0.874031,-0.539855,0.693499,0.860155,-0.584383,0.731041,0.877396,-0.563741,0.713667,0.858687,-0.545521,0.709115,0.845888,-0.049014,0.852486,1.188024,-0.079728,0.809244,1.193915,-0.086270,0.773966,1.194181,-0.060570,0.781378,1.223490,-0.075021,0.747443,1.223127,-0.088240,0.727613,1.211255,-0.038591,0.773020,1.213226,-0.050332,0.735580,1.211237,-0.061746,0.718820,1.194679,-0.020460,0.767286,1.203931,-0.030760,0.731569,1.199235,-0.040897,0.721990,1.181002,-0.004382,0.765603,1.189198,-0.013684,0.734803,1.182665,-0.023584,0.720550,1.167982,,,
77,2.567,-0.313328,0.921005,1.030308,-0.432872,0.920176,1.020607,-0.193784,0.921834,1.040009,-0.463985,0.530537,1.235190,-0.127246,0.494456,1.148424,-0.431799,0.124277,1.150457,-0.117634,0.292681,0.784476,-0.313908,1.038211,1.027443,-0.317554,1.252530,1.031855,-0.325311,1.494797,1.043916,-0.335839,1.593855,1.073549,-0.359120,1.441712,1.040341,-0.288403,1.443723,1.045514,-0.493747,1.376876,1.042113,-0.150108,1.392888,1.065779,-0.547601,1.093423,1.008292,-0.063954,1.115838,1.090373,-0.583887,0.817573,1.058745,-0.024413,0.853330,1.187772,-0.462245,0.037051,1.303920,-0.073453,0.120540,0.762073,,,,,,,,,,-0.570573,0.804182,1.075087,-0.541900,0.759339,1.078960,-0.529337,0.727017,1.069763,-0.561407,0.724610,1.069445,-0.542011,0.695943,1.056694,-0.523085,0.681887,1.044322,-0.574073,0.725030,1.047137,-0.552394,0.698755,1.027556,-0.534262,0.687282,1.012566,-0.584395,0.726798,1.028744,-0.564611,0.702287,1.008458,-0.547851,0.695246,0.994434,-0.591350,0.734752,1.009593,-0.571872,0.715342,0.991652,-0.554407,0.709355,0.978400,-0.044130,0.846369,1.201424,-0.073838,0.802258,1.205859,-0.078939,0.766820,1.203514,-0.052484,0.772574,1.231956,-0.066325,0.738423,1.230306,-0.079975,0.719137,1.218031,-0.031089,0.765417,1.219736,-0.042502,0.728045,1.215656,-0.054759,0.712405,1.198612,-0.013508,0.760734,1.208922,-0.023457,0.725217,1.202330,-0.034569,0.716747,1.184117,0.001628,0.760466,1.193135,-0.007328,0.730021,1.184726,-0.017761,0.716709,1.169536,,,
78,2.600,-0.317117,0.931889,1.086181,-0.436578,0.931792,1.075477,-0.197656,0.931986,1.096885,-0.459051,0.523414,1.253114,-0.133038,0.523053,1.262507,-0.431038,0.119883,1.154921,-0.131371,0.284437,0.921445,-0.316902,1.049079,1.082712,-0.319617,1.263415,1.087011,-0.325389,1.505676,1.100239,-0.332906,1.604699,1.130890,-0.359629,1.452780,1.098384,-0.288724,1.454407,1.099623,-0.494251,1.388750,1.108812,-0.149953,1.402157,1.111149,-0.550943,1.104042,1.098002,-0.069071,1.122487,1.116306,-0.575394,0.835514,1.183148,-0.017090,0.854241,1.189125,-0.460695,0.032699,1.308561,-0.096031,0.108990,0.928907,,,,,,,,,,-0.560636,0.824182,1.199804,-0.531684,0.779901,1.206798,-0.519361,0.746634,1.201452,-0.551939,0.744449,1.203621,-0.533374,0.714379,1.193048,-0.515410,0.698850,1.181009,-0.566581,0.742146,1.182678,-0.546598,0.713487,1.164705,-0.529817,0.700111,1.149718,-0.578534,0.741657,1.165218,-0.560180,0.715123,1.146169,-0.544592,0.706655,1.131595,-0.587208,0.747169,1.145911,-0.569504,0.725584,1.128630,-0.553371,0.717950,1.114561,-0.035010,0.845633,1.204238,-0.063595,0.800712,1.207840,-0.068488,0.765546,1.202665,-0.039066,0.769144,1.228334,-0.052230,0.734777,1.225859,-0.066891,0.716012,1.213946,-0.019184,0.763598,1.213094,-0.030616,0.726493,1.207085,-0.044656,0.712120,1.190304,-0.002948,0.760306,1.199921,-0.012951,0.725189,1.191518,-0.025982,0.717962,1.174057,0.010238,0.761827,1.182536,0.001007,0.732035,1.172287,-0.010813,0.719896,1.157130,,,
79,2.633,-0.317146,0.944300,1.141984,-0.436562,0.945029,1.130803,-0.197731,0.943571,1.153165,-0.451558,0.520572,1.266611,-0.139328,0.556481,1.366666,-0.429325,0.119265,1.158341,-0.143053,0.273601,1.061332,-0.316076,1.061476,1.138194,-0.319208,1.275822,1.141585,-0.322421,1.518151,1.154448,-0.327006,1.617155,1.185731,-0.357119,1.465521,1.154488,-0.286233,1.466593,1.152092,-0.491744,1.403482,1.173429,-0.147731,1.412502,1.155513,-0.551153,1.119342,1.184608,-0.072924,1.131517,1.140185,-0.557976,0.862678,1.303066,-0.015038,0.859035,1.188800,-0.457942,0.032487,1.312408,-0.115440,0.103290,1.109474,,,,,,,,,,-0.541176,0.853629,1.319176,-0.510814,0.810701,1.328304,-0.497445,0.777438,1.326898,-0.530661,0.775078,1.332086,-0.512595,0.744087,1.323498,-0.495666,0.727311,1.311633,-0.547599,0.770054,1.313481,-0.529267,0.739389,1.297130,-0.514067,0.724254,1.282132,-0.561494,0.767285,1.297757,-0.544742,0.738822,1.280065,-0.530696,0.728822,1.264905,-0.572455,0.770238,1.279062,-0.556679,0.746556,1.262684,-0.542245,0.737172,1.247849,-0.031075,0.849245,1.205250,-0.060373,0.804734,1.208153,-0.067112,0.770394,1.200235,-0.034387,0.770761,1.221893,-0.048471,0.736869,1.218210,-0.065015,0.719402,1.206803,-0.016882,0.766452,1.203636,-0.030118,0.730314,1.195736,-0.046697,0.717877,1.179743,-0.002642,0.764239,1.188133,-0.014503,0.730200,1.177910,-0.029900,0.724829,1.161754,0.008175,0.767304,1.169372,-0.002959,0.738785,1.157518,-0.016880,0.728292,1.142928,,,
80,2.667,-0.316595,0.955484,1.198443,-0.435925,0.957057,1.186473,-0.197264,0.953911,1.210413,-0.443408,0.520044,1.274770,-0.145327,0.590493,1.463520,-0.427089,0.121014,1.157413,-0.150287,0.259772,1.210809,-0.314678,1.072651,1.194740,-0.318142,1.286998,1.197753,-0.318063,1.529347,1.210633,-0.319592,1.628248,1.242535,-0.353301,1.477105,1.212340,-0.282599,1.477392,1.206595,-0.487758,1.417438,1.238654,-0.144974,1.421151,1.202545,-0.550205,1.135444,1.269795,-0.077134,1.140304,1.166398,-0.532700,0.895493,1.418362,-0.018336,0.864907,1.192084,-0.454484,0.033475,1.311271,-0.124652,0.108634,1.303471,,,,,,,,,,-0.513578,0.889127,1.433109,-0.480114,0.848801,1.443209,-0.464681,0.816437,1.444434,-0.497447,0.813210,1.453700,-0.478827,0.782072,1.447043,-0.462485,0.764532,1.435462,-0.516280,0.805308,1.438171,-0.498526,0.773458,1.423539,-0.484502,0.757064,1.408717,-0.531858,0.800109,1.424818,-0.516026,0.770099,1.408929,-0.503454,0.758645,1.393505,-0.545198,0.800327,1.407487,-0.530475,0.775246,1.392251,-0.517566,0.764524,1.376925,-0.032960,0.854280,1.209312,-0.064526,0.811298,1.211342,-0.074300,0.778385,1.200925,-0.039364,0.774756,1.218398,-0.055845,0.742180,1.213132,-0.074648,0.726860,1.202145,-0.024399,0.771497,1.197814,-0.040767,0.737132,1.188081,-0.059858,0.727331,1.173088,-0.012217,0.770197,1.180553,-0.027340,0.738082,1.168563,-0.044819,0.735248,1.153954,-0.003465,0.774662,1.161012,-0.017610,0.748118,1.147852,-0.033728,0.739899,1.134089,,,
81,2.700,-0.316200,0.962434,1.253696,-0.435423,0.964747,1.240803,-0.196978,0.960121,1.266589,-0.434969,0.520684,1.281306,-0.150367,0.619399,1.550435,-0.425032,0.123943,1.155760,-0.153637,0.244681,1.369218,-0.313595,1.079606,1.250629,-0.317324,1.293923,1.255118,-0.313478,1.536143,1.269730,-0.312057,1.634789,1.302417,-0.349287,1.484345,1.272650,-0.278919,1.483771,1.263720,-0.483370,1.427051,1.305369,-0.142486,1.425708,1.252095,-0.550281,1.148474,1.353406,-0.082175,1.146740,1.194451,-0.500502,0.930217,1.526153,-0.026159,0.869612,1.199229,-0.451072,0.035988,1.309617,-0.125991,0.125502,1.500055,,,,,,,,,,-0.479524,0.926791,1.539261,-0.442845,0.889735,1.550640,-0.425178,0.858750,1.554503,-0.456796,0.855244,1.567756,-0.437126,0.824322,1.563569,-0.421042,0.806012,1.552851,-0.476739,0.844457,1.555748,-0.458805,0.811622,1.543750,-0.445505,0.793879,1.529844,-0.493370,0.836787,1.545138,-0.477721,0.805380,1.532006,-0.466272,0.792270,1.517034,-0.508539,0.834018,1.529625,-0.494183,0.807615,1.516407,-0.482444,0.795335,1.501311,-0.039942,0.857973,1.216497,-0.073844,0.816761,1.216868,-0.086433,0.785734,1.203975,-0.050506,0.778386,1.217849,-0.069489,0.747603,1.210591,-0.090095,0.734719,1.199713,-0.037525,0.776585,1.195792,-0.056819,0.744453,1.184008,-0.077671,0.737431,1.169824,-0.026916,0.776518,1.177477,-0.045068,0.746830,1.163583,-0.063848,0.746613,1.150384,-0.019548,0.782602,1.157802,-0.036409,0.758444,1.143312,-0.054119,0.752664,1.130284,,,
82,2.733,-0.314704,0.965294,1.308296,-0.433854,0.968321,1.294887,-0.195555,0.962267,1.321705,-0.429871,0.522440,1.292244,-0.159201,0.636073,1.623547,-0.423257,0.129652,1.154634,-0.152006,0.229970,1.532487,-0.311525,1.082479,1.306501,-0.316209,1.296714,1.313369,-0.307924,1.538649,1.330618,-0.304097,1.636946,1.364151,-0.344392,1.487373,1.334447,-0.274480,1.485832,1.322543,-0.477954,1.432560,1.373025,-0.139492,1.426432,1.303304,-0.550871,1.158645,1.436612,-0.087837,1.150866,1.224700,-0.466769,0.964225,1.623916,-0.036974,0.873046,1.210925,-0.447922,0.041204,1.308435,-0.123665,0.143346,1.686693,,,,,,,,,,-0.444464,0.963397,1.635117,-0.405462,0.929436,1.648286,-0.386028,0.900082,1.655202,-0.416314,0.897873,1.672018,-0.395991,0.867121,1.670630,-0.380388,0.847701,1.661239,-0.436946,0.884876,1.664038,-0.418988,0.850949,1.655659,-0.406427,0.831488,1.643470,-0.454261,0.875250,1.656589,-0.438823,0.842448,1.647130,-0.428432,0.827315,1.633341,-0.470800,0.869698,1.643396,-0.456704,0.841825,1.633279,-0.445973,0.827495,1.619280,-0.050041,0.860061,1.227785,-0.085619,0.820318,1.226150,-0.100476,0.791393,1.210984,-0.063980,0.781254,1.221249,-0.085010,0.752415,1.211941,-0.106940,0.741805,1.201195,-0.052633,0.781455,1.198239,-0.074181,0.751659,1.184402,-0.096260,0.747140,1.171081,-0.043317,0.783046,1.179300,-0.063843,0.755902,1.163624,-0.083490,0.757943,1.151929,-0.037054,0.791015,1.159918,-0.056094,0.769334,1.144260,-0.074963,0.765751,1.132097,,,
83,2.767,-0.313009,0.964822,1.364704,-0.431994,0.970318,1.350634,-0.194024,0.959326,1.378774,-0.429961,0.526870,1.303919,-0.173498,0.629054,1.677658,-0.424081,0.138708,1.153722,-0.149511,0.213639,1.688558,-0.307605,1.081939,1.364756,-0.314610,1.296052,1.373263,-0.301170,1.537534,1.393382,-0.295526,1.635395,1.427919,-0.338414,1.486877,1.397931,-0.269048,1.484238,1.383329,-0.471260,1.434618,1.442115,-0.135807,1.423638,1.356974,-0.550908,1.166995,1.522263,-0.094171,1.152307,1.259865,-0.437118,0.994255,1.715053,-0.049758,0.874668,1.229791,-0.447363,0.048401,1.306656,-0.121500,0.162123,1.857815,,,,,,,,,,-0.413895,0.995482,1.724154,-0.373082,0.964503,1.739073,-0.352003,0.937187,1.748903,-0.381035,0.937186,1.768530,-0.360244,0.906789,1.770624,-0.345072,0.886157,1.763348,-0.401978,0.922869,1.764697,-0.383955,0.888187,1.760694,-0.371983,0.867046,1.750955,-0.419651,0.911993,1.760532,-0.404310,0.878195,1.755422,-0.394787,0.861033,1.743510,-0.437158,0.904197,1.749989,-0.423119,0.875220,1.743567,-0.413162,0.858864,1.731327,-0.062007,0.860330,1.246162,-0.099023,0.822007,1.243137,-0.116154,0.795268,1.226436,-0.079232,0.783095,1.232533,-0.102256,0.756362,1.221775,-0.125399,0.747940,1.211654,-0.069612,0.785433,1.208864,-0.093267,0.758019,1.193616,-0.116417,0.755681,1.181619,-0.061666,0.788774,1.189532,-0.084439,0.764218,1.172731,-0.104807,0.768176,1.162912,-0.056565,0.798588,1.170662,-0.077585,0.779280,1.154438,-0.097447,0.777508,1.143524,,,
84,2.800,-0.311646,0.960239,1.423323,-0.430384,0.967967,1.408257,-0.192907,0.952512,1.438388,-0.431644,0.529534,1.326970,-0.182076,0.602710,1.714711,-0.425106,0.150794,1.154411,-0.149910,0.198437,1.808479,-0.304305,1.077231,1.425478,-0.312613,1.291263,1.434813,-0.295542,1.532356,1.456757,-0.288881,1.629906,1.491985,-0.333278,1.482124,1.461911,-0.264400,1.478765,1.445293,-0.464746,1.430747,1.510983,-0.132614,1.417817,1.413070,-0.549966,1.170535,1.608025,-0.099739,1.150604,1.302166,-0.409341,1.017774,1.799971,-0.060595,0.873840,1.259386,-0.447714,0.057492,1.305638,-0.123258,0.183172,1.984952,,,,,,,,,,-0.385846,1.020979,1.807803,-0.343707,0.993772,1.826028,-0.320954,0.969433,1.839334,-0.349859,0.971617,1.859918,-0.328148,0.942616,1.866858,-0.312564,0.921378,1.862995,-0.370536,0.956438,1.859365,-0.351681,0.922011,1.861084,-0.339402,0.899731,1.854926,-0.388052,0.944661,1.857780,-0.371972,0.910824,1.858289,-0.362353,0.892006,1.849319,-0.405712,0.934856,1.849393,-0.391019,0.905548,1.847632,-0.380964,0.887538,1.838090,-0.072086,0.858372,1.275270,-0.110348,0.821355,1.271564,-0.129504,0.796610,1.254010,-0.092518,0.783108,1.256151,-0.117325,0.758335,1.244686,-0.141452,0.751742,1.235555,-0.084518,0.787349,1.232145,-0.110025,0.762068,1.216211,-0.134010,0.761452,1.205739,-0.077854,0.792236,1.212659,-0.102602,0.769992,1.195438,-0.123470,0.775406,1.187552,-0.073800,0.803593,1.194411,-0.096559,0.786350,1.178207,-0.117210,0.786016,1.168710,,,
85,2.833,-0.311356,0.950898,1.484700,-0.429952,0.959724,1.469122,-0.192760,0.942071,1.500278,-0.428580,0.531744,1.343968,-0.180197,0.562385,1.733759,-0.426379,0.158424,1.159873,-0.154121,0.179588,1.895159,-0.303226,1.067777,1.489030,-0.309777,1.281788,1.500080,-0.291148,1.522640,1.523363,-0.284000,1.620065,1.558842,-0.329046,1.472559,1.528794,-0.260464,1.468976,1.511032,-0.459338,1.421165,1.580889,-0.129687,1.408468,1.474202,-0.548825,1.168389,1.692632,-0.103441,1.144518,1.354098,-0.389216,1.029984,1.880580,-0.067730,0.869037,1.301223,-0.447924,0.061943,1.309249,-0.133951,0.180876,2.073141,,,,,,,,,,-0.365882,1.035390,1.887645,-0.322547,1.013195,1.909494,-0.298015,0.992859,1.925982,-0.327665,0.996252,1.946426,-0.304547,0.970106,1.958364,-0.287798,0.949411,1.958302,-0.347640,0.980268,1.948367,-0.327239,0.947526,1.955817,-0.313897,0.925130,1.953472,-0.364610,0.967623,1.948743,-0.347047,0.935105,1.954898,-0.336541,0.915504,1.949194,-0.381820,0.955875,1.942095,-0.365908,0.927307,1.945036,-0.355078,0.908428,1.938497,-0.078564,0.852411,1.316382,-0.117563,0.816276,1.311768,-0.138147,0.793289,1.293457,-0.101239,0.779273,1.292210,-0.127203,0.756032,1.280115,-0.151947,0.750685,1.271860,-0.094525,0.785441,1.268228,-0.121240,0.761889,1.251638,-0.145763,0.762442,1.242494,-0.088880,0.791885,1.248873,-0.114961,0.771522,1.231294,-0.136141,0.777859,1.225112,-0.085670,0.804699,1.231441,-0.109685,0.789195,1.215295,-0.130878,0.789990,1.207108,,,
86,2.867,-0.307977,0.936646,1.543308,-0.426648,0.944803,1.527939,-0.189306,0.928490,1.558676,-0.420777,0.528641,1.367917,-0.179900,0.550111,1.794416,-0.426712,0.168316,1.159603,-0.158570,0.162882,1.945619,-0.300527,1.053564,1.547835,-0.305166,1.267558,1.560111,-0.285602,1.508202,1.584734,-0.277830,1.605587,1.620192,-0.323602,1.458201,1.590187,-0.255191,1.454526,1.571797,-0.453700,1.407553,1.643487,-0.125264,1.393989,1.532117,-0.545865,1.159947,1.764260,-0.103110,1.131578,1.407886,-0.378948,1.027072,1.949835,-0.069158,0.857397,1.347613,-0.447354,0.061990,1.302273,-0.138655,0.150775,2.123222,,,,,,,,,,-0.355801,1.034156,1.955974,-0.311310,1.016155,1.979309,-0.286131,0.998276,1.997571,-0.315298,1.002842,2.017833,-0.291084,0.978500,2.031315,-0.273693,0.958379,2.032557,-0.334531,0.986301,2.021670,-0.312663,0.955195,2.031569,-0.298455,0.933222,2.030947,-0.350925,0.973048,2.023569,-0.331874,0.941968,2.032220,-0.320637,0.922385,2.028057,-0.367670,0.959964,2.018394,-0.350377,0.932588,2.023820,-0.338740,0.913679,2.018969,-0.079771,0.839682,1.361654,-0.119435,0.804556,1.355256,-0.140956,0.783437,1.335809,-0.104279,0.769143,1.332136,-0.130930,0.747329,1.318929,-0.155981,0.742982,1.311021,-0.098213,0.777238,1.308558,-0.125623,0.755382,1.290820,-0.150385,0.756893,1.282460,-0.093070,0.785229,1.289645,-0.119912,0.766715,1.271189,-0.141177,0.773766,1.266189,-0.090203,0.799434,1.273262,-0.114859,0.785563,1.256602,-0.136264,0.787192,1.249123,,,
87,2.900,-0.303424,0.923599,1.602696,-0.422368,0.928719,1.588142,-0.184481,0.918480,1.617250,-0.411176,0.519213,1.412040,-0.180317,0.556569,1.877704,-0.424144,0.178381,1.173442,-0.162545,0.155248,1.986740,-0.298665,1.040722,1.605006,-0.301651,1.254793,1.616416,-0.280642,1.495354,1.640667,-0.271531,1.592846,1.675506,-0.318894,1.445571,1.646348,-0.250588,1.441495,1.627658,-0.449496,1.396493,1.699883,-0.121623,1.379371,1.587296,-0.544973,1.149467,1.819265,-0.099916,1.115469,1.466183,-0.383756,1.013804,2.007838,-0.066146,0.841360,1.405485,-0.446058,0.055337,1.301761,-0.138797,0.112981,2.159181,,,,,,,,,,-0.360731,1.021108,2.014172,-0.316532,1.003782,2.038550,-0.292624,0.985412,2.057996,-0.321053,0.991270,2.077283,-0.297181,0.966440,2.090481,-0.280127,0.946021,2.091504,-0.340281,0.974737,2.081180,-0.318521,0.943583,2.091161,-0.304380,0.921565,2.090598,-0.356654,0.961463,2.083112,-0.337625,0.930428,2.091972,-0.326357,0.910837,2.087926,-0.373271,0.948206,2.077965,-0.355744,0.921090,2.083923,-0.343863,0.902239,2.079455,-0.077118,0.823077,1.418484,-0.117349,0.789053,1.410014,-0.139311,0.769317,1.389629,-0.102707,0.754725,1.385005,-0.129620,0.734140,1.370428,-0.154679,0.730637,1.362137,-0.096406,0.764013,1.361934,-0.123949,0.743517,1.342831,-0.148626,0.745764,1.334387,-0.091049,0.772953,1.343512,-0.117993,0.755843,1.323888,-0.139134,0.763412,1.319123,-0.087873,0.787996,1.327955,-0.112651,0.775372,1.310505,-0.133998,0.777617,1.303019,,,
88,2.933,-0.299259,0.914714,1.665570,-0.418380,0.917985,1.651975,-0.180137,0.911443,1.679166,-0.413957,0.506884,1.479320,-0.171641,0.558527,1.951584,-0.420147,0.197097,1.201369,-0.163898,0.146267,2.008550,-0.296221,1.031906,1.667155,-0.296934,1.246061,1.677279,-0.276369,1.486955,1.698408,-0.264797,1.584624,1.731996,-0.314444,1.437148,1.705001,-0.246275,1.433016,1.685825,-0.445042,1.388716,1.759128,-0.118025,1.369318,1.645640,-0.540764,1.136457,1.866796,-0.090052,1.101223,1.535522,-0.393409,0.990940,2.059323,-0.051532,0.825793,1.484382,-0.447682,0.048525,1.297568,-0.144474,0.077950,2.172994,,,,,,,,,,-0.370911,0.998006,2.067541,-0.328640,0.979894,2.094617,-0.307566,0.959811,2.115586,-0.336013,0.966317,2.132545,-0.313267,0.940952,2.146683,-0.296415,0.920405,2.148317,-0.355484,0.949730,2.134548,-0.334612,0.918076,2.144849,-0.320572,0.895989,2.144452,-0.371960,0.936448,2.134895,-0.353797,0.905058,2.144305,-0.342347,0.885509,2.140585,-0.388158,0.923382,2.128166,-0.371072,0.896049,2.134404,-0.358891,0.877336,2.130171,-0.063082,0.807341,1.496619,-0.103054,0.773627,1.485962,-0.124508,0.754151,1.464800,-0.087529,0.739660,1.460992,-0.114352,0.719991,1.445048,-0.139165,0.717175,1.435811,-0.080269,0.749304,1.438352,-0.107244,0.729477,1.417790,-0.131548,0.732120,1.408428,-0.074141,0.758529,1.420314,-0.100631,0.742135,1.399496,-0.121520,0.750021,1.394165,-0.070287,0.773815,1.405153,-0.094819,0.761662,1.387033,-0.115981,0.764167,1.379116,,,
89,2.967,-0.291949,0.910989,1.727244,-0.411268,0.913233,1.715273,-0.172629,0.908746,1.739215,-0.433854,0.488042,1.582850,-0.157646,0.556198,2.011829,-0.421618,0.219565,1.264992,-0.161457,0.140086,2.021783,-0.289878,1.028205,1.728575,-0.290687,1.242418,1.737404,-0.268784,1.483411,1.755876,-0.255057,1.581173,1.788368,-0.307013,1.433854,1.763386,-0.239079,1.429208,1.743510,-0.437922,1.386992,1.818142,-0.112201,1.362797,1.703361,-0.533396,1.126961,1.905655,-0.078093,1.089737,1.608186,-0.408956,0.959782,2.096759,-0.036491,0.812065,1.574595,-0.446066,0.044563,1.294363,-0.141834,0.058055,2.179808,,,,,,,,,,-0.387406,0.965713,2.107898,-0.348808,0.944788,2.138234,-0.331554,0.922137,2.160060,-0.360672,0.928960,2.174095,-0.340344,0.902034,2.189007,-0.324296,0.880901,2.191168,-0.380545,0.912786,2.172783,-0.361679,0.879929,2.183187,-0.348170,0.857512,2.182868,-0.397194,0.899939,2.170387,-0.380881,0.867523,2.179705,-0.369483,0.847929,2.176056,-0.412764,0.887762,2.161022,-0.396932,0.859621,2.166969,-0.384688,0.840954,2.162712,-0.049001,0.794000,1.586460,-0.088546,0.760411,1.573976,-0.108599,0.740752,1.551642,-0.071791,0.725748,1.550824,-0.098831,0.707345,1.533773,-0.123282,0.705709,1.523361,-0.062980,0.734811,1.528497,-0.089490,0.715694,1.506693,-0.113138,0.719124,1.496001,-0.055601,0.743567,1.510695,-0.081756,0.727820,1.488974,-0.102112,0.736332,1.482640,-0.050615,0.758470,1.495482,-0.074783,0.746416,1.476816,-0.095607,0.749365,1.468189,,,
90,3.000,-0.285165,0.910831,1.786139,-0.404693,0.912786,1.776402,-0.165637,0.908877,1.795875,-0.455771,0.474643,1.711175,-0.144783,0.548386,2.057492,-0.434038,0.256604,1.357268,-0.159672,0.133566,2.026410,-0.283366,1.028051,1.787583,-0.285325,1.242261,1.796290,-0.264926,1.483440,1.814052,-0.250536,1.581253,1.846099,-0.302870,1.433674,1.821636,-0.234866,1.429379,1.801920,-0.433958,1.386663,1.875831,-0.108289,1.361965,1.762501,-0.524268,1.119100,1.943981,-0.065845,1.084920,1.683582,-0.426665,0.923816,2.123682,-0.020133,0.806064,1.673096,-0.449350,0.080625,1.327557,-0.137502,0.048622,2.182549,,,,,,,,,,-0.406456,0.927644,2.137845,-0.372309,0.902024,2.169870,-0.358428,0.876419,2.190819,-0.388776,0.882820,2.202078,-0.371288,0.853580,2.216213,-0.356287,0.831649,2.217894,-0.408758,0.867673,2.196639,-0.392367,0.833109,2.205607,-0.379627,0.810273,2.204482,-0.425325,0.855825,2.190884,-0.411103,0.821972,2.198332,-0.399871,0.802447,2.193893,-0.439971,0.845367,2.178453,-0.425855,0.816038,2.182748,-0.413796,0.797436,2.177742,-0.032687,0.788577,1.685755,-0.070594,0.752856,1.674133,-0.088578,0.731052,1.652030,-0.051736,0.717064,1.654601,-0.078432,0.697748,1.638024,-0.102582,0.695616,1.627017,-0.042103,0.724647,1.632062,-0.067897,0.704124,1.610683,-0.091172,0.706910,1.599028,-0.034114,0.732231,1.613988,-0.059654,0.714907,1.592741,-0.079863,0.722880,1.585328,-0.028816,0.746063,1.597894,-0.052396,0.732258,1.579694,-0.073066,0.734347,1.570466,,,
91,3.033,-0.280017,0.914457,1.841174,-0.399751,0.916139,1.834360,-0.160282,0.912776,1.847988,-0.462127,0.474759,1.845595,-0.135657,0.539756,2.091057,-0.441560,0.286818,1.474760,-0.156863,0.128390,2.031125,-0.278460,1.031678,1.842755,-0.281701,1.245786,1.853387,-0.264118,1.486934,1.874301,-0.250350,1.584539,1.907244,-0.301746,1.436726,1.880396,-0.233238,1.433303,1.862324,-0.433624,1.387810,1.930864,-0.105873,1.366135,1.825081,-0.515770,1.114177,1.983466,-0.056803,1.086334,1.761151,-0.451185,0.887768,2.140063,-0.008993,0.807969,1.774850,-0.459399,0.114351,1.429783,-0.132210,0.043825,2.187096,,,,,,,,,,-0.432010,0.887753,2.156062,-0.401586,0.854743,2.184919,-0.390015,0.825212,2.201687,-0.421321,0.830816,2.211664,-0.406133,0.798488,2.220875,-0.392200,0.775866,2.219168,-0.441427,0.818089,2.202071,-0.427376,0.781527,2.205157,-0.415647,0.758612,2.200420,-0.457970,0.808466,2.193032,-0.445732,0.773086,2.194517,-0.435005,0.754212,2.187046,-0.472016,0.801345,2.177854,-0.459962,0.770814,2.177118,-0.448625,0.752738,2.169294,-0.020319,0.791312,1.789611,-0.055757,0.752019,1.782666,-0.072223,0.726614,1.763409,-0.034566,0.715496,1.767325,-0.060590,0.693209,1.753664,-0.084793,0.688778,1.743488,-0.025505,0.720975,1.743956,-0.050713,0.697153,1.725498,-0.074268,0.697721,1.714089,-0.018075,0.726875,1.725035,-0.043048,0.706054,1.706415,-0.063739,0.712202,1.698601,-0.013748,0.739019,1.707366,-0.036791,0.721998,1.691331,-0.057672,0.721935,1.682345,,,
92,3.067,-0.277303,0.922626,1.894974,-0.397136,0.923919,1.890091,-0.157469,0.921334,1.899857,-0.462258,0.489899,1.968946,-0.135419,0.531592,2.115374,-0.438283,0.296557,1.601104,-0.155368,0.123176,2.037515,-0.276110,1.039849,1.896740,-0.279809,1.253832,1.909526,-0.264698,1.494682,1.935247,-0.252842,1.591882,1.970075,-0.302270,1.444182,1.938707,-0.232960,1.441423,1.923868,-0.435770,1.392902,1.982060,-0.103614,1.375312,1.891940,-0.509778,1.114359,2.018480,-0.048816,1.093407,1.843871,-0.480084,0.862912,2.144367,-0.002303,0.817358,1.883793,-0.461546,0.120792,1.575576,-0.129694,0.038773,2.193410,,,,,,,,,,-0.461328,0.857805,2.160044,-0.433123,0.816984,2.179695,-0.422878,0.783762,2.188555,-0.454555,0.787951,2.199059,-0.440723,0.753756,2.199217,-0.427608,0.731913,2.191492,-0.474967,0.779153,2.186243,-0.462580,0.742538,2.179198,-0.451779,0.721292,2.168378,-0.491695,0.773030,2.174813,-0.480956,0.738073,2.166662,-0.470870,0.721487,2.154404,-0.505667,0.770787,2.158135,-0.495380,0.740915,2.149202,-0.484935,0.724996,2.136795,-0.012159,0.802450,1.901234,-0.045084,0.760450,1.901390,-0.060656,0.731381,1.887252,-0.021898,0.723409,1.890966,-0.046352,0.697393,1.881706,-0.070336,0.689660,1.873108,-0.013767,0.725852,1.866754,-0.037707,0.697912,1.852977,-0.061507,0.695185,1.842421,-0.007187,0.729280,1.846931,-0.030850,0.704166,1.832329,-0.052062,0.707608,1.824258,-0.004084,0.738867,1.827518,-0.025950,0.718080,1.814573,-0.046854,0.715234,1.806106,,,
93,3.100,-0.278700,0.935678,1.948552,-0.398559,0.936741,1.944295,-0.158840,0.934615,1.952809,-0.465897,0.516432,2.077104,-0.144796,0.526129,2.131062,-0.432808,0.284430,1.733092,-0.156650,0.119348,2.043582,-0.277730,1.052900,1.950518,-0.280875,1.266816,1.964506,-0.268098,1.507404,1.993712,-0.259071,1.604259,2.030305,-0.305626,1.456759,1.994480,-0.235578,1.454370,1.983557,-0.440907,1.403781,2.029462,-0.104005,1.389465,1.959138,-0.508613,1.121729,2.045343,-0.044716,1.105911,1.929705,-0.506868,0.854628,2.138129,-0.005522,0.834269,1.997784,-0.453340,0.106516,1.736409,-0.131556,0.035084,2.199646,,,,,,,,,,-0.488672,0.844968,2.152244,-0.462150,0.799496,2.161008,-0.452520,0.764937,2.161381,-0.484886,0.767162,2.171723,-0.471837,0.733758,2.163091,-0.459028,0.714368,2.150100,-0.505205,0.762717,2.156700,-0.493660,0.728906,2.140351,-0.483189,0.710963,2.124430,-0.521802,0.760365,2.143778,-0.511757,0.728514,2.126797,-0.501795,0.715480,2.110736,-0.535401,0.763033,2.126856,-0.525955,0.736245,2.110389,-0.515778,0.723852,2.094285,-0.015427,0.822144,2.017239,-0.047182,0.779735,2.023646,-0.061747,0.748258,2.014457,-0.022722,0.742227,2.020017,-0.045243,0.713445,2.015025,-0.068443,0.702774,2.007485,-0.014019,0.740892,1.995918,-0.036330,0.709879,1.986749,-0.059684,0.704192,1.976378,-0.007011,0.741203,1.975948,-0.028844,0.712689,1.965265,-0.049899,0.713526,1.956158,-0.003656,0.747544,1.955286,-0.024090,0.723943,1.945124,-0.044472,0.718725,1.936514,,,
94,3.133,-0.283821,0.951616,2.000419,-0.403676,0.952487,1.995982,-0.163967,0.950745,2.004855,-0.470395,0.546660,2.168278,-0.158501,0.525034,2.137418,-0.430480,0.258447,1.870615,-0.160625,0.118512,2.047982,-0.283040,1.068839,2.002331,-0.285274,1.282670,2.017729,-0.274743,1.523108,2.048999,-0.268716,1.619793,2.086642,-0.312103,1.472353,2.047560,-0.241585,1.470229,2.040182,-0.448823,1.418504,2.074751,-0.108239,1.406525,2.023421,-0.512627,1.135216,2.066573,-0.045551,1.122366,2.013067,-0.531333,0.859337,2.125697,-0.018659,0.857404,2.108107,-0.450337,0.085561,1.913068,-0.137497,0.034153,2.204299,,,,,,,,,,-0.513901,0.846310,2.137948,-0.488271,0.799509,2.137060,-0.478313,0.765703,2.130342,-0.511801,0.766048,2.139030,-0.498731,0.734636,2.124780,-0.485415,0.717827,2.109001,-0.531454,0.765606,2.122543,-0.519726,0.735628,2.100016,-0.508790,0.721101,2.081188,-0.547466,0.766640,2.108739,-0.537359,0.738669,2.085953,-0.526940,0.728921,2.067965,-0.560247,0.773418,2.092335,-0.550820,0.750817,2.070466,-0.540317,0.742158,2.052268,-0.030719,0.848356,2.128015,-0.063112,0.807019,2.137493,-0.076644,0.774271,2.131851,-0.038506,0.769780,2.142603,-0.059551,0.739570,2.140356,-0.081489,0.726730,2.132432,-0.027158,0.764787,2.120141,-0.048021,0.732078,2.113937,-0.070028,0.724089,2.102225,-0.017951,0.762045,2.101280,-0.037879,0.731383,2.093123,-0.057739,0.729950,2.081700,-0.012281,0.765094,2.080377,-0.031085,0.739635,2.071655,-0.050204,0.732558,2.061598,,,
95,3.167,-0.290549,0.966679,2.055853,-0.410379,0.967243,2.050766,-0.170718,0.966114,2.060939,-0.473222,0.572112,2.247628,-0.170418,0.527505,2.141277,-0.435055,0.224025,2.022590,-0.165814,0.119979,2.056632,-0.290059,1.083910,2.057326,-0.291601,1.297581,2.074882,-0.283534,1.537892,2.107809,-0.280164,1.634556,2.145838,-0.320541,1.486954,2.104708,-0.249787,1.485236,2.099951,-0.457857,1.431742,2.125384,-0.115106,1.423102,2.088966,-0.518821,1.150078,2.088798,-0.048462,1.139712,2.094696,-0.549031,0.870108,2.114478,-0.035906,0.883272,2.213191,-0.459931,0.068931,2.108689,-0.145045,0.035231,2.213070,,,,,,,,,,-0.532282,0.855004,2.125200,-0.506128,0.809164,2.117286,-0.494976,0.777201,2.105404,-0.529363,0.775949,2.111443,-0.515426,0.746325,2.094447,-0.500947,0.731377,2.077843,-0.547906,0.778614,2.093913,-0.534909,0.752017,2.068079,-0.522807,0.740174,2.048119,-0.563005,0.782224,2.079526,-0.552020,0.757575,2.053536,-0.540695,0.750261,2.034951,-0.574777,0.791959,2.063873,-0.564373,0.773457,2.038825,-0.552981,0.768038,2.019921,-0.050734,0.877070,2.232304,-0.084387,0.837085,2.243104,-0.097218,0.803675,2.240552,-0.060978,0.801390,2.257106,-0.081169,0.770522,2.256920,-0.101665,0.755874,2.248299,-0.046572,0.793317,2.237470,-0.066358,0.759604,2.233531,-0.086505,0.749448,2.220253,-0.034787,0.787970,2.220721,-0.053167,0.755880,2.214703,-0.071183,0.752173,2.200968,-0.026177,0.787994,2.200614,-0.043453,0.761100,2.193128,-0.060880,0.752187,2.181568,,,
96,3.200,-0.296191,0.977593,2.098916,-0.416073,0.978527,2.095294,-0.176310,0.976660,2.102539,-0.470182,0.586562,2.300888,-0.178481,0.531756,2.132351,-0.437125,0.191464,2.174128,-0.172005,0.125515,2.041857,-0.295368,1.094795,2.101857,-0.296457,1.308368,2.120601,-0.292476,1.548879,2.152811,-0.291517,1.645683,2.190620,-0.328707,1.497442,2.148891,-0.257832,1.496649,2.146086,-0.466395,1.441263,2.163633,-0.121858,1.436698,2.139990,-0.524231,1.163372,2.101817,-0.046309,1.156355,2.161993,-0.557164,0.882548,2.104725,-0.042154,0.910259,2.301205,-0.465638,0.065180,2.297924,-0.150867,0.041610,2.198699,,,,,,,,,,-0.540753,0.867256,2.115702,-0.511540,0.823570,2.106422,-0.497342,0.793394,2.093193,-0.532287,0.790058,2.095299,-0.515291,0.762360,2.077847,-0.498463,0.749281,2.061892,-0.549155,0.793541,2.076283,-0.532496,0.769670,2.049893,-0.517970,0.759976,2.030397,-0.562955,0.797819,2.060816,-0.548557,0.775721,2.034205,-0.535241,0.770310,2.016302,-0.573654,0.808457,2.044980,-0.560134,0.792658,2.019571,-0.546807,0.789382,2.001456,-0.058498,0.904255,2.319106,-0.092642,0.864160,2.327742,-0.105093,0.830638,2.324812,-0.070232,0.828924,2.344310,-0.090261,0.797986,2.342818,-0.109899,0.783145,2.332666,-0.054157,0.820644,2.326108,-0.073509,0.786844,2.320947,-0.092433,0.776488,2.306118,-0.040957,0.815116,2.310513,-0.058668,0.782855,2.303485,-0.075451,0.778869,2.288338,-0.030678,0.814870,2.291209,-0.047199,0.787787,2.282760,-0.063580,0.778632,2.269930,,,
97,3.233,-0.300427,0.980156,2.151418,-0.420328,0.980288,2.148392,-0.180525,0.980023,2.154445,-0.461933,0.580951,2.342381,-0.180023,0.534166,2.147828,-0.439177,0.165325,2.342436,-0.175542,0.131136,2.043855,-0.300406,1.097318,2.155729,-0.300110,1.310805,2.175454,-0.300515,1.551431,2.207040,-0.301779,1.648399,2.244418,-0.335885,1.499490,2.202051,-0.264952,1.499666,2.201655,-0.473628,1.442118,2.210227,-0.127358,1.443203,2.201718,-0.524401,1.169310,2.124276,-0.040265,1.168169,2.241148,-0.556949,0.889138,2.104291,-0.049318,0.936779,2.403436,-0.472564,0.076614,2.494429,-0.153336,0.047572,2.200732,,,,,,,,,,-0.541118,0.873735,2.115942,-0.509369,0.831769,2.107062,-0.492640,0.803019,2.093618,-0.527512,0.798362,2.091829,-0.507824,0.772394,2.074548,-0.489004,0.760913,2.059622,-0.542508,0.802497,2.071426,-0.522310,0.780932,2.045527,-0.505501,0.772996,2.027100,-0.554844,0.807299,2.054910,-0.536973,0.787455,2.028631,-0.521722,0.783655,2.011896,-0.564317,0.818573,2.038738,-0.547632,0.804902,2.013986,-0.532397,0.803250,1.997203,-0.067433,0.931045,2.419641,-0.101669,0.890586,2.425887,-0.113669,0.856892,2.423052,-0.080652,0.856368,2.446028,-0.100345,0.825349,2.442781,-0.118631,0.810249,2.430675,-0.062541,0.847814,2.429995,-0.080991,0.813743,2.423487,-0.098045,0.802898,2.406848,-0.047618,0.842037,2.416141,-0.064364,0.809521,2.408008,-0.079358,0.805089,2.391201,-0.035275,0.841358,2.398097,-0.050869,0.814009,2.388788,-0.065835,0.804457,2.374591,,,
98,3.267,-0.303693,0.974049,2.201005,-0.423563,0.970640,2.198751,-0.183823,0.977459,2.203260,-0.456575,0.576434,2.404530,-0.173824,0.532249,2.180444,-0.451313,0.172044,2.503042,-0.172667,0.138526,2.045371,-0.307122,1.091125,2.206228,-0.304029,1.304584,2.226009,-0.309689,1.545254,2.256742,-0.312747,1.642376,2.293613,-0.343964,1.492706,2.250597,-0.273079,1.494087,2.252880,-0.481270,1.433763,2.252672,-0.134117,1.441560,2.259998,-0.520988,1.166516,2.145943,-0.034910,1.174485,2.320104,-0.549764,0.888330,2.104233,-0.053213,0.957283,2.500239,-0.487572,0.122808,2.671408,-0.150466,0.052359,2.200833,,,,,,,,,,-0.534968,0.872682,2.116875,-0.501478,0.831752,2.109722,-0.482607,0.803958,2.097132,-0.517058,0.798778,2.091088,-0.495091,0.773933,2.074939,-0.474530,0.763442,2.061673,-0.529799,0.803597,2.069346,-0.506435,0.783581,2.044908,-0.487546,0.776777,2.028116,-0.540342,0.808948,2.051791,-0.519248,0.790681,2.026788,-0.502170,0.787938,2.011691,-0.548228,0.820797,2.035183,-0.528572,0.808598,2.011886,-0.511525,0.808001,1.996868,-0.072953,0.952174,2.514656,-0.107008,0.911397,2.519705,-0.118930,0.877592,2.518133,-0.087854,0.879058,2.544313,-0.106909,0.847732,2.540291,-0.123542,0.831865,2.526855,-0.067902,0.869923,2.531019,-0.085105,0.835221,2.524429,-0.099989,0.823158,2.506589,-0.051410,0.863623,2.519342,-0.066956,0.830515,2.511216,-0.079913,0.824991,2.493090,-0.037089,0.862079,2.502882,-0.051639,0.834134,2.493653,-0.065009,0.823663,2.478541,,,
99,3.300,-0.306693,0.962253,2.256392,-0.426434,0.955375,2.255722,-0.186952,0.969131,2.257063,-0.454141,0.574978,2.486727,-0.167536,0.525704,2.214307,-0.472247,0.189584,2.642955,-0.169516,0.144028,2.048225,-0.313441,1.079159,2.262132,-0.308998,1.292699,2.280762,-0.319186,1.533409,2.309977,-0.323501,1.630669,2.346354,-0.352469,1.480318,2.303087,-0.281715,1.482781,2.307508,-0.489474,1.420720,2.300094,-0.142547,1.432246,2.321607,-0.518225,1.159048,2.177249,-0.034706,1.174768,2.404427,-0.543328,0.884266,2.115445,-0.061020,0.969868,2.597517,-0.510360,0.181069,2.817772,-0.147065,0.054476,2.201726,,,,,,,,,,-0.529665,0.868054,2.128640,-0.495041,0.827885,2.122674,-0.474623,0.801018,2.110490,-0.508181,0.795888,2.100747,-0.483978,0.772800,2.085198,-0.461907,0.763794,2.073342,-0.518724,0.801822,2.078122,-0.492535,0.783891,2.054962,-0.471894,0.778556,2.039777,-0.527512,0.808069,2.059908,-0.503454,0.791998,2.036103,-0.484843,0.790642,2.022727,-0.533845,0.820772,2.043268,-0.511705,0.810349,2.021378,-0.493230,0.810934,2.008156,-0.081920,0.965575,2.610495,-0.115481,0.924495,2.616323,-0.126998,0.890521,2.617057,-0.098080,0.895182,2.645584,-0.116206,0.863201,2.642543,-0.131222,0.845848,2.629040,-0.076793,0.885411,2.635113,-0.092614,0.849779,2.630251,-0.105497,0.835740,2.612300,-0.059158,0.878516,2.625655,-0.073359,0.844456,2.619167,-0.084459,0.837034,2.600494,-0.043330,0.875839,2.610799,-0.056653,0.846850,2.603055,-0.068478,0.834722,2.587894,,,
100,3.333,-0.310575,0.947077,2.315351,-0.430225,0.938873,2.316821,-0.190925,0.955281,2.313882,-0.454603,0.578783,2.578687,-0.166495,0.515284,2.245776,-0.484395,0.202964,2.755140,-0.170463,0.147643,2.050616,-0.318507,1.063881,2.321644,-0.315126,1.277536,2.339127,-0.327281,1.518317,2.366980,-0.332260,1.615733,2.402851,-0.360117,1.464990,2.359774,-0.289466,1.467909,2.365411,-0.497173,1.405862,2.352636,-0.150901,1.417607,2.385145,-0.518131,1.148155,2.220205,-0.038086,1.169384,2.487330,-0.542139,0.877678,2.141333,-0.068363,0.973119,2.688637,-0.522252,0.228249,2.928384,-0.146765,0.056293,2.202865,,,,,,,,,,-0.529217,0.860799,2.154440,-0.494010,0.821146,2.148437,-0.472535,0.795018,2.136465,-0.505528,0.790382,2.123980,-0.479172,0.770479,2.107552,-0.456044,0.764072,2.096028,-0.514674,0.797538,2.101101,-0.486287,0.782710,2.078341,-0.464517,0.779525,2.064163,-0.522346,0.804764,2.082747,-0.495868,0.791781,2.059636,-0.476284,0.792329,2.047666,-0.527712,0.818358,2.066473,-0.503826,0.809818,2.045629,-0.484470,0.811605,2.033855,-0.089836,0.969038,2.700713,-0.122187,0.927226,2.708004,-0.132077,0.892851,2.710825,-0.105533,0.901103,2.740538,-0.122295,0.868282,2.738985,-0.135824,0.849349,2.726044,-0.083316,0.891396,2.732143,-0.097432,0.854836,2.729375,-0.108653,0.838890,2.711908,-0.064907,0.884486,2.724309,-0.077452,0.849475,2.719761,-0.087116,0.840178,2.701129,-0.048128,0.881268,2.710653,-0.059985,0.851238,2.704702,-0.070485,0.837432,2.690007,,,
101,3.367,-0.315528,0.933230,2.376727,-0.435165,0.925282,2.379811,-0.195892,0.941177,2.373643,-0.459171,0.567938,2.645445,-0.170882,0.506550,2.277174,-0.482294,0.191811,2.822243,-0.173004,0.153344,2.056937,-0.323123,1.050049,2.383143,-0.321849,1.263733,2.400558,-0.335061,1.504440,2.428567,-0.340991,1.601885,2.464214,-0.367631,1.451066,2.420551,-0.297126,1.454105,2.427735,-0.504203,1.391493,2.409132,-0.159032,1.404573,2.452164,-0.518794,1.134546,2.274390,-0.044556,1.161970,2.565400,-0.542290,0.868059,2.182807,-0.073061,0.968952,2.770076,-0.515144,0.212644,2.997094,-0.148756,0.055885,2.205261,,,,,,,,,,-0.529508,0.850559,2.195216,-0.493960,0.811466,2.187726,-0.472156,0.786155,2.174646,-0.504848,0.782017,2.161431,-0.477744,0.764220,2.143845,-0.454338,0.759412,2.132104,-0.513620,0.790357,2.138809,-0.484452,0.777678,2.115740,-0.462340,0.775906,2.101846,-0.521002,0.798530,2.120734,-0.493681,0.787608,2.097539,-0.473827,0.789320,2.086137,-0.526154,0.812959,2.105124,-0.501653,0.805780,2.084481,-0.482020,0.808360,2.073329,-0.094787,0.965082,2.781765,-0.126161,0.922924,2.791056,-0.134862,0.888468,2.795998,-0.109827,0.899682,2.825860,-0.125621,0.866350,2.826102,-0.138194,0.846177,2.814104,-0.087088,0.890088,2.818849,-0.100011,0.852989,2.818334,-0.110190,0.835492,2.801734,-0.068250,0.883205,2.812084,-0.079672,0.847606,2.809608,-0.088465,0.836774,2.791379,-0.050958,0.879543,2.799201,-0.061791,0.848825,2.795094,-0.071439,0.833703,2.781128,,,
102,3.400,-0.321493,0.920988,2.440832,-0.441247,0.915036,2.443862,-0.201740,0.926940,2.437802,-0.462819,0.549228,2.697932,-0.180496,0.500088,2.310608,-0.475880,0.165940,2.859744,-0.175824,0.161356,2.068734,-0.327200,1.038011,2.445173,-0.328405,1.251867,2.460327,-0.343641,1.492677,2.486353,-0.351451,1.590353,2.520991,-0.375693,1.439085,2.477722,-0.305449,1.442534,2.486978,-0.511137,1.377567,2.463521,-0.167544,1.394907,2.515860,-0.522901,1.117884,2.333845,-0.052558,1.153301,2.630701,-0.546547,0.852137,2.240172,-0.073389,0.956948,2.833117,-0.499614,0.149179,3.036497,-0.150601,0.051584,2.208019,,,,,,,,,,-0.533700,0.833888,2.251378,-0.499383,0.794364,2.240975,-0.478848,0.769218,2.225705,-0.511962,0.766220,2.214014,-0.485985,0.748675,2.194572,-0.463192,0.743923,2.181661,-0.521411,0.775636,2.192098,-0.493438,0.763172,2.167483,-0.471908,0.761417,2.152702,-0.529298,0.784675,2.174660,-0.503114,0.774092,2.150039,-0.483667,0.775819,2.137959,-0.534717,0.799818,2.159837,-0.511088,0.792805,2.138146,-0.491774,0.795302,2.126433,-0.095070,0.953183,2.844922,-0.125569,0.910860,2.856169,-0.133122,0.876400,2.862717,-0.108871,0.889694,2.892105,-0.123780,0.856044,2.894556,-0.135861,0.834827,2.883934,-0.085906,0.880263,2.885631,-0.097870,0.842877,2.887301,-0.107590,0.824177,2.871772,-0.066900,0.873467,2.879260,-0.077315,0.837478,2.878844,-0.085766,0.825374,2.861265,-0.049485,0.869557,2.866616,-0.059233,0.838302,2.864188,-0.068294,0.822131,2.851028,,,
103,3.433,-0.328629,0.911081,2.508079,-0.448477,0.906520,2.509176,-0.208780,0.915643,2.506983,-0.465400,0.531964,2.750535,-0.191179,0.500738,2.344574,-0.471316,0.139428,2.888896,-0.175119,0.175113,2.085780,-0.333060,1.028204,2.510951,-0.336789,1.242301,2.521652,-0.352920,1.483684,2.540957,-0.363286,1.581940,2.573202,-0.384680,1.429839,2.532840,-0.314723,1.433631,2.543950,-0.519342,1.366979,2.517151,-0.177177,1.387355,2.576507,-0.533224,1.102423,2.397956,-0.064699,1.142295,2.686409,-0.559138,0.833458,2.314643,-0.076441,0.937408,2.880943,-0.493897,0.081577,3.056912,-0.148600,0.043776,2.204665,,,,,,,,,,-0.546207,0.814694,2.324858,-0.513852,0.774256,2.311977,-0.495322,0.748806,2.294769,-0.528941,0.746825,2.285574,-0.504759,0.728810,2.264329,-0.482974,0.723573,2.249949,-0.539417,0.756780,2.264374,-0.513282,0.743755,2.238086,-0.492695,0.741520,2.222078,-0.548072,0.766258,2.247544,-0.523705,0.755199,2.221319,-0.504959,0.756487,2.208127,-0.553912,0.781730,2.233231,-0.531711,0.774113,2.210272,-0.512980,0.776048,2.197549,-0.098089,0.933774,2.892850,-0.128437,0.891551,2.904858,-0.135091,0.857008,2.911918,-0.111609,0.871039,2.941111,-0.125919,0.837342,2.945616,-0.137856,0.815408,2.936377,-0.088626,0.861571,2.934752,-0.100103,0.824152,2.938168,-0.109766,0.804669,2.923597,-0.069611,0.854728,2.928459,-0.079361,0.818568,2.929565,-0.087709,0.805615,2.912551,-0.052208,0.850661,2.915851,-0.061128,0.819101,2.914368,-0.069787,0.802365,2.901651,,,
104,3.467,-0.338374,0.904970,2.572327,-0.458260,0.901588,2.571145,-0.218488,0.908352,2.573509,-0.479336,0.531312,2.818702,-0.192794,0.492490,2.414665,-0.476834,0.125827,2.912717,-0.171306,0.193125,2.126252,-0.341695,1.022155,2.573847,-0.348530,1.236312,2.581321,-0.362423,1.478276,2.593930,-0.374845,1.577155,2.623427,-0.394635,1.424547,2.586906,-0.324771,1.427948,2.598704,-0.529501,1.362055,2.571498,-0.187905,1.380900,2.632971,-0.551879,1.092843,2.464662,-0.081305,1.127941,2.730089,-0.584540,0.819877,2.398495,-0.084057,0.910251,2.910544,-0.500289,0.038127,3.067134,-0.144141,0.033821,2.203522,,,,,,,,,,-0.571548,0.801397,2.409141,-0.540032,0.760046,2.397110,-0.522518,0.733786,2.380056,-0.556162,0.731723,2.372313,-0.532743,0.712825,2.350981,-0.511449,0.706935,2.336126,-0.567106,0.740910,2.351004,-0.541725,0.726602,2.324643,-0.521553,0.723539,2.308248,-0.576114,0.749781,2.334029,-0.552504,0.737384,2.307709,-0.534077,0.737914,2.294025,-0.582170,0.764710,2.319236,-0.560400,0.755605,2.296408,-0.541829,0.756576,2.283345,-0.105710,0.906903,2.922526,-0.136919,0.865170,2.934030,-0.144611,0.830746,2.940600,-0.120338,0.843694,2.969837,-0.134970,0.810237,2.975043,-0.147368,0.788340,2.966338,-0.097610,0.833826,2.963179,-0.109606,0.796602,2.966937,-0.119775,0.777142,2.952682,-0.078789,0.826667,2.956656,-0.088951,0.790626,2.957942,-0.097636,0.777725,2.941057,-0.061556,0.822424,2.943874,-0.070783,0.790963,2.942183,-0.079678,0.774351,2.929466,,,
105,3.500,-0.349601,0.902322,2.633471,-0.469473,0.899554,2.630543,-0.229729,0.905090,2.636400,-0.499808,0.542591,2.896043,-0.181628,0.475407,2.527354,-0.484066,0.127123,2.916084,-0.162985,0.219023,2.199965,-0.352312,1.019532,2.633650,-0.359788,1.233720,2.639425,-0.373720,1.475848,2.648308,-0.387438,1.575060,2.676062,-0.405932,1.422008,2.642181,-0.336046,1.425609,2.653788,-0.540596,1.358464,2.629559,-0.199120,1.378488,2.687715,-0.571972,1.084919,2.536940,-0.094411,1.117658,2.763791,-0.609258,0.807986,2.493663,-0.084436,0.884939,2.924112,-0.510124,0.039704,3.070243,-0.144526,0.041026,2.207858,,,,,,,,,,-0.596255,0.790604,2.506010,-0.565249,0.747922,2.497953,-0.548750,0.720049,2.482525,-0.581970,0.717306,2.476498,-0.559248,0.696083,2.456650,-0.538381,0.688449,2.441984,-0.593156,0.724308,2.454495,-0.568258,0.707101,2.429440,-0.548347,0.702162,2.413186,-0.602345,0.731433,2.436810,-0.579336,0.715988,2.411595,-0.561147,0.714804,2.397635,-0.608502,0.744784,2.420616,-0.586824,0.732853,2.399036,-0.568247,0.732051,2.385969,-0.105757,0.880960,2.936490,-0.136691,0.838674,2.946636,-0.144801,0.804089,2.951677,-0.119162,0.815349,2.980796,-0.133499,0.781622,2.984985,-0.146088,0.760061,2.975734,-0.096637,0.805848,2.973008,-0.108345,0.768437,2.975638,-0.118883,0.749455,2.961011,-0.078011,0.799047,2.965605,-0.088048,0.762948,2.965499,-0.097189,0.750795,2.948303,-0.061139,0.795485,2.952149,-0.070347,0.764114,2.949168,-0.079557,0.748086,2.935937,,,
