frame_id,landmark,x,y,z,visibility,image_path
9,NOSE,0.07861538231372833,0.6701290011405945,-0.187123104929924,0.9751361608505249,CapturedFrames_1.0_0.5_-3.0/video.mp4#frame=9
9,LEFT_EYE_INNER,0.08795285224914551,0.6744104623794556,-0.17477409541606903,0.9553279876708984,CapturedFrames_1.0_0.5_-3.0/video.mp4#frame=9
9,LEFT_EYE,0.08774054050445557,0.6809118390083313,-0.17488126456737518,0.9489099979400635,CapturedFrames_1.0_0.5_-3.0/video.mp4#frame=9
9,LEFT_EYE_OUTER,0.08741413056850433,0.686803936958313,-0.17495109140872955,0.9523939490318298,CapturedFrames_1.0_0.5_-3.0/video.mp4#frame=9
9,RIGHT_EYE_INNER,0.08725123107433319,0.6586597561836243,-0.17516258358955383,0.9605196118354797,CapturedFrames_1.0_0.5_-3.0/video.mp4#frame=9
9,RIGHT_EYE,0.08657708764076233,0.6548847556114197,-0.1751558631658554,0.9607605338096619,CapturedFrames_1.0_0.5_-3.0/video.mp4#frame=9
9,RIGHT_EYE_OUTER,0.085751473903656,0.6516608595848083,-0.17534981667995453,0.9696207642555237,CapturedFrames_1.0_0.5_-3.0/video.mp4#frame=9
9,LEFT_EAR,0.0835418850183487,0.6966333389282227,-0.10343847423791885,0.9299975633621216,CapturedFrames_1.0_0.5_-3.0/video.mp4#frame=9
9,RIGHT_EAR,0.08062402904033661,0.6558256149291992,-0.10153049230575562,0.9557722210884094,CapturedFrames_1.0_0.5_-3.0/video.mp4#frame=9
9,MOUTH_LEFT,0.06915320456027985,0.6895143985748291,-0.16107161343097687,0.9806313514709473,CapturedFrames_1.0_0.5_-3.0/video.mp4#frame=9
9,MOUTH_RIGHT,0.06891041994094849,0.6681746244430542,-0.1605357825756073,0.9842818379402161,CapturedFrames_1.0_0.5_-3.0/video.mp4#frame=9
9,LEFT_SHOULDER,0.0331326425075531,0.7385351657867432,-0.06708229333162308,0.923454999923706,CapturedFrames_1.0_0.5_-3.0/video.mp4#frame=9
9,RIGHT_SHOULDER,0.01820814609527588,0.6357232332229614,-0.06810442358255386,0.9719584584236145,CapturedFrames_1.0_0.5_-3.0/video.mp4#frame=9
9,LEFT_ELBOW,-0.004066780209541321,0.7762011885643005,-0.06601960957050323,0.10811404883861542,CapturedFrames_1.0_0.5_-3.0/video.mp4#frame=9
9,RIGHT_ELBOW,-0.04280546307563782,0.6117204427719116,-0.053934890776872635,0.30051711201667786,CapturedFrames_1.0_0.5_-3.0/video.mp4#frame=9
9,LEFT_WRIST,-0.06205128878355026,0.8027632236480713,-0.13434217870235443,0.01164226233959198,CapturedFrames_1.0_0.5_-3.0/video.mp4#frame=9
9,RIGHT_WRIST,-0.08430066704750061,0.6233147978782654,-0.12138833105564117,0.031434934586286545,CapturedFrames_1.0_0.5_-3.0/video.mp4#frame=9
9,LEFT_PINKY,-0.07564358413219452,0.8138328790664673,-0.1531953364610672,0.016034390777349472,CapturedFrames_1.0_0.5_-3.0/video.mp4#frame=9
9,RIGHT_PINKY,-0.09919813275337219,0.6244913339614868,-0.1418042927980423,0.03542517125606537,CapturedFrames_1.0_0.5_-3.0/video.mp4#frame=9
9,LEFT_INDEX,-0.0767996609210968,0.8008711338043213,-0.1652958244085312,0.02321130968630314,CapturedFrames_1.0_0.5_-3.0/video.mp4#frame=9
9,RIGHT_INDEX,-0.0972605049610138,0.6309773921966553,-0.16055265069007874,0.05622506141662598,CapturedFrames_1.0_0.5_-3.0/video.mp4#frame=9
9,LEFT_THUMB,-0.07170059531927109,0.7933164238929749,-0.14250513911247253,0.023617183789610863,CapturedFrames_1.0_0.5_-3.0/video.mp4#frame=9
9,RIGHT_THUMB,-0.09138274192810059,0.6327431201934814,-0.13171343505382538,0.058868158608675,CapturedFrames_1.0_0.5_-3.0/video.mp4#frame=9
9,LEFT_HIP,-0.07595295459032059,0.7593317627906799,-0.015836067497730255,0.002605284797027707,CapturedFrames_1.0_0.5_-3.0/video.mp4#frame=9
9,RIGHT_HIP,-0.08330509066581726,0.6708673238754272,0.016488390043377876,0.0031973759178072214,CapturedFrames_1.0_0.5_-3.0/video.mp4#frame=9
9,LEFT_KNEE,-0.16116532683372498,0.7740964889526367,0.0018408881733193994,0.006159483455121517,CapturedFrames_1.0_0.5_-3.0/video.mp4#frame=9
9,RIGHT_KNEE,-0.16844792664051056,0.6902962327003479,0.029096204787492752,0.0051612877286970615,CapturedFrames_1.0_0.5_-3.0/video.mp4#frame=9
9,LEFT_ANKLE,-0.23565049469470978,0.7928266525268555,0.13842123746871948,0.0008992600487545133,CapturedFrames_1.0_0.5_-3.0/video.mp4#frame=9
9,RIGHT_ANKLE,-0.2441490888595581,0.708662211894989,0.13082197308540344,0.000642443890683353,CapturedFrames_1.0_0.5_-3.0/video.mp4#frame=9
9,LEFT_HEEL,-0.24745745956897736,0.797484278678894,0.14550913870334625,0.00022262406127993017,CapturedFrames_1.0_0.5_-3.0/video.mp4#frame=9
9,RIGHT_HEEL,-0.25619614124298096,0.7094462513923645,0.13725560903549194,0.0011167580960318446,CapturedFrames_1.0_0.5_-3.0/video.mp4#frame=9
9,LEFT_FOOT_INDEX,-0.25850388407707214,0.7905108332633972,0.03908821940422058,0.0009257562342099845,CapturedFrames_1.0_0.5_-3.0/video.mp4#frame=9
9,RIGHT_FOOT_INDEX,-0.2659103274345398,0.7263151407241821,0.021323714405298233,0.0013427691301330924,CapturedFrames_1.0_0.5_-3.0/video.mp4#frame=9
10,NOSE,0.06132150813937187,0.7222773432731628,-0.0871710479259491,0.9552072286605835,CapturedFrames_1.0_0.5_-3.0/video.mp4#frame=10
10,LEFT_EYE_INNER,0.06794694066047668,0.7216571569442749,-0.08560680598020554,0.9370136260986328,CapturedFrames_1.0_0.5_-3.0/video.mp4#frame=10
10,LEFT_EYE,0.06844724714756012,0.7235790491104126,-0.08558911085128784,0.939706563949585,CapturedFrames_1.0_0.5_-3.0/video.mp4#frame=10
10,LEFT_EYE_OUTER,0.06890437006950378,0.7255529761314392,-0.08555327355861664,0.9395199418067932,CapturedFrames_1.0_0.5_-3.0/video.mp4#frame=10
10,RIGHT_EYE_INNER,0.07677514851093292,0.7057482600212097,-0.09213455766439438,0.9458415508270264,CapturedFrames_1.0_0.5_-3.0/video.mp4#frame=10
10,RIGHT_EYE,0.07693395018577576,0.7034757733345032,-0.09214562922716141,0.9431939125061035,CapturedFrames_1.0_0.5_-3.0/video.mp4#frame=10
10,RIGHT_EYE_OUTER,0.07675300538539886,0.7014716863632202,-0.09221956133842468,0.9436554312705994,CapturedFrames_1.0_0.5_-3.0/video.mp4#frame=10
10,LEFT_EAR,0.06861512362957001,0.7196738123893738,-0.05011177808046341,0.9222792983055115,CapturedFrames_1.0_0.5_-3.0/video.mp4#frame=10
10,RIGHT_EAR,0.06500650942325592,0.6935491561889648,-0.07914731651544571,0.9652495384216309,CapturedFrames_1.0_0.5_-3.0/video.mp4#frame=10
10,MOUTH_LEFT,0.057029806077480316,0.7223849892616272,-0.06841151416301727,0.8951284885406494,CapturedFrames_1.0_0.5_-3.0/video.mp4#frame=10
10,MOUTH_RIGHT,0.055924564599990845,0.7131990194320679,-0.077373206615448,0.9058910012245178,CapturedFrames_1.0_0.5_-3.0/video.mp4#frame=10
10,LEFT_SHOULDER,0.04096764326095581,0.7256142497062683,-0.038380276411771774,0.8415391445159912,CapturedFrames_1.0_0.5_-3.0/video.mp4#frame=10
10,RIGHT_SHOULDER,0.03204607218503952,0.6584430932998657,-0.05463594198226929,0.9150117635726929,CapturedFrames_1.0_0.5_-3.0/video.mp4#frame=10
10,LEFT_ELBOW,0.03593737632036209,0.7407134771347046,-0.06618663668632507,0.09818467497825623,CapturedFrames_1.0_0.5_-3.0/video.mp4#frame=10
10,RIGHT_ELBOW,-0.009752985090017319,0.6481640934944153,-0.05575703829526901,0.1776040643453598,CapturedFrames_1.0_0.5_-3.0/video.mp4#frame=10
10,LEFT_WRIST,0.08440479636192322,0.7119449377059937,-0.09339191764593124,0.22966524958610535,CapturedFrames_1.0_0.5_-3.0/video.mp4#frame=10
10,RIGHT_WRIST,-0.006988655775785446,0.666579008102417,-0.043550439178943634,0.24686060845851898,CapturedFrames_1.0_0.5_-3.0/video.mp4#frame=10
10,LEFT_PINKY,0.093370720744133,0.7054859399795532,-0.10237152874469757,0.30545881390571594,CapturedFrames_1.0_0.5_-3.0/video.mp4#frame=10
10,RIGHT_PINKY,-0.010551534593105316,0.6721277236938477,-0.04502275586128235,0.3253629505634308,CapturedFrames_1.0_0.5_-3.0/video.mp4#frame=10
10,LEFT_INDEX,0.09894123673439026,0.7029100656509399,-0.09786079823970795,0.31810611486434937,CapturedFrames_1.0_0.5_-3.0/video.mp4#frame=10
10,RIGHT_INDEX,-0.004966180771589279,0.669223427772522,-0.05189365893602371,0.340583473443985,CapturedFrames_1.0_0.5_-3.0/video.mp4#frame=10
10,LEFT_THUMB,0.09207147359848022,0.7053804993629456,-0.09366877377033234,0.32548561692237854,CapturedFrames_1.0_0.5_-3.0/video.mp4#frame=10
10,RIGHT_THUMB,-0.0033713914453983307,0.6684483885765076,-0.045340217649936676,0.3127966821193695,CapturedFrames_1.0_0.5_-3.0/video.mp4#frame=10
10,LEFT_HIP,-0.06397416442632675,0.7058230638504028,-0.018745677545666695,0.0331084169447422,CapturedFrames_1.0_0.5_-3.0/video.mp4#frame=10
10,RIGHT_HIP,-0.06471030414104462,0.6666746735572815,0.019070766866207123,0.035264816135168076,CapturedFrames_1.0_0.5_-3.0/video.mp4#frame=10
10,LEFT_KNEE,-0.030363673344254494,0.6891377568244934,0.005312924738973379,0.05222127214074135,CapturedFrames_1.0_0.5_-3.0/video.mp4#frame=10
10,RIGHT_KNEE,-0.029806841164827347,0.6563230752944946,0.04214014485478401,0.04311911389231682,CapturedFrames_1.0_0.5_-3.0/video.mp4#frame=10
10,LEFT_ANKLE,-0.053247056901454926,0.6746193766593933,0.12312756478786469,0.01692737452685833,CapturedFrames_1.0_0.5_-3.0/video.mp4#frame=10
10,RIGHT_ANKLE,-0.050746459513902664,0.6663177609443665,0.14271754026412964,0.012040233239531517,CapturedFrames_1.0_0.5_-3.0/video.mp4#frame=10
10,LEFT_HEEL,-0.06122807785868645,0.6702916622161865,0.13257180154323578,0.01837051846086979,CapturedFrames_1.0_0.5_-3.0/video.mp4#frame=10
10,RIGHT_HEEL,-0.05582014471292496,0.664376437664032,0.15326835215091705,0.015337440185248852,CapturedFrames_1.0_0.5_-3.0/video.mp4#frame=10
10,LEFT_FOOT_INDEX,-0.0480857789516449,0.6746963262557983,0.09830246865749359,0.032272178679704666,CapturedFrames_1.0_0.5_-3.0/video.mp4#frame=10
10,RIGHT_FOOT_INDEX,-0.04966370016336441,0.6717737317085266,0.12673331797122955,0.027229199185967445,CapturedFrames_1.0_0.5_-3.0/video.mp4#frame=10
21,NOSE,0.0969495177268982,-0.02283608913421631,-0.19092148542404175,0.9940788745880127,CapturedFrames_1.0_0.5_-3.0/video.mp4#frame=21
21,LEFT_EYE_INNER,0.09048651158809662,-0.017871931195259094,-0.17567341029644012,0.9950660467147827,CapturedFrames_1.0_0.5_-3.0/video.mp4#frame=21
21,LEFT_EYE,0.09059640765190125,-0.01898832619190216,-0.17567883431911469,0.9929916858673096,CapturedFrames_1.0_0.5_-3.0/video.mp4#frame=21
21,LEFT_EYE_OUTER,0.09073475003242493,-0.020007312297821045,-0.17567266523838043,0.9951027631759644,CapturedFrames_1.0_0.5_-3.0/video.mp4#frame=21
21,RIGHT_EYE_INNER,0.09137076139450073,-0.011997237801551819,-0.19781494140625,0.9959737658500671,CapturedFrames_1.0_0.5_-3.0/video.mp4#frame=21
21,RIGHT_EYE,0.09189845621585846,-0.00827912986278534,-0.1978573352098465,0.9947611689567566,CapturedFrames_1.0_0.5_-3.0/video.mp4#frame=21
21,RIGHT_EYE_OUTER,0.09245498478412628,-0.004689335823059082,-0.19798696041107178,0.995316743850708,CapturedFrames_1.0_0.5_-3.0/video.mp4#frame=21
21,LEFT_EAR,0.09707144647836685,-0.009247362613677979,-0.094166100025177,0.9900632500648499,CapturedFrames_1.0_0.5_-3.0/video.mp4#frame=21
21,RIGHT_EAR,0.10037173330783844,0.009523332118988037,-0.19325600564479828,0.9949033260345459,CapturedFrames_1.0_0.5_-3.0/video.mp4#frame=21
21,MOUTH_LEFT,0.10716874897480011,-0.023434162139892578,-0.15765495598316193,0.9931714534759521,CapturedFrames_1.0_0.5_-3.0/video.mp4#frame=21
21,MOUTH_RIGHT,0.10782112181186676,-0.014442682266235352,-0.18585728108882904,0.9914042949676514,CapturedFrames_1.0_0.5_-3.0/video.mp4#frame=21
21,LEFT_SHOULDER,0.1320165991783142,0.03485354036092758,0.026236871257424355,0.9979490637779236,CapturedFrames_1.0_0.5_-3.0/video.mp4#frame=21
21,RIGHT_SHOULDER,0.1556195467710495,0.01097533106803894,-0.21989333629608154,0.9986029267311096,CapturedFrames_1.0_0.5_-3.0/video.mp4#frame=21
21,LEFT_ELBOW,0.19421838223934174,0.08951490372419357,0.09295380860567093,0.024480296298861504,CapturedFrames_1.0_0.5_-3.0/video.mp4#frame=21
21,RIGHT_ELBOW,0.22010426223278046,0.056645795702934265,-0.18646517395973206,0.7362794876098633,CapturedFrames_1.0_0.5_-3.0/video.mp4#frame=21
21,LEFT_WRIST,0.23945721983909607,0.08662968128919601,0.09274693578481674,0.07213353365659714,CapturedFrames_1.0_0.5_-3.0/video.mp4#frame=21
21,RIGHT_WRIST,0.25434792041778564,0.08077624440193176,-0.09609649330377579,0.42952069640159607,CapturedFrames_1.0_0.5_-3.0/video.mp4#frame=21
21,LEFT_PINKY,0.2535988688468933,0.09453123062849045,0.0990261435508728,0.10737651586532593,CapturedFrames_1.0_0.5_-3.0/video.mp4#frame=21
21,RIGHT_PINKY,0.26463747024536133,0.09284941107034683,-0.10504486411809921,0.3959500789642334,CapturedFrames_1.0_0.5_-3.0/video.mp4#frame=21
21,LEFT_INDEX,0.2542244791984558,0.09508772194385529,0.07586938887834549,0.11060699820518494,CapturedFrames_1.0_0.5_-3.0/video.mp4#frame=21
21,RIGHT_INDEX,0.26397669315338135,0.09346793591976166,-0.10518954694271088,0.3591112196445465,CapturedFrames_1.0_0.5_-3.0/video.mp4#frame=21
21,LEFT_THUMB,0.25096023082733154,0.09215673804283142,0.08209706097841263,0.1056712344288826,CapturedFrames_1.0_0.5_-3.0/video.mp4#frame=21
21,RIGHT_THUMB,0.2588868737220764,0.09025867283344269,-0.09400288760662079,0.302155077457428,CapturedFrames_1.0_0.5_-3.0/video.mp4#frame=21
21,LEFT_HIP,0.23207728564739227,0.18739569187164307,0.08832015842199326,0.9911386370658875,CapturedFrames_1.0_0.5_-3.0/video.mp4#frame=21
21,RIGHT_HIP,0.24233779311180115,0.1791658252477646,-0.08852898329496384,0.9834682941436768,CapturedFrames_1.0_0.5_-3.0/video.mp4#frame=21
21,LEFT_KNEE,0.28031450510025024,0.34044045209884644,0.14365793764591217,0.3259856402873993,CapturedFrames_1.0_0.5_-3.0/video.mp4#frame=21
21,RIGHT_KNEE,0.28993043303489685,0.34418338537216187,-0.04456551373004913,0.8209732174873352,CapturedFrames_1.0_0.5_-3.0/video.mp4#frame=21
21,LEFT_ANKLE,0.3175351917743683,0.5032637715339661,0.24714894592761993,0.5896355509757996,CapturedFrames_1.0_0.5_-3.0/video.mp4#frame=21
21,RIGHT_ANKLE,0.32696059346199036,0.5348198413848877,0.05398496240377426,0.8877135515213013,CapturedFrames_1.0_0.5_-3.0/video.mp4#frame=21
21,LEFT_HEEL,0.3209967017173767,0.5565727949142456,0.2537500262260437,0.6282795667648315,CapturedFrames_1.0_0.5_-3.0/video.mp4#frame=21
21,RIGHT_HEEL,0.32725977897644043,0.5786640644073486,0.061258457601070404,0.8390339016914368,CapturedFrames_1.0_0.5_-3.0/video.mp4#frame=21
21,LEFT_FOOT_INDEX,0.35298120975494385,0.4935978651046753,0.20673970878124237,0.6868519186973572,CapturedFrames_1.0_0.5_-3.0/video.mp4#frame=21
21,RIGHT_FOOT_INDEX,0.3660287857055664,0.5055973529815674,-0.008415602147579193,0.8563501238822937,CapturedFrames_1.0_0.5_-3.0/video.mp4#frame=21
22,NOSE,0.13770434260368347,0.03301727771759033,-0.5043268203735352,0.8232109546661377,CapturedFrames_1.0_0.5_-3.0/video.mp4#frame=22
22,LEFT_EYE_INNER,0.13224008679389954,0.030203400179743767,-0.5018172860145569,0.806348979473114,CapturedFrames_1.0_0.5_-3.0/video.mp4#frame=22
22,LEFT_EYE,0.13328616321086884,0.02645920030772686,-0.5018497705459595,0.7886126637458801,CapturedFrames_1.0_0.5_-3.0/video.mp4#frame=22
22,LEFT_EYE_OUTER,0.13437405228614807,0.022843854501843452,-0.5019671320915222,0.8500399589538574,CapturedFrames_1.0_0.5_-3.0/video.mp4#frame=22
22,RIGHT_EYE_INNER,0.13107338547706604,0.041707687079906464,-0.5125415325164795,0.8661293387413025,CapturedFrames_1.0_0.5_-3.0/video.mp4#frame=22
22,RIGHT_EYE,0.1309731900691986,0.04674333333969116,-0.5126497745513916,0.8501856327056885,CapturedFrames_1.0_0.5_-3.0/video.mp4#frame=22
22,RIGHT_EYE_OUTER,0.13087080419063568,0.05172335356473923,-0.5128417015075684,0.8625718951225281,CapturedFrames_1.0_0.5_-3.0/video.mp4#frame=22
22,LEFT_EAR,0.14247144758701324,0.021648690104484558,-0.4243977665901184,0.7623283863067627,CapturedFrames_1.0_0.5_-3.0/video.mp4#frame=22
22,RIGHT_EAR,0.13714422285556793,0.058757491409778595,-0.4728175103664398,0.7901891469955444,CapturedFrames_1.0_0.5_-3.0/video.mp4#frame=22
22,MOUTH_LEFT,0.14938145875930786,0.027608543634414673,-0.4675602912902832,0.8415879011154175,CapturedFrames_1.0_0.5_-3.0/video.mp4#frame=22
22,MOUTH_RIGHT,0.14813873171806335,0.041960157454013824,-0.48178809881210327,0.8051978945732117,CapturedFrames_1.0_0.5_-3.0/video.mp4#frame=22
22,LEFT_SHOULDER,0.19216017425060272,0.016428858041763306,-0.26538655161857605,0.9891052842140198,CapturedFrames_1.0_0.5_-3.0/video.mp4#frame=22
22,RIGHT_SHOULDER,0.1612395942211151,0.09035876393318176,-0.3968069851398468,0.9952933192253113,CapturedFrames_1.0_0.5_-3.0/video.mp4#frame=22
22,LEFT_ELBOW,0.22949931025505066,0.06618933379650116,-0.12181495130062103,0.253633052110672,CapturedFrames_1.0_0.5_-3.0/video.mp4#frame=22
22,RIGHT_ELBOW,0.19676999747753143,0.1540079265832901,-0.3337923586368561,0.7249588966369629,CapturedFrames_1.0_0.5_-3.0/video.mp4#frame=22
22,LEFT_WRIST,0.2631901204586029,0.08740624785423279,-0.047299861907958984,0.5777934193611145,CapturedFrames_1.0_0.5_-3.0/video.mp4#frame=22
22,RIGHT_WRIST,0.23010113835334778,0.1626041829586029,-0.29419147968292236,0.7193729281425476,CapturedFrames_1.0_0.5_-3.0/video.mp4#frame=22
22,LEFT_PINKY,0.2773668169975281,0.09954357147216797,-0.030785273760557175,0.6192095875740051,CapturedFrames_1.0_0.5_-3.0/video.mp4#frame=22
22,RIGHT_PINKY,0.23932155966758728,0.17238560318946838,-0.30705612897872925,0.6884066462516785,CapturedFrames_1.0_0.5_-3.0/video.mp4#frame=22
22,LEFT_INDEX,0.27770566940307617,0.09833965450525284,-0.06371702253818512,0.6403089761734009,CapturedFrames_1.0_0.5_-3.0/video.mp4#frame=22
22,RIGHT_INDEX,0.2362988442182541,0.15953436493873596,-0.3163022994995117,0.6844123601913452,CapturedFrames_1.0_0.5_-3.0/video.mp4#frame=22
22,LEFT_THUMB,0.2711413502693176,0.09450264275074005,-0.05615733936429024,0.6207836866378784,CapturedFrames_1.0_0.5_-3.0/video.mp4#frame=22
22,RIGHT_THUMB,0.2344745397567749,0.1523078978061676,-0.2959301173686981,0.6292368769645691,CapturedFrames_1.0_0.5_-3.0/video.mp4#frame=22
22,LEFT_HIP,0.2283058613538742,0.1906941682100296,0.05124903470277786,0.9890614748001099,CapturedFrames_1.0_0.5_-3.0/video.mp4#frame=22
22,RIGHT_HIP,0.20902761816978455,0.22610321640968323,-0.05114085599780083,0.9916875958442688,CapturedFrames_1.0_0.5_-3.0/video.mp4#frame=22
22,LEFT_KNEE,0.28524863719940186,0.33411502838134766,-0.011075439862906933,0.24475660920143127,CapturedFrames_1.0_0.5_-3.0/video.mp4#frame=22
22,RIGHT_KNEE,0.280542254447937,0.3536643385887146,-0.14444662630558014,0.8014552593231201,CapturedFrames_1.0_0.5_-3.0/video.mp4#frame=22
22,LEFT_ANKLE,0.33276432752609253,0.5123544931411743,0.06302428245544434,0.5521638989448547,CapturedFrames_1.0_0.5_-3.0/video.mp4#frame=22
22,RIGHT_ANKLE,0.33562734723091125,0.5267541408538818,-0.09761170297861099,0.9007735848426819,CapturedFrames_1.0_0.5_-3.0/video.mp4#frame=22
22,LEFT_HEEL,0.3338283896446228,0.5414732694625854,0.06577867269515991,0.4662201702594757,CapturedFrames_1.0_0.5_-3.0/video.mp4#frame=22
22,RIGHT_HEEL,0.33693304657936096,0.5564551949501038,-0.09674586355686188,0.8044622540473938,CapturedFrames_1.0_0.5_-3.0/video.mp4#frame=22
22,LEFT_FOOT_INDEX,0.36981621384620667,0.5005055069923401,-0.018759548664093018,0.5386926531791687,CapturedFrames_1.0_0.5_-3.0/video.mp4#frame=22
22,RIGHT_FOOT_INDEX,0.37368297576904297,0.503009021282196,-0.1989157497882843,0.8137341737747192,CapturedFrames_1.0_0.5_-3.0/video.mp4#frame=22
23,NOSE,0.15769799053668976,0.0406709760427475,-0.026233579963445663,0.9965362548828125,CapturedFrames_1.0_0.5_-3.0/video.mp4#frame=23
23,LEFT_EYE_INNER,0.1518867015838623,0.050209373235702515,-0.011951946653425694,0.994830310344696,CapturedFrames_1.0_0.5_-3.0/video.mp4#frame=23
23,LEFT_EYE,0.15224167704582214,0.04986504092812538,-0.011987731792032719,0.994091808795929,CapturedFrames_1.0_0.5_-3.0/video.mp4#frame=23
23,LEFT_EYE_OUTER,0.1526164710521698,0.04966451972723007,-0.011979898437857628,0.996357262134552,CapturedFrames_1.0_0.5_-3.0/video.mp4#frame=23
23,RIGHT_EYE_INNER,0.15187951922416687,0.054338909685611725,-0.03297513723373413,0.9955874681472778,CapturedFrames_1.0_0.5_-3.0/video.mp4#frame=23
23,RIGHT_EYE,0.1520451009273529,0.05759831517934799,-0.03298158943653107,0.9950025677680969,CapturedFrames_1.0_0.5_-3.0/video.mp4#frame=23
23,RIGHT_EYE_OUTER,0.15222875773906708,0.060799069702625275,-0.03306640684604645,0.994944155216217,CapturedFrames_1.0_0.5_-3.0/video.mp4#frame=23
23,LEFT_EAR,0.15280327200889587,0.05912644416093826,0.05296351760625839,0.993172824382782,CapturedFrames_1.0_0.5_-3.0/video.mp4#frame=23
23,RIGHT_EAR,0.1544308364391327,0.06557798385620117,-0.042489733546972275,0.9859301447868347,CapturedFrames_1.0_0.5_-3.0/video.mp4#frame=23
23,MOUTH_LEFT,0.16889716684818268,0.04013875126838684,-0.0005868255393579602,0.9943945407867432,CapturedFrames_1.0_0.5_-3.0/video.mp4#frame=23
23,MOUTH_RIGHT,0.16921201348304749,0.03906792402267456,-0.028188252821564674,0.9868969321250916,CapturedFrames_1.0_0.5_-3.0/video.mp4#frame=23
23,LEFT_SHOULDER,0.19532452523708344,0.07143591344356537,0.12270964682102203,0.9982299208641052,CapturedFrames_1.0_0.5_-3.0/video.mp4#frame=23
23,RIGHT_SHOULDER,0.18756861984729767,0.06397871673107147,-0.1046595349907875,0.9972420930862427,CapturedFrames_1.0_0.5_-3.0/video.mp4#frame=23
23,LEFT_ELBOW,0.24533620476722717,0.07367891073226929,0.1547142118215561,0.41238197684288025,CapturedFrames_1.0_0.5_-3.0/video.mp4#frame=23
23,RIGHT_ELBOW,0.23951487243175507,0.08447887003421783,-0.18233183026313782,0.9118351340293884,CapturedFrames_1.0_0.5_-3.0/video.mp4#frame=23
23,LEFT_WRIST,0.27979379892349243,0.08322910964488983,0.14188355207443237,0.6687008142471313,CapturedFrames_1.0_0.5_-3.0/video.mp4#frame=23
23,RIGHT_WRIST,0.2528211176395416,0.09686537086963654,-0.24688807129859924,0.8693979978561401,CapturedFrames_1.0_0.5_-3.0/video.mp4#frame=23
23,LEFT_PINKY,0.2985266149044037,0.10175153613090515,0.1442367285490036,0.6331995129585266,CapturedFrames_1.0_0.5_-3.0/video.mp4#frame=23
23,RIGHT_PINKY,0.2537083923816681,0.10807958990335464,-0.2712484896183014,0.8507243394851685,CapturedFrames_1.0_0.5_-3.0/video.mp4#frame=23
23,LEFT_INDEX,0.2970278263092041,0.10639511048793793,0.1239570826292038,0.6560856103897095,CapturedFrames_1.0_0.5_-3.0/video.mp4#frame=23
23,RIGHT_INDEX,0.25235092639923096,0.10539224743843079,-0.2674941122531891,0.8440682888031006,CapturedFrames_1.0_0.5_-3.0/video.mp4#frame=23
23,LEFT_THUMB,0.2911888062953949,0.10142133384943008,0.13296176493167877,0.629706621170044,CapturedFrames_1.0_0.5_-3.0/video.mp4#frame=23
23,RIGHT_THUMB,0.2529619336128235,0.1017717570066452,-0.247188001871109,0.8019804954528809,CapturedFrames_1.0_0.5_-3.0/video.mp4#frame=23
23,LEFT_HIP,0.2646677792072296,0.21766111254692078,0.0785168707370758,0.9946209192276001,CapturedFrames_1.0_0.5_-3.0/video.mp4#frame=23
23,RIGHT_HIP,0.27115553617477417,0.2156250774860382,-0.07866732776165009,0.9894220232963562,CapturedFrames_1.0_0.5_-3.0/video.mp4#frame=23
23,LEFT_KNEE,0.3043482303619385,0.35459792613983154,0.05188802629709244,0.32065874338150024,CapturedFrames_1.0_0.5_-3.0/video.mp4#frame=23
23,RIGHT_KNEE,0.3101253807544708,0.36789464950561523,-0.10467921197414398,0.8976315259933472,CapturedFrames_1.0_0.5_-3.0/video.mp4#frame=23
23,LEFT_ANKLE,0.3370059132575989,0.5119104385375977,0.05630083754658699,0.5037499070167542,CapturedFrames_1.0_0.5_-3.0/video.mp4#frame=23
23,RIGHT_ANKLE,0.3498951196670532,0.5366833806037903,-0.11051628738641739,0.8958396911621094,CapturedFrames_1.0_0.5_-3.0/video.mp4#frame=23
23,LEFT_HEEL,0.34075799584388733,0.5597114562988281,0.05445687845349312,0.6003605127334595,CapturedFrames_1.0_0.5_-3.0/video.mp4#frame=23
23,RIGHT_HEEL,0.35326558351516724,0.5795373916625977,-0.11123599857091904,0.8422496914863586,CapturedFrames_1.0_0.5_-3.0/video.mp4#frame=23
23,LEFT_FOOT_INDEX,0.3744466304779053,0.5018061399459839,0.016319703310728073,0.6243550777435303,CapturedFrames_1.0_0.5_-3.0/video.mp4#frame=23
23,RIGHT_FOOT_INDEX,0.3893616497516632,0.5094487071037292,-0.1682160347700119,0.8722217082977295,CapturedFrames_1.0_0.5_-3.0/video.mp4#frame=23
24,NOSE,0.2134813368320465,0.04094479978084564,-0.5709462761878967,0.9914515614509583,CapturedFrames_1.0_0.5_-3.0/video.mp4#frame=24
24,LEFT_EYE_INNER,0.21095795929431915,0.027675151824951172,-0.5690135359764099,0.9912964105606079,CapturedFrames_1.0_0.5_-3.0/video.mp4#frame=24
24,LEFT_EYE,0.21322090923786163,0.02311381697654724,-0.568953812122345,0.9922572374343872,CapturedFrames_1.0_0.5_-3.0/video.mp4#frame=24
24,LEFT_EYE_OUTER,0.21553818881511688,0.01871734857559204,-0.5690140128135681,0.9916137456893921,CapturedFrames_1.0_0.5_-3.0/video.mp4#frame=24
24,RIGHT_EYE_INNER,0.2042146474123001,0.03965860605239868,-0.5826040506362915,0.9921892881393433,CapturedFrames_1.0_0.5_-3.0/video.mp4#frame=24
24,RIGHT_EYE,0.20151658356189728,0.04409344494342804,-0.5828015804290771,0.9929106831550598,CapturedFrames_1.0_0.5_-3.0/video.mp4#frame=24
24,RIGHT_EYE_OUTER,0.19883564114570618,0.04844915494322777,-0.5829535722732544,0.9898061156272888,CapturedFrames_1.0_0.5_-3.0/video.mp4#frame=24
24,LEFT_EAR,0.21777310967445374,0.012426242232322693,-0.4607015550136566,0.9942307472229004,CapturedFrames_1.0_0.5_-3.0/video.mp4#frame=24
24,RIGHT_EAR,0.19359764456748962,0.052285194396972656,-0.523504376411438,0.994797945022583,CapturedFrames_1.0_0.5_-3.0/video.mp4#frame=24
24,MOUTH_LEFT,0.22067776322364807,0.03861558437347412,-0.519085705280304,0.9916462302207947,CapturedFrames_1.0_0.5_-3.0/video.mp4#frame=24
24,MOUTH_RIGHT,0.21319594979286194,0.05331398546695709,-0.5375521779060364,0.9884295463562012,CapturedFrames_1.0_0.5_-3.0/video.mp4#frame=24
24,LEFT_SHOULDER,0.2452322542667389,0.014207258820533752,-0.2948693037033081,0.9994271993637085,CapturedFrames_1.0_0.5_-3.0/video.mp4#frame=24
24,RIGHT_SHOULDER,0.18420493602752686,0.07032332569360733,-0.4344574511051178,0.9997026324272156,CapturedFrames_1.0_0.5_-3.0/video.mp4#frame=24
24,LEFT_ELBOW,0.2721291184425354,0.06779143214225769,-0.2781534194946289,0.5779436230659485,CapturedFrames_1.0_0.5_-3.0/video.mp4#frame=24
24,RIGHT_ELBOW,0.17040127515792847,0.13691438734531403,-0.5655088424682617,0.9528643488883972,CapturedFrames_1.0_0.5_-3.0/video.mp4#frame=24
24,LEFT_WRIST,0.29584264755249023,0.09193317592144012,-0.35399988293647766,0.9716159105300903,CapturedFrames_1.0_0.5_-3.0/video.mp4#frame=24
24,RIGHT_WRIST,0.1750168353319168,0.11961017549037933,-0.7419367432594299,0.9863831996917725,CapturedFrames_1.0_0.5_-3.0/video.mp4#frame=24
24,LEFT_PINKY,0.30892258882522583,0.10954796522855759,-0.3613460958003998,0.974860668182373,CapturedFrames_1.0_0.5_-3.0/video.mp4#frame=24
24,RIGHT_PINKY,0.17327462136745453,0.12776872515678406,-0.7732070088386536,0.9863008260726929,CapturedFrames_1.0_0.5_-3.0/video.mp4#frame=24
24,LEFT_INDEX,0.30883264541625977,0.11222945153713226,-0.38495558500289917,0.9775245189666748,CapturedFrames_1.0_0.5_-3.0/video.mp4#frame=24
24,RIGHT_INDEX,0.1717456877231598,0.11257091164588928,-0.7787357568740845,0.9864506721496582,CapturedFrames_1.0_0.5_-3.0/video.mp4#frame=24
24,LEFT_THUMB,0.30255571007728577,0.10699581354856491,-0.3623403310775757,0.9708682894706726,CapturedFrames_1.0_0.5_-3.0/video.mp4#frame=24
24,RIGHT_THUMB,0.1800088882446289,0.11222083121538162,-0.745867133140564,0.9835107326507568,CapturedFrames_1.0_0.5_-3.0/video.mp4#frame=24
24,LEFT_HIP,0.2560190260410309,0.19096659123897552,0.06093477085232735,0.999107301235199,CapturedFrames_1.0_0.5_-3.0/video.mp4#frame=24
24,RIGHT_HIP,0.22942321002483368,0.2146104872226715,-0.06091511994600296,0.9991177916526794,CapturedFrames_1.0_0.5_-3.0/video.mp4#frame=24
24,LEFT_KNEE,0.3157946765422821,0.3242141008377075,-0.08985573798418045,0.2082190364599228,CapturedFrames_1.0_0.5_-3.0/video.mp4#frame=24
24,RIGHT_KNEE,0.2731951177120209,0.3221960663795471,-0.22364798188209534,0.7666195034980774,CapturedFrames_1.0_0.5_-3.0/video.mp4#frame=24
24,LEFT_ANKLE,0.3452913165092468,0.5228710174560547,-0.11150069534778595,0.49362900853157043,CapturedFrames_1.0_0.5_-3.0/video.mp4#frame=24
24,RIGHT_ANKLE,0.32594579458236694,0.515713632106781,-0.22557255625724792,0.8666747212409973,CapturedFrames_1.0_0.5_-3.0/video.mp4#frame=24
24,LEFT_HEEL,0.34618768095970154,0.5692331790924072,-0.12045121192932129,0.5922800302505493,CapturedFrames_1.0_0.5_-3.0/video.mp4#frame=24
24,RIGHT_HEEL,0.3284718692302704,0.5503976345062256,-0.22914600372314453,0.7931286692619324,CapturedFrames_1.0_0.5_-3.0/video.mp4#frame=24
24,LEFT_FOOT_INDEX,0.38506266474723816,0.5124123096466064,-0.22106607258319855,0.6445736885070801,CapturedFrames_1.0_0.5_-3.0/video.mp4#frame=24
24,RIGHT_FOOT_INDEX,0.3870927691459656,0.5237890481948853,-0.3321846127510071,0.8737504482269287,CapturedFrames_1.0_0.5_-3.0/video.mp4#frame=24
26,NOSE,0.282063752412796,-0.31180667877197266,-0.08154533058404922,0.9931043982505798,CapturedFrames_1.0_0.5_-3.0/video.mp4#frame=26
26,LEFT_EYE_INNER,0.27012374997138977,-0.32214248180389404,-0.06819448620080948,0.9865092635154724,CapturedFrames_1.0_0.5_-3.0/video.mp4#frame=26
26,LEFT_EYE,0.26792120933532715,-0.3207406997680664,-0.06828910112380981,0.984017550945282,CapturedFrames_1.0_0.5_-3.0/video.mp4#frame=26
26,LEFT_EYE_OUTER,0.2657378613948822,-0.31933730840682983,-0.06832987815141678,0.9872962236404419,CapturedFrames_1.0_0.5_-3.0/video.mp4#frame=26
26,RIGHT_EYE_INNER,0.27204957604408264,-0.3227372169494629,-0.11412949860095978,0.9900227189064026,CapturedFrames_1.0_0.5_-3.0/video.mp4#frame=26
26,RIGHT_EYE,0.27090004086494446,-0.32191747426986694,-0.11417503654956818,0.990217387676239,CapturedFrames_1.0_0.5_-3.0/video.mp4#frame=26
26,RIGHT_EYE_OUTER,0.26975634694099426,-0.3211056590080261,-0.11436200141906738,0.990680992603302,CapturedFrames_1.0_0.5_-3.0/video.mp4#frame=26
26,LEFT_EAR,0.250751256942749,-0.3006332516670227,-0.0029349937103688717,0.9783864617347717,CapturedFrames_1.0_0.5_-3.0/video.mp4#frame=26
26,RIGHT_EAR,0.25748884677886963,-0.3009798526763916,-0.20914235711097717,0.9919142723083496,CapturedFrames_1.0_0.5_-3.0/video.mp4#frame=26
26,MOUTH_LEFT,0.2793906629085541,-0.28763341903686523,-0.05193675309419632,0.988950788974762,CapturedFrames_1.0_0.5_-3.0/video.mp4#frame=26
26,MOUTH_RIGHT,0.2813558280467987,-0.28799372911453247,-0.11193976551294327,0.9945470094680786,CapturedFrames_1.0_0.5_-3.0/video.mp4#frame=26
26,LEFT_SHOULDER,0.2456836700439453,-0.1841888576745987,0.12687081098556519,0.9954187870025635,CapturedFrames_1.0_0.5_-3.0/video.mp4#frame=26
26,RIGHT_SHOULDER,0.2626909613609314,-0.1928553730249405,-0.3084162771701813,0.9998637437820435,CapturedFrames_1.0_0.5_-3.0/video.mp4#frame=26
26,LEFT_ELBOW,0.2505054473876953,-0.021295174956321716,0.17493239045143127,0.009889772161841393,CapturedFrames_1.0_0.5_-3.0/video.mp4#frame=26
26,RIGHT_ELBOW,0.26060357689857483,-0.011373862624168396,-0.3637257516384125,0.9194013476371765,CapturedFrames_1.0_0.5_-3.0/video.mp4#frame=26
26,LEFT_WRIST,0.2721303403377533,0.09828662127256393,0.15024857223033905,0.03258692845702171,CapturedFrames_1.0_0.5_-3.0/video.mp4#frame=26
26,RIGHT_WRIST,0.2764664590358734,0.12986652553081512,-0.35396718978881836,0.8828249573707581,CapturedFrames_1.0_0.5_-3.0/video.mp4#frame=26
26,LEFT_PINKY,0.2646142244338989,0.13631153106689453,0.1577656865119934,0.045284777879714966,CapturedFrames_1.0_0.5_-3.0/video.mp4#frame=26
26,RIGHT_PINKY,0.2591039538383484,0.16810578107833862,-0.3921191394329071,0.8579974174499512,CapturedFrames_1.0_0.5_-3.0/video.mp4#frame=26
26,LEFT_INDEX,0.26785990595817566,0.13585786521434784,0.12595462799072266,0.04392320662736893,CapturedFrames_1.0_0.5_-3.0/video.mp4#frame=26
26,RIGHT_INDEX,0.2619113624095917,0.16867563128471375,-0.38520801067352295,0.8385066390037537,CapturedFrames_1.0_0.5_-3.0/video.mp4#frame=26
26,LEFT_THUMB,0.27339282631874084,0.12329220026731491,0.1346537321805954,0.041171398013830185,CapturedFrames_1.0_0.5_-3.0/video.mp4#frame=26
26,RIGHT_THUMB,0.26793816685676575,0.15524181723594666,-0.35058316588401794,0.7523460984230042,CapturedFrames_1.0_0.5_-3.0/video.mp4#frame=26
26,LEFT_HIP,0.2561965882778168,0.12481699138879776,0.12778383493423462,0.9986701011657715,CapturedFrames_1.0_0.5_-3.0/video.mp4#frame=26
26,RIGHT_HIP,0.24650776386260986,0.1276758909225464,-0.12796719372272491,0.9993265867233276,CapturedFrames_1.0_0.5_-3.0/video.mp4#frame=26
26,LEFT_KNEE,0.3482394814491272,0.318332701921463,0.09465915709733963,0.9029009342193604,CapturedFrames_1.0_0.5_-3.0/video.mp4#frame=26
26,RIGHT_KNEE,0.1801527440547943,0.362445205450058,-0.25350502133369446,0.9943802952766418,CapturedFrames_1.0_0.5_-3.0/video.mp4#frame=26
26,LEFT_ANKLE,0.3562677800655365,0.5457038879394531,0.17534148693084717,0.9750187397003174,CapturedFrames_1.0_0.5_-3.0/video.mp4#frame=26
26,RIGHT_ANKLE,0.0753612071275711,0.5511370301246643,-0.284213662147522,0.9956557750701904,CapturedFrames_1.0_0.5_-3.0/video.mp4#frame=26
26,LEFT_HEEL,0.34332194924354553,0.5929350256919861,0.1772698312997818,0.9537630081176758,CapturedFrames_1.0_0.5_-3.0/video.mp4#frame=26
26,RIGHT_HEEL,0.04818740487098694,0.5829923152923584,-0.2917868196964264,0.9431596398353577,CapturedFrames_1.0_0.5_-3.0/video.mp4#frame=26
26,LEFT_FOOT_INDEX,0.4017428457736969,0.5581219792366028,0.11554265022277832,0.9657970666885376,CapturedFrames_1.0_0.5_-3.0/video.mp4#frame=26
26,RIGHT_FOOT_INDEX,0.08618740737438202,0.6116956472396851,-0.4032183587551117,0.9862187504768372,CapturedFrames_1.0_0.5_-3.0/video.mp4#frame=26
31,NOSE,0.2971351146697998,-0.0739486962556839,0.4714563488960266,0.8401256203651428,CapturedFrames_1.0_0.5_-3.0/video.mp4#frame=31
31,LEFT_EYE_INNER,0.29184967279434204,-0.08144481480121613,0.46451395750045776,0.742968738079071,CapturedFrames_1.0_0.5_-3.0/video.mp4#frame=31
31,LEFT_EYE,0.28880634903907776,-0.08012963831424713,0.46457892656326294,0.7663956880569458,CapturedFrames_1.0_0.5_-3.0/video.mp4#frame=31
31,LEFT_EYE_OUTER,0.2857946753501892,-0.07876358926296234,0.4646155834197998,0.7856064438819885,CapturedFrames_1.0_0.5_-3.0/video.mp4#frame=31
31,RIGHT_EYE_INNER,0.30106058716773987,-0.08569811284542084,0.4541756510734558,0.7384095191955566,CapturedFrames_1.0_0.5_-3.0/video.mp4#frame=31
31,RIGHT_EYE,0.3040710687637329,-0.08735792338848114,0.45417308807373047,0.765339732170105,CapturedFrames_1.0_0.5_-3.0/video.mp4#frame=31
31,RIGHT_EYE_OUTER,0.3070778548717499,-0.088997021317482,0.45396751165390015,0.7774050831794739,CapturedFrames_1.0_0.5_-3.0/video.mp4#frame=31
31,LEFT_EAR,0.2826116681098938,-0.07203187048435211,0.3974834978580475,0.847748875617981,CapturedFrames_1.0_0.5_-3.0/video.mp4#frame=31
31,RIGHT_EAR,0.3124162256717682,-0.0859251469373703,0.35275328159332275,0.8001306653022766,CapturedFrames_1.0_0.5_-3.0/video.mp4#frame=31
31,MOUTH_LEFT,0.2935865819454193,-0.06351126730442047,0.44723764061927795,0.8848943114280701,CapturedFrames_1.0_0.5_-3.0/video.mp4#frame=31
31,MOUTH_RIGHT,0.3028564751148224,-0.06776471436023712,0.4344942569732666,0.8850862979888916,CapturedFrames_1.0_0.5_-3.0/video.mp4#frame=31
31,LEFT_SHOULDER,0.26612067222595215,-0.004118233919143677,0.36320462822914124,0.9985643029212952,CapturedFrames_1.0_0.5_-3.0/video.mp4#frame=31
31,RIGHT_SHOULDER,0.3375718295574188,-0.05663664638996124,0.18074113130569458,0.9999457597732544,CapturedFrames_1.0_0.5_-3.0/video.mp4#frame=31
31,LEFT_ELBOW,0.267801970243454,0.09591961652040482,0.3637215495109558,0.06916256248950958,CapturedFrames_1.0_0.5_-3.0/video.mp4#frame=31
31,RIGHT_ELBOW,0.372041255235672,0.04518138989806175,0.08592672646045685,0.98268061876297,CapturedFrames_1.0_0.5_-3.0/video.mp4#frame=31
31,LEFT_WRIST,0.27549949288368225,0.20625439286231995,0.38153886795043945,0.17306242883205414,CapturedFrames_1.0_0.5_-3.0/video.mp4#frame=31
31,RIGHT_WRIST,0.39949917793273926,0.1763514131307602,0.05533673241734505,0.950247049331665,CapturedFrames_1.0_0.5_-3.0/video.mp4#frame=31
31,LEFT_PINKY,0.26932013034820557,0.23294517397880554,0.38038408756256104,0.21582023799419403,CapturedFrames_1.0_0.5_-3.0/video.mp4#frame=31
31,RIGHT_PINKY,0.39971575140953064,0.2112642079591751,0.03918565809726715,0.9207283854484558,CapturedFrames_1.0_0.5_-3.0/video.mp4#frame=31
31,LEFT_INDEX,0.2770421802997589,0.2364746779203415,0.38336673378944397,0.19212815165519714,CapturedFrames_1.0_0.5_-3.0/video.mp4#frame=31
31,RIGHT_INDEX,0.39297494292259216,0.21391995251178741,0.0543033592402935,0.9017464518547058,CapturedFrames_1.0_0.5_-3.0/video.mp4#frame=31
31,LEFT_THUMB,0.2817383110523224,0.23045578598976135,0.38090237975120544,0.16279806196689606,CapturedFrames_1.0_0.5_-3.0/video.mp4#frame=31
31,RIGHT_THUMB,0.390261173248291,0.20656093955039978,0.060598623007535934,0.8721041679382324,CapturedFrames_1.0_0.5_-3.0/video.mp4#frame=31
31,LEFT_HIP,0.2918733060359955,0.1632547676563263,0.08158130198717117,0.999352753162384,CapturedFrames_1.0_0.5_-3.0/video.mp4#frame=31
31,RIGHT_HIP,0.3430049419403076,0.140511155128479,-0.08205748349428177,0.9995546936988831,CapturedFrames_1.0_0.5_-3.0/video.mp4#frame=31
31,LEFT_KNEE,0.31096014380455017,0.33285295963287354,0.021824678406119347,0.8237265348434448,CapturedFrames_1.0_0.5_-3.0/video.mp4#frame=31
31,RIGHT_KNEE,0.37155815958976746,0.34277772903442383,-0.13906393945217133,0.9776108860969543,CapturedFrames_1.0_0.5_-3.0/video.mp4#frame=31
31,LEFT_ANKLE,0.26127496361732483,0.5029356479644775,-0.08773364871740341,0.9604727625846863,CapturedFrames_1.0_0.5_-3.0/video.mp4#frame=31
31,RIGHT_ANKLE,0.3645920753479004,0.5500425100326538,-0.26080235838890076,0.993586003780365,CapturedFrames_1.0_0.5_-3.0/video.mp4#frame=31
31,LEFT_HEEL,0.24518653750419617,0.5235897302627563,-0.10599984228610992,0.9730023145675659,CapturedFrames_1.0_0.5_-3.0/video.mp4#frame=31
31,RIGHT_HEEL,0.3559635877609253,0.5833009481430054,-0.2763683795928955,0.9957578778266907,CapturedFrames_1.0_0.5_-3.0/video.mp4#frame=31
31,LEFT_FOOT_INDEX,0.27923986315727234,0.5767437815666199,-0.16383810341358185,0.8627851605415344,CapturedFrames_1.0_0.5_-3.0/video.mp4#frame=31
31,RIGHT_FOOT_INDEX,0.4029170870780945,0.5700246095657349,-0.3461512327194214,0.9721079468727112,CapturedFrames_1.0_0.5_-3.0/video.mp4#frame=31
32,NOSE,0.2919997274875641,-0.02851410210132599,0.46359747648239136,0.5136713981628418,CapturedFrames_1.0_0.5_-3.0/video.mp4#frame=32
32,LEFT_EYE_INNER,0.2866361141204834,-0.03839029371738434,0.45671314001083374,0.444348007440567,CapturedFrames_1.0_0.5_-3.0/video.mp4#frame=32
32,LEFT_EYE,0.28446149826049805,-0.03759439289569855,0.4567744731903076,0.43878695368766785,CapturedFrames_1.0_0.5_-3.0/video.mp4#frame=32
32,LEFT_EYE_OUTER,0.28232264518737793,-0.03676982223987579,0.4567953646183014,0.4579075574874878,CapturedFrames_1.0_0.5_-3.0/video.mp4#frame=32
32,RIGHT_EYE_INNER,0.2938321828842163,-0.04251833260059357,0.4501186013221741,0.3822072148323059,CapturedFrames_1.0_0.5_-3.0/video.mp4#frame=32
32,RIGHT_EYE,0.2963975965976715,-0.044479236006736755,0.4501481056213379,0.38174358010292053,CapturedFrames_1.0_0.5_-3.0/video.mp4#frame=32
32,RIGHT_EYE_OUTER,0.2989576458930969,-0.04643436148762703,0.44997984170913696,0.40757256746292114,CapturedFrames_1.0_0.5_-3.0/video.mp4#frame=32
32,LEFT_EAR,0.28241437673568726,-0.03673176467418671,0.3962680399417877,0.6514819264411926,CapturedFrames_1.0_0.5_-3.0/video.mp4#frame=32
32,RIGHT_EAR,0.3057520091533661,-0.0505036897957325,0.3688010275363922,0.6059783697128296,CapturedFrames_1.0_0.5_-3.0/video.mp4#frame=32
32,MOUTH_LEFT,0.29200780391693115,-0.022531049326062202,0.4418618083000183,0.6962743401527405,CapturedFrames_1.0_0.5_-3.0/video.mp4#frame=32
32,MOUTH_RIGHT,0.2992854416370392,-0.026306748390197754,0.4343395233154297,0.674040675163269,CapturedFrames_1.0_0.5_-3.0/video.mp4#frame=32
32,LEFT_SHOULDER,0.2734591066837311,0.010802984237670898,0.35721758008003235,0.9992640614509583,CapturedFrames_1.0_0.5_-3.0/video.mp4#frame=32
32,RIGHT_SHOULDER,0.342819482088089,-0.040831342339515686,0.20289424061775208,0.9999332427978516,CapturedFrames_1.0_0.5_-3.0/video.mp4#frame=32
32,LEFT_ELBOW,0.26628682017326355,0.09006317704916,0.322001188993454,0.2368699163198471,CapturedFrames_1.0_0.5_-3.0/video.mp4#frame=32
32,RIGHT_ELBOW,0.3775619566440582,0.04662999510765076,0.0894593745470047,0.9868625402450562,CapturedFrames_1.0_0.5_-3.0/video.mp4#frame=32
32,LEFT_WRIST,0.2721405029296875,0.18858970701694489,0.296256959438324,0.3109186291694641,CapturedFrames_1.0_0.5_-3.0/video.mp4#frame=32
32,RIGHT_WRIST,0.4078899323940277,0.17180004715919495,0.04399064928293228,0.9653003811836243,CapturedFrames_1.0_0.5_-3.0/video.mp4#frame=32
32,LEFT_PINKY,0.2648877799510956,0.21618130803108215,0.2831490933895111,0.3065550625324249,CapturedFrames_1.0_0.5_-3.0/video.mp4#frame=32
32,RIGHT_PINKY,0.40876469016075134,0.19781796634197235,0.01974968984723091,0.9178115129470825,CapturedFrames_1.0_0.5_-3.0/video.mp4#frame=32
32,LEFT_INDEX,0.2763150632381439,0.22017262876033783,0.2883187532424927,0.27702784538269043,CapturedFrames_1.0_0.5_-3.0/video.mp4#frame=32
32,RIGHT_INDEX,0.40395230054855347,0.20434799790382385,0.03433384373784065,0.8927788138389587,CapturedFrames_1.0_0.5_-3.0/video.mp4#frame=32
32,LEFT_THUMB,0.2821255922317505,0.21289922297000885,0.29439055919647217,0.23350277543067932,CapturedFrames_1.0_0.5_-3.0/video.mp4#frame=32
32,RIGHT_THUMB,0.4020403325557709,0.19730517268180847,0.047626860439777374,0.8674980998039246,CapturedFrames_1.0_0.5_-3.0/video.mp4#frame=32
32,LEFT_HIP,0.2975160479545593,0.15788066387176514,0.07154704630374908,0.9982877373695374,CapturedFrames_1.0_0.5_-3.0/video.mp4#frame=32
32,RIGHT_HIP,0.34925132989883423,0.14209991693496704,-0.07191557437181473,0.997940719127655,CapturedFrames_1.0_0.5_-3.0/video.mp4#frame=32
32,LEFT_KNEE,0.3218128979206085,0.3252505660057068,0.04469563066959381,0.5113986134529114,CapturedFrames_1.0_0.5_-3.0/video.mp4#frame=32
32,RIGHT_KNEE,0.3713776469230652,0.3215033710002899,-0.10968687385320663,0.9335939884185791,CapturedFrames_1.0_0.5_-3.0/video.mp4#frame=32
32,LEFT_ANKLE,0.2972254157066345,0.504537045955658,0.02117781899869442,0.7318068146705627,CapturedFrames_1.0_0.5_-3.0/video.mp4#frame=32
32,RIGHT_ANKLE,0.365293949842453,0.5430384278297424,-0.13877879083156586,0.9576612710952759,CapturedFrames_1.0_0.5_-3.0/video.mp4#frame=32
32,LEFT_HEEL,0.2844933867454529,0.5318596959114075,0.010718543082475662,0.7737718224525452,CapturedFrames_1.0_0.5_-3.0/video.mp4#frame=32
32,RIGHT_HEEL,0.3544299900531769,0.5751226544380188,-0.1470181792974472,0.9849120378494263,CapturedFrames_1.0_0.5_-3.0/video.mp4#frame=32
32,LEFT_FOOT_INDEX,0.3122856914997101,0.5476503372192383,-0.04013112187385559,0.4087637960910797,CapturedFrames_1.0_0.5_-3.0/video.mp4#frame=32
32,RIGHT_FOOT_INDEX,0.39988812804222107,0.5607861876487732,-0.2156626433134079,0.7912546396255493,CapturedFrames_1.0_0.5_-3.0/video.mp4#frame=32
33,NOSE,0.3220761716365814,-0.11100871115922928,0.24303469061851501,0.9788443446159363,CapturedFrames_1.0_0.5_-3.0/video.mp4#frame=33
33,LEFT_EYE_INNER,0.31708765029907227,-0.12427639216184616,0.22853562235832214,0.9807451963424683,CapturedFrames_1.0_0.5_-3.0/video.mp4#frame=33
33,LEFT_EYE,0.3147049844264984,-0.12414291501045227,0.2285059690475464,0.9777514934539795,CapturedFrames_1.0_0.5_-3.0/video.mp4#frame=33
33,LEFT_EYE_OUTER,0.3123132586479187,-0.12398463487625122,0.2284483164548874,0.9796097874641418,CapturedFrames_1.0_0.5_-3.0/video.mp4#frame=33
33,RIGHT_EYE_INNER,0.32378458976745605,-0.1252138316631317,0.22225940227508545,0.9713506102561951,CapturedFrames_1.0_0.5_-3.0/video.mp4#frame=33
33,RIGHT_EYE,0.3260323703289032,-0.12575823068618774,0.22232255339622498,0.9646202921867371,CapturedFrames_1.0_0.5_-3.0/video.mp4#frame=33
33,RIGHT_EYE_OUTER,0.32832300662994385,-0.12630361318588257,0.22223134338855743,0.9680233597755432,CapturedFrames_1.0_0.5_-3.0/video.mp4#frame=33
33,LEFT_EAR,0.30856671929359436,-0.11869723349809647,0.1629103720188141,0.9871713519096375,CapturedFrames_1.0_0.5_-3.0/video.mp4#frame=33
33,RIGHT_EAR,0.3316628336906433,-0.12171295285224915,0.13583111763000488,0.9800273776054382,CapturedFrames_1.0_0.5_-3.0/video.mp4#frame=33
33,MOUTH_LEFT,0.31971466541290283,-0.10013961791992188,0.22312024235725403,0.9861896634101868,CapturedFrames_1.0_0.5_-3.0/video.mp4#frame=33
33,MOUTH_RIGHT,0.32637685537338257,-0.10082563757896423,0.21548061072826385,0.9831205606460571,CapturedFrames_1.0_0.5_-3.0/video.mp4#frame=33
33,LEFT_SHOULDER,0.2860024869441986,-0.043386027216911316,0.15223778784275055,0.9997201561927795,CapturedFrames_1.0_0.5_-3.0/video.mp4#frame=33
33,RIGHT_SHOULDER,0.3624323010444641,-0.06641256809234619,0.02405453845858574,0.9999295473098755,CapturedFrames_1.0_0.5_-3.0/video.mp4#frame=33
33,LEFT_ELBOW,0.26880621910095215,0.053970277309417725,0.13663330674171448,0.9141806960105896,CapturedFrames_1.0_0.5_-3.0/video.mp4#frame=33
33,RIGHT_ELBOW,0.39587903022766113,0.03944309055805206,-0.036824628710746765,0.9928269982337952,CapturedFrames_1.0_0.5_-3.0/video.mp4#frame=33
33,LEFT_WRIST,0.27004894614219666,0.17119690775871277,0.13814328610897064,0.6064987778663635,CapturedFrames_1.0_0.5_-3.0/video.mp4#frame=33
33,RIGHT_WRIST,0.4180701673030853,0.16114528477191925,-0.0433083213865757,0.964769184589386,CapturedFrames_1.0_0.5_-3.0/video.mp4#frame=33
33,LEFT_PINKY,0.2644025683403015,0.19797833263874054,0.13445112109184265,0.42511701583862305,CapturedFrames_1.0_0.5_-3.0/video.mp4#frame=33
33,RIGHT_PINKY,0.41818347573280334,0.1915498524904251,-0.058871299028396606,0.9061460494995117,CapturedFrames_1.0_0.5_-3.0/video.mp4#frame=33
33,LEFT_INDEX,0.2716420888900757,0.20289316773414612,0.13517364859580994,0.4025316536426544,CapturedFrames_1.0_0.5_-3.0/video.mp4#frame=33
33,RIGHT_INDEX,0.4152599275112152,0.1955183893442154,-0.0513666495680809,0.884850263595581,CapturedFrames_1.0_0.5_-3.0/video.mp4#frame=33
33,LEFT_THUMB,0.2796448767185211,0.19343110918998718,0.1369117647409439,0.3717399835586548,CapturedFrames_1.0_0.5_-3.0/video.mp4#frame=33
33,RIGHT_THUMB,0.41438016295433044,0.1865905523300171,-0.04127314314246178,0.8524293303489685,CapturedFrames_1.0_0.5_-3.0/video.mp4#frame=33
33,LEFT_HIP,0.3033542037010193,0.14225079119205475,0.056979674845933914,0.9993336796760559,CapturedFrames_1.0_0.5_-3.0/video.mp4#frame=33
33,RIGHT_HIP,0.3573192059993744,0.13476137816905975,-0.057173557579517365,0.9991223216056824,CapturedFrames_1.0_0.5_-3.0/video.mp4#frame=33
33,LEFT_KNEE,0.32970380783081055,0.3167106807231903,0.1268147975206375,0.6335955858230591,CapturedFrames_1.0_0.5_-3.0/video.mp4#frame=33
33,RIGHT_KNEE,0.3684413731098175,0.323076069355011,-0.03765438124537468,0.9034575819969177,CapturedFrames_1.0_0.5_-3.0/video.mp4#frame=33
33,LEFT_ANKLE,0.3240572214126587,0.4885469973087311,0.20704403519630432,0.7070536613464355,CapturedFrames_1.0_0.5_-3.0/video.mp4#frame=33
33,RIGHT_ANKLE,0.35898372530937195,0.526801586151123,0.0029215568210929632,0.93730229139328,CapturedFrames_1.0_0.5_-3.0/video.mp4#frame=33
33,LEFT_HEEL,0.31799668073654175,0.5180624723434448,0.2105979025363922,0.6858872175216675,CapturedFrames_1.0_0.5_-3.0/video.mp4#frame=33
33,RIGHT_HEEL,0.35152822732925415,0.5588657855987549,0.0049415468238294125,0.9193354845046997,CapturedFrames_1.0_0.5_-3.0/video.mp4#frame=33
33,LEFT_FOOT_INDEX,0.33925509452819824,0.5059374570846558,0.17440244555473328,0.5148081183433533,CapturedFrames_1.0_0.5_-3.0/video.mp4#frame=33
33,RIGHT_FOOT_INDEX,0.3941563069820404,0.548453688621521,-0.05547759681940079,0.8002248406410217,CapturedFrames_1.0_0.5_-3.0/video.mp4#frame=33
34,NOSE,0.31823691725730896,-0.11990591883659363,0.22567196190357208,0.9909375905990601,CapturedFrames_1.0_0.5_-3.0/video.mp4#frame=34
34,LEFT_EYE_INNER,0.31178563833236694,-0.13400352001190186,0.20985107123851776,0.9933708906173706,CapturedFrames_1.0_0.5_-3.0/video.mp4#frame=34
34,LEFT_EYE,0.3090169429779053,-0.133785218000412,0.20982643961906433,0.9916777610778809,CapturedFrames_1.0_0.5_-3.0/video.mp4#frame=34
34,LEFT_EYE_OUTER,0.3062279522418976,-0.13354384899139404,0.20976123213768005,0.9926030039787292,CapturedFrames_1.0_0.5_-3.0/video.mp4#frame=34
34,RIGHT_EYE_INNER,0.3197745084762573,-0.13559558987617493,0.2017156183719635,0.9897032380104065,CapturedFrames_1.0_0.5_-3.0/video.mp4#frame=34
34,RIGHT_EYE,0.322469025850296,-0.13640910387039185,0.20177105069160461,0.9865440726280212,CapturedFrames_1.0_0.5_-3.0/video.mp4#frame=34
34,RIGHT_EYE_OUTER,0.32520589232444763,-0.13720783591270447,0.20166310667991638,0.9876983761787415,CapturedFrames_1.0_0.5_-3.0/video.mp4#frame=34
34,LEFT_EAR,0.30267685651779175,-0.12966930866241455,0.14093303680419922,0.9953969120979309,CapturedFrames_1.0_0.5_-3.0/video.mp4#frame=34
34,RIGHT_EAR,0.3301750123500824,-0.13491934537887573,0.10477606952190399,0.9927281141281128,CapturedFrames_1.0_0.5_-3.0/video.mp4#frame=34
34,MOUTH_LEFT,0.31643587350845337,-0.1092478334903717,0.20539386570453644,0.9942789077758789,CapturedFrames_1.0_0.5_-3.0/video.mp4#frame=34
34,MOUTH_RIGHT,0.32477623224258423,-0.1102050244808197,0.19515514373779297,0.9929879307746887,CapturedFrames_1.0_0.5_-3.0/video.mp4#frame=34
34,LEFT_SHOULDER,0.28381383419036865,-0.047868818044662476,0.13738314807415009,0.9998979568481445,CapturedFrames_1.0_0.5_-3.0/video.mp4#frame=34
34,RIGHT_SHOULDER,0.36960989236831665,-0.07853424549102783,-0.01231019850820303,0.9999610185623169,CapturedFrames_1.0_0.5_-3.0/video.mp4#frame=34
34,LEFT_ELBOW,0.272230863571167,0.04532548412680626,0.13029533624649048,0.9575667977333069,CapturedFrames_1.0_0.5_-3.0/video.mp4#frame=34
34,RIGHT_ELBOW,0.4069807529449463,0.03717130422592163,-0.05305144935846329,0.9974678754806519,CapturedFrames_1.0_0.5_-3.0/video.mp4#frame=34
34,LEFT_WRIST,0.2701922059059143,0.1654614955186844,0.14188840985298157,0.7044016122817993,CapturedFrames_1.0_0.5_-3.0/video.mp4#frame=34
34,RIGHT_WRIST,0.4297958016395569,0.16230329871177673,-0.01801864057779312,0.9749757051467896,CapturedFrames_1.0_0.5_-3.0/video.mp4#frame=34
34,LEFT_PINKY,0.26652026176452637,0.19470153748989105,0.13928568363189697,0.49356982111930847,CapturedFrames_1.0_0.5_-3.0/video.mp4#frame=34
34,RIGHT_PINKY,0.42869606614112854,0.19521182775497437,-0.0260465107858181,0.9231215715408325,CapturedFrames_1.0_0.5_-3.0/video.mp4#frame=34
34,LEFT_INDEX,0.2723024785518646,0.1974382996559143,0.14300517737865448,0.46058881282806396,CapturedFrames_1.0_0.5_-3.0/video.mp4#frame=34
34,RIGHT_INDEX,0.42482805252075195,0.1975378394126892,-0.01916881464421749,0.9044046401977539,CapturedFrames_1.0_0.5_-3.0/video.mp4#frame=34
34,LEFT_THUMB,0.27778974175453186,0.18805450201034546,0.14165090024471283,0.41838496923446655,CapturedFrames_1.0_0.5_-3.0/video.mp4#frame=34
34,RIGHT_THUMB,0.42437347769737244,0.18890590965747833,-0.015191269107162952,0.8659890294075012,CapturedFrames_1.0_0.5_-3.0/video.mp4#frame=34
34,LEFT_HIP,0.3097612261772156,0.1529063582420349,0.06738509982824326,0.9992751479148865,CapturedFrames_1.0_0.5_-3.0/video.mp4#frame=34
34,RIGHT_HIP,0.36219561100006104,0.14964301884174347,-0.06769169867038727,0.9989474415779114,CapturedFrames_1.0_0.5_-3.0/video.mp4#frame=34
34,LEFT_KNEE,0.33886080980300903,0.3158758282661438,0.1715199500322342,0.5500069260597229,CapturedFrames_1.0_0.5_-3.0/video.mp4#frame=34
34,RIGHT_KNEE,0.37175118923187256,0.330732524394989,-0.03260214999318123,0.900691568851471,CapturedFrames_1.0_0.5_-3.0/video.mp4#frame=34
34,LEFT_ANKLE,0.34407153725624084,0.49888092279434204,0.30426013469696045,0.5490706562995911,CapturedFrames_1.0_0.5_-3.0/video.mp4#frame=34
34,RIGHT_ANKLE,0.36366602778434753,0.5419021844863892,0.02902417816221714,0.8823184967041016,CapturedFrames_1.0_0.5_-3.0/video.mp4#frame=34
34,LEFT_HEEL,0.33814093470573425,0.5268638134002686,0.31469962000846863,0.5205078721046448,CapturedFrames_1.0_0.5_-3.0/video.mp4#frame=34
34,RIGHT_HEEL,0.35841017961502075,0.571291446685791,0.03467337042093277,0.8505086898803711,CapturedFrames_1.0_0.5_-3.0/video.mp4#frame=34
34,LEFT_FOOT_INDEX,0.36870676279067993,0.510189414024353,0.2891978919506073,0.37121111154556274,CapturedFrames_1.0_0.5_-3.0/video.mp4#frame=34
34,RIGHT_FOOT_INDEX,0.39274364709854126,0.5514630079269409,-0.01992136240005493,0.6386145353317261,CapturedFrames_1.0_0.5_-3.0/video.mp4#frame=34
35,NOSE,0.3186344504356384,-0.11588627845048904,0.20854349434375763,0.983256459236145,CapturedFrames_1.0_0.5_-3.0/video.mp4#frame=35
35,LEFT_EYE_INNER,0.31207549571990967,-0.12876537442207336,0.19234302639961243,0.9888736009597778,CapturedFrames_1.0_0.5_-3.0/video.mp4#frame=35
35,LEFT_EYE,0.3094464838504791,-0.12836062908172607,0.19231213629245758,0.9867172241210938,CapturedFrames_1.0_0.5_-3.0/video.mp4#frame=35
35,LEFT_EYE_OUTER,0.3068122863769531,-0.12793564796447754,0.19224917888641357,0.9876353144645691,CapturedFrames_1.0_0.5_-3.0/video.mp4#frame=35
35,RIGHT_EYE_INNER,0.3200097680091858,-0.13037109375,0.1873454451560974,0.9808161854743958,CapturedFrames_1.0_0.5_-3.0/video.mp4#frame=35
35,RIGHT_EYE,0.3227722942829132,-0.1310041844844818,0.18741489946842194,0.975456953048706,CapturedFrames_1.0_0.5_-3.0/video.mp4#frame=35
35,RIGHT_EYE_OUTER,0.3255716860294342,-0.13163843750953674,0.18733415007591248,0.9770550727844238,CapturedFrames_1.0_0.5_-3.0/video.mp4#frame=35
35,LEFT_EAR,0.30472275614738464,-0.12286585569381714,0.12217949330806732,0.9947052597999573,CapturedFrames_1.0_0.5_-3.0/video.mp4#frame=35
35,RIGHT_EAR,0.3317467272281647,-0.12830907106399536,0.10045336186885834,0.9891993999481201,CapturedFrames_1.0_0.5_-3.0/video.mp4#frame=35
35,MOUTH_LEFT,0.3178417384624481,-0.10510587692260742,0.18741680681705475,0.9913514852523804,CapturedFrames_1.0_0.5_-3.0/video.mp4#frame=35
35,MOUTH_RIGHT,0.32608696818351746,-0.10600239783525467,0.18143221735954285,0.9886033535003662,CapturedFrames_1.0_0.5_-3.0/video.mp4#frame=35
35,LEFT_SHOULDER,0.28957873582839966,-0.04253244400024414,0.11978034675121307,0.9999305009841919,CapturedFrames_1.0_0.5_-3.0/video.mp4#frame=35
35,RIGHT_SHOULDER,0.37657371163368225,-0.07124373316764832,-0.008411016315221786,0.9999619722366333,CapturedFrames_1.0_0.5_-3.0/video.mp4#frame=35
35,LEFT_ELBOW,0.27809953689575195,0.04742954671382904,0.11516191810369492,0.9800916314125061,CapturedFrames_1.0_0.5_-3.0/video.mp4#frame=35
35,RIGHT_ELBOW,0.416874498128891,0.04177035391330719,-0.0533977672457695,0.9971380233764648,CapturedFrames_1.0_0.5_-3.0/video.mp4#frame=35
35,LEFT_WRIST,0.2702690362930298,0.1677480936050415,0.1421964317560196,0.8611595630645752,CapturedFrames_1.0_0.5_-3.0/video.mp4#frame=35
35,RIGHT_WRIST,0.43760842084884644,0.16771304607391357,-0.03696602210402489,0.9824455976486206,CapturedFrames_1.0_0.5_-3.0/video.mp4#frame=35
35,LEFT_PINKY,0.2675793766975403,0.19688153266906738,0.14223754405975342,0.7040289640426636,CapturedFrames_1.0_0.5_-3.0/video.mp4#frame=35
35,RIGHT_PINKY,0.43769437074661255,0.19519884884357452,-0.04944448918104172,0.9449952244758606,CapturedFrames_1.0_0.5_-3.0/video.mp4#frame=35
35,LEFT_INDEX,0.2735852003097534,0.20145255327224731,0.14441250264644623,0.6752090454101562,CapturedFrames_1.0_0.5_-3.0/video.mp4#frame=35
35,RIGHT_INDEX,0.43296995759010315,0.1983337253332138,-0.041307102888822556,0.9301284551620483,CapturedFrames_1.0_0.5_-3.0/video.mp4#frame=35
35,LEFT_THUMB,0.2772865891456604,0.19385863840579987,0.142438143491745,0.608759880065918,CapturedFrames_1.0_0.5_-3.0/video.mp4#frame=35
35,RIGHT_THUMB,0.4318118691444397,0.1912185400724411,-0.03455139696598053,0.9013262987136841,CapturedFrames_1.0_0.5_-3.0/video.mp4#frame=35
35,LEFT_HIP,0.3186568319797516,0.15258902311325073,0.06293725967407227,0.9995597004890442,CapturedFrames_1.0_0.5_-3.0/video.mp4#frame=35
35,RIGHT_HIP,0.36924323439598083,0.1516052782535553,-0.06320008635520935,0.9992703795433044,CapturedFrames_1.0_0.5_-3.0/video.mp4#frame=35
35,LEFT_KNEE,0.35089319944381714,0.3156208097934723,0.16387023031711578,0.47763511538505554,CapturedFrames_1.0_0.5_-3.0/video.mp4#frame=35
35,RIGHT_KNEE,0.37759003043174744,0.33860504627227783,-0.017580265179276466,0.9136030077934265,CapturedFrames_1.0_0.5_-3.0/video.mp4#frame=35
35,LEFT_ANKLE,0.36015182733535767,0.47647449374198914,0.30208104848861694,0.5339350700378418,CapturedFrames_1.0_0.5_-3.0/video.mp4#frame=35
35,RIGHT_ANKLE,0.36196744441986084,0.5304614305496216,0.06350885331630707,0.8963424563407898,CapturedFrames_1.0_0.5_-3.0/video.mp4#frame=35
35,LEFT_HEEL,0.3569994568824768,0.5003336668014526,0.3130141496658325,0.5419261455535889,CapturedFrames_1.0_0.5_-3.0/video.mp4#frame=35
35,RIGHT_HEEL,0.3544265627861023,0.5603929758071899,0.07145911455154419,0.872490406036377,CapturedFrames_1.0_0.5_-3.0/video.mp4#frame=35
35,LEFT_FOOT_INDEX,0.3768216669559479,0.48650819063186646,0.29187411069869995,0.37684330344200134,CapturedFrames_1.0_0.5_-3.0/video.mp4#frame=35
35,RIGHT_FOOT_INDEX,0.3924105167388916,0.546009361743927,0.025952095165848732,0.6554732918739319,CapturedFrames_1.0_0.5_-3.0/video.mp4#frame=35
36,NOSE,0.3463698625564575,-0.10495966672897339,0.2619723081588745,0.9009602069854736,CapturedFrames_1.0_0.5_-3.0/video.mp4#frame=36
36,LEFT_EYE_INNER,0.34205445647239685,-0.11924812197685242,0.24385479092597961,0.9047272205352783,CapturedFrames_1.0_0.5_-3.0/video.mp4#frame=36
36,LEFT_EYE,0.33935269713401794,-0.11953690648078918,0.24381455779075623,0.9044877290725708,CapturedFrames_1.0_0.5_-3.0/video.mp4#frame=36
36,LEFT_EYE_OUTER,0.33666256070137024,-0.11978751420974731,0.2437715232372284,0.8952574729919434,CapturedFrames_1.0_0.5_-3.0/video.mp4#frame=36
36,RIGHT_EYE_INNER,0.35001176595687866,-0.11917626857757568,0.24241356551647186,0.8627673983573914,CapturedFrames_1.0_0.5_-3.0/video.mp4#frame=36
36,RIGHT_EYE,0.35269108414649963,-0.11946141719818115,0.24247971177101135,0.8516343832015991,CapturedFrames_1.0_0.5_-3.0/video.mp4#frame=36
36,RIGHT_EYE_OUTER,0.3554052710533142,-0.1197780892252922,0.2423776388168335,0.8499908447265625,CapturedFrames_1.0_0.5_-3.0/video.mp4#frame=36
36,LEFT_EAR,0.33280470967292786,-0.11669322848320007,0.16378375887870789,0.9456189274787903,CapturedFrames_1.0_0.5_-3.0/video.mp4#frame=36
36,RIGHT_EAR,0.35958895087242126,-0.11669880896806717,0.1579565703868866,0.9274476170539856,CapturedFrames_1.0_0.5_-3.0/video.mp4#frame=36
36,MOUTH_LEFT,0.3427068293094635,-0.09513583779335022,0.2367488443851471,0.9418191313743591,CapturedFrames_1.0_0.5_-3.0/video.mp4#frame=36
36,MOUTH_RIGHT,0.35072916746139526,-0.09480182081460953,0.2352261245250702,0.9257976412773132,CapturedFrames_1.0_0.5_-3.0/video.mp4#frame=36
36,LEFT_SHOULDER,0.3065875768661499,-0.048630475997924805,0.13711141049861908,0.9999120235443115,CapturedFrames_1.0_0.5_-3.0/video.mp4#frame=36
36,RIGHT_SHOULDER,0.39278924465179443,-0.0579281747341156,0.05776788666844368,0.9999537467956543,CapturedFrames_1.0_0.5_-3.0/video.mp4#frame=36
36,LEFT_ELBOW,0.28587448596954346,0.04636355862021446,0.12392177432775497,0.9868006706237793,CapturedFrames_1.0_0.5_-3.0/video.mp4#frame=36
36,RIGHT_ELBOW,0.43010544776916504,0.04822465404868126,0.018864663317799568,0.9950169920921326,CapturedFrames_1.0_0.5_-3.0/video.mp4#frame=36
36,LEFT_WRIST,0.27614015340805054,0.16807344555854797,0.14389844238758087,0.9001076221466064,CapturedFrames_1.0_0.5_-3.0/video.mp4#frame=36
36,RIGHT_WRIST,0.44613856077194214,0.16277502477169037,0.04257236421108246,0.9723860025405884,CapturedFrames_1.0_0.5_-3.0/video.mp4#frame=36
36,LEFT_PINKY,0.27457094192504883,0.1956017017364502,0.1411503702402115,0.7699576616287231,CapturedFrames_1.0_0.5_-3.0/video.mp4#frame=36
36,RIGHT_PINKY,0.4476524293422699,0.19156798720359802,0.03315911069512367,0.9241592288017273,CapturedFrames_1.0_0.5_-3.0/video.mp4#frame=36
36,LEFT_INDEX,0.2801019251346588,0.20031072199344635,0.1443568766117096,0.7521881461143494,CapturedFrames_1.0_0.5_-3.0/video.mp4#frame=36
36,RIGHT_INDEX,0.4431118965148926,0.19537799060344696,0.040147796273231506,0.9081388115882874,CapturedFrames_1.0_0.5_-3.0/video.mp4#frame=36
36,LEFT_THUMB,0.2831224799156189,0.19240978360176086,0.1451425701379776,0.6995090842247009,CapturedFrames_1.0_0.5_-3.0/video.mp4#frame=36
36,RIGHT_THUMB,0.4412216246128082,0.18728819489479065,0.04515141621232033,0.8810151815414429,CapturedFrames_1.0_0.5_-3.0/video.mp4#frame=36
36,LEFT_HIP,0.3274506628513336,0.15464042127132416,0.04810692369937897,0.9994351267814636,CapturedFrames_1.0_0.5_-3.0/video.mp4#frame=36
36,RIGHT_HIP,0.3758412003517151,0.15817910432815552,-0.04833395406603813,0.9994729161262512,CapturedFrames_1.0_0.5_-3.0/video.mp4#frame=36
36,LEFT_KNEE,0.3638891577720642,0.31715232133865356,0.15372134745121002,0.5260112285614014,CapturedFrames_1.0_0.5_-3.0/video.mp4#frame=36
36,RIGHT_KNEE,0.37928515672683716,0.336141973733902,-0.026385623961687088,0.934020459651947,CapturedFrames_1.0_0.5_-3.0/video.mp4#frame=36
36,LEFT_ANKLE,0.3775849938392639,0.4587637186050415,0.27185606956481934,0.59164959192276,CapturedFrames_1.0_0.5_-3.0/video.mp4#frame=36
36,RIGHT_ANKLE,0.36745256185531616,0.5153313875198364,0.02347814105451107,0.9164522290229797,CapturedFrames_1.0_0.5_-3.0/video.mp4#frame=36
36,LEFT_HEEL,0.37678447365760803,0.4858240485191345,0.27942997217178345,0.6496211886405945,CapturedFrames_1.0_0.5_-3.0/video.mp4#frame=36
36,RIGHT_HEEL,0.3599983751773834,0.5491030216217041,0.02707659639418125,0.9078497290611267,CapturedFrames_1.0_0.5_-3.0/video.mp4#frame=36
36,LEFT_FOOT_INDEX,0.3983837068080902,0.4756985604763031,0.253947377204895,0.43148088455200195,CapturedFrames_1.0_0.5_-3.0/video.mp4#frame=36
36,RIGHT_FOOT_INDEX,0.38966190814971924,0.5355136394500732,-0.021696684882044792,0.7213438153266907,CapturedFrames_1.0_0.5_-3.0/video.mp4#frame=36
37,NOSE,0.34136101603507996,-0.10253266990184784,0.16617357730865479,0.9646914005279541,CapturedFrames_1.0_0.5_-3.0/video.mp4#frame=37
37,LEFT_EYE_INNER,0.33638516068458557,-0.11618198454380035,0.14449307322502136,0.9653060436248779,CapturedFrames_1.0_0.5_-3.0/video.mp4#frame=37
37,LEFT_EYE,0.33394280076026917,-0.11604071408510208,0.14444608986377716,0.9651650190353394,CapturedFrames_1.0_0.5_-3.0/video.mp4#frame=37
37,LEFT_EYE_OUTER,0.3315179944038391,-0.11585374176502228,0.14440692961215973,0.957871675491333,CapturedFrames_1.0_0.5_-3.0/video.mp4#frame=37
37,RIGHT_EYE_INNER,0.3443567156791687,-0.11743129789829254,0.14504654705524445,0.9509484171867371,CapturedFrames_1.0_0.5_-3.0/video.mp4#frame=37
37,RIGHT_EYE,0.3471391201019287,-0.118106409907341,0.14507421851158142,0.9507854580879211,CapturedFrames_1.0_0.5_-3.0/video.mp4#frame=37
37,RIGHT_EYE_OUTER,0.34997278451919556,-0.11881600320339203,0.14494583010673523,0.9479187726974487,CapturedFrames_1.0_0.5_-3.0/video.mp4#frame=37
37,LEFT_EAR,0.32999956607818604,-0.11193104088306427,0.06097767874598503,0.9782270193099976,CapturedFrames_1.0_0.5_-3.0/video.mp4#frame=37
37,RIGHT_EAR,0.35653501749038696,-0.11640624701976776,0.06300955265760422,0.9723371267318726,CapturedFrames_1.0_0.5_-3.0/video.mp4#frame=37
37,MOUTH_LEFT,0.3397940397262573,-0.09144846349954605,0.14058569073677063,0.9695895910263062,CapturedFrames_1.0_0.5_-3.0/video.mp4#frame=37
37,MOUTH_RIGHT,0.3478104770183563,-0.09218772500753403,0.14134828746318817,0.964523434638977,CapturedFrames_1.0_0.5_-3.0/video.mp4#frame=37
37,LEFT_SHOULDER,0.3105674982070923,-0.037384241819381714,0.05379512161016464,0.9998968839645386,CapturedFrames_1.0_0.5_-3.0/video.mp4#frame=37
37,RIGHT_SHOULDER,0.3985183835029602,-0.05468817427754402,-0.01866501197218895,0.9999717473983765,CapturedFrames_1.0_0.5_-3.0/video.mp4#frame=37
37,LEFT_ELBOW,0.2936609983444214,0.05978795513510704,0.06259402632713318,0.9790902137756348,CapturedFrames_1.0_0.5_-3.0/video.mp4#frame=37
37,RIGHT_ELBOW,0.43820643424987793,0.06223304569721222,-0.029522499069571495,0.9935303330421448,CapturedFrames_1.0_0.5_-3.0/video.mp4#frame=37
37,LEFT_WRIST,0.27999818325042725,0.17013829946517944,0.11572235822677612,0.9084972143173218,CapturedFrames_1.0_0.5_-3.0/video.mp4#frame=37
37,RIGHT_WRIST,0.4535794258117676,0.17070043087005615,0.030977526679635048,0.9470154643058777,CapturedFrames_1.0_0.5_-3.0/video.mp4#frame=37
37,LEFT_PINKY,0.2776413559913635,0.19749581813812256,0.1210746318101883,0.809319794178009,CapturedFrames_1.0_0.5_-3.0/video.mp4#frame=37
37,RIGHT_PINKY,0.4553123414516449,0.19823090732097626,0.03211022540926933,0.8742008209228516,CapturedFrames_1.0_0.5_-3.0/video.mp4#frame=37
37,LEFT_INDEX,0.2831006646156311,0.20114538073539734,0.12517611682415009,0.7917385101318359,CapturedFrames_1.0_0.5_-3.0/video.mp4#frame=37
37,RIGHT_INDEX,0.45031389594078064,0.20040631294250488,0.03704649955034256,0.8456597328186035,CapturedFrames_1.0_0.5_-3.0/video.mp4#frame=37
37,LEFT_THUMB,0.286090612411499,0.1949366182088852,0.11873722076416016,0.7162169814109802,CapturedFrames_1.0_0.5_-3.0/video.mp4#frame=37
37,RIGHT_THUMB,0.44820651412010193,0.19348381459712982,0.03373260423541069,0.8107355237007141,CapturedFrames_1.0_0.5_-3.0/video.mp4#frame=37
37,LEFT_HIP,0.3368608057498932,0.16690680384635925,0.048717841506004333,0.9993368983268738,CapturedFrames_1.0_0.5_-3.0/video.mp4#frame=37
37,RIGHT_HIP,0.38110220432281494,0.16884753108024597,-0.04900391027331352,0.999723494052887,CapturedFrames_1.0_0.5_-3.0/video.mp4#frame=37
37,LEFT_KNEE,0.37444159388542175,0.30612727999687195,0.1833508163690567,0.4456590414047241,CapturedFrames_1.0_0.5_-3.0/video.mp4#frame=37
37,RIGHT_KNEE,0.384021133184433,0.3420202434062958,-0.03067469224333763,0.9543301463127136,CapturedFrames_1.0_0.5_-3.0/video.mp4#frame=37
37,LEFT_ANKLE,0.3872443735599518,0.4360518157482147,0.3290676772594452,0.5846858024597168,CapturedFrames_1.0_0.5_-3.0/video.mp4#frame=37
37,RIGHT_ANKLE,0.3672090768814087,0.5189235210418701,0.017400937154889107,0.9342673420906067,CapturedFrames_1.0_0.5_-3.0/video.mp4#frame=37
37,LEFT_HEEL,0.3909206688404083,0.4548506736755371,0.3404143154621124,0.6098363995552063,CapturedFrames_1.0_0.5_-3.0/video.mp4#frame=37
37,RIGHT_HEEL,0.36510682106018066,0.5282588601112366,0.021448718383908272,0.8918209671974182,CapturedFrames_1.0_0.5_-3.0/video.mp4#frame=37
37,LEFT_FOOT_INDEX,0.3961544334888458,0.44199588894844055,0.3281295895576477,0.48800960183143616,CapturedFrames_1.0_0.5_-3.0/video.mp4#frame=37
37,RIGHT_FOOT_INDEX,0.3920353353023529,0.5426852703094482,-0.02346569299697876,0.772881031036377,CapturedFrames_1.0_0.5_-3.0/video.mp4#frame=37
38,NOSE,0.36687833070755005,-0.12056465446949005,0.17504079639911652,0.828995406627655,CapturedFrames_1.0_0.5_-3.0/video.mp4#frame=38
38,LEFT_EYE_INNER,0.36380457878112793,-0.1313987523317337,0.15312732756137848,0.8024737238883972,CapturedFrames_1.0_0.5_-3.0/video.mp4#frame=38
38,LEFT_EYE,0.3608088493347168,-0.13082201778888702,0.1530679315328598,0.8281622529029846,CapturedFrames_1.0_0.5_-3.0/video.mp4#frame=38
38,LEFT_EYE_OUTER,0.35589370131492615,-0.121581070125103,0.15302293002605438,0.7988006472587585,CapturedFrames_1.0_0.5_-3.0/video.mp4#frame=38
38,RIGHT_EYE_INNER,0.3733747601509094,-0.13167361915111542,0.1536426544189453,0.7291887402534485,CapturedFrames_1.0_0.5_-3.0/video.mp4#frame=38
38,RIGHT_EYE,0.3762393593788147,-0.13127513229846954,0.1536891609430313,0.7593715190887451,CapturedFrames_1.0_0.5_-3.0/video.mp4#frame=38
38,RIGHT_EYE_OUTER,0.38056501746177673,-0.1311883181333542,0.1535586565732956,0.7328394651412964,CapturedFrames_1.0_0.5_-3.0/video.mp4#frame=38
38,LEFT_EAR,0.35315829515457153,-0.11785946786403656,0.06406506150960922,0.8645709156990051,CapturedFrames_1.0_0.5_-3.0/video.mp4#frame=38
38,RIGHT_EAR,0.3845110833644867,-0.12113772332668304,0.06730528920888901,0.820303738117218,CapturedFrames_1.0_0.5_-3.0/video.mp4#frame=38
38,MOUTH_LEFT,0.362796425819397,-0.09568213671445847,0.1468755006790161,0.8436852693557739,CapturedFrames_1.0_0.5_-3.0/video.mp4#frame=38
38,MOUTH_RIGHT,0.37057164311408997,-0.09555896371603012,0.1479240506887436,0.8069237470626831,CapturedFrames_1.0_0.5_-3.0/video.mp4#frame=38
38,LEFT_SHOULDER,0.3279842138290405,-0.043681398034095764,0.061291567981243134,0.9996925592422485,CapturedFrames_1.0_0.5_-3.0/video.mp4#frame=38
38,RIGHT_SHOULDER,0.4113190770149231,-0.05284135043621063,-0.020707620307803154,0.9999426603317261,CapturedFrames_1.0_0.5_-3.0/video.mp4#frame=38
38,LEFT_ELBOW,0.3052779734134674,0.0645177811384201,0.07694369554519653,0.9646772742271423,CapturedFrames_1.0_0.5_-3.0/video.mp4#frame=38
38,RIGHT_ELBOW,0.44407933950424194,0.07646308839321136,-0.02632531151175499,0.9899377822875977,CapturedFrames_1.0_0.5_-3.0/video.mp4#frame=38
38,LEFT_WRIST,0.2908642292022705,0.1775827556848526,0.13080306351184845,0.8779219388961792,CapturedFrames_1.0_0.5_-3.0/video.mp4#frame=38
38,RIGHT_WRIST,0.4599282145500183,0.1799970269203186,0.01926681585609913,0.9595285058021545,CapturedFrames_1.0_0.5_-3.0/video.mp4#frame=38
38,LEFT_PINKY,0.28770357370376587,0.20586983859539032,0.13979996740818024,0.7558385729789734,CapturedFrames_1.0_0.5_-3.0/video.mp4#frame=38
38,RIGHT_PINKY,0.46327823400497437,0.20706886053085327,0.01891140826046467,0.9043184518814087,CapturedFrames_1.0_0.5_-3.0/video.mp4#frame=38
38,LEFT_INDEX,0.29236945509910583,0.20865589380264282,0.14264804124832153,0.7392002940177917,CapturedFrames_1.0_0.5_-3.0/video.mp4#frame=38
38,RIGHT_INDEX,0.4584018290042877,0.2098485678434372,0.022085091099143028,0.8859832286834717,CapturedFrames_1.0_0.5_-3.0/video.mp4#frame=38
38,LEFT_THUMB,0.2970045804977417,0.20118825137615204,0.13394662737846375,0.6571595072746277,CapturedFrames_1.0_0.5_-3.0/video.mp4#frame=38
38,RIGHT_THUMB,0.45605722069740295,0.20385286211967468,0.021480824798345566,0.8581011295318604,CapturedFrames_1.0_0.5_-3.0/video.mp4#frame=38
38,LEFT_HIP,0.34511688351631165,0.17619170248508453,0.05379974842071533,0.9991822838783264,CapturedFrames_1.0_0.5_-3.0/video.mp4#frame=38
38,RIGHT_HIP,0.38870054483413696,0.1768757700920105,-0.05406218022108078,0.9996811151504517,CapturedFrames_1.0_0.5_-3.0/video.mp4#frame=38
38,LEFT_KNEE,0.37954190373420715,0.31833863258361816,0.18382218480110168,0.33222588896751404,CapturedFrames_1.0_0.5_-3.0/video.mp4#frame=38
38,RIGHT_KNEE,0.3875335454940796,0.34954750537872314,-0.037283942103385925,0.937800407409668,CapturedFrames_1.0_0.5_-3.0/video.mp4#frame=38
38,LEFT_ANKLE,0.3891475200653076,0.4513642191886902,0.3237653970718384,0.5041696429252625,CapturedFrames_1.0_0.5_-3.0/video.mp4#frame=38
38,RIGHT_ANKLE,0.3674071431159973,0.5160284042358398,0.0023422897793352604,0.9102728962898254,CapturedFrames_1.0_0.5_-3.0/video.mp4#frame=38
38,LEFT_HEEL,0.3938751816749573,0.4641004800796509,0.3341606557369232,0.5355013012886047,CapturedFrames_1.0_0.5_-3.0/video.mp4#frame=38
38,RIGHT_HEEL,0.3551202714443207,0.5561833381652832,0.0057389759458601475,0.8642619848251343,CapturedFrames_1.0_0.5_-3.0/video.mp4#frame=38
38,LEFT_FOOT_INDEX,0.39957666397094727,0.45145127177238464,0.32095807790756226,0.4514327347278595,CapturedFrames_1.0_0.5_-3.0/video.mp4#frame=38
38,RIGHT_FOOT_INDEX,0.39485302567481995,0.5506594777107239,-0.03847569599747658,0.7742736339569092,CapturedFrames_1.0_0.5_-3.0/video.mp4#frame=38
39,NOSE,0.3807375729084015,-0.0648353099822998,0.2515118718147278,0.9788621664047241,CapturedFrames_1.0_0.5_-3.0/video.mp4#frame=39
39,LEFT_EYE_INNER,0.3771796226501465,-0.07874289155006409,0.23586921393871307,0.9675903916358948,CapturedFrames_1.0_0.5_-3.0/video.mp4#frame=39
39,LEFT_EYE,0.37439796328544617,-0.07889285683631897,0.23583409190177917,0.9721919894218445,CapturedFrames_1.0_0.5_-3.0/video.mp4#frame=39
39,LEFT_EYE_OUTER,0.37162065505981445,-0.07900553941726685,0.23581691086292267,0.967889666557312,CapturedFrames_1.0_0.5_-3.0/video.mp4#frame=39
39,RIGHT_EYE_INNER,0.38457638025283813,-0.07929748296737671,0.23182132840156555,0.9567655920982361,CapturedFrames_1.0_0.5_-3.0/video.mp4#frame=39
39,RIGHT_EYE,0.3868321180343628,-0.08001875877380371,0.2318720519542694,0.95949786901474,CapturedFrames_1.0_0.5_-3.0/video.mp4#frame=39
39,RIGHT_EYE_OUTER,0.38912564516067505,-0.08077433705329895,0.2317594587802887,0.9514855742454529,CapturedFrames_1.0_0.5_-3.0/video.mp4#frame=39
39,LEFT_EAR,0.36552882194519043,-0.07680022716522217,0.1616923213005066,0.9731358289718628,CapturedFrames_1.0_0.5_-3.0/video.mp4#frame=39
39,RIGHT_EAR,0.39040249586105347,-0.0789773166179657,0.14351890981197357,0.9720466732978821,CapturedFrames_1.0_0.5_-3.0/video.mp4#frame=39
39,MOUTH_LEFT,0.37523362040519714,-0.05525985360145569,0.22735564410686493,0.9777663946151733,CapturedFrames_1.0_0.5_-3.0/video.mp4#frame=39
39,MOUTH_RIGHT,0.38260123133659363,-0.05578988790512085,0.222022145986557,0.9726006984710693,CapturedFrames_1.0_0.5_-3.0/video.mp4#frame=39
39,LEFT_SHOULDER,0.3325086534023285,-0.009038344025611877,0.14043444395065308,0.9999445676803589,CapturedFrames_1.0_0.5_-3.0/video.mp4#frame=39
39,RIGHT_SHOULDER,0.41537222266197205,-0.000971481204032898,0.0420367531478405,0.9999876022338867,CapturedFrames_1.0_0.5_-3.0/video.mp4#frame=39
39,LEFT_ELBOW,0.31191596388816833,0.09259756654500961,0.13598980009555817,0.9900206327438354,CapturedFrames_1.0_0.5_-3.0/video.mp4#frame=39
39,RIGHT_ELBOW,0.4494510293006897,0.09289813786745071,0.029361676424741745,0.9943956136703491,CapturedFrames_1.0_0.5_-3.0/video.mp4#frame=39
39,LEFT_WRIST,0.29969459772109985,0.1911788135766983,0.1654985100030899,0.9366871118545532,CapturedFrames_1.0_0.5_-3.0/video.mp4#frame=39
39,RIGHT_WRIST,0.46432042121887207,0.1917702853679657,0.09302227944135666,0.9665868282318115,CapturedFrames_1.0_0.5_-3.0/video.mp4#frame=39
39,LEFT_PINKY,0.29600435495376587,0.21707405149936676,0.16994833946228027,0.8443431258201599,CapturedFrames_1.0_0.5_-3.0/video.mp4#frame=39
39,RIGHT_PINKY,0.4669666290283203,0.220432847738266,0.0978054329752922,0.9217225313186646,CapturedFrames_1.0_0.5_-3.0/video.mp4#frame=39
39,LEFT_INDEX,0.30031847953796387,0.21907562017440796,0.17524059116840363,0.8368859887123108,CapturedFrames_1.0_0.5_-3.0/video.mp4#frame=39
39,RIGHT_INDEX,0.4624551832675934,0.2201811671257019,0.10077353566884995,0.9093947410583496,CapturedFrames_1.0_0.5_-3.0/video.mp4#frame=39
39,LEFT_THUMB,0.30400240421295166,0.2129305899143219,0.16841503977775574,0.7908852100372314,CapturedFrames_1.0_0.5_-3.0/video.mp4#frame=39
39,RIGHT_THUMB,0.46018534898757935,0.2124023586511612,0.09659342467784882,0.8843678832054138,CapturedFrames_1.0_0.5_-3.0/video.mp4#frame=39
39,LEFT_HIP,0.3543727695941925,0.19032208621501923,0.06005123257637024,0.9995936751365662,CapturedFrames_1.0_0.5_-3.0/video.mp4#frame=39
39,RIGHT_HIP,0.39453259110450745,0.1916780322790146,-0.060308802872896194,0.9998214840888977,CapturedFrames_1.0_0.5_-3.0/video.mp4#frame=39
39,LEFT_KNEE,0.3848206400871277,0.3328949809074402,0.14263349771499634,0.5599082708358765,CapturedFrames_1.0_0.5_-3.0/video.mp4#frame=39
39,RIGHT_KNEE,0.38985174894332886,0.3543444275856018,-0.09393645823001862,0.9783812761306763,CapturedFrames_1.0_0.5_-3.0/video.mp4#frame=39
39,LEFT_ANKLE,0.40097540616989136,0.4699970781803131,0.20970746874809265,0.6913796663284302,CapturedFrames_1.0_0.5_-3.0/video.mp4#frame=39
39,RIGHT_ANKLE,0.36735543608665466,0.5277920961380005,-0.11949600279331207,0.9719573259353638,CapturedFrames_1.0_0.5_-3.0/video.mp4#frame=39
39,LEFT_HEEL,0.40342020988464355,0.4861569404602051,0.21102984249591827,0.7314172387123108,CapturedFrames_1.0_0.5_-3.0/video.mp4#frame=39
39,RIGHT_HEEL,0.3543983995914459,0.5591873526573181,-0.12405174970626831,0.9565761089324951,CapturedFrames_1.0_0.5_-3.0/video.mp4#frame=39
39,LEFT_FOOT_INDEX,0.412360817193985,0.4781223237514496,0.1925876885652542,0.6067209243774414,CapturedFrames_1.0_0.5_-3.0/video.mp4#frame=39
39,RIGHT_FOOT_INDEX,0.3936727046966553,0.5575369000434875,-0.17312659323215485,0.9140948057174683,CapturedFrames_1.0_0.5_-3.0/video.mp4#frame=39
40,NOSE,0.3689974248409271,-0.04007795453071594,0.2256019562482834,0.9338117837905884,CapturedFrames_1.0_0.5_-3.0/video.mp4#frame=40
40,LEFT_EYE_INNER,0.36476024985313416,-0.05381103977560997,0.21010112762451172,0.8996109962463379,CapturedFrames_1.0_0.5_-3.0/video.mp4#frame=40
40,LEFT_EYE,0.3625347912311554,-0.054141223430633545,0.2100546807050705,0.9187225699424744,CapturedFrames_1.0_0.5_-3.0/video.mp4#frame=40
40,LEFT_EYE_OUTER,0.36031562089920044,-0.054434265941381454,0.2100200206041336,0.8991838097572327,CapturedFrames_1.0_0.5_-3.0/video.mp4#frame=40
40,RIGHT_EYE_INNER,0.37602075934410095,-0.07564637064933777,0.2074926644563675,0.8651410937309265,CapturedFrames_1.0_0.5_-3.0/video.mp4#frame=40
40,RIGHT_EYE,0.37372449040412903,-0.054906994104385376,0.2075289785861969,0.8886626958847046,CapturedFrames_1.0_0.5_-3.0/video.mp4#frame=40
40,RIGHT_EYE_OUTER,0.37600377202033997,-0.05563148856163025,0.20740456879138947,0.8615873456001282,CapturedFrames_1.0_0.5_-3.0/video.mp4#frame=40
40,LEFT_EAR,0.3582725524902344,-0.05397588014602661,0.14088203012943268,0.9181955456733704,CapturedFrames_1.0_0.5_-3.0/video.mp4#frame=40
40,RIGHT_EAR,0.3805586099624634,-0.05577859282493591,0.13015274703502655,0.9197220206260681,CapturedFrames_1.0_0.5_-3.0/video.mp4#frame=40
40,MOUTH_LEFT,0.3670077621936798,-0.03198465704917908,0.20378360152244568,0.9264459013938904,CapturedFrames_1.0_0.5_-3.0/video.mp4#frame=40
40,MOUTH_RIGHT,0.37374284863471985,-0.03193092346191406,0.20066580176353455,0.909710705280304,CapturedFrames_1.0_0.5_-3.0/video.mp4#frame=40
40,LEFT_SHOULDER,0.334447979927063,0.014859989285469055,0.13709381222724915,0.9998962879180908,CapturedFrames_1.0_0.5_-3.0/video.mp4#frame=40
40,RIGHT_SHOULDER,0.4193350672721863,0.003618687391281128,0.029337424784898758,0.9999854564666748,CapturedFrames_1.0_0.5_-3.0/video.mp4#frame=40
40,LEFT_ELBOW,0.32318535447120667,0.0994194895029068,0.1496080458164215,0.9202898144721985,CapturedFrames_1.0_0.5_-3.0/video.mp4#frame=40
40,RIGHT_ELBOW,0.44989919662475586,0.10092967003583908,0.010759840719401836,0.9962899684906006,CapturedFrames_1.0_0.5_-3.0/video.mp4#frame=40
40,LEFT_WRIST,0.31084853410720825,0.20539003610610962,0.19833886623382568,0.821379542350769,CapturedFrames_1.0_0.5_-3.0/video.mp4#frame=40
40,RIGHT_WRIST,0.4668247103691101,0.2030450999736786,0.053548358380794525,0.9713804125785828,CapturedFrames_1.0_0.5_-3.0/video.mp4#frame=40
40,LEFT_PINKY,0.3066108226776123,0.23148758709430695,0.20777876675128937,0.7127431631088257,CapturedFrames_1.0_0.5_-3.0/video.mp4#frame=40
40,RIGHT_PINKY,0.46932491660118103,0.22960948944091797,0.05562571436166763,0.930351972579956,CapturedFrames_1.0_0.5_-3.0/video.mp4#frame=40
40,LEFT_INDEX,0.3097495138645172,0.23277823626995087,0.21173277497291565,0.6978421211242676,CapturedFrames_1.0_0.5_-3.0/video.mp4#frame=40
40,RIGHT_INDEX,0.46511930227279663,0.23042625188827515,0.05915377289056778,0.9180809259414673,CapturedFrames_1.0_0.5_-3.0/video.mp4#frame=40
40,LEFT_THUMB,0.3143762946128845,0.22625134885311127,0.20113782584667206,0.6146342158317566,CapturedFrames_1.0_0.5_-3.0/video.mp4#frame=40
40,RIGHT_THUMB,0.4627975821495056,0.2242056131362915,0.05644955486059189,0.897911787033081,CapturedFrames_1.0_0.5_-3.0/video.mp4#frame=40
40,LEFT_HIP,0.35942262411117554,0.19874802231788635,0.05834632366895676,0.9995654225349426,CapturedFrames_1.0_0.5_-3.0/video.mp4#frame=40
40,RIGHT_HIP,0.3992932140827179,0.1969156116247177,-0.05864245444536209,0.9996927976608276,CapturedFrames_1.0_0.5_-3.0/video.mp4#frame=40
40,LEFT_KNEE,0.38838034868240356,0.34623098373413086,0.11633624881505966,0.5469682216644287,CapturedFrames_1.0_0.5_-3.0/video.mp4#frame=40
40,RIGHT_KNEE,0.39186912775039673,0.35570746660232544,-0.09593304991722107,0.9680661559104919,CapturedFrames_1.0_0.5_-3.0/video.mp4#frame=40
40,LEFT_ANKLE,0.4028798043727875,0.48693087697029114,0.1697203665971756,0.6946940422058105,CapturedFrames_1.0_0.5_-3.0/video.mp4#frame=40
40,RIGHT_ANKLE,0.3695363402366638,0.522136926651001,-0.10423067957162857,0.9560146331787109,CapturedFrames_1.0_0.5_-3.0/video.mp4#frame=40
40,LEFT_HEEL,0.402787983417511,0.5054098963737488,0.16921672224998474,0.70565265417099,CapturedFrames_1.0_0.5_-3.0/video.mp4#frame=40
40,RIGHT_HEEL,0.35619091987609863,0.5530691146850586,-0.10635147988796234,0.9317458868026733,CapturedFrames_1.0_0.5_-3.0/video.mp4#frame=40
40,LEFT_FOOT_INDEX,0.4141867160797119,0.5008522868156433,0.14311425387859344,0.6004438996315002,CapturedFrames_1.0_0.5_-3.0/video.mp4#frame=40
40,RIGHT_FOOT_INDEX,0.392858624458313,0.5543484687805176,-0.15461809933185577,0.9000247716903687,CapturedFrames_1.0_0.5_-3.0/video.mp4#frame=40
41,NOSE,0.3853362798690796,-0.07531890273094177,0.17633406817913055,0.8209989070892334,CapturedFrames_1.0_0.5_-3.0/video.mp4#frame=41
41,LEFT_EYE_INNER,0.3817153573036194,-0.08519876003265381,0.15735672414302826,0.7561653256416321,CapturedFrames_1.0_0.5_-3.0/video.mp4#frame=41
41,LEFT_EYE,0.3793319761753082,-0.08398818969726562,0.15730059146881104,0.793148934841156,CapturedFrames_1.0_0.5_-3.0/video.mp4#frame=41
41,LEFT_EYE_OUTER,0.3794638514518738,-0.0712328851222992,0.15726907551288605,0.7711671590805054,CapturedFrames_1.0_0.5_-3.0/video.mp4#frame=41
41,RIGHT_EYE_INNER,0.3901659846305847,-0.0865108072757721,0.15509557723999023,0.7106271982192993,CapturedFrames_1.0_0.5_-3.0/video.mp4#frame=41
41,RIGHT_EYE,0.3941749930381775,-0.08597657084465027,0.15514270961284637,0.756901741027832,CapturedFrames_1.0_0.5_-3.0/video.mp4#frame=41
41,RIGHT_EYE_OUTER,0.3963123559951782,-0.07304707169532776,0.1550256609916687,0.717695415019989,CapturedFrames_1.0_0.5_-3.0/video.mp4#frame=41
41,LEFT_EAR,0.3749847412109375,-0.0688270628452301,0.07907409220933914,0.8261948227882385,CapturedFrames_1.0_0.5_-3.0/video.mp4#frame=41
41,RIGHT_EAR,0.39868175983428955,-0.07108232378959656,0.069654181599617,0.8304868340492249,CapturedFrames_1.0_0.5_-3.0/video.mp4#frame=41
41,MOUTH_LEFT,0.38387176394462585,-0.046366363763809204,0.15168045461177826,0.8282840847969055,CapturedFrames_1.0_0.5_-3.0/video.mp4#frame=41
41,MOUTH_RIGHT,0.39107316732406616,-0.04708763584494591,0.14898626506328583,0.8145411014556885,CapturedFrames_1.0_0.5_-3.0/video.mp4#frame=41
41,LEFT_SHOULDER,0.3422289788722992,0.009609103202819824,0.07654757052659988,0.9997127652168274,CapturedFrames_1.0_0.5_-3.0/video.mp4#frame=41
41,RIGHT_SHOULDER,0.42326632142066956,0.005557193886488676,-0.01654769480228424,0.9999209642410278,CapturedFrames_1.0_0.5_-3.0/video.mp4#frame=41
41,LEFT_ELBOW,0.33105790615081787,0.10622662305831909,0.08477582782506943,0.9457497000694275,CapturedFrames_1.0_0.5_-3.0/video.mp4#frame=41
41,RIGHT_ELBOW,0.4507471024990082,0.11158707737922668,-0.029274052008986473,0.9919276237487793,CapturedFrames_1.0_0.5_-3.0/video.mp4#frame=41
41,LEFT_WRIST,0.3173936605453491,0.21681945025920868,0.11435183137655258,0.8454321026802063,CapturedFrames_1.0_0.5_-3.0/video.mp4#frame=41
41,RIGHT_WRIST,0.4688228964805603,0.215065136551857,0.000591911084484309,0.9726425409317017,CapturedFrames_1.0_0.5_-3.0/video.mp4#frame=41
41,LEFT_PINKY,0.3138129413127899,0.24292899668216705,0.11966405808925629,0.7174461483955383,CapturedFrames_1.0_0.5_-3.0/video.mp4#frame=41
41,RIGHT_PINKY,0.4715099334716797,0.24252702295780182,-0.0024909840431064367,0.9372701048851013,CapturedFrames_1.0_0.5_-3.0/video.mp4#frame=41
41,LEFT_INDEX,0.3184216022491455,0.24485072493553162,0.11998751014471054,0.7079349160194397,CapturedFrames_1.0_0.5_-3.0/video.mp4#frame=41
41,RIGHT_INDEX,0.4662853181362152,0.24420155584812164,-0.0005046369624324143,0.9282081723213196,CapturedFrames_1.0_0.5_-3.0/video.mp4#frame=41
41,LEFT_THUMB,0.3221512734889984,0.2390577346086502,0.11533132940530777,0.6298019289970398,CapturedFrames_1.0_0.5_-3.0/video.mp4#frame=41
41,RIGHT_THUMB,0.46415191888809204,0.23616506159305573,0.002165115438401699,0.9046427011489868,CapturedFrames_1.0_0.5_-3.0/video.mp4#frame=41
41,LEFT_HIP,0.3664213716983795,0.20414471626281738,0.054866500198841095,0.9994623064994812,CapturedFrames_1.0_0.5_-3.0/video.mp4#frame=41
41,RIGHT_HIP,0.4048313498497009,0.20073680579662323,-0.055046044290065765,0.9992576241493225,CapturedFrames_1.0_0.5_-3.0/video.mp4#frame=41
41,LEFT_KNEE,0.39563971757888794,0.3492450714111328,0.08955644071102142,0.48281770944595337,CapturedFrames_1.0_0.5_-3.0/video.mp4#frame=41
41,RIGHT_KNEE,0.40050411224365234,0.35526180267333984,-0.05025140196084976,0.9451160430908203,CapturedFrames_1.0_0.5_-3.0/video.mp4#frame=41
41,LEFT_ANKLE,0.39778774976730347,0.4871935248374939,0.16734711825847626,0.5806666016578674,CapturedFrames_1.0_0.5_-3.0/video.mp4#frame=41
41,RIGHT_ANKLE,0.3773086667060852,0.5101412534713745,0.00035519752418622375,0.9333078265190125,CapturedFrames_1.0_0.5_-3.0/video.mp4#frame=41
41,LEFT_HEEL,0.39092522859573364,0.5268236398696899,0.17057158052921295,0.5912768840789795,CapturedFrames_1.0_0.5_-3.0/video.mp4#frame=41
41,RIGHT_HEEL,0.3612980842590332,0.536104142665863,0.004866544622927904,0.8877911567687988,CapturedFrames_1.0_0.5_-3.0/video.mp4#frame=41
41,LEFT_FOOT_INDEX,0.4136081337928772,0.5159872770309448,0.1381443440914154,0.5323600172996521,CapturedFrames_1.0_0.5_-3.0/video.mp4#frame=41
41,RIGHT_FOOT_INDEX,0.3976632058620453,0.5551921129226685,-0.036263179033994675,0.8629946112632751,CapturedFrames_1.0_0.5_-3.0/video.mp4#frame=41
42,NOSE,0.38328221440315247,-0.07375067472457886,0.11113844811916351,0.9952606558799744,CapturedFrames_1.0_0.5_-3.0/video.mp4#frame=42
42,LEFT_EYE_INNER,0.37908148765563965,-0.08255922794342041,0.08803592622280121,0.993131697177887,CapturedFrames_1.0_0.5_-3.0/video.mp4#frame=42
42,LEFT_EYE,0.37411364912986755,-0.07224225997924805,0.08800795674324036,0.9937408566474915,CapturedFrames_1.0_0.5_-3.0/video.mp4#frame=42
42,LEFT_EYE_OUTER,0.37141379714012146,-0.07162225246429443,0.08798699826002121,0.9931977987289429,CapturedFrames_1.0_0.5_-3.0/video.mp4#frame=42
42,RIGHT_EYE_INNER,0.38815078139305115,-0.08677184581756592,0.08719351142644882,0.9922090768814087,CapturedFrames_1.0_0.5_-3.0/video.mp4#frame=42
42,RIGHT_EYE,0.39118149876594543,-0.08716189861297607,0.08719053119421005,0.99310702085495,CapturedFrames_1.0_0.5_-3.0/video.mp4#frame=42
42,RIGHT_EYE_OUTER,0.3908803462982178,-0.07554832100868225,0.08709122240543365,0.9922550916671753,CapturedFrames_1.0_0.5_-3.0/video.mp4#frame=42
42,LEFT_EAR,0.3688756823539734,-0.06379944086074829,0.0016969923162832856,0.9959927797317505,CapturedFrames_1.0_0.5_-3.0/video.mp4#frame=42
42,RIGHT_EAR,0.3966090977191925,-0.06915944814682007,-0.0023005311377346516,0.9971740245819092,CapturedFrames_1.0_0.5_-3.0/video.mp4#frame=42
42,MOUTH_LEFT,0.3789932131767273,-0.048388365656137466,0.08476046472787857,0.9954458475112915,CapturedFrames_1.0_0.5_-3.0/video.mp4#frame=42
42,MOUTH_RIGHT,0.3876104950904846,-0.05013653263449669,0.08361845463514328,0.9954726099967957,CapturedFrames_1.0_0.5_-3.0/video.mp4#frame=42
42,LEFT_SHOULDER,0.34600281715393066,0.02222578227519989,0.004886167589575052,0.9999266862869263,CapturedFrames_1.0_0.5_-3.0/video.mp4#frame=42
42,RIGHT_SHOULDER,0.4264223575592041,0.011098474264144897,-0.0729227289557457,0.9999500513076782,CapturedFrames_1.0_0.5_-3.0/video.mp4#frame=42
42,LEFT_ELBOW,0.33728986978530884,0.12114758789539337,0.004807811230421066,0.9630126953125,CapturedFrames_1.0_0.5_-3.0/video.mp4#frame=42
42,RIGHT_ELBOW,0.45161715149879456,0.12144430726766586,-0.07335684448480606,0.9950000047683716,CapturedFrames_1.0_0.5_-3.0/video.mp4#frame=42
42,LEFT_WRIST,0.3260462284088135,0.23026520013809204,0.029573682695627213,0.9118524193763733,CapturedFrames_1.0_0.5_-3.0/video.mp4#frame=42
42,RIGHT_WRIST,0.4702233374118805,0.22205446660518646,-0.015177309513092041,0.9727360010147095,CapturedFrames_1.0_0.5_-3.0/video.mp4#frame=42
42,LEFT_PINKY,0.3238702714443207,0.2577589750289917,0.03305158391594887,0.797185480594635,CapturedFrames_1.0_0.5_-3.0/video.mp4#frame=42
42,RIGHT_PINKY,0.47278207540512085,0.25018441677093506,-0.01584716886281967,0.9328770637512207,CapturedFrames_1.0_0.5_-3.0/video.mp4#frame=42
42,LEFT_INDEX,0.3279452323913574,0.25766754150390625,0.030971091240644455,0.7861539721488953,CapturedFrames_1.0_0.5_-3.0/video.mp4#frame=42
42,RIGHT_INDEX,0.4680127501487732,0.2526114881038666,-0.012223218567669392,0.9232962131500244,CapturedFrames_1.0_0.5_-3.0/video.mp4#frame=42
42,LEFT_THUMB,0.33105143904685974,0.25039154291152954,0.029195556417107582,0.7166408896446228,CapturedFrames_1.0_0.5_-3.0/video.mp4#frame=42
42,RIGHT_THUMB,0.4663296639919281,0.24443647265434265,-0.01291198842227459,0.8999949097633362,CapturedFrames_1.0_0.5_-3.0/video.mp4#frame=42
42,LEFT_HIP,0.36968985199928284,0.205746591091156,0.049349766224622726,0.9998757839202881,CapturedFrames_1.0_0.5_-3.0/video.mp4#frame=42
42,RIGHT_HIP,0.40971678495407104,0.20227593183517456,-0.04960324242711067,0.9996836185455322,CapturedFrames_1.0_0.5_-3.0/video.mp4#frame=42
42,LEFT_KNEE,0.3962368369102478,0.3553505837917328,0.05715753883123398,0.8111873269081116,CapturedFrames_1.0_0.5_-3.0/video.mp4#frame=42
42,RIGHT_KNEE,0.418817937374115,0.3540152311325073,-0.056185029447078705,0.9784258008003235,CapturedFrames_1.0_0.5_-3.0/video.mp4#frame=42
42,LEFT_ANKLE,0.3947716951370239,0.4971316158771515,0.08669571578502655,0.9177685976028442,CapturedFrames_1.0_0.5_-3.0/video.mp4#frame=42
42,RIGHT_ANKLE,0.38773950934410095,0.48899540305137634,-0.024935584515333176,0.9824935793876648,CapturedFrames_1.0_0.5_-3.0/video.mp4#frame=42
42,LEFT_HEEL,0.3833508789539337,0.5294327139854431,0.08467216044664383,0.8715323805809021,CapturedFrames_1.0_0.5_-3.0/video.mp4#frame=42
42,RIGHT_HEEL,0.37028491497039795,0.5045163631439209,-0.02251923643052578,0.9531449675559998,CapturedFrames_1.0_0.5_-3.0/video.mp4#frame=42
42,LEFT_FOOT_INDEX,0.40610581636428833,0.5450139045715332,0.035278018563985825,0.8692182302474976,CapturedFrames_1.0_0.5_-3.0/video.mp4#frame=42
42,RIGHT_FOOT_INDEX,0.39126408100128174,0.5526673793792725,-0.0666632354259491,0.966378927230835,CapturedFrames_1.0_0.5_-3.0/video.mp4#frame=42
43,NOSE,0.38379842042922974,-0.07287199795246124,0.021561194211244583,0.9996247291564941,CapturedFrames_1.0_0.5_-3.0/video.mp4#frame=43
43,LEFT_EYE_INNER,0.3748989701271057,-0.07745455205440521,-0.001450632931664586,0.9992600083351135,CapturedFrames_1.0_0.5_-3.0/video.mp4#frame=43
43,LEFT_EYE,0.37240663170814514,-0.07624019682407379,-0.001462523709051311,0.999303936958313,CapturedFrames_1.0_0.5_-3.0/video.mp4#frame=43
43,LEFT_EYE_OUTER,0.36994102597236633,-0.07502351701259613,-0.001472185947932303,0.9990565180778503,CapturedFrames_1.0_0.5_-3.0/video.mp4#frame=43
43,RIGHT_EYE_INNER,0.3880676031112671,-0.08724699914455414,0.0010189658496528864,0.9993155002593994,CapturedFrames_1.0_0.5_-3.0/video.mp4#frame=43
43,RIGHT_EYE,0.39061862230300903,-0.08868156373500824,0.0010005257790908217,0.9994151592254639,CapturedFrames_1.0_0.5_-3.0/video.mp4#frame=43
43,RIGHT_EYE_OUTER,0.3896622657775879,-0.0817766934633255,0.0009354354115203023,0.9992461204528809,CapturedFrames_1.0_0.5_-3.0/video.mp4#frame=43
43,LEFT_EAR,0.36953288316726685,-0.06341622769832611,-0.08195129781961441,0.9994506239891052,CapturedFrames_1.0_0.5_-3.0/video.mp4#frame=43
43,RIGHT_EAR,0.39801961183547974,-0.07287658751010895,-0.07154270261526108,0.9997343420982361,CapturedFrames_1.0_0.5_-3.0/video.mp4#frame=43
43,MOUTH_LEFT,0.3781188428401947,-0.05361069738864899,-0.0029063750989735126,0.9993780851364136,CapturedFrames_1.0_0.5_-3.0/video.mp4#frame=43
43,MOUTH_RIGHT,0.38674113154411316,-0.05675740912556648,0.0002631020324770361,0.9994136095046997,CapturedFrames_1.0_0.5_-3.0/video.mp4#frame=43
43,LEFT_SHOULDER,0.3524773120880127,0.023622721433639526,-0.06399425119161606,0.9999268054962158,CapturedFrames_1.0_0.5_-3.0/video.mp4#frame=43
43,RIGHT_SHOULDER,0.4297179579734802,0.015578821301460266,-0.1249675527215004,0.9999665021896362,CapturedFrames_1.0_0.5_-3.0/video.mp4#frame=43
43,LEFT_ELBOW,0.3471122980117798,0.1285540759563446,-0.056802622973918915,0.9511752128601074,CapturedFrames_1.0_0.5_-3.0/video.mp4#frame=43
43,RIGHT_ELBOW,0.45299381017684937,0.12788668274879456,-0.11986207962036133,0.9939663410186768,CapturedFrames_1.0_0.5_-3.0/video.mp4#frame=43
43,LEFT_WRIST,0.33783984184265137,0.23969827592372894,-0.022593604400753975,0.9162381887435913,CapturedFrames_1.0_0.5_-3.0/video.mp4#frame=43
43,RIGHT_WRIST,0.4701729416847229,0.23303775489330292,-0.058764319866895676,0.9651384353637695,CapturedFrames_1.0_0.5_-3.0/video.mp4#frame=43
43,LEFT_PINKY,0.3361412286758423,0.26781538128852844,-0.016472263261675835,0.8174817562103271,CapturedFrames_1.0_0.5_-3.0/video.mp4#frame=43
43,RIGHT_PINKY,0.47135743498802185,0.2604140639305115,-0.0587225966155529,0.9254245758056641,CapturedFrames_1.0_0.5_-3.0/video.mp4#frame=43
43,LEFT_INDEX,0.33916205167770386,0.26759934425354004,-0.021897030994296074,0.8080388307571411,CapturedFrames_1.0_0.5_-3.0/video.mp4#frame=43
43,RIGHT_INDEX,0.4679378569126129,0.2611311078071594,-0.05592218041419983,0.9172574877738953,CapturedFrames_1.0_0.5_-3.0/video.mp4#frame=43
43,LEFT_THUMB,0.34206900000572205,0.26141828298568726,-0.02333885245025158,0.7491256594657898,CapturedFrames_1.0_0.5_-3.0/video.mp4#frame=43
43,RIGHT_THUMB,0.46622490882873535,0.25325462222099304,-0.05701290816068649,0.8990622758865356,CapturedFrames_1.0_0.5_-3.0/video.mp4#frame=43
43,LEFT_HIP,0.3751695454120636,0.21304281055927277,0.04477675259113312,0.9999467134475708,CapturedFrames_1.0_0.5_-3.0/video.mp4#frame=43
43,RIGHT_HIP,0.41563859581947327,0.20623700320720673,-0.045078568160533905,0.9998894929885864,CapturedFrames_1.0_0.5_-3.0/video.mp4#frame=43
43,LEFT_KNEE,0.40030908584594727,0.3522437512874603,0.0880666971206665,0.7939078211784363,CapturedFrames_1.0_0.5_-3.0/video.mp4#frame=43
43,RIGHT_KNEE,0.4336780607700348,0.3527477979660034,-0.0349397137761116,0.9793326258659363,CapturedFrames_1.0_0.5_-3.0/video.mp4#frame=43
43,LEFT_ANKLE,0.39883682131767273,0.4854223132133484,0.07947345077991486,0.9595650434494019,CapturedFrames_1.0_0.5_-3.0/video.mp4#frame=43
43,RIGHT_ANKLE,0.3999555706977844,0.471354216337204,-0.03168851509690285,0.988439679145813,CapturedFrames_1.0_0.5_-3.0/video.mp4#frame=43
43,LEFT_HEEL,0.3905731737613678,0.5073239803314209,0.0733497366309166,0.9418667554855347,CapturedFrames_1.0_0.5_-3.0/video.mp4#frame=43
43,RIGHT_HEEL,0.3844451606273651,0.48014137148857117,-0.032272353768348694,0.96824049949646,CapturedFrames_1.0_0.5_-3.0/video.mp4#frame=43
43,LEFT_FOOT_INDEX,0.4073728621006012,0.5440801382064819,0.025798941031098366,0.9458190202713013,CapturedFrames_1.0_0.5_-3.0/video.mp4#frame=43
43,RIGHT_FOOT_INDEX,0.403750479221344,0.5252802968025208,-0.06861443817615509,0.9827250838279724,CapturedFrames_1.0_0.5_-3.0/video.mp4#frame=43
44,NOSE,0.38725411891937256,-0.06707340478897095,-0.03215557709336281,0.999932050704956,CapturedFrames_1.0_0.5_-3.0/video.mp4#frame=44
44,LEFT_EYE_INNER,0.38293886184692383,-0.07793593406677246,-0.04956222325563431,0.9998337030410767,CapturedFrames_1.0_0.5_-3.0/video.mp4#frame=44
44,LEFT_EYE,0.3798970878124237,-0.07243168354034424,-0.04955245554447174,0.9998158812522888,CapturedFrames_1.0_0.5_-3.0/video.mp4#frame=44
44,LEFT_EYE_OUTER,0.3776402473449707,-0.0715535581111908,-0.04956398531794548,0.9997449517250061,CapturedFrames_1.0_0.5_-3.0/video.mp4#frame=44
44,RIGHT_EYE_INNER,0.3910273015499115,-0.08232641220092773,-0.04814442992210388,0.9998713731765747,CapturedFrames_1.0_0.5_-3.0/video.mp4#frame=44
44,RIGHT_EYE,0.39363300800323486,-0.08372288942337036,-0.04818325489759445,0.999880313873291,CapturedFrames_1.0_0.5_-3.0/video.mp4#frame=44
44,RIGHT_EYE_OUTER,0.39602649211883545,-0.08467873930931091,-0.04825066030025482,0.9998636245727539,CapturedFrames_1.0_0.5_-3.0/video.mp4#frame=44
44,LEFT_EAR,0.3763573169708252,-0.05876427888870239,-0.1088089793920517,0.9998325109481812,CapturedFrames_1.0_0.5_-3.0/video.mp4#frame=44
44,RIGHT_EAR,0.40205898880958557,-0.0650702714920044,-0.10374754667282104,0.9999512434005737,CapturedFrames_1.0_0.5_-3.0/video.mp4#frame=44
44,MOUTH_LEFT,0.3850530982017517,-0.04915246367454529,-0.04978613182902336,0.9998862743377686,CapturedFrames_1.0_0.5_-3.0/video.mp4#frame=44
44,MOUTH_RIGHT,0.39228689670562744,-0.05108642578125,-0.04815743863582611,0.9999133348464966,CapturedFrames_1.0_0.5_-3.0/video.mp4#frame=44
44,LEFT_SHOULDER,0.3577844500541687,0.032533660531044006,-0.08499548584222794,0.9998942613601685,CapturedFrames_1.0_0.5_-3.0/video.mp4#frame=44
44,RIGHT_SHOULDER,0.4325290620326996,0.020567193627357483,-0.14616157114505768,0.9999580383300781,CapturedFrames_1.0_0.5_-3.0/video.mp4#frame=44
44,LEFT_ELBOW,0.3539362847805023,0.14508399367332458,-0.07558073848485947,0.9615681171417236,CapturedFrames_1.0_0.5_-3.0/video.mp4#frame=44
44,RIGHT_ELBOW,0.45445623993873596,0.13609975576400757,-0.13507863879203796,0.9966236352920532,CapturedFrames_1.0_0.5_-3.0/video.mp4#frame=44
44,LEFT_WRIST,0.35015153884887695,0.2499314397573471,-0.04322464019060135,0.9460755586624146,CapturedFrames_1.0_0.5_-3.0/video.mp4#frame=44
44,RIGHT_WRIST,0.4720335900783539,0.23519234359264374,-0.0682583898305893,0.9836270809173584,CapturedFrames_1.0_0.5_-3.0/video.mp4#frame=44
44,LEFT_PINKY,0.34973686933517456,0.2743971347808838,-0.042195066809654236,0.8738260865211487,CapturedFrames_1.0_0.5_-3.0/video.mp4#frame=44
44,RIGHT_PINKY,0.47330254316329956,0.26338836550712585,-0.07002294063568115,0.9629954099655151,CapturedFrames_1.0_0.5_-3.0/video.mp4#frame=44
44,LEFT_INDEX,0.3519807457923889,0.27323704957962036,-0.04673243686556816,0.8653836846351624,CapturedFrames_1.0_0.5_-3.0/video.mp4#frame=44
44,RIGHT_INDEX,0.4691316485404968,0.2645559310913086,-0.0683022066950798,0.9610263705253601,CapturedFrames_1.0_0.5_-3.0/video.mp4#frame=44
44,LEFT_THUMB,0.3547111749649048,0.2672654092311859,-0.04419983923435211,0.825013279914856,CapturedFrames_1.0_0.5_-3.0/video.mp4#frame=44
44,RIGHT_THUMB,0.4678319990634918,0.25695696473121643,-0.06683194637298584,0.9509744048118591,CapturedFrames_1.0_0.5_-3.0/video.mp4#frame=44
44,LEFT_HIP,0.3823704123497009,0.21563078463077545,0.039997223764657974,0.9999500513076782,CapturedFrames_1.0_0.5_-3.0/video.mp4#frame=44
44,RIGHT_HIP,0.4211021363735199,0.20944494009017944,-0.04024133086204529,0.9999197721481323,CapturedFrames_1.0_0.5_-3.0/video.mp4#frame=44
44,LEFT_KNEE,0.40044936537742615,0.3536091446876526,0.0645415186882019,0.8441973328590393,CapturedFrames_1.0_0.5_-3.0/video.mp4#frame=44
44,RIGHT_KNEE,0.44365328550338745,0.3511730432510376,-0.0564260371029377,0.9872236251831055,CapturedFrames_1.0_0.5_-3.0/video.mp4#frame=44
44,LEFT_ANKLE,0.40838590264320374,0.48209744691848755,0.09035496413707733,0.9670025706291199,CapturedFrames_1.0_0.5_-3.0/video.mp4#frame=44
44,RIGHT_ANKLE,0.41014161705970764,0.45705193281173706,-0.03296583890914917,0.9935917258262634,CapturedFrames_1.0_0.5_-3.0/video.mp4#frame=44
44,LEFT_HEEL,0.40212422609329224,0.5050209760665894,0.08787728101015091,0.9525482058525085,CapturedFrames_1.0_0.5_-3.0/video.mp4#frame=44
44,RIGHT_HEEL,0.39856353402137756,0.4612409472465515,-0.0317576602101326,0.9759008884429932,CapturedFrames_1.0_0.5_-3.0/video.mp4#frame=44
44,LEFT_FOOT_INDEX,0.41799360513687134,0.5342264175415039,0.04350266233086586,0.9543044567108154,CapturedFrames_1.0_0.5_-3.0/video.mp4#frame=44
44,RIGHT_FOOT_INDEX,0.41557589173316956,0.5226079225540161,-0.06692571938037872,0.9894152879714966,CapturedFrames_1.0_0.5_-3.0/video.mp4#frame=44
45,NOSE,0.3941321074962616,-0.052918970584869385,-0.03807978704571724,0.9997592568397522,CapturedFrames_1.0_0.5_-3.0/video.mp4#frame=45
45,LEFT_EYE_INNER,0.39022257924079895,-0.06486180424690247,-0.05722182244062424,0.999470055103302,CapturedFrames_1.0_0.5_-3.0/video.mp4#frame=45
45,LEFT_EYE,0.3875073194503784,-0.06275418400764465,-0.05721309036016464,0.9994329810142517,CapturedFrames_1.0_0.5_-3.0/video.mp4#frame=45
45,LEFT_EYE_OUTER,0.3821946978569031,-0.061920225620269775,-0.05722494050860405,0.9993072748184204,CapturedFrames_1.0_0.5_-3.0/video.mp4#frame=45
45,RIGHT_EYE_INNER,0.3973138630390167,-0.06927165389060974,-0.05716831237077713,0.9995371103286743,CapturedFrames_1.0_0.5_-3.0/video.mp4#frame=45
45,RIGHT_EYE,0.39956873655319214,-0.0703878402709961,-0.057209085673093796,0.999553382396698,CapturedFrames_1.0_0.5_-3.0/video.mp4#frame=45
45,RIGHT_EYE_OUTER,0.40265411138534546,-0.06588387489318848,-0.05727723240852356,0.9995226860046387,CapturedFrames_1.0_0.5_-3.0/video.mp4#frame=45
45,LEFT_EAR,0.38063549995422363,-0.0493733286857605,-0.12339548766613007,0.9995755553245544,CapturedFrames_1.0_0.5_-3.0/video.mp4#frame=45
45,RIGHT_EAR,0.41036543250083923,-0.05509292706847191,-0.12401487678289413,0.9998120665550232,CapturedFrames_1.0_0.5_-3.0/video.mp4#frame=45
45,MOUTH_LEFT,0.39054223895072937,-0.04174858331680298,-0.057757843285799026,0.9996838569641113,CapturedFrames_1.0_0.5_-3.0/video.mp4#frame=45
45,MOUTH_RIGHT,0.3995835483074188,-0.043486952781677246,-0.057651586830616,0.9997420907020569,CapturedFrames_1.0_0.5_-3.0/video.mp4#frame=45
45,LEFT_SHOULDER,0.36653831601142883,0.03442645072937012,-0.09706112742424011,0.9998866319656372,CapturedFrames_1.0_0.5_-3.0/video.mp4#frame=45
45,RIGHT_SHOULDER,0.43552812933921814,0.026430504396557808,-0.16833056509494781,0.999955415725708,CapturedFrames_1.0_0.5_-3.0/video.mp4#frame=45
45,LEFT_ELBOW,0.36461085081100464,0.14562958478927612,-0.09549327939748764,0.8949064612388611,CapturedFrames_1.0_0.5_-3.0/video.mp4#frame=45
45,RIGHT_ELBOW,0.45579010248184204,0.13862407207489014,-0.16810442507266998,0.9965394735336304,CapturedFrames_1.0_0.5_-3.0/video.mp4#frame=45
45,LEFT_WRIST,0.3630159795284271,0.24785402417182922,-0.0765761211514473,0.8943453431129456,CapturedFrames_1.0_0.5_-3.0/video.mp4#frame=45
45,RIGHT_WRIST,0.47259217500686646,0.23363780975341797,-0.11653663963079453,0.9844576716423035,CapturedFrames_1.0_0.5_-3.0/video.mp4#frame=45
45,LEFT_PINKY,0.3612475097179413,0.27347898483276367,-0.07550816982984543,0.8148772716522217,CapturedFrames_1.0_0.5_-3.0/video.mp4#frame=45
45,RIGHT_PINKY,0.4743357300758362,0.26008737087249756,-0.12033083289861679,0.9692042469978333,CapturedFrames_1.0_0.5_-3.0/video.mp4#frame=45
45,LEFT_INDEX,0.36527714133262634,0.27308377623558044,-0.08177252858877182,0.8040502667427063,CapturedFrames_1.0_0.5_-3.0/video.mp4#frame=45
45,RIGHT_INDEX,0.47056370973587036,0.2622014880180359,-0.11663466691970825,0.9671538472175598,CapturedFrames_1.0_0.5_-3.0/video.mp4#frame=45
45,LEFT_THUMB,0.36861276626586914,0.26493608951568604,-0.07830551266670227,0.7469179630279541,CapturedFrames_1.0_0.5_-3.0/video.mp4#frame=45
45,RIGHT_THUMB,0.4684824049472809,0.2551839351654053,-0.11474774032831192,0.9554558396339417,CapturedFrames_1.0_0.5_-3.0/video.mp4#frame=45
45,LEFT_HIP,0.3860405683517456,0.21893543004989624,0.04490189999341965,0.9999257326126099,CapturedFrames_1.0_0.5_-3.0/video.mp4#frame=45
45,RIGHT_HIP,0.4254264831542969,0.21090291440486908,-0.04518371447920799,0.9998663663864136,CapturedFrames_1.0_0.5_-3.0/video.mp4#frame=45
45,LEFT_KNEE,0.4020804464817047,0.3505215346813202,0.08764772862195969,0.8149389028549194,CapturedFrames_1.0_0.5_-3.0/video.mp4#frame=45
45,RIGHT_KNEE,0.4503260552883148,0.34690985083580017,-0.02706960216164589,0.9899646639823914,CapturedFrames_1.0_0.5_-3.0/video.mp4#frame=45
45,LEFT_ANKLE,0.40718117356300354,0.47390472888946533,0.06978125870227814,0.9806913137435913,CapturedFrames_1.0_0.5_-3.0/video.mp4#frame=45
45,RIGHT_ANKLE,0.4208621382713318,0.4524783790111542,-0.0542154386639595,0.9977712631225586,CapturedFrames_1.0_0.5_-3.0/video.mp4#frame=45
45,LEFT_HEEL,0.4004438519477844,0.4941112995147705,0.06290353834629059,0.9773788452148438,CapturedFrames_1.0_0.5_-3.0/video.mp4#frame=45
45,RIGHT_HEEL,0.4115908145904541,0.45858556032180786,-0.05797763913869858,0.991565465927124,CapturedFrames_1.0_0.5_-3.0/video.mp4#frame=45
45,LEFT_FOOT_INDEX,0.4237403869628906,0.5218696594238281,0.014051246456801891,0.9784358739852905,CapturedFrames_1.0_0.5_-3.0/video.mp4#frame=45
45,RIGHT_FOOT_INDEX,0.4304174482822418,0.515216588973999,-0.09641852229833603,0.9958437085151672,CapturedFrames_1.0_0.5_-3.0/video.mp4#frame=45
46,NOSE,0.40077200531959534,-0.051906049251556396,0.03219670057296753,0.999700665473938,CapturedFrames_1.0_0.5_-3.0/video.mp4#frame=46
46,LEFT_EYE_INNER,0.3962695598602295,-0.06237325072288513,0.010706610977649689,0.999593198299408,CapturedFrames_1.0_0.5_-3.0/video.mp4#frame=46
46,LEFT_EYE,0.3897397220134735,-0.062335286289453506,0.010720523074269295,0.9995765089988708,CapturedFrames_1.0_0.5_-3.0/video.mp4#frame=46
46,LEFT_EYE_OUTER,0.38703399896621704,-0.06146467104554176,0.010728488676249981,0.9995330572128296,CapturedFrames_1.0_0.5_-3.0/video.mp4#frame=46
46,RIGHT_EYE_INNER,0.40427321195602417,-0.06760334968566895,0.011877255514264107,0.9996142387390137,CapturedFrames_1.0_0.5_-3.0/video.mp4#frame=46
46,RIGHT_EYE,0.4065982699394226,-0.06875190138816833,0.011863064020872116,0.9996273517608643,CapturedFrames_1.0_0.5_-3.0/video.mp4#frame=46
46,RIGHT_EYE_OUTER,0.409066766500473,-0.06861549615859985,0.011800495907664299,0.999626636505127,CapturedFrames_1.0_0.5_-3.0/video.mp4#frame=46
46,LEFT_EAR,0.3851626217365265,-0.04967769980430603,-0.06858634203672409,0.9997351765632629,CapturedFrames_1.0_0.5_-3.0/video.mp4#frame=46
46,RIGHT_EAR,0.41426315903663635,-0.0556088387966156,-0.06404536217451096,0.9998424053192139,CapturedFrames_1.0_0.5_-3.0/video.mp4#frame=46
46,MOUTH_LEFT,0.3953382074832916,-0.03961634635925293,0.007478764746338129,0.999685525894165,CapturedFrames_1.0_0.5_-3.0/video.mp4#frame=46
46,MOUTH_RIGHT,0.40425601601600647,-0.04154002666473389,0.009133495390415192,0.9997026324272156,CapturedFrames_1.0_0.5_-3.0/video.mp4#frame=46
46,LEFT_SHOULDER,0.37218570709228516,0.039095595479011536,-0.05516275763511658,0.9998840093612671,CapturedFrames_1.0_0.5_-3.0/video.mp4#frame=46
46,RIGHT_SHOULDER,0.4390742778778076,0.024544835090637207,-0.11638889461755753,0.9999258518218994,CapturedFrames_1.0_0.5_-3.0/video.mp4#frame=46
46,LEFT_ELBOW,0.3727335035800934,0.1540064513683319,-0.052732937037944794,0.9045864939689636,CapturedFrames_1.0_0.5_-3.0/video.mp4#frame=46
46,RIGHT_ELBOW,0.4587184488773346,0.1393786370754242,-0.10622037947177887,0.9905181527137756,CapturedFrames_1.0_0.5_-3.0/video.mp4#frame=46
46,LEFT_WRIST,0.3760441839694977,0.25138160586357117,-0.03473692014813423,0.899498701095581,CapturedFrames_1.0_0.5_-3.0/video.mp4#frame=46
46,RIGHT_WRIST,0.4743509292602539,0.2342624068260193,-0.05710024759173393,0.9581830501556396,CapturedFrames_1.0_0.5_-3.0/video.mp4#frame=46
46,LEFT_PINKY,0.37415507435798645,0.2743077278137207,-0.03380843251943588,0.7988566160202026,CapturedFrames_1.0_0.5_-3.0/video.mp4#frame=46
46,RIGHT_PINKY,0.4761708378791809,0.2595749497413635,-0.05942666530609131,0.9163716435432434,CapturedFrames_1.0_0.5_-3.0/video.mp4#frame=46
46,LEFT_INDEX,0.3778015971183777,0.2732766568660736,-0.03864145278930664,0.7897879481315613,CapturedFrames_1.0_0.5_-3.0/video.mp4#frame=46
46,RIGHT_INDEX,0.47255977988243103,0.26066118478775024,-0.0578814260661602,0.9110884070396423,CapturedFrames_1.0_0.5_-3.0/video.mp4#frame=46
46,LEFT_THUMB,0.3815803527832031,0.2655569314956665,-0.0358206070959568,0.7280138731002808,CapturedFrames_1.0_0.5_-3.0/video.mp4#frame=46
46,RIGHT_THUMB,0.47023406624794006,0.2539147734642029,-0.05590897053480148,0.8897985816001892,CapturedFrames_1.0_0.5_-3.0/video.mp4#frame=46
46,LEFT_HIP,0.39356619119644165,0.21923550963401794,0.042323388159275055,0.9999219179153442,CapturedFrames_1.0_0.5_-3.0/video.mp4#frame=46
46,RIGHT_HIP,0.4316321015357971,0.21168167889118195,-0.042619090527296066,0.9998248219490051,CapturedFrames_1.0_0.5_-3.0/video.mp4#frame=46
46,LEFT_KNEE,0.40371888875961304,0.3462262749671936,0.08816075325012207,0.8871407508850098,CapturedFrames_1.0_0.5_-3.0/video.mp4#frame=46
46,RIGHT_KNEE,0.4577891230583191,0.337321937084198,-0.013025632128119469,0.9812705516815186,CapturedFrames_1.0_0.5_-3.0/video.mp4#frame=46
46,LEFT_ANKLE,0.40613192319869995,0.4748581349849701,0.04355631023645401,0.9818321466445923,CapturedFrames_1.0_0.5_-3.0/video.mp4#frame=46
46,RIGHT_ANKLE,0.4310947060585022,0.44892337918281555,-0.042786628007888794,0.9950019717216492,CapturedFrames_1.0_0.5_-3.0/video.mp4#frame=46
46,LEFT_HEEL,0.39933526515960693,0.49881020188331604,0.03466697409749031,0.979015052318573,CapturedFrames_1.0_0.5_-3.0/video.mp4#frame=46
46,RIGHT_HEEL,0.4217306971549988,0.46054115891456604,-0.04667777940630913,0.9849644303321838,CapturedFrames_1.0_0.5_-3.0/video.mp4#frame=46
46,LEFT_FOOT_INDEX,0.42055922746658325,0.5104117393493652,-0.010487493127584457,0.9714092016220093,CapturedFrames_1.0_0.5_-3.0/video.mp4#frame=46
46,RIGHT_FOOT_INDEX,0.4422559142112732,0.5057365894317627,-0.07565218210220337,0.9913017153739929,CapturedFrames_1.0_0.5_-3.0/video.mp4#frame=46
47,NOSE,0.4096738398075104,-0.051678091287612915,0.07628419250249863,0.9995599389076233,CapturedFrames_1.0_0.5_-3.0/video.mp4#frame=47
47,LEFT_EYE_INNER,0.4055946469306946,-0.06221744045615196,0.058778755366802216,0.9995384216308594,CapturedFrames_1.0_0.5_-3.0/video.mp4#frame=47
47,LEFT_EYE,0.4032537341117859,-0.05998670682311058,0.05877610296010971,0.9994587302207947,CapturedFrames_1.0_0.5_-3.0/video.mp4#frame=47
47,LEFT_EYE_OUTER,0.39854636788368225,-0.059162437915802,0.05875850468873978,0.9995068311691284,CapturedFrames_1.0_0.5_-3.0/video.mp4#frame=47
47,RIGHT_EYE_INNER,0.4119330942630768,-0.06681910157203674,0.05703010410070419,0.9996122717857361,CapturedFrames_1.0_0.5_-3.0/video.mp4#frame=47
47,RIGHT_EYE,0.41406840085983276,-0.0679963231086731,0.057043783366680145,0.99956876039505,CapturedFrames_1.0_0.5_-3.0/video.mp4#frame=47
47,RIGHT_EYE_OUTER,0.4158681035041809,-0.0688551664352417,0.05696902796626091,0.9996223449707031,CapturedFrames_1.0_0.5_-3.0/video.mp4#frame=47
47,LEFT_EAR,0.3953245282173157,-0.049472298473119736,-0.011055128648877144,0.9995902180671692,CapturedFrames_1.0_0.5_-3.0/video.mp4#frame=47
47,RIGHT_EAR,0.42010408639907837,-0.05135881528258324,-0.01906220056116581,0.9997676014900208,CapturedFrames_1.0_0.5_-3.0/video.mp4#frame=47
47,MOUTH_LEFT,0.40587180852890015,-0.03606352210044861,0.054902635514736176,0.9991938471794128,CapturedFrames_1.0_0.5_-3.0/video.mp4#frame=47
47,MOUTH_RIGHT,0.4133976399898529,-0.03650939464569092,0.052890826016664505,0.9992942810058594,CapturedFrames_1.0_0.5_-3.0/video.mp4#frame=47
47,LEFT_SHOULDER,0.38086554408073425,0.03973610699176788,0.0015645099338144064,0.999817430973053,CapturedFrames_1.0_0.5_-3.0/video.mp4#frame=47
47,RIGHT_SHOULDER,0.442603200674057,0.023424046114087105,-0.077448271214962,0.9998825788497925,CapturedFrames_1.0_0.5_-3.0/video.mp4#frame=47
47,LEFT_ELBOW,0.3813510239124298,0.14641229808330536,0.012791787274181843,0.5316077470779419,CapturedFrames_1.0_0.5_-3.0/video.mp4#frame=47
47,RIGHT_ELBOW,0.45927056670188904,0.13948625326156616,-0.07051052898168564,0.9803203344345093,CapturedFrames_1.0_0.5_-3.0/video.mp4#frame=47
47,LEFT_WRIST,0.39283257722854614,0.23212306201457977,0.03832756355404854,0.4215414822101593,CapturedFrames_1.0_0.5_-3.0/video.mp4#frame=47
47,RIGHT_WRIST,0.47345662117004395,0.23649796843528748,-0.020316416397690773,0.8919392824172974,CapturedFrames_1.0_0.5_-3.0/video.mp4#frame=47
47,LEFT_PINKY,0.39142274856567383,0.2543725073337555,0.0435638464987278,0.3177848756313324,CapturedFrames_1.0_0.5_-3.0/video.mp4#frame=47
47,RIGHT_PINKY,0.4737919867038727,0.2637009918689728,-0.020206833258271217,0.8220046758651733,CapturedFrames_1.0_0.5_-3.0/video.mp4#frame=47
47,LEFT_INDEX,0.39648595452308655,0.2509053945541382,0.040014754980802536,0.30116716027259827,CapturedFrames_1.0_0.5_-3.0/video.mp4#frame=47
47,RIGHT_INDEX,0.470858097076416,0.26325538754463196,-0.018064355477690697,0.8069016933441162,CapturedFrames_1.0_0.5_-3.0/video.mp4#frame=47
47,LEFT_THUMB,0.397796094417572,0.24406243860721588,0.03739481419324875,0.26308372616767883,CapturedFrames_1.0_0.5_-3.0/video.mp4#frame=47
47,RIGHT_THUMB,0.4690496325492859,0.2554073929786682,-0.01890808716416359,0.7634609341621399,CapturedFrames_1.0_0.5_-3.0/video.mp4#frame=47
47,LEFT_HIP,0.3995928466320038,0.2120610773563385,0.04393880069255829,0.9998986721038818,CapturedFrames_1.0_0.5_-3.0/video.mp4#frame=47
47,RIGHT_HIP,0.4350019097328186,0.2074047476053238,-0.044280458241701126,0.9997690320014954,CapturedFrames_1.0_0.5_-3.0/video.mp4#frame=47
47,LEFT_KNEE,0.4066842198371887,0.3472922444343567,0.08247456699609756,0.9266904592514038,CapturedFrames_1.0_0.5_-3.0/video.mp4#frame=47
47,RIGHT_KNEE,0.4637202322483063,0.33092397451400757,-0.01845579221844673,0.9761123657226562,CapturedFrames_1.0_0.5_-3.0/video.mp4#frame=47
47,LEFT_ANKLE,0.4043574929237366,0.48079049587249756,0.05668918043375015,0.983664333820343,CapturedFrames_1.0_0.5_-3.0/video.mp4#frame=47
47,RIGHT_ANKLE,0.4411276876926422,0.4535646140575409,-0.026887256652116776,0.9937127232551575,CapturedFrames_1.0_0.5_-3.0/video.mp4#frame=47
47,LEFT_HEEL,0.4012232720851898,0.5037742257118225,0.051405031234025955,0.9762094616889954,CapturedFrames_1.0_0.5_-3.0/video.mp4#frame=47
47,RIGHT_HEEL,0.42987126111984253,0.4686151146888733,-0.02748691663146019,0.9739384651184082,CapturedFrames_1.0_0.5_-3.0/video.mp4#frame=47
47,LEFT_FOOT_INDEX,0.4168298840522766,0.5037415623664856,0.014967093244194984,0.9668485522270203,CapturedFrames_1.0_0.5_-3.0/video.mp4#frame=47
47,RIGHT_FOOT_INDEX,0.4535689949989319,0.5018913745880127,-0.048983074724674225,0.9873393774032593,CapturedFrames_1.0_0.5_-3.0/video.mp4#frame=47
48,NOSE,0.41955795884132385,-0.03983297944068909,0.09239248931407928,0.9990191459655762,CapturedFrames_1.0_0.5_-3.0/video.mp4#frame=48
48,LEFT_EYE_INNER,0.4157562851905823,-0.05037647485733032,0.07521861046552658,0.9991424083709717,CapturedFrames_1.0_0.5_-3.0/video.mp4#frame=48
48,LEFT_EYE,0.41347751021385193,-0.048480238765478134,0.07521712779998779,0.9989306330680847,CapturedFrames_1.0_0.5_-3.0/video.mp4#frame=48
48,LEFT_EYE_OUTER,0.40864038467407227,-0.0474676750600338,0.07519683241844177,0.9990007281303406,CapturedFrames_1.0_0.5_-3.0/video.mp4#frame=48
48,RIGHT_EYE_INNER,0.4213980734348297,-0.05415850877761841,0.07139638811349869,0.999225378036499,CapturedFrames_1.0_0.5_-3.0/video.mp4#frame=48
48,RIGHT_EYE,0.42320817708969116,-0.05492540821433067,0.07142432779073715,0.9991247057914734,CapturedFrames_1.0_0.5_-3.0/video.mp4#frame=48
48,RIGHT_EYE_OUTER,0.42486706376075745,-0.055716902017593384,0.07133080065250397,0.9992145299911499,CapturedFrames_1.0_0.5_-3.0/video.mp4#frame=48
48,LEFT_EAR,0.40432900190353394,-0.03928190469741821,0.0093461312353611,0.9990394711494446,CapturedFrames_1.0_0.5_-3.0/video.mp4#frame=48
48,RIGHT_EAR,0.4284095764160156,-0.04243990778923035,-0.007593767251819372,0.9994681477546692,CapturedFrames_1.0_0.5_-3.0/video.mp4#frame=48
48,MOUTH_LEFT,0.4170224666595459,-0.022953703999519348,0.07282338291406631,0.9987200498580933,CapturedFrames_1.0_0.5_-3.0/video.mp4#frame=48
48,MOUTH_RIGHT,0.42252999544143677,-0.025087028741836548,0.0680905357003212,0.9989056587219238,CapturedFrames_1.0_0.5_-3.0/video.mp4#frame=48
48,LEFT_SHOULDER,0.3865720331668854,0.04725952818989754,0.021618744358420372,0.999601423740387,CapturedFrames_1.0_0.5_-3.0/video.mp4#frame=48
48,RIGHT_SHOULDER,0.44697004556655884,0.0272026639431715,-0.07222330570220947,0.9998812675476074,CapturedFrames_1.0_0.5_-3.0/video.mp4#frame=48
48,LEFT_ELBOW,0.3861827552318573,0.14308243989944458,0.042940232902765274,0.37236112356185913,CapturedFrames_1.0_0.5_-3.0/video.mp4#frame=48
48,RIGHT_ELBOW,0.45838719606399536,0.13464123010635376,-0.06412577629089355,0.984421968460083,CapturedFrames_1.0_0.5_-3.0/video.mp4#frame=48
48,LEFT_WRIST,0.40380096435546875,0.20215941965579987,0.0687309205532074,0.13342568278312683,CapturedFrames_1.0_0.5_-3.0/video.mp4#frame=48
48,RIGHT_WRIST,0.4720373749732971,0.22906433045864105,-0.010373529978096485,0.8744499683380127,CapturedFrames_1.0_0.5_-3.0/video.mp4#frame=48
48,LEFT_PINKY,0.4064922332763672,0.21625271439552307,0.07582841068506241,0.11438585072755814,CapturedFrames_1.0_0.5_-3.0/video.mp4#frame=48
48,RIGHT_PINKY,0.47191303968429565,0.2547363042831421,-0.009046308696269989,0.792471706867218,CapturedFrames_1.0_0.5_-3.0/video.mp4#frame=48
48,LEFT_INDEX,0.4084862768650055,0.21759173274040222,0.07016018778085709,0.10907316952943802,CapturedFrames_1.0_0.5_-3.0/video.mp4#frame=48
48,RIGHT_INDEX,0.4687250554561615,0.25562846660614014,-0.006556032691150904,0.7694690227508545,CapturedFrames_1.0_0.5_-3.0/video.mp4#frame=48
48,LEFT_THUMB,0.40858516097068787,0.21135304868221283,0.06699355691671371,0.10379638522863388,CapturedFrames_1.0_0.5_-3.0/video.mp4#frame=48
48,RIGHT_THUMB,0.46720975637435913,0.24657785892486572,-0.007949615828692913,0.720953643321991,CapturedFrames_1.0_0.5_-3.0/video.mp4#frame=48
48,LEFT_HIP,0.4051317274570465,0.21180197596549988,0.04036698862910271,0.9997844099998474,CapturedFrames_1.0_0.5_-3.0/video.mp4#frame=48
48,RIGHT_HIP,0.4405435621738434,0.2094154804944992,-0.04060061648488045,0.9995606541633606,CapturedFrames_1.0_0.5_-3.0/video.mp4#frame=48
48,LEFT_KNEE,0.40860825777053833,0.3461095988750458,0.06546425074338913,0.9601575136184692,CapturedFrames_1.0_0.5_-3.0/video.mp4#frame=48
48,RIGHT_KNEE,0.4695594906806946,0.3290145993232727,0.00541681470349431,0.9621958136558533,CapturedFrames_1.0_0.5_-3.0/video.mp4#frame=48
48,LEFT_ANKLE,0.4034060835838318,0.4804748594760895,0.07192777842283249,0.9707066416740417,CapturedFrames_1.0_0.5_-3.0/video.mp4#frame=48
48,RIGHT_ANKLE,0.4536868631839752,0.4506496787071228,0.041053105145692825,0.974339485168457,CapturedFrames_1.0_0.5_-3.0/video.mp4#frame=48
48,LEFT_HEEL,0.40070056915283203,0.5033237934112549,0.07062729448080063,0.9544277787208557,CapturedFrames_1.0_0.5_-3.0/video.mp4#frame=48
48,RIGHT_HEEL,0.445098876953125,0.46854835748672485,0.044381480664014816,0.9280778765678406,CapturedFrames_1.0_0.5_-3.0/video.mp4#frame=48
48,LEFT_FOOT_INDEX,0.416597455739975,0.4934769868850708,0.04695123806595802,0.9115304946899414,CapturedFrames_1.0_0.5_-3.0/video.mp4#frame=48
48,RIGHT_FOOT_INDEX,0.4717767834663391,0.4894282817840576,0.030286047607660294,0.9334018230438232,CapturedFrames_1.0_0.5_-3.0/video.mp4#frame=48
49,NOSE,0.4295812249183655,-0.03179728984832764,0.09158570319414139,0.9988822340965271,CapturedFrames_1.0_0.5_-3.0/video.mp4#frame=49
49,LEFT_EYE_INNER,0.42646709084510803,-0.04354974627494812,0.0782565325498581,0.999117910861969,CapturedFrames_1.0_0.5_-3.0/video.mp4#frame=49
49,LEFT_EYE,0.4242643415927887,-0.041932374238967896,0.07825681567192078,0.9988308548927307,CapturedFrames_1.0_0.5_-3.0/video.mp4#frame=49
49,LEFT_EYE_OUTER,0.4198663830757141,-0.041891127824783325,0.07824378460645676,0.99894779920578,CapturedFrames_1.0_0.5_-3.0/video.mp4#frame=49
49,RIGHT_EYE_INNER,0.4321337342262268,-0.04599225893616676,0.07089920341968536,0.9991675615310669,CapturedFrames_1.0_0.5_-3.0/video.mp4#frame=49
49,RIGHT_EYE,0.43388715386390686,-0.04599479213356972,0.07092112302780151,0.9989792704582214,CapturedFrames_1.0_0.5_-3.0/video.mp4#frame=49
49,RIGHT_EYE_OUTER,0.43577247858047485,-0.045843034982681274,0.0708148330450058,0.999146580696106,CapturedFrames_1.0_0.5_-3.0/video.mp4#frame=49
49,LEFT_EAR,0.41473299264907837,-0.03446653485298157,0.026039551943540573,0.9988382458686829,CapturedFrames_1.0_0.5_-3.0/video.mp4#frame=49
49,RIGHT_EAR,0.4361179769039154,-0.03472509980201721,-0.006978106684982777,0.9993640780448914,CapturedFrames_1.0_0.5_-3.0/video.mp4#frame=49
49,MOUTH_LEFT,0.42623835802078247,-0.014877989888191223,0.07652711123228073,0.9988817572593689,CapturedFrames_1.0_0.5_-3.0/video.mp4#frame=49
49,MOUTH_RIGHT,0.4327193796634674,-0.02119605243206024,0.06714848428964615,0.9991260170936584,CapturedFrames_1.0_0.5_-3.0/video.mp4#frame=49
49,LEFT_SHOULDER,0.3947441875934601,0.04946869611740112,0.03843369707465172,0.9996522665023804,CapturedFrames_1.0_0.5_-3.0/video.mp4#frame=49
49,RIGHT_SHOULDER,0.4507797360420227,0.028749926015734673,-0.07412255555391312,0.9999154806137085,CapturedFrames_1.0_0.5_-3.0/video.mp4#frame=49
49,LEFT_ELBOW,0.3932398855686188,0.14189426600933075,0.05689731985330582,0.38562580943107605,CapturedFrames_1.0_0.5_-3.0/video.mp4#frame=49
49,RIGHT_ELBOW,0.45987409353256226,0.13180574774742126,-0.06399478018283844,0.9812120199203491,CapturedFrames_1.0_0.5_-3.0/video.mp4#frame=49
49,LEFT_WRIST,0.4118894636631012,0.19434523582458496,0.07604526728391647,0.08055151253938675,CapturedFrames_1.0_0.5_-3.0/video.mp4#frame=49
49,RIGHT_WRIST,0.4715558886528015,0.22240163385868073,-0.005368964746594429,0.8101791739463806,CapturedFrames_1.0_0.5_-3.0/video.mp4#frame=49
49,LEFT_PINKY,0.4152163863182068,0.2105552852153778,0.08006338775157928,0.07133442908525467,CapturedFrames_1.0_0.5_-3.0/video.mp4#frame=49
49,RIGHT_PINKY,0.4699214994907379,0.24773693084716797,-0.005944638047367334,0.6889357566833496,CapturedFrames_1.0_0.5_-3.0/video.mp4#frame=49
49,LEFT_INDEX,0.4187999367713928,0.21102643013000488,0.07387103140354156,0.06701912730932236,CapturedFrames_1.0_0.5_-3.0/video.mp4#frame=49
49,RIGHT_INDEX,0.46617069840431213,0.2477916032075882,-0.003511731280013919,0.6619665026664734,CapturedFrames_1.0_0.5_-3.0/video.mp4#frame=49
49,LEFT_THUMB,0.41819334030151367,0.20538567006587982,0.07336137443780899,0.06656671315431595,CapturedFrames_1.0_0.5_-3.0/video.mp4#frame=49
49,RIGHT_THUMB,0.465383917093277,0.23889796435832977,-0.0027567429933696985,0.6080896854400635,CapturedFrames_1.0_0.5_-3.0/video.mp4#frame=49
49,LEFT_HIP,0.4114857614040375,0.21202412247657776,0.043014537543058395,0.9997405409812927,CapturedFrames_1.0_0.5_-3.0/video.mp4#frame=49
49,RIGHT_HIP,0.44520288705825806,0.20714665949344635,-0.0432024747133255,0.9995558857917786,CapturedFrames_1.0_0.5_-3.0/video.mp4#frame=49
49,LEFT_KNEE,0.4118075370788574,0.3445618152618408,0.05321424454450607,0.9714803099632263,CapturedFrames_1.0_0.5_-3.0/video.mp4#frame=49
49,RIGHT_KNEE,0.4740256667137146,0.32206910848617554,0.006080217659473419,0.94972163438797,CapturedFrames_1.0_0.5_-3.0/video.mp4#frame=49
49,LEFT_ANKLE,0.40526121854782104,0.4789060056209564,0.07443276792764664,0.9716722965240479,CapturedFrames_1.0_0.5_-3.0/video.mp4#frame=49
49,RIGHT_ANKLE,0.46587449312210083,0.4453620910644531,0.06761984527111053,0.9570029973983765,CapturedFrames_1.0_0.5_-3.0/video.mp4#frame=49
49,LEFT_HEEL,0.40211015939712524,0.5068979263305664,0.07484816014766693,0.9520393013954163,CapturedFrames_1.0_0.5_-3.0/video.mp4#frame=49
49,RIGHT_HEEL,0.45726171135902405,0.46685487031936646,0.0729789212346077,0.8758078813552856,CapturedFrames_1.0_0.5_-3.0/video.mp4#frame=49
49,LEFT_FOOT_INDEX,0.41690754890441895,0.4879471957683563,0.05432654172182083,0.9023939371109009,CapturedFrames_1.0_0.5_-3.0/video.mp4#frame=49
49,RIGHT_FOOT_INDEX,0.4861404299736023,0.47388190031051636,0.060635555535554886,0.8910790085792542,CapturedFrames_1.0_0.5_-3.0/video.mp4#frame=49
50,NOSE,0.43998342752456665,-0.024764150381088257,0.061781175434589386,0.9998747110366821,CapturedFrames_1.0_0.5_-3.0/video.mp4#frame=50
50,LEFT_EYE_INNER,0.4368618428707123,-0.0328066349029541,0.05334331467747688,0.9998834133148193,CapturedFrames_1.0_0.5_-3.0/video.mp4#frame=50
50,LEFT_EYE,0.43483608961105347,-0.03161698579788208,0.0533575601875782,0.9998335838317871,CapturedFrames_1.0_0.5_-3.0/video.mp4#frame=50
50,LEFT_EYE_OUTER,0.432611882686615,-0.030176952481269836,0.05335555598139763,0.9998390674591064,CapturedFrames_1.0_0.5_-3.0/video.mp4#frame=50
50,RIGHT_EYE_INNER,0.44148749113082886,-0.03374743461608887,0.042010582983493805,0.9999086856842041,CapturedFrames_1.0_0.5_-3.0/video.mp4#frame=50
50,RIGHT_EYE,0.44282063841819763,-0.03341887891292572,0.04201975464820862,0.9998847246170044,CapturedFrames_1.0_0.5_-3.0/video.mp4#frame=50
50,RIGHT_EYE_OUTER,0.44406113028526306,-0.032959192991256714,0.04192480072379112,0.9999010562896729,CapturedFrames_1.0_0.5_-3.0/video.mp4#frame=50
50,LEFT_EAR,0.42619162797927856,-0.021612241864204407,0.025093745440244675,0.9998003840446472,CapturedFrames_1.0_0.5_-3.0/video.mp4#frame=50
50,RIGHT_EAR,0.4452435076236725,-0.026324793696403503,-0.025900864973664284,0.9999103546142578,CapturedFrames_1.0_0.5_-3.0/video.mp4#frame=50
50,MOUTH_LEFT,0.4371444582939148,-0.011549830436706543,0.05562112480401993,0.9998262524604797,CapturedFrames_1.0_0.5_-3.0/video.mp4#frame=50
50,MOUTH_RIGHT,0.4420554041862488,-0.012098550796508789,0.04101400077342987,0.9998866319656372,CapturedFrames_1.0_0.5_-3.0/video.mp4#frame=50
50,LEFT_SHOULDER,0.40354323387145996,0.04558992385864258,0.050992824137210846,0.9996557235717773,CapturedFrames_1.0_0.5_-3.0/video.mp4#frame=50
50,RIGHT_SHOULDER,0.45406317710876465,0.02997623197734356,-0.09567053616046906,0.9999839067459106,CapturedFrames_1.0_0.5_-3.0/video.mp4#frame=50
50,LEFT_ELBOW,0.4023236334323883,0.13754326105117798,0.062236297875642776,0.4154738485813141,CapturedFrames_1.0_0.5_-3.0/video.mp4#frame=50
50,RIGHT_ELBOW,0.46174103021621704,0.1319747269153595,-0.09491077810525894,0.9901003241539001,CapturedFrames_1.0_0.5_-3.0/video.mp4#frame=50
50,LEFT_WRIST,0.4154130816459656,0.19580766558647156,0.06505095213651657,0.0986853763461113,CapturedFrames_1.0_0.5_-3.0/video.mp4#frame=50
50,RIGHT_WRIST,0.4694440960884094,0.22199822962284088,-0.03776479884982109,0.9049919247627258,CapturedFrames_1.0_0.5_-3.0/video.mp4#frame=50
50,LEFT_PINKY,0.41643038392066956,0.2150079756975174,0.06897849589586258,0.08386336266994476,CapturedFrames_1.0_0.5_-3.0/video.mp4#frame=50
50,RIGHT_PINKY,0.4678710997104645,0.2464095503091812,-0.03946966677904129,0.8164345622062683,CapturedFrames_1.0_0.5_-3.0/video.mp4#frame=50
50,LEFT_INDEX,0.420171320438385,0.2124558538198471,0.06151602417230606,0.07921541482210159,CapturedFrames_1.0_0.5_-3.0/video.mp4#frame=50
50,RIGHT_INDEX,0.46576204895973206,0.24738338589668274,-0.03602695092558861,0.8012071847915649,CapturedFrames_1.0_0.5_-3.0/video.mp4#frame=50
50,LEFT_THUMB,0.42314109206199646,0.21237623691558838,0.06129352003335953,0.07993172854185104,CapturedFrames_1.0_0.5_-3.0/video.mp4#frame=50
50,RIGHT_THUMB,0.465702623128891,0.23851428925991058,-0.03423084318637848,0.7511409521102905,CapturedFrames_1.0_0.5_-3.0/video.mp4#frame=50
50,LEFT_HIP,0.41466885805130005,0.2135625183582306,0.04747331887483597,0.999818742275238,CapturedFrames_1.0_0.5_-3.0/video.mp4#frame=50
50,RIGHT_HIP,0.44568324089050293,0.20872868597507477,-0.04762278124690056,0.9997780919075012,CapturedFrames_1.0_0.5_-3.0/video.mp4#frame=50
50,LEFT_KNEE,0.41256195306777954,0.3444131016731262,0.05726102739572525,0.9838764071464539,CapturedFrames_1.0_0.5_-3.0/video.mp4#frame=50
50,RIGHT_KNEE,0.47763365507125854,0.3209536373615265,0.015946464613080025,0.9806452393531799,CapturedFrames_1.0_0.5_-3.0/video.mp4#frame=50
50,LEFT_ANKLE,0.40621694922447205,0.47943660616874695,0.0639713704586029,0.9768610000610352,CapturedFrames_1.0_0.5_-3.0/video.mp4#frame=50
50,RIGHT_ANKLE,0.4783060550689697,0.445267915725708,0.07453221082687378,0.9799644947052002,CapturedFrames_1.0_0.5_-3.0/video.mp4#frame=50
50,LEFT_HEEL,0.40494728088378906,0.5056678056716919,0.0634310394525528,0.9711082577705383,CapturedFrames_1.0_0.5_-3.0/video.mp4#frame=50
50,RIGHT_HEEL,0.47016414999961853,0.47021055221557617,0.08016502112150192,0.943736732006073,CapturedFrames_1.0_0.5_-3.0/video.mp4#frame=50
50,LEFT_FOOT_INDEX,0.41739362478256226,0.48900794982910156,0.04538343474268913,0.9088912606239319,CapturedFrames_1.0_0.5_-3.0/video.mp4#frame=50
50,RIGHT_FOOT_INDEX,0.49400782585144043,0.45728564262390137,0.06956039369106293,0.9360167384147644,CapturedFrames_1.0_0.5_-3.0/video.mp4#frame=50
51,NOSE,0.44836241006851196,0.019614040851593018,0.11218392848968506,0.9977604150772095,CapturedFrames_1.0_0.5_-3.0/video.mp4#frame=51
51,LEFT_EYE_INNER,0.44640564918518066,0.010334387421607971,0.09982044994831085,0.9966889023780823,CapturedFrames_1.0_0.5_-3.0/video.mp4#frame=51
51,LEFT_EYE,0.4447839856147766,0.009068354964256287,0.09981654584407806,0.9968873858451843,CapturedFrames_1.0_0.5_-3.0/video.mp4#frame=51
51,LEFT_EYE_OUTER,0.44309720396995544,0.0074838995933532715,0.09980085492134094,0.9967308044433594,CapturedFrames_1.0_0.5_-3.0/video.mp4#frame=51
51,RIGHT_EYE_INNER,0.4503144323825836,0.011635586619377136,0.08933233469724655,0.9972071051597595,CapturedFrames_1.0_0.5_-3.0/video.mp4#frame=51
51,RIGHT_EYE,0.45151907205581665,0.011218711733818054,0.0893649235367775,0.9972842931747437,CapturedFrames_1.0_0.5_-3.0/video.mp4#frame=51
51,RIGHT_EYE_OUTER,0.4527953267097473,0.01054634153842926,0.08927161991596222,0.9969593286514282,CapturedFrames_1.0_0.5_-3.0/video.mp4#frame=51
51,LEFT_EAR,0.4363582730293274,0.007605433464050293,0.056250594556331635,0.996188223361969,CapturedFrames_1.0_0.5_-3.0/video.mp4#frame=51
51,RIGHT_EAR,0.4518149495124817,0.01188795268535614,0.010085541754961014,0.9964298605918884,CapturedFrames_1.0_0.5_-3.0/video.mp4#frame=51
51,MOUTH_LEFT,0.44450122117996216,0.02430248260498047,0.10093577951192856,0.9972261786460876,CapturedFrames_1.0_0.5_-3.0/video.mp4#frame=51
51,MOUTH_RIGHT,0.4483221173286438,0.02565985731780529,0.08748377114534378,0.9976034760475159,CapturedFrames_1.0_0.5_-3.0/video.mp4#frame=51
51,LEFT_SHOULDER,0.4092539846897125,0.05335794389247894,0.06438708305358887,0.9984720349311829,CapturedFrames_1.0_0.5_-3.0/video.mp4#frame=51
51,RIGHT_SHOULDER,0.45646578073501587,0.039531707763671875,-0.06619465351104736,0.9999411106109619,CapturedFrames_1.0_0.5_-3.0/video.mp4#frame=51
51,LEFT_ELBOW,0.41196075081825256,0.1434120386838913,0.0668148547410965,0.2849526107311249,CapturedFrames_1.0_0.5_-3.0/video.mp4#frame=51
51,RIGHT_ELBOW,0.4624863266944885,0.1346704512834549,-0.08184503018856049,0.9865952730178833,CapturedFrames_1.0_0.5_-3.0/video.mp4#frame=51
51,LEFT_WRIST,0.42304787039756775,0.19617000222206116,0.05856974050402641,0.054869040846824646,CapturedFrames_1.0_0.5_-3.0/video.mp4#frame=51
51,RIGHT_WRIST,0.4686415195465088,0.2287757694721222,-0.06114978343248367,0.865317702293396,CapturedFrames_1.0_0.5_-3.0/video.mp4#frame=51
51,LEFT_PINKY,0.4217201769351959,0.21429629623889923,0.0635121762752533,0.056480251252651215,CapturedFrames_1.0_0.5_-3.0/video.mp4#frame=51
51,RIGHT_PINKY,0.4679194390773773,0.25386685132980347,-0.06616933643817902,0.7828246355056763,CapturedFrames_1.0_0.5_-3.0/video.mp4#frame=51
51,LEFT_INDEX,0.42916640639305115,0.22080673277378082,0.05352337285876274,0.05363611504435539,CapturedFrames_1.0_0.5_-3.0/video.mp4#frame=51
51,RIGHT_INDEX,0.46542462706565857,0.2542542815208435,-0.0600605234503746,0.7716251611709595,CapturedFrames_1.0_0.5_-3.0/video.mp4#frame=51
51,LEFT_THUMB,0.4287489950656891,0.21495725214481354,0.0540647879242897,0.05454482138156891,CapturedFrames_1.0_0.5_-3.0/video.mp4#frame=51
51,RIGHT_THUMB,0.46482640504837036,0.24510113894939423,-0.05714256688952446,0.7023873925209045,CapturedFrames_1.0_0.5_-3.0/video.mp4#frame=51
51,LEFT_HIP,0.41777461767196655,0.21953009068965912,0.046910617500543594,0.9997244477272034,CapturedFrames_1.0_0.5_-3.0/video.mp4#frame=51
51,RIGHT_HIP,0.4488590359687805,0.21447372436523438,-0.04697840288281441,0.9996700286865234,CapturedFrames_1.0_0.5_-3.0/video.mp4#frame=51
51,LEFT_KNEE,0.41557416319847107,0.3428938686847687,0.025617584586143494,0.9678995013237,CapturedFrames_1.0_0.5_-3.0/video.mp4#frame=51
51,RIGHT_KNEE,0.4792448878288269,0.3250100016593933,0.00879551749676466,0.9934641718864441,CapturedFrames_1.0_0.5_-3.0/video.mp4#frame=51
51,LEFT_ANKLE,0.4069458842277527,0.48113304376602173,0.0028712016064673662,0.9721060395240784,CapturedFrames_1.0_0.5_-3.0/video.mp4#frame=51
51,RIGHT_ANKLE,0.4862261414527893,0.448254257440567,0.024274175986647606,0.9851828217506409,CapturedFrames_1.0_0.5_-3.0/video.mp4#frame=51
51,LEFT_HEEL,0.4018431603908539,0.5058161020278931,0.00013523470261134207,0.979525089263916,CapturedFrames_1.0_0.5_-3.0/video.mp4#frame=51
51,RIGHT_HEEL,0.47886818647384644,0.4737461805343628,0.026315245777368546,0.9744601249694824,CapturedFrames_1.0_0.5_-3.0/video.mp4#frame=51
51,LEFT_FOOT_INDEX,0.4233725965023041,0.4917110800743103,-0.023012399673461914,0.8745114207267761,CapturedFrames_1.0_0.5_-3.0/video.mp4#frame=51
51,RIGHT_FOOT_INDEX,0.5033866167068481,0.4510502219200134,0.013077765703201294,0.9301510453224182,CapturedFrames_1.0_0.5_-3.0/video.mp4#frame=51
52,NOSE,0.4589744210243225,0.028526725247502327,0.09993722289800644,0.9967085123062134,CapturedFrames_1.0_0.5_-3.0/video.mp4#frame=52
52,LEFT_EYE_INNER,0.4561571180820465,0.017214879393577576,0.09001505374908447,0.9959263801574707,CapturedFrames_1.0_0.5_-3.0/video.mp4#frame=52
52,LEFT_EYE,0.45465603470802307,0.01523272693157196,0.09001302719116211,0.996180534362793,CapturedFrames_1.0_0.5_-3.0/video.mp4#frame=52
52,LEFT_EYE_OUTER,0.4530014991760254,0.012926965020596981,0.08999723941087723,0.995824933052063,CapturedFrames_1.0_0.5_-3.0/video.mp4#frame=52
52,RIGHT_EYE_INNER,0.45943737030029297,0.01906733214855194,0.07875878363847733,0.9965085387229919,CapturedFrames_1.0_0.5_-3.0/video.mp4#frame=52
52,RIGHT_EYE,0.4603040814399719,0.0185307115316391,0.07876946032047272,0.9965357780456543,CapturedFrames_1.0_0.5_-3.0/video.mp4#frame=52
52,RIGHT_EYE_OUTER,0.46117955446243286,0.018066391348838806,0.07866731286048889,0.9961856007575989,CapturedFrames_1.0_0.5_-3.0/video.mp4#frame=52
52,LEFT_EAR,0.44656842947006226,0.010049998760223389,0.05481914430856705,0.9957972764968872,CapturedFrames_1.0_0.5_-3.0/video.mp4#frame=52
52,RIGHT_EAR,0.4591287076473236,0.01623694598674774,0.0046129678376019,0.9963107705116272,CapturedFrames_1.0_0.5_-3.0/video.mp4#frame=52
52,MOUTH_LEFT,0.4550831913948059,0.03145945072174072,0.09141576290130615,0.9967252612113953,CapturedFrames_1.0_0.5_-3.0/video.mp4#frame=52
52,MOUTH_RIGHT,0.45839476585388184,0.033064380288124084,0.0768037736415863,0.9972749352455139,CapturedFrames_1.0_0.5_-3.0/video.mp4#frame=52
52,LEFT_SHOULDER,0.41768425703048706,0.05790356919169426,0.06434482336044312,0.9986943602561951,CapturedFrames_1.0_0.5_-3.0/video.mp4#frame=52
52,RIGHT_SHOULDER,0.46288055181503296,0.049745410680770874,-0.0651821494102478,0.9999489784240723,CapturedFrames_1.0_0.5_-3.0/video.mp4#frame=52
52,LEFT_ELBOW,0.42045480012893677,0.14498895406723022,0.06592754274606705,0.14410914480686188,CapturedFrames_1.0_0.5_-3.0/video.mp4#frame=52
52,RIGHT_ELBOW,0.4652727246284485,0.1403118371963501,-0.0805930495262146,0.9772374033927917,CapturedFrames_1.0_0.5_-3.0/video.mp4#frame=52
52,LEFT_WRIST,0.4287979006767273,0.20032672584056854,0.05940071493387222,0.04966098442673683,CapturedFrames_1.0_0.5_-3.0/video.mp4#frame=52
52,RIGHT_WRIST,0.4689713418483734,0.23571822047233582,-0.05164520815014839,0.8610835671424866,CapturedFrames_1.0_0.5_-3.0/video.mp4#frame=52
52,LEFT_PINKY,0.4331219792366028,0.2194184809923172,0.06401053816080093,0.05728131905198097,CapturedFrames_1.0_0.5_-3.0/video.mp4#frame=52
52,RIGHT_PINKY,0.46669310331344604,0.2605898678302765,-0.05573095753788948,0.7937444448471069,CapturedFrames_1.0_0.5_-3.0/video.mp4#frame=52
52,LEFT_INDEX,0.4384947717189789,0.22040699422359467,0.05506623908877373,0.054633770138025284,CapturedFrames_1.0_0.5_-3.0/video.mp4#frame=52
52,RIGHT_INDEX,0.4639783501625061,0.2600138187408447,-0.050507865846157074,0.7864444255828857,CapturedFrames_1.0_0.5_-3.0/video.mp4#frame=52
52,LEFT_THUMB,0.43825292587280273,0.21536000072956085,0.055289555341005325,0.05398913472890854,CapturedFrames_1.0_0.5_-3.0/video.mp4#frame=52
52,RIGHT_THUMB,0.4640349745750427,0.2515799403190613,-0.047980744391679764,0.7220665216445923,CapturedFrames_1.0_0.5_-3.0/video.mp4#frame=52
52,LEFT_HIP,0.42489877343177795,0.22463634610176086,0.044841159135103226,0.9998456239700317,CapturedFrames_1.0_0.5_-3.0/video.mp4#frame=52
52,RIGHT_HIP,0.4522171914577484,0.22233149409294128,-0.04494632035493851,0.999788224697113,CapturedFrames_1.0_0.5_-3.0/video.mp4#frame=52
52,LEFT_KNEE,0.4165969491004944,0.34411710500717163,0.033114463090896606,0.985169529914856,CapturedFrames_1.0_0.5_-3.0/video.mp4#frame=52
52,RIGHT_KNEE,0.47917184233665466,0.33358606696128845,0.03124803863465786,0.9923388957977295,CapturedFrames_1.0_0.5_-3.0/video.mp4#frame=52
52,LEFT_ANKLE,0.4055939316749573,0.4756685793399811,0.01656435988843441,0.9768468737602234,CapturedFrames_1.0_0.5_-3.0/video.mp4#frame=52
52,RIGHT_ANKLE,0.4915662705898285,0.44897642731666565,0.07447627931833267,0.9835460186004639,CapturedFrames_1.0_0.5_-3.0/video.mp4#frame=52
52,LEFT_HEEL,0.4017236828804016,0.4992486834526062,0.014523269608616829,0.9854071140289307,CapturedFrames_1.0_0.5_-3.0/video.mp4#frame=52
52,RIGHT_HEEL,0.4914177358150482,0.4740608334541321,0.0795658677816391,0.9756225943565369,CapturedFrames_1.0_0.5_-3.0/video.mp4#frame=52
52,LEFT_FOOT_INDEX,0.4191862940788269,0.4883720874786377,-0.00828813761472702,0.8417279124259949,CapturedFrames_1.0_0.5_-3.0/video.mp4#frame=52
52,RIGHT_FOOT_INDEX,0.5046685338020325,0.434012234210968,0.07099957764148712,0.9041312336921692,CapturedFrames_1.0_0.5_-3.0/video.mp4#frame=52
53,NOSE,0.4659746587276459,0.007056623697280884,0.07149609923362732,0.998647153377533,CapturedFrames_1.0_0.5_-3.0/video.mp4#frame=53
53,LEFT_EYE_INNER,0.46259433031082153,-0.004704609513282776,0.0687052384018898,0.998557984828949,CapturedFrames_1.0_0.5_-3.0/video.mp4#frame=53
53,LEFT_EYE,0.46093493700027466,-0.004808634519577026,0.06871003657579422,0.9983904361724854,CapturedFrames_1.0_0.5_-3.0/video.mp4#frame=53
53,LEFT_EYE_OUTER,0.4592839181423187,-0.004781603813171387,0.06871026009321213,0.9983939528465271,CapturedFrames_1.0_0.5_-3.0/video.mp4#frame=53
53,RIGHT_EYE_INNER,0.46594029664993286,-0.005192503333091736,0.05331217125058174,0.9988528490066528,CapturedFrames_1.0_0.5_-3.0/video.mp4#frame=53
53,RIGHT_EYE,0.466596782207489,-0.005623712670058012,0.05331924557685852,0.9987488985061646,CapturedFrames_1.0_0.5_-3.0/video.mp4#frame=53
53,RIGHT_EYE_OUTER,0.467201292514801,-0.005919426679611206,0.05322400480508804,0.9988151788711548,CapturedFrames_1.0_0.5_-3.0/video.mp4#frame=53
53,LEFT_EAR,0.4528065621852875,-0.0023831576108932495,0.05622788146138191,0.9980977177619934,CapturedFrames_1.0_0.5_-3.0/video.mp4#frame=53
53,RIGHT_EAR,0.46332794427871704,-0.0031238943338394165,-0.013467205688357353,0.9988177418708801,CapturedFrames_1.0_0.5_-3.0/video.mp4#frame=53
53,MOUTH_LEFT,0.4619932770729065,0.015893906354904175,0.06998392194509506,0.9985458850860596,CapturedFrames_1.0_0.5_-3.0/video.mp4#frame=53
53,MOUTH_RIGHT,0.465300977230072,0.016095638275146484,0.049819398671388626,0.9990203380584717,CapturedFrames_1.0_0.5_-3.0/video.mp4#frame=53
53,LEFT_SHOULDER,0.4264684319496155,0.06003516912460327,0.07729839533567429,0.9989355206489563,CapturedFrames_1.0_0.5_-3.0/video.mp4#frame=53
53,RIGHT_SHOULDER,0.46689900755882263,0.05326133966445923,-0.08275553584098816,0.9999542236328125,CapturedFrames_1.0_0.5_-3.0/video.mp4#frame=53
53,LEFT_ELBOW,0.4283992350101471,0.14359289407730103,0.07609109580516815,0.122181735932827,CapturedFrames_1.0_0.5_-3.0/video.mp4#frame=53
53,RIGHT_ELBOW,0.46880871057510376,0.14483004808425903,-0.1004541739821434,0.9612024426460266,CapturedFrames_1.0_0.5_-3.0/video.mp4#frame=53
53,LEFT_WRIST,0.4326171278953552,0.20498816668987274,0.0591750368475914,0.08525684475898743,CapturedFrames_1.0_0.5_-3.0/video.mp4#frame=53
53,RIGHT_WRIST,0.47039729356765747,0.23665818572044373,-0.06377052515745163,0.9038712978363037,CapturedFrames_1.0_0.5_-3.0/video.mp4#frame=53
53,LEFT_PINKY,0.4368184506893158,0.2310751974582672,0.06200946494936943,0.09059961885213852,CapturedFrames_1.0_0.5_-3.0/video.mp4#frame=53
53,RIGHT_PINKY,0.46769633889198303,0.2620297074317932,-0.06998948752880096,0.8610877394676208,CapturedFrames_1.0_0.5_-3.0/video.mp4#frame=53
53,LEFT_INDEX,0.440403550863266,0.23367644846439362,0.05355016514658928,0.08575009554624557,CapturedFrames_1.0_0.5_-3.0/video.mp4#frame=53
53,RIGHT_INDEX,0.464599072933197,0.260573148727417,-0.06671315431594849,0.8567537665367126,CapturedFrames_1.0_0.5_-3.0/video.mp4#frame=53
53,LEFT_THUMB,0.44014471769332886,0.2284003645181656,0.05439962074160576,0.08304644376039505,CapturedFrames_1.0_0.5_-3.0/video.mp4#frame=53
53,RIGHT_THUMB,0.46518754959106445,0.2519126534461975,-0.060923982411623,0.8097587823867798,CapturedFrames_1.0_0.5_-3.0/video.mp4#frame=53
53,LEFT_HIP,0.4299545884132385,0.2291468232870102,0.04991113021969795,0.9998905658721924,CapturedFrames_1.0_0.5_-3.0/video.mp4#frame=53
53,RIGHT_HIP,0.4561734199523926,0.22418096661567688,-0.050078343600034714,0.9998140931129456,CapturedFrames_1.0_0.5_-3.0/video.mp4#frame=53
53,LEFT_KNEE,0.4190439283847809,0.3432038724422455,0.04640538617968559,0.9845269918441772,CapturedFrames_1.0_0.5_-3.0/video.mp4#frame=53
53,RIGHT_KNEE,0.4810003340244293,0.34110942482948303,0.027988102287054062,0.9819890260696411,CapturedFrames_1.0_0.5_-3.0/video.mp4#frame=53
53,LEFT_ANKLE,0.40682142972946167,0.4746479094028473,0.040049660950899124,0.9721888303756714,CapturedFrames_1.0_0.5_-3.0/video.mp4#frame=53
53,RIGHT_ANKLE,0.49502286314964294,0.4478800892829895,0.09441928565502167,0.9692034721374512,CapturedFrames_1.0_0.5_-3.0/video.mp4#frame=53
53,LEFT_HEEL,0.4014649987220764,0.4980291724205017,0.038447413593530655,0.9819836616516113,CapturedFrames_1.0_0.5_-3.0/video.mp4#frame=53
53,RIGHT_HEEL,0.49557703733444214,0.47290393710136414,0.10133552551269531,0.9577663540840149,CapturedFrames_1.0_0.5_-3.0/video.mp4#frame=53
53,LEFT_FOOT_INDEX,0.41968122124671936,0.4911896586418152,0.012684836983680725,0.8379339575767517,CapturedFrames_1.0_0.5_-3.0/video.mp4#frame=53
53,RIGHT_FOOT_INDEX,0.5054979920387268,0.43261420726776123,0.08954548090696335,0.8878282308578491,CapturedFrames_1.0_0.5_-3.0/video.mp4#frame=53
54,NOSE,0.46598801016807556,0.011961638927459717,0.10047390311956406,0.9997972846031189,CapturedFrames_1.0_0.5_-3.0/video.mp4#frame=54
54,LEFT_EYE_INNER,0.463249534368515,0.002070486545562744,0.09256844222545624,0.9998158812522888,CapturedFrames_1.0_0.5_-3.0/video.mp4#frame=54
54,LEFT_EYE,0.4613824486732483,0.0019764602184295654,0.09258117526769638,0.9997742772102356,CapturedFrames_1.0_0.5_-3.0/video.mp4#frame=54
54,LEFT_EYE_OUTER,0.45939216017723083,0.0020227134227752686,0.09257905930280685,0.9997867941856384,CapturedFrames_1.0_0.5_-3.0/video.mp4#frame=54
54,RIGHT_EYE_INNER,0.46754494309425354,0.002398163080215454,0.08109133690595627,0.9998321533203125,CapturedFrames_1.0_0.5_-3.0/video.mp4#frame=54
54,RIGHT_EYE,0.4686151444911957,0.002408832311630249,0.08108389377593994,0.999798595905304,CapturedFrames_1.0_0.5_-3.0/video.mp4#frame=54
54,RIGHT_EYE_OUTER,0.46966320276260376,0.0025526881217956543,0.08099594712257385,0.9998239874839783,CapturedFrames_1.0_0.5_-3.0/video.mp4#frame=54
54,LEFT_EAR,0.4542524814605713,0.00557062029838562,0.06157775968313217,0.999745786190033,CapturedFrames_1.0_0.5_-3.0/video.mp4#frame=54
54,RIGHT_EAR,0.46862664818763733,0.0065512205474078655,0.009776224382221699,0.9998537302017212,CapturedFrames_1.0_0.5_-3.0/video.mp4#frame=54
54,MOUTH_LEFT,0.46279376745224,0.02110189199447632,0.09231296181678772,0.9998179078102112,CapturedFrames_1.0_0.5_-3.0/video.mp4#frame=54
54,MOUTH_RIGHT,0.467010498046875,0.020933255553245544,0.07744541019201279,0.999872088432312,CapturedFrames_1.0_0.5_-3.0/video.mp4#frame=54
54,LEFT_SHOULDER,0.4296819567680359,0.0742911547422409,0.07355087250471115,0.9996272325515747,CapturedFrames_1.0_0.5_-3.0/video.mp4#frame=54
54,RIGHT_SHOULDER,0.47297826409339905,0.06796014308929443,-0.06259578466415405,0.9999750852584839,CapturedFrames_1.0_0.5_-3.0/video.mp4#frame=54
54,LEFT_ELBOW,0.4305557310581207,0.1544804871082306,0.06700281798839569,0.3047142028808594,CapturedFrames_1.0_0.5_-3.0/video.mp4#frame=54
54,RIGHT_ELBOW,0.4718381464481354,0.15823869407176971,-0.0685945525765419,0.973339855670929,CapturedFrames_1.0_0.5_-3.0/video.mp4#frame=54
54,LEFT_WRIST,0.4371005892753601,0.20849046111106873,0.05146866291761398,0.12041793018579483,CapturedFrames_1.0_0.5_-3.0/video.mp4#frame=54
54,RIGHT_WRIST,0.4728314280509949,0.24146048724651337,-0.020123234018683434,0.8638820052146912,CapturedFrames_1.0_0.5_-3.0/video.mp4#frame=54
54,LEFT_PINKY,0.43811044096946716,0.23522824048995972,0.05096479505300522,0.11002112179994583,CapturedFrames_1.0_0.5_-3.0/video.mp4#frame=54
54,RIGHT_PINKY,0.46966180205345154,0.2640889585018158,-0.02348540723323822,0.7743320465087891,CapturedFrames_1.0_0.5_-3.0/video.mp4#frame=54
54,LEFT_INDEX,0.440967857837677,0.23747992515563965,0.044716548174619675,0.10367436707019806,CapturedFrames_1.0_0.5_-3.0/video.mp4#frame=54
54,RIGHT_INDEX,0.46653252840042114,0.2626481056213379,-0.02189669758081436,0.764921247959137,CapturedFrames_1.0_0.5_-3.0/video.mp4#frame=54
54,LEFT_THUMB,0.44062280654907227,0.23181107640266418,0.04714171960949898,0.10043692588806152,CapturedFrames_1.0_0.5_-3.0/video.mp4#frame=54
54,RIGHT_THUMB,0.467268705368042,0.2551913261413574,-0.01797698624432087,0.7236772775650024,CapturedFrames_1.0_0.5_-3.0/video.mp4#frame=54
54,LEFT_HIP,0.43481212854385376,0.23423326015472412,0.04372135177254677,0.9999089241027832,CapturedFrames_1.0_0.5_-3.0/video.mp4#frame=54
54,RIGHT_HIP,0.4602431356906891,0.2321116179227829,-0.04381253570318222,0.9998631477355957,CapturedFrames_1.0_0.5_-3.0/video.mp4#frame=54
54,LEFT_KNEE,0.42132505774497986,0.3444092869758606,0.04759432375431061,0.9874509572982788,CapturedFrames_1.0_0.5_-3.0/video.mp4#frame=54
54,RIGHT_KNEE,0.48375338315963745,0.34315580129623413,0.022502539679408073,0.9832815527915955,CapturedFrames_1.0_0.5_-3.0/video.mp4#frame=54
54,LEFT_ANKLE,0.40687817335128784,0.46880412101745605,0.04986663907766342,0.9818763136863708,CapturedFrames_1.0_0.5_-3.0/video.mp4#frame=54
54,RIGHT_ANKLE,0.4961484372615814,0.45454734563827515,0.08109770715236664,0.9797767996788025,CapturedFrames_1.0_0.5_-3.0/video.mp4#frame=54
54,LEFT_HEEL,0.4024602770805359,0.4908400774002075,0.04919574037194252,0.9858570098876953,CapturedFrames_1.0_0.5_-3.0/video.mp4#frame=54
54,RIGHT_HEEL,0.49512583017349243,0.4771031141281128,0.08686887472867966,0.9702278971672058,CapturedFrames_1.0_0.5_-3.0/video.mp4#frame=54
54,LEFT_FOOT_INDEX,0.4183832108974457,0.4870815575122833,0.02432207204401493,0.8642570972442627,CapturedFrames_1.0_0.5_-3.0/video.mp4#frame=54
54,RIGHT_FOOT_INDEX,0.5095494389533997,0.4410356283187866,0.07034385204315186,0.9024019837379456,CapturedFrames_1.0_0.5_-3.0/video.mp4#frame=54
55,NOSE,0.47413596510887146,0.024602429941296577,0.07513795793056488,0.9996857643127441,CapturedFrames_1.0_0.5_-3.0/video.mp4#frame=55
55,LEFT_EYE_INNER,0.47128456830978394,0.014506340026855469,0.07121320068836212,0.9996639490127563,CapturedFrames_1.0_0.5_-3.0/video.mp4#frame=55
55,LEFT_EYE,0.4698719382286072,0.014259278774261475,0.07122664153575897,0.999546468257904,CapturedFrames_1.0_0.5_-3.0/video.mp4#frame=55
55,LEFT_EYE_OUTER,0.4682984948158264,0.01415221393108368,0.07122714817523956,0.9996032118797302,CapturedFrames_1.0_0.5_-3.0/video.mp4#frame=55
55,RIGHT_EYE_INNER,0.4738141894340515,0.014785141684114933,0.05687325447797775,0.9997249245643616,CapturedFrames_1.0_0.5_-3.0/video.mp4#frame=55
55,RIGHT_EYE,0.47422271966934204,0.014697417616844177,0.05686590075492859,0.9996436834335327,CapturedFrames_1.0_0.5_-3.0/video.mp4#frame=55
55,RIGHT_EYE_OUTER,0.4745590090751648,0.01467907428741455,0.05678188055753708,0.999711811542511,CapturedFrames_1.0_0.5_-3.0/video.mp4#frame=55
55,LEFT_EAR,0.46177583932876587,0.018325716257095337,0.0555124469101429,0.9994493126869202,CapturedFrames_1.0_0.5_-3.0/video.mp4#frame=55
55,RIGHT_EAR,0.4716149866580963,0.01843835413455963,-0.009469913318753242,0.9997130036354065,CapturedFrames_1.0_0.5_-3.0/video.mp4#frame=55
55,MOUTH_LEFT,0.47104692459106445,0.03416287899017334,0.07211090624332428,0.9997175335884094,CapturedFrames_1.0_0.5_-3.0/video.mp4#frame=55
55,MOUTH_RIGHT,0.47351589798927307,0.03420157730579376,0.05348946899175644,0.9998326301574707,CapturedFrames_1.0_0.5_-3.0/video.mp4#frame=55
55,LEFT_SHOULDER,0.4335242807865143,0.08453673124313354,0.07233267277479172,0.9995586276054382,CapturedFrames_1.0_0.5_-3.0/video.mp4#frame=55
55,RIGHT_SHOULDER,0.47771650552749634,0.07681775093078613,-0.07691400498151779,0.9999806880950928,CapturedFrames_1.0_0.5_-3.0/video.mp4#frame=55
55,LEFT_ELBOW,0.4334447383880615,0.16068792343139648,0.06982140988111496,0.270693838596344,CapturedFrames_1.0_0.5_-3.0/video.mp4#frame=55
55,RIGHT_ELBOW,0.4762580990791321,0.1644204556941986,-0.08859303593635559,0.9831662178039551,CapturedFrames_1.0_0.5_-3.0/video.mp4#frame=55
55,LEFT_WRIST,0.4415873885154724,0.2119436115026474,0.05819378048181534,0.09724975377321243,CapturedFrames_1.0_0.5_-3.0/video.mp4#frame=55
55,RIGHT_WRIST,0.4773649275302887,0.246414452791214,-0.04035705327987671,0.8854292631149292,CapturedFrames_1.0_0.5_-3.0/video.mp4#frame=55
55,LEFT_PINKY,0.4436874985694885,0.23562660813331604,0.05890712887048721,0.08838512003421783,CapturedFrames_1.0_0.5_-3.0/video.mp4#frame=55
55,RIGHT_PINKY,0.47375211119651794,0.2700541317462921,-0.04459453746676445,0.8007655739784241,CapturedFrames_1.0_0.5_-3.0/video.mp4#frame=55
55,LEFT_INDEX,0.446441650390625,0.23767761886119843,0.05259522795677185,0.08409281820058823,CapturedFrames_1.0_0.5_-3.0/video.mp4#frame=55
55,RIGHT_INDEX,0.4713277220726013,0.2690003216266632,-0.04085526615381241,0.7909098267555237,CapturedFrames_1.0_0.5_-3.0/video.mp4#frame=55
55,LEFT_THUMB,0.446033775806427,0.23262660205364227,0.05383596941828728,0.08547906577587128,CapturedFrames_1.0_0.5_-3.0/video.mp4#frame=55
55,RIGHT_THUMB,0.47213441133499146,0.26111841201782227,-0.037350594997406006,0.7503811120986938,CapturedFrames_1.0_0.5_-3.0/video.mp4#frame=55
55,LEFT_HIP,0.4410741925239563,0.23865382373332977,0.04750857874751091,0.999843955039978,CapturedFrames_1.0_0.5_-3.0/video.mp4#frame=55
55,RIGHT_HIP,0.46522849798202515,0.23779243230819702,-0.047579336911439896,0.999803364276886,CapturedFrames_1.0_0.5_-3.0/video.mp4#frame=55
55,LEFT_KNEE,0.4267210066318512,0.34653303027153015,0.0549878366291523,0.9782231450080872,CapturedFrames_1.0_0.5_-3.0/video.mp4#frame=55
55,RIGHT_KNEE,0.48803290724754333,0.3423020839691162,0.012960532680153847,0.9799659848213196,CapturedFrames_1.0_0.5_-3.0/video.mp4#frame=55
55,LEFT_ANKLE,0.40775904059410095,0.4641511142253876,0.06269120424985886,0.9785152673721313,CapturedFrames_1.0_0.5_-3.0/video.mp4#frame=55
55,RIGHT_ANKLE,0.4995110034942627,0.45388996601104736,0.0696328654885292,0.9789597392082214,CapturedFrames_1.0_0.5_-3.0/video.mp4#frame=55
55,LEFT_HEEL,0.40128374099731445,0.483714759349823,0.06253550946712494,0.9801150560379028,CapturedFrames_1.0_0.5_-3.0/video.mp4#frame=55
55,RIGHT_HEEL,0.4979121685028076,0.4752979576587677,0.07490886002779007,0.9629961252212524,CapturedFrames_1.0_0.5_-3.0/video.mp4#frame=55
55,LEFT_FOOT_INDEX,0.41966360807418823,0.49156081676483154,0.041049715131521225,0.9114821553230286,CapturedFrames_1.0_0.5_-3.0/video.mp4#frame=55
55,RIGHT_FOOT_INDEX,0.5108002424240112,0.4480806589126587,0.05933952331542969,0.9323235154151917,CapturedFrames_1.0_0.5_-3.0/video.mp4#frame=55
56,NOSE,0.47684139013290405,0.035274967551231384,0.06858515739440918,0.9997557997703552,CapturedFrames_1.0_0.5_-3.0/video.mp4#frame=56
56,LEFT_EYE_INNER,0.47399893403053284,0.02464929223060608,0.06391570717096329,0.9997380375862122,CapturedFrames_1.0_0.5_-3.0/video.mp4#frame=56
56,LEFT_EYE,0.47222429513931274,0.024198725819587708,0.0639260783791542,0.9996488094329834,CapturedFrames_1.0_0.5_-3.0/video.mp4#frame=56
56,LEFT_EYE_OUTER,0.4704533517360687,0.023829862475395203,0.0639338493347168,0.9997021555900574,CapturedFrames_1.0_0.5_-3.0/video.mp4#frame=56
56,RIGHT_EYE_INNER,0.4777389168739319,0.02522990107536316,0.050557322800159454,0.9997852444648743,CapturedFrames_1.0_0.5_-3.0/video.mp4#frame=56
56,RIGHT_EYE,0.4786357283592224,0.02513563632965088,0.050558239221572876,0.999722421169281,CapturedFrames_1.0_0.5_-3.0/video.mp4#frame=56
56,RIGHT_EYE_OUTER,0.47953781485557556,0.024997591972351074,0.05048232525587082,0.9997757077217102,CapturedFrames_1.0_0.5_-3.0/video.mp4#frame=56
56,LEFT_EAR,0.4650004506111145,0.026850536465644836,0.045628223568201065,0.999537467956543,CapturedFrames_1.0_0.5_-3.0/video.mp4#frame=56
56,RIGHT_EAR,0.4775313436985016,0.028174757957458496,-0.01478923112154007,0.9997348189353943,CapturedFrames_1.0_0.5_-3.0/video.mp4#frame=56
56,MOUTH_LEFT,0.47374168038368225,0.04430153965950012,0.06476300209760666,0.9997327923774719,CapturedFrames_1.0_0.5_-3.0/video.mp4#frame=56
56,MOUTH_RIGHT,0.4770871102809906,0.044572558254003525,0.04744851589202881,0.9998224377632141,CapturedFrames_1.0_0.5_-3.0/video.mp4#frame=56
56,LEFT_SHOULDER,0.4376711845397949,0.09365027397871017,0.06453598290681839,0.9996176958084106,CapturedFrames_1.0_0.5_-3.0/video.mp4#frame=56
56,RIGHT_SHOULDER,0.48219019174575806,0.08762045204639435,-0.07832112163305283,0.999976634979248,CapturedFrames_1.0_0.5_-3.0/video.mp4#frame=56
56,LEFT_ELBOW,0.4380364418029785,0.17058758437633514,0.07132409512996674,0.33549320697784424,CapturedFrames_1.0_0.5_-3.0/video.mp4#frame=56
56,RIGHT_ELBOW,0.4823557734489441,0.17707708477973938,-0.08070294559001923,0.976927638053894,CapturedFrames_1.0_0.5_-3.0/video.mp4#frame=56
56,LEFT_WRIST,0.4458928108215332,0.21811500191688538,0.07181836664676666,0.10815165191888809,CapturedFrames_1.0_0.5_-3.0/video.mp4#frame=56
56,RIGHT_WRIST,0.4851197302341461,0.256555438041687,-0.027604931965470314,0.8451180458068848,CapturedFrames_1.0_0.5_-3.0/video.mp4#frame=56
56,LEFT_PINKY,0.4462033808231354,0.24256163835525513,0.07479177415370941,0.09649448096752167,CapturedFrames_1.0_0.5_-3.0/video.mp4#frame=56
56,RIGHT_PINKY,0.4814349114894867,0.2774288058280945,-0.030093377456068993,0.7480387091636658,CapturedFrames_1.0_0.5_-3.0/video.mp4#frame=56
56,LEFT_INDEX,0.44924694299697876,0.24452604353427887,0.06832213699817657,0.09151443094015121,CapturedFrames_1.0_0.5_-3.0/video.mp4#frame=56
56,RIGHT_INDEX,0.47891777753829956,0.27577564120292664,-0.027494672685861588,0.7367581725120544,CapturedFrames_1.0_0.5_-3.0/video.mp4#frame=56
56,LEFT_THUMB,0.4487592577934265,0.23943360149860382,0.06803423166275024,0.0917196199297905,CapturedFrames_1.0_0.5_-3.0/video.mp4#frame=56
56,RIGHT_THUMB,0.47984108328819275,0.268909215927124,-0.024752123281359673,0.6901232600212097,CapturedFrames_1.0_0.5_-3.0/video.mp4#frame=56
56,LEFT_HIP,0.4441264271736145,0.24450312554836273,0.04630234092473984,0.9997650980949402,CapturedFrames_1.0_0.5_-3.0/video.mp4#frame=56
56,RIGHT_HIP,0.4700392186641693,0.24267400801181793,-0.046387072652578354,0.999725878238678,CapturedFrames_1.0_0.5_-3.0/video.mp4#frame=56
56,LEFT_KNEE,0.43191757798194885,0.3517180383205414,0.05264247581362724,0.9452142119407654,CapturedFrames_1.0_0.5_-3.0/video.mp4#frame=56
56,RIGHT_KNEE,0.49387651681900024,0.34580475091934204,0.00989422108978033,0.9522145986557007,CapturedFrames_1.0_0.5_-3.0/video.mp4#frame=56
56,LEFT_ANKLE,0.40897607803344727,0.4622933268547058,0.06287574768066406,0.9595872163772583,CapturedFrames_1.0_0.5_-3.0/video.mp4#frame=56
56,RIGHT_ANKLE,0.5002551078796387,0.4573395252227783,0.058182813227176666,0.963245689868927,CapturedFrames_1.0_0.5_-3.0/video.mp4#frame=56
56,LEFT_HEEL,0.40292638540267944,0.4788295328617096,0.06305363774299622,0.9641468524932861,CapturedFrames_1.0_0.5_-3.0/video.mp4#frame=56
56,RIGHT_HEEL,0.49680933356285095,0.4760608673095703,0.06262616068124771,0.9434229135513306,CapturedFrames_1.0_0.5_-3.0/video.mp4#frame=56
56,LEFT_FOOT_INDEX,0.4164065718650818,0.494903028011322,0.044717054814100266,0.885679304599762,CapturedFrames_1.0_0.5_-3.0/video.mp4#frame=56
56,RIGHT_FOOT_INDEX,0.5122159719467163,0.4595848023891449,0.04721788689494133,0.9139518141746521,CapturedFrames_1.0_0.5_-3.0/video.mp4#frame=56
57,NOSE,0.4810754656791687,0.040715888142585754,0.060277003794908524,0.9998739957809448,CapturedFrames_1.0_0.5_-3.0/video.mp4#frame=57
57,LEFT_EYE_INNER,0.47806835174560547,0.02975420653820038,0.055307041853666306,0.9998406171798706,CapturedFrames_1.0_0.5_-3.0/video.mp4#frame=57
57,LEFT_EYE,0.4764433801174164,0.029573900625109673,0.055319301784038544,0.9997621178627014,CapturedFrames_1.0_0.5_-3.0/video.mp4#frame=57
57,LEFT_EYE_OUTER,0.47467899322509766,0.029507262632250786,0.0553252212703228,0.999804675579071,CapturedFrames_1.0_0.5_-3.0/video.mp4#frame=57
57,RIGHT_EYE_INNER,0.48116618394851685,0.02985629439353943,0.0422399565577507,0.9998769760131836,CapturedFrames_1.0_0.5_-3.0/video.mp4#frame=57
57,RIGHT_EYE,0.4818059802055359,0.02973218262195587,0.04223598539829254,0.9998341798782349,CapturedFrames_1.0_0.5_-3.0/video.mp4#frame=57
57,RIGHT_EYE_OUTER,0.48238664865493774,0.029650211334228516,0.04215515777468681,0.9998767375946045,CapturedFrames_1.0_0.5_-3.0/video.mp4#frame=57
57,LEFT_EAR,0.4691355228424072,0.03346686065196991,0.03738250210881233,0.9996317625045776,CapturedFrames_1.0_0.5_-3.0/video.mp4#frame=57
57,RIGHT_EAR,0.4806939959526062,0.03286243975162506,-0.02185574173927307,0.9998465776443481,CapturedFrames_1.0_0.5_-3.0/video.mp4#frame=57
57,MOUTH_LEFT,0.47849756479263306,0.04996677115559578,0.05667753890156746,0.9998446702957153,CapturedFrames_1.0_0.5_-3.0/video.mp4#frame=57
57,MOUTH_RIGHT,0.4814636707305908,0.05008581653237343,0.0397336408495903,0.9999080896377563,CapturedFrames_1.0_0.5_-3.0/video.mp4#frame=57
57,LEFT_SHOULDER,0.44297194480895996,0.09939414262771606,0.05855962634086609,0.9996886253356934,CapturedFrames_1.0_0.5_-3.0/video.mp4#frame=57
57,RIGHT_SHOULDER,0.48627057671546936,0.09124769270420074,-0.08538959920406342,0.9999862909317017,CapturedFrames_1.0_0.5_-3.0/video.mp4#frame=57
57,LEFT_ELBOW,0.44163283705711365,0.17911139130592346,0.06744185090065002,0.33209285140037537,CapturedFrames_1.0_0.5_-3.0/video.mp4#frame=57
57,RIGHT_ELBOW,0.48830610513687134,0.1798221617937088,-0.08468234539031982,0.98723304271698,CapturedFrames_1.0_0.5_-3.0/video.mp4#frame=57
57,LEFT_WRIST,0.45065727829933167,0.22594687342643738,0.06954015046358109,0.09591581672430038,CapturedFrames_1.0_0.5_-3.0/video.mp4#frame=57
57,RIGHT_WRIST,0.49211183190345764,0.2603256106376648,-0.02344215102493763,0.8526985049247742,CapturedFrames_1.0_0.5_-3.0/video.mp4#frame=57
57,LEFT_PINKY,0.4489683508872986,0.24443694949150085,0.07242819666862488,0.08488233387470245,CapturedFrames_1.0_0.5_-3.0/video.mp4#frame=57
57,RIGHT_PINKY,0.4892141819000244,0.2806667387485504,-0.02443709224462509,0.73878413438797,CapturedFrames_1.0_0.5_-3.0/video.mp4#frame=57
57,LEFT_INDEX,0.4564085006713867,0.24842847883701324,0.06616440415382385,0.0814395323395729,CapturedFrames_1.0_0.5_-3.0/video.mp4#frame=57
57,RIGHT_INDEX,0.48647600412368774,0.2803462743759155,-0.02137070521712303,0.7278041243553162,CapturedFrames_1.0_0.5_-3.0/video.mp4#frame=57
57,LEFT_THUMB,0.45609530806541443,0.24293531477451324,0.06576584279537201,0.08253946155309677,CapturedFrames_1.0_0.5_-3.0/video.mp4#frame=57
57,RIGHT_THUMB,0.4870017170906067,0.2730307877063751,-0.020166242495179176,0.6845643520355225,CapturedFrames_1.0_0.5_-3.0/video.mp4#frame=57
57,LEFT_HIP,0.45028162002563477,0.24783089756965637,0.04625818878412247,0.9998114705085754,CapturedFrames_1.0_0.5_-3.0/video.mp4#frame=57
57,RIGHT_HIP,0.4748123288154602,0.24647119641304016,-0.046346623450517654,0.9997989535331726,CapturedFrames_1.0_0.5_-3.0/video.mp4#frame=57
57,LEFT_KNEE,0.4376784861087799,0.35312560200691223,0.05945766717195511,0.9497841000556946,CapturedFrames_1.0_0.5_-3.0/video.mp4#frame=57
57,RIGHT_KNEE,0.49931225180625916,0.34860336780548096,0.006757792085409164,0.9577802419662476,CapturedFrames_1.0_0.5_-3.0/video.mp4#frame=57
57,LEFT_ANKLE,0.4126623570919037,0.46055349707603455,0.07411330938339233,0.9710133671760559,CapturedFrames_1.0_0.5_-3.0/video.mp4#frame=57
57,RIGHT_ANKLE,0.500338613986969,0.45735129714012146,0.060964323580265045,0.9687557220458984,CapturedFrames_1.0_0.5_-3.0/video.mp4#frame=57
57,LEFT_HEEL,0.40594759583473206,0.4710667133331299,0.074752576649189,0.9667375683784485,CapturedFrames_1.0_0.5_-3.0/video.mp4#frame=57
57,RIGHT_HEEL,0.49604707956314087,0.47612252831459045,0.06608043611049652,0.9341368675231934,CapturedFrames_1.0_0.5_-3.0/video.mp4#frame=57
57,LEFT_FOOT_INDEX,0.416828453540802,0.4991493225097656,0.05776571109890938,0.9288284182548523,CapturedFrames_1.0_0.5_-3.0/video.mp4#frame=57
57,RIGHT_FOOT_INDEX,0.5127266049385071,0.4674958884716034,0.05213627964258194,0.9367961883544922,CapturedFrames_1.0_0.5_-3.0/video.mp4#frame=57
58,NOSE,0.4832793176174164,0.0426400750875473,0.03871707618236542,0.9999436140060425,CapturedFrames_1.0_0.5_-3.0/video.mp4#frame=58
58,LEFT_EYE_INNER,0.47978511452674866,0.03147941827774048,0.03289586305618286,0.9999223947525024,CapturedFrames_1.0_0.5_-3.0/video.mp4#frame=58
58,LEFT_EYE,0.4778527319431305,0.03106406331062317,0.03290240094065666,0.9998916387557983,CapturedFrames_1.0_0.5_-3.0/video.mp4#frame=58
58,LEFT_EYE_OUTER,0.47578781843185425,0.03084939904510975,0.032912250608205795,0.9999085664749146,CapturedFrames_1.0_0.5_-3.0/video.mp4#frame=58
58,RIGHT_EYE_INNER,0.48422279953956604,0.03223493695259094,0.021331340074539185,0.9999399185180664,CapturedFrames_1.0_0.5_-3.0/video.mp4#frame=58
58,RIGHT_EYE,0.48531150817871094,0.03223621845245361,0.0213345717638731,0.9999223947525024,CapturedFrames_1.0_0.5_-3.0/video.mp4#frame=58
58,RIGHT_EYE_OUTER,0.48639601469039917,0.03232051432132721,0.02126813307404518,0.9999377727508545,CapturedFrames_1.0_0.5_-3.0/video.mp4#frame=58
58,LEFT_EAR,0.4709487855434418,0.03523021936416626,0.013367441482841969,0.9998388290405273,CapturedFrames_1.0_0.5_-3.0/video.mp4#frame=58
58,RIGHT_EAR,0.4856782555580139,0.03624695539474487,-0.039027564227581024,0.9999171495437622,CapturedFrames_1.0_0.5_-3.0/video.mp4#frame=58
58,MOUTH_LEFT,0.4806455969810486,0.052658285945653915,0.034784749150276184,0.9999264478683472,CapturedFrames_1.0_0.5_-3.0/video.mp4#frame=58
58,MOUTH_RIGHT,0.4846054017543793,0.05307689309120178,0.019717173650860786,0.9999511241912842,CapturedFrames_1.0_0.5_-3.0/video.mp4#frame=58
58,LEFT_SHOULDER,0.4459920823574066,0.10661986470222473,0.034055404365062714,0.9998124241828918,CapturedFrames_1.0_0.5_-3.0/video.mp4#frame=58
58,RIGHT_SHOULDER,0.4895156919956207,0.09813085198402405,-0.09316729754209518,0.9999861717224121,CapturedFrames_1.0_0.5_-3.0/video.mp4#frame=58
58,LEFT_ELBOW,0.4438842236995697,0.18799684941768646,0.048286404460668564,0.41124647855758667,CapturedFrames_1.0_0.5_-3.0/video.mp4#frame=58
58,RIGHT_ELBOW,0.493765264749527,0.18528330326080322,-0.08711457997560501,0.9819013476371765,CapturedFrames_1.0_0.5_-3.0/video.mp4#frame=58
58,LEFT_WRIST,0.4548913836479187,0.23347850143909454,0.06005135923624039,0.11262065172195435,CapturedFrames_1.0_0.5_-3.0/video.mp4#frame=58
58,RIGHT_WRIST,0.5004085898399353,0.26114794611930847,-0.023742547258734703,0.8407009840011597,CapturedFrames_1.0_0.5_-3.0/video.mp4#frame=58
58,LEFT_PINKY,0.4555409550666809,0.24816879630088806,0.06394606828689575,0.1000162810087204,CapturedFrames_1.0_0.5_-3.0/video.mp4#frame=58
58,RIGHT_PINKY,0.4979068636894226,0.2789740264415741,-0.02388593927025795,0.7349215745925903,CapturedFrames_1.0_0.5_-3.0/video.mp4#frame=58
58,LEFT_INDEX,0.4589758813381195,0.24588821828365326,0.05823712423443794,0.09522484242916107,CapturedFrames_1.0_0.5_-3.0/video.mp4#frame=58
58,RIGHT_INDEX,0.49553388357162476,0.2801054120063782,-0.02186528593301773,0.7230032086372375,CapturedFrames_1.0_0.5_-3.0/video.mp4#frame=58
58,LEFT_THUMB,0.45988816022872925,0.24995024502277374,0.05699442699551582,0.0899551585316658,CapturedFrames_1.0_0.5_-3.0/video.mp4#frame=58
58,RIGHT_THUMB,0.4962150454521179,0.2728043794631958,-0.021028926596045494,0.6693682074546814,CapturedFrames_1.0_0.5_-3.0/video.mp4#frame=58
58,LEFT_HIP,0.45469576120376587,0.25146085023880005,0.04063018411397934,0.9998412132263184,CapturedFrames_1.0_0.5_-3.0/video.mp4#frame=58
58,RIGHT_HIP,0.4807226061820984,0.25086748600006104,-0.0407579205930233,0.9998419284820557,CapturedFrames_1.0_0.5_-3.0/video.mp4#frame=58
58,LEFT_KNEE,0.444190114736557,0.35459285974502563,0.06642676144838333,0.9584302306175232,CapturedFrames_1.0_0.5_-3.0/video.mp4#frame=58
58,RIGHT_KNEE,0.5016726851463318,0.3496096134185791,0.02020740695297718,0.9615649580955505,CapturedFrames_1.0_0.5_-3.0/video.mp4#frame=58
58,LEFT_ANKLE,0.4176841378211975,0.44647344946861267,0.09280795603990555,0.974159836769104,CapturedFrames_1.0_0.5_-3.0/video.mp4#frame=58
58,RIGHT_ANKLE,0.5011653304100037,0.45762792229652405,0.07678216695785522,0.9759852886199951,CapturedFrames_1.0_0.5_-3.0/video.mp4#frame=58
58,LEFT_HEEL,0.4103025496006012,0.458578884601593,0.0949830636382103,0.9703696370124817,CapturedFrames_1.0_0.5_-3.0/video.mp4#frame=58
58,RIGHT_HEEL,0.4965130686759949,0.4769843518733978,0.0821480080485344,0.954564094543457,CapturedFrames_1.0_0.5_-3.0/video.mp4#frame=58
58,LEFT_FOOT_INDEX,0.4178400933742523,0.483903169631958,0.07931088656187057,0.9340469837188721,CapturedFrames_1.0_0.5_-3.0/video.mp4#frame=58
58,RIGHT_FOOT_INDEX,0.5137425661087036,0.46770256757736206,0.06573785096406937,0.9441214799880981,CapturedFrames_1.0_0.5_-3.0/video.mp4#frame=58
59,NOSE,0.48800069093704224,0.0517006516456604,0.04194016754627228,0.9998475313186646,CapturedFrames_1.0_0.5_-3.0/video.mp4#frame=59
59,LEFT_EYE_INNER,0.48519906401634216,0.04128599166870117,0.0364508219063282,0.9998107552528381,CapturedFrames_1.0_0.5_-3.0/video.mp4#frame=59
59,LEFT_EYE,0.48338523507118225,0.040686964988708496,0.03644873574376106,0.9997448325157166,CapturedFrames_1.0_0.5_-3.0/video.mp4#frame=59
59,LEFT_EYE_OUTER,0.48151296377182007,0.040271177887916565,0.03645221143960953,0.9997915625572205,CapturedFrames_1.0_0.5_-3.0/video.mp4#frame=59
59,RIGHT_EYE_INNER,0.4891083836555481,0.04216635227203369,0.025026271119713783,0.9998573064804077,CapturedFrames_1.0_0.5_-3.0/video.mp4#frame=59
59,RIGHT_EYE,0.4901675283908844,0.04206587374210358,0.025034617632627487,0.9998214840888977,CapturedFrames_1.0_0.5_-3.0/video.mp4#frame=59
59,RIGHT_EYE_OUTER,0.4911900460720062,0.04195539653301239,0.024971259757876396,0.9998548030853271,CapturedFrames_1.0_0.5_-3.0/video.mp4#frame=59
59,LEFT_EAR,0.47590965032577515,0.043005406856536865,0.016341108828783035,0.9996199607849121,CapturedFrames_1.0_0.5_-3.0/video.mp4#frame=59
59,RIGHT_EAR,0.48959922790527344,0.04472146928310394,-0.03524737432599068,0.9997819066047668,CapturedFrames_1.0_0.5_-3.0/video.mp4#frame=59
59,MOUTH_LEFT,0.48477107286453247,0.06011106073856354,0.03762670233845711,0.999785840511322,CapturedFrames_1.0_0.5_-3.0/video.mp4#frame=59
59,MOUTH_RIGHT,0.4882075786590576,0.06113553047180176,0.02274961769580841,0.999848484992981,CapturedFrames_1.0_0.5_-3.0/video.mp4#frame=59
59,LEFT_SHOULDER,0.449687659740448,0.11300519108772278,0.0329991839826107,0.9996738433837891,CapturedFrames_1.0_0.5_-3.0/video.mp4#frame=59
59,RIGHT_SHOULDER,0.49417632818222046,0.10266688466072083,-0.08666125684976578,0.999974250793457,CapturedFrames_1.0_0.5_-3.0/video.mp4#frame=59
59,LEFT_ELBOW,0.44909173250198364,0.19328990578651428,0.04466389864683151,0.33179527521133423,CapturedFrames_1.0_0.5_-3.0/video.mp4#frame=59
59,RIGHT_ELBOW,0.5007588863372803,0.19141307473182678,-0.08310585469007492,0.9702271223068237,CapturedFrames_1.0_0.5_-3.0/video.mp4#frame=59
59,LEFT_WRIST,0.4603472650051117,0.2381087690591812,0.055038344115018845,0.09720068424940109,CapturedFrames_1.0_0.5_-3.0/video.mp4#frame=59
59,RIGHT_WRIST,0.5074833631515503,0.26507484912872314,-0.028129253536462784,0.8397003412246704,CapturedFrames_1.0_0.5_-3.0/video.mp4#frame=59
59,LEFT_PINKY,0.46044453978538513,0.2538756728172302,0.05934201925992966,0.0925934687256813,CapturedFrames_1.0_0.5_-3.0/video.mp4#frame=59
59,RIGHT_PINKY,0.5053969621658325,0.28414854407310486,-0.028043117374181747,0.7576544880867004,CapturedFrames_1.0_0.5_-3.0/video.mp4#frame=59
59,LEFT_INDEX,0.4664992690086365,0.25770625472068787,0.0537862554192543,0.08785117417573929,CapturedFrames_1.0_0.5_-3.0/video.mp4#frame=59
59,RIGHT_INDEX,0.5027944445610046,0.2845478951931,-0.025584852322936058,0.7447372078895569,CapturedFrames_1.0_0.5_-3.0/video.mp4#frame=59
59,LEFT_THUMB,0.4662243723869324,0.2529864013195038,0.0521346852183342,0.08255770057439804,CapturedFrames_1.0_0.5_-3.0/video.mp4#frame=59
59,RIGHT_THUMB,0.5029078722000122,0.27722910046577454,-0.025383159518241882,0.6820017695426941,CapturedFrames_1.0_0.5_-3.0/video.mp4#frame=59
59,LEFT_HIP,0.4595068395137787,0.2543810307979584,0.036587733775377274,0.9996871948242188,CapturedFrames_1.0_0.5_-3.0/video.mp4#frame=59
59,RIGHT_HIP,0.48614510893821716,0.2532634437084198,-0.0367104709148407,0.9997156262397766,CapturedFrames_1.0_0.5_-3.0/video.mp4#frame=59
59,LEFT_KNEE,0.4516336917877197,0.35763490200042725,0.05348386615514755,0.9479096531867981,CapturedFrames_1.0_0.5_-3.0/video.mp4#frame=59
59,RIGHT_KNEE,0.5036422610282898,0.35340365767478943,0.015465667471289635,0.9447149634361267,CapturedFrames_1.0_0.5_-3.0/video.mp4#frame=59
59,LEFT_ANKLE,0.4256061911582947,0.43718084692955017,0.07593053579330444,0.9672236442565918,CapturedFrames_1.0_0.5_-3.0/video.mp4#frame=59
59,RIGHT_ANKLE,0.5007849335670471,0.4582580626010895,0.054189734160900116,0.9709684252738953,CapturedFrames_1.0_0.5_-3.0/video.mp4#frame=59
59,LEFT_HEEL,0.41961127519607544,0.444262832403183,0.07763788104057312,0.9617175459861755,CapturedFrames_1.0_0.5_-3.0/video.mp4#frame=59
59,RIGHT_HEEL,0.4960973858833313,0.48119717836380005,0.05771604925394058,0.9465612769126892,CapturedFrames_1.0_0.5_-3.0/video.mp4#frame=59
59,LEFT_FOOT_INDEX,0.42429694533348083,0.47542649507522583,0.06102699786424637,0.9169440865516663,CapturedFrames_1.0_0.5_-3.0/video.mp4#frame=59
59,RIGHT_FOOT_INDEX,0.5157074332237244,0.46833929419517517,0.03921990841627121,0.9311468601226807,CapturedFrames_1.0_0.5_-3.0/video.mp4#frame=59
60,NOSE,0.4910227358341217,0.05245056748390198,0.06925039738416672,0.9998148083686829,CapturedFrames_1.0_0.5_-3.0/video.mp4#frame=60
60,LEFT_EYE_INNER,0.4875243604183197,0.04310999810695648,0.061261605471372604,0.9998273253440857,CapturedFrames_1.0_0.5_-3.0/video.mp4#frame=60
60,LEFT_EYE,0.48568862676620483,0.04264460504055023,0.061260052025318146,0.9997782111167908,CapturedFrames_1.0_0.5_-3.0/video.mp4#frame=60
60,LEFT_EYE_OUTER,0.4837598204612732,0.042321398854255676,0.06125348061323166,0.9998428821563721,CapturedFrames_1.0_0.5_-3.0/video.mp4#frame=60
60,RIGHT_EYE_INNER,0.49184712767601013,0.04379817843437195,0.05175215005874634,0.9998451471328735,CapturedFrames_1.0_0.5_-3.0/video.mp4#frame=60
60,RIGHT_EYE,0.49296411871910095,0.04359458386898041,0.05177128314971924,0.9998005032539368,CapturedFrames_1.0_0.5_-3.0/video.mp4#frame=60
60,RIGHT_EYE_OUTER,0.4940243661403656,0.04333977401256561,0.05172201246023178,0.9998399019241333,CapturedFrames_1.0_0.5_-3.0/video.mp4#frame=60
60,LEFT_EAR,0.47860512137413025,0.045671578496694565,0.029141809791326523,0.9997503161430359,CapturedFrames_1.0_0.5_-3.0/video.mp4#frame=60
60,RIGHT_EAR,0.4924972653388977,0.04666261002421379,-0.013421563431620598,0.9997621178627014,CapturedFrames_1.0_0.5_-3.0/video.mp4#frame=60
60,MOUTH_LEFT,0.4879237115383148,0.06093226373195648,0.060622237622737885,0.999803364276886,CapturedFrames_1.0_0.5_-3.0/video.mp4#frame=60
60,MOUTH_RIGHT,0.49166616797447205,0.06091172993183136,0.0483400821685791,0.9998214840888977,CapturedFrames_1.0_0.5_-3.0/video.mp4#frame=60
60,LEFT_SHOULDER,0.4530567228794098,0.11595743894577026,0.04239155724644661,0.9996471405029297,CapturedFrames_1.0_0.5_-3.0/video.mp4#frame=60
60,RIGHT_SHOULDER,0.49874037504196167,0.10537425428628922,-0.06786803156137466,0.9999375343322754,CapturedFrames_1.0_0.5_-3.0/video.mp4#frame=60
60,LEFT_ELBOW,0.4510382115840912,0.1943672150373459,0.05481370538473129,0.5109798908233643,CapturedFrames_1.0_0.5_-3.0/video.mp4#frame=60
60,RIGHT_ELBOW,0.5067766308784485,0.19582034647464752,-0.0663837268948555,0.9717886447906494,CapturedFrames_1.0_0.5_-3.0/video.mp4#frame=60
60,LEFT_WRIST,0.46167030930519104,0.24848009645938873,0.07337456196546555,0.13972894847393036,CapturedFrames_1.0_0.5_-3.0/video.mp4#frame=60
60,RIGHT_WRIST,0.5147064924240112,0.27231574058532715,-0.026731526479125023,0.8132781386375427,CapturedFrames_1.0_0.5_-3.0/video.mp4#frame=60
60,LEFT_PINKY,0.46026402711868286,0.2654133439064026,0.08064459264278412,0.11864113807678223,CapturedFrames_1.0_0.5_-3.0/video.mp4#frame=60
60,RIGHT_PINKY,0.5121566653251648,0.2904296815395355,-0.02793441340327263,0.7187044620513916,CapturedFrames_1.0_0.5_-3.0/video.mp4#frame=60
60,LEFT_INDEX,0.46405014395713806,0.2620411515235901,0.07474862784147263,0.1104259043931961,CapturedFrames_1.0_0.5_-3.0/video.mp4#frame=60
60,RIGHT_INDEX,0.5102027058601379,0.2911689877510071,-0.02555030956864357,0.7005430459976196,CapturedFrames_1.0_0.5_-3.0/video.mp4#frame=60
60,LEFT_THUMB,0.46510738134384155,0.2566739320755005,0.07098086178302765,0.099736288189888,CapturedFrames_1.0_0.5_-3.0/video.mp4#frame=60
60,RIGHT_THUMB,0.510160505771637,0.28453943133354187,-0.0245970506221056,0.6135514378547668,CapturedFrames_1.0_0.5_-3.0/video.mp4#frame=60
60,LEFT_HIP,0.46259012818336487,0.25070831179618835,0.03946555405855179,0.999609649181366,CapturedFrames_1.0_0.5_-3.0/video.mp4#frame=60
60,RIGHT_HIP,0.48971062898635864,0.2495342195034027,-0.039583805948495865,0.9995759129524231,CapturedFrames_1.0_0.5_-3.0/video.mp4#frame=60
60,LEFT_KNEE,0.45775604248046875,0.35281530022621155,0.04507743939757347,0.9268947839736938,CapturedFrames_1.0_0.5_-3.0/video.mp4#frame=60
60,RIGHT_KNEE,0.5033946633338928,0.3525332808494568,-0.006432196591049433,0.9584336280822754,CapturedFrames_1.0_0.5_-3.0/video.mp4#frame=60
60,LEFT_ANKLE,0.4329635500907898,0.4349114000797272,0.04424870386719704,0.966788113117218,CapturedFrames_1.0_0.5_-3.0/video.mp4#frame=60
60,RIGHT_ANKLE,0.5017354488372803,0.46017253398895264,-0.010494871065020561,0.9786922335624695,CapturedFrames_1.0_0.5_-3.0/video.mp4#frame=60
60,LEFT_HEEL,0.4256804585456848,0.45845842361450195,0.04348434880375862,0.9647005796432495,CapturedFrames_1.0_0.5_-3.0/video.mp4#frame=60
60,RIGHT_HEEL,0.49734416604042053,0.4809473156929016,-0.011552260257303715,0.9648174047470093,CapturedFrames_1.0_0.5_-3.0/video.mp4#frame=60
60,LEFT_FOOT_INDEX,0.4339393079280853,0.48094746470451355,0.023519128561019897,0.9323599934577942,CapturedFrames_1.0_0.5_-3.0/video.mp4#frame=60
60,RIGHT_FOOT_INDEX,0.5188473463058472,0.47118374705314636,-0.03558968007564545,0.9511973857879639,CapturedFrames_1.0_0.5_-3.0/video.mp4#frame=60
61,NOSE,0.4908749461174011,0.05101002752780914,0.05465982109308243,0.9996843338012695,CapturedFrames_1.0_0.5_-3.0/video.mp4#frame=61
61,LEFT_EYE_INNER,0.4872046411037445,0.04150553047657013,0.04530153423547745,0.9996346235275269,CapturedFrames_1.0_0.5_-3.0/video.mp4#frame=61
61,LEFT_EYE,0.48519715666770935,0.04109598696231842,0.04528700187802315,0.9995433688163757,CapturedFrames_1.0_0.5_-3.0/video.mp4#frame=61
61,LEFT_EYE_OUTER,0.48325157165527344,0.040900275111198425,0.045281846076250076,0.9996660947799683,CapturedFrames_1.0_0.5_-3.0/video.mp4#frame=61
61,RIGHT_EYE_INNER,0.49218282103538513,0.042525216937065125,0.03702950477600098,0.9996639490127563,CapturedFrames_1.0_0.5_-3.0/video.mp4#frame=61
61,RIGHT_EYE,0.493537038564682,0.0425298810005188,0.03706037998199463,0.9995461106300354,CapturedFrames_1.0_0.5_-3.0/video.mp4#frame=61
61,RIGHT_EYE_OUTER,0.4947962760925293,0.042513370513916016,0.03700219467282295,0.9996238946914673,CapturedFrames_1.0_0.5_-3.0/video.mp4#frame=61
61,LEFT_EAR,0.47903355956077576,0.044859305024147034,0.010194106958806515,0.9994778037071228,CapturedFrames_1.0_0.5_-3.0/video.mp4#frame=61
61,RIGHT_EAR,0.4939654469490051,0.04623058810830116,-0.026744332164525986,0.9994760155677795,CapturedFrames_1.0_0.5_-3.0/video.mp4#frame=61
61,MOUTH_LEFT,0.48798561096191406,0.05956944823265076,0.045204468071460724,0.9996697902679443,CapturedFrames_1.0_0.5_-3.0/video.mp4#frame=61
61,MOUTH_RIGHT,0.49244970083236694,0.060305967926979065,0.034530993551015854,0.9996857643127441,CapturedFrames_1.0_0.5_-3.0/video.mp4#frame=61
61,LEFT_SHOULDER,0.4558231234550476,0.11540199816226959,0.02564316615462303,0.9994463324546814,CapturedFrames_1.0_0.5_-3.0/video.mp4#frame=61
61,RIGHT_SHOULDER,0.5015454888343811,0.10726731270551682,-0.07469584047794342,0.9998953342437744,CapturedFrames_1.0_0.5_-3.0/video.mp4#frame=61
61,LEFT_ELBOW,0.4519854485988617,0.19515679776668549,0.03555658087134361,0.5989552736282349,CapturedFrames_1.0_0.5_-3.0/video.mp4#frame=61
61,RIGHT_ELBOW,0.5093907117843628,0.1915072351694107,-0.07615689188241959,0.95854252576828,CapturedFrames_1.0_0.5_-3.0/video.mp4#frame=61
61,LEFT_WRIST,0.4570707380771637,0.2549777626991272,0.043746218085289,0.3167189061641693,CapturedFrames_1.0_0.5_-3.0/video.mp4#frame=61
61,RIGHT_WRIST,0.5194627046585083,0.26733046770095825,-0.04778576269745827,0.9122160077095032,CapturedFrames_1.0_0.5_-3.0/video.mp4#frame=61
61,LEFT_PINKY,0.45645207166671753,0.26948732137680054,0.048715755343437195,0.26508113741874695,CapturedFrames_1.0_0.5_-3.0/video.mp4#frame=61
61,RIGHT_PINKY,0.5175775289535522,0.28754064440727234,-0.05239098146557808,0.8619974851608276,CapturedFrames_1.0_0.5_-3.0/video.mp4#frame=61
61,LEFT_INDEX,0.4597946107387543,0.26721081137657166,0.04115285351872444,0.24996823072433472,CapturedFrames_1.0_0.5_-3.0/video.mp4#frame=61
61,RIGHT_INDEX,0.5152208805084229,0.288758784532547,-0.05102740600705147,0.84759122133255,CapturedFrames_1.0_0.5_-3.0/video.mp4#frame=61
61,LEFT_THUMB,0.46064871549606323,0.26303809881210327,0.040577083826065063,0.21880492568016052,CapturedFrames_1.0_0.5_-3.0/video.mp4#frame=61
61,RIGHT_THUMB,0.5147614479064941,0.28162720799446106,-0.04650992900133133,0.7752199172973633,CapturedFrames_1.0_0.5_-3.0/video.mp4#frame=61
61,LEFT_HIP,0.46514707803726196,0.24782772362232208,0.038138292729854584,0.9993757605552673,CapturedFrames_1.0_0.5_-3.0/video.mp4#frame=61
61,RIGHT_HIP,0.49297159910202026,0.24730581045150757,-0.03824934363365173,0.999401330947876,CapturedFrames_1.0_0.5_-3.0/video.mp4#frame=61
61,LEFT_KNEE,0.4628443121910095,0.3467402756214142,0.054000306874513626,0.9270951151847839,CapturedFrames_1.0_0.5_-3.0/video.mp4#frame=61
61,RIGHT_KNEE,0.5038607120513916,0.3524901866912842,-0.006011448800563812,0.9687822461128235,CapturedFrames_1.0_0.5_-3.0/video.mp4#frame=61
61,LEFT_ANKLE,0.44500428438186646,0.4342922568321228,0.08628591895103455,0.9666225910186768,CapturedFrames_1.0_0.5_-3.0/video.mp4#frame=61
61,RIGHT_ANKLE,0.5016254782676697,0.46201232075691223,0.018630102276802063,0.9841506481170654,CapturedFrames_1.0_0.5_-3.0/video.mp4#frame=61
61,LEFT_HEEL,0.43992042541503906,0.4449646770954132,0.08803819119930267,0.9542772769927979,CapturedFrames_1.0_0.5_-3.0/video.mp4#frame=61
61,RIGHT_HEEL,0.4969862103462219,0.48029467463493347,0.01976046711206436,0.9597374200820923,CapturedFrames_1.0_0.5_-3.0/video.mp4#frame=61
61,LEFT_FOOT_INDEX,0.4471556544303894,0.4733695983886719,0.06638748198747635,0.9390971064567566,CapturedFrames_1.0_0.5_-3.0/video.mp4#frame=61
61,RIGHT_FOOT_INDEX,0.513768196105957,0.4749549329280853,-0.010331450030207634,0.9596466422080994,CapturedFrames_1.0_0.5_-3.0/video.mp4#frame=61
62,NOSE,0.4929006099700928,0.05116966739296913,0.059198714792728424,0.9996854066848755,CapturedFrames_1.0_0.5_-3.0/video.mp4#frame=62
62,LEFT_EYE_INNER,0.4887736439704895,0.04179827868938446,0.04880519583821297,0.9996527433395386,CapturedFrames_1.0_0.5_-3.0/video.mp4#frame=62
62,LEFT_EYE,0.4866434633731842,0.041170939803123474,0.0487966425716877,0.9996280670166016,CapturedFrames_1.0_0.5_-3.0/video.mp4#frame=62
62,LEFT_EYE_OUTER,0.4845524728298187,0.04082474112510681,0.048801250755786896,0.9997009038925171,CapturedFrames_1.0_0.5_-3.0/video.mp4#frame=62
62,RIGHT_EYE_INNER,0.4934656023979187,0.04275469481945038,0.04260057210922241,0.999640941619873,CapturedFrames_1.0_0.5_-3.0/video.mp4#frame=62
62,RIGHT_EYE,0.49479150772094727,0.042766109108924866,0.04263610392808914,0.9995555281639099,CapturedFrames_1.0_0.5_-3.0/video.mp4#frame=62
62,RIGHT_EYE_OUTER,0.4959464967250824,0.042712509632110596,0.04258296266198158,0.9995689988136292,CapturedFrames_1.0_0.5_-3.0/video.mp4#frame=62
62,LEFT_EAR,0.48007720708847046,0.045424684882164,0.00902896374464035,0.9996466636657715,CapturedFrames_1.0_0.5_-3.0/video.mp4#frame=62
62,RIGHT_EAR,0.4950522482395172,0.04678043723106384,-0.018922140821814537,0.9995313882827759,CapturedFrames_1.0_0.5_-3.0/video.mp4#frame=62
62,MOUTH_LEFT,0.4901812672615051,0.059708159416913986,0.048116449266672134,0.9997301697731018,CapturedFrames_1.0_0.5_-3.0/video.mp4#frame=62
62,MOUTH_RIGHT,0.4941663146018982,0.0605991929769516,0.04002050310373306,0.999675989151001,CapturedFrames_1.0_0.5_-3.0/video.mp4#frame=62
62,LEFT_SHOULDER,0.4569483697414398,0.11643672734498978,0.01742749847471714,0.9997407793998718,CapturedFrames_1.0_0.5_-3.0/video.mp4#frame=62
62,RIGHT_SHOULDER,0.5059840083122253,0.10976475477218628,-0.06053341180086136,0.9998836517333984,CapturedFrames_1.0_0.5_-3.0/video.mp4#frame=62
62,LEFT_ELBOW,0.45382028818130493,0.1971941888332367,0.021452518180012703,0.8024362325668335,CapturedFrames_1.0_0.5_-3.0/video.mp4#frame=62
62,RIGHT_ELBOW,0.5127897262573242,0.19087299704551697,-0.061084676533937454,0.9571595788002014,CapturedFrames_1.0_0.5_-3.0/video.mp4#frame=62
62,LEFT_WRIST,0.4530039429664612,0.27239856123924255,0.028760556131601334,0.7215321063995361,CapturedFrames_1.0_0.5_-3.0/video.mp4#frame=62
62,RIGHT_WRIST,0.5234754085540771,0.26372191309928894,-0.03559863939881325,0.9522182941436768,CapturedFrames_1.0_0.5_-3.0/video.mp4#frame=62
62,LEFT_PINKY,0.45091646909713745,0.29032468795776367,0.03251371532678604,0.6154332160949707,CapturedFrames_1.0_0.5_-3.0/video.mp4#frame=62
62,RIGHT_PINKY,0.522882342338562,0.2842375934123993,-0.03921389952301979,0.926486611366272,CapturedFrames_1.0_0.5_-3.0/video.mp4#frame=62
62,LEFT_INDEX,0.45379358530044556,0.2904273569583893,0.026330286636948586,0.5940386652946472,CapturedFrames_1.0_0.5_-3.0/video.mp4#frame=62
62,RIGHT_INDEX,0.5198679566383362,0.284667432308197,-0.03935463726520538,0.9184964895248413,CapturedFrames_1.0_0.5_-3.0/video.mp4#frame=62
62,LEFT_THUMB,0.4560700058937073,0.28406891226768494,0.026700619608163834,0.5235856175422668,CapturedFrames_1.0_0.5_-3.0/video.mp4#frame=62
62,RIGHT_THUMB,0.518936812877655,0.2783183753490448,-0.034813042730093,0.8703306317329407,CapturedFrames_1.0_0.5_-3.0/video.mp4#frame=62
62,LEFT_HIP,0.4682989716529846,0.24593281745910645,0.03424196317791939,0.9996050000190735,CapturedFrames_1.0_0.5_-3.0/video.mp4#frame=62
62,RIGHT_HIP,0.4949474334716797,0.24501720070838928,-0.03441472724080086,0.9994551539421082,CapturedFrames_1.0_0.5_-3.0/video.mp4#frame=62
62,LEFT_KNEE,0.4661962389945984,0.34562844038009644,0.054161179810762405,0.9590182304382324,CapturedFrames_1.0_0.5_-3.0/video.mp4#frame=62
62,RIGHT_KNEE,0.5028364658355713,0.3504955470561981,0.003477745456621051,0.9707660675048828,CapturedFrames_1.0_0.5_-3.0/video.mp4#frame=62
62,LEFT_ANKLE,0.4534476399421692,0.4406626522541046,0.08824696391820908,0.9708561897277832,CapturedFrames_1.0_0.5_-3.0/video.mp4#frame=62
62,RIGHT_ANKLE,0.5010957717895508,0.46079131960868835,0.031207064166665077,0.9802029132843018,CapturedFrames_1.0_0.5_-3.0/video.mp4#frame=62
62,LEFT_HEEL,0.45039767026901245,0.4577557444572449,0.09026297181844711,0.9654432535171509,CapturedFrames_1.0_0.5_-3.0/video.mp4#frame=62
62,RIGHT_HEEL,0.4959370493888855,0.47754254937171936,0.032859716564416885,0.958005964756012,CapturedFrames_1.0_0.5_-3.0/video.mp4#frame=62
62,LEFT_FOOT_INDEX,0.46112269163131714,0.4686698913574219,0.06893441081047058,0.9249581098556519,CapturedFrames_1.0_0.5_-3.0/video.mp4#frame=62
62,RIGHT_FOOT_INDEX,0.5132942795753479,0.47149088978767395,0.003805729793384671,0.9375007748603821,CapturedFrames_1.0_0.5_-3.0/video.mp4#frame=62
63,NOSE,0.4922176003456116,0.050707653164863586,0.07503312826156616,0.9997591376304626,CapturedFrames_1.0_0.5_-3.0/video.mp4#frame=63
63,LEFT_EYE_INNER,0.4886375367641449,0.04238384962081909,0.06010737270116806,0.9997430443763733,CapturedFrames_1.0_0.5_-3.0/video.mp4#frame=63
63,LEFT_EYE,0.48663777112960815,0.042001381516456604,0.06010694429278374,0.9997428059577942,CapturedFrames_1.0_0.5_-3.0/video.mp4#frame=63
63,LEFT_EYE_OUTER,0.4847513735294342,0.04184804856777191,0.06011628359556198,0.9997612833976746,CapturedFrames_1.0_0.5_-3.0/video.mp4#frame=63
63,RIGHT_EYE_INNER,0.49359458684921265,0.0432620644569397,0.05831516906619072,0.9997087121009827,CapturedFrames_1.0_0.5_-3.0/video.mp4#frame=63
63,RIGHT_EYE,0.49509596824645996,0.04346412420272827,0.05835021287202835,0.9996644258499146,CapturedFrames_1.0_0.5_-3.0/video.mp4#frame=63
63,RIGHT_EYE_OUTER,0.49646443128585815,0.0436539351940155,0.058308809995651245,0.999638557434082,CapturedFrames_1.0_0.5_-3.0/video.mp4#frame=63
63,LEFT_EAR,0.48116379976272583,0.04702089726924896,0.005078877788037062,0.999760091304779,CapturedFrames_1.0_0.5_-3.0/video.mp4#frame=63
63,RIGHT_EAR,0.4966415762901306,0.04856555163860321,-0.002805231837555766,0.9996891021728516,CapturedFrames_1.0_0.5_-3.0/video.mp4#frame=63
63,MOUTH_LEFT,0.48984670639038086,0.059608343988657,0.05851214379072189,0.9998412132263184,CapturedFrames_1.0_0.5_-3.0/video.mp4#frame=63
63,MOUTH_RIGHT,0.49416714906692505,0.06060288846492767,0.05621339753270149,0.9998202919960022,CapturedFrames_1.0_0.5_-3.0/video.mp4#frame=63
63,LEFT_SHOULDER,0.4589295983314514,0.1141899824142456,0.0009491387754678726,0.9997697472572327,CapturedFrames_1.0_0.5_-3.0/video.mp4#frame=63
63,RIGHT_SHOULDER,0.5085165500640869,0.11019845306873322,-0.04007597640156746,0.9998505115509033,CapturedFrames_1.0_0.5_-3.0/video.mp4#frame=63
63,LEFT_ELBOW,0.45449572801589966,0.194427952170372,-6.572681741090491e-05,0.9246175289154053,CapturedFrames_1.0_0.5_-3.0/video.mp4#frame=63
63,RIGHT_ELBOW,0.5175012946128845,0.19132095575332642,-0.03857595473527908,0.9602106809616089,CapturedFrames_1.0_0.5_-3.0/video.mp4#frame=63
63,LEFT_WRIST,0.45138996839523315,0.2695382237434387,0.003219666425138712,0.8408266305923462,CapturedFrames_1.0_0.5_-3.0/video.mp4#frame=63
63,RIGHT_WRIST,0.5254009962081909,0.25960221886634827,-0.01772797293961048,0.9288533329963684,CapturedFrames_1.0_0.5_-3.0/video.mp4#frame=63
63,LEFT_PINKY,0.4497215747833252,0.2865137755870819,0.003157559083774686,0.7535549402236938,CapturedFrames_1.0_0.5_-3.0/video.mp4#frame=63
63,RIGHT_PINKY,0.5260823369026184,0.2796614468097687,-0.020260993391275406,0.8928264379501343,CapturedFrames_1.0_0.5_-3.0/video.mp4#frame=63
63,LEFT_INDEX,0.45228976011276245,0.2867315411567688,-0.0017592792864888906,0.7383610010147095,CapturedFrames_1.0_0.5_-3.0/video.mp4#frame=63
63,RIGHT_INDEX,0.5231078863143921,0.28006646037101746,-0.023018019273877144,0.8786401152610779,CapturedFrames_1.0_0.5_-3.0/video.mp4#frame=63
63,LEFT_THUMB,0.4545603394508362,0.28101322054862976,0.001638713525608182,0.6734905242919922,CapturedFrames_1.0_0.5_-3.0/video.mp4#frame=63
63,RIGHT_THUMB,0.521628201007843,0.27348071336746216,-0.018101932480931282,0.8226461410522461,CapturedFrames_1.0_0.5_-3.0/video.mp4#frame=63
63,LEFT_HIP,0.4695429801940918,0.2452610582113266,0.024162331596016884,0.9996198415756226,CapturedFrames_1.0_0.5_-3.0/video.mp4#frame=63
63,RIGHT_HIP,0.49657899141311646,0.24408982694149017,-0.02429267391562462,0.9994378685951233,CapturedFrames_1.0_0.5_-3.0/video.mp4#frame=63
63,LEFT_KNEE,0.47022372484207153,0.3421784043312073,0.04903208836913109,0.9587825536727905,CapturedFrames_1.0_0.5_-3.0/video.mp4#frame=63
63,RIGHT_KNEE,0.5007798075675964,0.34964555501937866,0.016429658979177475,0.975506067276001,CapturedFrames_1.0_0.5_-3.0/video.mp4#frame=63
63,LEFT_ANKLE,0.4639514982700348,0.43915143609046936,0.08697546273469925,0.9721683263778687,CapturedFrames_1.0_0.5_-3.0/video.mp4#frame=63
63,RIGHT_ANKLE,0.5014135837554932,0.4599636197090149,0.04864215850830078,0.9814547896385193,CapturedFrames_1.0_0.5_-3.0/video.mp4#frame=63
63,LEFT_HEEL,0.4629189074039459,0.4575918912887573,0.08945482969284058,0.9708364009857178,CapturedFrames_1.0_0.5_-3.0/video.mp4#frame=63
63,RIGHT_HEEL,0.4976648688316345,0.478468120098114,0.05076834559440613,0.969137966632843,CapturedFrames_1.0_0.5_-3.0/video.mp4#frame=63
63,LEFT_FOOT_INDEX,0.46866482496261597,0.4536767303943634,0.06876131147146225,0.9100818037986755,CapturedFrames_1.0_0.5_-3.0/video.mp4#frame=63
63,RIGHT_FOOT_INDEX,0.5098177194595337,0.4707399606704712,0.02313007041811943,0.914212167263031,CapturedFrames_1.0_0.5_-3.0/video.mp4#frame=63
64,NOSE,0.4925615191459656,0.05045093595981598,0.08604513108730316,0.9997795224189758,CapturedFrames_1.0_0.5_-3.0/video.mp4#frame=64
64,LEFT_EYE_INNER,0.4889898896217346,0.04281008243560791,0.07087830454111099,0.9997759461402893,CapturedFrames_1.0_0.5_-3.0/video.mp4#frame=64
64,LEFT_EYE,0.48692864179611206,0.04255269467830658,0.07087652385234833,0.9997768998146057,CapturedFrames_1.0_0.5_-3.0/video.mp4#frame=64
64,LEFT_EYE_OUTER,0.4849781394004822,0.04246984422206879,0.07087519019842148,0.999789297580719,CapturedFrames_1.0_0.5_-3.0/video.mp4#frame=64
64,RIGHT_EYE_INNER,0.4942130148410797,0.04372507333755493,0.06990424543619156,0.9997397065162659,CapturedFrames_1.0_0.5_-3.0/video.mp4#frame=64
64,RIGHT_EYE,0.49569010734558105,0.04400947690010071,0.06993002444505692,0.9997052550315857,CapturedFrames_1.0_0.5_-3.0/video.mp4#frame=64
64,RIGHT_EYE_OUTER,0.4970816969871521,0.04429478943347931,0.06988891959190369,0.9996727705001831,CapturedFrames_1.0_0.5_-3.0/video.mp4#frame=64
64,LEFT_EAR,0.4813588261604309,0.0473373681306839,0.013521483168005943,0.9998074173927307,CapturedFrames_1.0_0.5_-3.0/video.mp4#frame=64
64,RIGHT_EAR,0.4975265860557556,0.04954203963279724,0.009466228075325489,0.9997485280036926,CapturedFrames_1.0_0.5_-3.0/video.mp4#frame=64
64,MOUTH_LEFT,0.4900476336479187,0.05905809998512268,0.06849565356969833,0.9998699426651001,CapturedFrames_1.0_0.5_-3.0/video.mp4#frame=64
64,MOUTH_RIGHT,0.49498891830444336,0.060117606073617935,0.0672168880701065,0.9998500347137451,CapturedFrames_1.0_0.5_-3.0/video.mp4#frame=64
64,LEFT_SHOULDER,0.4601488709449768,0.112431600689888,0.005027886014431715,0.9997288584709167,CapturedFrames_1.0_0.5_-3.0/video.mp4#frame=64
64,RIGHT_SHOULDER,0.5105863213539124,0.11132901161909103,-0.028507346287369728,0.9997866749763489,CapturedFrames_1.0_0.5_-3.0/video.mp4#frame=64
64,LEFT_ELBOW,0.4551176428794861,0.1902686208486557,0.002920848783105612,0.9664103388786316,CapturedFrames_1.0_0.5_-3.0/video.mp4#frame=64
64,RIGHT_ELBOW,0.5197287201881409,0.19169235229492188,-0.028252506628632545,0.9786649346351624,CapturedFrames_1.0_0.5_-3.0/video.mp4#frame=64
64,LEFT_WRIST,0.4505113959312439,0.2642238438129425,0.006075212266296148,0.8880645632743835,CapturedFrames_1.0_0.5_-3.0/video.mp4#frame=64
64,RIGHT_WRIST,0.5271040797233582,0.25962162017822266,-0.010659473016858101,0.9323049783706665,CapturedFrames_1.0_0.5_-3.0/video.mp4#frame=64
64,LEFT_PINKY,0.4490067958831787,0.2819252908229828,0.005825950298458338,0.8086433410644531,CapturedFrames_1.0_0.5_-3.0/video.mp4#frame=64
64,RIGHT_PINKY,0.526552140712738,0.27791619300842285,-0.013241755776107311,0.8930219411849976,CapturedFrames_1.0_0.5_-3.0/video.mp4#frame=64
64,LEFT_INDEX,0.4513482451438904,0.28205710649490356,0.0016972959274426103,0.7964493632316589,CapturedFrames_1.0_0.5_-3.0/video.mp4#frame=64
64,RIGHT_INDEX,0.524254322052002,0.27700677514076233,-0.015695376321673393,0.8773389458656311,CapturedFrames_1.0_0.5_-3.0/video.mp4#frame=64
64,LEFT_THUMB,0.4535175859928131,0.2764171063899994,0.004727248568087816,0.7366539239883423,CapturedFrames_1.0_0.5_-3.0/video.mp4#frame=64
64,RIGHT_THUMB,0.5234020948410034,0.2713019549846649,-0.011174744926393032,0.8228878974914551,CapturedFrames_1.0_0.5_-3.0/video.mp4#frame=64
64,LEFT_HIP,0.4707930088043213,0.24382947385311127,0.019782256335020065,0.999500036239624,CapturedFrames_1.0_0.5_-3.0/video.mp4#frame=64
64,RIGHT_HIP,0.4969627261161804,0.24363493919372559,-0.01989367976784706,0.9990977048873901,CapturedFrames_1.0_0.5_-3.0/video.mp4#frame=64
64,LEFT_KNEE,0.4724586606025696,0.34219199419021606,0.042369551956653595,0.961577296257019,CapturedFrames_1.0_0.5_-3.0/video.mp4#frame=64
64,RIGHT_KNEE,0.5001152157783508,0.3487170338630676,0.01812100224196911,0.9791727066040039,CapturedFrames_1.0_0.5_-3.0/video.mp4#frame=64
64,LEFT_ANKLE,0.4717113971710205,0.44670265913009644,0.08039479702711105,0.957694947719574,CapturedFrames_1.0_0.5_-3.0/video.mp4#frame=64
64,RIGHT_ANKLE,0.5006952285766602,0.46097487211227417,0.048829395323991776,0.9739730954170227,CapturedFrames_1.0_0.5_-3.0/video.mp4#frame=64
64,LEFT_HEEL,0.4745771884918213,0.4691281318664551,0.08291718363761902,0.9607243537902832,CapturedFrames_1.0_0.5_-3.0/video.mp4#frame=64
64,RIGHT_HEEL,0.49733179807662964,0.4796578586101532,0.05071933940052986,0.9676822423934937,CapturedFrames_1.0_0.5_-3.0/video.mp4#frame=64
64,LEFT_FOOT_INDEX,0.478947252035141,0.4507656395435333,0.06136877462267876,0.8561492562294006,CapturedFrames_1.0_0.5_-3.0/video.mp4#frame=64
64,RIGHT_FOOT_INDEX,0.5093805193901062,0.46916040778160095,0.022320499643683434,0.8667657375335693,CapturedFrames_1.0_0.5_-3.0/video.mp4#frame=64
65,NOSE,0.49418026208877563,0.05892859399318695,0.08670016378164291,0.9998947381973267,CapturedFrames_1.0_0.5_-3.0/video.mp4#frame=65
65,LEFT_EYE_INNER,0.49072185158729553,0.050108492374420166,0.07302012294530869,0.9999076128005981,CapturedFrames_1.0_0.5_-3.0/video.mp4#frame=65
65,LEFT_EYE,0.488910973072052,0.04984382167458534,0.07302311062812805,0.9999051094055176,CapturedFrames_1.0_0.5_-3.0/video.mp4#frame=65
65,LEFT_EYE_OUTER,0.4871768355369568,0.04978032782673836,0.07302034646272659,0.9999028444290161,CapturedFrames_1.0_0.5_-3.0/video.mp4#frame=65
65,RIGHT_EYE_INNER,0.49543875455856323,0.05097411572933197,0.07071299105882645,0.9998970031738281,CapturedFrames_1.0_0.5_-3.0/video.mp4#frame=65
65,RIGHT_EYE,0.4967755675315857,0.05107501521706581,0.0707356408238411,0.9998846054077148,CapturedFrames_1.0_0.5_-3.0/video.mp4#frame=65
65,RIGHT_EYE_OUTER,0.49804791808128357,0.051143720746040344,0.07070588320493698,0.9998773336410522,CapturedFrames_1.0_0.5_-3.0/video.mp4#frame=65
65,LEFT_EAR,0.48352402448654175,0.05487366393208504,0.022688215598464012,0.9999133348464966,CapturedFrames_1.0_0.5_-3.0/video.mp4#frame=65
65,RIGHT_EAR,0.49801939725875854,0.055162593722343445,0.012829242274165154,0.9999130964279175,CapturedFrames_1.0_0.5_-3.0/video.mp4#frame=65
65,MOUTH_LEFT,0.49168166518211365,0.06778796017169952,0.07176710665225983,0.9999215602874756,CapturedFrames_1.0_0.5_-3.0/video.mp4#frame=65
65,MOUTH_RIGHT,0.4959961473941803,0.06807814538478851,0.06887345761060715,0.9999196529388428,CapturedFrames_1.0_0.5_-3.0/video.mp4#frame=65
65,LEFT_SHOULDER,0.4622942805290222,0.11659424006938934,0.017255932092666626,0.9998268485069275,CapturedFrames_1.0_0.5_-3.0/video.mp4#frame=65
65,RIGHT_SHOULDER,0.5117639303207397,0.11381882429122925,-0.028017833828926086,0.9999054670333862,CapturedFrames_1.0_0.5_-3.0/video.mp4#frame=65
65,LEFT_ELBOW,0.4560167193412781,0.19096574187278748,0.013081669807434082,0.9801203608512878,CapturedFrames_1.0_0.5_-3.0/video.mp4#frame=65
65,RIGHT_ELBOW,0.5241592526435852,0.19060979783535004,-0.02321418561041355,0.9876547455787659,CapturedFrames_1.0_0.5_-3.0/video.mp4#frame=65
65,LEFT_WRIST,0.4501219391822815,0.2607421278953552,0.0166854877024889,0.8826292157173157,CapturedFrames_1.0_0.5_-3.0/video.mp4#frame=65
65,RIGHT_WRIST,0.5298244953155518,0.2559159994125366,0.007486305199563503,0.9380854964256287,CapturedFrames_1.0_0.5_-3.0/video.mp4#frame=65
65,LEFT_PINKY,0.4496195912361145,0.28019341826438904,0.01747814565896988,0.7854220271110535,CapturedFrames_1.0_0.5_-3.0/video.mp4#frame=65
65,RIGHT_PINKY,0.5298160910606384,0.2746828496456146,0.0069577982649207115,0.8852989077568054,CapturedFrames_1.0_0.5_-3.0/video.mp4#frame=65
65,LEFT_INDEX,0.4515162408351898,0.27944061160087585,0.014299452304840088,0.7721325159072876,CapturedFrames_1.0_0.5_-3.0/video.mp4#frame=65
65,RIGHT_INDEX,0.5269619226455688,0.27492132782936096,0.0063387127593159676,0.8684903979301453,CapturedFrames_1.0_0.5_-3.0/video.mp4#frame=65
65,LEFT_THUMB,0.453419029712677,0.2733548879623413,0.015671860426664352,0.7059115171432495,CapturedFrames_1.0_0.5_-3.0/video.mp4#frame=65
65,RIGHT_THUMB,0.5258455872535706,0.26931092143058777,0.008344614878296852,0.8180325627326965,CapturedFrames_1.0_0.5_-3.0/video.mp4#frame=65
65,LEFT_HIP,0.47210365533828735,0.24573752284049988,0.02214670553803444,0.99957674741745,CapturedFrames_1.0_0.5_-3.0/video.mp4#frame=65
65,RIGHT_HIP,0.4983227849006653,0.24416789412498474,-0.02223941870033741,0.9994112253189087,CapturedFrames_1.0_0.5_-3.0/video.mp4#frame=65
65,LEFT_KNEE,0.4760705828666687,0.3460124731063843,0.05291496589779854,0.9744836688041687,CapturedFrames_1.0_0.5_-3.0/video.mp4#frame=65
65,RIGHT_KNEE,0.5007944107055664,0.34950241446495056,0.010827947407960892,0.9882056713104248,CapturedFrames_1.0_0.5_-3.0/video.mp4#frame=65
65,LEFT_ANKLE,0.47888192534446716,0.4419306516647339,0.0905536562204361,0.9762973189353943,CapturedFrames_1.0_0.5_-3.0/video.mp4#frame=65
65,RIGHT_ANKLE,0.4981139302253723,0.46236249804496765,0.04089437425136566,0.9873379468917847,CapturedFrames_1.0_0.5_-3.0/video.mp4#frame=65
65,LEFT_HEEL,0.47841644287109375,0.46007946133613586,0.092976413667202,0.9732024669647217,CapturedFrames_1.0_0.5_-3.0/video.mp4#frame=65
65,RIGHT_HEEL,0.49554306268692017,0.47845733165740967,0.04300953820347786,0.9786909818649292,CapturedFrames_1.0_0.5_-3.0/video.mp4#frame=65
65,LEFT_FOOT_INDEX,0.4854293763637543,0.44549107551574707,0.07620712369680405,0.9128383994102478,CapturedFrames_1.0_0.5_-3.0/video.mp4#frame=65
65,RIGHT_FOOT_INDEX,0.5080214738845825,0.4637923240661621,0.017173323780298233,0.924994945526123,CapturedFrames_1.0_0.5_-3.0/video.mp4#frame=65
66,NOSE,0.49400943517684937,0.06172880530357361,0.09762321412563324,0.9998502731323242,CapturedFrames_1.0_0.5_-3.0/video.mp4#frame=66
66,LEFT_EYE_INNER,0.4905675947666168,0.05362527072429657,0.08112714439630508,0.9998382329940796,CapturedFrames_1.0_0.5_-3.0/video.mp4#frame=66
66,LEFT_EYE,0.4888748228549957,0.05326090753078461,0.08112913370132446,0.9998772144317627,CapturedFrames_1.0_0.5_-3.0/video.mp4#frame=66
66,LEFT_EYE_OUTER,0.4871537685394287,0.0530359148979187,0.0811346173286438,0.9998563528060913,CapturedFrames_1.0_0.5_-3.0/video.mp4#frame=66
66,RIGHT_EYE_INNER,0.4951799511909485,0.05452704429626465,0.08182714879512787,0.9998083710670471,CapturedFrames_1.0_0.5_-3.0/video.mp4#frame=66
66,RIGHT_EYE,0.49653521180152893,0.05478070676326752,0.08185338973999023,0.9998281002044678,CapturedFrames_1.0_0.5_-3.0/video.mp4#frame=66
66,RIGHT_EYE_OUTER,0.4980354905128479,0.054999008774757385,0.08184317499399185,0.9997643828392029,CapturedFrames_1.0_0.5_-3.0/video.mp4#frame=66
66,LEFT_EAR,0.48377713561058044,0.05848528444766998,0.021550634875893593,0.9998918771743774,CapturedFrames_1.0_0.5_-3.0/video.mp4#frame=66
66,RIGHT_EAR,0.49866145849227905,0.05942124128341675,0.024880731478333473,0.9998316764831543,CapturedFrames_1.0_0.5_-3.0/video.mp4#frame=66
66,MOUTH_LEFT,0.4917430281639099,0.06965140998363495,0.0795971006155014,0.9998825788497925,CapturedFrames_1.0_0.5_-3.0/video.mp4#frame=66
66,MOUTH_RIGHT,0.49637705087661743,0.07057252526283264,0.08037006855010986,0.999854326248169,CapturedFrames_1.0_0.5_-3.0/video.mp4#frame=66
66,LEFT_SHOULDER,0.46419087052345276,0.11985550820827484,0.0057936301454901695,0.9998520612716675,CapturedFrames_1.0_0.5_-3.0/video.mp4#frame=66
66,RIGHT_SHOULDER,0.5130384564399719,0.11721189320087433,-0.006561306770890951,0.9997935891151428,CapturedFrames_1.0_0.5_-3.0/video.mp4#frame=66
66,LEFT_ELBOW,0.4572604298591614,0.19331660866737366,0.004135263152420521,0.9854094982147217,CapturedFrames_1.0_0.5_-3.0/video.mp4#frame=66
66,RIGHT_ELBOW,0.5277745723724365,0.19151337444782257,-0.001192050171084702,0.9800784587860107,CapturedFrames_1.0_0.5_-3.0/video.mp4#frame=66
66,LEFT_WRIST,0.45186176896095276,0.2596445381641388,0.0115969842299819,0.940165102481842,CapturedFrames_1.0_0.5_-3.0/video.mp4#frame=66
66,RIGHT_WRIST,0.5318776369094849,0.2543650269508362,0.017767665907740593,0.9181064367294312,CapturedFrames_1.0_0.5_-3.0/video.mp4#frame=66
66,LEFT_PINKY,0.4516751170158386,0.2775375247001648,0.011966032907366753,0.8959988951683044,CapturedFrames_1.0_0.5_-3.0/video.mp4#frame=66
66,RIGHT_PINKY,0.5321900248527527,0.27168723940849304,0.01731606386601925,0.8728002309799194,CapturedFrames_1.0_0.5_-3.0/video.mp4#frame=66
66,LEFT_INDEX,0.4534183442592621,0.2764672338962555,0.009036382660269737,0.8863536715507507,CapturedFrames_1.0_0.5_-3.0/video.mp4#frame=66
66,RIGHT_INDEX,0.5286939144134521,0.2727830410003662,0.0141527084633708,0.8563609719276428,CapturedFrames_1.0_0.5_-3.0/video.mp4#frame=66
66,LEFT_THUMB,0.45530304312705994,0.2713411748409271,0.011465025134384632,0.8352679014205933,CapturedFrames_1.0_0.5_-3.0/video.mp4#frame=66
66,RIGHT_THUMB,0.5275644063949585,0.26716575026512146,0.017397932708263397,0.800963819026947,CapturedFrames_1.0_0.5_-3.0/video.mp4#frame=66
66,LEFT_HIP,0.47418826818466187,0.24837085604667664,0.011859504505991936,0.9998106360435486,CapturedFrames_1.0_0.5_-3.0/video.mp4#frame=66
66,RIGHT_HIP,0.500626802444458,0.24700763821601868,-0.01195039227604866,0.9996585845947266,CapturedFrames_1.0_0.5_-3.0/video.mp4#frame=66
66,LEFT_KNEE,0.4794718623161316,0.3485427796840668,0.03908916935324669,0.9876573085784912,CapturedFrames_1.0_0.5_-3.0/video.mp4#frame=66
66,RIGHT_KNEE,0.5030975937843323,0.3479984700679779,0.028611009940505028,0.9937862157821655,CapturedFrames_1.0_0.5_-3.0/video.mp4#frame=66
66,LEFT_ANKLE,0.48602667450904846,0.44196537137031555,0.0720626562833786,0.9858355522155762,CapturedFrames_1.0_0.5_-3.0/video.mp4#frame=66
66,RIGHT_ANKLE,0.5007210373878479,0.45554885268211365,0.05865271016955376,0.9927107095718384,CapturedFrames_1.0_0.5_-3.0/video.mp4#frame=66
66,LEFT_HEEL,0.4841921925544739,0.4569493234157562,0.07439665496349335,0.9888372421264648,CapturedFrames_1.0_0.5_-3.0/video.mp4#frame=66
66,RIGHT_HEEL,0.4989555776119232,0.47162628173828125,0.06113884970545769,0.9905444383621216,CapturedFrames_1.0_0.5_-3.0/video.mp4#frame=66
66,LEFT_FOOT_INDEX,0.49020424485206604,0.44939449429512024,0.056707173585891724,0.8963453769683838,CapturedFrames_1.0_0.5_-3.0/video.mp4#frame=66
66,RIGHT_FOOT_INDEX,0.5082842111587524,0.46285608410835266,0.03854653611779213,0.9185579419136047,CapturedFrames_1.0_0.5_-3.0/video.mp4#frame=66
67,NOSE,0.4927648901939392,0.06823673844337463,0.09615617245435715,0.9997794032096863,CapturedFrames_1.0_0.5_-3.0/video.mp4#frame=67
67,LEFT_EYE_INNER,0.48962682485580444,0.06000375747680664,0.08077380061149597,0.9998071789741516,CapturedFrames_1.0_0.5_-3.0/video.mp4#frame=67
67,LEFT_EYE,0.48786330223083496,0.05974749103188515,0.08077787607908249,0.9998225569725037,CapturedFrames_1.0_0.5_-3.0/video.mp4#frame=67
67,LEFT_EYE_OUTER,0.4860766530036926,0.0597880482673645,0.08077225089073181,0.9998008608818054,CapturedFrames_1.0_0.5_-3.0/video.mp4#frame=67
67,RIGHT_EYE_INNER,0.49460840225219727,0.060828834772109985,0.08101662993431091,0.9997445940971375,CapturedFrames_1.0_0.5_-3.0/video.mp4#frame=67
67,RIGHT_EYE,0.4963740408420563,0.06091998517513275,0.08103688061237335,0.9997462630271912,CapturedFrames_1.0_0.5_-3.0/video.mp4#frame=67
67,RIGHT_EYE_OUTER,0.4980738162994385,0.06099461019039154,0.0810152068734169,0.9996910095214844,CapturedFrames_1.0_0.5_-3.0/video.mp4#frame=67
67,LEFT_EAR,0.483225017786026,0.06559169292449951,0.02354990877211094,0.9998421669006348,CapturedFrames_1.0_0.5_-3.0/video.mp4#frame=67
67,RIGHT_EAR,0.4993220865726471,0.06505328416824341,0.02507859095931053,0.9997996687889099,CapturedFrames_1.0_0.5_-3.0/video.mp4#frame=67
67,MOUTH_LEFT,0.4905761182308197,0.07729433476924896,0.07845400273799896,0.9998365640640259,CapturedFrames_1.0_0.5_-3.0/video.mp4#frame=67
67,MOUTH_RIGHT,0.49562445282936096,0.07786431908607483,0.07882111519575119,0.9998007416725159,CapturedFrames_1.0_0.5_-3.0/video.mp4#frame=67
67,LEFT_SHOULDER,0.4653042256832123,0.12711101770401,0.01390472985804081,0.9998568296432495,CapturedFrames_1.0_0.5_-3.0/video.mp4#frame=67
67,RIGHT_SHOULDER,0.5154167413711548,0.12510201334953308,-0.015457737259566784,0.9997649788856506,CapturedFrames_1.0_0.5_-3.0/video.mp4#frame=67
67,LEFT_ELBOW,0.4589384198188782,0.19841456413269043,0.010001499205827713,0.9924798011779785,CapturedFrames_1.0_0.5_-3.0/video.mp4#frame=67
67,RIGHT_ELBOW,0.5307923555374146,0.19713523983955383,-0.00964302197098732,0.9911638498306274,CapturedFrames_1.0_0.5_-3.0/video.mp4#frame=67
67,LEFT_WRIST,0.4534205496311188,0.2645736038684845,0.01641540788114071,0.9431249499320984,CapturedFrames_1.0_0.5_-3.0/video.mp4#frame=67
67,RIGHT_WRIST,0.5347633957862854,0.2569842040538788,0.02117561735212803,0.8951391577720642,CapturedFrames_1.0_0.5_-3.0/video.mp4#frame=67
67,LEFT_PINKY,0.45383113622665405,0.28175538778305054,0.017523402348160744,0.8770692944526672,CapturedFrames_1.0_0.5_-3.0/video.mp4#frame=67
67,RIGHT_PINKY,0.5349081754684448,0.27369365096092224,0.022299885749816895,0.8093925714492798,CapturedFrames_1.0_0.5_-3.0/video.mp4#frame=67
67,LEFT_INDEX,0.4557932913303375,0.28021079301834106,0.015213658101856709,0.8686351180076599,CapturedFrames_1.0_0.5_-3.0/video.mp4#frame=67
67,RIGHT_INDEX,0.5321143865585327,0.2734655737876892,0.02103848196566105,0.7815884947776794,CapturedFrames_1.0_0.5_-3.0/video.mp4#frame=67
67,LEFT_THUMB,0.45715969800949097,0.2748563587665558,0.015835488215088844,0.8103045225143433,CapturedFrames_1.0_0.5_-3.0/video.mp4#frame=67
67,RIGHT_THUMB,0.5311167240142822,0.2679904103279114,0.021562792360782623,0.7236780524253845,CapturedFrames_1.0_0.5_-3.0/video.mp4#frame=67
67,LEFT_HIP,0.4763742983341217,0.25340354442596436,0.018073175102472305,0.9997032284736633,CapturedFrames_1.0_0.5_-3.0/video.mp4#frame=67
67,RIGHT_HIP,0.5022118091583252,0.2517196238040924,-0.01814272813498974,0.9992857575416565,CapturedFrames_1.0_0.5_-3.0/video.mp4#frame=67
67,LEFT_KNEE,0.482677161693573,0.3498171865940094,0.03884759545326233,0.958199143409729,CapturedFrames_1.0_0.5_-3.0/video.mp4#frame=67
67,RIGHT_KNEE,0.5052394866943359,0.34996894001960754,0.01400771550834179,0.9885912537574768,CapturedFrames_1.0_0.5_-3.0/video.mp4#frame=67
67,LEFT_ANKLE,0.49021023511886597,0.44534429907798767,0.0711156502366066,0.9610850811004639,CapturedFrames_1.0_0.5_-3.0/video.mp4#frame=67
67,RIGHT_ANKLE,0.500067412853241,0.4528815746307373,0.04221755638718605,0.9826962947845459,CapturedFrames_1.0_0.5_-3.0/video.mp4#frame=67
67,LEFT_HEEL,0.4893893301486969,0.4626685380935669,0.07270840555429459,0.9657883644104004,CapturedFrames_1.0_0.5_-3.0/video.mp4#frame=67
67,RIGHT_HEEL,0.4987223744392395,0.4689593017101288,0.04419833794236183,0.9784351587295532,CapturedFrames_1.0_0.5_-3.0/video.mp4#frame=67
67,LEFT_FOOT_INDEX,0.4996589720249176,0.45871230959892273,0.05273483321070671,0.8627034425735474,CapturedFrames_1.0_0.5_-3.0/video.mp4#frame=67
67,RIGHT_FOOT_INDEX,0.5095084309577942,0.4651730954647064,0.0203209538012743,0.8955875635147095,CapturedFrames_1.0_0.5_-3.0/video.mp4#frame=67
68,NOSE,0.4953947961330414,0.07638299465179443,0.09761982411146164,0.9997562766075134,CapturedFrames_1.0_0.5_-3.0/video.mp4#frame=68
68,LEFT_EYE_INNER,0.4919705390930176,0.0682554543018341,0.08278653770685196,0.9997735619544983,CapturedFrames_1.0_0.5_-3.0/video.mp4#frame=68
68,LEFT_EYE,0.4902587831020355,0.06809830665588379,0.08279339969158173,0.9997965693473816,CapturedFrames_1.0_0.5_-3.0/video.mp4#frame=68
68,LEFT_EYE_OUTER,0.4885551333427429,0.06816396117210388,0.08279276639223099,0.9997766613960266,CapturedFrames_1.0_0.5_-3.0/video.mp4#frame=68
68,RIGHT_EYE_INNER,0.4966336190700531,0.06881943345069885,0.08170628547668457,0.9997181296348572,CapturedFrames_1.0_0.5_-3.0/video.mp4#frame=68
68,RIGHT_EYE,0.4981998801231384,0.06894251704216003,0.08172690123319626,0.9997155070304871,CapturedFrames_1.0_0.5_-3.0/video.mp4#frame=68
68,RIGHT_EYE_OUTER,0.4996527135372162,0.06907114386558533,0.08170515298843384,0.9996451139450073,CapturedFrames_1.0_0.5_-3.0/video.mp4#frame=68
68,LEFT_EAR,0.4856257438659668,0.07396605610847473,0.02799409069120884,0.9997972846031189,CapturedFrames_1.0_0.5_-3.0/video.mp4#frame=68
68,RIGHT_EAR,0.5006266832351685,0.07326775789260864,0.02363489754498005,0.9997631907463074,CapturedFrames_1.0_0.5_-3.0/video.mp4#frame=68
68,MOUTH_LEFT,0.4936107099056244,0.0849466621875763,0.08091714233160019,0.9998294115066528,CapturedFrames_1.0_0.5_-3.0/video.mp4#frame=68
68,MOUTH_RIGHT,0.49819836020469666,0.08548945188522339,0.07957566529512405,0.9997913241386414,CapturedFrames_1.0_0.5_-3.0/video.mp4#frame=68
68,LEFT_SHOULDER,0.4680386185646057,0.13323307037353516,0.02383606694638729,0.9998040795326233,CapturedFrames_1.0_0.5_-3.0/video.mp4#frame=68
68,RIGHT_SHOULDER,0.5160986185073853,0.13032767176628113,-0.02176002226769924,0.999782383441925,CapturedFrames_1.0_0.5_-3.0/video.mp4#frame=68
68,LEFT_ELBOW,0.46107831597328186,0.2026338428258896,0.021444939076900482,0.9870967864990234,CapturedFrames_1.0_0.5_-3.0/video.mp4#frame=68
68,RIGHT_ELBOW,0.5328260660171509,0.19889579713344574,-0.019479185342788696,0.9931133389472961,CapturedFrames_1.0_0.5_-3.0/video.mp4#frame=68
68,LEFT_WRIST,0.45537686347961426,0.26564717292785645,0.02208627015352249,0.9209484457969666,CapturedFrames_1.0_0.5_-3.0/video.mp4#frame=68
68,RIGHT_WRIST,0.5366358160972595,0.25800076127052307,0.00381665350869298,0.9149233102798462,CapturedFrames_1.0_0.5_-3.0/video.mp4#frame=68
68,LEFT_PINKY,0.45540446043014526,0.281660258769989,0.02375055104494095,0.8493052124977112,CapturedFrames_1.0_0.5_-3.0/video.mp4#frame=68
68,RIGHT_PINKY,0.5369214415550232,0.27358731627464294,0.0025293389335274696,0.8490954637527466,CapturedFrames_1.0_0.5_-3.0/video.mp4#frame=68
68,LEFT_INDEX,0.45740756392478943,0.2798476815223694,0.019549472257494926,0.837668776512146,CapturedFrames_1.0_0.5_-3.0/video.mp4#frame=68
68,RIGHT_INDEX,0.533629834651947,0.2738279104232788,0.0017598236445337534,0.8294813632965088,CapturedFrames_1.0_0.5_-3.0/video.mp4#frame=68
68,LEFT_THUMB,0.45886844396591187,0.2750054895877838,0.020821498706936836,0.770850419998169,CapturedFrames_1.0_0.5_-3.0/video.mp4#frame=68
68,RIGHT_THUMB,0.5325090885162354,0.26867586374282837,0.004350675735622644,0.769537627696991,CapturedFrames_1.0_0.5_-3.0/video.mp4#frame=68
68,LEFT_HIP,0.47847598791122437,0.2550518214702606,0.02875453606247902,0.9996165037155151,CapturedFrames_1.0_0.5_-3.0/video.mp4#frame=68
68,RIGHT_HIP,0.5039151906967163,0.25360140204429626,-0.028849314898252487,0.9994208812713623,CapturedFrames_1.0_0.5_-3.0/video.mp4#frame=68
68,LEFT_KNEE,0.48684006929397583,0.3489855229854584,0.053950272500514984,0.9397887587547302,CapturedFrames_1.0_0.5_-3.0/video.mp4#frame=68
68,RIGHT_KNEE,0.5073499083518982,0.34950780868530273,0.00017116442904807627,0.9924450516700745,CapturedFrames_1.0_0.5_-3.0/video.mp4#frame=68
68,LEFT_ANKLE,0.4926307201385498,0.442307710647583,0.08735642582178116,0.9485223889350891,CapturedFrames_1.0_0.5_-3.0/video.mp4#frame=68
68,RIGHT_ANKLE,0.500011146068573,0.45352256298065186,0.024210771545767784,0.9886647462844849,CapturedFrames_1.0_0.5_-3.0/video.mp4#frame=68
68,LEFT_HEEL,0.48934000730514526,0.45730119943618774,0.0891977921128273,0.960908055305481,CapturedFrames_1.0_0.5_-3.0/video.mp4#frame=68
68,RIGHT_HEEL,0.4962140619754791,0.4708113670349121,0.02582821622490883,0.9855172038078308,CapturedFrames_1.0_0.5_-3.0/video.mp4#frame=68
68,LEFT_FOOT_INDEX,0.5024384260177612,0.45504406094551086,0.06891875714063644,0.8179762363433838,CapturedFrames_1.0_0.5_-3.0/video.mp4#frame=68
68,RIGHT_FOOT_INDEX,0.5119458436965942,0.467893123626709,-0.0012075749691575766,0.915355384349823,CapturedFrames_1.0_0.5_-3.0/video.mp4#frame=68
69,NOSE,0.4955812096595764,0.08516280353069305,0.09213516116142273,0.9998733997344971,CapturedFrames_1.0_0.5_-3.0/video.mp4#frame=69
69,LEFT_EYE_INNER,0.49313241243362427,0.0772990882396698,0.077041856944561,0.9998699426651001,CapturedFrames_1.0_0.5_-3.0/video.mp4#frame=69
69,LEFT_EYE,0.49132388830184937,0.07750587165355682,0.07704830914735794,0.9998784065246582,CapturedFrames_1.0_0.5_-3.0/video.mp4#frame=69
69,LEFT_EYE_OUTER,0.4895235002040863,0.07792156934738159,0.077040895819664,0.9998668432235718,CapturedFrames_1.0_0.5_-3.0/video.mp4#frame=69
69,RIGHT_EYE_INNER,0.497511625289917,0.07709614932537079,0.07719399780035019,0.9998319149017334,CapturedFrames_1.0_0.5_-3.0/video.mp4#frame=69
69,RIGHT_EYE,0.49892956018447876,0.07708567380905151,0.0772053450345993,0.9998337030410767,CapturedFrames_1.0_0.5_-3.0/video.mp4#frame=69
69,RIGHT_EYE_OUTER,0.5003170967102051,0.07719145715236664,0.07718274742364883,0.9997974038124084,CapturedFrames_1.0_0.5_-3.0/video.mp4#frame=69
69,LEFT_EAR,0.4868376851081848,0.0836479514837265,0.021593447774648666,0.9998682737350464,CapturedFrames_1.0_0.5_-3.0/video.mp4#frame=69
69,RIGHT_EAR,0.5025069713592529,0.08211860060691833,0.02239248901605606,0.9998507499694824,CapturedFrames_1.0_0.5_-3.0/video.mp4#frame=69
69,MOUTH_LEFT,0.49314484000205994,0.09364230930805206,0.07476990669965744,0.999901533126831,CapturedFrames_1.0_0.5_-3.0/video.mp4#frame=69
69,MOUTH_RIGHT,0.49820882081985474,0.09297581017017365,0.07490348070859909,0.999890923500061,CapturedFrames_1.0_0.5_-3.0/video.mp4#frame=69
69,LEFT_SHOULDER,0.47011953592300415,0.14107929170131683,0.008363944478332996,0.9998929500579834,CapturedFrames_1.0_0.5_-3.0/video.mp4#frame=69
69,RIGHT_SHOULDER,0.5185949206352234,0.13874764740467072,-0.016170687973499298,0.9998534917831421,CapturedFrames_1.0_0.5_-3.0/video.mp4#frame=69
69,LEFT_ELBOW,0.4640429615974426,0.20740129053592682,0.004517287481576204,0.9922033548355103,CapturedFrames_1.0_0.5_-3.0/video.mp4#frame=69
69,RIGHT_ELBOW,0.5345261096954346,0.20347318053245544,-0.014322368428111076,0.9946969747543335,CapturedFrames_1.0_0.5_-3.0/video.mp4#frame=69
69,LEFT_WRIST,0.45663413405418396,0.26848283410072327,0.008768974803388119,0.9271219968795776,CapturedFrames_1.0_0.5_-3.0/video.mp4#frame=69
69,RIGHT_WRIST,0.5388797521591187,0.26179277896881104,0.006617332808673382,0.9013630151748657,CapturedFrames_1.0_0.5_-3.0/video.mp4#frame=69
69,LEFT_PINKY,0.45671024918556213,0.2852344214916229,0.009662354364991188,0.8437194228172302,CapturedFrames_1.0_0.5_-3.0/video.mp4#frame=69
69,RIGHT_PINKY,0.5384291410446167,0.27737492322921753,0.0073000965639948845,0.8154979348182678,CapturedFrames_1.0_0.5_-3.0/video.mp4#frame=69
69,LEFT_INDEX,0.45897340774536133,0.28315502405166626,0.006297627929598093,0.8346661925315857,CapturedFrames_1.0_0.5_-3.0/video.mp4#frame=69
69,RIGHT_INDEX,0.5360721945762634,0.27580341696739197,0.0056216539815068245,0.7946414947509766,CapturedFrames_1.0_0.5_-3.0/video.mp4#frame=69
69,LEFT_THUMB,0.4601708948612213,0.2781353294849396,0.0076771872118115425,0.7715991139411926,CapturedFrames_1.0_0.5_-3.0/video.mp4#frame=69
69,RIGHT_THUMB,0.5354464650154114,0.27223309874534607,0.0067807151935994625,0.7368772029876709,CapturedFrames_1.0_0.5_-3.0/video.mp4#frame=69
69,LEFT_HIP,0.4798446297645569,0.2592817544937134,0.013958945870399475,0.9997168183326721,CapturedFrames_1.0_0.5_-3.0/video.mp4#frame=69
69,RIGHT_HIP,0.5059980154037476,0.2588515877723694,-0.013997401110827923,0.9994415640830994,CapturedFrames_1.0_0.5_-3.0/video.mp4#frame=69
69,LEFT_KNEE,0.4898563027381897,0.3513038754463196,0.020968537777662277,0.9322031140327454,CapturedFrames_1.0_0.5_-3.0/video.mp4#frame=69
69,RIGHT_KNEE,0.5078883171081543,0.3514435589313507,-0.0007737439009360969,0.9844292402267456,CapturedFrames_1.0_0.5_-3.0/video.mp4#frame=69
69,LEFT_ANKLE,0.49625545740127563,0.44460177421569824,0.04061714932322502,0.9380584955215454,CapturedFrames_1.0_0.5_-3.0/video.mp4#frame=69
69,RIGHT_ANKLE,0.5017307996749878,0.4477787911891937,0.018676085397601128,0.9730833172798157,CapturedFrames_1.0_0.5_-3.0/video.mp4#frame=69
69,LEFT_HEEL,0.49465447664260864,0.464028000831604,0.04076799005270004,0.94962078332901,CapturedFrames_1.0_0.5_-3.0/video.mp4#frame=69
69,RIGHT_HEEL,0.49980026483535767,0.46532368659973145,0.01988903060555458,0.9721503853797913,CapturedFrames_1.0_0.5_-3.0/video.mp4#frame=69
69,LEFT_FOOT_INDEX,0.5043972730636597,0.463657408952713,0.014042215421795845,0.8224397897720337,CapturedFrames_1.0_0.5_-3.0/video.mp4#frame=69
69,RIGHT_FOOT_INDEX,0.5097315311431885,0.46745920181274414,-0.007573161274194717,0.881004810333252,CapturedFrames_1.0_0.5_-3.0/video.mp4#frame=69
70,NOSE,0.49673324823379517,0.09356725215911865,0.09079018980264664,0.9998663663864136,CapturedFrames_1.0_0.5_-3.0/video.mp4#frame=70
70,LEFT_EYE_INNER,0.4942477345466614,0.08664846420288086,0.07556323707103729,0.9998457431793213,CapturedFrames_1.0_0.5_-3.0/video.mp4#frame=70
70,LEFT_EYE,0.4925071597099304,0.08689607679843903,0.0755721777677536,0.9998576641082764,CapturedFrames_1.0_0.5_-3.0/video.mp4#frame=70
70,LEFT_EYE_OUTER,0.49081429839134216,0.08721211552619934,0.07556860148906708,0.9998445510864258,CapturedFrames_1.0_0.5_-3.0/video.mp4#frame=70
70,RIGHT_EYE_INNER,0.49854546785354614,0.08602268993854523,0.07524971663951874,0.9998101592063904,CapturedFrames_1.0_0.5_-3.0/video.mp4#frame=70
70,RIGHT_EYE,0.4998244643211365,0.08580082654953003,0.0752515122294426,0.9998087286949158,CapturedFrames_1.0_0.5_-3.0/video.mp4#frame=70
70,RIGHT_EYE_OUTER,0.5011994242668152,0.08557772636413574,0.07522284984588623,0.999764621257782,CapturedFrames_1.0_0.5_-3.0/video.mp4#frame=70
70,LEFT_EAR,0.4880775809288025,0.09153299033641815,0.019000273197889328,0.9998403787612915,CapturedFrames_1.0_0.5_-3.0/video.mp4#frame=70
70,RIGHT_EAR,0.5031457543373108,0.08967550843954086,0.01749769225716591,0.9998260140419006,CapturedFrames_1.0_0.5_-3.0/video.mp4#frame=70
70,MOUTH_LEFT,0.49429750442504883,0.10143954306840897,0.07299195975065231,0.9999014139175415,CapturedFrames_1.0_0.5_-3.0/video.mp4#frame=70
70,MOUTH_RIGHT,0.49929943680763245,0.10113289952278137,0.07247813791036606,0.9998934268951416,CapturedFrames_1.0_0.5_-3.0/video.mp4#frame=70
70,LEFT_SHOULDER,0.47075167298316956,0.148548886179924,0.00756002077832818,0.9998884201049805,CapturedFrames_1.0_0.5_-3.0/video.mp4#frame=70
70,RIGHT_SHOULDER,0.5194482803344727,0.14482435584068298,-0.02197427488863468,0.9998757839202881,CapturedFrames_1.0_0.5_-3.0/video.mp4#frame=70
70,LEFT_ELBOW,0.46715790033340454,0.21395662426948547,0.004130924120545387,0.9904036521911621,CapturedFrames_1.0_0.5_-3.0/video.mp4#frame=70
70,RIGHT_ELBOW,0.5352427959442139,0.20621541142463684,-0.018279189243912697,0.9944785833358765,CapturedFrames_1.0_0.5_-3.0/video.mp4#frame=70
70,LEFT_WRIST,0.4593457579612732,0.2745875120162964,0.009707526303827763,0.9291884303092957,CapturedFrames_1.0_0.5_-3.0/video.mp4#frame=70
70,RIGHT_WRIST,0.5415369868278503,0.26557573676109314,0.0075821541249752045,0.8936656713485718,CapturedFrames_1.0_0.5_-3.0/video.mp4#frame=70
70,LEFT_PINKY,0.45889878273010254,0.2913714647293091,0.01193311158567667,0.8505828380584717,CapturedFrames_1.0_0.5_-3.0/video.mp4#frame=70
70,RIGHT_PINKY,0.5413780212402344,0.28100281953811646,0.008941469714045525,0.8125017881393433,CapturedFrames_1.0_0.5_-3.0/video.mp4#frame=70
70,LEFT_INDEX,0.4610067903995514,0.28996244072914124,0.008117344230413437,0.8412193059921265,CapturedFrames_1.0_0.5_-3.0/video.mp4#frame=70
70,RIGHT_INDEX,0.5390737652778625,0.28022342920303345,0.008428194560110569,0.7934650778770447,CapturedFrames_1.0_0.5_-3.0/video.mp4#frame=70
70,LEFT_THUMB,0.4624478220939636,0.28455430269241333,0.008612753823399544,0.7775865197181702,CapturedFrames_1.0_0.5_-3.0/video.mp4#frame=70
70,RIGHT_THUMB,0.5384615659713745,0.27606400847435,0.008248332887887955,0.7330737113952637,CapturedFrames_1.0_0.5_-3.0/video.mp4#frame=70
70,LEFT_HIP,0.48222631216049194,0.26500028371810913,0.018825292587280273,0.9997660517692566,CapturedFrames_1.0_0.5_-3.0/video.mp4#frame=70
70,RIGHT_HIP,0.507443904876709,0.2642129063606262,-0.018893485888838768,0.9996066689491272,CapturedFrames_1.0_0.5_-3.0/video.mp4#frame=70
70,LEFT_KNEE,0.4916965365409851,0.35389482975006104,0.0381988100707531,0.9226069450378418,CapturedFrames_1.0_0.5_-3.0/video.mp4#frame=70
70,RIGHT_KNEE,0.5082500576972961,0.3552791178226471,-0.003666199278086424,0.9851157069206238,CapturedFrames_1.0_0.5_-3.0/video.mp4#frame=70
70,LEFT_ANKLE,0.49711328744888306,0.4422232210636139,0.04607287049293518,0.9390659928321838,CapturedFrames_1.0_0.5_-3.0/video.mp4#frame=70
70,RIGHT_ANKLE,0.501226007938385,0.44797396659851074,0.003349720034748316,0.9785858392715454,CapturedFrames_1.0_0.5_-3.0/video.mp4#frame=70
70,LEFT_HEEL,0.4941697120666504,0.45976993441581726,0.04534833878278732,0.9532735347747803,CapturedFrames_1.0_0.5_-3.0/video.mp4#frame=70
70,RIGHT_HEEL,0.4977352023124695,0.46491560339927673,0.003494342789053917,0.97664475440979,CapturedFrames_1.0_0.5_-3.0/video.mp4#frame=70
70,LEFT_FOOT_INDEX,0.5052675604820251,0.46315115690231323,0.018501659855246544,0.8444283604621887,CapturedFrames_1.0_0.5_-3.0/video.mp4#frame=70
70,RIGHT_FOOT_INDEX,0.5097798705101013,0.46947067975997925,-0.026196131482720375,0.9059216380119324,CapturedFrames_1.0_0.5_-3.0/video.mp4#frame=70
71,NOSE,0.4968799650669098,0.09750790894031525,0.08374051004648209,0.9999334812164307,CapturedFrames_1.0_0.5_-3.0/video.mp4#frame=71
71,LEFT_EYE_INNER,0.49440592527389526,0.090678371489048,0.06866812705993652,0.9999191761016846,CapturedFrames_1.0_0.5_-3.0/video.mp4#frame=71
71,LEFT_EYE,0.4927334189414978,0.0909087210893631,0.06866780668497086,0.9999315738677979,CapturedFrames_1.0_0.5_-3.0/video.mp4#frame=71
71,LEFT_EYE_OUTER,0.4910798668861389,0.09126874804496765,0.06867609173059464,0.9999233484268188,CapturedFrames_1.0_0.5_-3.0/video.mp4#frame=71
71,RIGHT_EYE_INNER,0.4987005591392517,0.09002645313739777,0.06960029900074005,0.9998968839645386,CapturedFrames_1.0_0.5_-3.0/video.mp4#frame=71
71,RIGHT_EYE,0.5000445246696472,0.08978978544473648,0.06961352378129959,0.9999018907546997,CapturedFrames_1.0_0.5_-3.0/video.mp4#frame=71
71,RIGHT_EYE_OUTER,0.5014447569847107,0.08964583277702332,0.06959895044565201,0.9998675584793091,CapturedFrames_1.0_0.5_-3.0/video.mp4#frame=71
71,LEFT_EAR,0.4888249337673187,0.09623831510543823,0.011087130755186081,0.9999333620071411,CapturedFrames_1.0_0.5_-3.0/video.mp4#frame=71
71,RIGHT_EAR,0.5036641359329224,0.09419441223144531,0.015120133757591248,0.9998964071273804,CapturedFrames_1.0_0.5_-3.0/video.mp4#frame=71
71,MOUTH_LEFT,0.4947424530982971,0.10544732213020325,0.06544795632362366,0.9999462366104126,CapturedFrames_1.0_0.5_-3.0/video.mp4#frame=71
71,MOUTH_RIGHT,0.49980226159095764,0.10473683476448059,0.0665445402264595,0.9999266862869263,CapturedFrames_1.0_0.5_-3.0/video.mp4#frame=71
71,LEFT_SHOULDER,0.4727080464363098,0.1543748825788498,8.15555831650272e-05,0.9999470710754395,CapturedFrames_1.0_0.5_-3.0/video.mp4#frame=71
71,RIGHT_SHOULDER,0.5203537940979004,0.15064971148967743,-0.02085714228451252,0.9998739957809448,CapturedFrames_1.0_0.5_-3.0/video.mp4#frame=71
71,LEFT_ELBOW,0.4682943820953369,0.2192905992269516,-0.0017160471761599183,0.9935604333877563,CapturedFrames_1.0_0.5_-3.0/video.mp4#frame=71
71,RIGHT_ELBOW,0.537147045135498,0.21407181024551392,-0.024254100397229195,0.9952270984649658,CapturedFrames_1.0_0.5_-3.0/video.mp4#frame=71
71,LEFT_WRIST,0.46165236830711365,0.27825024724006653,0.0035403226502239704,0.978863537311554,CapturedFrames_1.0_0.5_-3.0/video.mp4#frame=71
71,RIGHT_WRIST,0.5412958264350891,0.2712090313434601,-0.016170216724276543,0.9533930420875549,CapturedFrames_1.0_0.5_-3.0/video.mp4#frame=71
71,LEFT_PINKY,0.4610302448272705,0.29445332288742065,0.005951892584562302,0.95156329870224,CapturedFrames_1.0_0.5_-3.0/video.mp4#frame=71
71,RIGHT_PINKY,0.5416082739830017,0.2866010367870331,-0.016487641260027885,0.9124341011047363,CapturedFrames_1.0_0.5_-3.0/video.mp4#frame=71
71,LEFT_INDEX,0.4626993238925934,0.29335761070251465,0.0026137593667954206,0.9475513696670532,CapturedFrames_1.0_0.5_-3.0/video.mp4#frame=71
71,RIGHT_INDEX,0.5388273596763611,0.2863863408565521,-0.017559360712766647,0.9004871845245361,CapturedFrames_1.0_0.5_-3.0/video.mp4#frame=71
71,LEFT_THUMB,0.46397051215171814,0.2884243130683899,0.0031682110857218504,0.9152029156684875,CapturedFrames_1.0_0.5_-3.0/video.mp4#frame=71
71,RIGHT_THUMB,0.53770911693573,0.2816094756126404,-0.0162946917116642,0.8615832328796387,CapturedFrames_1.0_0.5_-3.0/video.mp4#frame=71
71,LEFT_HIP,0.4844943881034851,0.26811835169792175,0.017155379056930542,0.9998689889907837,CapturedFrames_1.0_0.5_-3.0/video.mp4#frame=71
71,RIGHT_HIP,0.5086794495582581,0.2673134207725525,-0.017275800928473473,0.9997562766075134,CapturedFrames_1.0_0.5_-3.0/video.mp4#frame=71
71,LEFT_KNEE,0.4928092956542969,0.3539065420627594,0.05122562125325203,0.9246402382850647,CapturedFrames_1.0_0.5_-3.0/video.mp4#frame=71
71,RIGHT_KNEE,0.5076815485954285,0.3547118902206421,0.010791555978357792,0.9851604700088501,CapturedFrames_1.0_0.5_-3.0/video.mp4#frame=71
71,LEFT_ANKLE,0.496731698513031,0.43860864639282227,0.04560452327132225,0.9576306343078613,CapturedFrames_1.0_0.5_-3.0/video.mp4#frame=71
71,RIGHT_ANKLE,0.5014128088951111,0.4470975995063782,-0.0027722876984626055,0.9897913336753845,CapturedFrames_1.0_0.5_-3.0/video.mp4#frame=71
71,LEFT_HEEL,0.49390435218811035,0.45296651124954224,0.04325362667441368,0.9710732102394104,CapturedFrames_1.0_0.5_-3.0/video.mp4#frame=71
71,RIGHT_HEEL,0.49787941575050354,0.4608142375946045,-0.004525525961071253,0.9891344308853149,CapturedFrames_1.0_0.5_-3.0/video.mp4#frame=71
71,LEFT_FOOT_INDEX,0.5035173892974854,0.45845094323158264,0.015115728601813316,0.901979923248291,CapturedFrames_1.0_0.5_-3.0/video.mp4#frame=71
71,RIGHT_FOOT_INDEX,0.5105062127113342,0.47196143865585327,-0.034696925431489944,0.9552770853042603,CapturedFrames_1.0_0.5_-3.0/video.mp4#frame=71
72,NOSE,0.4965987205505371,0.10201871395111084,0.08323094248771667,0.9999681711196899,CapturedFrames_1.0_0.5_-3.0/video.mp4#frame=72
72,LEFT_EYE_INNER,0.4942249655723572,0.09500011801719666,0.06821903586387634,0.9999524354934692,CapturedFrames_1.0_0.5_-3.0/video.mp4#frame=72
72,LEFT_EYE,0.4926114082336426,0.09524870663881302,0.06822459399700165,0.9999604225158691,CapturedFrames_1.0_0.5_-3.0/video.mp4#frame=72
72,LEFT_EYE_OUTER,0.4910317361354828,0.09567408263683319,0.06823775917291641,0.9999527931213379,CapturedFrames_1.0_0.5_-3.0/video.mp4#frame=72
72,RIGHT_EYE_INNER,0.49888983368873596,0.09447793662548065,0.06911227852106094,0.9999434947967529,CapturedFrames_1.0_0.5_-3.0/video.mp4#frame=72
72,RIGHT_EYE,0.500274121761322,0.09432560950517654,0.06912446022033691,0.9999486207962036,CapturedFrames_1.0_0.5_-3.0/video.mp4#frame=72
72,RIGHT_EYE_OUTER,0.5015949010848999,0.09427797794342041,0.06911218166351318,0.9999295473098755,CapturedFrames_1.0_0.5_-3.0/video.mp4#frame=72
72,LEFT_EAR,0.4892192482948303,0.10068486630916595,0.009829682298004627,0.9999573230743408,CapturedFrames_1.0_0.5_-3.0/video.mp4#frame=72
72,RIGHT_EAR,0.5043542385101318,0.09867392480373383,0.013422119431197643,0.9999511241912842,CapturedFrames_1.0_0.5_-3.0/video.mp4#frame=72
72,MOUTH_LEFT,0.49435919523239136,0.10994847863912582,0.06464540958404541,0.9999574422836304,CapturedFrames_1.0_0.5_-3.0/video.mp4#frame=72
72,MOUTH_RIGHT,0.49948400259017944,0.10914072394371033,0.0655926838517189,0.9999500513076782,CapturedFrames_1.0_0.5_-3.0/video.mp4#frame=72
72,LEFT_SHOULDER,0.473823219537735,0.1589728593826294,-0.004040505737066269,0.9999657869338989,CapturedFrames_1.0_0.5_-3.0/video.mp4#frame=72
72,RIGHT_SHOULDER,0.5208902359008789,0.1554098129272461,-0.021057045087218285,0.9999356269836426,CapturedFrames_1.0_0.5_-3.0/video.mp4#frame=72
72,LEFT_ELBOW,0.46956950426101685,0.2242213934659958,-0.007935499772429466,0.9906578063964844,CapturedFrames_1.0_0.5_-3.0/video.mp4#frame=72
72,RIGHT_ELBOW,0.5355623960494995,0.21738050878047943,-0.021109426394104958,0.9957537651062012,CapturedFrames_1.0_0.5_-3.0/video.mp4#frame=72
72,LEFT_WRIST,0.46350163221359253,0.2851008176803589,-0.0033364843111485243,0.970273494720459,CapturedFrames_1.0_0.5_-3.0/video.mp4#frame=72
72,RIGHT_WRIST,0.5418755412101746,0.2765915095806122,-0.004715458024293184,0.9598104357719421,CapturedFrames_1.0_0.5_-3.0/video.mp4#frame=72
72,LEFT_PINKY,0.4629167914390564,0.3013662099838257,-0.0011497606756165624,0.9370883703231812,CapturedFrames_1.0_0.5_-3.0/video.mp4#frame=72
72,RIGHT_PINKY,0.5422688722610474,0.2916127145290375,-0.0034249660093337297,0.9258869290351868,CapturedFrames_1.0_0.5_-3.0/video.mp4#frame=72
72,LEFT_INDEX,0.46439653635025024,0.29985055327415466,-0.003827367676422,0.9325166344642639,CapturedFrames_1.0_0.5_-3.0/video.mp4#frame=72
72,RIGHT_INDEX,0.5390681624412537,0.2922469675540924,-0.00351949455216527,0.9167386889457703,CapturedFrames_1.0_0.5_-3.0/video.mp4#frame=72
72,LEFT_THUMB,0.4656304717063904,0.29479530453681946,-0.00353732006624341,0.8967968225479126,CapturedFrames_1.0_0.5_-3.0/video.mp4#frame=72
72,RIGHT_THUMB,0.5379584431648254,0.2877770662307739,-0.004103556741029024,0.8836267590522766,CapturedFrames_1.0_0.5_-3.0/video.mp4#frame=72
72,LEFT_HIP,0.48563510179519653,0.2728062570095062,0.012730957940220833,0.9999643564224243,CapturedFrames_1.0_0.5_-3.0/video.mp4#frame=72
72,RIGHT_HIP,0.5104392766952515,0.2709360122680664,-0.012900881469249725,0.9999170303344727,CapturedFrames_1.0_0.5_-3.0/video.mp4#frame=72
72,LEFT_KNEE,0.492509126663208,0.3561601936817169,0.04699643328785896,0.9754720330238342,CapturedFrames_1.0_0.5_-3.0/video.mp4#frame=72
72,RIGHT_KNEE,0.5098079442977905,0.35521724820137024,0.023221729323267937,0.990164577960968,CapturedFrames_1.0_0.5_-3.0/video.mp4#frame=72
72,LEFT_ANKLE,0.49725642800331116,0.4408162534236908,0.025110948830842972,0.9873966574668884,CapturedFrames_1.0_0.5_-3.0/video.mp4#frame=72
72,RIGHT_ANKLE,0.5028979182243347,0.4432661831378937,0.0021208494435995817,0.9957964420318604,CapturedFrames_1.0_0.5_-3.0/video.mp4#frame=72
72,LEFT_HEEL,0.4946756958961487,0.45141860842704773,0.0216707494109869,0.9912782311439514,CapturedFrames_1.0_0.5_-3.0/video.mp4#frame=72
72,RIGHT_HEEL,0.4991679787635803,0.4533199667930603,9.117564331972972e-05,0.9941492080688477,CapturedFrames_1.0_0.5_-3.0/video.mp4#frame=72
72,LEFT_FOOT_INDEX,0.504214882850647,0.46763262152671814,-0.0013010739348828793,0.9624720215797424,CapturedFrames_1.0_0.5_-3.0/video.mp4#frame=72
72,RIGHT_FOOT_INDEX,0.5105175971984863,0.4739895164966583,-0.022660572081804276,0.981758713722229,CapturedFrames_1.0_0.5_-3.0/video.mp4#frame=72
73,NOSE,0.4977012276649475,0.10698631405830383,0.07112991809844971,0.9999760389328003,CapturedFrames_1.0_0.5_-3.0/video.mp4#frame=73
73,LEFT_EYE_INNER,0.49531811475753784,0.1003984585404396,0.056747566908597946,0.9999620914459229,CapturedFrames_1.0_0.5_-3.0/video.mp4#frame=73
73,LEFT_EYE,0.4936186373233795,0.10072822868824005,0.05674736574292183,0.9999665021896362,CapturedFrames_1.0_0.5_-3.0/video.mp4#frame=73
73,LEFT_EYE_OUTER,0.49196892976760864,0.10116790980100632,0.05677313357591629,0.9999597072601318,CapturedFrames_1.0_0.5_-3.0/video.mp4#frame=73
73,RIGHT_EYE_INNER,0.49973100423812866,0.09960897266864777,0.0582662895321846,0.9999558925628662,CapturedFrames_1.0_0.5_-3.0/video.mp4#frame=73
73,RIGHT_EYE,0.501059889793396,0.09936656057834625,0.058271296322345734,0.9999586343765259,CapturedFrames_1.0_0.5_-3.0/video.mp4#frame=73
73,RIGHT_EYE_OUTER,0.5024804472923279,0.09915532171726227,0.058263957500457764,0.9999470710754395,CapturedFrames_1.0_0.5_-3.0/video.mp4#frame=73
73,LEFT_EAR,0.48956719040870667,0.1058821976184845,-0.00047358442679978907,0.9999644756317139,CapturedFrames_1.0_0.5_-3.0/video.mp4#frame=73
73,RIGHT_EAR,0.5045186877250671,0.10346426069736481,0.00607705395668745,0.999962568283081,CapturedFrames_1.0_0.5_-3.0/video.mp4#frame=73
73,MOUTH_LEFT,0.49512648582458496,0.11516939103603363,0.05266062170267105,0.9999529123306274,CapturedFrames_1.0_0.5_-3.0/video.mp4#frame=73
73,MOUTH_RIGHT,0.5006504058837891,0.11479747295379639,0.05452238768339157,0.9999454021453857,CapturedFrames_1.0_0.5_-3.0/video.mp4#frame=73
73,LEFT_SHOULDER,0.4746011793613434,0.16384166479110718,-0.011025055311620235,0.9999614953994751,CapturedFrames_1.0_0.5_-3.0/video.mp4#frame=73
73,RIGHT_SHOULDER,0.5215228199958801,0.15887829661369324,-0.025659192353487015,0.9999552965164185,CapturedFrames_1.0_0.5_-3.0/video.mp4#frame=73
73,LEFT_ELBOW,0.4716115891933441,0.22843407094478607,-0.017048493027687073,0.9891666769981384,CapturedFrames_1.0_0.5_-3.0/video.mp4#frame=73
73,RIGHT_ELBOW,0.5360438823699951,0.22524945437908173,-0.02511191926896572,0.9943894743919373,CapturedFrames_1.0_0.5_-3.0/video.mp4#frame=73
73,LEFT_WRIST,0.4642407298088074,0.2891799509525299,-0.008941621519625187,0.9617359042167664,CapturedFrames_1.0_0.5_-3.0/video.mp4#frame=73
73,RIGHT_WRIST,0.5421483516693115,0.279733806848526,-0.0035084516275674105,0.9616088271141052,CapturedFrames_1.0_0.5_-3.0/video.mp4#frame=73
73,LEFT_PINKY,0.4641612470149994,0.30534064769744873,-0.004750776570290327,0.9175081253051758,CapturedFrames_1.0_0.5_-3.0/video.mp4#frame=73
73,RIGHT_PINKY,0.5425252914428711,0.2960983216762543,-0.0006653115851804614,0.9317595362663269,CapturedFrames_1.0_0.5_-3.0/video.mp4#frame=73
73,LEFT_INDEX,0.4653310775756836,0.3050556778907776,-0.006635329686105251,0.9138278365135193,CapturedFrames_1.0_0.5_-3.0/video.mp4#frame=73
73,RIGHT_INDEX,0.5404148697853088,0.2953247129917145,0.0010970308212563396,0.9239346981048584,CapturedFrames_1.0_0.5_-3.0/video.mp4#frame=73
73,LEFT_THUMB,0.46632274985313416,0.2998560667037964,-0.008702225983142853,0.8741679191589355,CapturedFrames_1.0_0.5_-3.0/video.mp4#frame=73
73,RIGHT_THUMB,0.5394278764724731,0.29020655155181885,-0.0022322311997413635,0.8952516913414001,CapturedFrames_1.0_0.5_-3.0/video.mp4#frame=73
73,LEFT_HIP,0.48799020051956177,0.27556905150413513,0.011789318174123764,0.9999849796295166,CapturedFrames_1.0_0.5_-3.0/video.mp4#frame=73
73,RIGHT_HIP,0.5120536684989929,0.27416083216667175,-0.011977067217230797,0.999964714050293,CapturedFrames_1.0_0.5_-3.0/video.mp4#frame=73
73,LEFT_KNEE,0.49388962984085083,0.3603918254375458,0.06069062277674675,0.9694066047668457,CapturedFrames_1.0_0.5_-3.0/video.mp4#frame=73
73,RIGHT_KNEE,0.5155341625213623,0.35721635818481445,0.03607014939188957,0.9895297884941101,CapturedFrames_1.0_0.5_-3.0/video.mp4#frame=73
73,LEFT_ANKLE,0.4979904592037201,0.43699246644973755,0.020639091730117798,0.9926038384437561,CapturedFrames_1.0_0.5_-3.0/video.mp4#frame=73
73,RIGHT_ANKLE,0.5063106417655945,0.43514585494995117,-0.005054897628724575,0.9971076846122742,CapturedFrames_1.0_0.5_-3.0/video.mp4#frame=73
73,LEFT_HEEL,0.4963487684726715,0.446442186832428,0.015658380463719368,0.9948999285697937,CapturedFrames_1.0_0.5_-3.0/video.mp4#frame=73
73,RIGHT_HEEL,0.5028522610664368,0.44339272379875183,-0.008754538372159004,0.9955236911773682,CapturedFrames_1.0_0.5_-3.0/video.mp4#frame=73
73,LEFT_FOOT_INDEX,0.5042109489440918,0.46751290559768677,-0.002682023448869586,0.9845575094223022,CapturedFrames_1.0_0.5_-3.0/video.mp4#frame=73
73,RIGHT_FOOT_INDEX,0.5102519989013672,0.47054409980773926,-0.025506561622023582,0.9907522201538086,CapturedFrames_1.0_0.5_-3.0/video.mp4#frame=73
74,NOSE,0.5008032321929932,0.10938771814107895,0.05572972446680069,0.9999841451644897,CapturedFrames_1.0_0.5_-3.0/video.mp4#frame=74
74,LEFT_EYE_INNER,0.4977174699306488,0.10238747298717499,0.041979432106018066,0.9999809265136719,CapturedFrames_1.0_0.5_-3.0/video.mp4#frame=74
74,LEFT_EYE,0.496054083108902,0.10235277563333511,0.041976381093263626,0.9999822378158569,CapturedFrames_1.0_0.5_-3.0/video.mp4#frame=74
74,LEFT_EYE_OUTER,0.49442601203918457,0.1025373637676239,0.042008355259895325,0.9999799728393555,CapturedFrames_1.0_0.5_-3.0/video.mp4#frame=74
74,RIGHT_EYE_INNER,0.5022760033607483,0.10276544094085693,0.04353947937488556,0.9999780654907227,CapturedFrames_1.0_0.5_-3.0/video.mp4#frame=74
74,RIGHT_EYE,0.5037580132484436,0.1028166115283966,0.04355308413505554,0.9999779462814331,CapturedFrames_1.0_0.5_-3.0/video.mp4#frame=74
74,RIGHT_EYE_OUTER,0.5050731897354126,0.10289545357227325,0.04354408383369446,0.9999727010726929,CapturedFrames_1.0_0.5_-3.0/video.mp4#frame=74
74,LEFT_EAR,0.49178165197372437,0.10860157012939453,-0.011152403429150581,0.9999862909317017,CapturedFrames_1.0_0.5_-3.0/video.mp4#frame=74
74,RIGHT_EAR,0.506253182888031,0.10706336051225662,-0.00415822584182024,0.9999825954437256,CapturedFrames_1.0_0.5_-3.0/video.mp4#frame=74
74,MOUTH_LEFT,0.49887552857398987,0.11709491163492203,0.03883093222975731,0.9999717473983765,CapturedFrames_1.0_0.5_-3.0/video.mp4#frame=74
74,MOUTH_RIGHT,0.5036845803260803,0.11723430454730988,0.0408749096095562,0.9999645948410034,CapturedFrames_1.0_0.5_-3.0/video.mp4#frame=74
74,LEFT_SHOULDER,0.4772051274776459,0.1663752645254135,-0.01660219579935074,0.9999743700027466,CapturedFrames_1.0_0.5_-3.0/video.mp4#frame=74
74,RIGHT_SHOULDER,0.5220087766647339,0.16106915473937988,-0.03463450074195862,0.9999475479125977,CapturedFrames_1.0_0.5_-3.0/video.mp4#frame=74
74,LEFT_ELBOW,0.4731288552284241,0.23211099207401276,-0.020209351554512978,0.9867017865180969,CapturedFrames_1.0_0.5_-3.0/video.mp4#frame=74
74,RIGHT_ELBOW,0.5352341532707214,0.22642561793327332,-0.032235924154520035,0.990078330039978,CapturedFrames_1.0_0.5_-3.0/video.mp4#frame=74
74,LEFT_WRIST,0.4669869840145111,0.29018667340278625,-0.012554613873362541,0.9697967171669006,CapturedFrames_1.0_0.5_-3.0/video.mp4#frame=74
74,RIGHT_WRIST,0.5421056151390076,0.28296715021133423,-0.009861144237220287,0.9658676385879517,CapturedFrames_1.0_0.5_-3.0/video.mp4#frame=74
74,LEFT_PINKY,0.46691155433654785,0.30759966373443604,-0.009869822300970554,0.9326774477958679,CapturedFrames_1.0_0.5_-3.0/video.mp4#frame=74
74,RIGHT_PINKY,0.5426273345947266,0.2991081774234772,-0.007563409395515919,0.9435986280441284,CapturedFrames_1.0_0.5_-3.0/video.mp4#frame=74
74,LEFT_INDEX,0.4682798981666565,0.3076697289943695,-0.011567716486752033,0.9297940135002136,CapturedFrames_1.0_0.5_-3.0/video.mp4#frame=74
74,RIGHT_INDEX,0.5396605730056763,0.2994173467159271,-0.007123033050447702,0.9392015337944031,CapturedFrames_1.0_0.5_-3.0/video.mp4#frame=74
74,LEFT_THUMB,0.46941179037094116,0.3019307851791382,-0.01231002900749445,0.8961893916130066,CapturedFrames_1.0_0.5_-3.0/video.mp4#frame=74
74,RIGHT_THUMB,0.5385786294937134,0.29489055275917053,-0.009014570154249668,0.9178259372711182,CapturedFrames_1.0_0.5_-3.0/video.mp4#frame=74
74,LEFT_HIP,0.4903790354728699,0.27761927247047424,0.01359539944678545,0.9999865293502808,CapturedFrames_1.0_0.5_-3.0/video.mp4#frame=74
74,RIGHT_HIP,0.5135817527770996,0.275154173374176,-0.013737866654992104,0.9999518394470215,CapturedFrames_1.0_0.5_-3.0/video.mp4#frame=74
74,LEFT_KNEE,0.4940119683742523,0.3588554263114929,0.05728911608457565,0.9888104200363159,CapturedFrames_1.0_0.5_-3.0/video.mp4#frame=74
74,RIGHT_KNEE,0.5215913653373718,0.3575552701950073,0.03387431427836418,0.9947195053100586,CapturedFrames_1.0_0.5_-3.0/video.mp4#frame=74
74,LEFT_ANKLE,0.4981223940849304,0.44063103199005127,0.028482353314757347,0.9970244765281677,CapturedFrames_1.0_0.5_-3.0/video.mp4#frame=74
74,RIGHT_ANKLE,0.5092477202415466,0.42428457736968994,0.006268716417253017,0.9988105297088623,CapturedFrames_1.0_0.5_-3.0/video.mp4#frame=74
74,LEFT_HEEL,0.49501413106918335,0.44631221890449524,0.024641409516334534,0.997437596321106,CapturedFrames_1.0_0.5_-3.0/video.mp4#frame=74
74,RIGHT_HEEL,0.5054079294204712,0.4282791018486023,0.004548812750726938,0.9981264472007751,CapturedFrames_1.0_0.5_-3.0/video.mp4#frame=74
74,LEFT_FOOT_INDEX,0.504680335521698,0.46181923151016235,0.008669720962643623,0.9889427423477173,CapturedFrames_1.0_0.5_-3.0/video.mp4#frame=74
74,RIGHT_FOOT_INDEX,0.5137574672698975,0.46155089139938354,-0.002843243768438697,0.9950172305107117,CapturedFrames_1.0_0.5_-3.0/video.mp4#frame=74
75,NOSE,0.5023514628410339,0.11256734281778336,0.0649653747677803,0.99997878074646,CapturedFrames_1.0_0.5_-3.0/video.mp4#frame=75
75,LEFT_EYE_INNER,0.49925413727760315,0.10581518709659576,0.05207466334104538,0.9999798536300659,CapturedFrames_1.0_0.5_-3.0/video.mp4#frame=75
75,LEFT_EYE,0.4976266026496887,0.10574667155742645,0.05206533148884773,0.9999812841415405,CapturedFrames_1.0_0.5_-3.0/video.mp4#frame=75
75,LEFT_EYE_OUTER,0.4959889352321625,0.10592123866081238,0.05209934711456299,0.9999810457229614,CapturedFrames_1.0_0.5_-3.0/video.mp4#frame=75
75,RIGHT_EYE_INNER,0.5037782788276672,0.1059141457080841,0.05284908413887024,0.9999749660491943,CapturedFrames_1.0_0.5_-3.0/video.mp4#frame=75
75,RIGHT_EYE,0.5052658319473267,0.10575803369283676,0.05286090448498726,0.999974250793457,CapturedFrames_1.0_0.5_-3.0/video.mp4#frame=75
75,RIGHT_EYE_OUTER,0.5066598057746887,0.10559101402759552,0.05284545570611954,0.9999719858169556,CapturedFrames_1.0_0.5_-3.0/video.mp4#frame=75
75,LEFT_EAR,0.49345913529396057,0.11123526096343994,-0.0010831967229023576,0.9999867677688599,CapturedFrames_1.0_0.5_-3.0/video.mp4#frame=75
75,RIGHT_EAR,0.5076418519020081,0.10913644731044769,0.0025186724960803986,0.9999818801879883,CapturedFrames_1.0_0.5_-3.0/video.mp4#frame=75
75,MOUTH_LEFT,0.5005845427513123,0.12061257660388947,0.047796424478292465,0.9999717473983765,CapturedFrames_1.0_0.5_-3.0/video.mp4#frame=75
75,MOUTH_RIGHT,0.5048664212226868,0.12038637697696686,0.048912618309259415,0.9999598264694214,CapturedFrames_1.0_0.5_-3.0/video.mp4#frame=75
75,LEFT_SHOULDER,0.47914665937423706,0.1695082187652588,-0.008061674423515797,0.9999802112579346,CapturedFrames_1.0_0.5_-3.0/video.mp4#frame=75
75,RIGHT_SHOULDER,0.522915244102478,0.1643582582473755,-0.031054189428687096,0.9999483823776245,CapturedFrames_1.0_0.5_-3.0/video.mp4#frame=75
75,LEFT_ELBOW,0.47461262345314026,0.234666109085083,-0.016787651926279068,0.990007758140564,CapturedFrames_1.0_0.5_-3.0/video.mp4#frame=75
75,RIGHT_ELBOW,0.5342559814453125,0.228984996676445,-0.02770441398024559,0.9901240468025208,CapturedFrames_1.0_0.5_-3.0/video.mp4#frame=75
75,LEFT_WRIST,0.47049418091773987,0.29427772760391235,-0.013244670815765858,0.9730725288391113,CapturedFrames_1.0_0.5_-3.0/video.mp4#frame=75
75,RIGHT_WRIST,0.5420101284980774,0.2855477035045624,0.00030182895716279745,0.959970235824585,CapturedFrames_1.0_0.5_-3.0/video.mp4#frame=75
75,LEFT_PINKY,0.4710002839565277,0.3108792304992676,-0.010408594273030758,0.9308428764343262,CapturedFrames_1.0_0.5_-3.0/video.mp4#frame=75
75,RIGHT_PINKY,0.5433967113494873,0.30143415927886963,0.0031497948803007603,0.9294657707214355,CapturedFrames_1.0_0.5_-3.0/video.mp4#frame=75
75,LEFT_INDEX,0.4722549319267273,0.31050682067871094,-0.011445481330156326,0.9277189373970032,CapturedFrames_1.0_0.5_-3.0/video.mp4#frame=75
75,RIGHT_INDEX,0.5399525761604309,0.3023185729980469,0.0052033974789083,0.9243555665016174,CapturedFrames_1.0_0.5_-3.0/video.mp4#frame=75
75,LEFT_THUMB,0.47313398122787476,0.3047703802585602,-0.01282904576510191,0.891019880771637,CapturedFrames_1.0_0.5_-3.0/video.mp4#frame=75
75,RIGHT_THUMB,0.5385085344314575,0.2980348467826843,0.0018814221257343888,0.89896160364151,CapturedFrames_1.0_0.5_-3.0/video.mp4#frame=75
75,LEFT_HIP,0.4923986494541168,0.27915284037590027,0.015735631808638573,0.9999873638153076,CapturedFrames_1.0_0.5_-3.0/video.mp4#frame=75
75,RIGHT_HIP,0.514690637588501,0.276072233915329,-0.015894345939159393,0.9999510049819946,CapturedFrames_1.0_0.5_-3.0/video.mp4#frame=75
75,LEFT_KNEE,0.4947480261325836,0.3582998812198639,0.055780716240406036,0.9698556065559387,CapturedFrames_1.0_0.5_-3.0/video.mp4#frame=75
75,RIGHT_KNEE,0.5242817997932434,0.3538917601108551,0.02821798250079155,0.9880859851837158,CapturedFrames_1.0_0.5_-3.0/video.mp4#frame=75
75,LEFT_ANKLE,0.4947066903114319,0.43748795986175537,-0.004165247548371553,0.9935991764068604,CapturedFrames_1.0_0.5_-3.0/video.mp4#frame=75
75,RIGHT_ANKLE,0.5148757696151733,0.4147569537162781,-0.030366551131010056,0.9971044659614563,CapturedFrames_1.0_0.5_-3.0/video.mp4#frame=75
75,LEFT_HEEL,0.4947894513607025,0.44166266918182373,-0.01154011394828558,0.9952774047851562,CapturedFrames_1.0_0.5_-3.0/video.mp4#frame=75
75,RIGHT_HEEL,0.5105645656585693,0.4175243079662323,-0.03544953837990761,0.9963169097900391,CapturedFrames_1.0_0.5_-3.0/video.mp4#frame=75
75,LEFT_FOOT_INDEX,0.5020518898963928,0.45729830861091614,-0.035148736089468,0.9874597787857056,CapturedFrames_1.0_0.5_-3.0/video.mp4#frame=75
75,RIGHT_FOOT_INDEX,0.5193418264389038,0.4567091763019562,-0.04824350029230118,0.993672251701355,CapturedFrames_1.0_0.5_-3.0/video.mp4#frame=75
76,NOSE,0.505100667476654,0.11434583365917206,0.07165572792291641,0.9999016523361206,CapturedFrames_1.0_0.5_-3.0/video.mp4#frame=76
76,LEFT_EYE_INNER,0.5021572709083557,0.10800504684448242,0.06082884222269058,0.9998801946640015,CapturedFrames_1.0_0.5_-3.0/video.mp4#frame=76
76,LEFT_EYE,0.5006376504898071,0.10811812430620193,0.06082423776388168,0.9999082088470459,CapturedFrames_1.0_0.5_-3.0/video.mp4#frame=76
76,LEFT_EYE_OUTER,0.4992450773715973,0.108354851603508,0.060853321105241776,0.9999057054519653,CapturedFrames_1.0_0.5_-3.0/video.mp4#frame=76
76,RIGHT_EYE_INNER,0.5065532922744751,0.10770661383867264,0.05928875133395195,0.9998682737350464,CapturedFrames_1.0_0.5_-3.0/video.mp4#frame=76
76,RIGHT_EYE,0.5079684853553772,0.10748913884162903,0.05929405614733696,0.9998821020126343,CapturedFrames_1.0_0.5_-3.0/video.mp4#frame=76
76,RIGHT_EYE_OUTER,0.5093057751655579,0.107293501496315,0.05928599089384079,0.9998692274093628,CapturedFrames_1.0_0.5_-3.0/video.mp4#frame=76
76,LEFT_EAR,0.4968222975730896,0.11309615522623062,0.014784661121666431,0.9999127388000488,CapturedFrames_1.0_0.5_-3.0/video.mp4#frame=76
76,RIGHT_EAR,0.5101794004440308,0.11091037094593048,0.008216354995965958,0.9998853206634521,CapturedFrames_1.0_0.5_-3.0/video.mp4#frame=76
76,MOUTH_LEFT,0.5035602450370789,0.12192979454994202,0.05723204091191292,0.9998775720596313,CapturedFrames_1.0_0.5_-3.0/video.mp4#frame=76
76,MOUTH_RIGHT,0.5075578093528748,0.12158966809511185,0.05543752387166023,0.999828577041626,CapturedFrames_1.0_0.5_-3.0/video.mp4#frame=76
76,LEFT_SHOULDER,0.4812084138393402,0.16872072219848633,0.01223818864673376,0.9999517202377319,CapturedFrames_1.0_0.5_-3.0/video.mp4#frame=76
76,RIGHT_SHOULDER,0.524451494216919,0.16530272364616394,-0.030744845047593117,0.9999570846557617,CapturedFrames_1.0_0.5_-3.0/video.mp4#frame=76
76,LEFT_ELBOW,0.4779720902442932,0.23600059747695923,1.2890630387119018e-05,0.9446035027503967,CapturedFrames_1.0_0.5_-3.0/video.mp4#frame=76
76,RIGHT_ELBOW,0.5322607159614563,0.22730717062950134,-0.03984352946281433,0.9930819869041443,CapturedFrames_1.0_0.5_-3.0/video.mp4#frame=76
76,LEFT_WRIST,0.4763525426387787,0.29162102937698364,-0.004413707181811333,0.8509725332260132,CapturedFrames_1.0_0.5_-3.0/video.mp4#frame=76
76,RIGHT_WRIST,0.5424778461456299,0.2870274484157562,-0.03483846038579941,0.9459535479545593,CapturedFrames_1.0_0.5_-3.0/video.mp4#frame=76
76,LEFT_PINKY,0.47644925117492676,0.30890709161758423,-0.0009369775652885437,0.7454828023910522,CapturedFrames_1.0_0.5_-3.0/video.mp4#frame=76
76,RIGHT_PINKY,0.5433661341667175,0.30128729343414307,-0.037426870316267014,0.905741274356842,CapturedFrames_1.0_0.5_-3.0/video.mp4#frame=76
76,LEFT_INDEX,0.47848325967788696,0.30744174122810364,-0.004701122175902128,0.7309520840644836,CapturedFrames_1.0_0.5_-3.0/video.mp4#frame=76
76,RIGHT_INDEX,0.5409054160118103,0.30161750316619873,-0.03277887776494026,0.9017791748046875,CapturedFrames_1.0_0.5_-3.0/video.mp4#frame=76
76,LEFT_THUMB,0.48016971349716187,0.30118200182914734,-0.005206253845244646,0.6439412832260132,CapturedFrames_1.0_0.5_-3.0/video.mp4#frame=76
76,RIGHT_THUMB,0.5397213697433472,0.2974860668182373,-0.03261544555425644,0.8578314781188965,CapturedFrames_1.0_0.5_-3.0/video.mp4#frame=76
76,LEFT_HIP,0.4946363568305969,0.2800547182559967,0.026411164551973343,0.9999709129333496,CapturedFrames_1.0_0.5_-3.0/video.mp4#frame=76
76,RIGHT_HIP,0.516636312007904,0.27570340037345886,-0.026629621163010597,0.9999336004257202,CapturedFrames_1.0_0.5_-3.0/video.mp4#frame=76
76,LEFT_KNEE,0.4947303235530853,0.35950231552124023,0.06178230792284012,0.9650120139122009,CapturedFrames_1.0_0.5_-3.0/video.mp4#frame=76
76,RIGHT_KNEE,0.5264622569084167,0.35147082805633545,0.014039596542716026,0.99472975730896,CapturedFrames_1.0_0.5_-3.0/video.mp4#frame=76
76,LEFT_ANKLE,0.493949830532074,0.43469175696372986,-0.03129744157195091,0.9930927753448486,CapturedFrames_1.0_0.5_-3.0/video.mp4#frame=76
76,RIGHT_ANKLE,0.5179258584976196,0.41557982563972473,-0.0794546827673912,0.9979078769683838,CapturedFrames_1.0_0.5_-3.0/video.mp4#frame=76
76,LEFT_HEEL,0.49510782957077026,0.4413195848464966,-0.042194582521915436,0.995208203792572,CapturedFrames_1.0_0.5_-3.0/video.mp4#frame=76
76,RIGHT_HEEL,0.513478696346283,0.4163561463356018,-0.08848867565393448,0.99714595079422,CapturedFrames_1.0_0.5_-3.0/video.mp4#frame=76
76,LEFT_FOOT_INDEX,0.4983614981174469,0.4586893618106842,-0.07462678849697113,0.9883052110671997,CapturedFrames_1.0_0.5_-3.0/video.mp4#frame=76
76,RIGHT_FOOT_INDEX,0.5233917832374573,0.454584538936615,-0.11045315116643906,0.9960005879402161,CapturedFrames_1.0_0.5_-3.0/video.mp4#frame=76
77,NOSE,0.5079048871994019,0.11511075496673584,0.055150676518678665,0.9999361038208008,CapturedFrames_1.0_0.5_-3.0/video.mp4#frame=77
77,LEFT_EYE_INNER,0.5047919154167175,0.108962781727314,0.04410147666931152,0.9999346733093262,CapturedFrames_1.0_0.5_-3.0/video.mp4#frame=77
77,LEFT_EYE,0.5033539533615112,0.10900673270225525,0.04409101977944374,0.9999443292617798,CapturedFrames_1.0_0.5_-3.0/video.mp4#frame=77
77,LEFT_EYE_OUTER,0.5019400715827942,0.1091902107000351,0.04411272704601288,0.999944806098938,CapturedFrames_1.0_0.5_-3.0/video.mp4#frame=77
77,RIGHT_EYE_INNER,0.5090388059616089,0.10874618589878082,0.0427434965968132,0.9999265670776367,CapturedFrames_1.0_0.5_-3.0/video.mp4#frame=77
77,RIGHT_EYE,0.5103198289871216,0.1085367500782013,0.042756788432598114,0.9999294281005859,CapturedFrames_1.0_0.5_-3.0/video.mp4#frame=77
77,RIGHT_EYE_OUTER,0.5116692185401917,0.1083349883556366,0.04274803400039673,0.9999219179153442,CapturedFrames_1.0_0.5_-3.0/video.mp4#frame=77
77,LEFT_EAR,0.4995129108428955,0.11351005733013153,0.0003355024673510343,0.999957799911499,CapturedFrames_1.0_0.5_-3.0/video.mp4#frame=77
77,RIGHT_EAR,0.5123497247695923,0.11182788014411926,-0.005981899332255125,0.9999402761459351,CapturedFrames_1.0_0.5_-3.0/video.mp4#frame=77
77,MOUTH_LEFT,0.5063444972038269,0.12269393354654312,0.04177127033472061,0.9999228715896606,CapturedFrames_1.0_0.5_-3.0/video.mp4#frame=77
77,MOUTH_RIGHT,0.5103171467781067,0.12227420508861542,0.0400436706840992,0.9998862743377686,CapturedFrames_1.0_0.5_-3.0/video.mp4#frame=77
77,LEFT_SHOULDER,0.4838658273220062,0.16979703307151794,0.0014398089842870831,0.9999630451202393,CapturedFrames_1.0_0.5_-3.0/video.mp4#frame=77
77,RIGHT_SHOULDER,0.5259895324707031,0.16530129313468933,-0.03821391612291336,0.999945878982544,CapturedFrames_1.0_0.5_-3.0/video.mp4#frame=77
77,LEFT_ELBOW,0.48183590173721313,0.23405741155147552,-0.00457508722320199,0.9329232573509216,CapturedFrames_1.0_0.5_-3.0/video.mp4#frame=77
77,RIGHT_ELBOW,0.533789336681366,0.2286790907382965,-0.040246739983558655,0.9714303612709045,CapturedFrames_1.0_0.5_-3.0/video.mp4#frame=77
77,LEFT_WRIST,0.48068493604660034,0.29343703389167786,-0.00284318788908422,0.8984798789024353,CapturedFrames_1.0_0.5_-3.0/video.mp4#frame=77
77,RIGHT_WRIST,0.5427743196487427,0.28666603565216064,-0.02347954362630844,0.9156571626663208,CapturedFrames_1.0_0.5_-3.0/video.mp4#frame=77
77,LEFT_PINKY,0.48042136430740356,0.3079768121242523,-0.00012805841106455773,0.8209705948829651,CapturedFrames_1.0_0.5_-3.0/video.mp4#frame=77
77,RIGHT_PINKY,0.5431665182113647,0.30223336815834045,-0.024038689211010933,0.878771185874939,CapturedFrames_1.0_0.5_-3.0/video.mp4#frame=77
77,LEFT_INDEX,0.48195186257362366,0.3066204786300659,-0.0031123158987611532,0.8111336827278137,CapturedFrames_1.0_0.5_-3.0/video.mp4#frame=77
77,RIGHT_INDEX,0.5406600832939148,0.303311824798584,-0.022121116518974304,0.8726717829704285,CapturedFrames_1.0_0.5_-3.0/video.mp4#frame=77
77,LEFT_THUMB,0.4836795926094055,0.30190297961235046,-0.003263605060055852,0.7420060038566589,CapturedFrames_1.0_0.5_-3.0/video.mp4#frame=77
77,RIGHT_THUMB,0.539379358291626,0.2987440526485443,-0.022162271663546562,0.8243511319160461,CapturedFrames_1.0_0.5_-3.0/video.mp4#frame=77
77,LEFT_HIP,0.49525126814842224,0.27969202399253845,0.024740247055888176,0.9999715089797974,CapturedFrames_1.0_0.5_-3.0/video.mp4#frame=77
77,RIGHT_HIP,0.517600417137146,0.275958389043808,-0.02493726834654808,0.9999136924743652,CapturedFrames_1.0_0.5_-3.0/video.mp4#frame=77
77,LEFT_KNEE,0.49672383069992065,0.35853326320648193,0.05737629532814026,0.9804635643959045,CapturedFrames_1.0_0.5_-3.0/video.mp4#frame=77
77,RIGHT_KNEE,0.5302702784538269,0.3492937982082367,0.01184108480811119,0.9927762746810913,CapturedFrames_1.0_0.5_-3.0/video.mp4#frame=77
77,LEFT_ANKLE,0.4942724108695984,0.44135311245918274,0.0052327499724924564,0.9931513071060181,CapturedFrames_1.0_0.5_-3.0/video.mp4#frame=77
77,RIGHT_ANKLE,0.5208747982978821,0.41458189487457275,-0.03566895052790642,0.9966897964477539,CapturedFrames_1.0_0.5_-3.0/video.mp4#frame=77
77,LEFT_HEEL,0.49434590339660645,0.45231515169143677,-0.0010418867459520698,0.9942383766174316,CapturedFrames_1.0_0.5_-3.0/video.mp4#frame=77
77,RIGHT_HEEL,0.514542281627655,0.42224961519241333,-0.039784565567970276,0.9933871626853943,CapturedFrames_1.0_0.5_-3.0/video.mp4#frame=77
77,LEFT_FOOT_INDEX,0.4986286759376526,0.4545722007751465,-0.02587910369038582,0.9825199842453003,CapturedFrames_1.0_0.5_-3.0/video.mp4#frame=77
77,RIGHT_FOOT_INDEX,0.5283072590827942,0.452711284160614,-0.054006289690732956,0.9919593930244446,CapturedFrames_1.0_0.5_-3.0/video.mp4#frame=77
78,NOSE,0.5131210684776306,0.11701440066099167,0.051287878304719925,0.9998553991317749,CapturedFrames_1.0_0.5_-3.0/video.mp4#frame=78
78,LEFT_EYE_INNER,0.5099114775657654,0.1102716475725174,0.04127029702067375,0.9998440742492676,CapturedFrames_1.0_0.5_-3.0/video.mp4#frame=78
78,LEFT_EYE,0.5084744691848755,0.11009584367275238,0.041263166815042496,0.9998748302459717,CapturedFrames_1.0_0.5_-3.0/video.mp4#frame=78
78,LEFT_EYE_OUTER,0.5070702433586121,0.1100442111492157,0.04128190875053406,0.9998738765716553,CapturedFrames_1.0_0.5_-3.0/video.mp4#frame=78
78,RIGHT_EYE_INNER,0.5138890743255615,0.11013749241828918,0.03827621415257454,0.9998524188995361,CapturedFrames_1.0_0.5_-3.0/video.mp4#frame=78
78,RIGHT_EYE,0.5149745941162109,0.10984634608030319,0.038295160979032516,0.9998596906661987,CapturedFrames_1.0_0.5_-3.0/video.mp4#frame=78
78,RIGHT_EYE_OUTER,0.5159503221511841,0.10956895351409912,0.03828851133584976,0.9998348951339722,CapturedFrames_1.0_0.5_-3.0/video.mp4#frame=78
78,LEFT_EAR,0.5041881799697876,0.11393105983734131,0.0034582174848765135,0.9998928308486938,CapturedFrames_1.0_0.5_-3.0/video.mp4#frame=78
78,RIGHT_EAR,0.5159218907356262,0.11322323232889175,-0.010084481909871101,0.9998533725738525,CapturedFrames_1.0_0.5_-3.0/video.mp4#frame=78
78,MOUTH_LEFT,0.5113324522972107,0.12377989292144775,0.040461160242557526,0.9998229146003723,CapturedFrames_1.0_0.5_-3.0/video.mp4#frame=78
78,MOUTH_RIGHT,0.5146812796592712,0.12367944419384003,0.03658582642674446,0.9997678399085999,CapturedFrames_1.0_0.5_-3.0/video.mp4#frame=78
78,LEFT_SHOULDER,0.4867178797721863,0.16808098554611206,0.006246927659958601,0.9999338388442993,CapturedFrames_1.0_0.5_-3.0/video.mp4#frame=78
78,RIGHT_SHOULDER,0.5273416638374329,0.1635621339082718,-0.04088374599814415,0.9999412298202515,CapturedFrames_1.0_0.5_-3.0/video.mp4#frame=78
78,LEFT_ELBOW,0.48405560851097107,0.23366817831993103,0.0050767455250024796,0.8558399677276611,CapturedFrames_1.0_0.5_-3.0/video.mp4#frame=78
78,RIGHT_ELBOW,0.5327067375183105,0.22673210501670837,-0.04523713141679764,0.9789141416549683,CapturedFrames_1.0_0.5_-3.0/video.mp4#frame=78
78,LEFT_WRIST,0.4864565432071686,0.28445935249328613,0.005495813209563494,0.7090169787406921,CapturedFrames_1.0_0.5_-3.0/video.mp4#frame=78
78,RIGHT_WRIST,0.5449095964431763,0.2870802879333496,-0.03893814980983734,0.928168535232544,CapturedFrames_1.0_0.5_-3.0/video.mp4#frame=78
78,LEFT_PINKY,0.4855961203575134,0.3012374937534332,0.00795736350119114,0.6158797740936279,CapturedFrames_1.0_0.5_-3.0/video.mp4#frame=78
78,RIGHT_PINKY,0.545640230178833,0.3003232181072235,-0.04145431891083717,0.8990375995635986,CapturedFrames_1.0_0.5_-3.0/video.mp4#frame=78
78,LEFT_INDEX,0.4881417155265808,0.299392431974411,0.0027228165417909622,0.598198413848877,CapturedFrames_1.0_0.5_-3.0/video.mp4#frame=78
78,RIGHT_INDEX,0.5430333614349365,0.30072689056396484,-0.03936108574271202,0.8987122774124146,CapturedFrames_1.0_0.5_-3.0/video.mp4#frame=78
78,LEFT_THUMB,0.4895605444908142,0.29271799325942993,0.00421172147616744,0.526695728302002,CapturedFrames_1.0_0.5_-3.0/video.mp4#frame=78
78,RIGHT_THUMB,0.5419727563858032,0.2973741292953491,-0.03733591362833977,0.8564289212226868,CapturedFrames_1.0_0.5_-3.0/video.mp4#frame=78
78,LEFT_HIP,0.4989030361175537,0.2765425741672516,0.024085016921162605,0.9999330043792725,CapturedFrames_1.0_0.5_-3.0/video.mp4#frame=78
78,RIGHT_HIP,0.5216946601867676,0.27374356985092163,-0.02425222657620907,0.9998655319213867,CapturedFrames_1.0_0.5_-3.0/video.mp4#frame=78
78,LEFT_KNEE,0.49873781204223633,0.3528892993927002,0.044883567839860916,0.96839439868927,CapturedFrames_1.0_0.5_-3.0/video.mp4#frame=78
78,RIGHT_KNEE,0.5317323207855225,0.3447587490081787,0.010539796203374863,0.9856756925582886,CapturedFrames_1.0_0.5_-3.0/video.mp4#frame=78
78,LEFT_ANKLE,0.49551305174827576,0.4396098554134369,0.004972139839082956,0.9821125268936157,CapturedFrames_1.0_0.5_-3.0/video.mp4#frame=78
78,RIGHT_ANKLE,0.5242574214935303,0.4180285930633545,-0.029451116919517517,0.9917850494384766,CapturedFrames_1.0_0.5_-3.0/video.mp4#frame=78
78,LEFT_HEEL,0.495771586894989,0.4516112804412842,0.0003133802383672446,0.985184907913208,CapturedFrames_1.0_0.5_-3.0/video.mp4#frame=78
78,RIGHT_HEEL,0.5200718641281128,0.42343151569366455,-0.03245413675904274,0.9886077046394348,CapturedFrames_1.0_0.5_-3.0/video.mp4#frame=78
78,LEFT_FOOT_INDEX,0.499134361743927,0.45369958877563477,-0.021876059472560883,0.9541897177696228,CapturedFrames_1.0_0.5_-3.0/video.mp4#frame=78
78,RIGHT_FOOT_INDEX,0.5286912322044373,0.4481205940246582,-0.0447811521589756,0.9824894666671753,CapturedFrames_1.0_0.5_-3.0/video.mp4#frame=78
79,NOSE,0.5159763693809509,0.11844901740550995,0.055413056164979935,0.999824583530426,CapturedFrames_1.0_0.5_-3.0/video.mp4#frame=79
79,LEFT_EYE_INNER,0.51275634765625,0.11133448034524918,0.04622248187661171,0.9998458623886108,CapturedFrames_1.0_0.5_-3.0/video.mp4#frame=79
79,LEFT_EYE,0.5112692713737488,0.11111824214458466,0.04622017219662666,0.9998664855957031,CapturedFrames_1.0_0.5_-3.0/video.mp4#frame=79
79,LEFT_EYE_OUTER,0.5099506378173828,0.1110510379076004,0.04622683301568031,0.999866247177124,CapturedFrames_1.0_0.5_-3.0/video.mp4#frame=79
79,RIGHT_EYE_INNER,0.5163694620132446,0.11153388768434525,0.04230238124728203,0.9998544454574585,CapturedFrames_1.0_0.5_-3.0/video.mp4#frame=79
79,RIGHT_EYE,0.5174917578697205,0.11143039166927338,0.04232104867696762,0.9998544454574585,CapturedFrames_1.0_0.5_-3.0/video.mp4#frame=79
79,RIGHT_EYE_OUTER,0.5185813307762146,0.11134933680295944,0.0423014797270298,0.9998449087142944,CapturedFrames_1.0_0.5_-3.0/video.mp4#frame=79
79,LEFT_EAR,0.5070365071296692,0.11509355902671814,0.012122763320803642,0.9998794794082642,CapturedFrames_1.0_0.5_-3.0/video.mp4#frame=79
79,RIGHT_EAR,0.5183132886886597,0.11509238183498383,-0.005253149662166834,0.9998592138290405,CapturedFrames_1.0_0.5_-3.0/video.mp4#frame=79
79,MOUTH_LEFT,0.5142114758491516,0.1252778172492981,0.0458543635904789,0.9997532963752747,CapturedFrames_1.0_0.5_-3.0/video.mp4#frame=79
79,MOUTH_RIGHT,0.5173807144165039,0.1257091760635376,0.04081111028790474,0.9997333884239197,CapturedFrames_1.0_0.5_-3.0/video.mp4#frame=79
79,LEFT_SHOULDER,0.4899043142795563,0.1683271825313568,0.01599949225783348,0.9997695088386536,CapturedFrames_1.0_0.5_-3.0/video.mp4#frame=79
79,RIGHT_SHOULDER,0.5285311341285706,0.16422709822654724,-0.04046178609132767,0.9998941421508789,CapturedFrames_1.0_0.5_-3.0/video.mp4#frame=79
79,LEFT_ELBOW,0.48725825548171997,0.23335781693458557,0.017305001616477966,0.695869505405426,CapturedFrames_1.0_0.5_-3.0/video.mp4#frame=79
79,RIGHT_ELBOW,0.5332773923873901,0.22526200115680695,-0.04268626123666763,0.9798390865325928,CapturedFrames_1.0_0.5_-3.0/video.mp4#frame=79
79,LEFT_WRIST,0.4954593777656555,0.2719973623752594,0.01924692466855049,0.18421673774719238,CapturedFrames_1.0_0.5_-3.0/video.mp4#frame=79
79,RIGHT_WRIST,0.5436139106750488,0.2836189866065979,-0.026370322331786156,0.8173011541366577,CapturedFrames_1.0_0.5_-3.0/video.mp4#frame=79
79,LEFT_PINKY,0.49686533212661743,0.2843480706214905,0.02249535359442234,0.14757372438907623,CapturedFrames_1.0_0.5_-3.0/video.mp4#frame=79
79,RIGHT_PINKY,0.5434260964393616,0.2982597053050995,-0.027001380920410156,0.7432861924171448,CapturedFrames_1.0_0.5_-3.0/video.mp4#frame=79
79,LEFT_INDEX,0.4991087019443512,0.2805408239364624,0.01718483492732048,0.13902610540390015,CapturedFrames_1.0_0.5_-3.0/video.mp4#frame=79
79,RIGHT_INDEX,0.5413506627082825,0.2979710102081299,-0.025089513510465622,0.7440827488899231,CapturedFrames_1.0_0.5_-3.0/video.mp4#frame=79
79,LEFT_THUMB,0.4992770552635193,0.2765887677669525,0.01736205816268921,0.12761838734149933,CapturedFrames_1.0_0.5_-3.0/video.mp4#frame=79
79,RIGHT_THUMB,0.5406219959259033,0.29323652386665344,-0.024558844044804573,0.6781116724014282,CapturedFrames_1.0_0.5_-3.0/video.mp4#frame=79
79,LEFT_HIP,0.49959421157836914,0.27334415912628174,0.02545333467423916,0.9997594952583313,CapturedFrames_1.0_0.5_-3.0/video.mp4#frame=79
79,RIGHT_HIP,0.522371768951416,0.2730845510959625,-0.025558527559041977,0.9996157884597778,CapturedFrames_1.0_0.5_-3.0/video.mp4#frame=79
79,LEFT_KNEE,0.49801120162010193,0.3507228195667267,0.028981078416109085,0.9509695768356323,CapturedFrames_1.0_0.5_-3.0/video.mp4#frame=79
79,RIGHT_KNEE,0.5339586734771729,0.3416951298713684,-2.4409637262579054e-05,0.9831377267837524,CapturedFrames_1.0_0.5_-3.0/video.mp4#frame=79
79,LEFT_ANKLE,0.4964936375617981,0.4374186098575592,0.010031793266534805,0.9485381841659546,CapturedFrames_1.0_0.5_-3.0/video.mp4#frame=79
79,RIGHT_ANKLE,0.527484118938446,0.41806429624557495,-0.019323935732245445,0.9791405200958252,CapturedFrames_1.0_0.5_-3.0/video.mp4#frame=79
79,LEFT_HEEL,0.4960690140724182,0.45041242241859436,0.007514971308410168,0.9595372676849365,CapturedFrames_1.0_0.5_-3.0/video.mp4#frame=79
79,RIGHT_HEEL,0.5205563902854919,0.4288967549800873,-0.02028215304017067,0.9759473204612732,CapturedFrames_1.0_0.5_-3.0/video.mp4#frame=79
79,LEFT_FOOT_INDEX,0.499239981174469,0.4504906237125397,-0.01033036969602108,0.8523190021514893,CapturedFrames_1.0_0.5_-3.0/video.mp4#frame=79
79,RIGHT_FOOT_INDEX,0.5335977077484131,0.43959474563598633,-0.029559914022684097,0.9448282122612,CapturedFrames_1.0_0.5_-3.0/video.mp4#frame=79
80,NOSE,0.5190950632095337,0.12006685137748718,0.0640321895480156,0.9998812675476074,CapturedFrames_1.0_0.5_-3.0/video.mp4#frame=80
80,LEFT_EYE_INNER,0.5162456035614014,0.11347077786922455,0.05393362045288086,0.9998887777328491,CapturedFrames_1.0_0.5_-3.0/video.mp4#frame=80
80,LEFT_EYE,0.5147636532783508,0.11321382224559784,0.05392796918749809,0.9999082088470459,CapturedFrames_1.0_0.5_-3.0/video.mp4#frame=80
80,LEFT_EYE_OUTER,0.5133541226387024,0.11299546808004379,0.053926266729831696,0.9999117851257324,CapturedFrames_1.0_0.5_-3.0/video.mp4#frame=80
80,RIGHT_EYE_INNER,0.5196506381034851,0.11375816911458969,0.05004626512527466,0.9998949766159058,CapturedFrames_1.0_0.5_-3.0/video.mp4#frame=80
80,RIGHT_EYE,0.5207070708274841,0.11371098458766937,0.05007476359605789,0.9998953342437744,CapturedFrames_1.0_0.5_-3.0/video.mp4#frame=80
80,RIGHT_EYE_OUTER,0.5216398239135742,0.1136384829878807,0.05006089061498642,0.9998842477798462,CapturedFrames_1.0_0.5_-3.0/video.mp4#frame=80
80,LEFT_EAR,0.5099057555198669,0.11627742648124695,0.017289524897933006,0.9999145269393921,CapturedFrames_1.0_0.5_-3.0/video.mp4#frame=80
80,RIGHT_EAR,0.5212709307670593,0.11706872284412384,-4.642018211598042e-06,0.9998847246170044,CapturedFrames_1.0_0.5_-3.0/video.mp4#frame=80
80,MOUTH_LEFT,0.5170544385910034,0.1263374537229538,0.0537896528840065,0.9998332262039185,CapturedFrames_1.0_0.5_-3.0/video.mp4#frame=80
80,MOUTH_RIGHT,0.5202987194061279,0.12669529020786285,0.048723768442869186,0.9998075366020203,CapturedFrames_1.0_0.5_-3.0/video.mp4#frame=80
80,LEFT_SHOULDER,0.49203768372535706,0.16904619336128235,0.015786640346050262,0.9997720122337341,CapturedFrames_1.0_0.5_-3.0/video.mp4#frame=80
80,RIGHT_SHOULDER,0.5296852588653564,0.16342602670192719,-0.0352669283747673,0.9998780488967896,CapturedFrames_1.0_0.5_-3.0/video.mp4#frame=80
80,LEFT_ELBOW,0.48996296525001526,0.23374581336975098,0.024054257199168205,0.7458760142326355,CapturedFrames_1.0_0.5_-3.0/video.mp4#frame=80
80,RIGHT_ELBOW,0.533277153968811,0.2251291275024414,-0.036611802875995636,0.9822103977203369,CapturedFrames_1.0_0.5_-3.0/video.mp4#frame=80
80,LEFT_WRIST,0.5019185543060303,0.25924253463745117,0.033649295568466187,0.09505118429660797,CapturedFrames_1.0_0.5_-3.0/video.mp4#frame=80
80,RIGHT_WRIST,0.5420859456062317,0.2809225022792816,-0.021332310512661934,0.7714858651161194,CapturedFrames_1.0_0.5_-3.0/video.mp4#frame=80
80,LEFT_PINKY,0.5034960508346558,0.2688986361026764,0.03844024986028671,0.07968960702419281,CapturedFrames_1.0_0.5_-3.0/video.mp4#frame=80
80,RIGHT_PINKY,0.542121171951294,0.29633522033691406,-0.020961608737707138,0.6789571046829224,CapturedFrames_1.0_0.5_-3.0/video.mp4#frame=80
80,LEFT_INDEX,0.5059933662414551,0.264995276927948,0.033075544983148575,0.07484674453735352,CapturedFrames_1.0_0.5_-3.0/video.mp4#frame=80
80,RIGHT_INDEX,0.5402485728263855,0.29652106761932373,-0.018850570544600487,0.680609405040741,CapturedFrames_1.0_0.5_-3.0/video.mp4#frame=80
80,LEFT_THUMB,0.5060338973999023,0.26254475116729736,0.03204495459794998,0.07592728734016418,CapturedFrames_1.0_0.5_-3.0/video.mp4#frame=80
80,RIGHT_THUMB,0.5395770072937012,0.29155421257019043,-0.019360041245818138,0.6050544381141663,CapturedFrames_1.0_0.5_-3.0/video.mp4#frame=80
80,LEFT_HIP,0.5027152895927429,0.27534162998199463,0.02253255620598793,0.9998227953910828,CapturedFrames_1.0_0.5_-3.0/video.mp4#frame=80
80,RIGHT_HIP,0.5257958769798279,0.27540040016174316,-0.02261519432067871,0.9996659755706787,CapturedFrames_1.0_0.5_-3.0/video.mp4#frame=80
80,LEFT_KNEE,0.49925193190574646,0.35517454147338867,0.02519368752837181,0.9810259938240051,CapturedFrames_1.0_0.5_-3.0/video.mp4#frame=80
80,RIGHT_KNEE,0.535476803779602,0.3374709188938141,0.012770287692546844,0.988498866558075,CapturedFrames_1.0_0.5_-3.0/video.mp4#frame=80
80,LEFT_ANKLE,0.4976368546485901,0.4405822455883026,0.005037685390561819,0.971964418888092,CapturedFrames_1.0_0.5_-3.0/video.mp4#frame=80
80,RIGHT_ANKLE,0.5332624316215515,0.41691911220550537,-0.00045137348934076726,0.9832488298416138,CapturedFrames_1.0_0.5_-3.0/video.mp4#frame=80
80,LEFT_HEEL,0.49737977981567383,0.45409756898880005,0.002810210455209017,0.9784526228904724,CapturedFrames_1.0_0.5_-3.0/video.mp4#frame=80
80,RIGHT_HEEL,0.5299949645996094,0.4288936257362366,-0.0006227282574400306,0.9831569790840149,CapturedFrames_1.0_0.5_-3.0/video.mp4#frame=80
80,LEFT_FOOT_INDEX,0.4991747736930847,0.44969335198402405,-0.011238202452659607,0.8539292216300964,CapturedFrames_1.0_0.5_-3.0/video.mp4#frame=80
80,RIGHT_FOOT_INDEX,0.5383971929550171,0.43350356817245483,-0.004370655864477158,0.9337472915649414,CapturedFrames_1.0_0.5_-3.0/video.mp4#frame=80
