{
  "L_Shoulder": [
    29.887137915168864,
    3.119990055383361,
    1.8007643900386836,
    3.460319112942793,
    1.5182412918162493,
    -0.1738588747509957
  ],
  "R_Shoulder": [
    42.948819413140505,
    8.732589191511984,
    -0.9258656903715576,
    -0.9569592029887052,
    1.117927687947821,
    -0.687536887905658
  ],
  "L_Elbow": [
    20.458144233332657,
    6.81717199227074,
    -0.5362286295048229,
    6.500502042693539,
    7.124133790754708,
    -0.4607876297893627
  ],
  "R_Elbow": [
    9.067340083425956,
    4.859508345135642,
    1.2222280179718488,
    -8.243136236363037,
    6.717199808155388,
    -0.24916825179154412
  ],
  "L_Hip": [
    36.58425605746952,
    5.207658093586396,
    -1.8734753586838124,
    -12.768544075841206,
    -2.5785789724168726,
    -0.2637454025732868
  ],
  "R_Hip": [
    24.678077296524364,
    -4.143349589805081,
    0.9654103204965827,
    16.104220966980407,
    1.17048489698381,
    0.6328747230745035
  ],
  "L_Knee": [
    21.39028506256823,
    0.17113899249679887,
    -1.1160440136464076,
    1.4974297691612863,
    1.085228246154044,
    0.09033131226405178
  ],
  "R_Knee": [
    14.693354467324841,
    0.39785522873992946,
    0.554481911481915,
    -4.391751470159635,
    -0.4673642157413163,
    0.09945985313266725
  ]
}