frame_id,time_sec,Hips_X,Hips_Y,Hips_Z,LeftUpperLeg_X,LeftUpperLeg_Y,LeftUpperLeg_Z,RightUpperLeg_X,RightUpperLeg_Y,RightUpperLeg_Z,LeftLowerLeg_X,LeftLowerLeg_Y,LeftLowerLeg_Z,RightLowerLeg_X,RightLowerLeg_Y,RightLowerLeg_Z,LeftFoot_X,LeftFoot_Y,LeftFoot_Z,RightFoot_X,RightFoot_Y,RightFoot_Z,Spine_X,Spine_Y,Spine_Z,Chest_X,Chest_Y,Chest_Z,Neck_X,Neck_Y,Neck_Z,Head_X,Head_Y,Head_Z,LeftShoulder_X,LeftShoulder_Y,LeftShoulder_Z,RightShoulder_X,RightShoulder_Y,RightShoulder_Z,LeftUpperArm_X,LeftUpperArm_Y,LeftUpperArm_Z,RightUpperArm_X,RightUpperArm_Y,RightUpperArm_Z,LeftLowerArm_X,LeftLowerArm_Y,LeftLowerArm_Z,RightLowerArm_X,RightLowerArm_Y,RightLowerArm_Z,LeftHand_X,LeftHand_Y,LeftHand_Z,RightHand_X,RightHand_Y,RightHand_Z,LeftToes_X,LeftToes_Y,LeftToes_Z,RightToes_X,RightToes_Y,RightToes_Z,LeftEye_X,LeftEye_Y,LeftEye_Z,RightEye_X,RightEye_Y,RightEye_Z,Jaw_X,Jaw_Y,Jaw_Z,LeftThumbProximal_X,LeftThumbProximal_Y,LeftThumbProximal_Z,LeftThumbIntermediate_X,LeftThumbIntermediate_Y,LeftThumbIntermediate_Z,LeftThumbDistal_X,LeftThumbDistal_Y,LeftThumbDistal_Z,LeftIndexProximal_X,LeftIndexProximal_Y,LeftIndexProximal_Z,LeftIndexIntermediate_X,LeftIndexIntermediate_Y,LeftIndexIntermediate_Z,LeftIndexDistal_X,LeftIndexDistal_Y,LeftIndexDistal_Z,LeftMiddleProximal_X,LeftMiddleProximal_Y,LeftMiddleProximal_Z,LeftMiddleIntermediate_X,LeftMiddleIntermediate_Y,LeftMiddleIntermediate_Z,LeftMiddleDistal_X,LeftMiddleDistal_Y,LeftMiddleDistal_Z,LeftRingProximal_X,LeftRingProximal_Y,LeftRingProximal_Z,LeftRingIntermediate_X,LeftRingIntermediate_Y,LeftRingIntermediate_Z,LeftRingDistal_X,LeftRingDistal_Y,LeftRingDistal_Z,LeftLittleProximal_X,LeftLittleProximal_Y,LeftLittleProximal_Z,LeftLittleIntermediate_X,LeftLittleIntermediate_Y,LeftLittleIntermediate_Z,LeftLittleDistal_X,LeftLittleDistal_Y,LeftLittleDistal_Z,RightThumbProximal_X,RightThumbProximal_Y,RightThumbProximal_Z,RightThumbIntermediate_X,RightThumbIntermediate_Y,RightThumbIntermediate_Z,RightThumbDistal_X,RightThumbDistal_Y,RightThumbDistal_Z,RightIndexProximal_X,RightIndexProximal_Y,RightIndexProximal_Z,RightIndexIntermediate_X,RightIndexIntermediate_Y,RightIndexIntermediate_Z,RightIndexDistal_X,RightIndexDistal_Y,RightIndexDistal_Z,RightMiddleProximal_X,RightMiddleProximal_Y,RightMiddleProximal_Z,RightMiddleIntermediate_X,RightMiddleIntermediate_Y,RightMiddleIntermediate_Z,RightMiddleDistal_X,RightMiddleDistal_Y,RightMiddleDistal_Z,RightRingProximal_X,RightRingProximal_Y,RightRingProximal_Z,RightRingIntermediate_X,RightRingIntermediate_Y,RightRingIntermediate_Z,RightRingDistal_X,RightRingDistal_Y,RightRingDistal_Z,RightLittleProximal_X,RightLittleProximal_Y,RightLittleProximal_Z,RightLittleIntermediate_X,RightLittleIntermediate_Y,RightLittleIntermediate_Z,RightLittleDistal_X,RightLittleDistal_Y,RightLittleDistal_Z,UpperChest_X,UpperChest_Y,UpperChest_Z
0,0.000,-0.094432,0.962583,-3.335228,-0.214124,0.963456,-3.342892,0.025259,0.961710,-3.327564,-0.285490,0.557560,-3.172633,0.027175,0.536110,-3.194546,-0.237536,0.269816,-3.469563,0.027393,0.129595,-3.284039,-0.093701,1.079807,-3.333292,-0.096355,1.293639,-3.317976,-0.086654,1.534077,-3.286444,-0.081627,1.630763,-3.248655,-0.123964,1.483324,-3.288878,-0.053274,1.481197,-3.294369,-0.261364,1.429484,-3.265341,0.080466,1.417482,-3.307566,-0.324940,1.146193,-3.275041,0.143381,1.133319,-3.316336,-0.345146,0.870355,-3.216217,0.167791,0.868305,-3.220773,-0.258492,0.096849,-3.427977,0.046304,0.045238,-3.127156,,,,,,,,,,-0.328046,0.857344,-3.203491,-0.302402,0.810543,-3.203637,-0.292274,0.776727,-3.210047,-0.325977,0.777084,-3.202249,-0.312532,0.745660,-3.216121,-0.298803,0.728840,-3.231529,-0.345186,0.776621,-3.219251,-0.332862,0.746621,-3.241429,-0.321429,0.732077,-3.259945,-0.360825,0.777636,-3.233477,-0.350112,0.749644,-3.255958,-0.339217,0.739881,-3.273653,-0.373167,0.784393,-3.250222,-0.363159,0.761766,-3.271805,-0.352173,0.753086,-3.289706,0.155217,0.859238,-3.201195,0.122586,0.817892,-3.192605,0.109205,0.785151,-3.198632,0.147050,0.780647,-3.186896,0.126066,0.750444,-3.189723,0.104339,0.737616,-3.198230,0.158978,0.775676,-3.209061,0.138281,0.742976,-3.215841,0.116585,0.735002,-3.228130,0.168672,0.772954,-3.227679,0.148959,0.742303,-3.236384,0.129402,0.740885,-3.248320,0.174884,0.776023,-3.248424,0.156310,0.750576,-3.257658,0.137458,0.743511,-3.268215,,,
1,0.033,-0.094432,0.962583,-3.335228,-0.214124,0.963456,-3.342892,0.025259,0.961710,-3.327564,-0.285490,0.557560,-3.172633,0.027175,0.536110,-3.194546,-0.237536,0.269816,-3.469563,0.027393,0.129595,-3.284039,-0.093701,1.079807,-3.333292,-0.096355,1.293639,-3.317976,-0.086654,1.534077,-3.286444,-0.081627,1.630763,-3.248655,-0.123964,1.483324,-3.288878,-0.053274,1.481197,-3.294369,-0.261364,1.429484,-3.265341,0.080466,1.417482,-3.307566,-0.324940,1.146193,-3.275041,0.143381,1.133319,-3.316336,-0.345146,0.870355,-3.216217,0.167791,0.868305,-3.220773,-0.258492,0.096849,-3.427977,0.046304,0.045238,-3.127156,,,,,,,,,,-0.328046,0.857344,-3.203491,-0.302402,0.810543,-3.203637,-0.292274,0.776727,-3.210047,-0.325977,0.777084,-3.202249,-0.312532,0.745660,-3.216121,-0.298803,0.728840,-3.231529,-0.345186,0.776621,-3.219251,-0.332862,0.746621,-3.241429,-0.321429,0.732077,-3.259945,-0.360825,0.777636,-3.233477,-0.350112,0.749644,-3.255958,-0.339217,0.739881,-3.273653,-0.373167,0.784393,-3.250222,-0.363159,0.761766,-3.271805,-0.352173,0.753086,-3.289706,0.155217,0.859238,-3.201195,0.122586,0.817892,-3.192605,0.109205,0.785151,-3.198632,0.147050,0.780647,-3.186896,0.126066,0.750444,-3.189723,0.104339,0.737616,-3.198230,0.158978,0.775676,-3.209061,0.138281,0.742976,-3.215841,0.116585,0.735002,-3.228130,0.168672,0.772954,-3.227679,0.148959,0.742303,-3.236384,0.129402,0.740885,-3.248320,0.174884,0.776023,-3.248424,0.156310,0.750576,-3.257658,0.137458,0.743511,-3.268215,,,
2,0.067,-0.103077,0.977718,-3.279737,-0.222909,0.978280,-3.284780,0.016756,0.977156,-3.274693,-0.285725,0.583137,-3.087932,0.017105,0.538611,-3.194007,-0.247629,0.235451,-3.313600,0.021635,0.131076,-3.278615,-0.102589,1.094950,-3.278274,-0.104126,1.308621,-3.260725,-0.096017,1.548931,-3.227797,-0.092613,1.645593,-3.189768,-0.133031,1.497996,-3.230876,-0.062279,1.496271,-3.235677,-0.270333,1.442790,-3.210099,0.072387,1.434122,-3.246756,-0.331326,1.161106,-3.246483,0.138969,1.150716,-3.241166,-0.361497,0.881148,-3.220634,0.151625,0.894208,-3.122827,-0.272446,0.080199,-3.227769,0.042465,0.046321,-3.122189,,,,,,,,,,-0.344741,0.866045,-3.209921,-0.318611,0.820191,-3.217834,-0.307485,0.788217,-3.229710,-0.341863,0.786980,-3.223629,-0.327955,0.757344,-3.240626,-0.313500,0.742382,-3.257239,-0.360425,0.789640,-3.241140,-0.347465,0.763024,-3.266974,-0.335388,0.751167,-3.286940,-0.375539,0.793246,-3.255513,-0.364589,0.768579,-3.281501,-0.353286,0.761252,-3.300094,-0.387326,0.802974,-3.271159,-0.376954,0.784454,-3.296207,-0.365584,0.779020,-3.315120,0.136817,0.888005,-3.103699,0.103173,0.848020,-3.092871,0.090339,0.814610,-3.095415,0.126595,0.812321,-3.078897,0.106403,0.781453,-3.079066,0.085898,0.766807,-3.087667,0.140980,0.804251,-3.098549,0.121190,0.770538,-3.102471,0.101030,0.760383,-3.115729,0.152748,0.798905,-3.115310,0.134361,0.766816,-3.121314,0.116332,0.763111,-3.135031,0.161338,0.798931,-3.135426,0.144053,0.772038,-3.142898,0.126614,0.763127,-3.154442,,,
3,0.100,-0.108710,0.988690,-3.236733,-0.228593,0.989629,-3.240307,0.011173,0.987751,-3.233159,-0.282699,0.597721,-3.034605,0.008996,0.542865,-3.203093,-0.249658,0.202900,-3.162230,0.015446,0.136603,-3.293499,-0.107880,1.105892,-3.233802,-0.108971,1.319465,-3.215065,-0.104945,1.559975,-3.182852,-0.103954,1.656778,-3.145041,-0.141184,1.508542,-3.186749,-0.070311,1.507742,-3.189601,-0.278864,1.452371,-3.171901,0.065648,1.447767,-3.195799,-0.336766,1.174450,-3.233522,0.141122,1.167393,-3.173947,-0.369691,0.893627,-3.230441,0.145415,0.921200,-3.034910,-0.278094,0.076385,-3.038652,0.036645,0.052696,-3.136666,,,,,,,,,,-0.353272,0.878337,-3.219476,-0.324081,0.834638,-3.228770,-0.309906,0.804453,-3.242002,-0.344850,0.801127,-3.239854,-0.327880,0.773417,-3.257314,-0.311073,0.760327,-3.273282,-0.361738,0.804605,-3.258852,-0.345116,0.780719,-3.285251,-0.330614,0.771013,-3.304760,-0.375555,0.808881,-3.274306,-0.361192,0.786767,-3.300923,-0.347898,0.781345,-3.318839,-0.386268,0.819513,-3.290135,-0.372782,0.803700,-3.315552,-0.359477,0.800413,-3.333681,0.129092,0.915194,-3.016991,0.094954,0.875101,-3.008324,0.082499,0.841579,-3.011250,0.117379,0.839858,-2.991791,0.097349,0.808920,-2.993263,0.077699,0.794080,-3.003392,0.133432,0.831581,-3.010014,0.114073,0.797782,-3.015157,0.095130,0.787429,-3.029966,0.146613,0.826055,-3.025626,0.128893,0.793795,-3.032640,0.112092,0.789812,-3.047767,0.156869,0.825812,-3.044943,0.140339,0.798731,-3.053379,0.123942,0.789578,-3.066192,,,
4,0.133,-0.112930,0.991313,-3.184214,-0.232833,0.991470,-3.187193,0.006973,0.991156,-3.181235,-0.274414,0.592121,-2.993225,0.007406,0.545297,-3.187741,-0.251522,0.176502,-2.993819,0.011846,0.142210,-3.291495,-0.112884,1.108476,-3.179910,-0.112599,1.321962,-3.160186,-0.112953,1.562588,-3.128595,-0.114188,1.659555,-3.091212,-0.148333,1.510651,-3.133559,-0.077400,1.510819,-3.134005,-0.286074,1.453290,-3.125280,0.060184,1.454329,-3.134052,-0.336954,1.180449,-3.211061,0.147202,1.179246,-3.094799,-0.369529,0.900268,-3.230881,0.138271,0.947761,-2.932640,-0.284815,0.087550,-2.841947,0.034121,0.058665,-3.134618,,,,,,,,,,-0.353686,0.884866,-3.219244,-0.321954,0.842893,-3.228149,-0.305247,0.814136,-3.241606,-0.340121,0.809484,-3.243349,-0.320457,0.783508,-3.260646,-0.301656,0.772019,-3.275591,-0.355141,0.813614,-3.263736,-0.334977,0.792038,-3.289652,-0.318191,0.784094,-3.308097,-0.367496,0.818413,-3.280237,-0.349660,0.798557,-3.306532,-0.334429,0.794750,-3.323284,-0.376988,0.829682,-3.296402,-0.360335,0.816002,-3.321171,-0.345120,0.814342,-3.337971,0.120175,0.942022,-2.916416,0.085942,0.901565,-2.910147,0.073939,0.867872,-2.912986,0.106978,0.867335,-2.890046,0.087279,0.836318,-2.893280,0.068978,0.821223,-2.905370,0.125069,0.858785,-2.906106,0.106608,0.824719,-2.912605,0.089532,0.813883,-2.929227,0.139974,0.853013,-2.919981,0.123216,0.820501,-2.928106,0.108202,0.816077,-2.944897,0.152295,0.852341,-2.938040,0.136690,0.824996,-2.947343,0.121707,0.815451,-2.961526,,,
5,0.167,-0.116179,0.985250,-3.134660,-0.236051,0.981864,-3.136872,0.003693,0.988636,-3.132447,-0.269009,0.587569,-2.931256,0.013613,0.543417,-3.155131,-0.263465,0.183092,-2.833121,0.014720,0.149619,-3.289983,-0.119582,1.102326,-3.129439,-0.116490,1.315785,-3.109652,-0.122105,1.556455,-3.078906,-0.125138,1.653576,-3.042031,-0.156390,1.503910,-3.085031,-0.085503,1.505283,-3.082794,-0.293696,1.444972,-3.082860,0.053460,1.452743,-3.075786,-0.333532,1.177689,-3.189456,0.152625,1.185608,-3.015879,-0.362345,0.899484,-3.231014,0.134449,0.968322,-2.835832,-0.299609,0.133589,-2.664809,0.036987,0.063475,-3.134517,,,,,,,,,,-0.347536,0.883840,-3.218383,-0.314058,0.842904,-3.225559,-0.295203,0.815104,-3.238159,-0.329661,0.809924,-3.244162,-0.307717,0.785067,-3.260323,-0.287173,0.774566,-3.273607,-0.342427,0.814736,-3.265891,-0.319094,0.794705,-3.290347,-0.300225,0.787891,-3.307158,-0.352990,0.820081,-3.283436,-0.331928,0.801799,-3.308455,-0.314868,0.799045,-3.323571,-0.360894,0.831924,-3.300039,-0.341266,0.819712,-3.323354,-0.324236,0.819107,-3.338392,0.114723,0.963207,-2.821398,0.080667,0.922432,-2.816339,0.068740,0.888630,-2.817922,0.099841,0.890073,-2.791773,0.080778,0.858753,-2.795794,0.064128,0.842896,-2.809222,0.119777,0.880944,-2.805095,0.102561,0.846249,-2.811688,0.087656,0.834200,-2.829520,0.136255,0.874649,-2.816794,0.120696,0.841548,-2.824924,0.107719,0.836038,-2.843040,0.150558,0.873114,-2.833270,0.135996,0.845176,-2.842503,0.122608,0.834717,-2.857608,,,
6,0.200,-0.119146,0.973478,-3.079296,-0.238887,0.966609,-3.079928,0.000596,0.980347,-3.078663,-0.266513,0.586080,-2.849131,0.019954,0.536901,-3.121252,-0.284481,0.200628,-2.693031,0.017908,0.155136,-3.287128,-0.125882,1.090385,-3.073557,-0.121425,1.303923,-3.054921,-0.131585,1.544633,-3.025692,-0.135880,1.641892,-2.989310,-0.164875,1.491544,-3.032565,-0.094118,1.494004,-3.028183,-0.301881,1.431943,-3.035470,0.045060,1.443468,-3.014185,-0.330737,1.170244,-3.158233,0.152897,1.185929,-2.931547,-0.355869,0.895436,-3.219908,0.126692,0.980970,-2.738504,-0.322512,0.191882,-2.518208,0.040419,0.065596,-3.133629,,,,,,,,,,-0.342195,0.879229,-3.206718,-0.307577,0.839056,-3.212700,-0.287172,0.812184,-3.224894,-0.320737,0.807051,-3.234602,-0.296556,0.783942,-3.250155,-0.274498,0.774918,-3.262021,-0.331300,0.812977,-3.257221,-0.305137,0.795025,-3.280393,-0.284511,0.789675,-3.295593,-0.340103,0.819216,-3.275429,-0.316073,0.803124,-3.299249,-0.297475,0.801756,-3.312641,-0.346451,0.831913,-3.292069,-0.324333,0.821477,-3.313975,-0.305870,0.822054,-3.327214,0.105803,0.976676,-2.725512,0.072235,0.935601,-2.719678,0.060706,0.901632,-2.718953,0.089653,0.906268,-2.690448,0.071516,0.874293,-2.693491,0.056484,0.856952,-2.706991,0.110929,0.896497,-2.700943,0.095093,0.860872,-2.705812,0.082190,0.846847,-2.723759,0.128554,0.889602,-2.710420,0.114338,0.855549,-2.716915,0.103220,0.848140,-2.735582,0.144369,0.886929,-2.725291,0.131031,0.857949,-2.733041,0.119190,0.845832,-2.748198,,,
7,0.233,-0.122995,0.958294,-3.020353,-0.242644,0.950088,-3.018842,-0.003345,0.966500,-3.021864,-0.266909,0.589979,-2.756992,0.021047,0.526472,-3.089783,-0.296666,0.214162,-2.580527,0.016977,0.158736,-3.284764,-0.130926,1.075098,-3.014058,-0.127523,1.288753,-2.996576,-0.139659,1.529534,-2.968719,-0.144615,1.626950,-2.932844,-0.172499,1.476207,-2.975904,-0.101845,1.479126,-2.970310,-0.309561,1.417082,-2.982953,0.036732,1.428818,-2.950669,-0.330622,1.159370,-3.115357,0.149577,1.180557,-2.848610,-0.354664,0.888867,-3.194130,0.119376,0.984271,-2.647313,-0.334481,0.239477,-2.407278,0.040738,0.067429,-3.132499,,,,,,,,,,-0.341735,0.871993,-3.181025,-0.306532,0.832336,-3.187033,-0.285065,0.806203,-3.199006,-0.318065,0.801564,-3.211472,-0.291722,0.781647,-3.227902,-0.268600,0.775230,-3.239435,-0.327224,0.808712,-3.234348,-0.298852,0.793870,-3.257118,-0.277090,0.790674,-3.271307,-0.334906,0.815932,-3.252701,-0.308444,0.802934,-3.275822,-0.288868,0.803474,-3.287804,-0.340281,0.829519,-3.268976,-0.316409,0.820970,-3.289832,-0.297059,0.822752,-3.301619,0.097909,0.980188,-2.635225,0.065555,0.938379,-2.627934,0.055656,0.904006,-2.625123,0.082224,0.912236,-2.595423,0.065454,0.879420,-2.596981,0.051913,0.860496,-2.609922,0.104433,0.902530,-2.603837,0.090307,0.865974,-2.606614,0.079071,0.850039,-2.624082,0.122836,0.895619,-2.611687,0.110280,0.860613,-2.616244,0.100602,0.851326,-2.634873,0.139605,0.892405,-2.625356,0.127739,0.862380,-2.631314,0.117225,0.848584,-2.646008,,,
8,0.267,-0.127914,0.944435,-2.958993,-0.247549,0.936474,-2.955857,-0.008280,0.952397,-2.962130,-0.271456,0.579189,-2.690134,0.016713,0.517724,-3.058396,-0.294569,0.203116,-2.513221,0.014445,0.164421,-3.278477,-0.135520,1.061253,-2.952560,-0.134220,1.274936,-2.935130,-0.147406,1.515642,-2.907101,-0.153307,1.613086,-2.871446,-0.179983,1.462269,-2.915099,-0.109473,1.465306,-2.907961,-0.316568,1.402710,-2.926438,0.028633,1.415761,-2.883623,-0.331238,1.145782,-3.061208,0.143155,1.173150,-2.770449,-0.354773,0.879289,-3.152766,0.114688,0.980156,-2.565745,-0.327406,0.224208,-2.338399,0.038749,0.067050,-3.130105,,,,,,,,,,-0.341985,0.861795,-3.140354,-0.306433,0.822706,-3.147840,-0.284626,0.797394,-3.160913,-0.317321,0.793248,-3.174125,-0.290217,0.775449,-3.191710,-0.266812,0.770641,-3.203452,-0.326098,0.801580,-3.196748,-0.296932,0.788900,-3.219819,-0.274823,0.787128,-3.233716,-0.333484,0.809747,-3.214824,-0.306166,0.798823,-3.238021,-0.286314,0.800535,-3.249427,-0.338641,0.824171,-3.230436,-0.314144,0.816991,-3.251083,-0.294513,0.819572,-3.262240,0.092967,0.976286,-2.554048,0.061591,0.934129,-2.544757,0.052884,0.899673,-2.539822,0.077937,0.910874,-2.509969,0.062137,0.877543,-2.509735,0.049556,0.857378,-2.521736,0.100671,0.901278,-2.516993,0.087741,0.864182,-2.517517,0.077553,0.846693,-2.534120,0.119505,0.894394,-2.523768,0.108076,0.858799,-2.526254,0.099272,0.847975,-2.544483,0.136791,0.890734,-2.536660,0.125949,0.860020,-2.540775,0.116290,0.844906,-2.554741,,,
9,0.300,-0.133844,0.932178,-2.894908,-0.253596,0.926216,-2.891812,-0.014093,0.938139,-2.898004,-0.275088,0.560471,-2.637645,0.007126,0.511214,-3.024958,-0.288124,0.177251,-2.475668,0.011606,0.172393,-3.266710,-0.139557,1.049199,-2.890554,-0.140738,1.263054,-2.875369,-0.155956,1.503859,-2.849290,-0.163732,1.601531,-2.814632,-0.188013,1.450269,-2.857911,-0.117764,1.453716,-2.848698,-0.323470,1.388761,-2.872041,0.020156,1.406079,-2.819902,-0.335278,1.129113,-3.001784,0.135210,1.164498,-2.705078,-0.358950,0.863389,-3.095517,0.114405,0.968205,-2.502602,-0.311793,0.160783,-2.298879,0.036878,0.062783,-3.127307,,,,,,,,,,-0.346100,0.845144,-3.084310,-0.311775,0.805625,-3.094710,-0.291234,0.780482,-3.109975,-0.324349,0.777477,-3.121669,-0.298369,0.759935,-3.141109,-0.275575,0.755186,-3.154020,-0.333800,0.786890,-3.143586,-0.305826,0.774428,-3.168201,-0.284296,0.772677,-3.182983,-0.341689,0.795926,-3.161025,-0.315504,0.785346,-3.185645,-0.296057,0.787075,-3.197726,-0.347111,0.811066,-3.175848,-0.323482,0.804057,-3.197540,-0.304169,0.806557,-3.209255,0.092729,0.964439,-2.490788,0.062233,0.922114,-2.479534,0.054677,0.887656,-2.472986,0.078946,0.900944,-2.443607,0.064034,0.867295,-2.441164,0.051948,0.846083,-2.451791,0.101909,0.891513,-2.450092,0.089942,0.854128,-2.448429,0.080215,0.835434,-2.463960,0.120912,0.884718,-2.456472,0.110492,0.848730,-2.456894,0.102033,0.836632,-2.474473,0.138321,0.880809,-2.469123,0.128566,0.849556,-2.471553,0.119497,0.833390,-2.484713,,,
10,0.333,-0.140932,0.922245,-2.827637,-0.260779,0.917676,-2.826472,-0.021085,0.926815,-2.828802,-0.277568,0.543091,-2.585148,-0.003610,0.511916,-2.991239,-0.283446,0.150662,-2.446482,0.012287,0.186120,-3.249828,-0.145369,1.039368,-2.824754,-0.149072,1.253463,-2.814029,-0.165210,1.494842,-2.794671,-0.175547,1.593093,-2.762402,-0.196970,1.440996,-2.802781,-0.127008,1.444791,-2.791707,-0.331637,1.378134,-2.818413,0.010557,1.398520,-2.759222,-0.345515,1.113614,-2.937686,0.123122,1.153517,-2.649282,-0.371419,0.844680,-3.021106,0.111399,0.948720,-2.454652,-0.305935,0.093027,-2.278379,0.038847,0.055014,-3.130697,,,,,,,,,,-0.358484,0.825914,-3.010899,-0.326130,0.785482,-3.023800,-0.307601,0.760038,-3.041018,-0.341223,0.758058,-3.050208,-0.317046,0.740049,-3.071462,-0.295263,0.734816,-3.085848,-0.351705,0.768018,-3.071402,-0.325577,0.755002,-3.097701,-0.304993,0.752772,-3.113715,-0.360364,0.777500,-3.088227,-0.336005,0.766451,-3.114462,-0.317262,0.767743,-3.127658,-0.366209,0.792977,-3.102535,-0.344016,0.785369,-3.125503,-0.325289,0.787311,-3.138232,0.089756,0.945085,-2.442736,0.059419,0.902858,-2.430712,0.052776,0.868314,-2.423645,0.076265,0.882352,-2.394463,0.061959,0.848654,-2.389956,0.050021,0.826720,-2.399194,0.099246,0.872888,-2.400830,0.087775,0.835467,-2.397411,0.078109,0.815983,-2.411981,0.118260,0.866047,-2.407129,0.108513,0.829885,-2.406021,0.100160,0.816932,-2.423033,0.135659,0.861981,-2.419744,0.126740,0.830420,-2.421222,0.118078,0.813683,-2.433935,,,
11,0.367,-0.150636,0.916105,-2.763364,-0.270523,0.912719,-2.764482,-0.030749,0.919492,-2.762247,-0.291426,0.542353,-2.517044,-0.005280,0.503748,-2.921436,-0.288931,0.136986,-2.422520,0.016016,0.204097,-3.209567,-0.153960,1.033290,-2.761834,-0.160787,1.247446,-2.754345,-0.174674,1.489409,-2.741704,-0.187075,1.588286,-2.712189,-0.206890,1.435681,-2.748720,-0.137021,1.439081,-2.736951,-0.341764,1.373197,-2.764087,-0.000140,1.392033,-2.702742,-0.364126,1.104018,-2.871010,0.106512,1.139133,-2.605527,-0.396781,0.831086,-2.937319,0.103745,0.921553,-2.424940,-0.312288,0.049284,-2.268090,0.043244,0.045018,-3.131858,,,,,,,,,,-0.383784,0.812599,-2.926691,-0.352269,0.771258,-2.938763,-0.334756,0.745010,-2.955835,-0.368406,0.742952,-2.963575,-0.344991,0.724072,-2.984927,-0.323701,0.718193,-2.999792,-0.379358,0.752154,-2.984874,-0.353985,0.737867,-3.011253,-0.333819,0.734817,-3.027658,-0.388372,0.761037,-3.001839,-0.364770,0.748662,-3.028175,-0.346348,0.749204,-3.041865,-0.394434,0.775977,-3.016618,-0.372674,0.766891,-3.039464,-0.354109,0.767876,-3.052534,0.082095,0.918208,-2.412952,0.050888,0.876480,-2.401425,0.043202,0.842057,-2.394842,0.067478,0.855017,-2.365615,0.052846,0.821562,-2.360395,0.040446,0.799663,-2.369092,0.090204,0.845146,-2.372274,0.078208,0.807924,-2.368504,0.068035,0.788460,-2.382752,0.109024,0.837985,-2.378799,0.098861,0.801945,-2.377500,0.090172,0.789039,-2.394379,0.126254,0.833737,-2.391585,0.117026,0.802276,-2.393263,0.108127,0.785660,-2.405972,,,
12,0.400,-0.161842,0.913426,-2.702208,-0.281716,0.910654,-2.705070,-0.041968,0.916198,-2.699345,-0.311902,0.553716,-2.439521,0.005954,0.486629,-2.808917,-0.296213,0.138262,-2.419143,0.024446,0.229924,-3.136062,-0.164557,1.030637,-2.702020,-0.172036,1.244824,-2.696236,-0.185969,1.486951,-2.687340,-0.199671,1.586163,-2.659578,-0.218182,1.433112,-2.693456,-0.148292,1.436713,-2.681875,-0.352852,1.369574,-2.706044,-0.011352,1.389598,-2.647994,-0.384203,1.096060,-2.798764,0.093414,1.128820,-2.571818,-0.421482,0.819153,-2.842216,0.103395,0.896193,-2.411363,-0.322190,0.050842,-2.264971,0.042883,0.051938,-3.127838,,,,,,,,,,-0.408473,0.801764,-2.829887,-0.377462,0.759094,-2.837988,-0.360956,0.731234,-2.853431,-0.394184,0.728492,-2.859460,-0.371462,0.707291,-2.879331,-0.350598,0.699674,-2.894010,-0.405380,0.735508,-2.881453,-0.380487,0.718326,-2.906530,-0.360580,0.713403,-2.922795,-0.414576,0.742645,-2.899130,-0.391570,0.727226,-2.924364,-0.373385,0.726058,-2.938330,-0.420741,0.756007,-2.915311,-0.399070,0.744098,-2.936910,-0.380499,0.743312,-2.949986,0.082077,0.892220,-2.398979,0.051146,0.849938,-2.388806,0.043036,0.815355,-2.383746,0.068684,0.826628,-2.354639,0.054349,0.792903,-2.350429,0.041758,0.771337,-2.359665,0.091207,0.817125,-2.362427,0.079500,0.779715,-2.359778,0.068959,0.760727,-2.374394,0.109832,0.810321,-2.369832,0.099796,0.774222,-2.369918,0.090651,0.762060,-2.387106,0.126701,0.806753,-2.383290,0.117493,0.775381,-2.386255,0.108280,0.759347,-2.399477,,,
13,0.433,-0.172191,0.914953,-2.642306,-0.292016,0.912679,-2.647042,-0.052366,0.917226,-2.637570,-0.326596,0.552335,-2.386679,0.013644,0.477643,-2.672817,-0.300671,0.137914,-2.415780,0.027453,0.269090,-3.032787,-0.174377,1.032170,-2.643262,-0.181025,1.246408,-2.638376,-0.194294,1.488605,-2.630437,-0.208498,1.587823,-2.602952,-0.226701,1.434814,-2.635927,-0.156672,1.438303,-2.625181,-0.361226,1.370380,-2.645022,-0.019510,1.390455,-2.593285,-0.401834,1.092885,-2.720765,0.081166,1.122816,-2.538356,-0.441719,0.813377,-2.736246,0.099561,0.877535,-2.398860,-0.328169,0.050557,-2.261837,0.046898,0.095622,-3.072998,,,,,,,,,,-0.428941,0.797137,-2.722223,-0.399006,0.753113,-2.725922,-0.384284,0.723573,-2.739986,-0.416694,0.720749,-2.743726,-0.395169,0.696567,-2.761404,-0.374910,0.686507,-2.775446,-0.428019,0.725580,-2.766235,-0.403959,0.705023,-2.789522,-0.384431,0.697764,-2.805367,-0.437286,0.730955,-2.784490,-0.415376,0.711879,-2.808151,-0.397551,0.708429,-2.822203,-0.443363,0.742608,-2.801973,-0.422085,0.727630,-2.821995,-0.403595,0.724758,-2.834893,0.078595,0.872811,-2.386143,0.047741,0.830049,-2.377928,0.039979,0.795137,-2.375048,0.066146,0.804422,-2.345948,0.051746,0.770523,-2.343927,0.038811,0.749762,-2.354446,0.088377,0.795386,-2.355025,0.076677,0.757883,-2.354501,0.065664,0.739894,-2.370007,0.106738,0.789030,-2.363423,0.096523,0.753054,-2.365705,0.086825,0.742128,-2.383412,0.123183,0.786320,-2.377586,0.113804,0.755203,-2.382232,0.104151,0.740034,-2.396143,,,
14,0.467,-0.181143,0.919857,-2.583982,-0.300846,0.918280,-2.591354,-0.061441,0.921433,-2.576610,-0.336199,0.546402,-2.347859,0.008302,0.482795,-2.537055,-0.304612,0.136078,-2.410311,0.020500,0.296948,-2.909313,-0.182565,1.037073,-2.585967,-0.187727,1.251361,-2.581503,-0.198300,1.493631,-2.571902,-0.211425,1.592746,-2.543523,-0.231401,1.440196,-2.576685,-0.161046,1.442929,-2.568055,-0.365991,1.375450,-2.581665,-0.023449,1.393642,-2.540521,-0.414634,1.094612,-2.637824,0.069788,1.120670,-2.500814,-0.455229,0.815240,-2.621755,0.096943,0.865562,-2.381891,-0.333981,0.049207,-2.256438,0.058062,0.127335,-2.952978,,,,,,,,,,-0.442530,0.800208,-2.606380,-0.413426,0.755476,-2.606149,-0.399991,0.724521,-2.618333,-0.431938,0.721870,-2.620471,-0.411499,0.695219,-2.635722,-0.391812,0.683022,-2.648854,-0.443511,0.724695,-2.643194,-0.420426,0.701161,-2.664572,-0.401381,0.691748,-2.679861,-0.452954,0.728437,-2.661764,-0.432019,0.706345,-2.683614,-0.414557,0.700917,-2.697496,-0.459085,0.738442,-2.680221,-0.438443,0.721084,-2.698944,-0.420224,0.716542,-2.711748,0.076295,0.859942,-2.369018,0.045574,0.816707,-2.363106,0.039022,0.781432,-2.362820,0.064730,0.788855,-2.333515,0.050273,0.754921,-2.333864,0.037051,0.735087,-2.345728,0.086707,0.780488,-2.343775,0.074962,0.743048,-2.345746,0.063546,0.726281,-2.362295,0.104837,0.774747,-2.353067,0.094532,0.739029,-2.357746,0.084394,0.729443,-2.375975,0.120915,0.773055,-2.367800,0.111607,0.742253,-2.374316,0.101704,0.727994,-2.388992,,,
15,0.500,-0.188015,0.928339,-2.526900,-0.307564,0.927505,-2.536541,-0.068466,0.929173,-2.517258,-0.338640,0.538009,-2.321694,-0.001872,0.501694,-2.409278,-0.306456,0.131731,-2.406345,0.007632,0.300181,-2.773374,-0.188602,1.045545,-2.529761,-0.192253,1.259864,-2.525347,-0.200018,1.502131,-2.513290,-0.210553,1.601189,-2.483660,-0.233825,1.449044,-2.516862,-0.163107,1.451059,-2.511693,-0.368449,1.384203,-2.515090,-0.024809,1.400233,-2.491428,-0.422288,1.100763,-2.549047,0.061385,1.123205,-2.466736,-0.458615,0.824877,-2.498825,0.100868,0.860741,-2.369195,-0.336838,0.044505,-2.252870,0.051860,0.128082,-2.796000,,,,,,,,,,-0.445303,0.811471,-2.482493,-0.416628,0.766627,-2.478654,-0.404065,0.734314,-2.487883,-0.436131,0.731905,-2.488204,-0.416733,0.703249,-2.500978,-0.397806,0.689204,-2.513359,-0.448792,0.732344,-2.510514,-0.427110,0.706087,-2.530114,-0.408974,0.694628,-2.545110,-0.459112,0.734128,-2.528908,-0.439325,0.709632,-2.549210,-0.422564,0.702600,-2.563236,-0.466063,0.742099,-2.548053,-0.446580,0.722705,-2.566005,-0.429112,0.716729,-2.579258,0.081144,0.853791,-2.355545,0.051429,0.809687,-2.351094,0.046324,0.774248,-2.353417,0.072770,0.780017,-2.324969,0.058923,0.745868,-2.326609,0.045274,0.726578,-2.338880,0.094168,0.772849,-2.337176,0.082752,0.735476,-2.341239,0.070500,0.719828,-2.358278,0.111754,0.768157,-2.347981,0.101800,0.732638,-2.354556,0.090693,0.724160,-2.372769,0.126895,0.767876,-2.363762,0.117935,0.737428,-2.372155,0.107505,0.724109,-2.387340,,,
16,0.533,-0.191806,0.939212,-2.471024,-0.311272,0.939109,-2.481672,-0.072339,0.939315,-2.460376,-0.333717,0.530857,-2.303741,-0.007607,0.530250,-2.295124,-0.305699,0.127312,-2.401874,-0.006057,0.291959,-2.636413,-0.191598,1.056402,-2.474491,-0.194308,1.270738,-2.470185,-0.200093,1.512999,-2.456952,-0.207616,1.612022,-2.426303,-0.234330,1.460101,-2.458804,-0.163425,1.461731,-2.457572,-0.368945,1.396057,-2.448377,-0.024648,1.409494,-2.446050,-0.425614,1.111349,-2.459314,0.056269,1.129837,-2.440786,-0.450131,0.842753,-2.374401,0.108228,0.861625,-2.367827,-0.335293,0.040125,-2.248223,0.029336,0.116510,-2.629252,,,,,,,,,,-0.435380,0.831406,-2.357750,-0.406432,0.787117,-2.350785,-0.394116,0.753852,-2.356166,-0.426688,0.751669,-2.354002,-0.408123,0.721607,-2.364596,-0.390156,0.706087,-2.376644,-0.441322,0.749386,-2.374952,-0.421334,0.720741,-2.392944,-0.404549,0.707378,-2.407937,-0.453269,0.748912,-2.392417,-0.434911,0.722393,-2.411483,-0.419319,0.713935,-2.426058,-0.461936,0.754442,-2.411723,-0.444225,0.732873,-2.429015,-0.428086,0.725251,-2.443084,0.090302,0.853025,-2.352717,0.061722,0.808102,-2.349097,0.056838,0.772931,-2.354249,0.086246,0.776552,-2.328568,0.073086,0.742182,-2.331029,0.058433,0.723408,-2.342938,0.106136,0.770998,-2.343794,0.094712,0.733888,-2.349784,0.080683,0.719501,-2.366562,0.122380,0.767700,-2.356957,0.112383,0.732576,-2.365342,0.099362,0.725335,-2.382805,0.135574,0.769209,-2.374336,0.126350,0.739410,-2.384569,0.114538,0.727261,-2.399724,,,
17,0.567,-0.191814,0.951628,-2.415239,-0.311235,0.952352,-2.426362,-0.072393,0.950905,-2.404116,-0.326222,0.528000,-2.290223,-0.013860,0.563711,-2.190840,-0.303982,0.126679,-2.398436,-0.017713,0.281128,-2.496446,-0.190751,1.068804,-2.419030,-0.193880,1.283151,-2.415636,-0.197109,1.525479,-2.402771,-0.201702,1.624483,-2.371491,-0.231804,1.472847,-2.402728,-0.160918,1.473924,-2.405131,-0.366419,1.410791,-2.383778,-0.022410,1.419848,-2.401720,-0.425795,1.126640,-2.372712,0.052431,1.138865,-2.416934,-0.432715,0.869874,-2.254481,0.110322,0.866409,-2.368187,-0.332537,0.039906,-2.244354,0.009931,0.110736,-2.448605,,,,,,,,,,-0.415926,0.860806,-2.238371,-0.385580,0.817861,-2.229267,-0.372223,0.784594,-2.230700,-0.405439,0.782241,-2.225524,-0.387379,0.751252,-2.234135,-0.370451,0.734482,-2.246010,-0.422370,0.777238,-2.244141,-0.404040,0.746582,-2.260512,-0.388838,0.731457,-2.275518,-0.436259,0.774486,-2.259874,-0.419507,0.746035,-2.277585,-0.405458,0.736045,-2.292748,-0.447212,0.777459,-2.278571,-0.431435,0.753787,-2.294962,-0.416997,0.744412,-2.309800,0.094282,0.856624,-2.351736,0.065000,0.812105,-2.348812,0.058277,0.777756,-2.356707,0.090994,0.778151,-2.335038,0.076924,0.744251,-2.338701,0.060391,0.726770,-2.350102,0.108508,0.773836,-2.353284,0.095289,0.737687,-2.361163,0.078721,0.725232,-2.377154,0.122754,0.771617,-2.368780,0.110911,0.737566,-2.378983,0.095522,0.732177,-2.395141,0.133578,0.774673,-2.387539,0.122459,0.746141,-2.399377,0.108547,0.735632,-2.413965,,,
18,0.600,-0.191237,0.962845,-2.358760,-0.310574,0.964413,-2.370672,-0.071900,0.961276,-2.346849,-0.318072,0.527467,-2.282042,-0.019818,0.597710,-2.093986,-0.301741,0.128423,-2.399345,-0.024906,0.267344,-2.347157,-0.189327,1.080012,-2.362468,-0.192787,1.294359,-2.359464,-0.192729,1.536709,-2.346596,-0.194265,1.635612,-2.314700,-0.227962,1.484463,-2.344882,-0.157261,1.484757,-2.350637,-0.362409,1.424780,-2.318554,-0.019631,1.428529,-2.354694,-0.424804,1.142765,-2.287502,0.048238,1.147673,-2.390720,-0.407439,0.902676,-2.139142,0.107060,0.872293,-2.364915,-0.329072,0.040886,-2.245474,0.000754,0.116022,-2.254802,,,,,,,,,,-0.388324,0.896289,-2.124395,-0.354877,0.855943,-2.114323,-0.339456,0.823571,-2.113127,-0.372224,0.820346,-2.103873,-0.353612,0.789209,-2.110558,-0.337272,0.771677,-2.122152,-0.391054,0.812466,-2.119416,-0.373305,0.780625,-2.134076,-0.359283,0.764242,-2.148910,-0.406629,0.807285,-2.132779,-0.390801,0.777287,-2.148695,-0.378227,0.765846,-2.164127,-0.419963,0.807525,-2.150115,-0.405243,0.782454,-2.165372,-0.392332,0.771744,-2.180704,0.092436,0.861673,-2.347681,0.060886,0.818681,-2.345624,0.051126,0.785755,-2.356018,0.086062,0.782153,-2.338537,0.069595,0.749566,-2.343780,0.050800,0.734230,-2.354758,0.101031,0.778884,-2.359116,0.084678,0.744505,-2.368825,0.065594,0.734686,-2.383814,0.113216,0.777577,-2.376374,0.098108,0.745446,-2.388343,0.080633,0.742594,-2.402952,0.121969,0.782030,-2.395917,0.107838,0.755471,-2.409060,0.091725,0.747235,-2.422819,,,
19,0.633,-0.190826,0.969823,-2.303504,-0.310054,0.972132,-2.316340,-0.071597,0.967515,-2.290667,-0.309607,0.528096,-2.275539,-0.024791,0.626695,-2.006971,-0.299691,0.131330,-2.401004,-0.028233,0.252266,-2.188780,-0.188226,1.086996,-2.306580,-0.191946,1.301313,-2.302106,-0.188124,1.543535,-2.287514,-0.186705,1.642183,-2.254834,-0.223927,1.491733,-2.284585,-0.153560,1.491166,-2.293525,-0.357998,1.434421,-2.251847,-0.017124,1.433113,-2.305157,-0.424839,1.155815,-2.203887,0.043216,1.154126,-2.362680,-0.375209,0.937399,-2.031298,0.099265,0.877006,-2.357797,-0.325670,0.043377,-2.247135,-0.000540,0.132881,-2.058141,,,,,,,,,,-0.354235,0.933955,-2.018188,-0.317565,0.896881,-2.006842,-0.299905,0.865887,-2.003011,-0.331525,0.862372,-1.989769,-0.311858,0.831452,-1.993986,-0.295774,0.813152,-2.004720,-0.351467,0.851602,-2.001795,-0.333534,0.818778,-2.013826,-0.320233,0.801049,-2.027750,-0.368096,0.843947,-2.012419,-0.352447,0.812552,-2.025582,-0.340996,0.799458,-2.040567,-0.383261,0.841197,-2.027938,-0.368906,0.814807,-2.041185,-0.357165,0.802543,-2.056292,0.085483,0.865377,-2.340521,0.051592,0.824156,-2.340120,0.039012,0.793116,-2.352990,0.074940,0.785788,-2.339109,0.055967,0.754993,-2.346342,0.035366,0.742094,-2.357211,0.087923,0.783974,-2.361164,0.068639,0.751826,-2.372923,0.047789,0.744787,-2.387102,0.098533,0.783895,-2.379478,0.080391,0.754191,-2.393349,0.061612,0.753958,-2.406549,0.105900,0.789966,-2.399157,0.089048,0.765792,-2.413630,0.071341,0.759996,-2.426655,,,
20,0.667,-0.189305,0.972706,-2.248917,-0.308462,0.975717,-2.262268,-0.070149,0.969696,-2.235565,-0.304465,0.529834,-2.264606,-0.033553,0.643532,-1.933720,-0.297902,0.137015,-2.402132,-0.026578,0.237579,-2.025469,-0.186142,1.089892,-2.250726,-0.190807,1.304127,-2.243867,-0.182550,1.546065,-2.226642,-0.178720,1.644365,-2.193117,-0.219011,1.494784,-2.222802,-0.149101,1.493252,-2.234718,-0.352559,1.439954,-2.184204,-0.014110,1.433861,-2.253967,-0.425394,1.165998,-2.120699,0.037576,1.158269,-2.332463,-0.341408,0.971428,-1.933498,0.088473,0.880451,-2.346146,-0.322509,0.048580,-2.248315,0.001813,0.150724,-1.871403,,,,,,,,,,-0.319105,0.970586,-1.922294,-0.280106,0.936608,-1.909158,-0.260679,0.907242,-1.902273,-0.290965,0.905018,-1.885464,-0.270643,0.874267,-1.886886,-0.255039,0.854857,-1.896299,-0.311596,0.892032,-1.893463,-0.293639,0.858114,-1.901881,-0.281077,0.838667,-1.914092,-0.328910,0.882415,-1.900927,-0.313472,0.849623,-1.910423,-0.303080,0.834507,-1.924228,-0.345447,0.876880,-1.914129,-0.331352,0.849017,-1.924278,-0.320621,0.834704,-1.938294,0.075408,0.867476,-2.329277,0.039839,0.827724,-2.330886,0.024990,0.798785,-2.346034,0.061486,0.788661,-2.335756,0.040465,0.759809,-2.345044,0.018539,0.749184,-2.355783,0.072835,0.788848,-2.358765,0.051295,0.759037,-2.372582,0.029218,0.754502,-2.385901,0.082152,0.790427,-2.377705,0.061635,0.763265,-2.393362,0.041988,0.765293,-2.405061,0.088415,0.798383,-2.397092,0.069381,0.776685,-2.412737,0.050515,0.773090,-2.424899,,,
21,0.700,-0.187582,0.972264,-2.192524,-0.306575,0.977745,-2.206534,-0.068589,0.966784,-2.178514,-0.304537,0.534272,-2.253010,-0.047864,0.636652,-1.879488,-0.298727,0.146049,-2.403051,-0.024021,0.221214,-1.869173,-0.182192,1.089382,-2.192489,-0.189183,1.303496,-2.183985,-0.175760,1.544980,-2.163884,-0.170107,1.642843,-2.129354,-0.212997,1.494320,-2.159323,-0.143635,1.491686,-2.173941,-0.345833,1.442055,-2.115114,-0.010396,1.431088,-2.200314,-0.425402,1.174384,-2.035048,0.031255,1.159732,-2.297344,-0.311710,1.001503,-1.842326,0.075689,0.882089,-2.327348,-0.321946,0.055763,-2.250096,0.004047,0.169447,-1.700002,,,,,,,,,,-0.288485,1.002717,-1.833228,-0.247673,0.971716,-1.818353,-0.226599,0.944382,-1.808560,-0.255623,0.944364,-1.788927,-0.234835,0.913962,-1.786878,-0.219668,0.893338,-1.794185,-0.276568,0.930054,-1.792774,-0.258550,0.895375,-1.796826,-0.246582,0.874246,-1.806595,-0.294244,0.919185,-1.796949,-0.278907,0.885392,-1.802106,-0.269388,0.868244,-1.814042,-0.311753,0.911403,-1.807498,-0.297719,0.882433,-1.813959,-0.287766,0.866091,-1.826222,0.063441,0.867759,-2.310969,0.026432,0.829428,-2.313972,0.009307,0.802675,-2.330658,0.046231,0.790513,-2.324550,0.023214,0.763766,-2.335293,0.000073,0.755332,-2.345409,0.055852,0.792837,-2.348221,0.032202,0.765409,-2.363452,0.009053,0.763059,-2.375449,0.063798,0.796167,-2.367554,0.041032,0.771596,-2.384341,0.020663,0.775544,-2.394164,0.068899,0.805970,-2.386430,0.047884,0.786649,-2.402643,0.028023,0.784866,-2.413559,,,
22,0.733,-0.186182,0.967714,-2.133923,-0.304928,0.975434,-2.148933,-0.067436,0.959994,-2.118913,-0.306239,0.536944,-2.229911,-0.056495,0.610420,-1.842308,-0.299721,0.158167,-2.402390,-0.024444,0.206018,-1.749059,-0.178846,1.084707,-2.131786,-0.187161,1.298738,-2.122459,-0.170092,1.539833,-2.100533,-0.163418,1.637384,-2.065309,-0.207825,1.489600,-2.095364,-0.138951,1.486242,-2.112005,-0.339279,1.438223,-2.046255,-0.007173,1.425292,-2.144253,-0.424423,1.177963,-1.949278,0.025698,1.158056,-2.255106,-0.283845,1.025098,-1.757378,0.064845,0.881285,-2.297833,-0.322267,0.064887,-2.251141,0.002288,0.190614,-1.572609,,,,,,,,,,-0.260346,1.028288,-1.749553,-0.218207,1.001050,-1.731376,-0.195461,0.976685,-1.718105,-0.224351,0.978859,-1.697508,-0.202646,0.949842,-1.690614,-0.187071,0.928605,-1.694512,-0.245033,0.963687,-1.698069,-0.226186,0.929252,-1.696401,-0.213916,0.906976,-1.702591,-0.262552,0.951916,-1.699659,-0.246481,0.918074,-1.699199,-0.236871,0.899264,-1.708196,-0.280219,0.942125,-1.708050,-0.265533,0.912815,-1.709852,-0.255487,0.894814,-1.719419,0.053356,0.865825,-2.281939,0.015097,0.828803,-2.285621,-0.004057,0.804047,-2.303160,0.032930,0.790549,-2.301012,0.008125,0.765765,-2.312461,-0.016002,0.759164,-2.321587,0.040927,0.794776,-2.325021,0.015422,0.769484,-2.340939,-0.008563,0.768859,-2.351409,0.047591,0.799653,-2.344510,0.022844,0.777396,-2.361717,0.001975,0.782803,-2.369606,0.051642,0.810998,-2.362766,0.028885,0.793744,-2.378959,0.008234,0.793402,-2.388456,,,
23,0.767,-0.185893,0.958410,-2.072530,-0.304495,0.967241,-2.088058,-0.067290,0.949579,-2.057003,-0.303210,0.539189,-2.212965,-0.054603,0.569885,-1.823541,-0.301025,0.165782,-2.396884,-0.028431,0.187118,-1.662086,-0.177756,1.075289,-2.068205,-0.184316,1.289300,-2.057161,-0.165683,1.530154,-2.033896,-0.158524,1.627579,-1.998419,-0.203577,1.480072,-2.028448,-0.135003,1.476490,-2.046236,-0.333848,1.428673,-1.976304,-0.004236,1.415982,-2.083104,-0.423266,1.175862,-1.864585,0.021986,1.152021,-2.203189,-0.263626,1.037417,-1.676693,0.057685,0.876532,-2.256028,-0.322508,0.069372,-2.247453,-0.008181,0.188498,-1.484113,,,,,,,,,,-0.240287,1.042812,-1.669633,-0.196951,1.020587,-1.647815,-0.172417,1.000236,-1.631352,-0.202061,1.003620,-1.610893,-0.178945,0.977462,-1.598977,-0.162201,0.956763,-1.599056,-0.222040,0.987640,-1.608957,-0.201645,0.954888,-1.601534,-0.188310,0.932490,-1.603897,-0.239013,0.975000,-1.608584,-0.221458,0.942473,-1.602455,-0.210959,0.922873,-1.608174,-0.256229,0.963262,-1.615234,-0.240325,0.934687,-1.612318,-0.229504,0.915808,-1.618875,0.046856,0.859914,-2.240857,0.007858,0.823773,-2.245440,-0.012727,0.800774,-2.263735,0.024182,0.786759,-2.264981,-0.001783,0.763509,-2.277056,-0.026528,0.758155,-2.285302,0.030890,0.792914,-2.288968,0.004172,0.769351,-2.305538,-0.020354,0.769897,-2.314676,0.036530,0.799347,-2.308328,0.010446,0.778972,-2.325888,-0.010736,0.785304,-2.332069,0.039735,0.812151,-2.325768,0.015717,0.796636,-2.341899,-0.005478,0.797425,-2.350082,,,
24,0.800,-0.182493,0.944151,-2.013927,-0.301169,0.952328,-2.029248,-0.063817,0.935973,-1.998606,-0.295406,0.536122,-2.189160,-0.054271,0.557485,-1.763046,-0.301392,0.175671,-2.397253,-0.032925,0.170361,-1.611578,-0.175022,1.061066,-2.009387,-0.179667,1.275060,-1.997103,-0.160103,1.515705,-1.972487,-0.152324,1.613089,-1.937028,-0.198099,1.465702,-1.967019,-0.129695,1.462030,-1.985437,-0.328169,1.415043,-1.913663,0.000221,1.401504,-2.025169,-0.420258,1.167433,-1.792840,0.022324,1.139103,-2.149430,-0.253221,1.034577,-1.607360,0.056252,0.864922,-2.209715,-0.321962,0.069467,-2.254482,-0.012976,0.158458,-1.433964,,,,,,,,,,-0.230070,1.041659,-1.601233,-0.185567,1.023654,-1.577925,-0.160372,1.005778,-1.559682,-0.189534,1.010335,-1.539401,-0.165313,0.985996,-1.525927,-0.147919,0.965878,-1.524690,-0.208766,0.993794,-1.535555,-0.186893,0.962689,-1.525667,-0.172685,0.940715,-1.526295,-0.225159,0.980541,-1.533649,-0.206105,0.949461,-1.525007,-0.194870,0.929878,-1.529177,-0.241908,0.967459,-1.538817,-0.224614,0.940081,-1.533403,-0.212981,0.921171,-1.538261,0.045648,0.847210,-2.195662,0.005986,0.812077,-2.202028,-0.015541,0.790949,-2.221459,0.021134,0.776657,-2.225141,-0.005520,0.754834,-2.238326,-0.030574,0.750481,-2.246221,0.027189,0.784743,-2.248726,-0.000228,0.762878,-2.266442,-0.024994,0.764384,-2.274790,0.032323,0.792728,-2.267644,0.005473,0.774204,-2.286079,-0.015795,0.781251,-2.291072,0.035180,0.806927,-2.284034,0.010518,0.793047,-2.300677,-0.010891,0.794672,-2.308147,,,
25,0.833,-0.177916,0.931074,-1.954566,-0.296864,0.936207,-1.969074,-0.058967,0.925942,-1.940058,-0.285704,0.526711,-2.145202,-0.054719,0.563969,-1.679691,-0.298737,0.185684,-2.383517,-0.036884,0.162746,-1.570305,-0.173144,1.048196,-1.952253,-0.176140,1.262267,-1.940833,-0.155117,1.502825,-1.916570,-0.146008,1.600315,-1.881726,-0.193368,1.453042,-1.910878,-0.125069,1.448966,-1.929594,-0.323946,1.403960,-1.857289,0.003883,1.386854,-1.970015,-0.419368,1.156971,-1.737786,0.025493,1.122983,-2.091213,-0.257974,1.021374,-1.549318,0.059204,0.848884,-2.151991,-0.320542,0.062833,-2.254993,-0.013047,0.120663,-1.397832,,,,,,,,,,-0.234942,1.028679,-1.543006,-0.190720,1.011358,-1.518667,-0.166786,0.993000,-1.499244,-0.195205,0.998853,-1.479928,-0.171320,0.974026,-1.466747,-0.154264,0.953608,-1.465736,-0.214429,0.982321,-1.476009,-0.192659,0.951170,-1.466041,-0.178517,0.929152,-1.466611,-0.230800,0.969047,-1.474059,-0.211761,0.938014,-1.465212,-0.200497,0.918423,-1.469265,-0.247422,0.955789,-1.479188,-0.229889,0.928675,-1.473240,-0.218013,0.909823,-1.477715,0.048243,0.830602,-2.138982,0.008006,0.796575,-2.147419,-0.013967,0.776837,-2.167789,0.022632,0.762245,-2.172434,-0.004288,0.741654,-2.186990,-0.029352,0.738146,-2.195264,0.028916,0.771531,-2.195512,0.001361,0.751030,-2.214592,-0.023322,0.753275,-2.223019,0.034260,0.780469,-2.213939,0.007304,0.763354,-2.233542,-0.013841,0.770921,-2.238294,0.037424,0.795511,-2.229500,0.012637,0.782883,-2.246934,-0.008715,0.785126,-2.254407,,,
26,0.867,-0.173748,0.922151,-1.891687,-0.292874,0.925429,-1.905242,-0.054622,0.918873,-1.878133,-0.288342,0.514444,-2.078168,-0.046051,0.565954,-1.605722,-0.294612,0.204375,-2.355803,-0.038228,0.153741,-1.548430,-0.170704,1.039343,-1.890102,-0.171411,1.253498,-1.879969,-0.150846,1.494390,-1.858830,-0.139274,1.592059,-1.825240,-0.188917,1.444583,-1.852227,-0.120755,1.440453,-1.871428,-0.319490,1.396139,-1.798047,0.007486,1.376775,-1.911669,-0.415164,1.143939,-1.690198,0.035370,1.108717,-2.021902,-0.267567,0.998571,-1.497744,0.073846,0.833307,-2.073180,-0.322079,0.056073,-2.259168,-0.018741,0.085521,-1.383954,,,,,,,,,,-0.245060,1.005643,-1.489557,-0.202753,0.987549,-1.462524,-0.181645,0.967484,-1.441573,-0.210078,0.973988,-1.424581,-0.187310,0.948634,-1.410461,-0.170453,0.928091,-1.408838,-0.229544,0.957400,-1.422547,-0.208655,0.925754,-1.412257,-0.194612,0.903669,-1.412662,-0.246018,0.944116,-1.422174,-0.227839,0.912733,-1.412772,-0.216391,0.893184,-1.416498,-0.262223,0.931045,-1.428877,-0.245126,0.903717,-1.422645,-0.232948,0.885003,-1.426884,0.062308,0.814852,-2.060936,0.022330,0.781136,-2.071562,0.000858,0.761660,-2.092706,0.037836,0.747174,-2.096551,0.011008,0.727496,-2.112476,-0.013811,0.724671,-2.121695,0.045075,0.756823,-2.119196,0.018088,0.736990,-2.139737,-0.006224,0.739627,-2.149080,0.051186,0.766050,-2.137238,0.024685,0.749652,-2.158039,0.003790,0.757532,-2.163353,0.055024,0.781339,-2.152400,0.030483,0.769186,-2.170506,0.009315,0.771687,-2.178409,,,
27,0.900,-0.166405,0.918399,-1.829999,-0.285728,0.920644,-1.841933,-0.047081,0.916153,-1.818065,-0.308170,0.495585,-1.974800,-0.032021,0.563662,-1.545382,-0.296077,0.226768,-2.292376,-0.035762,0.147555,-1.535139,-0.164332,1.035615,-1.828669,-0.165129,1.249827,-1.819838,-0.143207,1.490819,-1.801371,-0.129470,1.588580,-1.768882,-0.181435,1.441264,-1.793845,-0.113510,1.436615,-1.813752,-0.312319,1.394402,-1.739028,0.013353,1.370212,-1.853962,-0.407787,1.134429,-1.651339,0.047361,1.097183,-1.949263,-0.283076,0.967449,-1.460237,0.088917,0.819526,-1.983032,-0.320544,0.051840,-2.262580,-0.016089,0.065546,-1.377108,,,,,,,,,,-0.261513,0.973394,-1.449130,-0.222872,0.952500,-1.418826,-0.205585,0.929869,-1.397005,-0.234687,0.936697,-1.382939,-0.214334,0.909787,-1.368033,-0.198278,0.888659,-1.365877,-0.254558,0.920517,-1.384213,-0.235672,0.887673,-1.373810,-0.222158,0.865259,-1.374130,-0.271209,0.907666,-1.386578,-0.254877,0.875260,-1.377256,-0.243480,0.855666,-1.380905,-0.286788,0.895479,-1.395913,-0.270941,0.867346,-1.389964,-0.258697,0.848679,-1.394222,0.076413,0.801457,-1.971167,0.036850,0.767883,-1.983639,0.016774,0.748238,-2.005964,0.053581,0.733229,-2.006822,0.026531,0.714832,-2.023865,0.002073,0.713199,-2.034261,0.062376,0.742302,-2.029152,0.035852,0.723195,-2.050946,0.012196,0.726629,-2.061621,0.069743,0.751066,-2.046954,0.043574,0.735330,-2.068666,0.023214,0.743845,-2.074985,0.074720,0.765976,-2.062163,0.050540,0.753935,-2.080821,0.029711,0.756890,-2.089435,,,
28,0.933,-0.159583,0.918215,-1.771078,-0.279113,0.920171,-1.780782,-0.040052,0.916259,-1.761374,-0.330125,0.482095,-1.846512,-0.019112,0.555857,-1.499640,-0.308538,0.263850,-2.200300,-0.033975,0.141021,-1.530513,-0.157782,1.035434,-1.769635,-0.159728,1.249645,-1.760940,-0.139301,1.490824,-1.743210,-0.124893,1.588638,-1.711175,-0.177244,1.441062,-1.735598,-0.109252,1.436760,-1.755356,-0.308303,1.394063,-1.681320,0.017302,1.369344,-1.794845,-0.398637,1.126547,-1.613023,0.059661,1.092321,-1.873886,-0.300725,0.931497,-1.433234,0.105348,0.813468,-1.884559,-0.323845,0.087851,-2.229895,-0.011754,0.056074,-1.374383,,,,,,,,,,-0.280504,0.935351,-1.419096,-0.246317,0.909785,-1.387070,-0.232410,0.884210,-1.366102,-0.262746,0.890618,-1.354821,-0.245235,0.861403,-1.340663,-0.230224,0.839480,-1.338965,-0.282727,0.875457,-1.360221,-0.266315,0.840912,-1.351222,-0.253567,0.818079,-1.352328,-0.299297,0.863596,-1.365945,-0.285056,0.829758,-1.358463,-0.273820,0.810231,-1.362886,-0.313950,0.853116,-1.378348,-0.299816,0.823799,-1.374026,-0.287754,0.805196,-1.379017,0.092791,0.795977,-1.871909,0.054862,0.760284,-1.883545,0.036858,0.738507,-1.905658,0.073695,0.724498,-1.903115,0.046987,0.705204,-1.919698,0.022832,0.703090,-1.930700,0.083322,0.732096,-1.925651,0.057515,0.711597,-1.947038,0.034237,0.714399,-1.958683,0.091307,0.739691,-1.943722,0.065754,0.722393,-1.964975,0.045545,0.730378,-1.972376,0.096605,0.753533,-1.959807,0.073014,0.739752,-1.978010,0.052341,0.741856,-1.987230,,,
29,0.967,-0.154393,0.921810,-1.716034,-0.274129,0.923494,-1.722809,-0.034656,0.920126,-1.709259,-0.336471,0.482099,-1.712019,-0.009908,0.547228,-1.466016,-0.316087,0.294193,-2.082882,-0.031152,0.135845,-1.525815,-0.152833,1.039031,-1.714456,-0.156066,1.253139,-1.703838,-0.138457,1.494289,-1.682964,-0.124662,1.591896,-1.650041,-0.176083,1.444083,-1.676835,-0.107588,1.440656,-1.694959,-0.307925,1.395184,-1.626260,0.019745,1.373479,-1.732294,-0.390101,1.121589,-1.573508,0.068740,1.093695,-1.796354,-0.325199,0.895379,-1.416754,0.116554,0.815321,-1.782858,-0.333902,0.121756,-2.127983,-0.006438,0.051278,-1.369854,,,,,,,,,,-0.306016,0.895401,-1.400765,-0.275563,0.862455,-1.371866,-0.263974,0.832957,-1.355051,-0.295274,0.838569,-1.345067,-0.280070,0.806264,-1.335803,-0.266131,0.783643,-1.337473,-0.315380,0.825817,-1.354626,-0.301314,0.789266,-1.351477,-0.289578,0.766347,-1.356176,-0.331925,0.816171,-1.363638,-0.319673,0.780798,-1.362093,-0.308942,0.761914,-1.369533,-0.345976,0.809017,-1.378796,-0.333907,0.778491,-1.379481,-0.322566,0.760405,-1.387276,0.105223,0.798654,-1.768112,0.069765,0.759386,-1.775089,0.053284,0.734010,-1.794373,0.090933,0.722869,-1.790474,0.064893,0.700612,-1.804152,0.040685,0.696204,-1.814326,0.099991,0.728368,-1.813840,0.074766,0.704578,-1.832317,0.051209,0.705170,-1.843719,0.107419,0.734284,-1.832757,0.082429,0.713496,-1.851390,0.061739,0.719663,-1.859192,0.111747,0.746445,-1.850414,0.088690,0.729452,-1.866458,0.067805,0.729409,-1.875437,,,
30,1.000,-0.151625,0.929937,-1.662257,-0.271460,0.931232,-1.667091,-0.031789,0.928643,-1.657422,-0.336528,0.497139,-1.588589,-0.009595,0.539122,-1.441522,-0.312776,0.304073,-1.956590,-0.029644,0.130667,-1.519153,-0.150430,1.047160,-1.660492,-0.154127,1.261143,-1.647714,-0.138989,1.501995,-1.622024,-0.127099,1.599197,-1.587214,-0.176559,1.451496,-1.618528,-0.107261,1.448734,-1.633425,-0.310026,1.400229,-1.575059,0.022053,1.382614,-1.665461,-0.384055,1.121715,-1.538462,0.076789,1.100724,-1.713682,-0.354098,0.870396,-1.412380,0.123354,0.824652,-1.673981,-0.336067,0.128339,-1.982304,-0.003904,0.046320,-1.363239,,,,,,,,,,-0.335332,0.865323,-1.396704,-0.307104,0.824546,-1.376996,-0.296848,0.791342,-1.368083,-0.328517,0.795541,-1.357568,-0.314676,0.761351,-1.357355,-0.301560,0.739497,-1.365047,-0.348933,0.786714,-1.370355,-0.336539,0.750090,-1.377340,-0.325739,0.728828,-1.388127,-0.365666,0.780566,-1.381765,-0.354922,0.745597,-1.389857,-0.344839,0.728991,-1.402091,-0.379647,0.778289,-1.398431,-0.369355,0.748404,-1.407315,-0.358911,0.732465,-1.419698,0.113505,0.809725,-1.656550,0.080570,0.767735,-1.656423,0.064982,0.738686,-1.670587,0.103739,0.730700,-1.666904,0.079266,0.704707,-1.676181,0.055273,0.696997,-1.684772,0.111856,0.733169,-1.691118,0.087897,0.705254,-1.704915,0.064089,0.702549,-1.715459,0.118425,0.736617,-1.710941,0.094741,0.711531,-1.725557,0.073525,0.714992,-1.733609,0.121518,0.746226,-1.730345,0.099635,0.725461,-1.743297,0.078724,0.722633,-1.751753,,,
31,1.033,-0.152973,0.942977,-1.608644,-0.272834,0.944041,-1.612847,-0.033111,0.941912,-1.604442,-0.340117,0.523644,-1.480289,-0.018928,0.533563,-1.425885,-0.307228,0.292059,-1.824600,-0.030906,0.126781,-1.513341,-0.152000,1.060198,-1.606679,-0.155146,1.274115,-1.592699,-0.142341,1.514704,-1.563513,-0.133277,1.611560,-1.526932,-0.179869,1.464059,-1.562713,-0.109830,1.461668,-1.573692,-0.315123,1.411088,-1.527618,0.021718,1.396755,-1.598221,-0.382841,1.129050,-1.511539,0.080962,1.113209,-1.627811,-0.380896,0.862026,-1.418536,0.120255,0.841528,-1.559945,-0.327766,0.114141,-1.821548,-0.005736,0.042518,-1.357288,,,,,,,,,,-0.362688,0.852392,-1.404418,-0.336152,0.806938,-1.395601,-0.326521,0.772381,-1.395183,-0.358875,0.774617,-1.384818,-0.345827,0.741204,-1.393416,-0.333026,0.721799,-1.406392,-0.379204,0.770145,-1.399818,-0.367664,0.736314,-1.416128,-0.357201,0.718349,-1.432031,-0.395811,0.767770,-1.412724,-0.385770,0.735897,-1.429667,-0.375816,0.722842,-1.445718,-0.409422,0.770408,-1.429641,-0.399980,0.743597,-1.446072,-0.389811,0.731181,-1.462163,0.110373,0.829382,-1.540491,0.078623,0.786968,-1.534092,0.064043,0.755503,-1.543298,0.103075,0.749463,-1.537793,0.080538,0.720693,-1.542791,0.057326,0.710038,-1.550316,0.111747,0.748153,-1.561904,0.089420,0.717155,-1.571081,0.066052,0.711484,-1.581430,0.118732,0.748486,-1.581882,0.096879,0.719989,-1.592570,0.075812,0.720842,-1.601650,0.122061,0.754849,-1.602541,0.101610,0.731263,-1.612701,0.081216,0.726057,-1.621291,,,
32,1.067,-0.158060,0.958920,-1.556802,-0.277917,0.959793,-1.561182,-0.038203,0.958047,-1.552423,-0.344587,0.553897,-1.389030,-0.032640,0.532448,-1.419506,-0.304794,0.266154,-1.687165,-0.034877,0.125933,-1.508973,-0.157276,1.076144,-1.554887,-0.159508,1.289976,-1.539504,-0.148947,1.530414,-1.508250,-0.142885,1.627100,-1.470613,-0.186310,1.479661,-1.509661,-0.115797,1.477534,-1.517088,-0.323012,1.425821,-1.482364,0.017532,1.413819,-1.533948,-0.386830,1.142530,-1.490316,0.080182,1.129656,-1.544440,-0.405415,0.866692,-1.430959,0.107204,0.864642,-1.449583,-0.324601,0.093187,-1.645022,-0.011671,0.041576,-1.352667,,,,,,,,,,-0.387972,0.853681,-1.418706,-0.362342,0.806880,-1.419556,-0.352393,0.773064,-1.426240,-0.385870,0.773421,-1.417521,-0.372811,0.741998,-1.431757,-0.359510,0.725177,-1.447535,-0.405538,0.772958,-1.433990,-0.393827,0.742958,-1.456498,-0.382906,0.728414,-1.475320,-0.421562,0.773974,-1.447781,-0.411469,0.745981,-1.470548,-0.401063,0.736217,-1.488535,-0.434358,0.780730,-1.464182,-0.424945,0.758103,-1.486031,-0.414455,0.749423,-1.504227,0.095172,0.855574,-1.429668,0.062789,0.814229,-1.420186,0.049247,0.781487,-1.425843,0.087400,0.776983,-1.415150,0.066346,0.746780,-1.417401,0.044394,0.733953,-1.425309,0.098715,0.772012,-1.437634,0.077840,0.739313,-1.443844,0.055815,0.731339,-1.455533,0.107895,0.769290,-1.456511,0.087950,0.738640,-1.464672,0.068074,0.737221,-1.476068,0.113536,0.772360,-1.477419,0.094716,0.746913,-1.486139,0.075581,0.739848,-1.496176,,,
33,1.100,-0.164770,0.974010,-1.501282,-0.284602,0.974572,-1.506325,-0.044937,0.973449,-1.496238,-0.347418,0.579429,-1.309477,-0.044588,0.534903,-1.415551,-0.309322,0.231745,-1.535149,-0.040059,0.127368,-1.500158,-0.164282,1.091242,-1.499819,-0.165819,1.304913,-1.482270,-0.157710,1.545223,-1.449342,-0.154306,1.641886,-1.411314,-0.194724,1.494288,-1.452421,-0.123972,1.492564,-1.457222,-0.332026,1.439083,-1.431644,0.010694,1.430415,-1.468301,-0.393019,1.157398,-1.468027,0.077276,1.147008,-1.462712,-0.423190,0.877440,-1.442178,0.089932,0.890500,-1.344373,-0.334139,0.076492,-1.449318,-0.019229,0.042614,-1.343732,,,,,,,,,,-0.406433,0.862338,-1.431464,-0.380304,0.816483,-1.439378,-0.369178,0.784509,-1.451253,-0.403556,0.783272,-1.445173,-0.389648,0.753636,-1.462169,-0.375192,0.738674,-1.478782,-0.422118,0.785932,-1.462684,-0.409158,0.759316,-1.488517,-0.397081,0.747459,-1.508483,-0.437232,0.789538,-1.477056,-0.426282,0.764871,-1.503045,-0.414979,0.757545,-1.521637,-0.449019,0.799267,-1.492702,-0.438647,0.780746,-1.517750,-0.427277,0.775312,-1.536663,0.075124,0.884297,-1.325246,0.041480,0.844312,-1.314417,0.028646,0.810902,-1.316961,0.064902,0.808613,-1.300443,0.044710,0.777745,-1.300612,0.024205,0.763099,-1.309213,0.079287,0.800543,-1.320096,0.059497,0.766830,-1.324017,0.039337,0.756675,-1.337275,0.091055,0.795197,-1.336857,0.072668,0.763108,-1.342860,0.054639,0.759403,-1.356577,0.099645,0.795223,-1.356972,0.082360,0.768330,-1.364444,0.064921,0.759419,-1.375988,,,
34,1.133,-0.170403,0.984982,-1.458279,-0.290286,0.985921,-1.461853,-0.050520,0.984044,-1.454705,-0.344392,0.594013,-1.256150,-0.052697,0.539157,-1.424638,-0.311351,0.199193,-1.383779,-0.046248,0.132895,-1.515043,-0.169573,1.102185,-1.455348,-0.170664,1.315758,-1.436610,-0.166638,1.556267,-1.404398,-0.165647,1.653070,-1.366587,-0.202877,1.504834,-1.408295,-0.132004,1.504035,-1.411147,-0.340557,1.448663,-1.393447,0.003955,1.444060,-1.417346,-0.398459,1.170743,-1.455067,0.079428,1.163685,-1.395494,-0.431384,0.889920,-1.451985,0.083722,0.917492,-1.256457,-0.339787,0.072678,-1.260202,-0.025048,0.048988,-1.358211,,,,,,,,,,-0.414965,0.874629,-1.441020,-0.385774,0.830931,-1.450314,-0.371599,0.800745,-1.463546,-0.406543,0.797419,-1.461398,-0.389573,0.769710,-1.478858,-0.372766,0.756619,-1.494826,-0.423431,0.800898,-1.480397,-0.406809,0.777011,-1.506795,-0.392307,0.767305,-1.526304,-0.437248,0.805173,-1.495850,-0.422885,0.783059,-1.522467,-0.409592,0.777637,-1.540383,-0.447962,0.815806,-1.511679,-0.434476,0.799992,-1.537096,-0.421171,0.796705,-1.555225,0.067399,0.911485,-1.238538,0.033261,0.871392,-1.229871,0.020806,0.837871,-1.232797,0.055687,0.836150,-1.213338,0.035656,0.805212,-1.214810,0.016006,0.790372,-1.224940,0.071739,0.827873,-1.231561,0.052380,0.794074,-1.236705,0.033437,0.783721,-1.251513,0.084920,0.822346,-1.247173,0.067200,0.790087,-1.254187,0.050400,0.786104,-1.269314,0.095176,0.822104,-1.266490,0.078646,0.795023,-1.274926,0.062250,0.785870,-1.287739,,,
35,1.167,-0.174623,0.987606,-1.405760,-0.294526,0.987763,-1.408739,-0.054720,0.987449,-1.402781,-0.336107,0.588413,-1.214770,-0.054288,0.541590,-1.409286,-0.313215,0.172795,-1.215367,-0.049847,0.138503,-1.513039,-0.174577,1.104768,-1.401455,-0.174292,1.318255,-1.381731,-0.174646,1.558881,-1.350140,-0.175881,1.655847,-1.312758,-0.210026,1.506944,-1.355105,-0.139093,1.507112,-1.355551,-0.347767,1.449583,-1.346825,-0.001509,1.450621,-1.355597,-0.398648,1.176741,-1.432605,0.085508,1.175538,-1.316345,-0.431223,0.896561,-1.452425,0.076578,0.944053,-1.154187,-0.346508,0.083842,-1.063496,-0.027573,0.054958,-1.356163,,,,,,,,,,-0.415380,0.881159,-1.440788,-0.383648,0.839185,-1.449693,-0.366941,0.810429,-1.463150,-0.401815,0.805776,-1.464893,-0.382151,0.779800,-1.482190,-0.363350,0.768312,-1.497135,-0.416834,0.809907,-1.485279,-0.396671,0.788331,-1.511196,-0.379885,0.780387,-1.529641,-0.429190,0.814705,-1.501781,-0.411354,0.794850,-1.528076,-0.396123,0.791042,-1.544828,-0.438682,0.825975,-1.517946,-0.422029,0.812294,-1.542714,-0.406814,0.810635,-1.559515,0.058482,0.938314,-1.137963,0.024249,0.897857,-1.131694,0.012246,0.864164,-1.134533,0.045285,0.863627,-1.111593,0.025587,0.832609,-1.114827,0.007285,0.817514,-1.126916,0.063376,0.855077,-1.127653,0.044915,0.821010,-1.134152,0.027839,0.810174,-1.150775,0.078281,0.849305,-1.141528,0.061523,0.816793,-1.149653,0.046508,0.812369,-1.166444,0.090602,0.848633,-1.159587,0.074997,0.821288,-1.168890,0.060014,0.811743,-1.183073,,,
36,1.200,-0.177872,0.981543,-1.356205,-0.297744,0.978157,-1.358418,-0.058000,0.984928,-1.353993,-0.330703,0.583862,-1.152803,-0.048080,0.539710,-1.376676,-0.325157,0.179384,-1.054669,-0.046973,0.145911,-1.511527,-0.181275,1.098619,-1.350984,-0.178183,1.312078,-1.331197,-0.183798,1.552747,-1.300452,-0.186831,1.649868,-1.263576,-0.218082,1.500203,-1.306576,-0.147196,1.501576,-1.304340,-0.355389,1.441265,-1.304405,-0.008233,1.449036,-1.297332,-0.395225,1.173982,-1.411001,0.090932,1.181901,-1.237426,-0.424039,0.895777,-1.452559,0.072757,0.964615,-1.057379,-0.361302,0.129880,-0.886357,-0.024707,0.059767,-1.356061,,,,,,,,,,-0.409229,0.880133,-1.439927,-0.375751,0.839197,-1.447103,-0.356897,0.811396,-1.459703,-0.391355,0.806217,-1.465706,-0.369411,0.781359,-1.481867,-0.348866,0.770859,-1.495151,-0.404121,0.811029,-1.487435,-0.380788,0.790998,-1.511891,-0.361919,0.784184,-1.528702,-0.414684,0.816373,-1.504980,-0.393622,0.798091,-1.529999,-0.376562,0.795338,-1.545115,-0.422588,0.828216,-1.521583,-0.402959,0.816005,-1.544898,-0.385930,0.815400,-1.559936,0.053031,0.959499,-1.042945,0.018975,0.918725,-1.037886,0.007048,0.884922,-1.039469,0.038149,0.886366,-1.013320,0.019085,0.855045,-1.017341,0.002435,0.839189,-1.030769,0.058085,0.877236,-1.026642,0.040868,0.842541,-1.033236,0.025963,0.830493,-1.051068,0.074563,0.870942,-1.038341,0.059003,0.837841,-1.046471,0.046027,0.832330,-1.064587,0.088866,0.869406,-1.054817,0.074303,0.841468,-1.064050,0.060916,0.831009,-1.079155,,,
37,1.233,-0.180839,0.969771,-1.300841,-0.300580,0.962902,-1.301474,-0.061097,0.976640,-1.300209,-0.328206,0.582372,-1.070678,-0.041739,0.533194,-1.342797,-0.346173,0.196920,-0.914578,-0.043785,0.151428,-1.508672,-0.187575,1.086678,-1.295102,-0.183118,1.300216,-1.276467,-0.193278,1.540926,-1.247238,-0.197573,1.638185,-1.210855,-0.226568,1.487837,-1.254110,-0.155811,1.490297,-1.249729,-0.363574,1.428236,-1.257015,-0.016633,1.439761,-1.235731,-0.392430,1.166537,-1.379778,0.091203,1.182222,-1.153093,-0.417562,0.891729,-1.441453,0.065000,0.977263,-0.960051,-0.384205,0.188173,-0.739755,-0.021274,0.061888,-1.355172,,,,,,,,,,-0.403888,0.875521,-1.428263,-0.369270,0.835349,-1.434245,-0.348865,0.808477,-1.446438,-0.382430,0.803344,-1.456147,-0.358250,0.780234,-1.471699,-0.336191,0.771211,-1.483566,-0.392993,0.809269,-1.478765,-0.366830,0.791317,-1.501938,-0.346204,0.785967,-1.517138,-0.401797,0.815509,-1.496974,-0.377767,0.799417,-1.520793,-0.359169,0.798048,-1.534186,-0.408144,0.828206,-1.513614,-0.386026,0.817770,-1.535519,-0.367564,0.818347,-1.548759,0.044110,0.972969,-0.947058,0.010542,0.931894,-0.941225,-0.000987,0.897924,-0.940500,0.027960,0.902560,-0.911995,0.009823,0.870586,-0.915038,-0.005209,0.853244,-0.928538,0.049236,0.892790,-0.922490,0.033400,0.857165,-0.927358,0.020497,0.843140,-0.945306,0.066861,0.885894,-0.931967,0.052645,0.851842,-0.938461,0.041527,0.844433,-0.957128,0.082676,0.883222,-0.946837,0.069338,0.854241,-0.954588,0.057497,0.842124,-0.969745,,,
38,1.267,-0.184688,0.954587,-1.241898,-0.304337,0.946381,-1.240387,-0.065038,0.962793,-1.243409,-0.328602,0.586272,-0.978537,-0.040646,0.522765,-1.311327,-0.358360,0.210455,-0.802072,-0.044716,0.155029,-1.506308,-0.192619,1.071391,-1.235603,-0.189216,1.285046,-1.218122,-0.201351,1.525827,-1.190264,-0.206308,1.623243,-1.154390,-0.234192,1.472500,-1.197450,-0.163538,1.475419,-1.191855,-0.371254,1.413375,-1.204498,-0.024961,1.425111,-1.172215,-0.392315,1.155663,-1.336902,0.087884,1.176849,-1.070156,-0.416357,0.885160,-1.415675,0.057683,0.980564,-0.868859,-0.396174,0.235770,-0.628823,-0.020955,0.063722,-1.354043,,,,,,,,,,-0.403429,0.868286,-1.402570,-0.368226,0.828629,-1.408577,-0.346758,0.802496,-1.420551,-0.379758,0.797857,-1.433017,-0.353415,0.777940,-1.449447,-0.330293,0.771523,-1.460980,-0.388917,0.805004,-1.455892,-0.360545,0.790162,-1.478663,-0.338784,0.786967,-1.492852,-0.396600,0.812225,-1.474246,-0.370138,0.799227,-1.497366,-0.350561,0.799767,-1.509349,-0.401975,0.825812,-1.490521,-0.378102,0.817263,-1.511377,-0.358753,0.819044,-1.523163,0.036216,0.976481,-0.856771,0.003862,0.934672,-0.849480,-0.006037,0.900299,-0.846669,0.020531,0.908529,-0.816969,0.003761,0.875713,-0.818527,-0.009780,0.856789,-0.831469,0.042740,0.898822,-0.825384,0.028614,0.862266,-0.828160,0.017378,0.846331,-0.845628,0.061143,0.891912,-0.833233,0.048587,0.856905,-0.837790,0.038909,0.847619,-0.856419,0.077912,0.888697,-0.846902,0.066045,0.858672,-0.852860,0.055532,0.844876,-0.867554,,,
39,1.300,-0.189607,0.940728,-1.180539,-0.309242,0.932767,-1.177402,-0.069973,0.948690,-1.183675,-0.333149,0.575483,-0.911679,-0.044980,0.514017,-1.279941,-0.356262,0.199409,-0.734766,-0.047247,0.160714,-1.500022,-0.197213,1.057546,-1.174106,-0.195913,1.271229,-1.156675,-0.209098,1.511935,-1.128647,-0.215000,1.609379,-1.092991,-0.241676,1.458563,-1.136644,-0.171166,1.461599,-1.129506,-0.378261,1.399003,-1.147984,-0.033060,1.412054,-1.105169,-0.392931,1.142076,-1.282753,0.081462,1.169443,-0.991995,-0.416466,0.875583,-1.374311,0.052995,0.976449,-0.787291,-0.389099,0.220502,-0.559944,-0.022943,0.063343,-1.351649,,,,,,,,,,-0.403679,0.858088,-1.361899,-0.368126,0.818999,-1.369386,-0.346319,0.793687,-1.382459,-0.379014,0.789541,-1.395671,-0.351911,0.771742,-1.413255,-0.328505,0.766935,-1.424998,-0.387792,0.797874,-1.418293,-0.358625,0.785193,-1.441364,-0.336516,0.783422,-1.455261,-0.395178,0.806041,-1.436369,-0.367859,0.795116,-1.459566,-0.348007,0.796828,-1.470972,-0.400334,0.820464,-1.451982,-0.375837,0.813284,-1.472629,-0.356206,0.815865,-1.483785,0.031274,0.972579,-0.775594,-0.000103,0.930422,-0.766303,-0.008809,0.895966,-0.761368,0.016244,0.907167,-0.731515,0.000444,0.873836,-0.731281,-0.012137,0.853671,-0.743282,0.038978,0.897571,-0.738539,0.026048,0.860475,-0.739063,0.015860,0.842986,-0.755666,0.057812,0.890687,-0.745314,0.046382,0.855092,-0.747800,0.037579,0.844268,-0.766029,0.075098,0.887027,-0.758206,0.064255,0.856313,-0.762321,0.054597,0.841199,-0.776287,,,
40,1.333,-0.195537,0.928470,-1.116453,-0.315289,0.922509,-1.113357,-0.075786,0.934432,-1.119550,-0.336781,0.556764,-0.859190,-0.054567,0.507507,-1.246503,-0.349816,0.173545,-0.697212,-0.050087,0.168686,-1.488255,-0.201250,1.045492,-1.112100,-0.202431,1.259347,-1.096914,-0.217649,1.500152,-1.070835,-0.225425,1.597824,-1.036177,-0.249706,1.446562,-1.079455,-0.179457,1.450009,-1.070243,-0.385163,1.385054,-1.093586,-0.041537,1.402372,-1.041448,-0.396971,1.125406,-1.223329,0.073517,1.160791,-0.926623,-0.420643,0.859682,-1.317062,0.052712,0.964498,-0.724147,-0.373486,0.157077,-0.520423,-0.024815,0.059076,-1.348851,,,,,,,,,,-0.407793,0.841437,-1.305855,-0.373469,0.801919,-1.316255,-0.352927,0.776775,-1.331520,-0.386042,0.773770,-1.343214,-0.360062,0.756228,-1.362654,-0.337268,0.751479,-1.375565,-0.395493,0.783183,-1.365131,-0.367519,0.770722,-1.389746,-0.345989,0.768970,-1.404528,-0.403382,0.792219,-1.382570,-0.377197,0.781639,-1.407190,-0.357750,0.783368,-1.419271,-0.408804,0.807360,-1.397394,-0.385175,0.800351,-1.419085,-0.365862,0.802850,-1.430800,0.031035,0.960732,-0.712333,0.000540,0.918407,-0.701079,-0.007016,0.883949,-0.694531,0.017253,0.897237,-0.665152,0.002341,0.863588,-0.662708,-0.009745,0.842377,-0.673335,0.040216,0.887806,-0.671637,0.028249,0.850421,-0.669974,0.018522,0.831727,-0.685505,0.059219,0.881011,-0.678017,0.048798,0.845023,-0.678439,0.040340,0.832925,-0.696018,0.076628,0.877102,-0.690668,0.066873,0.845849,-0.693098,0.057804,0.829683,-0.706258,,,
41,1.367,-0.202625,0.918538,-1.049182,-0.322472,0.913968,-1.048017,-0.082777,0.923108,-1.050347,-0.339261,0.539384,-0.806693,-0.065303,0.508208,-1.212785,-0.345139,0.146955,-0.668026,-0.049406,0.182412,-1.471373,-0.207062,1.035660,-1.046299,-0.210765,1.249756,-1.035574,-0.226902,1.491135,-1.016215,-0.237240,1.589386,-0.983946,-0.258663,1.437289,-1.024326,-0.188700,1.441083,-1.013252,-0.393330,1.374427,-1.039958,-0.051136,1.394813,-0.980767,-0.407208,1.109906,-1.159232,0.061429,1.149810,-0.870828,-0.433112,0.840973,-1.242652,0.049706,0.945013,-0.676196,-0.367628,0.089321,-0.499923,-0.022846,0.051307,-1.352241,,,,,,,,,,-0.420177,0.822207,-1.232445,-0.387823,0.781775,-1.245346,-0.369294,0.756331,-1.262563,-0.402916,0.754351,-1.271753,-0.378739,0.736342,-1.293008,-0.356956,0.731109,-1.307394,-0.413398,0.764311,-1.292947,-0.387270,0.751295,-1.319247,-0.366686,0.749065,-1.335261,-0.422058,0.773793,-1.309773,-0.397698,0.762744,-1.336008,-0.378955,0.764036,-1.349204,-0.427903,0.789270,-1.324080,-0.405709,0.781662,-1.347049,-0.386983,0.783604,-1.359778,0.028063,0.941378,-0.664281,-0.002274,0.899151,-0.652257,-0.008917,0.864607,-0.645190,0.014572,0.878645,-0.616008,0.000266,0.844947,-0.611501,-0.011672,0.823013,-0.620739,0.037553,0.869180,-0.622375,0.026082,0.831760,-0.618956,0.016416,0.812276,-0.633526,0.056567,0.862340,-0.628674,0.046820,0.826178,-0.627566,0.038467,0.813225,-0.644577,0.073966,0.858274,-0.641289,0.065048,0.826713,-0.642767,0.056385,0.809976,-0.655480,,,
42,1.400,-0.212329,0.912398,-0.984909,-0.332215,0.909011,-0.986026,-0.092442,0.915785,-0.983792,-0.353119,0.538646,-0.738589,-0.066974,0.500042,-1.142982,-0.350624,0.133279,-0.644064,-0.045677,0.200390,-1.431112,-0.215653,1.029583,-0.983379,-0.222480,1.243739,-0.975890,-0.236367,1.485702,-0.963249,-0.248768,1.584579,-0.933734,-0.268583,1.431974,-0.970265,-0.198714,1.435374,-0.958496,-0.403457,1.369490,-0.985632,-0.061833,1.388326,-0.924287,-0.425819,1.100311,-1.092555,0.044819,1.135426,-0.827071,-0.458474,0.827379,-1.158864,0.042052,0.917846,-0.646484,-0.373981,0.045577,-0.489633,-0.018449,0.041311,-1.353402,,,,,,,,,,-0.445477,0.808892,-1.148237,-0.413962,0.767551,-1.160309,-0.396448,0.741303,-1.177381,-0.430098,0.739245,-1.185121,-0.406684,0.720365,-1.206472,-0.385393,0.714487,-1.221338,-0.441050,0.748447,-1.206420,-0.415678,0.734160,-1.232799,-0.395512,0.731110,-1.249204,-0.450065,0.757330,-1.223385,-0.426463,0.744955,-1.249721,-0.408040,0.745497,-1.263411,-0.456127,0.772270,-1.238164,-0.434367,0.763185,-1.261010,-0.415801,0.764169,-1.274080,0.020402,0.914502,-0.634496,-0.010805,0.872774,-0.622969,-0.018492,0.838350,-0.616386,0.005785,0.851310,-0.587159,-0.008848,0.817855,-0.581939,-0.021248,0.795956,-0.590635,0.028511,0.841439,-0.593818,0.016514,0.804217,-0.590048,0.006342,0.784754,-0.604296,0.047330,0.834279,-0.600343,0.037167,0.798239,-0.599044,0.028479,0.785332,-0.615922,0.064561,0.830031,-0.613128,0.055332,0.798569,-0.614807,0.046433,0.781954,-0.627516,,,
43,1.433,-0.223535,0.909719,-0.923752,-0.343409,0.906947,-0.926615,-0.103661,0.912491,-0.920890,-0.373595,0.550008,-0.661066,-0.055739,0.482922,-1.030463,-0.357906,0.134554,-0.640687,-0.037247,0.226215,-1.357607,-0.226250,1.026929,-0.923565,-0.233728,1.241117,-0.917780,-0.247661,1.483244,-0.908885,-0.261364,1.582456,-0.881123,-0.279875,1.429404,-0.915001,-0.209985,1.433005,-0.903420,-0.414545,1.365866,-0.927589,-0.073045,1.385890,-0.869539,-0.445896,1.092352,-1.020309,0.031721,1.125112,-0.793362,-0.483175,0.815446,-1.063761,0.041702,0.892486,-0.632907,-0.383883,0.047135,-0.486514,-0.018810,0.048230,-1.349382,,,,,,,,,,-0.470165,0.798057,-1.051432,-0.439155,0.755387,-1.059533,-0.422649,0.727526,-1.074977,-0.455877,0.724784,-1.081006,-0.433155,0.703583,-1.100877,-0.412291,0.695967,-1.115556,-0.467073,0.731801,-1.102999,-0.442180,0.714618,-1.128075,-0.422272,0.709696,-1.144341,-0.476269,0.738937,-1.120676,-0.453263,0.723519,-1.145910,-0.435078,0.722351,-1.159876,-0.482434,0.752299,-1.136857,-0.460763,0.740391,-1.158456,-0.442192,0.739604,-1.171532,0.020384,0.888513,-0.620523,-0.010547,0.846231,-0.610349,-0.018657,0.811648,-0.605290,0.006991,0.822921,-0.576183,-0.007344,0.789196,-0.571972,-0.019935,0.767630,-0.581209,0.029514,0.813418,-0.583971,0.017807,0.776008,-0.581322,0.007266,0.757019,-0.595938,0.048139,0.806614,-0.591376,0.038103,0.770515,-0.591462,0.028958,0.758353,-0.608650,0.065008,0.803046,-0.604834,0.055800,0.771673,-0.607799,0.046586,0.755640,-0.621021,,,
44,1.467,-0.233884,0.911245,-0.863851,-0.353709,0.908972,-0.868587,-0.114059,0.913518,-0.859115,-0.388289,0.548628,-0.608224,-0.048049,0.473936,-0.894364,-0.362364,0.134207,-0.637324,-0.034239,0.265382,-1.254333,-0.236070,1.028463,-0.864807,-0.242718,1.242700,-0.859921,-0.255987,1.484898,-0.851982,-0.270191,1.584116,-0.824496,-0.288394,1.431107,-0.857472,-0.218365,1.434596,-0.846726,-0.422919,1.366673,-0.866567,-0.081203,1.386748,-0.814830,-0.463527,1.089177,-0.942310,0.019474,1.119109,-0.759901,-0.503412,0.809669,-0.957792,0.037868,0.873828,-0.620404,-0.389861,0.046849,-0.483381,-0.014796,0.091914,-1.294545,,,,,,,,,,-0.490634,0.793430,-0.943768,-0.460699,0.749405,-0.947468,-0.445977,0.719866,-0.961532,-0.478387,0.717042,-0.965272,-0.456862,0.692859,-0.982950,-0.436603,0.682800,-0.996993,-0.489712,0.721873,-0.987781,-0.465652,0.701315,-1.011068,-0.446124,0.694057,-1.026913,-0.498979,0.727248,-1.006036,-0.477069,0.708172,-1.029697,-0.459244,0.704721,-1.043749,-0.505056,0.738901,-1.023519,-0.483778,0.723923,-1.043541,-0.465288,0.721050,-1.056438,0.016902,0.869103,-0.607687,-0.013952,0.826342,-0.599472,-0.021714,0.791430,-0.596592,0.004453,0.800715,-0.567491,-0.009947,0.766816,-0.565471,-0.022882,0.746055,-0.575989,0.026684,0.791679,-0.576569,0.014984,0.754176,-0.576045,0.003971,0.736187,-0.591550,0.045044,0.785323,-0.584967,0.034830,0.749347,-0.587249,0.025132,0.738421,-0.604955,0.061489,0.782613,-0.599130,0.052110,0.751496,-0.603776,0.042458,0.736327,-0.617687,,,
45,1.500,-0.242836,0.916149,-0.805527,-0.362539,0.914572,-0.812899,-0.123133,0.917726,-0.798155,-0.397892,0.542695,-0.569403,-0.053390,0.479087,-0.758602,-0.366305,0.132371,-0.631855,-0.041193,0.293241,-1.130860,-0.244258,1.033365,-0.807512,-0.249420,1.247653,-0.803048,-0.259993,1.489923,-0.793447,-0.273118,1.589038,-0.765068,-0.293094,1.436488,-0.798230,-0.222739,1.439221,-0.789600,-0.427684,1.371742,-0.803210,-0.085142,1.389935,-0.762066,-0.476327,1.090905,-0.859369,0.008095,1.116962,-0.722359,-0.516922,0.811532,-0.843302,0.035250,0.861854,-0.603435,-0.395674,0.045500,-0.477982,-0.003631,0.123627,-1.174526,,,,,,,,,,-0.504222,0.796500,-0.827927,-0.475119,0.751769,-0.827696,-0.461684,0.720814,-0.839880,-0.493631,0.718162,-0.842018,-0.473192,0.691512,-0.857269,-0.453505,0.679315,-0.870401,-0.505204,0.720987,-0.864741,-0.482119,0.697454,-0.886118,-0.463074,0.688040,-0.901408,-0.514646,0.724730,-0.883310,-0.493712,0.702637,-0.905161,-0.476250,0.697209,-0.919043,-0.520778,0.734735,-0.901768,-0.500136,0.717377,-0.920491,-0.481917,0.712835,-0.933294,0.014601,0.856235,-0.590562,-0.016119,0.813000,-0.584650,-0.022671,0.777724,-0.584364,0.003036,0.785147,-0.555059,-0.011420,0.751214,-0.555408,-0.024642,0.731380,-0.567272,0.025014,0.776781,-0.565319,0.013269,0.739341,-0.567290,0.001853,0.722574,-0.583839,0.043144,0.771040,-0.574611,0.032839,0.735322,-0.579290,0.022701,0.725736,-0.597519,0.059222,0.769347,-0.589344,0.049914,0.738546,-0.595860,0.040010,0.724286,-0.610535,,,
46,1.533,-0.249708,0.924632,-0.748445,-0.369257,0.923798,-0.758086,-0.130159,0.925466,-0.738803,-0.400333,0.534302,-0.543238,-0.063565,0.497987,-0.630824,-0.368150,0.128023,-0.627889,-0.054060,0.296474,-0.994920,-0.250295,1.041837,-0.751306,-0.253945,1.256157,-0.746891,-0.261711,1.498423,-0.734835,-0.272247,1.597482,-0.705205,-0.295518,1.445337,-0.738407,-0.224800,1.447351,-0.733238,-0.430142,1.380495,-0.736635,-0.086502,1.396526,-0.712973,-0.483981,1.097055,-0.770592,-0.000308,1.119497,-0.688280,-0.520308,0.821169,-0.720371,0.039175,0.857034,-0.590738,-0.398531,0.040798,-0.474414,-0.009833,0.124374,-1.017547,,,,,,,,,,-0.506996,0.807764,-0.704039,-0.478321,0.762920,-0.700200,-0.465758,0.730606,-0.709430,-0.497824,0.728197,-0.709750,-0.478426,0.699542,-0.722524,-0.459499,0.685496,-0.734906,-0.510485,0.728636,-0.732061,-0.488802,0.702379,-0.751660,-0.470667,0.690920,-0.766657,-0.520804,0.730420,-0.750454,-0.501018,0.705924,-0.770756,-0.484256,0.698893,-0.784783,-0.527755,0.738391,-0.769599,-0.508273,0.718997,-0.787551,-0.490805,0.713021,-0.800804,0.019451,0.850084,-0.577089,-0.010264,0.805980,-0.572637,-0.015369,0.770541,-0.574961,0.011077,0.776310,-0.546512,-0.002770,0.742161,-0.548152,-0.016419,0.722871,-0.560423,0.032475,0.769142,-0.558719,0.021059,0.731769,-0.562782,0.008807,0.716121,-0.579822,0.050060,0.764449,-0.569525,0.040107,0.728931,-0.576100,0.029000,0.720453,-0.594312,0.065202,0.764169,-0.585306,0.056242,0.733721,-0.593698,0.045812,0.720402,-0.608883,,,
47,1.567,-0.253499,0.935504,-0.692569,-0.372965,0.935401,-0.703217,-0.134033,0.935607,-0.681921,-0.395410,0.527150,-0.525285,-0.069299,0.526542,-0.516671,-0.367393,0.123605,-0.623418,-0.067750,0.288251,-0.857961,-0.253291,1.052694,-0.696036,-0.256002,1.267030,-0.691730,-0.261786,1.509291,-0.678497,-0.269309,1.608314,-0.647848,-0.296023,1.456393,-0.680349,-0.225118,1.458023,-0.679117,-0.430638,1.392349,-0.669922,-0.086341,1.405787,-0.667595,-0.487307,1.107641,-0.680860,-0.005424,1.126129,-0.662330,-0.511825,0.839045,-0.595948,0.046535,0.857917,-0.589371,-0.396987,0.036418,-0.469767,-0.032357,0.112803,-0.850801,,,,,,,,,,-0.497074,0.827698,-0.579297,-0.468126,0.783409,-0.572332,-0.455809,0.750144,-0.577712,-0.488382,0.747961,-0.575549,-0.469816,0.717899,-0.586143,-0.451850,0.702379,-0.598191,-0.503016,0.745678,-0.596499,-0.483028,0.717033,-0.614491,-0.466242,0.703670,-0.629484,-0.514962,0.745204,-0.613964,-0.496605,0.718685,-0.633030,-0.481012,0.710227,-0.647605,-0.523629,0.750735,-0.633270,-0.505918,0.729165,-0.650562,-0.489779,0.721544,-0.664632,0.028609,0.849317,-0.574261,0.000029,0.804394,-0.570641,-0.004855,0.769224,-0.575793,0.024553,0.772845,-0.550112,0.011392,0.738475,-0.552573,-0.003260,0.719701,-0.564482,0.044443,0.767291,-0.565338,0.033019,0.730180,-0.571328,0.018990,0.715793,-0.588106,0.060686,0.763992,-0.578501,0.050690,0.728869,-0.586886,0.037669,0.721628,-0.604349,0.073881,0.765502,-0.595880,0.064657,0.735702,-0.606113,0.052845,0.723553,-0.621268,,,
48,1.600,-0.253507,0.947921,-0.636784,-0.372928,0.948644,-0.647907,-0.134086,0.947198,-0.625661,-0.387915,0.524293,-0.511767,-0.075553,0.560003,-0.412385,-0.365676,0.122972,-0.619980,-0.079406,0.277420,-0.717993,-0.252444,1.065097,-0.640575,-0.255573,1.279443,-0.637181,-0.258803,1.521771,-0.624316,-0.263395,1.620776,-0.593036,-0.293497,1.469139,-0.624273,-0.222611,1.470216,-0.626676,-0.428113,1.407083,-0.605323,-0.084103,1.416140,-0.623264,-0.487488,1.122932,-0.594257,-0.009262,1.135158,-0.638479,-0.494409,0.866166,-0.476027,0.048629,0.862701,-0.589731,-0.394231,0.036199,-0.465898,-0.051762,0.107029,-0.670152,,,,,,,,,,-0.477619,0.857098,-0.459917,-0.447274,0.814153,-0.450813,-0.433917,0.780886,-0.452246,-0.467133,0.778532,-0.447071,-0.449072,0.747544,-0.455681,-0.432144,0.730774,-0.467556,-0.484063,0.773530,-0.465688,-0.465734,0.742874,-0.482058,-0.450531,0.727748,-0.497064,-0.497952,0.770778,-0.481420,-0.481201,0.742327,-0.499131,-0.467151,0.732338,-0.514295,-0.508905,0.773751,-0.500117,-0.493128,0.750079,-0.516509,-0.478690,0.740704,-0.531346,0.032589,0.852917,-0.573280,0.003307,0.808397,-0.570356,-0.003416,0.774048,-0.578251,0.029301,0.774444,-0.556581,0.015231,0.740544,-0.560245,-0.001302,0.723062,-0.571646,0.046815,0.770129,-0.574828,0.033596,0.733979,-0.582707,0.017028,0.721525,-0.598697,0.061062,0.767910,-0.590323,0.049218,0.733858,-0.600526,0.033829,0.728470,-0.616685,0.071885,0.770965,-0.609083,0.060766,0.742434,-0.620921,0.046854,0.731925,-0.635509,,,
49,1.633,-0.252930,0.959137,-0.580305,-0.372267,0.960705,-0.592217,-0.133594,0.957569,-0.568394,-0.379765,0.523760,-0.503586,-0.081511,0.594002,-0.315532,-0.363433,0.124715,-0.620888,-0.086599,0.263637,-0.568705,-0.251020,1.076305,-0.584013,-0.254481,1.290652,-0.581009,-0.254423,1.533001,-0.568141,-0.255958,1.631904,-0.536245,-0.289655,1.480756,-0.566427,-0.218954,1.481049,-0.572182,-0.424102,1.421072,-0.540099,-0.081324,1.424821,-0.576239,-0.486497,1.139057,-0.509047,-0.013455,1.143966,-0.612264,-0.469133,0.898967,-0.360688,0.045367,0.868585,-0.586459,-0.390764,0.037178,-0.467017,-0.060939,0.112314,-0.476350,,,,,,,,,,-0.450018,0.892580,-0.345941,-0.416570,0.852234,-0.335869,-0.401150,0.819863,-0.334673,-0.433918,0.816638,-0.325419,-0.415306,0.785501,-0.332104,-0.398966,0.767969,-0.343698,-0.452748,0.808758,-0.340963,-0.434999,0.776917,-0.355622,-0.420976,0.760534,-0.370457,-0.468323,0.803577,-0.354326,-0.452494,0.773579,-0.370242,-0.439921,0.762138,-0.385674,-0.481657,0.803816,-0.371662,-0.466937,0.778746,-0.386918,-0.454026,0.768036,-0.402251,0.030744,0.857966,-0.569225,-0.000806,0.814973,-0.567168,-0.010566,0.782048,-0.577562,0.024369,0.778446,-0.560081,0.007903,0.745858,-0.565323,-0.010892,0.730523,-0.576302,0.039339,0.775177,-0.580660,0.022986,0.740798,-0.590369,0.003902,0.730978,-0.605358,0.051524,0.773869,-0.597918,0.036415,0.741739,-0.609886,0.018940,0.738886,-0.624495,0.060277,0.778322,-0.617461,0.046145,0.751763,-0.630603,0.030033,0.743527,-0.644363,,,
50,1.667,-0.252519,0.966116,-0.525049,-0.371747,0.968424,-0.537886,-0.133290,0.963808,-0.512212,-0.371300,0.524389,-0.497083,-0.086484,0.622987,-0.228516,-0.361384,0.127622,-0.622547,-0.089926,0.248559,-0.410328,-0.249919,1.083289,-0.528125,-0.253639,1.297606,-0.523651,-0.249817,1.539827,-0.509059,-0.248398,1.638476,-0.476379,-0.285620,1.488026,-0.506131,-0.215253,1.487459,-0.515071,-0.419691,1.430714,-0.473393,-0.078817,1.429406,-0.526702,-0.486532,1.152107,-0.425433,-0.018477,1.150418,-0.584225,-0.436903,0.933691,-0.252845,0.037572,0.873299,-0.579341,-0.387364,0.039670,-0.468679,-0.062233,0.129173,-0.279690,,,,,,,,,,-0.415929,0.930247,-0.239734,-0.379259,0.893172,-0.228388,-0.361599,0.862179,-0.224557,-0.393219,0.858663,-0.211316,-0.373552,0.827743,-0.215532,-0.357468,0.809443,-0.226267,-0.413161,0.847894,-0.223342,-0.395228,0.815070,-0.235373,-0.381927,0.797341,-0.249297,-0.429790,0.840238,-0.233965,-0.414141,0.808844,-0.247129,-0.402690,0.795750,-0.262113,-0.444954,0.837489,-0.249485,-0.430599,0.811099,-0.262732,-0.418859,0.798835,-0.277839,0.023790,0.861670,-0.562065,-0.010101,0.820448,-0.561664,-0.022680,0.789408,-0.574534,0.013247,0.782080,-0.560652,-0.005725,0.751286,-0.567886,-0.026327,0.738386,-0.578754,0.026230,0.780266,-0.582708,0.006946,0.748119,-0.594467,-0.013904,0.741080,-0.608646,0.036840,0.780187,-0.601022,0.018698,0.750483,-0.614893,-0.000081,0.750250,-0.628093,0.044207,0.786258,-0.620701,0.027355,0.762084,-0.635173,0.009648,0.756289,-0.648199,,,
51,1.700,-0.250998,0.968999,-0.470462,-0.370155,0.972009,-0.483813,-0.131842,0.965989,-0.457110,-0.366158,0.526127,-0.486150,-0.095245,0.639824,-0.155265,-0.359595,0.133307,-0.623676,-0.088272,0.233873,-0.247016,-0.247835,1.086184,-0.472271,-0.252500,1.300420,-0.465412,-0.244243,1.542358,-0.448187,-0.240413,1.640658,-0.414663,-0.280704,1.491077,-0.444347,-0.210794,1.489545,-0.456263,-0.414252,1.436246,-0.405749,-0.075803,1.430153,-0.475512,-0.487087,1.162290,-0.342244,-0.024117,1.154562,-0.554007,-0.403101,0.967720,-0.155043,0.026781,0.876744,-0.567690,-0.384202,0.044872,-0.469858,-0.059881,0.147016,-0.092951,,,,,,,,,,-0.380798,0.966878,-0.143840,-0.341800,0.932900,-0.130704,-0.322372,0.903534,-0.123819,-0.352658,0.901309,-0.107010,-0.332336,0.870559,-0.108433,-0.316733,0.851149,-0.117845,-0.373290,0.888323,-0.115009,-0.355333,0.854405,-0.123427,-0.342770,0.834959,-0.135638,-0.390604,0.878706,-0.122474,-0.375165,0.845915,-0.131969,-0.364773,0.830798,-0.145775,-0.407141,0.873171,-0.135675,-0.393045,0.845309,-0.145824,-0.382314,0.830995,-0.159840,0.013715,0.863769,-0.550821,-0.021854,0.824017,-0.552430,-0.036702,0.795078,-0.567578,-0.000207,0.784953,-0.557300,-0.021227,0.756101,-0.566588,-0.043153,0.745477,-0.577327,0.011143,0.785140,-0.580309,-0.010398,0.755329,-0.594126,-0.032474,0.750795,-0.607445,0.020460,0.786719,-0.599249,-0.000057,0.759558,-0.614906,-0.019704,0.761585,-0.626605,0.026723,0.794675,-0.618636,0.007689,0.772978,-0.634281,-0.011177,0.769382,-0.646442,,,
52,1.733,-0.249275,0.968557,-0.414069,-0.368268,0.974038,-0.428079,-0.130282,0.963076,-0.400058,-0.366230,0.530564,-0.474554,-0.109557,0.632945,-0.101033,-0.360420,0.142341,-0.624595,-0.085714,0.217507,-0.090719,-0.243885,1.085675,-0.414034,-0.250876,1.299788,-0.405530,-0.237453,1.541272,-0.385429,-0.231801,1.639136,-0.350900,-0.274691,1.490613,-0.380868,-0.205328,1.487979,-0.395486,-0.407526,1.438348,-0.336660,-0.072089,1.427381,-0.421859,-0.487095,1.170676,-0.256594,-0.030438,1.156025,-0.518888,-0.373404,0.997795,-0.063872,0.013996,0.878381,-0.548893,-0.383640,0.052055,-0.471639,-0.057647,0.165739,0.078451,,,,,,,,,,-0.350179,0.999009,-0.054774,-0.309366,0.968008,-0.039899,-0.288293,0.940674,-0.030106,-0.317317,0.940655,-0.010473,-0.296529,0.910254,-0.008424,-0.281361,0.889630,-0.015731,-0.338262,0.926346,-0.014320,-0.320244,0.891667,-0.018373,-0.308276,0.870537,-0.028141,-0.355937,0.915476,-0.018495,-0.340601,0.881684,-0.023652,-0.331082,0.864536,-0.035588,-0.373446,0.907695,-0.029044,-0.359413,0.878725,-0.035505,-0.349460,0.862383,-0.047768,0.001748,0.864052,-0.532514,-0.035260,0.825720,-0.535517,-0.052385,0.798968,-0.552203,-0.015462,0.786805,-0.546095,-0.038479,0.760059,-0.556837,-0.061619,0.751625,-0.566954,-0.005841,0.789130,-0.569766,-0.029490,0.761702,-0.584997,-0.052639,0.759351,-0.596993,0.002106,0.792460,-0.589099,-0.020661,0.767889,-0.605885,-0.041029,0.771836,-0.615709,0.007206,0.802263,-0.607974,-0.013808,0.782942,-0.624188,-0.033670,0.781159,-0.635103,,,
53,1.767,-0.247875,0.964007,-0.355469,-0.366621,0.971727,-0.370479,-0.129129,0.956287,-0.340459,-0.367932,0.533236,-0.451455,-0.118188,0.606713,-0.063852,-0.361414,0.154459,-0.623934,-0.086137,0.202311,0.029395,-0.240539,1.080999,-0.353331,-0.248855,1.295031,-0.344005,-0.231785,1.536126,-0.322079,-0.225112,1.633677,-0.286855,-0.269518,1.485893,-0.316910,-0.200644,1.482535,-0.333550,-0.400972,1.434516,-0.267801,-0.068866,1.421584,-0.365798,-0.486116,1.174255,-0.170824,-0.035995,1.154349,-0.476652,-0.345539,1.021390,0.021076,0.003152,0.877578,-0.519378,-0.383960,0.061179,-0.472685,-0.059405,0.186907,0.205845,,,,,,,,,,-0.322040,1.024581,0.028901,-0.279901,0.997342,0.047078,-0.257154,0.972977,0.060349,-0.286045,0.975151,0.080946,-0.264340,0.946134,0.087839,-0.248765,0.924896,0.083942,-0.306727,0.959978,0.080385,-0.287880,0.925544,0.082053,-0.275610,0.903268,0.075863,-0.324246,0.948208,0.078794,-0.308175,0.914366,0.079255,-0.298565,0.895556,0.070258,-0.341912,0.938417,0.070403,-0.327227,0.909107,0.068602,-0.317181,0.891106,0.059035,-0.008337,0.862118,-0.503484,-0.046596,0.825095,-0.507166,-0.065750,0.800339,-0.524705,-0.028763,0.786841,-0.522557,-0.053568,0.762058,-0.534006,-0.077694,0.755457,-0.543132,-0.020765,0.791069,-0.546566,-0.046270,0.765776,-0.562484,-0.070256,0.765151,-0.572954,-0.014102,0.795945,-0.566055,-0.038849,0.773688,-0.583262,-0.059717,0.779096,-0.591151,-0.010050,0.807291,-0.584310,-0.032807,0.790036,-0.600504,-0.053458,0.789694,-0.610001,,,
54,1.800,-0.247586,0.954703,-0.294075,-0.366188,0.963534,-0.309602,-0.128983,0.945872,-0.278547,-0.364903,0.535482,-0.434509,-0.116296,0.566178,-0.045086,-0.362718,0.162075,-0.618427,-0.090123,0.183411,0.116370,-0.239449,1.071582,-0.289750,-0.246009,1.285593,-0.278706,-0.227376,1.526447,-0.255441,-0.220217,1.623872,-0.219964,-0.265270,1.476365,-0.249993,-0.196696,1.472783,-0.267781,-0.395541,1.424966,-0.197849,-0.065929,1.412275,-0.304649,-0.484959,1.172155,-0.086130,-0.039707,1.148314,-0.424734,-0.325319,1.033710,0.101762,-0.004008,0.872825,-0.477573,-0.384201,0.065665,-0.468996,-0.069874,0.184791,0.294342,,,,,,,,,,-0.301980,1.039104,0.108822,-0.258644,1.016880,0.130640,-0.234110,0.996528,0.147103,-0.263755,0.999912,0.167562,-0.240638,0.973754,0.179478,-0.223894,0.953055,0.179398,-0.283734,0.983932,0.169498,-0.263339,0.951181,0.176920,-0.250004,0.928782,0.174557,-0.300707,0.971293,0.169871,-0.283151,0.938766,0.176000,-0.272653,0.919165,0.170280,-0.317922,0.959554,0.163221,-0.302019,0.930979,0.166136,-0.291197,0.912101,0.159580,-0.014837,0.856207,-0.462401,-0.053835,0.820066,-0.466985,-0.074420,0.797066,-0.485279,-0.037512,0.783052,-0.486525,-0.063477,0.759802,-0.498601,-0.088221,0.754448,-0.506847,-0.030803,0.789206,-0.510512,-0.057521,0.765644,-0.527082,-0.082046,0.766190,-0.536220,-0.025163,0.795640,-0.529872,-0.051247,0.775265,-0.547433,-0.072429,0.781596,-0.553613,-0.021958,0.808444,-0.547313,-0.045976,0.792929,-0.563444,-0.067171,0.793718,-0.571627,,,
55,1.833,-0.244186,0.940444,-0.235472,-0.362862,0.948621,-0.250794,-0.125510,0.932266,-0.220151,-0.357100,0.532415,-0.410705,-0.115964,0.553778,0.015408,-0.363085,0.171964,-0.618797,-0.094619,0.166653,0.166877,-0.236715,1.057359,-0.230932,-0.241360,1.271353,-0.218648,-0.221796,1.511998,-0.194032,-0.214017,1.609382,-0.158573,-0.259792,1.461995,-0.188564,-0.191388,1.458323,-0.206982,-0.389862,1.411336,-0.135208,-0.061472,1.397797,-0.246715,-0.481951,1.163726,-0.014385,-0.039369,1.135396,-0.370976,-0.314914,1.030870,0.171095,-0.005442,0.861215,-0.431260,-0.383655,0.065760,-0.476026,-0.074670,0.154751,0.344491,,,,,,,,,,-0.291763,1.037952,0.177222,-0.247260,1.019947,0.200530,-0.222064,1.002071,0.218773,-0.251227,1.006628,0.239055,-0.227006,0.982289,0.252528,-0.209612,0.962171,0.253765,-0.270459,0.990087,0.242900,-0.248586,0.958982,0.252789,-0.234378,0.937008,0.252161,-0.286852,0.976834,0.244806,-0.267798,0.945754,0.253448,-0.256563,0.926171,0.249278,-0.303601,0.963752,0.239638,-0.286307,0.936374,0.245053,-0.274674,0.917464,0.240194,-0.016045,0.843503,-0.417207,-0.055708,0.808370,-0.423573,-0.077234,0.787242,-0.443004,-0.040559,0.772950,-0.446686,-0.067214,0.751127,-0.459871,-0.092267,0.746774,-0.467765,-0.034505,0.781036,-0.470271,-0.061921,0.759171,-0.487987,-0.086687,0.760677,-0.496335,-0.029371,0.789021,-0.489189,-0.056220,0.770497,-0.507624,-0.077489,0.777544,-0.512617,-0.026514,0.803219,-0.505579,-0.051175,0.789340,-0.522222,-0.072584,0.790965,-0.529692,,,
56,1.867,-0.239609,0.927367,-0.176111,-0.358557,0.932500,-0.190620,-0.120660,0.922235,-0.161603,-0.347397,0.523004,-0.366747,-0.116412,0.560262,0.098763,-0.360430,0.181976,-0.605061,-0.098577,0.159039,0.208150,-0.234837,1.044489,-0.173798,-0.237833,1.258560,-0.162378,-0.216810,1.499118,-0.138115,-0.207701,1.596608,-0.103271,-0.255061,1.449335,-0.132423,-0.186762,1.445259,-0.151140,-0.385639,1.400253,-0.078834,-0.057810,1.383147,-0.191560,-0.481061,1.153265,0.040669,-0.036200,1.119276,-0.312758,-0.319666,1.017668,0.229137,-0.002489,0.845177,-0.373537,-0.382234,0.059126,-0.476537,-0.074740,0.116956,0.380624,,,,,,,,,,-0.296635,1.024973,0.235449,-0.252413,1.007651,0.259787,-0.228478,0.989293,0.279211,-0.256897,0.995147,0.298527,-0.233012,0.970319,0.311708,-0.215957,0.949901,0.312718,-0.276122,0.978614,0.302445,-0.254351,0.947463,0.312414,-0.240210,0.925445,0.311844,-0.292492,0.965340,0.304396,-0.273454,0.934307,0.313243,-0.262190,0.914716,0.309190,-0.309115,0.952082,0.299267,-0.291582,0.924968,0.305215,-0.279705,0.906116,0.300740,-0.013451,0.826895,-0.360528,-0.053687,0.792869,-0.368965,-0.075660,0.773131,-0.389335,-0.039061,0.758538,-0.393980,-0.065981,0.737947,-0.408536,-0.091045,0.734439,-0.416809,-0.032777,0.767824,-0.417057,-0.060332,0.747323,-0.436138,-0.085015,0.749568,-0.444564,-0.027434,0.776763,-0.435484,-0.054390,0.759646,-0.455088,-0.075534,0.767214,-0.459840,-0.024270,0.791804,-0.451045,-0.049057,0.779176,-0.468480,-0.070409,0.781419,-0.475953,,,
57,1.900,-0.235441,0.918444,-0.113233,-0.354568,0.921722,-0.126787,-0.116315,0.915166,-0.099678,-0.350034,0.510737,-0.299715,-0.107744,0.562247,0.172733,-0.356304,0.200667,-0.577348,-0.099921,0.150033,0.230026,-0.232397,1.035635,-0.111647,-0.233104,1.249791,-0.101514,-0.212539,1.490683,-0.080375,-0.200967,1.588352,-0.046785,-0.250610,1.440875,-0.073772,-0.182449,1.436746,-0.092973,-0.381183,1.392432,-0.019592,-0.054207,1.373067,-0.133214,-0.476857,1.140232,0.088257,-0.026324,1.105010,-0.243447,-0.329260,0.994864,0.280712,0.012152,0.829600,-0.294726,-0.383771,0.052366,-0.480712,-0.080434,0.081815,0.394503,,,,,,,,,,-0.306752,1.001937,0.288899,-0.264446,0.983843,0.315931,-0.243337,0.963777,0.336882,-0.271770,0.970282,0.353874,-0.249003,0.944927,0.367995,-0.232145,0.924384,0.369617,-0.291237,0.953693,0.355909,-0.270347,0.922047,0.366198,-0.256304,0.899962,0.365794,-0.307711,0.940409,0.356282,-0.289532,0.909026,0.365684,-0.278083,0.889477,0.361958,-0.323916,0.927338,0.349579,-0.306818,0.900011,0.355810,-0.294640,0.881297,0.351572,0.000614,0.811145,-0.282482,-0.039364,0.777429,-0.293108,-0.060836,0.757953,-0.314251,-0.023858,0.743467,-0.318097,-0.050686,0.723788,-0.334022,-0.075505,0.720964,-0.343240,-0.016619,0.753116,-0.340742,-0.043606,0.733282,-0.361283,-0.067918,0.735919,-0.370626,-0.010508,0.762343,-0.358784,-0.037009,0.745945,-0.379584,-0.057904,0.753825,-0.384899,-0.006669,0.777632,-0.373946,-0.031211,0.765479,-0.392052,-0.052379,0.767980,-0.399954,,,
58,1.933,-0.228098,0.914691,-0.051544,-0.347421,0.916937,-0.063478,-0.108774,0.912446,-0.039610,-0.369863,0.491878,-0.196347,-0.093714,0.559955,0.233073,-0.357769,0.223060,-0.513922,-0.097455,0.143848,0.243318,-0.226025,1.031907,-0.050214,-0.226822,1.246120,-0.041383,-0.204900,1.487112,-0.022917,-0.191163,1.584873,0.009573,-0.243128,1.437556,-0.015390,-0.175203,1.432907,-0.035297,-0.374012,1.390694,0.039427,-0.048341,1.366504,-0.075507,-0.469481,1.130721,0.127117,-0.014333,1.093475,-0.170809,-0.344768,0.963743,0.318219,0.027223,0.815819,-0.204578,-0.382236,0.048132,-0.484125,-0.077782,0.061839,0.401348,,,,,,,,,,-0.323206,0.969687,0.329325,-0.284565,0.948794,0.359629,-0.267278,0.926163,0.381450,-0.296379,0.932991,0.395516,-0.276026,0.906080,0.410422,-0.259970,0.884953,0.412579,-0.316251,0.916811,0.394242,-0.297364,0.883966,0.404646,-0.283850,0.861553,0.404326,-0.332901,0.903960,0.391878,-0.316569,0.871554,0.401200,-0.305172,0.851960,0.397551,-0.348480,0.891772,0.382542,-0.332633,0.863640,0.388492,-0.320390,0.844973,0.384234,0.014719,0.797750,-0.192713,-0.024844,0.764175,-0.205185,-0.044920,0.744531,-0.227510,-0.008113,0.729522,-0.228369,-0.035163,0.711125,-0.245411,-0.059621,0.709492,-0.255808,0.000682,0.738595,-0.250698,-0.025842,0.719488,-0.272493,-0.049498,0.722922,-0.283167,0.008049,0.747359,-0.268500,-0.018120,0.731623,-0.290213,-0.038480,0.740138,-0.296531,0.013026,0.762269,-0.283709,-0.011154,0.750228,-0.302368,-0.031983,0.753183,-0.310981,,,
59,1.967,-0.221276,0.914507,0.007377,-0.340807,0.916463,-0.002327,-0.101745,0.912552,0.017081,-0.391818,0.478388,-0.068059,-0.080805,0.552150,0.278816,-0.370230,0.260142,-0.421847,-0.095668,0.137313,0.247944,-0.219475,1.031726,0.008820,-0.221421,1.245937,0.017514,-0.200994,1.487116,0.035245,-0.186586,1.584930,0.067280,-0.238937,1.437354,0.042857,-0.170945,1.433053,0.023099,-0.369996,1.390356,0.097135,-0.044391,1.365637,-0.016390,-0.460330,1.122839,0.165432,-0.002032,1.088614,-0.095431,-0.362417,0.927790,0.345221,0.043655,0.809760,-0.106106,-0.385537,0.084142,-0.451441,-0.073447,0.052367,0.404074,,,,,,,,,,-0.342196,0.931644,0.359360,-0.308009,0.906079,0.391386,-0.294102,0.880504,0.412354,-0.324438,0.886912,0.423634,-0.306926,0.857697,0.437793,-0.291916,0.835774,0.439491,-0.344419,0.871751,0.418235,-0.328007,0.837206,0.427235,-0.315259,0.814372,0.426128,-0.360988,0.859890,0.412511,-0.346748,0.826052,0.419993,-0.335512,0.806525,0.415571,-0.375642,0.849410,0.400108,-0.361508,0.820092,0.404431,-0.349446,0.801490,0.399439,0.031098,0.792269,-0.093456,-0.006831,0.756577,-0.105092,-0.024836,0.734799,-0.127204,0.012001,0.720791,-0.124661,-0.014707,0.701497,-0.141245,-0.038861,0.699383,-0.152247,0.021628,0.728389,-0.147197,-0.004179,0.707890,-0.168584,-0.027456,0.710692,-0.180230,0.029614,0.735984,-0.165268,0.004061,0.718686,-0.186521,-0.016148,0.726671,-0.193922,0.034911,0.749826,-0.181353,0.011320,0.736045,-0.199557,-0.009353,0.738149,-0.208776,,,
60,2.000,-0.216086,0.918102,0.062421,-0.335822,0.919786,0.055646,-0.096349,0.916418,0.069196,-0.398164,0.478391,0.066434,-0.071601,0.543521,0.312440,-0.377780,0.290486,-0.304430,-0.092846,0.132137,0.252641,-0.214526,1.035323,0.063999,-0.217759,1.249432,0.074617,-0.200150,1.490581,0.095491,-0.186354,1.588189,0.128414,-0.237776,1.440376,0.101620,-0.169281,1.436948,0.083495,-0.369618,1.391477,0.152195,-0.041948,1.369772,0.046160,-0.451794,1.117882,0.204947,0.007047,1.089987,-0.017900,-0.386891,0.891673,0.361702,0.054861,0.811613,-0.004405,-0.395595,0.118049,-0.349531,-0.068132,0.047570,0.408602,,,,,,,,,,-0.367708,0.891694,0.377691,-0.337255,0.858749,0.406591,-0.325666,0.829251,0.423406,-0.356966,0.834863,0.433390,-0.341762,0.802558,0.442655,-0.327823,0.779936,0.440984,-0.377072,0.822110,0.423831,-0.363005,0.785560,0.426980,-0.351270,0.762640,0.422282,-0.393617,0.812465,0.414819,-0.381364,0.777091,0.416364,-0.370633,0.758208,0.408924,-0.407668,0.805310,0.399661,-0.395599,0.774784,0.398976,-0.384257,0.756699,0.391181,0.043530,0.794946,0.010342,0.008072,0.755678,0.003364,-0.008409,0.730303,-0.015919,0.029240,0.719161,-0.012021,0.003200,0.696904,-0.025699,-0.021008,0.692497,-0.035872,0.038298,0.724660,-0.035387,0.013073,0.700871,-0.053863,-0.010484,0.701463,-0.065265,0.045726,0.730576,-0.054303,0.020735,0.709788,-0.072937,0.000046,0.715956,-0.080738,0.050054,0.742737,-0.071960,0.026997,0.725744,-0.088004,0.006112,0.725702,-0.096984,,,
61,2.033,-0.213318,0.926230,0.116198,-0.333153,0.927524,0.111364,-0.093482,0.924936,0.121033,-0.398220,0.493431,0.189865,-0.071288,0.535415,0.336935,-0.374469,0.300366,-0.178137,-0.091337,0.126960,0.259304,-0.212123,1.043452,0.117962,-0.215820,1.257435,0.130741,-0.200682,1.498287,0.156431,-0.188791,1.595490,0.191241,-0.238252,1.447788,0.159927,-0.168954,1.445027,0.145030,-0.371719,1.396521,0.203396,-0.039640,1.378907,0.112993,-0.445748,1.118007,0.239993,0.015096,1.097016,0.064772,-0.415791,0.866689,0.366076,0.061661,0.820944,0.104473,-0.397760,0.124632,-0.203852,-0.065597,0.042614,0.415218,,,,,,,,,,-0.397025,0.861616,0.381752,-0.368797,0.820839,0.401461,-0.358540,0.787635,0.410373,-0.390209,0.791835,0.420889,-0.376368,0.757644,0.421103,-0.363252,0.735790,0.413410,-0.410625,0.783008,0.408101,-0.398232,0.746383,0.401117,-0.387431,0.725121,0.390331,-0.427359,0.776859,0.396692,-0.416614,0.741890,0.388600,-0.406531,0.725284,0.376366,-0.441339,0.774582,0.380026,-0.431047,0.744698,0.371142,-0.420603,0.728758,0.358759,0.051812,0.806018,0.121903,0.018877,0.764027,0.122030,0.003289,0.734979,0.107866,0.042046,0.726992,0.111549,0.017573,0.701000,0.102272,-0.006420,0.693289,0.093681,0.050163,0.729461,0.087335,0.026204,0.701546,0.073538,0.002396,0.698841,0.062994,0.056732,0.732910,0.067512,0.033048,0.707824,0.052896,0.011832,0.711284,0.044844,0.059825,0.742519,0.048108,0.037942,0.721754,0.035156,0.017031,0.718925,0.026700,,,
62,2.067,-0.214665,0.939269,0.169811,-0.334527,0.940334,0.165608,-0.094804,0.938205,0.174013,-0.401809,0.519936,0.298166,-0.080620,0.529856,0.352571,-0.368921,0.288352,-0.046147,-0.092599,0.123074,0.265115,-0.213693,1.056490,0.171776,-0.216839,1.270407,0.185756,-0.204033,1.510996,0.214942,-0.194970,1.607852,0.251523,-0.241562,1.460352,0.215742,-0.171522,1.457961,0.204763,-0.376816,1.407380,0.250837,-0.039975,1.393047,0.180234,-0.444534,1.125342,0.266917,0.019269,1.109501,0.150643,-0.442588,0.858319,0.359921,0.058562,0.837820,0.218508,-0.389459,0.110434,-0.043095,-0.067429,0.038811,0.421168,,,,,,,,,,-0.424381,0.848685,0.374038,-0.397844,0.803231,0.382856,-0.388213,0.768673,0.383274,-0.420568,0.770910,0.393639,-0.407519,0.737497,0.385042,-0.394718,0.718092,0.372066,-0.440896,0.766438,0.378639,-0.429356,0.732606,0.362329,-0.418893,0.714642,0.346426,-0.457503,0.764062,0.365733,-0.447462,0.732189,0.348790,-0.437509,0.719134,0.332740,-0.471114,0.766700,0.348816,-0.461672,0.739889,0.332385,-0.451503,0.727473,0.316294,0.048680,0.825674,0.237962,0.016930,0.783260,0.244361,0.002351,0.751795,0.235156,0.041382,0.745755,0.240660,0.018846,0.716985,0.235662,-0.004366,0.706330,0.228137,0.050055,0.744445,0.216549,0.027727,0.713447,0.207372,0.004359,0.707777,0.197023,0.057039,0.744778,0.196571,0.035186,0.716281,0.185883,0.014120,0.717134,0.176803,0.060368,0.751142,0.175912,0.039918,0.727555,0.165752,0.019523,0.722350,0.157162,,,
63,2.100,-0.219753,0.955212,0.221653,-0.339609,0.956085,0.217274,-0.099896,0.954339,0.226032,-0.406280,0.550189,0.389424,-0.094332,0.528740,0.358950,-0.366487,0.262448,0.091288,-0.096570,0.122225,0.269484,-0.218969,1.072436,0.223568,-0.221201,1.286268,0.238951,-0.210639,1.526706,0.270205,-0.204577,1.623392,0.307842,-0.248002,1.475953,0.268795,-0.177490,1.473826,0.261367,-0.384705,1.422113,0.296091,-0.044161,1.410111,0.244507,-0.448522,1.138822,0.288140,0.018489,1.125948,0.234015,-0.467107,0.862984,0.347498,0.045511,0.860934,0.328871,-0.386294,0.089480,0.133431,-0.073364,0.037868,0.425790,,,,,,,,,,-0.449664,0.849974,0.359750,-0.424034,0.803172,0.358901,-0.414086,0.769357,0.352217,-0.447562,0.769713,0.360935,-0.434503,0.738290,0.346700,-0.421202,0.721469,0.330922,-0.467230,0.769250,0.344467,-0.455519,0.739250,0.321959,-0.444598,0.724706,0.303136,-0.483254,0.770266,0.330675,-0.473161,0.742273,0.307908,-0.462756,0.732510,0.289922,-0.496050,0.777022,0.314275,-0.486638,0.754395,0.292426,-0.476148,0.745714,0.274230,0.033479,0.851866,0.348786,0.001096,0.810521,0.358268,-0.012446,0.777780,0.352610,0.025707,0.773275,0.363304,0.004653,0.743072,0.361052,-0.017299,0.730245,0.353145,0.037023,0.768304,0.340820,0.016147,0.735605,0.334610,-0.005878,0.727631,0.322921,0.046202,0.765582,0.321943,0.026257,0.734932,0.313781,0.006381,0.733514,0.302386,0.051842,0.768652,0.301035,0.033023,0.743205,0.292314,0.013888,0.736140,0.282277,,,
64,2.133,-0.226462,0.970303,0.277174,-0.346295,0.970864,0.272130,-0.106630,0.969741,0.282217,-0.409111,0.575722,0.468978,-0.106281,0.531196,0.362905,-0.371015,0.228039,0.243305,-0.101752,0.123661,0.278298,-0.225974,1.087534,0.278636,-0.227512,1.301206,0.296185,-0.219402,1.541515,0.329113,-0.215999,1.638178,0.367142,-0.256416,1.490581,0.326034,-0.185665,1.488856,0.321233,-0.393719,1.435375,0.346811,-0.050999,1.426707,0.310154,-0.454711,1.153691,0.310429,0.015583,1.143300,0.315743,-0.484882,0.873733,0.336279,0.028239,0.886792,0.434081,-0.395832,0.072786,0.329134,-0.080922,0.038907,0.434724,,,,,,,,,,-0.468126,0.858630,0.346992,-0.441997,0.812776,0.339079,-0.430871,0.780802,0.327204,-0.465249,0.779564,0.333284,-0.451341,0.749928,0.316288,-0.436886,0.734967,0.299675,-0.483811,0.782225,0.315773,-0.470851,0.755609,0.289940,-0.458774,0.743751,0.269973,-0.498925,0.785830,0.301401,-0.487975,0.761163,0.275412,-0.476672,0.753837,0.256820,-0.510712,0.795559,0.285754,-0.500340,0.777038,0.260707,-0.488970,0.771604,0.241794,0.013431,0.880589,0.453209,-0.020213,0.840604,0.464037,-0.033047,0.807194,0.461493,0.003209,0.804905,0.478011,-0.016983,0.774037,0.477843,-0.037488,0.759391,0.469241,0.017594,0.796835,0.458359,-0.002196,0.763122,0.454437,-0.022356,0.752967,0.441179,0.029362,0.791489,0.441597,0.010975,0.759400,0.435594,-0.007054,0.755695,0.421877,0.037952,0.791515,0.421482,0.020667,0.764622,0.414010,0.003228,0.755711,0.402466,,,
65,2.167,-0.232096,0.981275,0.320176,-0.351979,0.982214,0.316602,-0.112213,0.980337,0.323750,-0.406085,0.590306,0.522305,-0.114390,0.535450,0.353818,-0.373044,0.195487,0.394674,-0.107940,0.129188,0.263413,-0.231266,1.098477,0.323107,-0.232357,1.312050,0.341845,-0.228330,1.552560,0.374057,-0.227339,1.649363,0.411869,-0.264570,1.501127,0.370160,-0.193697,1.500327,0.367308,-0.402250,1.444956,0.385009,-0.057738,1.440352,0.361109,-0.460152,1.167035,0.323389,0.017735,1.159977,0.382961,-0.493077,0.886212,0.326471,0.022029,0.913784,0.521997,-0.401480,0.068971,0.518250,-0.086741,0.045280,0.420246,,,,,,,,,,-0.476657,0.870922,0.337436,-0.447467,0.827223,0.328142,-0.433292,0.797038,0.314910,-0.468236,0.793711,0.317058,-0.451266,0.766002,0.299599,-0.434459,0.752912,0.283631,-0.485124,0.797190,0.298060,-0.468502,0.773304,0.271661,-0.454000,0.763598,0.252152,-0.498941,0.801465,0.282606,-0.484578,0.779351,0.255990,-0.471285,0.773930,0.238073,-0.509655,0.812098,0.266778,-0.496169,0.796285,0.241360,-0.482864,0.792998,0.223232,0.005706,0.907778,0.539916,-0.028432,0.867685,0.548583,-0.040887,0.834163,0.545657,-0.006006,0.832442,0.565116,-0.026037,0.801504,0.563644,-0.045687,0.786664,0.553515,0.010046,0.824165,0.546893,-0.009313,0.790366,0.541749,-0.028256,0.780013,0.526941,0.023227,0.818639,0.531281,0.005507,0.786379,0.524267,-0.011294,0.782396,0.509140,0.033483,0.818396,0.511964,0.016953,0.791315,0.503528,0.000556,0.782162,0.490715,,,
66,2.200,-0.236316,0.983899,0.372695,-0.356219,0.984056,0.369716,-0.116413,0.983742,0.375675,-0.397800,0.584706,0.563685,-0.115981,0.537883,0.369170,-0.374907,0.169088,0.563086,-0.111540,0.134796,0.265417,-0.236270,1.101061,0.377000,-0.235985,1.314548,0.396724,-0.236338,1.555174,0.428315,-0.237574,1.652140,0.465698,-0.271719,1.503237,0.423350,-0.200785,1.503405,0.422905,-0.409460,1.445876,0.431630,-0.063202,1.446914,0.422858,-0.460341,1.173034,0.345850,0.023815,1.171831,0.462109,-0.492916,0.892853,0.326032,0.014885,0.940345,0.624267,-0.408200,0.080134,0.714957,-0.089266,0.051250,0.422294,,,,,,,,,,-0.477073,0.877452,0.337669,-0.445341,0.835478,0.328763,-0.428634,0.806721,0.315307,-0.463508,0.802069,0.313564,-0.443844,0.776093,0.296267,-0.425043,0.764605,0.281321,-0.478527,0.806200,0.293177,-0.458364,0.784624,0.267261,-0.441579,0.776679,0.248815,-0.490883,0.810998,0.276675,-0.473047,0.791143,0.250381,-0.457817,0.787335,0.233628,-0.500375,0.822268,0.260511,-0.483722,0.808587,0.235742,-0.468507,0.806927,0.218942,-0.003210,0.934606,0.640492,-0.037444,0.894149,0.646761,-0.049447,0.860456,0.643921,-0.016408,0.859919,0.666861,-0.036106,0.828902,0.663627,-0.054408,0.813807,0.651538,0.001683,0.851370,0.650801,-0.016778,0.817303,0.644302,-0.033854,0.806467,0.627680,0.016588,0.845597,0.636926,-0.000169,0.813085,0.628801,-0.015184,0.808661,0.612010,0.028909,0.844926,0.618867,0.013305,0.817580,0.609564,-0.001679,0.808035,0.595381,,,
67,2.233,-0.239565,0.977835,0.422250,-0.359437,0.974450,0.420037,-0.119693,0.981221,0.424462,-0.392395,0.580154,0.625652,-0.109773,0.536002,0.401780,-0.386849,0.175676,0.723784,-0.108666,0.142203,0.266929,-0.242968,1.094912,0.427471,-0.239876,1.308370,0.447258,-0.245491,1.549040,0.478004,-0.248524,1.646161,0.514879,-0.279775,1.496496,0.471879,-0.208889,1.497869,0.474116,-0.417081,1.437557,0.474050,-0.069926,1.445329,0.481123,-0.456918,1.170274,0.367455,0.029239,1.178193,0.541029,-0.485732,0.892070,0.325897,0.011063,0.960907,0.721075,-0.422993,0.126171,0.892096,-0.086399,0.056060,0.422395,,,,,,,,,,-0.470922,0.876425,0.338529,-0.437444,0.835490,0.331353,-0.418590,0.807689,0.318752,-0.453048,0.802510,0.312750,-0.431104,0.777652,0.296589,-0.410560,0.767151,0.283305,-0.465814,0.807321,0.291021,-0.442481,0.787291,0.266565,-0.423612,0.780476,0.249754,-0.476377,0.812666,0.273475,-0.455315,0.794384,0.248457,-0.438255,0.791630,0.233341,-0.484281,0.824509,0.256873,-0.464653,0.812298,0.233558,-0.447624,0.811692,0.218520,-0.008662,0.955791,0.735510,-0.042719,0.915017,0.740568,-0.054645,0.881214,0.738985,-0.023544,0.882658,0.765134,-0.042608,0.851337,0.761113,-0.059258,0.835480,0.747685,-0.003608,0.873528,0.751812,-0.020825,0.838834,0.745218,-0.035730,0.826785,0.727386,0.012870,0.867234,0.740113,-0.002690,0.834133,0.731983,-0.015667,0.828622,0.713867,0.027172,0.865698,0.723637,0.012610,0.837761,0.714404,-0.000778,0.827301,0.699299,,,
68,2.267,-0.242532,0.966064,0.477614,-0.362273,0.959195,0.476981,-0.122790,0.972933,0.478246,-0.389899,0.578665,0.707777,-0.103432,0.529487,0.435659,-0.407866,0.193213,0.863876,-0.105478,0.147721,0.269784,-0.249268,1.082971,0.483353,-0.244810,1.296509,0.501988,-0.254971,1.537219,0.531217,-0.259266,1.634478,0.567600,-0.288260,1.484130,0.524345,-0.217504,1.486590,0.528726,-0.425266,1.424529,0.521440,-0.078326,1.436054,0.542724,-0.454123,1.162830,0.398678,0.029511,1.178515,0.625361,-0.479255,0.888021,0.337003,0.003307,0.973555,0.818404,-0.445897,0.184465,1.038699,-0.082967,0.058181,0.423284,,,,,,,,,,-0.465581,0.871814,0.350193,-0.430963,0.831642,0.344211,-0.410558,0.804770,0.332018,-0.444123,0.799637,0.322309,-0.419943,0.776527,0.306757,-0.397884,0.767504,0.294891,-0.454686,0.805562,0.299691,-0.428523,0.787610,0.276518,-0.407897,0.782260,0.261318,-0.463490,0.811802,0.281482,-0.439460,0.795710,0.257663,-0.420862,0.794341,0.244270,-0.469837,0.824499,0.264842,-0.447719,0.814063,0.242937,-0.429257,0.814639,0.229697,-0.017583,0.969262,0.831396,-0.051151,0.928187,0.837229,-0.062679,0.894217,0.837955,-0.033733,0.898853,0.866460,-0.051870,0.866878,0.863416,-0.066902,0.849537,0.849916,-0.012457,0.889082,0.855965,-0.028293,0.853457,0.851096,-0.041196,0.839432,0.833148,0.005168,0.882187,0.846488,-0.009048,0.848134,0.839993,-0.020166,0.840726,0.821326,0.020983,0.879514,0.831617,0.007645,0.850534,0.823867,-0.004196,0.838417,0.808709,,,
69,2.300,-0.246380,0.950880,0.536557,-0.366030,0.942674,0.538068,-0.126731,0.959086,0.535046,-0.390295,0.582565,0.799918,-0.102339,0.519057,0.467129,-0.420052,0.206748,0.976383,-0.106409,0.151321,0.272148,-0.254312,1.067683,0.542852,-0.250909,1.281339,0.560333,-0.263044,1.522120,0.588191,-0.268001,1.619536,0.624066,-0.295885,1.468793,0.581005,-0.225231,1.471712,0.586600,-0.432947,1.409668,0.573957,-0.086654,1.421404,0.606240,-0.454007,1.151956,0.441553,0.026191,1.173142,0.708299,-0.478050,0.881453,0.362781,-0.004010,0.976856,0.909595,-0.457867,0.232063,1.149632,-0.082648,0.060015,0.424414,,,,,,,,,,-0.465121,0.864579,0.375886,-0.429918,0.824922,0.369878,-0.408451,0.798789,0.357905,-0.441451,0.794149,0.345439,-0.415108,0.774233,0.329009,-0.391986,0.767815,0.317476,-0.450610,0.801297,0.322563,-0.422238,0.786455,0.299792,-0.400477,0.783260,0.285604,-0.458292,0.808517,0.304210,-0.431830,0.795519,0.281089,-0.412254,0.796060,0.269106,-0.463667,0.822104,0.287935,-0.439795,0.813556,0.267079,-0.420445,0.815337,0.255292,-0.025477,0.972774,0.921683,-0.057831,0.930965,0.928974,-0.067729,0.896592,0.931786,-0.041161,0.904822,0.961485,-0.057932,0.872006,0.959927,-0.071473,0.853082,0.946986,-0.018952,0.895115,0.953071,-0.033078,0.858559,0.950294,-0.044315,0.842624,0.932826,-0.000550,0.888205,0.945221,-0.013106,0.853198,0.940664,-0.022784,0.843912,0.922035,0.016219,0.884990,0.931552,0.004353,0.854965,0.925594,-0.006160,0.841169,0.910900,,,
70,2.333,-0.251300,0.937021,0.597916,-0.370934,0.929060,0.601053,-0.131666,0.944983,0.594780,-0.394842,0.571776,0.866776,-0.106673,0.510309,0.498515,-0.417955,0.195703,1.043690,-0.108941,0.157006,0.278435,-0.258905,1.053839,0.604349,-0.257606,1.267522,0.621780,-0.270791,1.508228,0.649808,-0.276693,1.605672,0.685464,-0.303368,1.454855,0.641811,-0.232859,1.457891,0.648949,-0.439953,1.395296,0.630472,-0.094753,1.408347,0.673286,-0.454624,1.138368,0.495702,0.019769,1.165736,0.786461,-0.478159,0.871876,0.404144,-0.008698,0.972742,0.991164,-0.450792,0.216796,1.218512,-0.084636,0.059635,0.426808,,,,,,,,,,-0.465371,0.854381,0.416556,-0.429819,0.815292,0.409070,-0.408012,0.789980,0.395996,-0.440707,0.785834,0.382785,-0.413603,0.768035,0.365200,-0.390198,0.763228,0.353458,-0.449484,0.794166,0.360162,-0.420318,0.781486,0.337091,-0.398208,0.779714,0.323194,-0.456870,0.802334,0.342086,-0.429552,0.791409,0.318889,-0.409700,0.793121,0.307483,-0.462027,0.816757,0.326473,-0.437530,0.809577,0.305827,-0.417899,0.812158,0.294670,-0.030419,0.968872,1.002862,-0.061795,0.926715,1.012152,-0.070502,0.892259,1.017087,-0.045449,0.903459,1.046941,-0.061249,0.870129,1.047174,-0.073830,0.849964,1.035173,-0.022715,0.893864,1.039917,-0.035645,0.856768,1.039392,-0.045833,0.839279,1.022789,-0.003881,0.886980,1.033141,-0.015310,0.851385,1.030655,-0.024114,0.840561,1.012426,0.013405,0.883320,1.020249,0.002563,0.852606,1.016134,-0.007096,0.837492,1.002168,,,
71,2.367,-0.257230,0.924763,0.662001,-0.376982,0.918802,0.665097,-0.137478,0.930725,0.658905,-0.398474,0.553057,0.919265,-0.116260,0.503799,0.531952,-0.411510,0.169838,1.081243,-0.111781,0.164978,0.290201,-0.262943,1.041785,0.666355,-0.264124,1.255639,0.681540,-0.279341,1.496444,0.707620,-0.287118,1.594116,0.742278,-0.311399,1.442855,0.698999,-0.241149,1.446301,0.708212,-0.446855,1.381346,0.684869,-0.103229,1.398665,0.737007,-0.458663,1.121698,0.555125,0.011825,1.157083,0.851832,-0.482336,0.855975,0.461392,-0.008981,0.960791,1.054309,-0.435180,0.153372,1.258033,-0.086508,0.055369,0.429605,,,,,,,,,,-0.469485,0.837730,0.472599,-0.435161,0.798212,0.462199,-0.414619,0.773068,0.446934,-0.447734,0.770063,0.435240,-0.421754,0.752521,0.415801,-0.398960,0.747772,0.402890,-0.457185,0.779476,0.413323,-0.429211,0.767014,0.388708,-0.407681,0.765263,0.373926,-0.465074,0.788512,0.395885,-0.438889,0.777932,0.371264,-0.419442,0.779661,0.359184,-0.470496,0.803652,0.381061,-0.446867,0.796644,0.359369,-0.427554,0.799143,0.347654,-0.030657,0.957025,1.066122,-0.061152,0.914701,1.077377,-0.068709,0.880242,1.083925,-0.044440,0.893530,1.113304,-0.059352,0.859881,1.115747,-0.071438,0.838670,1.105119,-0.021477,0.884099,1.106818,-0.033444,0.846714,1.108482,-0.043171,0.828020,1.092950,-0.002474,0.877304,1.100438,-0.012894,0.841317,1.100016,-0.021353,0.829218,1.082437,0.014935,0.873395,1.087787,0.005181,0.842142,1.085357,-0.003889,0.825976,1.072197,,,
72,2.400,-0.264317,0.914830,0.729273,-0.384164,0.910261,0.730438,-0.144470,0.919400,0.728107,-0.400954,0.535676,0.971762,-0.126996,0.504501,0.565670,-0.406832,0.143248,1.110430,-0.111100,0.178704,0.307083,-0.268755,1.031953,0.732155,-0.272457,1.246049,0.742881,-0.288595,1.487427,0.762239,-0.298932,1.585679,0.794509,-0.320355,1.433582,0.754129,-0.250393,1.437376,0.765203,-0.455023,1.370719,0.738497,-0.112828,1.391106,0.797688,-0.468900,1.106199,0.619223,-0.000264,1.146103,0.907628,-0.494804,0.837266,0.535802,-0.011986,0.941307,1.102259,-0.429320,0.085615,1.278533,-0.084540,0.047600,0.426215,,,,,,,,,,-0.481869,0.818500,0.546009,-0.449514,0.778068,0.533108,-0.430985,0.752624,0.515890,-0.464608,0.750644,0.506700,-0.440430,0.732635,0.485446,-0.418648,0.727402,0.471060,-0.475089,0.760604,0.485506,-0.448962,0.747588,0.459207,-0.428378,0.745358,0.443193,-0.483749,0.770086,0.468681,-0.459390,0.759037,0.442446,-0.440646,0.760329,0.429250,-0.489594,0.785563,0.454374,-0.467401,0.777955,0.431405,-0.448674,0.779898,0.418676,-0.033629,0.937671,1.114175,-0.063966,0.895445,1.126199,-0.070610,0.860900,1.133265,-0.047121,0.874939,1.162448,-0.061427,0.841240,1.166954,-0.073365,0.819306,1.157716,-0.024139,0.865474,1.156081,-0.035611,0.828053,1.159500,-0.045277,0.808570,1.144930,-0.005125,0.858633,1.149782,-0.014872,0.822472,1.150890,-0.023225,0.809519,1.133878,0.012274,0.854567,1.137167,0.003355,0.823006,1.135689,-0.005308,0.806270,1.122976,,,
73,2.433,-0.274021,0.908690,0.793546,-0.393908,0.905304,0.792428,-0.154134,0.912077,0.794663,-0.414811,0.534938,1.039865,-0.128667,0.496335,0.635471,-0.412316,0.129572,1.134392,-0.107371,0.196682,0.347342,-0.277346,1.025875,0.795076,-0.284173,1.240032,0.802565,-0.298060,1.481995,0.815206,-0.310460,1.580871,0.844720,-0.330276,1.428266,0.808190,-0.260406,1.431666,0.819958,-0.465150,1.365782,0.792822,-0.123525,1.384619,0.854168,-0.487511,1.096604,0.685899,-0.016873,1.131719,0.951384,-0.520166,0.823672,0.619589,-0.019640,0.914139,1.131972,-0.435673,0.041870,1.288823,-0.080143,0.037604,0.425054,,,,,,,,,,-0.507169,0.805185,0.630217,-0.475654,0.763844,0.618145,-0.458140,0.737596,0.601072,-0.491790,0.735538,0.593333,-0.468376,0.716658,0.571981,-0.447085,0.710780,0.557115,-0.502742,0.744740,0.572034,-0.477370,0.730454,0.545654,-0.457204,0.727403,0.529249,-0.511757,0.753623,0.555068,-0.488155,0.741248,0.528732,-0.469732,0.741790,0.515042,-0.517819,0.768563,0.540289,-0.496059,0.759478,0.517444,-0.477493,0.760462,0.504373,-0.041291,0.910795,1.143960,-0.072497,0.869067,1.155487,-0.080184,0.834644,1.162070,-0.055908,0.847604,1.191297,-0.070540,0.814149,1.196517,-0.082940,0.792250,1.187821,-0.033181,0.837733,1.184638,-0.045178,0.800511,1.188408,-0.055350,0.781047,1.174160,-0.014362,0.830572,1.178113,-0.024525,0.794532,1.179412,-0.033213,0.781625,1.162534,0.002868,0.826324,1.165328,-0.006360,0.794862,1.163649,-0.015259,0.778247,1.150940,,,
74,2.467,-0.285228,0.906011,0.854702,-0.405101,0.903240,0.851840,-0.165354,0.908783,0.857565,-0.435287,0.546301,1.117389,-0.117432,0.479215,0.747989,-0.419599,0.130847,1.137770,-0.098940,0.222507,0.420846,-0.287942,1.023222,0.854890,-0.295421,1.237409,0.860674,-0.309354,1.479536,0.869570,-0.323056,1.578748,0.897332,-0.341567,1.425696,0.863453,-0.271677,1.429298,0.875035,-0.476237,1.362159,0.850866,-0.134737,1.382183,0.908916,-0.507588,1.088645,0.758146,-0.029971,1.121405,0.985093,-0.544867,0.811739,0.714692,-0.019990,0.888780,1.145549,-0.445576,0.043428,1.291942,-0.080504,0.044522,0.429072,,,,,,,,,,-0.531858,0.794349,0.727021,-0.500847,0.751680,0.718920,-0.484341,0.723819,0.703476,-0.517569,0.721077,0.697447,-0.494847,0.699876,0.677576,-0.473983,0.692260,0.662897,-0.528765,0.728094,0.675454,-0.503872,0.710911,0.650378,-0.483965,0.705989,0.634112,-0.537961,0.735230,0.657777,-0.514955,0.719812,0.632543,-0.496770,0.718644,0.618578,-0.544126,0.748593,0.641596,-0.522455,0.736684,0.619997,-0.503884,0.735898,0.606922,-0.041308,0.884806,1.157933,-0.072239,0.842524,1.168107,-0.080350,0.807941,1.173166,-0.054702,0.819215,1.202273,-0.069037,0.785490,1.206484,-0.081628,0.763923,1.197248,-0.032179,0.809712,1.194485,-0.043886,0.772301,1.197134,-0.054427,0.753313,1.182518,-0.013554,0.802907,1.187081,-0.023590,0.766808,1.186995,-0.032734,0.754647,1.169807,0.003315,0.799339,1.173623,-0.005893,0.767967,1.170658,-0.015106,0.751934,1.157435,,,
75,2.500,-0.295577,0.907537,0.914604,-0.415401,0.905264,0.909868,-0.175752,0.909811,0.919340,-0.449981,0.544920,1.170231,-0.109741,0.470228,0.884089,-0.424056,0.130500,1.141132,-0.095932,0.261674,0.524119,-0.297762,1.024755,0.913648,-0.304411,1.238992,0.918534,-0.317680,1.481190,0.926473,-0.331884,1.580408,0.953958,-0.350087,1.427399,0.920982,-0.280058,1.430888,0.931729,-0.484612,1.362965,0.911887,-0.142896,1.383040,0.963625,-0.525219,1.085470,0.836144,-0.042219,1.115401,1.018554,-0.565104,0.805962,0.820661,-0.023825,0.870121,1.158052,-0.451554,0.043142,1.295075,-0.076489,0.088206,0.483908,,,,,,,,,,-0.552326,0.789723,0.834685,-0.522391,0.745698,0.830985,-0.507669,0.716158,0.816920,-0.540079,0.713334,0.813181,-0.518554,0.689152,0.795503,-0.498295,0.679093,0.781460,-0.551404,0.718165,0.790671,-0.527344,0.697608,0.767385,-0.507816,0.690350,0.751540,-0.560671,0.723541,0.772417,-0.538761,0.704465,0.748756,-0.520936,0.701014,0.734703,-0.566748,0.735194,0.754934,-0.545470,0.720216,0.734912,-0.526980,0.717343,0.722014,-0.044791,0.865396,1.170769,-0.075645,0.822635,1.178984,-0.083407,0.787723,1.181864,-0.057240,0.797008,1.210965,-0.071640,0.763109,1.212985,-0.084574,0.742349,1.202466,-0.035009,0.787972,1.201887,-0.046709,0.750469,1.202411,-0.057721,0.732480,1.186906,-0.016648,0.781616,1.193489,-0.026862,0.745640,1.191207,-0.036561,0.734714,1.173501,-0.000203,0.778906,1.179326,-0.009582,0.747789,1.174680,-0.019235,0.732620,1.160769,,,
76,2.533,-0.304529,0.912441,0.972928,-0.424231,0.910864,0.965556,-0.184826,0.914018,0.980300,-0.459584,0.538988,1.209052,-0.115083,0.475379,1.019851,-0.427998,0.128664,1.146602,-0.102885,0.289533,0.647593,-0.305951,1.029658,0.970943,-0.311112,1.243945,0.975407,-0.321686,1.486215,0.985008,-0.334810,1.585331,1.013387,-0.354786,1.432781,0.980225,-0.284432,1.435514,0.988855,-0.489377,1.368034,0.975245,-0.146834,1.386227,1.016389,-0.538019,1.087197,0.919085,-0.053597,1.113255,1.056097,-0.578615,0.807824,0.935151,-0.026443,0.858147,1.175021,-0.457366,0.041793,1.300475,-0.065324,0.119920,0.603926,,,,,,,,,,-0.565915,0.792793,0.950526,-0.536811,0.748061,0.950757,-0.523376,0.717106,0.938573,-0.555324,0.714454,0.936435,-0.534885,0.687805,0.921183,-0.515197,0.675607,0.908051,-0.566897,0.717279,0.913712,-0.543811,0.693746,0.892334,-0.524766,0.684333,0.877045,-0.576339,0.721022,0.895142,-0.555405,0.698930,0.873292,-0.537942,0.693502,0.859410,-0.582471,0.731027,0.876685,-0.561828,0.713669,0.857962,-0.543609,0.709127,0.845159,-0.047092,0.852528,1.187894,-0.077812,0.809293,1.193806,-0.084364,0.774017,1.194092,-0.058657,0.781440,1.223397,-0.073113,0.747507,1.223048,-0.086335,0.727673,1.211184,-0.036679,0.773074,1.213137,-0.048425,0.735634,1.211166,-0.059840,0.718867,1.194617,-0.018549,0.767333,1.203845,-0.028854,0.731615,1.199166,-0.038992,0.722029,1.180938,-0.002471,0.765640,1.189113,-0.011779,0.734839,1.182596,-0.021683,0.720579,1.167921,,,
77,2.567,-0.311401,0.920924,1.030010,-0.430949,0.920090,1.020369,-0.191852,0.921758,1.039652,-0.462026,0.530594,1.235218,-0.125258,0.494279,1.147629,-0.429842,0.124316,1.150567,-0.115753,0.292767,0.783532,-0.311987,1.038129,1.027149,-0.315638,1.252449,1.031564,-0.323404,1.494716,1.043620,-0.333939,1.593774,1.073249,-0.357210,1.441629,1.040047,-0.286493,1.443644,1.045217,-0.491835,1.376787,1.041819,-0.148195,1.392818,1.065482,-0.545673,1.093348,1.007862,-0.062001,1.115790,1.090175,-0.582001,0.817461,1.058081,-0.022518,0.853326,1.187718,-0.460223,0.037090,1.304042,-0.071525,0.120668,0.760905,,,,,,,,,,-0.568689,0.804056,1.074413,-0.540014,0.759212,1.078252,-0.527451,0.726898,1.069023,-0.559517,0.724489,1.068702,-0.540119,0.695834,1.055928,-0.521191,0.681789,1.043547,-0.572178,0.724929,1.046392,-0.550495,0.698672,1.026792,-0.532360,0.687213,1.011795,-0.582497,0.726713,1.027998,-0.562710,0.702216,1.007696,-0.545949,0.695185,0.993670,-0.589448,0.734684,1.008853,-0.569966,0.715289,0.990901,-0.552498,0.709314,0.977648,-0.042242,0.846376,1.201367,-0.071957,0.802273,1.205819,-0.077062,0.766834,1.203495,-0.050616,0.772602,1.231944,-0.064463,0.738453,1.230304,-0.078112,0.719164,1.218033,-0.029218,0.765435,1.219737,-0.040634,0.728061,1.215674,-0.052886,0.712413,1.198635,-0.011633,0.760742,1.208932,-0.021586,0.725224,1.202357,-0.032693,0.716745,1.184144,0.003509,0.760462,1.193151,-0.005451,0.730013,1.184759,-0.015881,0.716694,1.169573,,,
78,2.600,-0.315192,0.931796,1.085885,-0.434658,0.931693,1.075238,-0.195725,0.931899,1.096533,-0.457103,0.523443,1.253171,-0.130992,0.522834,1.261783,-0.429085,0.119898,1.155038,-0.129443,0.284544,0.920492,-0.314984,1.048987,1.082419,-0.317694,1.263323,1.086725,-0.323479,1.505583,1.099958,-0.331002,1.604606,1.130607,-0.357716,1.452685,1.098105,-0.286811,1.454316,1.099338,-0.492331,1.388642,1.108532,-0.148034,1.402079,1.110860,-0.549000,1.103933,1.097594,-0.067116,1.122422,1.116126,-0.573518,0.835337,1.182505,-0.015158,0.854210,1.189086,-0.458679,0.032711,1.308689,-0.094049,0.109095,0.927651,,,,,,,,,,-0.558766,0.823989,1.199156,-0.529819,0.779700,1.206121,-0.517502,0.746436,1.200740,-0.550075,0.744252,1.202904,-0.531509,0.714191,1.192309,-0.513543,0.698671,1.180262,-0.564708,0.741970,1.181954,-0.544720,0.713325,1.163961,-0.527935,0.699962,1.148969,-0.576655,0.741496,1.164488,-0.558297,0.714977,1.145423,-0.542705,0.706519,1.130847,-0.585322,0.747026,1.145183,-0.567610,0.725457,1.127890,-0.551472,0.717836,1.113821,-0.033084,0.845610,1.204195,-0.061664,0.800687,1.207816,-0.066548,0.765516,1.202664,-0.037140,0.769137,1.228345,-0.050300,0.734767,1.225884,-0.064953,0.715994,1.213975,-0.017250,0.763584,1.213119,-0.028674,0.726473,1.207129,-0.042703,0.712086,1.190351,-0.001006,0.760285,1.199956,-0.011002,0.725161,1.191571,-0.024024,0.717920,1.174108,0.012188,0.761794,1.182577,0.002964,0.731995,1.172344,-0.008848,0.719845,1.157189,,,
79,2.633,-0.315200,0.944213,1.141671,-0.434621,0.944936,1.130548,-0.195779,0.943490,1.152794,-0.449608,0.520586,1.266689,-0.137245,0.556295,1.366069,-0.427368,0.119264,1.158477,-0.141099,0.273714,1.060460,-0.314137,1.061389,1.137880,-0.317265,1.275735,1.141274,-0.320496,1.518063,1.154138,-0.325088,1.617068,1.185418,-0.355190,1.465431,1.154182,-0.284304,1.466509,1.151779,-0.489806,1.403375,1.173131,-0.145796,1.412433,1.155190,-0.549181,1.119224,1.184197,-0.070954,1.131450,1.139977,-0.556102,0.862458,1.302426,-0.013064,0.858994,1.188725,-0.455923,0.032491,1.312558,-0.113454,0.103322,1.108299,,,,,,,,,,-0.539313,0.853390,1.318535,-0.508967,0.810445,1.327639,-0.495611,0.777178,1.326206,-0.528827,0.774824,1.331382,-0.510766,0.743835,1.322771,-0.493838,0.727066,1.310896,-0.545757,0.769821,1.312765,-0.527427,0.739166,1.296394,-0.512225,0.724040,1.281388,-0.559646,0.767070,1.297032,-0.542894,0.738619,1.279321,-0.528844,0.728629,1.264158,-0.570599,0.770043,1.278335,-0.554821,0.746371,1.261943,-0.540383,0.736996,1.247106,-0.029103,0.849209,1.205176,-0.058385,0.804690,1.208100,-0.065108,0.770341,1.200205,-0.032391,0.770736,1.221875,-0.046461,0.736837,1.218212,-0.062994,0.719355,1.206811,-0.014878,0.766421,1.203629,-0.028096,0.730272,1.195750,-0.044664,0.717817,1.179759,-0.000631,0.764202,1.188133,-0.012474,0.730151,1.177930,-0.027863,0.724762,1.161772,0.010193,0.767258,1.169374,-0.000926,0.738726,1.157536,-0.014838,0.728217,1.142948,,,
80,2.667,-0.314623,0.955429,1.198149,-0.433960,0.956998,1.186238,-0.195286,0.953861,1.210061,-0.441458,0.520053,1.274870,-0.143203,0.590294,1.462922,-0.425126,0.121008,1.157568,-0.148292,0.259930,1.209747,-0.312713,1.072597,1.194441,-0.316173,1.286944,1.197445,-0.316115,1.529294,1.210313,-0.317651,1.628196,1.242209,-0.351348,1.477048,1.212027,-0.280647,1.477342,1.206273,-0.485795,1.417364,1.238355,-0.143017,1.421114,1.202216,-0.548190,1.135349,1.269406,-0.075147,1.140258,1.166191,-0.530826,0.895259,1.417765,-0.016325,0.864877,1.191997,-0.452458,0.033471,1.311439,-0.122632,0.108607,1.302100,,,,,,,,,,-0.511712,0.888872,1.432512,-0.478264,0.848526,1.442584,-0.462843,0.816154,1.443780,-0.495612,0.812929,1.453033,-0.477000,0.781792,1.446349,-0.460660,0.764260,1.434754,-0.514441,0.805049,1.437490,-0.496693,0.773208,1.422830,-0.482670,0.756826,1.407996,-0.530016,0.799868,1.424127,-0.514188,0.769870,1.408210,-0.501615,0.758430,1.392779,-0.543350,0.800108,1.406791,-0.528631,0.775038,1.391534,-0.515719,0.764328,1.376202,-0.030949,0.854258,1.209231,-0.062499,0.811265,1.211288,-0.072259,0.778340,1.200894,-0.037323,0.774738,1.218375,-0.053790,0.742151,1.213133,-0.072585,0.726815,1.202155,-0.022354,0.771469,1.197796,-0.038706,0.737090,1.188087,-0.057791,0.727270,1.173098,-0.010168,0.770161,1.180539,-0.025277,0.738031,1.168570,-0.042752,0.735178,1.153961,-0.001415,0.774615,1.160995,-0.015547,0.748055,1.147853,-0.031660,0.739819,1.134093,,,
81,2.700,-0.314212,0.962408,1.253406,-0.433440,0.964717,1.240569,-0.194983,0.960100,1.266243,-0.432993,0.520681,1.281374,-0.148176,0.619279,1.549938,-0.423077,0.123915,1.155910,-0.151619,0.244853,1.368123,-0.311612,1.079581,1.250330,-0.315332,1.293898,1.254803,-0.311510,1.536120,1.269395,-0.310091,1.634768,1.302075,-0.347313,1.484318,1.272324,-0.276946,1.483751,1.263384,-0.481384,1.427006,1.305062,-0.140510,1.425698,1.251753,-0.548225,1.148399,1.353021,-0.080170,1.146711,1.194231,-0.498597,0.929983,1.525608,-0.024121,0.869591,1.199115,-0.449056,0.035962,1.309778,-0.123926,0.125465,1.498760,,,,,,,,,,-0.477623,0.926538,1.538719,-0.440953,0.889463,1.550065,-0.423293,0.858470,1.553896,-0.454914,0.854954,1.567137,-0.435246,0.824034,1.562920,-0.419162,0.805735,1.552186,-0.474855,0.844185,1.555111,-0.456922,0.811361,1.543080,-0.443621,0.793632,1.529156,-0.491484,0.836529,1.544487,-0.475835,0.805135,1.531323,-0.464384,0.792041,1.516339,-0.506648,0.833780,1.528967,-0.492293,0.807391,1.515721,-0.480553,0.795127,1.500613,-0.037902,0.857962,1.216391,-0.071793,0.816741,1.216793,-0.084373,0.785701,1.203922,-0.048445,0.778373,1.217804,-0.067418,0.747578,1.210571,-0.088019,0.734678,1.199703,-0.035462,0.776559,1.195749,-0.054746,0.744411,1.183990,-0.075596,0.737372,1.169811,-0.024852,0.776480,1.177435,-0.042994,0.746776,1.163564,-0.061773,0.746542,1.150364,-0.017485,0.782550,1.157756,-0.034337,0.758377,1.143283,-0.052044,0.752581,1.130258,,,
82,2.733,-0.312691,0.965292,1.307993,-0.431848,0.968302,1.294641,-0.193535,0.962282,1.321344,-0.427851,0.522419,1.292306,-0.156938,0.636117,1.623189,-0.421287,0.129600,1.154781,-0.149965,0.230167,1.531434,-0.309528,1.082477,1.306183,-0.314192,1.296713,1.313042,-0.305936,1.538650,1.330267,-0.302107,1.636950,1.363791,-0.342397,1.487370,1.334107,-0.272487,1.485837,1.322191,-0.475945,1.432539,1.372705,-0.137496,1.426446,1.302943,-0.548779,1.158582,1.436209,-0.085810,1.150854,1.224448,-0.464795,0.964012,1.623409,-0.034912,0.873037,1.210766,-0.445894,0.041165,1.308598,-0.121574,0.143309,1.685499,,,,,,,,,,-0.442492,0.963169,1.634613,-0.403493,0.929191,1.647749,-0.384066,0.899825,1.654634,-0.414352,0.897600,1.671442,-0.394030,0.866850,1.670020,-0.378426,0.847440,1.660607,-0.434983,0.884614,1.663443,-0.417026,0.850696,1.655025,-0.404464,0.831250,1.642814,-0.452298,0.874997,1.655979,-0.436859,0.842206,1.646482,-0.426467,0.827090,1.632677,-0.468834,0.869462,1.642777,-0.454739,0.841601,1.632628,-0.444008,0.827287,1.618612,-0.047977,0.860061,1.227635,-0.083546,0.820309,1.226025,-0.098395,0.791370,1.210878,-0.061899,0.781246,1.221156,-0.082920,0.752394,1.211868,-0.104846,0.741769,1.201129,-0.050550,0.781433,1.198147,-0.072090,0.751622,1.184330,-0.094166,0.747087,1.171011,-0.041232,0.783012,1.179207,-0.061750,0.755850,1.163550,-0.081396,0.757878,1.151851,-0.034970,0.790968,1.159820,-0.054003,0.769270,1.144175,-0.072870,0.765674,1.132013,,,
83,2.767,-0.310968,0.964849,1.364385,-0.429960,0.970330,1.350375,-0.191975,0.959369,1.378396,-0.427922,0.526857,1.303901,-0.171249,0.629238,1.677422,-0.422112,0.138633,1.153862,-0.147408,0.213800,1.687733,-0.305578,1.081967,1.364420,-0.312568,1.296081,1.372924,-0.299146,1.537565,1.393025,-0.293494,1.635428,1.427554,-0.336384,1.486905,1.397586,-0.267021,1.484271,1.382968,-0.469219,1.434640,1.441794,-0.133782,1.423674,1.356595,-0.548787,1.166968,1.521859,-0.092130,1.152317,1.259566,-0.435097,0.994086,1.714581,-0.047696,0.874674,1.229562,-0.445332,0.048347,1.306817,-0.119340,0.162031,1.856903,,,,,,,,,,-0.411873,0.995300,1.723679,-0.371060,0.964299,1.738554,-0.349986,0.936965,1.748347,-0.379011,0.936947,1.767979,-0.358222,0.906545,1.770028,-0.343055,0.885921,1.762721,-0.399956,0.922637,1.764132,-0.381937,0.887958,1.760080,-0.369970,0.866829,1.750311,-0.417631,0.911768,1.759957,-0.402294,0.877975,1.754800,-0.392776,0.860827,1.742864,-0.435140,0.903986,1.749408,-0.421106,0.875016,1.742947,-0.411154,0.858674,1.730684,-0.059944,0.860344,1.245942,-0.096953,0.822013,1.242939,-0.114077,0.795260,1.226253,-0.077154,0.783098,1.232361,-0.100171,0.756351,1.221619,-0.123311,0.747917,1.211502,-0.067533,0.785422,1.208690,-0.091182,0.757994,1.193459,-0.114331,0.755644,1.181462,-0.059586,0.788753,1.189357,-0.082353,0.764181,1.172570,-0.102721,0.768128,1.162747,-0.054486,0.798555,1.170481,-0.075501,0.779234,1.154268,-0.095362,0.777451,1.143353,,,
84,2.800,-0.309568,0.960300,1.422985,-0.428314,0.968020,1.407975,-0.190821,0.952580,1.437995,-0.429625,0.529529,1.327000,-0.179880,0.603008,1.714603,-0.423107,0.150752,1.154522,-0.147831,0.198605,1.807848,-0.302232,1.077292,1.425122,-0.310547,1.291324,1.434449,-0.293478,1.532419,1.456375,-0.286804,1.629970,1.491599,-0.331211,1.482186,1.461544,-0.262337,1.478828,1.444903,-0.462665,1.430809,1.510653,-0.130559,1.417878,1.412656,-0.547808,1.170548,1.607628,-0.097688,1.150642,1.301803,-0.407232,1.017682,1.799528,-0.058540,0.873871,1.259077,-0.445653,0.057472,1.305771,-0.121099,0.183200,1.984297,,,,,,,,,,-0.383733,1.020873,1.807354,-0.341595,0.993634,1.825531,-0.318848,0.969269,1.838801,-0.347738,0.971443,1.859399,-0.326033,0.942426,1.866292,-0.310458,0.921188,1.862394,-0.368420,0.956270,1.858837,-0.349573,0.921835,1.860505,-0.337303,0.899559,1.854315,-0.385939,0.944499,1.857247,-0.369868,0.910658,1.857707,-0.360259,0.891848,1.848710,-0.403606,0.934708,1.848856,-0.388920,0.905399,1.847054,-0.378874,0.887398,1.837487,-0.070029,0.858411,1.274971,-0.108288,0.821388,1.271288,-0.127442,0.796632,1.253749,-0.090455,0.783134,1.255898,-0.115260,0.758351,1.244449,-0.139387,0.751750,1.235322,-0.082458,0.787362,1.231889,-0.107963,0.762069,1.215971,-0.131948,0.761444,1.205501,-0.075794,0.792238,1.212399,-0.100541,0.769981,1.195193,-0.121409,0.775389,1.187304,-0.071743,0.803584,1.194144,-0.094499,0.786329,1.177951,-0.115151,0.785987,1.168454,,,
85,2.833,-0.309279,0.950996,1.484379,-0.427881,0.959827,1.468852,-0.190676,0.942165,1.499907,-0.426596,0.531774,1.343946,-0.177988,0.562471,1.733368,-0.424410,0.158367,1.160029,-0.151816,0.179704,1.894824,-0.301142,1.067875,1.488704,-0.307702,1.281886,1.499748,-0.289069,1.522740,1.523013,-0.281910,1.620165,1.558490,-0.326963,1.472658,1.528461,-0.258389,1.469076,1.510673,-0.457234,1.421258,1.580605,-0.127622,1.408569,1.473805,-0.546652,1.168448,1.692323,-0.101400,1.144607,1.353720,-0.387012,1.030003,1.880215,-0.065701,0.869118,1.300881,-0.445894,0.061958,1.309460,-0.131566,0.181085,2.072796,,,,,,,,,,-0.363674,1.035397,1.887275,-0.320337,1.013172,1.909093,-0.295803,0.992821,1.925557,-0.325448,0.996205,1.946015,-0.302332,0.970046,1.957931,-0.285588,0.949348,1.957852,-0.345427,0.980225,1.947952,-0.325032,0.947473,1.955374,-0.311697,0.925075,1.953011,-0.362400,0.967585,1.948324,-0.344845,0.935058,1.954453,-0.334346,0.915458,1.948733,-0.379616,0.955847,1.941674,-0.363712,0.927272,1.944589,-0.352890,0.908393,1.938033,-0.076530,0.852500,1.316053,-0.115527,0.816359,1.311469,-0.136112,0.793359,1.293175,-0.099204,0.779345,1.291930,-0.125169,0.756095,1.279854,-0.149913,0.750741,1.271608,-0.092495,0.785500,1.267942,-0.119213,0.761937,1.251372,-0.143739,0.762483,1.242234,-0.086856,0.791933,1.248582,-0.112939,0.771558,1.231022,-0.134121,0.777889,1.224841,-0.083650,0.804737,1.231142,-0.107668,0.789221,1.215011,-0.128863,0.790011,1.206828,,,
86,2.867,-0.305879,0.936737,1.542982,-0.424554,0.944915,1.527660,-0.187203,0.928559,1.558303,-0.418793,0.528708,1.367749,-0.177657,0.550070,1.793861,-0.424778,0.168256,1.159659,-0.156312,0.162947,1.945332,-0.298408,1.053652,1.547522,-0.303053,1.267646,1.559806,-0.283489,1.508291,1.584422,-0.275710,1.605675,1.619881,-0.321484,1.458288,1.589890,-0.253081,1.454616,1.571472,-0.451555,1.407629,1.643246,-0.123165,1.394090,1.531740,-0.543644,1.160019,1.764069,-0.101062,1.131689,1.407478,-0.376606,1.027163,1.949549,-0.067134,0.857508,1.347194,-0.445348,0.062053,1.302431,-0.136363,0.151045,2.122946,,,,,,,,,,-0.353455,1.034245,1.955676,-0.308952,1.016240,1.978984,-0.283757,0.998364,1.997227,-0.312919,1.002921,2.017508,-0.288698,0.978582,2.030982,-0.271304,0.958464,2.032218,-0.332151,0.986380,2.021353,-0.310278,0.955275,2.031242,-0.296070,0.933301,2.030614,-0.348544,0.973127,2.023259,-0.329490,0.942047,2.031901,-0.318255,0.922464,2.027732,-0.365293,0.960045,2.018092,-0.347999,0.932667,2.023506,-0.336366,0.913757,2.018648,-0.077738,0.839797,1.361247,-0.117400,0.804663,1.354881,-0.138927,0.783535,1.335450,-0.102251,0.769243,1.331768,-0.128906,0.747420,1.318583,-0.153960,0.743067,1.310689,-0.096197,0.777330,1.308183,-0.123613,0.755464,1.290467,-0.148379,0.756970,1.282119,-0.091063,0.785314,1.289265,-0.117913,0.766790,1.270830,-0.139181,0.773837,1.265837,-0.088206,0.799513,1.272875,-0.112868,0.785633,1.256232,-0.134277,0.787258,1.248762,,,
87,2.900,-0.301301,0.923660,1.602343,-0.420250,0.928793,1.587834,-0.182353,0.918527,1.616851,-0.409090,0.519297,1.411706,-0.178105,0.556554,1.877217,-0.422123,0.178268,1.173394,-0.160270,0.155332,1.986606,-0.296529,1.040782,1.604656,-0.299526,1.254853,1.616076,-0.278503,1.495411,1.640339,-0.269394,1.592901,1.675184,-0.316754,1.445628,1.646031,-0.248455,1.441552,1.627315,-0.447332,1.396546,1.699620,-0.119503,1.379439,1.586894,-0.542754,1.149558,1.819124,-0.097893,1.115569,1.465696,-0.381359,1.013961,2.007592,-0.064182,0.841470,1.404917,-0.443927,0.055419,1.301919,-0.136433,0.113250,2.159080,,,,,,,,,,-0.358327,1.021266,2.013903,-0.314105,1.003944,2.038242,-0.290171,0.985587,2.057665,-0.318589,0.991440,2.076981,-0.294705,0.966613,2.090162,-0.277649,0.946195,2.091173,-0.337814,0.974908,2.080900,-0.316044,0.943757,2.090868,-0.301902,0.921739,2.090298,-0.354185,0.961634,2.082851,-0.335146,0.930601,2.091697,-0.323882,0.911010,2.087644,-0.370807,0.948376,2.077722,-0.353274,0.921262,2.083670,-0.341398,0.902410,2.079195,-0.075144,0.823188,1.417926,-0.115380,0.789162,1.409489,-0.137354,0.769424,1.389119,-0.100754,0.754831,1.384474,-0.127675,0.734240,1.369918,-0.152739,0.730732,1.361645,-0.094471,0.764117,1.361396,-0.122025,0.743616,1.342316,-0.146709,0.745861,1.333890,-0.089127,0.773056,1.342970,-0.116083,0.755939,1.323366,-0.137228,0.763506,1.318614,-0.085963,0.788097,1.327408,-0.110750,0.775469,1.309974,-0.132102,0.777712,1.302501,,,
88,2.933,-0.297134,0.914736,1.665221,-0.416261,0.918015,1.651667,-0.178008,0.911458,1.678776,-0.411726,0.507031,1.478738,-0.169437,0.558540,1.951187,-0.417996,0.196959,1.201106,-0.161614,0.146326,2.008481,-0.294090,1.031928,1.666807,-0.294797,1.246083,1.676940,-0.274232,1.486975,1.698079,-0.262660,1.584644,1.731669,-0.312303,1.437168,1.704682,-0.244142,1.433039,1.685481,-0.442876,1.388724,1.758862,-0.115900,1.369360,1.645240,-0.538550,1.136525,1.866712,-0.088017,1.101303,1.535006,-0.390952,0.991158,2.059166,-0.049541,0.825893,1.483727,-0.445463,0.048659,1.297744,-0.142127,0.078108,2.172958,,,,,,,,,,-0.368445,0.998230,2.067353,-0.326138,0.980136,2.094385,-0.305029,0.960071,2.115336,-0.333462,0.966575,2.132328,-0.310694,0.941221,2.146449,-0.293837,0.920678,2.148071,-0.352929,0.949987,2.134363,-0.332039,0.918341,2.144653,-0.317996,0.896256,2.144248,-0.369403,0.936703,2.134736,-0.351223,0.905320,2.144138,-0.339775,0.885771,2.140412,-0.385608,0.923632,2.128034,-0.368510,0.896304,2.134265,-0.356332,0.877590,2.130026,-0.061079,0.807438,1.495971,-0.101057,0.773722,1.485345,-0.122529,0.754246,1.464201,-0.085551,0.739760,1.460356,-0.112379,0.720082,1.444431,-0.137198,0.717257,1.435212,-0.078313,0.749409,1.437711,-0.105299,0.729576,1.417170,-0.129611,0.732212,1.407827,-0.072202,0.758636,1.419669,-0.098702,0.742238,1.398868,-0.119597,0.750118,1.393554,-0.068363,0.773925,1.404506,-0.092905,0.761772,1.386401,-0.114073,0.764273,1.378498,,,
89,2.967,-0.289791,0.910984,1.726910,-0.409114,0.913229,1.714976,-0.170467,0.908738,1.738844,-0.431554,0.488171,1.582105,-0.155407,0.556248,2.011528,-0.419461,0.219351,1.264531,-0.159148,0.140141,2.021774,-0.287718,1.028200,1.728240,-0.288515,1.242413,1.737071,-0.266593,1.483405,1.755537,-0.252856,1.581166,1.788027,-0.304821,1.433849,1.763064,-0.236896,1.429200,1.743157,-0.435704,1.386987,1.817881,-0.110033,1.362797,1.702947,-0.531173,1.127014,1.905571,-0.076026,1.089768,1.607644,-0.406460,0.960037,2.096674,-0.034470,0.812112,1.573874,-0.443928,0.044424,1.294331,-0.139475,0.058132,2.179804,,,,,,,,,,-0.384897,0.965981,2.107780,-0.346256,0.945088,2.138084,-0.328969,0.922457,2.159905,-0.358071,0.929285,2.173971,-0.337717,0.902375,2.188878,-0.321661,0.881247,2.191034,-0.377942,0.913106,2.172698,-0.359055,0.880261,2.183101,-0.345541,0.857847,2.182781,-0.394592,0.900254,2.170333,-0.378260,0.867848,2.179655,-0.366863,0.848254,2.176007,-0.410171,0.888067,2.160998,-0.394324,0.859934,2.166948,-0.382081,0.841267,2.162690,-0.046974,0.794042,1.585739,-0.086537,0.760468,1.573267,-0.106613,0.740824,1.550942,-0.069806,0.725815,1.550084,-0.096856,0.707418,1.533041,-0.121314,0.705785,1.522645,-0.061011,0.734888,1.527754,-0.087535,0.715781,1.505959,-0.111191,0.719215,1.495285,-0.053645,0.743653,1.509952,-0.079813,0.727916,1.488240,-0.100173,0.736432,1.481922,-0.048667,0.758563,1.494743,-0.072847,0.746521,1.476085,-0.093677,0.749476,1.467471,,,
90,3.000,-0.282969,0.910800,1.785831,-0.402499,0.912756,1.776127,-0.163438,0.908844,1.795536,-0.453510,0.474681,1.710392,-0.142498,0.548443,2.057271,-0.431923,0.256434,1.356605,-0.157361,0.133606,2.026400,-0.281168,1.028019,1.787274,-0.283114,1.242230,1.795969,-0.262687,1.483409,1.813699,-0.248278,1.581223,1.845734,-0.300630,1.433647,1.821311,-0.232638,1.429345,1.801553,-0.431689,1.386648,1.875589,-0.106084,1.361929,1.762064,-0.522023,1.119132,1.943887,-0.063725,1.084906,1.683022,-0.424109,0.924085,2.123677,-0.018038,0.806053,1.672347,-0.447230,0.080434,1.327011,-0.135140,0.048660,2.182530,,,,,,,,,,-0.403887,0.927939,2.137815,-0.369701,0.902373,2.169842,-0.355793,0.876799,2.190810,-0.386129,0.883207,2.202090,-0.368618,0.853992,2.216249,-0.353607,0.832069,2.217947,-0.406111,0.868046,2.196691,-0.389698,0.833500,2.205691,-0.376950,0.810667,2.204585,-0.422680,0.856184,2.190967,-0.408439,0.822347,2.198450,-0.397203,0.802820,2.194027,-0.437333,0.845705,2.178565,-0.423199,0.816387,2.182887,-0.411137,0.797784,2.177896,-0.030596,0.788562,1.684997,-0.068524,0.752869,1.673360,-0.086529,0.731092,1.651248,-0.049692,0.717083,1.653790,-0.076400,0.697790,1.637207,-0.100555,0.695675,1.626205,-0.040065,0.724681,1.631255,-0.065872,0.704183,1.609868,-0.089150,0.706985,1.598222,-0.032079,0.732277,1.613184,-0.057632,0.714979,1.591931,-0.077842,0.722964,1.584530,-0.026782,0.746119,1.597099,-0.050373,0.732338,1.578895,-0.071046,0.734442,1.569676,,,
91,3.033,-0.277778,0.914395,1.840875,-0.397515,0.916079,1.834100,-0.158042,0.912711,1.847650,-0.459856,0.474683,1.844885,-0.133294,0.539814,2.090895,-0.439473,0.286778,1.474022,-0.154538,0.128430,2.031097,-0.276219,1.031615,1.842453,-0.279452,1.245724,1.853072,-0.261843,1.486874,1.873945,-0.248047,1.584481,1.906868,-0.299468,1.436668,1.880074,-0.230974,1.433240,1.861949,-0.431311,1.387769,1.930649,-0.103641,1.366064,1.824614,-0.513487,1.114174,1.983402,-0.054646,1.086279,1.760553,-0.448583,0.887966,2.140158,-0.006832,0.807905,1.774047,-0.457287,0.114341,1.428920,-0.129824,0.043863,2.187058,,,,,,,,,,-0.429400,0.887988,2.156147,-0.398947,0.855043,2.185047,-0.387357,0.825545,2.201862,-0.418657,0.831157,2.211847,-0.403453,0.798852,2.221111,-0.389514,0.776231,2.219441,-0.438763,0.818405,2.202288,-0.424697,0.781854,2.205437,-0.412961,0.758935,2.200739,-0.455308,0.808759,2.193275,-0.443056,0.773386,2.194821,-0.432324,0.754502,2.187381,-0.469359,0.801604,2.178117,-0.457290,0.771078,2.177433,-0.445948,0.752992,2.169638,-0.018163,0.791238,1.788793,-0.053622,0.751970,1.781816,-0.070102,0.726595,1.762532,-0.032453,0.715453,1.766431,-0.058494,0.693197,1.752753,-0.082702,0.688790,1.742579,-0.023395,0.720953,1.743065,-0.048620,0.697164,1.724588,-0.072178,0.697755,1.713186,-0.015968,0.726869,1.724148,-0.040958,0.706081,1.705514,-0.061647,0.712249,1.697713,-0.011639,0.739030,1.706491,-0.034697,0.722037,1.690447,-0.055581,0.721995,1.681468,,,
92,3.067,-0.275010,0.922521,1.894652,-0.394846,0.923816,1.889818,-0.155175,0.921227,1.899487,-0.459913,0.489723,1.968317,-0.132980,0.531708,2.115391,-0.436162,0.296659,1.600315,-0.153030,0.123253,2.037761,-0.273816,1.039744,1.896416,-0.277513,1.253727,1.909195,-0.262375,1.494579,1.934885,-0.250484,1.591782,1.969695,-0.299945,1.444080,1.938381,-0.230647,1.441319,1.923484,-0.433412,1.392813,1.981851,-0.101333,1.375199,1.891447,-0.507440,1.114299,2.018448,-0.046597,1.093308,1.843225,-0.477482,0.862981,2.144532,-0.000031,0.817236,1.882924,-0.459453,0.120925,1.574599,-0.127290,0.038907,2.193676,,,,,,,,,,-0.458716,0.857908,2.160208,-0.430488,0.817132,2.179917,-0.420231,0.783928,2.188830,-0.451900,0.788128,2.199346,-0.438059,0.753937,2.199560,-0.424943,0.732083,2.191868,-0.472316,0.779301,2.186558,-0.459922,0.742676,2.179574,-0.449122,0.721414,2.168788,-0.489050,0.773152,2.175148,-0.478305,0.738183,2.167057,-0.468222,0.721577,2.154823,-0.503030,0.770875,2.158483,-0.492738,0.740990,2.149599,-0.482294,0.725050,2.137216,-0.009881,0.802309,1.900355,-0.042816,0.760319,1.900481,-0.058403,0.731271,1.886317,-0.019647,0.723284,1.889999,-0.044120,0.697291,1.880723,-0.068113,0.689581,1.872131,-0.011530,0.725753,1.865786,-0.035489,0.697838,1.851989,-0.059297,0.695133,1.841445,-0.004961,0.729202,1.845963,-0.028645,0.704116,1.831347,-0.049861,0.707577,1.823294,-0.001868,0.738811,1.826559,-0.023751,0.718046,1.813607,-0.044662,0.715218,1.805151,,,
93,3.100,-0.276358,0.935561,1.948265,-0.396219,0.936626,1.944062,-0.156496,0.934497,1.952468,-0.463502,0.516227,2.076618,-0.142313,0.526149,2.131027,-0.430614,0.284646,1.732305,-0.154292,0.119367,2.043571,-0.275386,1.052782,1.950231,-0.278532,1.266699,1.964210,-0.265726,1.507288,1.993396,-0.256662,1.604144,2.029977,-0.303254,1.456644,1.994196,-0.233215,1.454253,1.983217,-0.438508,1.403673,2.029292,-0.101667,1.389339,1.958688,-0.506226,1.121635,2.045373,-0.042424,1.105793,1.929096,-0.504280,0.854611,2.138378,-0.003130,0.834112,1.996961,-0.451151,0.106728,1.735355,-0.129121,0.035103,2.199623,,,,,,,,,,-0.486072,0.844977,2.152495,-0.459536,0.799524,2.161313,-0.449905,0.764966,2.161731,-0.482259,0.767203,2.172097,-0.469211,0.733790,2.163499,-0.456410,0.714385,2.150524,-0.502588,0.762731,2.157096,-0.491048,0.728899,2.140787,-0.480585,0.710934,2.124885,-0.519194,0.760355,2.144190,-0.509154,0.728482,2.127248,-0.499200,0.715427,2.111198,-0.532806,0.762993,2.127274,-0.523364,0.736182,2.110843,-0.513195,0.723766,2.094752,-0.013012,0.821966,2.016415,-0.044762,0.779552,2.022813,-0.059341,0.748086,2.013608,-0.020310,0.742047,2.019112,-0.042846,0.713277,2.014113,-0.066059,0.702622,2.006589,-0.011638,0.740737,1.995001,-0.033965,0.709739,1.985824,-0.057333,0.704069,1.975474,-0.004653,0.741070,1.975023,-0.026507,0.712573,1.964334,-0.047573,0.713426,1.955255,-0.001324,0.747434,1.954364,-0.021775,0.723847,1.944203,-0.042169,0.718642,1.935614,,,
94,3.133,-0.281445,0.951504,2.000107,-0.401302,0.952377,1.995728,-0.161588,0.950631,2.004486,-0.467972,0.546481,2.167878,-0.156024,0.525033,2.137406,-0.428179,0.258742,1.869739,-0.158262,0.118518,2.047940,-0.280661,1.068728,2.002023,-0.282893,1.282560,2.017406,-0.272332,1.522998,2.048659,-0.266269,1.619684,2.086296,-0.309695,1.472245,2.047249,-0.239182,1.470118,2.039821,-0.446397,1.418405,2.074546,-0.105854,1.406403,2.022961,-0.510215,1.135114,2.066596,-0.043203,1.122240,2.012468,-0.528799,0.859277,2.125955,-0.016181,0.857225,2.107323,-0.447986,0.085774,1.911880,-0.135056,0.034161,2.204246,,,,,,,,,,-0.511357,0.846266,2.138207,-0.485727,0.799465,2.137358,-0.475778,0.765649,2.130674,-0.509255,0.766006,2.139393,-0.496196,0.734582,2.125157,-0.482894,0.717761,2.109380,-0.528923,0.765542,2.122924,-0.517212,0.735542,2.100417,-0.506291,0.720998,2.081594,-0.544947,0.766558,2.109133,-0.534854,0.738566,2.086366,-0.524448,0.728802,2.068380,-0.557743,0.773315,2.092732,-0.548330,0.750687,2.070884,-0.537840,0.742006,2.052688,-0.028213,0.848158,2.127238,-0.060596,0.806812,2.136720,-0.074138,0.774071,2.131063,-0.035985,0.769567,2.141755,-0.057039,0.739364,2.139504,-0.078991,0.726536,2.131597,-0.024670,0.764596,2.119272,-0.045545,0.731897,2.113062,-0.067570,0.723923,2.101372,-0.015490,0.761874,2.100395,-0.035435,0.731223,2.092233,-0.055312,0.729806,2.080838,-0.009850,0.764944,2.079486,-0.028670,0.739497,2.070766,-0.047805,0.732432,2.060729,,,
95,3.167,-0.288155,0.966595,2.055628,-0.407987,0.967156,2.050584,-0.168322,0.966033,2.060671,-0.470804,0.572014,2.247432,-0.167973,0.527488,2.141361,-0.432707,0.224332,2.021758,-0.163444,0.119953,2.056754,-0.287667,1.083826,2.057090,-0.289205,1.297498,2.074639,-0.281095,1.537807,2.107567,-0.277691,1.634470,2.145596,-0.318109,1.486873,2.104488,-0.247357,1.485148,2.099687,-0.455411,1.431667,2.125266,-0.112691,1.422999,2.088608,-0.516404,1.149983,2.088884,-0.046110,1.139592,2.094197,-0.546575,0.870025,2.114734,-0.033454,0.883084,2.212535,-0.457524,0.069078,2.107587,-0.142614,0.035199,2.213180,,,,,,,,,,-0.529819,0.854922,2.125448,-0.503689,0.809068,2.117534,-0.492563,0.777094,2.105659,-0.526941,0.775857,2.111739,-0.513034,0.746220,2.094743,-0.498578,0.731259,2.078130,-0.545504,0.778517,2.094228,-0.532544,0.751901,2.068395,-0.520467,0.740043,2.048429,-0.560617,0.782122,2.079856,-0.549667,0.757456,2.053868,-0.538365,0.750129,2.035275,-0.572404,0.791851,2.064209,-0.562032,0.773330,2.039162,-0.550663,0.767896,2.020249,-0.048262,0.876881,2.231662,-0.081906,0.836896,2.242491,-0.094740,0.803486,2.239947,-0.058484,0.801197,2.256464,-0.078675,0.770329,2.256296,-0.099181,0.755683,2.247694,-0.044098,0.793127,2.236812,-0.063889,0.759413,2.232891,-0.084049,0.749259,2.219633,-0.032330,0.787781,2.220051,-0.050717,0.755692,2.214047,-0.068747,0.751987,2.200330,-0.023741,0.787807,2.199936,-0.041026,0.760914,2.192464,-0.058464,0.752003,2.180919,,,
96,3.200,-0.293789,0.977567,2.098632,-0.413672,0.978506,2.095057,-0.173906,0.976629,2.102206,-0.467778,0.586599,2.300761,-0.176082,0.531743,2.132273,-0.434737,0.191780,2.173128,-0.169633,0.125480,2.041869,-0.292958,1.094770,2.101562,-0.294049,1.308343,2.120300,-0.290023,1.548853,2.152512,-0.289032,1.645655,2.190324,-0.326262,1.497419,2.148616,-0.255389,1.496620,2.145763,-0.463942,1.441249,2.163464,-0.119430,1.436645,2.139565,-0.521844,1.163328,2.101845,-0.043958,1.156270,2.161415,-0.554770,0.882505,2.104927,-0.039663,0.910076,2.300451,-0.463173,0.065264,2.296704,-0.148433,0.041573,2.198702,,,,,,,,,,-0.538350,0.867214,2.115892,-0.509159,0.823516,2.106598,-0.494985,0.793330,2.093366,-0.529928,0.790004,2.095515,-0.512959,0.762295,2.078055,-0.496152,0.749204,2.062087,-0.546817,0.793482,2.076516,-0.530195,0.769596,2.050117,-0.515693,0.759890,2.030609,-0.560633,0.797758,2.061063,-0.546271,0.775644,2.034446,-0.532977,0.770222,2.016530,-0.571347,0.808391,2.045234,-0.557862,0.792577,2.019817,-0.544556,0.789290,2.001688,-0.055986,0.904070,2.318370,-0.090124,0.863977,2.327038,-0.102579,0.830455,2.324111,-0.067699,0.828734,2.343570,-0.087729,0.797796,2.342098,-0.107379,0.782956,2.331969,-0.051646,0.820457,2.325347,-0.071005,0.786658,2.320204,-0.089948,0.776305,2.305395,-0.038466,0.814931,2.309735,-0.056186,0.782671,2.302721,-0.072986,0.778689,2.287594,-0.028210,0.814688,2.290418,-0.044740,0.787607,2.281982,-0.061136,0.778454,2.269169,,,
97,3.233,-0.298009,0.980191,2.151151,-0.417911,0.980349,2.148172,-0.178106,0.980034,2.154130,-0.459493,0.580999,2.342140,-0.177674,0.534175,2.147625,-0.436600,0.165380,2.341539,-0.173233,0.131088,2.043873,-0.297962,1.097354,2.155455,-0.297677,1.310841,2.175179,-0.298031,1.551466,2.206770,-0.299266,1.648433,2.244153,-0.333411,1.499530,2.201806,-0.262478,1.499697,2.201360,-0.471152,1.442169,2.210086,-0.124895,1.443207,2.201313,-0.522034,1.169327,2.124306,-0.037878,1.168123,2.240564,-0.554608,0.889146,2.104488,-0.046808,0.936638,2.402722,-0.469893,0.076427,2.493410,-0.150959,0.047543,2.200750,,,,,,,,,,-0.538766,0.873744,2.116125,-0.507034,0.831771,2.107219,-0.490327,0.803014,2.093763,-0.525201,0.798362,2.092020,-0.505537,0.772386,2.074723,-0.486737,0.760897,2.059777,-0.540221,0.802492,2.071633,-0.520058,0.780916,2.045717,-0.503272,0.772972,2.027272,-0.552576,0.807291,2.055131,-0.534740,0.787435,2.028837,-0.519510,0.783627,2.012084,-0.562068,0.818561,2.038967,-0.545415,0.804880,2.014198,-0.530201,0.803220,1.997398,-0.064903,0.930898,2.418946,-0.099137,0.890442,2.425215,-0.111140,0.856748,2.422376,-0.078101,0.856211,2.445315,-0.097799,0.825194,2.442081,-0.116101,0.810099,2.429992,-0.060010,0.847662,2.429256,-0.078471,0.813595,2.422757,-0.095547,0.802759,2.406134,-0.045105,0.841889,2.415380,-0.061863,0.809377,2.407255,-0.076877,0.804953,2.390465,-0.032784,0.841218,2.397321,-0.048389,0.813872,2.388019,-0.063372,0.804327,2.373835,,,
98,3.267,-0.301258,0.974128,2.200705,-0.421129,0.970743,2.198493,-0.181386,0.977514,2.202917,-0.454088,0.576447,2.404107,-0.171466,0.532295,2.180235,-0.448541,0.171969,2.502238,-0.170359,0.138496,2.045385,-0.304660,1.091205,2.205926,-0.301568,1.304663,2.225713,-0.307183,1.545333,2.256459,-0.310216,1.642454,2.293334,-0.341468,1.492789,2.250334,-0.270581,1.494162,2.252570,-0.478774,1.433850,2.252505,-0.131619,1.441622,2.259578,-0.518611,1.166567,2.145910,-0.032454,1.174486,2.319483,-0.547424,0.888362,2.104353,-0.050629,0.957199,2.499530,-0.484685,0.122463,2.670550,-0.148092,0.052352,2.200851,,,,,,,,,,-0.532615,0.872718,2.116985,-0.499137,0.831782,2.109809,-0.480282,0.803982,2.097208,-0.514741,0.798802,2.091206,-0.492797,0.773945,2.075044,-0.472252,0.763444,2.061760,-0.527507,0.803614,2.069477,-0.504174,0.783583,2.045021,-0.485305,0.776769,2.028210,-0.538070,0.808959,2.051931,-0.517008,0.790677,2.026913,-0.499948,0.787923,2.011797,-0.545974,0.820802,2.035328,-0.526346,0.808590,2.012014,-0.509316,0.807985,1.996976,-0.070355,0.952084,2.513964,-0.104411,0.911309,2.519022,-0.116338,0.877507,2.517440,-0.085237,0.878950,2.543588,-0.104300,0.847630,2.539567,-0.120950,0.831773,2.526139,-0.065301,0.869821,2.530266,-0.082517,0.835126,2.523672,-0.097423,0.823078,2.505841,-0.048823,0.863526,2.518567,-0.064382,0.830425,2.510437,-0.077359,0.824915,2.492321,-0.034520,0.861991,2.502091,-0.049083,0.834053,2.492858,-0.062470,0.823594,2.477753,,,
99,3.300,-0.304224,0.962356,2.256069,-0.423965,0.955488,2.255436,-0.184483,0.969226,2.256701,-0.451592,0.574957,2.486231,-0.165124,0.525780,2.214114,-0.469559,0.189505,2.642330,-0.167171,0.144014,2.048240,-0.310961,1.079264,2.261808,-0.306503,1.292802,2.280443,-0.316663,1.533512,2.309673,-0.320958,1.630771,2.346055,-0.349953,1.480423,2.302800,-0.279196,1.482883,2.307181,-0.486959,1.420822,2.299896,-0.140019,1.432347,2.321179,-0.515816,1.159123,2.177133,-0.032182,1.174808,2.403816,-0.540948,0.884314,2.115458,-0.058386,0.969848,2.596858,-0.507590,0.180757,2.817153,-0.144660,0.054474,2.201740,,,,,,,,,,-0.527274,0.868107,2.128649,-0.492656,0.827934,2.122667,-0.472251,0.801063,2.110473,-0.505816,0.795929,2.100765,-0.481636,0.772820,2.085212,-0.459577,0.763796,2.073346,-0.516379,0.801855,2.078146,-0.490216,0.783903,2.054974,-0.469590,0.778553,2.039774,-0.525182,0.808095,2.059938,-0.501153,0.792003,2.036119,-0.482555,0.790634,2.022726,-0.531530,0.820791,2.043298,-0.509412,0.810355,2.021392,-0.490950,0.810932,2.008153,-0.079275,0.965554,2.609851,-0.112843,0.924479,2.615684,-0.124372,0.890509,2.616409,-0.095426,0.895145,2.644914,-0.113562,0.863171,2.641870,-0.128595,0.845829,2.628371,-0.074150,0.885374,2.634419,-0.089985,0.849750,2.629550,-0.102888,0.835725,2.611603,-0.056525,0.878479,2.624942,-0.070741,0.844427,2.618447,-0.081859,0.837018,2.599780,-0.040710,0.875806,2.610071,-0.054048,0.846826,2.602321,-0.065889,0.834710,2.587163,,,
100,3.333,-0.308073,0.947172,2.315012,-0.427722,0.938967,2.316523,-0.188424,0.955379,2.313501,-0.451988,0.578857,2.578372,-0.164032,0.515350,2.245584,-0.481745,0.203041,2.754837,-0.168101,0.147614,2.050604,-0.316004,1.063976,2.321307,-0.312601,1.277631,2.338789,-0.324737,1.518412,2.366646,-0.329693,1.615829,2.402521,-0.357577,1.465086,2.359460,-0.286924,1.468005,2.365055,-0.494639,1.405961,2.352412,-0.148346,1.417696,2.384695,-0.515700,1.148249,2.220008,-0.035501,1.169435,2.486753,-0.539742,0.877746,2.141236,-0.065702,0.973149,2.688050,-0.519560,0.228356,2.928086,-0.144340,0.056307,2.202869,,,,,,,,,,-0.526814,0.860872,2.154341,-0.491611,0.821215,2.148334,-0.470144,0.795082,2.136360,-0.503144,0.790442,2.123894,-0.476800,0.770526,2.107464,-0.453679,0.764108,2.095931,-0.512302,0.797590,2.101019,-0.483931,0.782748,2.078248,-0.462169,0.779553,2.064059,-0.519985,0.804810,2.082665,-0.493523,0.791812,2.059545,-0.473947,0.792352,2.047562,-0.525360,0.818397,2.066390,-0.501487,0.809848,2.045534,-0.482138,0.811630,2.033748,-0.087169,0.969066,2.700138,-0.119524,0.927257,2.707429,-0.129422,0.892884,2.710240,-0.102854,0.901115,2.739940,-0.119624,0.868298,2.738382,-0.133165,0.849375,2.725440,-0.080645,0.891408,2.731525,-0.094771,0.854852,2.728749,-0.106007,0.838917,2.711281,-0.062243,0.884497,2.723676,-0.074798,0.849491,2.719119,-0.084476,0.840205,2.700490,-0.045473,0.881283,2.710007,-0.057340,0.851258,2.704049,-0.067853,0.837462,2.689354,,,
101,3.367,-0.312993,0.933314,2.376371,-0.432627,0.925352,2.379508,-0.193358,0.941276,2.373235,-0.456534,0.568068,2.645231,-0.168365,0.506602,2.276970,-0.479648,0.191995,2.822145,-0.170633,0.153298,2.056891,-0.320598,1.050132,2.382804,-0.319298,1.263814,2.400235,-0.332483,1.504520,2.428264,-0.338385,1.601964,2.463919,-0.365061,1.451148,2.420266,-0.294551,1.454184,2.427404,-0.501646,1.391588,2.408927,-0.156445,1.404640,2.451741,-0.516316,1.134661,2.274157,-0.041923,1.162029,2.564915,-0.539852,0.868168,2.182599,-0.070390,0.969035,2.769619,-0.512485,0.213089,2.996967,-0.146329,0.055928,2.205264,,,,,,,,,,-0.527064,0.850674,2.195011,-0.491511,0.811585,2.187525,-0.469704,0.786273,2.174452,-0.502399,0.782127,2.161240,-0.475296,0.764328,2.143656,-0.451890,0.759520,2.131913,-0.511177,0.790459,2.138617,-0.482010,0.777779,2.115546,-0.459901,0.776007,2.101649,-0.518563,0.798626,2.120541,-0.491244,0.787702,2.097344,-0.471392,0.789414,2.085938,-0.523719,0.813050,2.104929,-0.499222,0.805870,2.084282,-0.479591,0.808451,2.073125,-0.092111,0.965165,2.781317,-0.123488,0.923008,2.790607,-0.132195,0.888552,2.795542,-0.107142,0.899752,2.825396,-0.122941,0.866422,2.825629,-0.135523,0.846257,2.813628,-0.084407,0.890157,2.818372,-0.097337,0.853060,2.817847,-0.107526,0.835572,2.801244,-0.065573,0.883273,2.811596,-0.077003,0.847677,2.809110,-0.085806,0.836854,2.790881,-0.048288,0.879613,2.798704,-0.059130,0.848899,2.794589,-0.068788,0.833785,2.780622,,,
102,3.400,-0.318923,0.921056,2.440456,-0.438674,0.915094,2.443552,-0.199171,0.927018,2.437360,-0.460166,0.549350,2.697721,-0.177952,0.500092,2.310408,-0.473202,0.166131,2.859699,-0.173473,0.161270,2.068657,-0.324636,1.038078,2.444810,-0.325816,1.251932,2.459996,-0.341034,1.492737,2.486075,-0.348810,1.590409,2.520733,-0.373091,1.439147,2.477454,-0.302842,1.442594,2.486666,-0.508548,1.377639,2.463324,-0.164922,1.394958,2.515462,-0.520356,1.117991,2.333580,-0.049867,1.153376,2.630286,-0.544028,0.852268,2.239846,-0.070673,0.957084,2.832764,-0.496872,0.149665,3.036488,-0.148200,0.051662,2.208061,,,,,,,,,,-0.531178,0.834023,2.251054,-0.496853,0.794504,2.240654,-0.476312,0.769361,2.225389,-0.509427,0.766356,2.213695,-0.483446,0.748814,2.194255,-0.460652,0.744065,2.181344,-0.518878,0.775768,2.191778,-0.490903,0.763307,2.167163,-0.469374,0.761556,2.152381,-0.526766,0.784805,2.174339,-0.500581,0.774225,2.149719,-0.481134,0.775954,2.137639,-0.532188,0.799945,2.159515,-0.508559,0.792936,2.137824,-0.489246,0.795436,2.126109,-0.092350,0.953318,2.844577,-0.122845,0.910993,2.855832,-0.130401,0.876535,2.862380,-0.106132,0.889823,2.891759,-0.121044,0.856174,2.894202,-0.133130,0.834962,2.883574,-0.083169,0.880392,2.885273,-0.095136,0.843007,2.886936,-0.104863,0.824313,2.871405,-0.064166,0.873597,2.878893,-0.074586,0.837609,2.878471,-0.083045,0.825511,2.860892,-0.046757,0.869688,2.866242,-0.056512,0.838435,2.863812,-0.065581,0.822269,2.850652,,,
103,3.433,-0.326010,0.911123,2.507728,-0.445857,0.906554,2.508893,-0.206163,0.915693,2.506562,-0.462646,0.531969,2.750216,-0.188688,0.500794,2.344125,-0.468524,0.139541,2.888885,-0.172792,0.174996,2.085538,-0.330447,1.028246,2.510611,-0.334150,1.242341,2.521337,-0.350287,1.483720,2.540695,-0.360625,1.581971,2.572964,-0.382048,1.429874,2.532584,-0.312085,1.433669,2.543658,-0.516715,1.367012,2.516953,-0.174521,1.387398,2.576144,-0.530592,1.102492,2.397678,-0.061956,1.142396,2.686083,-0.556496,0.833559,2.314257,-0.073678,0.937600,2.880715,-0.491013,0.081908,3.056989,-0.146232,0.043893,2.204672,,,,,,,,,,-0.543561,0.814793,2.324464,-0.511207,0.774361,2.311563,-0.492678,0.748917,2.294346,-0.526300,0.746937,2.285156,-0.502123,0.728928,2.263901,-0.480340,0.723695,2.249515,-0.536782,0.756897,2.263961,-0.510654,0.743881,2.237662,-0.490070,0.741651,2.221648,-0.545441,0.766379,2.247136,-0.521082,0.755330,2.220901,-0.502339,0.756622,2.207705,-0.551287,0.781856,2.232829,-0.529093,0.774248,2.209860,-0.510366,0.776190,2.197131,-0.095322,0.933964,2.892631,-0.125659,0.891738,2.904655,-0.132302,0.857193,2.911721,-0.108813,0.871232,2.940904,-0.123119,0.837533,2.945410,-0.135057,0.815599,2.936172,-0.085831,0.861767,2.934537,-0.097303,0.824346,2.937955,-0.106969,0.804863,2.923386,-0.066817,0.854926,2.928237,-0.076564,0.818765,2.929346,-0.084918,0.805812,2.912334,-0.049418,0.850861,2.915622,-0.058337,0.819300,2.914145,-0.067000,0.802563,2.901432,,,
104,3.467,-0.335714,0.904983,2.572001,-0.455600,0.901596,2.570884,-0.215827,0.908370,2.573118,-0.476503,0.531230,2.818320,-0.190360,0.492627,2.413925,-0.474008,0.125864,2.912849,-0.169064,0.192973,2.125797,-0.339038,1.022168,2.573531,-0.345865,1.236324,2.581020,-0.359752,1.478287,2.593661,-0.372152,1.577164,2.623176,-0.391968,1.424559,2.586645,-0.322099,1.427959,2.598414,-0.526842,1.362075,2.571278,-0.185217,1.380911,2.632623,-0.549203,1.092896,2.464355,-0.078566,1.128012,2.729840,-0.581858,0.819964,2.398044,-0.081333,0.910432,2.910428,-0.497365,0.038162,3.067279,-0.141836,0.033896,2.203511,,,,,,,,,,-0.568861,0.801477,2.408672,-0.537346,0.760137,2.396599,-0.519832,0.733889,2.379527,-0.553482,0.731831,2.371787,-0.530068,0.712951,2.350435,-0.508777,0.707073,2.335570,-0.564434,0.741033,2.350488,-0.539062,0.726746,2.324109,-0.518896,0.723696,2.307704,-0.573449,0.749916,2.333523,-0.549847,0.737541,2.307187,-0.531424,0.738083,2.293497,-0.579511,0.764856,2.318744,-0.557751,0.755771,2.295898,-0.539185,0.756755,2.282828,-0.102983,0.907088,2.922415,-0.134190,0.865360,2.933943,-0.141877,0.830937,2.940526,-0.117601,0.843897,2.969753,-0.132233,0.810442,2.974972,-0.144633,0.788543,2.966277,-0.094874,0.834026,2.963094,-0.106871,0.796804,2.966864,-0.117043,0.777340,2.952616,-0.076055,0.826865,2.956569,-0.086218,0.790825,2.957868,-0.094906,0.777918,2.940989,-0.058824,0.822617,2.943784,-0.068053,0.791155,2.942105,-0.076951,0.774540,2.929396,,,
105,3.500,-0.346920,0.902304,2.633157,-0.466794,0.899532,2.630295,-0.227046,0.905076,2.636020,-0.496979,0.542593,2.895844,-0.179125,0.475507,2.526443,-0.481291,0.127140,2.916226,-0.160633,0.218799,2.199301,-0.349635,1.019514,2.633345,-0.357113,1.233702,2.639130,-0.371046,1.475829,2.648025,-0.384749,1.575041,2.675787,-0.403260,1.421989,2.641909,-0.333370,1.425590,2.653490,-0.537930,1.358451,2.629321,-0.196430,1.378475,2.687371,-0.569280,1.084938,2.536601,-0.091664,1.117698,2.763549,-0.606559,0.808031,2.493146,-0.081683,0.885073,2.924005,-0.507268,0.039720,3.070398,-0.142196,0.040814,2.207528,,,,,,,,,,-0.593550,0.790642,2.505475,-0.562539,0.747973,2.497374,-0.546033,0.720112,2.481931,-0.579261,0.717370,2.475902,-0.556539,0.696169,2.456031,-0.535675,0.688552,2.441351,-0.590457,0.724386,2.453909,-0.565564,0.707204,2.428832,-0.545656,0.702282,2.412566,-0.599653,0.731523,2.436232,-0.576647,0.716105,2.410998,-0.558461,0.714937,2.397032,-0.605818,0.744885,2.420050,-0.584147,0.732977,2.398452,-0.565575,0.732191,2.385376,-0.103001,0.881099,2.936390,-0.133932,0.838817,2.946563,-0.142042,0.804234,2.951622,-0.116394,0.815508,2.980730,-0.130729,0.781783,2.984940,-0.143320,0.760217,2.975704,-0.093871,0.806005,2.972941,-0.105578,0.768594,2.975591,-0.116119,0.749606,2.960975,-0.075246,0.799200,2.965537,-0.085282,0.763101,2.965451,-0.094427,0.750940,2.948263,-0.058377,0.795633,2.952079,-0.067585,0.764260,2.949114,-0.076798,0.748227,2.935891,,,
