frame_id,time_sec,Hips_X,Hips_Y,Hips_Z,LeftUpperLeg_X,LeftUpperLeg_Y,LeftUpperLeg_Z,RightUpperLeg_X,RightUpperLeg_Y,RightUpperLeg_Z,LeftLowerLeg_X,LeftLowerLeg_Y,LeftLowerLeg_Z,RightLowerLeg_X,RightLowerLeg_Y,RightLowerLeg_Z,LeftFoot_X,LeftFoot_Y,LeftFoot_Z,RightFoot_X,RightFoot_Y,RightFoot_Z,Spine_X,Spine_Y,Spine_Z,Chest_X,Chest_Y,Chest_Z,Neck_X,Neck_Y,Neck_Z,Head_X,Head_Y,Head_Z,LeftShoulder_X,LeftShoulder_Y,LeftShoulder_Z,RightShoulder_X,RightShoulder_Y,RightShoulder_Z,LeftUpperArm_X,LeftUpperArm_Y,LeftUpperArm_Z,RightUpperArm_X,RightUpperArm_Y,RightUpperArm_Z,LeftLowerArm_X,LeftLowerArm_Y,LeftLowerArm_Z,RightLowerArm_X,RightLowerArm_Y,RightLowerArm_Z,LeftHand_X,LeftHand_Y,LeftHand_Z,RightHand_X,RightHand_Y,RightHand_Z,LeftToes_X,LeftToes_Y,LeftToes_Z,RightToes_X,RightToes_Y,RightToes_Z,LeftEye_X,LeftEye_Y,LeftEye_Z,RightEye_X,RightEye_Y,RightEye_Z,Jaw_X,Jaw_Y,Jaw_Z,LeftThumbProximal_X,LeftThumbProximal_Y,LeftThumbProximal_Z,LeftThumbIntermediate_X,LeftThumbIntermediate_Y,LeftThumbIntermediate_Z,LeftThumbDistal_X,LeftThumbDistal_Y,LeftThumbDistal_Z,LeftIndexProximal_X,LeftIndexProximal_Y,LeftIndexProximal_Z,LeftIndexIntermediate_X,LeftIndexIntermediate_Y,LeftIndexIntermediate_Z,LeftIndexDistal_X,LeftIndexDistal_Y,LeftIndexDistal_Z,LeftMiddleProximal_X,LeftMiddleProximal_Y,LeftMiddleProximal_Z,LeftMiddleIntermediate_X,LeftMiddleIntermediate_Y,LeftMiddleIntermediate_Z,LeftMiddleDistal_X,LeftMiddleDistal_Y,LeftMiddleDistal_Z,LeftRingProximal_X,LeftRingProximal_Y,LeftRingProximal_Z,LeftRingIntermediate_X,LeftRingIntermediate_Y,LeftRingIntermediate_Z,LeftRingDistal_X,LeftRingDistal_Y,LeftRingDistal_Z,LeftLittleProximal_X,LeftLittleProximal_Y,LeftLittleProximal_Z,LeftLittleIntermediate_X,LeftLittleIntermediate_Y,LeftLittleIntermediate_Z,LeftLittleDistal_X,LeftLittleDistal_Y,LeftLittleDistal_Z,RightThumbProximal_X,RightThumbProximal_Y,RightThumbProximal_Z,RightThumbIntermediate_X,RightThumbIntermediate_Y,RightThumbIntermediate_Z,RightThumbDistal_X,RightThumbDistal_Y,RightThumbDistal_Z,RightIndexProximal_X,RightIndexProximal_Y,RightIndexProximal_Z,RightIndexIntermediate_X,RightIndexIntermediate_Y,RightIndexIntermediate_Z,RightIndexDistal_X,RightIndexDistal_Y,RightIndexDistal_Z,RightMiddleProximal_X,RightMiddleProximal_Y,RightMiddleProximal_Z,RightMiddleIntermediate_X,RightMiddleIntermediate_Y,RightMiddleIntermediate_Z,RightMiddleDistal_X,RightMiddleDistal_Y,RightMiddleDistal_Z,RightRingProximal_X,RightRingProximal_Y,RightRingProximal_Z,RightRingIntermediate_X,RightRingIntermediate_Y,RightRingIntermediate_Z,RightRingDistal_X,RightRingDistal_Y,RightRingDistal_Z,RightLittleProximal_X,RightLittleProximal_Y,RightLittleProximal_Z,RightLittleIntermediate_X,RightLittleIntermediate_Y,RightLittleIntermediate_Z,RightLittleDistal_X,RightLittleDistal_Y,RightLittleDistal_Z,UpperChest_X,UpperChest_Y,UpperChest_Z
0,0.000,-0.094320,0.962387,-3.336073,-0.214017,0.963259,-3.343664,0.025376,0.961515,-3.328481,-0.285262,0.557404,-3.173258,0.027359,0.535850,-3.195674,-0.237509,0.269383,-3.469951,0.027562,0.129330,-3.285148,-0.093589,1.079610,-3.334139,-0.096230,1.293442,-3.318812,-0.086520,1.533879,-3.287280,-0.081479,1.630565,-3.249492,-0.123830,1.483126,-3.289698,-0.053143,1.481000,-3.295222,-0.261217,1.429280,-3.266100,0.080595,1.417292,-3.308481,-0.324790,1.145991,-3.275876,0.143522,1.133131,-3.317225,-0.345010,0.870129,-3.217172,0.167938,0.868148,-3.221579,-0.258461,0.096464,-3.428166,0.046567,0.044972,-3.128277,,,,,,,,,,-0.327905,0.857108,-3.204462,-0.302261,0.810307,-3.204654,-0.292133,0.776497,-3.211091,-0.325835,0.776847,-3.203282,-0.312396,0.745430,-3.217175,-0.298672,0.728616,-3.232594,-0.345050,0.776396,-3.220278,-0.332736,0.746409,-3.242478,-0.321310,0.731875,-3.261007,-0.360695,0.777423,-3.234497,-0.349993,0.749443,-3.256999,-0.339106,0.739689,-3.274703,-0.373043,0.784192,-3.251232,-0.363045,0.761580,-3.272835,-0.352068,0.752912,-3.290748,0.155366,0.859092,-3.201994,0.122737,0.817751,-3.193377,0.109355,0.785006,-3.199383,0.147201,0.780510,-3.187647,0.126220,0.750303,-3.190453,0.104494,0.737467,-3.198950,0.159128,0.775525,-3.209809,0.138432,0.742821,-3.216567,0.116736,0.734838,-3.228850,0.168821,0.772792,-3.228426,0.149110,0.742134,-3.237111,0.129553,0.740707,-3.249045,0.175032,0.775849,-3.249173,0.156460,0.750395,-3.258391,0.137607,0.743323,-3.268944,,,
1,0.033,-0.094320,0.962387,-3.336073,-0.214017,0.963259,-3.343664,0.025376,0.961515,-3.328481,-0.285262,0.557404,-3.173258,0.027359,0.535850,-3.195674,-0.237509,0.269383,-3.469951,0.027562,0.129330,-3.285148,-0.093589,1.079610,-3.334139,-0.096230,1.293442,-3.318812,-0.086520,1.533879,-3.287280,-0.081479,1.630565,-3.249492,-0.123830,1.483126,-3.289698,-0.053143,1.481000,-3.295222,-0.261217,1.429280,-3.266100,0.080595,1.417292,-3.308481,-0.324790,1.145991,-3.275876,0.143522,1.133131,-3.317225,-0.345010,0.870129,-3.217172,0.167938,0.868148,-3.221579,-0.258461,0.096464,-3.428166,0.046567,0.044972,-3.128277,,,,,,,,,,-0.327905,0.857108,-3.204462,-0.302261,0.810307,-3.204654,-0.292133,0.776497,-3.211091,-0.325835,0.776847,-3.203282,-0.312396,0.745430,-3.217175,-0.298672,0.728616,-3.232594,-0.345050,0.776396,-3.220278,-0.332736,0.746409,-3.242478,-0.321310,0.731875,-3.261007,-0.360695,0.777423,-3.234497,-0.349993,0.749443,-3.256999,-0.339106,0.739689,-3.274703,-0.373043,0.784192,-3.251232,-0.363045,0.761580,-3.272835,-0.352068,0.752912,-3.290748,0.155366,0.859092,-3.201994,0.122737,0.817751,-3.193377,0.109355,0.785006,-3.199383,0.147201,0.780510,-3.187647,0.126220,0.750303,-3.190453,0.104494,0.737467,-3.198950,0.159128,0.775525,-3.209809,0.138432,0.742821,-3.216567,0.116736,0.734838,-3.228850,0.168821,0.772792,-3.228426,0.149110,0.742134,-3.237111,0.129553,0.740707,-3.249045,0.175032,0.775849,-3.249173,0.156460,0.750395,-3.258391,0.137607,0.743323,-3.268944,,,
2,0.067,-0.103113,0.977767,-3.279560,-0.222949,0.978330,-3.284527,0.016722,0.977204,-3.274593,-0.285614,0.583194,-3.087617,0.017111,0.538620,-3.194112,-0.247667,0.235272,-3.312948,0.021612,0.131091,-3.278745,-0.102623,1.094998,-3.278091,-0.104149,1.308669,-3.260537,-0.096036,1.548980,-3.227617,-0.092620,1.645643,-3.189591,-0.133049,1.498043,-3.230677,-0.062300,1.496322,-3.235512,-0.270341,1.442834,-3.209843,0.072366,1.434182,-3.246650,-0.331348,1.161162,-3.246294,0.138989,1.150786,-3.241034,-0.361520,0.881196,-3.220519,0.151687,0.894317,-3.122614,-0.272446,0.080113,-3.226938,0.042539,0.046340,-3.122330,,,,,,,,,,-0.344759,0.866093,-3.209815,-0.318622,0.820247,-3.217751,-0.307491,0.788280,-3.229640,-0.341869,0.787033,-3.223554,-0.327959,0.757405,-3.240562,-0.313503,0.742451,-3.257182,-0.360435,0.789697,-3.241061,-0.347475,0.763092,-3.266906,-0.335400,0.751243,-3.286878,-0.375552,0.793305,-3.255429,-0.364603,0.768649,-3.281428,-0.353304,0.761330,-3.300025,-0.387343,0.803038,-3.271070,-0.376974,0.784528,-3.296126,-0.365607,0.779102,-3.315043,0.136883,0.888115,-3.103482,0.103243,0.848130,-3.092642,0.090409,0.814720,-3.095180,0.126669,0.812433,-3.078671,0.106478,0.781565,-3.078833,0.085971,0.766918,-3.087429,0.141050,0.804362,-3.098326,0.121259,0.770648,-3.102241,0.101096,0.760493,-3.115494,0.152814,0.799015,-3.115090,0.134426,0.766925,-3.121087,0.116393,0.763219,-3.134799,0.161399,0.799040,-3.135208,0.144112,0.772146,-3.142673,0.126671,0.763234,-3.154212,,,
3,0.100,-0.108716,0.988705,-3.236516,-0.228601,0.989640,-3.240017,0.011170,0.987769,-3.233016,-0.282534,0.597699,-3.034333,0.009022,0.542873,-3.203098,-0.249592,0.202715,-3.161477,0.015410,0.136623,-3.293561,-0.107887,1.105907,-3.233581,-0.108961,1.319480,-3.214838,-0.104934,1.559990,-3.182631,-0.103930,1.656794,-3.144821,-0.141172,1.508555,-3.186511,-0.070300,1.507759,-3.189395,-0.278844,1.452379,-3.171608,0.065663,1.447798,-3.195648,-0.336759,1.174476,-3.233295,0.141199,1.167443,-3.173771,-0.369687,0.893652,-3.230287,0.145529,0.921307,-3.034635,-0.277968,0.076336,-3.037747,0.036706,0.052717,-3.136741,,,,,,,,,,-0.353263,0.878361,-3.219329,-0.324067,0.834670,-3.228640,-0.309890,0.804490,-3.241882,-0.344833,0.801158,-3.239729,-0.327862,0.773456,-3.257199,-0.311056,0.760372,-3.273174,-0.361725,0.804639,-3.258724,-0.345104,0.780762,-3.285131,-0.330604,0.771063,-3.304645,-0.375545,0.808916,-3.274174,-0.361184,0.786811,-3.300799,-0.347892,0.781396,-3.318719,-0.386263,0.819552,-3.289998,-0.372779,0.803747,-3.315421,-0.359476,0.800467,-3.333553,0.129209,0.915301,-3.016712,0.095075,0.875207,-3.008034,0.082620,0.841685,-3.010953,0.117506,0.839969,-2.991500,0.097474,0.809031,-2.992967,0.077823,0.794190,-3.003093,0.133556,0.831690,-3.009724,0.114197,0.797890,-3.014862,0.095252,0.787535,-3.029666,0.146735,0.826162,-3.025337,0.129014,0.793902,-3.032345,0.112211,0.789918,-3.047469,0.156988,0.825918,-3.044656,0.140456,0.798835,-3.053086,0.124058,0.789681,-3.065895,,,
4,0.133,-0.112900,0.991292,-3.184004,-0.232805,0.991435,-3.186909,0.007004,0.991150,-3.181099,-0.274235,0.592093,-2.992893,0.007473,0.545292,-3.187670,-0.251423,0.176469,-2.993124,0.011849,0.142239,-3.291557,-0.112865,1.108455,-3.179696,-0.112557,1.321942,-3.159971,-0.112914,1.562568,-3.128383,-0.114135,1.659535,-3.091002,-0.148293,1.510629,-3.133332,-0.077360,1.510801,-3.133809,-0.286028,1.453261,-3.124996,0.060230,1.454327,-3.133907,-0.336918,1.180440,-3.210834,0.147325,1.179273,-3.094624,-0.369494,0.900264,-3.230724,0.138460,0.947843,-2.932382,-0.284643,0.087660,-2.841153,0.034216,0.058683,-3.134699,,,,,,,,,,-0.353649,0.884861,-3.219092,-0.321914,0.842892,-3.228009,-0.305206,0.814140,-3.241473,-0.340080,0.809485,-3.243213,-0.320417,0.783513,-3.260517,-0.301617,0.772029,-3.275467,-0.355103,0.813618,-3.263597,-0.334942,0.792048,-3.289520,-0.318158,0.784109,-3.307969,-0.367461,0.818418,-3.280096,-0.349627,0.798569,-3.306397,-0.334398,0.794766,-3.323152,-0.376956,0.829690,-3.296257,-0.360305,0.816015,-3.321031,-0.345092,0.814360,-3.337833,0.120366,0.942107,-2.916153,0.086137,0.901650,-2.909869,0.074133,0.867956,-2.912695,0.107179,0.867427,-2.889762,0.087480,0.836408,-2.892987,0.069178,0.821310,-2.905071,0.125268,0.858874,-2.905821,0.106808,0.824805,-2.912310,0.089730,0.813964,-2.928928,0.140171,0.853099,-2.919697,0.123414,0.820585,-2.927812,0.108397,0.816156,-2.944600,0.152490,0.852423,-2.937758,0.136884,0.825075,-2.947051,0.121898,0.815527,-2.961229,,,
5,0.167,-0.116117,0.985204,-3.134427,-0.235990,0.981804,-3.136563,0.003755,0.988604,-3.132292,-0.268805,0.587562,-2.930823,0.013702,0.543390,-3.155062,-0.263344,0.183135,-2.832471,0.014725,0.149636,-3.290045,-0.119531,1.102279,-3.129202,-0.116422,1.315738,-3.109422,-0.122037,1.556408,-3.078679,-0.125054,1.653530,-3.041804,-0.156321,1.503862,-3.084786,-0.085434,1.505239,-3.082582,-0.293625,1.444921,-3.082555,0.053535,1.452707,-3.075628,-0.333483,1.177659,-3.189196,0.152775,1.185608,-3.015688,-0.362310,0.899466,-3.230819,0.134677,0.968371,-2.835573,-0.299413,0.133790,-2.664096,0.037084,0.063478,-3.134600,,,,,,,,,,-0.347497,0.883819,-3.218194,-0.314018,0.842887,-3.225385,-0.295165,0.815090,-3.237995,-0.329624,0.809910,-3.243993,-0.307680,0.785060,-3.260165,-0.287137,0.774565,-3.273456,-0.342393,0.814726,-3.265719,-0.319063,0.794704,-3.290184,-0.300196,0.787896,-3.307000,-0.352960,0.820074,-3.283261,-0.331900,0.801801,-3.308288,-0.314842,0.799054,-3.323407,-0.360867,0.831921,-3.299860,-0.341242,0.819717,-3.323181,-0.324215,0.819117,-3.338222,0.114955,0.963260,-2.821132,0.080904,0.922484,-2.816051,0.068979,0.888680,-2.817616,0.100087,0.890136,-2.791476,0.081025,0.858813,-2.795481,0.064374,0.842950,-2.808900,0.120022,0.881003,-2.804798,0.102807,0.846305,-2.811375,0.087899,0.834248,-2.829199,0.136498,0.874706,-2.816498,0.120939,0.841601,-2.824613,0.107959,0.836082,-2.842724,0.150797,0.873165,-2.832977,0.136235,0.845223,-2.842195,0.122844,0.834757,-2.857293,,,
6,0.200,-0.119057,0.973417,-3.079047,-0.238798,0.966543,-3.079600,0.000685,0.980292,-3.078494,-0.266276,0.586092,-2.848657,0.020041,0.536857,-3.121198,-0.284193,0.200674,-2.692467,0.017893,0.155145,-3.287193,-0.125795,1.090324,-3.073302,-0.121330,1.303863,-3.054674,-0.131482,1.544573,-3.025445,-0.135758,1.641833,-2.989062,-0.164774,1.491484,-3.032299,-0.094015,1.493945,-3.027954,-0.301782,1.431884,-3.035140,0.045169,1.443410,-3.014014,-0.330680,1.170201,-3.157926,0.153079,1.185907,-2.931361,-0.355847,0.895408,-3.219656,0.126974,0.980982,-2.738268,-0.322123,0.192064,-2.517615,0.040499,0.065598,-3.133712,,,,,,,,,,-0.342168,0.879198,-3.206475,-0.307552,0.839028,-3.212477,-0.287150,0.812159,-3.224682,-0.320719,0.807027,-3.234382,-0.296539,0.783930,-3.249954,-0.274482,0.774917,-3.261832,-0.331289,0.812958,-3.256995,-0.305131,0.795018,-3.280183,-0.284509,0.789677,-3.295392,-0.340099,0.819202,-3.275199,-0.316073,0.803122,-3.299031,-0.297479,0.801761,-3.312430,-0.346452,0.831902,-3.291834,-0.324340,0.821474,-3.313750,-0.305881,0.822055,-3.326994,0.106089,0.976689,-2.725267,0.072530,0.935611,-2.719408,0.061009,0.901639,-2.718668,0.089963,0.906290,-2.690174,0.071830,0.874311,-2.693201,0.056796,0.856963,-2.706690,0.111237,0.896519,-2.700673,0.095406,0.860890,-2.705524,0.082499,0.846856,-2.723463,0.128860,0.889623,-2.710154,0.114647,0.855566,-2.716633,0.103524,0.848150,-2.735294,0.144670,0.886948,-2.725029,0.131334,0.857963,-2.732764,0.119489,0.845839,-2.747914,,,
7,0.233,-0.122875,0.958238,-3.020092,-0.242523,0.950033,-3.018504,-0.003226,0.966443,-3.021680,-0.266633,0.589935,-2.756624,0.021130,0.526433,-3.089729,-0.296261,0.214117,-2.580140,0.016955,0.158753,-3.284812,-0.130801,1.075042,-3.013792,-0.127397,1.288697,-2.996312,-0.139520,1.529478,-2.968447,-0.144459,1.626894,-2.932570,-0.172364,1.476151,-2.975616,-0.101707,1.479070,-2.970057,-0.309428,1.417024,-2.982602,0.036880,1.428765,-2.950479,-0.330541,1.159315,-3.115003,0.149794,1.180526,-2.848441,-0.354630,0.888827,-3.193814,0.119719,0.984253,-2.647113,-0.333954,0.239415,-2.406862,0.040808,0.067421,-3.132577,,,,,,,,,,-0.341695,0.871951,-3.180719,-0.306494,0.832296,-3.186754,-0.285033,0.806166,-3.198745,-0.318039,0.801528,-3.211194,-0.291702,0.781620,-3.227645,-0.268586,0.775209,-3.239193,-0.327209,0.808681,-3.234063,-0.298848,0.793847,-3.256852,-0.277093,0.790658,-3.271053,-0.334902,0.815905,-3.252411,-0.308450,0.802915,-3.275548,-0.288879,0.803460,-3.287540,-0.340285,0.829496,-3.268680,-0.316422,0.820952,-3.289550,-0.297079,0.822737,-3.301345,0.098258,0.980172,-2.635013,0.065913,0.938360,-2.627695,0.056021,0.903987,-2.624869,0.082600,0.912229,-2.595185,0.065834,0.879411,-2.596725,0.052289,0.860482,-2.609655,0.104807,0.902523,-2.603606,0.090684,0.865964,-2.606365,0.079442,0.850023,-2.623824,0.123207,0.895613,-2.611462,0.110653,0.860603,-2.616004,0.100968,0.851310,-2.634626,0.139970,0.892396,-2.625138,0.128104,0.862368,-2.631082,0.117586,0.848566,-2.645767,,,
8,0.267,-0.127762,0.944386,-2.958719,-0.247395,0.936433,-2.955512,-0.008129,0.952340,-2.961925,-0.271136,0.579113,-2.689821,0.016792,0.517694,-3.058332,-0.294104,0.203008,-2.512956,0.014423,0.164448,-3.278504,-0.135356,1.061205,-2.952289,-0.134057,1.274888,-2.934869,-0.147234,1.515595,-2.906840,-0.153123,1.613040,-2.871185,-0.179814,1.462222,-2.914821,-0.109301,1.465259,-2.907716,-0.316401,1.402654,-2.926092,0.028819,1.415723,-2.883442,-0.331138,1.145715,-3.060833,0.143410,1.173116,-2.770328,-0.354728,0.879226,-3.152385,0.115095,0.980108,-2.565617,-0.326800,0.223947,-2.338089,0.038820,0.067025,-3.130180,,,,,,,,,,-0.341933,0.861728,-3.139986,-0.306390,0.822637,-3.147505,-0.284595,0.797325,-3.160601,-0.317300,0.793184,-3.173787,-0.290211,0.775386,-3.191395,-0.266815,0.770579,-3.203156,-0.326094,0.801521,-3.196402,-0.296946,0.788841,-3.219496,-0.274847,0.787070,-3.233410,-0.333493,0.809692,-3.214471,-0.306192,0.798768,-3.237690,-0.286349,0.800480,-3.249110,-0.338660,0.824118,-3.230077,-0.314178,0.816939,-3.250742,-0.294555,0.819520,-3.261913,0.093380,0.976238,-2.553906,0.062013,0.934081,-2.544589,0.053314,0.899624,-2.539642,0.078381,0.910833,-2.509805,0.062586,0.877501,-2.509553,0.049999,0.857332,-2.521542,0.101113,0.901238,-2.516841,0.088186,0.864140,-2.517349,0.077990,0.846647,-2.533941,0.119943,0.894355,-2.523626,0.108516,0.858757,-2.526096,0.099703,0.847929,-2.544317,0.137222,0.890694,-2.536527,0.126382,0.859977,-2.540629,0.116717,0.844858,-2.554586,,,
9,0.300,-0.133659,0.932138,-2.894617,-0.253409,0.926182,-2.891458,-0.013908,0.938094,-2.897775,-0.274733,0.560400,-2.637330,0.007217,0.511212,-3.024889,-0.287645,0.177140,-2.475439,0.011605,0.172443,-3.266716,-0.139364,1.049160,-2.890265,-0.140547,1.263016,-2.875098,-0.155753,1.503824,-2.849037,-0.163519,1.601498,-2.814384,-0.187814,1.450233,-2.857636,-0.117560,1.453681,-2.848458,-0.323276,1.388719,-2.871694,0.020375,1.406050,-2.819728,-0.335168,1.129050,-3.001387,0.135487,1.164454,-2.704991,-0.358904,0.863313,-3.095064,0.114838,0.968126,-2.502533,-0.311203,0.160499,-2.298651,0.036967,0.062738,-3.127404,,,,,,,,,,-0.346046,0.845065,-3.083869,-0.311735,0.805543,-3.094300,-0.291210,0.780399,-3.109585,-0.324335,0.777398,-3.121249,-0.298372,0.759854,-3.140712,-0.275590,0.755103,-3.153642,-0.333803,0.786812,-3.143158,-0.305850,0.774349,-3.167796,-0.284333,0.772596,-3.182596,-0.341705,0.795850,-3.160589,-0.315542,0.785269,-3.185232,-0.296105,0.786996,-3.197329,-0.347138,0.810992,-3.175408,-0.323527,0.803981,-3.197119,-0.304223,0.806479,-3.208849,0.093169,0.964361,-2.490706,0.062681,0.922037,-2.479431,0.055132,0.887577,-2.472876,0.079415,0.900869,-2.443512,0.064507,0.867220,-2.441052,0.052415,0.846005,-2.451666,0.102374,0.891438,-2.450011,0.090410,0.854053,-2.448333,0.080674,0.835355,-2.463855,0.121374,0.884642,-2.456402,0.110956,0.848654,-2.456811,0.102487,0.836552,-2.474383,0.138775,0.880733,-2.469063,0.129022,0.849479,-2.471483,0.119947,0.833310,-2.484636,,,
10,0.333,-0.140717,0.922221,-2.827353,-0.260564,0.917656,-2.826127,-0.020870,0.926785,-2.828580,-0.277227,0.543088,-2.584768,-0.003459,0.511883,-2.991015,-0.283010,0.150596,-2.446277,0.012315,0.186188,-3.249739,-0.145149,1.039343,-2.824474,-0.148858,1.253439,-2.813759,-0.164975,1.494821,-2.794419,-0.175302,1.593075,-2.762155,-0.196742,1.440976,-2.802506,-0.126774,1.444768,-2.791470,-0.331420,1.378114,-2.818058,0.010808,1.398495,-2.759059,-0.345401,1.113573,-2.937273,0.123414,1.153458,-2.649238,-0.371381,0.844621,-3.020608,0.111846,0.948608,-2.454654,-0.305411,0.092834,-2.278206,0.038951,0.054946,-3.130775,,,,,,,,,,-0.358440,0.825857,-3.010407,-0.326096,0.785421,-3.023324,-0.307581,0.759974,-3.040552,-0.341209,0.757993,-3.049716,-0.317047,0.739980,-3.070985,-0.295275,0.734745,-3.085386,-0.351705,0.767949,-3.070904,-0.325596,0.754928,-3.097219,-0.305024,0.752695,-3.113247,-0.360377,0.777429,-3.087725,-0.336035,0.766375,-3.113975,-0.317301,0.767664,-3.127184,-0.366231,0.792903,-3.102031,-0.344053,0.785290,-3.125013,-0.325334,0.787228,-3.137754,0.090210,0.944974,-2.442725,0.059877,0.902749,-2.430685,0.053233,0.868206,-2.423616,0.076743,0.882240,-2.394448,0.062438,0.848542,-2.389930,0.050493,0.826608,-2.399158,0.099719,0.872773,-2.400830,0.088248,0.835353,-2.397403,0.078571,0.815870,-2.411965,0.118729,0.865931,-2.407141,0.108981,0.829770,-2.406026,0.100616,0.816817,-2.423032,0.136120,0.861864,-2.419767,0.127199,0.830304,-2.421240,0.118527,0.813568,-2.433948,,,
11,0.367,-0.150391,0.916097,-2.763087,-0.270279,0.912713,-2.764141,-0.030503,0.919481,-2.762033,-0.291073,0.542401,-2.516615,-0.005037,0.503668,-2.921041,-0.288494,0.136964,-2.422393,0.016128,0.204185,-3.209356,-0.153712,1.033282,-2.761560,-0.160537,1.247439,-2.754074,-0.174417,1.489403,-2.741440,-0.186806,1.588281,-2.711926,-0.206637,1.435674,-2.748433,-0.136761,1.439075,-2.736707,-0.341519,1.373185,-2.763710,0.000141,1.392027,-2.702580,-0.363981,1.103987,-2.870563,0.106844,1.139092,-2.605512,-0.396696,0.831035,-2.936761,0.104239,0.921447,-2.425001,-0.311778,0.049263,-2.267951,0.043384,0.044974,-3.131928,,,,,,,,,,-0.383692,0.812552,-2.926133,-0.352187,0.771205,-2.938208,-0.334688,0.744950,-2.955285,-0.368340,0.742889,-2.962997,-0.344942,0.723999,-2.984358,-0.323662,0.718113,-2.999235,-0.379306,0.752082,-2.984293,-0.353951,0.737783,-3.010683,-0.333796,0.734725,-3.027100,-0.388331,0.760958,-3.001257,-0.364747,0.748571,-3.027603,-0.346333,0.749105,-3.041305,-0.394402,0.775892,-3.016038,-0.372656,0.766795,-3.038893,-0.354098,0.767771,-3.051974,0.082598,0.918100,-2.412998,0.051399,0.876369,-2.401458,0.043715,0.841945,-2.394876,0.068014,0.854898,-2.365664,0.053387,0.821442,-2.360440,0.040980,0.799544,-2.369130,0.090736,0.845029,-2.372341,0.078743,0.807806,-2.368568,0.068560,0.788344,-2.382812,0.109550,0.837870,-2.378881,0.099389,0.801829,-2.377582,0.090689,0.788926,-2.394456,0.126772,0.833624,-2.391680,0.117543,0.802163,-2.393358,0.108635,0.785550,-2.406064,,,
12,0.400,-0.161558,0.913436,-2.701928,-0.281433,0.910667,-2.704728,-0.041682,0.916206,-2.699129,-0.311481,0.553714,-2.439182,0.006252,0.486570,-2.808432,-0.295744,0.138251,-2.419015,0.024556,0.230054,-3.135736,-0.164270,1.030647,-2.701744,-0.171742,1.244835,-2.695959,-0.185667,1.486962,-2.687059,-0.199355,1.586174,-2.659290,-0.217885,1.433122,-2.693154,-0.147987,1.436723,-2.681617,-0.352562,1.369581,-2.705648,-0.011027,1.389605,-2.647825,-0.384006,1.096048,-2.798281,0.093770,1.128796,-2.571796,-0.421326,0.819126,-2.841599,0.103883,0.896115,-2.411429,-0.321638,0.050832,-2.264829,0.043013,0.052061,-3.127723,,,,,,,,,,-0.408310,0.801741,-2.829270,-0.377309,0.759065,-2.837372,-0.360820,0.731197,-2.852820,-0.394048,0.728454,-2.858820,-0.371343,0.707240,-2.878696,-0.350490,0.699613,-2.893385,-0.405257,0.735462,-2.880809,-0.380383,0.718265,-2.905894,-0.360487,0.713333,-2.922170,-0.414464,0.742591,-2.898483,-0.391478,0.727158,-2.923725,-0.373302,0.725980,-2.937703,-0.420639,0.755947,-2.914666,-0.398982,0.744026,-2.936272,-0.380418,0.743230,-2.949359,0.082574,0.892139,-2.399030,0.051650,0.849855,-2.388847,0.043544,0.815270,-2.383791,0.069211,0.826535,-2.354699,0.054879,0.792810,-2.350489,0.042282,0.771246,-2.359723,0.091729,0.817034,-2.362506,0.080024,0.779623,-2.359858,0.069472,0.760639,-2.374472,0.110348,0.810231,-2.369926,0.100312,0.774133,-2.370015,0.091155,0.761976,-2.387200,0.127207,0.806667,-2.383397,0.117997,0.775295,-2.386363,0.108775,0.759265,-2.399583,,,
13,0.433,-0.171866,0.914976,-2.642028,-0.291693,0.912706,-2.646705,-0.052038,0.917246,-2.637352,-0.326124,0.552313,-2.386389,0.013974,0.477643,-2.672335,-0.300196,0.137903,-2.415642,0.027569,0.269181,-3.032366,-0.174049,1.032193,-2.642987,-0.180688,1.246431,-2.638099,-0.193942,1.488629,-2.630146,-0.208125,1.587847,-2.602648,-0.226355,1.434839,-2.635614,-0.156318,1.438326,-2.624918,-0.360886,1.370405,-2.644613,-0.019135,1.390472,-2.593120,-0.401574,1.092893,-2.720254,0.081546,1.122809,-2.538313,-0.441476,0.813379,-2.735583,0.100062,0.877485,-2.398907,-0.327610,0.050547,-2.261683,0.047064,0.095725,-3.072603,,,,,,,,,,-0.428690,0.797144,-2.721561,-0.398761,0.753115,-2.725262,-0.384053,0.723569,-2.739328,-0.416464,0.720746,-2.743042,-0.394954,0.696553,-2.760723,-0.374706,0.686484,-2.774775,-0.427803,0.725569,-2.765546,-0.403761,0.704999,-2.788840,-0.384244,0.697731,-2.804695,-0.437081,0.730938,-2.783797,-0.415189,0.711849,-2.807464,-0.397374,0.708390,-2.821527,-0.443168,0.742584,-2.801281,-0.421905,0.727597,-2.821311,-0.403423,0.724717,-2.834219,0.079104,0.872757,-2.386177,0.048256,0.829993,-2.377953,0.040502,0.795079,-2.375079,0.066684,0.804357,-2.345993,0.052285,0.770457,-2.343973,0.039343,0.749700,-2.354490,0.088908,0.795323,-2.355089,0.077209,0.757821,-2.354567,0.066185,0.739836,-2.370070,0.107263,0.788970,-2.363501,0.097047,0.752994,-2.365787,0.087337,0.742074,-2.383490,0.123698,0.786264,-2.377676,0.114317,0.755148,-2.382324,0.104655,0.739982,-2.396233,,,
14,0.467,-0.180775,0.919895,-2.583703,-0.300481,0.918322,-2.591014,-0.061068,0.921469,-2.576392,-0.335675,0.546361,-2.347623,0.008692,0.482855,-2.536597,-0.304124,0.136053,-2.410196,0.020662,0.296944,-2.908831,-0.182194,1.037112,-2.585691,-0.187347,1.251399,-2.581224,-0.197903,1.493670,-2.571607,-0.211001,1.592785,-2.543215,-0.231010,1.440236,-2.576366,-0.160648,1.442966,-2.567791,-0.365604,1.375490,-2.581239,-0.023031,1.393673,-2.540368,-0.414307,1.094639,-2.637280,0.070203,1.120683,-2.500777,-0.454883,0.815273,-2.621047,0.097483,0.865543,-2.381951,-0.333407,0.049176,-2.256310,0.058228,0.127316,-2.952434,,,,,,,,,,-0.442172,0.800248,-2.605675,-0.413071,0.755514,-2.605447,-0.399648,0.724553,-2.617627,-0.431597,0.721902,-2.619739,-0.411172,0.695243,-2.634993,-0.391496,0.683038,-2.648134,-0.443188,0.724718,-2.642454,-0.420121,0.701173,-2.663839,-0.401089,0.691751,-2.679139,-0.452644,0.728453,-2.661018,-0.431728,0.706350,-2.682875,-0.414277,0.700915,-2.696768,-0.458790,0.738450,-2.679475,-0.438164,0.721082,-2.698207,-0.419956,0.716535,-2.711024,0.076847,0.859918,-2.369063,0.046135,0.816679,-2.363137,0.039589,0.781402,-2.362858,0.065317,0.788819,-2.333572,0.050863,0.754884,-2.333917,0.037633,0.735052,-2.345774,0.087286,0.780457,-2.343853,0.075542,0.743016,-2.345825,0.064113,0.726254,-2.362369,0.105409,0.774720,-2.353162,0.095103,0.739002,-2.357842,0.084950,0.729421,-2.376065,0.121474,0.773033,-2.367908,0.112165,0.742233,-2.374427,0.102251,0.727977,-2.389098,,,
15,0.500,-0.187600,0.928386,-2.526624,-0.307154,0.927556,-2.536199,-0.068045,0.929218,-2.517049,-0.338070,0.537976,-2.321480,-0.001393,0.501798,-2.408870,-0.305957,0.131708,-2.406207,0.007867,0.300131,-2.772887,-0.188185,1.045592,-2.529487,-0.191829,1.259912,-2.525071,-0.199579,1.502178,-2.513005,-0.210085,1.601237,-2.483365,-0.233390,1.449093,-2.516551,-0.162669,1.451105,-2.511439,-0.368015,1.384254,-2.514664,-0.024356,1.400274,-2.491291,-0.421891,1.100807,-2.548496,0.061836,1.123233,-2.466730,-0.458151,0.824942,-2.498107,0.101436,0.860744,-2.369305,-0.336246,0.044482,-2.252713,0.052048,0.128007,-2.795419,,,,,,,,,,-0.444824,0.811545,-2.481781,-0.416147,0.766702,-2.477946,-0.403592,0.734383,-2.487168,-0.435661,0.731975,-2.487459,-0.416274,0.703313,-2.500236,-0.397359,0.689261,-2.512628,-0.448344,0.732403,-2.509758,-0.426680,0.706135,-2.529365,-0.408559,0.694668,-2.544372,-0.458680,0.734178,-2.528142,-0.438912,0.709673,-2.548452,-0.422164,0.702636,-2.562490,-0.465649,0.742139,-2.547285,-0.446186,0.722735,-2.565247,-0.428731,0.716753,-2.578514,0.081728,0.853787,-2.355637,0.052020,0.809679,-2.351171,0.046916,0.774241,-2.353502,0.073391,0.780001,-2.325080,0.059547,0.745851,-2.326714,0.045886,0.726563,-2.338975,0.094777,0.772839,-2.337312,0.083359,0.735467,-2.341376,0.071090,0.719823,-2.358407,0.112351,0.768152,-2.348138,0.102395,0.732635,-2.354714,0.091269,0.724162,-2.372918,0.127476,0.767879,-2.363935,0.118511,0.737433,-2.372330,0.108066,0.724118,-2.387509,,,
16,0.533,-0.191342,0.939265,-2.470747,-0.310814,0.939166,-2.481326,-0.071870,0.939365,-2.460167,-0.333125,0.530840,-2.303549,-0.007064,0.530377,-2.294753,-0.305194,0.127304,-2.401741,-0.005735,0.291896,-2.635911,-0.191133,1.056456,-2.474215,-0.193842,1.270792,-2.469911,-0.199608,1.513052,-2.456676,-0.207102,1.612075,-2.426020,-0.233849,1.460155,-2.458500,-0.162942,1.461784,-2.457325,-0.368459,1.396120,-2.447959,-0.024159,1.409540,-2.445918,-0.425151,1.111412,-2.458774,0.056742,1.129875,-2.440785,-0.449557,0.842856,-2.373703,0.108775,0.861643,-2.367952,-0.334695,0.040118,-2.248071,0.029633,0.116448,-2.628603,,,,,,,,,,-0.434788,0.831517,-2.357061,-0.405831,0.787233,-2.350104,-0.393515,0.753967,-2.355475,-0.426090,0.751783,-2.353281,-0.407533,0.721717,-2.363878,-0.389579,0.706191,-2.375936,-0.440746,0.749488,-2.374214,-0.420776,0.720835,-2.392212,-0.404006,0.707464,-2.407215,-0.452711,0.749005,-2.391666,-0.434372,0.722477,-2.410738,-0.418794,0.714014,-2.425325,-0.461399,0.754525,-2.410965,-0.443706,0.732946,-2.428266,-0.427582,0.725318,-2.442348,0.090865,0.853038,-2.352826,0.062285,0.808116,-2.349192,0.057392,0.772948,-2.354353,0.086830,0.776556,-2.328704,0.073665,0.742187,-2.331162,0.058998,0.723419,-2.343061,0.106702,0.771007,-2.343955,0.095268,0.733899,-2.349946,0.081218,0.719520,-2.366714,0.122930,0.767712,-2.357138,0.112923,0.732592,-2.365525,0.099881,0.725359,-2.382976,0.136105,0.769227,-2.374531,0.126868,0.739433,-2.384766,0.115038,0.727290,-2.399912,,,
17,0.567,-0.191315,0.951679,-2.414951,-0.310742,0.952406,-2.426007,-0.071888,0.950953,-2.403895,-0.325620,0.527992,-2.290050,-0.013250,0.563819,-2.190537,-0.303476,0.126680,-2.398314,-0.017287,0.281062,-2.495981,-0.190251,1.068855,-2.418742,-0.193379,1.283201,-2.415348,-0.196588,1.525530,-2.402481,-0.201150,1.624534,-2.371196,-0.231285,1.472899,-2.402411,-0.160401,1.473973,-2.404870,-0.365889,1.410853,-2.383351,-0.021893,1.419888,-2.401570,-0.425275,1.126708,-2.372169,0.052915,1.138904,-2.416914,-0.432038,0.870002,-2.253799,0.110844,0.866433,-2.368293,-0.331937,0.039904,-2.244217,0.010380,0.110718,-2.447987,,,,,,,,,,-0.415229,0.860946,-2.237703,-0.384866,0.818011,-2.228611,-0.371503,0.784746,-2.230040,-0.404715,0.782388,-2.224828,-0.386658,0.751398,-2.233441,-0.369740,0.734625,-2.245325,-0.421665,0.777373,-2.243424,-0.403348,0.746712,-2.259799,-0.388160,0.731581,-2.274813,-0.435571,0.774611,-2.259140,-0.418834,0.746153,-2.276854,-0.404800,0.736157,-2.292027,-0.446545,0.777573,-2.277827,-0.430782,0.753895,-2.294223,-0.416359,0.744514,-2.309072,0.094820,0.856645,-2.351830,0.065531,0.812131,-2.348893,0.058792,0.777787,-2.356796,0.091533,0.778166,-2.335161,0.077451,0.744271,-2.338824,0.060902,0.726797,-2.350214,0.109025,0.773854,-2.353428,0.095790,0.737711,-2.361308,0.079202,0.725267,-2.377286,0.123255,0.771639,-2.368940,0.111393,0.737594,-2.379145,0.095985,0.732216,-2.395288,0.134059,0.774700,-2.387710,0.122921,0.746176,-2.399548,0.108991,0.735676,-2.414125,,,
18,0.600,-0.190705,0.962876,-2.358485,-0.310048,0.964447,-2.370329,-0.071362,0.961305,-2.346640,-0.317463,0.527462,-2.281888,-0.019151,0.597826,-2.093678,-0.301239,0.128426,-2.399237,-0.024378,0.267252,-2.346576,-0.188795,1.080044,-2.362191,-0.192254,1.294391,-2.359179,-0.192173,1.536740,-2.346304,-0.193678,1.635642,-2.314403,-0.227407,1.484496,-2.344564,-0.156711,1.484786,-2.350373,-0.361838,1.424822,-2.318131,-0.019087,1.428550,-2.354543,-0.424237,1.142820,-2.286974,0.048734,1.147700,-2.390697,-0.406664,0.902812,-2.138507,0.107564,0.872310,-2.365011,-0.328477,0.040888,-2.245350,0.001346,0.116037,-2.254062,,,,,,,,,,-0.387533,0.896437,-2.123776,-0.354067,0.856102,-2.113716,-0.338638,0.823735,-2.112517,-0.371398,0.820509,-2.103228,-0.352787,0.789371,-2.109912,-0.336455,0.771835,-2.121512,-0.390242,0.812616,-2.118747,-0.372503,0.780770,-2.133405,-0.358492,0.764381,-2.148244,-0.405830,0.807425,-2.132091,-0.390013,0.777419,-2.148005,-0.377454,0.765971,-2.163442,-0.419182,0.807652,-2.149413,-0.404474,0.782575,-2.164669,-0.391577,0.771858,-2.180009,0.092954,0.861686,-2.347769,0.061397,0.818700,-2.345701,0.051620,0.785781,-2.356100,0.086570,0.782164,-2.338654,0.070091,0.749583,-2.343896,0.051282,0.734257,-2.354864,0.101520,0.778900,-2.359248,0.085150,0.744530,-2.368957,0.066049,0.734721,-2.383933,0.113688,0.777597,-2.376518,0.098561,0.745476,-2.388487,0.081072,0.742634,-2.403081,0.122424,0.782057,-2.396067,0.108274,0.755507,-2.409208,0.092146,0.747281,-2.422956,,,
19,0.633,-0.190257,0.969838,-2.303231,-0.309493,0.972149,-2.316000,-0.071021,0.967527,-2.290462,-0.309008,0.528097,-2.275373,-0.024089,0.626765,-2.006718,-0.299185,0.131346,-2.400894,-0.027584,0.252166,-2.188177,-0.187657,1.087011,-2.306304,-0.191379,1.301328,-2.301818,-0.187530,1.543548,-2.287217,-0.186082,1.642195,-2.254534,-0.223334,1.491749,-2.284264,-0.152974,1.491178,-2.293257,-0.357384,1.434447,-2.251423,-0.016550,1.433119,-2.305001,-0.424225,1.155858,-2.203361,0.043724,1.154143,-2.362646,-0.374362,0.937536,-2.030722,0.099758,0.877018,-2.357871,-0.325070,0.043392,-2.247011,0.000193,0.132902,-2.057446,,,,,,,,,,-0.353375,0.934102,-2.017631,-0.316690,0.897038,-2.006296,-0.299022,0.866050,-2.002461,-0.330630,0.862540,-1.989186,-0.310965,0.831619,-1.993402,-0.294890,0.813313,-2.004141,-0.350583,0.851760,-2.001185,-0.332659,0.818930,-2.013212,-0.319370,0.801193,-2.027136,-0.367222,0.844096,-2.011787,-0.351584,0.812694,-2.024945,-0.340146,0.799591,-2.039932,-0.382402,0.841335,-2.027289,-0.368057,0.814938,-2.040532,-0.356331,0.802664,-2.055642,0.085990,0.865384,-2.340588,0.052093,0.824167,-2.340176,0.039497,0.793135,-2.353049,0.075436,0.785795,-2.339202,0.056451,0.755008,-2.346434,0.035838,0.742117,-2.357290,0.088399,0.783989,-2.361269,0.069100,0.751850,-2.373027,0.048236,0.744821,-2.387191,0.098993,0.783917,-2.379593,0.080834,0.754223,-2.393462,0.062043,0.753999,-2.406646,0.106344,0.789995,-2.399276,0.089474,0.765831,-2.413744,0.071755,0.760045,-2.426756,,,
20,0.667,-0.188705,0.972708,-2.248637,-0.307868,0.975728,-2.261921,-0.069541,0.969688,-2.235353,-0.303882,0.529846,-2.264441,-0.032831,0.643506,-1.933541,-0.297405,0.137045,-2.402022,-0.025805,0.237465,-2.024892,-0.185534,1.089893,-2.250441,-0.190204,1.304128,-2.243573,-0.181916,1.546064,-2.226340,-0.178059,1.644363,-2.192814,-0.218378,1.494786,-2.222476,-0.148477,1.493249,-2.234444,-0.351901,1.439966,-2.183776,-0.013504,1.433852,-2.253802,-0.424730,1.166034,-2.120162,0.038098,1.158276,-2.332405,-0.340518,0.971552,-1.932972,0.088963,0.880457,-2.346184,-0.321916,0.048602,-2.248194,0.002687,0.150745,-1.870769,,,,,,,,,,-0.318204,0.970718,-1.921789,-0.279192,0.936750,-1.908666,-0.259756,0.907391,-1.901779,-0.290027,0.905176,-1.884941,-0.269706,0.874424,-1.886360,-0.254111,0.855008,-1.895774,-0.310666,0.892183,-1.892911,-0.292715,0.858260,-1.901321,-0.280164,0.838805,-1.913530,-0.327987,0.882561,-1.900352,-0.312556,0.849764,-1.909839,-0.302176,0.834637,-1.923644,-0.344536,0.877016,-1.913534,-0.330449,0.849148,-1.923677,-0.319730,0.834824,-1.937692,0.075911,0.867476,-2.329309,0.040336,0.827729,-2.330904,0.025469,0.798799,-2.346050,0.061974,0.788665,-2.335810,0.040940,0.759821,-2.345092,0.019002,0.749205,-2.355817,0.073302,0.788861,-2.358829,0.051745,0.759059,-2.372640,0.029657,0.754533,-2.385942,0.082603,0.790447,-2.377777,0.062067,0.763295,-2.393427,0.042410,0.765330,-2.405107,0.088849,0.798411,-2.397166,0.069798,0.776722,-2.412803,0.050920,0.773134,-2.424949,,,
21,0.700,-0.186950,0.972248,-2.192237,-0.305950,0.977738,-2.206181,-0.067950,0.966758,-2.178293,-0.303955,0.534279,-2.252799,-0.047088,0.636544,-1.879368,-0.298231,0.146092,-2.402936,-0.023152,0.221120,-1.868730,-0.181552,1.089365,-2.192197,-0.188543,1.303478,-2.183685,-0.175094,1.544961,-2.163585,-0.169417,1.642823,-2.129056,-0.212331,1.494303,-2.159000,-0.142979,1.491667,-2.173666,-0.345136,1.442042,-2.114692,-0.009761,1.431067,-2.200142,-0.424683,1.174399,-2.034511,0.031799,1.159726,-2.297254,-0.310771,1.001600,-1.841846,0.076195,0.882085,-2.327337,-0.321358,0.055794,-2.249974,0.005026,0.169500,-1.699533,,,,,,,,,,-0.287539,1.002822,-1.832766,-0.246714,0.971834,-1.817900,-0.225628,0.944510,-1.808103,-0.254641,0.944502,-1.788449,-0.233849,0.914103,-1.786391,-0.218685,0.893474,-1.793693,-0.275588,0.930188,-1.792270,-0.257570,0.895507,-1.796309,-0.245608,0.874371,-1.806070,-0.293265,0.919315,-1.796424,-0.277930,0.885519,-1.801567,-0.268420,0.868363,-1.813496,-0.310782,0.911525,-1.806955,-0.296751,0.882551,-1.813405,-0.286806,0.866201,-1.825663,0.063960,0.867751,-2.310952,0.026945,0.829424,-2.313936,0.009802,0.802680,-2.330616,0.046730,0.790511,-2.324546,0.023700,0.763772,-2.335279,0.000549,0.755346,-2.345378,0.056330,0.792843,-2.348225,0.032664,0.765423,-2.363445,0.009505,0.763080,-2.375422,0.064260,0.796180,-2.367563,0.041476,0.771618,-2.384339,0.021099,0.775571,-2.394143,0.069345,0.805989,-2.386440,0.048313,0.786676,-2.402642,0.028442,0.784899,-2.413540,,,
22,0.733,-0.185522,0.967679,-2.133627,-0.304276,0.975404,-2.148569,-0.066767,0.959955,-2.118685,-0.305626,0.536947,-2.229727,-0.055657,0.610247,-1.842255,-0.299243,0.158191,-2.402258,-0.023459,0.205921,-1.748729,-0.178182,1.084671,-2.131485,-0.186484,1.298703,-2.122146,-0.169396,1.539797,-2.100225,-0.162700,1.637347,-2.065004,-0.207126,1.489565,-2.095033,-0.138264,1.486206,-2.111718,-0.338547,1.438188,-2.045834,-0.006509,1.425257,-2.144063,-0.423653,1.177956,-1.948747,0.026271,1.158034,-2.254974,-0.282885,1.025151,-1.756939,0.065380,0.881268,-2.297765,-0.321697,0.064899,-2.251003,0.003376,0.190598,-1.572288,,,,,,,,,,-0.259381,1.028350,-1.749129,-0.217228,1.001130,-1.730960,-0.194466,0.976780,-1.717688,-0.223347,0.978960,-1.697074,-0.201633,0.949953,-1.690172,-0.186056,0.928715,-1.694062,-0.244027,0.963784,-1.697613,-0.225173,0.929354,-1.695931,-0.212903,0.907075,-1.702113,-0.261545,0.952010,-1.699185,-0.245469,0.918171,-1.698710,-0.235861,0.899356,-1.707700,-0.279215,0.942210,-1.707559,-0.264527,0.912901,-1.709350,-0.254483,0.894895,-1.718910,0.053903,0.865803,-2.281867,0.015640,0.828784,-2.285531,-0.003530,0.804034,-2.303062,0.033458,0.790534,-2.300950,0.008642,0.765757,-2.312387,-0.015493,0.759160,-2.321496,0.041436,0.794769,-2.324964,0.015917,0.769484,-2.340870,-0.008077,0.768863,-2.351320,0.048084,0.799652,-2.344457,0.023321,0.777403,-2.361651,0.002447,0.782814,-2.369520,0.052121,0.811004,-2.362711,0.029349,0.793756,-2.378891,0.008690,0.793419,-2.388371,,,
23,0.767,-0.185180,0.958353,-2.072243,-0.303792,0.967182,-2.087700,-0.066569,0.949525,-2.056786,-0.302562,0.539171,-2.212753,-0.053756,0.569835,-1.823324,-0.300524,0.165816,-2.396777,-0.027504,0.187051,-1.661924,-0.177044,1.075233,-2.067922,-0.183590,1.289243,-2.056869,-0.164939,1.530096,-2.033610,-0.157756,1.627521,-1.998137,-0.202831,1.480015,-2.028139,-0.134267,1.476432,-2.045970,-0.333070,1.428618,-1.975914,-0.003526,1.415925,-2.082927,-0.422433,1.175828,-1.864105,0.022609,1.151969,-2.203045,-0.262653,1.037407,-1.676315,0.058270,0.876486,-2.255936,-0.321917,0.069364,-2.247360,-0.007150,0.188377,-1.483963,,,,,,,,,,-0.239310,1.042808,-1.669272,-0.195956,1.020601,-1.647472,-0.171410,1.000258,-1.631016,-0.201040,1.003648,-1.610540,-0.177913,0.977497,-1.598631,-0.161166,0.956800,-1.598714,-0.221015,0.987665,-1.608584,-0.200610,0.954920,-1.601163,-0.187273,0.932522,-1.603527,-0.237986,0.975023,-1.608195,-0.220421,0.942501,-1.602066,-0.209923,0.922900,-1.607785,-0.255204,0.963279,-1.614829,-0.239293,0.934708,-1.611912,-0.228472,0.915829,-1.618468,0.047451,0.859862,-2.240762,0.008448,0.823725,-2.245330,-0.012151,0.800733,-2.263617,0.024756,0.786717,-2.264895,-0.001219,0.763473,-2.276960,-0.025970,0.758123,-2.285190,0.031447,0.792880,-2.288885,0.004717,0.769323,-2.305444,-0.019815,0.769873,-2.314564,0.037073,0.799319,-2.308247,0.010976,0.778952,-2.325796,-0.010210,0.785286,-2.331959,0.040267,0.812129,-2.325685,0.016237,0.796621,-2.341804,-0.004964,0.797413,-2.349972,,,
24,0.800,-0.181743,0.944098,-2.013641,-0.300429,0.952264,-2.028889,-0.063057,0.935933,-1.998392,-0.294739,0.536084,-2.188871,-0.053394,0.557509,-1.762735,-0.300871,0.175707,-2.397088,-0.031929,0.170323,-1.611440,-0.174281,1.061015,-2.009114,-0.178912,1.275009,-1.996831,-0.159327,1.515654,-1.972228,-0.151522,1.613038,-1.936776,-0.197321,1.465652,-1.966736,-0.128928,1.461978,-1.985196,-0.327361,1.415000,-1.913303,0.000960,1.401446,-2.025008,-0.419393,1.167391,-1.792431,0.022988,1.139038,-2.149269,-0.252269,1.034524,-1.607037,0.056879,0.864858,-2.209576,-0.321362,0.069431,-2.254359,-0.011850,0.158301,-1.433850,,,,,,,,,,-0.229115,1.041607,-1.600922,-0.184599,1.023605,-1.577636,-0.159398,1.005727,-1.559404,-0.188546,1.010289,-1.539109,-0.164318,0.985948,-1.525651,-0.146925,0.965829,-1.524426,-0.207775,0.993748,-1.535252,-0.185897,0.962643,-1.525376,-0.171690,0.940669,-1.526012,-0.224167,0.980496,-1.533337,-0.205108,0.949415,-1.524705,-0.193875,0.929832,-1.528880,-0.240919,0.967412,-1.538494,-0.223620,0.940035,-1.533088,-0.211990,0.921126,-1.537952,0.046282,0.847144,-2.195521,0.006614,0.812015,-2.201872,-0.014927,0.790893,-2.221295,0.021747,0.776599,-2.225002,-0.004917,0.754781,-2.238177,-0.029976,0.750432,-2.246058,0.027788,0.784690,-2.248588,0.000360,0.762831,-2.266294,-0.024410,0.764340,-2.274628,0.032911,0.792679,-2.267508,0.006051,0.774160,-2.285932,-0.015220,0.781210,-2.290911,0.035760,0.806881,-2.283896,0.011088,0.793007,-2.300528,-0.010325,0.794635,-2.307985,,,
25,0.833,-0.177130,0.931039,-1.954267,-0.296088,0.936164,-1.968702,-0.058172,0.925914,-1.939833,-0.285059,0.526662,-2.144824,-0.053753,0.563978,-1.679419,-0.298256,0.185750,-2.383293,-0.035862,0.162697,-1.570253,-0.172364,1.048161,-1.951960,-0.175344,1.262233,-1.940543,-0.154309,1.502792,-1.916305,-0.145169,1.600283,-1.881472,-0.192556,1.453009,-1.910588,-0.124268,1.448933,-1.929346,-0.323102,1.403929,-1.856919,0.004657,1.386814,-1.969841,-0.418456,1.156919,-1.737407,0.026221,1.122925,-2.091008,-0.257005,1.021284,-1.549014,0.059915,0.848820,-2.151768,-0.320015,0.062785,-2.254871,-0.011932,0.120506,-1.397819,,,,,,,,,,-0.233972,1.028588,-1.542708,-0.189743,1.011263,-1.518384,-0.165808,0.992899,-1.498968,-0.194216,0.998755,-1.479645,-0.170328,0.973925,-1.466474,-0.153272,0.953507,-1.465471,-0.213440,0.982222,-1.475723,-0.191667,0.951069,-1.465765,-0.177525,0.929051,-1.466343,-0.229809,0.968948,-1.473768,-0.210769,0.937914,-1.464931,-0.199506,0.918323,-1.468989,-0.246433,0.955690,-1.478894,-0.228899,0.928576,-1.472955,-0.217023,0.909724,-1.477437,0.048959,0.830537,-2.138755,0.008718,0.796512,-2.147178,-0.013265,0.776776,-2.167538,0.023333,0.762183,-2.172202,-0.003596,0.741596,-2.186747,-0.028664,0.738091,-2.195010,0.029607,0.771470,-2.195281,0.002043,0.750972,-2.214351,-0.022644,0.753219,-2.222767,0.034943,0.780410,-2.213710,0.007977,0.763297,-2.233302,-0.013170,0.770866,-2.238044,0.038101,0.795452,-2.229271,0.013304,0.782827,-2.246693,-0.008051,0.785071,-2.254156,,,
26,0.867,-0.172910,0.922138,-1.891395,-0.292045,0.925412,-1.904873,-0.053775,0.918864,-1.877917,-0.287723,0.514359,-2.077643,-0.045017,0.565947,-1.605510,-0.294181,0.204455,-2.355458,-0.037193,0.153706,-1.548415,-0.169869,1.039330,-1.889812,-0.170570,1.253485,-1.879684,-0.149987,1.494378,-1.858568,-0.138387,1.592047,-1.824989,-0.188055,1.444571,-1.851939,-0.119906,1.440440,-1.871183,-0.318597,1.396134,-1.797679,0.008306,1.376750,-1.911500,-0.414208,1.143900,-1.689855,0.036149,1.108670,-2.021689,-0.266590,0.998444,-1.497483,0.074607,0.833249,-2.072919,-0.321607,0.055995,-2.259055,-0.017604,0.085430,-1.383974,,,,,,,,,,-0.244081,1.005513,-1.489297,-0.201772,0.987408,-1.462275,-0.180666,0.967332,-1.441331,-0.209093,0.973838,-1.424335,-0.186326,0.948477,-1.410223,-0.169471,0.927932,-1.408608,-0.228561,0.957251,-1.422302,-0.207673,0.925600,-1.412023,-0.193632,0.903514,-1.412435,-0.245036,0.943968,-1.421931,-0.226858,0.912581,-1.412539,-0.215412,0.893032,-1.416271,-0.261242,0.930900,-1.428635,-0.244146,0.903569,-1.422414,-0.231970,0.884855,-1.426660,0.063073,0.814796,-2.060669,0.023089,0.781080,-2.071280,0.001610,0.761605,-2.092416,0.038585,0.747116,-2.096271,0.011747,0.727443,-2.112184,-0.013077,0.724624,-2.121392,0.045817,0.756762,-2.118918,0.018820,0.736932,-2.139449,-0.005495,0.739572,-2.148783,0.051923,0.765987,-2.136963,0.025411,0.749592,-2.157752,0.004515,0.757475,-2.163059,0.055758,0.781275,-2.152129,0.031206,0.769122,-2.170222,0.010035,0.771625,-2.178115,,,
27,0.900,-0.165534,0.918401,-1.829721,-0.284866,0.920646,-1.841576,-0.046203,0.916157,-1.817867,-0.307504,0.495510,-1.974164,-0.030957,0.563633,-1.545237,-0.295596,0.226892,-2.291915,-0.034731,0.147523,-1.535160,-0.163462,1.035617,-1.828393,-0.164259,1.249830,-1.819562,-0.142331,1.490823,-1.801111,-0.128573,1.588584,-1.768632,-0.180554,1.441266,-1.793562,-0.112640,1.436619,-1.813508,-0.311406,1.394404,-1.738670,0.014197,1.370212,-1.853790,-0.406804,1.134398,-1.651003,0.048183,1.097164,-1.949046,-0.282089,0.967301,-1.460005,0.089737,0.819499,-1.982746,-0.320027,0.051920,-2.262348,-0.014953,0.065501,-1.377149,,,,,,,,,,-0.260525,0.973238,-1.448898,-0.221883,0.952326,-1.418608,-0.204597,0.929683,-1.396798,-0.233696,0.936508,-1.382726,-0.213345,0.909588,-1.367834,-0.197292,0.888458,-1.365688,-0.253570,0.920332,-1.384006,-0.234687,0.887480,-1.373618,-0.221176,0.865064,-1.373948,-0.270222,0.907483,-1.386374,-0.253893,0.875071,-1.377069,-0.242498,0.855478,-1.380727,-0.285803,0.895302,-1.395714,-0.269960,0.867164,-1.389779,-0.257719,0.848497,-1.394047,0.077240,0.801432,-1.970870,0.037677,0.767849,-1.983316,0.017595,0.748196,-2.005629,0.054402,0.733190,-2.006495,0.027344,0.714790,-2.023520,0.002881,0.713155,-2.033904,0.063188,0.742257,-2.028831,0.036654,0.723145,-2.050608,0.012993,0.726576,-2.061273,0.070547,0.751017,-2.046638,0.044367,0.735274,-2.068334,0.024005,0.743788,-2.074644,0.075516,0.765923,-2.061854,0.051328,0.753874,-2.080497,0.030494,0.756825,-2.089101,,,
28,0.933,-0.158685,0.918233,-1.770822,-0.278222,0.920188,-1.780444,-0.039148,0.916278,-1.761199,-0.329328,0.482073,-1.845835,-0.018036,0.555824,-1.499552,-0.307955,0.263949,-2.199712,-0.032941,0.140997,-1.530534,-0.156884,1.035452,-1.769379,-0.158830,1.249663,-1.760676,-0.138405,1.490842,-1.742944,-0.123980,1.588655,-1.710915,-0.176342,1.441078,-1.735317,-0.108359,1.436780,-1.755108,-0.307372,1.394071,-1.680976,0.018175,1.369365,-1.794662,-0.397634,1.126528,-1.612689,0.060516,1.092329,-1.873668,-0.299750,0.931341,-1.433034,0.106209,0.813474,-1.884270,-0.323290,0.087961,-2.229361,-0.010618,0.056052,-1.374418,,,,,,,,,,-0.279524,0.935180,-1.418898,-0.245334,0.909582,-1.386902,-0.231424,0.883990,-1.365957,-0.261758,0.890393,-1.354663,-0.244248,0.861164,-1.340534,-0.229241,0.839237,-1.338858,-0.281744,0.875241,-1.360069,-0.265337,0.840685,-1.351102,-0.252594,0.817849,-1.352230,-0.298317,0.863388,-1.365797,-0.284081,0.829541,-1.358347,-0.272851,0.810015,-1.362789,-0.312976,0.852921,-1.378204,-0.298849,0.823596,-1.373910,-0.286793,0.804994,-1.378920,0.093665,0.795986,-1.871604,0.055739,0.760276,-1.883200,0.037728,0.738483,-1.905292,0.074570,0.724487,-1.902764,0.047855,0.705180,-1.919320,0.023693,0.703055,-1.930305,0.084181,0.732076,-1.925309,0.058364,0.711563,-1.946670,0.035078,0.714356,-1.958301,0.092154,0.739664,-1.943389,0.066590,0.722351,-1.964617,0.046375,0.730329,-1.972008,0.097437,0.753501,-1.959484,0.073838,0.739706,-1.977665,0.053158,0.741801,-1.986872,,,
29,0.967,-0.153473,0.921846,-1.715787,-0.273213,0.923529,-1.722483,-0.033731,0.920164,-1.709090,-0.335566,0.482143,-1.711380,-0.008849,0.547195,-1.465971,-0.315389,0.294217,-2.082244,-0.030122,0.135822,-1.525830,-0.151914,1.039067,-1.714209,-0.155142,1.253176,-1.703580,-0.137531,1.494324,-1.682697,-0.123724,1.591930,-1.649774,-0.175153,1.444117,-1.676557,-0.106665,1.440692,-1.694708,-0.306973,1.395208,-1.625932,0.020655,1.373521,-1.732097,-0.389087,1.121591,-1.573199,0.069639,1.093726,-1.796122,-0.324238,0.895264,-1.416591,0.117463,0.815358,-1.782548,-0.333256,0.121762,-2.127257,-0.005311,0.051256,-1.369884,,,,,,,,,,-0.305046,0.895264,-1.400612,-0.274585,0.862281,-1.371764,-0.262993,0.832764,-1.354986,-0.294287,0.838371,-1.344979,-0.279085,0.806053,-1.335760,-0.265151,0.783431,-1.337463,-0.314402,0.825634,-1.354541,-0.300342,0.789076,-1.351442,-0.288614,0.766160,-1.356173,-0.330953,0.816001,-1.363555,-0.318708,0.780624,-1.362056,-0.307985,0.761746,-1.369523,-0.345014,0.808866,-1.378713,-0.332955,0.778338,-1.379439,-0.321622,0.760257,-1.387260,0.106147,0.798697,-1.767783,0.070695,0.759414,-1.774711,0.054207,0.734021,-1.793966,0.091863,0.722893,-1.790089,0.065821,0.700619,-1.803735,0.041608,0.696198,-1.813889,0.100903,0.728381,-1.813465,0.075673,0.704572,-1.831908,0.052107,0.705150,-1.843294,0.108316,0.734287,-1.832390,0.083320,0.713480,-1.850994,0.062624,0.719636,-1.858785,0.112629,0.746439,-1.850057,0.089567,0.729429,-1.866076,0.068676,0.729374,-1.875042,,,
30,1.000,-0.150691,0.929998,-1.661999,-0.270529,0.931291,-1.666760,-0.030852,0.928705,-1.657237,-0.335562,0.497241,-1.587996,-0.008560,0.539054,-1.441580,-0.311991,0.304013,-1.955924,-0.028616,0.130622,-1.519328,-0.149496,1.047221,-1.660234,-0.153183,1.261203,-1.647448,-0.138039,1.502054,-1.621753,-0.126140,1.599256,-1.586943,-0.175607,1.451555,-1.618246,-0.106315,1.448795,-1.633168,-0.309057,1.400280,-1.574732,0.022990,1.382680,-1.665251,-0.383043,1.121749,-1.538177,0.077722,1.100781,-1.713429,-0.353133,0.870355,-1.412234,0.124291,0.824723,-1.673638,-0.335287,0.128262,-1.981510,-0.002783,0.046243,-1.363447,,,,,,,,,,-0.334360,0.865262,-1.396573,-0.306129,0.824460,-1.376922,-0.295872,0.791245,-1.368049,-0.327537,0.795438,-1.357513,-0.313701,0.761245,-1.357344,-0.300592,0.739398,-1.365067,-0.347961,0.786628,-1.370300,-0.335577,0.750010,-1.377331,-0.324786,0.728757,-1.388146,-0.364701,0.780495,-1.381708,-0.353967,0.745533,-1.389843,-0.343892,0.728938,-1.402100,-0.378691,0.778238,-1.398369,-0.368409,0.748361,-1.407291,-0.357975,0.732433,-1.419697,0.114452,0.809807,-1.656193,0.081523,0.767811,-1.656021,0.065933,0.738751,-1.670156,0.104693,0.730772,-1.666488,0.080224,0.704766,-1.675734,0.056228,0.697042,-1.684309,0.112798,0.733226,-1.690707,0.088839,0.705297,-1.704473,0.065026,0.702578,-1.715004,0.119357,0.736663,-1.710536,0.095673,0.711560,-1.725124,0.074452,0.715010,-1.733169,0.122439,0.746259,-1.729948,0.100555,0.725481,-1.742877,0.079641,0.722642,-1.751322,,,
31,1.033,-0.152022,0.943045,-1.608406,-0.271886,0.944109,-1.612539,-0.032158,0.941981,-1.604273,-0.339088,0.523763,-1.479777,-0.017905,0.533552,-1.425906,-0.306374,0.291934,-1.823940,-0.029885,0.126770,-1.513366,-0.151049,1.060266,-1.606441,-0.154183,1.274183,-1.592454,-0.141370,1.514771,-1.563267,-0.132296,1.611627,-1.526686,-0.178897,1.464126,-1.562453,-0.108862,1.461736,-1.573459,-0.314137,1.411151,-1.527310,0.022680,1.396828,-1.598035,-0.381835,1.129105,-1.511289,0.081925,1.113278,-1.627583,-0.379928,0.862036,-1.418415,0.121218,0.841619,-1.559626,-0.326905,0.114018,-1.820715,-0.004627,0.042507,-1.357328,,,,,,,,,,-0.361716,0.852387,-1.404315,-0.335180,0.806922,-1.395551,-0.325549,0.772364,-1.395168,-0.357902,0.774593,-1.384789,-0.344861,0.741186,-1.393417,-0.332066,0.721789,-1.406413,-0.378237,0.770137,-1.399785,-0.366708,0.736318,-1.416128,-0.356254,0.718366,-1.432050,-0.394850,0.767776,-1.412686,-0.384821,0.735915,-1.429660,-0.374876,0.722873,-1.445725,-0.408468,0.770431,-1.429595,-0.399038,0.743633,-1.446054,-0.388878,0.731232,-1.462162,0.111339,0.829486,-1.540163,0.079591,0.787075,-1.533732,0.065013,0.755602,-1.542915,0.104045,0.749568,-1.537412,0.081513,0.720791,-1.542387,0.058302,0.710126,-1.549901,0.112715,0.748243,-1.561523,0.090389,0.717237,-1.570676,0.067021,0.711556,-1.581018,0.119696,0.748563,-1.581502,0.097846,0.720056,-1.592169,0.076779,0.720900,-1.601247,0.123023,0.754914,-1.602166,0.102574,0.731318,-1.612309,0.082179,0.726106,-1.620894,,,
32,1.067,-0.157086,0.958985,-1.556544,-0.276945,0.959857,-1.560856,-0.037226,0.958113,-1.552233,-0.343498,0.554001,-1.388563,-0.031607,0.532448,-1.419528,-0.303885,0.265982,-1.686455,-0.033854,0.125929,-1.508975,-0.156302,1.076208,-1.554631,-0.158522,1.290040,-1.539238,-0.147952,1.530478,-1.507984,-0.141878,1.627163,-1.470348,-0.185314,1.479724,-1.509379,-0.114805,1.477598,-1.516837,-0.322004,1.425878,-1.482028,0.018520,1.413890,-1.533752,-0.385820,1.142589,-1.490059,0.081183,1.129729,-1.544216,-0.404426,0.866727,-1.430823,0.108210,0.864745,-1.449275,-0.323686,0.093063,-1.644113,-0.010561,0.041571,-1.352682,,,,,,,,,,-0.386980,0.853707,-1.418586,-0.361350,0.806906,-1.419480,-0.351402,0.773096,-1.426192,-0.384878,0.773445,-1.417463,-0.371824,0.742028,-1.431718,-0.358528,0.725215,-1.447508,-0.404551,0.772995,-1.433926,-0.392849,0.743007,-1.456455,-0.381935,0.728473,-1.475290,-0.420579,0.774021,-1.447711,-0.410497,0.746041,-1.470498,-0.400099,0.736287,-1.488494,-0.433381,0.780790,-1.464103,-0.423978,0.758178,-1.485971,-0.413495,0.749510,-1.504178,0.096178,0.855690,-1.429354,0.063797,0.814349,-1.419847,0.050257,0.781604,-1.425484,0.088410,0.777108,-1.414788,0.067359,0.746900,-1.417019,0.045409,0.734065,-1.424917,0.099725,0.772123,-1.437269,0.078852,0.739418,-1.443458,0.056828,0.731436,-1.455142,0.108905,0.769390,-1.456144,0.088963,0.738732,-1.464286,0.069087,0.737305,-1.475681,0.114545,0.772447,-1.477054,0.095727,0.746993,-1.485759,0.076593,0.739921,-1.495792,,,
33,1.100,-0.163759,0.974059,-1.501069,-0.283594,0.974622,-1.506036,-0.043923,0.973496,-1.496102,-0.346259,0.579486,-1.309126,-0.043535,0.534913,-1.415619,-0.308312,0.231566,-1.534459,-0.039033,0.127383,-1.500253,-0.163268,1.091291,-1.499600,-0.164794,1.304962,-1.482046,-0.156681,1.545272,-1.449126,-0.153265,1.641936,-1.411100,-0.193694,1.494336,-1.452186,-0.122945,1.492615,-1.457021,-0.330986,1.439126,-1.431352,0.011721,1.430474,-1.468159,-0.391993,1.157454,-1.467802,0.078344,1.147078,-1.462543,-0.422166,0.877489,-1.442027,0.091041,0.890609,-1.344124,-0.333091,0.076406,-1.448450,-0.018106,0.042633,-1.343838,,,,,,,,,,-0.405405,0.862385,-1.431322,-0.379268,0.816539,-1.439258,-0.368136,0.784572,-1.451147,-0.402515,0.783326,-1.445062,-0.388604,0.753697,-1.462069,-0.374149,0.738743,-1.478690,-0.421080,0.785989,-1.462568,-0.408121,0.759384,-1.488413,-0.396046,0.747535,-1.508386,-0.436198,0.789597,-1.476936,-0.425249,0.764941,-1.502935,-0.413949,0.757622,-1.521533,-0.447989,0.799330,-1.492577,-0.437619,0.780820,-1.517633,-0.426253,0.775394,-1.536550,0.076238,0.884407,-1.324992,0.042598,0.844422,-1.314152,0.029764,0.811012,-1.316690,0.066024,0.808725,-1.300182,0.045833,0.777857,-1.300343,0.025325,0.763210,-1.308939,0.080405,0.800654,-1.319837,0.060613,0.766940,-1.323751,0.040450,0.756785,-1.337004,0.092169,0.795307,-1.336601,0.073781,0.763217,-1.342597,0.055748,0.759511,-1.356309,0.100753,0.795332,-1.356718,0.083467,0.768438,-1.364184,0.066025,0.759526,-1.375723,,,
34,1.133,-0.169361,0.984997,-1.458025,-0.289246,0.985933,-1.461527,-0.049476,0.984062,-1.454525,-0.343180,0.593992,-1.255842,-0.051624,0.539165,-1.424605,-0.310237,0.199009,-1.382988,-0.045236,0.132915,-1.515068,-0.168532,1.102199,-1.455090,-0.169606,1.315772,-1.436347,-0.165579,1.556283,-1.404140,-0.164575,1.653086,-1.366330,-0.201817,1.504847,-1.408020,-0.130945,1.504052,-1.410904,-0.339489,1.448672,-1.393117,0.005017,1.444091,-1.417157,-0.397404,1.170768,-1.454803,0.080554,1.163735,-1.395281,-0.430332,0.889945,-1.451795,0.084884,0.917599,-1.256145,-0.338614,0.072629,-1.259259,-0.023940,0.049009,-1.358248,,,,,,,,,,-0.413908,0.874654,-1.440837,-0.384712,0.830962,-1.450148,-0.370535,0.800783,-1.463390,-0.405478,0.797450,-1.461237,-0.388507,0.769748,-1.478707,-0.371701,0.756664,-1.494681,-0.422370,0.800932,-1.480232,-0.405749,0.777055,-1.506639,-0.391249,0.767356,-1.526153,-0.436190,0.805209,-1.495681,-0.421829,0.783104,-1.522307,-0.408538,0.777689,-1.540226,-0.446908,0.815844,-1.511505,-0.433425,0.800040,-1.536929,-0.420122,0.796759,-1.555061,0.068564,0.911593,-1.238223,0.034430,0.871499,-1.229545,0.021975,0.837977,-1.232463,0.056860,0.836261,-1.213011,0.036829,0.805323,-1.214477,0.017177,0.790482,-1.224603,0.072910,0.827982,-1.231235,0.053551,0.794182,-1.236372,0.034606,0.783827,-1.251177,0.086089,0.822454,-1.246848,0.068368,0.790194,-1.253855,0.051565,0.786210,-1.268980,0.096342,0.822210,-1.266166,0.079810,0.795127,-1.274596,0.063412,0.785973,-1.287405,,,
35,1.167,-0.173546,0.987585,-1.405513,-0.293450,0.987728,-1.408418,-0.053641,0.987443,-1.402608,-0.334881,0.588386,-1.214402,-0.053173,0.541585,-1.409179,-0.312068,0.172762,-1.214636,-0.048797,0.138531,-1.513065,-0.173511,1.104748,-1.401205,-0.173203,1.318235,-1.381480,-0.173559,1.558861,-1.349892,-0.174780,1.655828,-1.312511,-0.208938,1.506921,-1.354841,-0.138005,1.507094,-1.355318,-0.346673,1.449554,-1.346505,-0.000415,1.450620,-1.355416,-0.397564,1.176732,-1.432343,0.086680,1.175565,-1.316133,-0.430140,0.896556,-1.452231,0.077814,0.944136,-1.153892,-0.345288,0.083952,-1.062665,-0.026429,0.054975,-1.356207,,,,,,,,,,-0.414294,0.881154,-1.440599,-0.382559,0.839185,-1.449517,-0.365851,0.810432,-1.462981,-0.400726,0.805777,-1.464721,-0.381062,0.779806,-1.482025,-0.362263,0.768321,-1.496975,-0.415748,0.809910,-1.485104,-0.395587,0.788340,-1.511028,-0.378803,0.780401,-1.529477,-0.428106,0.814711,-1.501604,-0.410272,0.794861,-1.527905,-0.395044,0.791058,-1.544660,-0.437601,0.825983,-1.517765,-0.420950,0.812308,-1.542538,-0.405738,0.810652,-1.559341,0.059721,0.938400,-1.137663,0.025492,0.897942,-1.131379,0.013488,0.864248,-1.134206,0.046534,0.863719,-1.111272,0.026835,0.832700,-1.114497,0.008533,0.817602,-1.126581,0.064623,0.855166,-1.127331,0.046163,0.821097,-1.133820,0.029086,0.810256,-1.150438,0.079527,0.849391,-1.141207,0.062769,0.816877,-1.149323,0.047752,0.812448,-1.166110,0.091845,0.848716,-1.159268,0.076239,0.821367,-1.168561,0.061253,0.811819,-1.182740,,,
36,1.200,-0.176763,0.981497,-1.355936,-0.296635,0.978097,-1.358071,-0.056890,0.984897,-1.353801,-0.329451,0.583854,-1.152333,-0.046943,0.539683,-1.376570,-0.323988,0.179428,-1.053982,-0.045920,0.145929,-1.511552,-0.180176,1.098572,-1.350711,-0.177067,1.312032,-1.330931,-0.182683,1.552702,-1.300187,-0.185699,1.649823,-1.263312,-0.216967,1.500155,-1.306295,-0.146079,1.501533,-1.304091,-0.354271,1.441214,-1.304064,-0.007111,1.449000,-1.297137,-0.394128,1.173952,-1.410704,0.092130,1.181901,-1.237197,-0.422955,0.895758,-1.452327,0.074032,0.964664,-1.057083,-0.360057,0.130081,-0.885607,-0.023561,0.059771,-1.356108,,,,,,,,,,-0.408143,0.880112,-1.439701,-0.374664,0.839179,-1.446892,-0.355810,0.811382,-1.459503,-0.390269,0.806203,-1.465501,-0.368326,0.781353,-1.481673,-0.347782,0.770858,-1.494964,-0.403039,0.811019,-1.487226,-0.379709,0.790997,-1.511691,-0.360842,0.784189,-1.528508,-0.413606,0.816367,-1.504769,-0.392546,0.798094,-1.529796,-0.375488,0.795346,-1.544915,-0.421513,0.828214,-1.521368,-0.401888,0.816010,-1.544689,-0.384861,0.815409,-1.559730,0.054310,0.959552,-1.042642,0.020259,0.918776,-1.037560,0.008334,0.884972,-1.039127,0.039442,0.886428,-1.012986,0.020380,0.855105,-1.016992,0.003729,0.839242,-1.030410,0.059376,0.877296,-1.026308,0.042162,0.842597,-1.032885,0.027254,0.830540,-1.050709,0.075853,0.870998,-1.038008,0.060294,0.837893,-1.046123,0.047314,0.832375,-1.064234,0.090152,0.869458,-1.054487,0.075589,0.841516,-1.063705,0.062199,0.831049,-1.078804,,,
37,1.233,-0.179702,0.969710,-1.300556,-0.299443,0.962836,-1.301110,-0.059960,0.976585,-1.300003,-0.326922,0.582385,-1.070167,-0.040604,0.533150,-1.342706,-0.344838,0.196966,-0.913978,-0.042752,0.151437,-1.508701,-0.186440,1.086617,-1.294811,-0.181976,1.300156,-1.276183,-0.192127,1.540866,-1.246954,-0.196403,1.638126,-1.210571,-0.225419,1.487777,-1.253808,-0.154660,1.490238,-1.249463,-0.362427,1.428177,-1.256648,-0.015476,1.439703,-1.235524,-0.391325,1.166494,-1.379435,0.092433,1.182199,-1.152871,-0.416493,0.891701,-1.441165,0.066328,0.977274,-0.959778,-0.382769,0.188355,-0.739126,-0.020146,0.061890,-1.355219,,,,,,,,,,-0.402814,0.875491,-1.427983,-0.368198,0.835320,-1.433985,-0.347795,0.808451,-1.446190,-0.381364,0.803320,-1.455890,-0.357184,0.780223,-1.471462,-0.335128,0.771210,-1.483340,-0.391935,0.809251,-1.478503,-0.365777,0.791311,-1.501691,-0.345155,0.785969,-1.516900,-0.400744,0.815494,-1.496708,-0.376719,0.799415,-1.520540,-0.358124,0.798053,-1.533938,-0.407098,0.828195,-1.513343,-0.384986,0.817766,-1.535258,-0.366527,0.818348,-1.548503,0.045444,0.972981,-0.946777,0.011885,0.931903,-0.940918,0.000363,0.897931,-0.940178,0.029317,0.902582,-0.911684,0.011185,0.870604,-0.914711,-0.003850,0.853255,-0.928200,0.050591,0.892811,-0.922183,0.034760,0.857182,-0.927035,0.021853,0.843149,-0.944973,0.068214,0.885916,-0.931664,0.054001,0.851859,-0.938143,0.042878,0.844442,-0.956804,0.084024,0.883240,-0.946540,0.070688,0.854255,-0.954275,0.058843,0.842132,-0.969424,,,
38,1.267,-0.183520,0.954531,-1.241601,-0.303168,0.946326,-1.240013,-0.063872,0.962736,-1.243189,-0.327278,0.586228,-0.978133,-0.039515,0.522726,-1.311237,-0.356906,0.210410,-0.801649,-0.043690,0.155046,-1.506320,-0.191446,1.071335,-1.235301,-0.188042,1.284990,-1.217821,-0.200165,1.525771,-1.189956,-0.205105,1.623187,-1.154079,-0.233009,1.472444,-1.197125,-0.162352,1.475363,-1.191566,-0.370073,1.413317,-1.204111,-0.023765,1.425058,-1.171988,-0.391186,1.155608,-1.336512,0.089148,1.176819,-1.069950,-0.415275,0.885120,-1.415323,0.059074,0.980546,-0.868623,-0.394599,0.235708,-0.628371,-0.019837,0.063714,-1.354084,,,,,,,,,,-0.402340,0.868244,-1.402228,-0.367140,0.828589,-1.408262,-0.345678,0.802459,-1.420253,-0.378685,0.797821,-1.432702,-0.352348,0.777913,-1.449153,-0.329232,0.771501,-1.460701,-0.387855,0.804974,-1.455572,-0.359494,0.790140,-1.478361,-0.337739,0.786951,-1.492561,-0.395547,0.812198,-1.473919,-0.369095,0.799208,-1.497056,-0.349525,0.799753,-1.509049,-0.400931,0.825789,-1.490189,-0.377068,0.817245,-1.511058,-0.357724,0.819030,-1.522854,0.037613,0.976464,-0.856523,0.005267,0.934653,-0.849205,-0.004624,0.900279,-0.846379,0.021955,0.908522,-0.816694,0.005188,0.875703,-0.818235,-0.008357,0.856774,-0.831165,0.044162,0.898816,-0.825116,0.030039,0.862257,-0.827876,0.018797,0.846315,-0.845334,0.062561,0.891905,-0.832972,0.050008,0.856896,-0.837514,0.040322,0.847603,-0.856136,0.079325,0.888689,-0.846648,0.067459,0.858660,-0.852592,0.056941,0.844859,-0.867277,,,
39,1.300,-0.188408,0.940679,-1.180228,-0.308040,0.932726,-1.177021,-0.068775,0.948633,-1.183434,-0.331781,0.575406,-0.911330,-0.043853,0.513986,-1.279840,-0.354750,0.199302,-0.734464,-0.046222,0.160740,-1.500011,-0.196002,1.057498,-1.173798,-0.194702,1.271181,-1.156378,-0.207879,1.511888,-1.128349,-0.213768,1.609333,-1.092694,-0.240459,1.458515,-1.136330,-0.169946,1.461552,-1.129225,-0.377046,1.398947,-1.147601,-0.031826,1.412016,-1.104951,-0.391784,1.142008,-1.282342,0.082764,1.169409,-0.991837,-0.415374,0.875519,-1.373894,0.054449,0.976401,-0.787126,-0.387446,0.220242,-0.559597,-0.021826,0.063317,-1.351688,,,,,,,,,,-0.402578,0.858021,-1.361495,-0.367035,0.818930,-1.369014,-0.345241,0.793618,-1.382109,-0.377945,0.789477,-1.395296,-0.350857,0.771679,-1.412904,-0.327461,0.766872,-1.424665,-0.386739,0.797814,-1.417911,-0.357591,0.785134,-1.441005,-0.335492,0.783363,-1.454919,-0.394138,0.805985,-1.435980,-0.366837,0.795061,-1.459198,-0.346994,0.796773,-1.470619,-0.399305,0.820411,-1.451586,-0.374823,0.813232,-1.472252,-0.355200,0.815813,-1.483422,0.032735,0.972531,-0.775415,0.001368,0.930373,-0.766098,-0.007331,0.895917,-0.761152,0.017736,0.907126,-0.731315,0.001940,0.873794,-0.731062,-0.010646,0.853625,-0.743051,0.040468,0.897531,-0.738350,0.027541,0.860433,-0.738858,0.017345,0.842939,-0.755450,0.059298,0.890648,-0.745135,0.047871,0.855050,-0.747605,0.039058,0.844221,-0.765827,0.076577,0.886986,-0.758036,0.065736,0.856270,-0.762138,0.056072,0.841151,-0.776095,,,
40,1.333,-0.194304,0.928431,-1.116126,-0.314054,0.922475,-1.112967,-0.074554,0.934387,-1.119285,-0.335378,0.556693,-0.858839,-0.053428,0.507504,-1.246397,-0.348291,0.173433,-0.696947,-0.049040,0.168736,-1.488224,-0.200009,1.045453,-1.111775,-0.201192,1.259309,-1.096607,-0.216398,1.500117,-1.070546,-0.224164,1.597791,-1.035893,-0.248459,1.446526,-1.079145,-0.178205,1.449974,-1.069967,-0.383921,1.385012,-1.093203,-0.040270,1.402343,-1.041237,-0.395813,1.125343,-1.222897,0.074842,1.160747,-0.926501,-0.419549,0.859606,-1.316574,0.054193,0.964419,-0.724042,-0.371849,0.156794,-0.520159,-0.023679,0.059031,-1.348911,,,,,,,,,,-0.406691,0.841358,-1.305378,-0.372380,0.801837,-1.315809,-0.351856,0.776692,-1.331094,-0.384980,0.773691,-1.342759,-0.359018,0.756147,-1.362221,-0.336235,0.751396,-1.375152,-0.394448,0.783105,-1.364667,-0.366495,0.770642,-1.389306,-0.344978,0.768889,-1.404106,-0.402351,0.792143,-1.382099,-0.376187,0.781562,-1.406742,-0.356750,0.783289,-1.418838,-0.407783,0.807285,-1.396918,-0.384173,0.800274,-1.418628,-0.364869,0.802772,-1.430359,0.032523,0.960654,-0.712215,0.002036,0.918330,-0.700940,-0.005513,0.883871,-0.694385,0.018770,0.897162,-0.665021,0.003862,0.863513,-0.662561,-0.008230,0.842298,-0.673175,0.041729,0.887731,-0.671519,0.029765,0.850346,-0.669842,0.020029,0.831648,-0.685363,0.060728,0.880935,-0.677910,0.050310,0.844947,-0.678320,0.041842,0.832845,-0.695892,0.078130,0.877026,-0.690572,0.068377,0.845772,-0.692992,0.059301,0.829603,-0.706145,,,
41,1.367,-0.201362,0.918513,-1.048863,-0.321209,0.913949,-1.047636,-0.081516,0.923078,-1.050089,-0.337873,0.539381,-0.806277,-0.064104,0.508176,-1.212525,-0.343656,0.146889,-0.667785,-0.048331,0.182480,-1.471247,-0.205794,1.035636,-1.045983,-0.209503,1.249732,-1.035268,-0.225620,1.491114,-1.015928,-0.235947,1.589368,-0.983664,-0.257387,1.437269,-1.024016,-0.187419,1.441061,-1.012979,-0.392065,1.374407,-1.039567,-0.049838,1.394788,-0.980568,-0.406046,1.109867,-1.158782,0.062769,1.149752,-0.870747,-0.432026,0.840914,-1.242118,0.051201,0.944902,-0.676162,-0.366056,0.089128,-0.499714,-0.021694,0.051239,-1.352282,,,,,,,,,,-0.419085,0.822150,-1.231917,-0.386742,0.781714,-1.244834,-0.368226,0.756267,-1.262062,-0.401854,0.754286,-1.271226,-0.377693,0.736274,-1.292495,-0.355921,0.731038,-1.306896,-0.412351,0.764243,-1.292414,-0.386241,0.751222,-1.318729,-0.365669,0.748989,-1.334757,-0.421022,0.773723,-1.309235,-0.396680,0.762668,-1.335485,-0.377946,0.763957,-1.348694,-0.426876,0.789197,-1.323541,-0.404698,0.781583,-1.346523,-0.385979,0.783522,-1.359264,0.029565,0.941267,-0.664234,-0.000769,0.899043,-0.652194,-0.007412,0.864499,-0.645125,0.016097,0.878533,-0.615956,0.001793,0.844835,-0.611438,-0.010153,0.822901,-0.620667,0.039074,0.869067,-0.622338,0.027602,0.831647,-0.618911,0.017926,0.812163,-0.633474,0.058084,0.862224,-0.628650,0.048336,0.826064,-0.627535,0.039971,0.813111,-0.644541,0.075474,0.858158,-0.641276,0.066553,0.826597,-0.642749,0.057882,0.809861,-0.655457,,,
42,1.400,-0.211036,0.912390,-0.984596,-0.330924,0.909006,-0.985650,-0.091149,0.915774,-0.983542,-0.351718,0.538693,-0.738125,-0.065683,0.499961,-1.142552,-0.349139,0.133257,-0.643901,-0.044518,0.200478,-1.430866,-0.214357,1.029575,-0.983069,-0.221183,1.243731,-0.975583,-0.235063,1.485696,-0.962950,-0.247451,1.584574,-0.933435,-0.267282,1.431966,-0.969943,-0.197406,1.435367,-0.958216,-0.402165,1.369478,-0.985219,-0.060505,1.388319,-0.924089,-0.424626,1.100280,-1.092072,0.046199,1.135385,-0.827021,-0.457341,0.827328,-1.158271,0.043594,0.917740,-0.646509,-0.372423,0.045556,-0.489458,-0.017262,0.041267,-1.353437,,,,,,,,,,-0.444338,0.808845,-1.147643,-0.412832,0.767498,-1.159718,-0.395333,0.741243,-1.176795,-0.428986,0.739182,-1.184508,-0.405587,0.720292,-1.205868,-0.384307,0.714406,-1.220745,-0.439951,0.748375,-1.205804,-0.414596,0.734076,-1.232193,-0.394441,0.731018,-1.248610,-0.448976,0.757251,-1.222767,-0.425392,0.744864,-1.249113,-0.406978,0.745399,-1.262815,-0.455047,0.772185,-1.237549,-0.433301,0.763088,-1.260402,-0.414743,0.764065,-1.273484,0.021952,0.914393,-0.634507,-0.009246,0.872663,-0.622966,-0.016930,0.838239,-0.616384,0.007369,0.851192,-0.587172,-0.007259,0.817736,-0.581948,-0.019665,0.795838,-0.590639,0.030091,0.841322,-0.593850,0.018098,0.804099,-0.590077,0.007915,0.784638,-0.604320,0.048905,0.834163,-0.600389,0.038744,0.798123,-0.599090,0.030043,0.785219,-0.615964,0.066127,0.829918,-0.613188,0.056898,0.798456,-0.614866,0.047990,0.781843,-0.627572,,,
43,1.433,-0.222203,0.909729,-0.923438,-0.342078,0.906959,-0.926237,-0.102328,0.912499,-0.920638,-0.372126,0.550006,-0.660691,-0.054393,0.482863,-1.029943,-0.356389,0.134544,-0.640523,-0.036090,0.226346,-1.357246,-0.224915,1.026939,-0.923253,-0.232387,1.241127,-0.917468,-0.246312,1.483255,-0.908568,-0.260000,1.582466,-0.880799,-0.278530,1.429415,-0.914663,-0.208633,1.433016,-0.903126,-0.413207,1.365874,-0.927157,-0.071672,1.385898,-0.869334,-0.444651,1.092341,-1.019791,0.033125,1.125089,-0.793305,-0.481971,0.815419,-1.063109,0.043238,0.892408,-0.632937,-0.382283,0.047125,-0.486337,-0.017633,0.048353,-1.349232,,,,,,,,,,-0.468955,0.798034,-1.050780,-0.437954,0.755357,-1.058882,-0.421465,0.727490,-1.074330,-0.454694,0.724747,-1.080330,-0.431989,0.703533,-1.100206,-0.411135,0.695906,-1.114896,-0.465903,0.731755,-1.102319,-0.441028,0.714558,-1.127404,-0.421132,0.709626,-1.143680,-0.475110,0.738884,-1.119993,-0.452123,0.723451,-1.145235,-0.433947,0.722273,-1.159213,-0.481284,0.752240,-1.136177,-0.459627,0.740319,-1.157783,-0.441063,0.739523,-1.170869,0.021929,0.888432,-0.620539,-0.008995,0.846148,-0.610355,-0.017101,0.811563,-0.605299,0.008566,0.822829,-0.576207,-0.005766,0.789103,-0.571997,-0.018364,0.767539,-0.581231,0.031084,0.813327,-0.584014,0.019379,0.775916,-0.581366,0.008827,0.756932,-0.595980,0.049703,0.806525,-0.591434,0.039666,0.770426,-0.591523,0.030510,0.758269,-0.608708,0.066562,0.802960,-0.604905,0.057352,0.771589,-0.607871,0.048129,0.755559,-0.621091,,,
44,1.467,-0.232511,0.911268,-0.863537,-0.352338,0.908998,-0.868214,-0.112683,0.913539,-0.858861,-0.386769,0.548606,-0.607897,-0.046671,0.473936,-0.893845,-0.360841,0.134196,-0.637150,-0.033077,0.265473,-1.253876,-0.234694,1.028486,-0.864496,-0.241334,1.242724,-0.859608,-0.254587,1.484922,-0.851655,-0.268771,1.584140,-0.824157,-0.287000,1.431132,-0.857123,-0.216963,1.434618,-0.846426,-0.421531,1.366697,-0.866122,-0.079780,1.386765,-0.814629,-0.462219,1.089186,-0.941763,0.020900,1.119102,-0.759821,-0.502121,0.809672,-0.957093,0.039416,0.873778,-0.620415,-0.388256,0.046841,-0.483190,-0.013582,0.092017,-1.294113,,,,,,,,,,-0.489335,0.793437,-0.943072,-0.459406,0.749408,-0.946773,-0.444698,0.719862,-0.960839,-0.477109,0.717039,-0.964553,-0.455599,0.692846,-0.982234,-0.435351,0.682777,-0.996286,-0.488448,0.721862,-0.987057,-0.464406,0.701292,-1.010350,-0.444889,0.694024,-1.026205,-0.497726,0.727231,-1.005307,-0.475834,0.708142,-1.028975,-0.458019,0.704683,-1.043037,-0.503813,0.738877,-1.022791,-0.482550,0.723889,-1.042821,-0.464068,0.721010,-1.055729,0.018459,0.869050,-0.607685,-0.012389,0.826286,-0.599461,-0.020144,0.791373,-0.596587,0.006039,0.800650,-0.567501,-0.008360,0.766751,-0.565481,-0.021302,0.745993,-0.575998,0.028263,0.791617,-0.576596,0.016564,0.754114,-0.576075,0.005540,0.736130,-0.591578,0.046618,0.785264,-0.585009,0.036402,0.749288,-0.587295,0.026692,0.738367,-0.604998,0.063053,0.782557,-0.599184,0.053672,0.751441,-0.603832,0.044010,0.736275,-0.617741,,,
45,1.500,-0.241420,0.916188,-0.805212,-0.361126,0.914614,-0.812523,-0.121713,0.917762,-0.797901,-0.396320,0.542654,-0.569131,-0.051954,0.479147,-0.758108,-0.364769,0.132346,-0.631704,-0.039984,0.293237,-1.130341,-0.242840,1.033404,-0.807200,-0.247992,1.247692,-0.802733,-0.258548,1.489962,-0.793116,-0.271646,1.589077,-0.764724,-0.291655,1.436529,-0.797875,-0.221293,1.439259,-0.789300,-0.426249,1.371782,-0.802748,-0.083677,1.389966,-0.761876,-0.474952,1.090932,-0.858789,0.009558,1.116975,-0.722286,-0.515529,0.811566,-0.842557,0.036837,0.861835,-0.603459,-0.394052,0.045469,-0.477818,-0.002417,0.123609,-1.173946,,,,,,,,,,-0.502818,0.796540,-0.827185,-0.473716,0.751807,-0.826957,-0.460293,0.720846,-0.839137,-0.492243,0.718195,-0.841249,-0.471817,0.691536,-0.856503,-0.452141,0.679331,-0.869644,-0.503833,0.721010,-0.863965,-0.480767,0.697465,-0.885349,-0.461735,0.688043,-0.900649,-0.513290,0.724745,-0.882528,-0.492374,0.702642,-0.904385,-0.474922,0.697208,-0.918279,-0.519436,0.734742,-0.900986,-0.498809,0.717375,-0.919718,-0.480601,0.712828,-0.932534,0.016201,0.856211,-0.590571,-0.014511,0.812972,-0.584645,-0.021057,0.777695,-0.584366,0.004671,0.785111,-0.555080,-0.009783,0.751177,-0.555425,-0.023013,0.731345,-0.567282,0.026640,0.776750,-0.565361,0.014896,0.739309,-0.567332,0.003468,0.722547,-0.583877,0.044763,0.771013,-0.574670,0.034457,0.735295,-0.579350,0.024304,0.725714,-0.597572,0.060828,0.769326,-0.589416,0.051519,0.738526,-0.595934,0.041605,0.724269,-0.610606,,,
46,1.533,-0.248245,0.924679,-0.748133,-0.367799,0.923848,-0.757708,-0.128691,0.925510,-0.738558,-0.398716,0.534269,-0.542988,-0.062038,0.498090,-0.630380,-0.366602,0.128001,-0.627715,-0.052778,0.296424,-0.994398,-0.248830,1.041885,-0.750996,-0.252475,1.256204,-0.746580,-0.260225,1.498471,-0.734514,-0.270731,1.597529,-0.704873,-0.294036,1.445385,-0.738059,-0.223314,1.447398,-0.732947,-0.428661,1.380547,-0.736173,-0.085001,1.396566,-0.712799,-0.482536,1.097099,-0.770005,0.001190,1.119526,-0.688238,-0.518797,0.821234,-0.719617,0.040790,0.857036,-0.590813,-0.396892,0.040775,-0.474221,-0.008597,0.124300,-1.016930,,,,,,,,,,-0.505470,0.807837,-0.703291,-0.476793,0.762994,-0.699456,-0.464238,0.730675,-0.708678,-0.496306,0.728267,-0.708969,-0.476920,0.699605,-0.721746,-0.458004,0.685554,-0.734138,-0.508989,0.728696,-0.731268,-0.487326,0.702428,-0.750875,-0.469205,0.690961,-0.765882,-0.519326,0.730470,-0.749652,-0.499557,0.705965,-0.769962,-0.482809,0.698928,-0.784000,-0.526295,0.738431,-0.768795,-0.506831,0.719028,-0.786757,-0.489376,0.713046,-0.800024,0.021082,0.850080,-0.577145,-0.008626,0.805972,-0.572678,-0.013730,0.770534,-0.575010,0.012745,0.776293,-0.546587,-0.001099,0.742144,-0.548221,-0.014760,0.722856,-0.560483,0.034131,0.769132,-0.558820,0.022713,0.731759,-0.562883,0.010444,0.716116,-0.579915,0.051705,0.764445,-0.569645,0.041749,0.728928,-0.576221,0.030623,0.720454,-0.594425,0.066830,0.764172,-0.585443,0.057865,0.733725,-0.593837,0.047420,0.720411,-0.609016,,,
47,1.567,-0.251988,0.935558,-0.692256,-0.371460,0.935458,-0.702835,-0.132515,0.935657,-0.681676,-0.393770,0.527133,-0.525057,-0.067709,0.526669,-0.516263,-0.365839,0.123596,-0.623249,-0.066380,0.288189,-0.857421,-0.251778,1.052748,-0.695724,-0.254488,1.267084,-0.691419,-0.260254,1.509345,-0.678184,-0.267748,1.608368,-0.647528,-0.294494,1.456448,-0.680009,-0.223588,1.458076,-0.678834,-0.429104,1.392412,-0.669468,-0.084805,1.405832,-0.667426,-0.485796,1.107704,-0.680283,-0.003904,1.126167,-0.662293,-0.510203,0.839148,-0.595213,0.048129,0.857935,-0.589460,-0.395340,0.036411,-0.469579,-0.031011,0.112741,-0.850115,,,,,,,,,,-0.495434,0.827810,-0.578572,-0.466477,0.783525,-0.571614,-0.454161,0.750259,-0.576986,-0.486736,0.748075,-0.574791,-0.468179,0.718009,-0.585389,-0.450224,0.702483,-0.597447,-0.501391,0.745780,-0.595725,-0.481422,0.717127,-0.613723,-0.464652,0.703757,-0.628726,-0.513357,0.745298,-0.613177,-0.495018,0.718770,-0.632248,-0.479440,0.710306,-0.646836,-0.522044,0.750817,-0.632476,-0.504352,0.729239,-0.649776,-0.488228,0.721610,-0.663859,0.030219,0.849330,-0.574333,0.001639,0.804409,-0.570699,-0.003254,0.769241,-0.575860,0.026184,0.772848,-0.550211,0.013019,0.738480,-0.552669,-0.001648,0.719711,-0.564568,0.046056,0.767299,-0.565462,0.034622,0.730192,-0.571453,0.020573,0.715813,-0.588221,0.062284,0.764004,-0.578645,0.052277,0.728885,-0.587032,0.039235,0.721651,-0.604483,0.075459,0.765520,-0.596038,0.066222,0.735725,-0.606273,0.054393,0.723583,-0.621419,,,
48,1.600,-0.251961,0.947972,-0.636460,-0.371388,0.948698,-0.647516,-0.132534,0.947245,-0.625404,-0.386265,0.524285,-0.511557,-0.073896,0.560111,-0.412046,-0.364121,0.122972,-0.619822,-0.077933,0.277355,-0.717491,-0.250897,1.065147,-0.640251,-0.254024,1.279494,-0.636856,-0.257234,1.521822,-0.623990,-0.261795,1.620826,-0.592704,-0.291930,1.469191,-0.623919,-0.221046,1.470265,-0.626378,-0.426535,1.407145,-0.604860,-0.082539,1.416181,-0.623078,-0.485920,1.123001,-0.593678,-0.007730,1.135197,-0.638422,-0.492684,0.866294,-0.475309,0.050199,0.862725,-0.589801,-0.392582,0.036197,-0.465724,-0.050266,0.107010,-0.669498,,,,,,,,,,-0.475875,0.857238,-0.459213,-0.445512,0.814302,-0.450121,-0.432149,0.781038,-0.451550,-0.465361,0.778680,-0.446339,-0.447304,0.747690,-0.454952,-0.430386,0.730917,-0.466835,-0.482311,0.773665,-0.464935,-0.463994,0.743004,-0.481309,-0.448806,0.727873,-0.496324,-0.496217,0.770903,-0.480650,-0.479480,0.742445,-0.498365,-0.465446,0.732449,-0.513538,-0.507191,0.773865,-0.499337,-0.491428,0.750187,-0.515734,-0.477005,0.740806,-0.530582,0.034175,0.852937,-0.573337,0.004886,0.808423,-0.570400,-0.001854,0.774080,-0.578303,0.030887,0.774458,-0.556668,0.016806,0.740563,-0.560331,0.000256,0.723090,-0.571722,0.048380,0.770147,-0.574935,0.035144,0.734004,-0.582816,0.018556,0.721560,-0.598794,0.062609,0.767931,-0.590447,0.050748,0.733887,-0.600652,0.035340,0.728509,-0.616796,0.073413,0.770993,-0.609217,0.062276,0.742469,-0.621055,0.048346,0.731968,-0.635632,,,
49,1.633,-0.251351,0.959169,-0.579993,-0.370694,0.960740,-0.591838,-0.132007,0.957598,-0.568149,-0.378108,0.523755,-0.503396,-0.079796,0.594118,-0.315188,-0.361884,0.124719,-0.620744,-0.085023,0.263545,-0.568086,-0.249440,1.076336,-0.583700,-0.252900,1.290683,-0.580688,-0.252819,1.533032,-0.567813,-0.254324,1.631934,-0.535912,-0.288053,1.480789,-0.566073,-0.217357,1.481079,-0.571882,-0.422484,1.421115,-0.539640,-0.079733,1.424843,-0.576051,-0.484883,1.139112,-0.508483,-0.011911,1.143993,-0.612205,-0.467311,0.899104,-0.360017,0.046918,0.868602,-0.586520,-0.389121,0.037181,-0.466857,-0.059300,0.112330,-0.475574,,,,,,,,,,-0.448180,0.892728,-0.345286,-0.414714,0.852394,-0.335226,-0.399285,0.820027,-0.334027,-0.432044,0.816801,-0.324738,-0.413433,0.785663,-0.331422,-0.397102,0.768127,-0.343022,-0.450889,0.808908,-0.340257,-0.433149,0.777062,-0.354916,-0.419139,0.760673,-0.369755,-0.466477,0.803717,-0.353601,-0.450660,0.773711,-0.369515,-0.438101,0.762263,-0.384953,-0.479829,0.803944,-0.370923,-0.465121,0.778867,-0.386180,-0.452223,0.768150,-0.401519,0.032309,0.857979,-0.569277,0.000751,0.814992,-0.567209,-0.009026,0.782074,-0.577608,0.025925,0.778456,-0.560162,0.009446,0.745875,-0.565403,-0.009363,0.730549,-0.576371,0.040875,0.775193,-0.580756,0.024505,0.740822,-0.590465,0.005404,0.731013,-0.605440,0.053043,0.773890,-0.598026,0.037916,0.741769,-0.609994,0.020426,0.738926,-0.624588,0.061779,0.778350,-0.617575,0.047629,0.751800,-0.630716,0.031501,0.743574,-0.644464,,,
50,1.667,-0.250903,0.966131,-0.524739,-0.370138,0.968442,-0.537508,-0.131667,0.963820,-0.511971,-0.369653,0.524390,-0.496881,-0.084734,0.623057,-0.228227,-0.359831,0.127639,-0.622401,-0.088230,0.248460,-0.409689,-0.248302,1.083303,-0.527812,-0.252024,1.297620,-0.523326,-0.248176,1.539841,-0.508726,-0.246728,1.638488,-0.476043,-0.283979,1.488041,-0.505772,-0.213619,1.487470,-0.514766,-0.418030,1.430740,-0.472932,-0.077195,1.429412,-0.526509,-0.484871,1.152151,-0.424870,-0.016921,1.150435,-0.584154,-0.435008,0.933828,-0.252232,0.039113,0.873311,-0.579379,-0.385716,0.039685,-0.468518,-0.060453,0.129195,-0.278958,,,,,,,,,,-0.414021,0.930394,-0.239140,-0.377336,0.893330,-0.227806,-0.359669,0.862341,-0.223971,-0.391277,0.858832,-0.210696,-0.371611,0.827911,-0.214912,-0.355536,0.809605,-0.225651,-0.411229,0.848052,-0.222695,-0.393306,0.815221,-0.234722,-0.380017,0.797485,-0.248647,-0.427868,0.840388,-0.233297,-0.412230,0.808986,-0.246455,-0.400793,0.795883,-0.261442,-0.443048,0.837627,-0.248799,-0.428704,0.811230,-0.262042,-0.416977,0.798956,-0.277152,0.025345,0.861676,-0.562096,-0.008552,0.820460,-0.561683,-0.021148,0.789428,-0.574557,0.014791,0.782088,-0.560710,-0.004194,0.751301,-0.567941,-0.024807,0.738410,-0.578798,0.027754,0.780282,-0.582777,0.008455,0.748143,-0.594535,-0.012409,0.741114,-0.608699,0.038348,0.780210,-0.601101,0.020189,0.750515,-0.614970,0.001398,0.750291,-0.628153,0.045699,0.786288,-0.620784,0.028830,0.762124,-0.635252,0.011110,0.756337,-0.648264,,,
51,1.700,-0.249350,0.969000,-0.470146,-0.368514,0.972021,-0.483430,-0.130187,0.965980,-0.456862,-0.364528,0.526139,-0.485949,-0.093477,0.639799,-0.155049,-0.358051,0.133337,-0.623530,-0.086451,0.233758,-0.246403,-0.246179,1.086185,-0.471950,-0.250849,1.300421,-0.465082,-0.242562,1.542357,-0.447849,-0.238705,1.640655,-0.414323,-0.279023,1.491079,-0.443985,-0.209122,1.489542,-0.455953,-0.412547,1.436258,-0.405286,-0.074150,1.430145,-0.475311,-0.485376,1.162326,-0.341671,-0.022548,1.154568,-0.553913,-0.401164,0.967844,-0.154481,0.028318,0.876749,-0.567693,-0.382562,0.044895,-0.469701,-0.057959,0.147038,-0.092280,,,,,,,,,,-0.378850,0.967010,-0.143299,-0.339838,0.933042,-0.130176,-0.320402,0.903683,-0.123289,-0.350673,0.901467,-0.106451,-0.330352,0.870716,-0.107870,-0.314757,0.851300,-0.117284,-0.371312,0.888475,-0.114421,-0.353361,0.854552,-0.122831,-0.340810,0.835097,-0.135040,-0.388633,0.878852,-0.121862,-0.373202,0.846055,-0.131350,-0.362822,0.830929,-0.145154,-0.405182,0.873308,-0.135044,-0.391095,0.845439,-0.145187,-0.380376,0.831116,-0.159202,0.015266,0.863769,-0.550818,-0.020309,0.824022,-0.552412,-0.035176,0.795091,-0.567558,0.001329,0.784958,-0.557318,-0.019705,0.756114,-0.566600,-0.041643,0.745498,-0.577325,0.012657,0.785153,-0.580338,-0.008899,0.755351,-0.594148,-0.030988,0.750826,-0.607450,0.021958,0.786739,-0.599285,0.001422,0.759588,-0.614935,-0.018234,0.761623,-0.626616,0.028204,0.794703,-0.618674,0.009153,0.773015,-0.634311,-0.009725,0.769426,-0.646457,,,
52,1.733,-0.247596,0.968540,-0.413746,-0.366596,0.974030,-0.427690,-0.128596,0.963051,-0.399801,-0.364600,0.530572,-0.474307,-0.107733,0.632837,-0.100876,-0.358876,0.142384,-0.624444,-0.083797,0.217413,-0.090240,-0.242198,1.085658,-0.413705,-0.249189,1.299771,-0.405194,-0.235740,1.541254,-0.385094,-0.230063,1.639116,-0.350565,-0.272977,1.490596,-0.380508,-0.203625,1.487959,-0.395175,-0.405781,1.438335,-0.336201,-0.070407,1.427360,-0.421651,-0.485328,1.170691,-0.256020,-0.028847,1.156019,-0.518762,-0.371416,0.997892,-0.063355,0.015549,0.878378,-0.548845,-0.382003,0.052086,-0.471482,-0.055620,0.165792,0.078957,,,,,,,,,,-0.348185,0.999114,-0.054275,-0.307360,0.968126,-0.039409,-0.286274,0.940802,-0.029612,-0.315287,0.940794,-0.009958,-0.294495,0.910395,-0.007900,-0.279331,0.889766,-0.015203,-0.336234,0.926480,-0.013779,-0.318216,0.891799,-0.017818,-0.306254,0.870663,-0.027580,-0.353912,0.915607,-0.017934,-0.338576,0.881811,-0.023076,-0.329066,0.864655,-0.035006,-0.371428,0.907817,-0.028464,-0.357397,0.878843,-0.034914,-0.347452,0.862493,-0.047172,0.003315,0.864043,-0.532460,-0.033701,0.825717,-0.535444,-0.050843,0.798972,-0.552124,-0.013915,0.786803,-0.546054,-0.036946,0.760064,-0.556786,-0.060096,0.751638,-0.566886,-0.004315,0.789136,-0.569732,-0.027981,0.761716,-0.584953,-0.051141,0.759373,-0.596930,0.003615,0.792472,-0.589071,-0.019170,0.767910,-0.605847,-0.039546,0.771863,-0.615650,0.008700,0.802281,-0.607948,-0.012332,0.782968,-0.624149,-0.032203,0.781191,-0.635048,,,
53,1.767,-0.246167,0.963972,-0.355136,-0.364922,0.971696,-0.370078,-0.127413,0.956247,-0.340194,-0.366272,0.533239,-0.451235,-0.116302,0.606541,-0.063762,-0.359888,0.154484,-0.623765,-0.084105,0.202214,0.029761,-0.238827,1.080964,-0.352994,-0.247130,1.294996,-0.343655,-0.230041,1.536089,-0.321734,-0.223345,1.633640,-0.286513,-0.267772,1.485857,-0.316542,-0.198909,1.482498,-0.333227,-0.399192,1.434480,-0.267343,-0.067154,1.421550,-0.365572,-0.484298,1.174248,-0.170257,-0.034374,1.154327,-0.476483,-0.343530,1.021443,0.021552,0.004735,0.877560,-0.519274,-0.382343,0.061191,-0.472510,-0.057270,0.186891,0.206202,,,,,,,,,,-0.320027,1.024642,0.029361,-0.277873,0.997422,0.047530,-0.255112,0.973072,0.060802,-0.283993,0.975252,0.081416,-0.262279,0.946244,0.088319,-0.246702,0.925007,0.084428,-0.304673,0.960076,0.080877,-0.285819,0.925645,0.082559,-0.273549,0.903367,0.076377,-0.322191,0.948301,0.079305,-0.306114,0.914462,0.079780,-0.296507,0.895647,0.070790,-0.339861,0.938502,0.070931,-0.325172,0.909193,0.069140,-0.315129,0.891187,0.059580,-0.006742,0.862096,-0.503375,-0.045006,0.825076,-0.507039,-0.064176,0.800327,-0.524571,-0.027187,0.786826,-0.522458,-0.052004,0.762049,-0.533895,-0.076138,0.755453,-0.543004,-0.019209,0.791062,-0.546472,-0.044728,0.765776,-0.562378,-0.068722,0.765156,-0.572828,-0.012561,0.795944,-0.565965,-0.037324,0.773695,-0.583159,-0.058198,0.779106,-0.591029,-0.008524,0.807296,-0.584219,-0.031296,0.790049,-0.600399,-0.051955,0.789711,-0.609879,,,
54,1.800,-0.245826,0.954646,-0.293753,-0.364437,0.963475,-0.309209,-0.127214,0.945818,-0.278296,-0.363208,0.535464,-0.434261,-0.114402,0.566128,-0.044833,-0.361169,0.162108,-0.618285,-0.088149,0.183344,0.116567,-0.237689,1.071525,-0.289432,-0.244235,1.285536,-0.278378,-0.225584,1.526389,-0.255119,-0.218402,1.623814,-0.219647,-0.263476,1.476308,-0.249649,-0.194913,1.472725,-0.267480,-0.393716,1.424911,-0.197423,-0.064171,1.412217,-0.304436,-0.483079,1.172121,-0.085614,-0.038037,1.148262,-0.424554,-0.323298,1.033699,0.102175,-0.002375,0.872778,-0.477444,-0.382562,0.065657,-0.468868,-0.067796,0.184670,0.294528,,,,,,,,,,-0.299956,1.039101,0.109218,-0.256602,1.016893,0.131018,-0.232055,0.996551,0.147475,-0.261686,0.999940,0.167950,-0.238558,0.973789,0.179859,-0.221811,0.953092,0.179776,-0.281661,0.983958,0.169906,-0.261256,0.951212,0.177327,-0.247919,0.928815,0.174963,-0.298632,0.971315,0.170295,-0.281067,0.938793,0.176424,-0.270569,0.919193,0.170705,-0.315849,0.959571,0.163661,-0.299939,0.931000,0.166577,-0.289117,0.912121,0.160022,-0.013194,0.856155,-0.462271,-0.052197,0.820018,-0.466839,-0.072796,0.797026,-0.485126,-0.035890,0.783010,-0.486403,-0.061864,0.759766,-0.498469,-0.086615,0.754416,-0.506699,-0.029198,0.789172,-0.510393,-0.055928,0.765616,-0.526953,-0.080460,0.766166,-0.536073,-0.023572,0.795612,-0.529755,-0.049669,0.775244,-0.547304,-0.070855,0.781579,-0.553468,-0.020378,0.808422,-0.547194,-0.044408,0.792913,-0.563313,-0.065609,0.793706,-0.571480,,,
55,1.833,-0.242389,0.940391,-0.235150,-0.361075,0.948557,-0.250398,-0.123703,0.932226,-0.219902,-0.355384,0.532376,-0.410379,-0.114039,0.553801,0.015755,-0.361516,0.171999,-0.618595,-0.092574,0.166616,0.167051,-0.234927,1.057308,-0.230623,-0.239557,1.271302,-0.218340,-0.219973,1.511947,-0.193737,-0.212168,1.609331,-0.158285,-0.257966,1.461945,-0.188245,-0.189574,1.458271,-0.206705,-0.388007,1.411292,-0.134812,-0.059685,1.397739,-0.246517,-0.480039,1.163684,-0.013940,-0.037657,1.135331,-0.370779,-0.312914,1.030817,0.171454,-0.003767,0.861151,-0.431085,-0.382008,0.065723,-0.475866,-0.072495,0.154594,0.344642,,,,,,,,,,-0.289761,1.037900,0.177568,-0.245245,1.019898,0.200854,-0.220043,1.002020,0.219087,-0.249191,1.006582,0.239382,-0.224963,0.982241,0.252840,-0.207570,0.962122,0.254065,-0.268421,0.990041,0.243238,-0.246542,0.958936,0.253115,-0.232335,0.936962,0.252479,-0.284813,0.976788,0.245154,-0.265753,0.945708,0.253786,-0.254520,0.926125,0.249610,-0.301564,0.963705,0.239997,-0.284266,0.936328,0.245403,-0.272635,0.917419,0.240539,-0.014364,0.843437,-0.417030,-0.054032,0.808308,-0.423381,-0.075572,0.787185,-0.442804,-0.038899,0.772892,-0.446511,-0.065563,0.751074,-0.459687,-0.090621,0.746725,-0.467568,-0.032858,0.780984,-0.470098,-0.060285,0.759124,-0.487803,-0.085056,0.760633,-0.496137,-0.027734,0.788972,-0.489017,-0.054595,0.770453,-0.507441,-0.075866,0.777503,-0.512420,-0.024886,0.803174,-0.505405,-0.049558,0.789300,-0.522037,-0.070971,0.790927,-0.529495,,,
56,1.867,-0.237776,0.927332,-0.175777,-0.356733,0.932457,-0.190211,-0.118818,0.922207,-0.161342,-0.345704,0.522955,-0.366333,-0.114399,0.560270,0.099071,-0.358901,0.182042,-0.604802,-0.096508,0.158990,0.208238,-0.233009,1.044454,-0.173470,-0.235990,1.258525,-0.162052,-0.214955,1.499085,-0.137815,-0.205815,1.596576,-0.102981,-0.253202,1.449302,-0.132097,-0.184913,1.445226,-0.150855,-0.383748,1.400222,-0.078429,-0.055989,1.383107,-0.191351,-0.479101,1.153212,0.041084,-0.034424,1.119218,-0.312518,-0.317650,1.017577,0.229477,-0.000731,0.845113,-0.373277,-0.380660,0.059078,-0.476379,-0.072577,0.116800,0.380673,,,,,,,,,,-0.294617,1.024881,0.235782,-0.250388,1.007557,0.260106,-0.226453,0.989192,0.279523,-0.254861,0.995048,0.298846,-0.230972,0.970219,0.312017,-0.213917,0.949800,0.313020,-0.274084,0.978516,0.302768,-0.252311,0.947362,0.312726,-0.238170,0.925345,0.312148,-0.290454,0.965241,0.304723,-0.271414,0.934207,0.313560,-0.260151,0.914616,0.309502,-0.307078,0.951984,0.299597,-0.289543,0.924869,0.305536,-0.277668,0.906017,0.301055,-0.011687,0.826830,-0.360265,-0.051928,0.792806,-0.368687,-0.073911,0.773068,-0.389048,-0.037313,0.758476,-0.393711,-0.064242,0.737889,-0.408257,-0.089310,0.734384,-0.416519,-0.031039,0.767763,-0.416791,-0.058603,0.747265,-0.435860,-0.083290,0.749512,-0.444276,-0.025703,0.776703,-0.435219,-0.052669,0.759590,-0.454812,-0.073815,0.767159,-0.459554,-0.022545,0.791745,-0.450781,-0.047342,0.779120,-0.468203,-0.068697,0.781364,-0.475665,,,
57,1.900,-0.233556,0.918430,-0.112904,-0.352691,0.921704,-0.126382,-0.114421,0.915157,-0.099426,-0.348368,0.510652,-0.299154,-0.105663,0.562240,0.172981,-0.354826,0.200746,-0.576967,-0.097839,0.149999,0.230077,-0.230514,1.035622,-0.111322,-0.231216,1.249778,-0.101193,-0.210633,1.490670,-0.080078,-0.199033,1.588340,-0.046498,-0.248701,1.440864,-0.073448,-0.180552,1.436733,-0.092692,-0.379243,1.392427,-0.019188,-0.052339,1.373043,-0.133009,-0.474854,1.140192,0.088636,-0.024497,1.104963,-0.243199,-0.327235,0.994738,0.281008,0.013962,0.829542,-0.294430,-0.382252,0.052288,-0.480562,-0.078249,0.081723,0.394518,,,,,,,,,,-0.304726,1.001806,0.289194,-0.262417,0.983702,0.316216,-0.241311,0.963626,0.337160,-0.269738,0.970131,0.354156,-0.246971,0.944771,0.368268,-0.230116,0.924226,0.369883,-0.289205,0.953544,0.356189,-0.268317,0.921893,0.366468,-0.254277,0.899808,0.366056,-0.305680,0.940261,0.356561,-0.287502,0.908875,0.365952,-0.276056,0.889325,0.362220,-0.321887,0.927193,0.349856,-0.304791,0.899862,0.356077,-0.292614,0.881149,0.351832,0.002427,0.811089,-0.282180,-0.037556,0.777373,-0.292790,-0.059035,0.757898,-0.313926,-0.022060,0.743409,-0.317781,-0.048899,0.723736,-0.333694,-0.073723,0.720917,-0.342903,-0.014829,0.753055,-0.340429,-0.041826,0.733225,-0.360959,-0.066141,0.735865,-0.370293,-0.008723,0.762280,-0.358474,-0.035235,0.745885,-0.379263,-0.056131,0.753768,-0.384569,-0.004888,0.777568,-0.373639,-0.029439,0.765415,-0.391732,-0.050611,0.767918,-0.399625,,,
58,1.933,-0.226180,0.914694,-0.051231,-0.345511,0.916939,-0.063085,-0.106848,0.912450,-0.039376,-0.368149,0.491803,-0.195675,-0.091603,0.559926,0.233254,-0.356241,0.223183,-0.513425,-0.095376,0.143816,0.243332,-0.224107,1.031910,-0.049902,-0.224904,1.246123,-0.041071,-0.202977,1.487116,-0.022620,-0.189218,1.584877,0.009859,-0.241200,1.437559,-0.015071,-0.173286,1.432912,-0.035017,-0.372052,1.390697,0.039821,-0.046448,1.366505,-0.075299,-0.467449,1.130691,0.127489,-0.012463,1.093457,-0.170556,-0.342734,0.963595,0.318487,0.029091,0.815792,-0.204256,-0.380672,0.048212,-0.483856,-0.075598,0.061794,0.401344,,,,,,,,,,-0.321169,0.969532,0.329594,-0.282528,0.948620,0.359884,-0.265242,0.925977,0.381693,-0.294341,0.932802,0.395766,-0.273990,0.905883,0.410658,-0.257937,0.884752,0.412804,-0.314214,0.916626,0.394486,-0.295331,0.883774,0.404874,-0.281820,0.861359,0.404544,-0.330866,0.903777,0.392118,-0.314537,0.871365,0.401423,-0.303143,0.851772,0.397765,-0.346448,0.891596,0.382778,-0.330604,0.863458,0.388713,-0.318364,0.844791,0.384445,0.016594,0.797725,-0.192381,-0.022969,0.764142,-0.204826,-0.043051,0.744489,-0.227139,-0.006244,0.729483,-0.228006,-0.033302,0.711083,-0.245030,-0.057765,0.709448,-0.255415,0.002542,0.738550,-0.250341,-0.023992,0.719438,-0.272119,-0.047653,0.722869,-0.282783,0.009901,0.747310,-0.268149,-0.016279,0.731567,-0.289844,-0.036642,0.740081,-0.296155,0.014870,0.762216,-0.283364,-0.009319,0.750167,-0.302007,-0.030152,0.753119,-0.310611,,,
59,1.967,-0.219331,0.914526,0.007669,-0.338868,0.916481,-0.001953,-0.099793,0.912571,0.017292,-0.389973,0.478366,-0.067347,-0.078682,0.552117,0.278940,-0.368600,0.260241,-0.421223,-0.093587,0.137290,0.247958,-0.217530,1.031745,0.009112,-0.219476,1.245955,0.017815,-0.199050,1.487134,0.035547,-0.184625,1.584948,0.067576,-0.236987,1.437370,0.043174,-0.169005,1.433073,0.023383,-0.368017,1.390364,0.097515,-0.042471,1.365658,-0.016172,-0.458279,1.122821,0.165803,-0.000129,1.088622,-0.095178,-0.360395,0.927635,0.345458,0.045563,0.809767,-0.105781,-0.383935,0.084253,-0.450872,-0.071263,0.052345,0.404074,,,,,,,,,,-0.340169,0.931473,0.359594,-0.305979,0.905876,0.391591,-0.292068,0.880284,0.412535,-0.322402,0.886688,0.423829,-0.304892,0.857458,0.437959,-0.289886,0.835531,0.439634,-0.342388,0.871535,0.418424,-0.325981,0.836979,0.427391,-0.313238,0.814144,0.426263,-0.358961,0.859682,0.412695,-0.344725,0.825835,0.420146,-0.333495,0.806309,0.415704,-0.373621,0.849215,0.400289,-0.359494,0.819890,0.404583,-0.347438,0.801288,0.399573,0.033019,0.792278,-0.093115,-0.004907,0.756569,-0.104711,-0.022919,0.734776,-0.126803,0.013924,0.720779,-0.124275,-0.012791,0.701473,-0.140831,-0.036953,0.699348,-0.151816,0.023535,0.728369,-0.146820,-0.002282,0.707856,-0.168181,-0.025568,0.710649,-0.179812,0.031508,0.735958,-0.164900,0.005944,0.718644,-0.186128,-0.014272,0.726622,-0.193519,0.036791,0.749793,-0.180994,0.013192,0.735999,-0.199176,-0.007488,0.738094,-0.208383,,,
60,2.000,-0.214118,0.918139,0.062704,-0.333859,0.919821,0.056008,-0.094377,0.916457,0.069401,-0.396211,0.478435,0.067108,-0.069495,0.543488,0.312521,-0.376035,0.290509,-0.303756,-0.090768,0.132114,0.252662,-0.212559,1.035360,0.064282,-0.215788,1.249468,0.074911,-0.198176,1.490616,0.095794,-0.184369,1.588222,0.128717,-0.235798,1.440410,0.101934,-0.167311,1.436985,0.083782,-0.367618,1.391500,0.152559,-0.039991,1.369813,0.046394,-0.449732,1.117884,0.205293,0.008994,1.090019,-0.017632,-0.384882,0.891558,0.361901,0.056817,0.811650,-0.004058,-0.393901,0.118055,-0.348769,-0.065957,0.047548,0.408609,,,,,,,,,,-0.365690,0.891558,0.377880,-0.335230,0.858575,0.406729,-0.323637,0.829058,0.423507,-0.354932,0.834665,0.433513,-0.339729,0.802347,0.442733,-0.325795,0.779725,0.441030,-0.375046,0.821928,0.423952,-0.360986,0.785370,0.427051,-0.349259,0.762453,0.422321,-0.391598,0.812295,0.414938,-0.379352,0.776918,0.416437,-0.368630,0.758040,0.408970,-0.405659,0.805160,0.399780,-0.393599,0.774631,0.399055,-0.382267,0.756551,0.391234,0.045501,0.794989,0.010706,0.010050,0.755706,0.003778,-0.006439,0.730314,-0.015477,0.031218,0.719186,-0.011599,0.005176,0.696912,-0.025246,-0.019038,0.692490,-0.035400,0.040258,0.724673,-0.034975,0.015027,0.700865,-0.053419,-0.008538,0.701442,-0.064806,0.047671,0.730579,-0.053901,0.022675,0.709772,-0.072505,0.001978,0.715929,-0.080296,0.051983,0.742731,-0.071568,0.028921,0.725721,-0.087587,0.008031,0.725667,-0.096553,,,
61,2.033,-0.211336,0.926290,0.116492,-0.331174,0.927584,0.111731,-0.091498,0.924997,0.121254,-0.396207,0.493533,0.190493,-0.069205,0.535347,0.336912,-0.372636,0.300307,-0.177436,-0.089261,0.126915,0.259166,-0.210141,1.043513,0.118257,-0.213829,1.257496,0.131042,-0.198685,1.498347,0.156737,-0.186785,1.595548,0.191548,-0.236253,1.447847,0.160244,-0.166960,1.445087,0.145323,-0.369702,1.396573,0.203759,-0.037655,1.378973,0.113240,-0.443688,1.118042,0.240315,0.017077,1.097074,0.065061,-0.413778,0.866648,0.366259,0.063645,0.821015,0.104851,-0.395933,0.124555,-0.203022,-0.063428,0.042536,0.415047,,,,,,,,,,-0.395005,0.861555,0.381920,-0.366773,0.820753,0.401571,-0.356516,0.787539,0.410444,-0.388181,0.791732,0.420980,-0.374345,0.757539,0.421149,-0.361236,0.735691,0.413427,-0.408605,0.782922,0.408193,-0.396221,0.746303,0.401163,-0.385430,0.725050,0.390348,-0.425345,0.776788,0.396785,-0.414611,0.741826,0.388651,-0.404536,0.725232,0.376394,-0.439335,0.774531,0.380125,-0.429054,0.744654,0.371203,-0.418619,0.728726,0.358797,0.053806,0.806099,0.122296,0.020878,0.764103,0.122468,0.005287,0.735043,0.108332,0.044047,0.727065,0.112000,0.019578,0.701059,0.102754,-0.004418,0.693335,0.094179,0.052152,0.729519,0.087781,0.028193,0.701589,0.074015,0.004381,0.698871,0.063484,0.058711,0.732955,0.067952,0.035027,0.707853,0.053364,0.013806,0.711303,0.045319,0.061793,0.742552,0.048541,0.039910,0.721773,0.035611,0.018995,0.718935,0.027166,,,
62,2.067,-0.212667,0.939337,0.170085,-0.332531,0.940401,0.165952,-0.092803,0.938273,0.174218,-0.399733,0.520054,0.298713,-0.078550,0.529844,0.352587,-0.367019,0.288227,-0.045452,-0.090530,0.123063,0.265127,-0.211695,1.056558,0.172051,-0.214828,1.270475,0.186037,-0.202015,1.511063,0.215224,-0.192941,1.607919,0.251805,-0.239542,1.460418,0.216038,-0.169507,1.458028,0.205032,-0.374782,1.407444,0.251181,-0.037965,1.393120,0.180456,-0.442480,1.125397,0.267203,0.021280,1.109570,0.150907,-0.440573,0.858328,0.360078,0.060572,0.837911,0.218863,-0.387550,0.110311,-0.042228,-0.065272,0.038799,0.421165,,,,,,,,,,-0.422360,0.848679,0.374179,-0.395824,0.803214,0.382943,-0.386194,0.768656,0.383326,-0.418546,0.770886,0.393705,-0.405505,0.737478,0.385077,-0.392710,0.718082,0.372081,-0.438882,0.766430,0.378709,-0.427353,0.732611,0.362366,-0.416899,0.714658,0.346444,-0.455494,0.764068,0.365808,-0.445465,0.732208,0.348834,-0.435520,0.719165,0.332769,-0.469112,0.766723,0.348900,-0.459682,0.739926,0.332440,-0.449522,0.727524,0.316332,0.050694,0.825778,0.238327,0.018946,0.783366,0.244757,0.004368,0.751894,0.235574,0.043400,0.745860,0.241077,0.020868,0.717083,0.236101,-0.002343,0.706418,0.228587,0.052069,0.744535,0.216966,0.029744,0.713529,0.207812,0.006375,0.707848,0.197470,0.059051,0.744855,0.196987,0.037201,0.716348,0.186320,0.016133,0.717192,0.177242,0.062378,0.751206,0.176323,0.041928,0.727610,0.166179,0.021534,0.722398,0.157595,,,
63,2.100,-0.217731,0.955277,0.221946,-0.337590,0.956149,0.217635,-0.097871,0.954405,0.226258,-0.404143,0.550293,0.389927,-0.092252,0.528741,0.358964,-0.364531,0.262276,0.092032,-0.094499,0.122221,0.269518,-0.216947,1.072500,0.223860,-0.219167,1.286332,0.239253,-0.208597,1.526769,0.270507,-0.202523,1.623455,0.308142,-0.245959,1.476016,0.269112,-0.175450,1.473890,0.261654,-0.382649,1.422170,0.296463,-0.042125,1.410182,0.244738,-0.446465,1.138881,0.288433,0.020538,1.126021,0.234274,-0.465070,0.863019,0.347671,0.047565,0.861037,0.329214,-0.384331,0.089356,0.134372,-0.071206,0.037863,0.425810,,,,,,,,,,-0.447624,0.849999,0.359907,-0.421995,0.803198,0.359014,-0.412047,0.769388,0.352302,-0.445522,0.769737,0.361031,-0.432469,0.738321,0.346776,-0.419172,0.721507,0.330986,-0.465196,0.769287,0.344568,-0.453494,0.739299,0.322039,-0.442580,0.724765,0.303204,-0.481224,0.770313,0.330783,-0.471142,0.742333,0.307996,-0.460744,0.732579,0.290000,-0.494026,0.777083,0.314391,-0.484623,0.754470,0.292523,-0.474140,0.745802,0.274316,0.035533,0.851981,0.349135,0.003152,0.810640,0.358642,-0.010388,0.777895,0.353005,0.027765,0.773399,0.363701,0.006714,0.743192,0.361470,-0.015236,0.730356,0.353571,0.039080,0.768415,0.341220,0.018207,0.735710,0.335031,-0.003817,0.727727,0.323347,0.048260,0.765682,0.322345,0.028318,0.735024,0.314202,0.008442,0.733597,0.302808,0.053900,0.768739,0.301435,0.035082,0.743285,0.292729,0.015948,0.736213,0.282696,,,
64,2.133,-0.224404,0.970351,0.277422,-0.344239,0.970914,0.272455,-0.104568,0.969788,0.282389,-0.406905,0.575778,0.469364,-0.104180,0.531205,0.362873,-0.368957,0.227860,0.244029,-0.099678,0.123676,0.278240,-0.223914,1.087583,0.278890,-0.225439,1.301254,0.296445,-0.217326,1.541564,0.329365,-0.213910,1.638228,0.367391,-0.254339,1.490628,0.326305,-0.183590,1.488907,0.321470,-0.391631,1.435418,0.347139,-0.048924,1.426766,0.310332,-0.452638,1.153746,0.310690,0.017698,1.143370,0.315947,-0.482811,0.873781,0.336466,0.030396,0.886901,0.434365,-0.393736,0.072700,0.330036,-0.078751,0.038925,0.434655,,,,,,,,,,-0.466049,0.858678,0.347171,-0.439913,0.812831,0.339235,-0.428782,0.780864,0.327346,-0.463160,0.779618,0.333432,-0.449250,0.749989,0.316424,-0.434794,0.735035,0.299804,-0.481726,0.782281,0.315925,-0.468766,0.755676,0.290080,-0.456691,0.743827,0.270108,-0.496843,0.785889,0.301557,-0.485894,0.761233,0.275558,-0.474595,0.753914,0.256961,-0.508634,0.795622,0.285916,-0.498265,0.777112,0.260860,-0.486898,0.771686,0.241943,0.015593,0.880699,0.453497,-0.018047,0.840714,0.464337,-0.030881,0.807304,0.461799,0.005379,0.805017,0.478308,-0.014812,0.774149,0.478146,-0.035320,0.759502,0.469550,0.019760,0.796945,0.458652,-0.000032,0.763232,0.454738,-0.020195,0.753077,0.441485,0.031524,0.791599,0.441888,0.013136,0.759508,0.435892,-0.004897,0.755803,0.422180,0.040108,0.791623,0.421771,0.022822,0.764730,0.414305,0.005380,0.755818,0.402766,,,
65,2.167,-0.230006,0.981290,0.320465,-0.349891,0.982225,0.316964,-0.110121,0.980354,0.323966,-0.403825,0.590285,0.522649,-0.112269,0.535458,0.353887,-0.370883,0.195303,0.395498,-0.105881,0.129207,0.263424,-0.229177,1.098492,0.323401,-0.230251,1.312065,0.342143,-0.226224,1.552575,0.374351,-0.225220,1.649378,0.412160,-0.262462,1.501140,0.370471,-0.191590,1.500344,0.367587,-0.400134,1.444964,0.385374,-0.055628,1.440383,0.361333,-0.458049,1.167060,0.323689,0.019908,1.160027,0.383209,-0.490977,0.886237,0.326697,0.024239,0.913890,0.522343,-0.399259,0.068922,0.519226,-0.084585,0.045302,0.420244,,,,,,,,,,-0.474553,0.870946,0.337655,-0.445357,0.827255,0.328345,-0.431180,0.797075,0.315103,-0.466123,0.793742,0.317256,-0.449153,0.766040,0.299786,-0.432347,0.752956,0.283811,-0.483015,0.797224,0.298261,-0.466394,0.773347,0.271853,-0.451895,0.763648,0.252340,-0.496835,0.801501,0.282811,-0.482474,0.779396,0.256186,-0.469183,0.773981,0.238266,-0.507554,0.812136,0.266987,-0.494070,0.796332,0.241564,-0.480767,0.793051,0.223432,0.007919,0.907885,0.540266,-0.026215,0.867791,0.548944,-0.038671,0.834269,0.546026,-0.003785,0.832552,0.565478,-0.023816,0.801614,0.564012,-0.043468,0.786773,0.553886,0.012265,0.824274,0.547254,-0.007094,0.790474,0.542117,-0.026039,0.780119,0.527312,0.025444,0.818746,0.531641,0.007723,0.786486,0.524633,-0.009080,0.782501,0.509509,0.035697,0.818501,0.512322,0.019165,0.791419,0.503892,0.002766,0.782265,0.491083,,,
66,2.200,-0.234191,0.983878,0.372978,-0.354095,0.984021,0.370073,-0.114286,0.983735,0.375883,-0.395526,0.584679,0.564088,-0.113819,0.537877,0.369313,-0.372713,0.169055,0.563851,-0.109442,0.134824,0.265428,-0.234156,1.101040,0.377286,-0.233848,1.314527,0.397010,-0.234204,1.555153,0.428599,-0.235425,1.652120,0.465980,-0.269583,1.503214,0.423650,-0.198650,1.503387,0.423173,-0.407318,1.445847,0.431986,-0.061060,1.446912,0.423074,-0.458209,1.173025,0.346149,0.026034,1.171857,0.462356,-0.490785,0.892849,0.326261,0.017169,0.940428,0.624597,-0.405932,0.080243,0.715821,-0.087075,0.051268,0.422286,,,,,,,,,,-0.474939,0.877446,0.337893,-0.443205,0.835477,0.328975,-0.426496,0.806725,0.315512,-0.461371,0.802069,0.313772,-0.441707,0.776098,0.296467,-0.422908,0.764614,0.281517,-0.476394,0.806203,0.293388,-0.456233,0.784633,0.267465,-0.439449,0.776693,0.249016,-0.488752,0.811003,0.276889,-0.470918,0.791154,0.250588,-0.455689,0.787350,0.233833,-0.498247,0.822275,0.260728,-0.481596,0.808600,0.235954,-0.466384,0.806945,0.219152,-0.000924,0.934691,0.640825,-0.035153,0.894234,0.647110,-0.047157,0.860540,0.644283,-0.014111,0.860010,0.667216,-0.033810,0.828992,0.663991,-0.052112,0.813894,0.651908,0.003978,0.851458,0.651157,-0.014482,0.817388,0.644668,-0.031560,0.806548,0.628050,0.018881,0.845683,0.637281,0.002124,0.813168,0.629166,-0.012893,0.808740,0.612378,0.031200,0.845007,0.619220,0.015594,0.817659,0.609927,0.000608,0.808111,0.595749,,,
67,2.233,-0.237408,0.977790,0.422554,-0.357281,0.974390,0.420419,-0.117535,0.981189,0.424690,-0.390096,0.580147,0.626157,-0.107589,0.535976,0.401921,-0.384633,0.175720,0.724506,-0.106566,0.142221,0.266940,-0.240821,1.094865,0.427779,-0.237712,1.308324,0.447560,-0.243327,1.548995,0.478303,-0.246344,1.646116,0.515178,-0.277611,1.496448,0.472195,-0.206724,1.497825,0.474399,-0.414915,1.437507,0.474427,-0.067756,1.445293,0.481354,-0.454773,1.170245,0.367787,0.031484,1.178193,0.541292,-0.483601,0.892051,0.326165,0.013387,0.960956,0.721406,-0.420701,0.126372,0.892880,-0.084207,0.056063,0.422385,,,,,,,,,,-0.468788,0.876405,0.338791,-0.435310,0.835472,0.331599,-0.416456,0.807675,0.318989,-0.450915,0.802496,0.312991,-0.428971,0.777645,0.296819,-0.408428,0.767150,0.283528,-0.463685,0.807312,0.291266,-0.440355,0.787289,0.266801,-0.421488,0.780481,0.249984,-0.474251,0.812660,0.273723,-0.453192,0.794387,0.248696,-0.436134,0.791639,0.233577,-0.482159,0.824506,0.257125,-0.462534,0.812302,0.233803,-0.445507,0.811702,0.218763,-0.006335,0.955844,0.735846,-0.040386,0.915068,0.740928,-0.052311,0.881264,0.739362,-0.021203,0.882720,0.765503,-0.040265,0.851397,0.761497,-0.056916,0.835534,0.748078,-0.001269,0.873588,0.752180,-0.018483,0.838889,0.745603,-0.033391,0.826832,0.727779,0.015207,0.867290,0.740480,-0.000351,0.834185,0.732365,-0.013331,0.828667,0.714254,0.029507,0.865750,0.724001,0.014944,0.837808,0.714783,0.001554,0.827341,0.699684,,,
68,2.267,-0.240347,0.966003,0.477934,-0.360088,0.959129,0.477381,-0.120605,0.972878,0.478487,-0.387567,0.578677,0.708322,-0.101249,0.529443,0.435785,-0.405483,0.193258,0.864511,-0.103397,0.147730,0.269792,-0.247085,1.082910,0.483679,-0.242621,1.296449,0.502307,-0.252772,1.537159,0.531537,-0.257048,1.634419,0.567920,-0.286064,1.484069,0.524683,-0.215305,1.486531,0.529027,-0.423072,1.424470,0.521842,-0.076121,1.435995,0.542966,-0.451970,1.162787,0.399056,0.031788,1.178492,0.625619,-0.477138,0.887994,0.337327,0.005683,0.973567,0.818711,-0.443413,0.184646,1.039362,-0.080791,0.058183,0.423273,,,,,,,,,,-0.463459,0.871784,0.350509,-0.428843,0.831613,0.344507,-0.408440,0.804744,0.332302,-0.442009,0.799613,0.322601,-0.417829,0.776515,0.307030,-0.395773,0.767502,0.295151,-0.452580,0.805543,0.299988,-0.426422,0.787603,0.276801,-0.405800,0.782262,0.261592,-0.461390,0.811787,0.281784,-0.437364,0.795707,0.257952,-0.418770,0.794346,0.244553,-0.467743,0.824487,0.265149,-0.445631,0.814059,0.243234,-0.427172,0.814640,0.229989,-0.015201,0.969274,0.831712,-0.048760,0.928196,0.837571,-0.060282,0.894224,0.838311,-0.031328,0.898874,0.866805,-0.049460,0.866896,0.863778,-0.064495,0.849548,0.850288,-0.010054,0.889104,0.856306,-0.025885,0.853475,0.851454,-0.038792,0.839441,0.833516,0.007569,0.882208,0.846825,-0.006644,0.848151,0.840346,-0.017767,0.840735,0.821685,0.023379,0.879533,0.831949,0.010043,0.850548,0.824214,-0.001802,0.838424,0.809064,,,
69,2.300,-0.244165,0.950824,0.536889,-0.363814,0.942619,0.538477,-0.124517,0.959029,0.535301,-0.387923,0.582521,0.800357,-0.100160,0.519019,0.467254,-0.417552,0.206703,0.976840,-0.104336,0.151338,0.272172,-0.252091,1.067628,0.543190,-0.248687,1.281283,0.560669,-0.260810,1.522064,0.588534,-0.265749,1.619480,0.624411,-0.293654,1.468737,0.581365,-0.222997,1.471656,0.586924,-0.430718,1.409610,0.574380,-0.084410,1.421351,0.606502,-0.451831,1.151902,0.441979,0.028503,1.173112,0.708539,-0.475921,0.881413,0.363168,-0.001571,0.976839,0.909867,-0.455245,0.232001,1.150118,-0.080482,0.060006,0.424408,,,,,,,,,,-0.462985,0.864537,0.376264,-0.427785,0.824882,0.370229,-0.406323,0.798752,0.358238,-0.439330,0.794114,0.345789,-0.412993,0.774206,0.329338,-0.389877,0.767794,0.317790,-0.448500,0.801267,0.322919,-0.420139,0.786433,0.300130,-0.398384,0.783244,0.285930,-0.456193,0.808491,0.304572,-0.429741,0.795501,0.281435,-0.410170,0.796046,0.269443,-0.461576,0.822081,0.288302,-0.437713,0.813538,0.267433,-0.418370,0.815323,0.255637,-0.023032,0.972757,0.921966,-0.055378,0.930946,0.929285,-0.065269,0.896572,0.932110,-0.038690,0.904814,0.961795,-0.055457,0.871996,0.960254,-0.069002,0.853067,0.947324,-0.016483,0.895108,0.953373,-0.030606,0.858549,0.950614,-0.041848,0.842608,0.933155,0.001916,0.888198,0.945517,-0.010637,0.853188,0.940975,-0.020323,0.843896,0.922353,0.018680,0.884981,0.931841,0.006814,0.854953,0.925897,-0.003705,0.841152,0.911212,,,
70,2.333,-0.249053,0.936972,0.598263,-0.368686,0.929019,0.601469,-0.129420,0.944926,0.595056,-0.392426,0.571700,0.867161,-0.104498,0.510279,0.498651,-0.415395,0.195596,1.044027,-0.106867,0.157033,0.278481,-0.256647,1.053791,0.604692,-0.255347,1.267475,0.622113,-0.268524,1.508181,0.650141,-0.274412,1.605626,0.685796,-0.301104,1.454808,0.642160,-0.230591,1.457846,0.649265,-0.437691,1.395240,0.630890,-0.092471,1.408309,0.673539,-0.452429,1.138302,0.496149,0.022119,1.165702,0.786653,-0.476019,0.871812,0.404596,-0.006196,0.972694,0.991364,-0.448092,0.216537,1.218894,-0.082471,0.059610,0.426805,,,,,,,,,,-0.463224,0.854314,0.416996,-0.427680,0.815223,0.409477,-0.405886,0.789912,0.396382,-0.438591,0.785770,0.383195,-0.411502,0.767972,0.365587,-0.388106,0.763165,0.353826,-0.447384,0.794107,0.360580,-0.418236,0.781428,0.337486,-0.396137,0.779656,0.323572,-0.454783,0.802278,0.342511,-0.427482,0.791355,0.319292,-0.407639,0.793066,0.307872,-0.459950,0.816705,0.326905,-0.435468,0.809525,0.306239,-0.415845,0.812106,0.295069,-0.027910,0.968824,1.003075,-0.059277,0.926667,1.012392,-0.067977,0.892210,1.017338,-0.042909,0.903419,1.047175,-0.058705,0.870087,1.047427,-0.071292,0.849918,1.035439,-0.020178,0.893824,1.040140,-0.033104,0.856727,1.039632,-0.043301,0.839233,1.023039,-0.001347,0.886941,1.033355,-0.012774,0.851344,1.030885,-0.021587,0.840515,1.012663,0.015931,0.883280,1.020454,0.005091,0.852563,1.016352,-0.004573,0.837445,1.002394,,,
71,2.367,-0.254949,0.924724,0.662364,-0.374699,0.918768,0.665523,-0.135199,0.930680,0.659205,-0.396023,0.552986,0.919652,-0.114072,0.503797,0.532094,-0.408936,0.169727,1.081544,-0.109685,0.165028,0.290268,-0.260654,1.041746,0.666715,-0.261837,1.255602,0.681883,-0.277043,1.496410,0.707944,-0.284809,1.594084,0.742598,-0.309104,1.442819,0.699345,-0.238850,1.446267,0.708523,-0.444566,1.381305,0.685288,-0.100915,1.398636,0.737253,-0.456458,1.121636,0.555594,0.014197,1.157040,0.851990,-0.480194,0.855899,0.461916,-0.006452,0.960712,1.054449,-0.432494,0.153089,1.258332,-0.084324,0.055324,0.429581,,,,,,,,,,-0.467336,0.837652,0.473112,-0.433025,0.798130,0.462681,-0.412500,0.772985,0.447396,-0.445625,0.769984,0.435731,-0.419662,0.752440,0.416269,-0.396880,0.747690,0.403338,-0.455093,0.779399,0.413823,-0.427140,0.766936,0.389184,-0.405623,0.765182,0.374385,-0.462995,0.788437,0.396391,-0.436832,0.777855,0.371748,-0.417395,0.779582,0.359652,-0.468428,0.803578,0.381573,-0.444817,0.796568,0.359862,-0.425513,0.799065,0.348131,-0.028122,0.956947,1.066276,-0.058610,0.914623,1.077551,-0.066159,0.880164,1.084105,-0.041875,0.893455,1.113470,-0.056783,0.859806,1.115930,-0.068876,0.838591,1.105316,-0.018917,0.884024,1.106971,-0.030880,0.846639,1.108649,-0.040617,0.827942,1.093127,0.000083,0.877229,1.100580,-0.010335,0.841240,1.100171,-0.018803,0.829139,1.082599,0.017484,0.873319,1.087919,0.007732,0.842065,1.085498,-0.001344,0.825896,1.072346,,,
72,2.400,-0.262007,0.914806,0.729627,-0.381854,0.910242,0.730854,-0.142160,0.919371,0.728401,-0.398517,0.535674,0.972213,-0.124749,0.504468,0.565965,-0.404300,0.143183,1.110707,-0.108976,0.178772,0.307244,-0.266439,1.031929,0.732507,-0.270147,1.246025,0.743222,-0.286265,1.487406,0.762563,-0.296592,1.585660,0.794827,-0.318032,1.433561,0.754475,-0.248064,1.437354,0.765511,-0.452710,1.370700,0.738924,-0.110482,1.391080,0.797922,-0.466691,1.106159,0.619708,0.002125,1.146044,0.907744,-0.492670,0.837207,0.536372,-0.009444,0.941195,1.102329,-0.426701,0.085422,1.278778,-0.082340,0.047532,0.426210,,,,,,,,,,-0.479729,0.818443,0.546573,-0.447386,0.778007,0.533656,-0.428871,0.752560,0.516428,-0.462498,0.750579,0.507264,-0.438337,0.732567,0.485994,-0.416565,0.727332,0.471594,-0.472995,0.760536,0.486075,-0.446885,0.747515,0.459760,-0.426313,0.745282,0.443733,-0.481666,0.770016,0.469255,-0.457325,0.758961,0.443005,-0.438591,0.760250,0.429795,-0.487520,0.785490,0.454948,-0.465342,0.777876,0.431967,-0.446624,0.779815,0.419226,-0.031080,0.937561,1.114258,-0.061414,0.895336,1.126298,-0.068057,0.860793,1.133367,-0.044547,0.874827,1.162535,-0.058852,0.841129,1.167053,-0.070797,0.819195,1.157825,-0.021571,0.865360,1.156153,-0.033042,0.827940,1.159580,-0.042719,0.808457,1.145018,-0.002561,0.858518,1.149842,-0.012309,0.822357,1.150957,-0.020674,0.809404,1.133951,0.014830,0.854451,1.137216,0.005909,0.822891,1.135743,-0.002763,0.806155,1.123035,,,
73,2.433,-0.271681,0.908683,0.793894,-0.391568,0.905299,0.792841,-0.151793,0.912067,0.794948,-0.412363,0.534986,1.040365,-0.126329,0.496255,0.635937,-0.409784,0.129550,1.134591,-0.105165,0.196770,0.347624,-0.275002,1.025868,0.795421,-0.281827,1.240024,0.802907,-0.295707,1.481988,0.815541,-0.308095,1.580866,0.845056,-0.327927,1.428259,0.808548,-0.258051,1.431660,0.820274,-0.462809,1.365771,0.793271,-0.121149,1.384612,0.854402,-0.485270,1.096573,0.686418,-0.014446,1.131678,0.951471,-0.517985,0.823621,0.620219,-0.017051,0.914034,1.131983,-0.433068,0.041849,1.289034,-0.077908,0.037560,0.425056,,,,,,,,,,-0.504982,0.805138,0.630846,-0.473476,0.763791,0.618771,-0.455977,0.737536,0.601694,-0.489630,0.735475,0.593982,-0.466231,0.716585,0.572621,-0.444951,0.710700,0.557744,-0.500595,0.744668,0.572686,-0.475240,0.730370,0.546296,-0.455085,0.727311,0.529879,-0.509620,0.753544,0.555722,-0.486036,0.741157,0.529376,-0.467623,0.741692,0.515674,-0.515691,0.768479,0.540941,-0.493945,0.759381,0.518087,-0.475387,0.760358,0.505005,-0.038693,0.910687,1.143986,-0.069892,0.868957,1.155526,-0.077576,0.834533,1.162108,-0.053276,0.847486,1.191320,-0.067904,0.814030,1.196544,-0.080310,0.792132,1.187854,-0.030555,0.837616,1.184643,-0.042548,0.800394,1.188416,-0.052730,0.780931,1.174173,-0.011740,0.830457,1.178103,-0.021902,0.794417,1.179403,-0.030602,0.781513,1.162528,0.005481,0.826212,1.165305,-0.003748,0.794750,1.163627,-0.012655,0.778137,1.150921,,,
74,2.467,-0.282848,0.906022,0.855053,-0.402723,0.903252,0.852253,-0.162973,0.908792,0.857852,-0.432771,0.546299,1.117799,-0.115039,0.479156,0.748545,-0.417034,0.130837,1.137969,-0.096736,0.222637,0.421243,-0.285560,1.023232,0.855237,-0.293032,1.237420,0.861023,-0.306957,1.479547,0.869923,-0.320645,1.578759,0.897692,-0.339175,1.425708,0.863828,-0.269278,1.429308,0.875365,-0.473852,1.362166,0.851333,-0.132317,1.382190,0.909157,-0.505296,1.088634,0.758699,-0.027520,1.121382,0.985186,-0.542615,0.811712,0.715380,-0.017407,0.888702,1.145555,-0.442928,0.043418,1.292156,-0.078279,0.044644,0.429259,,,,,,,,,,-0.529599,0.794327,0.727708,-0.498598,0.751650,0.719607,-0.482109,0.723783,0.704159,-0.515337,0.721040,0.698158,-0.492632,0.699826,0.678282,-0.471779,0.692199,0.663593,-0.526546,0.728048,0.676169,-0.501672,0.710851,0.651084,-0.481776,0.705919,0.634808,-0.535754,0.735178,0.658495,-0.512767,0.719744,0.633253,-0.494591,0.718566,0.619275,-0.541928,0.748533,0.642312,-0.520271,0.736612,0.620706,-0.501707,0.735816,0.607619,-0.038716,0.884726,1.157954,-0.069640,0.842441,1.168137,-0.077746,0.807857,1.173193,-0.052079,0.819122,1.202285,-0.066411,0.785397,1.206495,-0.079009,0.763833,1.197261,-0.029561,0.809621,1.194478,-0.041266,0.772210,1.197126,-0.051818,0.753226,1.182513,-0.010942,0.802818,1.187058,-0.020979,0.766719,1.186970,-0.030135,0.754563,1.169785,0.005917,0.799254,1.173588,-0.003293,0.767882,1.170621,-0.012516,0.751852,1.157401,,,
75,2.500,-0.293156,0.907561,0.914953,-0.412983,0.905291,0.910277,-0.173328,0.909831,0.919629,-0.447414,0.544899,1.170594,-0.107316,0.470228,0.884642,-0.421486,0.130489,1.141343,-0.093722,0.261765,0.524612,-0.295339,1.024779,0.913994,-0.301978,1.239016,0.918882,-0.315232,1.481214,0.926836,-0.329416,1.580432,0.954333,-0.347645,1.427425,0.921367,-0.277608,1.430911,0.932064,-0.482176,1.362990,0.912368,-0.140425,1.383057,0.963862,-0.522863,1.085478,0.836726,-0.039744,1.115394,1.018670,-0.562765,0.805965,0.821395,-0.021229,0.870071,1.158076,-0.448901,0.043133,1.295302,-0.074228,0.088308,0.484375,,,,,,,,,,-0.549980,0.789730,0.835417,-0.520051,0.745701,0.831715,-0.505342,0.716155,0.817649,-0.537753,0.713332,0.813935,-0.516244,0.689138,0.796254,-0.495995,0.679070,0.782202,-0.549092,0.718155,0.791431,-0.525051,0.697585,0.768138,-0.505534,0.690317,0.752283,-0.558371,0.723524,0.773181,-0.536479,0.704435,0.749513,-0.518664,0.700976,0.735450,-0.564458,0.735170,0.755697,-0.543195,0.720183,0.735667,-0.524713,0.717303,0.722759,-0.042186,0.865343,1.170807,-0.073034,0.822579,1.179031,-0.080789,0.787666,1.181905,-0.054607,0.796943,1.210991,-0.069006,0.763044,1.213011,-0.081948,0.742287,1.202494,-0.032382,0.787910,1.201895,-0.044082,0.750407,1.202417,-0.055105,0.732423,1.186914,-0.014028,0.781557,1.193483,-0.024243,0.745581,1.191198,-0.033954,0.734660,1.173495,0.002407,0.778850,1.179308,-0.006974,0.747734,1.174660,-0.016635,0.732568,1.160751,,,
76,2.533,-0.302065,0.912480,0.973278,-0.421771,0.910906,0.965968,-0.182358,0.914054,0.980589,-0.456965,0.538947,1.209360,-0.112599,0.475439,1.020380,-0.425414,0.128638,1.146789,-0.100629,0.289529,0.648146,-0.303484,1.029696,0.971291,-0.308637,1.243984,0.975757,-0.319194,1.486254,0.985374,-0.332291,1.585369,1.013766,-0.352300,1.432821,0.980616,-0.281939,1.435551,0.989191,-0.486894,1.368075,0.975742,-0.144322,1.386258,1.016614,-0.535597,1.087224,0.919700,-0.051087,1.113268,1.056205,-0.576173,0.807858,0.935930,-0.023807,0.858128,1.175033,-0.454697,0.041761,1.300675,-0.063062,0.119901,0.604541,,,,,,,,,,-0.563463,0.792832,0.951302,-0.534361,0.748099,0.951530,-0.520938,0.717138,0.939350,-0.552887,0.714487,0.937238,-0.532462,0.687828,0.921984,-0.512786,0.675623,0.908843,-0.564478,0.717303,0.914523,-0.541411,0.693758,0.893138,-0.522379,0.684336,0.877838,-0.573935,0.721038,0.895959,-0.553018,0.698935,0.874102,-0.535567,0.693500,0.860209,-0.580080,0.731035,0.877502,-0.559454,0.713668,0.858770,-0.541246,0.709120,0.845953,-0.044444,0.852503,1.187921,-0.075156,0.809264,1.193846,-0.081703,0.773988,1.194126,-0.055974,0.781404,1.223412,-0.070428,0.747470,1.223067,-0.083658,0.727638,1.211210,-0.034005,0.773042,1.213131,-0.045749,0.735602,1.211159,-0.057177,0.718840,1.194615,-0.015882,0.767306,1.203822,-0.026188,0.731588,1.199142,-0.036341,0.722006,1.180920,0.000183,0.765619,1.189076,-0.009126,0.734818,1.182558,-0.019040,0.720562,1.167886,,,
77,2.567,-0.308890,0.920971,1.030358,-0.428444,0.920140,1.020783,-0.189336,0.921802,1.039933,-0.459361,0.530561,1.235504,-0.122683,0.494382,1.148108,-0.427247,0.124293,1.150778,-0.113423,0.292716,0.784090,-0.309475,1.038176,1.027495,-0.313120,1.252496,1.031911,-0.320870,1.494763,1.043977,-0.331376,1.593821,1.073617,-0.354681,1.441677,1.040431,-0.283959,1.443690,1.045543,-0.489306,1.376839,1.042317,-0.145646,1.392858,1.065691,-0.543182,1.093391,1.008484,-0.059455,1.115818,1.090254,-0.579442,0.817526,1.058870,-0.019856,0.853329,1.187679,-0.457536,0.037067,1.304271,-0.069241,0.120593,0.761556,,,,,,,,,,-0.566115,0.804129,1.075196,-0.537438,0.759286,1.079031,-0.524883,0.726967,1.069810,-0.556952,0.724559,1.069518,-0.537565,0.695897,1.056741,-0.518650,0.681846,1.044349,-0.569635,0.724987,1.047219,-0.547971,0.698720,1.027612,-0.529850,0.687253,1.012604,-0.579971,0.726762,1.028835,-0.560203,0.702257,1.008525,-0.543455,0.695220,0.994487,-0.586940,0.734723,1.009692,-0.567476,0.715320,0.991730,-0.550021,0.709338,0.978463,-0.039564,0.846372,1.201347,-0.069272,0.802264,1.205814,-0.074376,0.766826,1.203483,-0.047901,0.772586,1.231905,-0.061746,0.738436,1.230271,-0.075406,0.719148,1.218009,-0.026515,0.765424,1.219673,-0.037933,0.728052,1.215609,-0.050202,0.712408,1.198578,-0.008941,0.760737,1.208847,-0.018897,0.725220,1.202271,-0.030023,0.716746,1.184068,0.006184,0.760464,1.193050,-0.002781,0.730018,1.184656,-0.013226,0.716703,1.169476,,,
78,2.600,-0.312633,0.931850,1.086235,-0.432105,0.931751,1.075656,-0.193160,0.931950,1.096814,-0.454416,0.523426,1.253436,-0.128354,0.522961,1.262226,-0.426484,0.119889,1.155244,-0.127025,0.284482,0.921067,-0.312423,1.049040,1.082767,-0.315133,1.263376,1.087071,-0.320899,1.505637,1.100306,-0.328393,1.604660,1.130962,-0.355139,1.452740,1.098481,-0.284233,1.454368,1.099657,-0.489749,1.388705,1.109022,-0.145450,1.402124,1.111065,-0.546442,1.103997,1.098206,-0.064549,1.122460,1.116199,-0.570849,0.835440,1.183275,-0.012516,0.854228,1.189033,-0.455985,0.032704,1.308914,-0.091656,0.109034,0.928371,,,,,,,,,,-0.556080,0.824101,1.199916,-0.527123,0.779817,1.206874,-0.514807,0.746551,1.201502,-0.547382,0.744366,1.203697,-0.528825,0.714301,1.193099,-0.510871,0.698775,1.181041,-0.562037,0.742072,1.182763,-0.542068,0.713419,1.164765,-0.525298,0.700049,1.149762,-0.574003,0.741590,1.165311,-0.555664,0.715062,1.146239,-0.540085,0.706598,1.131652,-0.582690,0.747109,1.146012,-0.564997,0.725531,1.128711,-0.548874,0.717902,1.114629,-0.030426,0.845623,1.204159,-0.059006,0.800701,1.207794,-0.063899,0.765533,1.202632,-0.034461,0.769141,1.228282,-0.047627,0.734772,1.225823,-0.062293,0.716004,1.213925,-0.014590,0.763592,1.213031,-0.026023,0.726484,1.207040,-0.040073,0.712105,1.190272,0.001639,0.760297,1.199848,-0.008369,0.725178,1.191461,-0.021410,0.717944,1.174010,0.014814,0.761813,1.182455,0.005577,0.732018,1.172220,-0.006252,0.719875,1.157074,,,
79,2.633,-0.312606,0.944264,1.142031,-0.432033,0.944990,1.130975,-0.193179,0.943537,1.153086,-0.446911,0.520578,1.266935,-0.134540,0.556403,1.366443,-0.424766,0.119265,1.158671,-0.138578,0.273648,1.060997,-0.311542,1.061440,1.138239,-0.314670,1.275786,1.141634,-0.317879,1.518114,1.154500,-0.322440,1.617119,1.185786,-0.352575,1.465484,1.154571,-0.281691,1.466558,1.152112,-0.487180,1.403437,1.173630,-0.143184,1.412473,1.155412,-0.546566,1.119293,1.184811,-0.068375,1.131489,1.140069,-0.553330,0.862586,1.303179,-0.010447,0.859018,1.188691,-0.453227,0.032489,1.312768,-0.110911,0.103303,1.108989,,,,,,,,,,-0.536521,0.853529,1.319275,-0.506158,0.810594,1.328367,-0.492795,0.777329,1.326938,-0.526007,0.774971,1.332149,-0.507950,0.743981,1.323536,-0.491032,0.727208,1.311652,-0.542957,0.769957,1.313553,-0.524640,0.739296,1.297179,-0.509451,0.724164,1.282164,-0.556863,0.767194,1.297837,-0.540126,0.738737,1.280123,-0.526091,0.728741,1.264950,-0.567837,0.770156,1.279151,-0.552074,0.746479,1.262754,-0.537650,0.737098,1.247906,-0.026471,0.849230,1.205155,-0.055759,0.804716,1.208092,-0.062499,0.770372,1.200189,-0.029758,0.770751,1.221824,-0.043840,0.736856,1.218162,-0.060389,0.719382,1.206771,-0.012265,0.766440,1.203557,-0.025501,0.730296,1.195677,-0.042089,0.717852,1.179699,0.001964,0.764224,1.188046,-0.009897,0.730179,1.177841,-0.025305,0.724801,1.161697,0.012768,0.767285,1.169276,0.001631,0.738761,1.157438,-0.012299,0.728261,1.142861,,,
80,2.667,-0.311996,0.955461,1.198497,-0.431339,0.957032,1.186653,-0.192653,0.953890,1.210342,-0.438754,0.520048,1.275096,-0.140441,0.590410,1.463301,-0.422529,0.121012,1.157749,-0.145668,0.259839,1.210400,-0.310085,1.072629,1.194790,-0.313545,1.286976,1.197803,-0.313464,1.529325,1.210678,-0.314969,1.628227,1.242578,-0.348698,1.477081,1.212417,-0.278002,1.477371,1.206608,-0.483129,1.417407,1.238850,-0.140378,1.421135,1.202439,-0.545528,1.135404,1.270006,-0.072556,1.140285,1.166286,-0.527957,0.895395,1.418471,-0.013727,0.864895,1.191973,-0.449767,0.033473,1.311635,-0.119945,0.108622,1.302911,,,,,,,,,,-0.508826,0.889020,1.433202,-0.475360,0.848685,1.443262,-0.459931,0.816318,1.444461,-0.492690,0.813092,1.453750,-0.474079,0.781954,1.447066,-0.457748,0.764418,1.435465,-0.511535,0.805199,1.438231,-0.493795,0.773353,1.423572,-0.479785,0.756964,1.408733,-0.527123,0.800008,1.424887,-0.511306,0.770003,1.408973,-0.498746,0.758555,1.393535,-0.540475,0.800235,1.407565,-0.525767,0.775159,1.392308,-0.512869,0.764442,1.376968,-0.028336,0.854271,1.209216,-0.059894,0.811285,1.211284,-0.069670,0.778366,1.200884,-0.034720,0.774749,1.218331,-0.051199,0.742168,1.213089,-0.070008,0.726841,1.202121,-0.019770,0.771485,1.197737,-0.036140,0.737114,1.188028,-0.055241,0.727306,1.173053,-0.007602,0.770182,1.180467,-0.022729,0.738061,1.168499,-0.040218,0.735219,1.153904,0.001134,0.774642,1.160918,-0.013016,0.748092,1.147777,-0.029143,0.739866,1.134029,,,
81,2.700,-0.311548,0.962423,1.253751,-0.430784,0.964734,1.240982,-0.192312,0.960112,1.266520,-0.430299,0.520683,1.281612,-0.145379,0.619349,1.550263,-0.420476,0.123931,1.156091,-0.148875,0.244753,1.368798,-0.308948,1.079596,1.250678,-0.312669,1.293913,1.255164,-0.308821,1.536134,1.269764,-0.307373,1.634781,1.302447,-0.344625,1.484334,1.272718,-0.274265,1.483763,1.263724,-0.478675,1.427032,1.305558,-0.137840,1.425704,1.251981,-0.545516,1.148443,1.353619,-0.077566,1.146728,1.194338,-0.495655,0.930119,1.526257,-0.021531,0.869604,1.199113,-0.446361,0.035977,1.309975,-0.121098,0.125487,1.499528,,,,,,,,,,-0.474667,0.926686,1.539349,-0.437982,0.889622,1.550683,-0.420315,0.858633,1.554518,-0.451923,0.855123,1.567792,-0.432258,0.824202,1.563576,-0.416183,0.805896,1.552838,-0.471876,0.844343,1.555793,-0.453952,0.811513,1.543767,-0.440663,0.793776,1.529842,-0.488515,0.836680,1.545192,-0.472876,0.805278,1.532033,-0.461439,0.792175,1.517046,-0.503695,0.833919,1.529689,-0.489350,0.807521,1.516446,-0.477623,0.795248,1.501336,-0.035299,0.857969,1.216396,-0.069196,0.816753,1.216809,-0.081792,0.785720,1.203936,-0.045854,0.778380,1.217782,-0.064838,0.747593,1.210551,-0.085451,0.734702,1.199695,-0.032890,0.776574,1.195715,-0.052189,0.744435,1.183958,-0.073053,0.737406,1.169794,-0.022296,0.776502,1.177391,-0.040456,0.746808,1.163523,-0.059246,0.746583,1.150339,-0.014945,0.782580,1.157709,-0.031815,0.758416,1.143240,-0.049534,0.752629,1.130229,,,
82,2.733,-0.309995,0.965293,1.308344,-0.429159,0.968313,1.295060,-0.190832,0.962273,1.321629,-0.425173,0.522431,1.292543,-0.154121,0.636092,1.623441,-0.418696,0.129630,1.154963,-0.147096,0.230052,1.532084,-0.306824,1.082478,1.306541,-0.311494,1.296713,1.313408,-0.303207,1.538649,1.330641,-0.299350,1.636948,1.364167,-0.339669,1.487371,1.334505,-0.269768,1.485834,1.322537,-0.473192,1.432551,1.373204,-0.134795,1.426438,1.303180,-0.546021,1.158618,1.436818,-0.083193,1.150861,1.224578,-0.461810,0.964135,1.624008,-0.032327,0.873042,1.210799,-0.443207,0.041187,1.308792,-0.118604,0.143330,1.686206,,,,,,,,,,-0.439496,0.963301,1.635190,-0.400484,0.929333,1.648313,-0.381048,0.899974,1.655200,-0.411319,0.897758,1.672038,-0.390998,0.867007,1.670619,-0.375403,0.847591,1.661205,-0.431958,0.884766,1.664068,-0.414007,0.850843,1.655657,-0.401456,0.831388,1.643448,-0.449279,0.875144,1.656626,-0.433848,0.842347,1.647139,-0.423468,0.827220,1.633334,-0.465828,0.869599,1.643444,-0.451740,0.841731,1.633301,-0.441021,0.827408,1.619286,-0.045379,0.860061,1.227674,-0.080954,0.820314,1.226079,-0.095821,0.791384,1.210934,-0.059316,0.781250,1.221174,-0.080350,0.752406,1.211892,-0.102287,0.741790,1.201167,-0.047987,0.781446,1.198155,-0.069544,0.751643,1.184344,-0.091633,0.747118,1.171043,-0.038687,0.783031,1.179207,-0.059222,0.755880,1.163557,-0.078879,0.757915,1.151876,-0.032440,0.790995,1.159818,-0.051491,0.769307,1.144181,-0.070369,0.765718,1.132035,,,
83,2.767,-0.308241,0.964833,1.364745,-0.427241,0.970323,1.350800,-0.189241,0.959344,1.378689,-0.425245,0.526864,1.304184,-0.168378,0.629131,1.677615,-0.419521,0.138676,1.154049,-0.144443,0.213706,1.688248,-0.302843,1.081951,1.364785,-0.309834,1.296064,1.373296,-0.296385,1.537547,1.393396,-0.290708,1.635409,1.427925,-0.333622,1.486889,1.397982,-0.264270,1.484252,1.383315,-0.466427,1.434627,1.442288,-0.131052,1.423653,1.356840,-0.545973,1.166984,1.522469,-0.089492,1.152311,1.259729,-0.432062,0.994184,1.715134,-0.045095,0.874671,1.229647,-0.442648,0.048379,1.307011,-0.116265,0.162084,1.857445,,,,,,,,,,-0.408831,0.995406,1.724214,-0.368006,0.964417,1.739080,-0.346920,0.937094,1.748877,-0.375933,0.937085,1.768531,-0.355141,0.906686,1.770588,-0.339977,0.886058,1.763286,-0.396880,0.922771,1.764710,-0.378862,0.888090,1.760670,-0.366900,0.866955,1.750909,-0.414558,0.911898,1.760555,-0.399223,0.878102,1.755412,-0.389712,0.860946,1.743482,-0.432074,0.904109,1.750024,-0.418043,0.875135,1.743574,-0.408098,0.858784,1.731316,-0.057330,0.860336,1.246031,-0.094345,0.822009,1.243047,-0.111488,0.795265,1.226367,-0.074560,0.783096,1.232438,-0.097590,0.756357,1.221705,-0.120741,0.747930,1.211606,-0.064959,0.785428,1.208759,-0.088625,0.758008,1.193539,-0.111785,0.755665,1.181561,-0.057030,0.788765,1.189420,-0.079814,0.764203,1.172645,-0.100191,0.768156,1.162841,-0.051945,0.798574,1.170544,-0.072976,0.779261,1.154342,-0.092847,0.777484,1.143444,,,
84,2.800,-0.306813,0.960265,1.423354,-0.425567,0.967989,1.408412,-0.188058,0.952540,1.438296,-0.426917,0.529532,1.327257,-0.176947,0.602835,1.714729,-0.420533,0.150776,1.154727,-0.144751,0.198507,1.808251,-0.299472,1.077257,1.425496,-0.307775,1.291288,1.434835,-0.290686,1.532382,1.456756,-0.283990,1.629933,1.491977,-0.328417,1.482150,1.461948,-0.259554,1.478791,1.445263,-0.459837,1.430773,1.511147,-0.127799,1.417843,1.412918,-0.544943,1.170541,1.608233,-0.095019,1.150620,1.302008,-0.404176,1.017735,1.800041,-0.055910,0.873853,1.259217,-0.442988,0.057484,1.305982,-0.117916,0.183183,1.984691,,,,,,,,,,-0.380673,1.020935,1.807851,-0.338519,0.993714,1.826019,-0.315758,0.969364,1.839291,-0.344639,0.971544,1.859906,-0.322925,0.942536,1.866808,-0.307348,0.921299,1.862917,-0.365319,0.956368,1.859366,-0.346465,0.921937,1.861048,-0.334195,0.899659,1.854866,-0.382837,0.944593,1.857794,-0.366760,0.910754,1.858269,-0.357153,0.891940,1.849279,-0.400507,0.934794,1.849420,-0.385818,0.905485,1.847629,-0.375775,0.887479,1.838069,-0.067387,0.858388,1.275116,-0.105651,0.821369,1.271452,-0.124821,0.796619,1.253920,-0.087833,0.783119,1.256033,-0.112649,0.758342,1.244596,-0.136783,0.751745,1.235487,-0.079854,0.787354,1.232019,-0.105374,0.762069,1.216113,-0.129368,0.761448,1.205662,-0.073207,0.792237,1.212526,-0.097969,0.769987,1.195332,-0.118843,0.775399,1.187462,-0.069169,0.803589,1.194272,-0.091941,0.786341,1.178092,-0.112600,0.786004,1.168612,,,
85,2.833,-0.306471,0.950939,1.484738,-0.425083,0.959768,1.469281,-0.187859,0.942111,1.500195,-0.423853,0.531757,1.344230,-0.175047,0.562422,1.733657,-0.421815,0.158400,1.160208,-0.148794,0.179637,1.895058,-0.298334,1.067819,1.489059,-0.304880,1.281829,1.500112,-0.286230,1.522682,1.523371,-0.279047,1.620107,1.558844,-0.324121,1.472601,1.528842,-0.255558,1.469019,1.511011,-0.454361,1.421204,1.581068,-0.124816,1.408511,1.474055,-0.543724,1.168414,1.692876,-0.098682,1.144555,1.353937,-0.383944,1.029992,1.880665,-0.063021,0.869071,1.301046,-0.443207,0.061949,1.309625,-0.128440,0.180964,2.073020,,,,,,,,,,-0.360601,1.035393,1.887708,-0.317247,1.013185,1.909508,-0.292701,0.992843,1.925965,-0.322331,0.996233,1.946440,-0.299204,0.970081,1.958349,-0.282457,0.949385,1.958266,-0.342306,0.980250,1.948396,-0.321901,0.947504,1.955817,-0.308565,0.925107,1.953453,-0.359277,0.967608,1.948785,-0.341712,0.935086,1.954914,-0.331214,0.915485,1.949195,-0.376495,0.955863,1.942151,-0.360584,0.927292,1.945068,-0.349763,0.908413,1.938512,-0.073840,0.852448,1.316220,-0.112842,0.816311,1.311652,-0.133441,0.793319,1.293365,-0.096535,0.779303,1.292088,-0.122510,0.756059,1.280022,-0.147260,0.750708,1.271792,-0.089843,0.785465,1.268098,-0.116573,0.761909,1.251539,-0.141106,0.762459,1.242418,-0.084217,0.791905,1.248736,-0.110314,0.771537,1.231187,-0.131500,0.777872,1.225024,-0.081023,0.804715,1.231297,-0.105054,0.789206,1.215178,-0.126254,0.789999,1.207011,,,
86,2.867,-0.303034,0.936684,1.543341,-0.421720,0.944850,1.528093,-0.184348,0.928519,1.558589,-0.416030,0.528669,1.368112,-0.174684,0.550094,1.794245,-0.422162,0.168291,1.159897,-0.153220,0.162909,1.945542,-0.295572,1.053601,1.547868,-0.300202,1.267595,1.560151,-0.280618,1.508240,1.584754,-0.272813,1.605624,1.620206,-0.318611,1.458238,1.590245,-0.250219,1.454564,1.571786,-0.448652,1.407585,1.643679,-0.120330,1.394032,1.531974,-0.540684,1.159977,1.764551,-0.098302,1.131624,1.407712,-0.373559,1.027110,1.949945,-0.064412,0.857444,1.347405,-0.442653,0.062016,1.302627,-0.133141,0.150888,2.123133,,,,,,,,,,-0.350406,1.034193,1.956059,-0.305890,1.016191,1.979345,-0.280688,0.998313,1.997578,-0.309836,1.002875,2.017873,-0.285608,0.978534,2.031331,-0.268215,0.958415,2.032556,-0.329066,0.986334,2.021729,-0.307187,0.955229,2.031605,-0.292980,0.933255,2.030969,-0.345457,0.973081,2.023645,-0.326398,0.942001,2.032277,-0.315165,0.922418,2.028101,-0.362209,0.959998,2.018488,-0.344910,0.932621,2.023894,-0.333280,0.913712,2.019030,-0.075009,0.839730,1.361460,-0.114677,0.804601,1.355109,-0.136217,0.783478,1.335687,-0.099544,0.769185,1.331980,-0.126208,0.747367,1.318804,-0.151266,0.743017,1.310923,-0.093503,0.777276,1.308393,-0.120930,0.755417,1.290688,-0.145701,0.756926,1.282354,-0.088379,0.785264,1.289474,-0.115240,0.766746,1.271050,-0.136511,0.773796,1.266071,-0.085531,0.799467,1.273086,-0.110203,0.785593,1.256454,-0.131616,0.787220,1.248996,,,
87,2.900,-0.298421,0.923625,1.602714,-0.417378,0.928750,1.588279,-0.179463,0.918500,1.617148,-0.406349,0.519248,1.412158,-0.175044,0.556563,1.877561,-0.419546,0.178334,1.173690,-0.157153,0.155283,1.986730,-0.293654,1.040747,1.605021,-0.296635,1.254818,1.616438,-0.275600,1.495378,1.640676,-0.266460,1.592869,1.675510,-0.313847,1.445595,1.646394,-0.245559,1.441519,1.627635,-0.444393,1.396515,1.700062,-0.116634,1.379400,1.587140,-0.539746,1.149505,1.819576,-0.095070,1.115511,1.465973,-0.378295,1.013870,2.007968,-0.061376,0.841407,1.405213,-0.441305,0.055371,1.302114,-0.133222,0.113094,2.159165,,,,,,,,,,-0.355262,1.021175,2.014273,-0.311032,1.003850,2.038597,-0.287097,0.985486,2.058014,-0.315505,0.991342,2.077337,-0.291617,0.966512,2.090508,-0.274562,0.946094,2.091511,-0.334729,0.974809,2.081259,-0.312956,0.943656,2.091217,-0.298815,0.921638,2.090639,-0.351099,0.961535,2.083214,-0.332058,0.930500,2.092051,-0.320796,0.910910,2.087993,-0.367723,0.948277,2.078088,-0.350188,0.921162,2.084027,-0.338313,0.902311,2.079545,-0.072332,0.823124,1.418225,-0.112573,0.789099,1.409803,-0.134557,0.769362,1.389442,-0.097959,0.754770,1.384779,-0.124887,0.734182,1.370234,-0.149955,0.730677,1.361971,-0.091685,0.764056,1.361700,-0.119249,0.743558,1.342630,-0.143935,0.745805,1.334214,-0.086349,0.772996,1.343271,-0.113314,0.755883,1.323679,-0.134461,0.763452,1.318937,-0.083191,0.788038,1.327710,-0.107987,0.775412,1.310287,-0.129343,0.777657,1.302825,,,
88,2.933,-0.294201,0.914723,1.665587,-0.413336,0.917997,1.652109,-0.175066,0.911450,1.679065,-0.409012,0.506946,1.479336,-0.166309,0.558533,1.951472,-0.415471,0.197039,1.201524,-0.158484,0.146292,2.008569,-0.291160,1.031915,1.667169,-0.291861,1.246071,1.677298,-0.271278,1.486963,1.698413,-0.259678,1.584633,1.731992,-0.309346,1.437157,1.705043,-0.241197,1.433025,1.685799,-0.439888,1.388720,1.759302,-0.112984,1.369336,1.645482,-0.535499,1.136485,1.867128,-0.085142,1.101256,1.535292,-0.387880,0.991031,2.059499,-0.046684,0.825835,1.484060,-0.442896,0.048581,1.297930,-0.138894,0.078016,2.173010,,,,,,,,,,-0.365370,0.998100,2.067685,-0.323061,0.979996,2.094707,-0.301955,0.959920,2.115651,-0.330382,0.966425,2.132648,-0.307615,0.941065,2.146759,-0.290760,0.920520,2.148374,-0.349850,0.949838,2.134680,-0.328961,0.918187,2.144959,-0.314921,0.896101,2.144547,-0.366325,0.936555,2.135052,-0.348147,0.905168,2.144444,-0.336701,0.885619,2.140711,-0.382531,0.923487,2.128348,-0.365435,0.896156,2.134569,-0.353259,0.877442,2.130323,-0.058218,0.807382,1.496310,-0.098202,0.773667,1.485700,-0.119681,0.754191,1.464564,-0.082706,0.739702,1.460709,-0.109545,0.720029,1.444796,-0.134368,0.717210,1.435587,-0.075474,0.749349,1.438061,-0.102471,0.729519,1.417530,-0.126787,0.732159,1.408196,-0.069368,0.758574,1.420016,-0.095880,0.742179,1.399227,-0.116777,0.750062,1.393921,-0.065534,0.773861,1.404851,-0.090085,0.761708,1.386757,-0.111256,0.764212,1.378864,,,
89,2.967,-0.286825,0.910987,1.727260,-0.406156,0.913231,1.715405,-0.167493,0.908742,1.739115,-0.428793,0.488096,1.582813,-0.152248,0.556219,2.011745,-0.416885,0.219475,1.265064,-0.156021,0.140109,2.021825,-0.284752,1.028203,1.728589,-0.285549,1.242415,1.737420,-0.263622,1.483408,1.755870,-0.249863,1.581169,1.788350,-0.301845,1.433851,1.763420,-0.233931,1.429204,1.743474,-0.432697,1.386989,1.818312,-0.107094,1.362797,1.703192,-0.528095,1.126983,1.905980,-0.073108,1.089750,1.607934,-0.403378,0.959888,2.096978,-0.031554,0.812084,1.574234,-0.441317,0.044504,1.294636,-0.136244,0.058087,2.179836,,,,,,,,,,-0.381814,0.965825,2.108085,-0.343172,0.944914,2.138375,-0.325886,0.922271,2.160184,-0.354985,0.929096,2.174257,-0.334634,0.902177,2.189149,-0.318580,0.881046,2.191295,-0.374858,0.912920,2.172978,-0.355975,0.880068,2.183366,-0.342464,0.857653,2.183035,-0.391510,0.900071,2.170609,-0.375181,0.867659,2.179915,-0.363787,0.848065,2.176257,-0.407092,0.887890,2.161270,-0.391248,0.859752,2.167205,-0.379008,0.841085,2.162937,-0.044051,0.794018,1.586109,-0.083614,0.760435,1.573663,-0.103696,0.740782,1.551350,-0.066889,0.725776,1.550484,-0.093947,0.707376,1.533459,-0.118411,0.705740,1.523075,-0.058104,0.734843,1.528149,-0.084638,0.715731,1.506371,-0.108298,0.719162,1.495706,-0.050745,0.743603,1.510341,-0.076924,0.727860,1.488645,-0.097287,0.736373,1.482335,-0.045775,0.758508,1.495125,-0.069964,0.746460,1.476482,-0.090798,0.749411,1.467878,,,
90,3.000,-0.279976,0.910818,1.786160,-0.399513,0.912773,1.776538,-0.160438,0.908863,1.795782,-0.450618,0.474659,1.711142,-0.139327,0.548410,2.057431,-0.429245,0.256533,1.357266,-0.154232,0.133583,2.026450,-0.278175,1.028037,1.787602,-0.280121,1.242248,1.796306,-0.259695,1.483427,1.814037,-0.245270,1.581240,1.846067,-0.297632,1.433663,1.821665,-0.229650,1.429365,1.801874,-0.428662,1.386657,1.876006,-0.103116,1.361950,1.762319,-0.518925,1.119114,1.944294,-0.060775,1.084914,1.683312,-0.421039,0.923929,2.123950,-0.015082,0.806059,1.672709,-0.444580,0.080545,1.327618,-0.131908,0.048638,2.182567,,,,,,,,,,-0.400813,0.927767,2.138085,-0.366623,0.902170,2.170082,-0.352712,0.876578,2.191027,-0.383046,0.882982,2.202321,-0.365536,0.853753,2.216451,-0.350530,0.831825,2.218126,-0.403032,0.867829,2.196916,-0.386625,0.833273,2.205883,-0.373882,0.810438,2.204755,-0.419605,0.855976,2.191187,-0.405369,0.822129,2.198638,-0.394139,0.802604,2.194196,-0.434265,0.845509,2.178781,-0.420138,0.816184,2.183075,-0.408081,0.797582,2.178065,-0.027627,0.788571,1.685374,-0.065552,0.752862,1.673778,-0.083564,0.731069,1.651686,-0.046721,0.717072,1.654214,-0.073436,0.697765,1.637658,-0.097598,0.695641,1.626673,-0.037110,0.724662,1.631669,-0.062928,0.704149,1.610308,-0.086213,0.706942,1.598677,-0.029138,0.732250,1.613590,-0.054701,0.714937,1.592361,-0.074917,0.722915,1.584970,-0.023854,0.746086,1.597495,-0.047454,0.732292,1.579313,-0.068133,0.734387,1.570106,,,
91,3.033,-0.274763,0.914431,1.841195,-0.394504,0.916114,1.834499,-0.155022,0.912749,1.847892,-0.456856,0.474728,1.845597,-0.130140,0.539780,2.091013,-0.436680,0.286802,1.474733,-0.151413,0.128407,2.031155,-0.273204,1.031652,1.842773,-0.276433,1.245760,1.853402,-0.258821,1.486909,1.874285,-0.245014,1.584515,1.907207,-0.296443,1.436702,1.880425,-0.227956,1.433277,1.862273,-0.428263,1.387793,1.931050,-0.100636,1.366106,1.824884,-0.510378,1.114176,1.983784,-0.051651,1.086311,1.760858,-0.445526,0.887851,2.140393,-0.003828,0.807942,1.774431,-0.454546,0.114347,1.429719,-0.126602,0.043841,2.187101,,,,,,,,,,-0.426334,0.887851,2.156372,-0.395874,0.854869,2.185221,-0.384281,0.825351,2.201999,-0.415575,0.830959,2.212006,-0.400373,0.798641,2.221226,-0.386439,0.776019,2.219523,-0.435690,0.818222,2.202445,-0.421630,0.781664,2.205544,-0.409902,0.758747,2.200814,-0.452241,0.808589,2.193430,-0.439996,0.773211,2.194930,-0.429273,0.754333,2.187464,-0.466302,0.801454,2.178272,-0.454243,0.770925,2.177548,-0.442910,0.752845,2.169727,-0.015144,0.791281,1.789195,-0.050596,0.751999,1.782266,-0.067084,0.726606,1.763012,-0.029428,0.715479,1.766889,-0.055470,0.693204,1.753242,-0.079684,0.688783,1.743088,-0.020388,0.720966,1.743513,-0.045618,0.697158,1.725069,-0.069184,0.697735,1.713683,-0.012975,0.726872,1.724588,-0.037971,0.706065,1.705984,-0.058667,0.712222,1.698192,-0.008662,0.739024,1.706921,-0.031725,0.722014,1.690901,-0.052615,0.721960,1.681935,,,
92,3.067,-0.271981,0.922582,1.894983,-0.391819,0.923876,1.890222,-0.152143,0.921289,1.899744,-0.456852,0.489825,1.968982,-0.129849,0.531641,2.115405,-0.433281,0.296599,1.601053,-0.149906,0.123208,2.037659,-0.270786,1.039805,1.896747,-0.274474,1.253788,1.909533,-0.259330,1.494639,1.935228,-0.247430,1.591840,1.970039,-0.296898,1.444140,1.938735,-0.227605,1.441379,1.923813,-0.430347,1.392865,1.982250,-0.098300,1.375265,1.891730,-0.504333,1.114334,2.018807,-0.043568,1.093366,1.843551,-0.474422,0.862941,2.144752,0.003000,0.817307,1.883340,-0.456578,0.120848,1.575466,-0.124073,0.038829,2.193541,,,,,,,,,,-0.455649,0.857848,2.160412,-0.427417,0.817046,2.180064,-0.417160,0.783832,2.188937,-0.448825,0.788025,2.199473,-0.434989,0.753832,2.199643,-0.421880,0.731985,2.191921,-0.469249,0.779215,2.186687,-0.456865,0.742596,2.179656,-0.446074,0.721343,2.168842,-0.485990,0.773081,2.175279,-0.475255,0.738119,2.167144,-0.465180,0.721525,2.154887,-0.499979,0.770824,2.158618,-0.489698,0.740947,2.149697,-0.479263,0.725019,2.137291,-0.006839,0.802391,1.900785,-0.039767,0.760395,1.900957,-0.055358,0.731335,1.886821,-0.016598,0.723357,1.890489,-0.041067,0.697351,1.881242,-0.065063,0.689627,1.872668,-0.008493,0.725811,1.866270,-0.032452,0.697881,1.852504,-0.056264,0.695163,1.841973,-0.001934,0.729248,1.846441,-0.025618,0.704145,1.831853,-0.046839,0.707595,1.823808,0.001148,0.738844,1.827029,-0.020736,0.718066,1.814100,-0.041650,0.715227,1.805655,,,
93,3.100,-0.273312,0.935629,1.948576,-0.393176,0.936693,1.944443,-0.153448,0.934566,1.952709,-0.460378,0.516346,2.077203,-0.139195,0.526137,2.131079,-0.427664,0.284521,1.733037,-0.151175,0.119356,2.043619,-0.272339,1.052850,1.950541,-0.275473,1.266767,1.964528,-0.262659,1.507355,1.993715,-0.253586,1.604211,2.030295,-0.300187,1.456711,1.994529,-0.230152,1.454321,1.983522,-0.435427,1.403736,2.029672,-0.098610,1.389412,1.958947,-0.503125,1.121690,2.045695,-0.039366,1.105862,1.929397,-0.501217,0.854621,2.138571,-0.000072,0.834203,1.997353,-0.448196,0.106605,1.736260,-0.125917,0.035092,2.199657,,,,,,,,,,-0.483004,0.844972,2.152671,-0.456468,0.799507,2.161436,-0.446838,0.764949,2.161819,-0.479190,0.767179,2.172198,-0.466149,0.733771,2.163570,-0.453354,0.714375,2.150574,-0.499526,0.762722,2.157202,-0.487997,0.728903,2.140860,-0.477543,0.710950,2.124938,-0.516138,0.760361,2.144301,-0.506109,0.728500,2.127327,-0.496164,0.715457,2.111262,-0.529756,0.763016,2.127393,-0.520326,0.736218,2.110933,-0.510166,0.723816,2.094826,-0.009951,0.822070,2.016816,-0.041698,0.779658,2.023246,-0.056277,0.748186,2.014062,-0.017245,0.742152,2.019566,-0.039777,0.713374,2.014590,-0.062988,0.702710,2.007076,-0.008575,0.740827,1.995454,-0.030901,0.709821,1.986301,-0.054270,0.704140,1.975959,-0.001594,0.741147,1.975475,-0.023444,0.712641,1.964808,-0.044512,0.713484,1.955731,0.001732,0.747498,1.954812,-0.018717,0.723903,1.944668,-0.039111,0.718690,1.936084,,,
94,3.133,-0.278376,0.951569,2.000437,-0.398235,0.952441,1.996126,-0.158516,0.950697,2.004748,-0.464788,0.546585,2.168417,-0.152897,0.525033,2.137456,-0.425175,0.258570,1.870520,-0.155144,0.118514,2.048009,-0.277592,1.068793,2.002350,-0.279812,1.282624,2.017743,-0.269242,1.523061,2.048998,-0.263168,1.619748,2.086633,-0.306604,1.472308,2.047602,-0.236094,1.470182,2.040144,-0.443294,1.418462,2.074954,-0.102770,1.406474,2.023228,-0.507110,1.135173,2.066925,-0.040107,1.122313,2.012764,-0.525715,0.859311,2.126163,-0.013080,0.857329,2.107704,-0.444976,0.085650,1.912859,-0.131851,0.034156,2.204302,,,,,,,,,,-0.508268,0.846291,2.138400,-0.482639,0.799491,2.137507,-0.472691,0.765680,2.130795,-0.506166,0.766030,2.139524,-0.493113,0.734613,2.125269,-0.479817,0.717799,2.109479,-0.525840,0.765579,2.123061,-0.514138,0.735592,2.100532,-0.503224,0.721057,2.081698,-0.541868,0.766605,2.109276,-0.531786,0.738626,2.086489,-0.521388,0.728871,2.068494,-0.554670,0.773375,2.092885,-0.545267,0.750762,2.071016,-0.534785,0.742094,2.052810,-0.025112,0.848273,2.127625,-0.057492,0.806932,2.137132,-0.071033,0.774187,2.131495,-0.032880,0.769691,2.142190,-0.053931,0.739484,2.139959,-0.075881,0.726648,2.132060,-0.021564,0.764707,2.119709,-0.042438,0.732002,2.113520,-0.064462,0.724019,2.101836,-0.012385,0.761974,2.100834,-0.032327,0.731316,2.092691,-0.052204,0.729889,2.081297,-0.006745,0.765031,2.079924,-0.025563,0.739577,2.071218,-0.044697,0.732505,2.061185,,,
95,3.167,-0.285049,0.966644,2.055913,-0.404884,0.967207,2.050946,-0.165213,0.966081,2.060880,-0.467549,0.572071,2.247855,-0.164825,0.527498,2.141365,-0.429602,0.224153,2.022519,-0.160323,0.119968,2.056731,-0.284558,1.083875,2.057381,-0.286084,1.297546,2.074936,-0.277971,1.537857,2.107856,-0.274555,1.634520,2.145882,-0.314984,1.486920,2.104796,-0.244235,1.485199,2.099961,-0.452276,1.431711,2.125630,-0.109569,1.423059,2.088822,-0.513283,1.150038,2.089181,-0.042946,1.139662,2.094437,-0.543455,0.870073,2.114958,-0.030249,0.883193,2.212856,-0.454381,0.068992,2.108526,-0.139396,0.035218,2.213147,,,,,,,,,,-0.526694,0.854970,2.125662,-0.500558,0.809124,2.117726,-0.489426,0.777156,2.105838,-0.523804,0.775910,2.111923,-0.509894,0.746281,2.094915,-0.495439,0.731328,2.078295,-0.542370,0.778574,2.094417,-0.529411,0.751968,2.068572,-0.517336,0.740120,2.048599,-0.557488,0.782182,2.080049,-0.546539,0.757525,2.054050,-0.535240,0.750206,2.035452,-0.569279,0.791914,2.064408,-0.558910,0.773404,2.039352,-0.547543,0.767979,2.020435,-0.045052,0.876991,2.231987,-0.078692,0.837006,2.242828,-0.091526,0.803596,2.240290,-0.055266,0.801309,2.256798,-0.075457,0.770441,2.256637,-0.095965,0.755794,2.248041,-0.040885,0.793237,2.237143,-0.060677,0.759524,2.233228,-0.080840,0.749369,2.219976,-0.029121,0.787891,2.220379,-0.047509,0.755801,2.214382,-0.065543,0.752095,2.200670,-0.020537,0.787916,2.200262,-0.037823,0.761022,2.192796,-0.055265,0.752110,2.181257,,,
96,3.200,-0.290651,0.977582,2.098957,-0.410536,0.978518,2.095456,-0.170766,0.976647,2.102458,-0.464470,0.586577,2.301141,-0.172914,0.531750,2.132379,-0.431528,0.191596,2.173989,-0.166526,0.125500,2.041916,-0.289822,1.094784,2.101892,-0.290896,1.308357,2.120635,-0.286869,1.548867,2.152843,-0.285865,1.645671,2.190652,-0.323107,1.497432,2.148963,-0.252235,1.496637,2.146079,-0.460779,1.441257,2.163866,-0.116273,1.436676,2.139825,-0.518695,1.163353,2.102181,-0.040737,1.156319,2.161700,-0.551622,0.882529,2.105190,-0.036406,0.910183,2.300835,-0.459904,0.065215,2.297717,-0.145230,0.041594,2.198736,,,,,,,,,,-0.535198,0.867239,2.116148,-0.506003,0.823547,2.106837,-0.491826,0.793367,2.093595,-0.526768,0.790035,2.095748,-0.509798,0.762333,2.078278,-0.492992,0.749249,2.062304,-0.543661,0.793516,2.076754,-0.527040,0.769639,2.050346,-0.512540,0.759940,2.030832,-0.557481,0.797793,2.061304,-0.543120,0.775689,2.034679,-0.529828,0.770273,2.016759,-0.568199,0.808429,2.045480,-0.554715,0.792624,2.020056,-0.541413,0.789343,2.001925,-0.052726,0.904177,2.318758,-0.086860,0.864083,2.327435,-0.099315,0.830561,2.324517,-0.064430,0.828845,2.343970,-0.084461,0.797907,2.342503,-0.104112,0.783066,2.332377,-0.048380,0.820566,2.325746,-0.067739,0.786766,2.320608,-0.086684,0.776411,2.305804,-0.035201,0.815038,2.310132,-0.052922,0.782778,2.303125,-0.069725,0.778794,2.288001,-0.024948,0.814794,2.290814,-0.041480,0.787711,2.282384,-0.057879,0.778557,2.269575,,,
97,3.233,-0.294836,0.980170,2.151470,-0.414740,0.980313,2.148565,-0.174931,0.980028,2.154375,-0.456171,0.580971,2.342580,-0.174464,0.534170,2.147805,-0.433358,0.165348,2.342342,-0.170088,0.131116,2.043920,-0.294801,1.097333,2.155778,-0.294493,1.310820,2.175502,-0.294849,1.551446,2.207090,-0.296070,1.648413,2.244472,-0.330228,1.499507,2.202142,-0.259295,1.499679,2.201665,-0.467963,1.442140,2.210478,-0.121705,1.443205,2.201566,-0.518854,1.169317,2.124641,-0.034611,1.168150,2.240848,-0.551430,0.889142,2.104753,-0.043476,0.936720,2.403088,-0.466577,0.076535,2.494312,-0.147720,0.047560,2.200778,,,,,,,,,,-0.535584,0.873739,2.116385,-0.503850,0.831770,2.107467,-0.487142,0.803017,2.094004,-0.522016,0.798362,2.092264,-0.502353,0.772391,2.074960,-0.483553,0.760906,2.060009,-0.537039,0.802495,2.071880,-0.516878,0.780926,2.045957,-0.500094,0.772986,2.027508,-0.549397,0.807296,2.055381,-0.531563,0.787446,2.029080,-0.516335,0.783643,2.012325,-0.558892,0.818568,2.039220,-0.542241,0.804893,2.014446,-0.527029,0.803237,1.997644,-0.061569,0.930984,2.419317,-0.095798,0.890526,2.425601,-0.107802,0.856832,2.422775,-0.074756,0.856303,2.445708,-0.094455,0.825284,2.442483,-0.112757,0.810186,2.430399,-0.056667,0.847750,2.429648,-0.075128,0.813681,2.423160,-0.092205,0.802840,2.406542,-0.041764,0.841975,2.415772,-0.058522,0.809461,2.407657,-0.073539,0.805032,2.390870,-0.029445,0.841300,2.397712,-0.045051,0.813952,2.388419,-0.060037,0.804403,2.374240,,,
98,3.267,-0.298053,0.974082,2.201046,-0.417926,0.970683,2.198911,-0.178180,0.977482,2.203182,-0.450741,0.576440,2.404649,-0.168234,0.532268,2.180413,-0.445277,0.172013,2.502997,-0.167211,0.138514,2.045433,-0.301466,1.091158,2.206271,-0.298357,1.304617,2.226052,-0.303972,1.545287,2.256795,-0.306989,1.642409,2.293670,-0.338256,1.492741,2.250687,-0.267369,1.494118,2.252891,-0.475560,1.433800,2.252919,-0.128401,1.441586,2.259845,-0.515418,1.166537,2.146280,-0.029161,1.174486,2.319784,-0.544246,0.888344,2.104657,-0.047258,0.957248,2.499897,-0.481346,0.122664,2.671371,-0.144852,0.052356,2.200878,,,,,,,,,,-0.529433,0.872697,2.117283,-0.495954,0.831765,2.110092,-0.477101,0.803968,2.097481,-0.511560,0.798788,2.091484,-0.489616,0.773938,2.075311,-0.469073,0.763443,2.062020,-0.524330,0.803604,2.069758,-0.501000,0.783582,2.045293,-0.482133,0.776774,2.028476,-0.534896,0.808953,2.052216,-0.513837,0.790679,2.027189,-0.496779,0.787932,2.012069,-0.542804,0.820799,2.035617,-0.523179,0.808595,2.012296,-0.506152,0.807995,1.997255,-0.066980,0.952137,2.514338,-0.101031,0.911361,2.519420,-0.112956,0.877557,2.517854,-0.081848,0.879013,2.543994,-0.100910,0.847690,2.539989,-0.117561,0.831827,2.526570,-0.061914,0.869880,2.530672,-0.079128,0.835181,2.524095,-0.094036,0.823125,2.506271,-0.045438,0.863583,2.518971,-0.060996,0.830478,2.510857,-0.073976,0.824959,2.492746,-0.031138,0.862042,2.502493,-0.045701,0.834100,2.493274,-0.059091,0.823634,2.478176,,,
99,3.300,-0.300992,0.962296,2.256426,-0.420733,0.955422,2.255873,-0.181250,0.969171,2.256979,-0.448212,0.574969,2.486813,-0.161894,0.525736,2.214277,-0.466128,0.189551,2.643003,-0.164042,0.144022,2.048284,-0.307730,1.079203,2.262171,-0.303266,1.292742,2.280799,-0.313417,1.533452,2.310029,-0.317693,1.630712,2.346412,-0.346709,1.480362,2.303174,-0.275950,1.482824,2.307519,-0.483717,1.420763,2.300334,-0.136766,1.432288,2.321458,-0.512616,1.159079,2.177548,-0.028857,1.174785,2.404110,-0.537783,0.884286,2.115819,-0.054962,0.969859,2.597202,-0.504058,0.180939,2.817854,-0.141436,0.054475,2.201765,,,,,,,,,,-0.524104,0.868076,2.129001,-0.489488,0.827906,2.122999,-0.469086,0.801037,2.110794,-0.502655,0.795905,2.101094,-0.478475,0.772808,2.085522,-0.456418,0.763795,2.073644,-0.513225,0.801836,2.078480,-0.487067,0.783896,2.055293,-0.466445,0.778554,2.040084,-0.522035,0.808080,2.060276,-0.498009,0.792000,2.036444,-0.479415,0.790639,2.023046,-0.528388,0.820780,2.043641,-0.506276,0.810351,2.021726,-0.487818,0.810933,2.008481,-0.075846,0.965566,2.610204,-0.109406,0.924488,2.616063,-0.120927,0.890516,2.616803,-0.091973,0.895167,2.645296,-0.110106,0.863188,2.642269,-0.125140,0.845840,2.628780,-0.070699,0.885396,2.634797,-0.086530,0.849767,2.629946,-0.099437,0.835734,2.612007,-0.053076,0.878501,2.625316,-0.067289,0.844444,2.618837,-0.078412,0.837027,2.600176,-0.037266,0.875825,2.610440,-0.050602,0.846840,2.602705,-0.062447,0.834717,2.587556,,,
100,3.333,-0.304810,0.947116,2.315381,-0.424458,0.938912,2.316969,-0.185162,0.955322,2.313793,-0.448568,0.578814,2.578849,-0.160805,0.515311,2.245746,-0.478196,0.202996,2.755332,-0.164980,0.147630,2.050664,-0.312736,1.063920,2.321681,-0.309332,1.277575,2.339161,-0.321455,1.518356,2.367026,-0.326394,1.615772,2.402903,-0.354299,1.465030,2.359857,-0.283642,1.467949,2.365416,-0.491363,1.405903,2.352871,-0.145055,1.417644,2.384993,-0.512476,1.148194,2.220470,-0.032142,1.169405,2.487031,-0.536566,0.877706,2.141660,-0.062216,0.973131,2.688358,-0.515890,0.228293,2.928610,-0.141127,0.056299,2.202900,,,,,,,,,,-0.523630,0.860829,2.154755,-0.488430,0.821174,2.148721,-0.466968,0.795044,2.136730,-0.499975,0.790407,2.124280,-0.473638,0.770498,2.107830,-0.450522,0.764087,2.096282,-0.509145,0.797559,2.101411,-0.480784,0.782726,2.078622,-0.459029,0.779536,2.064421,-0.516837,0.804783,2.083063,-0.490385,0.791793,2.059926,-0.470815,0.792338,2.047934,-0.522221,0.818374,2.066794,-0.498358,0.809831,2.045924,-0.479015,0.811615,2.034129,-0.083677,0.969050,2.700458,-0.116023,0.927238,2.707776,-0.125914,0.892865,2.710601,-0.099335,0.901107,2.740286,-0.116102,0.868288,2.738745,-0.129647,0.849359,2.725816,-0.077128,0.891401,2.731864,-0.091251,0.854842,2.729105,-0.102493,0.838900,2.711647,-0.058729,0.884490,2.724009,-0.071282,0.849481,2.719467,-0.080968,0.840188,2.700845,-0.041965,0.881274,2.710332,-0.053831,0.851246,2.704389,-0.064349,0.837444,2.689703,,,
101,3.367,-0.309698,0.933265,2.376754,-0.429330,0.925312,2.379961,-0.190065,0.941218,2.373547,-0.453071,0.567992,2.645653,-0.165143,0.506572,2.277143,-0.476040,0.191888,2.822519,-0.167512,0.153325,2.056973,-0.317292,1.050084,2.383183,-0.315992,1.263767,2.400604,-0.329169,1.504474,2.428633,-0.335057,1.601918,2.464288,-0.361749,1.451100,2.420652,-0.291236,1.454138,2.427757,-0.498336,1.391533,2.409381,-0.153116,1.404601,2.452031,-0.513074,1.134594,2.274640,-0.038526,1.161994,2.565144,-0.536664,0.868105,2.183088,-0.066841,0.968987,2.769855,-0.508737,0.212830,2.997386,-0.143116,0.055903,2.205297,,,,,,,,,,-0.523869,0.850607,2.195487,-0.488325,0.811516,2.187968,-0.466531,0.786204,2.174873,-0.499236,0.782063,2.161687,-0.472147,0.764265,2.144079,-0.448751,0.759458,2.132318,-0.508029,0.790400,2.139072,-0.478881,0.777720,2.115978,-0.456782,0.775949,2.102064,-0.515428,0.798571,2.121003,-0.488127,0.787647,2.097784,-0.468284,0.789359,2.086364,-0.520595,0.812997,2.105397,-0.496113,0.805818,2.084731,-0.476491,0.808398,2.073561,-0.088555,0.965117,2.781567,-0.119923,0.922959,2.790884,-0.128622,0.888503,2.795830,-0.103554,0.899712,2.825667,-0.119350,0.866380,2.825919,-0.131937,0.846210,2.813931,-0.080823,0.890117,2.818632,-0.093749,0.853019,2.818124,-0.103946,0.835525,2.801531,-0.061992,0.883233,2.811846,-0.073420,0.847636,2.809376,-0.082232,0.836807,2.791155,-0.044714,0.879572,2.798945,-0.055554,0.848856,2.794844,-0.065218,0.833737,2.780886,,,
102,3.400,-0.315594,0.921017,2.440856,-0.435344,0.915061,2.444015,-0.195844,0.926973,2.437697,-0.456668,0.549279,2.698144,-0.174717,0.500090,2.310586,-0.469581,0.166020,2.860036,-0.170330,0.161321,2.068760,-0.321299,1.038039,2.445207,-0.322482,1.251894,2.460375,-0.337688,1.492702,2.486436,-0.345454,1.590377,2.521089,-0.369749,1.439112,2.477837,-0.299495,1.442559,2.487015,-0.505211,1.377598,2.463780,-0.161560,1.394928,2.515744,-0.517103,1.117929,2.334085,-0.046448,1.153333,2.630482,-0.540839,0.852192,2.240408,-0.067097,0.957005,2.832941,-0.493139,0.149382,3.036825,-0.144969,0.051617,2.208073,,,,,,,,,,-0.527981,0.833944,2.251603,-0.493670,0.794423,2.241173,-0.473145,0.769278,2.225888,-0.506269,0.766277,2.214223,-0.480307,0.748733,2.194761,-0.457525,0.743983,2.181830,-0.515737,0.775692,2.192314,-0.487785,0.763228,2.167676,-0.466268,0.761475,2.152876,-0.523640,0.784730,2.174883,-0.497477,0.774148,2.150240,-0.478039,0.775875,2.138144,-0.529073,0.799871,2.160064,-0.505462,0.792860,2.138353,-0.486158,0.795358,2.126623,-0.088767,0.953240,2.844768,-0.119255,0.910916,2.856043,-0.126803,0.876457,2.862597,-0.102520,0.889748,2.891962,-0.117428,0.856099,2.894422,-0.129520,0.834884,2.883807,-0.079561,0.880317,2.885463,-0.091525,0.842932,2.887141,-0.101261,0.824234,2.871619,-0.060562,0.873522,2.879072,-0.070980,0.837533,2.878663,-0.079448,0.825432,2.861091,-0.043160,0.869612,2.866411,-0.052913,0.838358,2.863990,-0.061989,0.822189,2.850838,,,
103,3.433,-0.322652,0.911099,2.508119,-0.442499,0.906534,2.509346,-0.202805,0.915664,2.506892,-0.459162,0.531966,2.750704,-0.185394,0.500761,2.344457,-0.464945,0.139475,2.889199,-0.169621,0.175064,2.085736,-0.327084,1.028221,2.510999,-0.330792,1.242318,2.521714,-0.346910,1.483699,2.541054,-0.357237,1.581953,2.573319,-0.378677,1.429854,2.532967,-0.308708,1.433646,2.544003,-0.513354,1.366993,2.517416,-0.171127,1.387373,2.576414,-0.527336,1.102452,2.398200,-0.058520,1.142337,2.686236,-0.553315,0.833500,2.314863,-0.070089,0.937488,2.880821,-0.487346,0.081715,3.057270,-0.142985,0.043824,2.204702,,,,,,,,,,-0.540374,0.814735,2.325064,-0.508031,0.774300,2.312147,-0.489516,0.748852,2.294919,-0.523143,0.746872,2.285755,-0.498982,0.728860,2.264486,-0.477210,0.723624,2.250085,-0.533640,0.756829,2.264567,-0.507530,0.743807,2.238252,-0.486958,0.741574,2.222224,-0.542311,0.766309,2.247746,-0.517970,0.755254,2.221496,-0.499236,0.756543,2.208287,-0.548165,0.781783,2.233440,-0.525987,0.774169,2.210459,-0.507269,0.776108,2.197717,-0.091725,0.933853,2.892750,-0.122059,0.891629,2.904790,-0.128702,0.857085,2.911859,-0.105193,0.871119,2.941027,-0.119497,0.837422,2.945545,-0.131442,0.815488,2.936317,-0.082216,0.861653,2.934646,-0.093688,0.824233,2.938073,-0.103364,0.804750,2.923510,-0.063206,0.854811,2.928334,-0.072954,0.818650,2.929449,-0.081319,0.805697,2.912443,-0.045816,0.850744,2.915708,-0.054737,0.819184,2.914235,-0.063408,0.802447,2.901527,,,
104,3.467,-0.332326,0.904975,2.572386,-0.452213,0.901591,2.571332,-0.212438,0.908360,2.573440,-0.473007,0.531278,2.818857,-0.186974,0.492548,2.414428,-0.470429,0.125842,2.913084,-0.165810,0.193062,2.126116,-0.335647,1.022160,2.573913,-0.342472,1.236317,2.581399,-0.356352,1.478281,2.594033,-0.368740,1.577159,2.623548,-0.388572,1.424552,2.587040,-0.318696,1.427953,2.598766,-0.523454,1.362063,2.571763,-0.181794,1.380905,2.632894,-0.545915,1.092865,2.464909,-0.075090,1.127971,2.729963,-0.578630,0.819914,2.398710,-0.077696,0.910327,2.910475,-0.493712,0.038142,3.067526,-0.138553,0.033853,2.203548,,,,,,,,,,-0.565627,0.801431,2.409337,-0.534121,0.760084,2.397262,-0.516621,0.733829,2.380186,-0.550274,0.731768,2.372473,-0.526875,0.712878,2.351113,-0.505595,0.706992,2.336235,-0.561240,0.740961,2.351177,-0.535885,0.726662,2.324787,-0.515730,0.723604,2.308370,-0.570265,0.749837,2.334214,-0.546681,0.737450,2.307868,-0.528267,0.737985,2.294165,-0.576336,0.764771,2.319432,-0.554590,0.755674,2.296578,-0.536032,0.756651,2.283496,-0.099338,0.906980,2.922478,-0.130537,0.865249,2.934018,-0.138221,0.830825,2.940600,-0.113922,0.843778,2.969812,-0.128549,0.810322,2.975036,-0.140955,0.788425,2.966346,-0.091200,0.833909,2.963135,-0.103193,0.796686,2.966908,-0.113375,0.777224,2.952665,-0.072385,0.826750,2.956595,-0.082547,0.790709,2.957895,-0.091247,0.777806,2.941020,-0.055164,0.822505,2.943797,-0.064393,0.791043,2.942119,-0.073300,0.774430,2.929413,,,
105,3.500,-0.343493,0.902314,2.633545,-0.463368,0.899544,2.630745,-0.223617,0.905084,2.636344,-0.493416,0.542592,2.896291,-0.175684,0.475448,2.527037,-0.477679,0.127129,2.916461,-0.157381,0.218929,2.199735,-0.346205,1.019524,2.633729,-0.353677,1.233712,2.639515,-0.367602,1.475839,2.648415,-0.381290,1.575051,2.676184,-0.399820,1.422000,2.642320,-0.329922,1.425601,2.653857,-0.534497,1.358459,2.629825,-0.192962,1.378483,2.687649,-0.565941,1.084927,2.537191,-0.088165,1.117674,2.763679,-0.603261,0.808004,2.493872,-0.078052,0.884994,2.924047,-0.503573,0.039710,3.070648,-0.138924,0.040937,2.207751,,,,,,,,,,-0.590245,0.790619,2.506200,-0.559243,0.747943,2.498098,-0.542754,0.720075,2.482650,-0.575983,0.717332,2.476650,-0.553278,0.696119,2.456774,-0.532424,0.688492,2.442084,-0.587192,0.724340,2.454661,-0.562317,0.707144,2.429576,-0.542421,0.702212,2.413300,-0.596399,0.731470,2.436986,-0.573412,0.716037,2.411745,-0.555236,0.714859,2.397767,-0.602573,0.744826,2.420803,-0.580916,0.732905,2.399197,-0.562352,0.732109,2.386111,-0.099361,0.881018,2.936446,-0.130285,0.838734,2.946629,-0.138391,0.804149,2.951685,-0.112724,0.815415,2.980777,-0.127056,0.781689,2.984987,-0.139654,0.760125,2.975754,-0.090206,0.805913,2.972970,-0.101911,0.768502,2.975618,-0.112463,0.749518,2.961005,-0.071587,0.799111,2.965551,-0.081624,0.763012,2.965462,-0.090780,0.750855,2.948277,-0.054728,0.795546,2.952080,-0.063938,0.764175,2.949113,-0.073161,0.748145,2.935893,,,
